timestamp;total;ASH_COATED_OSMIUM;INTARIAN_PEPPER_ROOT
0;-58.5;0.0;-58.5
100;-101.0;0.0;-101.0
200;-211.0;0.0;-211.0
300;-31.0;0.0;-31.0
400;-465.0;0.0;-465.0
500;-438.0;0.0;-438.0
600;-369.0;0.0;-369.0
700;-432.0;57.0;-489.0
800;-503.0;66.0;-569.0
900;-482.0;7.0;-489.0
1000;-426.0;63.0;-489.0
1100;-205.0;84.0;-289.0
1200;-333.0;196.0;-529.0
1300;-304.0;105.0;-409.0
1400;-325.0;84.0;-409.0
1500;-311.0;98.0;-409.0
1600;-503.0;-14.0;-489.0
1700;-276.0;133.0;-409.0
1800;-311.0;98.0;-409.0
1900;-191.0;98.0;-289.0
2000;-372.0;77.0;-449.0
2100;-151.0;98.0;-249.0
2200;-351.0;98.0;-449.0
2300;-302.0;147.0;-449.0
2400;-238.0;91.0;-329.0
2500;-170.0;159.0;-329.0
2600;-241.0;168.0;-409.0
2700;-35.0;174.0;-209.0
2800;-161.0;168.0;-329.0
2900;-161.0;168.0;-329.0
3000;-127.0;162.0;-289.0
3100;5.0;174.0;-169.0
3200;-109.0;180.0;-289.0
3300;-75.0;174.0;-249.0
3400;-75.0;174.0;-249.0
3500;36.0;165.0;-129.0
3600;-75.0;174.0;-249.0
3700;-87.0;162.0;-249.0
3800;39.0;168.0;-129.0
3900;-81.0;168.0;-249.0
4000;314.5;174.0;140.5
4100;-382.0;171.0;-553.0
4200;-67.0;177.0;-244.0
4300;422.0;186.0;236.0
4400;-138.0;186.0;-324.0
4500;-24.0;180.0;-204.0
4600;-15.0;189.0;-204.0
4700;144.0;228.0;-84.0
4800;-48.0;156.0;-204.0
4900;-104.0;180.0;-284.0
5000;16.0;180.0;-164.0
5100;-104.0;180.0;-284.0
5200;-313.0;171.0;-484.0
5300;68.0;192.0;-124.0
5400;47.0;171.0;-124.0
5500;-70.0;174.0;-244.0
5600;2.0;126.0;-124.0
5700;50.0;174.0;-124.0
5800;-375.0;189.0;-564.0
5900;59.0;183.0;-124.0
6000;-8.0;156.0;-164.0
6100;192.0;236.0;-44.0
6200;192.0;236.0;-44.0
6300;194.0;238.0;-44.0
6400;194.0;238.0;-44.0
6500;216.0;260.0;-44.0
6600;114.0;238.0;-124.0
6700;634.0;238.0;396.0
6800;194.0;238.0;-44.0
6900;193.0;237.0;-44.0
7000;236.0;240.0;-4.0
7100;276.0;240.0;36.0
7200;277.0;241.0;36.0
7300;274.0;238.0;36.0
7400;354.0;238.0;116.0
7500;712.0;236.0;476.0
7600;270.0;234.0;36.0
7700;275.0;239.0;36.0
7800;265.0;229.0;36.0
7900;274.0;238.0;36.0
8000;762.0;206.0;556.0
8100;238.0;242.0;-4.0
8200;362.0;246.0;116.0
8300;350.0;234.0;116.0
8400;358.0;242.0;116.0
8500;358.0;242.0;116.0
8600;486.0;250.0;236.0
8700;358.0;242.0;116.0
8800;358.0;242.0;116.0
8900;334.0;218.0;116.0
9000;-90.0;234.0;-324.0
9100;426.0;230.0;196.0
9200;510.0;234.0;276.0
9300;430.0;234.0;196.0
9400;-6.0;238.0;-244.0
9500;302.0;226.0;76.0
9600;342.0;226.0;116.0
9700;414.0;218.0;196.0
9800;414.0;218.0;196.0
9900;854.0;218.0;636.0
10000;466.0;230.0;236.0
10100;494.0;218.0;276.0
10200;494.0;218.0;276.0
10300;566.0;210.0;356.0
10400;582.0;186.0;396.0
10500;790.5;202.0;588.5
10600;459.0;198.0;261.0
10700;487.0;226.0;261.0
10800;599.0;218.0;381.0
10900;583.0;202.0;381.0
11000;511.0;210.0;301.0
11100;551.0;210.0;341.0
11200;551.0;210.0;341.0
11300;199.0;218.0;-19.0
11400;639.0;218.0;421.0
11500;543.0;202.0;341.0
11600;531.0;190.0;341.0
11700;495.0;154.0;341.0
11800;559.0;218.0;341.0
11900;679.0;218.0;461.0
12000;611.0;230.0;381.0
12100;635.0;214.0;421.0
12200;639.0;218.0;421.0
12300;639.0;218.0;421.0
12400;495.0;194.0;301.0
12500;1067.0;206.0;861.0
12600;627.0;206.0;421.0
12700;1079.0;218.0;861.0
12800;631.0;210.0;421.0
12900;615.0;274.0;341.0
13000;671.0;210.0;461.0
13100;691.0;190.0;501.0
13200;799.0;218.0;581.0
13300;711.0;210.0;501.0
13400;599.0;218.0;381.0
13500;711.0;210.0;501.0
13600;711.0;210.0;501.0
13700;711.0;210.0;501.0
13800;748.5;247.5;501.0
13900;652.0;231.0;421.0
14000;852.0;231.0;621.0
14100;790.0;209.0;581.0
14200;812.0;231.0;581.0
14300;812.0;231.0;581.0
14400;772.0;231.0;541.0
14500;844.0;143.0;701.0
14600;801.0;220.0;581.0
14700;471.0;330.0;141.0
14800;823.0;242.0;581.0
14900;959.5;258.5;701.0
15000;884.0;263.0;621.0
15100;959.0;298.0;661.0
15200;978.0;317.0;661.0
15300;566.5;345.5;221.0
15400;978.0;317.0;661.0
15500;978.0;317.0;661.0
15600;997.0;336.0;661.0
15700;997.0;336.0;661.0
15800;997.0;336.0;661.0
15900;1102.0;441.0;661.0
16000;1027.0;406.0;621.0
16100;1167.0;426.0;741.0
16200;1047.0;426.0;621.0
16300;1167.0;426.0;741.0
16400;1057.0;436.0;621.0
16500;1167.0;426.0;741.0
16600;1162.0;421.0;741.0
16700;1597.0;416.0;1181.0
16800;1157.0;416.0;741.0
16900;1172.0;431.0;741.0
17000;1217.0;436.0;781.0
17100;1247.0;426.0;821.0
17200;1232.0;411.0;821.0
17300;1232.0;411.0;821.0
17400;1275.0;454.0;821.0
17500;1395.0;454.0;941.0
17600;1163.0;342.0;821.0
17700;1694.0;433.0;1261.0
17800;1275.0;454.0;821.0
17900;1163.0;342.0;821.0
18000;1395.0;454.0;941.0
18100;1467.0;566.0;901.0
18200;1221.0;440.0;781.0
18300;1320.0;419.0;901.0
18400;1354.0;453.0;901.0
18500;1381.0;480.0;901.0
18600;1381.0;480.0;901.0
18700;1381.0;480.0;901.0
18800;1363.0;462.0;901.0
18900;1301.0;480.0;821.0
19000;1421.0;480.0;941.0
19100;1397.0;336.0;1061.0
19200;1461.0;480.0;981.0
19300;1461.0;480.0;981.0
19400;1523.0;462.0;1061.0
19500;1299.0;318.0;981.0
19600;1470.0;489.0;981.0
19700;1461.0;480.0;981.0
19800;1599.0;498.0;1101.0
19900;1470.0;489.0;981.0
20000;1555.0;534.0;1021.0
20100;1559.0;498.0;1061.0
20200;1559.0;498.0;1061.0
20300;1999.0;498.0;1501.0
20400;1101.0;480.0;621.0
20500;1559.0;498.0;1061.0
20600;1559.0;498.0;1061.0
20700;1679.0;498.0;1181.0
20800;1479.0;498.0;981.0
20900;1559.0;498.0;1061.0
21000;1679.0;498.0;1181.0
21100;1621.0;480.0;1141.0
21200;1639.0;498.0;1141.0
21300;2043.0;462.0;1581.0
21400;1711.0;570.0;1141.0
21500;1621.0;480.0;1141.0
21600;1648.0;507.0;1141.0
21700;1885.0;624.0;1261.0
21800;1560.0;579.0;981.0
21900;1741.0;480.0;1261.0
22000;1679.0;498.0;1181.0
22100;1719.0;498.0;1221.0
22200;1719.0;498.0;1221.0
22300;1746.0;525.0;1221.0
22400;1817.0;516.0;1301.0
22500;1701.0;480.0;1221.0
22600;1341.0;480.0;861.0
22700;1741.0;480.0;1261.0
22800;2303.0;642.0;1661.0
22900;1639.0;498.0;1141.0
23000;1785.0;444.0;1341.0
23100;1877.0;696.0;1181.0
23200;1799.0;498.0;1301.0
23300;1943.0;642.0;1301.0
23400;1879.0;498.0;1381.0
23500;1799.0;498.0;1301.0
23600;1826.0;525.0;1301.0
23700;1937.0;516.0;1421.0
23800;1907.0;606.0;1301.0
23900;1377.0;516.0;861.0
24000;1259.0;558.0;701.0
24100;2019.0;558.0;1461.0
24200;1975.0;594.0;1381.0
24300;1939.0;558.0;1381.0
24400;1963.0;582.0;1381.0
24500;1963.0;582.0;1381.0
24600;1963.0;582.0;1381.0
24700;1499.0;558.0;941.0
24800;1939.0;558.0;1381.0
24900;1737.0;436.0;1301.0
25000;2143.0;562.0;1581.0
25100;1995.0;534.0;1461.0
25200;2023.0;562.0;1461.0
25300;2009.0;548.0;1461.0
25400;2491.0;590.0;1901.0
25500;2051.0;590.0;1461.0
25600;2023.0;562.0;1461.0
25700;2023.0;562.0;1461.0
25800;1943.0;562.0;1381.0
25900;2023.0;562.0;1461.0
26000;1867.0;366.0;1501.0
26100;2131.0;590.0;1541.0
26200;2011.0;590.0;1421.0
26300;2131.0;590.0;1541.0
26400;2131.0;590.0;1541.0
26500;2131.0;590.0;1541.0
26600;2131.0;590.0;1541.0
26700;2159.0;618.0;1541.0
26800;2251.0;590.0;1661.0
26900;2275.0;814.0;1461.0
27000;2251.0;590.0;1661.0
27100;1983.0;282.0;1701.0
27200;1757.0;576.0;1181.0
27300;1771.0;590.0;1181.0
27400;2319.0;618.0;1701.0
27500;2091.0;590.0;1501.0
27600;2211.0;590.0;1621.0
27700;2211.0;590.0;1621.0
27800;2239.0;618.0;1621.0
27900;2239.0;618.0;1621.0
28000;2251.0;590.0;1661.0
28100;2623.0;842.0;1781.0
28200;2395.0;814.0;1581.0
28300;2319.0;618.0;1701.0
28400;1795.0;534.0;1261.0
28500;2277.0;576.0;1701.0
28600;2095.0;394.0;1701.0
28700;2258.0;557.0;1701.0
28800;2323.0;702.0;1621.0
28900;2843.0;702.0;2141.0
29000;2843.0;1022.0;1821.0
29100;2503.0;722.0;1781.0
29200;2483.0;702.0;1781.0
29300;2383.0;722.0;1661.0
29400;2483.0;702.0;1781.0
29500;2803.0;1022.0;1781.0
29600;2483.0;702.0;1781.0
29700;2803.0;1022.0;1781.0
29800;2563.0;782.0;1781.0
29900;2443.0;662.0;1781.0
30000;2523.0;702.0;1821.0
30100;2643.0;702.0;1941.0
30200;2963.0;662.0;2301.0
30300;2563.0;702.0;1861.0
30400;2443.0;702.0;1741.0
30500;2683.0;702.0;1981.0
30600;2563.0;702.0;1861.0
30700;2485.0;704.0;1781.0
30800;2731.0;750.0;1981.0
30900;3051.0;750.0;2301.0
31000;2145.0;244.0;1901.0
31100;1883.0;382.0;1501.0
31200;2205.0;704.0;1501.0
31300;3131.0;750.0;2381.0
31400;2691.0;750.0;1941.0
31500;2645.0;704.0;1941.0
31600;2599.0;658.0;1941.0
31700;2691.0;750.0;1941.0
31800;2691.0;750.0;1941.0
31900;2645.0;704.0;1941.0
32000;2731.0;750.0;1981.0
32100;2511.0;490.0;2021.0
32200;2735.0;714.0;2021.0
32300;2815.0;714.0;2101.0
32400;2888.0;427.0;2461.0
32500;2745.0;724.0;2021.0
32600;2646.0;625.0;2021.0
32700;3207.0;1186.0;2021.0
32800;2679.0;658.0;2021.0
32900;2832.0;691.0;2141.0
33000;2782.0;721.0;2061.0
33100;2784.5;683.5;2101.0
33200;2822.0;721.0;2101.0
33300;2477.0;496.0;1981.0
33400;2597.0;496.0;2101.0
33500;2934.5;833.5;2101.0
33600;2897.0;796.0;2101.0
33700;2737.0;796.0;1941.0
33800;753197.0;751096.0;2101.0
33900;2222.0;721.0;1501.0
34000;2937.0;796.0;2141.0
34100;2537.0;796.0;1741.0
34200;3052.0;871.0;2181.0
34300;3417.0;796.0;2621.0
34400;3057.0;796.0;2261.0
34500;2744.5;683.5;2061.0
34600;3022.0;721.0;2301.0
34700;2784.5;683.5;2101.0
34800;3052.0;871.0;2181.0
34900;2859.5;758.5;2101.0
35000;2942.0;721.0;2221.0
35100;2622.0;721.0;1901.0
35200;2622.0;721.0;1901.0
35300;2942.0;721.0;2221.0
35400;2982.0;721.0;2261.0
35500;3687.0;1546.0;2141.0
35600;3684.5;983.5;2701.0
35700;3102.0;721.0;2381.0
35800;3014.5;833.5;2181.0
35900;3102.0;721.0;2381.0
36000;2667.0;366.0;2301.0
36100;3067.0;726.0;2341.0
36200;2947.0;606.0;2341.0
36300;3067.0;726.0;2341.0
36400;3187.0;846.0;2341.0
36500;3187.0;846.0;2341.0
36600;3035.0;694.0;2341.0
36700;3145.0;884.0;2261.0
36800;3305.0;964.0;2341.0
36900;3225.0;884.0;2341.0
37000;3265.0;884.0;2381.0
37100;3265.0;964.0;2301.0
37200;3185.0;884.0;2301.0
37300;3305.0;884.0;2421.0
37400;3025.0;604.0;2421.0
37500;3225.0;804.0;2421.0
37600;3225.0;804.0;2421.0
37700;3665.0;804.0;2861.0
37800;3145.0;724.0;2421.0
37900;4099.0;1364.0;2735.0
38000;3153.0;684.0;2469.0
38100;3169.0;804.0;2365.0
38200;2649.0;164.0;2485.0
38300;3489.0;1124.0;2365.0
38400;3249.0;884.0;2365.0
38500;3369.0;884.0;2485.0
38600;4129.0;1524.0;2605.0
38700;3209.0;724.0;2485.0
38800;3209.0;724.0;2485.0
38900;3329.0;844.0;2485.0
39000;3409.0;884.0;2525.0
39100;3449.0;884.0;2565.0
39200;2369.0;244.0;2125.0
39300;2929.0;244.0;2685.0
39400;3449.0;884.0;2565.0
39500;3369.0;804.0;2565.0
39600;3169.0;604.0;2565.0
39700;3369.0;804.0;2565.0
39800;3569.0;884.0;2685.0
39900;3680.0;804.0;2876.0
40000;3495.0;804.0;2691.0
40100;3051.0;804.0;2247.0
40200;3378.0;724.0;2654.0
40300;3292.0;564.0;2728.0
40400;3865.0;804.0;3061.0
40500;3472.0;818.0;2654.0
40600;3394.0;740.0;2654.0
40700;3550.0;896.0;2654.0
40800;3550.0;896.0;2654.0
40900;3511.0;857.0;2654.0
41000;3923.0;1232.0;2691.0
41100;3975.0;692.0;3283.0
41200;3843.0;1268.0;2575.0
41300;3603.0;908.0;2695.0
41400;4043.0;908.0;3135.0
41500;3603.0;908.0;2695.0
41600;3603.0;908.0;2695.0
41700;3523.0;908.0;2615.0
41800;3747.0;1052.0;2695.0
41900;3597.0;902.0;2695.0
42000;3862.0;1127.0;2735.0
42100;3779.5;564.5;3215.0
42200;2882.0;227.0;2655.0
42300;3682.0;827.0;2855.0
42400;3757.0;902.0;2855.0
42500;4097.0;1202.0;2895.0
42600;3797.0;902.0;2895.0
42700;3752.0;977.0;2775.0
42800;3752.0;977.0;2775.0
42900;3752.0;977.0;2775.0
43000;3792.0;977.0;2815.0
43100;3832.0;977.0;2855.0
43200;3232.0;377.0;2855.0
43300;3832.0;977.0;2855.0
43400;3832.0;977.0;2855.0
43500;3952.0;977.0;2975.0
43600;4250.0;1395.0;2855.0
43700;3848.0;993.0;2855.0
43800;674049.0;671194.0;2855.0
43900;3111.0;256.0;2855.0
44000;4558.0;1663.0;2895.0
44100;3941.0;926.0;3015.0
44200;3844.5;909.5;2935.0
44300;3862.5;1047.5;2815.0
44400;3924.5;909.5;3015.0
44500;3948.0;1013.0;2935.0
44600;3868.0;1013.0;2855.0
44700;3508.0;1013.0;2495.0
44800;3982.5;1047.5;2935.0
44900;3316.0;461.0;2855.0
45000;4229.5;1254.5;2975.0
45100;4342.0;1013.0;3329.0
45200;4038.0;1013.0;3025.0
45300;3896.0;1013.0;2883.0
45400;4016.0;1013.0;3003.0
45500;3912.5;909.5;3003.0
45600;3964.0;1041.0;2923.0
45700;4044.0;1041.0;3003.0
45800;4153.5;1150.5;3003.0
45900;3818.0;895.0;2923.0
46000;3821.5;858.5;2963.0
46100;3618.0;535.0;3083.0
46200;3538.0;895.0;2643.0
46300;4058.0;975.0;3083.0
46400;4292.0;895.0;3397.0
46500;3988.0;895.0;3093.0
46600;3988.0;895.0;3093.0
46700;4806.0;1295.0;3511.0
46800;4068.0;975.0;3093.0
46900;4068.0;975.0;3093.0
47000;4106.0;975.0;3131.0
47100;4144.0;975.0;3169.0
47200;4784.0;1615.0;3169.0
47300;4030.0;975.0;3055.0
47400;4030.0;975.0;3055.0
47500;4258.0;975.0;3283.0
47600;3988.0;895.0;3093.0
47700;4218.0;935.0;3283.0
47800;3984.0;815.0;3169.0
47900;3984.0;815.0;3169.0
48000;4022.0;815.0;3207.0
48100;4140.0;895.0;3245.0
48200;3420.0;175.0;3245.0
48300;4140.0;895.0;3245.0
48400;4140.0;895.0;3245.0
48500;4060.0;815.0;3245.0
48600;4060.0;815.0;3245.0
48700;4060.0;815.0;3245.0
48800;3522.0;695.0;2827.0
48900;3904.0;735.0;3169.0
49000;4098.0;815.0;3283.0
49100;4096.0;775.0;3321.0
49200;4022.0;815.0;3207.0
49300;4102.0;895.0;3207.0
49400;4216.0;895.0;3321.0
49500;4416.0;1095.0;3321.0
49600;4060.0;815.0;3245.0
49700;4016.0;695.0;3321.0
49800;3940.0;695.0;3245.0
49900;3416.0;95.0;3321.0
50000;3318.0;415.0;2903.0
50100;3634.0;655.0;2979.0
50200;4252.0;855.0;3397.0
50300;4132.0;735.0;3397.0
50400;4132.0;735.0;3397.0
50500;3772.0;375.0;3397.0
50600;4132.0;735.0;3397.0
50700;4246.0;735.0;3511.0
50800;4132.0;735.0;3397.0
50900;4092.0;695.0;3397.0
51000;4170.0;735.0;3435.0
51100;3430.0;375.0;3055.0
51200;4128.0;655.0;3473.0
51300;4208.0;735.0;3473.0
51400;3934.0;575.0;3359.0
51500;4128.0;655.0;3473.0
51600;4168.0;695.0;3473.0
51700;3526.0;15.0;3511.0
51800;4172.0;775.0;3397.0
51900;4168.0;695.0;3473.0
52000;4166.0;655.0;3511.0
52100;4284.0;735.0;3549.0
52200;4204.0;655.0;3549.0
52300;4582.0;615.0;3967.0
52400;4284.0;735.0;3549.0
52500;4438.0;775.0;3663.0
52600;4208.0;735.0;3473.0
52700;4128.0;655.0;3473.0
52800;4404.0;855.0;3549.0
52900;3538.0;335.0;3203.0
53000;4018.0;735.0;3283.0
53100;4218.0;615.0;3603.0
53200;3738.0;95.0;3643.0
53300;4458.0;855.0;3603.0
53400;4258.0;735.0;3523.0
53500;4498.0;855.0;3643.0
53600;4258.0;615.0;3643.0
53700;3738.0;95.0;3643.0
53800;4378.0;735.0;3643.0
53900;4448.0;805.0;3643.0
54000;4488.0;805.0;3683.0
54100;4418.0;735.0;3683.0
54200;4088.0;805.0;3283.0
54300;4528.0;805.0;3723.0
54400;4668.0;945.0;3723.0
54500;4528.0;805.0;3723.0
54600;3998.0;875.0;3123.0
54700;4648.0;805.0;3843.0
54800;4458.0;735.0;3723.0
54900;4668.0;945.0;3723.0
55000;4638.0;875.0;3763.0
55100;4688.0;805.0;3883.0
55200;4293.0;490.0;3803.0
55300;4248.0;805.0;3443.0
55400;4608.0;805.0;3803.0
55500;4238.0;875.0;3363.0
55600;4678.0;875.0;3803.0
55700;705098.0;701295.0;3803.0
55800;5448.0;1645.0;3803.0
55900;4866.0;1063.0;3803.0
56000;4830.0;987.0;3843.0
56100;4870.0;987.0;3883.0
56200;4798.0;1595.0;3203.0
56300;4908.0;1025.0;3883.0
56400;4870.0;987.0;3883.0
56500;4680.0;797.0;3883.0
56600;4790.0;987.0;3803.0
56700;4354.0;911.0;3443.0
56800;4870.0;987.0;3883.0
56900;4756.0;873.0;3883.0
57000;4834.0;911.0;3923.0
57100;4950.0;987.0;3963.0
57200;5296.0;1025.0;4271.0
57300;4894.0;911.0;3983.0
57400;4730.0;911.0;3819.0
57500;4774.0;835.0;3939.0
57600;4812.0;953.0;3859.0
57700;5012.0;953.0;4059.0
57800;4882.0;1023.0;3859.0
57900;5002.0;1023.0;3979.0
58000;5002.0;1023.0;3979.0
58100;5112.0;1093.0;4019.0
58200;5602.0;1583.0;4019.0
58300;5727.0;1268.0;4459.0
58400;4602.0;1023.0;3579.0
58500;5392.0;1373.0;4019.0
58600;5007.0;988.0;4019.0
58700;4482.0;463.0;4019.0
58800;5042.0;1023.0;4019.0
58900;4272.0;253.0;4019.0
59000;5012.0;953.0;4059.0
59100;4372.0;953.0;3419.0
59200;5322.0;1023.0;4299.0
59300;5122.0;1023.0;4099.0
59400;5227.0;1128.0;4099.0
59500;5002.0;1023.0;3979.0
59600;5192.0;1093.0;4099.0
59700;5312.0;1093.0;4219.0
59800;5297.0;1198.0;4099.0
59900;5192.0;1093.0;4099.0
60000;5292.0;1233.0;4059.0
60100;5302.0;1163.0;4139.0
60200;4902.0;1163.0;3739.0
60300;5162.0;1023.0;4139.0
60400;5272.0;1093.0;4179.0
60500;5342.0;1163.0;4179.0
60600;5342.0;1163.0;4179.0
60700;5342.0;1163.0;4179.0
60800;5342.0;1163.0;4179.0
60900;5412.0;1233.0;4179.0
61000;5942.0;1723.0;4219.0
61100;5277.0;1058.0;4219.0
61200;5862.0;1163.0;4699.0
61300;5492.0;1233.0;4259.0
61400;5502.0;1163.0;4339.0
61500;6422.0;1723.0;4699.0
61600;5422.0;1163.0;4259.0
61700;5244.5;673.0;4571.5
61800;5504.5;1233.0;4271.5
61900;5397.0;1233.0;4164.0
62000;5622.0;1338.0;4284.0
62100;4857.0;533.0;4324.0
62200;5627.0;1303.0;4324.0
62300;5627.0;1303.0;4324.0
62400;5497.0;1093.0;4404.0
62500;5557.0;1233.0;4324.0
62600;4977.0;533.0;4444.0
62700;6044.5;1600.5;4444.0
62800;5498.0;1254.0;4244.0
62900;5515.0;1191.0;4324.0
63000;5744.0;1380.0;4364.0
63100;6042.0;1758.0;4284.0
63200;5910.0;1506.0;4404.0
63300;6242.0;1758.0;4484.0
63400;5595.0;1191.0;4404.0
63500;6093.0;1569.0;4524.0
63600;5563.5;1159.5;4404.0
63700;5154.0;750.0;4404.0
63800;5483.5;1159.5;4324.0
63900;5658.0;1254.0;4404.0
64000;5681.0;1317.0;4364.0
64100;5801.0;1317.0;4484.0
64200;5950.0;1506.0;4444.0
64300;5441.0;1317.0;4124.0
64400;5801.0;1317.0;4484.0
64500;5738.0;1254.0;4484.0
64600;5801.0;1317.0;4484.0
64700;5801.0;1317.0;4484.0
64800;5921.0;1317.0;4604.0
64900;5864.0;1380.0;4484.0
65000;5904.0;1380.0;4524.0
65100;5786.5;1222.5;4564.0
65200;6087.0;1443.0;4644.0
65300;6181.5;1537.5;4644.0
65400;6150.0;1506.0;4644.0
65500;6070.0;1506.0;4564.0
65600;5990.0;1506.0;4484.0
65700;5944.0;1380.0;4564.0
65800;6190.0;1506.0;4684.0
65900;6070.0;1506.0;4564.0
66000;6030.0;1506.0;4524.0
66100;6055.5;1411.5;4644.0
66200;6261.5;1537.5;4724.0
66300;6150.0;1506.0;4644.0
66400;6150.0;1506.0;4644.0
66500;6270.0;1506.0;4764.0
66600;6150.0;1506.0;4644.0
66700;5550.0;1506.0;4044.0
66800;6352.5;1708.5;4644.0
66900;6266.0;1502.0;4764.0
67000;6253.5;1649.5;4604.0
67100;6285.0;1561.0;4724.0
67200;6285.0;1561.0;4724.0
67300;6301.0;1617.0;4684.0
67400;5981.0;1617.0;4364.0
67500;6392.0;1668.0;4724.0
67600;6366.5;1642.5;4724.0
67700;6453.0;1809.0;4644.0
67800;6337.0;1613.0;4724.0
67900;6337.0;1613.0;4724.0
68000;6377.0;1613.0;4764.0
68100;6417.0;1613.0;4804.0
68200;6497.0;1613.0;4884.0
68300;6466.0;1662.0;4804.0
68400;6466.0;1662.0;4804.0
68500;6417.0;1613.0;4804.0
68600;6392.5;1588.5;4804.0
68700;5977.0;1613.0;4364.0
68800;6466.0;1662.0;4804.0
68900;6610.5;1686.5;4924.0
69000;6506.0;1662.0;4844.0
69100;6546.0;1662.0;4884.0
69200;6521.5;1637.5;4884.0
69300;6619.5;1735.5;4884.0
69400;6630.0;1746.0;4884.0
69500;6750.0;1746.0;5004.0
69600;6674.0;1790.0;4884.0
69700;6630.0;1746.0;4884.0
69800;6706.0;1702.0;5004.0
69900;6506.0;1702.0;4804.0
70000;6560.0;1636.0;4924.0
70100;6182.0;1658.0;4524.0
70200;6658.0;1614.0;5044.0
70300;6622.0;1658.0;4964.0
70400;6666.0;1702.0;4964.0
70500;6622.0;1658.0;4964.0
70600;6622.0;1658.0;4964.0
70700;6622.0;1658.0;4964.0
70800;6390.0;1306.0;5084.0
70900;6622.0;1658.0;4964.0
71000;6742.0;1658.0;5084.0
71100;6782.0;1658.0;5124.0
71200;6636.0;1592.0;5044.0
71300;6614.0;1570.0;5044.0
71400;6804.0;1680.0;5124.0
71500;7098.0;1614.0;5484.0
71600;6945.0;1482.0;5463.0
71700;6731.5;1670.0;5061.5
71800;6649.0;1706.0;4943.0
71900;6693.0;1670.0;5023.0
72000;6733.0;1670.0;5063.0
72100;6737.0;1634.0;5103.0
72200;6773.0;1670.0;5103.0
72300;6809.0;1706.0;5103.0
72400;6719.0;1616.0;5103.0
72500;6737.0;1634.0;5103.0
72600;6737.0;1634.0;5103.0
72700;6575.0;1472.0;5103.0
72800;6801.0;1778.0;5023.0
72900;7276.0;1733.0;5543.0
73000;6823.0;1760.0;5063.0
73100;6700.0;1517.0;5183.0
73200;6848.5;1665.5;5183.0
73300;7329.0;1706.0;5623.0
73400;6862.0;1679.0;5183.0
73500;6755.5;1692.5;5063.0
73600;6836.0;1733.0;5103.0
73700;6836.0;1733.0;5103.0
73800;6916.0;1733.0;5183.0
73900;6858.0;1755.0;5103.0
74000;6958.0;1735.0;5223.0
74100;7478.0;1775.0;5703.0
74200;6998.0;1735.0;5263.0
74300;6608.0;1785.0;4823.0
74400;7018.0;1755.0;5263.0
74500;7081.0;1818.0;5263.0
74600;7197.0;1934.0;5263.0
74700;7081.0;1818.0;5263.0
74800;7081.0;1818.0;5263.0
74900;7110.0;1847.0;5263.0
75000;7157.5;1774.5;5383.0
75100;6957.5;1774.5;5183.0
75200;7146.5;1803.5;5343.0
75300;7128.0;1905.0;5223.0
75400;7451.0;2108.0;5343.0
75500;7132.0;1789.0;5343.0
75600;7233.5;1890.5;5343.0
75700;7281.0;1818.0;5463.0
75800;7161.0;1818.0;5343.0
75900;7161.0;1818.0;5343.0
76000;6853.0;1550.0;5303.0
76100;7261.0;1838.0;5423.0
76200;7261.0;1838.0;5423.0
76300;7279.0;1856.0;5423.0
76400;7261.0;1838.0;5423.0
76500;7279.0;1856.0;5423.0
76600;7141.0;1598.0;5543.0
76700;7241.0;1818.0;5423.0
76800;6889.0;1466.0;5423.0
76900;7285.0;1862.0;5423.0
77000;7237.0;1774.0;5463.0
77100;7629.0;2126.0;5503.0
77200;7321.0;1818.0;5503.0
77300;6969.0;1466.0;5503.0
77400;7365.0;1862.0;5503.0
77500;7047.5;1544.5;5503.0
77600;6952.0;1889.0;5063.0
77700;7087.5;1464.5;5623.0
77800;6995.0;1492.0;5503.0
77900;6861.0;1798.0;5063.0
78000;6759.0;1696.0;5063.0
78100;7393.0;1730.0;5663.0
78200;7381.0;1798.0;5583.0
78300;7381.0;1798.0;5583.0
78400;7461.0;1798.0;5663.0
78500;7721.0;2138.0;5583.0
78600;7449.0;1866.0;5583.0
78700;7381.0;1798.0;5583.0
78800;8045.0;2342.0;5703.0
78900;7501.0;1798.0;5703.0
79000;7421.0;1798.0;5623.0
79100;7421.0;1798.0;5623.0
79200;7461.0;1798.0;5663.0
79300;7105.0;1322.0;5783.0
79400;7557.0;1934.0;5623.0
79500;7717.0;1934.0;5783.0
79600;7639.0;1976.0;5663.0
79700;7639.0;1976.0;5663.0
79800;7522.0;1939.0;5583.0
79900;7285.0;1622.0;5663.0
80000;7685.0;1982.0;5703.0
80100;7725.0;1982.0;5743.0
80200;7725.0;1982.0;5743.0
80300;7805.0;2062.0;5743.0
80400;7805.0;2062.0;5743.0
80500;7725.0;1982.0;5743.0
80600;7845.0;1982.0;5863.0
80700;7725.0;1982.0;5743.0
80800;7685.0;1942.0;5743.0
80900;7925.0;2062.0;5863.0
81000;7725.0;1942.0;5783.0
81100;7925.0;2102.0;5823.0
81200;7927.0;2104.0;5823.0
81300;8007.0;2104.0;5903.0
81400;7853.0;2030.0;5823.0
81500;7816.0;1993.0;5823.0
81600;7927.0;2104.0;5823.0
81700;7973.0;2030.0;5943.0
81800;7455.0;1512.0;5943.0
81900;7816.0;1993.0;5823.0
82000;8447.0;2104.0;6343.0
82100;8118.0;2215.0;5903.0
82200;8087.0;2104.0;5983.0
82300;7850.0;2067.0;5783.0
82400;8679.0;2696.0;5983.0
82500;8521.0;2178.0;6343.0
82600;8118.0;2215.0;5903.0
82700;7758.0;2215.0;5543.0
82800;7933.0;2030.0;5903.0
82900;8673.0;2770.0;5903.0
83000;7967.0;2104.0;5863.0
83100;8013.0;2030.0;5983.0
83200;7455.0;1512.0;5943.0
83300;8087.0;2104.0;5983.0
83400;8013.0;2030.0;5983.0
83500;7893.0;2030.0;5863.0
83600;8087.0;2104.0;5983.0
83700;8087.0;2104.0;5983.0
83800;8207.0;2104.0;6103.0
83900;8087.0;2104.0;5983.0
84000;8719.0;2696.0;6023.0
84100;8167.0;2104.0;6063.0
84200;8167.0;2104.0;6063.0
84300;8167.0;2104.0;6063.0
84400;7729.0;1586.0;6143.0
84500;8361.0;2178.0;6183.0
84600;7815.0;2192.0;5623.0
84700;8483.0;2300.0;6183.0
84800;8255.0;2192.0;6063.0
84900;8175.0;2192.0;5983.0
85000;8295.0;2192.0;6103.0
85100;8263.0;2120.0;6143.0
85200;8443.0;2300.0;6143.0
85300;8295.0;2192.0;6103.0
85400;8335.0;2192.0;6143.0
85500;8119.0;1976.0;6143.0
85600;8263.0;2120.0;6143.0
85700;8263.0;2120.0;6143.0
85800;8263.0;2120.0;6143.0
85900;8839.0;2696.0;6143.0
86000;8231.0;2048.0;6183.0
86100;8385.0;2162.0;6223.0
86200;8302.0;2079.0;6223.0
86300;8413.0;2190.0;6223.0
86400;8419.0;2116.0;6303.0
86500;8885.0;2542.0;6343.0
86600;8065.0;2202.0;5863.0
86700;8425.0;2202.0;6223.0
86800;8345.0;2202.0;6143.0
86900;8103.0;1760.0;6343.0
87000;8465.0;2202.0;6263.0
87100;8505.0;2202.0;6303.0
87200;8505.0;2202.0;6303.0
87300;8877.0;2134.0;6743.0
87400;8505.0;2202.0;6303.0
87500;8487.0;2304.0;6183.0
87600;9151.0;2168.0;6983.0
87700;8201.0;2338.0;5863.0
87800;8409.0;2066.0;6343.0
87900;9185.0;2202.0;6983.0
88000;9009.0;2746.0;6263.0
88100;8585.0;2202.0;6383.0
88200;8653.0;2270.0;6383.0
88300;9253.0;2270.0;6983.0
88400;8551.0;2168.0;6383.0
88500;8653.0;2270.0;6383.0
88600;8573.0;2270.0;6303.0
88700;9161.0;2338.0;6823.0
88800;8789.0;2406.0;6383.0
88900;8789.0;2406.0;6383.0
89000;9184.5;2406.0;6778.5
89100;8944.5;2474.0;6470.5
89200;9454.0;2406.0;7048.0
89300;8876.5;2406.0;6470.5
89400;9012.5;2542.0;6470.5
89500;9107.5;2406.0;6701.5
89600;8876.5;2406.0;6470.5
89700;8876.5;2406.0;6470.5
89800;8978.5;2508.0;6470.5
89900;8860.0;2406.0;6454.0
90000;9002.0;2508.0;6494.0
90100;8940.0;2406.0;6534.0
90200;9008.0;2474.0;6534.0
90300;9008.0;2474.0;6534.0
90400;9008.0;2474.0;6534.0
90500;8752.0;2338.0;6414.0
90600;9008.0;2474.0;6534.0
90700;8940.0;2406.0;6534.0
90800;8580.0;2406.0;6174.0
90900;8316.0;1862.0;6454.0
91000;9722.0;2508.0;7214.0
91100;9020.0;2406.0;6614.0
91200;9020.0;2406.0;6614.0
91300;8934.0;2440.0;6494.0
91400;9054.0;2440.0;6614.0
91500;9156.0;2542.0;6614.0
91600;9076.0;2542.0;6534.0
91700;9029.0;2855.0;6174.0
91800;9174.0;2560.0;6614.0
91900;9745.0;3091.0;6654.0
92000;9054.0;2560.0;6494.0
92100;9254.0;2560.0;6694.0
92200;8805.5;2471.5;6334.0
92300;9214.0;2560.0;6654.0
92400;9165.5;2471.5;6694.0
92500;9195.0;2501.0;6694.0
92600;9254.0;2560.0;6694.0
92700;9195.0;2501.0;6694.0
92800;9195.0;2501.0;6694.0
92900;9106.5;2412.5;6694.0
93000;9264.5;2530.5;6734.0
93100;9275.0;2501.0;6774.0
93200;8950.5;2176.5;6774.0
93300;9629.0;2855.0;6774.0
93400;8685.0;1911.0;6774.0
93500;9037.0;2383.0;6654.0
93600;9216.0;2442.0;6774.0
93700;9157.0;2383.0;6774.0
93800;9157.0;2383.0;6774.0
93900;9216.0;2442.0;6774.0
94000;8832.0;2498.0;6334.0
94100;9232.0;2498.0;6734.0
94200;9251.5;2397.5;6854.0
94300;9352.0;2498.0;6854.0
94400;9373.0;2519.0;6854.0
94500;9443.0;2589.0;6854.0
94600;10063.0;3289.0;6774.0
94700;9933.0;3079.0;6854.0
94800;9493.0;2519.0;6974.0
94900;9373.0;2519.0;6854.0
95000;9493.0;2519.0;6974.0
95100;9523.0;2589.0;6934.0
95200;9823.0;3009.0;6814.0
95300;10083.0;3149.0;6934.0
95400;8703.0;2449.0;6254.0
95500;8873.0;1819.0;7054.0
95600;9583.0;2649.0;6934.0
95700;9447.0;2513.0;6934.0
95800;9379.0;2445.0;6934.0
95900;9478.0;2624.0;6854.0
96000;8708.5;2214.5;6494.0
96100;9826.0;2372.0;7454.0
96200;9386.0;2372.0;7014.0
96300;9322.0;2428.0;6894.0
96400;9513.0;2499.0;7014.0
96500;9513.0;2499.0;7014.0
96600;9704.0;2570.0;7134.0
96700;9513.0;2499.0;7014.0
96800;8913.0;2499.0;6414.0
96900;9584.0;2570.0;7014.0
97000;9153.5;2179.5;6974.0
97100;9025.0;1931.0;7094.0
97200;10048.5;2874.5;7174.0
97300;9611.0;2517.0;7094.0
97400;9611.0;2517.0;7094.0
97500;9611.0;2517.0;7094.0
97600;9973.0;2759.0;7214.0
97700;9512.0;2418.0;7094.0
97800;10192.0;2418.0;7774.0
97900;9508.0;2294.0;7214.0
98000;9565.0;2511.0;7054.0
98100;9627.0;2573.0;7054.0
98200;9644.0;2470.0;7174.0
98300;-798236.0;2470.0;-800706.0
98400;9644.0;2470.0;7174.0
98500;9762.0;2588.0;7174.0
98600;10018.5;2529.0;7489.5
98700;9694.0;2529.0;7165.0
98800;9793.0;2588.0;7205.0
98900;9694.0;2529.0;7165.0
99000;9734.0;2529.0;7205.0
99100;9713.0;2588.0;7125.0
99200;9441.0;2116.0;7325.0
99300;9833.0;2588.0;7245.0
99400;9921.5;2676.5;7245.0
99500;9713.0;2588.0;7125.0
99600;9833.0;2588.0;7245.0
99700;9921.5;2676.5;7245.0
99800;9892.0;2647.0;7245.0
99900;9892.0;2647.0;7245.0
100000;9932.0;2647.0;7285.0
100100;9795.0;2470.0;7325.0
100200;9972.0;2647.0;7325.0
100300;10031.0;2706.0;7325.0
100400;10194.0;2989.0;7205.0
100500;9571.5;2686.5;6885.0
100600;10341.5;2576.5;7765.0
100700;10039.0;2714.0;7325.0
100800;10159.0;2714.0;7445.0
100900;10039.0;2714.0;7325.0
101000;10079.0;2714.0;7365.0
101100;10119.0;2714.0;7405.0
101200;9919.0;2714.0;7205.0
101300;10064.0;2659.0;7405.0
101400;9871.5;2466.5;7405.0
101500;10174.0;2769.0;7405.0
101600;10229.0;2824.0;7405.0
101700;10209.0;2804.0;7405.0
101800;10149.0;2744.0;7405.0
101900;10629.0;3224.0;7405.0
102000;10159.0;2714.0;7445.0
102100;10229.0;2744.0;7485.0
102200;9989.0;2504.0;7485.0
102300;10769.0;3284.0;7485.0
102400;10447.0;2654.0;7793.0
102500;10145.0;2804.0;7341.0
102600;10265.0;2804.0;7461.0
102700;9995.0;2534.0;7461.0
102800;10325.0;2864.0;7461.0
102900;10445.0;2864.0;7581.0
103000;10385.0;2804.0;7581.0
103100;9805.0;2264.0;7541.0
103200;10195.0;2654.0;7541.0
103300;10558.0;3017.0;7541.0
103400;10497.0;2876.0;7621.0
103500;10201.0;2660.0;7541.0
103600;10201.0;2660.0;7541.0
103700;9985.0;2444.0;7541.0
103800;10201.0;2660.0;7541.0
103900;10229.0;2688.0;7541.0
104000;10685.0;3104.0;7581.0
104100;10309.0;2688.0;7621.0
104200;10309.0;2688.0;7621.0
104300;10309.0;2688.0;7621.0
104400;9973.0;2272.0;7701.0
104500;10257.0;2636.0;7621.0
104600;10257.0;2636.0;7621.0
104700;10257.0;2636.0;7621.0
104800;10257.0;2636.0;7621.0
104900;10257.0;2636.0;7621.0
105000;9881.0;2220.0;7661.0
105100;10341.0;2640.0;7701.0
105200;10453.0;2752.0;7701.0
105300;10265.0;2564.0;7701.0
105400;10453.0;2752.0;7701.0
105500;10782.0;3081.0;7701.0
105600;10406.0;2705.0;7701.0
105700;10406.0;2705.0;7701.0
105800;10067.5;2446.5;7621.0
105900;10406.0;2705.0;7701.0
106000;10409.5;2668.5;7741.0
106100;10535.5;2754.5;7781.0
106200;10181.5;2840.5;7341.0
106300;10089.5;2668.5;7421.0
106400;10471.0;2690.0;7781.0
106500;10471.0;2690.0;7781.0
106600;10514.0;2733.0;7781.0
106700;10391.0;2690.0;7701.0
106800;10348.0;2647.0;7701.0
106900;10692.5;2911.5;7781.0
107000;10233.0;2412.0;7821.0
107100;11046.0;2745.0;8301.0
107200;10129.0;2708.0;7421.0
107300;10227.5;2726.5;7501.0
107400;10569.0;2708.0;7861.0
107500;10532.0;2671.0;7861.0
107600;10513.5;2652.5;7861.0
107700;10495.0;2634.0;7861.0
107800;10393.0;2412.0;7981.0
107900;10494.0;2713.0;7781.0
108000;10629.5;2728.5;7901.0
108100;10700.5;2759.5;7941.0
108200;10727.5;2759.5;7968.0
108300;10681.0;2713.0;7968.0
108400;10727.5;2759.5;7968.0
108500;10648.0;2713.0;7935.0
108600;10648.0;2713.0;7935.0
108700;10830.0;2775.0;8055.0
108800;10808.0;2873.0;7935.0
108900;10349.0;2774.0;7575.0
109000;10958.0;2983.0;7975.0
109100;11240.0;2785.0;8455.0
109200;10880.0;2785.0;8095.0
109300;10880.0;2785.0;8095.0
109400;10800.0;2785.0;8015.0
109500;10680.0;2785.0;7895.0
109600;10767.0;2752.0;8015.0
109700;-797784.0;2961.0;-800745.0
109800;10558.0;2543.0;8015.0
109900;10778.0;2763.0;8015.0
110000;10818.0;2763.0;8055.0
110100;10869.0;2774.0;8095.0
110200;10858.0;2763.0;8095.0
110300;10858.0;2763.0;8095.0
110400;11011.0;2796.0;8215.0
110500;11122.0;2587.0;8535.0
110600;11000.0;2785.0;8215.0
110700;10858.0;2763.0;8095.0
110800;10824.0;2609.0;8215.0
110900;10858.0;2763.0;8095.0
111000;10920.0;2785.0;8135.0
111100;10938.0;2763.0;8175.0
111200;10960.0;2785.0;8175.0
111300;11560.0;2785.0;8775.0
111400;10960.0;2785.0;8175.0
111500;10894.0;2719.0;8175.0
111600;11080.0;2785.0;8295.0
111700;10982.0;2807.0;8175.0
111800;11462.0;2847.0;8615.0
111900;10998.0;2823.0;8175.0
112000;10998.0;2783.0;8215.0
112100;10886.0;2631.0;8255.0
112200;11062.0;2807.0;8255.0
112300;11110.0;2775.0;8335.0
112400;10926.0;2791.0;8135.0
112500;11111.0;2856.0;8255.0
112600;11056.0;2801.0;8255.0
112700;10965.0;2790.0;8175.0
112800;11045.0;2790.0;8255.0
112900;11137.5;2762.5;8375.0
113000;10555.0;2900.0;7655.0
113100;11125.0;2790.0;8335.0
113200;11565.0;2790.0;8775.0
113300;11154.0;2819.0;8335.0
113400;11184.0;2849.0;8335.0
113500;11074.0;2859.0;8215.0
113600;11194.0;2859.0;8335.0
113700;11194.0;2859.0;8335.0
113800;11634.0;2859.0;8775.0
113900;11314.0;2939.0;8375.0
114000;11269.0;2814.0;8455.0
114100;11327.0;2912.0;8415.0
114200;11327.0;2912.0;8415.0
114300;10887.0;2912.0;7975.0
114400;11346.0;2931.0;8415.0
114500;11345.0;2912.0;8433.0
114600;11468.5;2921.5;8547.0
114700;11262.0;2931.0;8331.0
114800;10902.0;2931.0;7971.0
114900;11361.0;2950.0;8411.0
115000;11372.5;2921.5;8451.0
115100;11270.0;2779.0;8491.0
115200;11473.0;3102.0;8371.0
115300;11441.0;2950.0;8491.0
115400;11502.0;2931.0;8571.0
115500;11504.0;2893.0;8611.0
115600;11469.5;2978.5;8491.0
115700;11441.0;2950.0;8491.0
115800;11479.0;2988.0;8491.0
115900;11561.0;2950.0;8611.0
116000;11500.0;2969.0;8531.0
116100;11549.5;2978.5;8571.0
116200;11540.0;2969.0;8571.0
116300;11540.0;2969.0;8571.0
116400;11692.0;3121.0;8571.0
116500;11331.0;2760.0;8571.0
116600;11679.0;2988.0;8691.0
116700;11540.0;2969.0;8571.0
116800;11540.0;2969.0;8571.0
116900;11521.0;2950.0;8571.0
117000;11561.0;2950.0;8611.0
117100;11601.0;2950.0;8651.0
117200;11601.0;2950.0;8651.0
117300;11272.0;2741.0;8531.0
117400;11633.0;3102.0;8531.0
117500;11481.0;2950.0;8531.0
117600;11534.5;2883.5;8651.0
117700;11250.5;2959.5;8291.0
117800;11854.0;3083.0;8771.0
117900;11000.5;2789.5;8211.0
118000;11653.0;2962.0;8691.0
118100;11693.0;2962.0;8731.0
118200;11693.0;2962.0;8731.0
118300;11693.0;2962.0;8731.0
118400;11573.0;2962.0;8611.0
118500;11681.5;2950.5;8731.0
118600;11836.0;2985.0;8851.0
118700;11693.0;2962.0;8731.0
118800;11727.5;2996.5;8731.0
118900;11714.0;2983.0;8731.0
119000;11734.0;2963.0;8771.0
119100;11802.0;2991.0;8811.0
119200;11858.0;2967.0;8891.0
119300;11738.0;2967.0;8771.0
119400;11706.0;3015.0;8691.0
119500;11778.0;3087.0;8691.0
119600;11802.0;2991.0;8811.0
119700;11850.0;3039.0;8811.0
119800;11722.0;2991.0;8731.0
119900;11886.0;3075.0;8811.0
120000;11498.0;3047.0;8451.0
120100;12194.0;3303.0;8891.0
120200;11786.0;3015.0;8771.0
120300;11498.0;3047.0;8451.0
120400;11818.0;3047.0;8771.0
120500;11938.0;3047.0;8891.0
120600;11746.0;3015.0;8731.0
120700;11938.0;3047.0;8891.0
120800;11906.0;3015.0;8891.0
120900;12100.0;3089.0;9011.0
121000;11982.0;3051.0;8931.0
121100;11940.0;3089.0;8851.0
121200;12500.0;3089.0;9411.0
121300;12022.0;3051.0;8971.0
121400;12060.0;3089.0;8971.0
121500;12060.0;3089.0;8971.0
121600;11422.0;3051.0;8371.0
121700;12060.0;3089.0;8971.0
121800;12022.0;3051.0;8971.0
121900;12060.0;3089.0;8971.0
122000;12455.5;3089.0;9366.5
122100;12109.5;3051.0;9058.5
122200;12185.5;3127.0;9058.5
122300;12185.5;3127.0;9058.5
122400;12128.5;3070.0;9058.5
122500;12109.5;3051.0;9058.5
122600;12147.5;3089.0;9058.5
122700;11798.0;3089.0;8709.0
122800;12120.0;3051.0;9069.0
122900;12378.0;3189.0;9189.0
123000;12298.0;3189.0;9109.0
123100;12183.0;3154.0;9029.0
123200;12285.5;3136.5;9149.0
123300;12461.0;3294.0;9167.0
123400;12467.0;3224.0;9243.0
123500;12391.0;3224.0;9167.0
123600;12774.0;3189.0;9585.0
123700;11938.0;3189.0;8749.0
123800;12356.0;3189.0;9167.0
123900;12356.0;3189.0;9167.0
124000;12864.5;3241.5;9623.0
124100;12502.0;3259.0;9243.0
124200;12432.0;3189.0;9243.0
124300;12464.0;3259.0;9205.0
124400;12543.0;3224.0;9319.0
124500;12449.5;3206.5;9243.0
124600;12633.5;3276.5;9357.0
124700;12417.5;3276.5;9141.0
124800;12445.0;3224.0;9221.0
124900;12445.0;3224.0;9221.0
125000;12205.0;2944.0;9261.0
125100;12605.0;3224.0;9381.0
125200;12626.0;3245.0;9381.0
125300;12546.0;3245.0;9301.0
125400;12685.0;3304.0;9381.0
125500;12605.0;3304.0;9301.0
125600;12645.0;3304.0;9341.0
125700;12525.0;3304.0;9221.0
125800;12570.0;3269.0;9301.0
125900;12605.0;3304.0;9301.0
126000;12680.0;3339.0;9341.0
126100;12800.0;3339.0;9461.0
126200;12335.0;2954.0;9381.0
126300;12565.0;3304.0;9261.0
126400;12565.0;3304.0;9261.0
126500;12325.0;3304.0;9021.0
126600;12720.0;3339.0;9381.0
126700;12245.0;3304.0;8941.0
126800;12685.0;3304.0;9381.0
126900;12245.0;3304.0;8941.0
127000;12777.5;3356.5;9421.0
127100;12800.0;3339.0;9461.0
127200;12765.0;3304.0;9461.0
127300;12730.0;3269.0;9461.0
127400;12765.0;3304.0;9461.0
127500;12645.0;3304.0;9341.0
127600;12800.0;3339.0;9461.0
127700;12800.0;3339.0;9461.0
127800;12920.0;3339.0;9581.0
127900;12800.0;3339.0;9461.0
128000;12875.0;3374.0;9501.0
128100;12707.5;3286.5;9421.0
128200;12880.0;3339.0;9541.0
128300;12880.0;3339.0;9541.0
128400;12915.0;3374.0;9541.0
128500;12760.0;3339.0;9421.0
128600;12827.5;3286.5;9541.0
128700;12880.0;3339.0;9541.0
128800;13002.5;3461.5;9541.0
128900;12880.0;3339.0;9541.0
129000;13035.0;3374.0;9661.0
129100;13047.5;3426.5;9621.0
129200;12995.0;3374.0;9621.0
129300;13155.0;3654.0;9501.0
129400;13237.5;3304.0;9933.5
129500;12860.0;3374.0;9486.0
129600;12700.0;3094.0;9606.0
129700;13032.5;3426.5;9606.0
129800;12927.5;3321.5;9606.0
129900;12522.5;3356.5;9166.0
130000;12985.0;3339.0;9646.0
130100;13025.0;3339.0;9686.0
130200;13447.5;3321.5;10126.0
130300;13105.0;3339.0;9766.0
130400;13025.0;3339.0;9686.0
130500;13305.0;3619.0;9686.0
130600;13145.0;3339.0;9806.0
130700;12990.0;3304.0;9686.0
130800;13460.0;3654.0;9806.0
130900;13110.0;3304.0;9806.0
131000;12950.0;3304.0;9646.0
131100;13105.0;3339.0;9766.0
131200;13070.0;3304.0;9766.0
131300;13017.5;3251.5;9766.0
131400;13177.5;3304.0;9873.5
131500;13102.5;3304.0;9798.5
131600;13015.0;3216.5;9798.5
131700;13337.5;3426.5;9911.0
131800;13137.5;3339.0;9798.5
131900;13250.0;3339.0;9911.0
132000;13100.0;3339.0;9761.0
132100;13107.5;3234.0;9873.5
132200;13107.5;3234.0;9873.5
132300;13142.5;3269.0;9873.5
132400;13142.5;3269.0;9873.5
132500;13195.0;3321.5;9873.5
132600;13442.5;3269.0;10173.5
132700;13255.0;3269.0;9986.0
132800;13220.0;3234.0;9986.0
132900;13142.5;3269.0;9873.5
133000;13197.5;3286.5;9911.0
133100;13246.5;3298.0;9948.5
133200;13246.5;3298.0;9948.5
133300;13246.5;3298.0;9948.5
133400;13321.5;3298.0;10023.5
133500;13192.5;3244.0;9948.5
133600;13273.5;3325.0;9948.5
133700;13246.5;3298.0;9948.5
133800;13273.5;3325.0;9948.5
133900;13246.5;3298.0;9948.5
134000;13761.0;3325.0;10436.0
134100;13132.5;3109.0;10023.5
134200;13132.5;3109.0;10023.5
134300;13450.5;3352.0;10098.5
134400;13447.5;3311.5;10136.0
134500;14013.0;3352.0;10661.0
134600;13335.0;3298.0;10037.0
134700;13362.0;3325.0;10037.0
134800;13362.0;3325.0;10037.0
134900;13428.0;3352.0;10076.0
135000;13671.0;3595.0;10076.0
135100;13413.0;3298.0;10115.0
135200;13530.0;3298.0;10232.0
135300;13413.0;3298.0;10115.0
135400;13530.0;3298.0;10232.0
135500;13386.0;3271.0;10115.0
135600;13503.0;3271.0;10232.0
135700;13386.0;3271.0;10115.0
135800;13427.0;3312.0;10115.0
135900;13452.0;3337.0;10115.0
136000;13478.5;3324.5;10154.0
136100;13363.0;3287.0;10076.0
136200;13792.0;3287.0;10505.0
136300;13505.0;3312.0;10193.0
136400;13505.0;3312.0;10193.0
136500;13542.5;3349.5;10193.0
136600;13505.0;3312.0;10193.0
136700;13505.0;3312.0;10193.0
136800;13817.0;3312.0;10505.0
136900;13530.0;3337.0;10193.0
137000;13152.0;3312.0;9840.0
137100;13472.0;3312.0;10160.0
137200;13629.5;3349.5;10280.0
137300;13592.0;3312.0;10280.0
137400;13674.5;3274.5;10400.0
137500;13507.0;3347.0;10160.0
137600;13747.0;3347.0;10400.0
137700;13627.0;3347.0;10280.0
137800;13952.0;3232.0;10720.0
137900;13557.0;3357.0;10200.0
138000;14157.0;3357.0;10800.0
138100;13717.0;3357.0;10360.0
138200;13037.0;3357.0;9680.0
138300;13597.0;3357.0;10240.0
138400;14182.0;3382.0;10800.0
138500;13742.0;3382.0;10360.0
138600;13717.0;3357.0;10360.0
138700;13662.0;3382.0;10280.0
138800;13742.0;3382.0;10360.0
138900;13849.5;3369.5;10480.0
139000;13851.5;3451.5;10400.0
139100;13762.0;3442.0;10320.0
139200;13901.0;3461.0;10440.0
139300;13910.5;3470.5;10440.0
139400;13781.0;3461.0;10320.0
139500;13882.0;3442.0;10440.0
139600;13839.0;3519.0;10320.0
139700;13775.0;3415.0;10360.0
139800;13801.0;3441.0;10360.0
139900;13801.0;3441.0;10360.0
140000;14273.5;3441.0;10832.5
140100;13973.5;3441.0;10532.5
140200;13973.5;3441.0;10532.5
140300;14006.0;3473.5;10532.5
140400;13960.5;3428.0;10532.5
140500;13947.5;3415.0;10532.5
140600;13980.0;3447.5;10532.5
140700;13780.0;3415.0;10365.0
140800;13953.0;3428.0;10525.0
140900;14138.0;3493.0;10645.0
141000;13954.0;3389.0;10565.0
141100;14020.0;3415.0;10605.0
141200;13956.0;3351.0;10605.0
141300;14138.0;3453.0;10685.0
141400;14041.0;3436.0;10605.0
141500;14024.0;3419.0;10605.0
141600;13998.5;3393.5;10605.0
141700;14008.0;3283.0;10725.0
141800;14024.0;3419.0;10605.0
141900;14024.0;3419.0;10605.0
142000;14030.0;3385.0;10645.0
142100;14121.0;3436.0;10685.0
142200;14121.0;3436.0;10685.0
142300;13992.5;3427.5;10565.0
142400;14138.0;3453.0;10685.0
142500;14087.0;3402.0;10685.0
142600;14138.0;3453.0;10685.0
142700;14206.0;3521.0;10685.0
142800;14138.0;3453.0;10685.0
142900;14121.0;3436.0;10685.0
143000;14178.0;3453.0;10725.0
143100;14298.0;3453.0;10845.0
143200;14281.0;3436.0;10845.0
143300;14201.0;3436.0;10765.0
143400;14201.0;3436.0;10765.0
143500;14081.0;3436.0;10645.0
143600;14337.0;3572.0;10765.0
143700;14121.0;3436.0;10685.0
143800;14048.0;3283.0;10765.0
143900;14243.5;3478.5;10765.0
144000;14241.0;3436.0;10805.0
144100;14161.0;3436.0;10725.0
144200;14145.0;3300.0;10845.0
144300;13815.5;3410.5;10405.0
144400;14721.0;3436.0;11285.0
144500;14264.0;3419.0;10845.0
144600;14738.0;3453.0;11285.0
144700;14721.0;3436.0;11285.0
144800;14281.0;3436.0;10845.0
144900;14281.0;3436.0;10845.0
145000;14295.5;3410.5;10885.0
145100;14386.5;3461.5;10925.0
145200;14321.0;3436.0;10885.0
145300;14258.0;3453.0;10805.0
145400;14001.0;3436.0;10565.0
145500;14386.5;3461.5;10925.0
145600;14258.0;3453.0;10805.0
145700;14498.0;3453.0;11045.0
145800;14369.5;3444.5;10925.0
145900;14386.5;3461.5;10925.0
146000;14401.0;3436.0;10965.0
146100;14424.0;3419.0;11005.0
146200;14384.0;3419.0;10965.0
146300;14521.0;3436.0;11085.0
146400;14441.0;3436.0;11005.0
146500;14441.0;3436.0;11005.0
146600;14321.0;3436.0;10885.0
146700;14466.5;3461.5;11005.0
146800;14361.0;3436.0;10925.0
146900;14458.0;3453.0;11005.0
147000;14358.5;3393.5;10965.0
147100;14538.0;3453.0;11085.0
147200;14538.0;3453.0;11085.0
147300;14435.0;3470.0;10965.0
147400;14487.0;3402.0;11085.0
147500;14521.0;3436.0;11085.0
147600;14691.0;3606.0;11085.0
147700;14641.0;3436.0;11205.0
147800;14538.0;3453.0;11085.0
147900;14538.0;3453.0;11085.0
148000;14658.0;3453.0;11205.0
148100;14498.0;3453.0;11045.0
148200;14618.0;3453.0;11165.0
148300;14635.0;3470.0;11165.0
148400;14755.0;3470.0;11285.0
148500;14195.0;3470.0;10725.0
148600;14666.5;3470.0;11196.5
148700;14630.5;3461.5;11169.0
148800;14639.0;3470.0;11169.0
148900;14698.5;3529.5;11169.0
149000;14814.0;3606.0;11208.0
149100;14717.0;3470.0;11247.0
149200;14734.0;3487.0;11247.0
149300;14700.0;3453.0;11247.0
149400;14700.0;3453.0;11247.0
149500;14734.0;3487.0;11247.0
149600;14717.0;3470.0;11247.0
149700;14717.0;3470.0;11247.0
149800;14876.0;3512.0;11364.0
149900;14759.0;3512.0;11247.0
150000;14876.0;3512.0;11364.0
150100;14814.0;3489.0;11325.0
150200;14674.0;3466.0;11208.0
150300;14892.0;3489.0;11403.0
150400;15243.0;3489.0;11754.0
150500;14837.0;3512.0;11325.0
150600;14814.0;3489.0;11325.0
150700;14814.0;3489.0;11325.0
150800;14814.0;3489.0;11325.0
150900;14807.0;3443.0;11364.0
151000;14830.0;3466.0;11364.0
151100;14869.0;3466.0;11403.0
151200;14869.0;3466.0;11403.0
151300;15053.0;3650.0;11403.0
151400;14869.0;3466.0;11403.0
151500;14986.0;3466.0;11520.0
151600;14869.0;3466.0;11403.0
151700;14869.0;3466.0;11403.0
151800;14791.0;3466.0;11325.0
151900;14869.0;3466.0;11403.0
152000;14931.0;3489.0;11442.0
152100;14970.0;3489.0;11481.0
152200;14924.0;3443.0;11481.0
152300;14981.5;3500.5;11481.0
152400;14981.5;3500.5;11481.0
152500;14947.0;3466.0;11481.0
152600;15039.0;3558.0;11481.0
152700;15399.0;3489.0;11910.0
152800;14970.0;3489.0;11481.0
152900;14970.0;3489.0;11481.0
153000;15009.0;3489.0;11520.0
153100;15114.5;3477.5;11637.0
153200;15071.0;3512.0;11559.0
153300;15172.0;3535.0;11637.0
153400;15048.0;3489.0;11559.0
153500;15222.5;3546.5;11676.0
153600;15255.0;3696.0;11559.0
153700;15004.5;3523.5;11481.0
153800;14642.0;3512.0;11130.0
153900;15071.0;3512.0;11559.0
154000;15153.5;3477.5;11676.0
154100;15181.0;3466.0;11715.0
154200;15126.0;3489.0;11637.0
154300;15149.0;3512.0;11637.0
154400;15149.0;3512.0;11637.0
154500;15172.0;3535.0;11637.0
154600;15009.0;3489.0;11520.0
154700;15160.5;3523.5;11637.0
154800;15071.0;3512.0;11559.0
154900;15206.5;3569.5;11637.0
155000;15165.0;3489.0;11676.0
155100;15020.0;3305.0;11715.0
155200;15227.0;3512.0;11715.0
155300;15307.5;3592.5;11715.0
155400;15656.0;3512.0;12144.0
155500;14885.5;3523.5;11362.0
155600;14862.5;3500.5;11362.0
155700;15257.0;3535.0;11722.0
155800;15354.0;3512.0;11842.0
155900;15696.0;3558.0;12138.0
156000;15385.0;3535.0;11850.0
156100;15349.0;3535.0;11814.0
156200;15372.0;3558.0;11814.0
156300;15408.5;3581.0;11827.5
156400;15203.5;3523.5;11680.0
156500;15134.5;3454.5;11680.0
156600;15307.0;3627.0;11680.0
156700;15478.0;3558.0;11920.0
156800;15696.5;3581.0;12115.5
156900;15342.5;3535.0;11807.5
157000;15327.0;3579.0;11748.0
157100;15327.0;3579.0;11748.0
157200;15447.0;3579.0;11868.0
157300;15187.0;3319.0;11868.0
157400;15460.0;3592.0;11868.0
157500;15567.0;3579.0;11988.0
157600;15447.0;3579.0;11868.0
157700;15367.0;3579.0;11788.0
157800;15447.0;3579.0;11868.0
157900;15447.0;3579.0;11868.0
158000;15567.0;3579.0;11988.0
158100;15500.0;3592.0;11908.0
158200;15527.0;3579.0;11948.0
158300;15527.0;3579.0;11948.0
158400;15553.0;3605.0;11948.0
158500;15553.0;3605.0;11948.0
158600;15553.0;3605.0;11948.0
158700;15326.0;3618.0;11708.0
158800;15634.0;3566.0;12068.0
158900;15553.0;3605.0;11948.0
159000;15673.0;3605.0;12068.0
159100;15513.0;3605.0;11908.0
159200;15633.0;3605.0;12028.0
159300;15633.0;3605.0;12028.0
159400;15607.0;3579.0;12028.0
159500;15659.0;3631.0;12028.0
159600;15581.0;3553.0;12028.0
159700;15247.0;3579.0;11668.0
159800;15553.0;3605.0;11948.0
159900;15527.0;3579.0;11948.0
160000;15608.0;3540.0;12068.0
160100;15793.0;3605.0;12188.0
160200;15767.0;3579.0;12188.0
160300;15748.0;3640.0;12108.0
160400;15060.0;3392.0;11668.0
160500;15856.5;3748.5;12108.0
160600;15878.0;3330.0;12548.0
160700;15748.0;3640.0;12108.0
160800;15837.0;3609.0;12228.0
160900;15168.5;3500.5;11668.0
161000;16005.0;3857.0;12148.0
161100;15797.0;3609.0;12188.0
161200;15766.0;3578.0;12188.0
161300;15750.5;3562.5;12188.0
161400;15917.0;3609.0;12308.0
161500;15797.0;3609.0;12188.0
161600;15811.0;3623.0;12188.0
161700;15931.0;3623.0;12308.0
161800;16261.0;3953.0;12308.0
161900;15745.0;3557.0;12188.0
162000;15818.0;3590.0;12228.0
162100;15874.5;3606.5;12268.0
162200;15907.5;3639.5;12268.0
162300;15474.0;3326.0;12148.0
162400;16122.0;3854.0;12268.0
162500;15858.0;3590.0;12268.0
162600;16011.0;3623.0;12388.0
162700;15528.0;3260.0;12268.0
162800;15778.0;3590.0;12188.0
162900;15891.0;3623.0;12268.0
163000;15834.5;3606.5;12228.0
163100;15971.0;3623.0;12348.0
163200;15987.5;3639.5;12348.0
163300;15801.5;3573.5;12228.0
163400;15938.0;3590.0;12348.0
163500;15938.0;3590.0;12348.0
163600;15938.0;3590.0;12348.0
163700;15938.0;3590.0;12348.0
163800;15938.0;3590.0;12348.0
163900;16107.5;3639.5;12468.0
164000;15978.0;3590.0;12388.0
164100;16001.5;3573.5;12428.0
164200;16051.0;3623.0;12428.0
164300;16051.0;3623.0;12428.0
164400;16051.0;3623.0;12428.0
164500;15611.0;3623.0;11988.0
164600;16001.5;3573.5;12428.0
164700;16018.0;3590.0;12428.0
164800;16018.0;3590.0;12428.0
164900;16133.5;3705.5;12428.0
165000;16011.0;3623.0;12388.0
165100;16211.0;3623.0;12588.0
165200;15971.0;3623.0;12348.0
165300;16081.5;3573.5;12508.0
165400;16149.0;3623.0;12526.0
165500;346050.0;333524.0;12526.0
165600;16198.5;3672.5;12526.0
165700;15809.0;3359.0;12450.0
165800;16263.0;3623.0;12640.0
165900;16182.0;3656.0;12526.0
166000;16296.0;3656.0;12640.0
166100;16208.5;3606.5;12602.0
166200;16258.0;3656.0;12602.0
166300;16111.0;3623.0;12488.0
166400;16274.5;3672.5;12602.0
166500;16225.0;3623.0;12602.0
166600;16274.5;3672.5;12602.0
166700;16175.5;3573.5;12602.0
166800;16489.0;3887.0;12602.0
166900;16225.0;3623.0;12602.0
167000;16230.0;3590.0;12640.0
167100;16360.5;3606.5;12754.0
167200;16037.0;3359.0;12678.0
167300;16393.5;3639.5;12754.0
167400;16268.0;3590.0;12678.0
167500;16004.0;3326.0;12678.0
167600;16268.0;3590.0;12678.0
167700;16382.0;3590.0;12792.0
167800;16415.0;3623.0;12792.0
167900;16268.0;3590.0;12678.0
168000;16306.0;3590.0;12716.0
168100;16344.0;3590.0;12754.0
168200;16712.5;3540.5;13172.0
168300;16311.0;3557.0;12754.0
168400;16212.0;3458.0;12754.0
168500;16729.0;3557.0;13172.0
168600;16342.5;3474.5;12868.0
168700;16233.5;3441.5;12792.0
168800;16344.0;3590.0;12754.0
168900;16235.0;3557.0;12678.0
169000;16299.5;3507.5;12792.0
169100;16337.5;3507.5;12830.0
169200;16387.0;3557.0;12830.0
169300;16396.0;3557.0;12839.0
169400;16396.0;3557.0;12839.0
169500;16396.0;3557.0;12839.0
169600;16480.0;3524.0;12956.0
169700;16396.0;3557.0;12839.0
169800;16396.0;3557.0;12839.0
169900;16363.0;3524.0;12839.0
170000;16357.0;3557.0;12800.0
170100;16441.0;3524.0;12917.0
170200;16474.0;3557.0;12917.0
170300;16457.5;3540.5;12917.0
170400;16474.0;3557.0;12917.0
170500;16045.0;3557.0;12488.0
170600;16474.0;3557.0;12917.0
170700;16507.0;3590.0;12917.0
170800;16523.5;3606.5;12917.0
170900;16523.5;3606.5;12917.0
171000;16513.0;3557.0;12956.0
171100;16948.0;3524.0;13424.0
171200;16634.5;3639.5;12995.0
171300;16342.5;3347.5;12995.0
171400;16527.0;3532.0;12995.0
171500;16193.0;3081.0;13112.0
171600;16527.0;3532.0;12995.0
171700;16644.0;3532.0;13112.0
171800;16603.0;3491.0;13112.0
171900;16650.0;3655.0;12995.0
172000;16566.0;3532.0;13034.0
172100;17198.0;3696.0;13502.0
172200;16724.0;3573.0;13151.0
172300;16529.0;3573.0;12956.0
172400;16605.0;3532.0;13073.0
172500;16523.0;3450.0;13073.0
172600;16646.0;3573.0;13073.0
172700;16687.0;3614.0;13073.0
172800;16789.5;3716.5;13073.0
172900;16687.0;3614.0;13073.0
173000;17235.0;3655.0;13580.0
173100;16765.0;3614.0;13151.0
173200;16802.0;3573.0;13229.0
173300;16724.0;3573.0;13151.0
173400;16730.0;3696.0;13034.0
173500;16457.5;3306.5;13151.0
173600;16718.0;3567.0;13151.0
173700;376835.0;363567.0;13268.0
173800;16772.0;3621.0;13151.0
173900;16289.0;3567.0;12722.0
174000;16793.0;3603.0;13190.0
174100;16832.0;3603.0;13229.0
174200;16380.0;3624.0;12756.0
174300;16821.0;3585.0;13236.0
174400;16821.0;3585.0;13236.0
174500;16701.0;3585.0;13116.0
174600;16860.0;3624.0;13236.0
174700;16822.0;3546.0;13276.0
174800;16743.0;3507.0;13236.0
174900;16821.0;3585.0;13236.0
175000;16759.0;3468.0;13291.0
175100;17070.0;3740.5;13329.5
175200;16930.5;3601.0;13329.5
175300;17477.0;3570.0;13907.0
175400;16900.5;3571.0;13329.5
175500;16820.0;3606.0;13214.0
175600;16988.0;3658.5;13329.5
175700;16585.5;3256.0;13329.5
175800;16963.5;3711.0;13252.5
175900;16970.5;3641.0;13329.5
176000;17009.0;3641.0;13368.0
176100;17047.5;3641.0;13406.5
176200;17012.5;3606.0;13406.5
176300;16729.0;3746.0;12983.0
176400;16897.0;3606.0;13291.0
176500;17047.5;3641.0;13406.5
176600;17233.0;3711.0;13522.0
176700;17121.0;3676.0;13445.0
176800;16977.5;3571.0;13406.5
176900;17198.0;3676.0;13522.0
177000;16659.0;3676.0;12983.0
177100;17565.5;3658.5;13907.0
177200;17138.5;3693.5;13445.0
177300;16991.5;3623.5;13368.0
177400;17009.0;3641.0;13368.0
177500;17026.5;3658.5;13368.0
177600;17089.5;3606.0;13483.5
177700;17124.5;3641.0;13483.5
177800;17124.5;3641.0;13483.5
177900;17513.0;3606.0;13907.0
178000;17170.0;3571.0;13599.0
178100;17590.0;3606.0;13984.0
178200;17051.0;3606.0;13445.0
178300;17278.5;3641.0;13637.5
178400;17166.5;3606.0;13560.5
178500;16886.5;3326.0;13560.5
178600;16417.0;3326.0;13091.0
178700;17097.0;3606.0;13491.0
178800;17159.5;3588.5;13571.0
178900;17177.0;3606.0;13571.0
179000;17217.0;3606.0;13611.0
179100;17257.0;3606.0;13651.0
179200;17137.0;3606.0;13531.0
179300;17257.0;3606.0;13651.0
179400;16817.0;3606.0;13211.0
179500;17257.0;3606.0;13651.0
179600;17327.0;3676.0;13651.0
179700;17247.0;3676.0;13571.0
179800;17327.0;3676.0;13651.0
179900;17247.0;3676.0;13571.0
180000;17604.5;3833.5;13771.0
180100;17407.0;3676.0;13731.0
180200;17474.5;3743.5;13731.0
180300;17452.0;3721.0;13731.0
180400;17219.5;3608.5;13611.0
180500;17527.0;3676.0;13851.0
180600;17362.0;3631.0;13731.0
180700;17362.0;3631.0;13731.0
180800;17407.0;3676.0;13731.0
180900;16922.0;3631.0;13291.0
181000;17087.0;3316.0;13771.0
181100;17487.0;3676.0;13811.0
181200;17634.5;3743.5;13891.0
181300;17442.0;3631.0;13811.0
181400;17532.0;3721.0;13811.0
181500;17367.0;3676.0;13691.0
181600;17577.0;3766.0;13811.0
181700;17689.5;3878.5;13811.0
181800;17397.0;3586.0;13811.0
181900;17532.0;3721.0;13811.0
182000;17114.5;3743.5;13371.0
182100;17612.0;3721.0;13891.0
182200;17447.0;3676.0;13771.0
182300;17567.0;3676.0;13891.0
182400;17619.5;3608.5;14011.0
182500;17589.5;3698.5;13891.0
182600;17687.0;3676.0;14011.0
182700;17477.0;3586.0;13891.0
182800;17687.0;3676.0;14011.0
182900;17487.0;3676.0;13811.0
183000;17687.0;3676.0;14011.0
183100;17647.0;3676.0;13971.0
183200;17579.5;3608.5;13971.0
183300;17722.0;3631.0;14091.0
183400;17602.0;3631.0;13971.0
183500;17602.0;3631.0;13971.0
183600;17785.0;3694.0;14091.0
183700;17585.0;3694.0;13891.0
183800;17665.0;3694.0;13971.0
183900;17665.0;3694.0;13971.0
184000;17165.0;3154.0;14011.0
184100;17745.0;3694.0;14051.0
184200;17825.0;3694.0;14131.0
184300;17826.0;3775.0;14051.0
184400;17780.0;3729.0;14051.0
184500;17752.5;3670.0;14082.5
184600;18184.0;4260.0;13924.0
184700;17392.0;3788.0;13604.0
184800;17846.0;3802.0;14044.0
184900;17680.5;3716.5;13964.0
185000;18366.0;3802.0;14564.0
185100;17926.0;3802.0;14124.0
185200;18011.5;3887.5;14124.0
185300;17983.0;3859.0;14124.0
185400;17806.0;3802.0;14004.0
185500;17926.0;3802.0;14124.0
185600;17492.5;3346.0;14146.5
185700;17948.5;3802.0;14146.5
185800;17948.5;3802.0;14146.5
185900;17556.0;3517.0;14039.0
186000;17875.5;3716.5;14159.0
186100;18081.0;3802.0;14279.0
186200;18138.0;3859.0;14279.0
186300;18058.0;3859.0;14199.0
186400;18533.0;3894.0;14639.0
186500;18629.0;4310.0;14319.0
186600;18041.0;3842.0;14199.0
186700;18213.0;3894.0;14319.0
186800;18093.0;3894.0;14199.0
186900;17883.0;3764.0;14119.0
187000;18185.0;3946.0;14239.0
187100;18173.0;3894.0;14279.0
187200;18173.0;3894.0;14279.0
187300;18017.0;3738.0;14279.0
187400;18173.0;3894.0;14279.0
187500;18173.0;3894.0;14279.0
187600;18121.0;3842.0;14279.0
187700;18163.0;3764.0;14399.0
187800;18121.0;3842.0;14279.0
187900;18507.0;3920.0;14587.0
188000;18177.0;3842.0;14335.0
188100;18177.0;3842.0;14335.0
188200;17797.0;3426.0;14371.0
188300;18229.0;3894.0;14335.0
188400;18265.0;3894.0;14371.0
188500;18265.0;3894.0;14371.0
188600;18213.0;3842.0;14371.0
188700;17884.0;3842.0;14042.0
188800;18230.5;3842.0;14388.5
188900;18282.5;3894.0;14388.5
189000;-766284.0;3842.0;-770126.0
189100;17958.0;3842.0;14116.0
189200;18396.0;3920.0;14476.0
189300;18318.0;3842.0;14476.0
189400;18998.0;3842.0;15156.0
189500;18344.0;3868.0;14476.0
189600;18318.0;3842.0;14476.0
189700;18934.0;4258.0;14676.0
189800;18385.0;3894.0;14491.0
189900;18385.0;3894.0;14491.0
190000;18332.0;3920.0;14412.0
190100;18395.0;3863.0;14532.0
190200;18463.5;3918.0;14545.5
190300;18463.5;3918.0;14545.5
190400;18579.0;3918.0;14661.0
190500;18463.5;3918.0;14545.5
190600;18403.0;3973.0;14430.0
190700;18381.0;3835.5;14545.5
190800;18560.5;4015.0;14545.5
190900;18511.5;3966.0;14545.5
191000;18525.5;3941.5;14584.0
191100;18522.0;4015.0;14507.0
191200;18564.0;3941.5;14622.5
191300;18571.0;4064.0;14507.0
191400;18588.5;3966.0;14622.5
191500;18662.0;4039.5;14622.5
191600;18522.0;4015.0;14507.0
191700;18588.5;3966.0;14622.5
191800;18553.5;3892.5;14661.0
191900;18560.5;4015.0;14545.5
192000;18651.5;3990.5;14661.0
192100;18788.0;4088.5;14699.5
192200;18961.5;4262.0;14699.5
192300;18318.0;4042.0;14276.0
192400;18701.5;4002.0;14699.5
192500;18741.5;4042.0;14699.5
192600;18801.5;4102.0;14699.5
192700;18741.5;4042.0;14699.5
192800;18855.0;4117.0;14738.0
192900;18816.5;4117.0;14699.5
193000;18932.0;4117.0;14815.0
193100;18736.0;3959.5;14776.5
193200;18893.5;4117.0;14776.5
193300;18610.5;3757.0;14853.5
193400;18893.5;4117.0;14776.5
193500;18649.0;3757.0;14892.0
193600;18778.0;4117.0;14661.0
193700;19253.5;4477.0;14776.5
193800;18819.5;4004.5;14815.0
193900;18920.5;4117.0;14803.5
194000;19027.0;4117.0;14910.0
194100;19107.5;4162.0;14945.5
194200;19081.5;4207.0;14874.5
194300;18991.5;4117.0;14874.5
194400;18991.5;4117.0;14874.5
194500;19165.5;4184.5;14981.0
194600;18433.0;4162.0;14271.0
194700;19099.0;4189.0;14910.0
194800;19099.5;4225.0;14874.5
194900;19063.5;4189.0;14874.5
195000;18673.0;4189.0;14484.0
195100;19134.5;4189.0;14945.5
195200;19170.5;4225.0;14945.5
195300;19170.5;4225.0;14945.5
195400;18846.0;4063.0;14783.0
195500;19008.0;4225.0;14783.0
195600;19126.5;4225.0;14901.5
195700;19029.5;4207.0;14822.5
195800;19162.5;4261.0;14901.5
195900;19281.0;4261.0;15020.0
196000;19202.0;4261.0;14941.0
196100;19112.0;4171.0;14941.0
196200;19356.5;4297.0;15059.5
196300;19105.0;4243.0;14862.0
196400;19396.0;4297.0;15099.0
196500;19277.5;4297.0;14980.5
196600;19277.5;4297.0;14980.5
196700;19198.5;4297.0;14901.5
196800;19223.5;4243.0;14980.5
196900;19277.5;4297.0;14980.5
197000;19317.0;4297.0;15020.0
197100;19377.5;4318.0;15059.5
197200;19509.5;4450.0;15059.5
197300;19443.5;4384.0;15059.5
197400;19410.5;4351.0;15059.5
197500;19410.5;4351.0;15059.5
197600;19410.5;4351.0;15059.5
197700;19430.5;4450.0;14980.5
197800;19331.5;4351.0;14980.5
197900;19410.5;4351.0;15059.5
198000;19714.0;4615.0;15099.0
198100;19387.5;4367.5;15020.0
198200;19456.5;4318.0;15138.5
198300;19568.5;4351.0;15217.5
198400;19489.5;4351.0;15138.5
198500;19489.5;4351.0;15138.5
198600;19723.5;4466.5;15257.0
198700;19522.5;4384.0;15138.5
198800;19443.5;4384.0;15059.5
198900;19522.5;4384.0;15138.5
199000;19595.0;4417.0;15178.0
199100;19865.5;4648.0;15217.5
199200;19601.5;4384.0;15217.5
199300;19746.5;4450.0;15296.5
199400;19585.0;4367.5;15217.5
199500;19765.5;4548.0;15217.5
199600;19622.5;4405.0;15217.5
199700;19491.5;4353.0;15138.5
199800;19438.5;4221.0;15217.5
199900;19535.0;4199.0;15336.0
200000;19478.0;4221.0;15257.0
200100;19654.0;4397.0;15257.0
200200;19693.5;4397.0;15296.5
200300;19715.5;4419.0;15296.5
200400;19715.5;4419.0;15296.5
200500;19715.5;4419.0;15296.5
200600;20073.5;4461.0;15612.5
200700;19799.5;4503.0;15296.5
200800;19785.5;4489.0;15296.5
200900;19771.5;4475.0;15296.5
201000;19797.0;4461.0;15336.0
201100;19825.0;4489.0;15336.0
201200;19836.5;4461.0;15375.5
201300;19836.5;4461.0;15375.5
201400;19718.0;4461.0;15257.0
201500;20215.0;4405.0;15810.0
201600;19864.5;4489.0;15375.5
201700;19864.5;4489.0;15375.5
201800;20285.0;4475.0;15810.0
201900;19876.0;4461.0;15415.0
202000;19806.0;4391.0;15415.0
202100;19848.0;4433.0;15415.0
202200;20275.0;4433.0;15842.0
202300;19853.0;4391.0;15462.0
202400;19876.0;4405.0;15471.0
202500;19876.0;4405.0;15471.0
202600;19834.0;4363.0;15471.0
202700;19862.0;4391.0;15471.0
202800;19862.0;4391.0;15471.0
202900;20031.0;4599.0;15432.0
203000;19901.0;4391.0;15510.0
203100;19901.0;4391.0;15510.0
203200;19940.0;4391.0;15549.0
203300;19940.0;4391.0;15549.0
203400;20057.0;4391.0;15666.0
203500;20044.0;4495.0;15549.0
203600;19849.0;4417.0;15432.0
203700;19992.0;4443.0;15549.0
203800;19777.0;4391.0;15386.0
203900;20345.0;4599.0;15746.0
204000;20009.0;4417.0;15592.0
204100;20022.0;4430.0;15592.0
204200;19904.5;4274.0;15630.5
204300;20047.5;4417.0;15630.5
204400;20432.0;4378.0;16054.0
204500;19659.0;4378.0;15281.0
204600;20006.0;4365.0;15641.0
204700;19618.0;4417.0;15201.0
204800;20058.0;4417.0;15641.0
204900;19992.0;4391.0;15601.0
205000;19912.0;4391.0;15521.0
205100;20100.0;4339.0;15761.0
205200;20125.0;4404.0;15721.0
205300;20125.0;4404.0;15721.0
205400;20086.0;4365.0;15721.0
205500;20086.0;4365.0;15721.0
205600;20112.0;4391.0;15721.0
205700;20086.0;4365.0;15721.0
205800;20086.0;4365.0;15721.0
205900;20152.0;4391.0;15761.0
206000;20152.0;4391.0;15761.0
206100;19792.0;4391.0;15401.0
206200;20140.0;4339.0;15801.0
206300;20192.0;4391.0;15801.0
206400;19832.0;4391.0;15441.0
206500;20242.0;4441.0;15801.0
206600;20350.5;4429.5;15921.0
206700;20196.0;4395.0;15801.0
206800;20196.0;4395.0;15801.0
206900;20420.0;4579.0;15841.0
207000;20236.0;4395.0;15841.0
207100;20259.0;4418.0;15841.0
207200;20046.0;4165.0;15881.0
207300;20115.0;4234.0;15881.0
207400;20299.0;4418.0;15881.0
207500;20299.0;4418.0;15881.0
207600;20433.0;4432.0;16001.0
207700;20353.0;4432.0;15921.0
207800;20313.0;4432.0;15881.0
207900;20440.5;4519.5;15921.0
208000;20353.0;4432.0;15921.0
208100;20353.0;4432.0;15921.0
208200;20473.0;4432.0;16041.0
208300;20343.0;4382.0;15961.0
208400;20475.5;4394.5;16081.0
208500;20490.0;4529.0;15961.0
208600;20302.0;4461.0;15841.0
208700;20016.0;4495.0;15521.0
208800;20422.0;4461.0;15961.0
208900;20508.0;4427.0;16081.0
209000;20343.0;4342.0;16001.0
209100;20462.0;4461.0;16001.0
209200;20380.0;4699.0;15681.0
209300;20842.0;4801.0;16041.0
209400;20536.0;4495.0;16041.0
209500;20502.0;4461.0;16041.0
209600;20502.0;4461.0;16041.0
209700;20502.0;4461.0;16041.0
209800;20468.0;4427.0;16041.0
209900;20593.0;4512.0;16081.0
210000;20559.0;4478.0;16081.0
210100;20462.0;4461.0;16001.0
210200;20548.0;4427.0;16121.0
210300;20570.5;4427.0;16143.5
210400;20723.5;4580.0;16143.5
210500;20638.5;4495.0;16143.5
210600;20638.5;4495.0;16143.5
210700;20740.5;4597.0;16143.5
210800;20604.5;4461.0;16143.5
210900;20751.0;4495.0;16256.0
211000;20690.0;4509.0;16181.0
211100;20658.0;4477.0;16181.0
211200;20695.5;4477.0;16218.5
211300;20515.0;4637.0;15878.0
211400;20903.0;4557.0;16346.0
211500;20887.0;4541.0;16346.0
211600;20855.0;4509.0;16346.0
211700;20738.0;4509.0;16229.0
211800;20738.0;4509.0;16229.0
211900;20731.0;4541.0;16190.0
212000;20825.0;4557.0;16268.0
212100;20809.0;4541.0;16268.0
212200;20848.0;4541.0;16307.0
212300;20843.0;4509.0;16334.0
212400;20554.0;4253.0;16301.0
212500;20810.0;4509.0;16301.0
212600;20693.0;4509.0;16184.0
212700;20881.0;4541.0;16340.0
212800;20810.0;4509.0;16301.0
212900;20897.0;4557.0;16340.0
213000;20817.0;4477.0;16340.0
213100;20849.0;4509.0;16340.0
213200;20912.0;4221.0;16691.0
213300;21349.0;4541.0;16808.0
213400;20888.0;4509.0;16379.0
213500;21021.0;4525.0;16496.0
213600;20856.0;4477.0;16379.0
213700;20856.0;4477.0;16379.0
213800;20856.0;4477.0;16379.0
213900;21215.0;4797.0;16418.0
214000;20863.0;4445.0;16418.0
214100;21487.0;4445.0;17042.0
214200;20817.0;4477.0;16340.0
214300;20886.0;4429.0;16457.0
214400;20902.0;4445.0;16457.0
214500;20950.0;4493.0;16457.0
214600;20902.0;4445.0;16457.0
214700;20950.0;4493.0;16457.0
214800;20824.0;4445.0;16379.0
214900;20941.0;4445.0;16496.0
215000;20941.0;4445.0;16496.0
215100;21019.0;4445.0;16574.0
215200;20815.0;4397.0;16418.0
215300;20980.0;4445.0;16535.0
215400;21097.0;4445.0;16652.0
215500;20980.0;4445.0;16535.0
215600;20863.0;4445.0;16418.0
215700;20932.0;4397.0;16535.0
215800;21222.0;4765.0;16457.0
215900;20987.0;4413.0;16574.0
216000;21107.0;4455.0;16652.0
216100;21029.0;4455.0;16574.0
216200;21068.0;4455.0;16613.0
216300;20951.0;4455.0;16496.0
216400;21107.0;4494.0;16613.0
216500;21094.0;4481.0;16613.0
216600;21103.0;4490.0;16613.0
216700;21103.0;4490.0;16613.0
216800;21563.0;4521.0;17042.0
216900;21302.5;4650.5;16652.0
217000;21259.0;4529.0;16730.0
217100;21259.0;4529.0;16730.0
217200;21103.0;4529.0;16574.0
217300;21179.5;4488.5;16691.0
217400;21220.0;4529.0;16691.0
217500;21193.0;4502.0;16691.0
217600;21233.5;4542.5;16691.0
217700;21193.0;4502.0;16691.0
217800;21193.0;4502.0;16691.0
217900;21232.0;4502.0;16730.0
218000;21232.0;4502.0;16730.0
218100;21178.0;4448.0;16730.0
218200;21154.0;4502.0;16652.0
218300;21271.0;4502.0;16769.0
218400;21190.0;4421.0;16769.0
218500;21541.0;4772.0;16769.0
218600;21091.0;4205.0;16886.0
218700;21284.5;4515.5;16769.0
218800;21257.5;4488.5;16769.0
218900;21283.0;4475.0;16808.0
219000;21242.5;4434.5;16808.0
219100;21283.0;4475.0;16808.0
219200;21349.0;4502.0;16847.0
219300;21349.0;4502.0;16847.0
219400;21349.0;4502.0;16847.0
219500;21322.0;4475.0;16847.0
219600;21322.0;4475.0;16847.0
219700;21335.5;4475.0;16860.5
219800;21295.0;4434.5;16860.5
219900;21466.0;4475.0;16991.0
220000;21815.5;4434.5;17381.0
220100;21310.0;4475.0;16835.0
220200;21427.0;4475.0;16952.0
220300;20862.5;4339.5;16523.0
220400;21002.0;4479.0;16523.0
220500;21369.0;4417.0;16952.0
220600;21236.5;4401.5;16835.0
220700;21891.0;4510.0;17381.0
220800;21400.0;4448.0;16952.0
220900;21190.5;4401.5;16789.0
221000;21261.0;4272.0;16989.0
221100;21227.0;4158.0;17069.0
221200;21274.5;4605.5;16669.0
221300;21472.0;4483.0;16989.0
221400;21634.5;4605.5;17029.0
221500;21675.0;4646.0;17029.0
221600;21547.0;4491.0;17056.0
221700;21177.0;4460.0;16717.0
221800;21568.0;4491.0;17077.0
221900;21608.0;4491.0;17117.0
222000;21608.0;4491.0;17117.0
222100;21528.0;4491.0;17037.0
222200;21679.0;4522.0;17157.0
222300;21679.0;4522.0;17157.0
222400;21741.0;4584.0;17157.0
222500;21539.5;4382.5;17157.0
222600;21431.0;4274.0;17157.0
222700;21679.0;4522.0;17157.0
222800;21663.5;4506.5;17157.0
222900;21719.0;4522.0;17197.0
223000;21378.0;4181.0;17197.0
223100;21688.0;4491.0;17197.0
223200;21808.0;4491.0;17317.0
223300;21728.0;4491.0;17237.0
223400;21608.0;4491.0;17117.0
223500;21728.0;4491.0;17237.0
223600;21728.0;4491.0;17237.0
223700;21728.0;4491.0;17237.0
223800;21666.0;4429.0;17237.0
223900;21768.0;4491.0;17277.0
224000;21737.0;4460.0;17277.0
224100;21737.0;4460.0;17277.0
224200;21125.0;4488.0;16637.0
224300;21717.5;4400.5;17317.0
224400;21840.0;4523.0;17317.0
224500;21720.0;4523.0;17197.0
224600;21960.0;4523.0;17437.0
224700;21400.0;4523.0;16877.0
224800;21840.0;4523.0;17317.0
224900;21915.0;4558.0;17357.0
225000;21915.0;4558.0;17357.0
225100;22290.0;4453.0;17837.0
225200;21972.5;4575.5;17397.0
225300;21862.5;4505.5;17357.0
225400;22270.5;4558.0;17712.5
225500;-765453.5;4505.5;-769959.0
225600;21962.5;4558.0;17404.5
225700;22029.5;4625.0;17404.5
225800;21990.5;4586.0;17404.5
225900;21990.0;4547.0;17443.0
226000;22067.0;4547.0;17520.0
226100;22087.5;4644.5;17443.0
226200;21848.5;4790.5;17058.0
226300;22079.5;4598.0;17481.5
226400;22154.5;4650.5;17504.0
226500;22137.0;4633.0;17504.0
226600;22245.0;4633.0;17612.0
226700;22137.0;4633.0;17504.0
226800;21890.5;4510.5;17380.0
226900;22308.0;4808.0;17500.0
227000;22133.0;4633.0;17500.0
227100;22203.0;4703.0;17500.0
227200;22173.0;4633.0;17540.0
227300;22173.0;4633.0;17540.0
227400;22173.0;4633.0;17540.0
227500;22173.0;4633.0;17540.0
227600;22208.0;4668.0;17540.0
227700;22310.5;4650.5;17660.0
227800;22058.0;4598.0;17460.0
227900;22178.0;4598.0;17580.0
228000;22223.0;4563.0;17660.0
228100;22763.0;4703.0;18060.0
228200;22218.0;4598.0;17620.0
228300;22403.0;4703.0;17700.0
228400;22169.0;4549.0;17620.0
228500;22119.0;4619.0;17500.0
228600;22239.0;4619.0;17620.0
228700;22239.0;4619.0;17620.0
228800;22239.0;4619.0;17620.0
228900;21971.0;4311.0;17660.0
229000;22731.0;4591.0;18140.0
229100;22181.0;4521.0;17660.0
229200;22199.0;4619.0;17580.0
229300;22143.0;4563.0;17580.0
229400;22199.0;4619.0;17580.0
229500;22319.0;4619.0;17700.0
229600;22291.0;4591.0;17700.0
229700;22435.0;4815.0;17620.0
229800;22291.0;4591.0;17700.0
229900;22331.0;4591.0;17740.0
230000;22331.0;4591.0;17740.0
230100;21835.0;4535.0;17300.0
230200;22399.0;4619.0;17780.0
230300;21833.0;4493.0;17340.0
230400;22399.0;4619.0;17780.0
230500;22357.0;4577.0;17780.0
230600;22399.0;4619.0;17780.0
230700;22235.0;4535.0;17700.0
230800;22399.0;4619.0;17780.0
230900;22439.0;4619.0;17820.0
231000;22411.0;4591.0;17820.0
231100;22313.0;4493.0;17820.0
231200;22479.0;4619.0;17860.0
231300;22889.5;4647.0;18242.5
231400;22142.0;4423.0;17719.0
231500;22262.0;4423.0;17839.0
231600;22450.0;4731.0;17719.0
231700;22178.0;4339.0;17839.0
231800;22406.0;4647.0;17759.0
231900;22554.0;4675.0;17879.0
232000;22554.0;4675.0;17879.0
232100;22658.0;4779.0;17879.0
232200;22578.0;4659.0;17919.0
232300;22338.0;4419.0;17919.0
232400;22458.0;4659.0;17799.0
232500;22298.0;4659.0;17639.0
232600;22003.0;4764.0;17239.0
232700;22698.0;4659.0;18039.0
232800;22648.0;4689.0;17959.0
232900;22648.0;4689.0;17959.0
233000;22678.0;4719.0;17959.0
233100;22648.0;4689.0;17959.0
233200;22768.0;4689.0;18079.0
233300;22568.0;4689.0;17879.0
233400;22688.0;4689.0;17999.0
233500;22438.0;4719.0;17719.0
233600;22748.0;4749.0;17999.0
233700;23048.0;5049.0;17999.0
233800;22838.0;4719.0;18119.0
233900;23358.0;4839.0;18519.0
234000;22788.0;4749.0;18039.0
234100;22868.0;4749.0;18119.0
234200;22858.0;4779.0;18079.0
234300;22858.0;4779.0;18079.0
234400;23133.0;4614.0;18519.0
234500;22783.0;4704.0;18079.0
234600;22858.0;4779.0;18079.0
234700;22948.0;4749.0;18199.0
234800;22588.0;4509.0;18079.0
234900;22868.0;4749.0;18119.0
235000;22948.0;4749.0;18199.0
235100;22388.0;4749.0;17639.0
235200;22908.0;4749.0;18159.0
235300;23348.0;4749.0;18599.0
235400;22788.0;4749.0;18039.0
235500;22788.0;4749.0;18039.0
235600;22908.0;4749.0;18159.0
235700;22828.0;4749.0;18079.0
235800;22798.0;4719.0;18079.0
235900;23049.0;4734.0;18315.0
236000;22960.0;4719.0;18241.0
236100;22960.0;4719.0;18241.0
236200;22997.0;4719.0;18278.0
236300;22590.0;4719.0;17871.0
236400;23030.0;4752.0;18278.0
236500;22623.0;4752.0;17871.0
236600;23100.0;4822.0;18278.0
236700;23129.0;4851.0;18278.0
236800;23114.0;4836.0;18278.0
236900;23151.0;4836.0;18315.0
237000;23081.5;4882.5;18199.0
237100;23195.0;4836.0;18359.0
237200;22841.5;4882.5;17959.0
237300;23124.0;4805.0;18319.0
237400;22715.0;4836.0;17879.0
237500;23155.0;4836.0;18319.0
237600;23275.0;4836.0;18439.0
237700;22715.0;4836.0;17879.0
237800;23124.0;4805.0;18319.0
237900;23164.0;4805.0;18359.0
238000;23195.0;4836.0;18359.0
238100;23115.0;4836.0;18279.0
238200;23359.0;4960.0;18399.0
238300;23266.0;4867.0;18399.0
238400;23161.5;4882.5;18279.0
238500;23386.0;4867.0;18519.0
238600;23146.0;4867.0;18279.0
238700;23266.0;4867.0;18399.0
238800;23266.0;4867.0;18399.0
238900;23306.0;4867.0;18439.0
239000;23569.0;5010.0;18559.0
239100;23314.0;4875.0;18439.0
239200;23327.0;4848.0;18479.0
239300;23273.0;4794.0;18479.0
239400;23323.0;4844.0;18479.0
239500;23190.5;4831.5;18359.0
239600;23548.0;5069.0;18479.0
239700;23323.0;4844.0;18479.0
239800;23323.0;4844.0;18479.0
239900;23225.5;4706.5;18519.0
240000;23638.0;5119.0;18519.0
240100;23388.0;4869.0;18519.0
240200;23508.0;4869.0;18639.0
240300;23465.5;4906.5;18559.0
240400;23308.0;4869.0;18439.0
240500;23428.0;4869.0;18559.0
240600;23013.0;4894.0;18119.0
240700;23403.0;4844.0;18559.0
240800;23653.0;5094.0;18559.0
240900;23493.0;4894.0;18599.0
241000;23413.0;4894.0;18519.0
241100;23493.0;4894.0;18599.0
241200;23438.0;4919.0;18519.0
241300;23613.0;4894.0;18719.0
241400;23653.0;4894.0;18759.0
241500;23410.5;4931.5;18479.0
241600;23527.0;4856.5;18670.5
241700;23429.0;4669.0;18760.0
241800;23537.0;4894.0;18643.0
241900;23576.0;4894.0;18682.0
242000;23616.5;4856.5;18760.0
242100;23448.0;4844.0;18604.0
242200;24100.0;4794.0;19306.0
242300;23590.0;4869.0;18721.0
242400;23712.0;4874.0;18838.0
242500;23760.0;5039.0;18721.0
242600;23688.0;4967.0;18721.0
242700;23724.0;5003.0;18721.0
242800;23721.0;4883.0;18838.0
242900;23751.0;4991.0;18760.0
243000;23751.0;4991.0;18760.0
243100;23397.0;4991.0;18406.0
243200;23797.0;4991.0;18806.0
243300;24087.0;4967.0;19120.0
243400;23669.0;4967.0;18702.0
243500;23567.0;4751.0;18816.0
243600;23735.0;4919.0;18816.0
243700;23437.0;4967.0;18470.0
243800;23797.0;4967.0;18830.0
243900;23173.0;4943.0;18230.0
244000;23877.0;5007.0;18870.0
244100;23851.0;4981.0;18870.0
244200;23852.0;4942.0;18910.0
244300;23865.0;4955.0;18910.0
244400;23865.0;4955.0;18910.0
244500;23865.0;4955.0;18910.0
244600;23745.0;4955.0;18790.0
244700;23759.0;4929.0;18830.0
244800;23865.0;4955.0;18910.0
244900;23905.0;4955.0;18950.0
245000;23972.0;4942.0;19030.0
245100;23959.0;4929.0;19030.0
245200;23945.0;4955.0;18990.0
245300;23828.0;4838.0;18990.0
245400;24625.0;4955.0;19670.0
245500;23919.0;4929.0;18990.0
245600;23945.0;4955.0;18990.0
245700;283893.0;264903.0;18990.0
245800;24065.0;4955.0;19110.0
245900;23891.5;4941.5;18950.0
246000;23971.5;4941.5;19030.0
246100;24006.0;4976.0;19030.0
246200;23629.0;4999.0;18630.0
246300;24046.0;4976.0;19070.0
246400;24166.0;4976.0;19190.0
246500;24015.0;4825.0;19190.0
246600;24135.0;5065.0;19070.0
246700;24015.0;4945.0;19070.0
246800;23940.0;4750.0;19190.0
246900;24070.0;4960.0;19110.0
247000;24070.0;4960.0;19110.0
247100;24070.0;4960.0;19110.0
247200;23775.0;5065.0;18710.0
247300;24065.0;4915.0;19150.0
247400;24260.0;4990.0;19270.0
247500;24110.0;4960.0;19150.0
247600;24065.0;4915.0;19150.0
247700;23825.0;5035.0;18790.0
247800;24110.0;4960.0;19150.0
247900;24195.0;5005.0;19190.0
248000;24070.0;4960.0;19110.0
248100;24120.0;4930.0;19190.0
248200;24160.0;4930.0;19230.0
248300;24220.0;4990.0;19230.0
248400;24382.0;4990.0;19392.0
248500;24242.5;4960.0;19282.5
248600;24269.5;4987.0;19282.5
248700;24015.0;5068.0;18947.0
248800;24214.0;4987.0;19227.0
248900;24254.0;4987.0;19267.0
249000;24334.0;4987.0;19347.0
249100;24441.0;5014.0;19427.0
249200;24198.5;4811.5;19387.0
249300;24347.0;4960.0;19387.0
249400;24374.0;4987.0;19387.0
249500;24401.0;5014.0;19387.0
249600;24374.0;4987.0;19387.0
249700;23962.0;5015.0;18947.0
249800;24425.0;5038.0;19387.0
249900;24499.0;4992.0;19507.0
250000;24384.5;4957.5;19427.0
250100;24533.5;5026.5;19507.0
250200;24424.5;4957.5;19467.0
250300;24539.0;4992.0;19547.0
250400;24483.0;5176.0;19307.0
250500;23973.0;4946.0;19027.0
250600;24424.5;4957.5;19467.0
250700;24459.0;4992.0;19467.0
250800;24528.0;5061.0;19467.0
250900;24534.0;4992.0;19542.0
251000;24557.0;5015.0;19542.0
251100;24534.0;4992.0;19542.0
251200;24490.0;4911.5;19578.5
251300;24620.5;4969.0;19651.5
251400;24972.0;4992.0;19980.0
251500;24570.5;4992.0;19578.5
251600;24547.5;4969.0;19578.5
251700;24429.0;4969.0;19460.0
251800;24629.0;4969.0;19660.0
251900;24526.0;4946.0;19580.0
252000;24549.0;4969.0;19580.0
252100;24898.5;4969.0;19929.5
252200;24606.5;4969.0;19637.5
252300;24606.5;4969.0;19637.5
252400;24900.0;5153.0;19747.0
252500;24448.0;4969.0;19479.0
252600;24568.0;4969.0;19599.0
252700;24608.0;4969.0;19639.0
252800;24407.0;4808.0;19599.0
252900;24551.0;4992.0;19559.0
253000;24190.0;5031.0;19159.0
253100;24645.0;5006.0;19639.0
253200;24740.0;4981.0;19759.0
253300;24660.0;4981.0;19679.0
253400;24685.0;5006.0;19679.0
253500;24220.0;4981.0;19239.0
253600;24805.0;5006.0;19799.0
253700;24605.0;5006.0;19599.0
253800;24725.0;5006.0;19719.0
253900;24725.0;5006.0;19719.0
254000;24725.0;5006.0;19719.0
254100;24619.0;4900.0;19719.0
254200;24767.0;5008.0;19759.0
254300;24578.0;4819.0;19759.0
254400;24735.5;4976.5;19759.0
254500;24773.0;5014.0;19759.0
254600;25263.0;5064.0;20199.0
254700;24930.5;5051.5;19879.0
254800;24873.0;5114.0;19759.0
254900;24888.0;5089.0;19799.0
255000;24438.0;5039.0;19399.0
255100;24863.0;5064.0;19799.0
255200;24917.0;5078.0;19839.0
255300;24917.0;5078.0;19839.0
255400;24774.0;5055.0;19719.0
255500;24894.0;5055.0;19839.0
255600;25322.5;5043.5;20279.0
255700;25037.0;5078.0;19959.0
255800;24860.0;5101.0;19759.0
255900;24945.5;5066.5;19879.0
256000;25037.0;5078.0;19959.0
256100;25060.0;5101.0;19959.0
256200;25100.0;5101.0;19999.0
256300;24877.0;5078.0;19799.0
256400;24997.0;5078.0;19919.0
256500;24997.0;5078.0;19919.0
256600;25020.0;5101.0;19919.0
256700;25031.5;5112.5;19919.0
256800;24974.0;5055.0;19919.0
256900;24957.0;5078.0;19879.0
257000;24957.0;5078.0;19879.0
257100;25117.0;5078.0;20039.0
257200;25077.0;5078.0;19999.0
257300;24957.0;5078.0;19879.0
257400;25164.0;5285.0;19879.0
257500;24695.0;5136.0;19559.0
257600;25093.0;5094.0;19999.0
257700;25283.0;5164.0;20119.0
257800;25135.0;5136.0;19999.0
257900;25147.0;5108.0;20039.0
258000;25011.0;5052.0;19959.0
258100;25123.0;5164.0;19959.0
258200;25187.0;5108.0;20079.0
258300;25411.0;5332.0;20079.0
258400;24991.0;4912.0;20079.0
258500;25335.0;5136.0;20199.0
258600;25439.0;5360.0;20079.0
258700;25215.0;5136.0;20079.0
258800;25215.0;5136.0;20079.0
258900;25175.0;5136.0;20039.0
259000;25255.0;5136.0;20119.0
259100;25255.0;5136.0;20119.0
259200;25434.0;5275.0;20159.0
259300;25357.0;5198.0;20159.0
259400;25335.0;5176.0;20159.0
259500;25455.0;5176.0;20279.0
259600;25335.0;5176.0;20159.0
259700;25335.0;5176.0;20159.0
259800;25455.0;5176.0;20279.0
259900;25441.0;5242.0;20199.0
260000;24784.0;5225.0;19559.0
260100;25424.0;5225.0;20199.0
260200;25991.0;5312.0;20679.0
260300;25344.0;5225.0;20119.0
260400;25584.0;5225.0;20359.0
260500;25472.0;4993.0;20479.0
260600;25344.0;5225.0;20119.0
260700;25493.0;5254.0;20239.0
260800;25605.0;5246.0;20359.0
260900;25406.0;5207.0;20199.0
261000;25605.0;5246.0;20359.0
261100;25525.0;5246.0;20279.0
261200;25565.0;5246.0;20319.0
261300;25307.0;5428.0;19879.0
261400;25659.0;5220.0;20439.0
261500;25591.0;5272.0;20319.0
261600;25623.0;5304.0;20319.0
261700;25483.0;5244.0;20239.0
261800;25483.0;5244.0;20239.0
261900;25633.0;5274.0;20359.0
262000;25603.0;5244.0;20359.0
262100;25633.0;5274.0;20359.0
262200;25723.0;5244.0;20479.0
262300;25643.0;5244.0;20399.0
262400;25233.0;5274.0;19959.0
262500;25553.0;5274.0;20279.0
262600;25553.0;5274.0;20279.0
262700;25543.0;4944.0;20599.0
262800;25603.5;5274.0;20329.5
262900;25719.0;5274.0;20445.0
263000;25674.0;5229.0;20445.0
263100;25719.0;5274.0;20445.0
263200;25757.5;5274.0;20483.5
263300;25757.5;5274.0;20483.5
263400;25817.5;5334.0;20483.5
263500;25808.5;5325.0;20483.5
263600;25883.5;5284.5;20599.0
263700;25826.0;5419.5;20406.5
263800;25862.5;5379.0;20483.5
263900;25874.0;5352.0;20522.0
264000;25391.5;5257.5;20134.0
264100;25886.0;5352.0;20534.0
264200;25459.0;5325.0;20134.0
264300;26060.0;5406.0;20654.0
264400;26046.0;5352.0;20694.0
264500;25539.0;5325.0;20214.0
264600;25953.0;5379.0;20574.0
264700;25845.0;5271.0;20574.0
264800;25926.0;5352.0;20574.0
264900;25993.0;5379.0;20614.0
265000;25966.0;5352.0;20614.0
265100;25886.0;5352.0;20534.0
265200;25979.0;5325.0;20654.0
265300;25965.5;5311.5;20654.0
265400;25366.5;5392.5;19974.0
265500;26058.5;5284.5;20774.0
265600;26006.0;5352.0;20654.0
265700;26047.0;5325.0;20722.0
265800;26144.0;5460.0;20684.0
265900;26047.0;5325.0;20722.0
266000;26074.0;5352.0;20722.0
266100;25925.5;5203.5;20722.0
266200;26328.0;5568.0;20760.0
266300;26328.0;5568.0;20760.0
266400;26071.5;5311.5;20760.0
266500;25667.0;5325.0;20342.0
266600;25707.5;5365.5;20342.0
266700;26208.5;5448.5;20760.0
266800;26761.0;5355.0;21406.0
266900;26170.0;5372.0;20798.0
267000;26094.0;5372.0;20722.0
267100;26153.0;5355.0;20798.0
267200;26208.0;5372.0;20836.0
267300;26376.0;5236.0;21140.0
267400;26262.5;5312.5;20950.0
267500;26089.0;5253.0;20836.0
267600;26105.0;5269.0;20836.0
267700;26217.0;5267.0;20950.0
267800;26217.0;5267.0;20950.0
267900;26138.0;5264.0;20874.0
268000;26749.0;5267.0;21482.0
268100;26141.0;5267.0;20874.0
268200;26271.0;5283.0;20988.0
268300;26175.0;5263.0;20912.0
268400;26581.0;5251.0;21330.0
268500;26207.0;5295.0;20912.0
268600;26207.0;5295.0;20912.0
268700;25861.0;5295.0;20566.0
268800;26221.0;5295.0;20926.0
268900;26261.0;5295.0;20966.0
269000;26185.0;5299.0;20886.0
269100;26253.0;5287.0;20966.0
269200;26317.0;5311.0;21006.0
269300;26293.0;5287.0;21006.0
269400;26285.0;5279.0;21006.0
269500;26309.0;5303.0;21006.0
269600;26420.0;5294.0;21126.0
269700;26417.0;5291.0;21126.0
269800;26309.0;5303.0;21006.0
269900;26423.0;5297.0;21126.0
270000;26352.0;5306.0;21046.0
270100;26263.0;5297.0;20966.0
270200;26389.0;5303.0;21086.0
270300;26380.0;5294.0;21086.0
270400;26389.0;5303.0;21086.0
270500;26389.0;5303.0;21086.0
270600;26389.0;5303.0;21086.0
270700;26269.0;5303.0;20966.0
270800;26312.0;5306.0;21006.0
270900;26453.0;5327.0;21126.0
271000;26355.0;5309.0;21046.0
271100;26515.0;5309.0;21206.0
271200;26469.0;5303.0;21166.0
271300;26478.0;5312.0;21166.0
271400;26349.0;5303.0;21046.0
271500;26355.0;5309.0;21046.0
271600;26289.0;5243.0;21046.0
271700;26475.0;5309.0;21166.0
271800;26915.0;5309.0;21606.0
271900;26515.0;5309.0;21206.0
272000;26509.0;5303.0;21206.0
272100;26521.0;5315.0;21206.0
272200;26555.0;5309.0;21246.0
272300;26243.0;5357.0;20886.0
272400;26585.0;5339.0;21246.0
272500;26870.5;5309.0;21561.5
272600;26562.5;5309.0;21253.5
272700;26562.5;5309.0;21253.5
272800;26562.5;5309.0;21253.5
272900;26610.0;5318.0;21292.0
273000;26678.0;5309.0;21369.0
273100;26684.0;5315.0;21369.0
273200;26687.5;5357.0;21330.5
273300;26594.0;5263.5;21330.5
273400;26990.0;5236.0;21754.0
273500;26011.0;5335.0;20676.0
273600;26621.5;5291.0;21330.5
273700;26654.5;5324.0;21330.5
273800;27067.0;5313.0;21754.0
273900;27133.0;5302.0;21831.0
274000;26693.0;5324.0;21369.0
274100;26583.0;5291.0;21292.0
274200;26742.5;5335.0;21407.5
274300;26771.5;5364.0;21407.5
274400;26672.0;5380.0;21292.0
274500;26803.5;5396.0;21407.5
274600;26787.5;5380.0;21407.5
274700;26787.5;5380.0;21407.5
274800;26803.5;5396.0;21407.5
274900;26210.0;5380.0;20830.0
275000;26826.0;5380.0;21446.0
275100;27288.0;5380.0;21908.0
275200;26864.5;5380.0;21484.5
275300;26864.5;5380.0;21484.5
275400;26996.0;5396.0;21600.0
275500;26416.0;5356.0;21060.0
275600;26986.0;5380.0;21606.0
275700;26978.0;5372.0;21606.0
275800;26869.0;5380.0;21489.0
275900;26908.0;5380.0;21528.0
276000;26908.0;5380.0;21528.0
276100;26986.0;5380.0;21606.0
276200;26995.0;5428.0;21567.0
276300;26534.0;5396.0;21138.0
276400;27192.0;5508.0;21684.0
276500;26830.0;5380.0;21450.0
276600;27064.0;5380.0;21684.0
276700;26806.0;5356.0;21450.0
276800;26963.0;5396.0;21567.0
276900;27064.0;5380.0;21684.0
277000;26970.0;5364.0;21606.0
277100;26494.0;5356.0;21138.0
277200;27087.0;5364.0;21723.0
277300;27009.0;5364.0;21645.0
277400;26892.0;5364.0;21528.0
277500;27009.0;5364.0;21645.0
277600;27033.0;5388.0;21645.0
277700;27009.0;5364.0;21645.0
277800;27017.0;5372.0;21645.0
277900;27219.0;5340.0;21879.0
278000;27110.0;5348.0;21762.0
278100;27160.0;5476.0;21684.0
278200;27063.0;5340.0;21723.0
278300;27055.0;5332.0;21723.0
278400;27071.0;5348.0;21723.0
278500;27055.0;5332.0;21723.0
278600;27039.0;5316.0;21723.0
278700;26983.0;5260.0;21723.0
278800;27215.0;5492.0;21723.0
278900;27156.0;5316.0;21840.0
279000;27078.0;5316.0;21762.0
279100;27030.0;5268.0;21762.0
279200;27171.0;5292.0;21879.0
279300;27117.0;5316.0;21801.0
279400;27117.0;5316.0;21801.0
279500;27218.0;5300.0;21918.0
279600;27101.0;5300.0;21801.0
279700;27117.0;5316.0;21801.0
279800;27413.0;5300.0;22113.0
279900;27164.0;5324.0;21840.0
280000;27515.0;5324.0;22191.0
280100;27218.0;5300.0;21918.0
280200;27195.0;5316.0;21879.0
280300;27195.0;5316.0;21879.0
280400;27195.0;5316.0;21879.0
280500;27054.0;5292.0;21762.0
280600;27171.0;5292.0;21879.0
280700;27496.0;5188.0;22308.0
280800;27440.0;5444.0;21996.0
280900;27234.0;5316.0;21918.0
281000;27234.0;5316.0;21918.0
281100;27234.0;5316.0;21918.0
281200;27294.0;5337.0;21957.0
281300;27205.0;5365.0;21840.0
281400;27345.0;5388.0;21957.0
281500;28008.0;5388.0;22620.0
281600;27380.0;5423.0;21957.0
281700;27380.0;5423.0;21957.0
281800;27542.0;5585.0;21957.0
281900;27437.0;5441.0;21996.0
282000;27527.0;5531.0;21996.0
282100;27461.0;5387.0;22074.0
282200;27476.0;5441.0;22035.0
282300;27503.0;5468.0;22035.0
282400;27503.0;5468.0;22035.0
282500;27557.0;5522.0;22035.0
282600;27401.0;5483.0;21918.0
282700;27536.0;5501.0;22035.0
282800;27107.0;5501.0;21606.0
282900;27575.0;5501.0;22074.0
283000;27582.0;5483.0;22099.0
283100;27606.0;5507.0;22099.0
283200;27648.5;5513.0;22135.5
283300;27716.0;5471.0;22245.0
283400;27247.0;5513.0;21734.0
283500;27770.0;5525.0;22245.0
283600;27648.5;5513.0;22135.5
283700;27648.5;5513.0;22135.5
283800;27630.5;5495.0;22135.5
283900;27697.0;5525.0;22172.0
284000;27685.0;5513.0;22172.0
284100;27563.0;5513.0;22050.0
284200;27683.0;5513.0;22170.0
284300;27563.0;5513.0;22050.0
284400;27683.0;5513.0;22170.0
284500;27683.0;5513.0;22170.0
284600;27683.0;5513.0;22170.0
284700;27815.0;5525.0;22290.0
284800;27603.0;5513.0;22090.0
284900;27735.0;5525.0;22210.0
285000;27735.0;5525.0;22210.0
285100;27723.0;5513.0;22210.0
285200;27643.0;5513.0;22130.0
285300;27745.0;5495.0;22250.0
285400;27855.0;5605.0;22250.0
285500;27833.0;5583.0;22250.0
285600;27695.0;5605.0;22090.0
285700;27484.0;5594.0;21890.0
285800;27789.0;5539.0;22250.0
285900;27884.0;5594.0;22290.0
286000;27851.0;5561.0;22290.0
286100;27771.0;5561.0;22210.0
286200;27909.0;5561.0;22348.0
286300;27909.0;5561.0;22348.0
286400;28063.0;5715.0;22348.0
286500;27784.0;5550.0;22234.0
286600;27909.0;5561.0;22348.0
286700;27909.0;5561.0;22348.0
286800;28034.0;5572.0;22462.0
286900;27958.0;5572.0;22386.0
287000;27892.0;5506.0;22386.0
287100;27925.0;5539.0;22386.0
287200;28039.0;5539.0;22500.0
287300;27941.0;5517.0;22424.0
287400;28139.0;5715.0;22424.0
287500;27963.0;5539.0;22424.0
287600;27849.0;5539.0;22310.0
287700;27930.0;5506.0;22424.0
287800;27985.0;5561.0;22424.0
287900;27925.0;5539.0;22386.0
288000;27968.0;5506.0;22462.0
288100;28001.0;5539.0;22462.0
288200;28017.0;5517.0;22500.0
288300;27946.0;5588.0;22358.0
288400;28066.0;5588.0;22478.0
288500;28066.0;5588.0;22478.0
288600;28058.5;5580.5;22478.0
288700;28081.0;5603.0;22478.0
288800;27961.0;5483.0;22478.0
288900;28106.0;5588.0;22518.0
289000;28473.5;5603.0;22870.5
289100;28286.0;5753.0;22533.0
289200;28026.0;5603.0;22423.0
289300;28146.0;5603.0;22543.0
289400;27748.0;5645.0;22103.0
289500;28240.5;5697.5;22543.0
289600;27727.0;5624.0;22103.0
289700;28604.0;5645.0;22959.0
289800;28208.0;5645.0;22563.0
289900;28295.0;5624.0;22671.0
290000;28210.5;5739.5;22471.0
290100;27927.0;5456.0;22471.0
290200;28110.0;5519.0;22591.0
290300;28236.0;5645.0;22591.0
290400;28215.0;5624.0;22591.0
290500;28215.0;5624.0;22591.0
290600;28236.0;5645.0;22591.0
290700;28236.0;5645.0;22591.0
290800;28404.0;5813.0;22591.0
290900;28297.0;5666.0;22631.0
291000;28244.5;5613.5;22631.0
291100;28116.0;5645.0;22471.0
291200;28287.0;5736.0;22551.0
291300;28379.0;5708.0;22671.0
291400;28365.0;5694.0;22671.0
291500;28365.0;5694.0;22671.0
291600;28365.0;5694.0;22671.0
291700;28435.0;5764.0;22671.0
291800;28337.0;5666.0;22671.0
291900;28461.0;5750.0;22711.0
292000;28244.0;5533.0;22711.0
292100;28419.0;5708.0;22711.0
292200;28473.0;5722.0;22751.0
292300;28785.5;5722.0;23063.5
292400;28485.5;5722.0;22763.5
292500;28522.5;5759.0;22763.5
292600;28228.0;5352.0;22876.0
292700;28485.5;5722.0;22763.5
292800;28522.5;5759.0;22763.5
292900;28973.0;5722.0;23251.0
293000;28560.0;5759.0;22801.0
293100;28560.0;5759.0;22801.0
293200;28597.5;5759.0;22838.5
293300;28597.5;5759.0;22838.5
293400;28710.0;5759.0;22951.0
293500;28765.5;5814.5;22951.0
293600;28597.5;5759.0;22838.5
293700;28671.5;5833.0;22838.5
293800;28634.5;5796.0;22838.5
293900;28451.0;5500.0;22951.0
294000;28672.0;5796.0;22876.0
294100;28672.0;5796.0;22876.0
294200;28672.5;5759.0;22913.5
294300;28525.0;5759.0;22766.0
294400;28525.0;5759.0;22766.0
294500;28645.0;5759.0;22886.0
294600;28765.0;5759.0;23006.0
294700;29325.5;5999.5;23326.0
294800;28685.0;5759.0;22926.0
294900;28740.5;5814.5;22926.0
295000;28629.5;5703.5;22926.0
295100;28325.0;5759.0;22566.0
295200;28879.0;5833.0;23046.0
295300;28725.0;5759.0;22966.0
295400;28786.0;5820.0;22966.0
295500;28666.0;5820.0;22846.0
295600;29143.0;5758.0;23385.0
295700;29143.0;5758.0;23385.0
295800;28741.5;5758.0;22983.5
295900;28747.0;5727.0;23020.0
296000;29026.0;6006.0;23020.0
296100;28778.0;5758.0;23020.0
296200;28886.5;5866.5;23020.0
296300;28814.5;5758.0;23056.5
296400;28597.5;5541.0;23056.5
296500;28954.0;5897.5;23056.5
296600;28876.5;5820.0;23056.5
296700;28845.5;5789.0;23056.5
296800;28597.5;5541.0;23056.5
296900;28882.0;5789.0;23093.0
297000;28959.5;5866.5;23093.0
297100;28882.0;5789.0;23093.0
297200;28949.5;5820.0;23129.5
297300;28760.0;5789.0;22971.0
297400;28818.0;5727.0;23091.0
297500;29080.0;5789.0;23291.0
297600;28932.0;5831.0;23101.0
297700;29046.0;5831.0;23215.0
297800;29046.0;5831.0;23215.0
297900;28995.0;5856.0;23139.0
298000;29388.5;5793.5;23595.0
298100;28522.0;5731.0;22791.0
298200;29333.0;5831.0;23502.0
298300;28554.0;5685.0;22869.0
298400;29182.0;5845.0;23337.0
298500;29065.0;5845.0;23220.0
298600;29013.0;5910.0;23103.0
298700;28968.0;5865.0;23103.0
298800;29085.0;5865.0;23220.0
298900;29058.0;5865.0;23193.0
299000;29487.5;5865.0;23622.5
299100;29052.0;5880.0;23172.0
299200;29127.0;5835.0;23292.0
299300;29007.0;5835.0;23172.0
299400;29202.0;5790.0;23412.0
299500;29247.0;5835.0;23412.0
299600;28977.0;5805.0;23172.0
299700;29127.0;5835.0;23292.0
299800;28627.0;5775.0;22852.0
299900;29187.0;5775.0;23412.0
300000;29149.0;5817.0;23332.0
300100;29149.0;5817.0;23332.0
300200;29189.0;5817.0;23372.0
300300;29189.0;5817.0;23372.0
300400;29189.0;5817.0;23372.0
300500;29045.0;5793.0;23252.0
300600;29045.0;5793.0;23252.0
300700;29117.0;5745.0;23372.0
300800;29141.0;5769.0;23372.0
300900;29302.0;5890.0;23412.0
301000;29731.0;5839.0;23892.0
301100;29285.0;5873.0;23412.0
301200;29643.0;6111.0;23532.0
301300;29029.0;5697.0;23332.0
301400;29195.0;5743.0;23452.0
301500;29126.0;5674.0;23452.0
301600;29195.0;5743.0;23452.0
301700;29195.0;5743.0;23452.0
301800;29195.0;5743.0;23452.0
301900;29357.0;5743.0;23614.0
302000;-723182.0;5323.0;-728505.0
302100;29280.0;5739.0;23541.0
302200;29368.5;5791.0;23577.5
302300;29888.5;6311.0;23577.5
302400;29420.5;5843.0;23577.5
302500;29316.5;5739.0;23577.5
302600;28982.0;5739.0;23243.0
302700;29337.5;5739.0;23598.5
302800;28851.0;5687.0;23164.0
302900;29560.0;5843.0;23717.0
303000;29429.0;5791.0;23638.0
303100;29429.0;5791.0;23638.0
303200;29442.5;5765.0;23677.5
303300;29520.5;5843.0;23677.5
303400;29402.0;5843.0;23559.0
303500;29598.5;5921.0;23677.5
303600;29691.0;5895.0;23796.0
303700;29607.5;5930.0;23677.5
303800;29631.0;5953.5;23677.5
303900;29905.5;6188.5;23717.0
304000;29208.0;5965.0;23243.0
304100;29682.0;5965.0;23717.0
304200;29540.0;5902.0;23638.0
304300;29561.0;5923.0;23638.0
304400;29561.0;5923.0;23638.0
304500;29958.5;5965.0;23993.5
304600;29679.5;5923.0;23756.5
304700;29721.5;5965.0;23756.5
304800;30141.5;6385.0;23756.5
304900;29761.0;5965.0;23796.0
305000;29761.0;5965.0;23796.0
305100;29824.0;6028.0;23796.0
305200;29800.5;5965.0;23835.5
305300;29982.0;6028.0;23954.0
305400;29800.5;5965.0;23835.5
305500;29800.5;5965.0;23835.5
305600;29884.5;6049.0;23835.5
305700;29842.5;6007.0;23835.5
305800;30235.0;5965.0;24270.0
305900;29803.0;6007.0;23796.0
306000;29882.0;6007.0;23875.0
306100;29945.0;6070.0;23875.0
306200;30392.5;6478.0;23914.5
306300;29908.0;5993.5;23914.5
306400;30033.5;6119.0;23914.5
306500;30033.5;6119.0;23914.5
306600;29967.5;6053.0;23914.5
306700;29871.0;6075.0;23796.0
306800;30042.0;6009.0;24033.0
306900;30029.0;6075.0;23954.0
307000;30073.0;6119.0;23954.0
307100;30108.0;6075.0;24033.0
307200;30068.5;6075.0;23993.5
307300;30055.0;5943.0;24112.0
307400;30089.5;6096.0;23993.5
307500;30022.0;6147.0;23875.0
307600;30208.0;6096.0;24112.0
307700;30140.5;6147.0;23993.5
307800;30089.5;6096.0;23993.5
307900;30078.0;6045.0;24033.0
308000;30129.0;6096.0;24033.0
308100;30078.0;6045.0;24033.0
308200;30117.5;6045.0;24072.5
308300;30194.0;6121.5;24072.5
308400;30117.5;6045.0;24072.5
308500;30168.5;6096.0;24072.5
308600;30338.0;6147.0;24191.0
308700;30194.0;6121.5;24072.5
308800;30168.5;6096.0;24072.5
308900;30208.0;6096.0;24112.0
309000;30078.0;6045.0;24033.0
309100;30157.0;6045.0;24112.0
309200;30157.0;6045.0;24112.0
309300;30180.0;6147.0;24033.0
309400;30247.5;6096.0;24151.5
309500;30655.5;6504.0;24151.5
309600;30247.5;6096.0;24151.5
309700;30247.5;6096.0;24151.5
309800;30236.0;6045.0;24191.0
309900;30157.0;6045.0;24112.0
310000;30236.0;6045.0;24191.0
310100;30185.0;5994.0;24191.0
310200;30106.0;5994.0;24112.0
310300;30275.5;6045.0;24230.5
310400;30275.5;6045.0;24230.5
310500;30896.0;5994.0;24902.0
310600;30403.0;6172.5;24230.5
310700;30114.0;6045.0;24069.0
310800;30496.0;6147.0;24349.0
310900;30059.0;5790.0;24269.0
311000;30263.0;5994.0;24269.0
311100;30186.5;5917.5;24269.0
311200;30666.5;5917.5;24749.0
311300;30303.0;5994.0;24309.0
311400;30252.0;5943.0;24309.0
311500;30252.0;5943.0;24309.0
311600;30252.0;5943.0;24309.0
311700;29875.5;5535.0;24340.5
311800;30114.0;5892.0;24222.0
311900;30765.0;5943.0;24822.0
312000;30285.0;5943.0;24342.0
312100;30285.0;5943.0;24342.0
312200;30325.0;5943.0;24382.0
312300;30325.0;5943.0;24382.0
312400;30401.5;6019.5;24382.0
312500;30401.5;6019.5;24382.0
312600;30427.0;6045.0;24382.0
312700;30733.0;6351.0;24382.0
312800;30485.0;6063.0;24422.0
312900;30229.0;5807.0;24422.0
313000;30325.0;5903.0;24422.0
313100;30325.0;5903.0;24422.0
313200;30445.0;5903.0;24542.0
313300;30429.0;5967.0;24462.0
313400;30429.0;5967.0;24462.0
313500;30621.0;6159.0;24462.0
313600;30245.0;6063.0;24182.0
313700;30761.0;6059.0;24702.0
313800;30581.0;5999.0;24582.0
313900;30651.0;6149.0;24502.0
314000;30921.0;6059.0;24862.0
314100;30561.0;6059.0;24502.0
314200;30629.0;6087.0;24542.0
314300;30189.0;6087.0;24102.0
314400;30629.0;6087.0;24542.0
314500;30629.0;6087.0;24542.0
314600;30553.0;5891.0;24662.0
314700;30629.0;6087.0;24542.0
314800;30269.0;6087.0;24182.0
314900;31117.0;6535.0;24582.0
315000;30725.0;6143.0;24582.0
315100;30669.0;6087.0;24582.0
315200;30709.0;6087.0;24622.0
315300;30751.0;6129.0;24622.0
315400;30676.0;6054.0;24622.0
315500;30201.0;5579.0;24622.0
315600;30681.0;6179.0;24502.0
315700;30701.0;6079.0;24622.0
315800;30701.0;6079.0;24622.0
315900;30611.0;6029.0;24582.0
316000;30791.0;6129.0;24662.0
316100;30791.0;6129.0;24662.0
316200;30755.5;6173.5;24582.0
316300;30782.0;6200.0;24582.0
316400;30835.0;6253.0;24582.0
316500;30849.0;6147.0;24702.0
316600;30955.0;6253.0;24702.0
316700;30955.0;6253.0;24702.0
316800;30902.0;6200.0;24702.0
316900;30969.0;6147.0;24822.0
317000;31313.0;6571.0;24742.0
317100;31075.0;6253.0;24822.0
317200;30982.0;6200.0;24782.0
317300;31459.0;6677.0;24782.0
317400;30929.0;6147.0;24782.0
317500;31088.0;6306.0;24782.0
317600;31061.5;6279.5;24782.0
317700;31155.0;6253.0;24902.0
317800;31035.0;6253.0;24782.0
317900;31075.0;6253.0;24822.0
318000;31075.0;6253.0;24822.0
318100;31022.0;6200.0;24822.0
318200;31221.0;6359.0;24862.0
318300;31062.0;6200.0;24862.0
318400;31009.0;6147.0;24862.0
318500;31021.5;6279.5;24742.0
318600;31062.0;6200.0;24862.0
318700;31035.5;6173.5;24862.0
318800;31664.0;6362.0;25302.0
318900;31204.0;6302.0;24902.0
319000;31204.0;6302.0;24902.0
319100;31204.0;6302.0;24902.0
319200;31124.0;6302.0;24822.0
319300;31064.0;6242.0;24822.0
319400;31184.0;6242.0;24942.0
319500;31244.0;6302.0;24942.0
319600;31364.0;6302.0;25062.0
319700;31454.0;6392.0;25062.0
319800;31334.0;6392.0;24942.0
319900;30804.0;6302.0;24502.0
320000;31284.0;6302.0;24982.0
320100;31284.0;6302.0;24982.0
320200;31294.0;6272.0;25022.0
320300;30964.0;5822.0;25142.0
320400;31114.0;6092.0;25022.0
320500;31204.0;6302.0;24902.0
320600;31324.0;6302.0;25022.0
320700;31384.0;6242.0;25142.0
320800;30944.0;6362.0;24582.0
320900;31334.0;6272.0;25062.0
321000;31024.0;6362.0;24662.0
321100;31406.0;6344.0;25062.0
321200;31500.0;6398.0;25102.0
321300;31554.0;6452.0;25102.0
321400;31500.0;6398.0;25102.0
321500;31068.0;5966.0;25102.0
321600;31554.0;6452.0;25102.0
321700;31500.0;6398.0;25102.0
321800;31528.0;6506.0;25022.0
321900;31221.0;6479.0;24742.0
322000;31674.0;6452.0;25222.0
322100;31540.0;6398.0;25142.0
322200;31580.0;6398.0;25182.0
322300;31526.0;6344.0;25182.0
322400;31646.0;6344.0;25302.0
322500;31526.0;6344.0;25182.0
322600;31634.0;6452.0;25182.0
322700;31580.0;6398.0;25182.0
322800;31580.0;6398.0;25182.0
322900;31620.0;6398.0;25222.0
323000;31620.0;6398.0;25222.0
323100;31540.0;6398.0;25142.0
323200;31552.0;6290.0;25262.0
323300;31166.0;6344.0;24822.0
323400;31780.0;6398.0;25382.0
323500;31660.0;6398.0;25262.0
323600;31660.0;6398.0;25262.0
323700;31579.0;6317.0;25262.0
323800;31660.0;6398.0;25262.0
323900;31592.0;6290.0;25302.0
324000;31646.0;6344.0;25302.0
324100;31726.0;6344.0;25382.0
324200;31254.0;5912.0;25342.0
324300;31632.0;6290.0;25342.0
324400;31647.0;6425.0;25222.0
324500;31806.0;6344.0;25462.0
324600;31680.0;6338.0;25342.0
324700;31944.0;6602.0;25342.0
324800;31728.0;6386.0;25342.0
324900;32080.0;6386.0;25694.0
325000;31776.0;6386.0;25390.0
325100;31824.0;6434.0;25390.0
325200;31866.0;6362.0;25504.0
325300;31814.0;6386.0;25428.0
325400;32168.0;6626.0;25542.0
325500;32198.0;6770.0;25428.0
325600;31814.0;6386.0;25428.0
325700;31814.0;6386.0;25428.0
325800;31814.0;6386.0;25428.0
325900;32788.0;6866.0;25922.0
326000;31804.0;6338.0;25466.0
326100;31344.0;5954.0;25390.0
326200;31842.0;6338.0;25504.0
326300;31899.0;6386.0;25513.0
326400;31827.0;6314.0;25513.0
326500;31875.0;6362.0;25513.0
326600;31995.0;6482.0;25513.0
326700;31899.0;6386.0;25513.0
326800;31899.0;6386.0;25513.0
326900;31314.0;6386.0;24928.0
327000;31986.0;6434.0;25552.0
327100;32010.0;6458.0;25552.0
327200;32025.0;6434.0;25591.0
327300;32502.0;6482.0;26020.0
327400;32409.0;6818.0;25591.0
327500;31977.0;6386.0;25591.0
327600;32025.0;6434.0;25591.0
327700;32073.0;6482.0;25591.0
327800;32142.0;6434.0;25708.0
327900;32142.0;6434.0;25708.0
328000;32448.0;6818.0;25630.0
328100;32064.0;6434.0;25630.0
328200;32103.0;6434.0;25669.0
328300;32031.0;6362.0;25669.0
328400;32103.0;6434.0;25669.0
328500;32103.0;6434.0;25669.0
328600;31938.0;6386.0;25552.0
328700;32223.0;6554.0;25669.0
328800;32103.0;6434.0;25669.0
328900;31968.0;6338.0;25630.0
329000;32094.0;6386.0;25708.0
329100;32493.0;6434.0;26059.0
329200;32109.0;6362.0;25747.0
329300;32181.0;6434.0;25747.0
329400;32400.0;6653.0;25747.0
329500;32195.0;6448.0;25747.0
329600;32037.0;6407.0;25630.0
329700;32154.0;6407.0;25747.0
329800;31999.5;6263.5;25736.0
329900;31773.0;5997.0;25776.0
330000;32183.0;6407.0;25776.0
330100;32244.5;6468.5;25776.0
330200;32223.0;6407.0;25816.0
330300;32161.5;6345.5;25816.0
330400;32161.5;6345.5;25816.0
330500;32182.0;6366.0;25816.0
330600;32182.0;6366.0;25816.0
330700;32182.0;6366.0;25816.0
330800;32218.5;6402.5;25816.0
330900;32809.0;6473.0;26336.0
331000;32188.0;6332.0;25856.0
331100;32315.0;6379.0;25936.0
331200;32228.0;6332.0;25896.0
331300;32275.0;6379.0;25896.0
331400;32275.0;6379.0;25896.0
331500;32228.0;6332.0;25896.0
331600;32228.0;6332.0;25896.0
331700;32228.0;6332.0;25896.0
331800;32134.0;6238.0;25896.0
331900;32244.5;6308.5;25936.0
332000;32268.0;6332.0;25936.0
332100;32395.0;6379.0;26016.0
332200;32261.0;6285.0;25976.0
332300;31885.0;5909.0;25976.0
332400;32261.0;6285.0;25976.0
332500;32381.0;6285.0;26096.0
332600;32334.0;6238.0;26096.0
332700;32047.0;6191.0;25856.0
332800;32261.0;6285.0;25976.0
332900;32102.5;6006.5;26096.0
333000;32325.0;6309.0;26016.0
333100;32325.0;6309.0;26016.0
333200;32832.5;6336.5;26496.0
333300;32365.0;6309.0;26056.0
333400;32469.0;6413.0;26056.0
333500;32407.0;6351.0;26056.0
333600;32298.5;6362.5;25936.0
333700;32270.0;6334.0;25936.0
333800;32367.0;6391.0;25976.0
333900;32458.5;6362.5;26096.0
334000;33000.0;6904.0;26096.0
334100;32544.0;6448.0;26096.0
334200;32481.0;6505.0;25976.0
334300;32470.0;6334.0;26136.0
334400;32527.0;6391.0;26136.0
334500;32167.0;6391.0;25776.0
334600;32441.5;6305.5;26136.0
334700;32470.0;6334.0;26136.0
334800;32470.0;6334.0;26136.0
334900;32453.0;6277.0;26176.0
335000;32510.0;6334.0;26176.0
335100;32567.0;6391.0;26176.0
335200;32487.0;6391.0;26096.0
335300;32727.0;6391.0;26336.0
335400;32692.5;6476.5;26216.0
335500;32664.0;6448.0;26216.0
335600;32390.0;6334.0;26056.0
335700;32607.0;6391.0;26216.0
335800;32607.0;6391.0;26216.0
335900;32647.0;6391.0;26256.0
336000;33103.0;6847.0;26256.0
336100;32447.0;6271.0;26176.0
336200;32459.0;6163.0;26296.0
336300;32495.0;6199.0;26296.0
336400;33237.5;6919.0;26318.5
336500;33090.0;6919.0;26171.0
336600;32634.0;6343.0;26291.0
336700;32634.0;6343.0;26291.0
336800;32346.0;6055.0;26291.0
336900;32854.0;6523.0;26331.0
337000;32666.0;6415.0;26251.0
337100;32558.0;6307.0;26251.0
337200;32666.0;6415.0;26251.0
337300;32714.0;6343.0;26371.0
337400;32426.0;6055.0;26371.0
337500;32834.0;6343.0;26491.0
337600;32786.0;6415.0;26371.0
337700;32714.0;6343.0;26371.0
337800;33095.5;6415.0;26680.5
337900;33488.0;7063.0;26425.0
338000;32768.0;6343.0;26425.0
338100;32076.0;6235.0;25841.0
338200;32804.5;6343.0;26461.5
338300;32804.5;6343.0;26461.5
338400;32804.5;6343.0;26461.5
338500;32840.5;6379.0;26461.5
338600;32624.5;6163.0;26461.5
338700;32766.0;6343.0;26423.0
338800;32614.0;6271.0;26343.0
338900;32734.0;6271.0;26463.0
339000;32590.0;6127.0;26463.0
339100;32698.0;6235.0;26463.0
339200;33230.0;6847.0;26383.0
339300;32830.0;6327.0;26503.0
339400;32350.0;6207.0;26143.0
339500;32710.0;6207.0;26503.0
339600;32710.0;6207.0;26503.0
339700;32630.0;6127.0;26503.0
339800;33190.0;6767.0;26423.0
339900;32750.0;6127.0;26623.0
340000;32670.0;6127.0;26543.0
340100;32670.0;6127.0;26543.0
340200;32846.5;6167.0;26679.5
340300;32809.5;6207.0;26602.5
340400;32849.5;6247.0;26602.5
340500;33384.0;6127.0;27257.0
340600;32729.5;6127.0;26602.5
340700;33153.0;6127.0;27026.0
340800;32652.5;6127.0;26525.5
340900;32845.0;6127.0;26718.0
341000;32691.0;6127.0;26564.0
341100;32768.0;6127.0;26641.0
341200;32926.5;6247.0;26679.5
341300;32806.5;6127.0;26679.5
341400;32806.5;6127.0;26679.5
341500;33310.0;6207.0;27103.0
341600;32802.0;6007.0;26795.0
341700;32886.5;6207.0;26679.5
341800;32922.0;6127.0;26795.0
341900;32845.0;6127.0;26718.0
342000;32922.0;6127.0;26795.0
342100;32229.0;6127.0;26102.0
342200;32879.0;6007.0;26872.0
342300;32849.0;6047.0;26802.0
342400;32605.0;5847.0;26758.0
342500;32768.0;6127.0;26641.0
342600;32965.0;6207.0;26758.0
342700;32612.0;6207.0;26405.0
342800;32892.0;6127.0;26765.0
342900;32732.0;6207.0;26525.0
343000;32932.0;6207.0;26725.0
343100;32852.0;6047.0;26805.0
343200;32852.0;6127.0;26725.0
343300;32812.0;5967.0;26845.0
343400;33412.0;6127.0;27285.0
343500;32972.0;6127.0;26845.0
343600;33052.0;6207.0;26845.0
343700;33052.0;6207.0;26845.0
343800;33052.0;6207.0;26845.0
343900;32452.0;5567.0;26885.0
344000;32452.0;5567.0;26885.0
344100;33012.0;6207.0;26805.0
344200;33132.0;6207.0;26925.0
344300;33012.0;6207.0;26805.0
344400;33132.0;6207.0;26925.0
344500;32892.0;6327.0;26565.0
344600;33012.0;6087.0;26925.0
344700;33012.0;6207.0;26805.0
344800;33132.0;6207.0;26925.0
344900;33092.0;6127.0;26965.0
345000;33172.0;6207.0;26965.0
345100;33052.0;6087.0;26965.0
345200;32572.0;5487.0;27085.0
345300;33292.0;6287.0;27005.0
345400;33292.0;6287.0;27005.0
345500;33332.0;6207.0;27125.0
345600;33332.0;6327.0;27005.0
345700;33172.0;6167.0;27005.0
345800;33212.0;6207.0;27005.0
345900;33332.0;6287.0;27045.0
346000;33252.0;6207.0;27045.0
346100;33172.0;6207.0;26965.0
346200;33600.0;6207.0;27393.0
346300;33072.0;5967.0;27105.0
346400;33192.0;6087.0;27105.0
346500;33312.0;6207.0;27105.0
346600;33628.0;6127.0;27501.0
346700;33028.0;6087.0;26941.0
346800;33268.0;6207.0;27061.0
346900;33308.0;6207.0;27101.0
347000;33388.0;6207.0;27181.0
347100;33430.0;6207.0;27223.0
347200;33633.5;6447.0;27186.5
347300;33235.0;6207.0;27028.0
347400;33435.0;6167.0;27268.0
347500;33355.0;6207.0;27148.0
347600;33595.0;6327.0;27268.0
347700;33275.0;6127.0;27148.0
347800;33475.0;6207.0;27268.0
347900;33475.0;6287.0;27188.0
348000;33749.0;6207.0;27542.0
348100;33367.0;6167.0;27200.0
348200;33285.0;6047.0;27238.0
348300;33445.0;6207.0;27238.0
348400;33205.0;5967.0;27238.0
348500;33703.0;6047.0;27656.0
348600;33851.0;5967.0;27884.0
348700;33365.0;6127.0;27238.0
348800;33405.0;6167.0;27238.0
348900;33167.0;5967.0;27200.0
349000;33243.0;5967.0;27276.0
349100;33479.0;6127.0;27352.0
349200;33557.0;6167.0;27390.0
349300;33641.0;6327.0;27314.0
349400;33281.0;5967.0;27314.0
349500;33541.0;6218.0;27323.0
349600;33652.0;6329.0;27323.0
349700;33726.0;6403.0;27323.0
349800;33426.0;6181.0;27245.0
349900;33765.0;6403.0;27362.0
350000;33691.0;6329.0;27362.0
350100;33613.0;6329.0;27284.0
350200;33752.5;6329.0;27423.5
350300;33900.5;6477.0;27423.5
350400;33826.5;6403.0;27423.5
350500;34121.0;6588.0;27533.0
350600;33742.0;6477.0;27265.0
350700;33788.0;6403.0;27385.0
350800;33788.0;6403.0;27385.0
350900;34235.0;6810.0;27425.0
351000;33902.0;6477.0;27425.0
351100;34456.0;6551.0;27905.0
351200;34016.0;6551.0;27465.0
351300;34136.0;6551.0;27585.0
351400;33942.0;6477.0;27465.0
351500;34136.0;6551.0;27585.0
351600;34127.0;6662.0;27465.0
351700;34090.0;6625.0;27465.0
351800;34118.0;6653.0;27465.0
351900;34238.0;6653.0;27585.0
352000;34506.0;6653.0;27853.0
352100;34182.0;6653.0;27529.0
352200;34290.0;6653.0;27637.0
352300;34396.0;6723.0;27673.0
352400;34288.0;6723.0;27565.0
352500;34463.0;6898.0;27565.0
352600;33728.0;6163.0;27565.0
352700;33822.0;6653.0;27169.0
352800;33658.0;6093.0;27565.0
352900;33554.0;5953.0;27601.0
353000;34254.0;6653.0;27601.0
353100;34322.0;6793.0;27529.0
353200;34360.0;6723.0;27637.0
353300;34395.0;6758.0;27637.0
353400;34290.0;6653.0;27637.0
353500;34185.0;6548.0;27637.0
353600;34126.0;6653.0;27473.0
353700;34281.0;6688.0;27593.0
353800;34176.0;6583.0;27593.0
353900;34366.0;6653.0;27713.0
354000;34286.0;6653.0;27633.0
354100;34401.0;6688.0;27713.0
354200;34298.0;6625.0;27673.0
354300;33858.0;6625.0;27233.0
354400;34102.0;6549.0;27553.0
354500;34494.0;6701.0;27793.0
354600;34450.0;6777.0;27673.0
354700;34282.0;6729.0;27553.0
354800;34294.0;6621.0;27673.0
354900;34758.0;7125.0;27633.0
355000;34442.0;6729.0;27713.0
355100;34406.0;6693.0;27713.0
355200;34418.0;6585.0;27833.0
355300;34530.0;6657.0;27873.0
355400;33906.0;6153.0;27753.0
355500;-794210.0;6477.0;-800687.0
355600;34554.0;6801.0;27753.0
355700;34554.0;6801.0;27753.0
355800;34554.0;6801.0;27753.0
355900;34714.0;6921.0;27793.0
356000;34728.0;6855.0;27873.0
356100;34714.0;6921.0;27793.0
356200;34262.0;6789.0;27473.0
356300;34808.0;6855.0;27953.0
356400;34655.0;6822.0;27833.0
356500;34754.0;6921.0;27833.0
356600;34754.0;6921.0;27833.0
356700;34568.0;6855.0;27713.0
356800;34754.0;6921.0;27833.0
356900;34945.0;7152.0;27793.0
357000;34728.0;6855.0;27873.0
357100;34728.0;6855.0;27873.0
357200;34768.0;6855.0;27913.0
357300;34888.0;6855.0;28033.0
357400;34747.0;6954.0;27793.0
357500;35008.0;6855.0;28153.0
357600;34648.0;6855.0;27793.0
357700;34747.0;6954.0;27793.0
357800;34768.0;6855.0;27913.0
357900;34280.0;6327.0;27953.0
358000;34921.0;6888.0;28033.0
358100;34648.0;6855.0;27793.0
358200;35336.0;7383.0;27953.0
358300;34686.0;7053.0;27633.0
358400;34914.0;6921.0;27993.0
358500;34914.0;6921.0;27993.0
358600;34815.0;6822.0;27993.0
358700;34848.0;6855.0;27993.0
358800;-793238.0;7449.0;-800687.0
358900;34968.0;6855.0;28113.0
359000;35240.5;6855.0;28385.5
359100;34903.0;6855.0;28048.0
359200;35321.0;7383.0;27938.0
359300;34233.0;6855.0;27378.0
359400;34793.0;6855.0;27938.0
359500;34913.0;6855.0;28058.0
359600;34913.0;6855.0;28058.0
359700;34979.0;6921.0;28058.0
359800;34539.0;6921.0;27618.0
359900;35264.0;7086.0;28178.0
360000;35019.0;6921.0;28098.0
360100;35499.0;6921.0;28578.0
360200;34619.0;6921.0;27698.0
360300;35179.0;6921.0;28258.0
360400;35356.0;7218.0;28138.0
360500;35212.0;6954.0;28258.0
360600;35125.0;6987.0;28138.0
360700;35125.0;6987.0;28138.0
360800;34663.0;6525.0;28138.0
360900;35085.0;6987.0;28098.0
361000;35410.0;7152.0;28258.0
361100;35264.0;7086.0;28178.0
361200;35205.0;6987.0;28218.0
361300;35205.0;6987.0;28218.0
361400;35205.0;6987.0;28218.0
361500;35172.0;6954.0;28218.0
361600;35205.0;6987.0;28218.0
361700;35089.0;6871.0;28218.0
361800;35153.0;6935.0;28218.0
361900;35385.0;7127.0;28258.0
362000;35049.0;6871.0;28178.0
362100;35225.0;6967.0;28258.0
362200;35745.0;7447.0;28298.0
362300;35017.0;6839.0;28178.0
362400;35265.0;6967.0;28298.0
362500;35041.0;6743.0;28298.0
362600;35137.0;6839.0;28298.0
362700;35289.0;6871.0;28418.0
362800;35105.0;6807.0;28298.0
362900;35209.0;6871.0;28338.0
363000;35209.0;6871.0;28338.0
363100;35177.0;6839.0;28338.0
363200;35393.0;6935.0;28458.0
363300;36069.0;7383.0;28686.0
363400;35115.0;6871.0;28244.0
363500;35155.0;6871.0;28284.0
363600;35339.0;6935.0;28404.0
363700;35243.0;6839.0;28404.0
363800;35275.0;6871.0;28404.0
363900;35315.0;6871.0;28444.0
364000;35652.5;7208.5;28444.0
364100;35900.0;7456.0;28444.0
364200;35555.0;7071.0;28484.0
364300;35555.0;7071.0;28484.0
364400;35500.0;7016.0;28484.0
364500;35500.0;7016.0;28484.0
364600;35527.5;7043.5;28484.0
364700;35380.0;7016.0;28364.0
364800;35620.0;7016.0;28604.0
364900;36020.0;7016.0;29004.0
365000;35347.5;6823.5;28524.0
365100;35595.0;7071.0;28524.0
365200;35085.0;6961.0;28124.0
365300;35305.0;6741.0;28564.0
365400;35580.0;7016.0;28564.0
365500;35700.0;7016.0;28684.0
365600;35635.0;7071.0;28564.0
365700;35662.5;7098.5;28564.0
365800;35445.0;6961.0;28484.0
365900;35755.0;7071.0;28684.0
366000;36210.0;7126.0;29084.0
366100;35785.0;7181.0;28604.0
366200;35740.0;7016.0;28724.0
366300;35715.0;7071.0;28644.0
366400;35890.0;7126.0;28764.0
366500;35715.0;7071.0;28644.0
366600;35715.0;7071.0;28644.0
366700;35660.0;7016.0;28644.0
366800;35717.5;7153.5;28564.0
366900;35205.0;6521.0;28684.0
367000;35755.0;7071.0;28684.0
367100;35845.0;7161.0;28684.0
367200;35935.0;7211.0;28724.0
367300;35885.0;7161.0;28724.0
367400;35935.0;7211.0;28724.0
367500;35865.0;7261.0;28604.0
367600;35495.0;7211.0;28284.0
367700;35865.0;7261.0;28604.0
367800;35855.0;7211.0;28644.0
367900;35975.0;7211.0;28764.0
368000;35545.0;6861.0;28684.0
368100;35987.0;7303.0;28684.0
368200;35667.0;7303.0;28364.0
368300;36107.0;7303.0;28804.0
368400;36107.0;7303.0;28804.0
368500;36711.0;7467.0;29244.0
368600;36071.0;7267.0;28804.0
368700;36071.0;7267.0;28804.0
368800;36259.0;7455.0;28804.0
368900;36155.0;7311.0;28844.0
369000;36191.0;7347.0;28844.0
369100;36101.0;7257.0;28844.0
369200;36195.0;7311.0;28884.0
369300;35907.0;7023.0;28884.0
369400;36123.0;7239.0;28884.0
369500;36159.0;7275.0;28884.0
369600;36159.0;7275.0;28884.0
369700;36021.0;7257.0;28764.0
369800;36195.0;7311.0;28884.0
369900;36235.0;7311.0;28924.0
370000;35755.0;7311.0;28444.0
370100;36199.0;7275.0;28924.0
370200;36275.0;7311.0;28964.0
370300;36365.0;7401.0;28964.0
370400;36359.0;7395.0;28964.0
370500;36317.0;7353.0;28964.0
370600;36437.0;7353.0;29084.0
370700;36373.0;7409.0;28964.0
370800;36323.0;7359.0;28964.0
370900;36413.0;7409.0;29004.0
371000;35933.0;7409.0;28524.0
371100;36363.0;7359.0;29004.0
371200;36378.0;7334.0;29044.0
371300;36453.0;7409.0;29044.0
371400;36498.0;7334.0;29164.0
371500;36453.0;7409.0;29044.0
371600;35933.0;7009.0;28924.0
371700;36573.0;7409.0;29164.0
371800;36503.0;7459.0;29044.0
371900;36443.0;7359.0;29084.0
372000;36413.0;7409.0;29004.0
372100;36198.0;7114.0;29084.0
372200;36379.0;7375.0;29004.0
372300;36615.0;7491.0;29124.0
372400;36445.0;7201.0;29244.0
372500;36735.0;7491.0;29244.0
372600;36521.0;7397.0;29124.0
372700;36497.0;7493.0;29004.0
372800;36553.0;7429.0;29124.0
372900;36577.0;7493.0;29084.0
373000;36593.0;7429.0;29164.0
373100;36577.0;7493.0;29084.0
373200;36777.0;7493.0;29284.0
373300;36761.0;7557.0;29204.0
373400;36761.0;7557.0;29204.0
373500;36697.0;7493.0;29204.0
373600;37209.0;8005.0;29204.0
373700;36633.0;7429.0;29204.0
373800;36697.0;7493.0;29204.0
373900;36737.0;7493.0;29244.0
374000;36577.0;7493.0;29084.0
374100;36737.0;7493.0;29244.0
374200;36713.0;7429.0;29284.0
374300;36713.0;7429.0;29284.0
374400;36777.0;7493.0;29284.0
374500;36777.0;7493.0;29284.0
374600;36777.0;7493.0;29284.0
374700;36873.0;7589.0;29284.0
374800;36897.0;7493.0;29404.0
374900;36737.0;7493.0;29244.0
375000;-793247.0;7429.0;-800676.0
375100;36753.0;7429.0;29324.0
375200;36729.0;7365.0;29364.0
375300;36697.0;7333.0;29364.0
375400;36665.0;7301.0;29364.0
375500;36729.0;7365.0;29364.0
375600;36729.0;7365.0;29364.0
375700;36793.0;7429.0;29364.0
375800;36857.0;7493.0;29364.0
375900;37249.0;7365.0;29884.0
376000;36753.0;7429.0;29324.0
376100;36897.0;7493.0;29404.0
376200;37217.0;7333.0;29884.0
376300;36626.0;7062.0;29564.0
376400;36891.0;7447.0;29444.0
376500;37331.0;7447.0;29884.0
376600;36771.0;7447.0;29324.0
376700;37011.0;7447.0;29564.0
376800;37011.0;7447.0;29564.0
376900;36931.0;7447.0;29484.0
377000;36651.0;7167.0;29484.0
377100;36931.0;7447.0;29484.0
377200;36971.0;7447.0;29524.0
377300;37006.0;7482.0;29524.0
377400;37161.0;7517.0;29644.0
377500;36597.0;7073.0;29524.0
377600;36945.0;7541.0;29404.0
377700;36936.0;7385.0;29551.0
377800;36959.0;7441.0;29518.0
377900;37176.5;7618.5;29558.0
378000;37070.0;7512.0;29558.0
378100;36661.0;7583.0;29078.0
378200;37167.5;7689.5;29478.0
378300;36670.0;7512.0;29158.0
378400;37181.0;7583.0;29598.0
378500;37287.5;7689.5;29598.0
378600;37621.0;7583.0;30038.0
378700;37061.0;7583.0;29478.0
378800;37030.0;7512.0;29518.0
378900;36812.0;7654.0;29158.0
379000;37292.0;7654.0;29638.0
379100;37292.0;7654.0;29638.0
379200;37412.0;7654.0;29758.0
379300;37772.0;7654.0;30118.0
379400;37225.5;7547.5;29678.0
379500;37780.0;8222.0;29558.0
379600;36866.0;7668.0;29198.0
379700;37200.0;7522.0;29678.0
379800;37857.0;8179.0;29678.0
379900;37866.0;7668.0;30198.0
380000;37313.0;7595.0;29718.0
380100;38026.0;7668.0;30358.0
380200;37542.5;7704.5;29838.0
380300;37316.5;7558.5;29758.0
380400;37473.0;7595.0;29878.0
380500;36840.0;7522.0;29318.0
380600;37681.5;7923.5;29758.0
380700;37353.0;7595.0;29758.0
380800;36826.0;7668.0;29158.0
380900;36986.0;7668.0;29318.0
381000;37466.0;7668.0;29798.0
381100;37122.0;7084.0;30038.0
381200;37506.0;7668.0;29838.0
381300;37946.0;7668.0;30278.0
381400;37506.0;7668.0;29838.0
381500;36826.0;7668.0;29158.0
381600;36716.5;7558.5;29158.0
381700;37386.0;7668.0;29718.0
381800;37499.0;7741.0;29758.0
381900;37619.0;7741.0;29878.0
382000;37692.0;7814.0;29878.0
382100;37728.5;7850.5;29878.0
382200;37739.0;7741.0;29998.0
382300;37513.0;7595.0;29918.0
382400;37685.0;7887.0;29798.0
382500;37841.5;7923.5;29918.0
382600;37805.0;7887.0;29918.0
382700;37878.0;7960.0;29918.0
382800;37732.0;7814.0;29918.0
382900;37845.0;7887.0;29958.0
383000;37292.0;7814.0;29478.0
383100;38252.0;7814.0;30438.0
383200;37372.0;7814.0;29558.0
383300;38252.0;7814.0;30438.0
383400;37299.0;7741.0;29558.0
383500;37692.0;7814.0;29878.0
383600;37379.0;7741.0;29638.0
383700;37848.5;7850.5;29998.0
383800;37739.0;7741.0;29998.0
383900;37365.0;7327.0;30038.0
384000;37794.0;7756.0;30038.0
384100;37794.0;7756.0;30038.0
384200;37914.0;7756.0;30158.0
384300;37330.0;7132.0;30198.0
384400;37912.0;7834.0;30078.0
384500;37834.0;7756.0;30078.0
384600;37912.0;7834.0;30078.0
384700;37561.0;7483.0;30078.0
384800;37694.0;8056.0;29638.0
384900;38412.0;8294.0;30118.0
385000;37664.0;7546.0;30118.0
385100;37324.0;7206.0;30118.0
385200;37806.0;7648.0;30158.0
385300;37400.0;7682.0;29718.0
385400;37652.0;7614.0;30038.0
385500;37840.0;7682.0;30158.0
385600;37840.0;7682.0;30158.0
385700;37840.0;7682.0;30158.0
385800;38384.0;8226.0;30158.0
385900;37880.0;7682.0;30198.0
386000;38194.0;7876.0;30318.0
386100;37876.0;7678.0;30198.0
386200;38015.0;7777.0;30238.0
386300;37916.0;7678.0;30238.0
386400;38015.0;7777.0;30238.0
386500;37796.0;7678.0;30118.0
386600;37916.0;7678.0;30238.0
386700;-622216.0;-652454.0;30238.0
386800;37916.0;7678.0;30238.0
386900;37956.0;7678.0;30278.0
387000;37890.0;7612.0;30278.0
387100;37532.0;7734.0;29798.0
387200;37388.0;7190.0;30198.0
387300;38120.0;7802.0;30318.0
387400;38172.0;7734.0;30438.0
387500;38326.0;7768.0;30558.0
387600;38086.0;7768.0;30318.0
387700;37864.0;7666.0;30198.0
387800;37984.0;7666.0;30318.0
387900;38024.0;7666.0;30358.0
388000;37480.0;7122.0;30358.0
388100;38012.0;7734.0;30278.0
388200;37588.0;7190.0;30398.0
388300;38064.0;7666.0;30398.0
388400;38046.0;7768.0;30278.0
388500;38132.0;7734.0;30398.0
388600;38132.0;7734.0;30398.0
388700;38320.0;7802.0;30518.0
388800;38200.0;7802.0;30398.0
388900;38262.0;7904.0;30358.0
389000;38240.0;7802.0;30438.0
389100;38532.0;7734.0;30798.0
389200;37736.0;7258.0;30478.0
389300;38599.0;8121.0;30478.0
389400;38263.5;7785.5;30478.0
389500;38856.0;7938.0;30918.0
389600;38795.0;7877.0;30918.0
389700;38134.0;7816.0;30318.0
389800;38294.0;7816.0;30478.0
389900;38231.0;7633.0;30598.0
390000;38369.0;7851.0;30518.0
390100;38369.0;7851.0;30518.0
390200;38475.0;7917.0;30558.0
390300;38310.0;7752.0;30558.0
390400;38409.0;7851.0;30558.0
390500;38409.0;7851.0;30558.0
390600;38409.0;7851.0;30558.0
390700;38289.0;7851.0;30438.0
390800;38329.0;7851.0;30478.0
390900;38383.0;7785.0;30598.0
391000;39089.0;7851.0;31238.0
391100;38449.0;7851.0;30598.0
391200;38435.0;7917.0;30518.0
391300;38797.0;7851.0;30946.0
391400;38788.0;7851.0;30937.0
391500;38425.5;7811.5;30614.0
391600;38865.5;7811.5;31054.0
391700;38535.0;7921.0;30614.0
391800;38462.0;7848.0;30614.0
391900;38502.0;7848.0;30654.0
392000;38872.5;7738.5;31134.0
392100;38502.0;7848.0;30654.0
392200;38542.0;7848.0;30694.0
392300;39055.0;7921.0;31134.0
392400;38651.5;7957.5;30694.0
392500;39222.0;7848.0;31374.0
392600;38469.0;7775.0;30694.0
392700;38615.0;7921.0;30694.0
392800;38735.0;7921.0;30814.0
392900;38910.5;8176.5;30734.0
393000;38735.0;7921.0;30814.0
393100;38999.0;8265.0;30734.0
393200;38669.0;7935.0;30734.0
393300;38895.0;8001.0;30894.0
393400;38775.0;8001.0;30774.0
393500;38841.0;8067.0;30774.0
393600;38401.0;8067.0;30334.0
393700;38841.0;8067.0;30774.0
393800;39149.0;7935.0;31214.0
393900;39409.0;8595.0;30814.0
394000;38980.0;8166.0;30814.0
394100;38871.0;8057.0;30814.0
394200;39101.0;8247.0;30854.0
394300;38961.0;8107.0;30854.0
394400;38961.0;8107.0;30854.0
394500;38961.0;8107.0;30854.0
394600;39017.0;8163.0;30854.0
394700;39017.0;8163.0;30854.0
394800;38909.0;8135.0;30774.0
394900;38977.0;8163.0;30814.0
395000;39137.0;8163.0;30974.0
395100;38577.0;8163.0;30414.0
395200;39177.0;8163.0;31014.0
395300;39161.0;8107.0;31054.0
395400;39350.5;8107.0;31243.5
395500;38284.0;7491.0;30793.0
395600;39196.0;8163.0;31033.0
395700;39056.0;8023.0;31033.0
395800;39048.0;8135.0;30913.0
395900;39105.0;8072.0;31033.0
396000;39025.0;8072.0;30953.0
396100;39025.0;8072.0;30953.0
396200;39153.5;8160.5;30993.0
396300;38945.0;8072.0;30873.0
396400;39121.0;8128.0;30993.0
396500;38786.0;7793.0;30993.0
396600;38585.0;7592.0;30993.0
396700;39068.0;8195.0;30873.0
396800;39121.0;8128.0;30993.0
396900;39161.0;8128.0;31033.0
397000;39228.0;8195.0;31033.0
397100;39215.0;8262.0;30953.0
397200;39134.0;8061.0;31073.0
397300;39262.0;8309.0;30953.0
397400;39136.0;8183.0;30953.0
397500;38752.0;7679.0;31073.0
397600;39193.0;8120.0;31073.0
397700;39193.0;8120.0;31073.0
397800;39193.0;8120.0;31073.0
397900;39233.0;8120.0;31113.0
398000;39327.5;8214.5;31113.0
398100;38801.5;8088.5;30713.0
398200;39241.5;8088.5;31153.0
398300;39273.0;8120.0;31153.0
398400;39336.0;8183.0;31153.0
398500;39273.0;8120.0;31153.0
398600;39393.0;8120.0;31273.0
398700;39336.0;8183.0;31153.0
398800;39273.0;8120.0;31153.0
398900;39250.0;8057.0;31193.0
399000;39576.0;8183.0;31393.0
399100;39250.0;8057.0;31193.0
399200;39321.5;8088.5;31233.0
399300;39353.0;8120.0;31233.0
399400;39604.0;8057.0;31547.0
399500;39623.5;7962.5;31661.0
399600;39237.0;7994.0;31243.0
399700;39186.0;8057.0;31129.0
399800;39718.0;8057.0;31661.0
399900;39325.0;8120.0;31205.0
400000;39017.0;8120.0;30897.0
400100;39417.0;8120.0;31297.0
400200;39537.0;8120.0;31417.0
400300;39457.0;8120.0;31337.0
400400;38989.0;8012.0;30977.0
400500;39884.5;8547.5;31337.0
400600;39254.5;7917.5;31337.0
400700;39412.0;8075.0;31337.0
400800;39412.0;8075.0;31337.0
400900;39452.0;8075.0;31377.0
401000;39372.0;8075.0;31297.0
401100;39876.0;8579.0;31297.0
401200;39666.5;8169.5;31497.0
401300;38938.0;8201.0;30737.0
401400;39597.0;8180.0;31417.0
401500;39528.0;8111.0;31417.0
401600;39717.0;8180.0;31537.0
401700;39717.0;8180.0;31537.0
401800;39968.0;8111.0;31857.0
401900;39637.0;8180.0;31457.0
402000;39637.0;8180.0;31457.0
402100;40258.0;8801.0;31457.0
402200;39775.0;8318.0;31457.0
402300;39751.0;8374.0;31377.0
402400;39840.0;8343.0;31497.0
402500;39747.0;8250.0;31497.0
402600;39131.0;7754.0;31377.0
402700;39747.0;8250.0;31497.0
402800;39725.0;8188.0;31537.0
402900;39632.0;8095.0;31537.0
403000;39725.0;8188.0;31537.0
403100;40221.0;8684.0;31537.0
403200;39880.0;8343.0;31537.0
403300;39765.0;8188.0;31577.0
403400;39672.0;8095.0;31577.0
403500;39765.0;8188.0;31577.0
403600;39765.0;8188.0;31577.0
403700;39583.0;8126.0;31457.0
403800;39805.0;8188.0;31617.0
403900;40285.0;8188.0;32097.0
404000;39805.0;8188.0;31617.0
404100;39539.0;8002.0;31537.0
404200;40015.0;8398.0;31617.0
404300;40027.0;8370.0;31657.0
404400;40243.0;8146.0;32097.0
404500;39887.0;8230.0;31657.0
404600;39767.0;8230.0;31537.0
404700;39887.0;8230.0;31657.0
404800;39843.0;8146.0;31697.0
404900;39871.0;8174.0;31697.0
405000;39927.0;8230.0;31697.0
405100;39847.0;8230.0;31617.0
405200;-792921.0;7782.0;-800703.0
405300;39967.0;8230.0;31737.0
405400;39967.0;8230.0;31737.0
405500;39967.0;8230.0;31737.0
405600;39967.0;8230.0;31737.0
405700;39875.0;8258.0;31617.0
405800;40035.0;8258.0;31777.0
405900;40007.0;8230.0;31777.0
406000;40035.0;8258.0;31777.0
406100;39927.0;8230.0;31697.0
406200;40063.0;8286.0;31777.0
406300;39719.0;8342.0;31377.0
406400;40159.0;8342.0;31817.0
406500;39935.0;8118.0;31817.0
406600;40543.0;8286.0;32257.0
406700;40019.0;8202.0;31817.0
406800;40199.0;8342.0;31857.0
406900;40143.0;8286.0;31857.0
407000;40231.0;7894.0;32337.0
407100;40223.0;8286.0;31937.0
407200;39727.0;8230.0;31497.0
407300;40651.0;8314.0;32337.0
407400;40331.0;8314.0;32017.0
407500;40205.5;8286.0;31919.5
407600;40038.0;8286.0;31752.0
407700;40086.0;8174.0;31912.0
407800;40279.0;8327.0;31952.0
407900;40279.0;8327.0;31952.0
408000;40275.5;8403.5;31872.0
408100;40279.0;8327.0;31952.0
408200;40177.0;8225.0;31952.0
408300;40344.5;8352.5;31992.0
408400;40268.0;8276.0;31992.0
408500;40439.0;8327.0;32112.0
408600;40319.0;8327.0;31992.0
408700;40319.0;8327.0;31992.0
408800;40490.0;8378.0;32112.0
408900;40604.5;8572.5;32032.0
409000;40420.0;8388.0;32032.0
409100;40561.5;8449.5;32112.0
409200;40420.0;8388.0;32032.0
409300;40234.5;8162.5;32072.0
409400;40419.0;8347.0;32072.0
409500;40501.0;8429.0;32072.0
409600;40401.5;8449.5;31952.0
409700;40457.0;8265.0;32192.0
409800;40561.5;8449.5;32112.0
409900;40461.0;8429.0;32032.0
410000;40541.0;8429.0;32112.0
410100;40541.0;8429.0;32112.0
410200;40541.0;8429.0;32112.0
410300;40141.0;8429.0;31712.0
410400;40909.0;8757.0;32152.0
410500;40133.0;8101.0;32032.0
410600;40420.0;8388.0;32032.0
410700;40100.0;8388.0;31712.0
410800;40539.0;8347.0;32192.0
410900;40595.0;8388.0;32207.0
411000;40595.0;8388.0;32207.0
411100;40226.0;8019.0;32207.0
411200;40710.5;8388.0;32322.5
411300;40633.5;8388.0;32245.5
411400;40708.0;8347.0;32361.0
411500;40210.0;8388.0;31822.0
411600;40633.5;8388.0;32245.5
411700;40518.0;8388.0;32130.0
411800;40672.0;8388.0;32284.0
411900;40672.0;8388.0;32284.0
412000;40672.0;8388.0;32284.0
412100;40672.0;8388.0;32284.0
412200;40686.0;8402.0;32284.0
412300;40883.0;8445.0;32438.0
412400;40810.5;8488.0;32322.5
412500;40466.5;8144.0;32322.5
412600;40961.0;8638.5;32322.5
412700;40810.5;8488.0;32322.5
412800;40969.0;8531.0;32438.0
412900;40430.0;8531.0;31899.0
413000;41152.5;8445.0;32707.5
413100;40849.0;8488.0;32361.0
413200;40806.0;8445.0;32361.0
413300;40844.5;8445.0;32399.5
413400;40500.5;8101.0;32399.5
413500;41188.5;8789.0;32399.5
413600;40960.0;8445.0;32515.0
413700;41203.5;8380.5;32823.0
413800;40960.0;8445.0;32515.0
413900;40883.0;8445.0;32438.0
414000;40883.0;8445.0;32438.0
414100;40883.0;8445.0;32438.0
414200;40806.0;8445.0;32361.0
414300;40577.5;8101.0;32476.5
414400;40921.5;8445.0;32476.5
414500;40986.0;8509.5;32476.5
414600;40921.5;8445.0;32476.5
414700;40921.5;8445.0;32476.5
414800;40723.5;8208.5;32515.0
414900;41009.0;8494.0;32515.0
415000;41009.0;8494.0;32515.0
415100;41032.0;8594.0;32438.0
415200;41059.0;8544.0;32515.0
415300;41405.5;8544.0;32861.5
415400;40832.0;8394.0;32438.0
415500;41521.0;8544.0;32977.0
415600;41097.5;8544.0;32553.5
415700;41213.0;8544.0;32669.0
415800;41136.0;8544.0;32592.0
415900;41213.0;8544.0;32669.0
416000;41263.0;8594.0;32669.0
416100;41186.0;8594.0;32592.0
416200;41136.0;8544.0;32592.0
416300;41009.0;8494.0;32515.0
416400;41124.5;8494.0;32630.5
416500;41174.5;8544.0;32630.5
416600;41024.5;8394.0;32630.5
416700;41174.5;8544.0;32630.5
416800;41385.0;8716.0;32669.0
416900;41690.5;8675.0;33015.5
417000;41200.5;8531.5;32669.0
417100;41744.5;8613.5;33131.0
417200;41364.5;8695.5;32669.0
417300;41382.5;8675.0;32707.5
417400;40913.0;8675.0;32238.0
417500;41393.0;8675.0;32718.0
417600;41601.0;9003.0;32598.0
417700;41352.0;8634.0;32718.0
417800;41433.0;8675.0;32758.0
417900;41433.0;8675.0;32758.0
418000;41584.5;8746.5;32838.0
418100;41364.5;8606.5;32758.0
418200;41487.0;8729.0;32758.0
418300;41422.0;8624.0;32798.0
418400;41949.5;8711.5;33238.0
418500;41562.0;8764.0;32798.0
418600;41527.0;8729.0;32798.0
418700;41562.0;8764.0;32798.0
418800;41619.5;8781.5;32838.0
418900;41682.0;8764.0;32918.0
419000;41619.5;8781.5;32838.0
419100;41567.0;8729.0;32838.0
419200;41532.0;8694.0;32838.0
419300;41327.0;8449.0;32878.0
419400;41511.0;8633.0;32878.0
419500;41538.0;8633.0;32905.0
419600;41538.0;8633.0;32905.0
419700;41457.5;8552.5;32905.0
419800;41575.0;8633.0;32942.0
419900;41759.0;8817.0;32942.0
420000;42042.0;8656.0;33386.0
420100;41598.0;8656.0;32942.0
420200;41414.0;8472.0;32942.0
420300;41954.0;8568.0;33386.0
420400;41562.0;8472.0;33090.0
420500;41954.0;8568.0;33386.0
420600;41547.0;8568.0;32979.0
420700;41547.0;8568.0;32979.0
420800;41572.0;8556.0;33016.0
420900;41572.0;8556.0;33016.0
421000;41572.0;8556.0;33016.0
421100;41372.0;8472.0;32900.0
421200;41548.0;8568.0;32980.0
421300;41588.0;8568.0;33020.0
421400;41588.0;8568.0;33020.0
421500;42028.0;8568.0;33460.0
421600;41588.0;8568.0;33020.0
421700;41570.0;8550.0;33020.0
421800;41634.0;8574.0;33060.0
421900;41868.0;8568.0;33300.0
422000;41983.5;8568.0;33415.5
422100;41791.0;8568.0;33223.0
422200;41625.0;8556.0;33069.0
422300;41657.5;8550.0;33107.5
422400;41675.5;8568.0;33107.5
422500;41675.5;8568.0;33107.5
422600;41675.5;8568.0;33107.5
422700;41675.5;8568.0;33107.5
422800;41696.0;8550.0;33146.0
422900;41714.0;8568.0;33146.0
423000;41666.0;8520.0;33146.0
423100;41880.0;8580.0;33300.0
423200;41714.0;8568.0;33146.0
423300;41403.0;8568.0;32835.0
423400;41643.0;8568.0;33075.0
423500;41751.0;8556.0;33195.0
423600;41775.0;8580.0;33195.0
423700;41763.0;8568.0;33195.0
423800;41677.0;8562.0;33115.0
423900;41785.0;8550.0;33235.0
424000;41803.0;8568.0;33235.0
424100;41797.0;8562.0;33235.0
424200;41803.0;8568.0;33235.0
424300;41843.0;8568.0;33275.0
424400;41843.0;8568.0;33275.0
424500;41855.0;8580.0;33275.0
424600;41843.0;8568.0;33275.0
424700;41831.0;8556.0;33275.0
424800;41871.0;8556.0;33315.0
424900;41883.0;8568.0;33315.0
425000;41963.0;8568.0;33395.0
425100;41867.0;8472.0;33395.0
425200;41883.0;8568.0;33315.0
425300;41815.0;8460.0;33355.0
425400;41489.0;8574.0;32915.0
425500;41551.0;8556.0;32995.0
425600;41567.0;8652.0;32915.0
425700;41923.0;8568.0;33355.0
425800;41939.0;8544.0;33395.0
425900;41969.0;8574.0;33395.0
426000;41951.0;8556.0;33395.0
426100;42037.0;8562.0;33475.0
426200;41969.0;8574.0;33395.0
426300;42069.0;8514.0;33555.0
426400;42033.0;8598.0;33435.0
426500;41979.0;8544.0;33435.0
426600;42407.0;8532.0;33875.0
426700;41979.0;8544.0;33435.0
426800;42019.0;8544.0;33475.0
426900;42019.0;8544.0;33475.0
427000;42019.0;8544.0;33475.0
427100;42019.0;8544.0;33475.0
427200;42031.0;8556.0;33475.0
427300;42511.0;8556.0;33955.0
427400;42155.0;8640.0;33515.0
427500;42053.0;8538.0;33515.0
427600;41951.0;8556.0;33395.0
427700;42071.0;8556.0;33515.0
427800;42111.0;8556.0;33555.0
427900;42243.0;8688.0;33555.0
428000;42111.0;8556.0;33555.0
428100;42179.0;8544.0;33635.0
428200;42243.0;8568.0;33675.0
428300;42145.0;8550.0;33595.0
428400;42043.0;8568.0;33475.0
428500;42163.0;8568.0;33595.0
428600;42139.0;8544.0;33595.0
428700;42133.0;8538.0;33595.0
428800;42259.0;8544.0;33715.0
428900;42099.0;8544.0;33555.0
429000;42659.0;8544.0;34115.0
429100;42179.0;8544.0;33635.0
429200;42155.0;8520.0;33635.0
429300;41755.0;8520.0;33235.0
429400;42195.0;8520.0;33675.0
429500;42213.0;8538.0;33675.0
429600;41979.0;8424.0;33555.0
429700;42315.0;8520.0;33795.0
429800;42115.0;8520.0;33595.0
429900;42303.0;8508.0;33795.0
430000;42223.0;8508.0;33715.0
430100;42223.0;8508.0;33715.0
430200;42205.0;8490.0;33715.0
430300;42251.0;8496.0;33755.0
430400;42143.0;8508.0;33635.0
430500;42251.0;8496.0;33755.0
430600;42371.0;8496.0;33875.0
430700;42371.0;8496.0;33875.0
430800;42303.0;8508.0;33795.0
430900;42383.0;8508.0;33875.0
431000;42285.0;8490.0;33795.0
431100;42303.0;8508.0;33795.0
431200;42297.0;8502.0;33795.0
431300;42343.0;8508.0;33835.0
431400;42499.0;8544.0;33955.0
431500;42367.0;8532.0;33835.0
431600;42343.0;8508.0;33835.0
431700;42385.0;8550.0;33835.0
431800;42395.0;8520.0;33875.0
431900;42379.0;8424.0;33955.0
432000;42389.0;8514.0;33875.0
432100;42395.0;8520.0;33875.0
432200;42383.0;8508.0;33875.0
432300;42423.0;8508.0;33915.0
432400;42423.0;8508.0;33915.0
432500;42435.0;8520.0;33915.0
432600;42537.0;8502.0;34035.0
432700;42315.0;8520.0;33795.0
432800;42475.0;8520.0;33955.0
432900;42487.0;8532.0;33955.0
433000;41977.0;8502.0;33475.0
433100;42475.0;8520.0;33955.0
433200;42510.0;8520.0;33990.0
433300;42656.0;8520.0;34136.0
433400;42546.5;8520.0;34026.5
433500;42546.5;8520.0;34026.5
433600;42698.0;8520.0;34178.0
433700;42962.0;8520.0;34442.0
433800;43050.0;8532.0;34518.0
433900;42606.0;8544.0;34062.0
434000;42670.0;8532.0;34138.0
434100;42426.0;8532.0;33894.0
434200;42494.0;8520.0;33974.0
434300;42734.0;8520.0;34214.0
434400;42506.0;8532.0;33974.0
434500;42734.0;8640.0;34094.0
434600;42602.0;8508.0;34094.0
434700;42722.0;8508.0;34214.0
434800;42662.0;8508.0;34154.0
434900;42662.0;8508.0;34154.0
435000;42586.0;8508.0;34078.0
435100;42572.0;8418.0;34154.0
435200;42680.0;8526.0;34154.0
435300;42586.0;8508.0;34078.0
435400;42763.0;8571.0;34192.0
435500;42613.0;8535.0;34078.0
435600;42736.0;8544.0;34192.0
435700;42736.0;8544.0;34192.0
435800;42354.0;8580.0;33774.0
435900;42716.0;8562.0;34154.0
436000;42792.0;8562.0;34230.0
436100;42792.0;8562.0;34230.0
436200;42810.0;8580.0;34230.0
436300;42755.0;8601.0;34154.0
436400;42837.5;8569.5;34268.0
436500;43004.0;8622.0;34382.0
436600;42837.5;8569.5;34268.0
436700;42680.0;8412.0;34268.0
436800;42742.0;8580.0;34162.0
436900;42893.5;8611.5;34282.0
437000;42782.0;8580.0;34202.0
437100;42883.0;8601.0;34282.0
437200;42862.0;8580.0;34282.0
437300;42902.0;8580.0;34322.0
437400;42881.0;8559.0;34322.0
437500;42420.0;8538.0;33882.0
437600;42740.0;8538.0;34202.0
437700;42980.0;8538.0;34442.0
437800;42879.0;8517.0;34362.0
437900;42980.0;8538.0;34442.0
438000;42900.0;8538.0;34362.0
438100;42879.0;8517.0;34362.0
438200;42879.0;8517.0;34362.0
438300;42751.0;8349.0;34402.0
438400;42940.0;8538.0;34402.0
438500;42940.0;8538.0;34402.0
438600;42961.0;8559.0;34402.0
438700;42841.0;8559.0;34282.0
438800;43001.0;8559.0;34442.0
438900;42934.5;8572.5;34362.0
439000;43028.0;8586.0;34442.0
439100;43001.0;8559.0;34442.0
439200;42921.0;8559.0;34362.0
439300;43085.5;8603.5;34482.0
439400;42781.0;8659.0;34122.0
439500;43113.5;8751.5;34362.0
439600;43178.0;8696.0;34482.0
439700;42664.0;8622.0;34042.0
439800;43261.0;8659.0;34602.0
439900;43125.5;8603.5;34522.0
440000;43477.0;8955.0;34522.0
440100;43181.0;8659.0;34522.0
440200;43218.0;8696.0;34522.0
440300;43184.0;8622.0;34562.0
440400;43221.0;8659.0;34562.0
440500;42971.5;8529.5;34442.0
440600;43529.0;8659.0;34870.0
440700;43040.0;8622.0;34418.0
440800;43107.5;8529.5;34578.0
440900;43200.0;8622.0;34578.0
441000;43034.0;8696.0;34338.0
441100;42937.0;8359.0;34578.0
441200;43257.0;8679.0;34578.0
441300;43297.0;8679.0;34618.0
441400;43257.0;8639.0;34618.0
441500;43377.0;8639.0;34738.0
441600;43017.0;8559.0;34458.0
441700;43117.0;8659.0;34458.0
441800;43257.0;8599.0;34658.0
441900;43257.0;8599.0;34658.0
442000;43137.0;8559.0;34578.0
442100;43077.0;8499.0;34578.0
442200;43297.0;8639.0;34658.0
442300;43377.0;8679.0;34698.0
442400;42977.0;8639.0;34338.0
442500;42517.0;8499.0;34018.0
442600;43217.0;8639.0;34578.0
442700;43277.0;8579.0;34698.0
442800;43377.0;8639.0;34738.0
442900;43157.0;8499.0;34658.0
443000;43337.0;8599.0;34738.0
443100;43490.0;8832.0;34658.0
443200;43486.0;8628.0;34858.0
443300;43355.0;8577.0;34778.0
443400;43029.0;8611.0;34418.0
443500;43355.0;8577.0;34778.0
443600;43355.0;8577.0;34778.0
443700;43491.0;8713.0;34778.0
443800;43429.0;8611.0;34818.0
443900;43429.0;8611.0;34818.0
444000;43463.0;8645.0;34818.0
444100;43457.0;8639.0;34818.0
444200;43427.0;8609.0;34818.0
444300;43497.0;8639.0;34858.0
444400;44222.0;8684.0;35538.0
444500;43497.0;8639.0;34858.0
444600;43452.0;8594.0;34858.0
444700;43497.0;8639.0;34858.0
444800;43337.0;8639.0;34698.0
444900;43617.0;8639.0;34978.0
445000;44062.0;8684.0;35378.0
445100;43537.0;8639.0;34898.0
445200;43537.0;8639.0;34898.0
445300;43517.0;8579.0;34938.0
445400;43457.0;8399.0;35058.0
445500;43577.0;8639.0;34938.0
445600;43622.0;8684.0;34938.0
445700;43502.0;8684.0;34818.0
445800;43527.0;8669.0;34858.0
445900;43727.0;8669.0;35058.0
446000;43727.0;8669.0;35058.0
446100;43647.0;8669.0;34978.0
446200;43567.0;8669.0;34898.0
446300;43657.0;8639.0;35018.0
446400;44352.0;8654.0;35698.0
446500;43537.0;8639.0;34898.0
446600;43657.0;8639.0;35018.0
446700;43627.0;8609.0;35018.0
446800;43727.0;8669.0;35058.0
446900;43697.0;8639.0;35058.0
447000;43762.5;8784.5;34978.0
447100;43758.5;8700.5;35058.0
447200;43689.0;8711.0;34978.0
447300;43809.0;8711.0;35098.0
447400;43777.5;8679.5;35098.0
447500;43788.0;8690.0;35098.0
447600;43348.0;8690.0;34658.0
447700;43668.0;8690.0;34978.0
447800;44076.0;8858.0;35218.0
447900;43807.0;8669.0;35138.0
448000;43811.0;8753.0;35058.0
448100;43915.0;8697.0;35218.0
448200;43835.0;8697.0;35138.0
448300;43763.0;8585.0;35178.0
448400;44172.0;8683.0;35489.0
448500;43890.0;8697.0;35193.0
448600;43883.0;8690.0;35193.0
448700;43737.0;8697.0;35040.0
448800;43977.0;8697.0;35280.0
448900;43897.0;8697.0;35200.0
449000;43911.0;8711.0;35200.0
449100;43911.0;8711.0;35200.0
449200;44017.0;8697.0;35320.0
449300;43937.0;8697.0;35240.0
449400;43958.0;8718.0;35240.0
449500;43937.0;8697.0;35240.0
449600;43937.0;8697.0;35240.0
449700;43937.0;8697.0;35240.0
449800;43995.5;8715.5;35280.0
449900;43924.0;8724.0;35200.0
450000;44004.0;8724.0;35280.0
450100;43995.5;8715.5;35280.0
450200;44059.5;8779.5;35280.0
450300;44050.0;8730.0;35320.0
450400;44050.0;8730.0;35320.0
450500;43891.5;8691.5;35200.0
450600;44066.5;8746.5;35320.0
450700;44092.0;8772.0;35320.0
450800;44132.0;8772.0;35360.0
450900;44132.0;8772.0;35360.0
451000;44132.0;8772.0;35360.0
451100;44042.0;8762.0;35280.0
451200;44207.0;8727.0;35480.0
451300;44177.0;8777.0;35400.0
451400;44192.0;8792.0;35400.0
451500;44092.0;8812.0;35280.0
451600;44147.0;8747.0;35400.0
451700;44187.0;8787.0;35400.0
451800;44292.0;8772.0;35520.0
451900;44687.0;8767.0;35920.0
452000;44231.0;8791.0;35440.0
452100;44239.0;8799.0;35440.0
452200;44231.0;8791.0;35440.0
452300;44263.0;8783.0;35480.0
452400;43839.0;8799.0;35040.0
452500;44279.0;8799.0;35480.0
452600;44519.0;8799.0;35720.0
452700;44279.0;8799.0;35480.0
452800;44327.0;8807.0;35520.0
452900;44335.0;8815.0;35520.0
453000;44231.0;8791.0;35440.0
453100;44247.0;8807.0;35440.0
453200;44167.0;8807.0;35360.0
453300;44367.0;8807.0;35560.0
453400;44367.0;8807.0;35560.0
453500;43939.0;8819.0;35120.0
453600;44186.0;8746.0;35440.0
453700;44381.0;8821.0;35560.0
453800;44421.0;8821.0;35600.0
453900;44435.0;8835.0;35600.0
454000;44009.5;8809.5;35200.0
454100;44540.0;8860.0;35680.0
454200;44493.0;8893.0;35600.0
454300;44511.0;8871.0;35640.0
454400;44511.0;8871.0;35640.0
454500;44719.0;8959.0;35760.0
454600;44522.0;8882.0;35640.0
454700;44522.0;8882.0;35640.0
454800;44605.0;8925.0;35680.0
454900;44640.0;8880.0;35760.0
455000;44575.0;8895.0;35680.0
455100;44159.0;8959.0;35200.0
455200;44759.0;8959.0;35800.0
455300;44559.0;8959.0;35600.0
455400;44646.0;8926.0;35720.0
455500;44679.0;8959.0;35720.0
455600;44679.0;8959.0;35720.0
455700;44679.0;8959.0;35720.0
455800;44754.0;8994.0;35760.0
455900;44754.0;8994.0;35760.0
456000;44915.0;9075.0;35840.0
456100;44673.0;8913.0;35760.0
456200;45207.0;8967.0;36240.0
456300;45207.0;8967.0;36240.0
456400;44794.0;8994.0;35800.0
456500;44794.0;8994.0;35800.0
456600;44767.0;8967.0;35800.0
456700;44767.0;8967.0;35800.0
456800;44591.0;8751.0;35840.0
456900;44834.0;8994.0;35840.0
457000;44834.0;8994.0;35840.0
457100;44834.0;8994.0;35840.0
457200;44834.0;8994.0;35840.0
457300;44994.0;8994.0;36000.0
457400;44994.0;8994.0;36000.0
457500;44901.0;9021.0;35880.0
457600;44874.0;8994.0;35880.0
457700;45088.5;9088.5;36000.0
457800;44794.0;8994.0;35800.0
457900;44698.0;8778.0;35920.0
458000;45061.5;9061.5;36000.0
458100;44914.0;8994.0;35920.0
458200;44847.5;9007.5;35840.0
458300;44954.0;8994.0;35960.0
458400;44567.0;8967.0;35600.0
458500;44900.0;8940.0;35960.0
458600;44378.0;8778.0;35600.0
458700;44834.0;8994.0;35840.0
458800;45021.0;9021.0;36000.0
458900;44887.0;8967.0;35920.0
459000;44994.0;8994.0;36000.0
459100;44913.0;8913.0;36000.0
459200;44994.0;8994.0;36000.0
459300;45061.0;9021.0;36040.0
459400;45088.0;9048.0;36040.0
459500;45061.0;9021.0;36040.0
459600;45061.0;9021.0;36040.0
459700;45528.0;9048.0;36480.0
459800;44621.0;9021.0;35600.0
459900;45608.0;9048.0;36560.0
460000;45101.0;9021.0;36080.0
460100;45048.0;9048.0;36000.0
460200;45061.5;9061.5;36000.0
460300;45060.0;8940.0;36120.0
460400;45141.0;9021.0;36120.0
460500;45261.0;9021.0;36240.0
460600;45183.0;9063.0;36120.0
460700;45183.0;9063.0;36120.0
460800;45223.0;9063.0;36160.0
460900;45143.0;9063.0;36080.0
461000;45248.0;9063.0;36185.0
461100;45335.0;9150.0;36185.0
461200;45372.5;9075.0;36297.5
461300;45297.5;9075.0;36222.5
461400;45297.5;9075.0;36222.5
461500;45282.5;9060.0;36222.5
461600;45440.0;9105.0;36335.0
461700;45920.0;9060.0;36860.0
461800;45185.0;9075.0;36110.0
461900;45305.0;9075.0;36230.0
462000;45275.0;9045.0;36230.0
462100;45290.0;9060.0;36230.0
462200;45312.5;9082.5;36230.0
462300;45225.0;9075.0;36150.0
462400;45387.0;9117.0;36270.0
462500;45387.0;9117.0;36270.0
462600;45315.0;9045.0;36270.0
462700;45339.0;9189.0;36150.0
462800;45418.0;9108.0;36310.0
462900;44947.0;9117.0;35830.0
463000;45329.0;9099.0;36230.0
463100;45382.0;9072.0;36310.0
463200;45439.0;9129.0;36310.0
463300;45521.0;9051.0;36470.0
463400;45611.0;9141.0;36470.0
463500;45509.0;9159.0;36350.0
463600;45347.0;8997.0;36350.0
463700;45491.0;9141.0;36350.0
463800;45429.0;9159.0;36270.0
463900;45549.0;9159.0;36390.0
464000;45773.0;9303.0;36470.0
464100;45675.0;9285.0;36390.0
464200;45531.0;9141.0;36390.0
464300;45571.0;9141.0;36430.0
464400;45571.0;9141.0;36430.0
464500;45718.0;9168.0;36550.0
464600;45433.0;9123.0;36310.0
464700;45691.0;9141.0;36550.0
464800;45593.0;9123.0;36470.0
464900;45809.0;9339.0;36470.0
465000;45656.0;9186.0;36470.0
465100;45629.0;9159.0;36470.0
465200;45629.0;9159.0;36470.0
465300;45229.0;9159.0;36070.0
465400;45525.0;9015.0;36510.0
465500;45651.0;9141.0;36510.0
465600;45525.0;9015.0;36510.0
465700;45525.0;9015.0;36510.0
465800;45691.0;9141.0;36550.0
465900;45709.0;9159.0;36550.0
466000;45709.0;9159.0;36550.0
466100;45727.0;9177.0;36550.0
466200;45709.0;9159.0;36550.0
466300;45487.0;9177.0;36310.0
466400;45776.0;9186.0;36590.0
466500;45749.0;9159.0;36590.0
466600;45345.0;9195.0;36150.0
466700;45767.0;9177.0;36590.0
466800;45789.0;9159.0;36630.0
466900;45789.0;9159.0;36630.0
467000;45639.0;8979.0;36660.0
467100;45875.0;9141.0;36734.0
467200;45801.0;9141.0;36660.0
467300;45865.0;9168.0;36697.0
467400;45874.0;9177.0;36697.0
467500;45838.0;9141.0;36697.0
467600;45838.0;9141.0;36697.0
467700;45856.0;9159.0;36697.0
467800;45893.0;9159.0;36734.0
467900;45911.0;9177.0;36734.0
468000;45929.0;9195.0;36734.0
468100;45893.0;9159.0;36734.0
468200;45893.0;9159.0;36734.0
468300;45948.0;9177.0;36771.0
468400;45923.0;9321.0;36602.0
468500;45779.0;9177.0;36602.0
468600;45912.0;9150.0;36762.0
468700;45939.0;9177.0;36762.0
468800;45943.0;9141.0;36802.0
468900;46059.0;9177.0;36882.0
469000;45979.0;9177.0;36802.0
469100;45979.0;9177.0;36802.0
469200;45952.0;9150.0;36802.0
469300;46028.0;9186.0;36842.0
469400;45983.0;9141.0;36842.0
469500;46001.0;9159.0;36842.0
469600;46001.0;9159.0;36842.0
469700;45177.0;9015.0;36162.0
469800;46032.0;9150.0;36882.0
469900;46119.0;9157.0;36962.0
470000;45559.0;9157.0;36402.0
470100;46059.0;9177.0;36882.0
470200;46059.0;9177.0;36882.0
470300;46174.0;9252.0;36922.0
470400;46249.0;9207.0;37042.0
470500;46114.0;9192.0;36922.0
470600;46139.0;9217.0;36922.0
470700;46119.0;9197.0;36922.0
470800;46159.0;9197.0;36962.0
470900;45679.0;9197.0;36482.0
471000;45664.0;9182.0;36482.0
471100;46174.0;9212.0;36962.0
471200;46159.0;9197.0;36962.0
471300;46199.0;9197.0;37002.0
471400;46199.0;9197.0;37002.0
471500;45934.0;9212.0;36722.0
471600;46294.0;9172.0;37122.0
471700;46399.0;9277.0;37122.0
471800;46239.0;9197.0;37042.0
471900;46169.0;9127.0;37042.0
472000;46879.0;9197.0;37682.0
472100;46179.0;9137.0;37042.0
472200;46274.0;9232.0;37042.0
472300;46279.0;9197.0;37082.0
472400;46399.0;9197.0;37202.0
472500;46314.0;9232.0;37082.0
472600;46754.0;9232.0;37522.0
472700;46314.0;9232.0;37082.0
472800;46369.0;9247.0;37122.0
472900;46369.0;9247.0;37122.0
473000;46869.0;9267.0;37602.0
473100;46389.0;9267.0;37122.0
473200;46309.0;9187.0;37122.0
473300;46309.0;9267.0;37042.0
473400;46269.0;9267.0;37002.0
473500;46429.0;9267.0;37162.0
473600;46309.0;9267.0;37042.0
473700;46358.0;9196.0;37162.0
473800;46508.5;9306.5;37202.0
473900;46580.0;9298.0;37282.0
474000;46500.0;9298.0;37202.0
474100;46525.5;9323.5;37202.0
474200;46474.5;9272.5;37202.0
474300;46523.0;9281.0;37242.0
474400;46386.0;9264.0;37122.0
474500;46506.0;9264.0;37242.0
474600;46480.5;9238.5;37242.0
474700;46523.0;9281.0;37242.0
474800;46643.0;9281.0;37362.0
474900;46563.0;9281.0;37282.0
475000;46137.5;9255.5;36882.0
475100;46643.0;9281.0;37362.0
475200;46563.0;9281.0;37282.0
475300;46107.0;9145.0;36962.0
475400;46603.0;9281.0;37322.0
475500;46617.5;9264.0;37353.5
475600;46643.0;9289.5;37353.5
475700;46727.0;9264.0;37463.0
475800;46654.0;9264.0;37390.0
475900;46677.0;9287.0;37390.0
476000;46677.0;9287.0;37390.0
476100;46689.0;9299.0;37390.0
476200;46701.0;9311.0;37390.0
476300;46677.5;9251.0;37426.5
476400;46725.5;9299.0;37426.5
476500;46737.5;9311.0;37426.5
476600;46628.0;9311.0;37317.0
476700;46296.5;9323.0;36973.5
476800;46798.0;9311.0;37487.0
476900;46798.0;9311.0;37487.0
477000;46717.0;9230.0;37487.0
477100;46816.0;9329.0;37487.0
477200;46816.0;9329.0;37487.0
477300;46974.0;9329.0;37645.0
477400;46837.5;9311.0;37526.5
477500;46974.0;9329.0;37645.0
477600;46873.5;9347.0;37526.5
477700;46421.0;9329.0;37092.0
477800;46850.0;9284.0;37566.0
477900;46992.0;9347.0;37645.0
478000;46861.0;9374.0;37487.0
478100;46931.0;9365.0;37566.0
478200;47133.5;9221.0;37912.5
478300;47095.0;9365.0;37730.0
478400;46967.5;9347.0;37620.5
478500;46967.5;9347.0;37620.5
478600;47077.0;9347.0;37730.0
478700;46858.0;9347.0;37511.0
478800;46860.0;9203.0;37657.0
478900;47004.0;9347.0;37657.0
479000;47069.0;9339.0;37730.0
479100;47036.0;9379.0;37657.0
479200;47226.0;9569.0;37657.0
479300;47042.5;9349.0;37693.5
479400;47028.0;9225.0;37803.0
479500;47086.5;9393.0;37693.5
479600;47086.5;9393.0;37693.5
479700;47098.5;9405.0;37693.5
479800;47123.0;9393.0;37730.0
479900;47683.0;9369.0;38314.0
480000;47050.0;9393.0;37657.0
480100;47160.0;9357.0;37803.0
480200;47123.0;9393.0;37730.0
480300;47159.5;9393.0;37766.5
480400;47159.5;9393.0;37766.5
480500;47423.5;9657.0;37766.5
480600;47159.5;9393.0;37766.5
480700;46977.0;9369.0;37608.0
480800;47161.0;9393.0;37768.0
480900;47125.0;9357.0;37768.0
481000;46969.0;9201.0;37768.0
481100;47206.0;9438.0;37768.0
481200;47179.0;9411.0;37768.0
481300;47363.0;9411.0;37952.0
481400;47291.0;9453.0;37838.0
481500;47258.0;9420.0;37838.0
481600;46648.0;9228.0;37420.0
481700;47432.0;9480.0;37952.0
481800;47377.0;9501.0;37876.0
481900;47992.0;9774.0;38218.0
482000;-372728.0;-410604.0;37876.0
482100;47188.0;9312.0;37876.0
482200;47428.0;9438.0;37990.0
482300;47331.0;9417.0;37914.0
482400;47210.0;9438.0;37772.0
482500;47210.0;9438.0;37772.0
482600;47450.0;9438.0;38012.0
482700;47471.0;9459.0;38012.0
482800;47328.0;9396.0;37932.0
482900;47349.0;9417.0;37932.0
483000;47328.0;9396.0;37932.0
483100;47870.0;9858.0;38012.0
483200;47436.0;9504.0;37932.0
483300;47576.5;9484.5;38092.0
483400;47518.0;9426.0;38092.0
483500;47398.0;9426.0;37972.0
483600;47258.5;9406.5;37852.0
483700;47557.0;9465.0;38092.0
483800;47516.0;9504.0;38012.0
483900;47438.0;9426.0;38012.0
484000;47789.0;9777.0;38012.0
484100;47477.0;9465.0;38012.0
484200;47555.0;9543.0;38012.0
484300;47428.0;9816.0;37612.0
484400;47397.0;9465.0;37932.0
484500;47829.0;9777.0;38052.0
484600;47397.0;9465.0;37932.0
484700;47358.0;9426.0;37932.0
484800;48197.0;9465.0;38732.0
484900;48037.0;9465.0;38572.0
485000;47557.0;9465.0;38092.0
485100;47477.0;9465.0;38012.0
485200;47649.5;9557.5;38092.0
485300;47722.0;9470.0;38252.0
485400;47552.0;9540.0;38012.0
485500;47447.0;9435.0;38012.0
485600;47552.0;9540.0;38012.0
485700;47602.0;9470.0;38132.0
485800;47642.0;9470.0;38172.0
485900;47642.0;9470.0;38172.0
486000;47590.0;9498.0;38092.0
486100;47670.0;9498.0;38172.0
486200;47229.0;9537.0;37692.0
486300;47854.0;9642.0;38212.0
486400;47719.0;9507.0;38212.0
486500;47719.0;9507.0;38212.0
486600;47839.0;9507.0;38332.0
486700;47719.0;9507.0;38212.0
486800;47359.0;9507.0;37852.0
486900;47774.0;9522.0;38252.0
487000;47669.0;9417.0;38252.0
487100;47709.0;9537.0;38172.0
487200;47879.0;9507.0;38372.0
487300;47769.0;9477.0;38292.0
487400;47841.0;9522.0;38319.0
487500;47643.0;9477.0;38166.0
487600;47838.0;9432.0;38406.0
487700;47913.0;9507.0;38406.0
487800;47773.0;9447.0;38326.0
487900;47803.0;9477.0;38326.0
488000;47703.0;9537.0;38166.0
488100;48013.0;9687.0;38326.0
488200;48253.0;9207.0;39046.0
488300;47373.0;9447.0;37926.0
488400;47948.0;9462.0;38486.0
488500;47903.0;9417.0;38486.0
488600;47813.0;9447.0;38366.0
488700;47236.5;9550.5;37686.0
488800;48110.0;9624.0;38486.0
488900;47883.0;9477.0;38406.0
489000;47778.0;9372.0;38406.0
489100;47872.5;9466.5;38406.0
489200;47851.5;9445.5;38406.0
489300;47881.0;9435.0;38446.0
489400;47473.0;9307.0;38166.0
489500;47977.0;9411.0;38566.0
489600;47510.0;9424.0;38086.0
489700;47870.0;9424.0;38446.0
489800;47990.0;9424.0;38566.0
489900;47702.0;9216.0;38486.0
490000;47430.0;9424.0;38006.0
490100;47884.0;9398.0;38486.0
490200;47910.0;9424.0;38486.0
490300;47950.0;9424.0;38526.0
490400;47976.0;9450.0;38526.0
490500;47950.0;9424.0;38526.0
490600;47950.0;9424.0;38526.0
490700;47856.0;9450.0;38406.0
490800;48068.0;9502.0;38566.0
490900;47990.0;9424.0;38566.0
491000;47990.0;9424.0;38566.0
491100;47978.0;9412.0;38566.0
491200;47978.0;9412.0;38566.0
491300;48018.0;9412.0;38606.0
491400;48018.0;9412.0;38606.0
491500;47874.0;9388.0;38486.0
491600;47954.0;9228.0;38726.0
491700;48310.0;9704.0;38606.0
491800;47886.0;9160.0;38726.0
491900;48452.0;9806.0;38646.0
492000;48061.0;9415.0;38646.0
492100;48044.0;9398.0;38646.0
492200;48066.0;9500.0;38566.0
492300;48118.0;9432.0;38686.0
492400;48118.0;9432.0;38686.0
492500;48271.0;9585.0;38686.0
492600;48067.0;9381.0;38686.0
492700;48084.0;9398.0;38686.0
492800;48238.0;9432.0;38806.0
492900;48158.0;9432.0;38726.0
493000;48158.0;9432.0;38726.0
493100;48124.0;9398.0;38726.0
493200;48570.0;9364.0;39206.0
493300;48044.0;9398.0;38646.0
493400;48556.0;9670.0;38886.0
493500;48335.0;9449.0;38886.0
493600;47782.0;9456.0;38326.0
493700;48055.5;9289.5;38766.0
493800;48188.0;9382.0;38806.0
493900;47782.0;9456.0;38326.0
494000;48299.0;9493.0;38806.0
494100;48262.0;9456.0;38806.0
494200;47819.0;9493.0;38326.0
494300;48043.0;9197.0;38846.0
494400;48182.0;9456.0;38726.0
494500;48339.0;9493.0;38846.0
494600;48459.0;9493.0;38966.0
494700;48339.0;9493.0;38846.0
494800;48379.0;9493.0;38886.0
494900;48896.0;9530.0;39366.0
495000;48416.0;9530.0;38886.0
495100;48416.0;9530.0;38886.0
495200;48379.0;9493.0;38886.0
495300;48400.5;9474.5;38926.0
495400;48357.0;9551.0;38806.0
495500;48477.0;9551.0;38926.0
495600;48511.0;9585.0;38926.0
495700;48477.0;9551.0;38926.0
495800;47997.0;9551.0;38446.0
495900;48517.0;9551.0;38966.0
496000;48517.0;9551.0;38966.0
496100;48325.0;9279.0;39046.0
496200;48403.0;9517.0;38886.0
496300;48243.0;9517.0;38726.0
496400;48472.0;9466.0;39006.0
496500;48403.0;9517.0;38886.0
496600;48066.0;9500.0;38566.0
496700;48544.0;9538.0;39006.0
496800;48427.0;9501.0;38926.0
496900;48467.0;9501.0;38966.0
497000;48430.0;9464.0;38966.0
497100;48522.5;9556.5;38966.0
497200;48430.0;9464.0;38966.0
497300;48432.0;9226.0;39206.0
497400;48558.0;9472.0;39086.0
497500;48558.0;9472.0;39086.0
497600;48517.0;9431.0;39086.0
497700;48619.5;9533.5;39086.0
497800;48678.0;9472.0;39206.0
497900;48536.5;9410.5;39126.0
498000;48557.0;9431.0;39126.0
498100;48557.0;9431.0;39126.0
498200;48538.5;9492.5;39046.0
498300;49078.0;9472.0;39606.0
498400;48745.0;9459.0;39286.0
498500;48602.5;9436.5;39166.0
498600;48722.5;9436.5;39286.0
498700;48625.0;9459.0;39166.0
498800;48710.0;9504.0;39206.0
498900;48777.5;9571.5;39206.0
499000;49070.0;9864.0;39206.0
499100;48710.0;9504.0;39206.0
499200;48830.0;9504.0;39326.0
499300;48750.0;9504.0;39246.0
499400;48750.0;9504.0;39246.0
499500;49190.0;9504.0;39686.0
499600;48390.0;9504.0;38886.0
499700;49128.5;9567.0;39561.5
499800;48757.0;9603.0;39154.0
499900;48361.0;9567.0;38794.0
500000;48725.0;9531.0;39194.0
500100;48397.0;9603.0;38794.0
500200;48913.0;9639.0;39274.0
500300;48917.0;9603.0;39314.0
500400;48477.0;9603.0;38874.0
500500;48917.0;9603.0;39314.0
500600;48917.0;9603.0;39314.0
500700;48953.0;9639.0;39314.0
500800;49037.0;9603.0;39434.0
500900;48957.0;9603.0;39354.0
501000;48841.0;9567.0;39274.0
501100;48975.0;9621.0;39354.0
501200;49149.0;9315.0;39834.0
501300;48961.0;9567.0;39394.0
501400;48961.0;9567.0;39394.0
501500;48997.0;9603.0;39394.0
501600;48673.0;9279.0;39394.0
501700;48961.0;9567.0;39394.0
501800;49481.0;9567.0;39914.0
501900;49073.0;9639.0;39434.0
502000;48557.0;9603.0;38954.0
502100;49325.0;9891.0;39434.0
502200;48983.0;9549.0;39434.0
502300;49077.0;9603.0;39474.0
502400;49041.0;9567.0;39474.0
502500;49481.0;9567.0;39914.0
502600;49005.0;9531.0;39474.0
502700;49143.0;9549.0;39594.0
502800;48925.0;9531.0;39394.0
502900;49045.0;9531.0;39514.0
503000;49435.0;9567.0;39868.0
503100;48953.0;9531.0;39422.0
503200;49071.0;9729.0;39342.0
503300;49181.0;9519.0;39662.0
503400;49100.0;9558.0;39542.0
503500;49100.0;9558.0;39542.0
503600;49100.0;9558.0;39542.0
503700;49139.0;9597.0;39542.0
503800;49140.0;9558.0;39582.0
503900;49021.0;9519.0;39502.0
504000;49140.0;9558.0;39582.0
504100;49140.0;9558.0;39582.0
504200;49261.0;9639.0;39622.0
504300;49306.0;9684.0;39622.0
504400;48776.0;9594.0;39182.0
504500;48901.0;9279.0;39622.0
504600;49261.0;9639.0;39622.0
504700;48548.5;9366.5;39182.0
504800;49331.0;9669.0;39662.0
504900;49331.0;9669.0;39662.0
505000;49771.0;10109.0;39662.0
505100;49331.0;9669.0;39662.0
505200;49451.0;9669.0;39782.0
505300;49251.0;9669.0;39582.0
505400;49436.0;9614.0;39822.0
505500;49338.5;9614.0;39724.5
505600;49338.5;9614.0;39724.5
505700;49273.5;9696.5;39577.0
505800;49513.5;9696.5;39817.0
505900;49326.0;9669.0;39657.0
506000;49646.0;9669.0;39977.0
506100;49415.0;9669.0;39746.0
506200;48953.0;9669.0;39284.0
506300;49398.5;9614.0;39784.5
506400;49453.5;9669.0;39784.5
506500;49453.5;9669.0;39784.5
506600;49454.5;9670.0;39784.5
506700;49632.0;9732.0;39900.0
506800;49632.0;9732.0;39900.0
506900;49725.0;9825.0;39900.0
507000;49798.0;10073.0;39725.0
507100;49475.0;9670.0;39805.0
507200;50033.0;10228.0;39805.0
507300;49577.0;9732.0;39845.0
507400;49457.0;9732.0;39725.0
507500;50317.0;10352.0;39965.0
507600;49395.0;9670.0;39725.0
507700;49670.0;9825.0;39845.0
507800;49555.0;9670.0;39885.0
507900;49568.0;9763.0;39805.0
508000;49648.0;9763.0;39885.0
508100;49968.0;9732.0;40236.0
508200;49635.0;9732.0;39903.0
508300;49703.0;9763.0;39940.0
508400;49610.0;9670.0;39940.0
508500;48775.0;8988.0;39787.0
508600;49577.0;9670.0;39907.0
508700;49577.0;9670.0;39907.0
508800;49559.0;9732.0;39827.0
508900;49586.0;9639.0;39947.0
509000;49679.0;9732.0;39947.0
509100;49697.0;9670.0;40027.0
509200;49617.0;9670.0;39947.0
509300;49595.0;9608.0;39987.0
509400;49731.0;10104.0;39627.0
509500;49564.0;9577.0;39987.0
509600;49537.0;9670.0;39867.0
509700;49626.0;9639.0;39987.0
509800;49697.0;9670.0;40027.0
509900;49715.0;9608.0;40107.0
510000;49219.0;9112.0;40107.0
510100;49635.0;9608.0;40027.0
510200;49139.0;9112.0;40027.0
510300;49675.0;9608.0;40067.0
510400;49768.0;9701.0;40067.0
510500;50291.0;10104.0;40187.0
510600;49675.0;9608.0;40067.0
510700;49768.0;9701.0;40067.0
510800;49808.0;9701.0;40107.0
510900;49715.0;9608.0;40107.0
511000;49777.0;9670.0;40107.0
511100;49715.0;9608.0;40107.0
511200;49777.0;9670.0;40107.0
511300;49755.0;9608.0;40147.0
511400;49550.0;9763.0;39787.0
511500;50034.0;9887.0;40147.0
511600;49935.0;10228.0;39707.0
511700;49817.0;9670.0;40147.0
511800;49253.0;9546.0;39707.0
511900;49715.0;9608.0;40107.0
512000;49795.0;9608.0;40187.0
512100;49795.0;9608.0;40187.0
512200;50515.0;9608.0;40907.0
512300;49835.0;9608.0;40227.0
512400;49884.0;9657.0;40227.0
512500;50004.0;9657.0;40347.0
512600;49664.0;9437.0;40227.0
512700;49884.0;9657.0;40227.0
512800;49776.5;9629.5;40147.0
512900;49924.0;9657.0;40267.0
513000;49979.0;9712.0;40267.0
513100;49924.0;9657.0;40267.0
513200;49924.0;9657.0;40267.0
513300;49641.5;9334.5;40307.0
513400;49925.0;9618.0;40307.0
513500;49988.0;9681.0;40307.0
513600;49773.5;9586.5;40187.0
513700;49484.0;9177.0;40307.0
513800;49813.5;9586.5;40227.0
513900;49965.0;9618.0;40347.0
514000;49885.0;9618.0;40267.0
514100;49948.0;9681.0;40267.0
514200;50028.0;9681.0;40347.0
514300;50068.0;9681.0;40387.0
514400;50132.0;10185.0;39947.0
514500;50068.0;9681.0;40387.0
514600;49885.0;9618.0;40267.0
514700;50068.0;9681.0;40387.0
514800;50045.0;9618.0;40427.0
514900;49982.0;9555.0;40427.0
515000;50588.0;9681.0;40907.0
515100;50230.0;9723.0;40507.0
515200;50184.5;9757.5;40427.0
515300;49569.0;9102.0;40467.0
515400;49879.5;9412.5;40467.0
515500;50241.0;9654.0;40587.0
515600;50052.0;9585.0;40467.0
515700;50742.0;10275.0;40467.0
515800;49654.0;9627.0;40027.0
515900;49541.5;9514.5;40027.0
516000;50134.0;9627.0;40507.0
516100;50054.0;9627.0;40427.0
516200;50659.0;10152.0;40507.0
516300;50259.0;9592.0;40667.0
516400;50059.0;9512.0;40547.0
516500;50499.0;9512.0;40987.0
516600;50099.0;9432.0;40667.0
516700;50059.0;9512.0;40547.0
516800;49379.0;9312.0;40067.0
516900;50179.0;9592.0;40587.0
517000;50207.0;9620.0;40587.0
517100;50207.0;9620.0;40587.0
517200;50397.0;9810.0;40587.0
517300;50285.0;9658.0;40627.0
517400;50133.0;9506.0;40627.0
517500;50247.0;9620.0;40627.0
517600;50367.0;9620.0;40747.0
517700;50247.0;9620.0;40627.0
517800;50287.0;9620.0;40667.0
517900;50363.0;9696.0;40667.0
518000;50325.0;9658.0;40667.0
518100;50363.0;9696.0;40667.0
518200;50287.0;9620.0;40667.0
518300;50403.0;9696.0;40707.0
518400;50403.0;9696.0;40707.0
518500;50403.0;9696.0;40707.0
518600;50283.0;9696.0;40587.0
518700;50403.0;9696.0;40707.0
518800;50367.0;9620.0;40747.0
518900;50283.0;9696.0;40587.0
519000;51197.0;9810.0;41387.0
519100;49835.0;9088.0;40747.0
519200;50595.0;9848.0;40747.0
519300;50553.0;9886.0;40667.0
519400;50635.0;9848.0;40787.0
519500;50831.0;9924.0;40907.0
519600;50559.0;9772.0;40787.0
519700;50961.0;9734.0;41227.0
519800;50675.0;9848.0;40827.0
519900;50675.0;9848.0;40827.0
520000;50675.0;9848.0;40827.0
520100;50561.0;9734.0;40827.0
520200;50675.0;9848.0;40827.0
520300;51079.0;9772.0;41307.0
520400;51247.0;10380.0;40867.0
520500;50639.0;9772.0;40867.0
520600;50639.0;9772.0;40867.0
520700;50639.0;9772.0;40867.0
520800;50451.0;9544.0;40907.0
520900;50679.0;9772.0;40907.0
521000;51159.0;9772.0;41387.0
521100;50679.0;9772.0;40907.0
521200;50755.0;9848.0;40907.0
521300;50719.0;9772.0;40947.0
521400;51061.0;10114.0;40947.0
521500;50719.0;9772.0;40947.0
521600;50719.0;9772.0;40947.0
521700;50713.0;9886.0;40827.0
521800;50911.0;9924.0;40987.0
521900;50759.0;9772.0;40987.0
522000;50355.0;9848.0;40507.0
522100;51031.0;9924.0;41107.0
522200;50835.0;9848.0;40987.0
522300;50951.0;9924.0;41027.0
522400;50951.0;9924.0;41027.0
522500;50951.0;9924.0;41027.0
522600;50951.0;9924.0;41027.0
522700;50951.0;9924.0;41027.0
522800;50915.0;9848.0;41067.0
522900;51181.0;10114.0;41067.0
523000;50515.0;9848.0;40667.0
523100;50915.0;9848.0;41067.0
523200;51357.0;9810.0;41547.0
523300;50423.0;9316.0;41107.0
523400;51031.0;9924.0;41107.0
523500;51069.0;9962.0;41107.0
523600;51683.0;10456.0;41227.0
523700;50651.0;9544.0;41107.0
523800;51109.0;9962.0;41147.0
523900;50915.0;9848.0;41067.0
524000;50463.0;9316.0;41147.0
524100;50387.0;9240.0;41147.0
524200;51147.0;10000.0;41147.0
524300;51035.0;9848.0;41187.0
524400;50915.0;9848.0;41067.0
524500;51035.0;9848.0;41187.0
524600;51035.0;9848.0;41187.0
524700;50959.0;9772.0;41187.0
524800;50885.0;9658.0;41227.0
524900;50620.0;9313.0;41307.0
525000;51172.0;9945.0;41227.0
525100;51324.0;10577.0;40747.0
525200;51172.0;9945.0;41227.0
525300;50935.5;9668.5;41267.0
525400;50775.0;9508.0;41267.0
525500;51215.0;9948.0;41267.0
525600;50575.0;9308.0;41267.0
525700;51215.0;9948.0;41267.0
525800;51255.0;9948.0;41307.0
525900;51175.0;9868.0;41307.0
526000;51335.0;10108.0;41227.0
526100;51335.0;10028.0;41307.0
526200;51095.0;10028.0;41067.0
526300;51495.0;10028.0;41467.0
526400;51529.0;10182.0;41347.0
526500;51301.0;9954.0;41347.0
526600;51339.0;9992.0;41347.0
526700;51491.0;10144.0;41347.0
526800;51341.0;9954.0;41387.0
526900;51407.0;10020.0;41387.0
527000;51407.0;10020.0;41387.0
527100;51407.0;9940.0;41467.0
527200;51327.0;9940.0;41387.0
527300;51447.0;10020.0;41427.0
527400;51567.0;10020.0;41547.0
527500;51447.0;10020.0;41427.0
527600;51687.0;10260.0;41427.0
527700;51527.0;10100.0;41427.0
527800;50767.0;10020.0;40747.0
527900;51487.0;10020.0;41467.0
528000;51087.0;10020.0;41067.0
528100;51487.0;10020.0;41467.0
528200;51567.0;10100.0;41467.0
528300;51607.0;10100.0;41507.0
528400;51569.0;10062.0;41507.0
528500;51449.0;10062.0;41387.0
528600;51569.0;10062.0;41507.0
528700;52161.0;10654.0;41507.0
528800;51831.0;10284.0;41547.0
528900;51609.0;10062.0;41547.0
529000;51535.0;9988.0;41547.0
529100;51609.0;10062.0;41547.0
529200;51535.0;9988.0;41547.0
529300;51649.0;10062.0;41587.0
529400;51723.0;10136.0;41587.0
529500;51765.0;10178.0;41587.0
529600;51765.0;10178.0;41587.0
529700;51645.0;10178.0;41467.0
529800;51405.0;10258.0;41147.0
529900;51805.0;10178.0;41627.0
530000;52270.0;10563.0;41707.0
530100;52203.5;10225.5;41978.0
530200;52164.5;10075.5;42089.0
530300;51870.0;10188.0;41682.0
530400;51720.0;10038.0;41682.0
530500;51898.0;10216.0;41682.0
530600;51898.0;10216.0;41682.0
530700;52313.0;10784.0;41529.0
530800;51905.0;10216.0;41689.0
530900;52553.0;10784.0;41769.0
531000;52038.0;10429.0;41609.0
531100;51905.0;10216.0;41689.0
531200;51337.0;9648.0;41689.0
531300;51837.5;9988.5;41849.0
531400;52304.0;10335.0;41969.0
531500;51944.0;10335.0;41609.0
531600;52107.0;10258.0;41849.0
531700;52299.5;10450.5;41849.0
531800;52022.5;10373.5;41649.0
531900;51411.0;9642.0;41769.0
532000;52027.0;10258.0;41769.0
532100;52104.0;10335.0;41769.0
532200;52104.0;10335.0;41769.0
532300;52067.0;10258.0;41809.0
532400;52067.0;10258.0;41809.0
532500;51707.0;10258.0;41449.0
532600;52067.0;10258.0;41809.0
532700;52225.5;10296.5;41929.0
532800;52261.0;10412.0;41849.0
532900;52538.0;10209.0;42329.0
533000;52386.5;10537.5;41849.0
533100;52058.0;10209.0;41849.0
533200;52058.0;10209.0;41849.0
533300;51978.0;10209.0;41769.0
533400;52098.0;10209.0;41889.0
533500;52098.0;10209.0;41889.0
533600;52171.0;10282.0;41889.0
533700;51733.0;9844.0;41889.0
533800;51912.5;9953.5;41959.0
533900;52052.0;10209.0;41843.0
534000;52278.0;10355.0;41923.0
534100;51869.5;10026.5;41843.0
534200;52654.0;10251.0;42403.0
534300;52174.5;10211.5;41963.0
534400;52214.0;10251.0;41963.0
534500;52214.0;10251.0;41963.0
534600;52174.5;10211.5;41963.0
534700;52173.0;10330.0;41843.0
534800;52255.0;10172.0;42083.0
534900;52175.0;10172.0;42003.0
535000;52333.0;10330.0;42003.0
535100;52094.0;10251.0;41843.0
535200;52254.0;10251.0;42003.0
535300;52294.0;10251.0;42043.0
535400;52412.5;10369.5;42043.0
535500;51662.0;9619.0;42043.0
535600;52174.0;10251.0;41923.0
535700;51934.0;10251.0;41683.0
535800;52334.0;10251.0;42083.0
535900;52215.5;10132.5;42083.0
536000;52334.0;10251.0;42083.0
536100;52334.0;10251.0;42083.0
536200;52213.5;10290.5;41923.0
536300;52334.5;10211.5;42123.0
536400;52453.0;10330.0;42123.0
536500;52097.5;9974.5;42123.0
536600;52374.0;10251.0;42123.0
536700;52374.0;10251.0;42123.0
536800;52414.0;10251.0;42163.0
536900;52849.5;10606.5;42243.0
537000;52414.0;10251.0;42163.0
537100;52414.0;10251.0;42163.0
537200;53210.0;10567.0;42643.0
537300;51856.0;10093.0;41763.0
537400;52375.0;10172.0;42203.0
537500;52335.5;10132.5;42203.0
537600;52296.0;10093.0;42203.0
537700;52255.0;10172.0;42083.0
537800;52494.0;10251.0;42243.0
537900;52262.0;10179.0;42083.0
538000;52462.0;10219.0;42243.0
538100;52182.0;9939.0;42243.0
538200;-791098.0;9699.0;-800797.0
538300;52182.0;9899.0;42283.0
538400;52702.0;10419.0;42283.0
538500;52582.0;10179.0;42403.0
538600;52462.0;10179.0;42283.0
538700;52462.0;10179.0;42283.0
538800;52502.0;10179.0;42323.0
538900;52462.0;10179.0;42283.0
539000;52502.0;10179.0;42323.0
539100;52342.0;10019.0;42323.0
539200;52222.0;9899.0;42323.0
539300;52686.0;10323.0;42363.0
539400;52542.0;10179.0;42363.0
539500;52758.0;10395.0;42363.0
539600;52422.0;10179.0;42243.0
539700;52542.0;10179.0;42363.0
539800;52654.0;10251.0;42403.0
539900;52582.0;10179.0;42403.0
540000;52510.0;10107.0;42403.0
540100;52538.0;10215.0;42323.0
540200;52654.0;10251.0;42403.0
540300;52622.0;10179.0;42443.0
540400;52922.0;10359.0;42563.0
540500;52502.0;10179.0;42323.0
540600;52622.0;10179.0;42443.0
540700;52622.0;10179.0;42443.0
540800;52662.0;10179.0;42483.0
540900;52782.0;10179.0;42603.0
541000;53238.0;10755.0;42483.0
541100;52734.0;10251.0;42483.0
541200;52582.0;10179.0;42403.0
541300;52822.0;10179.0;42643.0
541400;52582.0;10179.0;42403.0
541500;52750.0;10107.0;42643.0
541600;52894.0;10251.0;42643.0
541700;52702.0;10179.0;42523.0
541800;53462.0;10899.0;42563.0
541900;52742.0;10179.0;42563.0
542000;52706.0;10143.0;42563.0
542100;52670.0;10107.0;42563.0
542200;52670.0;10107.0;42563.0
542300;52638.0;10035.0;42603.0
542400;52710.0;10107.0;42603.0
542500;52710.0;10107.0;42603.0
542600;52758.0;10035.0;42723.0
542700;52494.0;9891.0;42603.0
542800;52630.0;10107.0;42523.0
542900;52375.0;9732.0;42643.0
543000;53893.0;10810.0;43083.0
543100;51990.0;9347.0;42643.0
543200;52357.0;10194.0;42163.0
543300;52483.0;9800.0;42683.0
543400;52883.0;10200.0;42683.0
543500;52883.0;10200.0;42683.0
543600;53043.0;10240.0;42803.0
543700;52883.0;10200.0;42683.0
543800;52923.0;10200.0;42723.0
543900;52923.0;10200.0;42723.0
544000;53003.0;10200.0;42803.0
544100;52723.0;10080.0;42643.0
544200;52923.0;10200.0;42723.0
544300;53043.0;10280.0;42763.0
544400;52323.0;9560.0;42763.0
544500;52963.0;10200.0;42763.0
544600;53043.0;10280.0;42763.0
544700;53003.0;10240.0;42763.0
544800;53003.0;10200.0;42803.0
544900;53003.0;10200.0;42803.0
545000;52958.0;10120.0;42838.0
545100;52918.0;10080.0;42838.0
545200;52994.5;10120.0;42874.5
545300;53024.0;10040.0;42984.0
545400;52702.0;10160.0;42542.0
545500;53368.5;10480.0;42888.5
545600;53008.5;10120.0;42888.5
545700;52288.5;9400.0;42888.5
545800;53429.0;10040.0;43389.0
545900;53204.0;10200.0;43004.0
546000;52967.0;10040.0;42927.0
546100;53189.0;9800.0;43389.0
546200;52442.5;9400.0;43042.5
546300;53574.5;10185.5;43389.0
546400;53151.0;10070.0;43081.0
546500;53035.5;10070.0;42965.5
546600;52917.0;10301.0;42616.0
546700;53486.0;10070.0;43416.0
546800;53121.0;10070.0;43051.0
546900;53044.0;9993.0;43051.0
547000;53194.0;10070.0;43124.0
547100;52674.0;9993.0;42681.0
547200;53141.0;10070.0;43071.0
547300;53180.0;10070.0;43110.0
547400;53180.0;10070.0;43110.0
547500;53201.0;10091.0;43110.0
547600;53201.0;10091.0;43110.0
547700;52352.5;9211.0;43141.5
547800;53308.0;10131.0;43177.0
547900;53908.0;10731.0;43177.0
548000;53348.0;10171.0;43177.0
548100;53134.0;10091.0;43043.0
548200;53094.0;9971.0;43123.0
548300;53294.0;10011.0;43283.0
548400;53334.0;10051.0;43283.0
548500;53174.0;10011.0;43163.0
548600;53174.0;9891.0;43283.0
548700;53174.0;10011.0;43163.0
548800;53374.0;10091.0;43283.0
548900;53334.0;10131.0;43203.0
549000;53214.0;10011.0;43203.0
549100;53374.0;10171.0;43203.0
549200;53294.0;10091.0;43203.0
549300;53334.0;10091.0;43243.0
549400;54168.0;10611.0;43557.0
549500;53344.0;10091.0;43253.0
549600;54288.0;10731.0;43557.0
549700;53304.0;10051.0;43253.0
549800;53382.0;10091.0;43291.0
549900;53382.0;10091.0;43291.0
550000;53382.0;10091.0;43291.0
550100;53382.0;10091.0;43291.0
550200;53238.0;10051.0;43187.0
550300;53278.0;10091.0;43187.0
550400;53640.0;10171.0;43469.0
550500;53610.5;10251.0;43359.5
550600;54360.0;10891.0;43469.0
550700;53610.5;10251.0;43359.5
550800;53647.0;10251.0;43396.0
550900;53647.0;10251.0;43396.0
551000;53647.0;10251.0;43396.0
551100;53647.0;10251.0;43396.0
551200;53727.0;10331.0;43396.0
551300;53683.5;10251.0;43432.5
551400;53282.0;10251.0;43031.0
551500;53873.0;10331.0;43542.0
551600;53723.5;10291.0;43432.5
551700;53713.0;10171.0;43542.0
551800;54040.0;10571.0;43469.0
551900;53478.0;10171.0;43307.0
552000;53598.0;10171.0;43427.0
552100;53598.0;10171.0;43427.0
552200;52958.0;9531.0;43427.0
552300;53758.0;10291.0;43467.0
552400;53638.0;10171.0;43467.0
552500;53758.0;10171.0;43587.0
552600;53758.0;10171.0;43587.0
552700;53758.0;10291.0;43467.0
552800;53838.0;10331.0;43507.0
552900;54118.0;10611.0;43507.0
553000;53758.0;10251.0;43507.0
553100;53758.0;10251.0;43507.0
553200;53678.0;10251.0;43427.0
553300;53198.0;10091.0;43107.0
553400;53718.0;10171.0;43547.0
553500;53838.0;10171.0;43667.0
553600;53598.0;10171.0;43427.0
553700;53878.0;10211.0;43667.0
553800;53758.0;10091.0;43667.0
553900;54038.0;10451.0;43587.0
554000;53678.0;10091.0;43587.0
554100;53678.0;9971.0;43707.0
554200;53558.0;9971.0;43587.0
554300;53278.0;9651.0;43627.0
554400;53718.0;10091.0;43627.0
554500;53358.0;9731.0;43627.0
554600;53718.0;10091.0;43627.0
554700;53838.0;10091.0;43747.0
554800;53772.0;10105.0;43667.0
554900;53730.0;10183.0;43547.0
555000;53653.0;10066.0;43587.0
555100;53226.0;9559.0;43667.0
555200;53850.0;10183.0;43667.0
555300;53684.0;10417.0;43267.0
555400;53887.0;10300.0;43587.0
555500;54319.0;10612.0;43707.0
555600;53968.0;10261.0;43707.0
555700;54010.0;10183.0;43827.0
555800;54008.0;10261.0;43747.0
555900;54088.0;10261.0;43827.0
556000;54088.0;10261.0;43827.0
556100;54359.0;10612.0;43747.0
556200;54008.0;10261.0;43747.0
556300;53688.0;10261.0;43427.0
556400;54048.0;10261.0;43787.0
556500;54488.0;10261.0;44227.0
556600;53970.0;10183.0;43787.0
556700;54062.0;10275.0;43787.0
556800;54062.0;10355.0;43707.0
556900;53542.0;9635.0;43907.0
557000;54022.0;10195.0;43827.0
557100;54102.0;10275.0;43827.0
557200;54022.0;10195.0;43827.0
557300;54942.0;11075.0;43867.0
557400;54454.5;10275.0;44179.5
557500;54074.5;10195.0;43879.5
557600;54102.5;10223.0;43879.5
557700;53955.0;10223.0;43732.0
557800;54191.0;10299.0;43892.0
557900;54071.0;10299.0;43772.0
558000;54271.0;10299.0;43972.0
558100;54191.0;10299.0;43892.0
558200;54191.0;10299.0;43892.0
558300;54231.0;10299.0;43932.0
558400;54231.0;10299.0;43932.0
558500;54275.0;10223.0;44052.0
558600;53623.0;9691.0;43932.0
558700;54237.0;10185.0;44052.0
558800;54271.0;10299.0;43972.0
558900;54271.0;10299.0;43972.0
559000;54461.0;10489.0;43972.0
559100;54115.0;10223.0;43892.0
559200;54081.0;10109.0;43972.0
559300;54355.0;10223.0;44132.0
559400;54235.0;10223.0;44012.0
559500;54159.0;10147.0;44012.0
559600;54279.0;10147.0;44132.0
559700;54279.0;10147.0;44132.0
559800;54807.0;10755.0;44052.0
559900;54807.0;10115.0;44692.0
560000;54247.0;10115.0;44132.0
560100;54087.0;10035.0;44052.0
560200;54327.0;10755.0;43572.0
560300;53407.0;9995.0;43412.0
560400;54207.0;10115.0;44092.0
560500;54247.0;10035.0;44212.0
560600;54087.0;10115.0;43972.0
560700;54207.0;10115.0;44092.0
560800;54247.0;10235.0;44012.0
560900;54162.0;9995.0;44167.0
561000;54332.0;10195.0;44137.0
561100;54172.0;10035.0;44137.0
561200;54252.0;10115.0;44137.0
561300;54368.0;10075.0;44293.0
561400;54408.0;10115.0;44293.0
561500;54211.0;10035.0;44176.0
561600;54280.0;10115.0;44165.0
561700;54240.0;10195.0;44045.0
561800;54960.0;10755.0;44205.0
561900;54400.0;10195.0;44205.0
562000;54400.0;10195.0;44205.0
562100;54320.0;10195.0;44125.0
562200;54400.0;10195.0;44205.0
562300;54440.0;10195.0;44245.0
562400;54600.0;10235.0;44365.0
562500;54400.0;10275.0;44125.0
562600;54560.0;10315.0;44245.0
562700;54520.0;10275.0;44245.0
562800;54560.0;10275.0;44285.0
562900;54560.0;10275.0;44285.0
563000;54640.0;10275.0;44365.0
563100;54560.0;10275.0;44285.0
563200;55440.0;11155.0;44285.0
563300;54720.0;10275.0;44445.0
563400;55240.0;10915.0;44325.0
563500;54680.0;10235.0;44445.0
563600;54640.0;10315.0;44325.0
563700;54600.0;10395.0;44205.0
563800;54640.0;10195.0;44445.0
563900;54760.0;10395.0;44365.0
564000;54640.0;10275.0;44365.0
564100;54680.0;10315.0;44365.0
564200;54480.0;10115.0;44365.0
564300;53960.0;9555.0;44405.0
564400;53360.0;9395.0;43965.0
564500;54480.0;10075.0;44405.0
564600;54600.0;10195.0;44405.0
564700;54600.0;10195.0;44405.0
564800;55280.0;10835.0;44445.0
564900;54440.0;10115.0;44325.0
565000;54748.0;10223.0;44525.0
565100;55428.0;10983.0;44445.0
565200;55276.0;10831.0;44445.0
565300;54708.0;10223.0;44485.0
565400;54708.0;10223.0;44485.0
565500;54594.0;10109.0;44485.0
565600;54100.0;9615.0;44485.0
565700;54594.0;10109.0;44485.0
565800;54824.0;10299.0;44525.0
565900;55464.0;10299.0;45165.0
566000;54786.0;10261.0;44525.0
566100;54824.0;10299.0;44525.0
566200;54776.0;10251.0;44525.0
566300;54576.0;10131.0;44445.0
566400;55176.0;10171.0;45005.0
566500;54856.0;10291.0;44565.0
566600;54736.0;10171.0;44565.0
566700;54696.0;10251.0;44445.0
566800;55496.0;10891.0;44605.0
566900;55336.0;10251.0;45085.0
567000;54856.0;10251.0;44605.0
567100;54856.0;10251.0;44605.0
567200;54896.0;10291.0;44605.0
567300;55696.0;11051.0;44645.0
567400;54656.0;10011.0;44645.0
567500;54936.0;10171.0;44765.0
567600;54816.0;10171.0;44645.0
567700;55096.0;10451.0;44645.0
567800;54936.0;10251.0;44685.0
567900;55656.0;10891.0;44765.0
568000;55296.0;10531.0;44765.0
568100;54936.0;10251.0;44685.0
568200;54936.0;10251.0;44685.0
568300;55056.0;10331.0;44725.0
568400;55056.0;10331.0;44725.0
568500;54776.0;10411.0;44365.0
568600;54496.0;9771.0;44725.0
568700;55136.0;10411.0;44725.0
568800;54896.0;10131.0;44765.0
568900;55256.0;10491.0;44765.0
569000;55256.0;10491.0;44765.0
569100;55056.0;10371.0;44685.0
569200;55216.0;10451.0;44765.0
569300;55296.0;10491.0;44805.0
569400;55176.0;10491.0;44685.0
569500;55216.0;10411.0;44805.0
569600;55216.0;10411.0;44805.0
569700;55216.0;10411.0;44805.0
569800;55456.0;10611.0;44845.0
569900;55256.0;10411.0;44845.0
570000;55936.0;10611.0;45325.0
570100;55456.0;10491.0;44965.0
570200;55976.0;10651.0;45325.0
570300;55096.0;10211.0;44885.0
570400;55296.0;10411.0;44885.0
570500;55296.0;10411.0;44885.0
570600;55296.0;10411.0;44885.0
570700;55736.0;10411.0;45325.0
570800;55496.0;10571.0;44925.0
570900;55496.0;10571.0;44925.0
571000;55416.0;10491.0;44925.0
571100;55416.0;10491.0;44925.0
571200;55816.0;10411.0;45405.0
571300;55456.0;10491.0;44965.0
571400;55896.0;10491.0;45405.0
571500;55456.0;10491.0;44965.0
571600;55456.0;10491.0;44965.0
571700;55576.0;10491.0;45085.0
571800;55810.0;10491.0;45319.0
571900;55582.0;10571.0;45011.0
572000;55582.0;10571.0;45011.0
572100;55057.5;9931.0;45126.5
572200;55582.0;10571.0;45011.0
572300;55620.5;10571.0;45049.5
572400;55656.0;10491.0;45165.0
572500;55736.0;10571.0;45165.0
572600;55505.0;10571.0;44934.0
572700;55620.5;10571.0;45049.5
572800;55887.0;10491.0;45396.0
572900;55311.0;10611.0;44700.0
573000;56391.0;11291.0;45100.0
573100;55671.0;10571.0;45100.0
573200;55671.0;10651.0;45020.0
573300;56431.0;11291.0;45140.0
573400;55911.0;10651.0;45260.0
573500;55791.0;10651.0;45140.0
573600;55511.0;10651.0;44860.0
573700;55431.0;10651.0;44780.0
573800;55711.0;10651.0;45060.0
573900;55873.5;10813.5;45060.0
574000;56106.0;10926.0;45180.0
574100;55993.5;10813.5;45180.0
574200;56113.5;10813.5;45300.0
574300;55801.0;10701.0;45100.0
574400;56344.5;10813.5;45531.0
574500;56134.0;10899.0;45235.0
574600;56141.5;10795.5;45346.0
574700;56065.0;10830.0;45235.0
574800;56102.0;10830.0;45272.0
574900;56102.0;10830.0;45272.0
575000;56102.0;10830.0;45272.0
575100;55986.0;10830.0;45156.0
575200;56066.0;10830.0;45236.0
575300;56037.0;10761.0;45276.0
575400;56394.0;11238.0;45156.0
575500;55944.0;11028.0;44916.0
575600;56064.0;10788.0;45276.0
575700;56334.0;11058.0;45276.0
575800;56224.0;10908.0;45316.0
575900;56224.0;10908.0;45316.0
576000;56224.0;10908.0;45316.0
576100;56224.0;10908.0;45316.0
576200;56124.0;11448.0;44676.0
576300;56324.0;10968.0;45356.0
576400;56384.0;11028.0;45356.0
576500;56474.0;11118.0;45356.0
576600;56324.0;10968.0;45356.0
576700;56414.0;11058.0;45356.0
576800;56324.0;10968.0;45356.0
576900;56424.0;11028.0;45396.0
577000;56454.0;11058.0;45396.0
577100;56364.0;10968.0;45396.0
577200;56344.0;11028.0;45316.0
577300;56404.0;10968.0;45436.0
577400;56524.0;10968.0;45556.0
577500;56464.0;11028.0;45436.0
577600;56124.0;10848.0;45276.0
577700;56794.0;11238.0;45556.0
577800;56524.0;11088.0;45436.0
577900;56564.0;11088.0;45476.0
578000;56144.0;11148.0;44996.0
578100;56624.0;11148.0;45476.0
578200;56684.0;11088.0;45596.0
578300;56604.0;11088.0;45516.0
578400;56694.0;11178.0;45516.0
578500;56604.0;11088.0;45516.0
578600;56724.0;11088.0;45636.0
578700;56512.0;11116.0;45396.0
578800;56792.0;11116.0;45676.0
578900;56672.0;11116.0;45556.0
579000;56672.0;11116.0;45556.0
579100;56592.0;11116.0;45476.0
579200;56672.0;11116.0;45556.0
579300;56648.0;11052.0;45596.0
579400;56712.0;11116.0;45596.0
579500;56648.0;11052.0;45596.0
579600;56648.0;11052.0;45596.0
579700;56648.0;11052.0;45596.0
579800;57136.0;11500.0;45636.0
579900;56704.0;10988.0;45716.0
580000;57136.0;11500.0;45636.0
580100;56528.0;10892.0;45636.0
580200;56464.0;10828.0;45636.0
580300;56480.0;10924.0;45556.0
580400;56536.0;10860.0;45676.0
580500;56536.0;10860.0;45676.0
580600;56472.0;10796.0;45676.0
580700;56536.0;10860.0;45676.0
580800;56640.0;10924.0;45716.0
580900;56200.0;10604.0;45596.0
581000;56624.0;10828.0;45796.0
581100;56128.0;10412.0;45716.0
581200;56128.0;10412.0;45716.0
581300;56496.0;10860.0;45636.0
581400;56496.0;10860.0;45636.0
581500;56616.0;10860.0;45756.0
581600;56848.0;11092.0;45756.0
581700;56568.0;10812.0;45756.0
581800;56688.0;10812.0;45876.0
581900;56552.0;10756.0;45796.0
582000;56552.0;10756.0;45796.0
582100;56552.0;10756.0;45796.0
582200;56061.5;10425.5;45636.0
582300;56641.5;10685.5;45956.0
582400;57103.0;10848.0;46255.0
582500;56636.5;10783.0;45853.5
582600;56478.0;10783.0;45695.0
582700;56598.0;10783.0;45815.0
582800;55988.0;10133.0;45855.0
582900;56783.0;10848.0;45935.0
583000;56638.0;10783.0;45855.0
583100;56663.0;10783.0;45880.0
583200;56890.5;11010.5;45880.0
583300;56595.0;10825.0;45770.0
583400;56559.5;10789.5;45770.0
583500;57332.5;11002.5;46330.0
583600;56715.0;10825.0;45890.0
583700;56304.5;10414.5;45890.0
583800;56779.0;10849.0;45930.0
583900;56859.0;10849.0;46010.0
584000;56779.0;10849.0;45930.0
584100;56899.0;10849.0;46050.0
584200;56779.0;10849.0;45930.0
584300;56700.5;10730.5;45970.0
584400;56620.0;10770.0;45850.0
584500;56978.5;10888.5;46090.0
584600;56501.5;10651.5;45850.0
584700;56462.0;10612.0;45850.0
584800;56780.0;10770.0;46010.0
584900;56741.5;10651.5;46090.0
585000;56780.0;10770.0;46010.0
585100;57497.0;11007.0;46490.0
585200;57018.5;10888.5;46130.0
585300;56899.0;10849.0;46050.0
585400;56229.0;10059.0;46170.0
585500;57373.0;11323.0;46050.0
585600;56741.0;10691.0;46050.0
585700;56976.5;11046.5;45930.0
585800;56861.0;10691.0;46170.0
585900;57379.5;10809.5;46570.0
586000;56701.0;10691.0;46010.0
586100;57379.5;10809.5;46570.0
586200;56860.0;10770.0;46090.0
586300;56543.0;10533.0;46010.0
586400;56742.0;10612.0;46130.0
586500;56742.0;10612.0;46130.0
586600;56705.5;10335.5;46370.0
586700;56783.0;10533.0;46250.0
586800;56703.0;10533.0;46170.0
586900;56703.0;10533.0;46170.0
587000;56745.0;10575.0;46170.0
587100;56938.0;10648.0;46290.0
587200;56708.5;10538.5;46170.0
587300;56785.0;10575.0;46210.0
587400;56274.0;10064.0;46210.0
587500;56738.0;10648.0;46090.0
587600;57442.0;11232.0;46210.0
587700;56967.5;10757.5;46210.0
587800;57263.0;11013.0;46250.0
587900;56814.5;10684.5;46130.0
588000;57051.0;10721.0;46330.0
588100;56927.5;10757.5;46170.0
588200;57628.0;11378.0;46250.0
588300;56865.0;10575.0;46290.0
588400;56792.0;10502.0;46290.0
588500;56875.5;10465.5;46410.0
588600;56985.0;10575.0;46410.0
588700;56854.5;10684.5;46170.0
588800;56905.0;10575.0;46330.0
588900;57087.5;10757.5;46330.0
589000;56825.0;10575.0;46250.0
589100;56905.0;10575.0;46330.0
589200;56905.0;10575.0;46330.0
589300;57065.0;10575.0;46490.0
589400;57065.0;10575.0;46490.0
589500;57091.0;10721.0;46370.0
589600;56434.0;10064.0;46370.0
589700;57007.5;10757.5;46250.0
589800;57611.0;10721.0;46890.0
589900;57277.0;10867.0;46410.0
590000;57138.0;10648.0;46490.0
590100;57251.0;10721.0;46530.0
590200;56978.0;10648.0;46330.0
590300;57171.0;10721.0;46450.0
590400;57171.0;10721.0;46450.0
590500;-672318.0;-718768.0;46450.0
590600;57047.5;10575.0;46472.5
590700;57084.0;10611.5;46472.5
590800;57160.0;10575.0;46585.0
590900;57194.5;10684.5;46510.0
591000;57048.5;10538.5;46510.0
591100;57535.0;10575.0;46960.0
591200;57304.0;10794.0;46510.0
591300;57535.0;10575.0;46960.0
591400;56902.0;10502.0;46400.0
591500;57142.0;10502.0;46640.0
591600;56975.0;10575.0;46400.0
591700;57011.5;10611.5;46400.0
591800;57135.0;10575.0;46560.0
591900;56978.5;10538.5;46440.0
592000;56989.0;10429.0;46560.0
592100;57025.5;10465.5;46560.0
592200;57338.5;10429.0;46909.5
592300;57156.0;10429.0;46727.0
592400;56888.0;10429.0;46459.0
592500;56888.0;10429.0;46459.0
592600;57117.5;10538.5;46579.0
592700;56909.0;10210.0;46699.0
592800;57164.5;10465.5;46699.0
592900;57055.0;10356.0;46699.0
593000;57194.0;10575.0;46619.0
593100;57376.5;10757.5;46619.0
593200;57241.0;10502.0;46739.0
593300;57161.0;10502.0;46659.0
593400;57161.0;10502.0;46659.0
593500;57416.5;10757.5;46659.0
593600;57015.0;10356.0;46659.0
593700;57281.0;10502.0;46779.0
593800;57281.0;10502.0;46779.0
593900;57128.0;10429.0;46699.0
594000;57128.0;10429.0;46699.0
594100;57175.0;10356.0;46819.0
594200;57712.0;11013.0;46699.0
594300;57192.0;10453.0;46739.0
594400;57192.0;10453.0;46739.0
594500;56952.0;10333.0;46619.0
594600;57192.0;10453.0;46739.0
594700;57072.0;10333.0;46739.0
594800;57432.0;10573.0;46859.0
594900;57152.0;10373.0;46779.0
595000;57232.0;10453.0;46779.0
595100;57992.0;11093.0;46899.0
595200;57312.0;10533.0;46779.0
595300;56992.0;10533.0;46459.0
595400;57552.0;10613.0;46939.0
595500;57352.0;10533.0;46819.0
595600;57232.0;10413.0;46819.0
595700;57272.0;10453.0;46819.0
595800;57312.0;10453.0;46859.0
595900;57192.0;10813.0;46379.0
596000;57432.0;10573.0;46859.0
596100;57432.0;10453.0;46979.0
596200;57232.0;10373.0;46859.0
596300;57352.0;10453.0;46899.0
596400;57992.0;11093.0;46899.0
596500;57512.0;10613.0;46899.0
596600;57192.0;10413.0;46779.0
596700;57432.0;10533.0;46899.0
596800;57552.0;10533.0;47019.0
596900;57392.0;10453.0;46939.0
597000;57392.0;10453.0;46939.0
597100;57312.0;10373.0;46939.0
597200;57472.0;10533.0;46939.0
597300;57392.0;10533.0;46859.0
597400;57232.0;10613.0;46619.0
597500;57512.0;10533.0;46979.0
597600;57632.0;10653.0;46979.0
597700;57272.0;10293.0;46979.0
597800;57592.0;10613.0;46979.0
597900;58552.0;11053.0;47499.0
598000;56992.0;9973.0;47019.0
598100;57712.0;10693.0;47019.0
598200;57712.0;10693.0;47019.0
598300;57432.0;10493.0;46939.0
598400;57392.0;10773.0;46619.0
598500;57832.0;10773.0;47059.0
598600;57592.0;10973.0;46619.0
598700;57352.0;10773.0;46579.0
598800;57872.0;10773.0;47099.0
598900;57952.0;10773.0;47179.0
599000;57872.0;10773.0;47099.0
599100;57232.0;10133.0;47099.0
599200;58192.0;11173.0;47019.0
599300;57992.0;10853.0;47139.0
599400;57832.0;10693.0;47139.0
599500;57672.0;10533.0;47139.0
599600;57992.0;10853.0;47139.0
599700;57912.0;10773.0;47139.0
599800;57832.0;10773.0;47059.0
599900;57952.0;10773.0;47179.0
600000;57952.0;10773.0;47179.0
600100;58072.0;10893.0;47179.0
600200;57312.0;10133.0;47179.0
600300;57872.0;10693.0;47179.0
600400;57912.0;10693.0;47219.0
600500;57992.0;10773.0;47219.0
600600;57992.0;10773.0;47219.0
600700;57912.0;10693.0;47219.0
600800;-741968.0;-788747.0;46779.0
600900;58032.0;10773.0;47259.0
601000;58312.0;10973.0;47339.0
601100;58032.0;10773.0;47259.0
601200;57952.0;10773.0;47179.0
601300;58032.0;10773.0;47259.0
601400;58112.0;10693.0;47419.0
601500;58072.0;10773.0;47299.0
601600;58232.0;10933.0;47299.0
601700;58210.0;10773.0;47437.0
601800;58133.0;10773.0;47360.0
601900;58253.0;10893.0;47360.0
602000;58210.0;10773.0;47437.0
602100;58866.0;10813.0;48053.0
602200;58906.0;10853.0;48053.0
602300;58053.0;10693.0;47360.0
602400;58287.0;10773.0;47514.0
602500;58056.0;10773.0;47283.0
602600;58287.0;10773.0;47514.0
602700;57887.0;10773.0;47114.0
602800;58207.0;10773.0;47434.0
602900;58207.0;10773.0;47434.0
603000;58207.0;10773.0;47434.0
603100;58207.0;10773.0;47434.0
603200;58127.0;10773.0;47354.0
603300;58207.0;10773.0;47434.0
603400;58367.0;10773.0;47594.0
603500;58887.0;11413.0;47474.0
603600;58247.0;10773.0;47474.0
603700;58287.0;10773.0;47514.0
603800;58327.0;10813.0;47514.0
603900;57807.0;10773.0;47034.0
604000;58287.0;10773.0;47514.0
604100;58527.0;10893.0;47634.0
604200;57807.0;10293.0;47514.0
604300;58927.0;11413.0;47514.0
604400;58207.0;10773.0;47434.0
604500;57607.0;10733.0;46874.0
604600;58287.0;10853.0;47434.0
604700;58487.0;10893.0;47594.0
604800;58327.0;10773.0;47554.0
604900;58447.0;10853.0;47594.0
605000;57807.0;10133.0;47674.0
605100;58367.0;10773.0;47594.0
605200;58487.0;10773.0;47714.0
605300;58367.0;10773.0;47594.0
605400;58167.0;10893.0;47274.0
605500;57967.0;10773.0;47194.0
605600;58407.0;10773.0;47634.0
605700;58327.0;10773.0;47554.0
605800;58327.0;10773.0;47554.0
605900;57847.0;10653.0;47194.0
606000;58447.0;10773.0;47674.0
606100;58327.0;10653.0;47674.0
606200;57727.0;10053.0;47674.0
606300;58287.0;10693.0;47594.0
606400;57727.0;10693.0;47034.0
606500;58487.0;10773.0;47714.0
606600;58487.0;10773.0;47714.0
606700;58607.0;10853.0;47754.0
606800;58407.0;10653.0;47754.0
606900;58447.0;10693.0;47754.0
607000;58367.0;10693.0;47674.0
607100;58367.0;10613.0;47754.0
607200;58367.0;10613.0;47754.0
607300;58287.0;10533.0;47754.0
607400;58367.0;10573.0;47794.0
607500;58407.0;10613.0;47794.0
607600;58327.0;10693.0;47634.0
607700;58567.0;10773.0;47794.0
607800;58567.0;10653.0;47914.0
607900;58487.0;10693.0;47794.0
608000;58527.0;10693.0;47834.0
608100;57927.0;10053.0;47874.0
608200;58647.0;10813.0;47834.0
608300;58607.0;10773.0;47834.0
608400;58527.0;10773.0;47754.0
608500;58647.0;10773.0;47874.0
608600;58647.0;10773.0;47874.0
608700;58127.0;10213.0;47914.0
608800;57887.0;9973.0;47914.0
608900;59007.0;11013.0;47994.0
609000;58727.0;10813.0;47914.0
609100;58687.0;10773.0;47914.0
609200;58669.5;10693.0;47976.5
609300;58551.0;10613.0;47938.0
609400;58474.0;10613.0;47861.0
609500;58829.5;10853.0;47976.5
609600;58669.5;10693.0;47976.5
609700;59016.0;10693.0;48323.0
609800;58669.5;10693.0;47976.5
609900;58749.5;10773.0;47976.5
610000;58788.0;10773.0;48015.0
610100;59330.0;10853.0;48477.0
610200;58748.0;10733.0;48015.0
610300;58788.0;10773.0;48015.0
610400;59134.5;10773.0;48361.5
610500;58471.0;10533.0;47938.0
610600;58826.5;10773.0;48053.5
610700;58727.0;10773.0;47954.0
610800;58727.0;10773.0;47954.0
610900;58367.0;10773.0;47594.0
611000;58847.0;10773.0;48074.0
611100;58767.0;10773.0;47994.0
611200;58407.0;10773.0;47634.0
611300;58847.0;10773.0;48074.0
611400;58887.0;10773.0;48114.0
611500;58367.0;10133.0;48234.0
611600;59047.0;10813.0;48234.0
611700;58847.0;10693.0;48154.0
611800;58207.0;10053.0;48154.0
611900;-790073.0;10733.0;-800806.0
612000;58927.0;10773.0;48154.0
612100;58327.0;10053.0;48274.0
612200;59343.5;11069.5;48274.0
612300;58954.0;10800.0;48154.0
612400;58874.0;10800.0;48074.0
612500;58994.0;10800.0;48194.0
612600;58874.0;10800.0;48074.0
612700;59034.0;10800.0;48234.0
612800;59271.0;10877.0;48394.0
612900;59123.0;10877.0;48246.0
613000;59215.0;10877.0;48338.0
613100;59144.0;10877.0;48267.0
613200;59067.0;10800.0;48267.0
613300;59250.5;10877.0;48373.5
613400;59087.0;10954.0;48133.0
613500;59053.0;10800.0;48253.0
613600;59053.0;10800.0;48253.0
613700;59170.0;10877.0;48293.0
613800;59093.0;10800.0;48293.0
613900;59195.0;10877.0;48318.0
614000;59270.0;10877.0;48393.0
614100;58815.0;10877.0;47938.0
614200;59215.0;10877.0;48338.0
614300;58599.0;10261.0;48338.0
614400;59529.0;11031.0;48498.0
614500;59216.5;10838.5;48378.0
614600;59332.0;10954.0;48378.0
614700;59252.0;10954.0;48298.0
614800;59598.5;11300.5;48298.0
614900;58972.0;10954.0;48018.0
615000;59372.0;10954.0;48418.0
615100;59412.0;10954.0;48458.0
615200;59372.0;10954.0;48418.0
615300;59412.0;10954.0;48458.0
615400;59489.0;11031.0;48458.0
615500;59609.0;11031.0;48578.0
615600;59852.0;10954.0;48898.0
615700;59452.0;10954.0;48498.0
615800;59332.0;10954.0;48378.0
615900;59452.0;10954.0;48498.0
616000;59532.0;10954.0;48578.0
616100;59452.0;10954.0;48498.0
616200;59452.0;10954.0;48498.0
616300;60068.0;11570.0;48498.0
616400;59569.0;11031.0;48538.0
616500;59415.0;10877.0;48538.0
616600;58984.0;10446.0;48538.0
616700;59544.0;10966.0;48578.0
616800;59464.0;10886.0;48578.0
616900;59544.0;10966.0;48578.0
617000;60304.0;11246.0;49058.0
617100;59464.0;10886.0;48578.0
617200;59384.0;10886.0;48498.0
617300;59584.0;10886.0;48698.0
617400;59424.0;10806.0;48618.0
617500;59424.0;10806.0;48618.0
617600;59584.0;10966.0;48618.0
617700;59584.0;10806.0;48778.0
617800;59184.0;10566.0;48618.0
617900;59464.0;10806.0;48658.0
618000;59384.0;10726.0;48658.0
618100;59504.0;10846.0;48658.0
618200;59464.0;10806.0;48658.0
618300;59544.0;10886.0;48658.0
618400;59464.0;10886.0;48578.0
618500;60344.0;11526.0;48818.0
618600;59744.0;11046.0;48698.0
618700;59704.0;10966.0;48738.0
618800;58984.0;10246.0;48738.0
618900;59584.0;10886.0;48698.0
619000;59624.0;10886.0;48738.0
619100;59624.0;10886.0;48738.0
619200;60104.0;10886.0;49218.0
619300;59584.0;10846.0;48738.0
619400;59544.0;10886.0;48658.0
619500;60024.0;10806.0;49218.0
619600;59784.0;11006.0;48778.0
619700;59704.0;10886.0;48818.0
619800;59784.0;10966.0;48818.0
619900;59664.0;10766.0;48898.0
620000;59624.0;10806.0;48818.0
620100;59624.0;10806.0;48818.0
620200;59544.0;10726.0;48818.0
620300;59544.0;10806.0;48738.0
620400;59864.0;10886.0;48978.0
620500;59864.0;10886.0;48978.0
620600;59784.0;10806.0;48978.0
620700;59784.0;10886.0;48898.0
620800;59864.0;10886.0;48978.0
620900;59864.0;10966.0;48898.0
621000;59784.0;10886.0;48898.0
621100;59704.0;10806.0;48898.0
621200;59784.0;10886.0;48898.0
621300;59744.0;10806.0;48938.0
621400;59744.0;10806.0;48938.0
621500;59384.0;10446.0;48938.0
621600;59824.0;10886.0;48938.0
621700;59944.0;10966.0;48978.0
621800;59944.0;10966.0;48978.0
621900;59944.0;10886.0;49058.0
622000;59864.0;10886.0;48978.0
622100;59784.0;10766.0;49018.0
622200;59984.0;10886.0;49098.0
622300;60624.0;10926.0;49698.0
622400;59824.0;10806.0;49018.0
622500;60264.0;10806.0;49458.0
622600;59944.0;10806.0;49138.0
622700;59536.0;10166.0;49370.0
622800;59948.0;10806.0;49142.0
622900;59752.0;10686.0;49066.0
623000;59828.0;10686.0;49142.0
623100;60150.0;11046.0;49104.0
623200;59716.0;10726.0;48990.0
623300;59872.0;10806.0;49066.0
623400;60070.0;10966.0;49104.0
623500;59990.0;10886.0;49104.0
623600;59990.0;10886.0;49104.0
623700;60028.0;10886.0;49142.0
623800;60063.0;10921.0;49142.0
623900;60063.0;10921.0;49142.0
624000;60663.0;11521.0;49142.0
624100;60091.0;10949.0;49142.0
624200;59972.5;10830.5;49142.0
624300;60133.5;11067.5;49066.0
624400;60168.5;10988.5;49180.0
624500;60129.0;10949.0;49180.0
624600;60129.0;10949.0;49180.0
624700;60274.0;11056.0;49218.0
624800;60274.0;11056.0;49218.0
624900;60386.5;11168.5;49218.0
625000;60218.5;11168.5;49050.0
625100;60266.0;11056.0;49210.0
625200;60386.0;11056.0;49330.0
625300;60341.0;11131.0;49210.0
625400;60268.5;11018.5;49250.0
625500;59923.5;10793.5;49130.0
625600;60381.0;11131.0;49250.0
625700;60338.5;11168.5;49170.0
625800;60421.0;11131.0;49290.0
625900;60226.0;11056.0;49170.0
626000;60346.0;11056.0;49290.0
626100;60346.0;11056.0;49290.0
626200;60346.0;11056.0;49290.0
626300;60266.0;11056.0;49210.0
626400;60386.0;11056.0;49330.0
626500;59786.0;10456.0;49330.0
626600;60021.0;11131.0;48890.0
626700;60501.0;11131.0;49370.0
626800;60348.5;11018.5;49330.0
626900;60418.5;11168.5;49250.0
627000;60538.5;11168.5;49370.0
627100;60351.0;10981.0;49370.0
627200;59956.0;10666.0;49290.0
627300;60436.0;11066.0;49370.0
627400;60476.0;11066.0;49410.0
627500;60476.0;11066.0;49410.0
627600;60476.0;11066.0;49410.0
627700;60596.0;11066.0;49530.0
627800;60436.0;10986.0;49450.0
627900;60396.0;11066.0;49330.0
628000;60116.0;11066.0;49050.0
628100;61956.0;11786.0;50170.0
628200;60716.0;11146.0;49570.0
628300;60596.0;11146.0;49450.0
628400;60596.0;11226.0;49370.0
628500;60476.0;10986.0;49490.0
628600;60556.0;11066.0;49490.0
628700;61546.0;11706.0;49840.0
628800;60606.0;11066.0;49540.0
628900;60681.0;11066.0;49615.0
629000;60606.0;11066.0;49540.0
629100;60606.0;11066.0;49540.0
629200;60798.5;11146.0;49652.5
629300;60606.0;11066.0;49540.0
629400;60643.5;11066.0;49577.5
629500;60636.0;10946.0;49690.0
629600;60643.5;11066.0;49577.5
629700;60756.0;11066.0;49690.0
629800;60681.0;11066.0;49615.0
629900;60511.0;11066.0;49445.0
630000;60831.0;11226.0;49605.0
630100;60871.0;11266.0;49605.0
630200;60751.0;11146.0;49605.0
630300;60831.0;11226.0;49605.0
630400;60751.0;11226.0;49525.0
630500;61431.0;11106.0;50325.0
630600;60231.0;10586.0;49645.0
630700;60911.0;11226.0;49685.0
630800;60791.0;11106.0;49685.0
630900;60831.0;11146.0;49685.0
631000;60831.0;11226.0;49605.0
631100;61391.0;11226.0;50165.0
631200;60271.0;10586.0;49685.0
631300;60751.0;11146.0;49605.0
631400;60889.0;11146.0;49743.0
631500;61003.0;11146.0;49857.0
631600;61262.0;11519.0;49743.0
631700;60945.0;11164.0;49781.0
631800;60831.0;11164.0;49667.0
631900;60945.0;11164.0;49781.0
632000;60874.0;11093.0;49781.0
632100;60945.0;11164.0;49781.0
632200;60945.0;11164.0;49781.0
632300;60869.0;11164.0;49705.0
632400;60301.0;10596.0;49705.0
632500;60344.0;10525.0;49819.0
632600;61097.0;11164.0;49933.0
632700;61021.0;11164.0;49857.0
632800;61021.0;11164.0;49857.0
632900;60907.0;11164.0;49743.0
633000;61485.0;11732.0;49753.0
633100;60917.0;11164.0;49753.0
633200;60926.0;11093.0;49833.0
633300;61210.0;11377.0;49833.0
633400;61143.5;11270.5;49873.0
633500;61179.0;11306.0;49873.0
633600;61108.0;11235.0;49873.0
633700;60677.0;11164.0;49513.0
633800;61148.0;11235.0;49913.0
633900;60979.5;10986.5;49993.0
634000;60961.5;11128.5;49833.0
634100;61148.0;11235.0;49913.0
634200;61219.0;11306.0;49913.0
634300;61148.0;11235.0;49913.0
634400;61876.0;11803.0;50073.0
634500;61117.0;11164.0;49953.0
634600;61841.0;11448.0;50393.0
634700;60535.0;11022.0;49513.0
634800;61676.0;11803.0;49873.0
634900;60731.0;10738.0;49993.0
635000;61269.0;11276.0;49993.0
635100;61495.0;11462.0;50033.0
635200;61362.0;11369.0;49993.0
635300;60866.0;10873.0;49993.0
635400;61898.0;11865.0;50033.0
635500;61557.0;11524.0;50033.0
635600;61154.0;11121.0;50033.0
635700;61340.0;11307.0;50033.0
635800;61380.0;11307.0;50073.0
635900;61473.0;11400.0;50073.0
636000;60884.0;10811.0;50073.0
636100;61393.0;11400.0;49993.0
636200;61380.0;11307.0;50073.0
636300;61513.0;11400.0;50113.0
636400;61371.5;11245.0;50126.5
636500;61371.5;11245.0;50126.5
636600;61371.5;11245.0;50126.5
636700;61410.0;11245.0;50165.0
636800;61968.0;11803.0;50165.0
636900;61410.0;11245.0;50165.0
637000;61410.0;11245.0;50165.0
637100;61472.0;11307.0;50165.0
637200;61503.0;11338.0;50165.0
637300;61410.0;11245.0;50165.0
637400;61558.5;11355.0;50203.5
637500;61462.5;11259.0;50203.5
637600;62282.0;11963.0;50319.0
637700;61578.0;11259.0;50319.0
637800;61963.0;11259.0;50704.0
637900;61501.0;11259.0;50242.0
638000;61501.0;11259.0;50242.0
638100;61573.0;11331.0;50242.0
638200;61501.0;11259.0;50242.0
638300;62107.0;11403.0;50704.0
638400;61647.5;11367.0;50280.5
638500;61352.0;11187.0;50165.0
638600;62035.0;11331.0;50704.0
638700;61578.0;11259.0;50319.0
638800;60886.5;10683.0;50203.5
638900;61650.0;11331.0;50319.0
639000;61722.0;11403.0;50319.0
639100;61542.0;11223.0;50319.0
639200;61465.0;11223.0;50242.0
639300;61650.0;11331.0;50319.0
639400;61573.0;11331.0;50242.0
639500;61688.5;11331.0;50357.5
639600;61681.0;11439.0;50242.0
639700;61727.0;11331.0;50396.0
639800;62159.0;11763.0;50396.0
639900;61743.0;11347.0;50396.0
640000;61355.0;11347.0;50008.0
640100;61755.0;11347.0;50408.0
640200;61275.0;11347.0;49928.0
640300;61659.0;11411.0;50248.0
640400;62211.0;11347.0;50864.0
640500;61833.0;11347.0;50486.0
640600;61783.5;11347.0;50436.5
640700;61684.0;11347.0;50337.0
640800;62796.0;11859.0;50937.0
640900;61708.0;11251.0;50457.0
641000;61804.0;11347.0;50457.0
641100;61924.0;11347.0;50577.0
641200;61804.0;11347.0;50457.0
641300;62252.0;11795.0;50457.0
641400;61780.0;11283.0;50497.0
641500;61780.0;11283.0;50497.0
641600;61588.0;11091.0;50497.0
641700;61700.0;11283.0;50417.0
641800;61820.0;11283.0;50537.0
641900;61820.0;11283.0;50537.0
642000;61676.0;11219.0;50457.0
642100;61940.0;11283.0;50657.0
642200;61820.0;11283.0;50537.0
642300;62268.0;11731.0;50537.0
642400;61892.0;11315.0;50577.0
642500;61284.0;10707.0;50577.0
642600;61852.0;11155.0;50697.0
642700;61980.0;11283.0;50697.0
642800;62022.0;11325.0;50697.0
642900;61977.0;11360.0;50617.0
643000;62492.0;11395.0;51097.0
643100;61612.0;11395.0;50217.0
643200;62492.0;11955.0;50537.0
643300;62012.0;11395.0;50617.0
643400;61722.0;10625.0;51097.0
643500;61982.0;11325.0;50657.0
643600;61982.0;11325.0;50657.0
643700;62022.0;11325.0;50697.0
643800;62407.0;11710.0;50697.0
643900;61917.0;11220.0;50697.0
644000;62267.0;11570.0;50697.0
644100;61872.0;11255.0;50617.0
644200;62022.0;11325.0;50697.0
644300;62036.0;11339.0;50697.0
644400;62196.0;11339.0;50857.0
644500;62076.0;11339.0;50737.0
644600;61974.0;11237.0;50737.0
644700;62014.0;11237.0;50777.0
644800;61572.0;10795.0;50777.0
644900;62128.0;11271.0;50857.0
645000;62596.0;11339.0;51257.0
645100;62002.0;11305.0;50697.0
645200;62150.0;11373.0;50777.0
645300;62116.0;11339.0;50777.0
645400;61476.0;11339.0;50137.0
645500;62156.0;11339.0;50817.0
645600;61680.0;10863.0;50817.0
645700;61870.0;11013.0;50857.0
645800;63006.0;12029.0;50977.0
645900;62238.0;11501.0;50737.0
646000;62259.0;11402.0;50857.0
646100;62358.0;11501.0;50857.0
646200;62478.0;11501.0;50977.0
646300;62214.0;11237.0;50977.0
646400;62398.0;11501.0;50897.0
646500;62332.0;11435.0;50897.0
646600;62772.0;11435.0;51337.0
646700;62372.0;11435.0;50937.0
646800;62372.0;11435.0;50937.0
646900;62386.0;11369.0;51017.0
647000;62438.0;11501.0;50937.0
647100;63284.0;12227.0;51057.0
647200;-597364.0;-648301.0;50937.0
647300;62687.0;11402.0;51285.0
647400;62268.0;11435.0;50833.0
647500;62574.0;11501.0;51073.0
647600;62574.0;11501.0;51073.0
647700;62374.0;11501.0;50873.0
647800;62574.0;11501.0;51073.0
647900;62461.0;11468.0;50993.0
648000;62809.0;11336.0;51473.0
648100;62423.5;11430.5;50993.0
648200;62644.0;11651.0;50993.0
648300;62525.0;11532.0;50993.0
648400;62758.0;11605.0;51153.0
648500;62518.0;11605.0;50913.0
648600;62565.0;11532.0;51033.0
648700;63085.0;11532.0;51553.0
648800;62713.0;11640.0;51073.0
648900;62793.0;11640.0;51153.0
649000;62645.0;11572.0;51073.0
649100;62169.0;11096.0;51073.0
649200;62661.0;11668.0;50993.0
649300;62989.0;11796.0;51193.0
649400;62845.0;11732.0;51113.0
649500;63021.0;11668.0;51353.0
649600;62781.0;11668.0;51113.0
649700;62853.0;11700.0;51153.0
649800;62821.0;11668.0;51153.0
649900;62821.0;11668.0;51153.0
650000;62757.0;11604.0;51153.0
650100;62821.0;11668.0;51153.0
650200;62693.0;11540.0;51153.0
650300;62757.0;11604.0;51153.0
650400;62716.0;11092.0;51624.0
650500;62804.5;11604.0;51200.5
650600;62657.0;11572.0;51085.0
650700;62920.0;11604.0;51316.0
650800;62843.0;11604.0;51239.0
650900;62843.0;11604.0;51239.0
651000;62843.0;11604.0;51239.0
651100;62433.5;11156.0;51277.5
651200;62958.5;11604.0;51354.5
651300;62649.0;11508.0;51141.0
651400;62865.0;11604.0;51261.0
651500;63237.0;11668.0;51569.0
651600;63173.0;11892.0;51281.0
651700;63353.0;11604.0;51749.0
651800;62985.0;11668.0;51317.0
651900;62753.0;11604.0;51149.0
652000;62873.0;11604.0;51269.0
652100;62809.0;11540.0;51269.0
652200;62937.0;11668.0;51269.0
652300;62873.0;11604.0;51269.0
652400;62913.0;11604.0;51309.0
652500;62913.0;11604.0;51309.0
652600;62977.0;11668.0;51309.0
652700;62889.0;11540.0;51349.0
652800;62345.0;11476.0;50869.0
652900;62904.0;11540.0;51364.0
653000;62904.0;11540.0;51364.0
653100;62996.0;11632.0;51364.0
653200;62898.0;11632.0;51266.0
653300;63398.0;11572.0;51826.0
653400;62958.0;11572.0;51386.0
653500;62898.0;11512.0;51386.0
653600;62958.0;11572.0;51386.0
653700;62938.0;11512.0;51426.0
653800;62998.0;11572.0;51426.0
653900;62998.0;11572.0;51426.0
654000;62858.0;11512.0;51346.0
654100;62828.0;11482.0;51346.0
654200;63013.0;11572.0;51441.0
654300;62975.0;11632.0;51343.0
654400;63185.0;11602.0;51583.0
654500;62655.0;11632.0;51023.0
654600;63035.0;11572.0;51463.0
654700;63215.0;11632.0;51583.0
654800;63075.0;11692.0;51383.0
654900;63966.0;12112.0;51854.0
655000;63167.0;11572.0;51595.0
655100;62973.0;11452.0;51521.0
655200;63153.0;11632.0;51521.0
655300;63243.0;11722.0;51521.0
655400;63301.0;11632.0;51669.0
655500;63271.0;12052.0;51219.0
655600;63121.0;11542.0;51579.0
655700;62591.0;10972.0;51619.0
655800;62851.0;11632.0;51219.0
655900;63271.0;11692.0;51579.0
656000;63341.0;11722.0;51619.0
656100;63371.0;11752.0;51619.0
656200;63291.0;11752.0;51539.0
656300;63401.0;11782.0;51619.0
656400;63171.0;11512.0;51659.0
656500;63460.0;11801.0;51659.0
656600;63460.0;11801.0;51659.0
656700;63480.5;11901.5;51579.0
656800;63767.0;11868.0;51899.0
656900;63567.0;11868.0;51699.0
657000;63647.0;11868.0;51779.0
657100;63487.0;11868.0;51619.0
657200;63567.0;11868.0;51699.0
657300;63701.0;12002.0;51699.0
657400;63607.0;11868.0;51739.0
657500;63727.0;11868.0;51859.0
657600;63674.0;11935.0;51739.0
657700;63334.5;12035.5;51299.0
657800;63580.0;11801.0;51779.0
657900;63580.0;11801.0;51779.0
658000;63680.5;11901.5;51779.0
658100;63647.0;11868.0;51779.0
658200;63412.5;11633.5;51779.0
658300;63767.0;11868.0;51899.0
658400;63720.5;11901.5;51819.0
658500;64060.0;11801.0;52259.0
658600;63634.0;11815.0;51819.0
658700;63674.0;11815.0;51859.0
658800;63576.5;11717.5;51859.0
658900;63674.0;11815.0;51859.0
659000;63594.0;11815.0;51779.0
659100;63499.0;11880.0;51619.0
659200;63739.0;11880.0;51859.0
659300;63739.0;11880.0;51859.0
659400;62819.0;11360.0;51459.0
659500;63732.5;11833.5;51899.0
659600;64017.5;12238.5;51779.0
659700;63880.0;11981.0;51899.0
659800;63890.0;11951.0;51939.0
659900;63920.0;11981.0;51939.0
660000;63750.0;11891.0;51859.0
660100;63860.0;11921.0;51939.0
660200;63680.0;11741.0;51939.0
660300;63920.0;11981.0;51939.0
660400;63900.0;11921.0;51979.0
660500;63900.0;11921.0;51979.0
660600;63914.0;11935.0;51979.0
660700;63954.0;11935.0;52019.0
660800;63954.0;11935.0;52019.0
660900;63954.0;11935.0;52019.0
661000;63316.0;11297.0;52019.0
661100;64074.0;11935.0;52139.0
661200;63896.0;11877.0;52019.0
661300;64244.0;12225.0;52019.0
661400;63932.0;11993.0;51939.0
661500;63994.0;11935.0;52059.0
661600;63994.0;11935.0;52059.0
661700;64143.0;11964.0;52179.0
661800;63856.0;11877.0;51979.0
661900;64920.0;12341.0;52579.0
662000;64063.0;11964.0;52099.0
662100;64154.0;11935.0;52219.0
662200;64179.0;12080.0;52099.0
662300;64352.5;11898.0;52454.5
662400;63929.0;11898.0;52031.0
662500;63989.5;11843.0;52146.5
662600;63777.5;11980.5;51797.0
662700;63755.0;11678.0;52077.0
662800;64095.0;11898.0;52197.0
662900;63975.0;11898.0;52077.0
663000;64095.0;11898.0;52197.0
663100;64150.0;11953.0;52197.0
663200;64150.0;11953.0;52197.0
663300;64067.5;11870.5;52197.0
663400;64030.0;11953.0;52077.0
663500;64190.0;11953.0;52237.0
663600;64190.0;11953.0;52237.0
663700;63975.0;11898.0;52077.0
663800;64737.5;11980.5;52757.0
663900;64230.0;11953.0;52277.0
664000;64120.0;11843.0;52277.0
664100;64377.5;11980.5;52397.0
664200;64150.0;11953.0;52197.0
664300;63090.0;11293.0;51797.0
664400;64297.5;11980.5;52317.0
664500;64215.0;11898.0;52317.0
664600;64215.0;11898.0;52317.0
664700;64135.0;11898.0;52237.0
664800;64228.0;11871.0;52357.0
664900;64287.0;11930.0;52357.0
665000;63783.0;11426.0;52357.0
665100;64022.0;11545.0;52477.0
665200;64478.0;12121.0;52357.0
665300;64542.0;11905.0;52637.0
665400;64878.0;12481.0;52397.0
665500;63934.0;11977.0;51957.0
665600;63862.0;11905.0;51957.0
665700;64270.0;11833.0;52437.0
665800;64270.0;11833.0;52437.0
665900;64458.0;11941.0;52517.0
666000;64414.0;11977.0;52437.0
666100;64414.0;11977.0;52437.0
666200;64334.0;11977.0;52357.0
666300;64378.0;11941.0;52437.0
666400;64346.0;11869.0;52477.0
666500;64574.0;11977.0;52597.0
666600;64318.0;11401.0;52917.0
666700;64502.0;11905.0;52597.0
666800;64430.0;11833.0;52597.0
666900;64422.0;11905.0;52517.0
667000;64494.0;11977.0;52517.0
667100;64038.0;11401.0;52637.0
667200;64494.0;11977.0;52517.0
667300;64990.0;12553.0;52437.0
667400;64534.0;11977.0;52557.0
667500;63782.0;11905.0;51877.0
667600;64270.0;11833.0;52437.0
667700;64726.0;12049.0;52677.0
667800;64502.0;11905.0;52597.0
667900;65150.0;12553.0;52597.0
668000;-655210.0;-707807.0;52597.0
668100;64538.0;11941.0;52597.0
668200;64494.0;11977.0;52517.0
668300;64574.0;11977.0;52597.0
668400;64542.0;11905.0;52637.0
668500;64686.0;12049.0;52637.0
668600;64806.0;12049.0;52757.0
668700;64606.0;12049.0;52557.0
668800;64534.0;11977.0;52557.0
668900;64246.0;12049.0;52197.0
669000;64714.0;12157.0;52557.0
669100;64654.0;11977.0;52677.0
669200;64834.0;12157.0;52677.0
669300;64726.0;12049.0;52677.0
669400;64658.0;11941.0;52717.0
669500;64793.0;12049.0;52744.0
669600;63979.0;11257.0;52722.0
669700;65276.0;12047.0;53229.0
669800;65428.0;12667.0;52761.0
669900;64808.0;12047.0;52761.0
670000;64925.0;12047.0;52878.0
670100;65018.0;12140.0;52878.0
670200;64715.0;11954.0;52761.0
670300;64925.0;12047.0;52878.0
670400;64730.0;12047.0;52683.0
670500;64909.0;12109.0;52800.0
670600;65183.0;11954.0;53229.0
670700;64824.0;11985.0;52839.0
670800;64824.0;11985.0;52839.0
670900;65107.0;12268.0;52839.0
671000;64842.0;12003.0;52839.0
671100;64605.0;11844.0;52761.0
671200;64815.5;11976.5;52839.0
671300;64488.0;12003.0;52485.0
671400;64888.0;12003.0;52885.0
671500;65008.0;12003.0;53005.0
671600;64835.0;11950.0;52885.0
671700;64822.0;11897.0;52925.0
671800;65299.0;12374.0;52925.0
671900;64701.0;11896.0;52805.0
672000;65353.0;12428.0;52925.0
672100;64961.0;12036.0;52925.0
672200;64877.0;11952.0;52925.0
672300;65137.0;12092.0;53045.0
672400;65121.0;12036.0;53085.0
672500;65001.0;12036.0;52965.0
672600;64881.0;12036.0;52845.0
672700;64113.0;11588.0;52525.0
672800;65153.0;12148.0;53005.0
672900;64685.0;11680.0;53005.0
673000;64931.0;12046.0;52885.0
673100;65171.0;12046.0;53125.0
673200;65262.5;12137.5;53125.0
673300;64563.0;11558.0;53005.0
673400;65211.0;12046.0;53165.0
673500;65091.0;12046.0;53045.0
673600;64701.0;11656.0;53045.0
673700;65258.5;12173.5;53085.0
673800;65086.0;12001.0;53085.0
673900;64249.0;11644.0;52605.0
674000;65094.0;12009.0;53085.0
674100;65240.0;12155.0;53085.0
674200;65167.0;12082.0;53085.0
674300;64577.5;11972.5;52605.0
674400;65207.0;12082.0;53125.0
674500;65791.0;12666.0;53125.0
674600;65134.0;12009.0;53125.0
674700;65209.0;12044.0;53165.0
674800;65517.0;12112.0;53405.0
674900;65286.0;12112.0;53174.0
675000;65286.0;12112.0;53174.0
675100;65401.5;12112.0;53289.5
675200;64824.0;12112.0;52712.0
675300;65218.0;12044.0;53174.0
675400;65324.5;12112.0;53212.5
675500;65440.0;12112.0;53328.0
675600;64907.0;12044.0;52863.0
675700;65443.0;12180.0;53263.0
675800;65375.0;12112.0;53263.0
675900;65255.0;12112.0;53143.0
676000;65255.0;12112.0;53143.0
676100;65715.0;12452.0;53263.0
676200;65477.0;12214.0;53263.0
676300;65375.0;12112.0;53263.0
676400;65415.0;12112.0;53303.0
676500;65483.0;12180.0;53303.0
676600;65923.0;12180.0;53743.0
676700;66067.0;12724.0;53343.0
676800;65523.0;12180.0;53343.0
676900;65523.0;12180.0;53343.0
677000;65403.0;12180.0;53223.0
677100;65523.0;12180.0;53343.0
677200;65523.0;12180.0;53343.0
677300;65421.0;12078.0;53343.0
677400;66107.0;12724.0;53383.0
677500;65495.0;12112.0;53383.0
677600;65495.0;12112.0;53383.0
677700;65615.0;12112.0;53503.0
677800;65535.0;12112.0;53423.0
677900;65331.0;11908.0;53423.0
678000;65415.0;12112.0;53303.0
678100;65467.0;12044.0;53423.0
678200;65569.0;12146.0;53423.0
678300;65387.0;12044.0;53343.0
678400;65609.0;12146.0;53463.0
678500;65643.0;12180.0;53463.0
678600;65947.0;12044.0;53903.0
678700;66571.0;12588.0;53983.0
678800;66027.0;12044.0;53983.0
678900;65649.0;12146.0;53503.0
679000;66159.0;12656.0;53503.0
679100;65735.0;12112.0;53623.0
679200;65305.0;11802.0;53503.0
679300;65675.0;12172.0;53503.0
679400;65863.0;12320.0;53543.0
679500;65715.0;12172.0;53543.0
679600;65641.0;12098.0;53543.0
679700;65681.0;12098.0;53583.0
679800;65835.0;12172.0;53663.0
679900;65607.0;12024.0;53583.0
680000;65849.0;12146.0;53703.0
680100;66277.0;12214.0;54063.0
680200;65797.0;12214.0;53583.0
680300;65837.0;12214.0;53623.0
680400;65905.0;12282.0;53623.0
680500;65939.0;12316.0;53623.0
680600;65837.0;12214.0;53623.0
680700;65587.0;12044.0;53543.0
680800;65945.0;12282.0;53663.0
680900;66025.0;12282.0;53743.0
681000;66133.0;12350.0;53783.0
681100;65865.0;12282.0;53583.0
681200;-613851.0;-667514.0;53663.0
681300;66037.0;12214.0;53823.0
681400;65985.0;12282.0;53703.0
681500;65951.0;12248.0;53703.0
681600;66493.0;12350.0;54143.0
681700;66161.0;12418.0;53743.0
681800;66093.0;12350.0;53743.0
681900;66025.0;12282.0;53743.0
682000;66093.0;12350.0;53743.0
682100;66059.0;12316.0;53743.0
682200;66195.0;12452.0;53743.0
682300;66195.0;12452.0;53743.0
682400;66133.0;12350.0;53783.0
682500;66421.5;12638.5;53783.0
682600;65698.0;12355.0;53343.0
682700;66178.0;12355.0;53823.0
682800;66241.0;12418.0;53823.0
682900;65918.5;12575.5;53343.0
683000;66298.0;12355.0;53943.0
683100;66241.0;12418.0;53823.0
683200;66304.0;12481.0;53823.0
683300;66209.5;12386.5;53823.0
683400;66407.0;12544.0;53863.0
683500;66281.0;12418.0;53863.0
683600;66344.0;12481.0;53863.0
683700;65858.0;12355.0;53503.0
683800;66338.0;12355.0;53983.0
683900;66258.0;12355.0;53903.0
684000;66352.5;12449.5;53903.0
684100;66362.0;12859.0;53503.0
684200;66378.0;12355.0;54023.0
684300;66321.0;12418.0;53903.0
684400;66298.0;12355.0;53943.0
684500;66922.0;12859.0;54063.0
684600;66235.0;12292.0;53943.0
684700;66275.0;12292.0;53983.0
684800;66275.0;12292.0;53983.0
684900;66275.0;12292.0;53983.0
685000;66023.0;12040.0;53983.0
685100;66401.0;12418.0;53983.0
685200;66275.0;12292.0;53983.0
685300;66842.0;12859.0;53983.0
685400;66818.0;12355.0;54463.0
685500;66258.0;12355.0;53903.0
685600;66378.0;12355.0;54023.0
685700;66418.0;12355.0;54063.0
685800;66292.0;12229.0;54063.0
685900;65938.0;12355.0;53583.0
686000;66355.0;12292.0;54063.0
686100;66355.0;12292.0;54063.0
686200;66355.0;12292.0;54063.0
686300;66355.0;12292.0;54063.0
686400;66395.0;12292.0;54103.0
686500;65891.0;11788.0;54103.0
686600;66395.0;12292.0;54103.0
686700;66372.0;12229.0;54143.0
686800;66498.0;12355.0;54143.0
686900;66315.0;12292.0;54023.0
687000;66611.0;12348.0;54263.0
687100;66531.0;12348.0;54183.0
687200;66491.0;12348.0;54143.0
687300;66651.0;12348.0;54303.0
687400;66651.0;12348.0;54303.0
687500;66091.0;12348.0;53743.0
687600;66641.0;12458.0;54183.0
687700;66626.0;12403.0;54223.0
687800;67136.0;12485.5;54650.5
687900;66669.0;12431.0;54238.0
688000;66781.5;12431.0;54350.5
688100;66801.0;12431.0;54370.0
688200;66624.0;12490.0;54134.0
688300;67176.0;12962.0;54214.0
688400;66744.0;12490.0;54254.0
688500;66803.0;12549.0;54254.0
688600;66803.0;12549.0;54254.0
688700;66725.0;12431.0;54294.0
688800;66784.0;12490.0;54294.0
688900;66931.5;12637.5;54294.0
689000;66904.0;12490.0;54414.0
689100;66704.0;12490.0;54214.0
689200;67025.0;12731.0;54294.0
689300;66911.0;12497.0;54414.0
689400;66415.0;12081.0;54334.0
689500;66951.0;12497.0;54454.0
689600;66883.0;12549.0;54334.0
689700;66871.0;12497.0;54374.0
689800;66871.0;12497.0;54374.0
689900;66584.0;12210.0;54374.0
690000;67316.0;12942.0;54374.0
690100;66828.0;12454.0;54374.0
690200;66980.5;12606.5;54374.0
690300;66340.0;11966.0;54374.0
690400;66868.0;12454.0;54414.0
690500;67308.0;12454.0;54854.0
690600;66988.0;12454.0;54534.0
690700;66938.5;12484.5;54454.0
690800;66807.0;12393.0;54414.0
690900;66755.5;12301.5;54454.0
691000;66605.0;12271.0;54334.0
691100;66816.5;12362.5;54454.0
691200;66847.0;12393.0;54454.0
691300;66786.0;12332.0;54454.0
691400;66207.0;12393.0;53814.0
691500;66767.0;12393.0;54374.0
691600;66948.0;12454.0;54494.0
691700;67407.0;12393.0;55014.0
691800;67007.0;12393.0;54614.0
691900;67007.0;12393.0;54614.0
692000;-542890.0;-597424.0;54534.0
692100;66866.0;12332.0;54534.0
692200;66527.0;12393.0;54134.0
692300;67049.0;12515.0;54534.0
692400;66908.0;12454.0;54454.0
692500;66588.0;12454.0;54134.0
692600;66969.0;12515.0;54454.0
692700;66948.0;12454.0;54494.0
692800;66668.0;12454.0;54214.0
692900;67068.0;12454.0;54614.0
693000;67670.0;12576.0;55094.0
693100;67201.5;12667.5;54534.0
693200;66588.0;12454.0;54134.0
693300;67129.0;12515.0;54614.0
693400;67077.5;12423.5;54654.0
693500;67230.0;12576.0;54654.0
693600;67169.0;12515.0;54654.0
693700;67150.0;12576.0;54574.0
693800;67758.0;13064.0;54694.0
693900;66790.0;12576.0;54214.0
694000;67270.0;12576.0;54694.0
694100;67750.0;12576.0;55174.0
694200;67291.0;12597.0;54694.0
694300;67771.0;12597.0;55174.0
694400;67547.0;12693.0;54854.0
694500;67331.0;12597.0;54734.0
694600;67331.0;12597.0;54734.0
694700;67371.0;12597.0;54774.0
694800;67371.0;12597.0;54774.0
694900;67371.0;12597.0;54774.0
695000;67523.0;12629.0;54894.0
695100;67403.0;12629.0;54774.0
695200;67307.0;12533.0;54774.0
695300;67307.0;12533.0;54774.0
695400;67251.0;12437.0;54814.0
695500;67347.0;12533.0;54814.0
695600;67283.0;12469.0;54814.0
695700;67331.0;12597.0;54734.0
695800;67387.0;12533.0;54854.0
695900;67331.0;12597.0;54734.0
696000;67579.0;12725.0;54854.0
696100;67635.0;12661.0;54974.0
696200;67611.0;12757.0;54854.0
696300;68091.0;13237.0;54854.0
696400;66859.0;12085.0;54774.0
696500;67611.0;12597.0;55014.0
696600;67051.0;12597.0;54454.0
696700;67531.0;12597.0;54934.0
696800;67531.0;12597.0;54934.0
696900;67467.0;12533.0;54934.0
697000;67531.0;12597.0;54934.0
697100;67547.0;12693.0;54854.0
697200;67051.0;12597.0;54454.0
697300;68043.0;13109.0;54934.0
697400;67763.0;12789.0;54974.0
697500;67499.0;12405.0;55094.0
697600;67379.0;12405.0;54974.0
697700;67555.0;12661.0;54894.0
697800;66835.0;12021.0;54814.0
697900;67627.0;12533.0;55094.0
698000;66907.0;11893.0;55014.0
698100;67081.0;12547.0;54534.0
698200;67561.0;12547.0;55014.0
698300;67609.0;12580.0;55029.0
698400;67203.5;12136.0;55067.5
698500;67629.5;12562.0;55067.5
698600;67629.5;12562.0;55067.5
698700;67774.5;12668.5;55106.0
698800;67668.0;12562.0;55106.0
698900;67739.0;12633.0;55106.0
699000;67783.5;12562.0;55221.5
699100;67597.0;12491.0;55106.0
699200;67561.5;12455.5;55106.0
699300;67819.0;12597.5;55221.5
699400;67706.5;12562.0;55144.5
699500;67706.5;12562.0;55144.5
699600;67706.5;12562.0;55144.5
699700;67638.5;12455.5;55183.0
699800;67607.0;12562.0;55045.0
699900;67790.0;12745.0;55045.0
700000;67790.0;12625.0;55165.0
700100;67310.0;12625.0;54685.0
700200;67790.0;12625.0;55165.0
700300;67790.0;12625.0;55165.0
700400;67950.0;12745.0;55205.0
700500;67830.0;12625.0;55205.0
700600;67830.0;12625.0;55205.0
700700;67870.0;12625.0;55245.0
700800;67670.0;12345.0;55325.0
700900;67670.0;12545.0;55125.0
701000;67710.0;12465.0;55245.0
701100;67150.0;11905.0;55245.0
701200;67750.0;12505.0;55245.0
701300;67950.0;12545.0;55405.0
701400;67790.0;12625.0;55165.0
701500;67910.0;12625.0;55285.0
701600;67870.0;12705.0;55165.0
701700;67950.0;12625.0;55325.0
701800;67710.0;12505.0;55205.0
701900;67870.0;12545.0;55325.0
702000;67870.0;12545.0;55325.0
702100;67870.0;12545.0;55325.0
702200;67870.0;12545.0;55325.0
702300;67870.0;12545.0;55325.0
702400;68110.0;12625.0;55485.0
702500;67910.0;12545.0;55365.0
702600;68030.0;12545.0;55485.0
702700;67670.0;12665.0;55005.0
702800;68030.0;12545.0;55485.0
702900;67990.0;12585.0;55405.0
703000;68590.0;13185.0;55405.0
703100;68070.0;12665.0;55405.0
703200;68830.0;13425.0;55405.0
703300;67950.0;12545.0;55405.0
703400;67990.0;12545.0;55445.0
703500;67990.0;12545.0;55445.0
703600;67990.0;12545.0;55445.0
703700;68270.0;12785.0;55485.0
703800;68150.0;12665.0;55485.0
703900;68030.0;12545.0;55485.0
704000;67910.0;12425.0;55485.0
704100;68110.0;12625.0;55485.0
704200;68030.0;12545.0;55485.0
704300;69030.0;13425.0;55605.0
704400;68430.0;12785.0;55645.0
704500;68190.0;12545.0;55645.0
704600;67950.0;12545.0;55405.0
704700;68110.0;12545.0;55565.0
704800;68110.0;12545.0;55565.0
704900;68190.0;12545.0;55645.0
705000;67910.0;12465.0;55445.0
705100;68110.0;12545.0;55565.0
705200;68270.0;12705.0;55565.0
705300;68310.0;12625.0;55685.0
705400;68870.0;13265.0;55605.0
705500;68110.0;12505.0;55605.0
705600;68070.0;12465.0;55605.0
705700;68270.0;12545.0;55725.0
705800;67950.0;12305.0;55645.0
705900;67830.0;12105.0;55725.0
706000;68670.0;12545.0;56125.0
706100;68390.0;12745.0;55645.0
706200;68270.0;12625.0;55645.0
706300;68270.0;12625.0;55645.0
706400;68710.0;12905.0;55805.0
706500;68390.0;12825.0;55565.0
706600;68706.5;12901.5;55805.0
706700;68520.0;12795.0;55725.0
706800;68200.5;12475.5;55725.0
706900;68591.0;12866.0;55725.0
707000;68662.0;12937.0;55725.0
707100;68591.0;12866.0;55725.0
707200;69000.0;12795.0;56205.0
707300;68591.0;12866.0;55725.0
707400;68298.0;12653.0;55645.0
707500;68631.0;12866.0;55765.0
707600;68822.0;12937.0;55885.0
707700;68742.0;12937.0;55805.0
707800;68999.5;13114.5;55885.0
707900;68742.0;12937.0;55805.0
708000;68671.0;12866.0;55805.0
708100;68032.0;12227.0;55805.0
708200;68706.5;12901.5;55805.0
708300;68662.0;12937.0;55725.0
708400;69350.0;13505.0;55845.0
708500;68591.0;12866.0;55725.0
708600;68711.0;12866.0;55845.0
708700;68631.0;12866.0;55765.0
708800;68751.0;12866.0;55885.0
708900;68751.0;12866.0;55885.0
709000;68751.0;12866.0;55885.0
709100;68663.0;12298.0;56365.0
709200;68862.0;12937.0;55925.0
709300;68776.0;12866.0;55910.0
709400;68884.5;12937.0;55947.5
709500;68813.5;12866.0;55947.5
709600;68666.0;12866.0;55800.0
709700;68826.0;12866.0;55960.0
709800;68906.0;12866.0;56040.0
709900;68826.0;12866.0;55960.0
710000;68684.0;12724.0;55960.0
710100;68776.0;12816.0;55960.0
710200;68924.0;12964.0;55960.0
710300;68742.0;12742.0;56000.0
710400;68696.0;12816.0;55880.0
710500;68978.0;12858.0;56120.0
710600;69402.0;13402.0;56000.0
710700;68778.0;12858.0;55920.0
710800;68978.0;12858.0;56120.0
710900;69470.0;12790.0;56680.0
711000;69018.0;12858.0;56160.0
711100;69442.0;13402.0;56040.0
711200;68830.0;12790.0;56040.0
711300;68870.0;12790.0;56080.0
711400;68938.0;12858.0;56080.0
711500;68938.0;12858.0;56080.0
711600;68938.0;12858.0;56080.0
711700;68978.0;12858.0;56120.0
711800;69058.0;12858.0;56200.0
711900;68978.0;12858.0;56120.0
712000;68434.0;12314.0;56120.0
712100;69322.0;12722.0;56600.0
712200;68842.0;12722.0;56120.0
712300;68706.0;12586.0;56120.0
712400;68985.0;12825.0;56160.0
712500;68985.0;12825.0;56160.0
712600;68792.0;12752.0;56040.0
712700;68879.0;12679.0;56200.0
712800;68472.0;12752.0;55720.0
712900;68879.0;12679.0;56200.0
713000;69018.5;12788.5;56230.0
713100;68398.0;12168.0;56230.0
713200;68982.0;12752.0;56230.0
713300;68866.0;12752.0;56114.0
713400;68986.0;12752.0;56234.0
713500;68996.5;12642.5;56354.0
713600;68913.0;12679.0;56234.0
713700;69054.0;12780.0;56274.0
713800;68980.0;12626.0;56354.0
713900;68977.0;12703.0;56274.0
714000;68949.0;12675.0;56274.0
714100;68949.0;12675.0;56274.0
714200;69089.0;12815.0;56274.0
714300;68879.0;12605.0;56274.0
714400;69109.0;12675.0;56434.0
714500;69089.0;12335.0;56754.0
714600;68209.0;11895.0;56314.0
714700;68929.0;12695.0;56234.0
714800;68809.0;12935.0;55874.0
714900;69329.0;12775.0;56554.0
715000;69129.0;12775.0;56354.0
715100;68489.0;12135.0;56354.0
715200;69249.0;12775.0;56474.0
715300;69129.0;12775.0;56354.0
715400;69169.0;12775.0;56394.0
715500;69049.0;12775.0;56274.0
715600;69169.0;12775.0;56394.0
715700;68769.0;12375.0;56394.0
715800;69209.0;12775.0;56434.0
715900;69089.0;12655.0;56434.0
716000;69209.0;12775.0;56434.0
716100;69849.0;13415.0;56434.0
716200;69089.0;12655.0;56434.0
716300;69129.0;12695.0;56434.0
716400;69129.0;12775.0;56354.0
716500;69249.0;12775.0;56474.0
716600;69889.0;13415.0;56474.0
716700;69129.0;12655.0;56474.0
716800;69369.0;12855.0;56514.0
716900;69169.0;12655.0;56514.0
717000;69289.0;12775.0;56514.0
717100;68889.0;12775.0;56114.0
717200;69369.0;12855.0;56514.0
717300;68889.0;12855.0;56034.0
717400;69529.0;12855.0;56674.0
717500;69409.0;12855.0;56554.0
717600;69529.0;12855.0;56674.0
717700;70049.0;12975.0;57074.0
717800;69449.0;12855.0;56594.0
717900;69329.0;12855.0;56474.0
718000;69329.0;12855.0;56474.0
718100;69529.0;12935.0;56594.0
718200;68809.0;12215.0;56594.0
718300;69369.0;12855.0;56514.0
718400;69489.0;12855.0;56634.0
718500;69489.0;12855.0;56634.0
718600;69409.0;12775.0;56634.0
718700;69609.0;12935.0;56674.0
718800;68889.0;12135.0;56754.0
718900;69049.0;12855.0;56194.0
719000;69729.0;13055.0;56674.0
719100;69529.0;12855.0;56674.0
719200;69529.0;12855.0;56674.0
719300;69609.0;12935.0;56674.0
719400;69689.0;12975.0;56714.0
719500;69569.0;12855.0;56714.0
719600;69689.0;12975.0;56714.0
719700;69129.0;12855.0;56274.0
719800;69609.0;12855.0;56754.0
719900;69609.0;12855.0;56754.0
720000;69689.0;12935.0;56754.0
720100;69729.0;12855.0;56874.0
720200;69449.0;12775.0;56674.0
720300;69884.5;12775.0;57109.5
720400;69804.5;12695.0;57109.5
720500;69692.0;12775.0;56917.0
720600;70000.0;12775.0;57225.0
720700;69055.0;12215.0;56840.0
720800;69695.0;12855.0;56840.0
720900;69557.0;12855.0;56702.0
721000;69757.0;12935.0;56822.0
721100;69597.0;12775.0;56822.0
721200;69677.0;12855.0;56822.0
721300;70237.0;13415.0;56822.0
721400;69797.0;12935.0;56862.0
721500;69717.0;12855.0;56862.0
721600;69392.0;12890.0;56502.0
721700;70197.0;12815.0;57382.0
721800;69754.5;12852.5;56902.0
721900;69792.0;12890.0;56902.0
722000;69747.0;12965.0;56782.0
722100;69412.0;12590.0;56822.0
722200;69792.0;12890.0;56902.0
722300;69287.0;12465.0;56822.0
722400;70047.0;13105.0;56942.0
722500;69807.0;12865.0;56942.0
722600;69927.0;12985.0;56942.0
722700;69887.0;12905.0;56982.0
722800;70024.0;13042.0;56982.0
722900;69907.0;12925.0;56982.0
723000;69127.0;12145.0;56982.0
723100;70063.0;13081.0;56982.0
723200;70027.0;12925.0;57102.0
723300;69907.0;12925.0;56982.0
723400;69905.0;13003.0;56902.0
723500;70223.0;13081.0;57142.0
723600;69679.0;13017.0;56662.0
723700;69519.0;12457.0;57062.0
723800;70719.0;13177.0;57542.0
723900;70239.0;13177.0;57062.0
724000;70239.0;13177.0;57062.0
724100;69839.0;13177.0;56662.0
724200;70079.0;13177.0;56902.0
724300;69799.0;12737.0;57062.0
724400;70519.0;13177.0;57342.0
724500;70319.0;13217.0;57102.0
724600;69559.0;12457.0;57102.0
724700;69999.0;12977.0;57022.0
724800;-729761.0;-786903.0;57142.0
724900;70759.0;13737.0;57022.0
725000;70199.0;13057.0;57142.0
725100;70359.0;13097.0;57262.0
725200;70239.0;13097.0;57142.0
725300;70239.0;12977.0;57262.0
725400;70199.0;13017.0;57182.0
725500;69639.0;12457.0;57182.0
725600;69719.0;12537.0;57182.0
725700;70319.0;13097.0;57222.0
725800;70279.0;13057.0;57222.0
725900;70559.0;13257.0;57302.0
726000;70319.0;13097.0;57222.0
726100;70319.0;13097.0;57222.0
726200;70319.0;13097.0;57222.0
726300;70319.0;13097.0;57222.0
726400;70359.0;13097.0;57262.0
726500;70439.0;13177.0;57262.0
726600;70559.0;13177.0;57382.0
726700;70399.0;13097.0;57302.0
726800;70559.0;13177.0;57382.0
726900;70399.0;13097.0;57302.0
727000;70319.0;13017.0;57302.0
727100;70399.0;13097.0;57302.0
727200;70399.0;13097.0;57302.0
727300;70612.0;13470.0;57142.0
727400;-639543.0;-696885.0;57342.0
727500;70479.0;13257.0;57222.0
727600;70626.0;13257.0;57369.0
727700;70183.5;13221.5;56962.0
727800;70272.5;12866.5;57406.0
727900;70521.0;13115.0;57406.0
728000;70521.0;13115.0;57406.0
728100;70592.0;13186.0;57406.0
728200;70663.0;13257.0;57406.0
728300;70450.0;13044.0;57406.0
728400;70416.0;12973.0;57443.0
728500;70593.5;13150.5;57443.0
728600;70293.0;13186.0;57107.0
728700;70469.0;13115.0;57354.0
728800;70478.0;13044.0;57434.0
728900;70538.0;13044.0;57494.0
729000;70424.0;13044.0;57380.0
729100;70652.0;13044.0;57608.0
729200;70573.5;13079.5;57494.0
729300;70538.0;13044.0;57494.0
729400;70619.0;12973.0;57646.0
729500;70505.0;12973.0;57532.0
729600;70505.0;12973.0;57532.0
729700;70646.0;13076.0;57570.0
729800;70655.0;13009.0;57646.0
729900;70579.0;13009.0;57570.0
730000;70592.5;12908.5;57684.0
730100;70408.0;12942.0;57466.0
730200;70387.5;12841.5;57546.0
730300;71024.0;13478.0;57546.0
730400;70528.0;12942.0;57586.0
730500;70408.0;12942.0;57466.0
730600;70528.0;12942.0;57586.0
730700;70467.5;12841.5;57626.0
730800;70568.0;12942.0;57626.0
730900;70467.5;12841.5;57626.0
731000;70032.0;12406.0;57626.0
731100;70627.0;13001.0;57626.0
731200;70557.0;12931.0;57626.0
731300;71002.0;12896.0;58106.0
731400;70562.0;12896.0;57666.0
731500;71242.0;13456.0;57786.0
731600;70562.0;12896.0;57666.0
731700;71162.0;13456.0;57706.0
731800;70587.0;13001.0;57586.0
731900;70122.0;12896.0;57226.0
732000;70637.0;12931.0;57706.0
732100;70052.0;12826.0;57226.0
732200;70532.0;12826.0;57706.0
732300;70602.0;12896.0;57706.0
732400;70642.0;12896.0;57746.0
732500;71082.0;12896.0;58186.0
732600;70572.0;12826.0;57746.0
732700;70612.0;12826.0;57786.0
732800;70717.0;12931.0;57786.0
732900;71172.0;13386.0;57786.0
733000;70682.0;12896.0;57786.0
733100;70787.0;13001.0;57786.0
733200;70802.0;12896.0;57906.0
733300;70822.0;13036.0;57786.0
733400;70790.0;12964.0;57826.0
733500;70862.0;13036.0;57826.0
733600;70790.0;12964.0;57826.0
733700;70254.0;12388.0;57866.0
733800;70910.0;12964.0;57946.0
733900;70902.0;13036.0;57866.0
734000;70350.0;12964.0;57386.0
734100;70902.0;13036.0;57866.0
734200;70830.0;12964.0;57866.0
734300;70830.0;12964.0;57866.0
734400;70822.0;13036.0;57786.0
734500;70870.0;12964.0;57906.0
734600;71310.0;12964.0;58346.0
734700;71246.0;13300.0;57946.0
734800;70734.0;12788.0;57946.0
734900;71110.0;13044.0;58066.0
735000;70926.0;12980.0;57946.0
735100;71118.0;13172.0;57946.0
735200;70990.0;13044.0;57946.0
735300;71438.0;13492.0;57946.0
735400;71008.0;13022.0;57986.0
735500;70903.0;12917.0;57986.0
735600;71043.0;13057.0;57986.0
735700;70873.0;12847.0;58026.0
735800;70858.0;12952.0;57906.0
735900;71048.0;13022.0;58026.0
736000;70858.0;12952.0;57906.0
736100;70993.0;12847.0;58146.0
736200;71378.0;13232.0;58146.0
736300;70873.0;12847.0;58026.0
736400;70863.0;12917.0;57946.0
736500;70703.0;12637.0;58066.0
736600;70948.0;12882.0;58066.0
736700;70918.0;12812.0;58106.0
736800;70868.0;12882.0;57986.0
736900;70868.0;12882.0;57986.0
737000;71548.0;13442.0;58106.0
737100;70626.0;12520.0;58106.0
737200;71262.0;13236.0;58026.0
737300;71012.0;12906.0;58106.0
737400;71118.0;12972.0;58146.0
737500;71118.0;12972.0;58146.0
737600;71844.0;13698.0;58146.0
737700;71158.0;12972.0;58186.0
737800;71224.0;13038.0;58186.0
737900;71191.0;13005.0;58186.0
738000;71224.0;13038.0;58186.0
738100;71290.0;13104.0;58186.0
738200;71290.0;13104.0;58186.0
738300;71210.0;13104.0;58106.0
738400;71869.0;13203.0;58666.0
738500;71210.0;13104.0;58106.0
738600;71462.0;13236.0;58226.0
738700;71337.0;13071.0;58266.0
738800;71316.0;13170.0;58146.0
738900;71964.0;13698.0;58266.0
739000;71568.0;13302.0;58266.0
739100;71304.0;13038.0;58266.0
739200;71370.0;13104.0;58266.0
739300;71370.0;13104.0;58266.0
739400;71410.0;13104.0;58306.0
739500;71290.0;13104.0;58186.0
739600;71377.0;13071.0;58306.0
739700;71384.0;13038.0;58346.0
739800;70970.0;13104.0;57866.0
739900;71344.0;13038.0;58306.0
740000;71804.0;13104.0;58700.0
740100;71462.0;13104.0;58358.0
740200;71462.0;13104.0;58358.0
740300;71528.0;13170.0;58358.0
740400;71386.0;13104.0;58282.0
740500;71485.0;13203.0;58282.0
740600;71485.0;13203.0;58282.0
740700;71538.0;13104.0;58434.0
740800;71538.0;13104.0;58434.0
740900;71352.0;12576.0;58776.0
741000;71652.0;13104.0;58548.0
741100;71538.0;13104.0;58434.0
741200;71472.0;13038.0;58434.0
741300;71216.0;12782.0;58434.0
741400;71202.0;12896.0;58306.0
741500;71226.0;13200.0;58026.0
741600;71666.0;13200.0;58466.0
741700;71440.0;12934.0;58506.0
741800;71896.0;13390.0;58506.0
741900;71782.0;13276.0;58506.0
742000;71706.0;13200.0;58506.0
742100;71706.0;13200.0;58506.0
742200;71706.0;13200.0;58506.0
742300;71826.0;13200.0;58626.0
742400;72354.0;13808.0;58546.0
742500;71974.0;13428.0;58546.0
742600;71594.0;13048.0;58546.0
742700;71634.0;13048.0;58586.0
742800;72118.5;13517.5;58601.0
742900;71451.0;12965.5;58485.5
743000;71808.0;13207.0;58601.0
743100;71911.5;13310.5;58601.0
743200;71898.0;13759.0;58139.0
743300;71704.5;13103.5;58601.0
743400;71846.5;13207.0;58639.5
743500;71492.0;13276.0;58216.0
743600;71893.0;13138.0;58755.0
743700;72368.0;13690.0;58678.0
743800;71666.0;13103.5;58562.5
743900;71885.0;13207.0;58678.0
744000;71885.0;13207.0;58678.0
744100;71885.0;13207.0;58678.0
744200;71954.0;13276.0;58678.0
744300;72000.5;13207.0;58793.5
744400;71854.5;13138.0;58716.5
744500;71854.5;13138.0;58716.5
744600;71889.0;13172.5;58716.5
744700;71893.0;13138.0;58755.0
744800;72445.0;13690.0;58755.0
744900;71996.5;13241.5;58755.0
745000;72567.0;13690.0;58877.0
745100;71760.0;13000.0;58760.0
745200;71868.0;13069.0;58799.0
745300;71139.0;12379.0;58760.0
745400;71937.0;13138.0;58799.0
745500;71385.0;12586.0;58799.0
745600;71834.0;13152.0;58682.0
745700;71589.0;13219.0;58370.0
745800;71990.0;13152.0;58838.0
745900;72068.0;13152.0;58916.0
746000;71923.0;13085.0;58838.0
746100;71990.0;13152.0;58838.0
746200;71923.0;13085.0;58838.0
746300;71923.0;13085.0;58838.0
746400;72079.0;13085.0;58994.0
746500;71928.5;13051.5;58877.0
746600;71962.0;13085.0;58877.0
746700;71683.0;12884.0;58799.0
746800;72001.0;13085.0;58916.0
746900;71962.0;13085.0;58877.0
747000;72402.0;13018.0;59384.0
747100;71856.0;13018.0;58838.0
747200;72001.0;13085.0;58916.0
747300;72001.0;13085.0;58916.0
747400;72291.0;13219.0;59072.0
747500;72040.0;13085.0;58955.0
747600;72006.5;13051.5;58955.0
747700;72770.0;13152.0;59618.0
747800;72079.0;13085.0;58994.0
747900;72179.5;13185.5;58994.0
748000;71895.0;13018.0;58877.0
748100;72280.0;13286.0;58994.0
748200;71465.0;12549.0;58916.0
748300;71978.5;12984.5;58994.0
748400;72118.0;13085.0;59033.0
748500;72118.0;13085.0;59033.0
748600;72151.5;13118.5;59033.0
748700;72291.0;13219.0;59072.0
748800;72168.0;13018.0;59150.0
748900;71889.0;12817.0;59072.0
749000;72090.0;13018.0;59072.0
749100;72090.0;13018.0;59072.0
749200;72056.5;12984.5;59072.0
749300;71911.5;12917.5;58994.0
749400;72246.0;13018.0;59228.0
749500;72658.5;13118.5;59540.0
749600;72430.5;13319.5;59111.0
749700;71498.0;12348.0;59150.0
749800;72587.0;13554.0;59033.0
749900;72101.0;12951.0;59150.0
750000;72307.0;13157.0;59150.0
750100;72231.0;13081.0;59150.0
750200;72231.0;13081.0;59150.0
750300;72348.0;13081.0;59267.0
750400;71662.0;12473.0;59189.0
750500;71917.0;13081.0;58836.0
750600;72233.0;13157.0;59076.0
750700;72393.0;13157.0;59236.0
750800;72317.0;13081.0;59236.0
750900;72397.0;13081.0;59316.0
751000;72317.0;13081.0;59236.0
751100;72237.0;13081.0;59156.0
751200;72237.0;13081.0;59156.0
751300;72317.0;13081.0;59236.0
751400;72357.0;13081.0;59276.0
751500;72281.0;13005.0;59276.0
751600;72281.0;13005.0;59276.0
751700;72201.0;13005.0;59196.0
751800;72245.0;12929.0;59316.0
751900;72321.0;13005.0;59316.0
752000;72441.0;13005.0;59436.0
752100;72473.0;13157.0;59316.0
752200;-787763.0;13081.0;-800844.0
752300;72441.0;13005.0;59436.0
752400;72361.0;13005.0;59356.0
752500;72285.0;12929.0;59356.0
752600;72403.0;13047.0;59356.0
752700;72593.0;13117.0;59476.0
752800;72593.0;13117.0;59476.0
752900;72643.5;13247.5;59396.0
753000;72487.0;13211.0;59276.0
753100;72677.0;13161.0;59516.0
753200;72510.0;13194.0;59316.0
753300;72590.0;13194.0;59396.0
753400;72764.0;13208.0;59556.0
753500;72524.0;13208.0;59316.0
753600;72644.0;13208.0;59436.0
753700;72564.0;13208.0;59356.0
753800;72588.0;13112.0;59476.0
753900;73100.0;13144.0;59956.0
754000;72588.0;13112.0;59476.0
754100;72684.0;13208.0;59476.0
754200;72684.0;13208.0;59476.0
754300;72684.0;13208.0;59476.0
754400;72788.0;13272.0;59516.0
754500;72788.0;13272.0;59516.0
754600;72788.0;13272.0;59516.0
754700;72828.0;13272.0;59556.0
754800;72828.0;13272.0;59556.0
754900;72924.0;13368.0;59556.0
755000;73012.0;13336.0;59676.0
755100;72828.0;13272.0;59556.0
755200;72940.0;13464.0;59476.0
755300;72948.0;13272.0;59676.0
755400;72836.0;13240.0;59596.0
755500;72868.0;13272.0;59596.0
755600;72924.0;13208.0;59716.0
755700;73118.0;13482.0;59636.0
755800;73058.0;13422.0;59636.0
755900;73808.0;13692.0;60116.0
756000;72968.0;13212.0;59756.0
756100;72848.0;13212.0;59636.0
756200;73268.0;13632.0;59636.0
756300;72788.0;13152.0;59636.0
756400;72828.0;13152.0;59676.0
756500;72888.0;13212.0;59676.0
756600;73328.0;13212.0;60116.0
756700;73099.0;13303.0;59796.0
756800;73019.0;13303.0;59716.0
756900;73066.0;13350.0;59716.0
757000;73115.5;13279.5;59836.0
757100;72939.0;13303.0;59636.0
757200;73019.0;13303.0;59716.0
757300;72972.0;13256.0;59716.0
757400;73226.0;13350.0;59876.0
757500;72915.5;13279.5;59636.0
757600;73415.5;13350.0;60065.5
757700;72953.0;13350.0;59603.0
757800;72777.0;12974.0;59803.0
757900;73233.0;13350.0;59883.0
758000;73082.5;13279.5;59803.0
758100;73082.5;13279.5;59803.0
758200;72673.0;13350.0;59323.0
758300;73106.0;13303.0;59803.0
758400;73193.0;13350.0;59843.0
758500;73310.5;13467.5;59843.0
758600;73193.0;13350.0;59843.0
758700;73162.5;13279.5;59883.0
758800;73266.0;13303.0;59963.0
758900;73548.5;13185.5;60363.0
759000;73069.5;13066.5;60003.0
759100;73177.5;13294.5;59883.0
759200;73277.0;13394.0;59883.0
759300;73312.0;13429.0;59883.0
759400;73352.0;13429.0;59923.0
759500;73352.0;13429.0;59923.0
759600;73352.0;13429.0;59923.0
759700;73332.0;13489.0;59843.0
759800;73422.0;13219.0;60203.0
759900;73467.0;13489.0;59978.0
760000;73497.0;13519.0;59978.0
760100;73407.0;13429.0;59978.0
760200;72927.0;12949.0;59978.0
760300;73407.0;13429.0;59978.0
760400;73700.5;13685.0;60015.5
760500;73561.0;13433.0;60128.0
760600;73336.0;13468.0;59868.0
760700;73372.0;13264.0;60108.0
760800;73445.0;13417.0;60028.0
760900;73394.0;13366.0;60028.0
761000;73445.0;13417.0;60028.0
761100;73496.0;13468.0;60028.0
761200;73496.0;13468.0;60028.0
761300;73419.5;13391.5;60028.0
761400;73561.5;13493.5;60068.0
761500;73176.0;13468.0;59708.0
761600;73459.5;13391.5;60068.0
761700;73525.0;13417.0;60108.0
761800;73405.0;13417.0;59988.0
761900;73576.0;13468.0;60108.0
762000;73517.5;13289.5;60228.0
762100;73576.0;13468.0;60108.0
762200;73436.5;13408.5;60028.0
762300;74070.0;13482.0;60588.0
762400;73190.0;13482.0;59708.0
762500;74070.0;13482.0;60588.0
762600;74070.0;13482.0;60588.0
762700;74062.0;13874.0;60188.0
762800;73670.0;13482.0;60188.0
762900;73817.0;13629.0;60188.0
763000;74150.0;13482.0;60668.0
763100;73863.5;13555.5;60308.0
763200;73670.0;13482.0;60188.0
763300;73596.5;13408.5;60188.0
763400;73724.0;13496.0;60228.0
763500;73724.0;13496.0;60228.0
763600;73469.0;13241.0;60228.0
763700;74160.5;13572.5;60588.0
763800;73764.0;13496.0;60268.0
763900;73764.0;13496.0;60268.0
764000;74244.0;13496.0;60748.0
764100;73604.0;13496.0;60108.0
764200;73884.0;13496.0;60388.0
764300;73789.5;13521.5;60268.0
764400;73753.0;13445.0;60308.0
764500;73633.0;13445.0;60188.0
764600;73574.5;13266.5;60308.0
764700;73793.0;13445.0;60348.0
764800;73849.0;13501.0;60348.0
764900;73849.0;13501.0;60348.0
765000;73910.0;13442.0;60468.0
765100;73651.0;13383.0;60268.0
765200;73987.0;13639.0;60348.0
765300;73825.0;13477.0;60348.0
765400;73865.0;13477.0;60388.0
765500;73985.0;13477.0;60508.0
765600;74179.0;13477.0;60702.0
765700;73913.0;13477.0;60436.0
765800;73913.0;13477.0;60436.0
765900;73913.0;13477.0;60436.0
766000;74162.0;13612.0;60550.0
766100;73913.0;13477.0;60436.0
766200;73967.0;13531.0;60436.0
766300;73913.0;13477.0;60436.0
766400;73485.0;13477.0;60008.0
766500;73884.0;13396.0;60488.0
766600;73965.0;13477.0;60488.0
766700;74086.0;13558.0;60528.0
766800;73978.0;13450.0;60528.0
766900;73939.0;13531.0;60408.0
767000;74113.0;13585.0;60528.0
767100;74140.0;13612.0;60528.0
767200;73979.0;13531.0;60448.0
767300;74113.0;13585.0;60528.0
767400;74099.0;13531.0;60568.0
767500;74351.0;13783.0;60568.0
767600;74111.0;13543.0;60568.0
767700;74231.0;13543.0;60688.0
767800;74199.0;13591.0;60608.0
767900;74223.0;13615.0;60608.0
768000;74151.0;13543.0;60608.0
768100;74367.0;13759.0;60608.0
768200;74559.0;13471.0;61088.0
768300;74199.0;13591.0;60608.0
768400;74119.0;13471.0;60648.0
768500;74374.0;13606.0;60768.0
768600;74215.0;13567.0;60648.0
768700;74335.0;13567.0;60768.0
768800;73823.0;13255.0;60568.0
768900;74354.5;13586.5;60768.0
769000;74174.0;13606.0;60568.0
769100;74526.0;13918.0;60608.0
769200;74313.5;13625.5;60688.0
769300;74375.0;13567.0;60808.0
769400;74646.0;13918.0;60728.0
769500;74214.0;13606.0;60608.0
769600;74415.0;13567.0;60848.0
769700;74493.0;13645.0;60848.0
769800;74374.0;13606.0;60768.0
769900;74374.0;13606.0;60768.0
770000;74432.5;13664.5;60768.0
770100;74452.0;13684.0;60768.0
770200;74413.0;13645.0;60768.0
770300;74413.0;13645.0;60768.0
770400;74190.5;13742.5;60448.0
770500;74553.5;13625.5;60928.0
770600;74573.0;13645.0;60928.0
770700;74534.0;13606.0;60928.0
770800;74194.5;13586.5;60608.0
770900;74373.0;13645.0;60728.0
771000;74173.0;13645.0;60528.0
771100;74844.0;13645.0;61199.0
771200;74452.5;13586.5;60866.0
771300;74472.0;13606.0;60866.0
771400;74548.0;13645.0;60903.0
771500;74489.5;13586.5;60903.0
771600;74548.0;13645.0;60903.0
771700;74468.0;13528.0;60940.0
771800;74717.5;13703.5;61014.0
771900;74429.0;13645.0;60784.0
772000;74588.0;13684.0;60904.0
772100;74430.0;13606.0;60824.0
772200;74630.0;13606.0;61024.0
772300;74630.0;13606.0;61024.0
772400;74550.0;13606.0;60944.0
772500;74238.0;13294.0;60944.0
772600;74110.0;13606.0;60504.0
772700;74489.5;13625.5;60864.0
772800;73837.0;13333.0;60504.0
772900;74941.0;13957.0;60984.0
773000;74509.0;13645.0;60864.0
773100;74671.0;13687.0;60984.0
773200;74671.0;13687.0;60984.0
773300;74671.0;13687.0;60984.0
773400;74975.0;13951.0;61024.0
773500;74711.0;13687.0;61024.0
773600;74711.0;13687.0;61024.0
773700;74767.5;13703.5;61064.0
773800;74748.5;13604.5;61144.0
773900;74751.0;13687.0;61064.0
774000;74817.0;13753.0;61064.0
774100;74734.5;13670.5;61064.0
774200;74812.0;13748.0;61064.0
774300;74664.0;13600.0;61064.0
774400;74889.0;13785.0;61104.0
774500;74732.0;13748.0;60984.0
774600;74852.0;13748.0;61104.0
774700;74892.0;13748.0;61144.0
774800;74596.0;13452.0;61144.0
774900;74972.0;13748.0;61224.0
775000;75151.0;14007.0;61144.0
775100;74929.0;13785.0;61144.0
775200;74855.0;13711.0;61144.0
775300;74890.0;13746.0;61144.0
775400;74930.0;13746.0;61184.0
775500;74962.0;13778.0;61184.0
775600;74946.0;13762.0;61184.0
775700;74970.0;13746.0;61224.0
775800;75018.0;13794.0;61224.0
775900;74970.0;13746.0;61224.0
776000;74874.0;13650.0;61224.0
776100;74714.0;13490.0;61224.0
776200;74954.0;13810.0;61144.0
776300;74922.0;13778.0;61144.0
776400;75176.0;13792.0;61384.0
776500;75056.0;13792.0;61264.0
776600;75142.0;13758.0;61384.0
776700;74984.0;13800.0;61184.0
776800;74984.0;13800.0;61184.0
776900;74704.0;13880.0;60824.0
777000;75215.0;13911.0;61304.0
777100;74910.0;13486.0;61424.0
777200;75130.0;13826.0;61304.0
777300;75402.0;14098.0;61304.0
777400;75016.0;13792.0;61224.0
777500;74924.0;13860.0;61064.0
777600;75084.0;13860.0;61224.0
777700;75124.0;13860.0;61264.0
777800;75244.0;13860.0;61384.0
777900;74972.0;13588.0;61384.0
778000;75244.0;13860.0;61384.0
778100;74926.0;13622.0;61304.0
778200;75142.0;13758.0;61384.0
778300;75002.0;13588.0;61414.0
778400;75261.5;13699.5;61562.0
778500;75201.0;13903.0;61298.0
778600;75321.0;13903.0;61418.0
778700;75278.0;13940.0;61338.0
778800;75361.0;13903.0;61458.0
778900;75416.5;13958.5;61458.0
779000;75361.0;13903.0;61458.0
779100;75361.0;13903.0;61458.0
779200;75053.5;13995.5;61058.0
779300;75481.0;13903.0;61578.0
779400;75785.0;13607.0;62178.0
779500;75364.0;13866.0;61498.0
779600;75401.0;13903.0;61498.0
779700;75284.0;13866.0;61418.0
779800;75404.0;13866.0;61538.0
779900;75884.0;13866.0;62018.0
780000;75404.0;13866.0;61538.0
780100;75700.0;14162.0;61538.0
780200;75404.0;13866.0;61538.0
780300;75244.0;13866.0;61378.0
780400;75084.0;13866.0;61218.0
780500;75407.0;13829.0;61578.0
780600;75028.0;13570.0;61458.0
780700;75567.5;14069.5;61498.0
780800;75447.0;13829.0;61618.0
780900;75327.0;13829.0;61498.0
781000;-294405.0;-356023.0;61618.0
781100;75410.0;13792.0;61618.0
781200;75354.5;13736.5;61618.0
781300;75410.0;13792.0;61618.0
781400;75450.0;13792.0;61658.0
781500;75505.5;13847.5;61658.0
781600;75468.5;13810.5;61658.0
781700;74877.5;13699.5;61178.0
781800;75582.5;13884.5;61698.0
781900;75527.0;13829.0;61698.0
782000;75468.0;13755.0;61713.0
782100;75580.5;13829.0;61751.5
782200;75542.0;13829.0;61713.0
782300;75465.0;13829.0;61636.0
782400;75696.0;13829.0;61867.0
782500;75636.0;13884.5;61751.5
782600;75876.5;14125.0;61751.5
782700;75696.0;13829.0;61867.0
782800;75323.0;13533.0;61790.0
782900;75733.0;13866.0;61867.0
783000;76026.0;14236.0;61790.0
783100;75582.0;13792.0;61790.0
783200;75327.0;13614.0;61713.0
783300;75754.5;13849.0;61905.5
783400;75677.5;13849.0;61828.5
783500;75793.0;13849.0;61944.0
783600;75677.5;13849.0;61828.5
783700;75746.0;13802.0;61944.0
783800;75793.0;13849.0;61944.0
783900;75340.0;13473.0;61867.0
784000;75645.5;13778.5;61867.0
784100;75491.5;13778.5;61713.0
784200;75340.0;13473.0;61867.0
784300;75686.0;13896.0;61790.0
784400;75686.0;13896.0;61790.0
784500;75801.5;13896.0;61905.5
784600;75801.5;13896.0;61905.5
784700;75401.5;13919.5;61482.0
784800;75707.5;13802.0;61905.5
784900;76255.0;13849.0;62406.0
785000;75793.0;13849.0;61944.0
785100;75861.5;13802.0;62059.5
785200;75793.0;13849.0;61944.0
785300;75793.0;13849.0;61944.0
785400;75716.0;13849.0;61867.0
785500;75831.5;13849.0;61982.5
785600;75724.5;13896.0;61828.5
785700;75917.0;13896.0;62021.0
785800;75817.0;13796.0;62021.0
785900;75992.0;13971.0;62021.0
786000;75867.0;13846.0;62021.0
786100;75867.0;13846.0;62021.0
786200;76039.0;13556.0;62483.0
786300;75885.0;13864.0;62021.0
786400;75923.5;13864.0;62059.5
786500;75951.5;13892.0;62059.5
786600;75993.5;13934.0;62059.5
786700;76322.5;14340.0;61982.5
786800;75974.0;13876.0;62098.0
786900;75974.0;13876.0;62098.0
787000;75510.0;13412.0;62098.0
787100;76032.0;13934.0;62098.0
787200;75483.0;13847.0;61636.0
787300;76061.0;13963.0;62098.0
787400;76012.5;13876.0;62136.5
787500;76099.5;13963.0;62136.5
787600;76012.5;13876.0;62136.5
787700;76051.0;13876.0;62175.0
787800;76513.0;13876.0;62637.0
787900;76134.0;13934.0;62200.0
788000;76163.0;13963.0;62200.0
788100;76242.0;13934.0;62308.0
788200;76018.0;13818.0;62200.0
788300;76064.0;13992.0;62072.0
788400;76045.0;13853.0;62192.0
788500;76045.0;13853.0;62192.0
788600;76319.0;14127.0;62192.0
788700;76095.0;13863.0;62232.0
788800;76095.0;13863.0;62232.0
788900;75687.0;13935.0;61752.0
789000;75975.0;13863.0;62112.0
789100;76087.0;13935.0;62152.0
789200;76047.0;13815.0;62232.0
789300;76047.0;13815.0;62232.0
789400;76183.0;13911.0;62272.0
789500;76015.0;13863.0;62152.0
789600;76183.0;13911.0;62272.0
789700;76229.0;13887.0;62342.0
789800;76421.0;14079.0;62342.0
789900;76697.0;13911.0;62786.0
790000;76253.0;13911.0;62342.0
790100;76217.0;13911.0;62306.0
790200;76434.5;14008.5;62426.0
790300;76434.5;14008.5;62426.0
790400;76227.0;13881.0;62346.0
790500;76252.5;13906.5;62346.0
790600;76020.0;14034.0;61986.0
790700;76318.0;13932.0;62386.0
790800;76449.0;13983.0;62466.0
790900;76449.0;13983.0;62466.0
791000;76318.0;13932.0;62386.0
791100;76267.0;13881.0;62386.0
791200;76318.0;13932.0;62386.0
791300;76438.0;13932.0;62506.0
791400;76307.0;13881.0;62426.0
791500;76358.0;13932.0;62426.0
791600;76358.0;13932.0;62426.0
791700;76440.5;13974.5;62466.0
791800;76361.0;13895.0;62466.0
791900;76241.0;13895.0;62346.0
792000;76281.5;13815.5;62466.0
792100;76715.0;13895.0;62820.0
792200;76646.0;14054.0;62592.0
792300;76373.0;13895.0;62478.0
792400;75685.5;13815.5;61870.0
792500;76411.0;13895.0;62516.0
792600;76445.5;13815.5;62630.0
792700;76396.0;13842.0;62554.0
792800;76421.0;13981.0;62440.0
792900;76512.0;13958.0;62554.0
793000;76626.0;13958.0;62668.0
793100;77175.0;14165.0;63010.0
793200;76649.0;13981.0;62668.0
793300;76466.0;13912.0;62554.0
793400;76550.0;13958.0;62592.0
793500;76504.0;13912.0;62592.0
793600;76504.0;13912.0;62592.0
793700;76588.0;13958.0;62630.0
793800;76313.0;13797.0;62516.0
793900;76588.0;13958.0;62630.0
794000;76702.0;13958.0;62744.0
794100;76588.0;13958.0;62630.0
794200;76795.0;14165.0;62630.0
794300;76634.0;14004.0;62630.0
794400;76740.0;13958.0;62782.0
794500;76626.0;13958.0;62668.0
794600;76740.0;13958.0;62782.0
794700;76648.0;14326.0;62322.0
794800;76634.0;13912.0;62722.0
794900;76680.0;13958.0;62722.0
795000;76154.0;13912.0;62242.0
795100;77050.5;13979.0;63071.5
795200;76680.0;13979.0;62701.0
795300;76980.5;13930.0;63050.5
795400;76896.0;14028.0;62868.0
795500;76603.0;13930.0;62673.0
795600;76792.0;14003.5;62788.5
795700;77065.0;13930.0;63135.0
795800;76834.0;13930.0;62904.0
795900;76757.0;13930.0;62827.0
796000;77450.0;13930.0;63520.0
796100;76295.0;13930.0;62365.0
796200;76680.0;13930.0;62750.0
796300;76757.0;13930.0;62827.0
796400;76746.5;13881.0;62865.5
796500;76823.5;13958.0;62865.5
796600;76500.5;13984.5;62516.0
796700;76980.5;13984.5;62996.0
796800;76503.0;13587.0;62916.0
796900;76874.0;13958.0;62916.0
797000;76874.0;13958.0;62916.0
797100;76900.5;13984.5;62916.0
797200;76927.0;14011.0;62916.0
797300;76927.0;14011.0;62916.0
797400;76702.0;13746.0;62956.0
797500;76967.0;14011.0;62956.0
797600;76887.5;13931.5;62956.0
797700;77007.0;14011.0;62996.0
797800;77007.0;14011.0;62996.0
797900;77123.0;14011.0;63112.0
798000;77080.5;13931.5;63149.0
798100;77013.0;14011.0;63002.0
798200;76426.0;14064.0;62362.0
798300;77013.0;14011.0;63002.0
798400;76749.0;13587.0;63162.0
798500;77067.0;13905.0;63162.0
798600;77173.0;14011.0;63162.0
798700;77119.5;14037.5;63082.0
798800;77066.5;13984.5;63082.0
798900;77000.0;13958.0;63042.0
799000;77146.0;14064.0;63082.0
799100;76881.0;13799.0;63082.0
799200;77040.0;13958.0;63082.0
799300;76669.0;13587.0;63082.0
799400;76773.0;14011.0;62762.0
799500;77186.0;14064.0;63122.0
799600;77392.0;14150.0;63242.0
799700;77146.0;14104.0;63042.0
799800;77243.0;14081.0;63162.0
799900;77243.0;14081.0;63162.0
800000;77197.0;14035.0;63162.0
800100;77258.5;13976.5;63282.0
800200;77334.5;14172.5;63162.0
800300;77381.0;14099.0;63282.0
800400;77350.0;14148.0;63202.0
800500;77298.5;13976.5;63322.0
800600;77279.0;14197.0;63082.0
800700;77390.0;14148.0;63242.0
800800;77519.0;14197.0;63322.0
800900;77316.5;14074.5;63242.0
801000;77365.5;14123.5;63242.0
801100;77510.0;14148.0;63362.0
801200;77341.0;14099.0;63242.0
801300;77310.0;14148.0;63162.0
801400;77390.0;14148.0;63242.0
801500;77359.0;14197.0;63162.0
801600;77158.0;13756.0;63402.0
801700;77421.0;14099.0;63322.0
801800;77315.0;14113.0;63202.0
801900;77264.0;14062.0;63202.0
802000;77435.0;14113.0;63322.0
802100;77384.0;14062.0;63322.0
802200;77384.0;14062.0;63322.0
802300;77333.0;14011.0;63322.0
802400;77537.0;14215.0;63322.0
802500;77784.5;14113.0;63671.5
802600;77487.0;14113.0;63374.0
802700;77079.0;13705.0;63374.0
802800;77385.0;14011.0;63374.0
802900;77436.0;14062.0;63374.0
803000;77487.0;14113.0;63374.0
803100;77316.0;14062.0;63254.0
803200;77436.0;14062.0;63374.0
803300;77359.5;13985.5;63374.0
803400;77844.0;14470.0;63374.0
803500;77476.0;14062.0;63414.0
803600;77596.0;14062.0;63534.0
803700;77567.0;14113.0;63454.0
803800;77108.0;13654.0;63454.0
803900;77410.0;14076.0;63334.0
804000;77530.0;14076.0;63454.0
804100;77901.0;14447.0;63454.0
804200;77583.0;14129.0;63454.0
804300;77450.5;13996.5;63454.0
804400;77530.0;14076.0;63454.0
804500;77570.0;14076.0;63494.0
804600;77635.0;14076.0;63559.0
804700;77635.0;14076.0;63559.0
804800;77635.0;14076.0;63559.0
804900;77723.0;14164.0;63559.0
805000;77675.0;14116.0;63559.0
805100;78084.5;14188.0;63896.5
805200;77600.0;14116.0;63484.0
805300;77723.0;14164.0;63559.0
805400;77712.5;14116.0;63596.5
805500;77712.5;14116.0;63596.5
805600;77777.0;14068.0;63709.0
805700;77702.0;14068.0;63634.0
805800;77822.0;14188.0;63634.0
805900;77750.0;14116.0;63634.0
806000;77750.0;14116.0;63634.0
806100;77750.0;14116.0;63634.0
806200;77750.0;14116.0;63634.0
806300;77862.5;14116.0;63746.5
806400;77651.0;14092.0;63559.0
806500;77603.0;14044.0;63559.0
806600;77825.0;14116.0;63709.0
806700;78077.0;14068.0;64009.0
806800;78227.0;14068.0;64159.0
806900;77889.5;14068.0;63821.5
807000;77825.0;14116.0;63709.0
807100;77825.0;14116.0;63709.0
807200;77825.0;14116.0;63709.0
807300;77777.0;14068.0;63709.0
807400;77777.0;14068.0;63709.0
807500;-732748.0;14068.0;-746816.0
807600;77955.5;14284.0;63671.5
807700;77855.0;13996.0;63859.0
807800;77804.0;14020.0;63784.0
807900;77804.0;14020.0;63784.0
808000;77916.5;14020.0;63896.5
808100;77739.5;14068.0;63671.5
808200;77852.0;14068.0;63784.0
808300;77852.0;14068.0;63784.0
808400;78008.0;14224.0;63784.0
808500;77965.5;14144.0;63821.5
808600;77830.5;14084.0;63746.5
808700;77905.5;14084.0;63821.5
808800;77943.0;14084.0;63859.0
808900;78263.0;14404.0;63859.0
809000;77513.0;14104.0;63409.0
809100;77943.0;14084.0;63859.0
809200;77943.0;14084.0;63859.0
809300;77493.0;14084.0;63409.0
809400;77983.0;14124.0;63859.0
809500;77993.0;14065.0;63928.0
809600;78299.0;14065.0;64234.0
809700;78317.5;14083.5;64234.0
809800;78064.0;14102.0;63962.0
809900;78008.5;14046.5;63962.0
810000;77953.0;13991.0;63962.0
810100;77509.5;13732.0;63777.5
810200;77924.0;14028.0;63896.0
810300;77924.0;14028.0;63896.0
810400;78035.0;14139.0;63896.0
810500;78019.0;14083.5;63935.5
810600;78074.5;14139.0;63935.5
810700;78077.0;14102.0;63975.0
810800;78077.0;14102.0;63975.0
810900;78169.5;14194.5;63975.0
811000;78428.0;14102.0;64326.0
811100;78123.0;14139.0;63984.0
811200;77991.5;14083.5;63908.0
811300;77917.5;14009.5;63908.0
811400;78237.0;14139.0;64098.0
811500;77743.0;14139.0;63604.0
811600;78143.5;14083.5;64060.0
811700;78199.0;14139.0;64060.0
811800;78199.0;14139.0;64060.0
811900;78199.0;14139.0;64060.0
812000;78085.0;14139.0;63946.0
812100;78328.5;14268.5;64060.0
812200;78199.0;14139.0;64060.0
812300;78673.5;14157.5;64516.0
812400;78692.0;14176.0;64516.0
812500;78292.5;14194.5;64098.0
812600;78404.5;14268.5;64136.0
812700;78330.5;14194.5;64136.0
812800;78349.0;14213.0;64136.0
812900;78312.0;14176.0;64136.0
813000;78463.0;14213.0;64250.0
813100;78198.0;14176.0;64022.0
813200;78312.0;14176.0;64136.0
813300;78016.0;13880.0;64136.0
813400;78312.0;14176.0;64136.0
813500;78350.0;14176.0;64174.0
813600;78729.0;14213.0;64516.0
813700;78332.5;14120.5;64212.0
813800;78388.0;14176.0;64212.0
813900;78388.0;14176.0;64212.0
814000;78388.0;14176.0;64212.0
814100;78557.5;14231.5;64326.0
814200;78807.0;14139.0;64668.0
814300;78503.0;14367.0;64136.0
814400;78367.0;14231.0;64136.0
814500;78396.0;14146.0;64250.0
814600;78422.0;14248.0;64174.0
814700;78536.0;14248.0;64288.0
814800;78485.0;14197.0;64288.0
814900;78485.0;14197.0;64288.0
815000;78519.0;14231.0;64288.0
815100;78905.0;14503.0;64402.0
815200;79133.0;14503.0;64630.0
815300;78319.0;14031.0;64288.0
815400;78083.0;14251.0;63832.0
815500;78463.0;14251.0;64212.0
815600;78615.0;14251.0;64364.0
815700;78691.0;14251.0;64440.0
815800;78633.0;14383.0;64250.0
815900;78681.0;14317.0;64364.0
816000;78659.0;14295.0;64364.0
816100;78817.0;14339.0;64478.0
816200;78773.0;14295.0;64478.0
816300;78451.0;14163.0;64288.0
816400;78659.0;14295.0;64364.0
816500;78583.0;14295.0;64288.0
816600;78723.0;14207.0;64516.0
816700;79147.0;14251.0;64896.0
816800;78669.0;14229.0;64440.0
816900;78691.0;14251.0;64440.0
817000;78691.0;14251.0;64440.0
817100;78691.0;14251.0;64440.0
817200;78691.0;14251.0;64440.0
817300;78235.0;14251.0;63984.0
817400;78691.0;14251.0;64440.0
817500;78751.0;14273.0;64478.0
817600;78767.0;14251.0;64516.0
817700;78843.0;14251.0;64592.0
817800;78767.0;14251.0;64516.0
817900;78398.0;14338.0;64060.0
818000;78800.0;14284.0;64516.0
818100;78935.0;14419.0;64516.0
818200;78881.0;14365.0;64516.0
818300;78719.0;14203.0;64516.0
818400;78881.0;14365.0;64516.0
818500;78865.0;14311.0;64554.0
818600;78951.0;14473.0;64478.0
818700;78930.0;14338.0;64592.0
818800;79033.0;14365.0;64668.0
818900;78843.0;14365.0;64478.0
819000;79389.0;14797.0;64592.0
819100;78957.0;14365.0;64592.0
819200;79299.0;14365.0;64934.0
819300;78957.0;14365.0;64592.0
819400;79071.0;14365.0;64706.0
819500;78563.0;13933.0;64630.0
819600;79033.0;14365.0;64668.0
819700;79405.0;14851.0;64554.0
819800;79087.0;14419.0;64668.0
819900;79087.0;14419.0;64668.0
820000;79201.0;14419.0;64782.0
820100;79093.0;14311.0;64782.0
820200;79033.0;14365.0;64668.0
820300;78862.0;14080.0;64782.0
820400;79043.0;14375.0;64668.0
820500;79346.5;14640.5;64706.0
820600;79195.0;14375.0;64820.0
820700;79709.0;14965.0;64744.0
820800;78647.0;13903.0;64744.0
820900;79233.0;14375.0;64858.0
821000;79414.0;14670.0;64744.0
821100;79178.0;14434.0;64744.0
821200;79266.5;14522.5;64744.0
821300;79427.5;14227.5;65200.0
821400;79178.0;14434.0;64744.0
821500;79216.0;14434.0;64782.0
821600;78723.0;13903.0;64820.0
821700;79106.5;14286.5;64820.0
821800;79271.0;14375.0;64896.0
821900;79195.0;14375.0;64820.0
822000;79081.0;14375.0;64706.0
822100;79283.5;14463.5;64820.0
822200;79060.0;14316.0;64744.0
822300;79195.0;14375.0;64820.0
822400;79254.0;14434.0;64820.0
822500;79233.0;14375.0;64858.0
822600;79233.0;14375.0;64858.0
822700;78923.0;14483.0;64440.0
822800;79275.0;14379.0;64896.0
822900;79197.0;14301.0;64896.0
823000;79441.0;14431.0;65010.0
823100;79731.0;14379.0;65352.0
823200;79251.0;14431.0;64820.0
823300;79379.0;14483.0;64896.0
823400;79327.0;14431.0;64896.0
823500;79417.0;14483.0;64934.0
823600;79273.0;14301.0;64972.0
823700;78531.0;14015.0;64516.0
823800;79479.0;14431.0;65048.0
823900;79247.0;14275.0;64972.0
824000;79351.0;14379.0;64972.0
824100;79377.0;14405.0;64972.0
824200;79379.0;14483.0;64896.0
824300;79455.0;14483.0;64972.0
824400;79403.0;14431.0;64972.0
824500;79289.0;14431.0;64858.0
824600;79555.0;14431.0;65124.0
824700;79175.5;14127.5;65048.0
824800;79441.0;14393.0;65048.0
824900;79706.5;14658.5;65048.0
825000;79382.0;14334.0;65048.0
825100;79913.0;14865.0;65048.0
825200;79205.5;14043.5;65162.0
825300;79540.0;14492.0;65048.0
825400;79498.5;14526.5;64972.0
825500;79578.0;14492.0;65086.0
825600;79719.5;14595.5;65124.0
825700;79865.0;14285.0;65580.0
825800;79616.0;14492.0;65124.0
825900;79616.0;14492.0;65124.0
826000;79730.0;14492.0;65238.0
826100;79616.0;14492.0;65124.0
826200;79540.0;14492.0;65048.0
826300;79581.5;14457.5;65124.0
826400;79685.0;14561.0;65124.0
826500;79732.0;14561.0;65171.0
826600;80239.0;14561.0;65678.0
826700;79771.0;14561.0;65210.0
826800;79840.0;14630.0;65210.0
826900;80122.0;14561.0;65561.0
827000;79771.0;14561.0;65210.0
827100;79234.0;14492.0;64742.0
827200;79529.5;14319.5;65210.0
827300;79771.0;14561.0;65210.0
827400;79693.0;14561.0;65132.0
827500;79810.0;14561.0;65249.0
827600;79849.0;14561.0;65288.0
827700;79849.0;14561.0;65288.0
827800;79849.0;14561.0;65288.0
827900;79849.0;14561.0;65288.0
828000;79849.0;14561.0;65288.0
828100;79849.0;14561.0;65288.0
828200;79849.0;14561.0;65288.0
828300;79771.0;14561.0;65210.0
828400;79897.0;14492.0;65405.0
828500;80074.0;14630.0;65444.0
828600;80168.5;14802.5;65366.0
828700;80099.5;14733.5;65366.0
828800;79871.5;14388.5;65483.0
828900;79892.5;14526.5;65366.0
829000;79879.0;14630.0;65249.0
829100;79996.0;14630.0;65366.0
829200;79996.0;14630.0;65366.0
829300;80104.0;14699.0;65405.0
829400;79987.0;14699.0;65288.0
829500;80173.0;14768.0;65405.0
829600;80695.0;15251.0;65444.0
829700;80246.5;14802.5;65444.0
829800;80108.5;14664.5;65444.0
829900;80329.0;14768.0;65561.0
830000;80783.5;14871.5;65912.0
830100;80183.0;14739.0;65444.0
830200;80105.0;14739.0;65366.0
830300;80035.0;14591.0;65444.0
830400;80368.0;14924.0;65444.0
830500;81073.0;15473.0;65600.0
830600;80451.0;14929.0;65522.0
830700;80493.5;14971.5;65522.0
830800;80415.0;15010.0;65405.0
830900;80532.0;15010.0;65522.0
831000;80178.0;14656.0;65522.0
831100;80421.0;15016.0;65405.0
831200;80775.0;15136.0;65639.0
831300;80898.0;15376.0;65522.0
831400;80618.0;15096.0;65522.0
831500;80540.0;15096.0;65444.0
831600;79939.0;14456.0;65483.0
831700;80136.0;14536.0;65600.0
831800;80673.0;15190.0;65483.0
831900;80790.0;15190.0;65600.0
832000;80712.0;15112.0;65600.0
832100;80673.0;15229.0;65444.0
832200;80517.0;14995.0;65522.0
832300;80666.0;15066.0;65600.0
832400;80148.0;14548.0;65600.0
832500;80792.5;15140.0;65652.5
832600;80979.0;15214.0;65765.0
832700;80904.0;15214.0;65690.0
832800;80902.5;15325.0;65577.5
832900;81016.5;15214.0;65802.5
833000;81015.0;15325.0;65690.0
833100;80454.0;15214.0;65240.0
833200;81127.5;15325.0;65802.5
833300;80570.0;15330.0;65240.0
833400;81198.0;15508.0;65690.0
833500;81045.5;15318.0;65727.5
833600;81121.0;15356.0;65765.0
833700;81007.0;15242.0;65765.0
833800;80931.0;15166.0;65765.0
833900;80893.0;15128.0;65765.0
834000;81007.0;15242.0;65765.0
834100;81007.0;15242.0;65765.0
834200;81344.5;15242.0;66102.5
834300;81042.0;15277.0;65765.0
834400;81042.0;15277.0;65765.0
834500;80866.5;15064.0;65802.5
834600;81117.0;15277.0;65840.0
834700;80933.5;15206.0;65727.5
834800;81111.0;15383.5;65727.5
834900;81478.0;15525.5;65952.5
835000;81046.0;15206.0;65840.0
835100;81229.5;15277.0;65952.5
835200;81581.0;15291.0;66290.0
835300;81096.5;15256.5;65840.0
835400;81215.0;15360.0;65855.0
835500;80999.0;15222.0;65777.0
835600;81155.0;15222.0;65933.0
835700;81141.5;15325.5;65816.0
835800;81224.0;15291.0;65933.0
835900;81315.0;15774.0;65541.0
836000;81232.0;15291.0;65941.0
836100;81059.5;15118.5;65941.0
836200;81076.0;15015.0;66061.0
836300;81163.0;15222.0;65941.0
836400;81283.0;15222.0;66061.0
836500;81083.0;15222.0;65861.0
836600;81123.0;15222.0;65901.0
836700;81134.0;15153.0;65981.0
836800;81243.0;15222.0;66021.0
836900;80627.0;15326.0;65301.0
837000;81527.0;15506.0;66021.0
837100;81387.0;15366.0;66021.0
837200;81307.0;15366.0;65941.0
837300;81387.0;15366.0;66021.0
837400;81387.0;15366.0;66021.0
837500;81427.0;15366.0;66061.0
837600;80907.0;14806.0;66101.0
837700;81547.0;15366.0;66181.0
837800;81267.0;15366.0;65901.0
837900;81502.0;15401.0;66101.0
838000;81397.0;15296.0;66101.0
838100;81277.0;15296.0;65981.0
838200;81467.0;15366.0;66101.0
838300;81467.0;15366.0;66101.0
838400;81467.0;15366.0;66101.0
838500;81577.0;15436.0;66141.0
838600;81497.0;15436.0;66061.0
838700;81617.0;15436.0;66181.0
838800;81437.0;15296.0;66141.0
838900;80917.0;14736.0;66181.0
839000;81477.0;15296.0;66181.0
839100;81477.0;15296.0;66181.0
839200;81227.0;15366.0;65861.0
839300;81372.0;15191.0;66181.0
839400;80992.0;14891.0;66101.0
839500;81463.0;15242.0;66221.0
839600;81344.0;15203.0;66141.0
839700;81461.0;15320.0;66141.0
839800;81737.0;15476.0;66261.0
839900;81581.0;15320.0;66261.0
840000;81616.0;15355.0;66261.0
840100;81496.0;15355.0;66141.0
840200;81645.5;15464.5;66181.0
840300;81888.0;15627.0;66261.0
840400;82233.0;15972.0;66261.0
840500;81721.0;15420.0;66301.0
840600;81726.5;15385.5;66341.0
840700;82313.0;15972.0;66341.0
840800;81761.0;15420.0;66341.0
840900;81761.0;15420.0;66341.0
841000;81761.0;15420.0;66341.0
841100;81796.0;15455.0;66341.0
841200;82053.0;15566.0;66487.0
841300;81902.0;15529.0;66373.0
841400;81942.0;15455.0;66487.0
841500;81940.0;15529.0;66411.0
841600;81978.0;15529.0;66449.0
841700;81421.0;14937.0;66484.0
841800;82008.0;15455.0;66553.0
841900;82042.5;15455.0;66587.5
842000;82013.0;15529.0;66484.0
842100;82013.0;15529.0;66484.0
842200;82048.0;15564.0;66484.0
842300;81902.0;15564.0;66338.0
842400;83076.0;16196.0;66880.0
842500;82037.0;15564.0;66473.0
842600;82074.0;15564.0;66510.0
842700;82153.0;15643.0;66510.0
842800;82074.0;15564.0;66510.0
842900;81963.0;15564.0;66399.0
843000;81619.0;15485.0;66134.0
843100;82019.0;15485.0;66534.0
843200;82730.0;16196.0;66534.0
843300;82139.0;15485.0;66654.0
843400;81621.0;15087.0;66534.0
843500;81941.0;15487.0;66454.0
843600;82821.0;16127.0;66694.0
843700;82261.0;15567.0;66694.0
843800;82181.0;15567.0;66614.0
843900;82181.0;15567.0;66614.0
844000;82181.0;15567.0;66614.0
844100;82181.0;15567.0;66614.0
844200;82101.0;15487.0;66614.0
844300;82101.0;15487.0;66614.0
844400;81741.0;15487.0;66254.0
844500;82141.0;15487.0;66654.0
844600;81541.0;14847.0;66694.0
844700;82101.0;15407.0;66694.0
844800;82443.0;15869.0;66574.0
844900;82267.0;15573.0;66694.0
845000;82230.0;15536.0;66694.0
845100;82073.0;15499.0;66574.0
845200;-785407.0;15499.0;-800906.0
845300;82193.0;15499.0;66694.0
845400;82656.0;15962.0;66694.0
845500;81751.0;15017.0;66734.0
845600;82281.0;15507.0;66774.0
845700;82361.0;15507.0;66854.0
845800;81916.0;15262.0;66654.0
845900;82001.0;15507.0;66494.0
846000;81871.0;15577.0;66294.0
846100;82161.0;15507.0;66654.0
846200;82607.0;15833.0;66774.0
846300;-785433.5;15472.5;-800906.0
846400;82417.5;15643.5;66774.0
846500;82223.5;15529.5;66694.0
846600;82469.0;15615.0;66854.0
846700;82469.0;15615.0;66854.0
846800;82093.0;15159.0;66934.0
846900;82589.0;15615.0;66974.0
847000;82469.0;15615.0;66854.0
847100;82469.0;15615.0;66854.0
847200;82824.5;15615.0;67209.5
847300;82563.5;15700.5;66863.0
847400;82478.0;15615.0;66863.0
847500;82459.5;15558.0;66901.5
847600;82612.0;15672.0;66940.0
847700;82612.0;15672.0;66940.0
847800;82439.5;15615.0;66824.5
847900;82878.5;15823.0;67055.5
848000;82630.5;15690.5;66940.0
848100;82524.5;15584.5;66940.0
848200;82640.0;15584.5;67055.5
848300;82666.5;15611.0;67055.5
848400;82551.0;15611.0;66940.0
848500;82589.5;15611.0;66978.5
848600;82811.0;15717.0;67094.0
848700;82681.0;15664.0;67017.0
848800;82406.5;15505.0;66901.5
848900;82796.5;15664.0;67132.5
849000;82575.0;15558.0;67017.0
849100;82743.5;15611.0;67132.5
849200;82743.5;15611.0;67132.5
849300;82577.5;15637.5;66940.0
849400;82113.0;15558.0;66555.0
849500;82243.0;15611.0;66632.0
849600;83129.0;16035.0;67094.0
849700;82784.5;15690.5;67094.0
849800;82705.0;15611.0;67094.0
849900;82859.0;15611.0;67248.0
850000;82775.0;15681.0;67094.0
850100;82890.5;15681.0;67209.5
850200;83520.5;16311.0;67209.5
850300;82813.5;15681.0;67132.5
850400;82344.5;15712.5;66632.0
850500;82866.0;15618.0;67248.0
850600;82527.5;15549.0;66978.5
850700;82714.5;15582.0;67132.5
850800;82753.0;15582.0;67171.0
850900;82753.0;15582.0;67171.0
851000;83050.0;15879.0;67171.0
851100;82786.0;15615.0;67171.0
851200;82694.0;15600.0;67094.0
851300;82831.0;15660.0;67171.0
851400;83204.0;16110.0;67094.0
851500;83175.0;15850.0;67325.0
851600;82758.5;15626.0;67132.5
851700;83014.0;15766.0;67248.0
851800;83546.0;15682.0;67864.0
851900;82930.0;15682.0;67248.0
852000;82814.5;15682.0;67132.5
852100;82874.0;15626.0;67248.0
852200;82874.0;15626.0;67248.0
852300;82706.0;15458.0;67248.0
852400;82797.0;15626.0;67171.0
852500;82968.5;15682.0;67286.5
852600;83084.0;15682.0;67402.0
852700;83007.0;15682.0;67325.0
852800;82951.0;15626.0;67325.0
852900;82951.0;15626.0;67325.0
853000;83035.0;15710.0;67325.0
853100;82951.0;15626.0;67325.0
853200;82951.0;15626.0;67325.0
853300;82544.0;15570.0;66974.0
853400;82932.0;15598.0;67334.0
853500;82852.0;15598.0;67254.0
853600;83012.0;15598.0;67414.0
853700;83012.0;15598.0;67414.0
853800;82532.0;15118.0;67414.0
853900;83132.0;15598.0;67534.0
854000;83012.0;15598.0;67414.0
854100;83132.0;15598.0;67534.0
854200;82992.0;15658.0;67334.0
854300;83102.0;15688.0;67414.0
854400;82952.0;15538.0;67414.0
854500;83172.0;15598.0;67574.0
854600;83092.0;15598.0;67494.0
854700;83172.0;15598.0;67574.0
854800;83052.0;15598.0;67454.0
854900;83092.0;15598.0;67494.0
855000;82872.0;15658.0;67214.0
855100;83092.0;15598.0;67494.0
855200;83152.0;15658.0;67494.0
855300;82712.0;15178.0;67534.0
855400;83092.0;15598.0;67494.0
855500;83132.0;15598.0;67534.0
855600;83232.0;15658.0;67574.0
855700;83252.0;15718.0;67534.0
855800;83292.0;15718.0;67574.0
855900;83322.0;15748.0;67574.0
856000;83448.0;15994.0;67454.0
856100;82824.0;15370.0;67454.0
856200;83308.0;15734.0;67574.0
856300;83228.0;15734.0;67494.0
856400;83438.0;15864.0;67574.0
856500;83400.0;15786.0;67614.0
856600;83440.0;15786.0;67654.0
856700;83362.0;15708.0;67654.0
856800;83388.0;15734.0;67654.0
856900;83388.0;15734.0;67654.0
857000;83388.0;15734.0;67654.0
857100;83492.0;15838.0;67654.0
857200;83388.0;15734.0;67654.0
857300;83388.0;15734.0;67654.0
857400;83630.5;15936.5;67694.0
857500;83437.0;15743.0;67694.0
857600;83455.5;15721.5;67734.0
857700;83600.0;15786.0;67814.0
857800;83907.0;16173.0;67734.0
857900;83434.0;15700.0;67734.0
858000;83434.0;15700.0;67734.0
858100;83283.5;15549.5;67734.0
858200;83434.0;15700.0;67734.0
858300;83391.0;15657.0;67734.0
858400;83426.0;15692.0;67734.0
858500;84146.0;15692.0;68454.0
858600;83576.0;15762.0;67814.0
858700;83376.0;15762.0;67614.0
858800;83096.0;15762.0;67334.0
858900;82632.0;15298.0;67334.0
859000;84143.0;15849.0;68294.0
859100;83576.0;15762.0;67814.0
859200;83634.0;15820.0;67814.0
859300;83518.0;15704.0;67814.0
859400;83496.0;15762.0;67734.0
859500;83616.0;15762.0;67854.0
859600;83656.0;15762.0;67894.0
859700;83478.0;15704.0;67774.0
859800;83507.0;15733.0;67774.0
859900;83714.0;15820.0;67894.0
860000;83714.0;15820.0;67894.0
860100;83834.0;15820.0;68014.0
860200;83772.0;15878.0;67894.0
860300;83772.0;15878.0;67894.0
860400;83772.0;15878.0;67894.0
860500;83750.0;15936.0;67814.0
860600;83649.0;15675.0;67974.0
860700;83910.0;15936.0;67974.0
860800;83794.0;15820.0;67974.0
860900;83943.0;15849.0;68094.0
861000;83794.0;15820.0;67974.0
861100;83794.0;15820.0;67974.0
861200;83678.0;15356.0;68322.0
861300;83674.0;15820.0;67854.0
861400;83543.0;15617.0;67926.0
861500;84078.0;15936.0;68142.0
861600;84351.0;15849.0;68502.0
861700;83774.0;15704.0;68070.0
861800;84020.0;15878.0;68142.0
861900;84056.0;15878.0;68178.0
862000;83948.0;15878.0;68070.0
862100;84006.0;15936.0;68070.0
862200;83977.0;15907.0;68070.0
862300;83545.0;15907.0;67638.0
862400;83940.0;15762.0;68178.0
862500;84092.0;15878.0;68214.0
862600;83962.0;15820.0;68142.0
862700;84034.0;15820.0;68214.0
862800;84092.0;15878.0;68214.0
862900;84658.0;16516.0;68142.0
863000;84107.0;15965.0;68142.0
863100;84107.0;15965.0;68142.0
863200;84006.0;15936.0;68070.0
863300;84064.0;15994.0;68070.0
863400;84078.0;15936.0;68142.0
863500;84172.0;15994.0;68178.0
863600;84121.0;15907.0;68214.0
863700;84698.0;16052.0;68646.0
863800;84208.0;15994.0;68214.0
863900;84208.0;15994.0;68214.0
864000;83744.0;15530.0;68214.0
864100;84208.0;15994.0;68214.0
864200;84258.0;15936.0;68322.0
864300;84658.0;16516.0;68142.0
864400;84179.0;15965.0;68214.0
864500;84410.0;16052.0;68358.0
864600;84363.0;16052.0;68311.0
864700;83841.0;15530.0;68311.0
864800;84382.5;16110.0;68272.5
864900;84363.0;16052.0;68311.0
865000;84276.0;15965.0;68311.0
865100;84276.0;15965.0;68311.0
865200;84247.0;15936.0;68311.0
865300;84305.0;15994.0;68311.0
865400;84305.0;15994.0;68311.0
865500;84256.5;15907.0;68349.5
865600;84382.0;15994.0;68388.0
865700;84324.0;15936.0;68388.0
865800;84401.0;15936.0;68465.0
865900;84844.0;15994.0;68850.0
866000;84382.0;15994.0;68388.0
866100;84266.5;15994.0;68272.5
866200;84247.0;15936.0;68311.0
866300;84305.0;15994.0;68311.0
866400;83978.0;16052.0;67926.0
866500;84478.5;16052.0;68426.5
866600;84459.0;15994.0;68465.0
866700;84921.0;15994.0;68927.0
866800;83997.0;15994.0;68003.0
866900;83910.0;15907.0;68003.0
867000;84865.0;16400.0;68465.0
867100;84697.5;16117.0;68580.5
867200;84562.5;15982.0;68580.5
867300;85027.0;16100.0;68927.0
867400;84746.0;16165.5;68580.5
867500;84103.0;16023.0;68080.0
867600;84536.5;15994.5;68542.0
867700;84642.0;16023.0;68619.0
867800;84565.0;16023.0;68542.0
867900;84479.5;15937.5;68542.0
868000;84057.0;16023.0;68034.0
868100;84577.0;16023.0;68554.0
868200;84674.0;16080.0;68594.0
868300;84440.0;15966.0;68474.0
868400;83714.0;15640.0;68074.0
868500;84478.0;15764.0;68714.0
868600;84602.0;15888.0;68714.0
868700;83933.0;15299.0;68634.0
868800;84491.0;15857.0;68634.0
868900;84615.0;15981.0;68634.0
869000;84615.0;15981.0;68634.0
869100;84495.0;15981.0;68514.0
869200;84761.0;15981.0;68780.0
869300;84602.0;16012.0;68590.0
869400;84709.0;16043.0;68666.0
869500;84685.0;15981.0;68704.0
869600;84609.0;15981.0;68628.0
869700;84723.0;15981.0;68742.0
869800;85157.0;16415.0;68742.0
869900;84775.0;15919.0;68856.0
870000;84277.0;15919.0;68358.0
870100;84619.0;15981.0;68638.0
870200;84659.0;15981.0;68678.0
870300;84752.0;16074.0;68678.0
870400;84739.0;15981.0;68758.0
870500;84659.0;15981.0;68678.0
870600;84961.0;16043.0;68918.0
870700;85063.0;16225.0;68838.0
870800;84709.0;15991.0;68718.0
870900;85193.0;16355.0;68838.0
871000;84897.0;15939.0;68958.0
871100;84361.0;15523.0;68838.0
871200;85473.0;16355.0;69118.0
871300;84829.0;15991.0;68838.0
871400;84829.0;15991.0;68838.0
871500;84749.0;15991.0;68758.0
871600;84815.0;16017.0;68798.0
871700;85273.0;16355.0;68918.0
871800;84763.0;15965.0;68798.0
871900;85153.0;16355.0;68798.0
872000;84737.0;15939.0;68798.0
872100;84493.0;15575.0;68918.0
872200;84829.0;15991.0;68838.0
872300;84909.0;15991.0;68918.0
872400;84909.0;15991.0;68918.0
872500;84483.0;15965.0;68518.0
872600;85043.0;15965.0;69078.0
872700;85121.0;16043.0;69078.0
872800;85389.0;16043.0;69346.0
872900;84905.0;15991.0;68914.0
873000;85013.0;15991.0;69022.0
873100;85061.0;16147.0;68914.0
873200;85013.0;15991.0;69022.0
873300;84941.0;15991.0;68950.0
873400;84993.0;16043.0;68950.0
873500;85127.0;16069.0;69058.0
873600;84899.0;15913.0;68986.0
873700;85157.0;15991.0;69166.0
873800;85339.0;16173.0;69166.0
873900;85085.0;15991.0;69094.0
874000;85085.0;15991.0;69094.0
874100;85085.0;15991.0;69094.0
874200;85033.0;15939.0;69094.0
874300;85013.0;15991.0;69022.0
874400;85169.0;16147.0;69022.0
874500;85121.0;15991.0;69130.0
874600;85209.0;16043.0;69166.0
874700;85209.0;16043.0;69166.0
874800;85623.0;16457.0;69166.0
874900;85173.0;16007.0;69166.0
875000;85029.0;16007.0;69022.0
875100;85173.0;16007.0;69166.0
875200;85223.0;16057.0;69166.0
875300;85198.0;16032.0;69166.0
875400;85243.0;16057.0;69186.0
875500;85233.0;16057.0;69176.0
875600;85346.0;16132.0;69214.0
875700;85221.0;16007.0;69214.0
875800;85271.0;16057.0;69214.0
875900;85385.0;16057.0;69328.0
876000;85221.0;16007.0;69214.0
876100;85157.0;16057.0;69100.0
876200;84815.0;16057.0;68758.0
876300;85195.0;16057.0;69138.0
876400;85285.0;16071.0;69214.0
876500;85365.0;15999.0;69366.0
876600;85665.0;16071.0;69594.0
876700;85245.0;15879.0;69366.0
876800;85361.0;16071.0;69290.0
876900;85313.0;16023.0;69290.0
877000;85289.0;15999.0;69290.0
877100;85361.0;16071.0;69290.0
877200;85217.0;15927.0;69290.0
877300;85313.0;16023.0;69290.0
877400;85385.0;16095.0;69290.0
877500;85351.0;16023.0;69328.0
877600;85389.0;16023.0;69366.0
877700;85389.0;16023.0;69366.0
877800;85389.0;16023.0;69366.0
877900;85989.0;16167.0;69822.0
878000;84795.0;15543.0;69252.0
878100;85417.0;16051.0;69366.0
878200;85417.0;16051.0;69366.0
878300;85461.0;16095.0;69366.0
878400;85873.0;16051.0;69822.0
878500;85777.0;16259.0;69518.0
878600;85501.0;16059.0;69442.0
878700;85621.0;16179.0;69442.0
878800;85061.0;15619.0;69442.0
878900;85755.0;16199.0;69556.0
879000;85501.0;16059.0;69442.0
879100;85461.0;16019.0;69442.0
879200;85821.0;16379.0;69442.0
879300;85501.0;16059.0;69442.0
879400;85821.0;16379.0;69442.0
879500;85465.0;16099.0;69366.0
879600;85517.0;15999.0;69518.0
879700;85653.0;16059.0;69594.0
879800;85579.0;16099.0;69480.0
879900;85483.0;16079.0;69404.0
880000;85537.0;16019.0;69518.0
880100;85617.0;16099.0;69518.0
880200;85537.0;16019.0;69518.0
880300;85617.0;16099.0;69518.0
880400;85577.0;16059.0;69518.0
880500;85501.0;16059.0;69442.0
880600;85653.0;16059.0;69594.0
880700;85689.0;16019.0;69670.0
880800;85693.0;16099.0;69594.0
880900;85653.0;16059.0;69594.0
881000;85539.0;16059.0;69480.0
881100;85613.0;16019.0;69594.0
881200;85653.0;16059.0;69594.0
881300;85653.0;16059.0;69594.0
881400;85653.0;16059.0;69594.0
881500;85805.0;16059.0;69746.0
881600;85295.0;15739.0;69556.0
881700;85615.0;16059.0;69556.0
881800;85729.0;16059.0;69670.0
881900;85769.0;16099.0;69670.0
882000;85749.0;16079.0;69670.0
882100;85803.0;16019.0;69784.0
882200;85649.0;15979.0;69670.0
882300;85041.0;15979.0;69062.0
882400;85689.0;16019.0;69670.0
882500;85627.0;15919.0;69708.0
882600;85725.0;15979.0;69746.0
882700;85685.0;15939.0;69746.0
882800;85685.0;15939.0;69746.0
882900;86005.0;16259.0;69746.0
883000;85685.0;15939.0;69746.0
883100;85571.0;15939.0;69632.0
883200;85725.0;15979.0;69746.0
883300;85799.0;15939.0;69860.0
883400;85565.0;15819.0;69746.0
883500;85763.0;15979.0;69784.0
883600;86257.0;15979.0;70278.0
883700;85481.0;15659.0;69822.0
883800;85801.0;15979.0;69822.0
883900;85967.0;16259.0;69708.0
884000;85801.0;15979.0;69822.0
884100;85687.0;15979.0;69708.0
884200;85801.0;15979.0;69822.0
884300;85761.0;15939.0;69822.0
884400;85915.0;15979.0;69936.0
884500;85813.0;15839.0;69974.0
884600;85193.0;15979.0;69214.0
884700;85837.0;15939.0;69898.0
884800;85837.0;15939.0;69898.0
884900;85951.0;15939.0;70012.0
885000;85837.0;15939.0;69898.0
885100;85837.0;15939.0;69898.0
885200;86011.0;15999.0;70012.0
885300;85837.0;15939.0;69898.0
885400;85851.0;15839.0;70012.0
885500;85969.0;15919.0;70050.0
885600;85833.0;15859.0;69974.0
885700;85773.0;15799.0;69974.0
885800;85833.0;15859.0;69974.0
885900;85953.0;15979.0;69974.0
886000;85853.0;15879.0;69974.0
886100;86153.0;16179.0;69974.0
886200;85797.0;15899.0;69898.0
886300;85827.0;15739.0;70088.0
886400;86349.0;15919.0;70430.0
886500;85911.0;15899.0;70012.0
886600;85835.0;15899.0;69936.0
886700;85969.0;15919.0;70050.0
886800;86025.0;15899.0;70126.0
886900;85505.0;15839.0;69666.0
887000;85730.0;15664.0;70066.0
887100;85569.0;15503.0;70066.0
887200;86057.0;15871.0;70186.0
887300;85926.0;15940.0;69986.0
887400;85983.0;15917.0;70066.0
887500;86023.0;15917.0;70106.0
887600;85943.0;15917.0;70026.0
887700;86063.0;15917.0;70146.0
887800;86017.0;15871.0;70146.0
887900;86109.0;15963.0;70146.0
888000;86109.0;15963.0;70146.0
888100;86155.0;16009.0;70146.0
888200;86229.0;15963.0;70266.0
888300;86658.0;16032.0;70626.0
888400;86510.5;16009.0;70501.5
888500;86087.0;16009.0;70078.0
888600;86125.5;16009.0;70116.5
888700;86241.0;16009.0;70232.0
888800;86241.0;16009.0;70232.0
888900;86256.0;16009.0;70247.0
889000;86256.0;16009.0;70247.0
889100;86164.0;15917.0;70247.0
889200;86279.0;16032.0;70247.0
889300;86516.0;15825.0;70691.0
889400;85842.0;15595.0;70247.0
889500;85840.0;15963.0;69877.0
889600;86284.0;15963.0;70321.0
889700;86284.0;15963.0;70321.0
889800;85865.0;15917.0;69948.0
889900;86250.0;15917.0;70333.0
890000;86342.0;16009.0;70333.0
890100;86250.0;15917.0;70333.0
890200;86250.0;15917.0;70333.0
890300;86219.5;15848.0;70371.5
890400;86296.0;15963.0;70333.0
890500;86288.5;15917.0;70371.5
890600;86281.0;15871.0;70410.0
890700;86450.0;15963.0;70487.0
890800;86211.5;15917.0;70294.5
890900;86373.0;15963.0;70410.0
891000;86442.5;15917.0;70525.5
891100;86327.0;15917.0;70410.0
891200;86442.5;15917.0;70525.5
891300;86859.0;15987.0;70872.0
891400;86320.0;15987.0;70333.0
891500;86471.5;16023.0;70448.5
891600;86510.0;16023.0;70487.0
891700;86102.0;16077.0;70025.0
891800;86402.0;15915.0;70487.0
891900;86356.0;16023.0;70333.0
892000;86150.0;15663.0;70487.0
892100;86510.0;16023.0;70487.0
892200;86510.0;16023.0;70487.0
892300;86438.0;15951.0;70487.0
892400;86546.0;16059.0;70487.0
892500;86548.5;16023.0;70525.5
892600;86551.0;15987.0;70564.0
892700;86512.5;15987.0;70525.5
892800;86663.0;16022.0;70641.0
892900;86369.0;15805.0;70564.0
893000;86834.0;16270.0;70564.0
893100;86632.5;16068.5;70564.0
893200;86725.5;16161.5;70564.0
893300;86586.0;16022.0;70564.0
893400;86586.0;16022.0;70564.0
893500;86655.5;16053.0;70602.5
893600;86585.5;15944.5;70641.0
893700;86688.0;16022.0;70666.0
893800;86796.0;16022.0;70774.0
893900;86580.0;16022.0;70558.0
894000;86688.0;16022.0;70666.0
894100;86739.0;16053.0;70686.0
894200;86739.0;16053.0;70686.0
894300;86770.0;16084.0;70686.0
894400;86547.5;16006.5;70541.0
894500;86666.0;16006.5;70659.5
894600;86721.0;16022.0;70699.0
894700;86752.0;16053.0;70699.0
894800;86738.0;15960.0;70778.0
894900;86278.0;16053.0;70225.0
895000;86752.0;16053.0;70699.0
895100;86633.5;16053.0;70580.5
895200;86752.0;16053.0;70699.0
895300;86752.0;16053.0;70699.0
895400;86901.5;16084.0;70817.5
895500;86481.5;15743.0;70738.5
895600;86941.0;16084.0;70857.0
895700;86849.5;16071.5;70778.0
895800;86494.0;16112.0;70382.0
895900;86934.5;16152.5;70782.0
896000;86975.0;16193.0;70782.0
896100;87374.0;16112.0;71262.0
896200;86894.0;16112.0;70782.0
896300;86921.0;16139.0;70782.0
896400;86894.0;16112.0;70782.0
896500;86934.0;16112.0;70822.0
896600;87454.0;16112.0;71342.0
896700;87001.0;16139.0;70862.0
896800;86947.0;16085.0;70862.0
896900;87014.5;16152.5;70862.0
897000;87014.5;16152.5;70862.0
897100;86894.5;16152.5;70742.0
897200;86974.0;16112.0;70862.0
897300;87001.0;16139.0;70862.0
897400;87014.5;16152.5;70862.0
897500;86894.0;16112.0;70782.0
897600;87045.0;16223.0;70822.0
897700;86918.0;15976.0;70942.0
897800;87089.0;16147.0;70942.0
897900;87089.0;16147.0;70942.0
898000;87098.5;16156.5;70942.0
898100;87089.0;16147.0;70942.0
898200;87108.0;16166.0;70942.0
898300;87545.0;16147.0;71398.0
898400;87176.0;16210.0;70966.0
898500;87268.0;16266.0;71002.0
898600;87360.0;16322.0;71038.0
898700;87376.0;16266.0;71110.0
898800;87348.0;16238.0;71110.0
898900;87210.0;16280.0;70930.0
899000;87248.0;16210.0;71038.0
899100;87248.0;16210.0;71038.0
899200;87148.0;16182.0;70966.0
899300;87305.0;16252.0;71053.0
899400;87366.5;16210.0;71156.5
899500;87485.0;16294.0;71191.0
899600;87360.0;16238.0;71122.0
899700;87153.5;16210.0;70943.5
899800;87272.0;16210.0;71062.0
899900;87069.5;16126.0;70943.5
900000;87272.0;16210.0;71062.0
900100;87774.0;16238.0;71536.0
900200;87342.0;16280.0;71062.0
900300;87221.0;16238.0;70983.0
900400;87300.0;16238.0;71062.0
900500;87409.5;16308.0;71101.5
900600;87416.0;16196.0;71220.0
900700;87377.5;16434.0;70943.5
900800;87127.0;15986.0;71141.0
900900;87351.0;16210.0;71141.0
901000;87696.0;16210.0;71486.0
901100;87264.0;16210.0;71054.0
901200;87400.0;16238.0;71162.0
901300;87372.0;16210.0;71162.0
901400;87696.0;16210.0;71486.0
901500;87478.0;16280.0;71198.0
901600;87472.0;16238.0;71234.0
901700;87486.5;16252.5;71234.0
901800;87471.0;16237.0;71234.0
901900;87517.0;16175.0;71342.0
902000;87379.0;16253.0;71126.0
902100;87569.0;16227.0;71342.0
902200;87543.0;16201.0;71342.0
902300;87461.0;16227.0;71234.0
902400;87785.0;16227.0;71558.0
902500;87499.0;16229.0;71270.0
902600;87103.0;16229.0;70874.0
902700;88018.0;16280.0;71738.0
902800;87154.0;16280.0;70874.0
902900;88234.0;16280.0;71954.0
903000;87586.0;16280.0;71306.0
903100;87635.5;16329.5;71306.0
903200;87586.0;16280.0;71306.0
903300;87517.0;16247.0;71270.0
903400;87712.0;16247.0;71465.0
903500;87240.0;16282.0;70958.0
903600;87708.0;16282.0;71426.0
903700;87708.0;16282.0;71426.0
903800;87708.0;16282.0;71426.0
903900;87825.0;16282.0;71543.0
904000;87708.0;16282.0;71426.0
904100;87585.5;16244.0;71341.5
904200;87695.0;16244.0;71451.0
904300;87771.0;16320.0;71451.0
904400;87333.0;16320.0;71013.0
904500;87465.5;15978.0;71487.5
904600;-292270.0;-363794.0;71524.0
904700;87844.0;16320.0;71524.0
904800;87806.0;16282.0;71524.0
904900;87806.0;16282.0;71524.0
905000;87915.5;16282.0;71633.5
905100;87821.0;16282.0;71539.0
905200;87821.0;16168.0;71653.0
905300;87840.0;16301.0;71539.0
905400;87555.0;16016.0;71539.0
905500;87897.0;16320.0;71577.0
905600;87935.0;16320.0;71615.0
905700;87935.0;16320.0;71615.0
905800;88025.0;16334.0;71691.0
905900;87949.0;16334.0;71615.0
906000;88045.0;15974.0;72071.0
906100;87900.0;16285.0;71615.0
906200;88601.0;16302.0;72299.0
906300;88099.0;16370.0;71729.0
906400;87917.0;16302.0;71615.0
906500;87989.0;16336.0;71653.0
906600;87755.0;16064.0;71691.0
906700;88500.0;16353.0;72147.0
906800;88483.0;16336.0;72147.0
906900;88027.0;16336.0;71691.0
907000;87520.0;16285.0;71235.0
907100;88027.0;16336.0;71691.0
907200;88175.0;16370.0;71805.0
907300;87993.0;16302.0;71691.0
907400;87959.0;16268.0;71691.0
907500;88032.0;16285.0;71747.0
907600;87687.0;16336.0;71351.0
907700;88119.0;16336.0;71783.0
907800;88011.0;16336.0;71675.0
907900;88176.0;16285.0;71891.0
908000;88443.0;16336.0;72107.0
908100;88051.0;16268.0;71783.0
908200;88227.0;16336.0;71891.0
908300;88000.0;16217.0;71783.0
908400;88153.0;16370.0;71783.0
908500;88155.0;16336.0;71819.0
908600;88225.0;16370.0;71855.0
908700;88276.0;16421.0;71855.0
908800;88117.0;16370.0;71747.0
908900;88123.0;16268.0;71855.0
909000;88157.0;16302.0;71855.0
909100;88066.0;16319.0;71747.0
909200;88038.0;16183.0;71855.0
909300;88085.0;16302.0;71783.0
909400;88085.0;16302.0;71783.0
909500;88193.0;16302.0;71891.0
909600;88263.0;16336.0;71927.0
909700;88263.0;16336.0;71927.0
909800;88263.0;16336.0;71927.0
909900;88263.0;16336.0;71927.0
910000;88212.0;16285.0;71927.0
910100;87797.0;16302.0;71495.0
910200;87897.0;16336.0;71561.0
910300;88287.0;16336.0;71951.0
910400;88287.0;16336.0;71951.0
910500;88360.0;16370.0;71990.0
910600;88414.0;16385.0;72029.0
910700;88414.0;16385.0;72029.0
910800;88414.0;16385.0;72029.0
910900;88414.0;16385.0;72029.0
911000;88531.0;16385.0;72146.0
911100;88414.0;16385.0;72029.0
911200;88414.0;16385.0;72029.0
911300;88475.5;16446.5;72029.0
911400;88060.0;16385.0;71675.0
911500;88621.0;16426.0;72195.0
911600;88580.0;16385.0;72195.0
911700;88621.0;16426.0;72195.0
911800;88500.0;16385.0;72115.0
911900;88787.0;16672.0;72115.0
912000;88520.5;16405.5;72115.0
912100;88418.0;16303.0;72115.0
912200;88459.0;16344.0;72115.0
912300;88459.0;16344.0;72115.0
912400;88338.0;16303.0;72035.0
912500;88379.0;16344.0;72035.0
912600;88539.0;16344.0;72195.0
912700;88458.0;16303.0;72155.0
912800;88460.0;16385.0;72075.0
912900;88887.0;16344.0;72543.0
913000;87803.0;16016.0;71787.0
913100;88850.0;16631.0;72219.0
913200;88522.0;16303.0;72219.0
913300;88630.0;16303.0;72327.0
913400;88999.0;16672.0;72327.0
913500;88660.5;16405.5;72255.0
913600;88573.5;16282.5;72291.0
913700;88707.0;16344.0;72363.0
913800;88707.0;16344.0;72363.0
913900;89026.0;16303.0;72723.0
914000;88655.5;16364.5;72291.0
914100;88635.0;16344.0;72291.0
914200;88491.5;16200.5;72291.0
914300;88663.0;16372.0;72291.0
914400;88595.5;16304.5;72291.0
914500;88811.5;16484.5;72327.0
914600;88510.0;16147.0;72363.0
914700;88735.0;16372.0;72363.0
914800;88991.5;16304.5;72687.0
914900;88690.0;16327.0;72363.0
915000;88735.0;16372.0;72363.0
915100;88807.0;16012.0;72795.0
915200;88735.0;16372.0;72363.0
915300;88735.0;16372.0;72363.0
915400;88378.0;16057.0;72321.0
915500;88808.5;16372.0;72436.5
915600;88847.0;16372.0;72475.0
915700;89463.0;16372.0;73091.0
915800;88847.0;16372.0;72475.0
915900;88712.0;16237.0;72475.0
916000;88824.5;16349.5;72475.0
916100;88731.5;16372.0;72359.5
916200;88802.0;16327.0;72475.0
916300;89193.5;16372.0;72821.5
916400;88837.5;16439.5;72398.0
916500;88770.0;16372.0;72398.0
916600;89059.0;16507.0;72552.0
916700;88853.5;16417.0;72436.5
916800;89315.5;16417.0;72898.5
916900;89084.5;16417.0;72667.5
917000;88969.0;16417.0;72552.0
917100;88808.5;16372.0;72436.5
917200;88462.0;16372.0;72090.0
917300;88969.0;16417.0;72552.0
917400;89466.0;16452.0;73014.0
917500;89017.5;16427.0;72590.5
917600;89081.0;16452.0;72629.0
917700;89081.0;16452.0;72629.0
917800;89477.5;16502.0;72975.5
917900;89081.0;16452.0;72629.0
918000;88681.0;16052.0;72629.0
918100;89056.0;16427.0;72629.0
918200;89131.0;16502.0;72629.0
918300;89824.0;16502.0;73322.0
918400;89054.0;16502.0;72552.0
918500;89460.0;16677.0;72783.0
918600;89208.0;16502.0;72706.0
918700;89208.0;16502.0;72706.0
918800;89335.0;16552.0;72783.0
918900;89183.0;16477.0;72706.0
919000;89183.0;16477.0;72706.0
919100;89258.0;16552.0;72706.0
919200;89258.0;16552.0;72706.0
919300;89108.0;16402.0;72706.0
919400;89258.0;16552.0;72706.0
919500;89371.5;16627.0;72744.5
919600;89335.0;16552.0;72783.0
919700;89335.0;16552.0;72783.0
919800;89285.0;16502.0;72783.0
919900;89285.0;16502.0;72783.0
920000;89000.5;16102.0;72898.5
920100;88819.5;16152.0;72667.5
920200;89160.0;16377.0;72783.0
920300;89385.0;16602.0;72783.0
920400;89450.5;16552.0;72898.5
920500;89548.5;16727.0;72821.5
920600;89412.0;16552.0;72860.0
920700;89337.0;16477.0;72860.0
920800;89462.0;16602.0;72860.0
920900;89362.0;16502.0;72860.0
921000;89412.0;16552.0;72860.0
921100;89006.5;16262.0;72744.5
921200;89430.0;16570.0;72860.0
921300;89430.0;16570.0;72860.0
921400;89374.0;16514.0;72860.0
921500;89468.5;16570.0;72898.5
921600;89045.0;16570.0;72475.0
921700;89451.0;16514.0;72937.0
921800;89741.5;16458.0;73283.5
921900;89451.0;16514.0;72937.0
922000;89395.0;16458.0;72937.0
922100;89339.0;16402.0;72937.0
922200;89367.0;16430.0;72937.0
922300;89451.0;16514.0;72937.0
922400;89318.0;16458.0;72860.0
922500;89549.0;16458.0;73091.0
922600;89472.0;16458.0;73014.0
922700;89528.0;16514.0;73014.0
922800;89412.5;16514.0;72898.5
922900;89584.0;16570.0;73014.0
923000;89584.0;16570.0;73014.0
923100;89528.0;16514.0;73014.0
923200;89668.0;16654.0;73014.0
923300;89416.0;16402.0;73014.0
923400;89668.0;16654.0;73014.0
923500;89738.0;16570.0;73168.0
923600;89661.0;16570.0;73091.0
923700;89657.5;16682.0;72975.5
923800;89661.0;16570.0;73091.0
923900;89545.5;16570.0;72975.5
924000;89545.5;16570.0;72975.5
924100;88751.0;16122.0;72629.0
924200;89668.0;16654.0;73014.0
924300;89676.0;16570.0;73106.0
924400;89676.0;16570.0;73106.0
924500;89356.0;16570.0;72786.0
924600;89657.0;16591.0;73066.0
924700;89657.0;16591.0;73066.0
924800;89836.0;16650.0;73186.0
924900;89897.0;16591.0;73306.0
925000;89777.0;16591.0;73186.0
925100;89718.0;16532.0;73186.0
925200;89465.0;16119.0;73346.0
925300;89836.0;16650.0;73186.0
925400;89756.0;16650.0;73106.0
925500;89436.0;16650.0;72786.0
925600;89707.5;16561.5;73146.0
925700;90004.5;16738.5;73266.0
925800;89916.0;16650.0;73266.0
925900;89796.0;16650.0;73146.0
926000;89737.0;16591.0;73146.0
926100;89766.5;16620.5;73146.0
926200;90095.0;16709.0;73386.0
926300;90343.0;16957.0;73386.0
926400;90115.0;16849.0;73266.0
926500;90101.0;16795.0;73306.0
926600;90101.0;16795.0;73306.0
926700;90168.0;16822.0;73346.0
926800;90594.0;16768.0;73826.0
926900;89526.0;16660.0;72866.0
927000;89574.0;16228.0;73346.0
927100;90006.0;16660.0;73346.0
927200;90006.0;16660.0;73346.0
927300;90492.0;17146.0;73346.0
927400;90180.0;16714.0;73466.0
927500;90306.0;16606.0;73700.0
927600;90148.0;16714.0;73434.0
927700;89877.0;16633.0;73244.0
927800;90175.0;16741.0;73434.0
927900;90208.0;16660.0;73548.0
928000;90115.0;16795.0;73320.0
928100;90526.0;17092.0;73434.0
928200;90094.0;16660.0;73434.0
928300;90094.0;16660.0;73434.0
928400;90148.0;16714.0;73434.0
928500;90186.0;16714.0;73472.0
928600;90143.0;16633.0;73510.0
928700;90224.0;16714.0;73510.0
928800;89684.0;16174.0;73510.0
928900;90224.0;16714.0;73510.0
929000;90224.0;16714.0;73510.0
929100;90224.0;16714.0;73510.0
929200;90224.0;16714.0;73510.0
929300;90224.0;16714.0;73510.0
929400;89770.0;16336.0;73434.0
929500;90316.0;16768.0;73548.0
929600;90354.0;16768.0;73586.0
929700;90408.0;16822.0;73586.0
929800;90354.0;16768.0;73586.0
929900;89844.0;16714.0;73130.0
930000;90300.0;16714.0;73586.0
930100;90300.0;16714.0;73586.0
930200;90408.0;16822.0;73586.0
930300;89844.0;16714.0;73130.0
930400;90810.0;16768.0;74042.0
930500;90392.0;16768.0;73624.0
930600;90001.0;16795.0;73206.0
930700;89944.0;16282.0;73662.0
930800;90376.0;16714.0;73662.0
930900;90376.0;16714.0;73662.0
931000;90376.0;16714.0;73662.0
931100;90376.0;16714.0;73662.0
931200;90376.0;16714.0;73662.0
931300;90378.0;16716.0;73662.0
931400;90424.0;16762.0;73662.0
931500;90416.0;16716.0;73700.0
931600;90454.0;16716.0;73738.0
931700;90530.0;16716.0;73814.0
931800;89998.0;16716.0;73282.0
931900;90842.0;16762.0;74080.0
932000;90500.0;16762.0;73738.0
932100;90546.0;16808.0;73738.0
932200;90162.0;16808.0;73354.0
932300;90493.0;16739.0;73754.0
932400;90516.0;16762.0;73754.0
932500;90609.0;16815.0;73794.0
932600;90502.0;16788.0;73714.0
932700;90622.0;16788.0;73834.0
932800;90433.0;16599.0;73834.0
932900;90190.0;16356.0;73834.0
933000;90811.0;16977.0;73834.0
933100;90622.0;16788.0;73834.0
933200;90622.0;16788.0;73834.0
933300;90703.0;16869.0;73834.0
933400;91054.0;17220.0;73834.0
933500;90725.0;16851.0;73874.0
933600;90777.5;16783.5;73994.0
933700;91070.0;16848.0;74222.0
933800;90774.0;16848.0;73926.0
933900;90663.0;16848.0;73815.0
934000;90799.0;16848.0;73951.0
934100;90799.0;16848.0;73951.0
934200;90719.5;16887.0;73832.5
934300;90759.0;16887.0;73872.0
934400;90799.0;16848.0;73951.0
934500;90838.5;16848.0;73990.5
934600;90878.0;16848.0;74030.0
934700;90769.0;16660.0;74109.0
934800;90536.0;16902.0;73634.0
934900;90892.0;16858.0;74034.0
935000;90936.0;16902.0;74034.0
935100;91100.0;16946.0;74154.0
935200;90500.0;16946.0;73554.0
935300;91144.0;16990.0;74154.0
935400;90980.0;16946.0;74034.0
935500;91064.0;16990.0;74074.0
935600;91418.0;16990.0;74428.0
935700;91154.0;17034.0;74120.0
935800;91022.0;16902.0;74120.0
935900;91022.0;16902.0;74120.0
936000;90906.5;16902.0;74004.5
936100;91082.0;16962.0;74120.0
936200;91557.5;17322.0;74235.5
936300;91106.0;16986.0;74120.0
936400;91221.5;16986.0;74235.5
936500;91264.5;17106.0;74158.5
936600;91087.0;16890.0;74197.0
936700;91207.0;17010.0;74197.0
936800;91519.0;17322.0;74197.0
936900;90649.0;16914.0;73735.0
937000;91183.0;16986.0;74197.0
937100;91087.0;16890.0;74197.0
937200;91183.0;16986.0;74197.0
937300;90847.0;16650.0;74197.0
937400;91135.0;16938.0;74197.0
937500;90615.0;17034.0;73581.0
937600;90996.0;16722.0;74274.0
937700;91722.0;16986.0;74736.0
937800;90702.0;16890.0;73812.0
937900;91284.0;17010.0;74274.0
938000;91443.0;16938.0;74505.0
938100;91327.5;16938.0;74389.5
938200;91260.0;16986.0;74274.0
938300;91260.0;16986.0;74274.0
938400;90847.0;16650.0;74197.0
938500;91370.5;17058.0;74312.5
938600;91313.0;16962.0;74351.0
938700;91385.0;17034.0;74351.0
938800;91433.0;17082.0;74351.0
938900;91433.0;17082.0;74351.0
939000;91433.0;17082.0;74351.0
939100;91433.0;17082.0;74351.0
939200;91433.0;17082.0;74351.0
939300;91433.0;17082.0;74351.0
939400;92126.0;17082.0;75044.0
939500;91098.0;17058.0;74040.0
939600;90994.0;17034.0;73960.0
939700;91522.0;17082.0;74440.0
939800;91426.0;16986.0;74440.0
939900;91090.0;16650.0;74440.0
940000;91474.0;17034.0;74440.0
940100;91043.0;17083.0;73960.0
940200;91403.0;17083.0;74320.0
940300;91605.5;17165.5;74440.0
940400;91649.5;17209.5;74440.0
940500;91677.0;17077.0;74600.0
940600;91727.5;17207.5;74520.0
940700;91660.0;17060.0;74600.0
940800;91641.0;17001.0;74640.0
940900;91580.0;17060.0;74520.0
941000;91580.0;17060.0;74520.0
941100;92052.0;17532.0;74520.0
941200;91460.0;17060.0;74400.0
941300;91740.0;17060.0;74680.0
941400;91550.5;17030.5;74520.0
941500;92033.0;17473.0;74560.0
941600;91838.0;17158.0;74680.0
941700;91675.5;17075.5;74600.0
941800;91555.5;17075.5;74480.0
941900;91593.0;16993.0;74600.0
942000;91168.0;17048.0;74120.0
942100;91593.0;16993.0;74600.0
942200;91473.0;16993.0;74480.0
942300;91593.0;16993.0;74600.0
942400;91648.0;17048.0;74600.0
942500;91753.0;16993.0;74760.0
942600;91728.0;17048.0;74680.0
942700;91783.0;17103.0;74680.0
942800;91700.5;17020.5;74680.0
942900;91288.0;16608.0;74680.0
943000;91810.5;17130.5;74680.0
943100;91825.0;17145.0;74680.0
943200;91764.0;17084.0;74680.0
943300;91855.5;17175.5;74680.0
943400;91855.5;17175.5;74680.0
943500;91804.0;17084.0;74720.0
943600;92002.0;17242.0;74760.0
943700;91890.0;17130.0;74760.0
943800;91834.0;17074.0;74760.0
943900;91666.0;16906.0;74760.0
944000;91834.0;17074.0;74760.0
944100;92185.0;17074.0;75111.0
944200;91908.0;17130.0;74778.0
944300;91908.0;17130.0;74778.0
944400;91992.0;17214.0;74778.0
944500;91889.0;17074.0;74815.0
944600;91344.0;17158.0;74186.0
944700;91553.0;17074.0;74479.0
944800;92273.0;17293.5;74979.5
944900;91928.0;17064.0;74864.0
945000;92336.0;17472.0;74864.0
945100;92044.5;17180.5;74864.0
945200;91534.0;17058.0;74476.0
945300;91934.0;17058.0;74876.0
945400;91934.0;17058.0;74876.0
945500;91974.0;17058.0;74916.0
945600;92014.0;17058.0;74956.0
945700;92014.0;17058.0;74956.0
945800;92014.0;17058.0;74956.0
945900;92494.0;17058.0;75436.0
946000;91929.0;17093.0;74836.0
946100;92049.0;17093.0;74956.0
946200;92049.0;17093.0;74956.0
946300;92049.0;17093.0;74956.0
946400;92049.0;17093.0;74956.0
946500;92035.0;17039.0;74996.0
946600;91643.0;16607.0;75036.0
946700;92236.0;17120.0;75116.0
946800;91838.0;17282.0;74556.0
946900;91928.0;17012.0;74916.0
947000;92129.0;17093.0;75036.0
947100;92501.0;16985.0;75516.0
947200;92129.0;17093.0;75036.0
947300;92222.0;17066.0;75156.0
947400;92438.0;17282.0;75156.0
947500;91995.0;17039.0;74956.0
947600;91966.0;16850.0;75116.0
947700;91858.0;16742.0;75116.0
947800;92209.0;17093.0;75116.0
947900;91753.5;17117.5;74636.0
948000;92503.0;17387.0;75116.0
948100;92184.5;17068.5;75116.0
948200;92160.0;17044.0;75116.0
948300;92135.5;17019.5;75116.0
948400;92160.0;17044.0;75116.0
948500;92031.0;16995.0;75036.0
948600;92671.0;16995.0;75676.0
948700;92313.5;17117.5;75196.0
948800;92191.0;16995.0;75196.0
948900;91319.0;16603.0;74716.0
949000;92142.0;16946.0;75196.0
949100;92022.0;16946.0;75076.0
949200;92142.0;16946.0;75196.0
949300;92289.0;17093.0;75196.0
949400;92191.0;16995.0;75196.0
949500;92280.0;17044.0;75236.0
949600;92702.0;16946.0;75756.0
949700;91742.0;16946.0;74796.0
949800;92222.0;16946.0;75276.0
949900;92604.0;16848.0;75756.0
950000;92124.0;16848.0;75276.0
950100;92271.0;16995.0;75276.0
950200;92062.0;16946.0;75116.0
950300;92222.0;16946.0;75276.0
950400;92342.0;16946.0;75396.0
950500;92702.0;16946.0;75756.0
950600;92302.0;16946.0;75356.0
950700;92302.0;16946.0;75356.0
950800;92302.0;16946.0;75356.0
950900;92277.5;16921.5;75356.0
951000;92155.0;16799.0;75356.0
951100;92302.0;16946.0;75356.0
951200;92351.0;16995.0;75356.0
951300;92824.0;16988.0;75836.0
951400;92399.0;17043.0;75356.0
951500;92384.0;16988.0;75396.0
951600;92774.0;17538.0;75236.0
951700;92369.0;16933.0;75436.0
951800;92424.0;16988.0;75436.0
951900;92424.0;16988.0;75436.0
952000;92369.0;16933.0;75436.0
952100;93454.0;17538.0;75916.0
952200;92369.0;16933.0;75436.0
952300;92424.0;16988.0;75436.0
952400;92544.0;16988.0;75556.0
952500;91994.0;16878.0;75116.0
952600;92394.0;16878.0;75516.0
952700;92419.0;16823.0;75596.0
952800;92394.0;16878.0;75516.0
952900;92394.0;16878.0;75516.0
953000;92394.0;16878.0;75516.0
953100;92339.0;16823.0;75516.0
953200;91674.0;16878.0;74796.0
953300;92394.0;16878.0;75516.0
953400;92204.0;16768.0;75436.0
953500;92434.0;16878.0;75556.0
953600;91994.0;16878.0;75116.0
953700;92474.0;16878.0;75596.0
953800;92529.0;16933.0;75596.0
953900;92474.0;16878.0;75596.0
954000;92474.0;16878.0;75596.0
954100;92474.0;16878.0;75596.0
954200;92474.0;16878.0;75596.0
954300;92529.0;16933.0;75596.0
954400;91844.0;16328.0;75516.0
954500;92256.5;16620.5;75636.0
954600;93034.0;17358.0;75676.0
954700;92355.5;16679.5;75676.0
954800;92530.5;16974.5;75556.0
954900;92111.5;16915.5;75196.0
955000;92562.0;16886.0;75676.0
955100;92621.0;16945.0;75676.0
955200;92023.0;16827.0;75196.0
955300;92503.0;16827.0;75676.0
955400;92562.0;16886.0;75676.0
955500;92543.0;16827.0;75716.0
955600;92524.0;16768.0;75756.0
955700;92612.5;16856.5;75756.0
955800;93063.0;16827.0;76236.0
955900;92583.0;16827.0;75756.0
956000;92494.5;16738.5;75756.0
956100;92663.5;16907.5;75756.0
956200;92651.0;16775.0;75876.0
956300;92584.0;16828.0;75756.0
956400;92451.0;16775.0;75676.0
956500;92624.0;16828.0;75796.0
956600;92664.0;16828.0;75836.0
956700;92611.0;16775.0;75836.0
956800;92346.0;16510.0;75836.0
956900;92611.0;16775.0;75836.0
957000;92678.0;16722.0;75956.0
957100;92611.0;16775.0;75836.0
957200;92558.0;16722.0;75836.0
957300;92611.0;16775.0;75836.0
957400;92639.0;16803.0;75836.0
957500;92728.0;16852.0;75876.0
957600;92599.0;16803.0;75796.0
957700;92621.0;16705.0;75916.0
957800;92550.0;16754.0;75796.0
957900;92670.0;16754.0;75916.0
958000;92621.0;16705.0;75916.0
958100;92670.0;16754.0;75916.0
958200;92670.0;16754.0;75916.0
958300;92590.0;16754.0;75836.0
958400;92639.0;16803.0;75836.0
958500;92857.0;16901.0;75956.0
958600;92750.0;16754.0;75996.0
958700;92630.0;16754.0;75876.0
958800;92725.5;16729.5;75996.0
958900;92799.0;16803.0;75996.0
959000;92679.0;16803.0;75876.0
959100;92750.0;16754.0;75996.0
959200;92799.0;16803.0;75996.0
959300;93401.5;16925.5;76476.0
959400;92827.0;16831.0;75996.0
959500;92867.0;16831.0;76036.0
959600;92974.5;16898.5;76076.0
959700;92907.0;16831.0;76076.0
959800;92547.0;16471.0;76076.0
959900;92697.0;16741.0;75956.0
960000;92787.0;16831.0;75956.0
960100;92862.0;16786.0;76076.0
960200;92784.0;16828.0;75956.0
960300;92955.0;16879.0;76076.0
960400;92824.0;16828.0;75996.0
960500;92995.0;16879.0;76116.0
960600;93089.5;16853.5;76236.0
960700;93115.0;16879.0;76236.0
960800;93035.0;16879.0;76156.0
960900;92627.0;16471.0;76156.0
961000;92984.0;16828.0;76156.0
961100;92958.5;16802.5;76156.0
961200;92984.0;16828.0;76156.0
961300;93155.0;16879.0;76276.0
961400;93035.0;16879.0;76156.0
961500;93075.0;16879.0;76196.0
961600;93115.0;16879.0;76236.0
961700;93046.0;16930.0;76116.0
961800;93166.0;16930.0;76236.0
961900;93235.0;16879.0;76356.0
962000;93235.0;16879.0;76356.0
962100;92944.0;16828.0;76116.0
962200;93235.0;16879.0;76356.0
962300;93035.0;16879.0;76156.0
962400;93115.0;16879.0;76236.0
962500;93231.5;16955.5;76276.0
962600;93075.0;16879.0;76196.0
962700;93195.0;16879.0;76316.0
962800;93046.0;16930.0;76116.0
962900;93603.0;17287.0;76316.0
963000;93195.0;16879.0;76316.0
963100;93417.0;16981.0;76436.0
963200;93141.0;16825.0;76316.0
963300;93106.0;16870.0;76236.0
963400;93163.5;16847.5;76316.0
963500;93226.0;16870.0;76356.0
963600;93266.0;16870.0;76396.0
963700;93198.5;16802.5;76396.0
963800;92706.0;16510.0;76196.0
963900;93146.0;16870.0;76276.0
964000;93266.0;16870.0;76396.0
964100;93221.0;16825.0;76396.0
964200;93221.0;16825.0;76396.0
964300;93153.5;16757.5;76396.0
964400;93266.0;16870.0;76396.0
964500;93261.0;16825.0;76436.0
964600;93346.0;16870.0;76476.0
964700;93381.0;16825.0;76556.0
964800;93745.0;17269.0;76476.0
964900;93355.0;16879.0;76476.0
965000;93199.0;16723.0;76476.0
965100;93316.0;16840.0;76476.0
965200;93277.0;16801.0;76476.0
965300;93043.0;16567.0;76476.0
965400;93355.0;16879.0;76476.0
965500;93414.5;16898.5;76516.0
965600;93708.0;17152.0;76556.0
965700;93396.0;16840.0;76556.0
965800;93084.0;16528.0;76556.0
965900;93276.0;16840.0;76436.0
966000;93438.0;16882.0;76556.0
966100;93438.0;16882.0;76556.0
966200;93483.0;16927.0;76556.0
966300;93358.0;16882.0;76476.0
966400;93393.0;16837.0;76556.0
966500;93478.0;16882.0;76596.0
966600;93518.0;16882.0;76636.0
966700;93158.0;16522.0;76636.0
966800;93585.5;16949.5;76636.0
966900;93518.0;16882.0;76636.0
967000;93139.0;16983.0;76156.0
967100;93582.0;16946.0;76636.0
967200;93619.0;16983.0;76636.0
967300;93471.0;16835.0;76636.0
967400;93582.0;16946.0;76636.0
967500;92979.0;16983.0;75996.0
967600;93699.0;16983.0;76716.0
967700;93949.0;17353.0;76596.0
967800;93699.0;16983.0;76716.0
967900;93699.0;16983.0;76716.0
968000;93606.5;16890.5;76716.0
968100;93616.0;17020.0;76596.0
968200;93699.0;16983.0;76716.0
968300;93256.0;17020.0;76236.0
968400;94253.0;17057.0;77196.0
968500;93813.0;17057.0;76756.0
968600;93853.0;17057.0;76796.0
968700;94149.0;17353.0;76796.0
968800;94235.0;16983.0;77252.0
968900;93784.5;16964.5;76820.0
969000;94272.0;17020.0;77252.0
969100;94272.0;17020.0;77252.0
969200;93784.5;16964.5;76820.0
969300;93472.0;16724.0;76748.0
969400;93840.0;17020.0;76820.0
969500;94488.0;17020.0;77468.0
969600;93912.0;17020.0;76892.0
969700;94021.0;17057.0;76964.0
969800;93949.0;17057.0;76892.0
969900;93875.0;16983.0;76892.0
970000;93912.0;17020.0;76892.0
970100;94171.0;17279.0;76892.0
970200;93875.0;16983.0;76892.0
970300;93911.0;16983.0;76928.0
970400;93768.0;17020.0;76748.0
970500;94523.0;16983.0;77540.0
970600;93876.0;17020.0;76856.0
970700;93984.0;17020.0;76964.0
970800;93552.0;17020.0;76532.0
970900;93543.0;16687.0;76856.0
971000;93876.0;17020.0;76856.0
971100;93947.0;16983.0;76964.0
971200;93910.0;16946.0;76964.0
971300;93873.0;16909.0;76964.0
971400;93614.0;16650.0;76964.0
971500;93890.5;16890.5;77000.0
971600;93982.0;16946.0;77036.0
971700;93686.0;16650.0;77036.0
971800;94019.0;16983.0;77036.0
971900;94451.0;16983.0;77468.0
972000;93982.0;16946.0;77036.0
972100;94377.0;16909.0;77468.0
972200;94090.0;16946.0;77144.0
972300;94256.5;17112.5;77144.0
972400;94037.5;17001.5;77036.0
972500;94203.0;17131.0;77072.0
972600;94054.0;16946.0;77108.0
972700;94449.0;16909.0;77540.0
972800;94072.5;16964.5;77108.0
972900;93890.5;16890.5;77000.0
973000;93659.0;16983.0;76676.0
973100;94449.0;16909.0;77540.0
973200;94369.0;16613.0;77756.0
973300;94125.0;16909.0;77216.0
973400;94073.0;16965.0;77108.0
973500;94721.0;16965.0;77756.0
973600;94145.0;16965.0;77180.0
973700;94094.5;16914.5;77180.0
973800;94159.0;16979.0;77180.0
973900;94591.0;16979.0;77612.0
974000;94008.0;16936.0;77072.0
974100;93855.0;17323.0;76532.0
974200;94159.0;16979.0;77180.0
974300;94159.0;16979.0;77180.0
974400;94159.0;16979.0;77180.0
974500;94195.0;16979.0;77216.0
974600;94231.0;16979.0;77252.0
974700;94231.0;16979.0;77252.0
974800;94231.0;16979.0;77252.0
974900;94273.0;17021.0;77252.0
975000;94199.5;16947.5;77252.0
975100;94273.0;17021.0;77252.0
975200;94273.0;17021.0;77252.0
975300;94273.0;17021.0;77252.0
975400;94921.0;17021.0;77900.0
975500;94358.0;17070.0;77288.0
975600;94345.0;17021.0;77324.0
975700;94163.5;16947.5;77216.0
975800;94296.0;16972.0;77324.0
975900;93978.0;17021.0;76957.0
976000;93923.5;17045.5;76878.0
976100;94324.0;16972.0;77352.0
976200;94132.0;16898.5;77233.5
976300;94412.5;17021.0;77391.5
976400;94465.5;17192.5;77273.0
976500;94405.5;17014.0;77391.5
976600;94445.0;17014.0;77431.0
976700;94271.5;16959.0;77312.5
976800;94390.0;16959.0;77431.0
976900;94445.0;17014.0;77431.0
977000;94500.0;17069.0;77431.0
977100;94375.5;17063.0;77312.5
977200;94446.0;17015.0;77431.0
977300;94518.0;17087.0;77431.0
977400;94446.0;17015.0;77431.0
977500;94605.5;17135.0;77470.5
977600;94573.0;17063.0;77510.0
977700;94453.0;16943.0;77510.0
977800;94765.0;17255.0;77510.0
977900;94525.0;17015.0;77510.0
978000;94477.0;16967.0;77510.0
978100;94381.0;16871.0;77510.0
978200;94525.0;17015.0;77510.0
978300;94525.0;17015.0;77510.0
978400;94197.0;16687.0;77510.0
978500;94584.5;17035.0;77549.5
978600;94228.0;17035.0;77193.0
978700;94628.0;17035.0;77593.0
978800;94570.0;16977.0;77593.0
978900;94259.0;16666.0;77593.0
979000;94584.0;16991.0;77593.0
979100;94519.0;16926.0;77593.0
979200;94519.0;16926.0;77593.0
979300;94681.5;17088.5;77593.0
979400;94519.0;16926.0;77593.0
979500;93749.0;16796.0;76953.0
979600;94631.5;16958.5;77673.0
979700;94479.0;16926.0;77553.0
979800;94719.0;16926.0;77793.0
979900;94664.0;16991.0;77673.0
980000;95546.5;17153.5;78393.0
980100;94729.0;17056.0;77673.0
980200;94664.0;16991.0;77673.0
980300;95209.0;17056.0;78153.0
980400;94714.0;17121.0;77593.0
980500;94769.0;17056.0;77713.0
980600;-783671.0;17056.0;-800727.0
980700;94744.0;16991.0;77753.0
980800;94737.0;16984.0;77753.0
980900;94954.0;17201.0;77753.0
981000;94768.0;17015.0;77753.0
981100;94830.0;17077.0;77753.0
981200;94710.0;17077.0;77633.0
981300;94888.0;17015.0;77873.0
981400;95047.0;17294.0;77753.0
981500;94808.0;17015.0;77793.0
981600;94848.0;17015.0;77833.0
981700;94697.0;16984.0;77713.0
981800;94710.0;17077.0;77633.0
981900;95203.5;17015.0;78188.5
982000;94795.0;16953.0;77842.0
982100;94857.0;17015.0;77842.0
982200;94795.0;16953.0;77842.0
982300;94857.0;17015.0;77842.0
982400;95043.0;17201.0;77842.0
982500;94895.5;17015.0;77880.5
982600;94887.0;17077.0;77810.0
982700;94942.0;17015.0;77927.0
982800;94942.0;17015.0;77927.0
982900;95321.0;17511.0;77810.0
983000;94942.0;17015.0;77927.0
983100;94725.0;16798.0;77927.0
983200;94725.0;16798.0;77927.0
983300;94833.0;16984.0;77849.0
983400;94942.0;17015.0;77927.0
983500;94552.0;17015.0;77537.0
983600;95098.0;17015.0;78083.0
983700;95082.0;17077.0;78005.0
983800;95144.0;17139.0;78005.0
983900;95027.0;17139.0;77888.0
984000;95027.0;17139.0;77888.0
984100;95144.0;17139.0;78005.0
984200;95027.0;17139.0;77888.0
984300;95144.0;17139.0;78005.0
984400;95066.0;17139.0;77927.0
984500;95159.0;17232.0;77927.0
984600;95105.0;17139.0;77966.0
984700;95300.0;17139.0;78161.0
984800;95222.0;17139.0;78083.0
984900;95129.0;17046.0;78083.0
985000;95160.0;17077.0;78083.0
985100;95250.0;17635.0;77615.0
985200;95339.0;17139.0;78200.0
985300;95160.0;17077.0;78083.0
985400;95277.0;17077.0;78200.0
985500;95628.0;17077.0;78551.0
985600;95316.0;17077.0;78239.0
985700;95238.0;17077.0;78161.0
985800;95417.0;17139.0;78278.0
985900;95768.0;17139.0;78629.0
986000;96033.0;17170.0;78863.0
986100;95238.0;17077.0;78161.0
986200;95238.0;17077.0;78161.0
986300;95238.0;17077.0;78161.0
986400;95021.0;16860.0;78161.0
986500;95656.0;17573.0;78083.0
986600;95409.0;17170.0;78239.0
986700;95168.0;17046.0;78122.0
986800;95378.0;17139.0;78239.0
986900;95378.0;17139.0;78239.0
987000;95409.0;17170.0;78239.0
987100;95757.0;17635.0;78122.0
987200;95261.0;17139.0;78122.0
987300;95378.0;17139.0;78239.0
987400;95378.0;17139.0;78239.0
987500;95417.0;17139.0;78278.0
987600;95456.0;17139.0;78317.0
987700;95339.0;17139.0;78200.0
987800;95611.0;17294.0;78317.0
987900;95277.0;17077.0;78200.0
988000;95302.0;16985.0;78317.0
988100;95152.0;16952.0;78200.0
988200;95836.0;17051.0;78785.0
988300;94774.0;16457.0;78317.0
988400;95302.0;16985.0;78317.0
988500;95107.0;16634.0;78473.0
988600;95394.0;16999.0;78395.0
988700;95435.5;16962.5;78473.0
988800;95467.0;17072.0;78395.0
988900;95730.0;17218.0;78512.0
989000;95511.0;16999.0;78512.0
989100;95290.0;16999.0;78291.0
989200;95410.0;16999.0;78411.0
989300;94944.0;16613.0;78331.0
989400;95504.0;17173.0;78331.0
989500;95544.0;16973.0;78571.0
989600;95464.0;17093.0;78371.0
989700;95664.0;17173.0;78491.0
989800;95504.0;17013.0;78491.0
989900;95504.0;17013.0;78491.0
990000;95224.0;16613.0;78611.0
990100;95504.0;17013.0;78491.0
990200;95504.0;17013.0;78491.0
990300;95544.0;17053.0;78491.0
990400;95384.0;16973.0;78411.0
990500;95264.0;16733.0;78531.0
990600;95584.0;17013.0;78571.0
990700;95584.0;17013.0;78571.0
990800;95584.0;17013.0;78571.0
990900;95744.0;17173.0;78571.0
991000;95544.0;17093.0;78451.0
991100;95664.0;17093.0;78571.0
991200;95664.0;17093.0;78571.0
991300;95664.0;17093.0;78571.0
991400;95664.0;17093.0;78571.0
991500;95584.0;17093.0;78491.0
991600;95664.0;17013.0;78651.0
991700;95864.0;17133.0;78731.0
991800;95744.0;17093.0;78651.0
991900;96384.0;17733.0;78651.0
992000;95744.0;17093.0;78651.0
992100;95944.0;17173.0;78771.0
992200;95904.0;17253.0;78651.0
992300;95904.0;17253.0;78651.0
992400;95824.0;17253.0;78571.0
992500;96624.0;17253.0;79371.0
992600;95784.0;17173.0;78611.0
992700;96504.0;17293.0;79211.0
992800;96104.0;17253.0;78851.0
992900;95984.0;17253.0;78731.0
993000;95984.0;17253.0;78731.0
993100;95904.0;17173.0;78731.0
993200;95904.0;17173.0;78731.0
993300;95824.0;16973.0;78851.0
993400;96024.0;17253.0;78771.0
993500;95864.0;17253.0;78611.0
993600;96064.0;17253.0;78811.0
993700;96064.0;17253.0;78811.0
993800;95624.0;16813.0;78811.0
993900;96424.0;17493.0;78931.0
994000;96304.0;17373.0;78931.0
994100;96024.0;17373.0;78651.0
994200;96158.0;17347.0;78811.0
994300;96278.0;17347.0;78931.0
994400;96041.0;17230.0;78811.0
994500;96198.0;17347.0;78851.0
994600;95764.0;16873.0;78891.0
994700;96164.0;17273.0;78891.0
994800;96164.0;17273.0;78891.0
994900;96164.0;17273.0;78891.0
995000;96164.0;17273.0;78891.0
995100;95564.0;17153.0;78411.0
995200;96244.0;17353.0;78891.0
995300;96126.0;17315.0;78811.0
995400;96132.0;17241.0;78891.0
995500;95492.0;17241.0;78251.0
995600;96101.0;17130.0;78971.0
995700;96582.0;17611.0;78971.0
995800;96212.0;17241.0;78971.0
995900;96092.0;17241.0;78851.0
996000;96332.0;17241.0;79091.0
996100;96286.0;17315.0;78971.0
996200;96166.0;17315.0;78851.0
996300;96286.0;17315.0;78971.0
996400;96443.0;17352.0;79091.0
996500;96104.0;17093.0;79011.0
996600;96661.0;17130.0;79531.0
996700;96172.0;17241.0;78931.0
996800;96403.0;17352.0;79051.0
996900;96292.0;17241.0;79051.0
997000;96884.0;17833.0;79051.0
997100;96810.0;17759.0;79051.0
997200;95146.0;16575.0;78571.0
997300;96338.0;17167.0;79171.0
997400;96144.0;17093.0;79051.0
997500;96332.0;17241.0;79091.0
997600;96298.0;17167.0;79131.0
997700;96378.0;17167.0;79211.0
997800;96344.0;17093.0;79251.0
997900;95706.0;16575.0;79131.0
998000;96298.0;17167.0;79131.0
998100;96298.0;17167.0;79131.0
998200;96187.0;17056.0;79131.0
998300;96187.0;17056.0;79131.0
998400;96224.0;17093.0;79131.0
998500;96264.0;17093.0;79171.0
998600;96384.0;17093.0;79291.0
998700;96378.0;17167.0;79211.0
998800;96378.0;17167.0;79211.0
998900;96646.0;17315.0;79331.0
999000;97044.0;17833.0;79211.0
999100;96757.0;17426.0;79331.0
999200;96563.0;17352.0;79211.0
999300;96646.0;17315.0;79331.0
999400;96452.0;17241.0;79211.0
999500;96492.0;17241.0;79251.0
999600;96532.0;17241.0;79291.0
999700;96612.0;17241.0;79371.0
999800;95460.0;16649.0;78811.0
999900;96763.0;17352.0;79411.0
