timestamp;total;ASH_COATED_OSMIUM;INTARIAN_PEPPER_ROOT
0;-25.5;42.0;-67.5
100;-85.0;42.0;-127.0
200;-88.0;-12.0;-76.0
300;-108.5;45.0;-153.5
400;-155.5;63.0;-218.5
500;45.0;36.0;9.0
600;-175.0;36.0;-211.0
700;-293.5;42.0;-335.5
800;-60363.5;-59976.0;-387.5
900;-519.0;24.0;-543.0
1000;-483.5;21.0;-504.5
1100;-404.5;21.0;-425.5
1200;-395.5;30.0;-425.5
1300;-395.5;30.0;-425.5
1400;-395.5;30.0;-425.5
1500;-401.5;24.0;-425.5
1600;-401.5;24.0;-425.5
1700;-283.0;24.0;-307.0
1800;-304.0;3.0;-307.0
1900;-401.5;24.0;-425.5
2000;-362.0;24.0;-386.0
2100;-316.5;30.0;-346.5
2200;-322.5;24.0;-346.5
2300;-198.0;30.0;-228.0
2400;-316.5;30.0;-346.5
2500;-316.5;30.0;-346.5
2600;-316.5;30.0;-346.5
2700;-704.0;39.0;-743.0
2800;-319.0;24.0;-343.0
2900;123.0;78.0;45.0
3000;-305.0;30.0;-335.0
3100;-259.0;36.0;-295.0
3200;-265.0;30.0;-295.0
3300;-136.0;39.0;-175.0
3400;-265.0;30.0;-295.0
3500;-265.0;30.0;-295.0
3600;-244.0;51.0;-295.0
3700;-124.0;51.0;-175.0
3800;-235.0;60.0;-295.0
3900;276.0;51.0;225.0
4000;-202.5;52.5;-255.0
4100;-278.0;57.0;-335.0
4200;-145.0;70.0;-215.0
4300;-27.5;67.5;-95.0
4400;-266.0;69.0;-335.0
4500;-147.5;67.5;-215.0
4600;-145.0;70.0;-215.0
4700;-266.0;69.0;-335.0
4800;-305.0;70.0;-375.0
4900;-146.0;69.0;-215.0
5000;13.0;68.0;-55.0
5100;-826.0;69.0;-895.0
5200;-66.0;69.0;-135.0
5300;-74.0;61.0;-135.0
5400;54.0;69.0;-15.0
5500;-65.0;70.0;-135.0
5600;-67.0;68.0;-135.0
5700;-466.0;69.0;-535.0
5800;-585.0;70.0;-655.0
5900;-66.0;69.0;-135.0
6000;-146.0;69.0;-215.0
6100;12.5;67.5;-55.0
6200;14.0;69.0;-55.0
6300;14.0;69.0;-55.0
6400;13.0;68.0;-55.0
6500;-107.0;68.0;-175.0
6600;5.0;60.0;-55.0
6700;13.0;68.0;-55.0
6800;-499.0;76.0;-575.0
6900;12.0;67.0;-55.0
7000;-66.5;68.5;-135.0
7100;93.0;68.0;25.0
7200;97.5;72.5;25.0
7300;614.5;69.5;545.0
7400;-666.0;69.0;-735.0
7500;214.0;69.0;145.0
7600;88.5;63.5;25.0
7700;94.0;69.0;25.0
7800;92.5;67.5;25.0
7900;-26.0;69.0;-95.0
8000;-428.0;67.0;-495.0
8100;-347.0;68.0;-415.0
8200;53.0;68.0;-15.0
8300;-345.5;69.5;-415.0
8400;173.0;68.0;105.0
8500;-347.0;68.0;-415.0
8600;174.0;69.0;105.0
8700;173.5;68.5;105.0
8800;173.5;68.5;105.0
8900;53.0;68.0;-15.0
9000;213.0;68.0;145.0
9100;376.0;71.0;305.0
9200;373.0;68.0;305.0
9300;254.0;69.0;185.0
9400;248.0;63.0;185.0
9500;253.0;68.0;185.0
9600;176.0;111.0;65.0
9700;289.0;104.0;185.0
9800;303.0;118.0;185.0
9900;-97.0;118.0;-215.0
10000;399.0;174.0;225.0
10100;439.0;174.0;265.0
10200;461.5;196.5;265.0
10300;966.5;181.5;785.0
10400;544.0;159.0;385.0
10500;446.5;181.5;265.0
10600;439.0;174.0;265.0
10700;981.5;196.5;785.0
10800;439.0;174.0;265.0
10900;454.0;189.0;265.0
11000;441.5;136.5;305.0
11100;1054.0;189.0;865.0
11200;519.0;174.0;345.0
11300;519.0;174.0;345.0
11400;541.5;196.5;345.0
11500;519.0;174.0;345.0
11600;519.0;174.0;345.0
11700;661.5;196.5;465.0
11800;519.0;174.0;345.0
11900;639.0;174.0;465.0
12000;559.0;174.0;385.0
12100;634.0;209.0;425.0
12200;664.0;239.0;425.0
12300;1154.0;209.0;945.0
12400;674.0;249.0;425.0
12500;674.0;249.0;425.0
12600;214.0;229.0;-15.0
12700;534.0;229.0;305.0
12800;144.0;239.0;-95.0
12900;654.0;229.0;425.0
13000;694.0;229.0;465.0
13100;734.0;229.0;505.0
13200;754.0;249.0;505.0
13300;574.0;69.0;505.0
13400;734.0;229.0;505.0
13500;614.0;229.0;385.0
13600;734.0;229.0;505.0
13700;734.0;229.0;505.0
13800;574.0;69.0;505.0
13900;1098.0;199.0;899.0
14000;921.0;250.0;671.0
14100;819.0;250.0;569.0
14200;802.0;233.0;569.0
14300;776.5;207.5;569.0
14400;602.0;233.0;369.0
14500;871.0;182.0;689.0
14600;1322.0;233.0;1089.0
14700;631.0;182.0;449.0
14800;802.0;233.0;569.0
14900;665.0;216.0;449.0
15000;791.0;182.0;609.0
15100;1072.0;303.0;769.0
15200;952.0;303.0;649.0
15300;882.0;233.0;649.0
15400;952.0;303.0;649.0
15500;980.0;331.0;649.0
15600;1072.0;303.0;769.0
15700;938.0;289.0;649.0
15800;945.0;296.0;649.0
15900;945.0;296.0;649.0
16000;985.0;296.0;689.0
16100;1049.5;320.5;729.0
16200;1032.0;303.0;729.0
16300;1018.0;289.0;729.0
16400;1025.0;296.0;729.0
16500;1134.5;285.5;849.0
16600;1018.0;289.0;729.0
16700;842.0;233.0;609.0
16800;1018.0;289.0;729.0
16900;1138.0;289.0;849.0
17000;505.0;296.0;209.0
17100;1105.0;296.0;809.0
17200;985.0;296.0;689.0
17300;585.0;296.0;289.0
17400;1232.0;303.0;929.0
17500;1105.0;296.0;809.0
17600;1105.0;296.0;809.0
17700;1225.0;296.0;929.0
17800;992.0;303.0;689.0
17900;1105.0;296.0;809.0
18000;1265.0;296.0;969.0
18100;1315.5;306.5;1009.0
18200;1185.0;296.0;889.0
18300;1178.0;289.0;889.0
18400;1192.0;303.0;889.0
18500;1234.0;345.0;889.0
18600;1354.0;345.0;1009.0
18700;1350.5;341.5;1009.0
18800;1234.0;345.0;889.0
18900;1110.5;341.5;769.0
19000;1275.0;346.0;929.0
19100;1314.0;345.0;969.0
19200;1313.0;344.0;969.0
19300;1313.0;344.0;969.0
19400;1313.0;344.0;969.0
19500;1193.0;344.0;849.0
19600;1193.0;344.0;849.0
19700;791.5;342.5;449.0
19800;1307.5;338.5;969.0
19900;1153.0;344.0;809.0
20000;1233.0;344.0;889.0
20100;1513.0;344.0;1169.0
20200;1914.0;345.0;1569.0
20300;871.5;342.5;529.0
20400;1392.0;343.0;1049.0
20500;1392.0;343.0;1049.0
20600;1392.0;343.0;1049.0
20700;1391.0;342.0;1049.0
20800;1512.0;343.0;1169.0
20900;1392.0;343.0;1049.0
21000;1433.0;344.0;1089.0
21100;952.0;343.0;609.0
21200;1469.0;340.0;1129.0
21300;1473.0;344.0;1129.0
21400;1480.0;351.0;1129.0
21500;1476.5;347.5;1129.0
21600;1473.0;344.0;1129.0
21700;1473.0;344.0;1129.0
21800;1593.0;344.0;1249.0
21900;1593.0;344.0;1249.0
22000;1521.0;352.0;1169.0
22100;1553.0;344.0;1209.0
22200;1552.5;343.5;1209.0
22300;2066.0;337.0;1729.0
22400;1553.0;344.0;1209.0
22500;1543.0;334.0;1209.0
22600;1554.0;345.0;1209.0
22700;1556.5;347.5;1209.0
22800;1552.0;343.0;1209.0
22900;1553.0;344.0;1209.0
23000;1593.0;344.0;1249.0
23100;1193.0;344.0;849.0
23200;1628.0;339.0;1289.0
23300;1632.0;343.0;1289.0
23400;2151.5;342.5;1809.0
23500;2153.0;344.0;1809.0
23600;1631.5;342.5;1289.0
23700;1632.0;343.0;1289.0
23800;1632.0;343.0;1289.0
23900;1785.5;376.5;1409.0
24000;1833.0;384.0;1449.0
24100;1633.0;384.0;1249.0
24200;1755.5;386.5;1369.0
24300;1790.0;421.0;1369.0
24400;1727.0;358.0;1369.0
24500;1785.5;416.5;1369.0
24600;1793.0;424.0;1369.0
24700;1787.0;418.0;1369.0
24800;1685.0;436.0;1249.0
24900;1805.0;436.0;1369.0
25000;1857.0;448.0;1409.0
25100;1885.0;436.0;1449.0
25200;2101.0;532.0;1569.0
25300;1885.0;436.0;1449.0
25400;1885.0;436.0;1449.0
25500;1457.0;448.0;1009.0
25600;1909.0;340.0;1569.0
25700;1885.0;436.0;1449.0
25800;1771.0;442.0;1329.0
25900;1765.0;436.0;1329.0
26000;1817.0;448.0;1369.0
26100;1977.0;448.0;1529.0
26200;1445.0;436.0;1009.0
26300;2085.0;436.0;1649.0
26400;1839.0;430.0;1409.0
26500;2368.0;448.0;1920.0
26600;2205.0;544.0;1661.0
26700;1998.0;448.0;1550.0
26800;2043.0;382.0;1661.0
26900;1505.0;436.0;1069.0
27000;2134.0;436.0;1698.0
27100;1964.0;340.0;1624.0
27200;2060.0;436.0;1624.0
27300;2171.0;436.0;1735.0
27400;2060.0;436.0;1624.0
27500;2060.0;436.0;1624.0
27600;2060.0;436.0;1624.0
27700;2060.0;436.0;1624.0
27800;1952.0;328.0;1624.0
27900;2159.0;424.0;1735.0
28000;1983.0;484.0;1499.0
28100;2083.0;424.0;1659.0
28200;2095.0;436.0;1659.0
28300;2095.0;436.0;1659.0
28400;1957.0;418.0;1539.0
28500;2107.0;448.0;1659.0
28600;2077.0;418.0;1659.0
28700;2267.0;448.0;1819.0
28800;2095.0;436.0;1659.0
28900;2615.0;436.0;2179.0
29000;2153.0;454.0;1699.0
29100;2391.0;532.0;1859.0
29200;2695.0;436.0;2259.0
29300;2175.0;436.0;1739.0
29400;2175.0;436.0;1739.0
29500;2695.0;436.0;2259.0
29600;2187.0;448.0;1739.0
29700;2163.0;424.0;1739.0
29800;2271.0;532.0;1739.0
29900;2175.0;436.0;1739.0
30000;1997.0;418.0;1579.0
30100;2255.0;436.0;1819.0
30200;2255.0;436.0;1819.0
30300;2273.0;454.0;1819.0
30400;2349.0;530.0;1819.0
30500;2254.0;435.0;1819.0
30600;2269.0;450.0;1819.0
30700;2279.0;460.0;1819.0
30800;2269.0;450.0;1819.0
30900;2149.0;450.0;1699.0
31000;2309.0;450.0;1859.0
31100;2339.0;440.0;1899.0
31200;2214.0;435.0;1779.0
31300;2349.0;450.0;1899.0
31400;2869.0;450.0;2419.0
31500;2349.0;450.0;1899.0
31600;2349.0;450.0;1899.0
31700;2229.0;450.0;1779.0
31800;2469.0;450.0;2019.0
31900;2334.0;435.0;1899.0
32000;2254.0;435.0;1819.0
32100;2429.0;450.0;1979.0
32200;2439.0;460.0;1979.0
32300;2434.0;455.0;1979.0
32400;2434.0;455.0;1979.0
32500;2823.0;450.0;2373.0
32600;2363.0;370.0;1993.0
32700;2287.0;440.0;1847.0
32800;2365.0;398.0;1967.0
32900;2435.0;468.0;1967.0
33000;2629.0;622.0;2007.0
33100;2635.0;468.0;2167.0
33200;2515.0;468.0;2047.0
33300;2973.0;580.0;2393.0
33400;2546.5;482.0;2064.5
33500;2395.0;496.0;1899.0
33600;2229.0;370.0;1859.0
33700;2487.0;468.0;2019.0
33800;2494.0;475.0;2019.0
33900;2501.0;482.0;2019.0
34000;2604.0;545.0;2059.0
34100;2651.0;552.0;2099.0
34200;2637.0;538.0;2099.0
34300;2637.0;538.0;2099.0
34400;2637.0;538.0;2099.0
34500;3093.0;474.0;2619.0
34600;3213.0;594.0;2619.0
34700;2693.0;594.0;2099.0
34800;2573.0;594.0;1979.0
34900;2693.0;594.0;2099.0
35000;-960067.0;594.0;-960661.0
35100;2758.0;579.0;2179.0
35200;2653.0;594.0;2059.0
35300;2638.0;579.0;2059.0
35400;2765.5;586.5;2179.0
35500;3293.0;594.0;2699.0
35600;2773.0;594.0;2179.0
35700;3284.0;594.0;2690.0
35800;2514.0;594.0;1920.0
35900;2904.0;594.0;2310.0
36000;2826.0;594.0;2232.0
36100;3201.0;579.0;2622.0
36200;2865.0;594.0;2271.0
36300;2508.0;744.0;1764.0
36400;2970.0;699.0;2271.0
36500;2889.0;618.0;2271.0
36600;2877.0;606.0;2271.0
36700;2877.0;606.0;2271.0
36800;2877.0;606.0;2271.0
36900;2877.0;606.0;2271.0
37000;2916.0;606.0;2310.0
37100;2955.0;606.0;2349.0
37200;2937.0;588.0;2349.0
37300;3072.0;606.0;2466.0
37400;2943.0;594.0;2349.0
37500;2955.0;606.0;2349.0
37600;2810.0;594.0;2216.0
37700;3074.0;618.0;2456.0
37800;3014.0;678.0;2336.0
37900;2962.0;626.0;2336.0
38000;3034.0;658.0;2376.0
38100;2874.0;658.0;2216.0
38200;3074.0;658.0;2416.0
38300;2946.0;530.0;2416.0
38400;2635.5;659.5;1976.0
38500;3095.0;679.0;2416.0
38600;3075.5;659.5;2416.0
38700;2962.0;666.0;2296.0
38800;2968.5;672.5;2296.0
38900;2568.5;672.5;1896.0
39000;2581.5;685.5;1896.0
39100;3273.0;777.0;2496.0
39200;3224.0;728.0;2496.0
39300;3217.0;721.0;2496.0
39400;2697.0;721.0;1976.0
39500;3273.0;777.0;2496.0
39600;3217.0;721.0;2496.0
39700;3210.0;714.0;2496.0
39800;3231.0;735.0;2496.0
39900;3273.0;777.0;2496.0
40000;3313.0;777.0;2536.0
40100;3233.0;777.0;2456.0
40200;3353.0;777.0;2576.0
40300;3233.0;777.0;2456.0
40400;3473.0;777.0;2696.0
40500;2833.0;777.0;2056.0
40600;3353.0;777.0;2576.0
40700;3353.0;777.0;2576.0
40800;3353.0;777.0;2576.0
40900;3353.0;777.0;2576.0
41000;3393.0;777.0;2616.0
41100;3433.0;777.0;2656.0
41200;3553.0;777.0;2776.0
41300;3433.0;777.0;2656.0
41400;3553.0;777.0;2776.0
41500;3988.0;812.0;3176.0
41600;3473.0;817.0;2656.0
41700;3978.0;817.0;3161.0
41800;3580.5;794.5;2786.0
41900;3485.5;812.0;2673.5
42000;3313.0;812.0;2501.0
42100;3548.0;807.0;2741.0
42200;3443.0;822.0;2621.0
42300;4313.0;812.0;3501.0
42400;3560.5;819.5;2741.0
42500;3530.5;789.5;2741.0
42600;3558.0;817.0;2741.0
42700;3548.0;807.0;2741.0
42800;3543.0;802.0;2741.0
42900;3665.5;804.5;2861.0
43000;3173.0;832.0;2341.0
43100;3633.0;812.0;2821.0
43200;3625.5;804.5;2821.0
43300;4153.0;812.0;3341.0
43400;3593.0;772.0;2821.0
43500;3633.0;812.0;2821.0
43600;3628.0;807.0;2821.0
43700;3628.0;807.0;2821.0
43800;3508.0;807.0;2701.0
43900;3753.0;812.0;2941.0
44000;3673.0;812.0;2861.0
44100;3713.0;812.0;2901.0
44200;3833.0;812.0;3021.0
44300;3713.0;812.0;2901.0
44400;4473.0;812.0;3661.0
44500;3595.5;814.5;2781.0
44600;3713.0;812.0;2901.0
44700;3193.0;812.0;2381.0
44800;3713.0;812.0;2901.0
44900;3600.5;819.5;2781.0
45000;3838.0;777.0;3061.0
45100;3278.0;817.0;2461.0
45200;3303.0;842.0;2461.0
45300;3798.0;817.0;2981.0
45400;4310.5;809.5;3501.0
45500;3798.0;817.0;2981.0
45600;3805.5;824.5;2981.0
45700;3798.0;817.0;2981.0
45800;3803.0;822.0;2981.0
45900;3678.0;817.0;2861.0
46000;3835.5;814.5;3021.0
46100;3768.0;827.0;2941.0
46200;3878.0;817.0;3061.0
46300;3895.5;834.5;3061.0
46400;3998.0;817.0;3181.0
46500;3855.5;794.5;3061.0
46600;3883.0;822.0;3061.0
46700;3883.0;822.0;3061.0
46800;3883.0;822.0;3061.0
46900;3923.0;862.0;3061.0
47000;3938.0;837.0;3101.0
47100;4065.5;804.5;3261.0
47200;3963.0;822.0;3141.0
47300;3950.5;809.5;3141.0
47400;3843.0;822.0;3021.0
47500;4088.0;827.0;3261.0
47600;4088.0;827.0;3261.0
47700;4088.0;827.0;3261.0
47800;3968.0;827.0;3141.0
47900;3960.5;819.5;3141.0
48000;4008.0;827.0;3181.0
48100;4394.0;827.0;3567.0
48200;4070.5;832.0;3238.5
48300;4065.5;827.0;3238.5
48400;4063.0;824.5;3238.5
48500;4065.5;827.0;3238.5
48600;4065.5;827.0;3238.5
48700;3892.5;819.5;3073.0
48800;4540.0;827.0;3713.0
48900;4015.0;822.0;3193.0
49000;4055.0;822.0;3233.0
49100;4095.0;822.0;3273.0
49200;4045.0;772.0;3273.0
49300;4220.0;827.0;3393.0
49400;3957.5;804.5;3153.0
49500;4095.0;822.0;3273.0
49600;4105.0;832.0;3273.0
49700;4100.0;827.0;3273.0
49800;4095.0;822.0;3273.0
49900;3567.5;814.5;2753.0
50000;4135.0;822.0;3313.0
50100;4295.0;822.0;3473.0
50200;4290.0;817.0;3473.0
50300;4052.5;819.5;3233.0
50400;4295.0;822.0;3473.0
50500;4180.0;827.0;3353.0
50600;4180.0;827.0;3353.0
50700;4180.0;827.0;3353.0
50800;4180.0;827.0;3353.0
50900;4215.0;862.0;3353.0
51000;4255.0;862.0;3393.0
51100;4295.0;862.0;3433.0
51200;4175.0;862.0;3313.0
51300;4175.0;862.0;3313.0
51400;3775.0;862.0;2913.0
51500;4295.0;862.0;3433.0
51600;4295.0;862.0;3433.0
51700;4415.0;862.0;3553.0
51800;4295.0;862.0;3433.0
51900;4175.0;862.0;3313.0
52000;4895.0;862.0;4033.0
52100;4375.0;862.0;3513.0
52200;4375.0;862.0;3513.0
52300;4495.0;862.0;3633.0
52400;4375.0;862.0;3513.0
52500;4375.0;862.0;3513.0
52600;4763.0;862.0;3901.0
52700;4403.0;862.0;3541.0
52800;4403.0;862.0;3541.0
52900;4403.0;862.0;3541.0
53000;4263.0;862.0;3401.0
53100;4423.0;862.0;3561.0
53200;4773.0;862.0;3911.0
53300;4323.0;862.0;3461.0
53400;4548.0;862.0;3686.0
53500;4435.5;862.0;3573.5
53600;4018.0;862.0;3156.0
53700;4458.0;862.0;3596.0
53800;4458.0;862.0;3596.0
53900;4578.0;862.0;3716.0
54000;4618.0;862.0;3756.0
54100;5058.0;862.0;4196.0
54200;4658.0;862.0;3796.0
54300;4418.0;862.0;3556.0
54400;4538.0;862.0;3676.0
54500;4538.0;862.0;3676.0
54600;4580.0;904.0;3676.0
54700;4589.0;913.0;3676.0
54800;4460.0;904.0;3556.0
54900;4532.0;856.0;3676.0
55000;4620.0;904.0;3716.0
55100;4669.0;913.0;3756.0
55200;4657.0;901.0;3756.0
55300;4660.0;904.0;3756.0
55400;4531.0;895.0;3636.0
55500;4660.0;904.0;3756.0
55600;4660.0;904.0;3756.0
55700;4820.0;904.0;3916.0
55800;4708.0;952.0;3756.0
55900;4651.0;895.0;3756.0
56000;4700.0;904.0;3796.0
56100;4620.0;904.0;3716.0
56200;4692.0;856.0;3836.0
56300;4860.0;904.0;3956.0
56400;4719.0;883.0;3836.0
56500;4716.0;880.0;3836.0
56600;4740.0;904.0;3836.0
56700;5266.0;910.0;4356.0
56800;4740.0;904.0;3836.0
56900;4626.0;910.0;3716.0
57000;4795.0;910.0;3885.0
57100;4078.0;904.0;3174.0
57200;4834.5;910.0;3924.5
57300;4813.5;889.0;3924.5
57400;4837.5;913.0;3924.5
57500;4986.5;904.0;4082.5
57600;4309.0;898.0;3411.0
57700;4816.5;892.0;3924.5
57800;4648.0;850.0;3798.0
57900;4690.0;892.0;3798.0
58000;4856.0;898.0;3958.0
58100;4944.0;946.0;3998.0
58200;4905.0;907.0;3998.0
58300;4896.0;898.0;3998.0
58400;4917.0;919.0;3998.0
58500;4917.0;919.0;3998.0
58600;5037.0;919.0;4118.0
58700;4917.0;919.0;3998.0
58800;4917.0;919.0;3998.0
58900;4917.0;919.0;3998.0
59000;5517.0;919.0;4598.0
59100;5001.5;923.5;4078.0
59200;5028.5;950.5;4078.0
59300;4983.5;905.5;4078.0
59400;4988.0;910.0;4078.0
59500;5002.0;924.0;4078.0
59600;4998.5;920.5;4078.0
59700;4806.0;888.0;3918.0
59800;4981.0;903.0;4078.0
59900;4926.0;848.0;4078.0
60000;5046.0;928.0;4118.0
60100;5086.0;928.0;4158.0
60200;4966.0;928.0;4038.0
60300;4984.0;826.0;4158.0
60400;5110.0;952.0;4158.0
60500;5110.0;952.0;4158.0
60600;5110.0;952.0;4158.0
60700;5128.0;970.0;4158.0
60800;5203.0;925.0;4278.0
60900;4990.0;952.0;4038.0
61000;5186.0;988.0;4198.0
61100;5226.0;988.0;4238.0
61200;5226.0;988.0;4238.0
61300;5244.0;1006.0;4238.0
61400;5406.0;1168.0;4238.0
61500;5490.0;1132.0;4358.0
61600;5226.0;988.0;4238.0
61700;4706.0;988.0;3718.0
61800;5226.0;988.0;4238.0
61900;5386.0;988.0;4398.0
62000;5188.0;1030.0;4158.0
62100;5240.0;922.0;4318.0
62200;5354.0;1036.0;4318.0
62300;5468.0;1030.0;4438.0
62400;5348.0;1030.0;4318.0
62500;5336.0;1018.0;4318.0
62600;5360.0;1042.0;4318.0
62700;5348.0;1030.0;4318.0
62800;5228.0;1030.0;4198.0
62900;5330.0;1012.0;4318.0
63000;5370.0;1012.0;4358.0
63100;5416.0;1018.0;4398.0
63200;5434.0;1036.0;4398.0
63300;5296.0;1018.0;4278.0
63400;5404.0;1006.0;4398.0
63500;5284.0;1006.0;4278.0
63600;5536.0;1018.0;4518.0
63700;5442.0;1044.0;4398.0
63800;5442.0;1044.0;4398.0
63900;5428.0;1030.0;4398.0
64000;5489.0;1051.0;4438.0
64100;6028.0;1030.0;4998.0
64200;5508.0;1030.0;4478.0
64300;5068.0;1030.0;4038.0
64400;5516.0;918.0;4598.0
64500;5500.0;1142.0;4358.0
64600;5529.0;1051.0;4478.0
64700;5508.0;1030.0;4478.0
64800;6042.0;1044.0;4998.0
64900;5536.0;1058.0;4478.0
65000;5696.0;1058.0;4638.0
65100;5606.0;1048.0;4558.0
65200;5606.0;1048.0;4558.0
65300;5618.0;1060.0;4558.0
65400;5636.0;1078.0;4558.0
65500;5582.0;1024.0;4558.0
65600;5648.0;1090.0;4558.0
65700;6156.0;1078.0;5078.0
65800;5648.0;1090.0;4558.0
65900;5648.0;1090.0;4558.0
66000;5808.0;1090.0;4718.0
66100;5848.0;1090.0;4758.0
66200;5860.0;1102.0;4758.0
66300;5728.0;1090.0;4638.0
66400;5728.0;1090.0;4638.0
66500;5728.0;1090.0;4638.0
66600;5728.0;1090.0;4638.0
66700;5710.0;1072.0;4638.0
66800;-114236.0;-118874.0;4638.0
66900;5728.0;1090.0;4638.0
67000;5780.0;1102.0;4678.0
67100;5688.0;1090.0;4598.0
67200;5808.0;1090.0;4718.0
67300;5796.0;1078.0;4718.0
67400;5928.0;1090.0;4838.0
67500;5826.0;1108.0;4718.0
67600;6202.0;1090.0;5112.0
67700;5810.0;1078.0;4732.0
67800;5822.0;1090.0;4732.0
67900;5796.0;1090.0;4706.0
68000;5297.0;1111.0;4186.0
68100;6017.0;1111.0;4906.0
68200;5897.0;1111.0;4786.0
68300;5892.5;1106.5;4786.0
68400;5897.0;1111.0;4786.0
68500;6017.0;1111.0;4906.0
68600;5897.0;1111.0;4786.0
68700;6017.0;1111.0;4906.0
68800;5861.0;1075.0;4786.0
68900;5768.0;1102.0;4666.0
69000;5937.0;1111.0;4826.0
69100;5857.0;1111.0;4746.0
69200;5977.0;1111.0;4866.0
69300;5968.0;1102.0;4866.0
69400;5986.0;1120.0;4866.0
69500;5977.0;1111.0;4866.0
69600;5972.5;1106.5;4866.0
69700;5905.0;1039.0;4866.0
69800;5990.5;1124.5;4866.0
69900;6097.0;1111.0;4986.0
70000;5581.5;1115.5;4466.0
70100;6057.0;1111.0;4946.0
70200;5941.5;1115.5;4826.0
70300;6590.5;1124.5;5466.0
70400;6449.5;1111.0;5338.5
70500;6187.0;1111.0;5076.0
70600;6088.0;1124.5;4963.5
70700;6083.5;1120.0;4963.5
70800;6042.0;1111.0;4931.0
70900;5913.0;1102.0;4811.0
71000;6651.0;1120.0;5531.0
71100;6637.5;1106.5;5531.0
71200;6206.0;1075.0;5131.0
71300;6255.5;1124.5;5131.0
71400;6131.0;1120.0;5011.0
71500;5682.0;1111.0;4571.0
71600;6152.0;1021.0;5131.0
71700;6651.0;1120.0;5531.0
71800;6260.0;1129.0;5131.0
71900;6140.0;1129.0;5011.0
72000;6180.0;1129.0;5051.0
72100;6744.5;1133.5;5611.0
72200;6100.0;1129.0;4971.0
72300;6175.0;1084.0;5091.0
72400;6233.5;1142.5;5091.0
72500;6229.0;1138.0;5091.0
72600;6238.0;1147.0;5091.0
72700;6238.0;1147.0;5091.0
72800;6179.5;1088.5;5091.0
72900;6229.0;1138.0;5091.0
73000;6149.0;1138.0;5011.0
73100;6318.0;1147.0;5171.0
73200;5869.0;1138.0;4731.0
73300;6381.0;1210.0;5171.0
73400;-959539.5;1169.5;-960709.0
73500;6318.0;1147.0;5171.0
73600;6838.0;1147.0;5691.0
73700;6327.0;1156.0;5171.0
73800;6327.0;1156.0;5171.0
73900;6295.5;1124.5;5171.0
74000;6317.5;1106.5;5211.0
74100;6398.0;1147.0;5251.0
74200;6527.0;1156.0;5371.0
74300;6407.0;1156.0;5251.0
74400;6287.0;1156.0;5131.0
74500;6416.0;1165.0;5251.0
74600;6407.0;1156.0;5251.0
74700;6407.0;1156.0;5251.0
74800;6308.0;1057.0;5251.0
74900;6287.0;1156.0;5131.0
75000;6567.0;1156.0;5411.0
75100;6367.0;1156.0;5211.0
75200;6487.0;1156.0;5331.0
75300;7007.0;1156.0;5851.0
75400;6380.5;1169.5;5211.0
75500;6478.0;1147.0;5331.0
75600;6367.0;1156.0;5211.0
75700;6478.0;1147.0;5331.0
75800;6478.0;1147.0;5331.0
75900;6998.0;1147.0;5851.0
76000;6678.0;1147.0;5531.0
76100;6438.0;1147.0;5291.0
76200;7078.0;1147.0;5931.0
76300;6600.0;1189.0;5411.0
76400;6742.5;1211.5;5531.0
76500;6711.5;1300.5;5411.0
76600;6687.0;1276.0;5411.0
76700;7077.5;1272.5;5805.0
76800;6689.0;1290.0;5399.0
76900;6169.0;1290.0;4879.0
77000;6835.0;1276.0;5559.0
77100;6875.0;1276.0;5599.0
77200;6758.5;1279.5;5479.0
77300;6762.0;1283.0;5479.0
77400;6762.0;1283.0;5479.0
77500;6762.0;1283.0;5479.0
77600;6242.0;1283.0;4959.0
77700;6882.0;1283.0;5599.0
77800;6723.5;1244.5;5479.0
77900;6762.0;1283.0;5479.0
78000;6915.0;1276.0;5639.0
78100;6824.5;1265.5;5559.0
78200;6708.0;1269.0;5439.0
78300;6835.0;1276.0;5559.0
78400;6835.0;1276.0;5559.0
78500;6824.5;1265.5;5559.0
78600;6835.0;1276.0;5559.0
78700;6828.0;1269.0;5559.0
78800;6828.0;1269.0;5559.0
78900;6824.5;1265.5;5559.0
79000;6896.0;1297.0;5599.0
79100;6915.0;1276.0;5639.0
79200;7512.0;1353.0;6159.0
79300;6791.5;1272.5;5519.0
79400;6915.0;1276.0;5639.0
79500;6908.0;1269.0;5639.0
79600;6904.5;1265.5;5639.0
79700;6915.0;1276.0;5639.0
79800;6915.0;1276.0;5639.0
79900;7035.0;1276.0;5759.0
80000;6955.0;1276.0;5679.0
80100;7115.0;1276.0;5839.0
80200;6984.5;1265.5;5719.0
80300;6875.0;1276.0;5599.0
80400;6833.0;1234.0;5599.0
80500;6988.0;1269.0;5719.0
80600;7005.5;1286.5;5719.0
80700;6995.0;1276.0;5719.0
80800;6991.5;1272.5;5719.0
80900;6868.0;1269.0;5599.0
81000;7028.0;1269.0;5759.0
81100;7057.5;1258.5;5799.0
81200;6951.5;1272.5;5679.0
81300;6941.0;1262.0;5679.0
81400;6941.0;1262.0;5679.0
81500;7061.0;1262.0;5799.0
81600;7050.5;1251.5;5799.0
81700;7047.0;1248.0;5799.0
81800;7054.0;1255.0;5799.0
81900;7054.0;1255.0;5799.0
82000;7094.0;1255.0;5839.0
82100;7334.0;1255.0;6079.0
82200;7140.0;1241.0;5899.0
82300;7154.0;1255.0;5899.0
82400;7251.5;1244.5;6007.0
82500;7098.0;1199.0;5899.0
82600;7154.0;1255.0;5899.0
82700;7147.0;1248.0;5899.0
82800;7147.0;1248.0;5899.0
82900;7140.0;1241.0;5899.0
83000;7183.0;1248.0;5935.0
83100;7219.0;1248.0;5971.0
83200;7205.0;1234.0;5971.0
83300;7268.0;1297.0;5971.0
83400;7205.0;1234.0;5971.0
83500;7320.0;1241.0;6079.0
83600;7233.0;1262.0;5971.0
83700;7669.5;1230.5;6439.0
83800;7219.0;1248.0;5971.0
83900;7033.0;1234.0;5799.0
84000;7073.0;1234.0;5839.0
84100;7360.0;1241.0;6119.0
84200;7240.0;1241.0;5999.0
84300;7240.0;1241.0;5999.0
84400;7653.5;1262.0;6391.5
84500;7257.5;1241.0;6016.5
84600;7257.5;1241.0;6016.5
84700;7370.0;1241.0;6129.0
84800;7632.5;1241.0;6391.5
84900;7257.5;1241.0;6016.5
85000;7407.5;1241.0;6166.5
85100;7332.5;1241.0;6091.5
85200;7332.5;1241.0;6091.5
85300;7322.0;1230.5;6091.5
85400;7173.0;1234.0;5939.0
85500;7730.0;1283.0;6447.0
85600;7496.0;1409.0;6087.0
85700;7314.0;1227.0;6087.0
85800;7370.0;1283.0;6087.0
85900;7233.5;1318.5;5915.0
86000;7403.0;1328.0;6075.0
86100;7342.0;1347.0;5995.0
86200;6942.0;1347.0;5595.0
86300;7610.5;1375.5;6235.0
86400;7481.0;1366.0;6115.0
86500;7361.0;1366.0;5995.0
86600;7690.0;1575.0;6115.0
86700;7500.0;1385.0;6115.0
86800;7380.0;1385.0;5995.0
86900;6961.0;1366.0;5595.0
87000;7521.0;1366.0;6155.0
87100;7551.5;1356.5;6195.0
87200;7580.0;1385.0;6195.0
87300;7561.0;1366.0;6195.0
87400;7709.5;1394.5;6315.0
87500;7561.0;1366.0;6195.0
87600;7561.0;1366.0;6195.0
87700;7852.0;1537.0;6315.0
87800;7665.5;1470.5;6195.0
87900;7634.0;1439.0;6195.0
88000;7554.0;1439.0;6115.0
88100;7714.0;1439.0;6275.0
88200;7714.0;1439.0;6275.0
88300;7778.0;1503.0;6275.0
88400;7258.0;1503.0;5755.0
88500;7756.0;1481.0;6275.0
88600;6996.0;1481.0;5515.0
88700;7636.0;1481.0;6155.0
88800;7756.0;1481.0;6275.0
88900;7778.0;1503.0;6275.0
89000;7730.0;1415.0;6315.0
89100;7836.0;1481.0;6355.0
89200;7836.0;1481.0;6355.0
89300;7781.0;1426.0;6355.0
89400;7891.0;1536.0;6355.0
89500;7338.0;1503.0;5835.0
89600;7858.0;1503.0;6355.0
89700;8099.0;1624.0;6475.0
89800;7858.0;1503.0;6355.0
89900;7682.0;1327.0;6355.0
90000;7920.0;1525.0;6395.0
90100;7938.0;1503.0;6435.0
90200;8030.0;1595.0;6435.0
90300;7946.0;1511.0;6435.0
90400;8018.0;1583.0;6435.0
90500;8138.0;1703.0;6435.0
90600;8030.0;1475.0;6555.0
90700;8044.0;1609.0;6435.0
90800;8059.0;1624.0;6435.0
90900;8044.0;1609.0;6435.0
91000;8064.0;1589.0;6475.0
91100;8159.0;1644.0;6515.0
91200;8129.0;1614.0;6515.0
91300;8114.0;1599.0;6515.0
91400;7894.0;1499.0;6395.0
91500;7594.0;1599.0;5995.0
91600;8234.0;1599.0;6635.0
91700;7714.0;1599.0;6115.0
91800;8034.0;1519.0;6515.0
91900;8124.0;1609.0;6515.0
92000;8084.0;1529.0;6555.0
92100;8089.0;1614.0;6475.0
92200;8194.0;1599.0;6595.0
92300;8329.0;1614.0;6715.0
92400;8079.0;1604.0;6475.0
92500;8194.0;1599.0;6595.0
92600;8194.0;1599.0;6595.0
92700;8194.0;1599.0;6595.0
92800;8064.0;1589.0;6475.0
92900;8184.0;1589.0;6595.0
93000;8284.0;1649.0;6635.0
93100;8274.0;1599.0;6675.0
93200;8304.0;1629.0;6675.0
93300;8394.0;1599.0;6795.0
93400;8274.0;1599.0;6675.0
93500;7504.0;1589.0;5915.0
93600;8264.0;1589.0;6675.0
93700;8304.0;1509.0;6795.0
93800;8264.0;1589.0;6675.0
93900;8264.0;1589.0;6675.0
94000;8314.0;1599.0;6715.0
94100;8884.0;1609.0;7275.0
94200;8354.0;1599.0;6755.0
94300;8234.0;1599.0;6635.0
94400;8344.0;1589.0;6755.0
94500;8424.0;1669.0;6755.0
94600;8464.0;1589.0;6875.0
94700;8329.0;1574.0;6755.0
94800;8344.0;1589.0;6755.0
94900;8329.0;1574.0;6755.0
95000;8384.0;1589.0;6795.0
95100;8424.0;1589.0;6835.0
95200;8409.0;1574.0;6835.0
95300;7654.0;1579.0;6075.0
95400;8404.0;1569.0;6835.0
95500;8404.0;1689.0;6715.0
95600;8929.0;1574.0;7355.0
95700;8424.0;1589.0;6835.0
95800;8429.0;1594.0;6835.0
95900;8555.0;1600.0;6955.0
96000;7918.5;1603.5;6315.0
96100;8388.0;1593.0;6795.0
96200;8515.0;1600.0;6915.0
96300;8536.0;1621.0;6915.0
96400;8515.0;1600.0;6915.0
96500;8508.0;1593.0;6915.0
96600;8508.0;1593.0;6915.0
96700;8635.0;1600.0;7035.0
96800;8522.0;1607.0;6915.0
96900;8585.0;1670.0;6915.0
97000;8629.0;1674.0;6955.0
97100;8661.0;1666.0;6995.0
97200;9003.0;1662.0;7341.0
97300;8645.0;1678.0;6967.0
97400;8197.0;1670.0;6527.0
97500;8633.0;1666.0;6967.0
97600;8601.0;1634.0;6967.0
97700;8513.0;1666.0;6847.0
97800;8753.0;1666.0;7087.0
97900;8625.0;1658.0;6967.0
98000;8673.0;1666.0;7007.0
98100;8597.0;1670.0;6927.0
98200;8707.0;1660.0;7047.0
98300;8713.0;1666.0;7047.0
98400;8195.0;1668.0;6527.0
98500;8709.0;1662.0;7047.0
98600;8669.0;1622.0;7047.0
98700;8733.0;1686.0;7047.0
98800;8707.0;1660.0;7047.0
98900;8709.0;1662.0;7047.0
99000;8625.0;1658.0;6967.0
99100;8799.0;1672.0;7127.0
99200;8905.0;1658.0;7247.0
99300;8787.0;1660.0;7127.0
99400;8789.0;1662.0;7127.0
99500;8781.0;1654.0;7127.0
99600;8781.0;1654.0;7127.0
99700;8661.0;1654.0;7007.0
99800;8813.0;1686.0;7127.0
99900;8781.0;1654.0;7127.0
100000;8705.0;1658.0;7047.0
100100;9001.0;1674.0;7327.0
100200;8709.0;1622.0;7087.0
100300;8869.0;1662.0;7207.0
100400;8857.0;1650.0;7207.0
100500;8861.0;1654.0;7207.0
100600;8861.0;1654.0;7207.0
100700;8861.0;1654.0;7207.0
100800;8975.0;1648.0;7327.0
100900;8861.0;1654.0;7207.0
101000;8897.0;1650.0;7247.0
101100;9057.0;1650.0;7407.0
101200;9703.0;1656.0;8047.0
101300;8933.0;1646.0;7287.0
101400;8905.0;1618.0;7287.0
101500;8937.0;1650.0;7287.0
101600;8941.0;1654.0;7287.0
101700;8937.0;1650.0;7287.0
101800;8931.0;1644.0;7287.0
101900;8937.0;1650.0;7287.0
102000;8977.0;1650.0;7327.0
102100;9021.0;1654.0;7367.0
102200;8913.0;1666.0;7247.0
102300;8901.0;1654.0;7247.0
102400;9021.0;1654.0;7367.0
102500;9021.0;1654.0;7367.0
102600;9131.0;1644.0;7487.0
102700;8537.0;1690.0;6847.0
102800;8905.0;1658.0;7247.0
102900;9029.0;1662.0;7367.0
103000;9065.0;1658.0;7407.0
103100;9101.0;1654.0;7447.0
103200;9101.0;1654.0;7447.0
103300;9109.0;1662.0;7447.0
103400;9105.0;1658.0;7447.0
103500;8661.0;1654.0;7007.0
103600;9105.0;1658.0;7447.0
103700;8567.0;1640.0;6927.0
103800;9105.0;1658.0;7447.0
103900;9105.0;1658.0;7447.0
104000;9149.0;1662.0;7487.0
104100;9175.0;1648.0;7527.0
104200;9217.0;1690.0;7527.0
104300;9157.0;1630.0;7527.0
104400;9185.0;1658.0;7527.0
104500;9185.0;1658.0;7527.0
104600;9191.0;1664.0;7527.0
104700;9185.0;1658.0;7527.0
104800;9175.0;1648.0;7527.0
104900;9189.0;1662.0;7527.0
105000;9225.0;1658.0;7567.0
105100;9265.0;1658.0;7607.0
105200;9297.0;1690.0;7607.0
105300;9269.0;1662.0;7607.0
105400;9177.0;1690.0;7487.0
105500;9141.0;1654.0;7487.0
105600;9381.0;1654.0;7727.0
105700;9261.0;1654.0;7607.0
105800;9145.0;1658.0;7487.0
105900;9301.5;1694.5;7607.0
106000;9346.0;1699.0;7647.0
106100;8884.0;1717.0;7167.0
106200;9515.0;1708.0;7807.0
106300;9395.0;1708.0;7687.0
106400;9323.0;1636.0;7687.0
106500;9395.0;1708.0;7687.0
106600;9275.0;1708.0;7567.0
106700;9555.0;1708.0;7847.0
106800;9395.0;1708.0;7687.0
106900;9404.0;1717.0;7687.0
107000;9477.0;1708.0;7769.0
107100;9614.0;1699.0;7915.0
107200;9525.5;1720.0;7805.5
107300;9477.0;1717.0;7760.0
107400;9600.0;1720.0;7880.0
107500;9480.0;1720.0;7760.0
107600;9489.0;1729.0;7760.0
107700;9360.0;1720.0;7640.0
107800;9471.0;1711.0;7760.0
107900;9600.0;1720.0;7880.0
108000;10086.0;1726.0;8360.0
108100;9551.0;1711.0;7840.0
108200;9554.0;1714.0;7840.0
108300;9557.0;1717.0;7840.0
108400;9554.0;1714.0;7840.0
108500;9563.0;1723.0;7840.0
108600;9554.0;1714.0;7840.0
108700;9554.0;1714.0;7840.0
108800;9946.5;1711.0;8235.5
108900;9551.0;1720.0;7831.0
109000;9711.0;1720.0;7991.0
109100;9622.0;1711.0;7911.0
109200;9631.0;1720.0;7911.0
109300;9631.0;1720.0;7911.0
109400;9622.0;1711.0;7911.0
109500;9631.0;1720.0;7911.0
109600;9637.0;1726.0;7911.0
109700;9655.0;1744.0;7911.0
109800;10026.5;1720.0;8306.5
109900;9631.0;1729.0;7902.0
110000;9662.0;1720.0;7942.0
110100;9702.0;1720.0;7982.0
110200;9699.0;1717.0;7982.0
110300;9708.0;1726.0;7982.0
110400;9702.0;1720.0;7982.0
110500;10228.0;1726.0;8502.0
110600;9708.0;1726.0;7982.0
110700;9708.0;1726.0;7982.0
110800;9708.0;1726.0;7982.0
110900;8954.0;1732.0;7222.0
111000;9748.0;1726.0;8022.0
111100;9794.0;1732.0;8062.0
111200;9782.0;1720.0;8062.0
111300;9782.0;1720.0;8062.0
111400;9668.0;1726.0;7942.0
111500;9268.0;1726.0;7542.0
111600;9709.0;1767.0;7942.0
111700;9829.0;1767.0;8062.0
111800;9708.0;1766.0;7942.0
111900;10348.0;1766.0;8582.0
112000;9868.0;1766.0;8102.0
112100;9389.5;1767.5;7622.0
112200;9788.0;1766.0;8022.0
112300;9911.5;1769.5;8142.0
112400;9907.0;1765.0;8142.0
112500;9911.0;1769.0;8142.0
112600;9906.5;1764.5;8142.0
112700;9911.0;1769.0;8142.0
112800;9908.0;1766.0;8142.0
112900;9788.0;1766.0;8022.0
113000;9948.5;1766.5;8182.0
113100;10108.0;1766.0;8342.0
113200;9988.0;1766.0;8222.0
113300;9988.0;1766.0;8222.0
113400;9979.0;1757.0;8222.0
113500;10107.0;1765.0;8342.0
113600;10748.0;1766.0;8982.0
113700;9987.0;1765.0;8222.0
113800;9988.0;1766.0;8222.0
113900;9987.0;1765.0;8222.0
114000;10027.0;1765.0;8262.0
114100;10065.5;1763.5;8302.0
114200;10067.0;1765.0;8302.0
114300;10069.0;1767.0;8302.0
114400;10068.0;1766.0;8302.0
114500;10068.0;1766.0;8302.0
114600;10068.0;1766.0;8302.0
114700;10088.0;1786.0;8302.0
114800;10088.0;1786.0;8302.0
114900;10086.0;1784.0;8302.0
115000;10123.0;1781.0;8342.0
115100;10683.0;1781.0;8902.0
115200;10166.0;1784.0;8382.0
115300;10166.0;1784.0;8382.0
115400;10166.0;1784.0;8382.0
115500;10286.0;1784.0;8502.0
115600;10160.0;1778.0;8382.0
115700;10169.0;1787.0;8382.0
115800;10288.0;1786.0;8502.0
115900;9651.0;1789.0;7862.0
116000;10206.0;1784.0;8422.0
116100;10310.0;1848.0;8462.0
116200;10340.0;1878.0;8462.0
116300;10320.0;1858.0;8462.0
116400;10330.0;1868.0;8462.0
116500;10435.0;1853.0;8582.0
116600;10330.0;1868.0;8462.0
116700;10320.0;1858.0;8462.0
116800;10210.0;1868.0;8342.0
116900;10310.0;1848.0;8462.0
117000;10360.0;1858.0;8502.0
117100;10415.0;1873.0;8542.0
117200;10410.0;1868.0;8542.0
117300;10515.0;1853.0;8662.0
117400;10410.0;1868.0;8542.0
117500;9890.0;1868.0;8022.0
117600;10560.0;1898.0;8662.0
117700;10420.0;1878.0;8542.0
117800;10410.0;1868.0;8542.0
117900;10410.0;1868.0;8542.0
118000;10450.0;1868.0;8582.0
118100;10834.0;1858.0;8976.0
118200;10487.5;1858.0;8629.5
118300;10487.5;1858.0;8629.5
118400;10487.5;1858.0;8629.5
118500;10487.5;1858.0;8629.5
118600;10487.5;1858.0;8629.5
118700;10603.0;1858.0;8745.0
118800;10472.5;1843.0;8629.5
118900;10348.0;1858.0;8490.0
119000;10508.0;1858.0;8650.0
119100;10548.0;1858.0;8690.0
119200;10558.0;1868.0;8690.0
119300;10428.0;1858.0;8570.0
119400;10548.0;1858.0;8690.0
119500;10668.0;1858.0;8810.0
119600;10468.0;1778.0;8690.0
119700;10038.0;1868.0;8170.0
119800;10573.0;1883.0;8690.0
119900;10568.0;1878.0;8690.0
120000;10538.0;1808.0;8730.0
120100;10685.0;1893.0;8792.0
120200;10670.0;1878.0;8792.0
120300;10506.0;1828.0;8678.0
120400;10784.0;1878.0;8906.0
120500;10556.0;1878.0;8678.0
120600;10670.0;1878.0;8792.0
120700;10660.0;1868.0;8792.0
120800;10660.0;1868.0;8792.0
120900;10660.0;1868.0;8792.0
121000;10698.0;1868.0;8830.0
121100;10490.0;1828.0;8662.0
121200;10600.0;1858.0;8742.0
121300;10720.0;1858.0;8862.0
121400;10600.0;1858.0;8742.0
121500;10890.0;1908.0;8982.0
121600;10720.0;1858.0;8862.0
121700;10735.0;1873.0;8862.0
121800;10730.0;1868.0;8862.0
121900;10730.0;1868.0;8862.0
122000;10040.0;1938.0;8102.0
122100;10880.0;1938.0;8942.0
122200;10880.0;1938.0;8942.0
122300;10915.0;1973.0;8942.0
122400;10953.5;1973.0;8980.5
122500;10958.5;1978.0;8980.5
122600;10986.0;2005.5;8980.5
122700;10963.5;1983.0;8980.5
122800;10968.5;1988.0;8980.5
122900;10963.5;1983.0;8980.5
123000;11000.0;1983.0;9017.0
123100;11036.5;1983.0;9053.5
123200;11146.0;1983.0;9163.0
123300;11181.0;2018.0;9163.0
123400;11036.5;1983.0;9053.5
123500;11026.5;1973.0;9053.5
123600;11031.5;1978.0;9053.5
123700;11141.0;1978.0;9163.0
123800;11146.0;1983.0;9163.0
123900;11036.5;1983.0;9053.5
124000;11068.0;1978.0;9090.0
124100;11104.5;1978.0;9126.5
124200;11214.0;1978.0;9236.0
124300;11104.5;1978.0;9126.5
124400;11099.5;1973.0;9126.5
124500;11130.5;2004.0;9126.5
124600;11127.5;2001.0;9126.5
124700;10962.0;2001.0;8961.0
124800;11083.5;2002.5;9081.0
124900;11202.0;2001.0;9201.0
125000;10919.0;1998.0;8921.0
125100;11279.0;1998.0;9281.0
125200;11159.0;1998.0;9161.0
125300;11171.0;2010.0;9161.0
125400;11162.0;2001.0;9161.0
125500;11277.5;1996.5;9281.0
125600;11159.0;1998.0;9161.0
125700;11042.0;2001.0;9041.0
125800;11042.0;2001.0;9041.0
125900;11138.0;1977.0;9161.0
126000;11316.0;1995.0;9321.0
126100;11249.5;2008.5;9241.0
126200;11249.5;2008.5;9241.0
126300;11215.0;1974.0;9241.0
126400;11287.0;2046.0;9241.0
126500;11329.0;2088.0;9241.0
126600;11209.0;2088.0;9121.0
126700;11458.0;2097.0;9361.0
126800;11279.5;2038.5;9241.0
126900;11329.0;2088.0;9241.0
127000;11249.0;2088.0;9161.0
127100;11490.0;2169.0;9321.0
127200;11628.0;2187.0;9441.0
127300;11404.5;2083.5;9321.0
127400;11293.5;2092.5;9201.0
127500;11364.0;2043.0;9321.0
127600;11418.0;2097.0;9321.0
127700;11298.0;2097.0;9201.0
127800;11439.5;2118.5;9321.0
127900;11436.0;2115.0;9321.0
128000;11476.0;2115.0;9361.0
128100;11006.5;2125.5;8881.0
128200;10996.0;2115.0;8881.0
128300;11516.0;2115.0;9401.0
128400;10989.0;2108.0;8881.0
128500;11516.0;2115.0;9401.0
128600;11516.0;2115.0;9401.0
128700;11516.0;2115.0;9401.0
128800;11516.0;2115.0;9401.0
128900;11636.0;2115.0;9521.0
129000;11732.0;2171.0;9561.0
129100;11589.0;2108.0;9481.0
129200;11613.5;2132.5;9481.0
129300;11599.5;2118.5;9481.0
129400;11589.0;2108.0;9481.0
129500;11507.5;2125.5;9382.0
129600;11165.0;2094.0;9071.0
129700;11619.0;2108.0;9511.0
129800;11612.0;2101.0;9511.0
129900;11647.0;2136.0;9511.0
130000;11092.0;2101.0;8991.0
130100;12049.0;2108.0;9941.0
130200;11824.0;2108.0;9716.0
130300;11197.0;2131.0;9066.0
130400;10987.0;2121.0;8866.0
130500;11752.0;2126.0;9626.0
130600;11749.5;2123.5;9626.0
130700;11742.0;2116.0;9626.0
130800;11624.5;2118.5;9506.0
130900;11747.0;2121.0;9626.0
131000;11650.0;2184.0;9466.0
131100;11908.0;2180.0;9728.0
131200;11912.0;2184.0;9728.0
131300;11912.0;2184.0;9728.0
131400;11922.0;2194.0;9728.0
131500;11925.0;2197.0;9728.0
131600;11928.0;2200.0;9728.0
131700;11808.0;2194.0;9614.0
131800;11805.0;2191.0;9614.0
131900;12030.0;2188.0;9842.0
132000;11963.0;2197.0;9766.0
132100;12004.0;2200.0;9804.0
132200;11995.0;2191.0;9804.0
132300;12132.0;2200.0;9932.0
132400;12174.0;2242.0;9932.0
132500;12027.0;2212.0;9815.0
132600;11904.0;2206.0;9698.0
132700;12027.0;2212.0;9815.0
132800;12015.0;2200.0;9815.0
132900;12021.0;2206.0;9815.0
133000;12453.0;2209.0;10244.0
133100;12099.0;2206.0;9893.0
133200;12216.0;2206.0;10010.0
133300;12099.0;2206.0;9893.0
133400;12099.0;2206.0;9893.0
133500;12093.0;2200.0;9893.0
133600;11346.0;2194.0;9152.0
133700;12093.0;2200.0;9893.0
133800;12096.0;2203.0;9893.0
133900;12123.0;2230.0;9893.0
134000;12141.0;2209.0;9932.0
134100;12168.0;2197.0;9971.0
134200;12183.0;2212.0;9971.0
134300;12177.0;2206.0;9971.0
134400;11664.0;2200.0;9464.0
134500;12171.0;2200.0;9971.0
134600;12288.0;2200.0;10088.0
134700;12162.0;2191.0;9971.0
134800;12171.0;2200.0;9971.0
134900;12123.0;2152.0;9971.0
135000;12210.0;2200.0;10010.0
135100;12249.0;2200.0;10049.0
135200;12366.0;2200.0;10166.0
135300;12249.0;2200.0;10049.0
135400;12246.0;2197.0;10049.0
135500;12633.0;2194.0;10439.0
135600;12267.0;2218.0;10049.0
135700;12240.0;2191.0;10049.0
135800;12126.0;2194.0;9932.0
135900;12126.0;2194.0;9932.0
136000;12282.0;2194.0;10088.0
136100;12321.0;2194.0;10127.0
136200;12273.0;2146.0;10127.0
136300;12204.0;2194.0;10010.0
136400;12207.0;2197.0;10010.0
136500;12306.0;2179.0;10127.0
136600;12330.0;2203.0;10127.0
136700;12321.0;2194.0;10127.0
136800;12279.0;2152.0;10127.0
136900;12333.0;2206.0;10127.0
137000;12360.0;2194.0;10166.0
137100;12405.0;2200.0;10205.0
137200;12516.0;2194.0;10322.0
137300;12399.0;2194.0;10205.0
137400;12399.0;2194.0;10205.0
137500;12399.0;2194.0;10205.0
137600;12282.0;2194.0;10088.0
137700;12532.5;2210.5;10322.0
137800;12429.0;2224.0;10205.0
137900;12442.5;2237.5;10205.0
138000;12463.5;2219.5;10244.0
138100;12507.0;2224.0;10283.0
138200;12507.0;2224.0;10283.0
138300;12399.0;2233.0;10166.0
138400;12507.0;2224.0;10283.0
138500;12511.5;2228.5;10283.0
138600;12480.0;2314.0;10166.0
138700;13005.0;2215.0;10790.0
138800;12511.5;2228.5;10283.0
138900;12367.5;2201.5;10166.0
139000;12663.0;2224.0;10439.0
139100;12585.0;2224.0;10361.0
139200;12450.0;2206.0;10244.0
139300;12567.0;2206.0;10361.0
139400;12436.5;2192.5;10244.0
139500;12693.0;2215.0;10478.0
139600;12450.0;2206.0;10244.0
139700;12553.5;2192.5;10361.0
139800;13087.5;2219.5;10868.0
139900;12732.0;2215.0;10517.0
140000;12534.0;2134.0;10400.0
140100;12645.0;2206.0;10439.0
140200;12649.5;2210.5;10439.0
140300;12645.0;2206.0;10439.0
140400;12541.5;2219.5;10322.0
140500;13035.0;2206.0;10829.0
140600;13147.5;2201.5;10946.0
140700;12654.0;2215.0;10439.0
140800;12546.0;2224.0;10322.0
140900;12537.0;2215.0;10322.0
141000;12702.0;2224.0;10478.0
141100;12777.0;2260.0;10517.0
141200;12732.0;2215.0;10517.0
141300;12741.0;2224.0;10517.0
141400;12538.0;2224.0;10314.0
141500;12729.0;2215.0;10514.0
141600;12729.0;2215.0;10514.0
141700;12715.5;2201.5;10514.0
141800;12609.0;2215.0;10394.0
141900;12729.0;2215.0;10514.0
142000;12903.0;2229.0;10674.0
142100;12833.5;2239.5;10594.0
142200;12745.0;2271.0;10474.0
142300;13213.0;2271.0;10942.0
142400;12880.0;2271.0;10609.0
142500;12719.5;2269.5;10450.0
142600;12839.5;2269.5;10570.0
142700;12841.0;2271.0;10570.0
142800;12841.0;2271.0;10570.0
142900;12839.5;2269.5;10570.0
143000;12879.5;2269.5;10610.0
143100;13266.5;2270.5;10996.0
143200;12938.5;2271.0;10667.5
143300;12938.5;2271.0;10667.5
143400;13040.0;2263.0;10777.0
143500;13048.0;2271.0;10777.0
143600;12937.5;2270.0;10667.5
143700;12944.0;2276.5;10667.5
143800;12937.5;2270.0;10667.5
143900;12475.0;2282.0;10193.0
144000;12806.0;2271.0;10535.0
144100;12799.0;2264.0;10535.0
144200;12967.0;2272.0;10695.0
144300;13426.0;2272.0;11154.0
144400;12982.0;2272.0;10710.0
144500;13093.0;2272.0;10821.0
144600;12981.0;2271.0;10710.0
144700;-885710.5;2272.5;-887983.0
144800;13092.0;2271.0;10821.0
144900;12982.0;2272.0;10710.0
145000;12857.0;2272.0;10585.0
145100;13016.0;2271.0;10745.0
145200;13019.5;2274.5;10745.0
145300;13016.0;2271.0;10745.0
145400;13536.0;2271.0;11265.0
145500;13016.0;2271.0;10745.0
145600;13016.0;2271.0;10745.0
145700;12496.0;2271.0;10225.0
145800;13017.0;2272.0;10745.0
145900;13017.0;2272.0;10745.0
146000;12937.5;2272.5;10665.0
146100;13096.0;2271.0;10825.0
146200;13097.0;2272.0;10825.0
146300;13217.5;2272.5;10945.0
146400;13096.0;2271.0;10825.0
146500;13097.5;2272.5;10825.0
146600;13097.0;2272.0;10825.0
146700;13138.0;2313.0;10825.0
146800;13665.0;2320.0;11345.0
146900;13145.0;2320.0;10825.0
147000;13171.0;2306.0;10865.0
147100;13296.0;2271.0;11025.0
147200;12792.0;2327.0;10465.0
147300;13225.0;2320.0;10905.0
147400;13296.0;2271.0;11025.0
147500;13232.0;2327.0;10905.0
147600;13232.0;2327.0;10905.0
147700;13112.0;2327.0;10785.0
147800;13232.0;2327.0;10905.0
147900;13232.0;2327.0;10905.0
148000;13392.0;2327.0;11065.0
148100;13305.0;2320.0;10985.0
148200;13291.0;2306.0;10985.0
148300;13291.0;2306.0;10985.0
148400;13171.0;2306.0;10865.0
148500;13273.5;2288.5;10985.0
148600;13298.0;2313.0;10985.0
148700;13308.5;2323.5;10985.0
148800;13305.0;2320.0;10985.0
148900;13298.0;2313.0;10985.0
149000;13908.5;2323.5;11585.0
149100;13416.5;2351.5;11065.0
149200;12858.0;2313.0;10545.0
149300;13505.0;2320.0;11185.0
149400;13378.0;2313.0;11065.0
149500;13403.0;2338.0;11065.0
149600;13483.0;2418.0;11065.0
149700;13475.0;2410.0;11065.0
149800;13451.0;2386.0;11065.0
149900;13475.0;2410.0;11065.0
150000;13635.0;2410.0;11225.0
150100;13571.0;2426.0;11145.0
150200;13691.0;2426.0;11265.0
150300;12771.0;2386.0;10385.0
150400;13555.0;2410.0;11145.0
150500;13035.0;2410.0;10625.0
150600;13691.0;2386.0;11305.0
150700;13619.0;2474.0;11145.0
150800;13571.0;2426.0;11145.0
150900;13435.0;2410.0;11025.0
151000;13475.0;2410.0;11065.0
151100;13635.0;2410.0;11225.0
151200;13619.0;2394.0;11225.0
151300;13635.0;2410.0;11225.0
151400;173651.0;162426.0;11225.0
151500;13499.0;2394.0;11105.0
151600;13755.0;2410.0;11345.0
151700;13515.0;2410.0;11105.0
151800;14163.0;2418.0;11745.0
151900;13619.0;2394.0;11225.0
152000;13539.0;2394.0;11145.0
152100;13699.0;2394.0;11305.0
152200;13699.0;2394.0;11305.0
152300;13699.0;2394.0;11305.0
152400;13715.0;2410.0;11305.0
152500;13707.0;2402.0;11305.0
152600;13683.0;2378.0;11305.0
152700;13659.0;2354.0;11305.0
152800;13539.0;2354.0;11185.0
152900;13803.0;2338.0;11465.0
153000;14291.0;2386.0;11905.0
153100;13731.0;2346.0;11385.0
153200;13747.0;2362.0;11385.0
153300;13763.0;2378.0;11385.0
153400;13779.0;2394.0;11385.0
153500;13763.0;2378.0;11385.0
153600;13619.0;2234.0;11385.0
153700;13747.0;2362.0;11385.0
153800;13747.0;2362.0;11385.0
153900;13715.0;2330.0;11385.0
154000;13803.0;2378.0;11425.0
154100;13307.0;2362.0;10945.0
154200;13843.0;2378.0;11465.0
154300;14167.0;2354.0;11813.0
154400;13858.0;2378.0;11480.0
154500;13818.0;2338.0;11480.0
154600;13361.0;2362.0;10999.0
154700;14034.0;2554.0;11480.0
154800;13874.0;2394.0;11480.0
154900;13834.0;2354.0;11480.0
155000;13895.0;2378.0;11517.0
155100;14249.0;2362.0;11887.0
155200;13916.0;2362.0;11554.0
155300;14319.0;2432.0;11887.0
155400;13986.0;2432.0;11554.0
155500;14028.0;2474.0;11554.0
155600;13821.0;2426.0;11395.0
155700;14433.5;2524.5;11909.0
155800;13802.0;2659.0;11143.0
155900;14243.0;2540.0;11703.0
156000;14277.0;2574.0;11703.0
156100;14163.0;2540.0;11623.0
156200;14095.0;2472.0;11623.0
156300;14129.0;2506.0;11623.0
156400;13857.0;2234.0;11623.0
156500;14283.0;2540.0;11743.0
156600;14095.0;2472.0;11623.0
156700;14095.0;2472.0;11623.0
156800;14095.0;2472.0;11623.0
156900;14214.0;2591.0;11623.0
157000;14101.0;2438.0;11663.0
157100;14295.0;2472.0;11823.0
157200;14141.0;2438.0;11703.0
157300;14175.0;2472.0;11703.0
157400;14158.0;2455.0;11703.0
157500;14175.0;2472.0;11703.0
157600;14175.0;2472.0;11703.0
157700;14447.0;2744.0;11703.0
157800;14175.0;2472.0;11703.0
157900;14454.0;2591.0;11863.0
158000;14607.0;2744.0;11863.0
158100;14129.0;2506.0;11623.0
158200;14204.0;2541.0;11663.0
158300;14309.5;2526.5;11783.0
158400;14367.5;2584.5;11783.0
158500;14353.0;2570.0;11783.0
158600;14204.0;2541.0;11663.0
158700;14382.0;2599.0;11783.0
158800;14353.0;2570.0;11783.0
158900;14513.0;2570.0;11943.0
159000;14273.0;2570.0;11703.0
159100;14491.0;2628.0;11863.0
159200;14433.0;2570.0;11863.0
159300;14476.5;2613.5;11863.0
159400;14476.5;2613.5;11863.0
159500;14433.0;2570.0;11863.0
159600;14433.0;2570.0;11863.0
159700;14567.5;2584.5;11983.0
159800;14520.0;2657.0;11863.0
159900;14433.0;2570.0;11863.0
160000;14502.0;2599.0;11903.0
160100;14498.5;2555.5;11943.0
160200;14832.0;2889.0;11943.0
160300;14633.0;2570.0;12063.0
160400;14393.0;2570.0;11823.0
160500;14673.0;2570.0;12103.0
160600;14513.0;2570.0;11943.0
160700;14513.0;2570.0;11943.0
160800;14484.0;2541.0;11943.0
160900;14484.0;2541.0;11943.0
161000;14524.0;2541.0;11983.0
161100;14564.0;2541.0;12023.0
161200;14564.0;2541.0;12023.0
161300;14564.0;2541.0;12023.0
161400;14564.0;2541.0;12023.0
161500;14593.0;2570.0;12023.0
161600;14593.0;2570.0;12023.0
161700;14549.5;2526.5;12023.0
161800;14593.0;2570.0;12023.0
161900;14593.0;2570.0;12023.0
162000;14691.0;2628.0;12063.0
162100;14702.0;2599.0;12103.0
162200;14822.0;2599.0;12223.0
162300;14789.0;2686.0;12103.0
162400;14211.0;2628.0;11583.0
162500;14499.0;2396.0;12103.0
162600;14760.0;2657.0;12103.0
162700;14731.0;2628.0;12103.0
162800;14596.5;2613.5;11983.0
162900;14611.0;2628.0;11983.0
163000;14814.5;2671.5;12143.0
163100;14811.0;2628.0;12183.0
163200;14734.5;2671.5;12063.0
163300;14931.0;2628.0;12303.0
163400;14840.0;2657.0;12183.0
163500;14840.0;2657.0;12183.0
163600;14782.0;2599.0;12183.0
163700;14782.0;2599.0;12183.0
163800;14782.0;2599.0;12183.0
163900;14662.0;2599.0;12063.0
164000;14851.0;2628.0;12223.0
164100;15212.0;2599.0;12613.0
164200;14308.0;2570.0;11738.0
164300;14868.0;2570.0;12298.0
164400;14868.0;2570.0;12298.0
164500;14868.0;2570.0;12298.0
164600;14868.0;2570.0;12298.0
164700;14853.5;2555.5;12298.0
164800;14897.0;2599.0;12298.0
164900;14882.5;2584.5;12298.0
165000;14879.0;2541.0;12338.0
165100;14919.0;2541.0;12378.0
165200;14687.0;2309.0;12378.0
165300;15074.0;2576.0;12498.0
165400;14458.0;2600.0;11858.0
165500;14660.0;2402.0;12258.0
165600;14948.0;2570.0;12378.0
165700;14802.0;2584.0;12218.0
165800;14962.0;2584.0;12378.0
165900;14948.0;2570.0;12378.0
166000;14882.0;2584.0;12298.0
166100;14938.0;2480.0;12458.0
166200;14986.0;2528.0;12458.0
166300;15554.0;2576.0;12978.0
166400;14946.0;2608.0;12338.0
166500;15034.0;2576.0;12458.0
166600;15034.0;2576.0;12458.0
166700;15034.0;2576.0;12458.0
166800;15034.0;2576.0;12458.0
166900;15290.0;2832.0;12458.0
167000;15106.0;2608.0;12498.0
167100;15082.0;2544.0;12538.0
167200;15130.0;2592.0;12538.0
167300;15114.0;2576.0;12538.0
167400;15114.0;2576.0;12538.0
167500;15050.0;2512.0;12538.0
167600;15114.0;2576.0;12538.0
167700;15162.0;2624.0;12538.0
167800;15114.0;2576.0;12538.0
167900;15114.0;2576.0;12538.0
168000;15154.0;2576.0;12578.0
168100;14842.0;2224.0;12618.0
168200;15762.0;2624.0;13138.0
168300;15178.0;2560.0;12618.0
168400;15106.0;2608.0;12498.0
168500;15106.0;2608.0;12498.0
168600;15106.0;2608.0;12498.0
168700;15226.0;2608.0;12618.0
168800;15346.0;2608.0;12738.0
168900;15194.0;2576.0;12618.0
169000;15266.0;2608.0;12658.0
169100;15306.0;2608.0;12698.0
169200;15258.0;2560.0;12698.0
169300;15306.0;2608.0;12698.0
169400;15394.0;2576.0;12818.0
169500;15306.0;2608.0;12698.0
169600;15306.0;2608.0;12698.0
169700;15306.0;2608.0;12698.0
169800;15306.0;2608.0;12698.0
169900;14922.0;2624.0;12298.0
170000;15378.0;2640.0;12738.0
170100;15418.0;2640.0;12778.0
170200;15906.0;2608.0;13298.0
170300;15298.0;2640.0;12658.0
170400;14898.0;2640.0;12258.0
170500;15791.5;2624.0;13167.5
170600;15410.5;2608.0;12802.5
170700;15410.5;2608.0;12802.5
170800;15154.5;2352.0;12802.5
170900;15410.5;2608.0;12802.5
171000;15447.0;2608.0;12839.0
171100;15246.0;2576.0;12670.0
171200;15542.0;2592.0;12950.0
171300;15726.0;2896.0;12830.0
171400;15494.0;2544.0;12950.0
171500;15030.0;2640.0;12390.0
171600;15662.0;2832.0;12830.0
171700;15406.0;2576.0;12830.0
171800;15406.0;2576.0;12830.0
171900;15598.0;2608.0;12990.0
172000;15510.0;2640.0;12870.0
172100;15486.0;2576.0;12910.0
172200;14966.0;2576.0;12390.0
172300;15486.0;2576.0;12910.0
172400;15606.0;2576.0;13030.0
172500;15454.0;2544.0;12910.0
172600;15454.0;2544.0;12910.0
172700;16002.0;2572.0;13430.0
172800;15482.0;2572.0;12910.0
172900;15606.0;2536.0;13070.0
173000;15522.0;2572.0;12950.0
173100;15518.0;2688.0;12830.0
173200;15564.0;2574.0;12990.0
173300;15608.0;2498.0;13110.0
173400;15507.0;2517.0;12990.0
173500;15444.0;2574.0;12870.0
173600;15868.0;2878.0;12990.0
173700;15082.0;2612.0;12470.0
173800;15602.0;2612.0;12990.0
173900;15482.0;2612.0;12870.0
174000;16179.0;2650.0;13529.0
174100;15640.0;2555.0;13085.0
174200;16254.0;2688.0;13566.0
174300;15178.0;2574.0;12604.0
174400;15846.0;2650.0;13196.0
174500;15254.0;2650.0;12604.0
174600;15808.0;2612.0;13196.0
174700;15735.0;2650.0;13085.0
174800;15621.0;2536.0;13085.0
174900;15754.0;2669.0;13085.0
175000;16142.0;2650.0;13492.0
175100;15809.0;2650.0;13159.0
175200;15809.0;2650.0;13159.0
175300;15809.0;2650.0;13159.0
175400;15828.0;2669.0;13159.0
175500;15828.0;2669.0;13159.0
175600;15346.0;2346.0;13000.0
175700;15966.0;2726.0;13240.0
175800;15865.0;2745.0;13120.0
175900;15808.0;2688.0;13120.0
176000;16465.0;2745.0;13720.0
176100;15888.0;2688.0;13200.0
176200;15926.0;2726.0;13200.0
176300;15888.0;2688.0;13200.0
176400;16002.0;2802.0;13200.0
176500;15888.0;2688.0;13200.0
176600;15888.0;2688.0;13200.0
176700;15570.0;2650.0;12920.0
176800;15888.0;2688.0;13200.0
176900;15768.0;2688.0;13080.0
177000;16048.0;2688.0;13360.0
177100;16088.0;2688.0;13400.0
177200;16272.0;2992.0;13280.0
177300;16006.0;2726.0;13280.0
177400;15746.0;2346.0;13400.0
177500;15873.0;2593.0;13280.0
177600;15892.0;2612.0;13280.0
177700;15962.0;2682.0;13280.0
177800;15962.0;2682.0;13280.0
177900;16094.0;2654.0;13440.0
178000;15974.0;2654.0;13320.0
178100;15972.0;2612.0;13360.0
178200;15560.0;2640.0;12920.0
178300;15986.0;2626.0;13360.0
178400;16042.0;2682.0;13360.0
178500;15642.0;2402.0;13240.0
178600;15986.0;2626.0;13360.0
178700;16028.0;2668.0;13360.0
178800;16014.0;2654.0;13360.0
178900;16014.0;2654.0;13360.0
179000;16054.0;2654.0;13400.0
179100;16490.0;2598.0;13892.0
179200;16086.0;2626.0;13460.0
179300;15882.0;2626.0;13256.0
179400;16077.0;2626.0;13451.0
179500;16077.0;2626.0;13451.0
179600;16105.0;2654.0;13451.0
179700;15884.0;2550.0;13334.0
179800;16129.0;2678.0;13451.0
179900;16065.0;2614.0;13451.0
180000;16104.0;2614.0;13490.0
180100;16143.0;2614.0;13529.0
180200;16143.0;2614.0;13529.0
180300;16618.0;2582.0;14036.0
180400;16143.0;2614.0;13529.0
180500;16367.0;2838.0;13529.0
180600;16618.0;2582.0;14036.0
180700;16111.0;2582.0;13529.0
180800;16010.0;2598.0;13412.0
180900;16143.0;2614.0;13529.0
181000;16230.0;2662.0;13568.0
181100;16221.0;2614.0;13607.0
181200;16402.0;2678.0;13724.0
181300;16237.0;2630.0;13607.0
181400;16285.0;2678.0;13607.0
181500;16253.0;2646.0;13607.0
181600;16221.0;2614.0;13607.0
181700;16253.0;2646.0;13607.0
181800;16253.0;2646.0;13607.0
181900;16473.0;2710.0;13763.0
182000;15746.0;2646.0;13100.0
182100;16480.0;2678.0;13802.0
182200;16246.0;2678.0;13568.0
182300;16363.0;2678.0;13685.0
182400;16331.0;2646.0;13685.0
182500;16214.0;2646.0;13568.0
182600;16363.0;2678.0;13685.0
182700;16315.0;2630.0;13685.0
182800;16582.0;2390.0;14192.0
182900;15558.0;2614.0;12944.0
183000;16519.0;2678.0;13841.0
183100;16441.0;2678.0;13763.0
183200;16441.0;2678.0;13763.0
183300;16324.0;2678.0;13646.0
183400;15902.0;2646.0;13256.0
183500;16473.0;2710.0;13763.0
183600;16473.0;2710.0;13763.0
183700;16473.0;2710.0;13763.0
183800;16356.0;2710.0;13646.0
183900;16276.0;2630.0;13646.0
184000;17074.0;2726.0;14348.0
184100;16439.0;2598.0;13841.0
184200;16679.0;2838.0;13841.0
184300;16535.0;2694.0;13841.0
184400;16316.0;2678.0;13638.0
184500;16636.0;2678.0;13958.0
184600;16484.0;2646.0;13838.0
184700;16290.0;2452.0;13838.0
184800;16656.0;2938.0;13718.0
184900;17008.0;2650.0;14358.0
185000;16816.0;2938.0;13878.0
185100;16706.0;2668.0;14038.0
185200;16598.0;2560.0;14038.0
185300;16532.0;2614.0;13918.0
185400;16586.0;2668.0;13918.0
185500;16924.5;2614.0;14310.5
185600;16513.5;2578.0;13935.5
185700;16513.5;2578.0;13935.5
185800;16513.5;2578.0;13935.5
185900;16549.5;2614.0;13935.5
186000;16623.0;2650.0;13973.0
186100;16624.5;2614.0;14010.5
186200;16737.0;2614.0;14123.0
186300;17112.0;2614.0;14498.0
186400;16038.0;2740.0;13298.0
186500;16472.0;2614.0;13858.0
186600;16628.0;2650.0;13978.0
186700;16220.0;2362.0;13858.0
186800;16656.0;2678.0;13978.0
186900;16608.0;2630.0;13978.0
187000;16696.0;2678.0;14018.0
187100;16992.0;2934.0;14058.0
187200;16604.5;2546.5;14058.0
187300;16572.0;2634.0;13938.0
187400;16762.0;2704.0;14058.0
187500;16607.0;2669.0;13938.0
187600;16692.0;2634.0;14058.0
187700;16727.0;2669.0;14058.0
187800;16917.0;2739.0;14178.0
187900;17229.5;2651.5;14578.0
188000;16682.0;2704.0;13978.0
188100;17637.0;2739.0;14898.0
188200;16402.0;2704.0;13698.0
188300;16877.0;2739.0;14138.0
188400;16492.0;2354.0;14138.0
188500;16912.0;2774.0;14138.0
188600;16962.0;2704.0;14258.0
188700;16757.0;2739.0;14018.0
188800;16739.5;2721.5;14018.0
188900;16929.5;2791.5;14138.0
189000;16357.0;2739.0;13618.0
189100;17077.0;2739.0;14338.0
189200;17079.5;2861.5;14218.0
189300;17342.0;3124.0;14218.0
189400;17367.0;2389.0;14978.0
189500;17112.0;2774.0;14338.0
189600;17077.0;2739.0;14338.0
189700;17669.5;2931.5;14738.0
189800;16957.0;2739.0;14218.0
189900;16744.5;2686.5;14058.0
190000;17169.5;2791.5;14378.0
190100;17037.0;2739.0;14298.0
190200;17089.5;2791.5;14298.0
190300;17037.0;2739.0;14298.0
190400;17093.0;2795.0;14298.0
190500;17112.0;2814.0;14298.0
190600;17055.0;2757.0;14298.0
190700;17055.0;2757.0;14298.0
190800;16935.0;2757.0;14178.0
190900;17055.0;2757.0;14298.0
191000;17057.0;2719.0;14338.0
191100;17097.0;2719.0;14378.0
191200;17116.0;2738.0;14378.0
191300;17135.0;2757.0;14378.0
191400;17135.0;2757.0;14378.0
191500;17135.0;2757.0;14378.0
191600;17135.0;2757.0;14378.0
191700;-958223.0;2719.0;-960942.0
191800;16977.0;2719.0;14258.0
191900;17137.0;2719.0;14418.0
192000;17175.0;2757.0;14418.0
192100;17253.0;2795.0;14458.0
192200;17057.0;2719.0;14338.0
192300;17335.0;2757.0;14578.0
192400;17177.0;2719.0;14458.0
192500;17215.0;2757.0;14458.0
192600;17278.0;2700.0;14578.0
192700;17095.0;2757.0;14338.0
192800;17215.0;2757.0;14458.0
192900;17325.0;2827.0;14498.0
193000;17253.0;2875.0;14378.0
193100;17341.0;2803.0;14538.0
193200;17365.0;2827.0;14538.0
193300;17101.0;2563.0;14538.0
193400;17797.0;3259.0;14538.0
193500;17365.0;2827.0;14538.0
193600;17365.0;2827.0;14538.0
193700;17293.0;2755.0;14538.0
193800;17365.0;2827.0;14538.0
193900;17525.0;2827.0;14698.0
194000;17213.0;2755.0;14458.0
194100;17373.0;2755.0;14618.0
194200;17397.0;2779.0;14618.0
194300;17565.0;2947.0;14618.0
194400;17965.0;2827.0;15138.0
194500;497685.0;483067.0;14618.0
194600;17445.0;2827.0;14618.0
194700;17253.0;2755.0;14498.0
194800;17397.0;2779.0;14618.0
194900;16997.0;2779.0;14218.0
195000;17533.0;2755.0;14778.0
195100;17477.0;2779.0;14698.0
195200;17405.0;2707.0;14698.0
195300;17477.0;2779.0;14698.0
195400;17309.0;2611.0;14698.0
195500;17916.0;2827.0;15089.0
195600;17498.0;2779.0;14719.0
195700;17546.0;2827.0;14719.0
195800;17450.0;2731.0;14719.0
195900;17323.0;2899.0;14424.0
196000;17547.0;2803.0;14744.0
196100;17635.0;2731.0;14904.0
196200;18083.0;2779.0;15304.0
196300;17563.0;2779.0;14784.0
196400;17707.0;2923.0;14784.0
196500;17467.0;2683.0;14784.0
196600;17563.0;2779.0;14784.0
196700;17355.0;2851.0;14504.0
196800;17707.0;2923.0;14784.0
196900;17659.0;2875.0;14784.0
197000;17507.0;2803.0;14704.0
197100;17691.0;2827.0;14864.0
197200;17715.0;2851.0;14864.0
197300;17874.0;2890.0;14984.0
197400;17835.0;2851.0;14984.0
197500;17715.0;2851.0;14864.0
197600;17874.0;2890.0;14984.0
197700;17676.0;2812.0;14864.0
197800;17595.0;2851.0;14744.0
197900;18027.0;3163.0;14864.0
198000;18187.0;3163.0;15024.0
198100;17834.0;2890.0;14944.0
198200;17658.5;2714.5;14944.0
198300;17915.0;2851.0;15064.0
198400;17636.0;2812.0;14824.0
198500;17333.5;2909.5;14424.0
198600;18009.5;3065.5;14944.0
198700;17834.0;2890.0;14944.0
198800;18266.0;3202.0;15064.0
198900;17714.0;2890.0;14824.0
199000;17442.0;2578.0;14864.0
199100;17602.0;2578.0;15024.0
199200;17875.0;2851.0;15024.0
199300;17813.5;2909.5;14904.0
199400;17961.0;2909.5;15051.5
199500;17902.5;2851.0;15051.5
199600;17863.5;2812.0;15051.5
199700;18015.0;2851.0;15164.0
199800;18054.0;2890.0;15164.0
199900;17590.5;2539.0;15051.5
200000;17979.0;2890.0;15089.0
200100;17920.5;2831.5;15089.0
200200;18016.5;2890.0;15126.5
200300;18160.0;2921.0;15239.0
200400;17909.0;2935.0;14974.0
200500;18013.5;2919.5;15094.0
200600;18123.5;3029.5;15094.0
200700;18163.0;3069.0;15094.0
200800;18163.0;3069.0;15094.0
200900;18163.0;3069.0;15094.0
201000;18323.0;3069.0;15254.0
201100;18083.0;3069.0;15014.0
201200;18243.0;3069.0;15174.0
201300;18243.0;3069.0;15174.0
201400;17723.0;3069.0;14654.0
201500;428287.0;413233.0;15054.0
201600;18202.0;3028.0;15174.0
201700;18177.5;3123.5;15054.0
201800;18223.5;3049.5;15174.0
201900;18162.0;3068.0;15094.0
202000;18319.0;3105.0;15214.0
202100;18374.5;3160.5;15214.0
202200;18183.5;3049.5;15134.0
202300;18359.0;3105.0;15254.0
202400;18535.0;3401.0;15134.0
202500;18544.0;3290.0;15254.0
202600;18276.0;3142.0;15134.0
202700;18359.0;3105.0;15254.0
202800;18396.0;3142.0;15254.0
202900;18436.0;3142.0;15294.0
203000;18116.0;3142.0;14974.0
203100;18140.0;2846.0;15294.0
203200;18996.0;3142.0;15854.0
203300;18540.5;3086.5;15454.0
203400;17956.0;3142.0;14814.0
203500;18833.0;3105.0;15728.0
203600;17996.0;3142.0;14854.0
203700;18823.0;3475.0;15348.0
203800;18937.0;3475.0;15462.0
203900;18620.5;3234.5;15386.0
204000;18607.0;3179.0;15428.0
204100;18644.0;3216.0;15428.0
204200;19334.0;3216.0;16118.0
204300;18782.0;3216.0;15566.0
204400;18678.5;3216.0;15462.5
204500;18641.5;3179.0;15462.5
204600;18669.0;3179.0;15490.0
204700;18528.5;3197.5;15331.0
204800;18630.0;3179.0;15451.0
204900;18670.0;3179.0;15491.0
205000;18725.5;3234.5;15491.0
205100;18670.0;3179.0;15491.0
205200;18830.0;3179.0;15651.0
205300;18747.0;3216.0;15531.0
205400;18710.0;3179.0;15531.0
205500;18691.5;3160.5;15531.0
205600;18867.5;3216.5;15651.0
205700;18610.0;3199.0;15411.0
205800;18712.5;3181.5;15531.0
205900;18805.0;3234.0;15571.0
206000;19304.0;3234.0;16070.0
206100;18661.0;3234.0;15427.0
206200;18786.0;3199.0;15587.0
206300;19098.5;3391.5;15707.0
206400;18718.5;3251.5;15467.0
206500;18666.0;3199.0;15467.0
206600;18870.0;3283.0;15587.0
206700;18864.0;3157.0;15707.0
206800;18884.0;3297.0;15587.0
206900;18350.0;3283.0;15067.0
207000;18910.0;3283.0;15627.0
207100;18854.0;3227.0;15627.0
207200;18978.0;3311.0;15667.0
207300;19498.0;3311.0;16187.0
207400;18978.0;3311.0;15667.0
207500;18994.5;3311.0;15683.5
207600;19110.0;3311.0;15799.0
207700;18994.5;3311.0;15683.5
207800;18770.5;3087.0;15683.5
207900;19061.0;3339.0;15722.0
208000;18945.5;3339.0;15606.5
208100;19176.5;3339.0;15837.5
208200;19323.5;3563.0;15760.5
208300;19600.0;3339.0;16261.0
208400;19295.5;3535.0;15760.5
208500;19099.5;3339.0;15760.5
208600;19012.0;3367.0;15645.0
208700;19099.5;3339.0;15760.5
208800;19127.5;3367.0;15760.5
208900;19133.0;3475.0;15658.0
209000;19199.0;3421.0;15778.0
209100;19253.0;3475.0;15778.0
209200;19275.0;3457.0;15818.0
209300;19302.0;3484.0;15818.0
209400;18835.0;3457.0;15378.0
209500;19302.0;3484.0;15818.0
209600;19275.0;3457.0;15818.0
209700;19311.0;3493.0;15818.0
209800;19146.0;3448.0;15698.0
209900;19333.0;3475.0;15858.0
210000;19496.0;3518.0;15978.0
210100;19334.0;3476.0;15858.0
210200;19515.0;3497.0;16018.0
210300;19261.0;3483.0;15778.0
210400;19381.0;3483.0;15898.0
210500;19395.0;3497.0;15898.0
210600;19395.0;3497.0;15898.0
210700;19395.0;3497.0;15898.0
210800;19915.0;3497.0;16418.0
210900;20107.0;3609.0;16498.0
211000;19435.0;3497.0;15938.0
211100;19435.0;3497.0;15938.0
211200;19475.0;3497.0;15978.0
211300;19475.0;3497.0;15978.0
211400;19581.0;3483.0;16098.0
211500;19489.0;3511.0;15978.0
211600;19475.0;3497.0;15978.0
211700;18941.0;3483.0;15458.0
211800;18955.0;3497.0;15458.0
211900;19515.0;3497.0;16018.0
212000;19515.0;3497.0;16018.0
212100;20033.0;3623.0;16410.0
212200;19921.0;3511.0;16410.0
212300;19558.0;3490.0;16068.0
212400;19579.0;3511.0;16068.0
212500;19579.0;3511.0;16068.0
212600;19579.0;3511.0;16068.0
212700;19567.0;3613.0;15954.0
212800;19633.0;3565.0;16068.0
212900;20435.0;3569.0;16866.0
213000;19139.0;3565.0;15574.0
213100;19671.0;3565.0;16106.0
213200;19701.0;3557.0;16144.0
213300;19807.0;3549.0;16258.0
213400;19595.0;3565.0;16030.0
213500;20203.0;3565.0;16638.0
213600;20203.0;3565.0;16638.0
213700;19587.0;3557.0;16030.0
213800;19709.0;3565.0;16144.0
213900;19207.0;3557.0;15650.0
214000;19803.0;3621.0;16182.0
214100;20271.0;3557.0;16714.0
214200;19777.0;3557.0;16220.0
214300;19777.0;3557.0;16220.0
214400;19883.0;3549.0;16334.0
214500;19833.0;3613.0;16220.0
214600;19643.0;3537.0;16106.0
214700;19279.0;3553.0;15726.0
214800;20255.0;3541.0;16714.0
214900;19799.0;3541.0;16258.0
215000;20029.5;3605.0;16424.5
215100;19673.5;3541.0;16132.5
215200;19839.5;3549.0;16290.5
215300;19950.0;3541.0;16409.0
215400;19823.5;3533.0;16290.5
215500;19831.5;3541.0;16290.5
215600;19819.5;3529.0;16290.5
215700;19843.5;3553.0;16290.5
215800;19831.5;3541.0;16290.5
215900;19752.5;3541.0;16211.5
216000;19859.0;3529.0;16330.0
216100;19935.0;3605.0;16330.0
216200;20029.0;3541.0;16488.0
216300;20033.0;3545.0;16488.0
216400;19846.5;3477.0;16369.5
216500;19854.5;3485.0;16369.5
216600;19800.0;3549.0;16251.0
216700;20029.0;3541.0;16488.0
216800;19910.5;3541.0;16369.5
216900;19910.0;3501.0;16409.0
217000;19831.5;3541.0;16290.5
217100;19942.0;3533.0;16409.0
217200;19562.0;3549.0;16013.0
217300;20014.0;3561.0;16453.0
217400;19998.0;3545.0;16453.0
217500;19458.0;3525.0;15933.0
217600;19986.0;3533.0;16453.0
217700;20118.0;3545.0;16573.0
217800;20538.0;3565.0;16973.0
217900;20022.0;3529.0;16493.0
218000;20034.0;3541.0;16493.0
218100;19914.0;3541.0;16373.0
218200;20074.0;3541.0;16533.0
218300;20110.0;3577.0;16533.0
218400;20066.0;3533.0;16533.0
218500;20186.0;3533.0;16653.0
218600;20066.0;3533.0;16533.0
218700;20070.0;3537.0;16533.0
218800;20058.0;3525.0;16533.0
218900;20906.0;3533.0;17373.0
219000;20098.0;3525.0;16573.0
219100;20106.0;3533.0;16573.0
219200;20138.0;3525.0;16613.0
219300;20666.0;3533.0;17133.0
219400;20146.0;3533.0;16613.0
219500;20266.0;3533.0;16733.0
219600;20130.0;3517.0;16613.0
219700;20138.0;3525.0;16613.0
219800;20134.0;3521.0;16613.0
219900;20186.0;3533.0;16653.0
220000;20346.0;3533.0;16813.0
220100;20250.0;3597.0;16653.0
220200;20226.0;3533.0;16693.0
220300;20226.0;3533.0;16693.0
220400;20106.0;3533.0;16573.0
220500;20746.0;3533.0;17213.0
220600;19786.0;3533.0;16253.0
220700;20226.0;3533.0;16693.0
220800;20226.0;3533.0;16693.0
220900;20398.0;3545.0;16853.0
221000;20202.0;3469.0;16733.0
221100;20258.0;3525.0;16733.0
221200;20314.0;3541.0;16773.0
221300;20242.0;3469.0;16773.0
221400;20306.0;3533.0;16773.0
221500;20094.0;3521.0;16573.0
221600;20850.0;3557.0;17293.0
221700;20406.0;3513.0;16893.0
221800;20298.0;3525.0;16773.0
221900;20346.0;3533.0;16813.0
222000;20210.0;3517.0;16693.0
222100;20346.0;3533.0;16813.0
222200;20506.0;3533.0;16973.0
222300;20266.0;3533.0;16733.0
222400;20970.0;3597.0;17373.0
222500;20362.0;3509.0;16853.0
222600;20386.0;3533.0;16853.0
222700;20414.0;3561.0;16853.0
222800;20330.0;3597.0;16733.0
222900;20434.0;3541.0;16893.0
223000;20444.0;3551.0;16893.0
223100;20414.0;3521.0;16893.0
223200;20484.0;3551.0;16933.0
223300;20604.0;3551.0;17053.0
223400;20474.0;3541.0;16933.0
223500;19724.0;3551.0;16173.0
223600;20619.0;3566.0;17053.0
223700;20644.0;3551.0;17093.0
223800;20484.0;3551.0;16933.0
223900;20469.0;3496.0;16973.0
224000;20514.0;3541.0;16973.0
224100;20524.0;3551.0;16973.0
224200;20444.0;3551.0;16893.0
224300;20475.0;3561.0;16914.0
224400;20575.5;3546.0;17029.5
224500;20465.0;3551.0;16914.0
224600;20605.5;3576.0;17029.5
224700;20580.5;3551.0;17029.5
224800;20625.5;3596.0;17029.5
224900;20713.0;3645.0;17068.0
225000;20713.0;3645.0;17068.0
225100;20713.0;3645.0;17068.0
225200;20729.5;3623.0;17106.5
225300;20751.5;3645.0;17106.5
225400;20751.5;3645.0;17106.5
225500;21252.0;3645.0;17607.0
225600;20867.0;3645.0;17222.0
225700;20718.5;3612.0;17106.5
225800;20729.5;3623.0;17106.5
225900;20649.0;3645.0;17004.0
226000;20725.0;3601.0;17124.0
226100;20638.0;3634.0;17004.0
226200;20901.0;3737.0;17164.0
226300;20885.0;3721.0;17164.0
226400;21413.0;3729.0;17684.0
226500;21005.0;3721.0;17284.0
226600;20885.0;3721.0;17164.0
226700;20909.0;3745.0;17164.0
226800;20885.0;3721.0;17164.0
226900;21069.0;3745.0;17324.0
227000;20933.0;3729.0;17204.0
227100;20869.0;3785.0;17084.0
227200;20949.0;3705.0;17244.0
227300;20957.0;3713.0;17244.0
227400;20997.0;3753.0;17244.0
227500;20829.0;3705.0;17124.0
227600;20999.5;3755.5;17244.0
227700;20896.0;3772.0;17124.0
227800;21147.0;3783.0;17364.0
227900;21176.0;3772.0;17404.0
228000;21211.0;3807.0;17404.0
228100;20971.0;3807.0;17164.0
228200;21131.0;3807.0;17324.0
228300;21095.0;3771.0;17324.0
228400;21005.0;3801.0;17204.0
228500;20596.0;3792.0;16804.0
228600;21125.0;3801.0;17324.0
228700;21125.0;3801.0;17324.0
228800;21116.0;3792.0;17324.0
228900;21039.0;3795.0;17244.0
229000;21159.0;3795.0;17364.0
229100;21153.0;3789.0;17364.0
229200;21229.0;3825.0;17404.0
229300;21202.0;3798.0;17404.0
229400;21079.0;3795.0;17284.0
229500;20661.0;3777.0;16884.0
229600;21232.5;3828.5;17404.0
229700;21249.0;3845.0;17404.0
229800;21243.5;3839.5;17404.0
229900;21300.0;3856.0;17444.0
230000;21300.0;3856.0;17444.0
230100;21311.0;3867.0;17444.0
230200;21340.0;3856.0;17484.0
230300;21340.0;3856.0;17484.0
230400;21329.0;3845.0;17484.0
230500;21312.5;3828.5;17484.0
230600;21209.0;3845.0;17364.0
230700;21367.5;3883.5;17484.0
230800;21323.5;3839.5;17484.0
230900;21391.0;3867.0;17524.0
231000;21380.0;3856.0;17524.0
231100;21380.0;3856.0;17524.0
231200;21420.0;3856.0;17564.0
231300;21409.0;3845.0;17564.0
231400;21436.5;3872.5;17564.0
231500;21540.0;3856.0;17684.0
231600;21007.5;3883.5;17124.0
231700;21469.5;3905.5;17564.0
231800;21551.0;3867.0;17684.0
231900;21471.0;3867.0;17604.0
232000;21351.0;3867.0;17484.0
232100;22031.0;3867.0;18164.0
232200;21511.0;3867.0;17644.0
232300;21631.0;3867.0;17764.0
232400;21380.0;3856.0;17524.0
232500;21489.0;3845.0;17644.0
232600;21494.5;3850.5;17644.0
232700;21500.0;3856.0;17644.0
232800;21620.0;3856.0;17764.0
232900;21398.0;3834.0;17564.0
233000;21551.0;3867.0;17684.0
233100;21562.0;3878.0;17684.0
233200;21591.0;3867.0;17724.0
233300;21471.0;3867.0;17604.0
233400;21591.0;3867.0;17724.0
233500;21755.0;3911.0;17844.0
233600;21471.0;3867.0;17604.0
233700;21602.0;3878.0;17724.0
233800;21602.0;3878.0;17724.0
233900;21642.0;3878.0;17764.0
234000;22213.0;3889.0;18324.0
234100;21762.0;3878.0;17884.0
234200;21682.0;3878.0;17804.0
234300;21682.0;3878.0;17804.0
234400;21687.5;3883.5;17804.0
234500;21632.5;3828.5;17804.0
234600;21682.0;3856.0;17826.0
234700;21502.0;3790.0;17712.0
234800;21693.0;3867.0;17826.0
234900;21725.5;3861.5;17864.0
235000;21742.0;3878.0;17864.0
235100;21210.0;3878.0;17332.0
235200;21780.0;3878.0;17902.0
235300;21763.5;3861.5;17902.0
235400;21868.0;3966.0;17902.0
235500;21818.5;3916.5;17902.0
235600;21945.5;3929.5;18016.0
235700;21839.0;3937.0;17902.0
235800;22333.0;3937.0;18396.0
235900;21991.0;3937.0;18054.0
236000;21877.0;3937.0;17940.0
236100;21902.0;3962.0;17940.0
236200;22054.0;3962.0;18092.0
236300;21940.0;3962.0;17978.0
236400;21826.0;3962.0;17864.0
236500;21954.0;3976.0;17978.0
236600;21985.0;4007.0;17978.0
236700;21978.0;4000.0;17978.0
236800;21857.0;3993.0;17864.0
236900;22026.5;4010.5;18016.0
237000;22165.0;4035.0;18130.0
237100;22080.5;4064.5;18016.0
237200;22615.0;4067.0;18548.0
237300;22113.5;4059.5;18054.0
237400;22501.0;4067.0;18434.0
237500;22143.0;4067.0;18076.0
237600;22143.0;4067.0;18076.0
237700;22508.0;4072.0;18436.0
237800;22145.5;4069.5;18076.0
237900;22003.0;4067.0;17936.0
238000;22123.0;4067.0;18056.0
238100;22188.0;4012.0;18176.0
238200;22158.0;4062.0;18096.0
238300;22158.0;4062.0;18096.0
238400;22158.0;4062.0;18096.0
238500;22158.0;4062.0;18096.0
238600;22678.0;4062.0;18616.0
238700;22668.0;4052.0;18616.0
238800;22153.0;4057.0;18096.0
238900;22193.0;4057.0;18136.0
239000;22353.0;4097.0;18256.0
239100;22198.0;4062.0;18136.0
239200;22248.0;4072.0;18176.0
239300;22235.5;4059.5;18176.0
239400;22273.0;4097.0;18176.0
239500;22118.0;4062.0;18056.0
239600;22238.0;4062.0;18176.0
239700;22271.5;4057.0;18214.5
239800;22271.5;4057.0;18214.5
239900;22308.0;4057.0;18251.0
240000;22313.0;4062.0;18251.0
240100;22313.0;4062.0;18251.0
240200;22309.5;4022.0;18287.5
240300;22389.5;4102.0;18287.5
240400;22347.0;4059.5;18287.5
240500;22454.0;4057.0;18397.0
240600;22344.5;4057.0;18287.5
240700;22176.5;4054.5;18122.0
240800;22419.0;4057.0;18362.0
240900;22339.0;4057.0;18282.0
241000;22344.0;4062.0;18282.0
241100;22336.5;4054.5;18282.0
241200;22379.0;4057.0;18322.0
241300;22381.5;4059.5;18322.0
241400;22379.0;4057.0;18322.0
241500;22379.0;4057.0;18322.0
241600;22379.0;4057.0;18322.0
241700;22440.0;4118.0;18322.0
241800;22428.0;4106.0;18322.0
241900;22468.0;4106.0;18362.0
242000;22522.0;4118.0;18404.0
242100;22887.0;4118.0;18769.0
242200;22060.0;4094.0;17966.0
242300;22656.0;4106.0;18550.0
242400;22534.5;4094.0;18440.5
242500;22644.0;4094.0;18550.0
242600;22644.0;4094.0;18550.0
242700;22387.0;4112.0;18275.0
242800;22524.0;4129.0;18395.0
242900;22564.0;4129.0;18435.0
243000;22740.0;4185.0;18555.0
243100;22564.0;4129.0;18435.0
243200;22646.0;4171.0;18475.0
243300;22647.0;4172.0;18475.0
243400;22646.5;4171.5;18475.0
243500;23051.0;4182.0;18869.0
243600;22659.0;4170.0;18489.0
243700;22598.5;4223.5;18375.0
243800;22834.0;4231.0;18603.0
243900;22750.5;4223.5;18527.0
244000;22755.5;4228.5;18527.0
244100;22758.0;4231.0;18527.0
244200;22677.0;4226.0;18451.0
244300;22675.0;4224.0;18451.0
244400;22676.0;4225.0;18451.0
244500;22673.5;4222.5;18451.0
244600;22903.0;4224.0;18679.0
244700;23284.5;4225.5;19059.0
244800;22676.0;4225.0;18451.0
244900;22828.0;4225.0;18603.0
245000;22820.0;4217.0;18603.0
245100;22827.0;4224.0;18603.0
245200;22752.0;4225.0;18527.0
245300;22840.0;4199.0;18641.0
245400;22860.0;4219.0;18641.0
245500;22856.0;4215.0;18641.0
245600;22860.0;4219.0;18641.0
245700;22852.0;4211.0;18641.0
245800;22864.0;4223.0;18641.0
245900;22906.0;4227.0;18679.0
246000;22900.0;4221.0;18679.0
246100;22892.0;4213.0;18679.0
246200;22999.0;4282.0;18717.0
246300;22986.0;4269.0;18717.0
246400;22882.0;4165.0;18717.0
246500;22986.0;4269.0;18717.0
246600;22895.0;4178.0;18717.0
246700;22872.0;4269.0;18603.0
246800;22973.0;4256.0;18717.0
246900;23556.0;4269.0;19287.0
247000;23024.0;4269.0;18755.0
247100;23024.0;4269.0;18755.0
247200;23062.0;4269.0;18793.0
247300;23062.0;4269.0;18793.0
247400;23699.0;4412.0;19287.0
247500;22948.0;4269.0;18679.0
247600;23218.0;4311.0;18907.0
247700;23008.0;4215.0;18793.0
247800;22941.0;4148.0;18793.0
247900;23129.0;4298.0;18831.0
248000;23661.0;4298.0;19363.0
248100;23114.0;4283.0;18831.0
248200;23197.0;4328.0;18869.0
248300;23197.0;4328.0;18869.0
248400;22475.0;4328.0;18147.0
248500;23167.0;4298.0;18869.0
248600;23197.0;4328.0;18869.0
248700;23437.0;4568.0;18869.0
248800;23227.0;4358.0;18869.0
248900;23265.0;4358.0;18907.0
249000;23235.0;4328.0;18907.0
249100;23235.0;4328.0;18907.0
249200;23767.0;4328.0;19439.0
249300;23273.0;4328.0;18945.0
249400;23387.0;4328.0;19059.0
249500;23159.0;4328.0;18831.0
249600;23273.0;4328.0;18945.0
249700;23303.0;4358.0;18945.0
249800;23174.0;4343.0;18831.0
249900;22581.0;4358.0;18223.0
250000;23215.0;4118.0;19097.0
250100;23341.0;4358.0;18983.0
250200;23823.0;4688.0;19135.0
250300;23203.0;4328.0;18875.0
250400;23443.0;4328.0;19115.0
250500;22803.0;4328.0;18475.0
250600;23278.0;4283.0;18995.0
250700;23603.0;4088.0;19515.0
250800;23204.5;4209.5;18995.0
250900;23360.0;4325.0;19035.0
251000;23360.0;4325.0;19035.0
251100;23343.5;4308.5;19035.0
251200;23178.0;4103.0;19075.0
251300;23451.0;4376.0;19075.0
251400;23841.0;4766.0;19075.0
251500;23412.0;4337.0;19075.0
251600;23532.0;4337.0;19195.0
251700;23440.0;4365.0;19075.0
251800;23277.0;4322.0;18955.0
251900;23523.0;4408.0;19115.0
252000;23523.0;4408.0;19115.0
252100;22723.0;4408.0;18315.0
252200;23520.0;4365.0;19155.0
252300;23574.0;4419.0;19155.0
252400;23671.5;4516.5;19155.0
252500;23609.5;4454.5;19155.0
252600;23640.5;4485.5;19155.0
252700;23625.0;4470.0;19155.0
252800;23594.0;4439.0;19155.0
252900;23386.0;4191.0;19195.0
253000;23618.5;4423.5;19195.0
253100;23665.0;4470.0;19195.0
253200;23585.0;4470.0;19115.0
253300;24225.0;4470.0;19755.0
253400;23825.0;4470.0;19355.0
253500;23825.0;4470.0;19355.0
253600;23705.0;4470.0;19235.0
253700;23736.0;4501.0;19235.0
253800;23705.0;4470.0;19235.0
253900;23745.0;4470.0;19275.0
254000;23745.0;4470.0;19275.0
254100;23698.5;4423.5;19275.0
254200;23265.0;4470.0;18795.0
254300;23800.5;4485.5;19315.0
254400;23816.0;4501.0;19315.0
254500;23265.0;4470.0;18795.0
254600;23831.5;4516.5;19315.0
254700;23820.0;4625.0;19195.0
254800;23249.5;4454.5;18795.0
254900;23809.5;4454.5;19355.0
255000;23871.5;4516.5;19355.0
255100;24416.0;4501.0;19915.0
255200;23942.5;4547.5;19395.0
255300;23927.0;4532.0;19395.0
255400;23822.5;4547.5;19275.0
255500;24062.5;4547.5;19515.0
255600;24051.0;4656.0;19395.0
255700;23896.0;4501.0;19395.0
255800;23896.0;4501.0;19395.0
255900;23936.0;4501.0;19435.0
256000;24087.0;4532.0;19555.0
256100;23998.0;4563.0;19435.0
256200;24038.0;4563.0;19475.0
256300;24558.0;4563.0;19995.0
256400;24069.0;4594.0;19475.0
256500;24767.0;4532.0;20235.0
256600;24038.0;4563.0;19475.0
256700;24038.0;4563.0;19475.0
256800;23918.0;4563.0;19355.0
256900;24078.0;4563.0;19515.0
257000;24078.0;4563.0;19515.0
257100;23958.0;4563.0;19395.0
257200;24102.5;4547.5;19555.0
257300;24180.0;4625.0;19555.0
257400;23998.0;4563.0;19435.0
257500;24118.0;4563.0;19555.0
257600;24653.5;4578.5;20075.0
257700;24133.5;4578.5;19555.0
257800;24207.0;4532.0;19675.0
257900;24080.5;4485.5;19595.0
258000;24127.0;4532.0;19595.0
258100;24127.0;4532.0;19595.0
258200;24167.0;4532.0;19635.0
258300;24230.0;4595.0;19635.0
258400;24280.0;4645.0;19635.0
258500;24280.0;4645.0;19635.0
258600;24280.0;4645.0;19635.0
258700;24253.0;4618.0;19635.0
258800;24138.0;4663.0;19475.0
258900;23520.0;4645.0;18875.0
259000;24338.0;4663.0;19675.0
259100;24338.0;4663.0;19675.0
259200;23609.0;4654.0;18955.0
259300;24378.0;4663.0;19715.0
259400;24434.0;4719.0;19715.0
259500;23994.0;4719.0;19275.0
259600;24460.0;4745.0;19715.0
259700;24314.0;4719.0;19595.0
259800;24580.0;4745.0;19835.0
259900;-956300.0;4745.0;-961045.0
260000;24500.0;4745.0;19755.0
260100;24322.0;4537.0;19785.0
260200;24528.5;4706.0;19822.5
260300;24593.5;4771.0;19822.5
260400;24415.0;4745.0;19670.0
260500;24617.0;4827.0;19790.0
260600;24492.0;4822.0;19670.0
260700;24066.5;4796.5;19270.0
260800;24732.0;4822.0;19910.0
260900;24652.0;4822.0;19830.0
261000;24822.0;4992.0;19830.0
261100;24516.0;4686.0;19830.0
261200;24692.0;4822.0;19870.0
261300;24691.0;4821.0;19870.0
261400;24830.0;4840.0;19990.0
261500;24599.5;4849.5;19750.0
261600;24628.0;4878.0;19750.0
261700;24729.0;4859.0;19870.0
261800;25546.0;4916.0;20630.0
261900;25588.0;4878.0;20710.0
262000;24734.5;4944.5;19790.0
262100;25098.0;5068.0;20030.0
262200;24752.0;4802.0;19950.0
262300;24657.0;4707.0;19950.0
262400;24828.0;4878.0;19950.0
262500;25569.0;4859.0;20710.0
262600;24809.0;4859.0;19950.0
262700;24790.0;4840.0;19950.0
262800;24717.5;4887.5;19830.0
262900;24577.0;4707.0;19870.0
263000;24868.0;4878.0;19990.0
263100;24820.5;4830.5;19990.0
263200;24889.0;4859.0;20030.0
263300;25129.0;4859.0;20270.0
263400;24889.0;4859.0;20030.0
263500;24898.5;4868.5;20030.0
263600;24946.0;4916.0;20030.0
263700;25188.0;4878.0;20310.0
263800;24699.0;4669.0;20030.0
263900;24929.0;4859.0;20070.0
264000;24910.0;4840.0;20070.0
264100;24110.0;4840.0;19270.0
264200;25026.0;4916.0;20110.0
264300;24950.0;4840.0;20110.0
264400;24779.0;4669.0;20110.0
264500;24601.0;5011.0;19590.0
264600;24988.0;4878.0;20110.0
264700;25089.0;4859.0;20230.0
264800;25070.0;4840.0;20230.0
264900;24813.0;4783.0;20030.0
265000;24849.0;4699.0;20150.0
265100;25065.0;4915.0;20150.0
265200;24889.0;4699.0;20190.0
265300;25225.0;4915.0;20310.0
265400;25132.0;4942.0;20190.0
265500;24612.5;4982.5;19630.0
265600;25105.0;4915.0;20190.0
265700;25132.0;4942.0;20190.0
265800;25172.5;4982.5;20190.0
265900;25172.0;4942.0;20230.0
266000;25199.0;4969.0;20230.0
266100;25239.5;5009.5;20230.0
266200;25266.0;4996.0;20270.0
266300;24506.0;4996.0;19510.0
266400;25266.0;4996.0;20270.0
266500;25212.0;4942.0;20270.0
266600;25159.5;5009.5;20150.0
266700;25266.0;4996.0;20270.0
266800;25239.0;4969.0;20270.0
266900;25306.0;4996.0;20310.0
267000;25342.0;5032.0;20310.0
267100;25396.0;5086.0;20310.0
267200;25472.0;5122.0;20350.0
267300;25466.0;4996.0;20470.0
267400;24906.0;4996.0;19910.0
267500;25466.0;4996.0;20470.0
267600;25310.0;4960.0;20350.0
267700;25346.0;4996.0;20350.0
267800;25466.0;4996.0;20470.0
267900;25170.0;4780.0;20390.0
268000;25422.0;5032.0;20390.0
268100;25632.0;5122.0;20510.0
268200;25382.0;5392.0;19990.0
268300;24906.0;4996.0;19910.0
268400;25378.0;5068.0;20310.0
268500;25582.0;5032.0;20550.0
268600;25022.0;5032.0;19990.0
268700;25426.0;4996.0;20430.0
268800;25607.0;5137.0;20470.0
268900;25592.0;5122.0;20470.0
269000;25547.0;5077.0;20470.0
269100;25517.0;5047.0;20470.0
269200;25557.0;5047.0;20510.0
269300;25767.0;5257.0;20510.0
269400;25664.0;5154.0;20510.0
269500;25630.0;5120.0;20510.0
269600;25630.0;5120.0;20510.0
269700;25630.0;5120.0;20510.0
269800;25664.0;5154.0;20510.0
269900;25704.0;5154.0;20550.0
270000;25636.0;5086.0;20550.0
270100;24904.0;5154.0;19750.0
270200;25710.0;5120.0;20590.0
270300;25710.0;5120.0;20590.0
270400;25792.0;5202.0;20590.0
270500;25864.0;5154.0;20710.0
270600;25760.0;5170.0;20590.0
270700;25952.0;5202.0;20750.0
270800;25792.0;5202.0;20590.0
270900;25800.0;5170.0;20630.0
271000;25896.0;5266.0;20630.0
271100;25864.0;5074.0;20790.0
271200;25960.0;5170.0;20790.0
271300;25736.0;5186.0;20550.0
271400;25912.0;5122.0;20790.0
271500;25752.0;5202.0;20550.0
271600;25824.0;5154.0;20670.0
271700;25840.0;5170.0;20670.0
271800;25907.0;5237.0;20670.0
271900;26040.0;5210.0;20830.0
272000;26094.0;5264.0;20830.0
272100;26001.0;5291.0;20710.0
272200;26014.0;5264.0;20750.0
272300;25973.5;5223.5;20750.0
272400;25960.0;5210.0;20750.0
272500;26014.0;5264.0;20750.0
272600;25867.0;5237.0;20630.0
272700;25573.5;5223.5;20350.0
272800;26056.0;5306.0;20750.0
272900;26096.0;5306.0;20790.0
273000;25976.0;5306.0;20670.0
273100;25892.0;5222.0;20670.0
273200;26614.0;5264.0;21350.0
273300;26256.0;5306.0;20950.0
273400;26136.0;5306.0;20830.0
273500;26115.0;5285.0;20830.0
273600;26115.0;5285.0;20830.0
273700;26083.5;5253.5;20830.0
273800;-955838.5;5211.5;-961050.0
273900;26275.0;5285.0;20990.0
274000;26218.0;5348.0;20870.0
274100;25715.0;5285.0;20430.0
274200;26035.0;5285.0;20750.0
274300;26815.0;5453.0;21362.0
274400;26215.0;5285.0;20930.0
274500;26683.0;5285.0;21398.0
274600;25816.0;5285.0;20531.0
274700;25997.5;5054.0;20943.5
274800;26218.0;5274.5;20943.5
274900;26245.0;5264.0;20981.0
275000;26266.0;5285.0;20981.0
275100;26287.0;5306.0;20981.0
275200;26282.5;5264.0;21018.5
275300;26416.0;5285.0;21131.0
275400;26272.0;5253.5;21018.5
275500;26303.5;5285.0;21018.5
275600;26306.0;5287.5;21018.5
275700;26323.0;5304.5;21018.5
275800;26331.5;5313.0;21018.5
275900;26481.5;5313.0;21168.5
276000;26216.0;5160.0;21056.0
276100;26343.5;5287.5;21056.0
276200;26493.5;5287.5;21206.0
276300;26449.0;5355.5;21093.5
276400;26381.0;5287.5;21093.5
276500;26219.5;5126.0;21093.5
276600;26877.0;5296.0;21581.0
276700;26389.5;5296.0;21093.5
276800;26389.5;5296.0;21093.5
276900;26452.5;5321.5;21131.0
277000;26410.0;5279.0;21131.0
277100;26200.0;5279.0;20921.0
277200;26440.0;5279.0;21161.0
277300;26414.5;5253.5;21161.0
277400;26440.0;5279.0;21161.0
277500;26440.0;5279.0;21161.0
277600;26560.0;5279.0;21281.0
277700;26414.5;5253.5;21161.0
277800;26440.0;5279.0;21161.0
277900;26522.5;5321.5;21201.0
278000;26454.5;5253.5;21201.0
278100;26488.5;5287.5;21201.0
278200;26503.0;5262.0;21241.0
278300;26623.0;5262.0;21361.0
278400;26511.5;5270.5;21241.0
278500;26333.0;5092.0;21241.0
278600;26503.0;5262.0;21241.0
278700;26366.0;5245.0;21121.0
278800;27066.0;5279.0;21787.0
278900;26504.0;5211.0;21293.0
279000;26529.5;5236.5;21293.0
279100;26555.0;5262.0;21293.0
279200;26458.0;5279.0;21179.0
279300;26610.0;5279.0;21331.0
279400;26474.0;5143.0;21331.0
279500;26496.0;5279.0;21217.0
279600;26610.0;5279.0;21331.0
279700;26521.5;5304.5;21217.0
279800;26610.0;5279.0;21331.0
279900;26639.5;5270.5;21369.0
280000;26449.0;5194.0;21255.0
280100;26534.0;5279.0;21255.0
280200;26551.0;5296.0;21255.0
280300;26660.5;5253.5;21407.0
280400;26686.0;5279.0;21407.0
280500;26686.0;5279.0;21407.0
280600;26567.0;5160.0;21407.0
280700;26533.0;5296.0;21237.0
280800;26718.5;5321.5;21397.0
280900;26627.0;5310.0;21317.0
281000;26627.0;5310.0;21317.0
281100;26867.0;5310.0;21557.0
281200;26787.0;5310.0;21477.0
281300;26768.0;5291.0;21477.0
281400;26787.0;5310.0;21477.0
281500;26730.0;5253.0;21477.0
281600;26834.5;5357.5;21477.0
281700;26806.0;5329.0;21477.0
281800;26795.0;5158.0;21637.0
281900;26741.5;5224.5;21517.0
282000;26827.0;5310.0;21517.0
282100;26979.0;5462.0;21517.0
282200;26848.0;5291.0;21557.0
282300;26867.0;5310.0;21557.0
282400;27617.5;5300.5;22317.0
282500;27015.0;5338.0;21677.0
282600;27443.0;5384.0;22059.0
282700;27339.5;5280.5;22059.0
282800;26916.0;5338.0;21578.0
282900;26953.0;5338.0;21615.0
283000;26976.0;5361.0;21615.0
283100;26746.0;5131.0;21615.0
283200;27036.0;5384.0;21652.0
283300;27036.0;5384.0;21652.0
283400;27059.0;5407.0;21652.0
283500;26854.0;5361.0;21493.0
283600;27008.5;5395.5;21613.0
283700;26877.0;5384.0;21493.0
283800;26962.5;5349.5;21613.0
283900;27037.0;5384.0;21653.0
284000;27071.5;5418.5;21653.0
284100;27037.0;5384.0;21653.0
284200;27100.0;5407.0;21693.0
284300;26957.0;5384.0;21573.0
284400;27208.5;5395.5;21813.0
284500;26847.0;5154.0;21693.0
284600;27054.0;5361.0;21693.0
284700;26957.0;5384.0;21573.0
284800;27077.0;5384.0;21693.0
284900;27117.0;5384.0;21733.0
285000;27444.0;5591.0;21853.0
285100;27105.5;5372.5;21733.0
285200;27111.0;5338.0;21773.0
285300;27180.0;5407.0;21773.0
285400;27180.0;5407.0;21773.0
285500;26996.0;5223.0;21773.0
285600;27060.0;5407.0;21653.0
285700;27203.0;5430.0;21773.0
285800;27363.0;5430.0;21933.0
285900;27220.0;5407.0;21813.0
286000;27328.5;5395.5;21933.0
286100;26780.0;5407.0;21373.0
286200;27225.5;5372.5;21853.0
286300;27014.0;5361.0;21653.0
286400;27117.0;5384.0;21733.0
286500;27237.0;5384.0;21853.0
286600;27271.5;5418.5;21853.0
286700;27214.0;5361.0;21853.0
286800;27260.0;5407.0;21853.0
286900;27116.0;5223.0;21893.0
287000;27311.5;5418.5;21893.0
287100;27277.0;5384.0;21893.0
287200;27351.5;5418.5;21933.0
287300;27621.0;5568.0;22053.0
287400;27460.0;5407.0;22053.0
287500;27317.0;5384.0;21933.0
287600;27317.0;5384.0;21933.0
287700;27271.0;5338.0;21933.0
287800;26568.5;5395.5;21173.0
287900;27214.0;5361.0;21853.0
288000;27523.0;5430.0;22093.0
288100;27454.0;5361.0;22093.0
288200;27397.0;5384.0;22013.0
288300;27374.0;5361.0;22013.0
288400;27494.0;5361.0;22133.0
288500;27397.0;5384.0;22013.0
288600;27374.0;5361.0;22013.0
288700;27339.5;5326.5;22013.0
288800;27558.0;5545.0;22013.0
288900;27437.0;5384.0;22053.0
289000;27575.0;5522.0;22053.0
289100;27391.0;5338.0;22053.0
289200;27465.5;5372.5;22093.0
289300;27419.5;5326.5;22093.0
289400;27951.0;5338.0;22613.0
289500;27247.0;5154.0;22093.0
289600;27431.0;5338.0;22093.0
289700;27288.0;5315.0;21973.0
289800;27431.0;5338.0;22093.0
289900;27494.0;5361.0;22133.0
290000;27471.0;5338.0;22133.0
290100;27517.0;5384.0;22133.0
290200;27557.0;5384.0;22173.0
290300;27511.0;5338.0;22173.0
290400;27511.0;5338.0;22173.0
290500;27391.0;5338.0;22053.0
290600;27488.0;5315.0;22173.0
290700;27511.0;5338.0;22173.0
290800;27425.5;5372.5;22053.0
290900;27528.0;5315.0;22213.0
291000;27454.0;5361.0;22093.0
291100;28374.0;5361.0;23013.0
291200;27579.5;5326.5;22253.0
291300;27556.5;5303.5;22253.0
291400;27612.0;5359.0;22253.0
291500;27820.0;5567.0;22253.0
291600;27638.0;5385.0;22253.0
291700;27638.0;5385.0;22253.0
291800;27492.0;5359.0;22133.0
291900;27066.0;5333.0;21733.0
292000;27652.0;5359.0;22293.0
292100;27532.0;5359.0;22173.0
292200;27692.0;5359.0;22333.0
292300;27692.0;5359.0;22333.0
292400;27666.0;5333.0;22333.0
292500;27692.0;5359.0;22333.0
292600;27666.0;5333.0;22333.0
292700;27666.0;5333.0;22333.0
292800;27826.0;5333.0;22493.0
292900;27706.0;5333.0;22373.0
293000;27586.0;5333.0;22253.0
293100;28070.0;5307.0;22763.0
293200;27271.0;5333.0;21938.0
293300;27784.5;5359.0;22425.5
293400;28159.5;5359.0;22800.5
293500;27137.0;5424.0;21713.0
293600;27771.5;5346.0;22425.5
293700;27402.0;5359.0;22043.0
293800;27802.0;5359.0;22443.0
293900;27868.0;5385.0;22483.0
294000;27842.0;5359.0;22483.0
294100;27282.0;5359.0;21923.0
294200;27843.0;5320.0;22523.0
294300;28402.0;5359.0;23043.0
294400;27801.0;5398.0;22403.0
294500;27895.0;5372.0;22523.0
294600;27856.0;5333.0;22523.0
294700;27856.0;5333.0;22523.0
294800;27856.0;5333.0;22523.0
294900;27990.0;5307.0;22683.0
295000;27870.0;5307.0;22563.0
295100;27990.0;5307.0;22683.0
295200;27936.0;5333.0;22603.0
295300;27936.0;5333.0;22603.0
295400;28027.0;5424.0;22603.0
295500;27872.0;5389.0;22483.0
295600;27854.0;5371.0;22483.0
295700;27974.0;5371.0;22603.0
295800;27881.0;5398.0;22483.0
295900;28005.0;5362.0;22643.0
296000;28014.0;5371.0;22643.0
296100;28032.0;5389.0;22643.0
296200;27930.0;5407.0;22523.0
296300;28165.0;5362.0;22803.0
296400;28090.0;5407.0;22683.0
296500;28234.0;5551.0;22683.0
296600;28108.0;5425.0;22683.0
296700;28117.0;5434.0;22683.0
296800;28090.0;5407.0;22683.0
296900;27330.0;5407.0;21923.0
297000;27633.0;5470.0;22163.0
297100;28358.0;5515.0;22843.0
297200;28224.0;5461.0;22763.0
297300;28374.0;5491.0;22883.0
297400;28263.0;5500.0;22763.0
297500;28278.0;5515.0;22763.0
297600;28269.0;5506.0;22763.0
297700;28269.0;5506.0;22763.0
297800;28269.0;5506.0;22763.0
297900;28309.0;5506.0;22803.0
298000;28315.0;5512.0;22803.0
298100;28306.0;5503.0;22803.0
298200;28355.0;5512.0;22843.0
298300;28349.0;5506.0;22843.0
298400;28235.0;5512.0;22723.0
298500;28349.0;5506.0;22843.0
298600;28229.0;5506.0;22723.0
298700;28346.0;5503.0;22843.0
298800;28343.0;5500.0;22843.0
298900;28263.0;5500.0;22763.0
299000;28398.0;5515.0;22883.0
299100;28383.0;5500.0;22883.0
299200;28501.0;5458.0;23043.0
299300;28420.0;5497.0;22923.0
299400;28309.0;5506.0;22803.0
299500;28445.0;5522.0;22923.0
299600;28449.0;5526.0;22923.0
299700;28449.0;5526.0;22923.0
299800;28969.0;5526.0;23443.0
299900;28489.0;5526.0;22963.0
300000;28531.0;5526.0;23005.0
300100;28531.0;5526.0;23005.0
300200;28362.0;5526.0;22836.0
300300;28518.0;5522.0;22996.0
300400;28402.0;5526.0;22876.0
300500;28498.0;5502.0;22996.0
300600;28522.0;5526.0;22996.0
300700;28522.0;5526.0;22996.0
300800;28530.0;5534.0;22996.0
300900;29130.0;5534.0;23596.0
301000;28578.0;5542.0;23036.0
301100;28562.0;5526.0;23036.0
301200;28070.0;5514.0;22556.0
301300;28530.0;5454.0;23076.0
301400;28763.0;5518.0;23245.0
301500;28480.0;5510.0;22970.0
301600;28663.0;5573.0;23090.0
301700;28646.0;5556.0;23090.0
301800;28629.0;5539.0;23090.0
301900;28686.0;5556.0;23130.0
302000;28126.0;5556.0;22570.0
302100;28143.0;5573.0;22570.0
302200;28717.5;5547.5;23170.0
302300;28743.0;5573.0;23170.0
302400;28717.5;5547.5;23170.0
302500;28999.0;5709.0;23290.0
302600;28999.0;5709.0;23290.0
302700;28785.5;5615.5;23170.0
302800;28819.5;5649.5;23170.0
302900;28919.0;5709.0;23210.0
303000;28886.0;5556.0;23330.0
303100;28783.0;5573.0;23210.0
303200;28663.0;5573.0;23090.0
303300;28686.0;5556.0;23130.0
303400;28926.0;5556.0;23370.0
303500;28823.0;5573.0;23250.0
303600;28823.0;5573.0;23250.0
303700;28687.0;5437.0;23250.0
303800;28703.0;5573.0;23130.0
303900;28863.0;5573.0;23290.0
304000;28846.0;5556.0;23290.0
304100;28768.5;5598.5;23170.0
304200;28860.5;5530.5;23330.0
304300;29380.5;5530.5;23850.0
304400;28886.0;5556.0;23330.0
304500;28903.0;5573.0;23330.0
304600;28767.0;5437.0;23330.0
304700;29023.0;5573.0;23450.0
304800;28903.0;5573.0;23330.0
304900;28943.0;5573.0;23370.0
305000;28943.0;5573.0;23370.0
305100;28960.0;5590.0;23370.0
305200;28797.5;5547.5;23250.0
305300;28983.0;5573.0;23410.0
305400;28967.0;5437.0;23530.0
305500;29000.0;5590.0;23410.0
305600;28560.0;5590.0;22970.0
305700;28983.0;5573.0;23410.0
305800;28983.0;5573.0;23410.0
305900;29023.0;5573.0;23450.0
306000;29396.0;5556.0;23840.0
306100;29021.0;5556.0;23465.0
306200;29230.0;5615.0;23615.0
306300;29117.5;5615.0;23502.5
306400;29117.5;5615.0;23502.5
306500;29152.5;5650.0;23502.5
306600;28982.0;5632.0;23350.0
306700;28976.0;5506.0;23470.0
306800;29129.0;5659.0;23470.0
306900;29160.0;5650.0;23510.0
307000;29960.0;5650.0;24310.0
307100;28600.0;5650.0;22950.0
307200;29200.0;5650.0;23550.0
307300;29200.0;5650.0;23550.0
307400;29320.0;5650.0;23670.0
307500;29000.0;5650.0;23350.0
307600;29235.0;5685.0;23550.0
307700;29080.5;5650.5;23430.0
307800;29235.0;5685.0;23550.0
307900;29240.5;5650.5;23590.0
308000;29321.0;5731.0;23590.0
308100;29166.5;5696.5;23470.0
308200;29303.5;5673.5;23630.0
308300;29292.0;5662.0;23630.0
308400;28829.0;5639.0;23190.0
308500;29292.0;5662.0;23630.0
308600;29234.5;5604.5;23630.0
308700;29280.5;5650.5;23630.0
308800;29292.0;5662.0;23630.0
308900;29332.0;5662.0;23670.0
309000;29429.0;5639.0;23790.0
309100;29309.0;5639.0;23670.0
309200;29857.5;5627.5;24230.0
309300;30120.5;5650.5;24470.0
309400;29349.0;5639.0;23710.0
309500;29533.0;5823.0;23710.0
309600;29469.0;5639.0;23830.0
309700;29206.0;5616.0;23590.0
309800;29406.5;5696.5;23710.0
309900;29949.0;5639.0;24310.0
310000;29431.0;5681.0;23750.0
310100;29431.0;5681.0;23750.0
310200;29598.0;5688.0;23910.0
310300;29682.0;5772.0;23910.0
310400;29492.0;5702.0;23790.0
310500;29492.0;5702.0;23790.0
310600;29393.0;5723.0;23670.0
310700;29513.0;5723.0;23790.0
310800;29478.0;5688.0;23790.0
310900;29588.0;5758.0;23830.0
311000;29580.0;5750.0;23830.0
311100;29588.0;5758.0;23830.0
311200;29028.0;5758.0;23270.0
311300;29628.0;5758.0;23870.0
311400;29692.0;5822.0;23870.0
311500;29628.0;5758.0;23870.0
311600;29620.0;5750.0;23870.0
311700;29632.0;5762.0;23870.0
311800;29632.0;5762.0;23870.0
311900;29692.0;5782.0;23910.0
312000;29708.0;5798.0;23910.0
312100;30228.0;5758.0;24470.0
312200;29688.0;5738.0;23950.0
312300;29716.0;5766.0;23950.0
312400;29596.0;5766.0;23830.0
312500;29836.0;5766.0;24070.0
312600;29780.0;5830.0;23950.0
312700;29836.0;5766.0;24070.0
312800;29720.0;5770.0;23950.0
312900;29196.0;5766.0;23430.0
313000;29876.0;5766.0;24110.0
313100;29778.0;5788.0;23990.0
313200;29813.0;5783.0;24030.0
313300;29938.0;5788.0;24150.0
313400;29378.0;5868.0;23510.0
313500;29948.0;5798.0;24150.0
313600;30009.0;5819.0;24190.0
313700;29958.5;5808.5;24150.0
313800;29715.0;5805.0;23910.0
313900;29998.5;5808.5;24190.0
314000;29878.5;5808.5;24070.0
314100;29889.0;5819.0;24070.0
314200;30010.5;5780.5;24230.0
314300;29929.0;5819.0;24110.0
314400;29798.5;5808.5;23990.0
314500;30442.0;5812.0;24630.0
314600;29915.0;5805.0;24110.0
314700;30042.0;5812.0;24230.0
314800;29915.0;5805.0;24110.0
314900;29772.0;5742.0;24030.0
315000;29962.0;5812.0;24150.0
315100;29906.0;5756.0;24150.0
315200;30012.5;5822.5;24190.0
315300;29995.0;5805.0;24190.0
315400;29892.5;5822.5;24070.0
315500;29482.0;5812.0;23670.0
315600;29963.5;5773.5;24190.0
315700;30002.0;5812.0;24190.0
315800;29967.0;5777.0;24190.0
315900;30035.0;5805.0;24230.0
316000;30035.0;5805.0;24230.0
316100;30035.0;5805.0;24230.0
316200;29915.0;5805.0;24110.0
316300;30096.0;5826.0;24270.0
316400;30096.0;5826.0;24270.0
316500;30082.0;5812.0;24270.0
316600;30071.5;5801.5;24270.0
316700;30191.5;5801.5;24390.0
316800;29955.0;5805.0;24150.0
316900;30122.0;5812.0;24310.0
317000;29562.0;5812.0;23750.0
317100;30242.0;5812.0;24430.0
317200;30162.0;5812.0;24350.0
317300;30186.5;5836.5;24350.0
317400;29941.0;5791.0;24150.0
317500;30169.0;5819.0;24350.0
317600;30282.0;5812.0;24470.0
317700;30042.0;5812.0;24230.0
317800;30329.0;5819.0;24510.0
317900;30195.0;5805.0;24390.0
318000;30202.0;5812.0;24390.0
318100;30202.0;5812.0;24390.0
318200;30242.0;5812.0;24430.0
318300;30249.0;5819.0;24430.0
318400;30249.0;5819.0;24430.0
318500;30762.0;5812.0;24950.0
318600;30365.5;5815.5;24550.0
318700;30249.0;5819.0;24430.0
318800;30193.0;5763.0;24430.0
318900;30282.0;5812.0;24470.0
319000;30296.0;5826.0;24470.0
319100;30444.0;5854.0;24590.0
319200;30329.0;5819.0;24510.0
319300;30336.0;5826.0;24510.0
319400;30322.0;5812.0;24510.0
319500;29569.0;5819.0;23750.0
319600;30505.0;5875.0;24630.0
319700;29809.0;5819.0;23990.0
319800;30489.0;5819.0;24670.0
319900;30482.0;5812.0;24670.0
320000;30369.0;5819.0;24550.0
320100;30372.5;5822.5;24550.0
320200;29896.0;5826.0;24070.0
320300;30419.5;5829.5;24590.0
320400;30409.0;5819.0;24590.0
320500;30289.0;5819.0;24470.0
320600;30416.0;5826.0;24590.0
320700;30416.0;5826.0;24590.0
320800;30395.0;5805.0;24590.0
320900;30517.5;5887.5;24630.0
321000;30517.0;5887.0;24630.0
321100;30517.0;5887.0;24630.0
321200;30555.0;5885.0;24670.0
321300;30556.0;5886.0;24670.0
321400;30555.0;5885.0;24670.0
321500;30555.0;5885.0;24670.0
321600;30555.0;5885.0;24670.0
321700;30558.5;5888.5;24670.0
321800;30034.0;5884.0;24150.0
321900;30715.5;5885.5;24830.0
322000;30594.0;5884.0;24710.0
322100;30594.0;5884.0;24710.0
322200;30754.5;5884.5;24870.0
322300;30635.5;5885.5;24750.0
322400;30634.0;5884.0;24750.0
322500;30634.0;5884.0;24750.0
322600;30633.5;5883.5;24750.0
322700;30515.0;5885.0;24630.0
322800;30516.0;5886.0;24630.0
322900;30675.0;5885.0;24790.0
323000;30674.0;5884.0;24790.0
323100;30115.5;5885.5;24230.0
323200;30712.5;5882.5;24830.0
323300;30714.0;5884.0;24830.0
323400;30714.0;5884.0;24830.0
323500;31275.0;5925.0;25350.0
323600;30762.0;5932.0;24830.0
323700;30698.0;5988.0;24710.0
323800;30762.0;5932.0;24830.0
323900;30668.0;5918.0;24750.0
324000;30915.0;5925.0;24990.0
324100;30795.0;5925.0;24870.0
324200;30824.5;5914.5;24910.0
324300;30835.0;5925.0;24910.0
324400;30621.0;5911.0;24710.0
324500;30838.5;5928.5;24910.0
324600;30842.0;5932.0;24910.0
324700;30828.5;5918.5;24910.0
324800;30855.5;5945.5;24910.0
324900;30882.0;5932.0;24950.0
325000;30917.0;5967.0;24950.0
325100;30881.0;5931.0;24950.0
325200;30797.0;5967.0;24830.0
325300;30957.0;5967.0;24990.0
325400;30957.0;5967.0;24990.0
325500;30431.0;5961.0;24470.0
325600;30943.0;5953.0;24990.0
325700;30951.0;5961.0;24990.0
325800;30957.0;5967.0;24990.0
325900;30969.0;5939.0;25030.0
326000;31153.0;6003.0;25150.0
326100;30997.0;5967.0;25030.0
326200;31155.0;5965.0;25190.0
326300;31041.0;5971.0;25070.0
326400;31009.0;5939.0;25070.0
326500;31565.0;5975.0;25590.0
326600;31041.0;5971.0;25070.0
326700;30515.0;5965.0;24550.0
326800;31037.0;5967.0;25070.0
326900;30957.0;5967.0;24990.0
327000;31067.0;5957.0;25110.0
327100;31641.0;5971.0;25670.0
327200;31237.0;5967.0;25270.0
327300;31117.0;5967.0;25150.0
327400;31117.0;5967.0;25150.0
327500;31113.0;5963.0;25150.0
327600;31505.5;5963.0;25542.5
327700;31130.5;5963.0;25167.5
327800;31280.5;5963.0;25317.5
327900;31172.0;5967.0;25205.0
328000;31280.5;5963.0;25317.5
328100;31168.0;5963.0;25205.0
328200;31205.5;5963.0;25242.5
328300;31207.5;5965.0;25242.5
328400;-893432.0;5963.0;-899395.0
328500;31691.0;5961.0;25730.0
328600;31693.0;5963.0;25730.0
328700;31584.5;5967.0;25617.5
328800;31359.5;5967.0;25392.5
328900;31279.0;5999.0;25280.0
329000;31310.0;6030.0;25280.0
329100;31422.5;6030.0;25392.5
329200;31360.5;6043.0;25317.5
329300;31473.0;6043.0;25430.0
329400;31341.0;6023.5;25317.5
329500;31360.5;6043.0;25317.5
329600;31341.0;6023.5;25317.5
329700;31334.5;6017.0;25317.5
329800;31185.0;5900.0;25285.0
329900;31368.0;6043.0;25325.0
330000;31475.0;6030.0;25445.0
330100;31355.0;6030.0;25325.0
330200;31408.0;6043.0;25365.0
330300;31466.5;6101.5;25365.0
330400;30848.0;6043.0;24805.0
330500;31408.0;6043.0;25365.0
330600;31422.0;6057.0;25365.0
330700;31422.0;6057.0;25365.0
330800;31582.0;6057.0;25525.0
330900;31439.5;6034.5;25405.0
331000;31462.0;6057.0;25405.0
331100;31559.5;6034.5;25525.0
331200;31517.0;6072.0;25445.0
331300;31382.0;6057.0;25325.0
331400;31502.0;6057.0;25445.0
331500;31517.0;6072.0;25445.0
331600;31532.0;6087.0;25445.0
331700;31517.0;6072.0;25445.0
331800;31726.0;6121.0;25605.0
331900;31588.5;6103.5;25485.0
332000;31606.0;6121.0;25485.0
332100;31599.0;6114.0;25485.0
332200;31646.0;6121.0;25525.0
332300;31635.5;6110.5;25525.0
332400;31526.0;6121.0;25405.0
332500;31646.0;6121.0;25525.0
332600;31978.0;6065.0;25913.0
332700;31674.0;6121.0;25553.0
332800;31657.0;6156.0;25501.0
332900;31692.0;6151.0;25541.0
333000;31817.0;6156.0;25661.0
333100;31697.0;6156.0;25541.0
333200;31916.0;6166.0;25750.0
333300;31796.5;6156.0;25640.5
333400;32271.0;6156.0;26115.0
333500;31798.5;6158.0;25640.5
333600;31907.0;6157.0;25750.0
333700;31908.0;6158.0;25750.0
333800;31737.0;6142.0;25595.0
333900;32176.0;6155.0;26021.0
334000;31814.0;6158.0;25656.0
334100;31815.0;6159.0;25656.0
334200;31846.5;6154.0;25692.5
334300;31848.5;6156.0;25692.5
334400;31865.0;6156.0;25709.0
334500;31868.0;6159.0;25709.0
334600;31865.0;6156.0;25709.0
334700;31802.0;6158.0;25644.0
334800;31802.0;6158.0;25644.0
334900;31724.0;6160.0;25564.0
335000;31840.0;6156.0;25684.0
335100;31962.0;6158.0;25804.0
335200;31999.0;6155.0;25844.0
335300;31762.0;6158.0;25604.0
335400;32271.0;6156.0;26115.0
335500;31917.0;6172.0;25745.0
335600;31420.0;6156.0;25264.0
335700;31862.0;6156.0;25706.0
335800;31904.0;6198.0;25706.0
335900;31944.0;6198.0;25746.0
336000;31994.0;6248.0;25746.0
336100;32191.0;6325.0;25866.0
336200;32048.0;6262.0;25786.0
336300;32048.0;6262.0;25786.0
336400;32111.0;6325.0;25786.0
336500;32139.0;6320.0;25819.0
336600;31974.0;6330.0;25644.0
336700;32254.0;6330.0;25924.0
336800;31756.0;6352.0;25404.0
336900;32316.0;6352.0;25964.0
337000;32107.5;6383.5;25724.0
337100;32205.0;6361.0;25844.0
337200;32115.0;6391.0;25724.0
337300;32219.0;6455.0;25764.0
337400;32186.0;6422.0;25764.0
337500;32241.0;6477.0;25764.0
337600;32339.0;6455.0;25884.0
337700;32317.0;6433.0;25884.0
337800;32339.0;6455.0;25884.0
337900;32379.0;6455.0;25924.0
338000;31819.0;6455.0;25364.0
338100;32259.0;6455.0;25804.0
338200;32419.0;6455.0;25964.0
338300;31877.0;6433.0;25444.0
338400;32397.0;6433.0;25964.0
338500;32397.0;6433.0;25964.0
338600;32397.0;6433.0;25964.0
338700;32408.0;6444.0;25964.0
338800;32221.0;6257.0;25964.0
338900;32437.0;6433.0;26004.0
339000;33226.0;6422.0;26804.0
339100;32448.0;6444.0;26004.0
339200;32455.0;6411.0;26044.0
339300;32455.0;6411.0;26044.0
339400;32488.0;6444.0;26044.0
339500;32335.0;6411.0;25924.0
339600;32477.0;6433.0;26044.0
339700;32455.0;6411.0;26044.0
339800;32455.0;6411.0;26044.0
339900;32495.0;6411.0;26084.0
340000;32353.0;6389.0;25964.0
340100;32495.0;6411.0;26084.0
340200;32535.0;6411.0;26124.0
340300;32557.0;6433.0;26124.0
340400;32535.0;6411.0;26124.0
340500;32535.0;6411.0;26124.0
340600;32359.0;6235.0;26124.0
340700;32429.0;6425.0;26004.0
340800;32539.0;6415.0;26124.0
340900;32589.0;6425.0;26164.0
341000;32449.0;6405.0;26044.0
341100;32589.0;6425.0;26164.0
341200;32669.0;6465.0;26204.0
341300;32669.0;6465.0;26204.0
341400;32649.0;6445.0;26204.0
341500;32769.0;6445.0;26324.0
341600;32629.0;6425.0;26204.0
341700;32649.0;6445.0;26204.0
341800;-167391.0;-193595.0;26204.0
341900;32689.0;6445.0;26244.0
342000;32689.0;6445.0;26244.0
342100;32799.0;6435.0;26364.0
342200;32719.0;6435.0;26284.0
342300;32229.0;6465.0;25764.0
342400;32789.0;6625.0;26164.0
342500;32749.0;6465.0;26284.0
342600;32629.0;6465.0;26164.0
342700;32589.0;6305.0;26284.0
342800;32749.0;6465.0;26284.0
342900;32789.0;6465.0;26324.0
343000;32799.0;6475.0;26324.0
343100;32839.0;6515.0;26324.0
343200;32679.0;6355.0;26324.0
343300;32709.0;6465.0;26244.0
343400;32799.0;6435.0;26364.0
343500;32819.0;6455.0;26364.0
343600;32829.0;6465.0;26364.0
343700;32709.0;6465.0;26244.0
343800;32829.0;6465.0;26364.0
343900;32889.0;6485.0;26404.0
344000;32449.0;6485.0;25964.0
344100;33009.0;6485.0;26524.0
344200;32957.0;6513.0;26444.0
344300;32957.0;6513.0;26444.0
344400;32957.0;6513.0;26444.0
344500;32957.0;6513.0;26444.0
344600;32541.0;6537.0;26004.0
344700;32933.0;6489.0;26444.0
344800;32933.0;6489.0;26444.0
344900;32533.0;6489.0;26044.0
345000;33165.0;6681.0;26484.0
345100;33117.0;6513.0;26604.0
345200;33013.0;6489.0;26524.0
345300;32893.0;6489.0;26404.0
345400;33013.0;6489.0;26524.0
345500;32813.0;6489.0;26324.0
345600;32893.0;6489.0;26404.0
345700;33037.0;6513.0;26524.0
345800;33058.0;6534.0;26524.0
345900;33098.0;6534.0;26564.0
346000;33314.0;6750.0;26564.0
346100;32882.0;6318.0;26564.0
346200;33259.0;6535.0;26724.0
346300;33232.0;6628.0;26604.0
346400;33096.5;6612.5;26484.0
346500;33139.0;6535.0;26604.0
346600;33092.5;6488.5;26604.0
346700;33139.0;6535.0;26604.0
346800;33547.0;6783.0;26764.0
346900;33179.0;6535.0;26644.0
347000;33086.0;6442.0;26644.0
347100;33210.0;6566.0;26644.0
347200;33281.0;6597.0;26684.0
347300;33281.0;6597.0;26684.0
347400;33250.0;6566.0;26684.0
347500;33498.0;6814.0;26684.0
347600;33219.0;6535.0;26684.0
347700;33250.0;6566.0;26684.0
347800;33498.0;6814.0;26684.0
347900;34090.0;6566.0;27524.0
348000;33367.5;6643.5;26724.0
348100;33321.0;6597.0;26724.0
348200;33361.0;6597.0;26764.0
348300;33330.0;6566.0;26764.0
348400;33299.0;6535.0;26764.0
348500;33299.0;6535.0;26764.0
348600;32872.0;6628.0;26244.0
348700;33210.0;6566.0;26644.0
348800;33299.0;6535.0;26764.0
348900;33459.0;6535.0;26924.0
349000;33219.0;6535.0;26684.0
349100;33339.0;6535.0;26804.0
349200;33281.0;6597.0;26684.0
349300;33379.0;6535.0;26844.0
349400;33345.0;6501.0;26844.0
349500;33561.0;6717.0;26844.0
349600;32825.0;6501.0;26324.0
349700;33265.5;6541.5;26724.0
349800;32838.5;6514.5;26324.0
349900;33385.0;6501.0;26884.0
350000;33170.5;6406.5;26764.0
350100;33358.0;6474.0;26884.0
350200;33398.0;6474.0;26924.0
350300;33278.0;6474.0;26804.0
350400;33433.0;6509.0;26924.0
350500;33609.0;6685.0;26924.0
350600;33825.5;6509.0;27316.5
350700;33450.5;6509.0;26941.5
350800;33450.5;6509.0;26941.5
350900;33534.0;6531.0;27003.0
351000;33534.0;6531.0;27003.0
351100;33534.0;6531.0;27003.0
351200;33569.5;6531.0;27038.5
351300;33569.5;6531.0;27038.5
351400;33676.0;6531.0;27145.0
351500;34053.0;6553.0;27500.0
351600;33569.5;6531.0;27038.5
351700;33591.5;6553.0;27038.5
351800;33626.5;6588.0;27038.5
351900;33863.5;6630.5;27233.0
352000;33587.0;6588.0;26999.0
352100;33712.5;6596.5;27116.0
352200;33557.0;6605.0;26952.0
352300;34145.0;6605.0;27540.0
352400;33768.0;6588.0;27180.0
352500;33790.0;6588.0;27202.0
352600;33790.0;6588.0;27202.0
352700;33892.0;6588.0;27304.0
352800;33600.0;6588.0;27012.0
352900;33741.0;6571.0;27170.0
353000;33776.0;6606.0;27170.0
353100;33776.0;6606.0;27170.0
353200;33837.5;6628.0;27209.5
353300;33815.5;6606.0;27209.5
353400;33815.5;6606.0;27209.5
353500;33991.5;6782.0;27209.5
353600;33413.0;6639.0;26774.0
353700;33820.0;6606.0;27214.0
353800;33420.0;6606.0;26814.0
353900;34036.0;6782.0;27254.0
354000;33785.0;6606.0;27179.0
354100;34029.0;6628.0;27401.0
354200;33955.0;6628.0;27327.0
354300;33474.0;6628.0;26846.0
354400;33922.0;6595.0;27327.0
354500;33955.0;6628.0;27327.0
354600;34077.0;6639.0;27438.0
354700;33977.0;6650.0;27327.0
354800;34125.0;6650.0;27475.0
354900;34014.0;6650.0;27364.0
355000;33474.0;6628.0;26846.0
355100;34036.0;6672.0;27364.0
355200;34051.0;6650.0;27401.0
355300;34029.0;6628.0;27401.0
355400;33570.0;6650.0;26920.0
355500;34029.0;6628.0;27401.0
355600;34051.0;6650.0;27401.0
355700;34162.0;6650.0;27512.0
355800;34029.0;6628.0;27401.0
355900;34595.0;6639.0;27956.0
356000;34066.0;6628.0;27438.0
356100;34066.0;6628.0;27438.0
356200;34192.0;6606.0;27586.0
356300;33927.0;6452.0;27475.0
356400;33944.0;6628.0;27316.0
356500;34031.0;6595.0;27436.0
356600;34184.0;6628.0;27556.0
356700;34149.0;6713.0;27436.0
356800;34149.0;6713.0;27436.0
356900;34189.0;6713.0;27476.0
357000;34332.0;6856.0;27476.0
357100;34069.0;6713.0;27356.0
357200;34362.0;6726.0;27636.0
357300;34255.0;6739.0;27516.0
357400;34122.0;6726.0;27396.0
357500;34383.0;6747.0;27636.0
357600;34247.0;6731.0;27516.0
357700;34247.0;6731.0;27516.0
357800;34263.0;6747.0;27516.0
357900;34463.0;6747.0;27716.0
358000;34239.0;6683.0;27556.0
358100;34327.0;6771.0;27556.0
358200;34159.0;6723.0;27436.0
358300;33967.0;6731.0;27236.0
358400;34348.0;6752.0;27596.0
358500;34244.0;6648.0;27596.0
358600;34468.0;6752.0;27716.0
358700;34469.0;6713.0;27756.0
358800;34361.0;6765.0;27596.0
358900;34401.0;6765.0;27636.0
359000;34055.0;6739.0;27316.0
359100;34388.0;6752.0;27636.0
359200;34428.0;6752.0;27676.0
359300;34447.5;6771.5;27676.0
359400;34428.0;6752.0;27676.0
359500;34428.0;6752.0;27676.0
359600;34321.0;6765.0;27556.0
359700;34447.5;6771.5;27676.0
359800;34428.0;6752.0;27676.0
359900;34481.0;6765.0;27716.0
360000;34568.5;6732.5;27836.0
360100;34607.5;6771.5;27836.0
360200;34495.0;6739.0;27756.0
360300;34368.5;6732.5;27636.0
360400;34732.0;6856.0;27876.0
360500;34508.0;6752.0;27756.0
360600;34508.0;6752.0;27756.0
360700;34615.0;6739.0;27876.0
360800;34375.0;6739.0;27636.0
360900;34535.0;6739.0;27796.0
361000;34541.5;6745.5;27796.0
361100;34681.0;6765.0;27916.0
361200;34575.0;6739.0;27836.0
361300;34970.5;6739.0;28231.5
361400;34475.5;6629.0;27846.5
361500;34627.5;6781.0;27846.5
361600;34296.0;6876.0;27420.0
361700;34770.5;6790.5;27980.0
361800;34641.0;6781.0;27860.0
361900;34681.0;6781.0;27900.0
362000;34700.0;6800.0;27900.0
362100;34820.0;6800.0;28020.0
362200;34759.0;6819.0;27940.0
362300;34740.0;6800.0;27940.0
362400;34740.0;6800.0;27940.0
362500;34300.0;6800.0;27500.0
362600;34787.5;6847.5;27940.0
362700;34721.0;6781.0;27940.0
362800;34721.0;6781.0;27940.0
362900;34609.0;6629.0;27980.0
363000;34780.0;6800.0;27980.0
363100;34881.0;6781.0;28100.0
363200;35020.0;6880.0;28140.0
363300;34900.0;6880.0;28020.0
363400;34695.0;6795.0;27900.0
363500;-135219.0;-163239.0;28020.0
363600;34695.0;6795.0;27900.0
363700;34849.0;6829.0;28020.0
363800;34815.0;6795.0;28020.0
363900;34719.0;6659.0;28060.0
364000;34991.0;6931.0;28060.0
364100;34719.0;6659.0;28060.0
364200;34855.0;6795.0;28060.0
364300;34895.0;6795.0;28100.0
364400;34895.0;6795.0;28100.0
364500;34775.0;6795.0;27980.0
364600;34895.0;6795.0;28100.0
364700;35015.0;6795.0;28220.0
364800;34895.0;6795.0;28100.0
364900;34392.0;6812.0;27580.0
365000;34926.5;6786.5;28140.0
365100;35648.0;6948.0;28700.0
365200;34966.5;6786.5;28180.0
365300;34996.0;6816.0;28180.0
365400;34576.0;6836.0;27740.0
365500;35136.0;6836.0;28300.0
365600;35016.0;6836.0;28180.0
365700;35116.0;6936.0;28180.0
365800;35186.0;6846.0;28340.0
365900;35036.0;6816.0;28220.0
366000;35066.0;6846.0;28220.0
366100;35186.0;6846.0;28340.0
366200;35096.0;6836.0;28260.0
366300;34856.0;6596.0;28260.0
366400;34916.0;6656.0;28260.0
366500;35076.0;6816.0;28260.0
366600;35056.0;6796.0;28260.0
366700;35066.0;6806.0;28260.0
366800;34916.0;6816.0;28100.0
366900;35116.0;6816.0;28300.0
367000;35116.0;6816.0;28300.0
367100;35006.0;6706.0;28300.0
367200;35156.0;6816.0;28340.0
367300;35156.0;6816.0;28340.0
367400;35916.0;6816.0;29100.0
367500;35276.0;6816.0;28460.0
367600;35376.0;7036.0;28340.0
367700;35156.0;6816.0;28340.0
367800;35146.0;6806.0;28340.0
367900;35166.0;6786.0;28380.0
368000;35246.0;6866.0;28380.0
368100;35176.0;6796.0;28380.0
368200;35086.0;6826.0;28260.0
368300;35216.0;6796.0;28420.0
368400;34676.0;6776.0;27900.0
368500;35756.0;6816.0;28940.0
368600;35196.0;6776.0;28420.0
368700;35216.0;6796.0;28420.0
368800;35276.0;6816.0;28460.0
368900;35846.0;6826.0;29020.0
369000;35056.0;6716.0;28340.0
369100;35236.0;6776.0;28460.0
369200;36046.0;6786.0;29260.0
369300;35406.0;6786.0;28620.0
369400;35316.0;6816.0;28500.0
369500;35316.0;6816.0;28500.0
369600;35296.0;6796.0;28500.0
369700;35376.0;6756.0;28620.0
369800;35316.0;6816.0;28500.0
369900;35236.0;6816.0;28420.0
370000;35356.0;6816.0;28540.0
370100;35156.0;6616.0;28540.0
370200;35616.0;7036.0;28580.0
370300;35396.0;6816.0;28580.0
370400;35396.0;6816.0;28580.0
370500;35366.0;6906.0;28460.0
370600;35406.0;6826.0;28580.0
370700;35426.0;6846.0;28580.0
370800;35486.0;6746.0;28740.0
370900;35480.0;6836.0;28644.0
371000;35470.0;6826.0;28644.0
371100;35460.0;6816.0;28644.0
371200;35509.0;6816.0;28693.0
371300;35529.0;6836.0;28693.0
371400;35529.0;6836.0;28693.0
371500;35529.0;6836.0;28693.0
371600;36270.0;6836.0;29434.0
371700;35529.0;6836.0;28693.0
371800;35689.0;6996.0;28693.0
371900;35538.0;6806.0;28732.0
372000;35685.0;6836.0;28849.0
372100;35568.0;6836.0;28732.0
372200;35607.0;6836.0;28771.0
372300;35176.0;6836.0;28340.0
372400;35636.0;6856.0;28780.0
372500;35456.0;6676.0;28780.0
372600;35616.0;6836.0;28780.0
372700;35616.0;6836.0;28780.0
372800;35776.0;6836.0;28940.0
372900;35656.0;6836.0;28820.0
373000;35656.0;6836.0;28820.0
373100;36104.0;6896.0;29208.0
373200;35672.0;6996.0;28676.0
373300;35692.0;6856.0;28836.0
373400;35672.0;6836.0;28836.0
373500;35672.0;6836.0;28836.0
373600;35852.0;7016.0;28836.0
373700;35772.0;6816.0;28956.0
373800;35672.0;6836.0;28836.0
373900;35752.0;6876.0;28876.0
374000;35732.0;6856.0;28876.0
374100;35852.0;6856.0;28996.0
374200;35592.0;6836.0;28756.0
374300;35802.0;6886.0;28916.0
374400;35752.0;6836.0;28916.0
374500;35772.0;6856.0;28916.0
374600;35632.0;6836.0;28796.0
374700;35772.0;6856.0;28916.0
374800;35732.0;6816.0;28916.0
374900;35792.0;6836.0;28956.0
375000;35992.0;7036.0;28956.0
375100;35792.0;6836.0;28956.0
375200;35832.0;6836.0;28996.0
375300;35860.0;6864.0;28996.0
375400;35857.0;6861.0;28996.0
375500;35878.0;6882.0;28996.0
375600;35878.0;6882.0;28996.0
375700;35758.0;6882.0;28876.0
375800;35878.0;6882.0;28996.0
375900;36038.0;6882.0;29156.0
376000;35358.0;6882.0;28476.0
376100;35918.0;6882.0;29036.0
376200;35937.0;6861.0;29076.0
376300;36109.5;6913.5;29196.0
376400;35979.0;6903.0;29076.0
376500;35937.0;6861.0;29076.0
376600;35958.0;6882.0;29076.0
376700;35398.0;6882.0;28516.0
376800;35977.0;6861.0;29116.0
376900;35966.5;6850.5;29116.0
377000;35998.0;6882.0;29116.0
377100;35998.0;6882.0;29116.0
377200;35996.0;6840.0;29156.0
377300;36537.0;6861.0;29676.0
377400;36045.0;6889.0;29156.0
377500;36565.0;6889.0;29676.0
377600;36070.0;6914.0;29156.0
377700;36152.5;6876.5;29276.0
377800;35550.0;6914.0;28636.0
377900;36110.0;6914.0;29196.0
378000;35550.0;6914.0;28636.0
378100;36110.0;6914.0;29196.0
378200;36072.5;6876.5;29196.0
378300;36175.0;6939.0;29236.0
378400;36357.5;7001.5;29356.0
378500;36645.0;6889.0;29756.0
378600;36125.0;6889.0;29236.0
378700;36125.0;6889.0;29236.0
378800;36125.0;6889.0;29236.0
378900;36260.0;6864.0;29396.0
379000;36750.0;6914.0;29836.0
379100;36227.5;6951.5;29276.0
379200;36255.0;6939.0;29316.0
379300;36350.0;6914.0;29436.0
379400;36230.0;6914.0;29316.0
379500;36230.0;6914.0;29316.0
379600;36230.0;6914.0;29316.0
379700;36230.0;6914.0;29316.0
379800;36110.0;6914.0;29196.0
379900;36220.0;6864.0;29356.0
380000;36150.0;6914.0;29236.0
380100;36245.0;6889.0;29356.0
380200;36405.0;6889.0;29516.0
380300;36140.0;6864.0;29276.0
380400;36085.0;6689.0;29396.0
380500;36177.5;6901.5;29276.0
380600;36430.0;6914.0;29516.0
380700;36297.5;6901.5;29396.0
380800;36310.0;6914.0;29396.0
380900;36966.0;6970.0;29996.0
381000;36387.0;6951.0;29436.0
381100;36449.0;7013.0;29436.0
381200;36578.0;6982.0;29596.0
381300;36609.0;7013.0;29596.0
381400;37218.0;6982.0;30236.0
381500;36578.0;6982.0;29596.0
381600;36489.0;7013.0;29476.0
381700;36077.5;7121.5;28956.0
381800;36587.0;6951.0;29636.0
381900;36467.0;6951.0;29516.0
382000;36498.0;6982.0;29516.0
382100;36587.0;6951.0;29636.0
382200;36857.0;6951.0;29906.0
382300;36487.0;6951.0;29536.0
382400;36576.0;6920.0;29656.0
382500;36456.0;6920.0;29536.0
382600;36456.0;6920.0;29536.0
382700;36533.5;6997.5;29536.0
382800;36518.0;6982.0;29536.0
382900;36496.0;6920.0;29576.0
383000;36538.0;6962.0;29576.0
383100;36926.0;6962.0;29964.0
383200;36554.0;6962.0;29592.0
383300;36554.0;6962.0;29592.0
383400;36554.0;6962.0;29592.0
383500;36699.0;6987.0;29712.0
383600;36571.5;7099.5;29472.0
383700;36579.0;6987.0;29592.0
383800;36739.0;6987.0;29752.0
383900;36569.0;6937.0;29632.0
384000;36590.5;6958.5;29632.0
384100;36605.0;6973.0;29632.0
384200;36674.0;7002.0;29672.0
384300;36717.5;7045.5;29672.0
384400;36732.0;7060.0;29672.0
384500;36703.0;7031.0;29672.0
384600;36197.5;7045.5;29152.0
384700;36583.0;7031.0;29552.0
384800;36699.0;7147.0;29552.0
384900;36714.0;7002.0;29712.0
385000;36594.0;7002.0;29592.0
385100;36743.0;7031.0;29712.0
385200;36754.0;7002.0;29752.0
385300;36874.0;7002.0;29872.0
385400;36874.0;7002.0;29872.0
385500;36725.0;6973.0;29752.0
385600;36841.0;7089.0;29752.0
385700;36754.0;7002.0;29752.0
385800;36986.0;7234.0;29752.0
385900;36678.0;6886.0;29792.0
386000;36794.0;7002.0;29792.0
386100;36794.0;7002.0;29792.0
386200;36834.0;7002.0;29832.0
386300;36453.0;6741.0;29712.0
386400;36517.0;7205.0;29312.0
386500;36935.5;7103.5;29832.0
386600;36805.0;6973.0;29832.0
386700;36776.0;6944.0;29832.0
386800;37037.0;7205.0;29832.0
386900;36285.0;6973.0;29312.0
387000;36888.5;7016.5;29872.0
387100;36826.5;7074.5;29752.0
387200;36830.5;6958.5;29872.0
387300;36914.0;7002.0;29912.0
387400;36914.0;7002.0;29912.0
387500;36914.0;7002.0;29912.0
387600;36885.0;6973.0;29912.0
387700;37146.0;7234.0;29912.0
387800;37074.0;7002.0;30072.0
387900;36863.0;7031.0;29832.0
388000;36954.0;7002.0;29952.0
388100;37132.0;7060.0;30072.0
388200;36954.0;7002.0;29952.0
388300;37037.5;7045.5;29992.0
388400;36874.0;7002.0;29872.0
388500;36794.0;7002.0;29792.0
388600;37037.5;7045.5;29992.0
388700;37157.5;7045.5;30112.0
388800;37037.5;7045.5;29992.0
388900;36914.0;7002.0;29912.0
389000;36802.0;6770.0;30032.0
389100;37034.0;7002.0;30032.0
389200;37088.5;7016.5;30072.0
389300;36755.0;6683.0;30072.0
389400;37165.0;6973.0;30192.0
389500;37045.0;6973.0;30072.0
389600;37103.0;7031.0;30072.0
389700;37074.0;7002.0;30072.0
389800;37144.0;7072.0;30072.0
389900;37215.0;7103.0;30112.0
390000;37436.0;7324.0;30112.0
390100;37254.0;7142.0;30112.0
390200;37095.0;7103.0;29992.0
390300;37294.0;7142.0;30152.0
390400;37357.0;7205.0;30152.0
390500;37202.0;7170.0;30032.0
390600;37322.0;7170.0;30152.0
390700;37807.0;7135.0;30672.0
390800;36907.0;7275.0;29632.0
390900;37447.0;7135.0;30312.0
391000;37344.5;7152.5;30192.0
391100;37390.0;7198.0;30192.0
391200;37930.5;7178.5;30752.0
391300;37589.0;7237.0;30352.0
391400;36949.0;7237.0;29712.0
391500;37508.0;7276.0;30232.0
391600;36949.0;7237.0;29712.0
391700;37547.0;7315.0;30232.0
391800;37508.0;7276.0;30232.0
391900;37509.0;7237.0;30272.0
392000;37548.0;7276.0;30272.0
392100;37509.0;7237.0;30272.0
392200;37588.0;7276.0;30312.0
392300;37743.0;7311.0;30432.0
392400;37537.0;7345.0;30192.0
392500;37640.0;7328.0;30312.0
392600;37811.0;7379.0;30432.0
392700;37537.0;7345.0;30192.0
392800;37817.0;7345.0;30472.0
392900;37697.0;7345.0;30352.0
393000;37697.0;7345.0;30352.0
393100;37577.0;7345.0;30232.0
393200;37823.0;7311.0;30512.0
393300;38009.0;7617.0;30392.0
393400;37217.0;7345.0;29872.0
393500;37788.0;7396.0;30392.0
393600;38231.0;7719.0;30512.0
393700;37703.0;7311.0;30392.0
393800;37737.0;7345.0;30392.0
393900;37777.0;7345.0;30432.0
394000;37726.0;7294.0;30432.0
394100;38337.0;7345.0;30992.0
394200;37783.0;7311.0;30472.0
394300;37663.0;7311.0;30352.0
394400;37663.0;7311.0;30352.0
394500;37443.0;6971.0;30472.0
394600;37817.0;7345.0;30472.0
394700;37613.0;7141.0;30472.0
394800;37732.0;7260.0;30472.0
394900;38536.0;7464.0;31072.0
395000;37983.0;7311.0;30672.0
395100;38383.0;7311.0;31072.0
395200;37863.0;7311.0;30552.0
395300;37760.0;7328.0;30432.0
395400;37846.0;7294.0;30552.0
395500;37949.0;7277.0;30672.0
395600;37829.0;7277.0;30552.0
395700;37709.0;7277.0;30432.0
395800;37760.0;7328.0;30432.0
395900;37292.0;7260.0;30032.0
396000;37903.0;7311.0;30592.0
396100;37869.0;7277.0;30592.0
396200;37869.0;7277.0;30592.0
396300;37943.0;7311.0;30632.0
396400;37943.0;7311.0;30632.0
396500;37943.0;7311.0;30632.0
396600;37943.0;7311.0;30632.0
396700;37926.0;7294.0;30632.0
396800;37960.0;7328.0;30632.0
396900;37983.0;7311.0;30672.0
397000;37983.0;7311.0;30672.0
397100;37983.0;7311.0;30672.0
397200;38611.0;7379.0;31232.0
397300;38023.0;7311.0;30712.0
397400;38023.0;7311.0;30712.0
397500;38143.0;7311.0;30832.0
397600;38142.0;7430.0;30712.0
397700;38177.0;7345.0;30832.0
397800;38057.0;7345.0;30712.0
397900;38097.0;7345.0;30752.0
398000;38011.0;7379.0;30632.0
398100;38183.0;7311.0;30872.0
398200;38120.0;7328.0;30792.0
398300;38086.0;7294.0;30792.0
398400;37797.0;7005.0;30792.0
398500;38137.0;7345.0;30792.0
398600;38171.0;7379.0;30792.0
398700;38273.0;7481.0;30792.0
398800;37779.0;7107.0;30672.0
398900;38331.0;7379.0;30952.0
399000;38297.0;7345.0;30952.0
399100;38177.0;7345.0;30832.0
399200;38057.0;7345.0;30712.0
399300;38097.0;7345.0;30752.0
399400;38149.0;7277.0;30872.0
399500;38183.0;7311.0;30872.0
399600;38166.0;7294.0;30872.0
399700;38114.0;7362.0;30752.0
399800;38183.0;7311.0;30872.0
399900;38223.0;7311.0;30912.0
400000;38834.0;7362.0;31472.0
400100;38257.0;7345.0;30912.0
400200;38137.0;7345.0;30792.0
400300;38246.0;7294.0;30952.0
400400;38297.0;7345.0;30952.0
400500;38296.0;7464.0;30832.0
400600;38280.0;7328.0;30952.0
400700;38263.0;7311.0;30952.0
400800;38817.0;7345.0;31472.0
400900;38337.0;7345.0;30992.0
401000;37897.0;7345.0;30552.0
401100;37777.0;7345.0;30432.0
401200;38354.0;7362.0;30992.0
401300;38411.0;7379.0;31032.0
401400;38044.0;7532.0;30512.0
401500;39072.5;7651.0;31421.5
401600;38435.5;7379.0;31056.5
401700;38498.5;7442.0;31056.5
401800;38619.5;7417.0;31202.5
401900;37999.0;7417.0;30582.0
402000;38285.0;7192.0;31093.0
402100;38485.0;7392.0;31093.0
402200;38460.0;7367.0;31093.0
402300;38521.5;7392.0;31129.5
402400;38556.5;7427.0;31129.5
402500;38556.5;7427.0;31129.5
402600;38556.5;7427.0;31129.5
402700;38477.0;7457.0;31020.0
402800;38623.0;7457.0;31166.0
402900;38623.0;7457.0;31166.0
403000;38623.0;7457.0;31166.0
403100;38578.0;7412.0;31166.0
403200;38863.0;7697.0;31166.0
403300;38409.0;7412.0;30997.0
403400;38614.0;7457.0;31157.0
403500;38399.0;7442.0;30957.0
403600;38584.0;7427.0;31157.0
403700;38644.0;7487.0;31157.0
403800;38639.0;7442.0;31197.0
403900;38624.0;7427.0;31197.0
404000;38579.0;7382.0;31197.0
404100;38654.0;7457.0;31197.0
404200;38804.0;7487.0;31317.0
404300;38799.0;7442.0;31357.0
404400;38574.0;7457.0;31117.0
404500;38664.0;7427.0;31237.0
404600;38694.0;7457.0;31237.0
404700;38159.0;7442.0;30717.0
404800;38839.0;7442.0;31397.0
404900;38674.0;7397.0;31277.0
405000;38614.0;7457.0;31157.0
405100;38674.0;7397.0;31277.0
405200;38658.0;7381.0;31277.0
405300;38954.0;7637.0;31317.0
405400;38146.0;7349.0;30797.0
405500;38746.0;7429.0;31317.0
405600;38850.0;7413.0;31437.0
405700;38474.0;7157.0;31317.0
405800;38754.0;7397.0;31357.0
405900;38770.0;7413.0;31357.0
406000;38210.0;7413.0;30797.0
406100;38330.0;7413.0;30917.0
406200;38514.0;7157.0;31357.0
406300;38602.0;7365.0;31237.0
406400;38690.0;7413.0;31277.0
406500;38554.0;7157.0;31397.0
406600;38930.0;7413.0;31517.0
406700;39002.0;7445.0;31557.0
406800;38930.0;7493.0;31437.0
406900;38882.0;7445.0;31437.0
407000;38698.0;7701.0;30997.0
407100;39410.0;7413.0;31997.0
407200;38794.0;7477.0;31317.0
407300;38770.0;7493.0;31277.0
407400;38978.0;7501.0;31477.0
407500;39074.0;7477.0;31597.0
407600;38978.0;7501.0;31477.0
407700;39218.0;7741.0;31477.0
407800;39114.0;7477.0;31637.0
407900;39138.0;7501.0;31637.0
408000;39138.0;7501.0;31637.0
408100;39018.0;7501.0;31517.0
408200;39018.0;7501.0;31517.0
408300;38898.0;7501.0;31397.0
408400;39082.0;7525.0;31557.0
408500;39058.0;7501.0;31557.0
408600;39082.0;7525.0;31557.0
408700;39058.0;7501.0;31557.0
408800;38562.0;7525.0;31037.0
408900;39850.0;7693.0;32157.0
409000;39098.0;7501.0;31597.0
409100;39074.0;7477.0;31597.0
409200;38954.0;7357.0;31597.0
409300;39210.0;7453.0;31757.0
409400;39138.0;7501.0;31637.0
409500;38994.0;7357.0;31637.0
409600;38630.0;7513.0;31117.0
409700;38970.0;7453.0;31517.0
409800;39142.0;7465.0;31677.0
409900;39178.0;7501.0;31677.0
410000;39226.0;7549.0;31677.0
410100;39058.0;7501.0;31557.0
410200;39202.0;7525.0;31677.0
410300;39106.0;7549.0;31557.0
410400;39786.0;7549.0;32237.0
410500;39242.0;7525.0;31717.0
410600;39290.0;7573.0;31717.0
410700;39194.0;7477.0;31717.0
410800;39570.0;7693.0;31877.0
410900;39294.0;7537.0;31757.0
411000;39258.0;7501.0;31757.0
411100;38698.0;7501.0;31197.0
411200;39378.0;7501.0;31877.0
411300;39298.0;7501.0;31797.0
411400;39334.0;7537.0;31797.0
411500;38778.0;7501.0;31277.0
411600;39298.0;7501.0;31797.0
411700;39178.0;7501.0;31677.0
411800;39242.0;7525.0;31717.0
411900;39578.0;7741.0;31837.0
412000;39290.0;7453.0;31837.0
412100;39338.0;7501.0;31837.0
412200;39194.0;7477.0;31717.0
412300;39354.0;7477.0;31877.0
412400;39330.0;7453.0;31877.0
412500;39306.0;7429.0;31877.0
412600;39238.0;7481.0;31757.0
412700;39426.0;7509.0;31917.0
412800;39230.0;7313.0;31917.0
412900;39454.0;7537.0;31917.0
413000;39454.0;7537.0;31917.0
413100;39454.0;7537.0;31917.0
413200;39398.0;7481.0;31917.0
413300;39642.0;7565.0;32077.0
413400;39494.0;7537.0;31957.0
413500;39586.0;7509.0;32077.0
413600;39318.0;7481.0;31837.0
413700;39986.0;7509.0;32477.0
413800;39506.0;7509.0;31997.0
413900;39282.0;7285.0;31997.0
414000;39751.0;7634.0;32117.0
414100;39696.0;7579.0;32117.0
414200;39565.0;7568.0;31997.0
414300;39736.0;7579.0;32157.0
414400;39085.0;7568.0;31517.0
414500;39736.0;7579.0;32157.0
414600;39583.0;7546.0;32037.0
414700;39656.0;7579.0;32077.0
414800;39754.0;7557.0;32197.0
414900;39656.0;7579.0;32077.0
415000;39656.0;7579.0;32077.0
415100;39656.0;7579.0;32077.0
415200;39843.0;7601.0;32242.0
415300;39747.0;7579.0;32168.0
415400;39758.0;7590.0;32168.0
415500;39747.0;7579.0;32168.0
415600;39044.0;7579.0;31465.0
415700;39747.0;7579.0;32168.0
415800;39937.0;7621.0;32316.0
415900;40386.0;7663.0;32723.0
416000;39784.0;7579.0;32205.0
416100;39840.0;7635.0;32205.0
416200;39600.0;7395.0;32205.0
416300;39877.0;7635.0;32242.0
416400;39718.0;7635.0;32083.0
416500;39288.0;7605.0;31683.0
416600;39838.0;7635.0;32203.0
416700;39908.0;7665.0;32243.0
416800;39728.0;7605.0;32123.0
416900;40678.0;7635.0;33043.0
417000;39938.0;7695.0;32243.0
417100;39348.0;7665.0;31683.0
417200;40028.0;7665.0;32363.0
417300;39978.0;7695.0;32283.0
417400;39828.0;7665.0;32163.0
417500;39948.0;7665.0;32283.0
417600;39948.0;7665.0;32283.0
417700;39858.0;7575.0;32283.0
417800;40318.0;7995.0;32323.0
417900;40018.0;7695.0;32323.0
418000;40048.0;7725.0;32323.0
418100;40288.0;7965.0;32323.0
418200;39898.0;7695.0;32203.0
418300;39898.0;7695.0;32203.0
418400;40058.0;7695.0;32363.0
418500;40058.0;7695.0;32363.0
418600;40088.0;7725.0;32363.0
418700;40073.0;7710.0;32363.0
418800;40068.0;7665.0;32403.0
418900;40278.0;7755.0;32523.0
419000;40068.0;7665.0;32403.0
419100;40128.0;7725.0;32403.0
419200;40152.0;7725.0;32427.0
419300;40130.0;7665.0;32465.0
419400;40130.0;7665.0;32465.0
419500;40100.0;7635.0;32465.0
419600;40130.0;7665.0;32465.0
419700;40130.0;7665.0;32465.0
419800;40168.0;7665.0;32503.0
419900;40168.0;7665.0;32503.0
420000;40138.0;7635.0;32503.0
420100;39681.0;7710.0;31971.0
420200;40054.0;7665.0;32389.0
420300;40547.0;7995.0;32552.0
420400;40217.0;7665.0;32552.0
420500;40172.0;7620.0;32552.0
420600;40217.0;7665.0;32552.0
420700;40100.0;7665.0;32435.0
420800;40139.0;7665.0;32474.0
420900;40226.0;7635.0;32591.0
421000;40226.0;7635.0;32591.0
421100;40226.0;7635.0;32591.0
421200;40049.0;7575.0;32474.0
421300;40340.0;7710.0;32630.0
421400;40742.0;7605.0;33137.0
421500;40265.0;7635.0;32630.0
421600;39758.0;7635.0;32123.0
421700;40205.0;7575.0;32630.0
421800;40319.0;7650.0;32669.0
421900;40274.0;7605.0;32669.0
422000;40319.0;7650.0;32669.0
422100;40319.0;7650.0;32669.0
422200;40274.0;7605.0;32669.0
422300;40343.0;7635.0;32708.0
422400;40208.0;7500.0;32708.0
422500;40268.0;7560.0;32708.0
422600;40313.0;7605.0;32708.0
422700;40343.0;7635.0;32708.0
422800;40235.0;7605.0;32630.0
422900;40469.0;7605.0;32864.0
423000;40292.0;7545.0;32747.0
423100;40352.0;7605.0;32747.0
423200;40352.0;7605.0;32747.0
423300;40271.0;7485.0;32786.0
423400;40508.0;7605.0;32903.0
423500;40391.0;7605.0;32786.0
423600;40508.0;7605.0;32903.0
423700;40361.0;7575.0;32786.0
423800;40517.0;7575.0;32942.0
423900;40418.0;7710.0;32708.0
424000;40130.0;7305.0;32825.0
424100;40502.0;7560.0;32942.0
424200;40370.0;7545.0;32825.0
424300;40496.0;7515.0;32981.0
424400;40229.0;7365.0;32864.0
424500;40886.0;7515.0;33371.0
424600;40619.0;7755.0;32864.0
424700;40421.0;7557.0;32864.0
424800;40496.0;7593.0;32903.0
424900;40538.0;7593.0;32945.0
425000;40355.0;7593.0;32762.0
425100;40595.0;7593.0;33002.0
425200;40481.0;7599.0;32882.0
425300;41032.0;7599.0;33433.0
425400;40516.5;7584.0;32932.5
425500;40576.5;7644.0;32932.5
425600;40531.5;7599.0;32932.5
425700;40570.0;7599.0;32971.0
425800;40559.0;7703.5;32855.5
425900;40619.0;7648.0;32971.0
426000;40693.0;7722.0;32971.0
426100;41026.0;8055.0;32971.0
426200;40503.5;7648.0;32855.5
426300;40620.5;7611.0;33009.5
426400;40657.5;7648.0;33009.5
426500;40542.0;7648.0;32894.0
426600;40657.5;7648.0;33009.5
426700;40731.5;7722.0;33009.5
426800;40592.0;7685.0;32907.0
426900;40795.0;7648.0;33147.0
427000;40971.0;7944.0;33027.0
427100;40555.0;7648.0;32907.0
427200;40712.0;7685.0;33027.0
427300;40752.0;7685.0;33067.0
427400;41070.5;7611.0;33459.5
427500;41220.0;7648.0;33572.0
427600;40749.0;7648.0;33101.0
427700;40749.0;7648.0;33101.0
427800;40523.0;7500.0;33023.0
427900;40769.5;7629.5;33140.0
428000;40991.5;7851.5;33140.0
428100;40769.5;7629.5;33140.0
428200;40788.0;7648.0;33140.0
428300;40708.0;7685.0;33023.0
428400;40357.0;7685.0;32672.0
428500;40412.5;7740.5;32672.0
428600;40568.0;7389.0;33179.0
428700;41334.0;7648.0;33686.0
428800;40977.0;7759.0;33218.0
428900;40866.0;7648.0;33218.0
429000;40921.5;7703.5;33218.0
429100;40866.0;7648.0;33218.0
429200;40866.0;7648.0;33218.0
429300;40757.0;7500.0;33257.0
429400;40868.0;7611.0;33257.0
429500;40905.0;7648.0;33257.0
429600;40942.0;7685.0;33257.0
429700;40868.0;7611.0;33257.0
429800;41129.0;7833.0;33296.0
429900;41277.0;7981.0;33296.0
430000;40925.5;7629.5;33296.0
430100;41009.0;7713.0;33296.0
430200;41009.0;7713.0;33296.0
430300;41081.0;7746.0;33335.0
430400;40964.0;7746.0;33218.0
430500;41048.0;7713.0;33335.0
430600;41015.0;7680.0;33335.0
430700;41604.5;7762.5;33842.0
430800;41054.0;7680.0;33374.0
430900;41567.0;7647.0;33920.0
431000;41054.0;7680.0;33374.0
431100;41054.0;7680.0;33374.0
431200;41070.5;7696.5;33374.0
431300;40887.5;7630.5;33257.0
431400;41043.5;7630.5;33413.0
431500;41210.0;7680.0;33530.0
431600;41076.5;7663.5;33413.0
431700;40829.0;7416.0;33413.0
431800;41165.0;7713.0;33452.0
431900;41282.0;7713.0;33569.0
432000;41082.5;7630.5;33452.0
432100;41288.0;7680.0;33608.0
432200;41015.0;7680.0;33335.0
432300;41204.0;7713.0;33491.0
432400;41237.0;7746.0;33491.0
432500;41087.0;7713.0;33374.0
432600;41037.5;7663.5;33374.0
432700;41243.0;7713.0;33530.0
432800;41285.0;7755.0;33530.0
432900;41285.0;7755.0;33530.0
433000;40872.5;7774.5;33098.0
433100;40454.0;7716.0;32738.0
433200;41686.0;8028.0;33658.0
433300;41469.5;7891.5;33578.0
433400;41174.0;7716.0;33458.0
433500;41294.0;7716.0;33578.0
433600;40735.0;7677.0;33058.0
433700;41216.0;7758.0;33458.0
433800;41376.0;7758.0;33618.0
433900;41421.0;7803.0;33618.0
434000;41488.5;7870.5;33618.0
434100;41286.0;7668.0;33618.0
434200;41331.0;7713.0;33618.0
434300;41371.0;7713.0;33658.0
434400;41326.0;7668.0;33658.0
434500;41206.0;7668.0;33538.0
434600;41371.0;7713.0;33658.0
434700;41371.0;7713.0;33658.0
434800;41388.5;7690.5;33698.0
434900;41456.0;7758.0;33698.0
435000;41456.0;7758.0;33698.0
435100;41171.0;7713.0;33458.0
435200;40961.0;7263.0;33698.0
435300;41366.0;7668.0;33698.0
435400;41472.0;7734.0;33738.0
435500;41592.0;7734.0;33858.0
435600;41472.0;7734.0;33738.0
435700;41568.0;7830.0;33738.0
435800;41464.0;7686.0;33778.0
435900;41536.0;7758.0;33778.0
436000;41512.0;7734.0;33778.0
436100;41902.0;7734.0;34168.0
436200;41396.0;7758.0;33638.0
436300;41532.0;7734.0;33798.0
436400;42052.0;7734.0;34318.0
436500;41652.0;7734.0;33918.0
436600;41484.0;7686.0;33798.0
436700;41628.0;7830.0;33798.0
436800;41572.0;7734.0;33838.0
436900;41212.0;7494.0;33718.0
437000;41572.0;7734.0;33838.0
437100;42204.0;7806.0;34398.0
437200;41500.0;7782.0;33718.0
437300;41500.0;7782.0;33718.0
437400;41468.0;7710.0;33758.0
437500;41660.0;7782.0;33878.0
437600;41612.0;7854.0;33758.0
437700;41820.0;7782.0;34038.0
437800;41676.0;7758.0;33918.0
437900;41748.0;7830.0;33918.0
438000;41748.0;7830.0;33918.0
438100;41868.0;7830.0;34038.0
438200;41748.0;7830.0;33918.0
438300;41788.0;7830.0;33958.0
438400;41836.0;7878.0;33958.0
438500;42227.0;7878.0;34349.0
438600;41857.0;7878.0;33979.0
438700;41857.0;7878.0;33979.0
438800;41588.0;7734.0;33854.0
438900;42412.0;7878.0;34534.0
439000;41972.0;7878.0;34094.0
439100;41887.0;7913.0;33974.0
439200;41887.0;7913.0;33974.0
439300;41862.5;7848.5;34014.0
439400;41927.0;7913.0;34014.0
439500;42047.0;7913.0;34134.0
439600;41862.5;7848.5;34014.0
439700;41948.5;7934.5;34014.0
439800;42091.0;8037.0;34054.0
439900;42037.0;7983.0;34054.0
440000;42037.0;7983.0;34054.0
440100;42597.0;7983.0;34614.0
440200;42037.0;7983.0;34054.0
440300;42098.0;8004.0;34094.0
440400;42098.0;8004.0;34094.0
440500;42098.0;8004.0;34094.0
440600;42585.0;7971.0;34614.0
440700;42079.0;7985.0;34094.0
440800;41629.0;8055.0;33574.0
440900;42314.0;8300.0;34014.0
441000;42066.5;7932.5;34134.0
441100;42136.5;8002.5;34134.0
441200;42189.0;8055.0;34134.0
441300;42279.0;7985.0;34294.0
441400;42074.0;8020.0;34054.0
441500;42194.0;8020.0;34174.0
441600;42229.0;8055.0;34174.0
441700;42354.0;8020.0;34334.0
441800;42549.0;8335.0;34214.0
441900;42076.5;7862.5;34214.0
442000;42304.0;8090.0;34214.0
442100;42149.0;7935.0;34214.0
442200;42025.0;7811.0;34214.0
442300;42313.0;8059.0;34254.0
442400;42313.0;8059.0;34254.0
442500;42359.5;8105.5;34254.0
442600;42177.5;8043.5;34134.0
442700;42546.0;8132.0;34414.0
442800;42293.5;8119.5;34174.0
442900;42451.0;8157.0;34294.0
443000;42454.0;8160.0;34294.0
443100;42433.0;8139.0;34294.0
443200;42412.0;8118.0;34294.0
443300;42664.0;8370.0;34294.0
443400;42593.0;8139.0;34454.0
443500;42473.0;8139.0;34334.0
443600;42593.0;8139.0;34454.0
443700;42473.0;8139.0;34334.0
443800;42513.0;8139.0;34374.0
443900;42513.0;8139.0;34374.0
444000;42498.0;8244.0;34254.0
444100;42704.5;8170.5;34534.0
444200;42992.0;8230.0;34762.0
444300;42659.0;8230.0;34429.0
444400;42659.0;8230.0;34429.0
444500;42659.0;8230.0;34429.0
444600;42670.0;8241.0;34429.0
444700;42659.0;8230.0;34429.0
444800;42685.0;8219.0;34466.0
444900;42685.0;8219.0;34466.0
445000;42752.0;8286.0;34466.0
445100;42590.0;8286.0;34304.0
445200;42713.0;8289.0;34424.0
445300;42780.0;8316.0;34464.0
445400;42753.0;8289.0;34464.0
445500;42750.0;8286.0;34464.0
445600;42753.0;8289.0;34464.0
445700;42753.0;8289.0;34464.0
445800;42793.0;8289.0;34504.0
445900;43350.0;8286.0;35064.0
446000;43354.5;8290.5;35064.0
446100;42793.0;8289.0;34504.0
446200;42793.0;8289.0;34504.0
446300;42842.0;8298.0;34544.0
446400;42833.0;8289.0;34544.0
446500;42717.5;8293.5;34424.0
446600;42828.5;8284.5;34544.0
446700;42833.0;8289.0;34544.0
446800;42897.0;8313.0;34584.0
446900;42876.0;8292.0;34584.0
447000;42903.0;8319.0;34584.0
447100;42748.5;8284.5;34464.0
447200;42840.0;8256.0;34584.0
447300;13024.0;-21720.0;34744.0
447400;42793.0;8289.0;34504.0
447500;42913.0;8289.0;34624.0
447600;43428.5;8284.5;35144.0
447700;42913.0;8289.0;34624.0
447800;42986.0;8292.0;34694.0
447900;42825.0;8286.0;34539.0
448000;43053.0;8274.0;34779.0
448100;42958.5;8299.5;34659.0
448200;43065.0;8286.0;34779.0
448300;43108.0;8289.0;34819.0
448400;42988.0;8289.0;34699.0
448500;42988.0;8289.0;34699.0
448600;43374.5;8286.0;35088.5
448700;43011.0;8287.5;34723.5
448800;42535.0;8286.0;34249.0
448900;43043.0;8283.0;34760.0
449000;43052.0;8292.0;34760.0
449100;43105.0;8345.0;34760.0
449200;43105.0;8345.0;34760.0
449300;43141.5;8345.0;34796.5
449400;43180.0;8383.5;34796.5
449500;43141.5;8345.0;34796.5
449600;42976.0;8345.0;34631.0
449700;43085.0;8334.0;34751.0
449800;43141.5;8350.5;34791.0
449900;43016.0;8345.0;34671.0
450000;43136.0;8345.0;34791.0
450100;43152.5;8361.5;34791.0
450200;43355.0;8444.0;34911.0
450300;43307.0;8356.0;34951.0
450400;43275.0;8444.0;34831.0
450500;43187.0;8356.0;34831.0
450600;43307.0;8356.0;34951.0
450700;43275.0;8444.0;34831.0
450800;43254.5;8383.5;34871.0
450900;43325.0;8334.0;34991.0
451000;43096.0;8345.0;34751.0
451100;43232.5;8361.5;34871.0
451200;43227.0;8356.0;34871.0
451300;43267.0;8356.0;34911.0
451400;43256.0;8345.0;34911.0
451500;43261.5;8350.5;34911.0
451600;43294.5;8383.5;34911.0
451700;43798.0;8367.0;35431.0
451800;43462.0;8391.0;35071.0
451900;43342.0;8391.0;34951.0
452000;43366.0;8415.0;34951.0
452100;43302.0;8231.0;35071.0
452200;43230.0;8399.0;34831.0
452300;43417.5;8426.5;34991.0
452400;43422.0;8431.0;34991.0
452500;43413.0;8422.0;34991.0
452600;43542.0;8431.0;35111.0
452700;43422.0;8431.0;34991.0
452800;43390.0;8359.0;35031.0
452900;43654.0;8503.0;35151.0
453000;43985.0;8444.5;35540.5
453100;43484.5;8444.5;35040.0
453200;43489.0;8449.0;35040.0
453300;43527.5;8449.0;35078.5
453400;43578.5;8500.0;35078.5
453500;43563.5;8485.0;35078.5
453600;43578.5;8500.0;35078.5
453700;43160.5;8582.5;34578.0
453800;43069.0;8500.0;34569.0
453900;43524.0;8395.0;35129.0
454000;43464.0;8455.0;35009.0
454100;43659.0;8530.0;35129.0
454200;43779.0;8530.0;35249.0
454300;43164.0;8515.0;34649.0
454400;43519.0;8470.0;35049.0
454500;43541.5;8492.5;35049.0
454600;43684.0;8515.0;35169.0
454700;43684.0;8515.0;35169.0
454800;43739.0;8530.0;35209.0
454900;43851.5;8522.5;35329.0
455000;43724.0;8515.0;35209.0
455100;43844.0;8515.0;35329.0
455200;43724.0;8515.0;35209.0
455300;43719.0;8470.0;35249.0
455400;43764.0;8515.0;35249.0
455500;43764.0;8515.0;35249.0
455600;43764.0;8515.0;35249.0
455700;43749.0;8500.0;35249.0
455800;43699.0;8410.0;35289.0
455900;43609.0;8440.0;35169.0
456000;43821.0;8532.0;35289.0
456100;43832.0;8543.0;35289.0
456200;43832.0;8543.0;35289.0
456300;43872.0;8543.0;35329.0
456400;44008.5;8559.5;35449.0
456500;43784.0;8455.0;35329.0
456600;43872.0;8543.0;35329.0
456700;43872.0;8543.0;35329.0
456800;43917.5;8548.5;35369.0
456900;43901.0;8532.0;35369.0
457000;43884.5;8515.5;35369.0
457100;43901.0;8532.0;35369.0
457200;43901.0;8532.0;35369.0
457300;43112.0;8543.0;34569.0
457400;43941.0;8532.0;35409.0
457500;43941.0;8532.0;35409.0
457600;44336.5;8532.0;35804.5
457700;43951.5;8532.0;35419.5
457800;43990.0;8532.0;35458.0
457900;43973.5;8515.5;35458.0
458000;43990.0;8532.0;35458.0
458100;43990.0;8532.0;35458.0
458200;43874.5;8532.0;35342.5
458300;44149.5;8537.5;35612.0
458400;44070.5;8574.0;35496.5
458500;44078.0;8581.5;35496.5
458600;44070.5;8574.0;35496.5
458700;44884.0;8579.0;36305.0
458800;44116.5;8581.5;35535.0
458900;44109.0;8574.0;35535.0
459000;44149.0;8614.0;35535.0
459100;44101.5;8566.5;35535.0
459200;44114.0;8579.0;35535.0
459300;44238.0;8549.0;35689.0
459400;44260.5;8571.5;35689.0
459500;43987.0;8529.0;35458.0
459600;44148.0;8569.0;35579.0
459700;44138.0;8559.0;35579.0
459800;44194.5;8576.5;35618.0
459900;44194.5;8576.5;35618.0
460000;44192.0;8574.0;35618.0
460100;44187.0;8569.0;35618.0
460200;44309.0;8574.0;35735.0
460300;44231.0;8574.0;35657.0
460400;44231.0;8574.0;35657.0
460500;44233.5;8576.5;35657.0
460600;44231.0;8574.0;35657.0
460700;44119.0;8579.0;35540.0
460800;44145.5;8566.5;35579.0
460900;44230.0;8534.0;35696.0
461000;44230.0;8534.0;35696.0
461100;44275.0;8579.0;35696.0
461200;44818.5;8576.5;36242.0
461300;44304.0;8569.0;35735.0
461400;44304.0;8569.0;35735.0
461500;44344.0;8609.0;35735.0
461600;44187.0;8569.0;35618.0
461700;44304.0;8569.0;35735.0
461800;44460.0;8569.0;35891.0
461900;44358.0;8554.0;35804.0
462000;44373.0;8569.0;35804.0
462100;44355.5;8551.5;35804.0
462200;44373.0;8569.0;35804.0
462300;44884.0;8569.0;36315.0
462400;44415.0;8574.5;35840.5
462500;44421.5;8581.0;35840.5
462600;44677.0;8581.0;36096.0
462700;44894.5;8579.5;36315.0
462800;44292.0;8584.0;35708.0
462900;44288.0;8580.0;35708.0
463000;44409.0;8581.0;35828.0
463100;44530.0;8582.0;35948.0
463200;44529.0;8581.0;35948.0
463300;44448.0;8580.0;35868.0
463400;44569.0;8581.0;35988.0
463500;44321.0;8573.0;35748.0
463600;44449.0;8581.0;35868.0
463700;44453.5;8585.5;35868.0
463800;43929.0;8581.0;35348.0
463900;44411.0;8623.0;35788.0
464000;44538.0;8630.0;35908.0
464100;44658.0;8630.0;36028.0
464200;44527.5;8619.5;35908.0
464300;44467.0;8679.0;35788.0
464400;44451.0;8623.0;35828.0
464500;45098.0;8630.0;36468.0
464600;44578.0;8630.0;35948.0
464700;44581.5;8633.5;35948.0
464800;44611.0;8623.0;35988.0
464900;44731.0;8623.0;36108.0
465000;44611.0;8623.0;35988.0
465100;45178.0;8630.0;36548.0
465200;44706.5;8598.5;36108.0
465300;44651.0;8623.0;36028.0
465400;44651.0;8623.0;36028.0
465500;44693.0;8665.0;36028.0
465600;44599.0;8691.0;35908.0
465700;44599.0;8691.0;35908.0
465800;44866.0;8678.0;36188.0
465900;44681.0;8613.0;36068.0
466000;44286.5;8658.5;35628.0
466100;44626.0;8678.0;35948.0
466200;44853.0;8665.0;36188.0
466300;44746.0;8678.0;36068.0
466400;44773.0;8665.0;36108.0
466500;44653.0;8665.0;35988.0
466600;44760.0;8652.0;36108.0
466700;44877.0;8769.0;36108.0
466800;44680.0;8652.0;36028.0
466900;44793.5;8645.5;36148.0
467000;44813.0;8665.0;36148.0
467100;44813.0;8665.0;36148.0
467200;44813.0;8665.0;36148.0
467300;44859.5;8671.5;36188.0
467400;44840.0;8652.0;36188.0
467500;44840.0;8652.0;36188.0
467600;44840.0;8652.0;36188.0
467700;44840.0;8652.0;36188.0
467800;44700.0;8592.0;36108.0
467900;44919.0;8691.0;36228.0
468000;44897.0;8669.0;36228.0
468100;45006.0;8778.0;36228.0
468200;44992.0;8764.0;36228.0
468300;45116.0;8848.0;36268.0
468400;45053.0;8785.0;36268.0
468500;45046.0;8778.0;36268.0
468600;45447.0;8785.0;36662.0
468700;45219.0;8785.0;36434.0
468800;44615.0;8827.0;35788.0
468900;45112.0;8792.0;36320.0
469000;45103.0;8771.0;36332.0
469100;45103.0;8771.0;36332.0
469200;45103.0;8771.0;36332.0
469300;44965.0;8750.0;36215.0
469400;44509.0;8645.0;35864.0
469500;45245.0;8757.0;36488.0
469600;45121.0;8750.0;36371.0
469700;45142.0;8771.0;36371.0
469800;45209.0;8799.0;36410.0
469900;45050.0;8757.0;36293.0
470000;45160.0;8750.0;36410.0
470100;45050.0;8757.0;36293.0
470200;45167.0;8757.0;36410.0
470300;45206.0;8757.0;36449.0
470400;44811.0;8869.0;35942.0
470500;45185.0;8736.0;36449.0
470600;45227.0;8778.0;36449.0
470700;44699.0;8757.0;35942.0
470800;45259.0;8771.0;36488.0
470900;45415.0;8771.0;36644.0
471000;45142.0;8771.0;36371.0
471100;45488.0;8883.0;36605.0
471200;45425.0;8820.0;36605.0
471300;45513.0;8869.0;36644.0
471400;45298.0;8771.0;36527.0
471500;45277.0;8750.0;36527.0
471600;45527.0;8883.0;36644.0
471700;45298.0;8771.0;36527.0
471800;45454.0;8771.0;36683.0
471900;45379.0;8813.0;36566.0
472000;45379.0;8813.0;36566.0
472100;45399.0;8833.0;36566.0
472200;45420.0;8854.0;36566.0
472300;45459.0;8854.0;36605.0
472400;45478.0;8990.0;36488.0
472500;45601.5;8879.5;36722.0
472600;45450.5;8845.5;36605.0
472700;45501.5;8896.5;36605.0
472800;45398.0;8871.0;36527.0
472900;44986.0;8888.0;36098.0
473000;45871.0;8837.0;37034.0
473100;45540.5;8896.5;36644.0
473200;45589.5;8828.5;36761.0
473300;45690.0;9007.0;36683.0
473400;45411.5;8845.5;36566.0
473500;45554.0;8871.0;36683.0
473600;45579.5;8896.5;36683.0
473700;45554.0;8871.0;36683.0
473800;45983.0;8871.0;37112.0
473900;45593.0;8871.0;36722.0
474000;45983.0;8871.0;37112.0
474100;45710.0;8871.0;36839.0
474200;45501.5;8896.5;36605.0
474300;45649.0;8888.0;36761.0
474400;45632.0;8871.0;36761.0
474500;45532.0;8888.0;36644.0
474600;45523.5;8879.5;36644.0
474700;45623.5;8862.5;36761.0
474800;45688.0;8888.0;36800.0
474900;45688.0;8888.0;36800.0
475000;45822.0;8905.0;36917.0
475100;45739.0;8939.0;36800.0
475200;45571.0;8888.0;36683.0
475300;45844.0;8888.0;36956.0
475400;45844.0;8888.0;36956.0
475500;45744.0;8905.0;36839.0
475600;45761.0;8922.0;36839.0
475700;45769.5;8930.5;36839.0
475800;45800.0;8922.0;36878.0
475900;45683.0;8922.0;36761.0
476000;45800.0;8922.0;36878.0
476100;45254.0;8922.0;36332.0
476200;45900.0;8905.0;36995.0
476300;45683.0;8922.0;36761.0
476400;46398.0;8974.0;37424.0
476500;45902.0;8985.0;36917.0
476600;45869.0;8952.0;36917.0
476700;46003.0;8930.0;37073.0
476800;46476.0;8974.0;37502.0
476900;45802.0;8963.0;36839.0
477000;45813.0;8974.0;36839.0
477100;46018.0;9062.0;36956.0
477200;45994.0;9038.0;36956.0
477300;45602.0;9038.0;36564.0
477400;46042.0;9038.0;37004.0
477500;46170.0;9166.0;37004.0
477600;46053.5;9022.0;37031.5
477700;46053.5;9022.0;37031.5
477800;46075.0;9006.0;37069.0
477900;46203.5;9022.0;37181.5
478000;46115.0;9046.0;37069.0
478100;46115.0;9046.0;37069.0
478200;46091.0;9022.0;37069.0
478300;46128.5;9022.0;37106.5
478400;46128.5;9022.0;37106.5
478500;46053.0;9059.0;36994.0
478600;46207.5;9101.0;37106.5
478700;46105.5;9111.5;36994.0
478800;46245.0;9101.0;37144.0
478900;46189.0;9045.0;37144.0
479000;46371.5;9115.0;37256.5
479100;46252.0;9108.0;37144.0
479200;46259.0;9115.0;37144.0
479300;46289.5;9108.0;37181.5
479400;46282.5;9101.0;37181.5
479500;46272.0;9090.5;37181.5
479600;46176.5;9107.5;37069.0
479700;46296.5;9115.0;37181.5
479800;46329.0;9110.0;37219.0
479900;46324.0;9105.0;37219.0
480000;46329.0;9110.0;37219.0
480100;46466.5;9135.0;37331.5
480200;46444.0;9112.5;37331.5
480300;46401.5;9145.0;37256.5
480400;46361.5;9105.0;37256.5
480500;46361.5;9105.0;37256.5
480600;46249.0;9105.0;37144.0
480700;46511.5;9105.0;37406.5
480800;46404.0;9110.0;37294.0
480900;46404.0;9110.0;37294.0
481000;46241.5;9060.0;37181.5
481100;46249.0;9110.0;37139.0
481200;46371.5;9112.5;37259.0
481300;46534.0;9115.0;37419.0
481400;46526.5;9107.5;37419.0
481500;46359.0;9060.0;37299.0
481600;46414.0;9115.0;37299.0
481700;46414.0;9115.0;37299.0
481800;46454.0;9115.0;37339.0
481900;46469.0;9130.0;37339.0
482000;46566.5;9107.5;37459.0
482100;46579.0;9120.0;37459.0
482200;46579.0;9120.0;37459.0
482300;46519.0;9140.0;37379.0
482400;46629.0;9130.0;37499.0
482500;46504.0;9125.0;37379.0
482600;46539.0;9160.0;37379.0
482700;46061.5;9202.5;36859.0
482800;46654.0;9235.0;37419.0
482900;46621.5;9202.5;37419.0
483000;46054.0;9195.0;36859.0
483100;46614.0;9195.0;37419.0
483200;46614.0;9195.0;37419.0
483300;46654.0;9195.0;37459.0
483400;47140.0;9170.0;37970.0
483500;46649.5;9180.0;37469.5
483600;46662.0;9192.5;37469.5
483700;47210.0;9240.0;37970.0
483800;46715.5;9207.5;37508.0
483900;46713.0;9205.0;37508.0
484000;46597.5;9205.0;37392.5
484100;46713.0;9205.0;37508.0
484200;46703.0;9195.0;37508.0
484300;46718.0;9210.0;37508.0
484400;46241.0;9195.0;37046.0
484500;47287.0;9240.0;38047.0
484600;46746.5;9200.0;37546.5
484700;46764.0;9217.5;37546.5
484800;46785.0;9200.0;37585.0
484900;46780.0;9195.0;37585.0
485000;46782.5;9197.5;37585.0
485100;46782.5;9197.5;37585.0
485200;46790.0;9205.0;37585.0
485300;46828.5;9205.0;37623.5
485400;46828.5;9205.0;37623.5
485500;46823.5;9200.0;37623.5
485600;46703.0;9195.0;37508.0
485700;46823.5;9200.0;37623.5
485800;46852.0;9190.0;37662.0
485900;46862.0;9200.0;37662.0
486000;46434.0;9200.0;37234.0
486100;46874.0;9200.0;37674.0
486200;47253.0;9195.0;38058.0
486300;46926.5;9192.5;37734.0
486400;47042.0;9200.0;37842.0
486500;46767.0;9205.0;37562.0
486600;46887.0;9205.0;37682.0
486700;46869.5;9187.5;37682.0
486800;46807.0;9205.0;37602.0
486900;46807.0;9205.0;37602.0
487000;46922.0;9200.0;37722.0
487100;46812.0;9210.0;37602.0
487200;47073.0;9231.0;37842.0
487300;46993.0;9231.0;37762.0
487400;46993.0;9231.0;37762.0
487500;47032.0;9270.0;37762.0
487600;47035.0;9273.0;37762.0
487700;47063.0;9301.0;37762.0
487800;46983.0;9301.0;37682.0
487900;47125.0;9323.0;37802.0
488000;47125.0;9323.0;37802.0
488100;47333.0;9411.0;37922.0
488200;47125.0;9323.0;37802.0
488300;46972.0;9290.0;37682.0
488400;47110.0;9268.0;37842.0
488500;47023.0;9301.0;37722.0
488600;47159.5;9317.5;37842.0
488700;47242.0;9400.0;37842.0
488800;47183.0;9301.0;37882.0
488900;46394.0;9312.0;37082.0
489000;47205.0;9323.0;37882.0
489100;47155.5;9273.5;37882.0
489200;47150.0;9268.0;37882.0
489300;47245.0;9323.0;37922.0
489400;47256.0;9334.0;37922.0
489500;47376.0;9334.0;38042.0
489600;47261.5;9339.5;37922.0
489700;47332.0;9410.0;37922.0
489800;47334.0;9372.0;37962.0
489900;47486.0;9404.0;38082.0
490000;47362.0;9400.0;37962.0
490100;47358.0;9396.0;37962.0
490200;47362.0;9400.0;37962.0
490300;47522.0;9400.0;38122.0
490400;47410.0;9408.0;38002.0
490500;47402.0;9400.0;38002.0
490600;47412.0;9410.0;38002.0
490700;47402.0;9400.0;38002.0
490800;47442.0;9400.0;38042.0
490900;46882.0;9400.0;37482.0
491000;46886.0;9404.0;37482.0
491100;48002.0;9400.0;38602.0
491200;47446.0;9404.0;38042.0
491300;47602.0;9400.0;38202.0
491400;47490.0;9408.0;38082.0
491500;47486.0;9404.0;38082.0
491600;47482.0;9400.0;38082.0
491700;47478.0;9396.0;38082.0
491800;47522.0;9400.0;38122.0
491900;48082.0;9400.0;38682.0
492000;47086.0;9404.0;37682.0
492100;47526.0;9404.0;38122.0
492200;47530.0;9408.0;38122.0
492300;47378.0;9416.0;37962.0
492400;47566.0;9404.0;38162.0
492500;47686.0;9404.0;38282.0
492600;47052.0;9410.0;37642.0
492700;47564.0;9402.0;38162.0
492800;47726.0;9404.0;38322.0
492900;47606.0;9404.0;38202.0
493000;47482.0;9400.0;38082.0
493100;47602.0;9400.0;38202.0
493200;47598.0;9396.0;38202.0
493300;47634.0;9392.0;38242.0
493400;47522.0;9400.0;38122.0
493500;47082.0;9400.0;37682.0
493600;47642.0;9400.0;38242.0
493700;47640.0;9398.0;38242.0
493800;47804.0;9402.0;38402.0
493900;47584.0;9422.0;38162.0
494000;47686.0;9404.0;38282.0
494100;47686.0;9404.0;38282.0
494200;47686.0;9404.0;38282.0
494300;47747.0;9425.0;38322.0
494400;47747.0;9425.0;38322.0
494500;47746.0;9424.0;38322.0
494600;47627.0;9425.0;38202.0
494700;47749.0;9427.0;38322.0
494800;47907.0;9425.0;38482.0
494900;47787.0;9425.0;38362.0
495000;47787.0;9425.0;38362.0
495100;48171.0;9425.0;38746.0
495200;47811.0;9425.0;38386.0
495300;47955.0;9425.0;38530.0
495400;47675.5;9425.5;38250.0
495500;47795.0;9425.0;38370.0
495600;47796.5;9426.5;38370.0
495700;47676.0;9426.0;38250.0
495800;47838.5;9428.5;38410.0
495900;47715.0;9425.0;38290.0
496000;47715.0;9425.0;38290.0
496100;47835.0;9425.0;38410.0
496200;47717.5;9427.5;38290.0
496300;47876.0;9426.0;38450.0
496400;47882.0;9432.0;38450.0
496500;47874.0;9424.0;38450.0
496600;47871.0;9421.0;38450.0
496700;47874.0;9424.0;38450.0
496800;47914.0;9424.0;38490.0
496900;47913.5;9423.5;38490.0
497000;48474.0;9424.0;39050.0
497100;47793.0;9423.0;38370.0
497200;47794.0;9424.0;38370.0
497300;47793.0;9423.0;38370.0
497400;47955.0;9425.0;38530.0
497500;47834.0;9424.0;38410.0
497600;48074.0;9424.0;38650.0
497700;47954.0;9424.0;38530.0
497800;47994.0;9424.0;38570.0
497900;47998.5;9428.5;38570.0
498000;47994.0;9424.0;38570.0
498100;47992.5;9422.5;38570.0
498200;47994.0;9424.0;38570.0
498300;48034.0;9424.0;38610.0
498400;48032.0;9422.0;38610.0
498500;48554.5;9424.5;39130.0
498600;48033.0;9423.0;38610.0
498700;48033.0;9423.0;38610.0
498800;48077.5;9427.5;38650.0
498900;48142.5;9492.5;38650.0
499000;48129.0;9479.0;38650.0
499100;48129.0;9479.0;38650.0
499200;48129.0;9479.0;38650.0
499300;48129.0;9479.0;38650.0
499400;48293.5;9483.5;38810.0
499500;48187.0;9497.0;38690.0
499600;48169.0;9479.0;38690.0
499700;48329.0;9479.0;38850.0
499800;48209.0;9479.0;38730.0
499900;48209.0;9479.0;38730.0
500000;48632.5;9508.5;39124.0
500100;48280.0;9541.0;38739.0
500200;48138.5;9515.0;38623.5
500300;48273.0;9495.5;38777.5
500400;48273.0;9495.5;38777.5
500500;48273.0;9495.5;38777.5
500600;48408.0;9515.0;38893.0
500700;48292.5;9515.0;38777.5
500800;48331.0;9515.0;38816.0
500900;48446.5;9515.0;38931.5
501000;48331.0;9515.0;38816.0
501100;48331.0;9515.0;38816.0
501200;48318.0;9502.0;38816.0
501300;48754.5;9515.0;39239.5
501400;48356.5;9502.0;38854.5
501500;48291.5;9437.0;38854.5
501600;48356.5;9502.0;38854.5
501700;48510.5;9502.0;39008.5
501800;48395.0;9502.0;38893.0
501900;48338.0;9560.5;38777.5
502000;48382.0;9489.0;38893.0
502100;48423.0;9530.0;38893.0
502200;48423.0;9530.0;38893.0
502300;48436.0;9504.5;38931.5
502400;48444.5;9513.0;38931.5
502500;48329.0;9513.0;38816.0
502600;48560.0;9513.0;39047.0
502700;48475.5;9544.0;38931.5
502800;48506.5;9536.5;38970.0
502900;48398.5;9544.0;38854.5
503000;48514.0;9544.0;38970.0
503100;48431.5;9461.5;38970.0
503200;49053.0;9544.0;39509.0
503300;48575.0;9566.5;39008.5
503400;48668.0;9544.0;39124.0
503500;48552.5;9544.0;39008.5
503600;48567.5;9559.0;39008.5
503700;48567.5;9559.0;39008.5
503800;48465.0;9559.0;38906.0
503900;48465.0;9559.0;38906.0
504000;48585.0;9559.0;39026.0
504100;48585.0;9559.0;39026.0
504200;47800.0;9574.0;38226.0
504300;48600.0;9574.0;39026.0
504400;48617.5;9551.5;39066.0
504500;48617.5;9551.5;39066.0
504600;48617.5;9551.5;39066.0
504700;48640.0;9574.0;39066.0
504800;48680.0;9574.0;39106.0
504900;48680.0;9574.0;39106.0
505000;48665.0;9559.0;39106.0
505100;48240.0;9574.0;38666.0
505200;48800.0;9574.0;39226.0
505300;48840.0;9574.0;39266.0
505400;48720.0;9574.0;39146.0
505500;48742.5;9596.5;39146.0
505600;48615.0;9589.0;39026.0
505700;49240.0;9574.0;39666.0
505800;48775.0;9589.0;39186.0
505900;48880.0;9574.0;39306.0
506000;48760.0;9574.0;39186.0
506100;48880.0;9574.0;39306.0
506200;48872.5;9566.5;39306.0
506300;48837.5;9611.5;39226.0
506400;48815.0;9589.0;39226.0
506500;48695.0;9589.0;39106.0
506600;48695.0;9469.0;39226.0
506700;48815.0;9589.0;39226.0
506800;-951570.0;9724.0;-961294.0
506900;48840.0;9574.0;39266.0
507000;48855.0;9589.0;39266.0
507100;48855.0;9589.0;39266.0
507200;48855.0;9589.0;39266.0
507300;48917.5;9611.5;39306.0
507400;48872.5;9566.5;39306.0
507500;48760.0;9574.0;39186.0
507600;48782.5;9596.5;39186.0
507700;48880.0;9574.0;39306.0
507800;48800.0;9454.0;39346.0
507900;48830.0;9484.0;39346.0
508000;48792.5;9566.5;39226.0
508100;48935.0;9589.0;39346.0
508200;48935.0;9589.0;39346.0
508300;48975.0;9589.0;39386.0
508400;48975.0;9589.0;39386.0
508500;48455.0;9589.0;38866.0
508600;48477.5;9611.5;38866.0
508700;48975.0;9589.0;39386.0
508800;49157.5;9611.5;39546.0
508900;49135.0;9589.0;39546.0
509000;49165.0;9739.0;39426.0
509100;48895.0;9589.0;39306.0
509200;48477.5;9611.5;38866.0
509300;48947.5;9641.5;39306.0
509400;49055.0;9589.0;39466.0
509500;49205.0;9619.0;39586.0
509600;49070.0;9604.0;39466.0
509700;49245.0;9619.0;39626.0
509800;49125.0;9619.0;39506.0
509900;49125.0;9619.0;39506.0
510000;49020.0;9514.0;39506.0
510100;49820.0;9754.0;40066.0
510200;49140.0;9634.0;39506.0
510300;49180.0;9634.0;39546.0
510400;49127.5;9581.5;39546.0
510500;49180.0;9634.0;39546.0
510600;49655.0;9589.0;40066.0
510700;49165.0;9619.0;39546.0
510800;49220.0;9634.0;39586.0
510900;48255.0;9469.0;38786.0
511000;48675.0;9649.0;39026.0
511100;49020.0;9634.0;39386.0
511200;48660.0;9634.0;39026.0
511300;49100.0;9634.0;39466.0
511400;49260.0;9634.0;39626.0
511500;49275.0;9649.0;39626.0
511600;49395.0;9769.0;39626.0
511700;49837.0;9691.0;40146.0
511800;48810.5;9704.5;39106.0
511900;49366.0;9700.0;39666.0
512000;49357.0;9691.0;39666.0
512100;49357.0;9691.0;39666.0
512200;49343.5;9677.5;39666.0
512300;49388.0;9682.0;39706.0
512400;49397.0;9691.0;39706.0
512500;49417.5;9711.5;39706.0
512600;49475.0;9769.0;39706.0
512700;49420.0;9714.0;39706.0
512800;49438.0;9662.0;39776.0
512900;49498.0;9722.0;39776.0
513000;49403.0;9782.0;39621.0
513100;49667.0;9806.0;39861.0
513200;49535.0;9794.0;39741.0
513300;49575.0;9794.0;39781.0
513400;49563.0;9782.0;39781.0
513500;49467.0;9686.0;39781.0
513600;49431.0;9770.0;39661.0
513700;49723.0;9782.0;39941.0
513800;49699.0;9878.0;39821.0
513900;49579.0;9878.0;39701.0
514000;49723.0;9782.0;39941.0
514100;49471.0;9770.0;39701.0
514200;49471.0;9770.0;39701.0
514300;49139.0;9798.0;39341.0
514400;49581.5;9840.5;39741.0
514500;49676.0;9815.0;39861.0
514600;49616.5;9755.5;39861.0
514700;49676.0;9815.0;39861.0
514800;49716.0;9815.0;39901.0
514900;49733.0;9832.0;39901.0
515000;49699.0;9798.0;39901.0
515100;49819.0;9798.0;40021.0
515200;49699.0;9798.0;39901.0
515300;49756.0;9815.0;39941.0
515400;49747.5;9806.5;39941.0
515500;49661.5;9840.5;39821.0
515600;49756.0;9815.0;39941.0
515700;49796.0;9815.0;39981.0
515800;49796.0;9815.0;39981.0
515900;49821.5;9840.5;39981.0
516000;49779.0;9798.0;39981.0
516100;49831.0;9850.0;39981.0
516200;49801.0;9820.0;39981.0
516300;50003.0;9982.0;40021.0
516400;49895.0;9874.0;40021.0
516500;49883.0;9862.0;40021.0
516600;49751.0;9850.0;39901.0
516700;49889.0;9868.0;40021.0
516800;49791.0;9850.0;39941.0
516900;50049.0;9868.0;40181.0
517000;49351.0;9850.0;39501.0
517100;50019.0;9838.0;40181.0
517200;49927.0;9866.0;40061.0
517300;49821.0;9880.0;39941.0
517400;50511.5;9890.5;40621.0
517500;49991.5;9890.5;40101.0
517600;50741.0;9880.0;40861.0
517700;49981.0;9880.0;40101.0
517800;49908.0;9887.0;40021.0
517900;50595.0;9894.0;40701.0
518000;49915.0;9894.0;40021.0
518100;50028.0;9887.0;40141.0
518200;49908.0;9887.0;40021.0
518300;49548.0;9887.0;39661.0
518400;50061.0;9880.0;40181.0
518500;49537.5;9876.5;39661.0
518600;50068.0;9887.0;40181.0
518700;50588.0;9887.0;40701.0
518800;50115.0;9894.0;40221.0
518900;50115.0;9894.0;40221.0
519000;50108.0;9887.0;40221.0
519100;50115.0;9894.0;40221.0
519200;50002.0;9901.0;40101.0
519300;50155.0;9894.0;40261.0
519400;50155.0;9894.0;40261.0
519500;50155.0;9894.0;40261.0
519600;50158.5;9897.5;40261.0
519700;50202.0;9901.0;40301.0
519800;49755.0;9894.0;39861.0
519900;50195.0;9894.0;40301.0
520000;50202.0;9901.0;40301.0
520100;50237.0;9936.0;40301.0
520200;50238.5;9937.5;40301.0
520300;50117.0;9936.0;40181.0
520400;50157.0;9936.0;40221.0
520500;50277.0;9936.0;40341.0
520600;50278.0;9937.0;40341.0
520700;50438.0;9937.0;40501.0
520800;50318.0;9937.0;40381.0
520900;50438.0;9937.0;40501.0
521000;50319.0;9938.0;40381.0
521100;50436.5;9935.5;40501.0
521200;50436.5;9935.5;40501.0
521300;50357.0;9936.0;40421.0
521400;50877.0;9936.0;40941.0
521500;50357.0;9936.0;40421.0
521600;50357.0;9936.0;40421.0
521700;50358.0;9937.0;40421.0
521800;50987.0;9966.0;41021.0
521900;50992.0;9971.0;41021.0
522000;50432.0;9971.0;40461.0
522100;50312.0;9971.0;40341.0
522200;50524.5;9943.5;40581.0
522300;50472.0;9971.0;40501.0
522400;50592.0;9971.0;40621.0
522500;50477.0;9976.0;40501.0
522600;50597.0;9976.0;40621.0
522700;50477.0;9976.0;40501.0
522800;50397.0;9976.0;40421.0
522900;50517.0;9976.0;40541.0
523000;50517.0;9976.0;40541.0
523100;50517.0;9976.0;40541.0
523200;50517.0;9976.0;40541.0
523300;50517.0;9976.0;40541.0
523400;50437.0;9976.0;40461.0
523500;50437.0;9976.0;40461.0
523600;50437.0;9976.0;40461.0
523700;50557.0;9976.0;40581.0
523800;50477.0;9976.0;40501.0
523900;50597.0;9976.0;40621.0
524000;50597.0;9976.0;40621.0
524100;50597.0;9976.0;40621.0
524200;50477.0;9976.0;40501.0
524300;50637.0;9976.0;40661.0
524400;50757.0;9976.0;40781.0
524500;50637.0;9976.0;40661.0
524600;50637.0;9976.0;40661.0
524700;50637.0;9976.0;40661.0
524800;50557.0;9976.0;40581.0
524900;50797.0;9976.0;40821.0
525000;51237.0;9976.0;41261.0
525100;50677.0;9976.0;40701.0
525200;50677.0;9976.0;40701.0
525300;50557.0;9976.0;40581.0
525400;50517.0;9976.0;40541.0
525500;50837.0;9976.0;40861.0
525600;50837.0;9976.0;40861.0
525700;51037.0;9976.0;41061.0
525800;50757.0;9976.0;40781.0
525900;51557.0;9976.0;41581.0
526000;50757.0;9976.0;40781.0
526100;50757.0;9976.0;40781.0
526200;50757.0;9976.0;40781.0
526300;50637.0;9976.0;40661.0
526400;50797.0;9976.0;40821.0
526500;51317.0;9976.0;41341.0
526600;50797.0;9976.0;40821.0
526700;50797.0;9976.0;40821.0
526800;50837.0;9976.0;40861.0
526900;50837.0;9976.0;40861.0
527000;50957.0;9976.0;40981.0
527100;50837.0;9976.0;40861.0
527200;50517.0;9976.0;40541.0
527300;51269.5;9976.0;41293.5
527400;51382.0;9976.0;41406.0
527500;50742.0;9976.0;40766.0
527600;50862.0;9976.0;40886.0
527700;50862.0;9976.0;40886.0
527800;50902.0;9976.0;40926.0
527900;50782.0;9976.0;40806.0
528000;51022.0;9976.0;41046.0
528100;51022.0;9976.0;41046.0
528200;50902.0;9976.0;40926.0
528300;51062.0;9976.0;41086.0
528400;50942.0;9976.0;40966.0
528500;50942.0;9976.0;40966.0
528600;50422.0;9976.0;40446.0
528700;51102.0;9976.0;41126.0
528800;50982.0;9976.0;41006.0
528900;50982.0;9976.0;41006.0
529000;50982.0;9976.0;41006.0
529100;50982.0;9976.0;41006.0
529200;50982.0;9976.0;41006.0
529300;51022.0;9976.0;41046.0
529400;50902.0;9976.0;40926.0
529500;51022.0;9976.0;41046.0
529600;51022.0;9976.0;41046.0
529700;51022.0;9976.0;41046.0
529800;51062.0;9976.0;41086.0
529900;50942.0;9976.0;40966.0
530000;51182.0;9976.0;41206.0
530100;51062.0;9976.0;41086.0
530200;51062.0;9976.0;41086.0
530300;51102.0;9976.0;41126.0
530400;51102.0;9976.0;41126.0
530500;51102.0;9976.0;41126.0
530600;51102.0;9976.0;41126.0
530700;51102.0;9976.0;41126.0
530800;51022.0;9976.0;41046.0
530900;51142.0;9976.0;41166.0
531000;51142.0;9976.0;41166.0
531100;51022.0;9976.0;41046.0
531200;51022.0;9976.0;41046.0
531300;51182.0;9976.0;41206.0
531400;51702.0;9976.0;41726.0
531500;51182.0;9976.0;41206.0
531600;51182.0;9976.0;41206.0
531700;51222.0;9976.0;41246.0
531800;51222.0;9976.0;41246.0
531900;51102.0;9976.0;41126.0
532000;51102.0;9976.0;41126.0
532100;51222.0;9976.0;41246.0
532200;51222.0;9976.0;41246.0
532300;51123.0;9997.0;41126.0
532400;51158.5;9992.5;41166.0
532500;51283.0;9997.0;41286.0
532600;51278.5;9992.5;41286.0
532700;51163.0;9997.0;41166.0
532800;51309.5;9983.5;41326.0
532900;51326.0;10000.0;41326.0
533000;51326.0;10000.0;41326.0
533100;51330.5;10004.5;41326.0
533200;51329.0;10003.0;41326.0
533300;51763.0;10001.5;41761.5
533400;51379.5;10003.0;41376.5
533500;51379.5;10003.0;41376.5
533600;51379.5;10003.0;41376.5
533700;51370.5;9994.0;41376.5
533800;52179.0;9994.0;42185.0
533900;51409.0;9994.0;41415.0
534000;50639.0;9994.0;40645.0
534100;51271.5;9972.0;41299.5
534200;51397.0;9982.0;41415.0
534300;51435.5;9982.0;41453.5
534400;50904.5;9951.5;40953.0
534500;51422.5;9969.0;41453.5
534600;51422.5;9969.0;41453.5
534700;51419.0;9965.5;41453.5
534800;51281.5;9930.5;41351.0
534900;51433.0;9962.0;41471.0
535000;51313.0;9962.0;41351.0
535100;51433.0;9962.0;41471.0
535200;51422.5;9951.5;41471.0
535300;51593.0;9962.0;41631.0
535400;51432.0;9921.0;41511.0
535500;51585.0;9954.0;41631.0
535600;51492.5;9981.5;41511.0
535700;51417.0;9906.0;41511.0
535800;51499.0;9948.0;41551.0
535900;51478.0;9927.0;41551.0
536000;51499.0;9948.0;41551.0
536100;51499.0;9948.0;41551.0
536200;51513.0;9962.0;41551.0
536300;51673.0;9962.0;41711.0
536400;52045.0;9934.0;42111.0
536500;51539.0;9948.0;41591.0
536600;51588.0;9997.0;41591.0
536700;51433.0;9962.0;41471.0
536800;51579.0;9948.0;41631.0
536900;51565.0;9934.0;41631.0
537000;51565.0;9934.0;41631.0
537100;51040.0;9969.0;41071.0
537200;51600.0;9969.0;41631.0
537300;51640.0;9969.0;41671.0
537400;51488.5;9977.5;41511.0
537500;51623.0;9952.0;41671.0
537600;-951377.0;9952.0;-961329.0
537700;51648.5;9977.5;41671.0
537800;51544.0;9833.0;41711.0
537900;51688.5;9977.5;41711.0
538000;52240.0;9969.0;42271.0
538100;51680.0;9969.0;41711.0
538200;51595.0;9884.0;41711.0
538300;52010.0;10139.0;41871.0
538400;51720.0;9969.0;41751.0
538500;51720.0;9969.0;41751.0
538600;51805.0;10054.0;41751.0
538700;52112.5;9969.0;42143.5
538800;51775.0;9969.0;41806.0
538900;51758.0;9952.0;41806.0
539000;51699.0;9893.0;41806.0
539100;51394.0;10113.0;41281.0
539200;51919.0;10113.0;41806.0
539300;51780.5;9937.0;41843.5
539400;51747.5;9904.0;41843.5
539500;52022.5;10179.0;41843.5
539600;51802.5;9959.0;41843.5
539700;51952.5;9959.0;41993.5
539800;51818.0;9937.0;41881.0
539900;51858.0;9959.0;41899.0
540000;51836.0;9937.0;41899.0
540100;51967.0;9951.0;42016.0
540200;52396.0;9951.0;42445.0
540300;51841.0;9903.0;41938.0
540400;51721.0;9939.0;41782.0
540500;51748.0;9927.0;41821.0
540600;51865.0;9927.0;41938.0
540700;51865.0;9927.0;41938.0
540800;51382.0;9951.0;41431.0
540900;51928.0;9951.0;41977.0
541000;51916.0;9939.0;41977.0
541100;51988.0;10011.0;41977.0
541200;51940.0;9963.0;41977.0
541300;51751.0;9735.0;42016.0
541400;52309.0;9903.0;42406.0
541500;52060.0;9927.0;42133.0
541600;52075.0;9903.0;42172.0
541700;51907.0;9891.0;42016.0
541800;51865.0;9927.0;41938.0
541900;51472.0;9963.0;41509.0
542000;52174.0;10119.0;42055.0
542100;52099.0;9927.0;42172.0
542200;51865.0;9927.0;41938.0
542300;51901.0;9807.0;42094.0
542400;292450.0;250239.0;42211.0
542500;51997.0;9903.0;42094.0
542600;51997.0;9903.0;42094.0
542700;51997.0;9903.0;42094.0
542800;52012.0;9879.0;42133.0
542900;52264.0;9975.0;42289.0
543000;52036.0;9903.0;42133.0
543100;52153.0;9903.0;42250.0
543200;52582.0;9903.0;42679.0
543300;52075.0;9903.0;42172.0
543400;52267.0;10095.0;42172.0
543500;52390.0;9711.0;42679.0
543600;52267.0;10095.0;42172.0
543700;52039.0;9867.0;42172.0
543800;52114.0;9903.0;42211.0
543900;52231.0;9903.0;42328.0
544000;52090.0;9879.0;42211.0
544100;52090.0;9879.0;42211.0
544200;52399.0;10071.0;42328.0
544300;52129.0;9879.0;42250.0
544400;52129.0;9879.0;42250.0
544500;52393.0;10143.0;42250.0
544600;51937.0;9687.0;42250.0
544700;52519.0;9879.0;42640.0
544800;52168.0;9879.0;42289.0
544900;51622.0;9879.0;41743.0
545000;52168.0;9879.0;42289.0
545100;52234.0;9903.0;42331.0
545200;52246.0;9915.0;42331.0
545300;52352.0;9879.0;42473.0
545400;52720.5;9999.0;42721.5
545500;52352.0;9879.0;42473.0
545600;52257.5;9891.0;42366.5
545700;52269.5;9903.0;42366.5
545800;52281.0;9879.0;42402.0
545900;52528.0;9771.0;42757.0
546000;52329.0;9927.0;42402.0
546100;52305.0;9903.0;42402.0
546200;52305.0;9903.0;42402.0
546300;52292.5;9855.0;42437.5
546400;52508.5;10071.0;42437.5
546500;52126.0;9867.0;42259.0
546600;52306.0;9927.0;42379.0
546700;52162.0;9903.0;42259.0
546800;52406.0;9867.0;42539.0
546900;52298.0;9879.0;42419.0
547000;52178.0;9879.0;42299.0
547100;52178.0;9879.0;42299.0
547200;52250.0;9831.0;42419.0
547300;52362.0;9903.0;42459.0
547400;52314.0;9855.0;42459.0
547500;52362.0;9903.0;42459.0
547600;52338.0;9879.0;42459.0
547700;52146.0;9687.0;42459.0
547800;52378.0;9879.0;42499.0
547900;52378.0;9879.0;42499.0
548000;51962.0;9903.0;42059.0
548100;52378.0;9879.0;42499.0
548200;52354.0;9855.0;42499.0
548300;52442.0;9903.0;42539.0
548400;52454.0;9795.0;42659.0
548500;52466.0;9927.0;42539.0
548600;52322.0;9903.0;42419.0
548700;52442.0;9903.0;42539.0
548800;52482.0;9903.0;42579.0
548900;52832.0;9867.0;42965.0
549000;52503.0;9903.0;42600.0
549100;52310.0;9879.0;42431.0
549200;52478.0;9927.0;42551.0
549300;52518.0;9927.0;42591.0
549400;52382.0;9951.0;42431.0
549500;52518.0;9927.0;42591.0
549600;53062.0;9951.0;43111.0
549700;52518.0;9927.0;42591.0
549800;52558.0;9927.0;42631.0
549900;52558.0;9927.0;42631.0
550000;52582.0;9951.0;42631.0
550100;52558.0;9927.0;42631.0
550200;52399.0;9768.0;42631.0
550300;52604.0;9933.0;42671.0
550400;52574.0;9903.0;42671.0
550500;52574.0;9903.0;42671.0
550600;52574.0;9903.0;42671.0
550700;52574.0;9903.0;42671.0
550800;52644.0;9933.0;42711.0
550900;52644.0;9933.0;42711.0
551000;52884.0;10173.0;42711.0
551100;52689.0;9978.0;42711.0
551200;52764.0;9933.0;42831.0
551300;52684.0;9933.0;42751.0
551400;52644.0;9933.0;42711.0
551500;52124.0;9933.0;42191.0
551600;52524.0;9933.0;42591.0
551700;52684.0;9933.0;42751.0
551800;52719.5;9808.5;42911.0
551900;53275.0;9924.0;43351.0
552000;52868.0;9957.0;42911.0
552100;52682.0;9891.0;42791.0
552200;52715.0;9924.0;42791.0
552300;52875.0;9924.0;42951.0
552400;52924.5;9973.5;42951.0
552500;52908.0;9957.0;42951.0
552600;53143.0;9792.0;43351.0
552700;52668.0;9957.0;42711.0
552800;53212.0;10221.0;42991.0
552900;52795.0;9924.0;42871.0
553000;53092.0;10221.0;42871.0
553100;51764.0;9693.0;42071.0
553200;52658.5;9907.5;42751.0
553300;52901.0;9990.0;42911.0
553400;52901.0;9990.0;42911.0
553500;52901.0;9990.0;42911.0
553600;52901.0;9990.0;42911.0
553700;52934.0;10023.0;42911.0
553800;53205.0;10254.0;42951.0
553900;52821.0;9990.0;42831.0
554000;52792.5;9841.5;42951.0
554100;52891.5;9940.5;42951.0
554200;52821.0;9990.0;42831.0
554300;53035.0;9924.0;43111.0
554400;52948.0;9957.0;42991.0
554500;52828.0;9957.0;42871.0
554600;52508.0;9957.0;42551.0
554700;52839.0;9848.0;42991.0
554800;52864.0;9953.0;42911.0
554900;53019.0;9988.0;43031.0
555000;53104.0;9953.0;43151.0
555100;52949.0;9918.0;43031.0
555200;53229.0;10198.0;43031.0
555300;52989.0;9918.0;43071.0
555400;52399.0;9848.0;42551.0
555500;52971.5;9900.5;43071.0
555600;53006.5;9935.5;43071.0
555700;52549.0;9918.0;42631.0
555800;53166.5;9935.5;43231.0
555900;52994.0;9883.0;43111.0
556000;53029.0;9918.0;43111.0
556100;52994.0;9883.0;43111.0
556200;52959.0;9848.0;43111.0
556300;52909.0;9918.0;42991.0
556400;53589.0;9918.0;43671.0
556500;53104.0;9953.0;43151.0
556600;53104.0;9953.0;43151.0
556700;52629.0;9918.0;42711.0
556800;53162.0;9953.0;43209.0
556900;53162.0;9953.0;43209.0
557000;53127.0;9918.0;43209.0
557100;53932.0;9953.0;43979.0
557200;53197.0;9988.0;43209.0
557300;53162.0;9953.0;43209.0
557400;53235.5;9988.0;43247.5
557500;53788.5;10040.5;43748.0
557600;53120.0;9988.0;43132.0
557700;53120.0;9988.0;43132.0
557800;54023.0;10198.0;43825.0
557900;53389.5;9988.0;43401.5
558000;53424.5;10023.0;43401.5
558100;53414.0;10128.0;43286.0
558200;53274.0;9988.0;43286.0
558300;53347.5;10023.0;43324.5
558400;53347.5;10023.0;43324.5
558500;53347.5;10023.0;43324.5
558600;53347.5;10023.0;43324.5
558700;53501.5;10023.0;43478.5
558800;53771.0;10023.0;43748.0
558900;53736.0;9988.0;43748.0
559000;53701.0;10338.0;43363.0
559100;53288.0;10040.5;43247.5
559200;53386.0;10023.0;43363.0
559300;53389.5;9988.0;43401.5
559400;53645.0;9743.0;43902.0
559500;53309.0;10023.0;43286.0
559600;53424.5;10023.0;43401.5
559700;53578.5;10023.0;43555.5
559800;53252.0;9953.0;43299.0
559900;53407.0;9988.0;43419.0
560000;53722.0;10303.0;43419.0
560100;53407.0;9988.0;43419.0
560200;53287.0;9988.0;43299.0
560300;53489.0;10030.0;43459.0
560400;53489.0;10030.0;43459.0
560500;53369.0;10030.0;43339.0
560600;53349.5;10050.5;43299.0
560700;53451.0;10112.0;43339.0
560800;53385.5;9886.5;43499.0
560900;53570.0;10071.0;43499.0
561000;53508.5;10009.5;43499.0
561100;53089.0;10030.0;43059.0
561200;53570.0;10071.0;43499.0
561300;53211.0;10112.0;43099.0
561400;53771.0;10112.0;43659.0
561500;53733.0;10194.0;43539.0
561600;53610.0;10071.0;43539.0
561700;53651.0;10112.0;43539.0
561800;53770.0;10071.0;43699.0
561900;53667.5;9968.5;43699.0
562000;53650.0;10071.0;43579.0
562100;53732.0;10153.0;43579.0
562200;53811.0;10112.0;43699.0
562300;53509.5;10050.5;43459.0
562400;53851.0;10112.0;43739.0
562500;53851.0;10112.0;43739.0
562600;53669.5;10050.5;43619.0
562700;53772.0;10153.0;43619.0
562800;53771.0;10112.0;43659.0
562900;53293.0;10194.0;43099.0
563000;53750.5;10091.5;43659.0
563100;53812.0;10153.0;43659.0
563200;53771.0;10112.0;43659.0
563300;53811.0;10112.0;43699.0
563400;53992.5;10173.5;43819.0
563500;53855.0;10276.0;43579.0
563600;53852.0;10153.0;43699.0
563700;53873.0;10174.0;43699.0
563800;53913.0;10174.0;43739.0
563900;53913.0;10174.0;43739.0
564000;53913.0;10174.0;43739.0
564100;53793.0;10174.0;43619.0
564200;54033.0;10174.0;43859.0
564300;53975.0;10196.0;43779.0
564400;53953.0;10174.0;43779.0
564500;54185.0;10526.0;43659.0
564600;53833.0;10174.0;43659.0
564700;53821.0;10042.0;43779.0
564800;54113.0;10174.0;43939.0
564900;53587.0;10328.0;43259.0
565000;54059.0;10240.0;43819.0
565100;53807.0;10108.0;43699.0
565200;54069.0;10130.0;43939.0
565300;53989.0;10130.0;43859.0
565400;53593.0;9734.0;43859.0
565500;53989.0;10130.0;43859.0
565600;53637.0;9778.0;43859.0
565700;53989.0;10130.0;43859.0
565800;53985.0;10086.0;43899.0
565900;54083.0;10064.0;44019.0
566000;54073.0;10174.0;43899.0
566100;53633.0;10174.0;43459.0
566200;53985.0;10086.0;43899.0
566300;54025.0;10086.0;43939.0
566400;54091.0;10152.0;43939.0
566500;54025.0;10086.0;43939.0
566600;53954.0;10135.0;43819.0
566700;54074.0;10135.0;43939.0
566800;53961.0;9982.0;43979.0
566900;54114.0;10135.0;43979.0
567000;54471.0;10492.0;43979.0
567100;53943.0;10084.0;43859.0
567200;54063.0;10084.0;43979.0
567300;54344.0;10205.0;44139.0
567400;54265.0;10246.0;44019.0
567500;54183.0;10164.0;44019.0
567600;54322.5;10143.5;44179.0
567700;54224.0;10205.0;44019.0
567800;53484.5;10225.5;43259.0
567900;54144.0;10205.0;43939.0
568000;54264.0;10205.0;44059.0
568100;54325.5;10266.5;44059.0
568200;54264.0;10205.0;44059.0
568300;54304.0;10205.0;44099.0
568400;54304.0;10205.0;44099.0
568500;54184.0;10205.0;43979.0
568600;54304.0;10205.0;44099.0
568700;54304.0;10205.0;44099.0
568800;54344.0;10205.0;44139.0
568900;54385.0;10246.0;44139.0
569000;54364.5;10225.5;44139.0
569100;54385.0;10246.0;44139.0
569200;54405.5;10266.5;44139.0
569300;54384.0;10205.0;44179.0
569400;54384.0;10205.0;44179.0
569500;54302.0;10123.0;44179.0
569600;54544.0;10205.0;44339.0
569700;54384.0;10205.0;44179.0
569800;54424.0;10205.0;44219.0
569900;54465.0;10246.0;44219.0
570000;54454.0;10205.0;44249.0
570100;54454.0;10205.0;44249.0
570200;54413.0;10164.0;44249.0
570300;54604.0;10205.0;44399.0
570400;54491.5;10205.0;44286.5
570500;54532.5;10246.0;44286.5
570600;54491.5;10205.0;44286.5
570700;54532.5;10246.0;44286.5
570800;54570.0;10246.0;44324.0
570900;54045.0;10246.0;43799.0
571000;54549.5;10225.5;44324.0
571100;54939.0;10615.0;44324.0
571200;54939.0;10615.0;44324.0
571300;54648.5;10287.0;44361.5
571400;54648.5;10287.0;44361.5
571500;55177.0;10328.0;44849.0
571600;54496.0;10287.0;44209.0
571700;54595.5;10266.5;44329.0
571800;54495.0;10246.0;44249.0
571900;54536.0;10287.0;44249.0
572000;54205.0;9836.0;44369.0
572100;54656.0;10287.0;44369.0
572200;54656.0;10287.0;44369.0
572300;54778.0;10369.0;44409.0
572400;54696.0;10287.0;44409.0
572500;54617.0;10328.0;44289.0
572600;54696.0;10287.0;44409.0
572700;54737.0;10328.0;44409.0
572800;54897.0;10328.0;44569.0
572900;54736.0;10287.0;44449.0
573000;54757.0;10308.0;44449.0
573100;54735.0;10286.0;44449.0
573200;54933.0;10484.0;44449.0
573300;54775.0;10286.0;44489.0
573400;54797.0;10308.0;44489.0
573500;54357.0;10308.0;44049.0
573600;54819.0;10330.0;44489.0
573700;55346.5;10308.0;45038.5
573800;54802.0;10264.0;44538.0
573900;54917.5;10264.0;44653.5
574000;54931.5;10278.0;44653.5
574100;54851.0;10313.0;44538.0
574200;54851.0;10313.0;44538.0
574300;54842.5;10266.0;44576.5
574400;54842.5;10266.0;44576.5
574500;54844.5;10383.5;44461.0
574600;55150.0;10689.0;44461.0
574700;54774.0;10313.0;44461.0
574800;54996.5;10266.0;44730.5
574900;54881.0;10266.0;44615.0
575000;54881.0;10266.0;44615.0
575100;54718.0;10642.0;44076.0
575200;54975.0;10360.0;44615.0
575300;54928.0;10313.0;44615.0
575400;54765.5;10266.0;44499.5
575500;54897.5;10383.5;44514.0
575600;54994.0;10360.0;44634.0
575700;55201.0;10407.0;44794.0
575800;54937.5;10383.5;44554.0
575900;55410.0;10736.0;44674.0
576000;54987.0;10313.0;44674.0
576100;54843.5;10289.5;44554.0
576200;54963.5;10289.5;44674.0
576300;55194.0;10360.0;44834.0
576400;-951046.0;10360.0;-961406.0
576500;54634.0;10360.0;44274.0
576600;-951046.0;10360.0;-961406.0
576700;55116.5;10242.5;44874.0
576800;55114.0;10360.0;44754.0
576900;55114.0;10360.0;44754.0
577000;55161.0;10407.0;44754.0
577100;55537.0;10783.0;44754.0
577200;54994.0;10360.0;44634.0
577300;55201.0;10407.0;44794.0
577400;55271.5;10477.5;44794.0
577500;55201.0;10407.0;44794.0
577600;55154.0;10360.0;44794.0
577700;55201.0;10407.0;44794.0
577800;55314.0;10360.0;44954.0
577900;55050.5;10336.5;44714.0
578000;56041.0;10407.0;45634.0
578100;55168.0;10454.0;44714.0
578200;55241.0;10407.0;44834.0
578300;54841.0;10407.0;44434.0
578400;55492.5;10618.5;44874.0
578500;55114.0;10360.0;44754.0
578600;54879.0;10125.0;44754.0
578700;55234.0;10360.0;44874.0
578800;55274.0;10360.0;44914.0
578900;55770.0;10736.0;45034.0
579000;55676.0;10642.0;45034.0
579100;55274.0;10360.0;44914.0
579200;55060.0;10266.0;44794.0
579300;55337.5;10383.5;44954.0
579400;54474.0;10360.0;44114.0
579500;55857.5;10383.5;45474.0
579600;55479.5;10313.0;45166.5
579700;55380.5;10360.0;45020.5
579800;55412.0;10313.0;45099.0
579900;55835.0;10736.0;45099.0
580000;55412.0;10313.0;45099.0
580100;55412.0;10313.0;45099.0
580200;55412.0;10313.0;45099.0
580300;55009.0;10313.0;44696.0
580400;55483.5;10313.0;45170.5
580500;55365.0;10360.0;45005.0
580600;55485.0;10360.0;45125.0
580700;55478.0;10313.0;45165.0
580800;55783.5;10618.5;45165.0
580900;55407.5;10242.5;45165.0
581000;55454.5;10289.5;45165.0
581100;55454.5;10289.5;45165.0
581200;55572.0;10407.0;45165.0
581300;56035.0;10830.0;45205.0
581400;55565.0;10360.0;45205.0
581500;56061.0;10736.0;45325.0
581600;55565.0;10360.0;45205.0
581700;55682.5;10477.5;45205.0
581800;55605.0;10360.0;45245.0
581900;55485.0;10360.0;45125.0
582000;55088.0;9843.0;45245.0
582100;55452.0;10407.0;45045.0
582200;55558.0;10313.0;45245.0
582300;56162.0;10877.0;45285.0
582400;55532.0;10407.0;45125.0
582500;55692.0;10407.0;45285.0
582600;55805.0;10360.0;45445.0
582700;55645.0;10360.0;45285.0
582800;55685.0;10360.0;45325.0
582900;55685.0;10360.0;45325.0
583000;55732.0;10407.0;45325.0
583100;55779.0;10454.0;45325.0
583200;55917.5;10712.5;45205.0
583300;55939.0;10454.0;45485.0
583400;55983.5;10618.5;45365.0
583500;55795.5;10430.5;45365.0
583600;55819.0;10454.0;45365.0
583700;55819.0;10454.0;45365.0
583800;55859.0;10454.0;45405.0
583900;55908.0;10503.0;45405.0
584000;56011.0;10606.0;45405.0
584100;55889.0;10484.0;45405.0
584200;56072.0;10667.0;45405.0
584300;56144.0;10179.0;45965.0
584400;56195.0;10728.0;45467.0
584500;55646.0;10179.0;45467.0
584600;56020.0;10667.0;45353.0
584700;55646.0;10179.0;45467.0
584800;56111.0;10606.0;45505.0
584900;56233.0;10728.0;45505.0
585000;56141.5;10636.5;45505.0
585100;57070.0;11033.0;46037.0
585200;56172.0;10667.0;45505.0
585300;56221.0;10667.0;45554.0
585400;56190.5;10636.5;45554.0
585500;56160.0;10606.0;45554.0
585600;56221.0;10667.0;45554.0
585700;56160.0;10606.0;45554.0
585800;56199.0;10606.0;45593.0
585900;56056.0;10667.0;45389.0
586000;56134.0;10545.0;45589.0
586100;56134.0;10545.0;45589.0
586200;56195.0;10606.0;45589.0
586300;56995.0;10606.0;46389.0
586400;56136.0;10667.0;45469.0
586500;56235.0;10606.0;45629.0
586600;56235.0;10606.0;45629.0
586700;56115.0;10606.0;45509.0
586800;56275.0;10606.0;45669.0
586900;56275.0;10606.0;45669.0
587000;56275.0;10606.0;45669.0
587100;56275.0;10606.0;45669.0
587200;56724.0;10667.0;46057.0
587300;56330.0;10606.0;45724.0
587400;56330.0;10606.0;45724.0
587500;56720.0;11155.0;45565.0
587600;55832.0;10667.0;45165.0
587700;56291.0;10606.0;45685.0
587800;56331.0;10606.0;45725.0
587900;56239.5;10514.5;45725.0
588000;56390.0;10545.0;45845.0
588100;56211.0;10606.0;45605.0
588200;55843.0;10118.0;45725.0
588300;56211.0;10606.0;45605.0
588400;56763.5;10606.0;46157.5
588500;56297.0;10514.5;45782.5
588600;56327.5;10545.0;45782.5
588700;56569.0;10636.5;45932.5
588800;56487.0;10667.0;45820.0
588900;56487.0;10667.0;45820.0
589000;56874.0;10941.5;45932.5
589100;56517.5;10697.5;45820.0
589200;56639.5;10819.5;45820.0
589300;56677.0;10819.5;45857.5
589400;56463.5;10606.0;45857.5
589500;56637.0;10667.0;45970.0
589600;56341.5;10484.0;45857.5
589700;56524.5;10667.0;45857.5
589800;56501.0;10606.0;45895.0
589900;56037.0;10667.0;45370.0
590000;56562.0;10667.0;45895.0
590100;56623.0;10728.0;45895.0
590200;56562.0;10667.0;45895.0
590300;56782.5;10850.0;45932.5
590400;56672.0;10606.0;46066.0
590500;56733.0;10667.0;46066.0
590600;56564.0;10606.0;45958.0
590700;56392.0;10606.0;45786.0
590800;56399.5;10453.5;45946.0
590900;56672.0;10606.0;46066.0
591000;57040.0;11094.0;45946.0
591100;56552.0;10606.0;45946.0
591200;56643.5;10697.5;45946.0
591300;56432.0;10606.0;45826.0
591400;56592.0;10606.0;45986.0
591500;56104.0;10118.0;45986.0
591600;56592.0;10606.0;45986.0
591700;57080.0;11094.0;45986.0
591800;57301.0;11155.0;46146.0
591900;56723.5;10697.5;46026.0
592000;56194.0;10728.0;45466.0
592100;56754.0;10728.0;46026.0
592200;56693.0;10667.0;46026.0
592300;57160.0;11094.0;46066.0
592400;56184.0;10118.0;46066.0
592500;56883.5;10697.5;46186.0
592600;56641.5;10575.5;46066.0
592700;56397.5;10331.5;46066.0
592800;56712.0;10606.0;46106.0
592900;56620.5;10514.5;46106.0
593000;56315.5;10209.5;46106.0
593100;56895.0;10789.0;46106.0
593200;56681.5;10575.5;46106.0
593300;56752.0;10606.0;46146.0
593400;57272.0;10606.0;46666.0
593500;56632.0;10606.0;46026.0
593600;56752.0;10606.0;46146.0
593700;666537.0;620911.0;45626.0
593800;56672.0;10606.0;46066.0
593900;56731.0;10545.0;46186.0
594000;56548.0;10362.0;46186.0
594100;56609.0;10423.0;46186.0
594200;56670.0;10484.0;46186.0
594300;56336.5;10270.5;46066.0
594400;56771.0;10545.0;46226.0
594500;56283.0;10057.0;46226.0
594600;56862.5;10636.5;46226.0
594700;56832.0;10606.0;46226.0
594800;57432.0;10606.0;46826.0
594900;57432.0;10606.0;46826.0
595000;56872.0;10606.0;46266.0
595100;57432.0;10606.0;46826.0
595200;57371.0;10545.0;46826.0
595300;56773.0;10667.0;46106.0
595400;56973.0;10667.0;46306.0
595500;57032.0;10606.0;46426.0
595600;57003.5;10697.5;46306.0
595700;57125.5;10819.5;46306.0
595800;57013.0;10667.0;46346.0
595900;57013.0;10667.0;46346.0
596000;57074.0;10728.0;46346.0
596100;57013.0;10667.0;46346.0
596200;56832.0;10606.0;46226.0
596300;57053.0;10667.0;46386.0
596400;57114.0;10728.0;46386.0
596500;56841.5;10575.5;46266.0
596600;56961.5;10575.5;46386.0
596700;57053.0;10667.0;46386.0
596800;56603.0;10057.0;46546.0
596900;57653.0;10667.0;46986.0
597000;57184.5;10758.5;46426.0
597100;56437.5;10331.5;46106.0
597200;57064.5;10758.5;46306.0
597300;56645.0;10179.0;46466.0
597400;56978.5;10392.5;46586.0
597500;57224.5;10758.5;46466.0
597600;57714.0;10728.0;46986.0
597700;57194.0;10728.0;46466.0
597800;57175.0;10789.0;46386.0
597900;57295.0;10789.0;46506.0
598000;57295.0;10789.0;46506.0
598100;57264.5;10758.5;46506.0
598200;57476.0;10850.0;46626.0
598300;57457.0;10911.0;46546.0
598400;57396.0;10850.0;46546.0
598500;57396.0;10850.0;46546.0
598600;57518.0;10972.0;46546.0
598700;57495.0;10789.0;46706.0
598800;57436.0;10850.0;46586.0
598900;57436.0;10850.0;46586.0
599000;57436.0;10850.0;46586.0
599100;57436.0;10850.0;46586.0
599200;57344.5;10758.5;46586.0
599300;57255.0;10789.0;46466.0
599400;57201.5;10575.5;46626.0
599500;57384.5;10758.5;46626.0
599600;57476.0;10850.0;46626.0
599700;57476.0;10850.0;46626.0
599800;57516.0;10850.0;46666.0
599900;56807.5;10941.5;45866.0
600000;57516.0;10850.0;46666.0
600100;57516.0;10850.0;46666.0
600200;57017.0;10911.0;46106.0
600300;57516.0;10850.0;46666.0
600400;56946.0;10240.0;46706.0
600500;57556.0;10850.0;46706.0
600600;57598.0;10892.0;46706.0
600700;57078.0;10892.0;46186.0
600800;57528.0;10782.0;46746.0
600900;57665.5;10919.5;46746.0
601000;57528.0;10782.0;46746.0
601100;57528.0;10782.0;46746.0
601200;57720.5;10974.5;46746.0
601300;57483.0;10617.0;46866.0
601400;57793.0;11167.0;46626.0
601500;57568.0;10782.0;46786.0
601600;57645.5;10699.5;46946.0
601700;57490.5;10864.5;46626.0
601800;58608.0;11222.0;47386.0
601900;57783.0;10837.0;46946.0
602000;57783.0;10837.0;46946.0
602100;57783.0;10837.0;46946.0
602200;57690.5;10864.5;46826.0
602300;57488.0;10782.0;46706.0
602400;57565.5;10699.5;46866.0
602500;57703.0;10837.0;46866.0
602600;57808.0;10782.0;47026.0
602700;57853.0;10947.0;46906.0
602800;57688.0;10782.0;46906.0
602900;57468.0;10562.0;46906.0
603000;57073.0;10727.0;46346.0
603100;57633.0;10727.0;46906.0
603200;57633.0;10727.0;46906.0
603300;57615.5;10589.5;47026.0
603400;57563.0;10617.0;46946.0
603500;57700.5;10754.5;46946.0
603600;57970.5;10864.5;47106.0
603700;57658.0;10672.0;46986.0
603800;57713.0;10727.0;46986.0
603900;57713.0;10727.0;46986.0
604000;57833.0;10727.0;47106.0
604100;57593.0;10727.0;46866.0
604200;57960.5;10974.5;46986.0
604300;57778.0;10672.0;47106.0
604400;57698.0;10672.0;47026.0
604500;57698.0;10672.0;47026.0
604600;57780.5;10754.5;47026.0
604700;57738.0;10672.0;47066.0
604800;57803.0;10617.0;47186.0
604900;57793.0;10727.0;47066.0
605000;57793.0;10727.0;47066.0
605100;57793.0;10727.0;47066.0
605200;57683.0;10617.0;47066.0
605300;57793.0;10727.0;47066.0
605400;57778.0;10672.0;47106.0
605500;57750.5;10644.5;47106.0
605600;57833.0;10727.0;47106.0
605700;57910.5;10644.5;47266.0
605800;57873.0;10727.0;47146.0
605900;57938.0;10672.0;47266.0
606000;57955.5;10809.5;47146.0
606100;57873.0;10727.0;47146.0
606200;58313.0;11167.0;47146.0
606300;57873.0;10727.0;47146.0
606400;57913.0;10727.0;47186.0
606500;57913.0;10727.0;47186.0
606600;58018.0;10672.0;47346.0
606700;57833.0;10727.0;47106.0
606800;57153.0;10727.0;46426.0
606900;57915.5;10809.5;47106.0
607000;57833.0;10727.0;47106.0
607100;57953.0;10727.0;47226.0
607200;57974.0;10748.0;47226.0
607300;57974.0;10748.0;47226.0
607400;58014.0;10748.0;47266.0
607500;58056.0;10670.0;47386.0
607600;58049.0;10783.0;47266.0
607700;57883.5;10697.5;47186.0
607800;58665.0;11239.0;47426.0
607900;58146.0;10840.0;47306.0
608000;58089.0;10783.0;47306.0
608100;58089.0;10783.0;47306.0
608200;58288.5;10982.5;47306.0
608300;58146.0;10840.0;47306.0
608400;58357.0;11011.0;47346.0
608500;58123.0;10897.0;47226.0
608600;58026.0;10840.0;47186.0
608700;58431.5;10925.5;47506.0
608800;58962.0;11182.0;47780.0
608900;58263.5;10868.5;47395.0
609000;58916.5;10982.5;47934.0
609100;57610.5;10754.5;46856.0
609200;58233.5;10954.0;47279.5
609300;58292.0;10897.0;47395.0
609400;58503.0;10954.0;47549.0
609500;58444.5;11011.0;47433.5
609600;58387.5;10954.0;47433.5
609700;58739.5;11267.5;47472.0
609800;58483.0;11011.0;47472.0
609900;58540.0;11068.0;47472.0
610000;58541.5;10954.0;47587.5
610100;58598.5;11011.0;47587.5
610200;58541.5;10954.0;47587.5
610300;58426.0;10954.0;47472.0
610400;58436.0;10925.5;47510.5
610500;58407.5;10897.0;47510.5
610600;58420.0;11410.0;47010.0
610700;58503.0;10954.0;47549.0
610800;58503.0;10954.0;47549.0
610900;58503.0;10954.0;47549.0
611000;58674.0;11125.0;47549.0
611100;58560.0;11011.0;47549.0
611200;58560.0;11011.0;47549.0
611300;58446.0;10897.0;47549.0
611400;59084.0;10996.0;48088.0
611500;58558.0;10970.5;47587.5
611600;59145.5;11404.0;47741.5
611700;58516.0;11031.0;47485.0
611800;58871.0;11146.0;47725.0
611900;58728.0;11123.0;47605.0
612000;58912.0;11307.0;47605.0
612100;58728.0;11123.0;47605.0
612200;58848.0;11123.0;47725.0
612300;58288.0;11123.0;47165.0
612400;58728.0;11123.0;47605.0
612500;58957.0;11192.0;47765.0
612600;58768.0;11123.0;47645.0
612700;58808.0;11123.0;47685.0
612800;58808.0;11123.0;47685.0
612900;58808.0;11123.0;47685.0
613000;58808.0;11123.0;47685.0
613100;58808.0;11123.0;47685.0
613200;58928.0;11123.0;47805.0
613300;58440.0;10755.0;47685.0
613400;59368.0;11123.0;48245.0
613500;58733.0;11008.0;47725.0
613600;58848.0;11123.0;47725.0
613700;58328.0;11123.0;47205.0
613800;59080.0;10755.0;48325.0
613900;58888.0;11123.0;47765.0
614000;58680.0;10755.0;47925.0
614100;58888.0;11123.0;47765.0
614200;58722.0;11077.0;47645.0
614300;58842.0;11077.0;47765.0
614400;58722.0;11077.0;47645.0
614500;58790.0;10985.0;47805.0
614600;58836.0;11031.0;47805.0
614700;58876.0;11031.0;47845.0
614800;58922.0;11077.0;47845.0
614900;58756.0;11031.0;47725.0
615000;58876.0;11031.0;47845.0
615100;58876.0;11031.0;47845.0
615200;59367.0;10962.0;48405.0
615300;58876.0;11031.0;47845.0
615400;59105.0;11100.0;48005.0
615500;58916.0;11031.0;47885.0
615600;59111.0;11066.0;48045.0
615700;58922.0;11117.0;47805.0
615800;59042.0;11117.0;47925.0
615900;59202.0;11117.0;48085.0
616000;59144.0;11219.0;47925.0
616100;59213.0;11168.0;48045.0
616200;58533.0;11168.0;47365.0
616300;59551.0;11066.0;48485.0
616400;59082.0;11117.0;47965.0
616500;59253.0;11168.0;48085.0
616600;59158.5;11193.5;47965.0
616700;59293.0;11168.0;48125.0
616800;59122.0;11117.0;48005.0
616900;59293.0;11168.0;48125.0
617000;59002.0;11117.0;47885.0
617100;59733.0;11168.0;48565.0
617200;59510.0;11117.0;48393.0
617300;59140.0;11117.0;48023.0
617400;59288.0;11117.0;48171.0
617500;59288.0;11117.0;48171.0
617600;59228.0;11168.0;48060.0
617700;59325.0;11117.0;48208.0
617800;59265.0;11168.0;48097.0
617900;59427.0;11219.0;48208.0
618000;59163.0;11066.0;48097.0
618100;59783.0;11168.0;48615.0
618200;58423.0;11066.0;47357.0
618300;59214.0;11117.0;48097.0
618400;59311.0;11066.0;48245.0
618500;59066.5;11091.5;47975.0
618600;58641.0;11066.0;47575.0
618700;59507.0;11372.0;48135.0
618800;59321.0;11066.0;48255.0
618900;59201.0;11066.0;48135.0
619000;58793.0;10658.0;48135.0
619100;59201.0;11066.0;48135.0
619200;59124.5;10989.5;48135.0
619300;59226.5;11091.5;48135.0
619400;59030.0;11015.0;48015.0
619500;59177.5;10964.0;48213.5
619600;59279.5;11066.0;48213.5
619700;59045.0;10964.0;48081.0
619800;59292.5;11091.5;48201.0
619900;59336.0;11015.0;48321.0
620000;59216.0;11015.0;48201.0
620100;59216.0;11015.0;48201.0
620200;59336.0;11015.0;48321.0
620300;59216.0;11015.0;48201.0
620400;59376.0;11015.0;48361.0
620500;58736.0;11015.0;47721.0
620600;59281.5;11040.5;48241.0
620700;58709.0;10548.0;48161.0
620800;59693.0;11020.0;48673.0
620900;59786.0;10961.0;48825.0
621000;59313.0;11020.0;48293.0
621100;59254.0;10961.0;48293.0
621200;59254.0;10961.0;48293.0
621300;59254.0;10961.0;48293.0
621400;59292.0;10961.0;48331.0
621500;59233.0;10902.0;48331.0
621600;59182.5;10813.5;48369.0
621700;59182.5;10813.5;48369.0
621800;58799.0;10430.0;48369.0
621900;59271.0;10902.0;48369.0
622000;59212.0;10843.0;48369.0
622100;59389.0;11020.0;48369.0
622200;59330.0;10961.0;48369.0
622300;59271.0;10902.0;48369.0
622400;59511.5;10990.5;48521.0
622500;59309.0;10902.0;48407.0
622600;59309.0;10902.0;48407.0
622700;59317.5;10872.5;48445.0
622800;58812.0;10253.0;48559.0
622900;59406.0;10961.0;48445.0
623000;59435.5;10990.5;48445.0
623100;59465.0;11020.0;48445.0
623200;59520.0;10961.0;48559.0
623300;59520.0;10961.0;48559.0
623400;58988.0;10489.0;48499.0
623500;59495.0;10961.0;48534.0
623600;59495.0;10961.0;48534.0
623700;60020.0;10961.0;49059.0
623800;59412.0;10843.0;48569.0
623900;59589.0;11020.0;48569.0
624000;59694.0;11020.0;48674.0
624100;59589.0;11020.0;48569.0
624200;59694.0;11020.0;48674.0
624300;59589.0;11020.0;48569.0
624400;59605.5;11226.5;48379.0
624500;59548.0;11009.0;48539.0
624600;59654.0;11115.0;48539.0
624700;59694.0;11115.0;48579.0
624800;59574.0;11115.0;48459.0
624900;59747.0;11168.0;48579.0
625000;59627.0;11168.0;48459.0
625100;59826.5;11247.5;48579.0
625200;59800.0;11221.0;48579.0
625300;59800.0;11221.0;48579.0
625400;59840.0;11221.0;48619.0
625500;60360.0;11221.0;49139.0
625600;60000.0;11221.0;48779.0
625700;59933.0;11274.0;48659.0
625800;59880.0;11221.0;48659.0
625900;59707.0;11168.0;48539.0
626000;60118.5;11459.5;48659.0
626100;59880.0;11221.0;48659.0
626200;59760.0;11221.0;48539.0
626300;60842.5;11751.0;49091.5
626400;60050.0;11221.0;48829.0
626500;59937.5;11221.0;48716.5
626600;60017.0;11300.5;48716.5
626700;59975.0;11221.0;48754.0
626800;59975.0;11221.0;48754.0
626900;59975.0;11221.0;48754.0
627000;59767.0;11168.0;48599.0
627100;60364.0;11645.0;48719.0
627200;59940.0;11221.0;48719.0
627300;59913.5;11194.5;48719.0
627400;60452.5;11194.5;49258.0
627500;60004.5;11221.0;48783.5
627600;60004.5;11221.0;48783.5
627700;60041.0;11221.0;48820.0
627800;60041.0;11221.0;48820.0
627900;60150.5;11221.0;48929.5
628000;59819.0;11168.0;48651.0
628100;59819.0;11168.0;48651.0
628200;60363.0;11592.0;48771.0
628300;59939.0;11168.0;48771.0
628400;59979.0;11168.0;48811.0
628500;60005.5;11194.5;48811.0
628600;59912.0;11221.0;48691.0
628700;59952.0;11221.0;48731.0
628800;60019.0;11168.0;48851.0
628900;60234.0;11263.0;48971.0
629000;60114.0;11263.0;48851.0
629100;60114.0;11263.0;48851.0
629200;59495.0;11204.0;48291.0
629300;60173.0;11322.0;48851.0
629400;59935.0;11204.0;48731.0
629500;59975.0;11204.0;48771.0
629600;60095.0;11204.0;48891.0
629700;60015.0;11204.0;48811.0
629800;60135.0;11204.0;48931.0
629900;60255.0;11204.0;49051.0
630000;60255.0;11204.0;49051.0
630100;60255.0;11204.0;49051.0
630200;60343.5;11292.5;49051.0
630300;60665.5;11174.5;49491.0
630400;60116.0;11145.0;48971.0
630500;60175.0;11204.0;48971.0
630600;60695.0;11204.0;49491.0
630700;60687.0;11676.0;49011.0
630800;60375.0;11204.0;49171.0
630900;60215.0;11204.0;49011.0
631000;60124.5;11233.5;48891.0
631100;60276.0;11145.0;49131.0
631200;60508.0;11617.0;48891.0
631300;60276.0;11145.0;49131.0
631400;60255.0;11204.0;49051.0
631500;60284.5;11233.5;49051.0
631600;60196.0;11145.0;49051.0
631700;60472.0;11381.0;49091.0
631800;60236.0;11145.0;49091.0
631900;60885.0;11794.0;49091.0
632000;60444.5;11233.5;49211.0
632100;60295.0;11204.0;49091.0
632200;60884.5;11233.5;49651.0
632300;60236.0;11145.0;49091.0
632400;60276.0;11145.0;49131.0
632500;60215.0;11204.0;49011.0
632600;60512.0;11381.0;49131.0
632700;60375.0;11204.0;49171.0
632800;60257.0;11086.0;49171.0
632900;59608.5;10997.5;48611.0
633000;60175.0;11204.0;48971.0
633100;60316.0;11145.0;49171.0
633200;60404.0;10673.0;49731.0
633300;60255.0;11204.0;49051.0
633400;60415.0;11204.0;49211.0
633500;60135.0;11204.0;48931.0
633600;60415.0;11204.0;49211.0
633700;60512.0;11381.0;49131.0
633800;60484.5;11233.5;49251.0
633900;60276.0;11145.0;49131.0
634000;59791.0;11100.0;48691.0
634100;60351.0;11100.0;49251.0
634200;60882.5;11071.5;49811.0
634300;60231.0;11100.0;49131.0
634400;60783.5;11100.0;49683.5
634500;61121.0;11100.0;50021.0
634600;59781.5;10473.0;49308.5
634700;59978.0;11157.0;48821.0
634800;60558.5;11100.0;49458.5
634900;60558.5;11100.0;49458.5
635000;60446.0;11100.0;49346.0
635100;60503.0;11157.0;49346.0
635200;60474.5;11128.5;49346.0
635300;60446.0;11100.0;49346.0
635400;60483.5;11100.0;49383.5
635500;60483.5;11100.0;49383.5
635600;60540.5;11157.0;49383.5
635700;60606.5;11185.5;49421.0
635800;60977.0;11556.0;49421.0
635900;60492.5;11071.5;49421.0
636000;60633.5;11100.0;49533.5
636100;60423.0;11157.0;49266.0
636200;60600.0;11214.0;49386.0
636300;60663.0;11157.0;49506.0
636400;60423.0;11157.0;49266.0
636500;60583.0;11157.0;49426.0
636600;60647.0;10701.0;49946.0
636700;60686.0;11100.0;49586.0
636800;60531.5;11185.5;49346.0
636900;60566.0;11100.0;49466.0
637000;60417.5;11071.5;49346.0
637100;60788.0;11157.0;49631.0
637200;60731.0;11100.0;49631.0
637300;60563.0;11043.0;49520.0
637400;60600.0;11043.0;49557.0
637500;60600.0;11043.0;49557.0
637600;60600.0;11043.0;49557.0
637700;60808.0;11214.0;49594.0
637800;60580.0;10986.0;49594.0
637900;60665.5;11071.5;49594.0
638000;60634.0;10929.0;49705.0
638100;60580.0;10986.0;49594.0
638200;60580.0;10986.0;49594.0
638300;60665.5;11071.5;49594.0
638400;61320.0;10986.0;50334.0
638500;60870.5;11128.5;49742.0
638600;60822.0;11043.0;49779.0
638700;61167.0;11499.0;49668.0
638800;60711.0;11043.0;49668.0
638900;60711.0;11043.0;49668.0
639000;60735.0;11043.0;49692.0
639100;60545.0;11043.0;49502.0
639200;60978.5;11356.5;49622.0
639300;60665.0;11043.0;49622.0
639400;60768.0;10986.0;49782.0
639500;60556.5;11014.5;49542.0
639600;60705.0;11043.0;49662.0
639700;60289.0;10587.0;49702.0
639800;60568.0;10986.0;49582.0
639900;60118.0;10416.0;49702.0
640000;60745.0;11043.0;49702.0
640100;60289.0;10587.0;49702.0
640200;60781.0;11043.0;49738.0
640300;60838.0;11100.0;49738.0
640400;60846.0;11071.0;49775.0
640500;60581.0;10806.0;49775.0
640600;60607.5;10832.5;49775.0
640700;60856.5;11044.5;49812.0
640800;61321.5;10991.5;50330.0
640900;60803.5;10991.5;49812.0
641000;60615.0;10965.0;49650.0
641100;60668.0;11018.0;49650.0
641200;60788.0;11018.0;49770.0
641300;60735.0;10965.0;49770.0
641400;60641.5;10991.5;49650.0
641500;61220.5;11018.0;50202.5
641600;60898.5;11071.0;49827.5
641700;60781.0;11071.0;49710.0
641800;60936.0;11106.0;49830.0
641900;61520.0;11570.0;49950.0
642000;60878.0;11048.0;49830.0
642100;60878.0;11048.0;49830.0
642200;60969.0;11019.0;49950.0
642300;61028.0;11048.0;49980.0
642400;60314.0;10410.0;49904.0
642500;60952.0;11048.0;49904.0
642600;60952.0;11048.0;49904.0
642700;60715.0;11077.0;49638.0
642800;61048.0;11106.0;49942.0
642900;61048.0;11106.0;49942.0
643000;61135.0;11193.0;49942.0
643100;60903.0;10961.0;49942.0
643200;61251.0;11309.0;49942.0
643300;61106.0;11164.0;49942.0
643400;61144.0;11164.0;49980.0
643500;61144.0;11164.0;49980.0
643600;61088.0;11222.0;49866.0
643700;60708.0;11222.0;49486.0
643800;61095.0;11077.0;50018.0
643900;61296.0;11164.0;50132.0
644000;61182.0;11164.0;50018.0
644100;60712.0;10694.0;50018.0
644200;61256.0;11238.0;50018.0
644300;61224.0;11206.0;50018.0
644400;61262.0;11206.0;50056.0
644500;61262.0;11206.0;50056.0
644600;61262.0;11206.0;50056.0
644700;61120.0;11174.0;49946.0
644800;61208.0;11142.0;50066.0
644900;61208.0;11142.0;50066.0
645000;61304.0;11078.0;50226.0
645100;61272.0;11206.0;50066.0
645200;61336.0;11270.0;50066.0
645300;61208.0;11142.0;50066.0
645400;61822.0;11716.0;50106.0
645500;61109.0;11003.0;50106.0
645600;61388.0;11282.0;50106.0
645700;60862.0;10716.0;50146.0
645800;61492.0;11346.0;50146.0
645900;61387.0;11241.0;50146.0
646000;61197.0;11171.0;50026.0
646100;61492.0;11346.0;50146.0
646200;61457.0;11311.0;50146.0
646300;61302.0;11276.0;50026.0
646400;61462.0;11276.0;50186.0
646500;61462.0;11276.0;50186.0
646600;61637.0;11451.0;50186.0
646700;61417.0;11311.0;50106.0
646800;61432.0;11206.0;50226.0
646900;61622.0;11276.0;50346.0
647000;61432.0;11206.0;50226.0
647100;61382.0;11276.0;50106.0
647200;61552.0;11206.0;50346.0
647300;61362.0;11136.0;50226.0
647400;61542.0;11276.0;50266.0
647500;61422.0;11276.0;50146.0
647600;61542.0;11276.0;50266.0
647700;61547.0;11241.0;50306.0
647800;61392.0;11206.0;50186.0
647900;61512.0;11206.0;50306.0
648000;61512.0;11206.0;50306.0
648100;61582.0;11276.0;50306.0
648200;61582.0;11276.0;50306.0
648300;61672.0;11206.0;50466.0
648400;61762.0;11416.0;50346.0
648500;61502.0;11276.0;50226.0
648600;61662.0;11276.0;50386.0
648700;61662.0;11276.0;50386.0
648800;61627.0;11241.0;50386.0
648900;61767.0;11381.0;50386.0
649000;61662.0;11276.0;50386.0
649100;61732.0;11346.0;50386.0
649200;61732.0;11346.0;50386.0
649300;61802.0;11416.0;50386.0
649400;61597.0;11171.0;50426.0
649500;61772.0;11346.0;50426.0
649600;61772.0;11346.0;50426.0
649700;61692.0;11346.0;50346.0
649800;61932.0;11346.0;50586.0
649900;61812.0;11346.0;50466.0
650000;61882.0;11416.0;50466.0
650100;61917.0;11451.0;50466.0
650200;61612.0;11346.0;50266.0
650300;61742.0;11276.0;50466.0
650400;62070.0;11444.0;50626.0
650500;62268.0;11642.0;50626.0
650600;62011.0;11345.0;50666.0
650700;62110.0;11444.0;50666.0
650800;62319.0;11213.0;51106.0
650900;61936.0;11510.0;50426.0
651000;62122.0;11576.0;50546.0
651100;61990.0;11444.0;50546.0
651200;62150.0;11444.0;50706.0
651300;62418.0;11444.0;50974.0
651400;62025.0;11411.0;50614.0
651500;62289.0;11675.0;50614.0
651600;61530.0;10916.0;50614.0
651700;62094.0;11444.0;50650.0
651800;61918.0;11444.0;50474.0
651900;61871.0;11477.0;50394.0
652000;62005.0;11411.0;50594.0
652100;61576.0;10982.0;50594.0
652200;62170.0;11576.0;50594.0
652300;62664.0;11510.0;51154.0
652400;62078.0;11444.0;50634.0
652500;61496.0;10982.0;50514.0
652600;62144.0;11510.0;50634.0
652700;62163.0;11609.0;50554.0
652800;62250.0;11576.0;50674.0
652900;62151.0;11477.0;50674.0
653000;62250.0;11576.0;50674.0
653100;62370.0;11576.0;50794.0
653200;62415.0;11576.0;50839.0
653300;62370.0;11642.0;50728.0
653400;62341.0;11576.0;50765.0
653500;61539.0;11477.0;50062.0
653600;62341.0;11576.0;50765.0
653700;62378.0;11576.0;50802.0
653800;62378.0;11576.0;50802.0
653900;62360.0;11558.0;50802.0
654000;62420.0;11618.0;50802.0
654100;62591.0;11678.0;50913.0
654200;62420.0;11618.0;50802.0
654300;62480.0;11678.0;50802.0
654400;62658.0;11708.0;50950.0
654500;62457.0;11618.0;50839.0
654600;62298.0;11618.0;50680.0
654700;62338.0;11618.0;50720.0
654800;62500.0;11660.0;50840.0
654900;62500.0;11660.0;50840.0
655000;62446.0;11606.0;50840.0
655100;62500.0;11660.0;50840.0
655200;62500.0;11660.0;50840.0
655300;62554.0;11714.0;50840.0
655400;62540.0;11660.0;50880.0
655500;62540.0;11660.0;50880.0
655600;62700.0;11660.0;51040.0
655700;62460.0;11660.0;50800.0
655800;62754.0;11714.0;51040.0
655900;62601.0;11681.0;50920.0
656000;62652.0;11732.0;50920.0
656100;62703.0;11783.0;50920.0
656200;62652.0;11732.0;50920.0
656300;62652.0;11732.0;50920.0
656400;62692.0;11732.0;50960.0
656500;62692.0;11732.0;50960.0
656600;62699.5;11706.5;50993.0
656700;62813.0;11783.0;51030.0
656800;62711.0;11681.0;51030.0
656900;62832.0;11802.0;51030.0
657000;62273.0;11761.0;50512.0
657100;63350.0;11802.0;51548.0
657200;62832.0;11802.0;51030.0
657300;62649.5;11781.5;50868.0
657400;62891.5;11863.5;51028.0
657500;62789.0;11761.0;51028.0
657600;62341.0;11433.0;50908.0
657700;62870.0;11802.0;51068.0
657800;62829.0;11761.0;51068.0
657900;62829.0;11761.0;51068.0
658000;62812.0;11744.0;51068.0
658100;62888.0;11820.0;51068.0
658200;62888.0;11820.0;51068.0
658300;62142.0;11514.0;50628.0
658400;62991.0;11883.0;51108.0
658500;63038.0;11930.0;51108.0
658600;62873.5;11765.5;51108.0
658700;63151.0;11883.0;51268.0
658800;63031.0;11883.0;51148.0
658900;63054.5;11906.5;51148.0
659000;63078.0;11930.0;51148.0
659100;63078.0;11930.0;51148.0
659200;63005.0;11977.0;51028.0
659300;63172.0;12024.0;51148.0
659400;63426.0;12118.0;51308.0
659500;63141.5;11953.5;51188.0
659600;63235.5;12047.5;51188.0
659700;62829.0;11601.0;51228.0
659800;62692.0;12024.0;50668.0
659900;63252.0;12024.0;51228.0
660000;63181.5;11953.5;51228.0
660100;63205.0;11977.0;51228.0
660200;63280.0;12052.0;51228.0
660300;63280.0;12052.0;51228.0
660400;63320.0;12052.0;51268.0
660500;63251.0;12103.0;51148.0
660600;63371.0;12103.0;51268.0
660700;63360.0;12052.0;51308.0
660800;63240.0;12052.0;51188.0
660900;63411.0;12103.0;51308.0
661000;63411.0;12103.0;51308.0
661100;62902.0;12154.0;50748.0
661200;63699.0;12511.0;51188.0
661300;63819.0;12511.0;51308.0
661400;63309.0;12001.0;51308.0
661500;63451.0;12103.0;51348.0
661600;63323.5;11975.5;51348.0
661700;63611.0;12103.0;51508.0
661800;62981.0;11593.0;51388.0
661900;64052.0;12664.0;51388.0
662000;63567.5;12179.5;51388.0
662100;63585.5;12077.5;51508.0
662200;63491.0;12103.0;51388.0
662300;63713.0;12205.0;51508.0
662400;63505.5;12077.5;51428.0
662500;63531.0;12103.0;51428.0
662600;63582.0;12154.0;51428.0
662700;63691.0;12103.0;51588.0
662800;63622.0;12154.0;51468.0
662900;63622.0;12154.0;51468.0
663000;63622.0;12154.0;51468.0
663100;63578.5;12230.5;51348.0
663200;63622.0;12154.0;51468.0
663300;63673.0;12205.0;51468.0
663400;63502.0;12154.0;51348.0
663500;63662.0;12154.0;51508.0
663600;63662.0;12154.0;51508.0
663700;63753.0;12205.0;51548.0
663800;63745.5;12077.5;51668.0
663900;63753.0;12205.0;51548.0
664000;63822.0;12154.0;51668.0
664100;63753.0;12205.0;51548.0
664200;63294.0;11746.0;51548.0
664300;63702.0;12154.0;51548.0
664400;63512.5;11924.5;51588.0
664500;63818.5;12230.5;51588.0
664600;63742.0;12154.0;51588.0
664700;63662.0;12154.0;51508.0
664800;63884.0;12256.0;51628.0
664900;63953.0;12205.0;51748.0
665000;64469.5;12281.5;52188.0
665100;63935.0;12307.0;51628.0
665200;63884.0;12256.0;51628.0
665300;63884.0;12256.0;51628.0
665400;64044.0;12256.0;51788.0
665500;64332.0;12664.0;51668.0
665600;63353.0;12205.0;51148.0
665700;63913.0;12205.0;51708.0
665800;63964.0;12256.0;51708.0
665900;64084.0;12256.0;51828.0
666000;64423.0;12715.0;51708.0
666100;64459.0;12715.0;51744.0
666200;63988.0;12358.0;51630.0
666300;63519.0;12307.0;51212.0
666400;64184.0;12288.0;51896.0
666500;64117.0;12335.0;51782.0
666600;64117.0;12335.0;51782.0
666700;64155.0;12335.0;51820.0
666800;64123.0;12417.0;51706.0
666900;64727.0;12375.0;52352.0
667000;63745.5;12457.5;51288.0
667100;64111.0;12291.0;51820.0
667200;64148.0;12328.0;51820.0
667300;63997.0;12291.0;51706.0
667400;63655.0;12291.0;51364.0
667500;64149.0;12291.0;51858.0
667600;64282.5;12272.5;52010.0
667700;64301.0;12291.0;52010.0
667800;64567.0;12291.0;52276.0
667900;64301.0;12291.0;52010.0
668000;64201.0;12305.0;51896.0
668100;64126.0;12344.0;51782.0
668200;63850.0;11954.0;51896.0
668300;64048.0;12266.0;51782.0
668400;64261.0;12305.0;51956.0
668500;64183.0;12227.0;51956.0
668600;64241.5;12285.5;51956.0
668700;64043.0;12227.0;51816.0
668800;64124.0;12188.0;51936.0
668900;64163.0;12227.0;51936.0
669000;64221.5;12285.5;51936.0
669100;64514.0;12578.0;51936.0
669200;64163.0;12227.0;51936.0
669300;64062.5;12246.5;51816.0
669400;64183.5;12207.5;51976.0
669500;64164.0;12188.0;51976.0
669600;64203.0;12227.0;51976.0
669700;64243.0;12227.0;52016.0
669800;64204.0;12188.0;52016.0
669900;64084.0;12188.0;51896.0
670000;64246.0;12188.0;52058.0
670100;64246.0;12188.0;52058.0
670200;64207.0;12149.0;52058.0
670300;64207.0;12149.0;52058.0
670400;64353.0;12149.0;52204.0
670500;64018.5;12129.5;51889.0
670600;64237.0;12188.0;52049.0
670700;64316.0;12227.0;52089.0
670800;64316.0;12227.0;52089.0
670900;64277.0;12188.0;52089.0
671000;64218.5;12129.5;52089.0
671100;64238.0;12149.0;52089.0
671200;64238.0;12149.0;52089.0
671300;64238.0;12149.0;52089.0
671400;64278.0;12149.0;52129.0
671500;64079.0;12110.0;51969.0
671600;64239.0;12110.0;52129.0
671700;64279.0;12110.0;52169.0
671800;64318.0;12149.0;52169.0
671900;64438.0;12149.0;52289.0
672000;64337.5;12168.5;52169.0
672100;64318.0;12149.0;52169.0
672200;64415.5;12246.5;52169.0
672300;64279.0;12110.0;52169.0
672400;64237.0;12188.0;52049.0
672500;64358.0;12149.0;52209.0
672600;64599.0;12110.0;52489.0
672700;64368.0;12110.0;52258.0
672800;64368.0;12110.0;52258.0
672900;64368.0;12110.0;52258.0
673000;63940.0;12110.0;51830.0
673100;64341.0;12071.0;52270.0
673200;64302.0;12032.0;52270.0
673300;64341.0;12071.0;52270.0
673400;64342.0;12032.0;52310.0
673500;64221.0;12071.0;52150.0
673600;64842.0;12141.0;52701.0
673700;64509.0;12141.0;52368.0
673800;64523.5;12155.5;52368.0
673900;64509.0;12141.0;52368.0
674000;64509.0;12141.0;52368.0
674100;64596.0;12228.0;52368.0
674200;64438.0;12112.0;52326.0
674300;64438.0;12112.0;52326.0
674400;64405.5;12039.5;52366.0
674500;64507.0;12141.0;52366.0
674600;64623.0;12257.0;52366.0
674700;65136.0;12170.0;52966.0
674800;64547.0;12141.0;52406.0
674900;64503.5;12097.5;52406.0
675000;64696.0;12170.0;52526.0
675100;64619.5;12213.5;52406.0
675200;64547.0;12141.0;52406.0
675300;64576.0;12170.0;52406.0
675400;64630.5;12184.5;52446.0
675500;64485.0;12199.0;52286.0
675600;65180.5;12199.0;52981.5
675700;64706.0;12199.0;52507.0
675800;64735.0;12228.0;52507.0
675900;64677.0;12170.0;52507.0
676000;64671.5;12213.5;52458.0
676100;64657.0;12199.0;52458.0
676200;65231.5;12213.5;53018.0
676300;64715.0;12257.0;52458.0
676400;64595.5;12097.5;52498.0
676500;64177.0;12199.0;51978.0
676600;64635.0;12257.0;52378.0
676700;64534.0;11996.0;52538.0
676800;64794.0;12256.0;52538.0
676900;64914.0;12256.0;52658.0
677000;64769.0;12231.0;52538.0
677100;65042.0;12504.0;52538.0
677200;64669.0;12251.0;52418.0
677300;64823.5;12285.5;52538.0
677400;64852.0;12274.0;52578.0
677500;64852.0;12274.0;52578.0
677600;64989.0;12251.0;52738.0
677700;65012.0;12274.0;52738.0
677800;64806.5;12308.5;52498.0
677900;64926.5;12308.5;52618.0
678000;65035.0;12297.0;52738.0
678100;64915.0;12297.0;52618.0
678200;65058.0;12320.0;52738.0
678300;64806.5;12308.5;52498.0
678400;64795.0;12297.0;52498.0
678500;65126.5;12308.5;52818.0
678600;64931.0;12113.0;52818.0
678700;64875.0;12297.0;52578.0
678800;65115.0;12297.0;52818.0
678900;64972.0;12274.0;52698.0
679000;64972.0;12274.0;52698.0
679100;64960.5;12262.5;52698.0
679200;65018.0;12320.0;52698.0
679300;65226.5;12408.5;52818.0
679400;65573.0;12315.0;53258.0
679500;65573.0;12315.0;53258.0
679600;65053.0;12315.0;52738.0
679700;65009.0;12351.0;52658.0
679800;65224.0;12326.0;52898.0
679900;65197.0;12299.0;52898.0
680000;65077.0;12299.0;52778.0
680100;64277.0;12299.0;51978.0
680200;65077.0;12299.0;52778.0
680300;65068.0;12290.0;52778.0
680400;65108.0;12290.0;52818.0
680500;65117.0;12299.0;52818.0
680600;64988.0;12290.0;52698.0
680700;65058.0;12200.0;52858.0
680800;65179.5;12321.5;52858.0
680900;65157.0;12299.0;52858.0
681000;65085.0;12227.0;52858.0
681100;65157.0;12299.0;52858.0
681200;65220.0;12362.0;52858.0
681300;65220.0;12362.0;52858.0
681400;65260.0;12362.0;52898.0
681500;65296.0;12398.0;52898.0
681600;65167.0;12389.0;52778.0
681700;65444.0;12506.0;52938.0
681800;65300.0;12362.0;52938.0
681900;65300.0;12320.0;52980.0
682000;65161.0;12350.0;52811.0
682100;65296.0;12365.0;52931.0
682200;65176.0;12365.0;52811.0
682300;65303.5;12372.5;52931.0
682400;65201.0;12230.0;52971.0
682500;65336.0;12365.0;52971.0
682600;65231.0;12380.0;52851.0
682700;65361.0;12350.0;53011.0
682800;65749.0;12350.0;53399.0
682900;65518.0;12378.0;53140.0
683000;65407.0;12378.0;53029.0
683100;65431.0;12378.0;53053.0
683200;65536.0;12378.0;53158.0
683300;65431.0;12378.0;53053.0
683400;64992.0;12359.0;52633.0
683500;65466.0;12378.0;53088.0
683600;65289.0;12378.0;52911.0
683700;65447.0;12378.0;53069.0
683800;65447.0;12378.0;53069.0
683900;66102.0;12530.0;53572.0
684000;65361.0;12397.0;52964.0
684100;65598.5;12406.5;53192.0
684200;65456.0;12378.0;53078.0
684300;65465.5;12387.5;53078.0
684400;65513.0;12397.0;53116.0
684500;65532.0;12416.0;53116.0
684600;65513.0;12397.0;53116.0
684700;65684.0;12416.0;53268.0
684800;65541.5;12387.5;53154.0
684900;65570.0;12416.0;53154.0
685000;65722.0;12568.0;53154.0
685100;65304.0;12264.0;53040.0
685200;65570.0;12416.0;53154.0
685300;65456.0;12416.0;53040.0
685400;65627.0;12435.0;53192.0
685500;65608.0;12416.0;53192.0
685600;65617.5;12425.5;53192.0
685700;65627.0;12397.0;53230.0
685800;65095.0;12397.0;52698.0
685900;65608.0;12378.0;53230.0
686000;65627.0;12397.0;53230.0
686100;65627.0;12397.0;53230.0
686200;65608.0;12378.0;53230.0
686300;65627.0;12397.0;53230.0
686400;65243.0;12397.0;52846.0
686500;65542.0;12416.0;53126.0
686600;65683.0;12397.0;53286.0
686700;65723.0;12397.0;53326.0
686800;65723.0;12397.0;53326.0
686900;65144.0;12378.0;52766.0
687000;65732.5;12406.5;53326.0
687100;65694.5;12368.5;53326.0
687200;65755.0;12549.0;53206.0
687300;65641.0;12435.0;53206.0
687400;65782.0;12416.0;53366.0
687500;65782.0;12416.0;53366.0
687600;65860.0;12454.0;53406.0
687700;65384.0;12378.0;53006.0
687800;65894.5;12368.5;53526.0
687900;65803.0;12397.0;53406.0
688000;65923.0;12397.0;53526.0
688100;65894.5;12368.5;53526.0
688200;65926.5;12378.0;53548.5
688300;65705.0;12387.5;53317.5
688400;65714.5;12397.0;53317.5
688500;65442.0;12397.0;53045.0
688600;65914.0;12429.0;53485.0
688700;65926.0;12401.0;53525.0
688800;65912.0;12387.0;53525.0
688900;65778.0;12373.0;53405.0
689000;66712.0;12387.0;54325.0
689100;65905.0;12380.0;53525.0
689200;65926.0;12401.0;53525.0
689300;65912.0;12387.0;53525.0
689400;66058.0;12373.0;53685.0
689500;65994.0;12429.0;53565.0
689600;66114.0;12549.0;53565.0
689700;66110.5;12505.5;53605.0
689800;65931.0;12446.0;53485.0
689900;66067.0;12582.0;53485.0
690000;66051.0;12446.0;53605.0
690100;66233.0;12463.0;53770.0
690200;65986.0;12327.0;53659.0
690300;66268.0;12498.0;53770.0
690400;66019.0;12522.0;53497.0
690500;66195.5;12522.0;53673.5
690600;66568.5;12510.0;54058.5
690700;66491.5;12510.0;53981.5
690800;66242.0;12530.0;53712.0
690900;66250.0;12538.0;53712.0
691000;66365.5;12538.0;53827.5
691100;66242.0;12530.0;53712.0
691200;65822.0;12538.0;53284.0
691300;66326.0;12602.0;53724.0
691400;66438.0;12554.0;53884.0
691500;66310.0;12546.0;53764.0
691600;66298.0;12534.0;53764.0
691700;65790.0;12546.0;53244.0
691800;66478.0;12554.0;53924.0
691900;66342.0;12538.0;53804.0
692000;66458.0;12534.0;53924.0
692100;66734.0;12546.0;54188.0
692200;66198.0;12546.0;53652.0
692300;66302.0;12530.0;53772.0
692400;66210.0;12558.0;53652.0
692500;65978.0;12526.0;53452.0
692600;66878.0;12546.0;54332.0
692700;66406.0;12554.0;53852.0
692800;66398.0;12546.0;53852.0
692900;66518.0;12546.0;53972.0
693000;66398.0;12546.0;53852.0
693100;65846.0;12554.0;53292.0
693200;66398.0;12546.0;53852.0
693300;66514.0;12542.0;53972.0
693400;66422.0;12530.0;53892.0
693500;66438.0;12546.0;53892.0
693600;66430.0;12538.0;53892.0
693700;66338.0;12526.0;53812.0
693800;66326.0;12514.0;53812.0
693900;66462.0;12530.0;53932.0
694000;66582.0;12530.0;54052.0
694100;66462.0;12530.0;53932.0
694200;66462.0;12530.0;53932.0
694300;66442.0;12510.0;53932.0
694400;67013.0;12530.0;54483.0
694500;66512.5;12530.0;53982.5
694600;65948.0;12466.0;53482.0
694700;66658.5;12522.0;54136.5
694800;66551.0;12530.0;54021.0
694900;66555.0;12534.0;54021.0
695000;66543.0;12522.0;54021.0
695100;66602.5;12466.0;54136.5
695200;66551.0;12530.0;54021.0
695300;66555.0;12534.0;54021.0
695400;66543.0;12522.0;54021.0
695500;66427.5;12522.0;53905.5
695600;66581.5;12522.0;54059.5
695700;66479.0;12522.0;53957.0
695800;66595.0;12518.0;54077.0
695900;66601.0;12524.0;54077.0
696000;66583.0;12506.0;54077.0
696100;66595.0;12518.0;54077.0
696200;66591.0;12514.0;54077.0
696300;66031.0;12514.0;53517.0
696400;66667.0;12550.0;54117.0
696500;66795.0;12518.0;54277.0
696600;66635.0;12518.0;54117.0
696700;66673.0;12516.0;54157.0
696800;66679.0;12522.0;54157.0
696900;66679.0;12522.0;54157.0
697000;67239.0;12522.0;54717.0
697100;66723.0;12566.0;54157.0
697200;66799.0;12522.0;54277.0
697300;66685.0;12528.0;54157.0
697400;66839.0;12522.0;54317.0
697500;66559.0;12522.0;54037.0
697600;66589.0;12512.0;54077.0
697700;66199.0;12522.0;53677.0
697800;66763.0;12526.0;54237.0
697900;66791.0;12554.0;54237.0
698000;66759.0;12522.0;54237.0
698100;66747.0;12510.0;54237.0
698200;66639.0;12522.0;54117.0
698300;66759.0;12522.0;54237.0
698400;66643.0;12526.0;54117.0
698500;66807.0;12530.0;54277.0
698600;66687.0;12530.0;54157.0
698700;66847.0;12530.0;54317.0
698800;66727.0;12530.0;54197.0
698900;67643.0;12526.0;55117.0
699000;66847.0;12530.0;54317.0
699100;66847.0;12530.0;54317.0
699200;66709.0;12512.0;54197.0
699300;66727.0;12530.0;54197.0
699400;66892.0;12535.0;54357.0
699500;66727.0;12530.0;54197.0
699600;66369.0;12532.0;53837.0
699700;66916.0;12519.0;54397.0
699800;66939.0;12542.0;54397.0
699900;66808.0;12531.0;54277.0
700000;67467.0;12510.0;54957.0
700100;66923.0;12526.0;54397.0
700200;66923.0;12526.0;54397.0
700300;66803.0;12526.0;54277.0
700400;66991.5;12554.5;54437.0
700500;66984.0;12547.0;54437.0
700600;67504.0;12547.0;54957.0
700700;67024.0;12547.0;54477.0
700800;66999.0;12522.0;54477.0
700900;67020.0;12543.0;54477.0
701000;66540.0;12503.0;54037.0
701100;66887.0;12530.0;54357.0
701200;66905.0;12548.0;54357.0
701300;67025.0;12548.0;54477.0
701400;66905.0;12548.0;54357.0
701500;67056.0;12539.0;54517.0
701600;67069.5;12552.5;54517.0
701700;67096.0;12539.0;54557.0
701800;66985.0;12548.0;54437.0
701900;67100.5;12543.5;54557.0
702000;67064.5;12507.5;54557.0
702100;67476.5;12529.5;54947.0
702200;66712.0;12557.0;54155.0
702300;67013.0;12546.0;54467.0
702400;66662.0;12546.0;54116.0
702500;67029.5;12562.5;54467.0
702600;67169.0;12546.0;54623.0
702700;67208.0;12546.0;54662.0
702800;67219.0;12557.0;54662.0
702900;67219.0;12557.0;54662.0
703000;67230.0;12568.0;54662.0
703100;67247.0;12585.0;54662.0
703200;67269.5;12607.5;54662.0
703300;67277.0;12615.0;54662.0
703400;67440.5;12622.5;54818.0
703500;67457.0;12600.0;54857.0
703600;67181.0;12480.0;54701.0
703700;67362.5;12622.5;54740.0
703800;67340.0;12600.0;54740.0
703900;67260.5;12520.5;54740.0
704000;67900.0;12614.0;55286.0
704100;67354.0;12614.0;54740.0
704200;67522.0;12665.0;54857.0
704300;67354.0;12614.0;54740.0
704400;67176.0;12553.0;54623.0
704500;66853.5;12581.5;54272.0
704600;67779.0;12610.0;55169.0
704700;67428.0;12610.0;54818.0
704800;67456.5;12638.5;54818.0
704900;67428.0;12610.0;54818.0
705000;68198.5;12600.5;55598.0
705100;67428.0;12610.0;54818.0
705200;67428.0;12610.0;54818.0
705300;67516.5;12581.5;54935.0
705400;67516.0;12659.0;54857.0
705500;67321.0;12620.0;54701.0
705600;67516.0;12659.0;54857.0
705700;66965.0;12659.0;54306.0
705800;67419.0;12633.0;54786.0
705900;67565.0;12659.0;54906.0
706000;67565.0;12659.0;54906.0
706100;67591.0;12685.0;54906.0
706200;67578.0;12672.0;54906.0
706300;66979.0;12633.0;54346.0
706400;67579.0;12633.0;54946.0
706500;67739.0;12633.0;55106.0
706600;68099.0;12633.0;55466.0
706700;67827.0;12841.0;54986.0
706800;67473.0;12607.0;54866.0
706900;67713.0;12607.0;55106.0
707000;67681.0;12815.0;54866.0
707100;67567.0;12581.0;54986.0
707200;67473.0;12607.0;54866.0
707300;67567.0;12581.0;54986.0
707400;67633.0;12607.0;55026.0
707500;67525.0;12659.0;54866.0
707600;67499.0;12633.0;54866.0
707700;67712.0;12646.0;55066.0
707800;67340.0;12394.0;54946.0
707900;67603.5;12657.5;54946.0
708000;68268.0;12642.0;55626.0
708100;67634.5;12688.5;54946.0
708200;67708.0;12642.0;55066.0
708300;67708.0;12642.0;55066.0
708400;67748.0;12642.0;55106.0
708500;67748.0;12642.0;55106.0
708600;67732.5;12626.5;55106.0
708700;67950.0;12684.0;55266.0
708800;68390.0;12684.0;55706.0
708900;67867.0;12721.0;55146.0
709000;67774.5;12628.5;55146.0
709100;67673.0;12647.0;55026.0
709200;67756.0;12610.0;55146.0
709300;67617.0;12351.0;55266.0
709400;68073.5;12887.5;55186.0
709500;67657.0;12351.0;55306.0
709600;67777.5;12591.5;55186.0
709700;67716.0;12610.0;55106.0
709800;68039.5;12813.5;55226.0
709900;67753.0;12647.0;55106.0
710000;68104.0;12758.0;55346.0
710100;68169.0;12943.0;55226.0
710200;67967.5;12741.5;55226.0
710300;67875.0;12649.0;55226.0
710400;68047.0;12781.0;55266.0
710500;68190.5;12764.5;55426.0
710600;67861.0;12715.0;55146.0
710700;68174.0;12748.0;55426.0
710800;68054.0;12748.0;55306.0
710900;68273.0;12847.0;55426.0
711000;68037.5;12731.5;55306.0
711100;68054.0;12748.0;55306.0
711200;68054.0;12748.0;55306.0
711300;68054.0;12748.0;55306.0
711400;68214.0;12748.0;55466.0
711500;68127.0;12781.0;55346.0
711600;67743.0;12517.0;55226.0
711700;68221.0;12715.0;55506.0
711800;68101.0;12715.0;55386.0
711900;68661.0;12715.0;55946.0
712000;67277.0;12451.0;54826.0
712100;67981.0;12715.0;55266.0
712200;68051.5;12665.5;55386.0
712300;68101.0;12715.0;55386.0
712400;68157.5;12731.5;55426.0
712500;68157.5;12731.5;55426.0
712600;68141.0;12715.0;55426.0
712700;68181.0;12715.0;55466.0
712800;68251.5;12665.5;55586.0
712900;68011.5;12665.5;55346.0
713000;68164.5;12698.5;55466.0
713100;68148.0;12682.0;55466.0
713200;68301.0;12715.0;55586.0
713300;68214.0;12748.0;55466.0
713400;68402.5;12896.5;55506.0
713500;68221.0;12715.0;55506.0
713600;68188.0;12682.0;55506.0
713700;67943.0;12517.0;55426.0
713800;68141.0;12715.0;55426.0
713900;68261.0;12715.0;55546.0
714000;68331.5;12665.5;55666.0
714100;68228.0;12682.0;55546.0
714200;68348.0;12682.0;55666.0
714300;69028.0;12682.0;56346.0
714400;68268.0;12682.0;55586.0
714500;68075.0;12649.0;55426.0
714600;68268.0;12682.0;55586.0
714700;68341.0;12715.0;55626.0
714800;68884.5;12698.5;56186.0
714900;68126.5;12500.5;55626.0
715000;67988.0;12682.0;55306.0
715100;68428.0;12682.0;55746.0
715200;68221.0;12715.0;55506.0
715300;68336.5;12830.5;55506.0
715400;68348.0;12682.0;55666.0
715500;68298.5;12632.5;55666.0
715600;68475.0;12649.0;55826.0
715700;68371.5;12665.5;55706.0
715800;68388.0;12682.0;55706.0
715900;68421.0;12715.0;55706.0
716000;68404.5;12698.5;55706.0
716100;68404.5;12698.5;55706.0
716200;68915.0;12649.0;56266.0
716300;68388.0;12682.0;55706.0
716400;68416.5;12830.5;55586.0
716500;68395.0;12649.0;55746.0
716600;68555.0;12649.0;55906.0
716700;68402.0;12616.0;55786.0
716800;68484.5;12698.5;55786.0
716900;68402.0;12616.0;55786.0
717000;68555.0;12649.0;55906.0
717100;68348.0;12682.0;55666.0
717200;68190.5;12524.5;55666.0
717300;68380.5;12594.5;55786.0
717400;68313.0;12647.0;55666.0
717500;68633.0;12647.0;55986.0
717600;68478.0;12612.0;55866.0
717700;68495.5;12629.5;55866.0
717800;68937.0;12511.0;56426.0
717900;68708.0;12682.0;56026.0
718000;68586.0;12720.0;55866.0
718100;68485.0;12739.0;55746.0
718200;68510.0;12644.0;55866.0
718300;68390.0;12644.0;55746.0
718400;68588.0;12682.0;55906.0
718500;68588.0;12682.0;55906.0
718600;68588.0;12682.0;55906.0
718700;68628.0;12682.0;55946.0
718800;68628.0;12682.0;55946.0
718900;68710.0;12644.0;56066.0
719000;68400.0;12454.0;55946.0
719100;68413.0;12587.0;55826.0
719200;68476.0;12530.0;55946.0
719300;68552.0;12606.0;55946.0
719400;68326.0;12340.0;55986.0
719500;68630.0;12644.0;55986.0
719600;68790.0;12644.0;56146.0
719700;68670.0;12644.0;56026.0
719800;68588.0;12682.0;55906.0
719900;68790.0;12644.0;56146.0
720000;68708.0;12682.0;56026.0
720100;68746.0;12720.0;56026.0
720200;68670.0;12644.0;56026.0
720300;68651.0;12625.0;56026.0
720400;68748.0;12682.0;56066.0
720500;68710.0;12644.0;56066.0
720600;68590.0;12644.0;55946.0
720700;68668.0;12682.0;55986.0
720800;68668.0;12682.0;55986.0
720900;68668.0;12682.0;55986.0
721000;68712.0;12606.0;56106.0
721100;68870.0;12644.0;56226.0
721200;68380.0;12834.0;55546.0
721300;68668.0;12682.0;55986.0
721400;68733.0;12587.0;56146.0
721500;68790.0;12644.0;56146.0
721600;68950.0;12644.0;56306.0
721700;68830.0;12644.0;56186.0
721800;68710.0;12644.0;56066.0
721900;68748.0;12682.0;56066.0
722000;68830.0;12644.0;56186.0
722100;69428.0;12682.0;56746.0
722200;68988.0;12682.0;56306.0
722300;69416.0;12682.0;56734.0
722400;69226.0;12986.0;56240.0
722500;68922.0;12682.0;56240.0
722600;68922.0;12682.0;56240.0
722700;68960.0;12682.0;56278.0
722800;69131.0;12853.0;56278.0
722900;68850.0;12720.0;56130.0
723000;68951.0;12701.0;56250.0
723100;68936.0;12686.0;56250.0
723200;68936.0;12686.0;56250.0
723300;68936.0;12686.0;56250.0
723400;68624.0;12334.0;56290.0
723500;68976.0;12686.0;56290.0
723600;68932.0;12642.0;56290.0
723700;69016.0;12686.0;56330.0
723800;68896.0;12686.0;56210.0
723900;69104.0;12774.0;56330.0
724000;68972.0;12642.0;56330.0
724100;68568.0;13038.0;55530.0
724200;68940.0;12730.0;56210.0
724300;69126.0;12796.0;56330.0
724400;68990.0;12620.0;56370.0
724500;68990.0;12620.0;56370.0
724600;68990.0;12620.0;56370.0
724700;69006.0;12686.0;56320.0
724800;69014.0;12466.0;56548.0
724900;69120.0;12686.0;56434.0
725000;69120.0;12686.0;56434.0
725100;69186.0;12752.0;56434.0
725200;69164.0;12730.0;56434.0
725300;69164.0;12730.0;56434.0
725400;69202.0;12730.0;56472.0
725500;69310.0;12686.0;56624.0
725600;69696.0;12730.0;56966.0
725700;69289.0;12779.0;56510.0
725800;69263.5;12753.5;56510.0
725900;69391.0;12881.0;56510.0
726000;69340.0;12830.0;56510.0
726100;68916.0;12830.0;56086.0
726200;69391.0;12865.0;56526.0
726300;69391.0;12865.0;56526.0
726400;69327.0;12921.0;56406.0
726500;69703.0;12977.0;56726.0
726600;69431.0;12865.0;56566.0
726700;69695.0;13089.0;56606.0
726800;69527.0;12921.0;56606.0
726900;69379.0;12893.0;56486.0
727000;69407.0;12921.0;56486.0
727100;70031.0;13425.0;56606.0
727200;70143.0;12977.0;57166.0
727300;69295.0;12809.0;56486.0
727400;69572.0;12893.0;56679.0
727500;69373.0;12893.0;56480.0
727600;69773.5;13117.0;56656.5
727700;69700.0;13005.0;56695.0
727800;69787.5;12977.0;56810.5
727900;69616.0;12921.0;56695.0
728000;69556.5;12977.0;56579.5
728100;69700.0;13005.0;56695.0
728200;69868.0;13173.0;56695.0
728300;69899.5;13089.0;56810.5
728400;69822.5;13089.0;56733.5
728500;70214.5;13481.0;56733.5
728600;69265.0;13033.0;56232.0
728700;69750.0;13089.0;56661.0
728800;69727.0;12949.0;56778.0
728900;69209.0;12977.0;56232.0
729000;69699.0;12921.0;56778.0
729100;69763.0;12985.0;56778.0
729200;69859.0;13081.0;56778.0
729300;69777.0;13116.0;56661.0
729400;-459643.0;-516460.0;56817.0
729500;69906.5;13089.5;56817.0
729600;69933.0;13116.0;56817.0
729700;70597.5;13195.5;57402.0
729800;70025.0;13169.0;56856.0
729900;69972.0;13116.0;56856.0
730000;69495.0;12639.0;56856.0
730100;69919.0;13063.0;56856.0
730200;69802.0;13063.0;56739.0
730300;69881.5;13142.5;56739.0
730400;70000.0;13105.0;56895.0
730500;69972.0;13077.0;56895.0
730600;70024.0;13129.0;56895.0
730700;70271.0;13337.0;56934.0
730800;70089.0;13155.0;56934.0
730900;70154.0;13103.0;57051.0
731000;70375.0;13441.0;56934.0
731100;70141.0;13207.0;56934.0
731200;70152.0;13218.0;56934.0
731300;70130.5;13196.5;56934.0
731400;70191.0;13218.0;56973.0
731500;70083.5;13110.5;56973.0
731600;70181.5;13325.5;56856.0
731700;70273.0;13261.0;57012.0
731800;69929.0;12917.0;57012.0
731900;70273.0;13261.0;57012.0
732000;70046.0;12917.0;57129.0
732100;70156.0;13261.0;56895.0
732200;70101.0;13089.0;57012.0
732300;70331.0;13046.0;57285.0
732400;70376.5;13325.5;57051.0
732500;70355.0;13304.0;57051.0
732600;70312.0;13261.0;57051.0
732700;70351.0;13261.0;57090.0
732800;70501.5;13411.5;57090.0
732900;70394.0;13304.0;57090.0
733000;-359305.0;-416395.0;57090.0
733100;70329.5;13239.5;57090.0
733200;70394.0;13304.0;57090.0
733300;70695.0;13605.0;57090.0
733400;70046.0;12917.0;57129.0
733500;70433.0;13304.0;57129.0
733600;70433.0;13304.0;57129.0
733700;70375.0;13067.5;57307.5
733800;70499.0;13304.0;57195.0
733900;70344.0;13304.0;57040.0
734000;70507.0;13347.0;57160.0
734100;70421.0;13261.0;57160.0
734200;70301.0;13261.0;57040.0
734300;70765.0;13605.0;57160.0
734400;70581.0;13261.0;57320.0
734500;70344.0;13304.0;57040.0
734600;70203.0;13003.0;57200.0
734700;70642.5;13282.5;57360.0
734800;70579.0;13339.0;57240.0
734900;70657.0;13417.0;57240.0
735000;70558.5;13438.5;57120.0
735100;70054.0;13374.0;56680.0
735200;70494.0;13374.0;57120.0
735300;70451.0;13331.0;57120.0
735400;70955.0;13675.0;57280.0
735500;70611.0;13331.0;57280.0
735600;70568.0;13288.0;57280.0
735700;70608.0;13288.0;57320.0
735800;70651.0;13331.0;57320.0
735900;70488.0;13288.0;57200.0
736000;70608.0;13288.0;57320.0
736100;70651.0;13331.0;57320.0
736200;70608.0;13288.0;57320.0
736300;70608.0;13288.0;57320.0
736400;70712.5;13352.5;57360.0
736500;70683.0;13323.0;57360.0
736600;70683.0;13323.0;57360.0
736700;70723.0;13323.0;57400.0
736800;70704.0;13304.0;57400.0
736900;71027.0;13627.0;57400.0
737000;70685.0;13285.0;57400.0
737100;70900.0;13380.0;57520.0
737200;70900.0;13380.0;57520.0
737300;70780.0;13380.0;57400.0
737400;70763.0;13323.0;57440.0
737500;71462.5;13627.0;57835.5
737600;70366.0;13342.0;57024.0
737700;70669.0;13285.0;57384.0
737800;70947.0;13323.0;57624.0
737900;70846.0;13342.0;57504.0
738000;70751.0;13247.0;57504.0
738100;70732.0;13228.0;57504.0
738200;70191.0;13247.0;56944.0
738300;70789.0;13285.0;57504.0
738400;71006.0;13342.0;57664.0
738500;70848.0;13304.0;57544.0
738600;70867.0;13323.0;57544.0
738700;70787.0;13323.0;57464.0
738800;70351.0;13247.0;57104.0
738900;71021.0;13437.0;57584.0
739000;70907.0;13323.0;57584.0
739100;70603.0;13019.0;57584.0
739200;70949.0;13365.0;57584.0
739300;70901.0;13317.0;57584.0
739400;70989.0;13365.0;57624.0
739500;70877.0;13413.0;57464.0
739600;71121.0;13497.0;57624.0
739700;71119.0;13455.0;57664.0
739800;71245.0;13581.0;57664.0
739900;71574.0;13518.0;58056.0
740000;71173.0;13497.0;57676.0
740100;71173.0;13497.0;57676.0
740200;71325.0;13497.0;57828.0
740300;71131.0;13455.0;57676.0
740400;71169.0;13455.0;57714.0
740500;71379.0;13665.0;57714.0
740600;71316.0;13602.0;57714.0
740700;70871.0;13119.0;57752.0
740800;71279.0;13413.0;57866.0
740900;71207.0;13455.0;57752.0
741000;71342.0;13476.0;57866.0
741100;70717.0;13497.0;57220.0
741200;71270.0;13518.0;57752.0
741300;71207.0;13455.0;57752.0
741400;71266.0;13476.0;57790.0
741500;71266.0;13476.0;57790.0
741600;71245.0;13455.0;57790.0
741700;71283.0;13455.0;57828.0
741800;71325.0;13497.0;57828.0
741900;71241.0;13413.0;57828.0
742000;70936.0;13532.0;57404.0
742100;70853.0;13569.0;57284.0
742200;71514.5;13550.5;57964.0
742300;71376.0;13532.0;57844.0
742400;71416.0;13532.0;57884.0
742500;71256.0;13532.0;57724.0
742600;71453.0;13569.0;57884.0
742700;71613.0;13569.0;58044.0
742800;71437.5;13513.5;57924.0
742900;71493.0;13569.0;57924.0
743000;71493.0;13569.0;57924.0
743100;71567.0;13643.0;57924.0
743200;71752.0;13828.0;57924.0
743300;71456.0;13532.0;57924.0
743400;71496.0;13532.0;57964.0
743500;71524.0;13560.0;57964.0
743600;72364.0;13560.0;58804.0
743700;71564.0;13560.0;58004.0
743800;71564.0;13560.0;58004.0
743900;71564.0;13560.0;58004.0
744000;72165.0;13601.0;58564.0
744100;71605.0;13601.0;58004.0
744200;71646.0;13642.0;58004.0
744300;71605.0;13601.0;58004.0
744400;72226.5;13662.5;58564.0
744500;71805.0;13601.0;58204.0
744600;71645.0;13601.0;58044.0
744700;71685.0;13601.0;58084.0
744800;71477.0;13273.0;58204.0
744900;71746.5;13662.5;58084.0
745000;71685.0;13601.0;58084.0
745100;71805.0;13601.0;58204.0
745200;71727.0;13643.0;58084.0
745300;72240.0;13596.0;58644.0
745400;71720.0;13596.0;58124.0
745500;71790.5;13666.5;58124.0
745600;71720.0;13596.0;58124.0
745700;71886.0;13722.0;58164.0
745800;71878.5;13594.5;58284.0
745900;71835.0;13671.0;58164.0
746000;71682.0;13518.0;58164.0
746100;71891.0;13727.0;58164.0
746200;72158.0;14114.0;58044.0
746300;71134.0;13770.0;57364.0
746400;72124.5;13920.5;58204.0
746500;71974.0;13770.0;58204.0
746600;72177.0;13813.0;58364.0
746700;72014.0;13770.0;58244.0
746800;72574.0;13770.0;58804.0
746900;72078.5;13834.5;58244.0
747000;72014.0;13770.0;58244.0
747100;72014.0;13770.0;58244.0
747200;71937.0;13813.0;58124.0
747300;72487.0;14243.0;58244.0
747400;72097.0;13813.0;58284.0
747500;71829.5;13705.5;58124.0
747600;72140.0;13856.0;58284.0
747700;72180.0;13856.0;58324.0
747800;72180.0;13856.0;58324.0
747900;72300.0;13856.0;58444.0
748000;72180.0;13856.0;58324.0
748100;72115.5;13791.5;58324.0
748200;72017.0;13813.0;58204.0
748300;71808.0;13684.0;58124.0
748400;72177.0;13813.0;58364.0
748500;71700.0;13856.0;57844.0
748600;72220.0;13856.0;58364.0
748700;72346.0;13942.0;58404.0
748800;72217.0;13813.0;58404.0
748900;72165.0;13641.0;58524.0
749000;72294.0;13770.0;58524.0
749100;72294.0;13770.0;58524.0
749200;72174.0;13770.0;58404.0
749300;72174.0;13770.0;58404.0
749400;72257.0;13813.0;58444.0
749500;72235.5;13791.5;58444.0
749600;72601.0;14157.0;58444.0
749700;72297.0;13813.0;58484.0
749800;72297.0;13813.0;58484.0
749900;72383.0;13899.0;58484.0
750000;72140.0;13856.0;58284.0
750100;72383.0;13899.0;58484.0
750200;72297.0;13813.0;58484.0
750300;72284.5;13920.5;58364.0
750400;72466.0;13942.0;58524.0
750500;72466.0;13942.0;58524.0
750600;72229.5;13705.5;58524.0
750700;72666.0;13942.0;58724.0
750800;72506.0;13942.0;58564.0
750900;72506.0;13942.0;58564.0
751000;71946.0;13942.0;58004.0
751100;72386.0;13942.0;58444.0
751200;72592.0;14028.0;58564.0
751300;72066.0;13942.0;58124.0
751400;72331.0;13727.0;58604.0
751500;72663.0;13899.0;58764.0
751600;72503.0;13899.0;58604.0
751700;72543.0;13899.0;58644.0
751800;72423.0;13899.0;58524.0
751900;72083.0;14239.0;57844.0
752000;72217.0;13693.0;58524.0
752100;72691.0;13927.0;58764.0
752200;72629.5;13985.5;58644.0
752300;72590.5;13946.5;58644.0
752400;72669.5;13985.5;58684.0
752500;72299.0;13615.0;58684.0
752600;72591.5;13907.5;58684.0
752700;72651.0;13927.0;58724.0
752800;72651.0;13927.0;58724.0
752900;72651.0;13927.0;58724.0
753000;72102.0;13498.0;58604.0
753100;72868.5;14102.5;58766.0
753200;72771.0;14005.0;58766.0
753300;72693.0;13927.0;58766.0
753400;72485.0;13888.0;58597.0
753500;72645.0;13888.0;58757.0
753600;72645.0;13888.0;58757.0
753700;72448.0;13771.0;58677.0
753800;73036.0;14239.0;58797.0
753900;72863.5;13946.5;58917.0
754000;72825.5;13868.5;58957.0
754100;72724.0;13927.0;58797.0
754200;73212.0;13615.0;59597.0
754300;72604.0;13927.0;58677.0
754400;72884.0;13927.0;58957.0
754500;72764.0;13927.0;58837.0
754600;73284.0;13927.0;59357.0
754700;72804.0;13927.0;58877.0
754800;72375.0;13498.0;58877.0
754900;72804.0;13927.0;58877.0
755000;72765.0;13888.0;58877.0
755100;72765.0;13888.0;58877.0
755200;72804.0;13927.0;58877.0
755300;72745.5;13868.5;58877.0
755400;72844.0;13927.0;58917.0
755500;72785.5;13868.5;58917.0
755600;72902.5;13985.5;58917.0
755700;72884.0;13927.0;58957.0
755800;73004.0;13927.0;59077.0
755900;73065.5;13966.0;59099.5
756000;72444.0;13888.0;58556.0
756100;73004.0;13888.0;59116.0
756200;72405.0;13969.0;58436.0
756300;72822.5;13946.5;58876.0
756400;73282.5;14126.5;59156.0
756500;73095.0;14059.0;59036.0
756600;73099.0;14063.0;59036.0
756700;73019.0;14063.0;58956.0
756800;73139.0;14063.0;59076.0
756900;73174.0;14098.0;59076.0
757000;73734.0;14098.0;59636.0
757100;73174.0;14098.0;59076.0
757200;73174.0;14098.0;59076.0
757300;72974.5;13898.5;59076.0
757400;73356.5;14240.5;59116.0
757500;73214.0;14098.0;59116.0
757600;73043.0;13927.0;59116.0
757700;73311.0;14155.0;59156.0
757800;73191.0;14155.0;59036.0
757900;73374.0;14098.0;59276.0
758000;73254.0;14098.0;59156.0
758100;73310.5;14354.5;58956.0
758200;73374.0;14098.0;59276.0
758300;73077.0;14041.0;59036.0
758400;73471.0;14155.0;59316.0
758500;73066.0;13870.0;59196.0
758600;73801.0;14725.0;59076.0
758700;73334.0;14098.0;59236.0
758800;73305.5;14069.5;59236.0
758900;73391.0;14155.0;59236.0
759000;73214.0;14098.0;59116.0
759100;73334.0;14098.0;59236.0
759200;73334.0;14098.0;59236.0
759300;73790.0;14554.0;59236.0
759400;73374.0;14098.0;59276.0
759500;73402.5;14126.5;59276.0
759600;73254.0;14098.0;59156.0
759700;73414.0;14098.0;59316.0
759800;73414.0;14098.0;59316.0
759900;72958.0;13642.0;59316.0
760000;73534.0;14098.0;59436.0
760100;73974.0;14098.0;59876.0
760200;73534.0;14098.0;59436.0
760300;73237.0;14041.0;59196.0
760400;73397.0;14041.0;59356.0
760500;73917.0;14041.0;59876.0
760600;73277.0;14041.0;59236.0
760700;73437.0;14041.0;59396.0
760800;74111.0;14155.0;59956.0
760900;73494.0;14098.0;59396.0
761000;73614.0;14098.0;59516.0
761100;73608.0;14212.0;59396.0
761200;73551.0;14155.0;59396.0
761300;73494.0;14098.0;59396.0
761400;73363.0;13927.0;59436.0
761500;73591.0;14155.0;59436.0
761600;73591.0;14155.0;59436.0
761700;73517.0;14041.0;59476.0
761800;72974.0;14098.0;58876.0
761900;72916.5;14240.5;58676.0
762000;74134.0;14098.0;60036.0
762100;73517.0;14041.0;59476.0
762200;74134.0;14098.0;60036.0
762300;73511.0;14155.0;59356.0
762400;72774.0;14098.0;58676.0
762500;73614.0;14098.0;59516.0
762600;73174.0;14098.0;59076.0
762700;73094.0;14098.0;58996.0
762800;73597.0;14041.0;59556.0
762900;73711.0;14155.0;59556.0
763000;73768.0;14212.0;59556.0
763100;73796.5;14240.5;59556.0
763200;73735.0;14155.0;59580.0
763300;73621.0;14155.0;59466.0
763400;73716.0;14098.0;59618.0
763500;73868.0;14098.0;59770.0
763600;73811.0;14041.0;59770.0
763700;73640.0;13984.0;59656.0
763800;73790.0;14098.0;59692.0
763900;73818.5;14126.5;59692.0
764000;73733.0;14041.0;59692.0
764100;73733.0;14041.0;59692.0
764200;73560.0;14041.0;59519.0
764300;73645.5;14126.5;59519.0
764400;73716.0;14041.0;59675.0
764500;73716.0;14041.0;59675.0
764600;73716.0;14041.0;59675.0
764700;73840.5;14126.5;59714.0
764800;73755.0;14041.0;59714.0
764900;73669.5;13955.5;59714.0
765000;73755.0;14041.0;59714.0
765100;73209.0;14041.0;59168.0
765200;73638.0;14041.0;59597.0
765300;73755.0;14041.0;59714.0
765400;73638.0;14041.0;59597.0
765500;73879.5;14126.5;59753.0
765600;73794.0;14041.0;59753.0
765700;73833.0;14041.0;59792.0
765800;73833.0;14041.0;59792.0
765900;74460.0;14668.0;59792.0
766000;74397.0;14098.0;60299.0
766100;73890.0;14098.0;59792.0
766200;73890.0;14098.0;59792.0
766300;73830.0;14155.0;59675.0
766400;73929.0;14098.0;59831.0
766500;74541.0;14554.0;59987.0
766600;73812.0;14098.0;59714.0
766700;74025.0;14155.0;59870.0
766800;74025.0;14155.0;59870.0
766900;74514.0;14098.0;60416.0
767000;74031.0;14161.0;59870.0
767100;74031.0;14161.0;59870.0
767200;73503.0;13633.0;59870.0
767300;74031.0;14161.0;59870.0
767400;-405873.0;-465743.0;59870.0
767500;73842.0;14089.0;59753.0
767600;74070.0;14161.0;59909.0
767700;74913.0;14185.0;60728.0
767800;74109.0;14161.0;59948.0
767900;74109.0;14161.0;59948.0
768000;74109.0;14161.0;59948.0
768100;74109.0;14161.0;59948.0
768200;74226.0;14161.0;60065.0
768300;74061.0;14113.0;59948.0
768400;74148.0;14161.0;59987.0
768500;73860.0;13873.0;59987.0
768600;74100.0;14113.0;59987.0
768700;74139.0;14113.0;60026.0
768800;74139.0;14113.0;60026.0
768900;74328.0;14185.0;60143.0
769000;74211.0;14185.0;60026.0
769100;74256.0;14113.0;60143.0
769200;74187.0;14161.0;60026.0
769300;74211.0;14185.0;60026.0
769400;74274.0;14209.0;60065.0
769500;74226.0;14161.0;60065.0
769600;74274.0;14209.0;60065.0
769700;74289.0;14185.0;60104.0
769800;74313.0;14209.0;60104.0
769900;73929.0;13825.0;60104.0
770000;74337.0;14233.0;60104.0
770100;74811.0;14161.0;60650.0
770200;74265.0;14161.0;60104.0
770300;74337.0;14233.0;60104.0
770400;74148.0;14161.0;59987.0
770500;74352.0;14209.0;60143.0
770600;74508.0;14209.0;60299.0
770700;74274.0;14209.0;60065.0
770800;74439.0;14257.0;60182.0
770900;74487.0;14305.0;60182.0
771000;74595.0;14257.0;60338.0
771100;74439.0;14257.0;60182.0
771200;74322.0;14257.0;60065.0
771300;74463.0;14281.0;60182.0
771400;75006.0;14785.0;60221.0
771500;74526.0;14305.0;60221.0
771600;74409.0;14305.0;60104.0
771700;74682.0;14305.0;60377.0
771800;74874.0;14497.0;60377.0
771900;74517.0;14257.0;60260.0
772000;74448.0;14305.0;60143.0
772100;74376.0;14233.0;60143.0
772200;74565.0;14305.0;60260.0
772300;74493.0;14233.0;60260.0
772400;74337.0;13921.0;60416.0
772500;74448.0;14305.0;60143.0
772600;74415.0;14233.0;60182.0
772700;74595.0;14257.0;60338.0
772800;74643.0;14305.0;60338.0
772900;74643.0;14305.0;60338.0
773000;74595.0;14257.0;60338.0
773100;74595.0;14257.0;60338.0
773200;74643.0;14305.0;60338.0
773300;74121.0;14329.0;59792.0
773400;74874.0;14497.0;60377.0
773500;75141.0;14257.0;60884.0
773600;75069.0;14185.0;60884.0
773700;-921699.0;14257.0;-935956.0
773800;74203.0;14257.0;59946.0
773900;74683.0;14257.0;60426.0
774000;74683.0;14257.0;60426.0
774100;74755.0;14209.0;60546.0
774200;74875.0;14329.0;60546.0
774300;74731.0;14305.0;60426.0
774400;74747.0;14281.0;60466.0
774500;74675.0;14209.0;60466.0
774600;74699.0;14233.0;60466.0
774700;74715.0;14209.0;60506.0
774800;74283.0;13777.0;60506.0
774900;74715.0;14209.0;60506.0
775000;75251.0;13945.0;61306.0
775100;74691.0;14185.0;60506.0
775200;74715.0;14209.0;60506.0
775300;75099.0;14593.0;60506.0
775400;74691.0;14305.0;60386.0
775500;75192.5;14257.0;60935.5
775600;74718.0;14257.0;60461.0
775700;75138.5;14641.0;60497.5
775800;74864.0;14257.0;60607.0
775900;74864.0;14257.0;60607.0
776000;75394.0;14641.0;60753.0
776100;74888.0;14281.0;60607.0
776200;74864.0;14257.0;60607.0
776300;74973.5;14257.0;60716.5
776400;75079.0;14641.0;60438.0
776500;74695.0;14257.0;60438.0
776600;74975.0;14377.0;60598.0
776700;75375.0;14737.0;60638.0
776800;74919.0;14281.0;60638.0
776900;74919.0;14281.0;60638.0
777000;74823.0;14185.0;60638.0
777100;74943.0;14305.0;60638.0
777200;74797.0;14279.0;60518.0
777300;75037.0;14279.0;60758.0
777400;75477.0;14279.0;61198.0
777500;74919.0;14241.0;60678.0
777600;74919.0;14241.0;60678.0
777700;75557.0;14279.0;61278.0
777800;74921.0;14203.0;60718.0
777900;74921.0;14203.0;60718.0
778000;74921.0;14203.0;60718.0
778100;75041.0;14203.0;60838.0
778200;74579.0;13861.0;60718.0
778300;75003.0;14165.0;60838.0
778400;74923.0;14165.0;60758.0
778500;74923.0;14165.0;60758.0
778600;74963.0;14165.0;60798.0
778700;74925.0;14127.0;60798.0
778800;74925.0;14127.0;60798.0
778900;74925.0;14127.0;60798.0
779000;75083.0;14165.0;60918.0
779100;74963.0;14165.0;60798.0
779200;74963.0;14165.0;60798.0
779300;75223.0;14545.0;60678.0
779400;75041.0;14203.0;60838.0
779500;75163.0;14165.0;60998.0
779600;75003.0;14165.0;60838.0
779700;74872.0;13994.0;60878.0
779800;74761.0;14203.0;60558.0
779900;75095.0;14217.0;60878.0
780000;74975.0;14217.0;60758.0
780100;75167.0;14289.0;60878.0
780200;75167.0;14289.0;60878.0
780300;74895.0;14217.0;60678.0
780400;74579.0;14181.0;60398.0
780500;75189.0;14271.0;60918.0
780600;75015.0;14217.0;60798.0
780700;75295.0;14217.0;61078.0
780800;75211.0;14253.0;60958.0
780900;75091.0;14253.0;60838.0
781000;75295.0;14217.0;61078.0
781100;75669.0;14325.0;61344.0
781200;75304.0;14325.0;60979.0
781300;75027.0;14217.0;60810.0
781400;75169.0;14199.0;60970.0
781500;75223.0;14253.0;60970.0
781600;75151.0;14181.0;60970.0
781700;75071.0;14181.0;60890.0
781800;75107.0;14217.0;60890.0
781900;75383.0;14253.0;61130.0
782000;75299.0;14289.0;61010.0
782100;75263.0;14253.0;61010.0
782200;75263.0;14253.0;61010.0
782300;75065.0;14055.0;61010.0
782400;75267.0;14217.0;61050.0
782500;75380.5;14330.5;61050.0
782600;75279.0;14229.0;61050.0
782700;75348.0;14258.0;61090.0
782800;75348.0;14258.0;61090.0
782900;75391.5;14301.5;61090.0
783000;75497.0;14287.0;61210.0
783100;75348.0;14258.0;61090.0
783200;75348.0;14258.0;61090.0
783300;75580.0;14490.0;61090.0
783400;74977.0;14287.0;60690.0
783500;76009.5;14359.5;61650.0
783600;75268.0;14258.0;61010.0
783700;75337.0;14287.0;61050.0
783800;75471.5;14301.5;61170.0
783900;75872.0;14142.0;61730.0
784000;75457.0;14287.0;61170.0
784100;75413.5;14243.5;61170.0
784200;76017.0;14287.0;61730.0
784300;75457.0;14287.0;61170.0
784400;75540.5;14330.5;61210.0
784500;75468.0;14258.0;61210.0
784600;75482.5;14272.5;61210.0
784700;75566.0;14316.0;61250.0
784800;75392.0;14142.0;61250.0
784900;75508.0;14258.0;61250.0
785000;75537.0;14287.0;61250.0
785100;75537.0;14287.0;61250.0
785200;75657.0;14287.0;61370.0
785300;75769.0;14519.0;61250.0
785400;75577.0;14287.0;61290.0
785500;75028.0;14258.0;60770.0
785600;75577.0;14287.0;61290.0
785700;75617.0;14287.0;61330.0
785800;75617.0;14287.0;61330.0
785900;75385.0;14055.0;61330.0
786000;75646.0;14316.0;61330.0
786100;75236.0;14026.0;61210.0
786200;75526.0;14316.0;61210.0
786300;75526.0;14316.0;61210.0
786400;75686.0;14316.0;61370.0
786500;74846.0;14316.0;60530.0
786600;75846.0;14316.0;61530.0
786700;75726.0;14316.0;61410.0
786800;75726.0;14316.0;61410.0
786900;75726.0;14316.0;61410.0
787000;76114.0;14316.0;61798.0
787100;75744.0;14316.0;61428.0
787200;75633.0;14316.0;61317.0
787300;75744.0;14316.0;61428.0
787400;75300.0;14316.0;60984.0
787500;75000.0;14316.0;60684.0
787600;75946.0;14287.0;61659.0
787700;75800.0;14258.0;61542.0
787800;75872.5;14330.5;61542.0
787900;75858.0;14316.0;61542.0
788000;75891.0;14349.0;61542.0
788100;75891.0;14349.0;61542.0
788200;75786.0;14361.0;61425.0
788300;75879.0;14337.0;61542.0
788400;76071.0;14373.0;61698.0
788500;76122.0;14385.0;61737.0
788600;75906.0;14325.0;61581.0
788700;75957.0;14337.0;61620.0
788800;75957.0;14337.0;61620.0
788900;75765.0;14145.0;61620.0
789000;75957.0;14337.0;61620.0
789100;75957.0;14337.0;61620.0
789200;76074.0;14337.0;61737.0
789300;75957.0;14337.0;61620.0
789400;75996.0;14337.0;61659.0
789500;76010.0;14351.0;61659.0
789600;76036.0;14377.0;61659.0
789700;76621.0;14377.0;62244.0
789800;76166.0;14351.0;61815.0
789900;76049.0;14351.0;61698.0
790000;76049.0;14351.0;61698.0
790100;75503.0;14351.0;61152.0
790200;76335.0;14637.0;61698.0
790300;76140.0;14325.0;61815.0
790400;76088.0;14351.0;61737.0
790500;76049.0;14312.0;61737.0
790600;76088.0;14351.0;61737.0
790700;76153.0;14377.0;61776.0
790800;76127.0;14351.0;61776.0
790900;76127.0;14351.0;61776.0
791000;76127.0;14351.0;61776.0
791100;76244.0;14351.0;61893.0
791200;76127.0;14351.0;61776.0
791300;76010.0;14351.0;61659.0
791400;76140.0;14325.0;61815.0
791500;75659.0;14351.0;61308.0
791600;75958.0;14143.0;61815.0
791700;76388.0;14417.0;61971.0
791800;76271.0;14417.0;61854.0
791900;76123.0;14386.0;61737.0
792000;76240.0;14386.0;61854.0
792100;76116.0;14262.0;61854.0
792200;76240.0;14386.0;61854.0
792300;76310.0;14456.0;61854.0
792400;76349.0;14456.0;61893.0
792500;76349.0;14456.0;61893.0
792600;75842.0;14456.0;61386.0
792700;76409.0;14477.0;61932.0
792800;76367.0;14435.0;61932.0
792900;76220.0;14288.0;61932.0
793000;76934.0;14456.0;62478.0
793100;76239.5;14424.5;61815.0
793200;76271.0;14456.0;61815.0
793300;76419.5;14487.5;61932.0
793400;76427.0;14456.0;61971.0
793500;76427.0;14456.0;61971.0
793600;75983.0;14519.0;61464.0
793700;76624.0;14614.0;62010.0
793800;-921385.0;14537.0;-935922.0
793900;76536.0;14526.0;62010.0
794000;76459.0;14449.0;62010.0
794100;76536.0;14526.0;62010.0
794200;76536.0;14526.0;62010.0
794300;76536.0;14526.0;62010.0
794400;76575.0;14526.0;62049.0
794500;76419.0;14526.0;61893.0
794600;76575.0;14526.0;62049.0
794700;76614.0;14526.0;62088.0
794800;76625.0;14537.0;62088.0
794900;76625.0;14537.0;62088.0
795000;76502.5;14531.5;61971.0
795100;76625.0;14537.0;62088.0
795200;76663.5;14575.5;62088.0
795300;76614.0;14526.0;62088.0
795400;76497.0;14526.0;61971.0
795500;76642.0;14515.0;62127.0
795600;76647.5;14520.5;62127.0
795700;76803.5;14520.5;62283.0
795800;76586.0;14537.0;62049.0
795900;76714.0;14548.0;62166.0
796000;76586.0;14537.0;62049.0
796100;77104.0;14548.0;62556.0
796200;76557.5;14586.5;61971.0
796300;76720.5;14554.5;62166.0
796400;76782.0;14577.0;62205.0
796500;76662.0;14457.0;62205.0
796600;77328.0;14577.0;62751.0
796700;76704.0;14577.0;62127.0
796800;76806.0;14562.0;62244.0
796900;76689.0;14562.0;62127.0
797000;76806.0;14562.0;62244.0
797100;76641.0;14397.0;62244.0
797200;76908.0;14547.0;62361.0
797300;76791.0;14547.0;62244.0
797400;76845.0;14562.0;62283.0
797500;76845.0;14562.0;62283.0
797600;76965.0;14682.0;62283.0
797700;76869.0;14547.0;62322.0
797800;76986.0;14547.0;62439.0
797900;76884.0;14562.0;62322.0
798000;76861.5;14539.5;62322.0
798100;76650.0;14532.0;62118.0
798200;76842.5;14524.5;62318.0
798300;76985.0;14547.0;62438.0
798400;76865.0;14547.0;62318.0
798500;76722.5;14524.5;62198.0
798600;76905.0;14547.0;62358.0
798700;76825.0;14547.0;62278.0
798800;76930.0;14532.0;62398.0
798900;76960.0;14562.0;62398.0
799000;76945.0;14547.0;62398.0
799100;76960.0;14562.0;62398.0
799200;77042.5;14524.5;62518.0
799300;77095.0;14697.0;62398.0
799400;76992.5;14554.5;62438.0
799500;76495.0;14577.0;61918.0
799600;76850.0;14412.0;62438.0
799700;77025.0;14547.0;62478.0
799800;77160.0;14562.0;62598.0
799900;77040.0;14562.0;62478.0
800000;76860.0;14382.0;62478.0
800100;77137.5;14539.5;62598.0
800200;77062.5;14584.5;62478.0
800300;76412.5;14494.5;61918.0
800400;77065.0;14547.0;62518.0
800500;77225.0;14547.0;62678.0
800600;77585.0;14547.0;63038.0
800700;76865.0;14427.0;62438.0
800800;77240.0;14562.0;62678.0
800900;77225.0;14547.0;62678.0
801000;77247.5;14569.5;62678.0
801100;77182.5;14464.5;62718.0
801200;77105.0;14547.0;62558.0
801300;77105.0;14547.0;62558.0
801400;77120.0;14562.0;62558.0
801500;77282.5;14524.5;62758.0
801600;77145.0;14547.0;62598.0
801700;77170.0;14532.0;62638.0
801800;77185.0;14547.0;62638.0
801900;77185.0;14547.0;62638.0
802000;77012.5;14494.5;62518.0
802100;77207.5;14569.5;62638.0
802200;77320.0;14562.0;62758.0
802300;77065.0;14427.0;62638.0
802400;77071.0;14433.0;62638.0
802500;77586.0;14748.0;62838.0
802600;76849.5;14611.5;62238.0
802700;77298.0;14580.0;62718.0
802800;77220.0;14622.0;62598.0
802900;77319.0;14601.0;62718.0
803000;77319.0;14601.0;62718.0
803100;78154.0;14636.0;63518.0
803200;77354.0;14636.0;62718.0
803300;77570.0;14572.0;62998.0
803400;77154.0;14636.0;62518.0
803500;77394.0;14636.0;62758.0
803600;76874.0;14636.0;62238.0
803700;77426.0;14508.0;62918.0
803800;77434.0;14636.0;62798.0
803900;77434.0;14636.0;62798.0
804000;77434.0;14636.0;62798.0
804100;77434.0;14636.0;62798.0
804200;77994.0;14636.0;63358.0
804300;77314.0;14636.0;62678.0
804400;77434.0;14636.0;62798.0
804500;77498.0;14660.0;62838.0
804600;77354.0;14476.0;62878.0
804700;77634.0;14636.0;62998.0
804800;77394.0;14636.0;62758.0
804900;77514.0;14636.0;62878.0
805000;77956.0;14678.0;63278.0
805100;77556.0;14678.0;62878.0
805200;77541.0;14663.0;62878.0
805300;77556.0;14678.0;62878.0
805400;77381.0;14623.0;62758.0
805500;77596.0;14678.0;62918.0
805600;77646.0;14688.0;62958.0
805700;77621.0;14663.0;62958.0
805800;77780.0;14702.0;63078.0
805900;77780.0;14702.0;63078.0
806000;77648.0;14690.0;62958.0
806100;77660.0;14702.0;62958.0
806200;77540.0;14702.0;62838.0
806300;77876.0;14798.0;63078.0
806400;77728.5;14702.0;63026.5
806500;77586.5;14714.0;62872.5
806600;78318.0;14714.0;63604.0
806700;77767.0;14702.0;63065.0
806800;77779.0;14714.0;63065.0
806900;77779.0;14714.0;63065.0
807000;77933.0;14714.0;63219.0
807100;77767.0;14702.0;63065.0
807200;77645.5;14696.0;62949.5
807300;77882.5;14702.0;63180.5
807400;77779.0;14714.0;63065.0
807500;77817.5;14714.0;63103.5
807600;77702.0;14714.0;62988.0
807700;77740.5;14714.0;63026.5
807800;77856.0;14714.0;63142.0
807900;77770.5;14744.0;63026.5
808000;77977.5;14720.0;63257.5
808100;77820.0;14678.0;63142.0
808200;78091.5;14834.0;63257.5
808300;77668.5;14642.0;63026.5
808400;78034.0;14738.0;63296.0
808500;77918.5;14738.0;63180.5
808600;77887.0;14822.0;63065.0
808700;77897.0;14678.0;63219.0
808800;77939.0;14720.0;63219.0
808900;78084.5;14750.0;63334.5
809000;77969.0;14750.0;63219.0
809100;77853.5;14750.0;63103.5
809200;77969.0;14750.0;63219.0
809300;78084.5;14750.0;63334.5
809400;77853.5;14750.0;63103.5
809500;78037.5;14780.0;63257.5
809600;78034.0;14738.0;63296.0
809700;77938.0;14642.0;63296.0
809800;78149.5;14738.0;63411.5
809900;78681.0;14846.0;63835.0
810000;78046.0;14750.0;63296.0
810100;78046.0;14750.0;63296.0
810200;78058.0;14762.0;63296.0
810300;77507.0;14750.0;62757.0
810400;78046.0;14750.0;63296.0
810500;78119.5;14785.0;63334.5
810600;78004.0;14785.0;63219.0
810700;78143.0;14770.0;63373.0
810800;77668.0;14760.0;62908.0
810900;78268.0;14760.0;63508.0
811000;78138.0;14750.0;63388.0
811100;78238.0;14730.0;63508.0
811200;78143.0;14755.0;63388.0
811300;78158.0;14770.0;63388.0
811400;78148.0;14760.0;63388.0
811500;78028.0;14760.0;63268.0
811600;78218.0;14750.0;63468.0
811700;77588.0;14680.0;62908.0
811800;78228.0;14760.0;63468.0
811900;78108.0;14760.0;63348.0
812000;78108.0;14760.0;63348.0
812100;78228.0;14760.0;63468.0
812200;78228.0;14760.0;63468.0
812300;77788.0;14760.0;63028.0
812400;78238.0;14770.0;63468.0
812500;78428.0;14760.0;63668.0
812600;78810.5;14760.0;64050.5
812700;78323.0;14760.0;63563.0
812800;78473.0;14760.0;63713.0
812900;78210.5;14760.0;63450.5
813000;78253.0;14690.0;63563.0
813100;78323.0;14760.0;63563.0
813200;78243.0;14770.0;63473.0
813300;77804.0;14760.0;63044.0
813400;78233.0;14760.0;63473.0
813500;77943.0;14745.0;63198.0
813600;78428.0;14750.0;63678.0
813700;78438.0;14760.0;63678.0
813800;78388.0;14710.0;63678.0
813900;78438.0;14760.0;63678.0
814000;78438.0;14760.0;63678.0
814100;78558.0;14760.0;63798.0
814200;78438.0;14760.0;63678.0
814300;78438.0;14760.0;63678.0
814400;78318.0;14760.0;63558.0
814500;78478.0;14760.0;63718.0
814600;78373.0;14775.0;63598.0
814700;78533.0;14775.0;63758.0
814800;78528.0;14770.0;63758.0
814900;78528.0;14770.0;63758.0
815000;78518.0;14760.0;63758.0
815100;78518.0;14760.0;63758.0
815200;78508.0;14750.0;63758.0
815300;78518.0;14760.0;63758.0
815400;78537.0;14779.0;63758.0
815500;78066.0;14788.0;63278.0
815600;78626.0;14788.0;63838.0
815700;78623.0;14785.0;63838.0
815800;78620.0;14782.0;63838.0
815900;79002.0;14770.0;64232.0
816000;78507.5;14776.0;63731.5
816100;78507.5;14776.0;63731.5
816200;78641.0;14794.0;63847.0
816300;78629.0;14782.0;63847.0
816400;78629.0;14782.0;63847.0
816500;78779.5;14740.0;64039.5
816600;78712.0;14788.0;63924.0
816700;78664.0;14740.0;63924.0
816800;78706.0;14782.0;63924.0
816900;78836.5;14797.0;64039.5
817000;78706.0;14782.0;63924.0
817100;78712.0;14788.0;63924.0
817200;78809.5;14770.0;64039.5
817300;78827.5;14788.0;64039.5
817400;78866.0;14788.0;64078.0
817500;78750.5;14788.0;63962.5
817600;78795.0;14794.0;64001.0
817700;78679.5;14794.0;63885.5
817800;78685.5;14800.0;63885.5
817900;78789.0;14788.0;64001.0
818000;78904.5;14788.0;64116.5
818100;78798.0;14797.0;64001.0
818200;78795.0;14794.0;64001.0
818300;78916.5;14800.0;64116.5
818400;78955.0;14800.0;64155.0
818500;78993.5;14800.0;64193.5
818600;78878.0;14800.0;64078.0
818700;78878.0;14800.0;64078.0
818800;78878.0;14800.0;64078.0
818900;78348.0;14809.0;63539.0
819000;78884.0;14806.0;64078.0
819100;79014.5;14821.0;64193.5
819200;18854.0;-45224.0;64078.0
819300;78339.0;14800.0;63539.0
819400;78762.5;14800.0;63962.5
819500;78576.0;14806.0;63770.0
819600;78960.0;14800.0;64160.0
819700;78966.0;14806.0;64160.0
819800;78966.0;14806.0;64160.0
819900;78960.0;14800.0;64160.0
820000;78951.0;14791.0;64160.0
820100;78960.0;14800.0;64160.0
820200;79071.0;14794.0;64277.0
820300;78960.0;14800.0;64160.0
820400;79002.0;14842.0;64160.0
820500;78993.0;14794.0;64199.0
820600;79032.0;14794.0;64238.0
820700;79026.0;14788.0;64238.0
820800;78915.0;14794.0;64121.0
820900;79026.0;14788.0;64238.0
821000;79128.0;14773.0;64355.0
821100;79088.0;14850.0;64238.0
821200;78286.0;14828.0;63458.0
821300;79085.0;14847.0;64238.0
821400;79088.0;14850.0;64238.0
821500;79127.0;14850.0;64277.0
821600;79013.0;14853.0;64160.0
821700;79161.0;14845.0;64316.0
821800;79283.0;14850.0;64433.0
821900;79168.0;14852.0;64316.0
822000;79171.0;14855.0;64316.0
822100;79168.0;14852.0;64316.0
822200;79166.0;14850.0;64316.0
822300;79169.0;14853.0;64316.0
822400;79170.0;14854.0;64316.0
822500;79597.0;14852.0;64745.0
822600;79092.0;14854.0;64238.0
822700;79246.0;14852.0;64394.0
822800;79366.0;14855.0;64511.0
822900;79246.0;14852.0;64394.0
823000;79246.0;14852.0;64394.0
823100;79248.0;14854.0;64394.0
823200;79272.0;14878.0;64394.0
823300;79113.0;14836.0;64277.0
823400;79240.5;14846.5;64394.0
823500;79690.5;14867.5;64823.0
823600;79882.0;14864.0;65018.0
823700;78779.5;14853.5;63926.0
823800;79446.0;14857.0;64589.0
823900;79315.0;14843.0;64472.0
824000;79208.5;14853.5;64355.0
824100;79353.5;14881.5;64472.0
824200;79439.0;14850.0;64589.0
824300;79329.0;14857.0;64472.0
824400;79329.0;14857.0;64472.0
824500;79305.0;14794.0;64511.0
824600;79517.0;14850.0;64667.0
824700;79410.5;14860.5;64550.0
824800;79293.5;14860.5;64433.0
824900;78854.0;14850.0;64004.0
825000;79276.0;14843.0;64433.0
825100;79400.0;14850.0;64550.0
825200;79829.0;14850.0;64979.0
825300;79400.0;14850.0;64550.0
825400;79563.0;14857.0;64706.0
825500;79446.0;14857.0;64589.0
825600;79875.0;14857.0;65018.0
825700;79878.5;14860.5;65018.0
825800;79488.5;14860.5;64628.0
825900;79588.0;14843.0;64745.0
826000;79478.0;14850.0;64628.0
826100;79361.0;14850.0;64511.0
826200;79354.0;14843.0;64511.0
826300;79481.5;14853.5;64628.0
826400;79354.0;14843.0;64511.0
826500;80336.0;14850.0;65486.0
826600;79400.0;14850.0;64550.0
826700;79549.0;14843.0;64706.0
826800;79442.5;14853.5;64589.0
826900;79666.0;14843.0;64823.0
827000;79666.0;14843.0;64823.0
827100;79432.0;14843.0;64589.0
827200;79549.0;14843.0;64706.0
827300;79542.0;14836.0;64706.0
827400;79549.0;14843.0;64706.0
827500;79612.5;14867.5;64745.0
827600;79627.0;14843.0;64784.0
827700;79616.5;14832.5;64784.0
827800;79620.0;14836.0;64784.0
827900;79074.0;14836.0;64238.0
828000;79564.0;14780.0;64784.0
828100;79634.0;14850.0;64784.0
828200;79627.0;14843.0;64784.0
828300;79634.0;14850.0;64784.0
828400;79627.0;14843.0;64784.0
828500;79673.0;14850.0;64823.0
828600;79698.0;14836.0;64862.0
828700;79595.0;14850.0;64745.0
828800;79712.0;14850.0;64862.0
828900;80258.0;14850.0;65408.0
829000;79712.0;14850.0;64862.0
829100;79719.0;14857.0;64862.0
829200;79719.0;14857.0;64862.0
829300;79773.0;14794.0;64979.0
829400;79768.0;14906.0;64862.0
829500;79751.0;14850.0;64901.0
829600;79790.0;14850.0;64940.0
829700;79797.0;14857.0;64940.0
829800;79680.0;14857.0;64823.0
829900;80070.0;14857.0;65213.0
830000;79800.5;14860.5;64940.0
830100;79914.0;14857.0;65057.0
830200;79017.0;14857.0;64160.0
830300;79797.0;14857.0;64940.0
830400;79680.0;14857.0;64823.0
830500;79680.0;14857.0;64823.0
830600;79871.5;14853.5;65018.0
830700;80424.5;14860.5;65564.0
830800;79726.5;14825.5;64901.0
830900;79861.0;14843.0;65018.0
831000;79978.0;14843.0;65135.0
831100;79861.0;14843.0;65018.0
831200;79805.0;14787.0;65018.0
831300;79871.5;14853.5;65018.0
831400;79868.0;14850.0;65018.0
831500;79928.0;14871.0;65057.0
831600;79946.0;14850.0;65096.0
831700;79822.0;14843.0;64979.0
831800;79400.0;14850.0;64550.0
831900;79400.0;14850.0;64550.0
832000;79935.5;14839.5;65096.0
832100;79967.0;14871.0;65096.0
832200;79939.0;14843.0;65096.0
832300;79939.0;14843.0;65096.0
832400;79935.5;14839.5;65096.0
832500;79964.0;14829.0;65135.0
832600;80127.0;14836.0;65291.0
832700;80116.5;14825.5;65291.0
832800;80148.0;14857.0;65291.0
832900;80003.0;14829.0;65174.0
833000;80003.0;14829.0;65174.0
833100;79942.0;14885.0;65057.0
833200;80109.5;14818.5;65291.0
833300;79886.0;14829.0;65057.0
833400;79816.0;14759.0;65057.0
833500;80042.0;14829.0;65213.0
833600;80205.0;14836.0;65369.0
833700;80595.0;14836.0;65759.0
833800;80198.0;14829.0;65369.0
833900;80035.5;14783.5;65252.0
834000;80185.5;14816.5;65369.0
834100;80074.0;14822.0;65252.0
834200;79528.0;14822.0;64706.0
834300;80074.0;14822.0;65252.0
834400;80074.0;14822.0;65252.0
834500;79957.0;14822.0;65135.0
834600;80141.0;14811.0;65330.0
834700;80135.5;14805.5;65330.0
834800;80152.0;14822.0;65330.0
834900;80141.0;14811.0;65330.0
835000;80024.0;14811.0;65213.0
835100;79600.5;14816.5;64784.0
835200;80196.0;14866.0;65330.0
835300;80141.0;14811.0;65330.0
835400;80053.0;14723.0;65330.0
835500;80319.5;14794.5;65525.0
835600;80219.0;14811.0;65408.0
835700;80275.0;14867.0;65408.0
835800;80294.0;14886.0;65408.0
835900;80205.5;14914.5;65291.0
836000;80294.0;14886.0;65408.0
836100;80275.0;14867.0;65408.0
836200;80294.0;14886.0;65408.0
836300;80294.0;14886.0;65408.0
836400;80342.5;14895.5;65447.0
836500;79944.0;14848.0;65096.0
836600;80372.0;14886.0;65486.0
836700;80372.0;14886.0;65486.0
836800;80407.0;15038.0;65369.0
836900;80419.5;14816.5;65603.0
837000;80243.0;14874.0;65369.0
837100;80176.0;14690.0;65486.0
837200;80615.0;15012.0;65603.0
837300;80929.0;14897.0;66032.0
837400;80539.0;14897.0;65642.0
837500;80422.0;14897.0;65525.0
837600;80461.0;14897.0;65564.0
837700;80461.0;14897.0;65564.0
837800;80321.0;14874.0;65447.0
837900;80495.5;14931.5;65564.0
838000;80553.0;14989.0;65564.0
838100;80461.0;14897.0;65564.0
838200;80461.0;14897.0;65564.0
838300;80160.0;14713.0;65447.0
838400;80461.0;14897.0;65564.0
838500;80500.0;14897.0;65603.0
838600;80546.0;14943.0;65603.0
838700;80585.0;14943.0;65642.0
838800;80656.0;14897.0;65759.0
838900;80378.0;14736.0;65642.0
839000;80539.0;14897.0;65642.0
839100;80539.0;14897.0;65642.0
839200;80596.5;14954.5;65642.0
839300;80527.5;14885.5;65642.0
839400;80562.0;14920.0;65642.0
839500;80643.0;14929.0;65714.0
839600;80562.0;14956.0;65606.0
839700;80557.5;14915.5;65642.0
839800;80442.0;14800.0;65642.0
839900;80686.0;14936.0;65750.0
840000;80720.0;14970.0;65750.0
840100;80448.0;14698.0;65750.0
840200;80669.0;14919.0;65750.0
840300;80703.0;14953.0;65750.0
840400;80720.0;14970.0;65750.0
840500;80629.0;14843.0;65786.0
840600;80638.0;14960.0;65678.0
840700;80782.0;14960.0;65822.0
840800;80782.0;14960.0;65822.0
840900;80254.0;14960.0;65294.0
841000;80833.5;14979.5;65854.0
841100;81048.0;15194.0;65854.0
841200;81031.5;15057.5;65974.0
841300;80892.0;15038.0;65854.0
841400;80853.0;14999.0;65854.0
841500;81455.0;15041.0;66414.0
841600;80782.0;15008.0;65774.0
841700;80942.0;15008.0;65934.0
841800;80942.0;15008.0;65934.0
841900;80975.0;15041.0;65934.0
842000;80958.5;15024.5;65934.0
842100;80775.0;15041.0;65734.0
842200;80942.0;15008.0;65934.0
842300;81062.0;15008.0;66054.0
842400;80942.0;15008.0;65934.0
842500;80982.0;15008.0;65974.0
842600;81022.0;15008.0;66014.0
842700;80972.5;14958.5;66014.0
842800;80937.0;15043.0;65894.0
842900;81057.0;15043.0;66014.0
843000;81731.0;15157.0;66574.0
843100;81212.0;15078.0;66134.0
843200;80560.0;15106.0;65454.0
843300;81298.0;15164.0;66134.0
843400;81163.5;15149.5;66014.0
843500;81160.0;15106.0;66054.0
843600;81200.0;15106.0;66094.0
843700;81156.5;15062.5;66094.0
843800;81200.0;15106.0;66094.0
843900;81243.5;15149.5;66094.0
844000;80968.0;14874.0;66094.0
844100;81360.0;15106.0;66254.0
844200;81200.0;15106.0;66094.0
844300;81629.5;15106.0;66523.5
844400;81228.0;15106.0;66122.0
844500;81264.5;15106.0;66158.5
844600;81301.0;15106.0;66195.0
844700;81301.0;15106.0;66195.0
844800;80858.0;15106.0;65752.0
844900;81326.0;15106.0;66220.0
845000;81209.0;15106.0;66103.0
845100;81278.0;15175.0;66103.0
845200;81347.0;15127.0;66220.0
845300;81347.0;15127.0;66220.0
845400;80936.0;15148.0;65788.0
845500;81308.5;15200.5;66108.0
845600;81578.5;15270.5;66308.0
845700;81456.0;15148.0;66308.0
845800;81541.0;15113.0;66428.0
845900;81456.0;15148.0;66308.0
846000;80656.0;15148.0;65508.0
846100;81281.0;14973.0;66308.0
846200;81456.0;15148.0;66308.0
846300;81613.5;15305.5;66308.0
846400;81421.0;15113.0;66308.0
846500;82371.0;15183.0;67188.0
846600;81483.5;15095.5;66388.0
846700;81314.0;14761.0;66553.0
846800;81610.0;15168.0;66442.0
846900;81573.0;15131.0;66442.0
847000;81573.0;15131.0;66442.0
847100;81517.5;15186.5;66331.0
847200;81640.0;15168.0;66472.0
847300;81836.0;15427.0;66409.0
847400;81733.0;15168.0;66565.0
847500;81479.0;15187.0;66292.0
847600;81741.5;15254.5;66487.0
847700;81602.0;15232.0;66370.0
847800;81723.0;15236.0;66487.0
847900;81606.0;15236.0;66370.0
848000;81666.0;15179.0;66487.0
848100;81840.0;15236.0;66604.0
848200;81606.0;15236.0;66370.0
848300;82268.0;15352.0;66916.0
848400;81542.0;15055.0;66487.0
848500;81257.0;15550.0;65707.0
848600;81834.5;15269.5;66565.0
848700;81884.0;15319.0;66565.0
848800;82001.0;15319.0;66682.0
848900;81818.0;15253.0;66565.0
849000;82001.0;15319.0;66682.0
849100;81851.0;15286.0;66565.0
849200;81851.0;15286.0;66565.0
849300;81851.0;15286.0;66565.0
849400;81851.0;15286.0;66565.0
849500;81923.0;15319.0;66604.0
849600;81773.0;15286.0;66487.0
849700;81929.0;15286.0;66643.0
849800;81929.0;15286.0;66643.0
849900;81782.0;15022.0;66760.0
850000;82442.0;15253.0;67189.0
850100;81779.0;15253.0;66526.0
850200;81828.5;15302.5;66526.0
850300;81881.0;15121.0;66760.0
850400;81929.0;15286.0;66643.0
850500;81197.0;15022.0;66175.0
850600;81941.0;15220.0;66721.0
850700;82007.0;15286.0;66721.0
850800;82271.0;15550.0;66721.0
850900;82850.0;15583.0;67267.0
851000;82124.0;15286.0;66838.0
851100;81857.0;15253.0;66604.0
851200;82520.0;15253.0;67267.0
851300;81890.0;15286.0;66604.0
851400;81890.0;15286.0;66604.0
851500;82046.0;15286.0;66760.0
851600;82466.0;15550.0;66916.0
851700;82052.0;15253.0;66799.0
851800;82085.0;15286.0;66799.0
851900;82085.0;15286.0;66799.0
852000;81821.0;15022.0;66799.0
852100;82119.5;15203.5;66916.0
852200;82052.0;15253.0;66799.0
852300;82106.0;15307.0;66799.0
852400;81991.0;15192.0;66799.0
852500;81979.0;15297.0;66682.0
852600;82174.0;15297.0;66877.0
852700;82174.0;15297.0;66877.0
852800;82209.0;15332.0;66877.0
852900;82489.0;15612.0;66877.0
853000;82174.0;15297.0;66877.0
853100;82244.0;15367.0;66877.0
853200;82261.5;15384.5;66877.0
853300;82244.0;15367.0;66877.0
853400;82244.0;15367.0;66877.0
853500;82162.0;15402.0;66760.0
853600;82374.5;15419.5;66955.0
853700;82456.5;15384.5;67072.0
853800;82205.0;15367.0;66838.0
853900;82304.5;15349.5;66955.0
854000;82135.0;15297.0;66838.0
854100;82287.0;15332.0;66955.0
854200;82275.0;15437.0;66838.0
854300;82305.0;15332.0;66973.0
854400;82350.0;15227.0;67123.0
854500;82545.0;15384.5;67160.5
854600;82905.0;15332.0;67573.0
854700;82415.0;15367.0;67048.0
854800;82380.0;15332.0;67048.0
854900;82415.0;15367.0;67048.0
855000;82475.0;15314.5;67160.5
855100;82432.5;15384.5;67048.0
855200;82562.5;15402.0;67160.5
855300;82485.0;15437.0;67048.0
855400;82415.0;15367.0;67048.0
855500;82662.5;15577.0;67085.5
855600;82840.0;15717.0;67123.0
855700;82560.0;15437.0;67123.0
855800;82560.0;15437.0;67123.0
855900;82630.0;15507.0;67123.0
856000;82647.5;15524.5;67123.0
856100;82742.5;15507.0;67235.5
856200;82577.5;15454.5;67123.0
856300;82630.0;15507.0;67123.0
856400;82780.0;15507.0;67273.0
856500;82667.5;15507.0;67160.5
856600;82705.0;15507.0;67198.0
856700;82687.5;15489.5;67198.0
856800;82705.0;15507.0;67198.0
856900;82705.0;15507.0;67198.0
857000;82670.0;15472.0;67198.0
857100;82782.5;15472.0;67310.5
857200;82390.0;15192.0;67198.0
857300;82775.0;15577.0;67198.0
857400;82670.0;15472.0;67198.0
857500;83160.0;15437.0;67723.0
857600;82557.5;15472.0;67085.5
857700;82763.0;15472.0;67291.0
857800;82815.5;15524.5;67291.0
857900;82518.0;15227.0;67291.0
858000;83195.0;15787.0;67408.0
858100;82915.0;15507.0;67408.0
858200;82915.0;15507.0;67408.0
858300;82850.5;15559.5;67291.0
858400;82798.0;15507.0;67291.0
858500;82837.0;15507.0;67330.0
858600;82876.0;15507.0;67369.0
858700;83016.0;15647.0;67369.0
858800;82876.0;15507.0;67369.0
858900;82911.0;15542.0;67369.0
859000;82841.0;15472.0;67369.0
859100;82893.5;15524.5;67369.0
859200;82330.0;15507.0;66823.0
859300;82724.0;15472.0;67252.0
859400;83032.0;15507.0;67525.0
859500;82436.0;15535.0;66901.0
859600;83497.0;15504.0;67993.0
859700;82834.0;15504.0;67330.0
859800;82920.0;15473.0;67447.0
859900;83037.0;15473.0;67564.0
860000;83099.0;15535.0;67564.0
860100;82982.0;15535.0;67447.0
860200;82982.0;15535.0;67447.0
860300;82860.0;15845.0;67015.0
860400;83088.0;15473.0;67615.0
860500;83030.0;15535.0;67495.0
860600;83070.0;15535.0;67535.0
860700;83070.0;15535.0;67535.0
860800;83039.0;15504.0;67535.0
860900;83070.0;15535.0;67535.0
861000;82630.0;15535.0;67095.0
861100;82729.0;15194.0;67535.0
861200;83085.5;15550.5;67535.0
861300;83008.0;15473.0;67535.0
861400;83039.0;15504.0;67535.0
861500;83032.5;15457.5;67575.0
861600;83305.0;15690.0;67615.0
861700;83119.0;15504.0;67615.0
861800;83119.0;15504.0;67615.0
861900;82995.0;15380.0;67615.0
862000;83150.0;15535.0;67615.0
862100;83150.0;15535.0;67615.0
862200;83181.0;15566.0;67615.0
862300;83181.0;15566.0;67615.0
862400;83247.0;15752.0;67495.0
862500;83014.5;15519.5;67495.0
862600;83261.0;15566.0;67695.0
862700;83230.0;15535.0;67695.0
862800;83852.0;15597.0;68255.0
862900;83292.0;15597.0;67695.0
863000;83292.0;15597.0;67695.0
863100;83323.0;15628.0;67695.0
863200;83882.5;15752.0;68130.5
863300;83335.0;15628.0;67707.0
863400;83273.0;15566.0;67707.0
863500;83157.5;15566.0;67591.5
863600;83513.0;15767.5;67745.5
863700;82873.0;15628.0;67245.0
863800;83381.0;15597.0;67784.0
863900;83133.0;15349.0;67784.0
864000;83234.5;15566.0;67668.5
864100;83234.5;15566.0;67668.5
864200;83358.5;15690.0;67668.5
864300;82922.0;15566.0;67356.0
864400;83610.0;15814.0;67796.0
864500;83242.0;15566.0;67676.0
864600;83566.0;15690.0;67876.0
864700;83581.5;15705.5;67876.0
864800;83529.0;15653.0;67876.0
864900;83529.0;15653.0;67876.0
865000;83571.0;15695.0;67876.0
865100;83691.0;15695.0;67996.0
865200;83620.5;15744.5;67876.0
865300;83538.0;15662.0;67876.0
865400;83538.0;15662.0;67876.0
865500;83368.5;15612.5;67756.0
865600;83618.0;15662.0;67956.0
865700;83585.0;15629.0;67956.0
865800;83585.0;15629.0;67956.0
865900;83655.5;15579.5;68076.0
866000;83535.5;15579.5;67956.0
866100;83585.0;15629.0;67956.0
866200;83465.0;15629.0;67836.0
866300;83705.0;15629.0;68076.0
866400;83465.0;15629.0;67836.0
866500;83625.0;15629.0;67996.0
866600;83714.5;15678.5;68036.0
866700;83599.0;15563.0;68036.0
866800;83858.0;15662.0;68196.0
866900;83851.0;15695.0;68156.0
867000;83698.0;15662.0;68036.0
867100;83879.5;15843.5;68036.0
867200;83531.0;15695.0;67836.0
867300;83138.0;15662.0;67476.0
867400;83578.0;15662.0;67916.0
867500;83705.0;15629.0;68076.0
867600;83799.0;15683.0;68116.0
867700;83919.0;15683.0;68236.0
867800;83829.0;15713.0;68116.0
867900;83859.0;15743.0;68116.0
868000;83859.0;15743.0;68116.0
868100;83649.0;15533.0;68116.0
868200;83949.0;15833.0;68116.0
868300;83799.0;15683.0;68116.0
868400;83754.0;15638.0;68116.0
868500;83839.0;15683.0;68156.0
868600;83999.0;15683.0;68316.0
868700;83879.0;15683.0;68196.0
868800;83879.0;15683.0;68196.0
868900;83879.0;15683.0;68196.0
869000;83849.0;15653.0;68196.0
869100;83849.0;15653.0;68196.0
869200;83849.0;15653.0;68196.0
869300;83519.0;15443.0;68076.0
869400;83714.0;15638.0;68076.0
869500;83919.0;15683.0;68236.0
869600;83959.0;15683.0;68276.0
869700;83959.0;15683.0;68276.0
869800;83869.0;15593.0;68276.0
869900;84199.0;15923.0;68276.0
870000;84022.0;15683.0;68339.0
870100;84022.0;15683.0;68339.0
870200;84161.5;15713.0;68448.5
870300;84022.0;15683.0;68339.0
870400;84052.0;15713.0;68339.0
870500;84189.5;15668.0;68521.5
870600;84095.0;15683.0;68412.0
870700;84042.5;15630.5;68412.0
870800;83584.0;15683.0;67901.0
870900;84095.0;15683.0;68412.0
871000;84860.0;15718.0;69142.0
871100;84165.0;15753.0;68412.0
871200;83775.5;15473.0;68302.5
871300;84179.0;15767.0;68412.0
871400;84358.0;15800.0;68558.0
871500;84196.5;15748.0;68448.5
871600;84087.0;15748.0;68339.0
871700;84123.5;15748.0;68375.5
871800;84250.5;15765.5;68485.0
871900;84377.5;15783.0;68594.5
872000;84123.5;15748.0;68375.5
872100;84395.0;15800.5;68594.5
872200;84233.0;15748.0;68485.0
872300;84233.0;15748.0;68485.0
872400;84106.0;15730.5;68375.5
872500;83795.0;15748.0;68047.0
872600;84135.5;15468.0;68667.5
872700;84306.0;15748.0;68558.0
872800;84218.5;15660.5;68558.0
872900;84358.5;15800.5;68558.0
873000;84306.0;15748.0;68558.0
873100;84271.0;15713.0;68558.0
873200;84380.5;15713.0;68667.5
873300;84161.5;15713.0;68448.5
873400;84469.5;15765.5;68704.0
873500;84255.0;15660.5;68594.5
873600;84344.0;15713.0;68631.0
873700;84344.0;15713.0;68631.0
873800;84291.5;15660.5;68631.0
873900;84344.0;15713.0;68631.0
874000;84379.0;15748.0;68631.0
874100;84379.0;15748.0;68631.0
874200;84379.0;15748.0;68631.0
874300;84379.0;15748.0;68631.0
874400;84379.0;15748.0;68631.0
874500;84445.5;15778.0;68667.5
874600;84497.0;15793.0;68704.0
874700;84527.0;15823.0;68704.0
874800;84067.0;15808.0;68259.0
874900;84667.0;16048.0;68619.0
875000;84547.0;15808.0;68739.0
875100;84532.0;15793.0;68739.0
875200;84547.0;15808.0;68739.0
875300;84427.0;15808.0;68619.0
875400;84582.0;15843.0;68739.0
875500;84822.0;16043.0;68779.0
875600;84452.0;15793.0;68659.0
875700;84624.5;15805.5;68819.0
875800;84662.0;15843.0;68819.0
875900;84549.5;15730.5;68819.0
876000;84782.0;15843.0;68939.0
876100;84662.0;15843.0;68819.0
876200;84624.5;15805.5;68819.0
876300;84757.0;15818.0;68939.0
876400;84662.0;15843.0;68819.0
876500;85062.0;16043.0;69019.0
876600;85302.0;15843.0;69459.0
876700;85302.0;15843.0;69459.0
876800;84874.5;15855.5;69019.0
876900;84874.5;15855.5;69019.0
877000;84597.0;15818.0;68779.0
877100;84679.5;15780.5;68899.0
877200;84717.0;15818.0;68899.0
877300;84637.0;15618.0;69019.0
877400;84717.0;15818.0;68899.0
877500;85164.5;15705.5;69459.0
877600;84917.0;15818.0;69099.0
877700;84917.0;15818.0;69099.0
877800;84917.0;15818.0;69099.0
877900;84846.0;15867.0;68979.0
878000;84441.0;15902.0;68539.0
878100;84991.0;16132.0;68859.0
878200;84858.0;15879.0;68979.0
878300;84738.0;15879.0;68859.0
878400;84944.0;15925.0;69019.0
878500;84990.0;15971.0;69019.0
878600;84961.0;15902.0;69059.0
878700;84938.0;15879.0;69059.0
878800;84841.0;15902.0;68939.0
878900;84972.5;15913.5;69059.0
879000;84961.0;15902.0;69059.0
879100;85076.0;16017.0;69059.0
879200;84961.0;15902.0;69059.0
879300;84777.0;15718.0;69059.0
879400;84841.0;15902.0;68939.0
879500;85138.0;15879.0;69259.0
879600;84858.0;15879.0;68979.0
879700;84978.5;15959.5;69019.0
879800;85064.0;15925.0;69139.0
879900;84995.0;15856.0;69139.0
880000;85018.0;15879.0;69139.0
880100;85555.0;15856.0;69699.0
880200;85138.0;15879.0;69259.0
880300;85018.0;15879.0;69139.0
880400;85041.0;15902.0;69139.0
880500;85058.0;15879.0;69179.0
880600;85126.0;15907.0;69219.0
880700;85265.0;15926.0;69339.0
880800;85126.0;15907.0;69219.0
880900;85107.0;15888.0;69219.0
881000;85006.0;15907.0;69099.0
881100;85126.0;15907.0;69219.0
881200;85579.0;15926.0;69653.0
881300;85246.5;15897.5;69349.0
881400;85066.0;15831.0;69235.0
881500;85047.0;15926.0;69121.0
881600;85237.0;15926.0;69311.0
881700;85237.0;15926.0;69311.0
881800;85237.0;15926.0;69311.0
881900;85199.0;15774.0;69425.0
882000;85218.0;15907.0;69311.0
882100;85123.0;15926.0;69197.0
882200;85237.0;15926.0;69311.0
882300;85237.0;15926.0;69311.0
882400;85237.0;15926.0;69311.0
882500;85284.5;15935.5;69349.0
882600;85265.5;15916.5;69349.0
882700;85414.0;16027.0;69387.0
882800;85364.5;15977.5;69387.0
882900;85348.0;15961.0;69387.0
883000;84940.5;15977.5;68963.0
883100;85484.0;15961.0;69523.0
883200;85244.0;15961.0;69283.0
883300;85244.0;15961.0;69283.0
883400;85244.0;15961.0;69283.0
883500;85426.0;15983.0;69443.0
883600;85466.0;15983.0;69483.0
883700;85455.0;15972.0;69483.0
883800;85444.0;15961.0;69483.0
883900;85575.0;15972.0;69603.0
884000;85449.5;15966.5;69483.0
884100;85455.0;15972.0;69483.0
884200;85444.0;15961.0;69483.0
884300;85586.0;15983.0;69603.0
884400;85631.5;15988.5;69643.0
884500;85495.0;15972.0;69523.0
884600;85551.5;15988.5;69563.0
884700;85546.0;15983.0;69563.0
884800;85535.0;15972.0;69563.0
884900;85655.0;15972.0;69683.0
885000;85546.0;15983.0;69563.0
885100;85546.0;15983.0;69563.0
885200;85546.0;15983.0;69563.0
885300;85546.0;15983.0;69563.0
885400;85546.0;15983.0;69563.0
885500;85597.0;15994.0;69603.0
885600;85482.5;15999.5;69483.0
885700;85626.0;15983.0;69643.0
885800;85066.0;15983.0;69083.0
885900;86164.0;15961.0;70203.0
886000;86130.0;15977.5;70152.5
886100;85651.5;15999.5;69652.0
886200;85519.5;15983.0;69536.5
886300;85673.5;16021.5;69652.0
886400;85789.0;15983.0;69806.0
886500;85673.5;15983.0;69690.5
886600;85767.0;16038.0;69729.0
886700;85712.0;15983.0;69729.0
886800;85701.0;15972.0;69729.0
886900;85712.0;15983.0;69729.0
887000;86058.5;15944.5;70114.0
887100;85503.0;15966.5;69536.5
887200;85712.0;15983.0;69729.0
887300;85723.0;15994.0;69729.0
887400;85701.0;15972.0;69729.0
887500;85739.5;15972.0;69767.5
887600;85728.5;15922.5;69806.0
887700;85820.0;16014.0;69806.0
887800;85701.0;15895.0;69806.0
887900;85066.0;16031.0;69035.0
888000;85871.5;16056.5;69815.0
888100;85746.0;16048.0;69698.0
888200;85863.0;16048.0;69815.0
888300;85904.0;16089.0;69815.0
888400;235667.0;165969.0;69698.0
888500;85898.0;16044.0;69854.0
888600;85937.0;16044.0;69893.0
888700;86054.0;16044.0;70010.0
888800;85907.0;16014.0;69893.0
888900;85937.0;16044.0;69893.0
889000;85937.0;16044.0;69893.0
889100;85944.5;16051.5;69893.0
889200;85797.5;16021.5;69776.0
889300;85946.0;16029.0;69917.0
889400;85961.0;16044.0;69917.0
889500;86123.5;16021.5;70102.0
889600;86042.5;16051.5;69991.0
889700;86116.0;16014.0;70102.0
889800;86012.5;16021.5;69991.0
889900;86042.5;16051.5;69991.0
890000;86020.0;16029.0;69991.0
890100;86020.0;16029.0;69991.0
890200;86035.0;16044.0;69991.0
890300;86131.0;16029.0;70102.0
890400;86042.5;16051.5;69991.0
890500;85658.5;16111.5;69547.0
890600;86094.0;16029.0;70065.0
890700;86079.0;16014.0;70065.0
890800;86205.0;16029.0;70176.0
890900;86197.5;16021.5;70176.0
891000;86079.0;16014.0;70065.0
891100;86199.0;16134.0;70065.0
891200;86242.5;16014.0;70228.5
891300;86142.0;16014.0;70128.0
891400;86503.0;16006.5;70496.5
891500;86175.5;16014.0;70161.5
891600;86194.0;15999.0;70195.0
891700;86209.0;16014.0;70195.0
891800;86209.0;16014.0;70195.0
891900;86015.0;16014.0;70001.0
892000;86102.0;15984.0;70118.0
892100;86234.0;15999.0;70235.0
892200;86295.5;16021.5;70274.0
892300;86132.0;16014.0;70118.0
892400;86156.0;15999.0;70157.0
892500;86156.0;15999.0;70157.0
892600;86315.0;16119.0;70196.0
892700;86195.0;15999.0;70196.0
892800;86210.0;16014.0;70196.0
892900;86758.0;16055.0;70703.0
893000;86319.5;16123.5;70196.0
893100;86291.0;16095.0;70196.0
893200;86291.0;16095.0;70196.0
893300;86174.0;16095.0;70079.0
893400;86291.0;16095.0;70196.0
893500;86330.0;16095.0;70235.0
893600;86486.0;16095.0;70391.0
893700;86632.5;16085.5;70547.0
893800;86378.5;16104.5;70274.0
893900;86340.5;16066.5;70274.0
894000;86312.0;16038.0;70274.0
894100;86331.0;16057.0;70274.0
894200;86214.0;16057.0;70157.0
894300;86397.5;16123.5;70274.0
894400;86331.0;16057.0;70274.0
894500;86351.0;16038.0;70313.0
894600;86399.5;16047.5;70352.0
894700;86409.0;16057.0;70352.0
894800;86447.0;16095.0;70352.0
894900;86021.0;15981.0;70040.0
895000;86974.0;16076.0;70898.0
895100;86368.0;16133.0;70235.0
895200;86330.0;16095.0;70235.0
895300;86485.0;16133.0;70352.0
895400;86399.5;16047.5;70352.0
895500;86467.0;16076.0;70391.0
895600;86378.5;16104.5;70274.0
895700;86506.0;16076.0;70430.0
895800;86417.5;16104.5;70313.0
895900;86389.0;16076.0;70313.0
896000;86389.0;16076.0;70313.0
896100;86525.0;16095.0;70430.0
896200;86389.0;16076.0;70313.0
896300;86544.0;16114.0;70430.0
896400;86417.5;16104.5;70313.0
896500;86564.0;16095.0;70469.0
896600;86710.5;16085.5;70625.0
896700;86691.5;16066.5;70625.0
896800;86584.0;16076.0;70508.0
896900;86584.0;16076.0;70508.0
897000;86584.0;16076.0;70508.0
897100;86584.0;16076.0;70508.0
897200;86546.0;16038.0;70508.0
897300;86565.0;16057.0;70508.0
897400;86584.0;16076.0;70508.0
897500;86623.0;16076.0;70547.0
897600;86633.5;16047.5;70586.0
897700;86643.0;16057.0;70586.0
897800;86662.0;16076.0;70586.0
897900;86662.0;16076.0;70586.0
898000;86545.0;16076.0;70469.0
898100;86110.0;16076.0;70034.0
898200;86546.5;15952.5;70594.0
898300;86531.0;16057.0;70474.0
898400;86632.0;16038.0;70594.0
898500;86729.0;16095.0;70634.0
898600;86531.0;16057.0;70474.0
898700;86750.0;16076.0;70674.0
898800;86731.0;16057.0;70674.0
898900;86832.0;16038.0;70794.0
899000;86611.0;16057.0;70554.0
899100;86702.5;16028.5;70674.0
899200;86853.0;16059.0;70794.0
899300;86781.0;16107.0;70674.0
899400;86781.0;16107.0;70674.0
899500;86854.0;16107.0;70747.0
899600;86373.0;16107.0;70266.0
899700;86927.0;16143.0;70784.0
899800;86891.0;16107.0;70784.0
899900;87002.0;16107.0;70895.0
900000;86912.0;16239.0;70673.0
900100;86891.0;16107.0;70784.0
900200;86927.0;16143.0;70784.0
900300;86855.0;16071.0;70784.0
900400;86891.0;16107.0;70784.0
900500;86518.0;16107.0;70411.0
900600;86788.0;15915.0;70873.0
900700;86980.0;16107.0;70873.0
900800;86980.0;16107.0;70873.0
900900;87004.0;16131.0;70873.0
901000;86516.0;16071.0;70445.0
901100;87328.0;16323.0;71005.0
901200;86992.0;16107.0;70885.0
901300;87136.0;16131.0;71005.0
901400;86968.0;16083.0;70885.0
901500;86928.0;16003.0;70925.0
901600;86536.0;16131.0;70405.0
901700;87232.0;15875.0;71357.0
901800;86776.0;16259.0;70517.0
901900;86848.0;15971.0;70877.0
902000;87160.0;16163.0;70997.0
902100;87144.0;16147.0;70997.0
902200;86776.0;15779.0;70997.0
902300;87216.0;16099.0;71117.0
902400;87304.0;16147.0;71157.0
902500;86816.0;15779.0;71037.0
902600;87144.0;16067.0;71077.0
902700;87176.0;16099.0;71077.0
902800;87208.0;16131.0;71077.0
902900;87112.0;16035.0;71077.0
903000;87144.0;16067.0;71077.0
903100;87192.0;16115.0;71077.0
903200;86888.0;15811.0;71077.0
903300;87096.0;16019.0;71077.0
903400;87192.0;16115.0;71077.0
903500;87184.0;16067.0;71117.0
903600;87272.0;16115.0;71157.0
903700;87144.0;15987.0;71157.0
903800;87256.0;16099.0;71157.0
903900;87816.0;16099.0;71717.0
904000;87662.0;16115.0;71547.0
904100;87239.0;16067.0;71172.0
904200;87207.0;16035.0;71172.0
904300;87287.0;16115.0;71172.0
904400;87271.0;16099.0;71172.0
904500;87297.5;16088.0;71209.5
904600;87335.0;16088.0;71247.0
904700;87502.5;16368.0;71134.5
904800;87247.5;16000.5;71247.0
904900;87437.0;16190.0;71247.0
905000;87231.5;16097.0;71134.5
905100;87300.0;16128.0;71172.0
905200;87405.0;16128.0;71277.0
905300;87405.0;16128.0;71277.0
905400;87405.0;16128.0;71277.0
905500;87440.0;16128.0;71312.0
905600;87475.0;16128.0;71347.0
905700;87453.0;16106.0;71347.0
905800;87525.0;16178.0;71347.0
905900;87489.0;16142.0;71347.0
906000;87489.0;16142.0;71347.0
906100;87316.0;16142.0;71174.0
906200;87469.0;16178.0;71291.0
906300;87397.0;16106.0;71291.0
906400;87433.0;16142.0;71291.0
906500;87826.0;16106.0;71720.0
906600;87529.0;16160.0;71369.0
906700;87811.0;16286.0;71525.0
906800;87637.0;16268.0;71369.0
906900;87439.0;16070.0;71369.0
907000;87439.0;16070.0;71369.0
907100;87439.0;16070.0;71369.0
907200;87475.0;16106.0;71369.0
907300;87439.0;16070.0;71369.0
907400;87439.0;16070.0;71369.0
907500;87442.0;16034.0;71408.0
907600;87517.0;16034.0;71483.0
907700;87559.0;16034.0;71525.0
907800;87235.0;15710.0;71525.0
907900;87469.0;15944.0;71525.0
908000;87523.0;15998.0;71525.0
908100;87523.0;15998.0;71525.0
908200;87559.0;16034.0;71525.0
908300;87523.0;15998.0;71525.0
908400;87523.0;15998.0;71525.0
908500;87978.0;15998.0;71980.0
908600;87534.0;15944.0;71590.0
908700;87588.0;15998.0;71590.0
908800;87454.5;15962.0;71492.5
908900;87570.0;15980.0;71590.0
909000;87588.0;15998.0;71590.0
909100;87685.5;15998.0;71687.5
909200;87656.0;16066.0;71590.0
909300;87624.0;16034.0;71590.0
909400;87592.0;16002.0;71590.0
909500;87592.5;15970.0;71622.5
909600;87945.0;16290.0;71655.0
909700;87705.0;16050.0;71655.0
909800;87591.5;16034.0;71557.5
909900;87785.0;16130.0;71655.0
910000;87625.0;15970.0;71655.0
910100;87565.0;15910.0;71655.0
910200;87745.0;16090.0;71655.0
910300;88240.0;16130.0;72110.0
910400;87685.0;16030.0;71655.0
910500;87677.5;15990.0;71687.5
910600;87867.5;16050.0;71817.5
910700;87712.5;16090.0;71622.5
910800;87947.5;16130.0;71817.5
910900;87712.5;16090.0;71622.5
911000;87518.0;15768.0;71750.0
911100;87854.0;16104.0;71750.0
911200;87917.0;16167.0;71750.0
911300;87791.0;16146.0;71645.0
911400;87896.0;16146.0;71750.0
911500;87748.0;16188.0;71560.0
911600;87885.0;16125.0;71760.0
911700;87864.0;16104.0;71760.0
911800;87765.0;16125.0;71640.0
911900;87822.0;16062.0;71760.0
912000;88060.0;16020.0;72040.0
912100;87822.0;16062.0;71760.0
912200;87843.0;16083.0;71760.0
912300;87918.0;16038.0;71880.0
912400;87958.0;16038.0;71920.0
912500;87700.5;16060.5;71640.0
912600;87878.0;16038.0;71840.0
912700;87998.0;16038.0;71960.0
912800;87878.0;16038.0;71840.0
912900;87833.0;15993.0;71840.0
913000;87953.0;15993.0;71960.0
913100;87630.5;15790.5;71840.0
913200;87473.0;15633.0;71840.0
913300;87878.0;16038.0;71840.0
913400;87765.5;15925.5;71840.0
913500;87873.0;15993.0;71880.0
913600;87913.0;15993.0;71920.0
913700;87748.0;15948.0;71800.0
913800;87913.0;15993.0;71920.0
913900;87913.0;15993.0;71920.0
914000;88078.0;16038.0;72040.0
914100;87868.0;15948.0;71920.0
914200;87913.0;15993.0;71920.0
914300;87553.0;15633.0;71920.0
914400;87913.0;15993.0;71920.0
914500;87908.0;15948.0;71960.0
914600;88017.0;15633.0;72384.0
914700;87909.0;15993.0;71916.0
914800;88269.0;16353.0;71916.0
914900;88017.0;15993.0;72024.0
915000;87972.0;15948.0;72024.0
915100;88062.0;16038.0;72024.0
915200;88125.0;15993.0;72132.0
915300;88242.0;16218.0;72024.0
915400;87610.5;15993.0;71617.5
915500;88084.5;15993.0;72091.5
915600;88056.5;15925.5;72131.0
915700;87960.5;15948.0;72012.5
915800;88034.0;15903.0;72131.0
915900;88197.5;15948.0;72249.5
916000;88034.0;15903.0;72131.0
916100;88197.5;15948.0;72249.5
916200;88079.0;15948.0;72131.0
916300;88169.0;16038.0;72131.0
916400;88079.0;15948.0;72131.0
916500;88321.5;15993.0;72328.5
916600;88203.0;15993.0;72210.0
916700;88203.0;15993.0;72210.0
916800;87605.0;15948.0;71657.0
916900;88366.5;16038.0;72328.5
917000;88248.0;16038.0;72210.0
917100;88248.0;16038.0;72210.0
917200;88113.0;15903.0;72210.0
917300;88129.5;16038.0;72091.5
917400;88248.0;16038.0;72210.0
917500;88512.5;16263.0;72249.5
917600;88445.5;16038.0;72407.5
917700;88327.0;16038.0;72289.0
917800;88687.0;16398.0;72289.0
917900;88362.0;16073.0;72289.0
918000;88412.0;16123.0;72289.0
918100;88462.0;16173.0;72289.0
918200;88412.0;16123.0;72289.0
918300;88412.0;16123.0;72289.0
918400;88337.0;16048.0;72289.0
918500;87572.0;16073.0;71499.0
918600;88466.0;16098.0;72368.0
918700;88441.0;16073.0;72368.0
918800;89179.0;16432.0;72747.0
918900;88448.0;16056.0;72392.0
919000;88072.0;15680.0;72392.0
919100;88554.5;16056.0;72498.5
919200;88448.0;16056.0;72392.0
919300;88495.0;16103.0;72392.0
919400;88424.5;16032.5;72392.0
919500;88320.5;16103.0;72217.5
919600;88377.0;15962.0;72415.0
919700;88518.0;16103.0;72415.0
919800;88706.0;16291.0;72415.0
919900;88894.0;16479.0;72415.0
920000;88471.0;16056.0;72415.0
920100;88352.5;16056.0;72296.5
920200;87976.5;15680.0;72296.5
920300;87918.0;16056.0;71862.0
920400;88330.0;15915.0;72415.0
920500;88531.5;16077.0;72454.5
920600;88168.0;16227.0;71941.0
920700;88018.0;16077.0;71941.0
920800;88571.0;16077.0;72494.0
920900;88689.5;16077.0;72612.5
921000;88571.0;16077.0;72494.0
921100;88621.0;16127.0;72494.0
921200;88651.0;16157.0;72494.0
921300;88651.0;16157.0;72494.0
921400;88231.0;15737.0;72494.0
921500;88810.5;16277.0;72533.5
921600;88392.0;15977.0;72415.0
921700;88940.0;16367.0;72573.0
921800;88850.0;16277.0;72573.0
921900;88968.5;16277.0;72691.5
922000;88850.0;16277.0;72573.0
922100;89177.0;16217.0;72960.0
922200;88862.0;16277.0;72585.0
922300;88809.5;16337.0;72472.5
922400;88742.0;16157.0;72585.0
922500;88412.0;16277.0;72135.0
922600;88997.0;16337.0;72660.0
922700;88877.0;16217.0;72660.0
922800;89072.0;16277.0;72795.0
922900;88955.0;16277.0;72678.0
923000;89045.0;16367.0;72678.0
923100;88955.0;16277.0;72678.0
923200;89561.0;16337.0;73224.0
923300;88890.5;16212.5;72678.0
923400;88859.0;16298.0;72561.0
923500;89522.0;16298.0;73224.0
923600;89171.0;16298.0;72873.0
923700;88937.0;16298.0;72639.0
923800;88769.0;16013.0;72756.0
923900;88245.5;16269.5;71976.0
924000;89054.0;16298.0;72756.0
924100;88502.0;16298.0;72204.0
924200;88885.0;16241.0;72644.0
924300;89575.0;16811.0;72764.0
924400;89176.0;16412.0;72764.0
924500;89159.0;16355.0;72804.0
924600;89199.0;16355.0;72844.0
924700;89199.0;16355.0;72844.0
924800;89079.0;16355.0;72724.0
924900;89319.0;16355.0;72964.0
925000;89142.0;16298.0;72844.0
925100;89199.0;16355.0;72844.0
925200;89199.0;16355.0;72844.0
925300;89199.0;16355.0;72844.0
925400;89136.0;16412.0;72724.0
925500;88783.0;15899.0;72884.0
925600;89399.0;16355.0;73044.0
925700;88994.0;16070.0;72924.0
925800;89279.0;16355.0;72924.0
925900;89336.0;16412.0;72924.0
926000;88823.0;15899.0;72924.0
926100;89684.0;16640.0;73044.0
926200;89279.0;16355.0;72924.0
926300;89484.5;16440.5;73044.0
926400;89336.0;16412.0;72924.0
926500;89262.0;16298.0;72964.0
926600;88903.0;15899.0;73004.0
926700;89359.0;16355.0;73004.0
926800;89296.0;16412.0;72884.0
926900;89359.0;16355.0;73004.0
927000;89296.0;16412.0;72884.0
927100;89296.0;16412.0;72884.0
927200;89851.5;16412.0;73439.5
927300;89428.0;16412.0;73016.0
927400;89542.0;16526.0;73016.0
927500;89609.0;16554.5;73054.5
927600;89562.0;16469.0;73093.0
927700;89619.0;16526.0;73093.0
927800;89562.0;16469.0;73093.0
927900;89562.0;16469.0;73093.0
928000;89446.5;16469.0;72977.5
928100;89583.0;16490.0;73093.0
928200;90015.0;16922.0;73093.0
928300;89698.5;16490.0;73208.5
928400;89637.0;16544.0;73093.0
928500;89567.5;16436.0;73131.5
928600;89606.0;16436.0;73170.0
928700;89584.0;16414.0;73170.0
928800;89568.5;16514.0;73054.5
928900;89518.5;16464.0;73054.5
929000;89684.0;16514.0;73170.0
929100;89376.0;16514.0;72862.0
929200;89738.0;16564.0;73174.0
929300;89702.0;16528.0;73174.0
929400;89936.0;16606.0;73330.0
929500;89533.0;16476.0;73057.0
929600;89832.0;16580.0;73252.0
929700;89416.0;16164.0;73252.0
929800;89832.0;16580.0;73252.0
929900;90144.0;16502.0;73642.0
930000;89715.0;16580.0;73135.0
930100;89780.0;16528.0;73252.0
930200;89221.0;16164.0;73057.0
930300;89780.0;16528.0;73252.0
930400;89832.0;16580.0;73252.0
930500;89871.0;16580.0;73291.0
930600;89900.0;16570.0;73330.0
930700;90086.0;16639.0;73447.0
930800;90017.0;16570.0;73447.0
930900;89946.0;16616.0;73330.0
931000;89879.0;16432.0;73447.0
931100;90017.0;16570.0;73447.0
931200;89783.0;16570.0;73213.0
931300;-918672.0;16616.0;-935288.0
931400;89854.0;16524.0;73330.0
931500;89893.0;16524.0;73369.0
931600;89932.0;16524.0;73408.0
931700;89610.0;16202.0;73408.0
931800;89978.0;16570.0;73408.0
931900;89978.0;16570.0;73408.0
932000;89909.0;16501.0;73408.0
932100;89978.0;16570.0;73408.0
932200;90118.0;16593.0;73525.0
932300;90024.0;16616.0;73408.0
932400;89432.0;16570.0;72862.0
932500;89948.0;16501.0;73447.0
932600;90207.0;16604.0;73603.0
932700;90062.0;16576.0;73486.0
932800;90202.0;16716.0;73486.0
932900;90146.0;16660.0;73486.0
933000;90090.0;16604.0;73486.0
933100;90090.0;16604.0;73486.0
933200;90370.0;16884.0;73486.0
933300;89600.0;16660.0;72940.0
933400;90141.0;16772.0;73369.0
933500;90129.0;16604.0;73525.0
933600;90168.0;16604.0;73564.0
933700;90168.0;16604.0;73564.0
933800;90084.0;16520.0;73564.0
933900;90168.0;16604.0;73564.0
934000;90948.0;16604.0;74344.0
934100;90285.0;16604.0;73681.0
934200;90845.0;17164.0;73681.0
934300;89736.0;16604.0;73132.0
934400;89896.0;16324.0;73572.0
934500;90056.0;16604.0;73452.0
934600;90200.0;16548.0;73652.0
934700;90256.0;16604.0;73652.0
934800;90220.0;16688.0;73532.0
934900;90256.0;16604.0;73652.0
935000;90312.0;16660.0;73652.0
935100;90256.0;16604.0;73652.0
935200;90816.0;16604.0;74212.0
935300;90312.0;16660.0;73652.0
935400;90256.0;16604.0;73652.0
935500;90240.0;16548.0;73692.0
935600;90400.0;16548.0;73852.0
935700;90120.0;16548.0;73572.0
935800;90216.0;16604.0;73612.0
935900;90392.0;16660.0;73732.0
936000;89904.0;16612.0;73292.0
936100;90392.0;16660.0;73732.0
936200;91000.0;16708.0;74292.0
936300;90440.0;16708.0;73732.0
936400;90344.0;16732.0;73612.0
936500;90640.0;16708.0;73932.0
936600;90040.0;16708.0;73332.0
936700;90480.0;16708.0;73772.0
936800;90592.0;16660.0;73932.0
936900;90640.0;16708.0;73932.0
937000;90616.0;16804.0;73812.0
937100;90568.0;16756.0;73812.0
937200;90008.0;16756.0;73252.0
937300;90368.0;16756.0;73612.0
937400;90448.0;16756.0;73692.0
937500;90080.0;16228.0;73852.0
937600;90488.0;16756.0;73732.0
937700;90600.0;16708.0;73892.0
937800;90944.0;16492.0;74452.0
937900;90624.0;16732.0;73892.0
938000;90672.0;16780.0;73892.0
938100;90696.0;16804.0;73892.0
938200;91208.0;16756.0;74452.0
938300;91160.0;16708.0;74452.0
938400;90528.0;16636.0;73892.0
938500;90480.0;16708.0;73772.0
938600;90680.0;16708.0;73972.0
938700;90294.0;16322.0;73972.0
938800;90839.0;16747.0;74092.0
938900;91244.0;17272.0;73972.0
939000;90694.0;16722.0;73972.0
939100;90814.0;16722.0;74092.0
939200;90736.0;16764.0;73972.0
939300;90736.0;16764.0;73972.0
939400;90792.0;16820.0;73972.0
939500;90936.0;16764.0;74172.0
939600;90992.0;16820.0;74172.0
939700;91104.0;16932.0;74172.0
939800;91096.0;17044.0;74052.0
939900;90936.0;16764.0;74172.0
940000;90648.0;16596.0;74052.0
940100;91048.0;16876.0;74172.0
940200;90724.0;16792.0;73932.0
940300;90928.0;16876.0;74052.0
940400;90956.0;16904.0;74052.0
940500;90968.0;16876.0;74092.0
940600;90952.0;16820.0;74132.0
940700;90624.0;16372.0;74252.0
940800;90840.0;16708.0;74132.0
940900;90896.0;16764.0;74132.0
941000;91512.0;16820.0;74692.0
941100;90952.0;16820.0;74132.0
941200;90868.0;16736.0;74132.0
941300;90504.0;16372.0;74132.0
941400;90896.0;16764.0;74132.0
941500;90936.0;16764.0;74172.0
941600;90900.0;16848.0;74052.0
941700;90892.0;16680.0;74212.0
941800;90176.0;16764.0;73412.0
941900;90696.0;16484.0;74212.0
942000;90976.0;16764.0;74212.0
942100;91424.0;17212.0;74212.0
942200;90976.0;16764.0;74212.0
942300;90976.0;16764.0;74212.0
942400;91192.0;16820.0;74372.0
942500;91072.0;16820.0;74252.0
942600;91112.0;16820.0;74292.0
942700;90632.0;16820.0;73812.0
942800;91504.0;16820.0;74684.0
942900;91294.0;16876.0;74418.0
943000;91180.0;16876.0;74304.0
943100;90648.0;16876.0;73772.0
943200;91360.0;16904.0;74456.0
943300;91180.0;16876.0;74304.0
943400;91124.0;16820.0;74304.0
943500;91162.0;16820.0;74342.0
943600;91200.0;16820.0;74380.0
943700;91144.0;16764.0;74380.0
943800;91088.0;16708.0;74380.0
943900;91144.0;16764.0;74380.0
944000;91144.0;16764.0;74380.0
944100;91088.0;16708.0;74380.0
944200;91536.0;17156.0;74380.0
944300;90556.0;16708.0;73848.0
944400;91088.0;16708.0;74380.0
944500;90678.0;16260.0;74418.0
944600;91164.0;16708.0;74456.0
944700;91164.0;16708.0;74456.0
944800;91164.0;16708.0;74456.0
944900;91108.0;16652.0;74456.0
945000;91164.0;16708.0;74456.0
945100;91264.0;16428.0;74836.0
945200;91108.0;16652.0;74456.0
945300;91220.0;16764.0;74456.0
945400;91582.0;16708.0;74874.0
945500;91438.0;16792.0;74646.0
945600;91772.0;16708.0;75064.0
945700;91996.0;16932.0;75064.0
945800;91184.0;16652.0;74532.0
945900;91212.0;16680.0;74532.0
946000;92056.0;16764.0;75292.0
946100;91465.0;16933.0;74532.0
946200;91396.0;16864.0;74532.0
946300;91396.0;16864.0;74532.0
946400;91396.0;16864.0;74532.0
946500;91434.0;16864.0;74570.0
946600;91426.0;16818.0;74608.0
946700;91494.0;16772.0;74722.0
946800;91495.0;16887.0;74608.0
946900;91335.0;16841.0;74494.0
947000;91908.0;17186.0;74722.0
947100;91540.0;16818.0;74722.0
947200;91426.0;16818.0;74608.0
947300;91578.0;16818.0;74760.0
947400;91532.0;16772.0;74760.0
947500;91556.0;16910.0;74646.0
947600;91502.0;16818.0;74684.0
947700;91824.0;17140.0;74684.0
947800;91016.0;16864.0;74152.0
947900;91078.0;16818.0;74260.0
948000;91518.0;16818.0;74700.0
948100;92078.0;16818.0;75260.0
948200;91730.0;16910.0;74820.0
948300;91150.0;16450.0;74700.0
948400;92127.0;16867.0;75260.0
948500;91713.0;16973.0;74740.0
948600;91700.0;16920.0;74780.0
948700;91700.0;16920.0;74780.0
948800;92033.0;16867.0;75166.0
948900;92086.0;16920.0;75166.0
949000;91668.0;16867.0;74801.0
949100;91668.0;16867.0;74801.0
949200;91737.0;16936.0;74801.0
949300;91902.0;17101.0;74801.0
949400;91627.0;16826.0;74801.0
949500;91993.5;17156.0;74837.5
949600;91782.0;16798.5;74983.5
949700;91244.0;16881.0;74363.0
949800;91700.0;16826.0;74874.0
949900;91590.5;16826.0;74764.5
950000;92266.0;16881.0;75385.0
950100;91700.0;16826.0;74874.0
950200;91864.5;16881.0;74983.5
950300;91700.0;16826.0;74874.0
950400;91150.5;16386.0;74764.5
950500;91736.5;16826.0;74910.5
950600;-853650.0;16826.0;-870476.0
950700;91690.5;16743.5;74947.0
950800;91773.0;16826.0;74947.0
950900;91690.5;16743.5;74947.0
951000;91827.5;16771.0;75056.5
951100;92102.5;17046.0;75056.5
951200;92103.0;17156.0;74947.0
951300;91718.0;16771.0;74947.0
951400;91781.5;16688.5;75093.0
951500;91900.5;16771.0;75129.5
951600;91791.0;16771.0;75020.0
951700;91900.5;16771.0;75129.5
951800;92384.5;16853.5;75531.0
951900;91681.5;16771.0;74910.5
952000;91928.0;16798.5;75129.5
952100;91736.0;16716.0;75020.0
952200;92231.0;17211.0;75020.0
952300;91992.0;16826.0;75166.0
952400;91681.5;16771.0;74910.5
952500;91827.5;16771.0;75056.5
952600;91864.0;16771.0;75093.0
952700;91864.0;16771.0;75093.0
952800;91726.5;16633.5;75093.0
952900;92304.0;17211.0;75093.0
953000;91891.0;16688.5;75202.5
953100;92194.0;17101.0;75093.0
953200;91918.5;16716.0;75202.5
953300;91754.0;16661.0;75093.0
953400;91864.0;16771.0;75093.0
953500;91900.5;16771.0;75129.5
953600;91964.0;16688.5;75275.5
953700;91991.5;16716.0;75275.5
953800;91827.5;16771.0;75056.5
953900;91662.0;16496.0;75166.0
954000;91854.5;16688.5;75166.0
954100;91442.0;16276.0;75166.0
954200;91882.0;16716.0;75166.0
954300;91634.5;16468.5;75166.0
954400;91937.0;16771.0;75166.0
954500;91599.0;16688.5;74910.5
954600;-854310.0;16166.0;-870476.0
954700;91499.0;16771.0;74728.0
954800;92174.5;16826.0;75348.5
954900;91335.0;16826.0;74509.0
955000;92092.5;16853.5;75239.0
955100;92202.5;16963.5;75239.0
955200;91982.5;16743.5;75239.0
955300;91983.0;16853.5;75129.5
955400;92010.0;16771.0;75239.0
955500;92129.0;16853.5;75275.5
955600;91890.5;16578.5;75312.0
955700;92594.0;16771.0;75823.0
955800;92028.0;16716.0;75312.0
955900;91617.5;16716.0;74901.5
956000;92079.5;16743.5;75336.0
956100;92024.5;16688.5;75336.0
956200;91997.0;16661.0;75336.0
956300;91997.0;16661.0;75336.0
956400;92155.0;16661.0;75494.0
956500;92036.5;16661.0;75375.5
956600;92358.0;17101.0;75257.0
956700;92119.0;16743.5;75375.5
956800;91801.0;16386.0;75415.0
956900;91203.5;16578.5;74625.0
957000;92076.0;16661.0;75415.0
957100;92516.0;17101.0;75415.0
957200;92131.0;16716.0;75415.0
957300;92021.0;16606.0;75415.0
957400;91585.0;16606.0;74979.0
957500;92010.0;16551.0;75459.0
957600;91972.5;16633.5;75339.0
957700;91945.0;16606.0;75339.0
957800;91985.0;16606.0;75379.0
957900;92105.0;16606.0;75499.0
958000;92160.0;16661.0;75499.0
958100;91665.0;16166.0;75499.0
958200;92160.0;16661.0;75499.0
958300;92105.0;16606.0;75499.0
958400;92105.0;16606.0;75499.0
958500;92182.5;16523.5;75659.0
958600;92185.0;16606.0;75579.0
958700;92130.0;16551.0;75579.0
958800;92010.0;16551.0;75459.0
958900;92167.5;16468.5;75699.0
959000;92075.0;16496.0;75579.0
959100;92414.0;16441.0;75973.0
959200;91968.5;16496.0;75472.5
959300;92056.5;16468.5;75588.0
959400;92139.0;16551.0;75588.0
959500;92177.5;16551.0;75626.5
959600;92194.0;16413.5;75780.5
959700;91924.5;16413.5;75511.0
959800;92100.5;16551.0;75549.5
959900;92436.0;16771.0;75665.0
960000;92358.0;16693.0;75665.0
960100;92307.0;16642.0;75665.0
960200;92307.0;16642.0;75665.0
960300;92461.0;16642.0;75819.0
960400;91999.0;16642.0;75357.0
960500;92299.0;16591.0;75708.0
960600;92287.0;16540.0;75747.0
960700;92287.0;16540.0;75747.0
960800;92338.0;16591.0;75747.0
960900;92143.0;16591.0;75552.0
961000;92338.0;16591.0;75747.0
961100;92629.0;16336.0;76293.0
961200;91930.0;16183.0;75747.0
961300;92494.0;16591.0;75903.0
961400;92374.0;16744.0;75630.0
961500;92326.0;16540.0;75786.0
961600;92441.5;16616.5;75825.0
961700;92405.5;16463.5;75942.0
961800;92722.0;16897.0;75825.0
961900;92390.5;16565.5;75825.0
962000;92441.5;16616.5;75825.0
962100;92365.0;16540.0;75825.0
962200;92365.0;16540.0;75825.0
962300;92365.0;16540.0;75825.0
962400;92365.0;16540.0;75825.0
962500;93166.0;16795.0;76371.0
962600;92494.0;16591.0;75903.0
962700;92494.0;16591.0;75903.0
962800;92494.0;16591.0;75903.0
962900;92443.0;16540.0;75903.0
963000;91948.0;16591.0;75357.0
963100;92377.0;16591.0;75786.0
963200;92443.0;16540.0;75903.0
963300;92494.0;16591.0;75903.0
963400;92468.5;16565.5;75903.0
963500;92428.0;16642.0;75786.0
963600;92623.0;16642.0;75981.0
963700;92987.5;16616.5;76371.0
963800;92674.0;16693.0;75981.0
963900;92674.0;16693.0;75981.0
964000;92695.0;16714.0;75981.0
964100;92812.0;16714.0;76098.0
964200;92758.0;16660.0;76098.0
964300;92143.0;16714.0;75429.0
964400;92703.0;16714.0;75989.0
964500;92822.0;16633.0;76189.0
964600;92729.0;16660.0;76069.0
964700;92729.0;16660.0;76069.0
964800;93208.0;16579.0;76629.0
964900;93161.0;17092.0;76069.0
965000;92609.0;16660.0;75949.0
965100;92810.0;16741.0;76069.0
965200;92891.0;16822.0;76069.0
965300;92810.0;16741.0;76069.0
965400;92889.0;16660.0;76229.0
965500;92742.0;16633.0;76109.0
965600;92794.0;16525.0;76269.0
965700;92782.0;16633.0;76149.0
965800;92944.0;16795.0;76149.0
965900;92863.0;16714.0;76149.0
966000;92944.0;16795.0;76149.0
966100;92863.0;16714.0;76149.0
966200;92863.0;16714.0;76149.0
966300;92932.0;16903.0;76029.0
966400;92863.0;16714.0;76149.0
966500;92903.0;16714.0;76189.0
966600;92997.0;16768.0;76229.0
966700;93051.0;16822.0;76229.0
966800;93024.0;16795.0;76229.0
966900;93117.0;16768.0;76349.0
967000;93024.0;16795.0;76229.0
967100;92943.0;16714.0;76229.0
967200;93063.0;16714.0;76349.0
967300;92943.0;16714.0;76229.0
967400;92943.0;16714.0;76229.0
967500;93037.0;16768.0;76269.0
967600;92944.0;16795.0;76149.0
967700;-944417.0;16714.0;-961131.0
967800;93023.0;16714.0;76309.0
967900;93543.0;16714.0;76829.0
968000;93023.0;16714.0;76309.0
968100;93023.0;16714.0;76309.0
968200;93563.0;17254.0;76309.0
968300;92903.0;16714.0;76189.0
968400;92463.0;16714.0;75749.0
968500;93063.0;16714.0;76349.0
968600;93103.0;16714.0;76389.0
968700;92543.0;16714.0;75829.0
968800;93184.0;16795.0;76389.0
968900;92303.0;16714.0;75589.0
969000;93400.0;17011.0;76389.0
969100;93373.0;16984.0;76389.0
969200;93103.0;16714.0;76389.0
969300;93103.0;16714.0;76389.0
969400;92711.0;16282.0;76429.0
969500;93303.0;16714.0;76589.0
969600;92677.0;16768.0;75909.0
969700;92483.0;16174.0;76309.0
969800;93507.0;17038.0;76469.0
969900;93357.0;16768.0;76589.0
970000;93229.0;17200.0;76029.0
970100;93210.0;16741.0;76469.0
970200;93237.0;16768.0;76469.0
970300;93171.0;16822.0;76349.0
970400;92965.0;16336.0;76629.0
970500;93223.0;16714.0;76509.0
970600;92838.0;16849.0;75989.0
970700;93763.0;16822.0;76941.0
970800;93329.0;16768.0;76561.0
970900;93364.0;16803.0;76561.0
971000;93478.0;16803.0;76675.0
971100;93305.0;16744.0;76561.0
971200;93419.0;16744.0;76675.0
971300;93305.0;16744.0;76561.0
971400;93836.0;17275.0;76561.0
971500;93495.0;16744.0;76751.0
971600;93913.0;16744.0;77169.0
971700;93469.5;16832.5;76637.0
971800;93292.5;16655.5;76637.0
971900;93469.5;16832.5;76637.0
972000;92849.0;16744.0;76105.0
972100;93613.0;16862.0;76751.0
972200;93554.0;16803.0;76751.0
972300;93381.0;16744.0;76637.0
972400;93326.0;16803.0;76523.0
972500;93389.5;16714.5;76675.0
972600;93630.0;16803.0;76827.0
972700;93719.0;16626.0;77093.0
972800;93689.0;16862.0;76827.0
972900;93516.0;16803.0;76713.0
973000;93457.0;16744.0;76713.0
973100;93516.0;16803.0;76713.0
973200;93516.0;16803.0;76713.0
973300;93604.5;16891.5;76713.0
973400;94051.0;17452.0;76599.0
973500;94203.0;17452.0;76751.0
973600;93651.0;16862.0;76789.0
973700;93499.0;16862.0;76637.0
973800;93440.5;16537.5;76903.0
973900;93621.5;16832.5;76789.0
974000;93478.0;16803.0;76675.0
974100;93680.5;16891.5;76789.0
974200;93592.0;16803.0;76789.0
974300;93136.5;16891.5;76245.0
974400;93667.0;16862.0;76805.0
974500;93488.0;16803.0;76685.0
974600;93747.0;16862.0;76885.0
974700;93747.0;16862.0;76885.0
974800;93686.0;16921.0;76765.0
974900;94366.0;16921.0;77445.0
975000;93926.0;16921.0;77005.0
975100;93820.0;16935.0;76885.0
975200;94380.0;16935.0;77445.0
975300;93785.5;17020.5;76765.0
975400;93820.0;16935.0;76885.0
975500;93860.0;16935.0;76925.0
975600;93900.0;16935.0;76965.0
975700;93900.0;16935.0;76965.0
975800;93900.0;16935.0;76965.0
975900;93900.0;16935.0;76965.0
976000;93985.5;17020.5;76965.0
976100;93900.0;16935.0;76965.0
976200;93900.0;16935.0;76965.0
976300;93900.0;16935.0;76965.0
976400;93900.0;16935.0;76965.0
976500;93982.0;16977.0;77005.0
976600;94022.0;16977.0;77045.0
976700;93996.5;16951.5;77045.0
976800;93996.5;16951.5;77045.0
976900;93902.0;16977.0;76925.0
977000;94022.0;16977.0;77045.0
977100;94022.0;16977.0;77045.0
977200;93582.0;16977.0;76605.0
977300;94302.5;17257.5;77045.0
977400;94098.5;17053.5;77045.0
977500;93807.0;16722.0;77085.0
977600;94153.0;17028.0;77125.0
977700;93992.5;16747.5;77245.0
977800;94051.0;16926.0;77125.0
977900;94000.0;16875.0;77125.0
978000;94076.5;16951.5;77125.0
978100;94102.0;16977.0;77125.0
978200;93625.0;16620.0;77005.0
978300;94211.0;16926.0;77285.0
978400;94530.0;16977.0;77553.0
978500;93702.0;16977.0;76725.0
978600;94206.0;16977.0;77229.0
978700;94155.0;16926.0;77229.0
978800;94104.0;16875.0;77229.0
978900;94104.0;16875.0;77229.0
979000;94231.5;17002.5;77229.0
979100;94155.0;16926.0;77229.0
979200;94155.0;16926.0;77229.0
979300;94180.5;16951.5;77229.0
979400;94155.0;16926.0;77229.0
979500;94191.0;16926.0;77265.0
979600;94227.0;16926.0;77301.0
979700;94278.0;16977.0;77301.0
979800;94386.0;16977.0;77409.0
979900;93819.0;16518.0;77301.0
980000;94252.5;16951.5;77301.0
980100;94278.0;16977.0;77301.0
980200;94278.0;16977.0;77301.0
980300;94371.0;16926.0;77445.0
980400;94119.0;16926.0;77193.0
980500;94119.0;16926.0;77193.0
980600;94263.0;16926.0;77337.0
980700;94155.0;16926.0;77229.0
980800;94334.0;16961.0;77373.0
980900;94418.0;17045.0;77373.0
981000;94390.0;17017.0;77373.0
981100;94334.0;16961.0;77373.0
981200;94390.0;17017.0;77373.0
981300;94390.0;17017.0;77373.0
981400;94730.0;17465.0;77265.0
981500;94426.0;17017.0;77409.0
981600;94518.0;17073.0;77445.0
981700;94602.0;17157.0;77445.0
981800;94682.0;17129.0;77553.0
981900;94654.0;17101.0;77553.0
982000;94626.0;17073.0;77553.0
982100;94518.0;17073.0;77445.0
982200;94574.0;17129.0;77445.0
982300;94354.0;17017.0;77337.0
982400;94662.0;17073.0;77589.0
982500;94698.0;17073.0;77625.0
982600;94590.0;17073.0;77517.0
982700;94618.0;17101.0;77517.0
982800;94534.0;17017.0;77517.0
982900;94642.0;17017.0;77625.0
983000;94570.0;17017.0;77553.0
983100;94570.0;17017.0;77553.0
983200;94570.0;17017.0;77553.0
983300;94430.0;16877.0;77553.0
983400;94514.0;16961.0;77553.0
983500;94469.0;16877.0;77592.0
983600;94508.0;16877.0;77631.0
983700;94592.0;16961.0;77631.0
983800;94737.0;16989.0;77748.0
983900;94046.0;16961.0;77085.0
984000;94765.0;17017.0;77748.0
984100;95082.0;16905.0;78177.0
984200;94424.0;16793.0;77631.0
984300;94481.0;17045.0;77436.0
984400;94046.0;16961.0;77085.0
984500;94755.0;17241.0;77514.0
984600;94670.0;16961.0;77709.0
984700;94670.0;16961.0;77709.0
984800;-918160.0;16961.0;-935121.0
984900;94614.0;16905.0;77709.0
985000;94118.0;16961.0;77157.0
985100;94742.0;16905.0;77837.0
985200;94734.0;17017.0;77717.0
985300;94814.0;17097.0;77717.0
985400;94946.5;17229.5;77717.0
985500;94748.0;16991.0;77757.0
985600;94841.0;17044.0;77797.0
985700;93669.5;16752.5;76917.0
985800;94788.0;16991.0;77797.0
985900;94788.0;16991.0;77797.0
986000;94908.0;16991.0;77917.0
986100;94454.0;17097.0;77357.0
986200;94689.0;17012.0;77677.0
986300;94781.0;16984.0;77797.0
986400;94865.0;17068.0;77797.0
986500;94905.0;17068.0;77837.0
986600;95001.0;17124.0;77877.0
986700;94813.0;17096.0;77717.0
986800;95603.0;17166.0;78437.0
986900;95043.0;17166.0;77877.0
987000;94993.0;17116.0;77877.0
987100;95155.0;17158.0;77997.0
987200;95539.0;17102.0;78437.0
987300;95035.0;17158.0;77877.0
987400;95119.0;17242.0;77877.0
987500;95347.0;17270.0;78077.0
987600;95171.0;17214.0;77957.0
987700;95171.0;17214.0;77957.0
987800;95051.0;17214.0;77837.0
987900;95115.0;17158.0;77957.0
988000;95171.0;17214.0;77957.0
988100;95087.0;17130.0;77957.0
988200;95971.0;17214.0;78757.0
988300;95603.5;17214.0;78389.5
988400;95191.0;17214.0;77977.0
988500;95172.5;17158.0;78014.5
988600;95322.0;17270.0;78052.0
988700;95714.5;17550.0;78164.5
988800;94797.0;17270.0;77527.0
988900;95255.0;17203.0;78052.0
989000;95807.0;17230.0;78577.0
989100;95282.0;17230.0;78052.0
989200;95282.0;17230.0;78052.0
989300;95336.0;17284.0;78052.0
989400;95282.0;17230.0;78052.0
989500;95319.5;17230.0;78089.5
989600;95357.0;17230.0;78127.0
989700;95357.0;17230.0;78127.0
989800;95163.5;17149.0;78014.5
989900;95807.0;17662.0;78145.0
990000;95429.0;17284.0;78145.0
990100;96083.0;17392.0;78691.0
990200;95321.0;17176.0;78145.0
990300;95321.0;17176.0;78145.0
990400;95159.0;17014.0;78145.0
990500;95306.0;17122.0;78184.0
990600;95345.0;17122.0;78223.0
990700;95345.0;17122.0;78223.0
990800;95345.0;17122.0;78223.0
990900;95345.0;17122.0;78223.0
991000;95291.0;17068.0;78223.0
991100;95291.0;17068.0;78223.0
991200;95291.0;17068.0;78223.0
991300;95210.0;16987.0;78223.0
991400;95510.0;17131.0;78379.0
991500;95325.5;17063.5;78262.0
991600;95499.5;17198.5;78301.0
991700;95526.5;17108.5;78418.0
991800;95432.0;17131.0;78301.0
991900;96023.0;17176.0;78847.0
992000;95549.0;17131.0;78418.0
992100;95432.0;17131.0;78301.0
992200;95387.0;17086.0;78301.0
992300;95477.0;17176.0;78301.0
992400;95544.5;17243.5;78301.0
992500;95516.0;17176.0;78340.0
992600;96078.5;17153.5;78925.0
992700;95577.5;17198.5;78379.0
992800;95510.0;17131.0;78379.0
992900;95627.0;17131.0;78496.0
993000;94775.0;17176.0;77599.0
993100;95505.5;17243.5;78262.0
993200;95256.5;17423.5;77833.0
993300;95746.0;17211.0;78535.0
993400;95610.0;17231.0;78379.0
993500;95473.0;17211.0;78262.0
993600;95708.0;17251.0;78457.0
993700;95825.0;17251.0;78574.0
993800;95708.0;17251.0;78457.0
993900;95708.0;17251.0;78457.0
994000;95651.0;17311.0;78340.0
994100;95425.0;16851.0;78574.0
994200;95748.0;17291.0;78457.0
994300;95748.0;17291.0;78457.0
994400;95748.0;17291.0;78457.0
994500;95883.0;17231.0;78652.0
994600;95903.0;17251.0;78652.0
994700;95826.0;17291.0;78535.0
994800;95786.0;17251.0;78535.0
994900;95786.0;17251.0;78535.0
995000;95786.0;17251.0;78535.0
995100;95863.0;17211.0;78652.0
995200;95828.0;17293.0;78535.0
995300;95828.0;17293.0;78535.0
995400;95672.0;17293.0;78379.0
995500;95867.0;17293.0;78574.0
995600;96023.0;17293.0;78730.0
995700;95906.0;17293.0;78613.0
995800;95906.0;17293.0;78613.0
995900;96023.0;17293.0;78730.0
996000;95406.0;17339.0;78067.0
996100;95906.0;17293.0;78613.0
996200;95906.0;17293.0;78613.0
996300;95331.0;17270.0;78061.0
996400;95160.0;17339.0;77821.0
996500;96114.0;17293.0;78821.0
996600;96040.0;17339.0;78701.0
996700;95672.0;16971.0;78701.0
996800;95112.0;16971.0;78141.0
996900;95971.0;17270.0;78701.0
997000;95851.0;17270.0;78581.0
997100;95971.0;17270.0;78701.0
997200;96040.0;17339.0;78701.0
997300;96086.0;17385.0;78701.0
997400;96338.0;17477.0;78861.0
997500;96034.0;17293.0;78741.0
997600;96920.0;17339.0;79581.0
997700;96005.0;17224.0;78781.0
997800;95514.0;17293.0;78221.0
997900;96074.0;17293.0;78781.0
998000;95954.0;17293.0;78661.0
998100;96051.0;17270.0;78781.0
998200;96000.0;17339.0;78661.0
998300;96051.0;17270.0;78781.0
998400;96166.0;17385.0;78781.0
998500;96274.0;17293.0;78981.0
998600;95994.0;17293.0;78701.0
998700;96108.0;17247.0;78861.0
998800;95993.0;17132.0;78861.0
998900;96154.0;17293.0;78861.0
999000;96320.0;17339.0;78981.0
999100;96200.0;17339.0;78861.0
999200;96200.0;17339.0;78861.0
999300;96269.0;17408.0;78861.0
999400;96286.0;17385.0;78901.0
999500;96194.0;17293.0;78901.0
999600;96234.0;17293.0;78941.0
999700;96602.0;17661.0;78941.0
999800;96234.0;17293.0;78941.0
999900;96234.0;17293.0;78941.0
