ts;day;side;qty;price;counterparty;mid_pre;mid_post_5;mid_post_20;mid_post_100;mid_post_500;spread_pre;imb1_pre;imb2_pre;imb3_pre;depth_bid_pre;depth_ask_pre;microprice_pre;inventory_day_pre;inventory_day;inventory_cum_pre;inventory_cum;trades_since_last_5;trades_since_last_20;trades_since_last_100;trades_other_mark_since_last_5;trades_other_mark_since_last_20;trades_other_mark_since_last_100;recent_ret_5;recent_ret_20;recent_ret_100;realised_vol_100;aggressor;adverse_select_5;adverse_select_20;adverse_select_100
6100;1;buy;3;5255.0;Mark 01;5253.5;5250.5;5247.5;5231.5;5245.5;5.0;0.4667;0.0;0.0;66.0;66.0;5254.666666666667;0;3;0;3;0;0;0;0;0;0;0.5;1.5;;1.0128000241355097;ambiguous;-4.5;-7.5;-23.5
9400;1;buy;8;5244.0;Mark 49;5246.0;5245.0;5243.5;5228.5;5247.0;6.0;0.0;0.0;0.0;61.0;61.0;5246.0;3;11;3;11;0;0;1;0;0;0;0.5;-0.5;;1.0185866621447708;ambiguous;1.0;-0.5;-15.5
14300;1;buy;6;5238.0;Mark 01;5235.5;5234.5;5230.0;5234.5;5242.5;5.0;0.5052;0.0;0.0;73.0;73.0;5236.762886597938;11;17;11;17;0;0;2;0;0;1;-3.0;-6.0;-17.0;1.1127398530717874;buy;-3.5;-8.0;-3.5
14800;1;sell;6;5232.0;Mark 01;5234.5;5233.5;5230.5;5233.5;5242.5;5.0;-0.5949;0.0;0.0;63.0;63.0;5233.012658227848;17;11;17;11;1;1;3;0;0;1;-1.0;-4.0;-17.0;1.101334397611233;sell;-1.5;1.5;-1.5
19300;1;sell;5;5226.0;Mark 14;5228.5;5228.5;5228.5;5239.5;5245.5;5.0;0.5;0.0;0.0;57.0;57.0;5229.75;11;6;11;6;0;0;3;0;1;2;1.0;-3.0;-17.5;1.2518937802126051;sell;-2.5;-2.5;-13.5
20200;1;sell;5;5224.0;Mark 14;5226.5;5227.5;5227.5;5237.5;5241.5;5.0;0.6;0.0;0.0;60.0;60.0;5228.0;6;1;6;1;0;1;3;0;0;2;-3.0;-5.0;-17.0;1.1979815013529715;sell;-3.5;-3.5;-13.5
29300;1;sell;4;5237.0;Mark 14;5239.5;5241.5;5232.0;5234.5;5239.5;5.0;0.4483;0.0;0.0;63.0;63.0;5240.620689655172;1;-3;1;-3;0;0;2;0;0;0;-3.0;4.0;11.0;1.2979306676234101;sell;-4.5;5.0;2.5
31700;1;buy;4;5237.0;Mark 01;5232.5;5236.0;5235.5;5228.0;5237.0;5.0;0.6;0.0;0.0;64.0;64.0;5234.0;-3;1;-3;1;0;0;1;0;0;0;-0.5;-9.0;4.5;1.3297127150251444;buy;-1.0;-1.5;-9.0
32600;1;buy;5;5240.0;Mark 01;5237.5;5240.0;5235.0;5230.5;5237.5;5.0;0.0;0.0;0.0;57.0;57.0;5237.5;1;6;1;6;0;1;2;0;0;0;3.0;1.0;5.5;1.3350157735399417;buy;0.0;-5.0;-9.5
36500;1;sell;7;5232.0;Mark 22;5233.5;5230.5;5231.5;5246.5;5236.5;5.0;0.0;0.0;0.0;54.0;54.0;5233.5;6;-1;6;-1;0;0;3;0;0;1;0.0;-1.0;4.0;1.2323025333582045;ambiguous;1.5;0.5;-14.5
38700;1;sell;8;5228.0;Mark 01;5232.5;5234.5;5232.0;5245.5;5242.0;5.0;0.0;0.0;0.0;67.0;67.0;5232.5;-1;-9;-1;-9;0;0;4;0;0;1;-0.5;-0.5;-9.5;1.242506361743703;sell;-6.5;-4.0;-17.5
39800;1;sell;4;5232.0;Mark 01;5235.0;5233.0;5229.5;5246.5;5243.5;6.0;0.0;0.0;0.0;53.0;53.0;5235.0;-9;-13;-9;-13;0;1;4;2;2;3;0.5;3.5;-6.5;1.232240434376935;sell;-1.0;2.5;-14.5
43600;1;sell;4;5229.0;Mark 01;5229.5;5236.0;5242.0;5243.5;5243.5;5.0;0.5556;0.0;0.0;56.0;56.0;5230.888888888889;-13;-17;-13;-17;0;0;3;0;0;2;-2.0;3.5;-7.0;1.2851327428393076;ambiguous;-7.0;-13.0;-14.5
47700;1;sell;4;5243.0;Mark 01;5246.5;5244.5;5245.5;5247.5;5243.0;5.0;0.6104;0.0;0.0;62.0;62.0;5248.025974025974;-17;-21;-17;-21;0;0;3;0;0;3;1.0;2.0;15.0;1.3585764709975694;sell;-1.5;-2.5;-4.5
48900;1;sell;6;5241.0;Mark 01;5245.5;5243.5;5243.0;5245.5;5246.5;3.0;-0.7143;0.0769;0.0769;56.0;48.0;5244.428571428572;-21;-27;-21;-27;0;1;3;0;0;3;0.0;0.0;11.5;1.342446663591253;sell;-2.5;-2.0;-4.5
49800;1;sell;3;5244.0;Mark 01;5245.5;5246.0;5247.5;5247.0;5247.5;5.0;0.0;0.0;0.0;63.0;63.0;5245.5;-27;-30;-27;-30;0;1;4;0;0;1;2.0;-1.0;10.5;1.328158000049159;ambiguous;-2.0;-3.5;-3.0
51700;1;sell;4;5243.0;Mark 14;5244.5;5246.5;5245.5;5245.5;5248.5;5.0;-0.5789;0.0;0.0;60.0;60.0;5243.0526315789475;-30;-34;-30;-34;0;1;4;0;0;1;-1.0;-1.0;16.5;1.2512619892159138;ambiguous;-3.5;-2.5;-2.5
59600;1;sell;4;5244.0;Mark 14;5246.5;5246.5;5245.5;5244.5;5270.5;5.0;0.0;0.0;0.0;72.0;72.0;5246.5;-34;-38;-34;-38;0;0;2;0;0;0;0.0;0.0;2.0;1.1610670638962273;sell;-2.5;-1.5;-0.5
60300;1;sell;5;5245.0;Mark 14;5247.5;5246.5;5243.5;5242.5;5267.5;5.0;0.0;0.0;0.0;52.0;52.0;5247.5;-38;-43;-38;-43;0;1;2;0;0;0;0.5;2.0;1.5;1.1622308430766732;sell;-1.5;1.5;2.5
62100;1;sell;6;5243.0;Mark 14;5244.5;5243.5;5241.5;5243.5;5263.5;5.0;0.5526;0.0;0.0;59.0;59.0;5245.881578947368;-43;-49;-43;-49;0;1;2;0;0;0;-1.0;-2.0;-2.0;1.134667645726512;ambiguous;-0.5;1.5;-0.5
63200;1;sell;8;5240.0;Mark 14;5242.0;5243.5;5244.5;5237.5;5260.0;6.0;0.0;0.0;0.0;61.0;61.0;5242.0;-49;-57;-49;-57;0;1;3;0;0;0;-1.0;-4.5;-3.5;1.112946143098127;ambiguous;-3.5;-4.5;2.5
64200;1;buy;6;5245.0;Mark 14;5241.5;5243.5;5242.0;5237.0;5264.5;5.0;0.0;0.0;0.0;53.0;53.0;5241.5;-57;-51;-57;-51;0;1;4;0;0;0;-2.0;-2.0;-5.0;0.9679065963549488;buy;-1.5;-3.0;-8.0
65700;1;sell;8;5240.0;Mark 14;5243.5;5242.0;5248.5;5237.5;5256.5;3.0;-0.4615;-0.358;0.0598;62.0;55.0;5242.807692307692;-51;-59;-51;-59;0;1;5;0;0;0;-1.0;0.0;-2.0;0.9997959183652217;sell;-2.0;-8.5;2.5
67700;1;buy;4;5250.0;Mark 14;5246.5;5246.5;5244.5;5237.5;5257.5;5.0;0.0;0.0;0.0;55.0;55.0;5246.5;-59;-55;-59;-55;0;1;6;0;0;0;0.0;4.0;-1.0;1.1168584140658504;buy;-3.5;-5.5;-12.5
73400;1;buy;6;5236.0;Mark 49;5238.0;5235.5;5239.5;5235.5;5264.5;6.0;0.0;0.0;0.0;46.0;46.0;5238.0;-55;-49;-55;-49;0;0;3;0;0;0;0.5;-2.5;-5.5;1.1974064753105356;ambiguous;-0.5;3.5;-0.5
74300;1;buy;6;5238.0;Mark 14;5237.0;5240.0;5239.5;5232.5;5262.0;6.0;0.0;0.0;0.0;55.0;55.0;5237.0;-49;-43;-49;-43;0;1;3;0;1;1;2.0;-6.5;-5.5;1.2037166536469932;ambiguous;2.0;1.5;-5.5
74400;1;sell;4;5235.0;Mark 14;5235.5;5239.5;5237.5;5232.5;5261.5;5.0;0.0;0.0;0.0;57.0;57.0;5235.5;-43;-47;-43;-47;1;2;4;0;1;1;0.0;-6.0;-9.0;1.1941854845598807;ambiguous;-4.5;-2.5;2.5
77300;1;buy;8;5241.0;Mark 14;5238.5;5236.5;5239.5;5239.5;5264.5;5.0;-0.4458;0.0;0.0;60.0;60.0;5237.385542168675;-47;-39;-47;-39;0;0;4;0;0;1;2.0;-2.0;-6.0;1.172652883084203;buy;-4.5;-1.5;-1.5
82300;1;sell;3;5235.0;Mark 01;5237.5;5235.5;5232.5;5242.5;5264.0;5.0;0.4048;0.0;0.0;59.0;59.0;5238.511904761905;-39;-42;-39;-42;0;0;4;0;0;2;0.0;0.0;-6.0;1.1748043621200077;sell;-0.5;2.5;-7.5
83200;1;buy;7;5237.0;Mark 01;5233.5;5235.0;5234.5;5244.5;5263.5;5.0;-0.5696;0.0;0.0;62.0;62.0;5232.0759493670885;-42;-35;-42;-35;0;1;5;0;0;2;-3.0;-3.0;-4.0;1.156179636519718;buy;-2.0;-2.5;7.5
87900;1;sell;3;5239.0;Mark 14;5241.5;5242.5;5243.0;5242.5;5257.5;5.0;0.0;0.0;0.0;49.0;49.0;5241.5;-35;-38;-35;-38;0;0;2;0;0;2;1.0;6.0;5.0;1.1448059018911438;sell;-3.5;-4.0;-3.5
91100;1;buy;6;5244.0;Mark 14;5242.5;5241.5;5244.0;5248.5;5258.5;5.0;0.0;0.0;0.0;54.0;54.0;5242.5;-38;-32;-38;-32;0;0;3;0;0;2;-1.0;0.0;6.0;1.0642793532627846;ambiguous;-2.5;0.0;4.5
92000;1;buy;8;5243.0;Mark 14;5240.5;5243.5;5245.5;5244.0;5259.5;5.0;0.4943;0.0;0.0;65.0;65.0;5241.735632183908;-32;-24;-32;-24;0;1;4;0;0;2;-0.5;-2.0;3.0;1.053656887922043;buy;0.5;2.5;1.0
93700;1;buy;6;5246.0;Mark 01;5243.5;5245.5;5241.5;5246.5;5264.0;5.0;-0.4769;0.0;0.0;48.0;48.0;5242.307692307692;-24;-18;-24;-18;0;1;3;0;0;2;-1.0;3.0;8.5;1.0848832829285362;buy;-0.5;-4.5;0.5
93800;1;buy;7;5246.0;Mark 01;5243.5;5243.5;5241.5;5247.5;5264.0;5.0;-0.6104;0.0;0.0;62.0;62.0;5241.974025974026;-18;-11;-18;-11;1;2;4;0;0;2;1.0;2.0;8.0;1.0841071145852224;buy;-2.5;-4.5;1.5
100500;1;buy;4;5248.0;Mark 14;5246.5;5248.0;5245.5;5267.5;5265.5;5.0;-0.45;0.0;0.0;58.0;58.0;5245.375;-11;-7;-11;-7;0;0;4;0;0;0;-2.0;1.0;2.0;1.1099167134082581;ambiguous;0.0;-2.5;19.5
104400;1;buy;6;5252.0;Mark 14;5249.5;5250.5;5259.0;5265.5;5254.5;5.0;-0.4945;0.0;0.0;68.0;68.0;5248.263736263736;-7;-1;-7;-1;0;0;1;0;0;0;2.0;4.0;6.0;1.0969948096907849;buy;-1.5;7.0;13.5
107900;1;buy;3;5267.0;Mark 01;5263.5;5264.0;5270.5;5257.5;5255.0;5.0;-0.6;0.0;0.0;60.0;60.0;5262.0;-1;2;-1;2;0;0;2;0;0;0;0.0;6.0;21.0;1.0919607725289242;buy;-3.0;3.5;-9.5
110100;1;sell;4;5265.0;Mark 01;5270.0;5266.5;5263.5;5258.5;5252.5;6.0;0.0;0.0;0.0;54.0;54.0;5270.0;2;-2;2;-2;0;0;3;0;1;1;-0.5;8.5;22.0;1.1106059457696507;sell;-1.5;1.5;6.5
112000;1;sell;3;5260.0;Mark 14;5262.5;5264.5;5264.5;5263.5;5254.5;5.0;0.52;0.0;0.0;57.0;57.0;5263.8;-2;-5;-2;-5;0;1;3;0;0;1;-2.0;-7.5;18.5;1.1339255551291907;sell;-4.5;-4.5;-3.5
118800;1;sell;3;5257.0;Mark 14;5258.5;5258.0;5260.5;5264.5;5249.5;5.0;0.5263;0.0;0.0;58.0;58.0;5259.815789473684;-5;-8;-5;-8;0;0;2;0;0;1;3.0;2.5;-8.0;1.1757376165475881;ambiguous;-1.0;-3.5;-7.5
123300;1;sell;7;5262.0;Mark 01;5264.5;5264.5;5263.5;5264.0;5249.0;5.0;0.0;0.0;0.0;62.0;62.0;5264.5;-8;-15;-8;-15;0;0;1;0;0;0;1.0;2.5;3.0;1.1673551687429227;sell;-2.5;-1.5;-2.0
125600;1;buy;3;5265.0;Mark 14;5263.0;5263.5;5266.5;5260.5;5246.5;6.0;0.0;0.0;0.0;61.0;61.0;5263.0;-15;-12;-15;-12;0;0;2;0;0;0;-1.5;-2.5;5.5;1.0466128361202924;ambiguous;-1.5;1.5;-4.5
131300;1;sell;5;5265.0;Mark 49;5266.0;5264.0;5264.0;5258.5;5247.5;6.0;0.0;0.0;0.0;67.0;67.0;5266.0;-12;-17;-12;-17;0;0;2;0;0;0;2.5;2.5;4.0;0.9657696142778893;ambiguous;1.0;1.0;6.5
131800;1;sell;5;5261.0;Mark 01;5263.0;5264.0;5267.5;5259.5;5244.5;6.0;0.0;0.0;0.0;72.0;72.0;5263.0;-17;-22;-17;-22;1;1;3;0;0;0;-3.5;-1.5;-3.5;0.9272870314250693;ambiguous;-3.0;-6.5;1.5
134000;1;sell;8;5264.0;Mark 14;5267.0;5261.5;5262.5;5262.0;5242.5;6.0;0.0;0.0;0.0;59.0;59.0;5267.0;-22;-30;-22;-30;0;0;3;0;1;1;1.5;4.5;3.5;0.9981106526897475;sell;2.5;1.5;2.0
135200;1;buy;8;5264.0;Mark 01;5263.5;5261.0;5260.0;5260.5;5241.5;3.0;-0.7231;0.0744;0.0744;65.0;56.0;5262.415384615385;-30;-22;-30;-22;0;1;4;0;0;1;2.0;0.0;-1.5;1.0036663734351028;ambiguous;-3.0;-4.0;-3.5
135500;1;sell;7;5257.0;Mark 14;5258.5;5262.5;5259.5;5261.5;5236.5;5.0;0.4848;0.0;0.0;49.0;49.0;5259.712121212121;-22;-29;-22;-29;1;2;5;0;0;1;-3.0;-7.0;-4.5;1.0325287901455042;ambiguous;-5.5;-2.5;-4.5
138000;1;sell;7;5254.0;Mark 01;5257.5;5257.5;5258.5;5267.5;5231.5;5.0;0.0;0.0;0.0;56.0;56.0;5257.5;-29;-36;-29;-36;0;0;5;0;0;1;-2.0;-5.0;-8.0;1.151869518395833;sell;-3.5;-4.5;-13.5
140000;1;buy;5;5261.0;Mark 14;5257.5;5255.5;5259.5;5267.0;5238.5;5.0;0.575;0.0;0.0;63.0;63.0;5258.9375;-36;-31;-36;-31;0;1;6;1;1;2;0.5;1.0;-4.0;1.2384349191106345;buy;-5.5;-1.5;6.0
140100;1;buy;4;5260.0;Mark 14;5258.5;5255.5;5259.5;5266.0;5238.5;5.0;0.475;0.0;0.0;59.0;59.0;5259.6875;-31;-27;-31;-27;1;1;7;1;1;2;0.0;2.0;-4.5;1.233150906022776;ambiguous;-4.5;-0.5;6.0
141000;1;buy;4;5260.0;Mark 14;5255.5;5258.5;5264.5;5265.5;5239.0;5.0;0.4878;0.0;0.0;61.0;61.0;5256.719512195122;-27;-23;-27;-23;0;2;8;0;1;2;0.0;-3.0;-11.0;1.1967032904743342;buy;-1.5;4.5;5.5
142000;1;buy;6;5262.0;Mark 14;5259.0;5262.5;5262.0;5259.0;5238.5;6.0;0.0;0.0;0.0;62.0;62.0;5259.0;-23;-17;-23;-17;0;3;7;0;0;2;0.5;0.5;-3.5;1.2190668008406036;buy;0.5;0.0;-3.0
144500;1;sell;5;5258.0;Mark 01;5260.5;5261.0;5263.5;5253.0;5237.5;5.0;-0.5;0.0;0.0;60.0;60.0;5259.25;-17;-22;-17;-22;0;0;7;0;0;1;-1.5;-2.0;-1.0;1.1806088952461493;sell;-3.0;-5.5;5.0
146700;1;sell;7;5260.0;Mark 14;5262.5;5265.5;5264.5;5247.5;5235.5;5.0;0.0;0.0;0.0;54.0;54.0;5262.5;-22;-29;-22;-29;0;0;6;0;0;1;-0.5;1.0;1.0;1.1414588352740727;sell;-5.5;-4.5;12.5
148300;1;sell;4;5265.0;Mark 22;5265.0;5262.5;5266.5;5256.5;5240.5;6.0;0.0;0.0;0.0;70.0;70.0;5265.0;-29;-33;-29;-33;0;1;6;0;0;1;-3.5;2.5;8.5;1.0708261797671776;ambiguous;2.5;-1.5;8.5
150700;1;buy;7;5268.0;Mark 01;5265.5;5266.5;5257.0;5254.5;5241.5;5.0;0.4815;0.0;0.0;60.0;60.0;5266.7037037037035;-33;-26;-33;-26;0;0;5;0;0;0;0.0;1.0;10.0;0.9821122309804536;buy;-1.5;-11.0;-13.5
151400;1;sell;7;5261.0;Mark 01;5264.5;5260.0;5256.5;5254.5;5243.5;5.0;0.4;0.0;0.0;56.0;56.0;5265.5;-26;-33;-26;-33;0;1;5;0;0;0;-1.0;0.0;6.0;0.9699336832290437;sell;1.0;4.5;6.5
164000;1;sell;5;5251.0;Mark 14;5254.5;5252.5;5250.5;5249.0;5255.5;5.0;0.0;0.0;0.0;67.0;67.0;5254.5;-33;-38;-33;-38;0;0;0;0;1;1;1.0;0.0;3.0;1.1759762370868034;sell;-1.5;0.5;2.0
165500;1;sell;4;5250.0;Mark 49;5251.5;5250.5;5252.5;5247.5;5253.5;5.0;0.0;0.0;0.0;64.0;64.0;5251.5;-38;-42;-38;-42;0;1;1;0;0;1;-1.0;-2.0;2.0;1.1610670638962273;ambiguous;-0.5;-2.5;2.5
167600;1;sell;6;5249.0;Mark 01;5252.5;5253.5;5254.5;5245.5;5251.0;5.0;0.0;0.0;0.0;49.0;49.0;5252.5;-42;-48;-42;-48;0;0;2;0;0;1;-2.0;2.0;0.0;1.1169040905443706;sell;-4.5;-5.5;3.5
168400;1;sell;3;5248.0;Mark 14;5252.0;5249.5;5249.5;5249.5;5252.5;6.0;0.0;0.0;0.0;67.0;67.0;5252.0;-48;-51;-48;-51;0;1;3;0;0;1;-0.5;-2.0;-5.0;1.0456619127772984;sell;-1.5;-1.5;-1.5
171700;1;sell;7;5248.0;Mark 01;5251.0;5250.5;5248.5;5245.5;5243.5;6.0;0.0;0.0;0.0;58.0;58.0;5251.0;-51;-58;-51;-58;0;0;4;0;0;1;2.5;-4.5;-3.5;1.1552526621465073;sell;-2.5;-0.5;2.5
179200;1;sell;4;5243.0;Mark 01;5247.5;5247.5;5246.5;5236.5;5248.5;5.0;0.3902;0.0;0.0;57.0;57.0;5248.475609756098;-58;-62;-58;-62;0;0;1;0;0;0;-0.5;1.0;-4.5;1.1893698125327494;sell;-4.5;-3.5;6.5
180100;1;buy;3;5248.0;Mark 01;5245.0;5248.5;5243.5;5238.5;5245.5;6.0;0.0;0.0;0.0;58.0;58.0;5245.0;-62;-59;-62;-59;0;1;2;0;0;0;0.5;-3.5;-5.0;1.21749649885409;buy;0.5;-4.5;-9.5
187400;1;buy;8;5235.0;Mark 01;5231.5;5231.5;5238.5;5237.5;5250.0;5.0;0.4595;0.0;0.0;54.0;54.0;5232.648648648648;-59;-51;-59;-51;0;0;2;0;0;0;-3.0;-5.0;-15.0;1.3696835612108513;buy;-3.5;3.5;2.5
187600;1;buy;5;5235.0;Mark 01;5231.5;5230.0;5240.5;5236.5;5248.5;5.0;-0.5682;0.0;0.0;69.0;69.0;5230.079545454545;-51;-46;-51;-46;1;1;3;0;0;0;-2.5;-6.0;-14.0;1.3689198057400935;buy;-5.0;5.5;1.5
188800;1;sell;6;5232.0;Mark 22;5232.5;5237.5;5237.5;5241.5;5251.5;5.0;0.519;0.0;0.0;60.0;60.0;5233.797468354431;-46;-52;-46;-52;0;2;4;0;0;0;1.0;-5.0;-16.0;1.3443264297177944;ambiguous;-5.5;-5.5;-9.5
190600;1;sell;6;5234.0;Mark 14;5236.5;5239.5;5233.5;5240.5;5256.5;5.0;-0.4783;0.0;0.0;51.0;51.0;5235.304347826087;-52;-58;-52;-58;0;1;3;0;0;0;-2.0;3.0;-12.0;1.2574844800755411;sell;-5.5;0.5;-6.5
190700;1;buy;3;5239.0;Mark 14;5236.5;5239.5;5233.5;5241.5;5257.5;5.0;0.0;0.0;0.0;60.0;60.0;5236.5;-58;-55;-58;-55;1;2;4;0;0;0;-1.0;4.0;-11.0;1.2543974277900287;buy;0.5;-5.5;2.5
191100;1;sell;8;5237.0;Mark 14;5239.0;5237.5;5235.5;5240.5;5259.5;2.0;0.8571;0.3978;-0.037;65.0;70.0;5239.857142857143;-55;-63;-55;-63;2;2;5;0;0;0;2.5;4.0;-9.5;1.2465645065838287;sell;-0.5;1.5;-3.5
192600;1;sell;3;5231.0;Mark 14;5233.5;5235.5;5235.5;5243.5;5258.5;5.0;-0.5;0.0;0.0;51.0;51.0;5232.25;-63;-66;-63;-66;0;3;6;0;0;0;-3.5;-3.0;-13.0;1.2644834825755362;sell;-4.5;-4.5;-12.5
194400;1;sell;5;5234.0;Mark 14;5236.0;5233.5;5234.5;5240.0;5254.0;6.0;0.0;0.0;0.0;54.0;54.0;5236.0;-66;-71;-66;-71;0;1;7;0;0;0;-0.5;1.5;-4.5;1.2413150998947904;ambiguous;0.5;-0.5;-6.0
195200;1;buy;3;5236.0;Mark 14;5234.5;5234.5;5236.0;5242.0;5253.5;5.0;-0.4713;0.0;0.0;64.0;64.0;5233.3218390804595;-71;-68;-71;-68;0;1;8;0;0;0;-0.5;0.0;-7.0;1.2081585056599526;ambiguous;-1.5;0.0;6.0
196100;1;buy;5;5236.0;Mark 14;5236.5;5233.5;5238.5;5244.5;5256.0;5.0;-0.5833;0.0;0.0;57.0;57.0;5235.041666666667;-68;-63;-68;-63;0;2;9;0;0;0;1.0;0.0;2.5;1.115487250002377;ambiguous;-2.5;2.5;8.5
198900;1;buy;5;5243.0;Mark 14;5241.5;5240.5;5241.5;5246.5;5263.5;5.0;-0.5632;0.0;0.0;68.0;68.0;5240.091954022989;-63;-58;-63;-58;0;0;7;0;1;1;0.0;5.0;7.0;1.1481432111824503;ambiguous;-2.5;-1.5;3.5
199200;1;buy;5;5243.0;Mark 14;5242.5;5239.5;5241.5;5247.5;5265.0;3.0;-0.75;0.0667;0.0667;80.0;70.0;5241.375;-58;-53;-58;-53;1;1;8;0;1;1;1.0;6.5;6.0;1.1531089448751786;ambiguous;-3.5;-1.5;4.5
203700;1;buy;3;5241.0;Mark 14;5241.0;5242.5;5245.5;5256.5;5264.5;2.0;-0.2;0.0746;0.0746;72.0;62.0;5240.8;-53;-50;-53;-50;0;0;5;0;0;1;0.0;-3.0;3.5;1.2638176197627784;ambiguous;1.5;4.5;15.5
206800;1;sell;6;5241.0;Mark 01;5244.5;5245.5;5246.5;5251.5;5264.5;5.0;0.0;0.0;0.0;60.0;60.0;5244.5;-50;-56;-50;-56;0;0;3;0;0;1;1.0;1.0;8.0;1.2364560604524732;sell;-4.5;-5.5;-10.5
207600;1;buy;4;5251.0;Mark 01;5248.5;5247.5;5248.5;5251.0;5263.5;5.0;-0.4359;0.0;0.0;56.0;56.0;5247.410256410257;-56;-52;-56;-52;0;1;4;0;0;0;2.5;2.0;12.0;1.2514454452669277;buy;-3.5;-2.5;0.0
210300;1;sell;5;5250.0;Mark 14;5252.5;5251.5;5255.5;5246.5;5253.5;3.0;-0.2857;0.0694;0.0694;77.0;67.0;5252.071428571428;-52;-57;-52;-57;0;0;3;0;0;0;2.0;5.0;12.0;1.128355621933992;sell;-1.5;-5.5;3.5
213700;1;buy;5;5259.0;Mark 01;5256.5;5253.5;5252.5;5247.5;5255.5;5.0;-0.4681;0.0;0.0;69.0;69.0;5255.329787234043;-57;-52;-57;-52;0;0;4;0;0;0;-2.0;3.0;18.0;1.0455643332779465;buy;-5.5;-6.5;-11.5
214400;1;sell;3;5250.0;Mark 01;5252.5;5251.0;5249.5;5248.0;5252.5;5.0;0.5;0.0;0.0;60.0;60.0;5253.75;-52;-55;-52;-55;0;1;4;0;0;0;-3.0;-3.0;12.5;1.0573060734941648;sell;-1.0;0.5;2.0
215000;1;sell;4;5249.0;Mark 14;5251.0;5253.5;5253.0;5252.5;5253.5;6.0;0.0;0.0;0.0;65.0;65.0;5251.0;-55;-59;-55;-59;0;2;5;0;0;0;-2.0;-6.5;7.5;1.0405021038417817;ambiguous;-4.5;-4.0;-3.5
217100;1;buy;4;5257.0;Mark 14;5253.0;5251.0;5251.5;5254.0;5251.0;6.0;0.0;0.0;0.0;74.0;74.0;5253.0;-59;-55;-59;-55;0;0;5;0;0;0;3.0;1.5;7.0;1.0612792476370942;buy;-6.0;-5.5;-3.0
218900;1;sell;8;5249.0;Mark 14;5252.0;5251.5;5244.5;5246.5;5247.5;6.0;0.0;0.0;0.0;71.0;71.0;5252.0;-55;-63;-55;-63;0;1;5;0;0;0;-0.5;-1.0;5.5;1.1007088828992788;sell;-2.5;4.5;2.5
221800;1;sell;7;5241.0;Mark 14;5243.5;5246.5;5248.0;5243.0;5259.0;3.0;-0.6;-0.2093;0.1111;65.0;52.0;5242.6;-63;-70;-63;-70;0;0;5;0;0;0;0.0;-6.5;-11.0;1.0578125790047996;sell;-5.5;-7.0;-2.0
225100;1;buy;5;5254.0;Mark 14;5252.5;5250.5;5254.0;5247.0;5256.5;5.0;0.0;0.0;0.0;64.0;64.0;5252.5;-70;-65;-70;-65;0;0;3;0;0;0;3.5;6.0;1.0;1.0224248212213378;ambiguous;-3.5;0.0;-7.0
237900;1;buy;6;5254.0;Mark 01;5249.5;5248.5;5255.5;5257.0;5266.0;5.0;0.5952;0.0;0.0;67.0;67.0;5250.988095238095;-65;-59;-65;-59;0;0;0;0;0;0;-0.5;2.0;-5.0;1.095202922701398;buy;-5.5;1.5;3.0
239400;1;sell;6;5251.0;Mark 14;5253.5;5255.5;5258.5;5265.5;5265.5;5.0;0.4667;0.0;0.0;66.0;66.0;5254.666666666667;-59;-65;-59;-65;0;1;1;0;0;0;1.0;3.5;5.5;1.0633682166048115;sell;-4.5;-7.5;-14.5
239600;1;buy;5;5255.0;Mark 22;5253.5;5255.0;5259.5;5265.5;5268.0;5.0;0.5065;0.0;0.0;58.0;58.0;5254.766233766234;-65;-60;-65;-60;1;2;2;0;0;0;0.0;5.0;7.0;1.0565096456559904;ambiguous;0.0;4.5;10.5
240200;1;buy;3;5258.0;Mark 14;5255.0;5257.5;5261.5;5265.0;5273.5;6.0;0.0;0.0;0.0;53.0;53.0;5255.0;-60;-57;-60;-57;0;2;3;0;0;0;0.5;5.0;8.5;1.0517911707514602;buy;-0.5;3.5;7.0
245600;1;buy;6;5256.0;Mark 14;5253.5;5256.0;5256.5;5263.5;5274.5;5.0;0.0;0.0;0.0;61.0;61.0;5253.5;-57;-51;-57;-51;0;0;4;0;0;1;-1.0;-1.5;8.0;1.113977020207716;buy;0.0;0.5;7.5
248300;1;sell;5;5257.0;Mark 01;5258.5;5263.5;5264.5;5258.5;5269.0;5.0;0.5522;0.0;0.0;52.0;52.0;5259.880597014925;-51;-56;-51;-56;0;0;4;0;0;1;1.5;3.0;8.5;1.1033475327302085;ambiguous;-6.5;-7.5;-1.5
250500;1;sell;4;5260.0;Mark 01;5264.5;5263.5;5264.5;5256.0;5269.5;5.0;0.0;0.0;0.0;59.0;59.0;5264.5;-56;-60;-56;-60;0;0;2;0;0;1;-2.0;2.0;9.5;1.1318991988456002;sell;-3.5;-4.5;4.0
251200;1;sell;8;5262.0;Mark 01;5263.5;5265.0;5262.5;5257.5;5270.5;5.0;0.0;0.0;0.0;58.0;58.0;5263.5;-60;-68;-60;-68;0;1;3;0;0;1;0.0;-1.5;5.0;1.1270210790401194;ambiguous;-3.0;-0.5;4.5
252400;1;buy;6;5267.0;Mark 14;5264.5;5265.5;5265.0;5253.0;5269.5;5.0;-0.5072;0.0;0.0;52.0;52.0;5263.231884057971;-68;-62;-68;-62;0;2;4;0;1;2;2.5;0.0;5.0;1.1795713771590408;buy;-1.5;-2.0;-14.0
253900;1;buy;3;5266.0;Mark 14;5264.5;5265.0;5264.5;5254.5;5263.5;5.0;0.0;0.0;0.0;59.0;59.0;5264.5;-62;-59;-62;-59;0;1;5;0;0;1;1.0;2.5;8.0;1.127496266891333;ambiguous;-1.0;-1.5;-11.5
262200;1;sell;4;5250.0;Mark 01;5253.5;5257.5;5252.5;5259.5;5266.0;5.0;0.0;0.0;0.0;48.0;48.0;5253.5;-59;-63;-59;-63;0;0;2;0;0;1;-1.5;-1.0;-10.0;1.2267634142920323;sell;-7.5;-2.5;-9.5
263900;1;buy;7;5257.0;Mark 14;5253.5;5252.5;5250.5;5259.5;5259.0;5.0;-0.5584;0.0;0.0;60.0;60.0;5252.103896103896;-63;-56;-63;-56;0;1;2;0;0;1;-2.0;-1.5;-10.0;1.294861245988394;buy;-4.5;-6.5;2.5
265600;1;sell;5;5248.0;Mark 14;5250.5;5251.0;5249.0;5259.5;5250.0;5.0;0.0;0.0;0.0;55.0;55.0;5250.5;-56;-61;-56;-61;0;1;2;1;1;2;-2.0;-3.0;-13.0;1.362532287794353;sell;-3.0;-1.0;-11.5
265800;1;buy;7;5252.0;Mark 14;5246.5;5252.5;5247.5;5258.5;5249.5;1.0;0.2821;0.2427;-0.0986;64.0;78.0;5246.641025641025;-61;-54;-61;-54;1;2;3;1;1;2;-4.5;-7.0;-18.0;1.4114512651922686;buy;0.5;-4.5;6.5
266500;1;buy;5;5253.0;Mark 01;5250.5;5250.5;5246.5;5254.0;5247.5;5.0;-0.439;0.0;0.0;59.0;59.0;5249.40243902439;-54;-49;-54;-49;0;2;4;0;1;2;-1.0;-2.0;-15.5;1.4540894346886142;buy;-2.5;-6.5;1.0
267400;1;buy;3;5253.0;Mark 14;5251.5;5247.5;5250.5;5251.5;5247.5;5.0;0.0;0.0;0.0;55.0;55.0;5251.5;-49;-46;-49;-46;0;3;5;0;0;2;2.5;2.5;-13.0;1.4557199242671568;ambiguous;-5.5;-2.5;-1.5
268700;1;buy;5;5251.0;Mark 14;5247.5;5250.0;5259.0;5255.0;5248.0;5.0;0.5227;0.0;0.0;67.0;67.0;5248.806818181818;-46;-41;-46;-41;0;1;6;0;0;1;2.0;-1.5;-8.5;1.3503467643692284;buy;-1.0;8.0;4.0
269300;1;sell;5;5247.0;Mark 01;5250.0;5251.0;5257.5;5256.5;5245.0;6.0;0.0;0.0;0.0;75.0;75.0;5250.0;-41;-46;-41;-46;0;2;7;0;0;1;3.5;-1.5;-7.0;1.3743871012532893;sell;-4.0;-10.5;-9.5
275300;1;buy;8;5259.0;Mark 01;5256.5;5258.5;5251.5;5264.5;5247.5;5.0;-0.5663;0.0;0.0;65.0;65.0;5255.084337349397;-46;-38;-46;-38;0;0;6;0;0;2;-1.0;-4.0;5.5;1.1301400844806557;buy;-0.5;-7.5;5.5
276500;1;buy;7;5255.0;Mark 14;5253.5;5251.5;5255.5;5265.5;5250.5;5.0;-0.5122;0.0;0.0;62.0;62.0;5252.219512195122;-38;-31;-38;-31;0;1;5;0;0;1;-3.0;-5.0;3.5;1.000637486836896;ambiguous;-3.5;0.5;10.5
277400;1;buy;4;5254.0;Mark 14;5251.5;5253.0;5258.5;5266.5;5252.5;5.0;0.0;0.0;0.0;61.0;61.0;5251.5;-31;-27;-31;-27;0;1;5;0;0;1;2.0;-7.0;1.0;1.0347004592161009;buy;-1.0;4.5;12.5
278300;1;buy;5;5258.0;Mark 14;5256.5;5256.5;5258.5;5265.5;5251.0;3.0;-0.6;0.0395;0.0395;79.0;73.0;5255.6;-27;-22;-27;-22;0;2;5;0;0;1;4.5;4.0;10.0;1.0395701276984732;buy;-1.5;0.5;7.5
279600;1;buy;4;5260.0;Mark 01;5256.0;5261.0;5257.5;5268.0;5245.0;2.0;0.7188;-0.0756;-0.0756;55.0;64.0;5256.71875;-22;-18;-22;-18;0;1;4;0;0;1;1.0;4.5;5.5;1.0728252347364493;buy;1.0;-2.5;8.0
282200;1;sell;7;5260.0;Mark 14;5259.5;5260.0;5261.5;5272.5;5240.5;5.0;0.5556;0.0;0.0;70.0;70.0;5260.888888888889;-18;-25;-18;-25;0;0;5;0;1;2;2.5;1.0;0.0;1.2206141855225958;ambiguous;0.0;-1.5;-12.5
283400;1;buy;7;5259.0;Mark 14;5257.5;5260.5;5264.5;5271.0;5241.5;5.0;0.5455;0.0;0.0;68.0;68.0;5258.863636363636;-25;-18;-25;-18;0;1;6;0;0;1;-1.5;5.0;-4.0;1.286442058580442;ambiguous;1.5;5.5;12.0
286300;1;buy;6;5266.0;Mark 01;5262.5;5265.5;5265.5;5274.5;5251.5;5.0;0.4186;0.0;0.0;61.0;61.0;5263.546511627907;-18;-12;-18;-12;0;0;6;0;0;1;-1.0;1.5;10.0;1.3006987205014584;buy;-0.5;-0.5;8.5
289100;1;buy;5;5271.0;Mark 14;5268.5;5268.0;5273.5;5268.5;5248.5;5.0;0.0;0.0;0.0;54.0;54.0;5268.5;-12;-7;-12;-7;0;0;4;0;0;1;2.0;1.0;13.5;1.3922915160800173;buy;-3.0;2.5;-2.5
291400;1;buy;5;5274.0;Mark 49;5274.5;5271.5;5271.0;5268.5;5249.5;5.0;0.5;0.0;0.0;51.0;51.0;5275.75;-7;-2;-7;-2;0;0;4;0;0;1;2.0;9.0;22.0;1.3966450099973928;ambiguous;-2.5;-3.0;-5.5
292400;1;buy;8;5275.0;Mark 01;5272.5;5272.5;5275.0;5269.5;5250.0;5.0;0.0;0.0;0.0;52.0;52.0;5272.5;-2;6;-2;6;0;1;4;0;1;2;1.0;-0.5;12.0;1.3259090822520716;buy;-2.5;0.0;-5.5
296900;1;sell;5;5270.0;Mark 01;5273.5;5272.5;5268.5;5266.5;5247.0;5.0;0.0;0.0;0.0;68.0;68.0;5273.5;6;1;6;1;0;0;3;0;0;2;-2.0;-3.0;6.0;1.3357416266990418;sell;-2.5;1.5;3.5
297400;1;buy;4;5275.0;Mark 14;5272.5;5271.0;5272.0;5271.5;5246.0;5.0;0.4474;0.0;0.0;55.0;55.0;5273.618421052632;1;5;1;5;1;1;4;0;0;2;-0.5;-2.5;6.0;1.2738090640596182;buy;-4.0;-3.0;-3.5
307500;1;buy;8;5275.0;Mark 01;5271.5;5271.0;5265.5;5247.5;5244.5;5.0;-0.4493;0.0;0.0;50.0;50.0;5270.376811594203;5;13;5;13;0;0;0;0;0;0;5.0;8.0;-1.0;1.1568413063072989;buy;-4.0;-9.5;-27.5
309500;1;buy;4;5268.0;Mark 01;5266.0;5267.5;5264.5;5247.0;5248.5;6.0;0.0;0.0;0.0;71.0;71.0;5266.0;13;17;13;17;0;1;1;0;1;1;-1.5;-6.5;-4.5;1.1614404785901091;ambiguous;-0.5;-3.5;-21.0
310600;1;sell;3;5264.0;Mark 14;5265.5;5264.5;5264.0;5246.5;5248.0;1.0;0.2414;0.3763;-0.0791;64.0;75.0;5265.620689655172;17;14;17;14;0;1;2;1;1;2;-3.0;-4.0;-4.5;1.1936086297715836;sell;-0.5;0.0;17.5
313000;1;buy;5;5267.0;Mark 01;5264.0;5261.5;5250.5;5253.5;5251.5;6.0;0.0;0.0;0.0;66.0;66.0;5264.0;14;19;14;19;0;0;3;0;0;2;-0.5;-0.5;-4.5;1.0919607725289242;buy;-5.5;-16.5;-13.5
314500;1;sell;4;5251.0;Mark 14;5253.5;5250.5;5247.5;5250.5;5252.0;5.0;-0.4483;0.0;0.0;63.0;63.0;5252.379310344828;19;15;19;15;0;1;4;0;0;2;-4.0;-11.0;-12.5;1.033146205792093;sell;0.5;3.5;0.5
318900;1;buy;4;5250.0;Mark 14;5247.5;5248.5;5248.5;5248.5;5251.0;5.0;0.4667;0.0;0.0;55.0;55.0;5248.666666666667;15;19;15;19;0;0;4;0;0;1;-2.0;2.5;-19.5;0.9687495371603504;buy;-1.5;-1.5;-1.5
321900;1;buy;7;5253.0;Mark 14;5250.0;5253.5;5251.5;5241.5;5249.5;6.0;0.0;0.0;0.0;56.0;56.0;5250.0;19;26;19;26;0;0;3;0;0;0;4.5;6.5;-15.5;1.1362850702357796;buy;0.5;-1.5;-11.5
324100;1;buy;7;5254.0;Mark 14;5254.5;5249.5;5251.5;5247.5;5255.5;3.0;-0.7867;-0.3958;0.0563;75.0;67.0;5253.32;26;33;26;33;0;0;3;0;0;0;1.5;1.0;-2.0;1.171891314123085;ambiguous;-4.5;-2.5;-6.5
328500;1;sell;4;5249.0;Mark 14;5250.5;5249.5;5245.5;5248.5;5250.5;5.0;0.0;0.0;0.0;63.0;63.0;5250.5;33;29;33;29;0;0;3;0;0;0;-2.5;0.0;1.0;1.1590221365570559;ambiguous;-0.5;3.5;0.5
333100;1;sell;4;5236.0;Mark 01;5236.5;5244.5;5249.5;5250.5;5250.5;1.0;0.5152;-0.0571;-0.0571;66.0;74.0;5236.757575757576;29;25;29;25;0;0;2;0;0;0;-4.0;-9.5;-18.0;1.071802374777418;sell;-8.5;-13.5;-14.5
335300;1;sell;3;5245.0;Mark 01;5248.5;5248.5;5251.5;5245.5;5248.5;5.0;-0.5224;0.0;0.0;51.0;51.0;5247.194029850746;25;22;25;22;0;0;2;0;0;0;1.5;8.0;1.0;1.1480765600676452;sell;-3.5;-6.5;-0.5
342000;1;sell;6;5249.0;Mark 14;5249.5;5249.5;5250.0;5244.5;5245.0;5.0;0.4493;0.0;0.0;50.0;50.0;5250.623188405797;22;16;22;16;0;0;2;0;1;1;1.0;-0.5;8.0;1.336562511446961;ambiguous;-0.5;-1.0;4.5
344200;1;buy;4;5253.0;Mark 01;5249.5;5247.5;5246.5;5243.5;5240.5;5.0;-0.575;0.0;0.0;63.0;63.0;5248.0625;16;20;16;20;0;0;2;0;1;2;-2.5;-2.0;5.0;1.2623029889186979;buy;-5.5;-6.5;-9.5
345700;1;sell;7;5245.0;Mark 14;5248.5;5246.5;5247.5;5240.5;5242.5;5.0;0.4933;0.0;0.0;56.0;56.0;5249.733333333334;20;13;20;13;0;1;2;0;0;2;3.0;-3.5;0.0;1.1634153830577252;sell;-1.5;-2.5;4.5
358100;1;sell;6;5245.0;Mark 14;5246.5;5247.5;5248.5;5250.5;5238.5;5.0;0.0;0.0;0.0;53.0;53.0;5246.5;13;7;13;7;0;0;0;0;0;0;0.0;5.0;-1.0;0.976956203798509;ambiguous;-2.5;-3.5;-5.5
364900;1;sell;7;5251.0;Mark 14;5253.5;5253.5;5251.5;5251.5;5236.5;5.0;0.0;0.0;0.0;57.0;57.0;5253.5;7;0;7;0;0;0;1;0;0;0;0.0;2.0;11.0;1.0696821853023966;sell;-2.5;-0.5;-0.5
365600;1;sell;8;5250.0;Mark 14;5252.0;5249.0;5250.0;5249.5;5233.5;2.0;0.6667;-0.0376;-0.0376;64.0;69.0;5252.666666666667;0;-8;0;-8;0;1;2;0;0;0;-0.5;-5.5;10.5;1.066649448896851;sell;1.0;0.0;0.5
374100;1;sell;6;5253.0;Mark 14;5254.5;5254.0;5247.5;5249.5;5233.0;5.0;0.5844;0.0;0.0;61.0;61.0;5255.961038961039;-8;-14;-8;-14;0;0;2;0;0;1;-1.5;1.5;0.0;1.2060453783110545;ambiguous;-1.0;5.5;3.5
374400;1;sell;4;5253.0;Mark 14;5254.5;5251.5;5247.5;5248.5;5232.0;5.0;0.4737;0.0;0.0;70.0;70.0;5255.684210526316;-14;-18;-14;-18;1;1;3;0;0;1;0.0;2.0;1.0;1.2080951656185446;ambiguous;1.5;5.5;4.5
380900;1;sell;8;5250.0;Mark 01;5253.5;5254.5;5250.5;5245.5;5227.5;5.0;-0.5238;0.0;0.0;48.0;48.0;5252.190476190476;-18;-26;-18;-26;0;0;2;0;0;0;0.5;4.5;2.0;1.093874570208785;sell;-4.5;-0.5;4.5
381700;1;buy;8;5255.0;Mark 14;5251.5;5252.5;5248.5;5242.5;5230.5;5.0;0.4949;0.0;0.0;74.0;74.0;5252.737373737374;-26;-18;-26;-18;0;1;3;0;0;0;-1.0;1.5;2.0;1.1007784020868912;buy;-2.5;-6.5;-12.5
383700;1;sell;7;5246.0;Mark 14;5248.5;5249.5;5249.5;5243.5;5231.5;5.0;0.5269;0.0;0.0;71.0;71.0;5249.817204301075;-18;-25;-18;-25;0;1;4;0;0;0;-1.0;-4.0;-6.0;1.083094909131001;sell;-3.5;-3.5;2.5
385900;1;sell;3;5245.0;Mark 14;5248.5;5245.0;5246.5;5243.5;5232.0;5.0;0.4839;0.0;0.0;46.0;46.0;5249.709677419355;-25;-28;-25;-28;0;0;3;0;0;0;0.0;-2.0;1.0;1.0468321572986452;sell;0.0;-1.5;1.5
386000;1;sell;8;5244.0;Mark 14;5247.5;5245.5;5246.5;5243.5;5230.5;5.0;-0.4725;0.0;0.0;67.0;67.0;5246.318681318681;-28;-36;-28;-36;1;1;4;0;0;0;-2.0;-3.0;0.0;1.051694159944138;sell;-1.5;-2.5;0.5
392300;1;sell;5;5242.0;Mark 14;5245.5;5243.5;5239.5;5240.5;5234.0;5.0;0.52;0.0;0.0;57.0;57.0;5246.8;-36;-41;-36;-41;0;0;3;0;0;1;1.5;0.5;-7.0;1.11239595134838;sell;-1.5;2.5;1.5
393000;1;sell;4;5242.0;Mark 01;5244.5;5244.0;5241.0;5243.5;5236.5;5.0;0.4565;0.0;0.0;67.0;67.0;5245.641304347826;-41;-45;-41;-45;0;1;4;0;0;1;1.0;0.0;-6.0;1.0900670150669667;sell;-2.0;1.0;-1.5
393900;1;sell;6;5241.0;Mark 01;5243.5;5239.0;5243.5;5243.5;5239.5;5.0;-0.5405;0.0;0.0;57.0;57.0;5242.148648648648;-45;-51;-45;-51;0;2;4;0;0;1;-4.0;0.5;-7.0;1.1569074524724823;sell;2.0;-2.5;-2.5
394700;1;sell;8;5237.0;Mark 14;5239.5;5239.5;5242.5;5243.5;5241.5;5.0;0.4353;0.0;0.0;61.0;61.0;5240.588235294118;-51;-59;-51;-59;0;2;5;0;0;1;-1.0;-5.0;-8.5;1.1785978744673733;sell;-2.5;-5.5;-6.5
396000;1;buy;8;5246.0;Mark 01;5243.5;5241.5;5240.5;5241.0;5247.5;5.0;0.5208;0.0;0.0;73.0;73.0;5244.802083333333;-59;-51;-59;-51;0;1;5;0;0;1;2.0;1.0;-3.0;1.1951462904796981;buy;-4.5;-5.5;-5.0
396200;1;sell;7;5240.0;Mark 01;5243.5;5242.5;5238.5;5242.5;5248.5;5.0;-0.4681;0.0;0.0;69.0;69.0;5242.329787234043;-51;-58;-51;-58;1;2;5;0;0;1;1.0;3.0;-2.5;1.189970157875834;sell;-2.5;1.5;-2.5
398400;1;sell;6;5235.0;Mark 14;5238.5;5238.5;5243.5;5238.5;5249.5;5.0;0.0;0.0;0.0;65.0;65.0;5238.5;-58;-64;-58;-64;0;0;6;0;0;1;-1.0;-3.0;-9.5;1.1363524129636553;sell;-3.5;-8.5;-3.5
400100;1;sell;8;5240.0;Mark 14;5241.5;5243.5;5243.5;5236.5;5246.5;5.0;0.0;0.0;0.0;67.0;67.0;5241.5;-64;-72;-64;-72;0;1;7;0;0;0;1.0;2.5;-1.5;1.0811856227218954;ambiguous;-3.5;-3.5;3.5
401900;1;sell;8;5242.0;Mark 01;5244.5;5242.5;5243.5;5233.5;5247.5;5.0;0.4943;0.0;0.0;65.0;65.0;5245.735632183908;-72;-80;-72;-80;0;1;8;0;0;0;1.0;3.0;1.5;1.0358584627355885;sell;-0.5;-1.5;8.5
402400;1;sell;6;5240.0;Mark 14;5240.5;5244.0;5244.0;5235.5;5249.0;5.0;-0.5;0.0;0.0;66.0;66.0;5239.25;-80;-86;-80;-86;1;1;8;0;0;0;-4.0;-3.0;-4.0;1.0699682985881755;ambiguous;-4.0;-4.0;4.5
403500;1;sell;8;5239.0;Mark 01;5241.5;5243.0;5243.0;5235.0;5248.0;5.0;-0.5;0.0;0.0;69.0;69.0;5240.25;-86;-94;-86;-94;0;2;8;0;0;0;-2.0;-2.0;-2.5;1.0477820185769648;sell;-4.0;-4.0;4.0
404200;1;buy;4;5247.0;Mark 14;5244.5;5243.5;5242.5;5236.0;5249.5;5.0;0.4177;0.0;0.0;56.0;56.0;5245.544303797468;-94;-90;-94;-90;0;2;8;0;0;0;2.0;4.5;4.0;1.031515428471913;buy;-3.5;-4.5;-11.0
406400;1;buy;5;5246.0;Mark 14;5244.0;5243.0;5238.5;5233.5;5246.5;6.0;0.0;0.0;0.0;69.0;69.0;5244.0;-90;-85;-90;-85;0;0;6;0;0;0;1.5;0.0;2.5;1.0786582981230826;ambiguous;-3.0;-7.5;-12.5
410600;1;buy;6;5239.0;Mark 14;5235.0;5235.0;5235.5;5225.5;5250.5;6.0;0.0;0.0;0.0;56.0;56.0;5235.0;-85;-79;-85;-79;0;0;5;0;0;0;-1.5;-2.5;-8.5;1.167835786592655;buy;-4.0;-3.5;-13.5
411200;1;buy;7;5236.0;Mark 01;5235.0;5233.5;5234.0;5227.5;5252.0;6.0;0.0;0.0;0.0;58.0;58.0;5235.0;-79;-72;-79;-72;0;1;6;0;0;0;0.0;-1.5;-8.0;1.1319668024968323;ambiguous;-2.5;-2.0;-8.5
411300;1;buy;7;5236.0;Mark 01;5233.5;5232.5;5233.5;5229.0;5254.0;5.0;-0.5;0.0;0.0;60.0;60.0;5232.25;-72;-65;-72;-65;1;2;7;0;0;0;-1.0;-4.0;-8.5;1.1371602146309088;buy;-3.5;-2.5;-7.0
415700;1;buy;3;5234.0;Mark 14;5233.5;5233.5;5231.5;5235.5;5254.5;5.0;0.0;0.0;0.0;66.0;66.0;5233.5;-65;-62;-65;-62;0;0;4;0;0;0;-0.5;0.0;-10.0;1.0777356499676072;ambiguous;-0.5;-2.5;1.5
419900;1;buy;6;5231.0;Mark 01;5228.0;5227.0;5229.0;5230.5;5251.5;6.0;0.0;0.0;0.0;48.0;48.0;5228.0;-62;-56;-62;-56;0;0;4;0;0;0;-4.5;-3.5;-6.5;1.0314412409672222;buy;-4.0;-2.0;-0.5
424500;1;buy;7;5235.0;Mark 14;5232.0;5234.5;5234.5;5230.5;5253.0;6.0;0.0;0.0;0.0;51.0;51.0;5232.0;-56;-49;-56;-49;0;0;2;0;0;0;-0.5;3.5;-5.5;1.0344785659834799;buy;-0.5;-0.5;-4.5
426800;1;sell;8;5232.0;Mark 14;5234.5;5234.5;5231.0;5235.0;5255.0;5.0;0.4;0.0;0.0;56.0;56.0;5235.5;-49;-57;-49;-57;0;0;2;0;0;0;-1.0;2.0;2.0;1.1279712545570608;sell;-2.5;1.0;-3.0
427600;1;buy;8;5237.0;Mark 14;5234.0;5231.5;5230.5;5231.5;5258.5;6.0;0.0;0.0;0.0;50.0;50.0;5234.0;-57;-49;-57;-49;0;1;3;0;0;0;-1.5;-1.0;2.5;1.1109504016007445;buy;-5.5;-6.5;-5.5
430200;1;buy;3;5230.0;Mark 14;5227.5;5227.5;5229.5;5234.5;5251.5;5.0;0.4737;0.0;0.0;56.0;56.0;5228.684210526316;-49;-46;-49;-46;0;0;3;0;0;0;-3.0;-4.0;0.0;1.143713604046401;buy;-2.5;-0.5;4.5
431000;1;buy;5;5233.0;Mark 01;5227.5;5229.0;5231.5;5235.5;5249.5;5.0;0.439;0.0;0.0;59.0;59.0;5228.59756097561;-46;-41;-46;-41;0;1;4;0;0;0;-1.0;-5.0;-1.0;1.1325750537704873;buy;-4.0;-1.5;2.5
431700;1;buy;4;5233.0;Mark 14;5229.5;5229.5;5231.5;5232.5;5243.5;5.0;0.3976;0.0;0.0;58.0;58.0;5230.493975903614;-41;-37;-41;-37;0;2;5;0;0;0;-1.0;-1.0;1.0;1.1611988710293288;buy;-3.5;-1.5;-0.5
432100;1;buy;3;5234.0;Mark 14;5231.5;5229.0;5230.0;5233.5;5243.5;5.0;0.0;0.0;0.0;62.0;62.0;5231.5;-37;-34;-37;-34;1;3;6;0;0;0;2.0;4.0;2.0;1.1632399717664068;buy;-5.0;-4.0;-0.5
435300;1;sell;8;5225.0;Mark 01;5227.5;5231.5;5233.0;5244.5;5241.5;3.0;0.7419;-0.069;-0.069;54.0;62.0;5228.612903225807;-34;-42;-34;-42;0;0;6;0;0;0;-2.5;-3.0;-7.0;1.1997687087920195;sell;-6.5;-8.0;-19.5
438000;1;sell;7;5230.0;Mark 01;5232.5;5236.5;5235.5;5251.5;5239.5;5.0;0.5714;0.0;0.0;66.0;66.0;5233.928571428572;-42;-49;-42;-49;0;0;5;0;0;0;0.0;2.0;0.0;1.1547005383792515;sell;-6.5;-5.5;-21.5
444300;1;sell;7;5238.0;Mark 01;5240.5;5241.5;5248.5;5249.5;5240.5;5.0;0.425;0.0;0.0;57.0;57.0;5241.5625;-49;-56;-49;-56;0;0;2;0;0;0;1.0;6.5;8.0;1.0581742202202533;sell;-3.5;-10.5;-11.5
445900;1;buy;4;5249.0;Mark 14;5245.0;5248.5;5253.5;5246.5;5239.5;6.0;0.0;0.0;0.0;60.0;60.0;5245.0;-56;-52;-56;-52;0;1;2;0;0;0;2.0;5.5;13.0;1.006508763920002;buy;-0.5;4.5;-2.5
448100;1;buy;3;5254.0;Mark 01;5251.5;5250.0;5246.5;5244.0;5242.5;5.0;0.4773;0.0;0.0;65.0;65.0;5252.693181818182;-52;-49;-52;-49;0;0;2;0;0;0;-1.0;4.0;19.0;1.011816724698275;buy;-4.0;-7.5;-10.0
453500;1;sell;8;5245.0;Mark 01;5248.5;5251.5;5246.0;5251.5;5250.5;5.0;-0.4921;0.0;0.0;47.0;47.0;5247.269841269841;-49;-57;-49;-57;0;0;3;0;0;0;1.0;0.5;11.0;1.1449395810347276;sell;-6.5;-1.0;-6.5
453600;1;buy;4;5252.0;Mark 01;5248.0;5249.5;5247.0;5252.5;5250.5;6.0;0.0;0.0;0.0;64.0;64.0;5248.0;-57;-53;-57;-53;1;1;4;0;0;0;0.0;-0.5;9.5;1.1429997032369854;buy;-2.5;-5.0;0.5
454800;1;sell;3;5245.0;Mark 01;5247.5;5246.5;5242.5;5253.0;5253.5;5.0;0.4839;0.0;0.0;46.0;46.0;5248.709677419355;-53;-56;-53;-56;0;2;4;0;0;0;-2.0;2.0;6.0;1.1790955429299224;sell;-1.5;2.5;-8.0
455200;1;sell;6;5244.0;Mark 01;5246.5;5247.5;5242.5;5250.5;5254.5;5.0;0.4607;0.0;0.0;65.0;65.0;5247.651685393258;-56;-62;-56;-62;1;3;5;0;0;0;-1.0;-2.5;2.0;1.171891314123085;sell;-3.5;1.5;-6.5
458400;1;buy;3;5248.0;Mark 14;5245.5;5246.0;5250.5;5249.5;5262.5;5.0;0.5181;0.0;0.0;63.0;63.0;5246.795180722892;-62;-59;-62;-59;0;0;4;0;0;0;2.0;-1.0;-4.0;1.1799605533484678;buy;-2.0;2.5;1.5
459900;1;buy;8;5252.0;Mark 01;5249.5;5250.5;5255.5;5251.5;5262.5;3.0;-0.1724;-0.3958;0.0822;79.0;67.0;5249.241379310345;-59;-51;-59;-51;0;1;5;0;0;0;3.5;6.0;3.5;1.1704538644261582;buy;-1.5;3.5;-0.5
460700;1;buy;6;5254.0;Mark 14;5250.5;5252.0;5255.5;5254.0;5263.0;5.0;-0.4769;0.0;0.0;48.0;48.0;5249.307692307692;-51;-45;-51;-45;0;1;6;0;0;0;0.0;5.0;2.0;1.130207793353742;buy;-2.0;1.5;0.0
462300;1;buy;8;5259.0;Mark 01;5256.5;5256.5;5253.0;5251.5;5265.0;5.0;0.4762;0.0;0.0;62.0;62.0;5257.690476190476;-45;-37;-45;-37;0;1;7;0;0;0;2.0;7.0;8.0;1.0413352702108989;buy;-2.5;-6.0;-7.5
465300;1;buy;8;5255.0;Mark 14;5250.5;5254.5;5250.5;5253.5;5267.5;5.0;0.0;0.0;0.0;55.0;55.0;5250.5;-37;-29;-37;-29;0;0;4;0;0;0;-2.5;-1.0;4.0;1.0979245058699327;buy;-0.5;-4.5;-1.5
468000;1;sell;3;5247.0;Mark 01;5249.5;5250.5;5254.0;5255.5;5258.5;5.0;0.5135;0.0;0.0;56.0;56.0;5250.783783783784;-29;-32;-29;-32;0;0;5;0;0;0;0.0;-4.5;5.0;1.0528819264212836;sell;-3.5;-7.0;-8.5
469300;1;sell;6;5252.0;Mark 01;5255.5;5252.5;5247.5;5249.5;5256.5;5.0;-0.4177;0.0;0.0;56.0;56.0;5254.455696202532;-32;-38;-32;-38;0;1;5;0;0;0;4.0;5.0;11.0;1.1360830181012114;sell;-0.5;4.5;2.5
469600;1;sell;7;5252.0;Mark 14;5253.5;5254.5;5250.5;5249.5;5258.5;5.0;0.5588;0.0;0.0;53.0;53.0;5254.89705882353;-38;-45;-38;-45;1;2;6;0;0;0;1.5;4.0;5.5;1.1279034114229103;ambiguous;-2.5;1.5;2.5
470400;1;buy;4;5257.0;Mark 14;5254.0;5250.5;5252.5;5249.5;5260.0;6.0;0.0;0.0;0.0;50.0;50.0;5254.0;-45;-41;-45;-41;0;2;6;0;0;0;2.5;4.5;3.5;1.148676280875111;buy;-6.5;-4.5;-7.5
472600;1;sell;3;5249.0;Mark 14;5251.5;5251.5;5253.5;5244.5;5259.0;5.0;0.4824;0.0;0.0;63.0;63.0;5252.705882352941;-41;-44;-41;-44;0;0;5;0;0;0;-1.0;-3.0;-3.5;1.1939505032896813;sell;-2.5;-4.5;4.5
475400;1;buy;7;5254.0;Mark 49;5253.5;5256.5;5258.5;5243.5;5257.5;5.0;0.4947;0.0;0.0;71.0;71.0;5254.736842105263;-44;-37;-44;-37;0;0;5;0;0;0;1.5;2.0;0.0;1.1370704872299222;ambiguous;2.5;4.5;-10.5
477900;1;buy;5;5258.0;Mark 01;5256.5;5252.5;5250.5;5239.5;5252.5;5.0;-0.425;0.0;0.0;57.0;57.0;5255.4375;-37;-32;-37;-32;0;0;6;0;0;0;-2.0;0.0;7.0;1.1569074524724823;ambiguous;-5.5;-7.5;-18.5
478900;1;sell;4;5250.0;Mark 14;5252.5;5249.5;5249.5;5241.5;5253.0;5.0;0.0;0.0;0.0;55.0;55.0;5252.5;-32;-36;-32;-36;0;1;6;0;0;0;0.0;-3.0;0.0;1.1785113019775793;sell;0.5;0.5;8.5
483100;1;buy;8;5245.0;Mark 14;5242.5;5238.5;5242.0;5241.5;5248.5;5.0;-0.4545;0.0;0.0;56.0;56.0;5241.363636363636;-36;-28;-36;-28;0;0;3;0;0;1;-2.0;-6.0;-9.0;1.0307485667693908;buy;-6.5;-3.0;-3.5
483800;1;sell;7;5238.0;Mark 01;5239.5;5243.5;5241.0;5240.0;5246.5;5.0;0.0;0.0;0.0;59.0;59.0;5239.5;-28;-35;-28;-35;0;1;4;0;0;1;-1.0;-3.5;-13.0;1.043464166900496;ambiguous;-5.5;-3.0;-2.0
486400;1;sell;7;5239.0;Mark 01;5242.5;5239.0;5240.5;5239.5;5241.5;5.0;0.0;0.0;0.0;65.0;65.0;5242.5;-35;-42;-35;-42;0;0;4;0;0;1;-1.0;0.0;-14.0;1.0493875174692247;sell;0.0;-1.5;-0.5
489700;1;sell;6;5237.0;Mark 14;5240.0;5241.0;5244.5;5243.5;5235.5;6.0;0.0;0.0;0.0;72.0;72.0;5240.0;-42;-48;-42;-48;0;0;3;0;0;1;-0.5;1.5;-9.0;1.0059510710725958;sell;-4.0;-7.5;-6.5
490900;1;buy;5;5246.0;Mark 14;5242.5;5244.5;5243.5;5245.5;5238.5;5.0;-0.5158;0.0;0.0;72.0;72.0;5241.210526315789;-48;-43;-48;-43;0;1;4;0;0;0;1.5;1.0;-7.0;1.032331139150174;buy;-1.5;-2.5;-0.5
492100;1;sell;5;5241.0;Mark 14;5243.5;5244.0;5240.5;5250.5;5237.5;5.0;-0.4949;0.0;0.0;74.0;74.0;5242.262626262626;-43;-48;-43;-48;0;1;5;0;0;0;-1.5;1.0;0.0;1.0224747162910903;sell;-3.0;0.5;-9.5
493900;1;sell;3;5237.0;Mark 01;5240.0;5239.5;5239.5;5249.5;5238.5;6.0;0.0;0.0;0.0;70.0;70.0;5240.0;-48;-51;-48;-51;0;1;4;0;0;0;-2.0;-4.5;-2.5;0.9248907589704725;sell;-2.5;-2.5;-12.5
496200;1;sell;5;5239.0;Mark 14;5241.0;5240.0;5239.5;5256.5;5233.5;6.0;0.0;0.0;0.0;54.0;54.0;5241.0;-51;-56;-51;-56;0;0;5;0;0;0;1.5;1.0;-2.0;0.9098762040313976;ambiguous;-1.0;-0.5;-17.5
498400;1;sell;7;5238.0;Mark 14;5241.5;5242.5;5243.5;5262.5;5232.5;5.0;0.0;0.0;0.0;58.0;58.0;5241.5;-56;-63;-56;-63;0;0;5;1;1;1;0.0;2.0;1.0;0.9974204051173378;sell;-4.5;-5.5;-24.5
505300;1;buy;3;5256.0;Mark 22;5254.5;5257.5;5260.5;5267.5;5232.5;5.0;-0.5663;0.0;0.0;65.0;65.0;5253.084337349397;-63;-60;-63;-60;0;0;2;0;0;1;1.0;3.0;15.0;1.0694436990921996;ambiguous;1.5;4.5;11.5
506200;1;sell;5;5254.0;Mark 14;5257.5;5258.5;5262.5;5267.5;5226.5;5.0;0.5682;0.0;0.0;69.0;69.0;5258.920454545455;-60;-65;-60;-65;0;1;3;0;0;1;-1.0;6.0;16.0;1.0890369270257418;sell;-4.5;-8.5;-13.5
514500;1;sell;6;5265.0;Mark 14;5266.5;5268.5;5265.5;5258.0;5232.5;5.0;0.5775;0.0;0.0;56.0;56.0;5267.943661971831;-65;-71;-65;-71;0;0;2;1;1;2;2.5;0.0;12.0;1.0567027741916784;ambiguous;-3.5;-0.5;7.0
516800;1;sell;5;5261.0;Mark 14;5264.5;5263.5;5260.5;5253.5;5235.5;5.0;0.5333;0.0;0.0;69.0;69.0;5265.833333333333;-71;-76;-71;-76;0;0;1;0;0;2;-3.0;-4.0;5.0;1.0812799876029584;sell;-2.5;0.5;7.5
520500;1;sell;4;5256.0;Mark 01;5260.0;5259.5;5257.5;5251.5;5236.5;6.0;0.0;0.0;0.0;68.0;68.0;5260.0;-76;-80;-76;-80;0;0;2;0;0;1;-0.5;0.0;-3.5;1.0181497509781134;sell;-3.5;-1.5;4.5
521800;1;buy;3;5265.0;Mark 14;5261.0;5260.5;5260.5;5251.5;5237.0;6.0;0.0;0.0;0.0;60.0;60.0;5261.0;-80;-77;-80;-77;0;1;3;0;0;1;0.5;1.5;-7.5;1.0034376175635422;buy;-4.5;-4.5;-13.5
523300;1;buy;3;5262.0;Mark 01;5257.5;5260.5;5257.5;5246.0;5235.5;5.0;0.5422;0.0;0.0;64.0;64.0;5258.855421686747;-77;-74;-77;-74;0;1;4;0;0;1;-1.0;-3.0;-6.5;1.0091662341326417;buy;-1.5;-4.5;-16.0
526200;1;sell;8;5250.0;Mark 01;5254.5;5253.5;5252.5;5242.5;5235.5;5.0;-0.6098;0.0;0.0;66.0;66.0;5252.975609756098;-74;-82;-74;-82;0;0;4;0;1;1;-2.0;-4.0;-13.0;1.0721117144269094;sell;-3.5;-2.5;7.5
527700;1;buy;6;5255.0;Mark 14;5251.5;5252.5;5253.0;5237.5;5236.5;5.0;-0.4725;0.0;0.0;67.0;67.0;5250.318681318681;-82;-76;-82;-76;0;1;4;0;0;1;1.0;-5.0;-8.0;1.1408553204315273;buy;-2.5;-2.0;-17.5
528600;1;buy;4;5254.0;Mark 14;5251.5;5253.5;5252.5;5235.5;5235.5;5.0;0.5116;0.0;0.0;65.0;65.0;5252.779069767442;-76;-72;-76;-72;0;1;5;0;0;1;-2.0;-3.5;-8.0;1.1496751203531121;buy;-0.5;-1.5;-18.5
529400;1;buy;4;5256.0;Mark 14;5252.5;5251.5;5252.5;5237.5;5237.5;5.0;0.0;0.0;0.0;64.0;64.0;5252.5;-72;-68;-72;-68;0;2;6;0;0;1;-0.5;2.0;-5.0;1.1557824528246312;buy;-4.5;-3.5;-18.5
530000;1;sell;6;5249.0;Mark 01;5251.5;5251.5;5249.5;5236.5;5234.5;5.0;0.0;0.0;0.0;53.0;53.0;5251.5;-68;-74;-68;-74;0;2;7;0;0;1;-2.0;-1.5;-9.0;1.151116358377126;sell;-2.5;-0.5;12.5
534100;1;sell;3;5244.0;Mark 14;5246.5;5245.5;5241.5;5238.5;5238.5;5.0;0.0;0.0;0.0;63.0;63.0;5246.5;-74;-77;-74;-77;0;0;5;0;0;1;-1.0;-5.0;-12.0;1.1744134772773396;sell;-1.5;2.5;5.5
537500;1;buy;4;5241.0;Mark 01;5238.0;5239.5;5236.0;5233.5;5245.5;6.0;0.0;0.0;0.0;46.0;46.0;5238.0;-77;-73;-77;-73;0;0;5;0;0;0;-0.5;-5.5;-12.0;1.0685847080306337;buy;-1.5;-5.0;-7.5
537900;1;sell;6;5239.0;Mark 22;5239.5;5236.5;5236.0;5235.5;5246.5;3.0;-0.6949;-0.3158;0.0826;59.0;50.0;5238.457627118644;-73;-79;-73;-79;1;1;5;0;0;0;1.5;-2.0;-13.0;1.0673905180909173;ambiguous;2.5;3.0;3.5
540700;1;sell;7;5238.0;Mark 14;5238.5;5238.5;5236.0;5234.5;5239.5;5.0;0.0;0.0;0.0;64.0;64.0;5238.5;-79;-86;-79;-86;0;0;3;0;0;0;1.5;3.0;-14.0;1.0493875174692247;ambiguous;-0.5;2.0;3.5
544300;1;sell;4;5236.0;Mark 14;5238.5;5237.5;5234.5;5230.5;5238.5;5.0;0.5952;0.0;0.0;67.0;67.0;5239.988095238095;-86;-90;-86;-90;0;0;3;0;0;0;1.5;1.0;-6.5;1.081633782584757;sell;-1.5;1.5;5.5
544400;1;buy;6;5240.0;Mark 01;5238.5;5238.0;5234.5;5231.0;5239.5;5.0;-0.4286;0.0;0.0;60.0;60.0;5237.428571428572;-90;-84;-90;-84;1;1;4;0;0;0;0.0;1.0;-8.0;1.0700398149560912;ambiguous;-2.0;-5.5;-9.0
545000;1;sell;4;5235.0;Mark 14;5238.0;5238.5;5230.5;5231.0;5238.5;6.0;0.0;0.0;0.0;50.0;50.0;5238.0;-84;-88;-84;-88;0;2;5;0;0;0;2.0;3.5;-6.0;1.0642793532627846;sell;-3.5;4.5;4.0
547800;1;sell;3;5232.0;Mark 14;5234.0;5233.5;5233.5;5225.5;5238.0;6.0;0.0;0.0;0.0;65.0;65.0;5234.0;-88;-91;-88;-91;0;0;5;0;0;0;2.0;-3.5;-5.5;1.0891774509421561;ambiguous;-1.5;-1.5;6.5
549800;1;buy;5;5236.0;Mark 01;5234.5;5232.0;5233.5;5228.0;5235.0;5.0;0.5;0.0;0.0;57.0;57.0;5235.75;-91;-86;-91;-86;0;1;5;0;0;0;3.0;0.0;-1.0;1.0963202869668796;ambiguous;-4.0;-2.5;-8.0
556400;1;buy;8;5228.0;Mark 01;5226.0;5229.0;5223.5;5235.5;5227.5;6.0;0.0;0.0;0.0;65.0;65.0;5226.0;-86;-78;-86;-78;0;0;2;0;0;1;1.0;-5.0;-8.5;1.2693758985900248;ambiguous;1.0;-4.5;7.5
557200;1;sell;4;5225.0;Mark 14;5228.0;5224.5;5228.5;5234.0;5222.5;6.0;0.0;0.0;0.0;64.0;64.0;5228.0;-78;-82;-78;-82;0;1;3;0;0;1;2.0;-3.5;-4.5;1.2654916980497637;sell;0.5;-3.5;-9.0
563500;1;sell;8;5226.0;Mark 01;5228.5;5230.5;5236.5;5236.5;5228.0;5.0;-0.5158;0.0;0.0;72.0;72.0;5227.210526315789;-82;-90;-82;-90;0;0;2;0;0;0;-2.0;-1.0;0.0;1.243163121016122;sell;-4.5;-10.5;-10.5
564900;1;buy;6;5236.0;Mark 01;5232.5;5235.5;5236.5;5234.0;5233.5;5.0;0.0;0.0;0.0;67.0;67.0;5232.5;-90;-84;-90;-84;0;1;3;0;1;1;-1.0;2.0;1.5;1.2662171161076472;buy;-0.5;0.5;-2.0
565500;1;buy;7;5239.0;Mark 01;5235.5;5234.5;5235.5;5235.5;5229.0;5.0;0.0;0.0;0.0;65.0;65.0;5235.5;-84;-77;-84;-77;0;2;4;0;1;1;2.0;7.0;6.0;1.2598555458174185;buy;-4.5;-3.5;-3.5
568200;1;buy;7;5237.0;Mark 14;5235.0;5238.5;5235.0;5237.5;5232.5;6.0;0.0;0.0;0.0;52.0;52.0;5235.0;-77;-70;-77;-70;0;0;3;0;0;1;-0.5;-2.5;10.5;1.1918763902604326;ambiguous;1.5;-2.0;0.5
571600;1;sell;7;5235.0;Mark 01;5238.5;5238.5;5235.5;5233.5;5234.5;5.0;0.4419;0.0;0.0;62.0;62.0;5239.604651162791;-70;-77;-70;-77;0;0;4;0;1;2;1.0;2.5;10.0;1.1458748983751466;sell;-3.5;-0.5;1.5
574000;1;buy;3;5238.0;Mark 01;5234.5;5233.5;5236.5;5239.5;5239.5;5.0;0.0;0.0;0.0;53.0;53.0;5234.5;-77;-74;-77;-74;0;0;4;0;0;1;-2.0;-4.0;4.0;1.1048030302914864;buy;-4.5;-1.5;1.5
576400;1;sell;3;5233.0;Mark 01;5236.0;5234.5;5236.0;5241.5;5231.5;6.0;0.0;0.0;0.0;54.0;54.0;5236.0;-74;-77;-74;-77;0;0;3;0;1;2;1.5;1.5;0.5;1.177428608775229;sell;-1.5;-3.0;-8.5
581100;1;buy;7;5240.0;Mark 14;5238.0;5233.5;5236.5;5241.5;5221.5;6.0;0.0;0.0;0.0;48.0;48.0;5238.0;-77;-70;-77;-70;0;0;3;0;0;2;2.5;1.5;0.5;1.0648064970862634;ambiguous;-6.5;-3.5;1.5
581700;1;buy;3;5237.0;Mark 01;5233.5;5238.0;5237.5;5243.0;5220.5;5.0;0.4286;0.0;0.0;60.0;60.0;5234.571428571428;-70;-67;-70;-67;0;1;3;0;0;2;-4.0;0.0;-5.0;1.1020984334646335;buy;1.0;0.5;6.0
584800;1;sell;7;5234.0;Mark 14;5236.0;5239.5;5243.5;5241.0;5215.0;6.0;0.0;0.0;0.0;66.0;66.0;5236.0;-67;-74;-67;-74;0;0;3;0;1;3;-1.0;-0.5;3.0;1.1455186770567152;ambiguous;-5.5;-9.5;-7.0
584900;1;sell;7;5234.0;Mark 01;5236.5;5238.5;5244.5;5240.5;5216.5;5.0;0.0;0.0;0.0;66.0;66.0;5236.5;-74;-81;-74;-81;1;1;4;0;0;3;0.0;1.5;2.5;1.1423300160303616;sell;-4.5;-10.5;-6.5
587200;1;sell;3;5242.0;Mark 01;5244.5;5247.0;5245.5;5239.5;5217.5;5.0;0.4681;0.0;0.0;69.0;69.0;5245.670212765957;-81;-84;-81;-84;0;0;4;0;0;2;1.0;7.0;8.5;1.0126483032438491;sell;-5.0;-3.5;2.5
594900;1;sell;4;5239.0;Mark 22;5241.0;5241.5;5241.0;5230.5;5207.0;6.0;0.0;0.0;0.0;63.0;63.0;5241.0;-84;-88;-84;-88;0;0;2;0;0;1;1.5;-0.5;4.5;1.2208022471808295;ambiguous;-2.5;-2.0;8.5
595300;1;sell;8;5238.0;Mark 01;5240.5;5242.5;5238.5;5229.5;5209.5;5.0;-0.5476;0.0;0.0;65.0;65.0;5239.130952380952;-88;-96;-88;-96;1;1;2;0;0;1;-0.5;1.0;1.0;1.2185017252525432;sell;-4.5;-0.5;8.5
597200;1;sell;7;5237.0;Mark 14;5238.5;5239.5;5239.5;5222.5;5206.0;5.0;0.5455;0.0;0.0;68.0;68.0;5239.863636363636;-96;-103;-96;-103;0;1;3;0;0;1;-5.0;-2.0;-6.5;1.2363322766208396;ambiguous;-2.5;-2.5;14.5
597400;1;sell;4;5237.0;Mark 14;5238.5;5238.5;5237.5;5225.5;5204.5;5.0;-0.375;0.0;0.0;55.0;55.0;5237.5625;-103;-107;-103;-107;1;1;3;0;0;1;-2.5;-3.0;-9.0;1.225494409326739;ambiguous;-1.5;-0.5;11.5
600000;1;buy;7;5237.0;Mark 01;5234.5;5232.0;5230.5;5223.5;5201.5;5.0;0.0;0.0;0.0;55.0;55.0;5234.5;-107;-100;-107;-100;0;0;4;0;0;0;-3.0;-4.0;-9.5;1.1407882435181964;buy;-5.0;-6.5;-13.5
603000;1;buy;6;5234.0;Mark 01;5231.0;5232.5;5229.5;5227.0;5201.5;6.0;0.0;0.0;0.0;69.0;69.0;5231.0;-100;-94;-100;-94;0;0;5;0;0;0;2.5;-0.5;-10.5;1.1487206921833253;buy;-1.5;-4.5;-7.0
605700;1;sell;7;5226.0;Mark 01;5228.5;5227.5;5224.0;5229.5;5204.5;5.0;0.5556;0.0;0.0;70.0;70.0;5229.888888888889;-94;-101;-94;-101;0;0;4;0;0;0;0.0;-2.0;-13.5;0.9791208740244552;sell;-1.5;2.0;-3.5
609900;1;sell;6;5222.0;Mark 14;5225.5;5223.5;5220.0;5234.0;5212.5;5.0;0.5696;0.0;0.0;62.0;62.0;5226.9240506329115;-101;-107;-101;-107;0;0;3;0;1;1;1.5;4.0;-9.0;1.0715881642476923;sell;-1.5;2.0;-12.0
612500;1;sell;5;5219.0;Mark 14;5221.5;5227.0;5232.5;5237.5;5214.5;5.0;0.5128;0.0;0.0;59.0;59.0;5222.782051282052;-107;-112;-107;-112;0;0;3;0;0;1;-1.0;-2.0;-7.0;1.0612792476370942;sell;-8.0;-13.5;-18.5
612900;1;sell;8;5223.0;Mark 01;5225.5;5228.5;5233.5;5237.5;5212.5;5.0;-0.5652;0.0;0.0;54.0;54.0;5224.086956521739;-112;-120;-112;-120;1;1;4;0;0;1;4.0;3.0;-5.5;1.0798636485403297;sell;-5.5;-10.5;-14.5
616300;1;sell;5;5228.0;Mark 14;5231.5;5232.5;5233.0;5232.5;5224.5;5.0;0.5641;0.0;0.0;61.0;61.0;5232.910256410257;-120;-125;-120;-125;0;0;3;0;0;2;1.0;-2.0;5.0;1.1535954980870962;sell;-4.5;-5.0;-4.5
617400;1;sell;7;5231.0;Mark 14;5232.5;5234.0;5231.5;5228.5;5224.0;5.0;0.5897;0.0;0.0;62.0;62.0;5233.974358974359;-125;-132;-125;-132;0;1;4;0;0;2;0.0;3.0;7.0;1.0848127451178877;ambiguous;-3.0;-0.5;2.5
618900;1;buy;3;5231.0;Mark 22;5232.0;5231.5;5230.5;5222.0;5219.5;6.0;0.0;0.0;0.0;69.0;69.0;5232.0;-132;-129;-132;-129;0;1;5;0;0;1;-0.5;-0.5;11.5;1.03920201229841;ambiguous;0.5;-0.5;-9.0
619800;1;buy;7;5236.0;Mark 14;5233.5;5231.5;5234.5;5220.0;5218.5;5.0;-0.4103;0.0;0.0;55.0;55.0;5232.474358974359;-129;-122;-129;-122;0;1;6;0;0;1;2.0;0.0;8.0;1.0653094364973288;buy;-4.5;-1.5;-16.0
620500;1;buy;3;5235.0;Mark 14;5232.5;5230.5;5237.5;5219.5;5219.5;5.0;-0.5366;0.0;0.0;63.0;63.0;5231.158536585366;-122;-119;-122;-119;0;2;6;0;0;1;-2.0;1.0;9.0;1.0739421301011727;buy;-4.5;2.5;-15.5
621900;1;buy;6;5236.0;Mark 14;5234.5;5234.5;5239.5;5220.5;5219.5;5.0;0.0;0.0;0.0;67.0;67.0;5234.5;-119;-113;-119;-113;0;1;7;0;0;1;1.0;0.5;14.5;1.0666016203001452;ambiguous;-1.5;3.5;-15.5
624700;1;buy;5;5242.0;Mark 01;5240.0;5236.5;5230.0;5217.5;5227.0;6.0;0.0;0.0;0.0;57.0;57.0;5240.0;-113;-108;-113;-108;0;0;6;0;0;1;2.5;4.0;7.5;1.0644950345606239;ambiguous;-5.5;-12.0;-24.5
626000;1;sell;4;5232.0;Mark 14;5235.0;5231.5;5228.5;5223.5;5228.5;6.0;0.0;0.0;0.0;57.0;57.0;5235.0;-108;-112;-108;-112;0;1;7;0;0;1;-2.5;-4.5;6.5;1.0909324726263443;sell;0.5;3.5;8.5
628100;1;buy;6;5231.0;Mark 01;5228.5;5224.5;5220.5;5212.5;5227.0;5.0;0.4545;0.0;0.0;48.0;48.0;5229.636363636364;-112;-106;-112;-106;0;0;6;0;0;1;-1.0;-4.0;-6.5;1.1206204645138313;buy;-6.5;-10.5;-18.5
628300;1;sell;7;5225.0;Mark 14;5227.5;5222.5;5221.5;5213.5;5227.5;5.0;0.0;0.0;0.0;73.0;73.0;5227.5;-106;-113;-106;-113;1;1;7;0;0;1;-1.5;-5.0;-5.5;1.096110867929138;sell;2.5;3.5;11.5
634500;1;buy;5;5218.0;Mark 14;5216.5;5217.0;5218.5;5206.5;5229.0;5.0;-0.5165;0.0;0.0;69.0;69.0;5215.208791208791;-113;-108;-113;-108;0;0;4;0;1;1;-2.0;0.0;-22.5;1.073728346456156;ambiguous;-1.0;0.5;-11.5
634800;1;sell;6;5214.0;Mark 01;5217.5;5216.0;5219.0;5207.5;5226.5;5.0;-0.4324;0.0;0.0;53.0;53.0;5216.418918918919;-108;-114;-108;-114;1;1;4;0;0;1;1.0;2.5;-20.0;1.0752476621436635;sell;-2.0;-5.0;6.5
640500;1;sell;3;5212.0;Mark 01;5215.5;5212.5;5213.5;5202.5;5239.5;5.0;0.4286;0.0;0.0;50.0;50.0;5216.571428571428;-114;-117;-114;-117;0;0;2;0;0;2;2.0;1.0;-4.0;1.1002221255911193;sell;-0.5;-1.5;9.5
644900;1;buy;6;5210.0;Mark 01;5207.5;5209.5;5206.0;5208.5;5241.5;5.0;-0.5632;0.0;0.0;68.0;68.0;5206.091954022989;-117;-111;-117;-111;0;0;1;0;0;0;-2.0;-6.0;-9.0;1.0995031852440447;buy;-0.5;-4.0;-1.5
646100;1;buy;3;5211.0;Mark 14;5208.5;5206.5;5206.5;5206.5;5238.0;5.0;0.4762;0.0;0.0;62.0;62.0;5209.690476190476;-111;-108;-111;-108;0;1;2;0;0;0;0.0;-4.0;-15.0;1.0670798097975156;buy;-4.5;-4.5;-4.5
648200;1;buy;6;5208.0;Mark 14;5206.5;5202.5;5200.5;5208.5;5236.5;5.0;0.4667;0.0;0.0;66.0;66.0;5207.666666666667;-108;-102;-108;-102;0;0;3;0;0;0;0.0;-3.0;-6.5;1.0141585173011505;ambiguous;-5.5;-7.5;0.5
650300;1;sell;6;5198.0;Mark 14;5200.5;5201.0;5200.5;5213.5;5239.5;5.0;0.4947;0.0;0.0;71.0;71.0;5201.736842105263;-102;-108;-102;-108;0;0;4;0;0;0;-1.5;-6.0;-15.0;1.013680526283499;sell;-3.0;-2.5;-15.5
652100;1;sell;6;5198.0;Mark 01;5200.5;5201.5;5205.5;5216.5;5243.5;5.0;0.44;0.0;0.0;54.0;54.0;5201.6;-108;-114;-108;-114;0;1;4;0;0;0;2.0;-1.0;-14.0;1.0176235041328678;sell;-3.5;-7.5;-18.5
654300;1;sell;8;5205.0;Mark 14;5206.5;5209.5;5205.5;5212.5;5254.5;5.0;0.0;0.0;0.0;55.0;55.0;5206.5;-114;-122;-114;-122;0;0;5;0;0;0;0.5;6.0;-3.5;0.993037695614695;ambiguous;-4.5;-0.5;-7.5
655100;1;buy;8;5210.0;Mark 14;5207.5;5205.5;5210.5;5217.5;5254.5;5.0;-0.5632;0.0;0.0;68.0;68.0;5206.091954022989;-122;-114;-122;-114;0;1;5;0;0;0;-2.0;5.0;-0.5;0.9652940869066363;buy;-4.5;0.5;7.5
657800;1;buy;5;5213.0;Mark 01;5210.5;5209.0;5213.5;5221.5;5251.5;5.0;0.0;0.0;0.0;65.0;65.0;5210.5;-114;-109;-114;-109;0;0;5;0;0;0;1.0;6.0;4.5;0.974655880974266;buy;-4.0;0.5;8.5
659200;1;buy;7;5215.0;Mark 01;5211.5;5213.0;5217.0;5220.5;5254.5;5.0;0.5733;0.0;0.0;59.0;59.0;5212.933333333333;-109;-102;-109;-102;0;1;5;0;0;0;1.0;2.0;12.0;0.9430525042179052;buy;-2.0;2.0;5.5
666500;1;sell;7;5220.0;Mark 01;5222.5;5223.5;5218.5;5228.5;5272.5;5.0;0.443;0.0;0.0;57.0;57.0;5223.607594936709;-102;-109;-102;-109;0;0;2;0;0;0;2.5;7.0;16.0;1.222326567046008;sell;-3.5;1.5;-8.5
667400;1;buy;6;5227.0;Mark 01;5225.5;5220.5;5219.5;5227.5;5270.5;3.0;-0.36;-0.4253;0.0606;70.0;62.0;5224.96;-109;-103;-109;-103;0;1;3;0;0;0;3.5;4.0;15.0;1.2049027486103663;buy;-6.5;-7.5;0.5
669900;1;sell;7;5216.0;Mark 01;5218.5;5218.5;5219.5;5224.5;5266.0;5.0;0.5217;0.0;0.0;70.0;70.0;5219.804347826087;-103;-110;-103;-110;0;0;2;0;0;0;-1.0;-2.0;6.0;1.2232444176932975;sell;-2.5;-3.5;-8.5
679600;1;buy;6;5227.0;Mark 14;5226.0;5223.5;5222.5;5237.5;5264.5;6.0;0.0;0.0;0.0;67.0;67.0;5226.0;-110;-104;-110;-104;0;0;1;0;0;0;-0.5;-1.5;6.0;0.9408590725006075;ambiguous;-3.5;-4.5;10.5
685200;1;buy;6;5231.0;Mark 01;5225.0;5232.5;5232.5;5243.5;5279.5;2.0;0.28;0.4048;-0.0709;59.0;68.0;5225.28;-104;-98;-104;-98;0;0;1;0;0;0;-3.5;0.0;-3.0;1.0913298851738853;buy;1.5;1.5;12.5
688400;1;buy;6;5236.0;Mark 14;5233.5;5236.5;5237.5;5235.5;5270.5;5.0;-0.4444;0.0;0.0;65.0;65.0;5232.388888888889;-98;-92;-98;-92;0;0;2;0;0;0;3.5;3.0;7.0;1.206066527911286;buy;0.5;1.5;-0.5
688600;1;buy;5;5237.0;Mark 14;5234.5;5234.5;5238.5;5235.5;5270.5;5.0;-0.4878;0.0;0.0;61.0;61.0;5233.280487804878;-92;-87;-92;-87;1;1;3;0;0;0;3.0;3.5;8.0;1.201234782867639;buy;-2.5;1.5;-1.5
693000;1;sell;8;5230.0;Mark 14;5235.0;5234.0;5242.5;5250.5;5266.5;2.0;-0.0345;0.1296;0.1296;61.0;47.0;5234.9655172413795;-87;-95;-87;-95;0;0;3;0;0;0;-0.5;-5.5;10.5;1.2335231780028861;sell;-4.0;-12.5;-20.5
694600;1;sell;3;5237.0;Mark 14;5238.5;5243.0;5238.5;5255.5;5277.0;5.0;-0.4054;0.0;0.0;52.0;52.0;5237.486486486487;-95;-98;-95;-98;0;1;4;0;1;1;0.5;4.0;11.5;1.1759979274621906;ambiguous;-6.0;-1.5;-18.5
702500;1;buy;4;5248.0;Mark 01;5245.5;5250.5;5254.5;5262.5;5269.5;5.0;0.0;0.0;0.0;65.0;65.0;5245.5;-98;-94;-98;-94;0;0;2;0;0;1;3.0;4.0;10.0;0.9534090825484349;buy;2.5;6.5;14.5
702700;1;buy;8;5249.0;Mark 14;5244.0;5250.5;5254.5;5263.5;5268.5;2.0;0.7381;0.3394;-0.0701;73.0;84.0;5244.738095238095;-94;-86;-94;-86;1;1;3;0;0;1;0.0;3.0;9.5;0.9605258652225107;buy;1.5;5.5;14.5
704700;1;buy;8;5257.0;Mark 01;5255.5;5254.0;5259.5;5269.0;5262.0;5.0;0.0;0.0;0.0;64.0;64.0;5255.5;-86;-78;-86;-78;0;1;2;0;1;1;-1.0;9.0;16.0;1.0890369270257418;ambiguous;-3.0;2.5;12.0
713900;1;buy;6;5275.0;Mark 14;5272.5;5271.5;5271.5;5270.0;5267.5;5.0;0.0;0.0;0.0;61.0;61.0;5272.5;-78;-72;-78;-72;0;0;1;0;1;1;4.0;7.5;19.5;1.121007352308722;buy;-3.5;-3.5;-5.0
716000;1;sell;7;5270.0;Mark 14;5271.5;5272.5;5268.5;5261.5;5272.5;5.0;0.0;0.0;0.0;65.0;65.0;5271.5;-72;-79;-72;-79;0;0;1;0;0;1;-0.5;-1.0;13.5;1.0416046813513462;ambiguous;-2.5;1.5;8.5
720500;1;sell;6;5264.0;Mark 14;5267.5;5265.5;5263.5;5268.5;5267.5;3.0;-0.3043;-0.3333;0.08;54.0;46.0;5267.04347826087;-79;-85;-79;-85;0;0;2;0;0;1;1.0;2.0;11.0;0.9963457361971091;sell;-1.5;0.5;-4.5
721200;1;sell;4;5263.0;Mark 14;5265.5;5264.5;5266.5;5273.5;5265.5;5.0;0.5054;0.0;0.0;70.0;70.0;5266.763440860215;-85;-89;-85;-89;0;1;3;0;0;1;-1.0;-2.0;7.0;0.9898732216806908;sell;-1.5;-3.5;-10.5
722300;1;buy;6;5265.0;Mark 14;5263.0;5265.5;5268.5;5280.5;5262.5;6.0;0.0;0.0;0.0;51.0;51.0;5263.0;-89;-83;-89;-83;0;2;4;0;0;1;-0.5;-3.5;0.5;0.9521240197392309;ambiguous;0.5;3.5;15.5
725400;1;buy;5;5267.0;Mark 01;5266.5;5262.0;5258.5;5278.0;5261.5;5.0;-0.4845;0.0;0.0;72.0;72.0;5265.288659793814;-83;-78;-83;-78;0;0;4;0;0;0;1.5;-1.0;-4.5;0.9668518868814434;ambiguous;-5.0;-8.5;11.0
725800;1;buy;8;5265.0;Mark 14;5263.5;5262.5;5258.5;5279.5;5261.5;5.0;0.0;0.0;0.0;60.0;60.0;5263.5;-78;-70;-78;-70;1;1;5;0;0;0;-3.0;-5.5;-9.0;0.9933202062475008;ambiguous;-2.5;-6.5;14.5
726600;1;buy;7;5264.0;Mark 14;5261.5;5259.5;5257.5;5275.5;5267.5;5.0;0.5082;0.0;0.0;46.0;46.0;5262.770491803279;-70;-63;-70;-63;0;2;5;0;0;0;-2.0;-7.0;-11.0;0.9887129567708942;buy;-4.5;-6.5;11.5
728300;1;buy;5;5261.0;Mark 14;5257.5;5260.5;5266.5;5271.5;5268.0;5.0;0.3924;0.0;0.0;55.0;55.0;5258.481012658228;-63;-58;-63;-58;0;1;6;0;0;0;-1.0;-5.0;-10.0;1.024891711401741;buy;-0.5;5.5;10.5
731200;1;buy;4;5276.0;Mark 01;5273.5;5279.5;5280.5;5263.5;5259.5;5.0;0.4133;0.0;0.0;53.0;53.0;5274.533333333334;-58;-54;-58;-54;0;0;6;0;0;0;3.0;14.0;8.0;1.074749373431907;buy;3.5;4.5;-12.5
741600;1;sell;5;5263.0;Mark 14;5264.0;5264.5;5269.5;5268.0;5259.5;6.0;0.0;0.0;0.0;66.0;66.0;5264.0;-54;-59;-54;-59;0;0;0;0;0;0;1.0;-3.5;-14.0;1.0660992904855335;ambiguous;-1.5;-6.5;-5.0
749700;1;buy;5;5277.0;Mark 01;5274.5;5271.5;5269.5;5276.0;5251.5;5.0;-0.4;0.0;0.0;56.0;56.0;5273.5;-59;-54;-59;-54;0;0;1;0;0;0;-0.5;3.0;8.5;0.9848355347503923;buy;-5.5;-7.5;-1.0
750500;1;buy;7;5273.0;Mark 01;5271.5;5270.0;5269.5;5274.5;5248.0;5.0;-0.3846;0.0;0.0;54.0;54.0;5270.538461538462;-54;-47;-54;-47;0;1;2;0;0;0;-1.0;-2.0;9.5;0.9472895082861035;ambiguous;-3.0;-3.5;1.5
752500;1;buy;3;5272.0;Mark 14;5270.5;5265.5;5261.5;5271.5;5241.5;5.0;-0.4177;0.0;0.0;56.0;56.0;5269.455696202532;-47;-44;-47;-44;0;1;2;0;0;0;0.0;0.0;6.0;0.919136417460794;ambiguous;-6.5;-10.5;-0.5
755800;1;sell;4;5260.0;Mark 14;5262.5;5265.5;5269.5;5270.5;5244.5;5.0;0.5309;0.0;0.0;62.0;62.0;5263.827160493827;-44;-48;-44;-48;0;0;3;0;0;0;1.0;2.0;-14.0;0.942917254958785;sell;-5.5;-9.5;-10.5
760200;1;buy;5;5277.0;Mark 01;5275.5;5272.5;5271.5;5268.5;5242.5;5.0;0.0;0.0;0.0;68.0;68.0;5275.5;-48;-43;-48;-43;0;0;3;0;0;0;-0.5;3.0;4.0;1.0092420590329403;ambiguous;-4.5;-5.5;-8.5
762400;1;sell;3;5268.0;Mark 01;5272.0;5272.5;5268.5;5261.5;5235.5;6.0;0.0;0.0;0.0;66.0;66.0;5272.0;-43;-46;-43;-46;0;0;3;0;0;0;0.0;-3.5;1.5;1.1020058512707989;sell;-4.5;-0.5;6.5
765100;1;sell;4;5265.0;Mark 14;5266.0;5269.5;5274.5;5262.0;5227.5;2.0;0.7193;-0.0755;-0.0755;49.0;57.0;5266.7192982456145;-46;-50;-46;-50;0;0;3;0;0;0;-3.5;-4.5;3.5;1.1038329118281336;sell;-4.5;-9.5;3.0
767200;1;buy;3;5276.0;Mark 14;5274.5;5274.5;5271.5;5264.5;5233.5;5.0;-0.5467;0.0;0.0;58.0;58.0;5273.133333333333;-50;-47;-50;-47;0;0;3;0;0;0;3.0;8.0;5.5;1.096110867929138;ambiguous;-1.5;-4.5;-11.5
768700;1;sell;5;5270.0;Mark 14;5272.0;5271.5;5267.5;5268.5;5232.5;6.0;0.0;0.0;0.0;62.0;62.0;5272.0;-47;-52;-47;-52;0;1;4;0;0;0;-3.5;0.5;-4.5;1.0300801898050627;ambiguous;-1.5;2.5;1.5
771700;1;buy;7;5264.0;Mark 14;5262.5;5263.5;5260.5;5256.5;5245.5;5.0;-0.4667;0.0;0.0;66.0;66.0;5261.333333333333;-52;-45;-52;-45;0;0;4;0;0;0;-3.0;-7.0;-11.0;1.0458082649550349;ambiguous;-0.5;-3.5;-7.5
772500;1;sell;7;5260.0;Mark 01;5261.5;5259.5;5260.5;5258.5;5241.0;5.0;0.4725;0.0;0.0;67.0;67.0;5262.681318681319;-45;-52;-45;-52;0;1;4;0;0;0;-1.0;-6.0;-10.0;1.0419964277546854;ambiguous;0.5;-0.5;1.5
772600;1;buy;8;5265.0;Mark 14;5262.5;5261.5;5261.0;5259.5;5242.5;5.0;0.4321;0.0;0.0;58.0;58.0;5263.580246913581;-52;-44;-52;-44;1;2;5;0;0;0;0.0;-5.0;-10.0;1.0419964277546854;buy;-3.5;-4.0;-5.5
775000;1;buy;4;5266.0;Mark 01;5262.5;5259.5;5267.0;5255.5;5250.5;5.0;0.0;0.0;0.0;57.0;57.0;5262.5;-44;-40;-44;-40;0;0;6;0;0;0;2.0;3.0;-3.5;1.1420620311933858;buy;-6.5;1.0;-10.5
777000;1;buy;6;5270.0;Mark 01;5266.5;5266.5;5267.5;5258.5;5244.5;3.0;-0.25;0.0687;0.0687;70.0;61.0;5266.125;-40;-34;-40;-34;0;1;6;0;0;0;0.0;3.5;-7.5;1.1400948843280065;buy;-3.5;-2.5;-11.5
787700;1;buy;6;5260.0;Mark 01;5259.5;5259.5;5263.5;5256.5;5254.0;3.0;-0.3333;-0.2941;0.0833;65.0;55.0;5259.0;-34;-28;-34;-28;0;0;0;0;0;0;2.0;5.0;-8.0;1.2200080118694343;ambiguous;-0.5;3.5;-3.5
787800;1;buy;4;5261.0;Mark 14;5257.0;5259.5;5264.5;5256.5;5253.5;6.0;0.0;0.0;0.0;51.0;51.0;5257.0;-28;-24;-28;-24;1;1;1;0;0;0;0.0;2.5;-10.0;1.24312208372689;buy;-1.5;3.5;-4.5
792200;1;sell;6;5259.0;Mark 22;5260.5;5256.5;5255.5;5245.5;5256.5;5.0;0.0;0.0;0.0;63.0;63.0;5260.5;-24;-30;-24;-30;0;0;2;0;0;0;3.5;-7.0;1.0;1.3743314223591878;ambiguous;2.5;3.5;13.5
794800;1;buy;8;5258.0;Mark 01;5255.0;5253.5;5254.5;5240.5;5257.5;6.0;0.0;0.0;0.0;62.0;62.0;5255.0;-30;-22;-30;-22;0;0;3;0;0;0;0.5;-1.5;-1.0;1.3332950713824443;buy;-4.5;-3.5;-17.5
794900;1;sell;6;5251.0;Mark 14;5256.5;5254.0;5252.5;5240.0;5258.5;3.0;-0.7838;-0.4667;0.0571;74.0;66.0;5255.324324324324;-22;-28;-22;-28;1;1;4;0;0;0;3.0;-0.5;0.5;1.3418194896869644;sell;-3.0;-1.5;11.0
796600;1;sell;8;5251.0;Mark 14;5252.5;5254.5;5256.5;5247.0;5261.5;5.0;-0.5294;0.0;0.0;52.0;52.0;5251.176470588235;-28;-36;-28;-36;0;2;5;0;0;0;-1.0;-1.5;-3.0;1.3904765948040578;ambiguous;-3.5;-5.5;4.0
799900;1;sell;8;5249.0;Mark 14;5249.5;5249.5;5245.5;5244.5;5264.5;5.0;0.475;0.0;0.0;59.0;59.0;5250.6875;-36;-44;-36;-44;0;0;4;0;0;0;-3.5;-5.0;-16.0;1.3405642616214941;ambiguous;-0.5;3.5;4.5
802800;1;buy;3;5243.0;Mark 14;5239.5;5240.5;5240.5;5233.5;5269.0;5.0;-0.5476;0.0;0.0;65.0;65.0;5238.130952380952;-44;-41;-44;-41;0;0;4;0;0;0;-5.0;-9.0;-17.0;1.1958717207683334;buy;-2.5;-2.5;-9.5
807400;1;buy;4;5253.0;Mark 01;5251.5;5247.5;5247.5;5234.5;5267.5;5.0;-0.5309;0.0;0.0;62.0;62.0;5250.172839506173;-41;-37;-41;-37;0;0;2;0;0;1;2.0;10.0;-3.0;1.2925938643176462;ambiguous;-5.5;-5.5;-18.5
810100;1;buy;4;5245.0;Mark 14;5243.0;5240.5;5236.5;5236.5;5263.0;6.0;0.0;0.0;0.0;55.0;55.0;5243.0;-37;-33;-37;-33;0;0;2;0;0;1;-4.5;-6.5;-8.5;1.2082218423808109;ambiguous;-4.5;-8.5;-8.5
812400;1;sell;8;5233.0;Mark 14;5234.5;5232.0;5229.5;5243.5;5256.0;5.0;0.5682;0.0;0.0;69.0;69.0;5235.920454545455;-33;-41;-33;-41;0;0;3;0;0;1;-2.5;-7.0;-9.5;1.1713688092383212;ambiguous;1.0;3.5;-10.5
815000;1;buy;5;5230.0;Mark 14;5228.5;5229.5;5232.5;5250.5;5255.5;5.0;0.3976;0.0;0.0;58.0;58.0;5229.493975903614;-41;-36;-41;-36;0;0;3;0;0;1;-1.0;-3.0;-11.0;1.142731875449999;ambiguous;-0.5;2.5;20.5
817900;1;sell;5;5228.0;Mark 01;5231.5;5232.5;5235.5;5242.0;5250.5;5.0;0.0;0.0;0.0;71.0;71.0;5231.5;-36;-41;-36;-41;0;0;3;0;0;1;-3.0;-1.0;-16.0;1.01461114317753;sell;-4.5;-7.5;-14.0
818100;1;buy;7;5234.0;Mark 14;5230.0;5233.5;5236.5;5239.5;5251.0;2.0;0.6667;-0.0355;-0.0355;68.0;73.0;5230.666666666667;-41;-34;-41;-34;1;1;4;0;0;1;-2.5;-1.5;-19.5;1.0045808760151986;buy;-0.5;2.5;5.5
818500;1;sell;7;5231.0;Mark 14;5232.5;5230.5;5239.5;5236.5;5249.5;5.0;0.0;0.0;0.0;69.0;69.0;5232.5;-34;-41;-34;-41;1;2;5;0;0;1;2.5;2.0;-19.0;0.9941929133853297;ambiguous;0.5;-8.5;-5.5
822000;1;buy;8;5245.0;Mark 14;5242.0;5241.0;5248.5;5241.5;5243.5;6.0;0.0;0.0;0.0;53.0;53.0;5242.0;-41;-33;-41;-33;0;0;5;0;0;1;-2.5;6.0;5.5;1.2286333231982502;buy;-4.0;3.5;-3.5
822200;1;sell;7;5241.0;Mark 14;5242.5;5244.0;5248.5;5241.5;5244.0;5.0;-0.4186;0.0;0.0;61.0;61.0;5241.453488372093;-33;-40;-33;-40;1;1;6;0;0;1;-3.0;5.0;8.0;1.2117002636063052;ambiguous;-3.0;-7.5;-0.5
824200;1;buy;4;5251.0;Mark 14;5250.5;5251.5;5248.5;5245.5;5243.5;5.0;-0.5128;0.0;0.0;59.0;59.0;5249.217948717948;-40;-36;-40;-36;0;1;6;0;0;0;2.0;7.0;21.0;1.1999387801953534;ambiguous;0.5;-2.5;-5.5
827000;1;buy;7;5247.0;Mark 14;5245.5;5244.5;5236.0;5251.5;5237.5;5.0;0.4412;0.0;0.0;49.0;49.0;5246.60294117647;-36;-29;-36;-29;0;0;6;0;0;0;-1.5;-5.0;13.0;1.1988754381044742;ambiguous;-2.5;-11.0;4.5
827500;1;buy;8;5247.0;Mark 01;5243.5;5240.5;5238.5;5253.0;5236.5;5.0;0.4545;0.0;0.0;48.0;48.0;5244.636363636364;-29;-21;-29;-21;1;1;7;0;0;0;-1.0;-6.5;10.0;1.2060030779978939;buy;-6.5;-8.5;6.0
832000;1;buy;6;5244.0;Mark 14;5241.5;5242.5;5245.5;5258.0;5244.5;5.0;0.0;0.0;0.0;60.0;60.0;5241.5;-21;-15;-21;-15;0;0;5;0;0;0;-1.0;2.5;-1.0;1.0963202869668796;buy;-1.5;1.5;14.0
832100;1;sell;8;5239.0;Mark 14;5241.5;5242.5;5244.5;5258.5;5246.5;5.0;0.0;0.0;0.0;70.0;70.0;5241.5;-15;-23;-15;-23;1;1;5;0;0;0;-1.0;2.5;-1.0;1.0963202869668796;sell;-3.5;-5.5;-19.5
832700;1;buy;3;5242.0;Mark 22;5242.5;5243.5;5245.5;5257.5;5249.5;5.0;-0.5211;0.0;0.0;54.0;54.0;5241.197183098591;-23;-20;-23;-20;0;2;5;0;0;0;1.0;1.0;-1.5;1.043146332003546;ambiguous;1.5;3.5;15.5
834900;1;sell;7;5243.0;Mark 14;5245.5;5249.5;5249.5;5258.5;5254.5;5.0;-0.4894;0.0;0.0;70.0;70.0;5244.276595744681;-20;-27;-20;-27;0;0;5;0;0;0;-2.5;4.0;-5.0;1.0718975657163485;sell;-6.5;-6.5;-15.5
836000;1;sell;6;5244.0;Mark 01;5247.5;5248.5;5253.0;5261.5;5254.0;5.0;-0.4648;0.0;0.0;52.0;52.0;5246.338028169014;-27;-33;-27;-33;0;1;6;0;0;0;-1.0;2.0;-2.0;1.0752476621436635;sell;-4.5;-9.0;-17.5
840400;1;sell;3;5253.0;Mark 14;5254.5;5255.0;5257.0;5261.5;5244.5;5.0;0.0;0.0;0.0;57.0;57.0;5254.5;-33;-36;-33;-36;0;0;5;0;2;2;0.0;3.0;15.0;0.9755975776972877;ambiguous;-2.0;-4.0;-8.5
843100;1;sell;4;5255.0;Mark 14;5259.5;5257.5;5258.0;5267.5;5251.5;3.0;-0.7436;0.0685;0.0685;78.0;68.0;5258.384615384615;-36;-40;-36;-40;0;0;3;0;0;2;3.0;5.0;17.0;1.0154404332817932;sell;-2.5;-3.0;-12.5
849300;1;buy;8;5270.0;Mark 01;5266.5;5264.5;5260.0;5262.5;5249.5;5.0;-0.5584;0.0;0.0;60.0;60.0;5265.103896103896;-40;-32;-40;-32;0;0;2;0;0;2;4.0;6.0;14.0;1.1504070514571982;buy;-5.5;-10.0;-7.5
850300;1;sell;7;5260.0;Mark 14;5263.5;5262.5;5265.5;5261.5;5251.0;5.0;-0.6053;0.0;0.0;61.0;61.0;5261.986842105263;-32;-39;-32;-39;0;1;3;0;0;1;-1.0;2.5;9.0;1.1489205218259926;sell;-2.5;-5.5;-1.5
851700;1;sell;6;5260.0;Mark 14;5261.5;5267.0;5272.5;5258.5;5254.5;5.0;-0.5158;0.0;0.0;72.0;72.0;5260.210526315789;-39;-45;-39;-45;0;1;3;0;1;2;1.0;-4.5;3.5;1.1897129041095054;ambiguous;-7.0;-12.5;1.5
852200;1;buy;4;5270.0;Mark 01;5267.5;5266.0;5274.5;5254.5;5256.0;5.0;-0.4286;0.0;0.0;50.0;50.0;5266.428571428572;-45;-41;-45;-41;1;2;4;0;1;2;5.0;4.0;11.0;1.213467266075249;buy;-4.0;4.5;-15.5
852900;1;sell;7;5265.0;Mark 01;5269.0;5270.0;5275.5;5254.5;5256.5;6.0;0.0;0.0;0.0;54.0;54.0;5269.0;-41;-48;-41;-48;0;2;5;0;0;2;2.5;6.5;12.0;1.2494259471568667;sell;-5.0;-10.5;10.5
856600;1;sell;3;5269.0;Mark 14;5271.5;5271.5;5264.5;5252.5;5251.5;5.0;-0.5342;0.0;0.0;56.0;56.0;5270.164383561644;-48;-51;-48;-51;0;0;5;0;0;1;-1.0;-4.0;10.0;1.2811370383409735;sell;-2.5;4.5;16.5
868700;1;sell;4;5246.0;Mark 01;5249.0;5244.5;5245.5;5238.5;5265.0;6.0;0.0;0.0;0.0;52.0;52.0;5249.0;-51;-55;-51;-55;0;0;0;0;0;1;-1.5;-3.5;-15.5;1.0041491313606996;sell;1.5;0.5;7.5
869600;1;sell;5;5241.0;Mark 14;5244.5;5246.5;5244.5;5239.5;5270.5;5.0;-0.5072;0.0;0.0;52.0;52.0;5243.231884057971;-55;-60;-55;-60;0;1;1;0;0;1;-1.0;-3.5;-18.0;1.018650685695249;sell;-5.5;-3.5;1.5
871500;1;sell;8;5241.0;Mark 01;5242.0;5243.5;5242.0;5243.5;5272.5;2.0;0.7297;0.4222;-0.0725;64.0;74.0;5242.72972972973;-60;-68;-60;-68;0;1;2;0;0;1;-2.5;-2.5;-18.0;0.9833321660356334;sell;-2.5;-1.0;-2.5
873600;1;sell;7;5238.0;Mark 14;5242.0;5242.5;5238.5;5250.0;5271.5;6.0;0.0;0.0;0.0;61.0;61.0;5242.0;-68;-75;-68;-75;0;0;3;0;0;0;-1.5;-2.5;-13.0;0.9759374115391366;sell;-4.5;-0.5;-12.0
874400;1;buy;3;5246.0;Mark 01;5244.5;5244.5;5239.5;5256.5;5273.5;5.0;0.5181;0.0;0.0;63.0;63.0;5245.795180722892;-75;-72;-75;-72;0;1;4;0;0;0;3.0;1.0;-10.0;0.9999489834961278;ambiguous;-1.5;-6.5;10.5
876500;1;buy;6;5242.0;Mark 01;5239.5;5237.5;5236.5;5255.5;5277.0;5.0;0.0;0.0;0.0;57.0;57.0;5239.5;-72;-66;-72;-66;0;0;5;0;0;0;0.0;-3.0;-14.0;1.025041029088676;buy;-4.5;-5.5;13.5
876800;1;buy;8;5240.0;Mark 01;5237.0;5237.5;5238.5;5255.5;5275.5;2.0;0.6296;-0.0376;-0.0376;64.0;69.0;5237.62962962963;-66;-58;-66;-58;1;1;6;0;0;0;-2.5;-6.5;-14.0;1.029956368695384;buy;-2.5;-1.5;15.5
877600;1;buy;5;5239.0;Mark 14;5236.5;5237.0;5239.5;5254.5;5277.5;5.0;0.0;0.0;0.0;51.0;51.0;5236.5;-58;-53;-58;-53;0;2;7;0;0;0;-1.0;-2.0;-11.5;1.0195767660951403;buy;-2.0;0.5;15.5
878500;1;buy;4;5239.0;Mark 14;5235.5;5236.5;5238.5;5248.5;5280.5;5.0;0.4412;0.0;0.0;49.0;49.0;5236.60294117647;-53;-49;-53;-49;0;3;8;0;0;0;-2.0;-4.0;-14.0;1.0421432946906617;buy;-2.5;-0.5;9.5
881800;1;sell;4;5244.0;Mark 14;5244.5;5247.5;5252.0;5251.0;5275.5;5.0;0.0;0.0;0.0;56.0;56.0;5244.5;-49;-53;-49;-53;0;0;6;0;0;1;5.0;5.0;0.0;1.0612552125962098;ambiguous;-3.5;-8.0;-7.0
883800;1;sell;8;5251.0;Mark 14;5250.5;5255.5;5252.5;5254.5;5268.5;5.0;0.0;0.0;0.0;72.0;72.0;5250.5;-53;-61;-53;-61;0;1;6;0;1;2;3.0;4.0;9.0;1.1576788784783676;ambiguous;-4.5;-1.5;-3.5
883900;1;sell;3;5251.0;Mark 14;5252.0;5256.5;5254.5;5253.5;5267.5;2.0;0.5152;-0.0526;-0.0526;72.0;80.0;5252.515151515152;-61;-64;-61;-64;1;1;7;0;1;2;3.5;6.0;10.5;1.1661746305996277;sell;-5.5;-3.5;-2.5
884200;1;sell;4;5253.0;Mark 14;5255.0;5256.5;5255.5;5254.5;5265.5;6.0;0.0;0.0;0.0;64.0;64.0;5255.0;-64;-68;-64;-68;2;2;8;0;1;2;4.5;9.5;11.5;1.171695402096619;ambiguous;-3.5;-2.5;-1.5
884600;1;sell;7;5254.0;Mark 01;5256.5;5255.5;5256.0;5253.5;5265.5;5.0;-0.5789;0.0;0.0;60.0;60.0;5255.0526315789475;-68;-75;-68;-75;1;3;8;0;0;2;1.5;9.5;13.5;1.1608473520835123;sell;-1.5;-2.0;0.5
886600;1;buy;5;5259.0;Mark 01;5255.5;5256.5;5249.0;5249.5;5264.5;5.0;0.5529;0.0;0.0;66.0;66.0;5256.882352941177;-75;-70;-75;-70;0;1;8;0;0;2;-0.5;-1.0;18.0;1.120187902380274;buy;-2.5;-10.0;-9.5
890200;1;sell;4;5240.0;Mark 01;5244.5;5246.5;5249.5;5251.5;5262.5;5.0;0.0;0.0;0.0;61.0;61.0;5244.5;-70;-74;-70;-74;0;0;6;0;0;2;-3.0;-6.0;5.0;1.1066715714909323;sell;-6.5;-9.5;-11.5
891000;1;sell;3;5245.0;Mark 14;5247.5;5249.5;5251.5;5252.5;5257.5;5.0;0.4565;0.0;0.0;67.0;67.0;5248.641304347826;-74;-77;-74;-77;0;1;7;0;0;2;2.0;-2.0;8.5;1.1124647401980248;sell;-4.5;-6.5;-7.5
899700;1;sell;5;5247.0;Mark 01;5250.5;5251.5;5254.5;5261.5;5249.5;5.0;-0.4318;0.0;0.0;63.0;63.0;5249.420454545455;-77;-82;-77;-82;0;0;2;0;0;1;1.0;2.0;3.0;1.2366829652976885;sell;-4.5;-7.5;-14.5
901000;1;buy;7;5255.0;Mark 01;5251.0;5254.0;5256.5;5262.5;5256.0;6.0;0.0;0.0;0.0;60.0;60.0;5251.0;-82;-75;-82;-75;0;1;2;0;0;1;-0.5;2.5;3.5;1.2107525943435857;buy;-1.0;1.5;7.5
901900;1;sell;3;5253.0;Mark 14;5254.5;5255.5;5258.5;5261.5;5258.5;5.0;-0.5714;0.0;0.0;66.0;66.0;5253.071428571428;-75;-78;-75;-78;0;1;2;0;0;1;2.0;5.0;4.0;1.2343500470982913;ambiguous;-2.5;-5.5;-8.5
904000;1;buy;6;5261.0;Mark 14;5258.5;5255.0;5257.5;5264.5;5260.5;5.0;0.5128;0.0;0.0;59.0;59.0;5259.782051282052;-78;-72;-78;-72;0;0;3;0;0;1;-0.5;3.0;4.5;1.2793837474293668;buy;-6.0;-3.5;3.5
905200;1;sell;6;5257.0;Mark 14;5257.5;5256.5;5254.0;5264.0;5265.0;5.0;0.0;0.0;0.0;72.0;72.0;5257.5;-72;-78;-72;-78;0;1;4;0;0;1;-0.5;-3.0;5.5;1.3121208233216894;ambiguous;0.5;3.0;-7.0
907000;1;buy;4;5255.0;Mark 14;5252.5;5253.5;5256.5;5260.5;5264.5;5.0;0.0;0.0;0.0;57.0;57.0;5252.5;-78;-74;-78;-74;0;1;5;0;0;0;0.0;-5.0;3.0;1.3023253907238967;buy;-1.5;1.5;5.5
907300;1;sell;4;5252.0;Mark 14;5254.0;5255.0;5261.0;5263.0;5263.5;6.0;0.0;0.0;0.0;59.0;59.0;5254.0;-74;-78;-74;-78;1;1;6;0;0;0;3.5;-4.5;4.5;1.1394906470886768;ambiguous;-3.0;-9.0;-11.0
911600;1;buy;5;5264.0;Mark 01;5261.5;5264.5;5263.5;5271.5;5263.5;5.0;0.4286;0.0;0.0;50.0;50.0;5262.571428571428;-78;-73;-78;-73;0;0;5;0;0;0;-0.5;0.5;8.0;1.109433995986175;buy;0.5;-0.5;7.5
913100;1;sell;7;5260.0;Mark 14;5262.5;5263.5;5265.5;5273.5;5267.5;5.0;0.0;0.0;0.0;68.0;68.0;5262.5;-73;-80;-73;-80;0;1;5;0;0;0;-1.0;0.5;4.0;1.1296660087374526;sell;-3.5;-5.5;-13.5
917300;1;buy;6;5266.0;Mark 01;5260.5;5262.5;5270.0;5277.0;5275.0;5.0;0.5949;0.0;0.0;63.0;63.0;5261.987341772152;-80;-74;-80;-74;0;0;3;0;0;1;1.5;-3.0;6.0;0.9515344526125807;buy;-3.5;4.0;11.0
923000;1;sell;6;5270.0;Mark 14;5271.5;5271.5;5275.0;5272.0;5259.5;5.0;-0.4684;0.0;0.0;58.0;58.0;5270.329113924051;-74;-80;-74;-80;0;0;2;0;0;1;-1.0;2.0;9.0;1.2130678121968543;ambiguous;-1.5;-5.0;-2.0
931200;1;sell;6;5271.0;Mark 01;5274.0;5275.5;5270.5;5256.5;5257.5;6.0;0.0;0.0;0.0;50.0;50.0;5274.0;-80;-86;-80;-86;0;0;1;0;0;0;1.0;-4.5;3.5;1.2737690140976816;sell;-4.5;0.5;14.5
936600;1;sell;7;5262.0;Mark 14;5264.0;5263.0;5262.0;5245.5;5254.5;6.0;0.0;0.0;0.0;53.0;53.0;5264.0;-86;-93;-86;-93;0;0;1;0;0;0;0.5;-1.5;-12.5;1.1017512101228861;ambiguous;-1.0;0.0;16.5
937800;1;sell;6;5259.0;Mark 01;5260.0;5262.5;5262.5;5249.0;5253.5;6.0;0.0;0.0;0.0;57.0;57.0;5260.0;-93;-99;-93;-99;0;1;2;0;0;0;0.0;-4.5;-18.0;1.1773419503068128;ambiguous;-3.5;-3.5;10.0
938200;1;buy;3;5266.0;Mark 14;5263.5;5262.5;5262.5;5248.0;5254.5;5.0;0.5682;0.0;0.0;69.0;69.0;5264.920454545455;-99;-96;-99;-96;1;2;3;0;0;0;3.5;-1.5;-16.5;1.1742179860604585;buy;-3.5;-3.5;-18.0
944800;1;buy;8;5245.0;Mark 01;5242.0;5245.5;5245.5;5263.5;5267.0;6.0;0.0;0.0;0.0;69.0;69.0;5242.0;-96;-88;-96;-88;0;0;3;0;0;0;-0.5;-6.5;-21.5;1.1528655912652237;buy;0.5;0.5;18.5
946800;1;buy;8;5248.0;Mark 14;5245.5;5247.5;5249.5;5263.5;5266.0;5.0;0.4857;0.0;0.0;52.0;52.0;5246.714285714285;-88;-80;-88;-80;0;1;3;0;0;0;1.5;3.5;-18.0;1.076504222323128;buy;-0.5;1.5;15.5
951500;1;buy;6;5262.0;Mark 01;5258.0;5259.5;5259.5;5263.5;;6.0;0.0;0.0;0.0;73.0;73.0;5258.0;-80;-74;-80;-74;0;0;2;0;0;2;2.0;7.5;2.5;1.2089183273032065;buy;-2.5;-2.5;1.5
960700;1;buy;4;5263.0;Mark 01;5260.0;5263.0;5267.0;5267.5;;6.0;0.0;0.0;0.0;65.0;65.0;5260.0;-74;-70;-74;-70;0;0;1;0;0;0;-1.5;-2.0;6.5;1.1648177224344143;buy;0.0;4.0;4.5
963300;1;sell;5;5267.0;Mark 14;5268.5;5270.5;5274.5;5258.5;;3.0;-0.6066;-0.225;0.1091;61.0;49.0;5267.5901639344265;-70;-75;-70;-75;0;0;1;0;0;0;1.0;4.0;10.5;1.1309974306982742;sell;-3.5;-7.5;8.5
963500;1;sell;5;5267.0;Mark 14;5269.0;5273.5;5273.5;5257.5;;6.0;0.0;0.0;0.0;53.0;53.0;5269.0;-75;-80;-75;-80;1;1;2;0;0;0;2.5;5.5;9.5;1.1274283951747452;ambiguous;-6.5;-6.5;9.5
965000;1;sell;4;5272.0;Mark 01;5276.5;5273.5;5275.5;5258.5;;5.0;0.0;0.0;0.0;61.0;61.0;5276.5;-80;-84;-80;-84;0;2;3;0;0;0;3.5;10.0;12.0;1.197832447033477;sell;-1.5;-3.5;13.5
966200;1;sell;7;5268.0;Mark 01;5271.5;5273.5;5271.5;5255.5;;5.0;0.0;0.0;0.0;61.0;61.0;5271.5;-84;-91;-84;-91;0;1;4;0;0;0;-1.0;-1.0;6.5;1.1968951091281441;sell;-5.5;-3.5;12.5
972800;1;sell;3;5256.0;Mark 01;5260.5;5258.5;5262.0;5253.5;;5.0;0.0;0.0;0.0;61.0;61.0;5260.5;-91;-94;-91;-94;0;0;4;0;0;0;-4.0;-7.0;-7.0;1.239114421898182;sell;-2.5;-6.0;2.5
973300;1;buy;8;5261.0;Mark 01;5258.0;5255.5;5257.0;5255.5;;6.0;0.0;0.0;0.0;68.0;68.0;5258.0;-94;-86;-94;-86;1;1;5;0;0;0;-1.0;-9.5;-11.5;1.2326129813363984;buy;-5.5;-4.0;-5.5
975400;1;sell;3;5255.0;Mark 01;5257.0;5258.0;5257.0;5252.5;;6.0;0.0;0.0;0.0;63.0;63.0;5257.0;-86;-89;-86;-89;0;0;3;0;0;0;-3.5;-0.5;-16.5;1.1214168527250505;ambiguous;-3.0;-2.0;2.5
982000;1;buy;3;5257.0;Mark 01;5253.5;5253.5;5250.5;5263.0;;5.0;0.6053;0.0;0.0;61.0;61.0;5255.013157894737;-89;-86;-89;-86;0;0;3;0;0;0;-2.0;-6.0;-13.0;1.0578849171381435;buy;-3.5;-6.5;6.0
984900;1;buy;6;5254.0;Mark 14;5251.5;5252.5;5256.5;5267.5;;5.0;0.5946;0.0;0.0;59.0;59.0;5252.986486486487;-86;-80;-86;-80;0;0;2;1;1;1;0.0;-4.0;-9.0;1.1017975128907784;buy;-1.5;2.5;13.5
988000;1;buy;4;5256.0;Mark 01;5253.5;5252.5;5256.5;5268.5;;5.0;0.4545;0.0;0.0;64.0;64.0;5254.636363636364;-80;-76;-80;-76;0;0;2;0;1;3;1.5;-0.5;-6.0;1.0713739108887084;buy;-3.5;0.5;12.5
991500;1;sell;4;5260.0;Mark 14;5260.5;5263.0;5261.5;;;5.0;0.443;0.0;0.0;57.0;57.0;5261.607594936709;-76;-80;-76;-80;0;0;3;0;0;3;-0.5;6.0;5.0;1.1112258893884805;ambiguous;-3.0;-1.5;
991600;1;sell;7;5260.0;Mark 14;5262.5;5262.5;5262.5;;;5.0;-0.5949;0.0;0.0;63.0;63.0;5261.012658227848;-80;-87;-80;-87;1;1;4;0;0;3;2.0;7.0;8.0;1.123007934857489;sell;-2.5;-2.5;
2700;2;sell;8;5269.0;Mark 01;5272.5;5273.0;5271.0;5265.0;5259.5;5.0;0.4949;0.0;0.0;74.0;74.0;5273.737373737374;0;-8;-87;-95;0;0;0;0;1;1;4.0;10.0;;1.217476291641878;sell;-4.0;-2.0;4.0
2900;2;buy;8;5272.0;Mark 14;5271.5;5274.5;5272.5;5266.5;5261.0;5.0;0.0;0.0;0.0;67.0;67.0;5271.5;-8;0;-95;-87;1;1;1;0;0;1;1.0;10.5;;1.1866605518454392;ambiguous;2.5;0.5;-5.5
4800;2;buy;3;5273.0;Mark 14;5271.0;5273.5;5272.5;5267.0;5258.5;6.0;0.0;0.0;0.0;63.0;63.0;5271.0;0;3;-87;-84;0;1;2;0;0;1;-3.5;-0.5;;1.1713727326383663;ambiguous;0.5;-0.5;-6.0
5700;2;sell;5;5273.0;Mark 01;5276.0;5275.5;5273.0;5270.0;5256.5;6.0;0.0;0.0;0.0;68.0;68.0;5276.0;3;-2;-84;-89;0;1;3;0;0;1;3.0;2.5;;1.1569650987803903;sell;-2.5;0.0;3.0
9900;2;sell;5;5261.0;Mark 22;5262.5;5262.0;5267.5;5268.5;5241.5;5.0;0.0;0.0;0.0;47.0;47.0;5262.5;-2;-7;-89;-94;0;0;4;0;0;1;-2.0;-9.0;;1.1898589264654988;ambiguous;-1.0;-6.5;-7.5
10700;2;buy;4;5265.0;Mark 14;5261.0;5264.5;5265.0;5268.5;5245.5;6.0;0.0;0.0;0.0;59.0;59.0;5261.0;-7;-3;-94;-90;0;1;5;0;0;1;-1.0;-7.5;-1.5;1.1600560450030892;buy;-0.5;0.0;3.5
12600;2;sell;3;5264.0;Mark 01;5267.5;5266.0;5264.0;5269.5;5249.0;5.0;-0.5224;0.0;0.0;51.0;51.0;5266.194029850746;-3;-6;-90;-93;0;1;6;0;1;1;0.5;6.5;-5.0;1.1623186281776765;sell;-2.0;0.0;-5.5
13900;2;buy;4;5269.0;Mark 14;5265.5;5266.5;5270.5;5265.0;5250.5;5.0;0.5854;0.0;0.0;65.0;65.0;5266.963414634146;-6;-2;-93;-89;0;1;5;0;1;1;-1.5;-2.0;-8.5;1.15915417621836;buy;-2.5;1.5;-4.0
16300;2;buy;5;5275.0;Mark 01;5271.0;5273.0;5274.5;5265.5;5252.0;6.0;0.0;0.0;0.0;65.0;65.0;5271.0;-2;3;-89;-84;0;0;4;0;0;1;1.5;3.5;-5.0;1.142597938014195;buy;-2.0;-0.5;-9.5
17400;2;sell;3;5274.0;Mark 14;5275.5;5273.5;5269.5;5264.0;5256.5;5.0;0.0;0.0;0.0;52.0;52.0;5275.5;3;0;-84;-87;0;1;5;0;0;1;2.0;7.0;3.0;1.063200290475687;ambiguous;0.5;4.5;10.0
23100;2;sell;4;5264.0;Mark 01;5267.5;5262.5;5266.0;5268.0;5258.5;5.0;-0.4366;0.0;0.0;51.0;51.0;5266.408450704225;0;-4;-87;-91;0;0;3;0;0;0;-2.0;-1.5;1.5;1.117931317921013;sell;1.5;-2.0;-4.0
25500;2;sell;6;5264.0;Mark 14;5266.5;5267.5;5265.0;5269.0;5256.5;5.0;-0.3827;0.0;0.0;56.0;56.0;5265.543209876543;-4;-10;-91;-97;0;0;3;0;0;0;1.0;2.5;-2.0;1.156709002629268;sell;-3.5;-1.0;-5.0
26500;2;buy;6;5269.0;Mark 14;5266.5;5266.5;5266.5;5268.5;5255.0;5.0;-0.5775;0.0;0.0;56.0;56.0;5265.056338028169;-10;-4;-97;-91;0;1;3;0;0;0;-1.0;0.0;-7.0;1.1348699498538668;buy;-2.5;-2.5;-0.5
32500;2;buy;4;5266.0;Mark 22;5266.5;5268.5;5271.5;5253.5;5270.5;5.0;-0.4634;0.0;0.0;60.0;60.0;5265.341463414634;-4;0;-91;-87;0;0;3;0;0;0;2.0;4.0;-3.0;1.024493424507695;ambiguous;2.5;5.5;-12.5
33300;2;buy;7;5271.0;Mark 01;5267.5;5269.0;5267.5;5252.5;5265.5;5.0;-0.5278;0.0;0.0;55.0;55.0;5266.180555555556;0;7;-87;-80;0;1;3;0;0;0;1.0;7.0;3.0;1.0391774666352878;buy;-2.0;-3.5;-18.5
35700;2;buy;3;5270.0;Mark 14;5270.0;5268.5;5269.0;5255.5;5271.5;4.0;-0.7;0.0811;0.0811;60.0;51.0;5268.6;7;10;-80;-77;0;0;3;0;0;0;3.5;1.5;3.5;1.000637486836896;ambiguous;-1.5;-1.0;-14.5
35800;2;sell;7;5264.0;Mark 14;5267.5;5266.5;5266.5;5255.5;5269.5;5.0;0.0;0.0;0.0;64.0;64.0;5267.5;10;3;-77;-84;1;1;4;0;0;0;0.0;-1.5;1.5;1.0309712628002425;sell;-2.5;-2.5;8.5
36100;2;buy;4;5271.0;Mark 01;5265.5;5268.5;5266.5;5254.5;5269.5;3.0;0.7612;-0.0635;-0.0635;59.0;67.0;5266.641791044776;3;7;-84;-80;2;2;5;0;0;0;-4.5;-6.0;-2.0;1.0705402957592973;buy;-2.5;-4.5;-16.5
38400;2;sell;8;5265.0;Mark 14;5267.5;5268.5;5258.5;5257.0;5268.0;5.0;0.0;0.0;0.0;53.0;53.0;5267.5;7;-1;-80;-88;0;0;5;0;0;0;2.5;-1.0;1.0;1.2185017252525432;sell;-3.5;6.5;8.0
41700;2;buy;5;5254.0;Mark 01;5251.0;5252.5;5251.5;5262.5;5266.5;6.0;0.0;0.0;0.0;53.0;53.0;5251.0;-1;4;-88;-83;0;0;6;0;0;0;-1.5;-10.5;-11.5;1.2264514856314086;buy;-1.5;-2.5;8.5
42000;2;sell;8;5247.0;Mark 14;5250.5;5253.5;5251.5;5261.5;5268.5;5.0;-0.5556;0.0;0.0;70.0;70.0;5249.111111111111;4;-4;-83;-91;1;1;7;0;0;0;-1.0;-11.0;-14.0;1.2268881635506255;sell;-6.5;-4.5;-14.5
43000;2;sell;8;5250.0;Mark 01;5253.5;5252.0;5258.5;5258.5;5270.5;5.0;-0.4026;0.0;0.0;54.0;54.0;5252.493506493506;-4;-12;-91;-99;0;2;7;0;0;0;0.0;-1.0;-15.0;1.2420546382981332;sell;-2.0;-8.5;-8.5
44700;2;sell;8;5255.0;Mark 14;5257.0;5257.5;5258.0;5258.5;5265.5;6.0;0.0;0.0;0.0;70.0;70.0;5257.0;-12;-20;-99;-107;0;1;7;0;0;0;3.5;4.0;-13.5;1.2906387538816275;ambiguous;-2.5;-3.0;-3.5
46800;2;sell;8;5256.0;Mark 14;5258.0;5258.0;5258.5;5253.5;5263.0;6.0;0.0;0.0;0.0;51.0;51.0;5258.0;-20;-28;-107;-115;0;0;5;0;1;1;1.5;0.0;-7.5;1.1749997557782603;ambiguous;-2.0;-2.5;2.5
48100;2;buy;7;5261.0;Mark 01;5259.5;5259.5;5260.5;5248.5;5264.5;5.0;0.0;0.0;0.0;60.0;60.0;5259.5;-28;-21;-115;-108;0;1;6;0;0;1;-0.5;5.0;-7.0;1.0541167517469976;ambiguous;-1.5;-0.5;-12.5
52600;2;buy;8;5263.0;Mark 01;5260.5;5260.5;5260.5;5249.0;5265.0;5.0;0.0;0.0;0.0;54.0;54.0;5260.5;-21;-13;-108;-100;0;0;4;0;0;2;-2.0;-1.0;6.0;1.1509169099898753;buy;-2.5;-2.5;-14.0
53200;2;buy;5;5264.0;Mark 01;5260.5;5259.0;5257.5;5253.0;5265.5;5.0;0.0;0.0;0.0;53.0;53.0;5260.5;-13;-8;-100;-95;0;1;4;0;0;2;1.0;-2.5;7.5;1.1856968210008394;buy;-5.0;-6.5;-11.0
53600;2;sell;5;5257.0;Mark 01;5260.5;5258.5;5255.5;5252.5;5264.5;5.0;0.493;0.0;0.0;53.0;53.0;5261.732394366197;-8;-13;-95;-100;1;2;5;0;0;2;0.0;-4.0;8.0;1.1474765258202182;sell;-1.5;1.5;4.5
59200;2;buy;8;5244.0;Mark 01;5242.5;5241.5;5248.5;5252.0;5264.0;5.0;-0.4894;0.0;0.0;70.0;70.0;5241.276595744681;-13;-5;-100;-92;0;0;3;0;0;0;-3.0;-8.0;-15.0;1.260219929207776;ambiguous;-2.5;4.5;8.0
64300;2;sell;3;5249.0;Mark 01;5252.5;5251.5;5252.0;5257.0;5257.5;5.0;0.5616;0.0;0.0;57.0;57.0;5253.904109589041;-5;-8;-92;-95;0;0;1;0;0;0;1.0;4.5;-7.0;1.216490441804008;sell;-2.5;-3.0;-8.0
67600;2;buy;4;5262.0;Mark 01;5257.5;5259.5;5257.5;5253.5;5259.5;5.0;0.0;0.0;0.0;50.0;50.0;5257.5;-8;-4;-95;-91;0;0;2;0;0;0;1.5;4.5;9.0;1.0668646510475117;buy;-2.5;-4.5;-8.5
70000;2;sell;6;5255.0;Mark 01;5257.5;5256.0;5254.5;5259.5;5253.0;5.0;0.0;0.0;0.0;50.0;50.0;5257.5;-4;-10;-91;-97;0;0;2;0;0;0;2.0;-2.0;14.0;1.098760559849519;sell;-1.0;0.5;-4.5
70400;2;buy;5;5260.0;Mark 14;5257.5;5256.0;5256.0;5262.5;5256.5;5.0;0.0;0.0;0.0;68.0;68.0;5257.5;-10;-5;-97;-92;1;1;3;0;0;0;0.0;0.0;13.5;1.0936413595526417;buy;-4.0;-4.0;2.5
71500;2;sell;4;5251.0;Mark 22;5252.0;5254.5;5255.0;5266.0;5257.5;6.0;0.0;0.0;0.0;52.0;52.0;5252.0;-5;-9;-92;-96;0;2;4;0;0;0;-2.5;-3.5;4.5;1.1103073309431066;ambiguous;-3.5;-4.0;-15.0
73100;2;sell;7;5256.0;Mark 01;5257.5;5255.5;5254.5;5267.0;5263.0;5.0;0.0;0.0;0.0;66.0;66.0;5257.5;-9;-16;-96;-103;0;1;5;0;0;0;-1.5;3.0;8.5;1.2082218423808109;ambiguous;0.5;1.5;-11.0
73200;2;sell;5;5254.0;Mark 01;5258.5;5256.5;5255.5;5266.5;5262.5;5.0;0.5;0.0;0.0;45.0;45.0;5259.75;-16;-21;-103;-108;1;2;6;0;0;0;0.0;4.5;5.5;1.145674537512063;sell;-2.5;-1.5;-12.5
76700;2;buy;4;5258.0;Mark 01;5255.0;5252.5;5253.5;5267.5;5261.5;6.0;0.0;0.0;0.0;60.0;60.0;5255.0;-21;-17;-108;-104;0;0;6;0;0;0;0.5;-1.0;0.5;1.035956956456714;buy;-5.5;-4.5;9.5
82100;2;buy;5;5270.0;Mark 22;5269.5;5271.5;5269.0;5267.5;5257.5;5.0;-0.5844;0.0;0.0;61.0;61.0;5268.038961038961;-17;-12;-104;-99;0;0;3;0;0;0;3.5;8.0;14.0;1.0755322949013562;ambiguous;1.5;-1.0;-2.5
83000;2;buy;6;5271.0;Mark 01;5268.0;5268.5;5269.5;5270.5;5257.5;6.0;0.0;0.0;0.0;63.0;63.0;5268.0;-12;-6;-99;-93;0;1;4;0;0;0;-2.5;3.5;10.5;1.0854239205195344;buy;-2.5;-1.5;-0.5
84100;2;buy;8;5272.0;Mark 01;5268.5;5272.0;5269.5;5267.0;5255.5;5.0;-0.4177;0.0;0.0;56.0;56.0;5267.455696202532;-6;2;-93;-85;0;2;3;0;0;0;1.0;-0.5;12.0;1.1125793788294436;buy;0.0;-2.5;-5.0
84400;2;buy;5;5273.0;Mark 14;5270.5;5271.0;5270.0;5267.5;5256.5;3.0;-0.7632;-0.4255;0.0629;76.0;67.0;5269.355263157895;2;7;-85;-80;1;2;4;0;0;0;2.0;-2.0;14.0;1.1192539092339029;buy;-2.0;-3.0;-5.5
84800;2;buy;5;5276.0;Mark 14;5275.5;5268.5;5267.5;5264.5;5257.5;5.0;-0.5366;0.0;0.0;63.0;63.0;5274.158536585366;7;12;-80;-75;1;3;5;0;0;0;5.0;6.0;20.0;1.18047925535316;ambiguous;-7.5;-8.5;-11.5
85500;2;buy;8;5273.0;Mark 01;5268.5;5268.5;5270.5;5262.5;5256.5;5.0;-0.4054;0.0;0.0;52.0;52.0;5267.486486486487;12;20;-75;-67;0;3;6;0;0;0;-1.0;0.0;12.0;1.2020414224423457;buy;-4.5;-2.5;-10.5
91700;2;sell;8;5264.0;Mark 14;5268.0;5268.5;5267.5;5263.5;5258.5;6.0;0.0;0.0;0.0;57.0;57.0;5268.0;20;12;-67;-75;0;0;6;0;0;0;2.5;1.5;1.5;1.287967911354752;sell;-4.5;-3.5;0.5
92600;2;buy;4;5271.0;Mark 01;5267.5;5271.0;5267.5;5265.0;5257.5;5.0;0.4933;0.0;0.0;56.0;56.0;5268.733333333334;12;16;-75;-71;0;1;6;0;0;0;0.0;0.0;-4.0;1.2465645065838287;buy;0.0;-3.5;-6.0
95100;2;sell;8;5262.0;Mark 01;5264.5;5261.0;5262.5;5261.5;5269.0;5.0;0.0;0.0;0.0;58.0;58.0;5264.5;16;8;-71;-79;0;0;3;0;0;0;-3.0;-6.5;-4.0;1.1990669092727761;sell;1.0;-0.5;0.5
97200;2;buy;7;5265.0;Mark 14;5262.5;5261.5;5264.0;5258.5;5261.5;5.0;0.0;0.0;0.0;65.0;65.0;5262.5;8;15;-79;-72;0;0;3;0;0;0;-1.0;0.5;-7.0;1.1525336626256772;buy;-3.5;-1.0;-6.5
97400;2;sell;5;5258.0;Mark 01;5261.5;5261.5;5264.5;5260.5;5262.5;5.0;0.0;0.0;0.0;55.0;55.0;5261.5;15;10;-72;-77;1;1;4;0;0;0;-3.0;-0.5;-9.0;1.151116358377126;sell;-3.5;-6.5;-2.5
103500;2;sell;8;5263.0;Mark 01;5265.5;5259.0;5258.5;5257.5;5271.5;5.0;0.0;0.0;0.0;52.0;52.0;5265.5;10;2;-77;-85;0;0;3;0;0;0;1.0;4.0;-3.0;1.1499191491521379;sell;4.0;4.5;5.5
106300;2;buy;7;5262.0;Mark 14;5259.5;5260.0;5263.5;5254.5;5276.5;5.0;0.5227;0.0;0.0;67.0;67.0;5260.806818181818;2;9;-85;-78;0;0;3;0;0;0;-0.5;-4.0;-5.0;1.1557824528246312;buy;-2.0;1.5;-7.5
108800;2;buy;3;5263.0;Mark 14;5260.5;5263.0;5258.5;5253.5;5275.5;5.0;-0.4565;0.0;0.0;67.0;67.0;5259.358695652174;9;12;-78;-75;0;0;2;0;0;0;-3.0;0.5;-4.0;1.2281972657598774;buy;0.0;-4.5;-9.5
109400;2;buy;6;5266.0;Mark 01;5263.0;5262.5;5260.5;5248.5;5274.0;6.0;0.0;0.0;0.0;57.0;57.0;5263.0;12;18;-75;-69;0;1;3;0;0;0;1.5;2.5;-1.5;1.194377707576749;buy;-3.5;-5.5;-17.5
109800;2;buy;3;5267.0;Mark 14;5263.5;5258.5;5262.5;5251.5;5273.5;5.0;-0.439;0.0;0.0;59.0;59.0;5262.40243902439;18;21;-69;-66;1;2;4;0;0;0;0.5;2.0;-0.5;1.1838452787057463;buy;-8.5;-4.5;-15.5
110500;2;buy;8;5262.0;Mark 14;5259.5;5258.0;5257.5;5256.0;5272.5;5.0;-0.5556;0.0;0.0;56.0;56.0;5258.111111111111;21;29;-66;-58;0;3;5;0;0;0;-2.0;-1.5;-1.0;1.2143498031219893;buy;-4.0;-4.5;-6.0
111300;2;buy;7;5263.0;Mark 01;5259.5;5262.5;5256.5;5257.5;5271.5;5.0;-0.4783;0.0;0.0;68.0;68.0;5258.304347826087;29;36;-58;-51;0;3;6;0;0;0;1.0;-3.5;-0.5;1.1838452787057463;buy;-0.5;-6.5;-5.5
118100;2;buy;3;5260.0;Mark 01;5260.5;5253.5;5252.5;5257.5;5269.5;3.0;-0.7838;0.0571;0.0571;74.0;66.0;5259.324324324324;36;39;-51;-48;0;0;5;0;0;1;1.0;5.0;-3.0;1.0045808760151986;ambiguous;-6.5;-7.5;-2.5
122900;2;sell;8;5258.0;Mark 01;5261.5;5264.5;5261.5;5256.5;5275.5;5.0;0.5059;0.0;0.0;64.0;64.0;5262.764705882353;39;31;-48;-56;0;0;1;0;0;0;1.0;5.0;3.0;1.0796982879587798;sell;-6.5;-3.5;1.5
129600;2;sell;6;5255.0;Mark 14;5256.0;5253.5;5257.5;5254.5;5270.5;6.0;0.0;0.0;0.0;57.0;57.0;5256.0;31;25;-56;-62;0;0;1;2;2;2;1.5;-0.5;5.0;0.9414553248892754;ambiguous;1.5;-2.5;0.5
130100;2;buy;5;5256.0;Mark 14;5252.5;5254.5;5257.5;5257.5;5268.5;3.0;0.8276;-0.045;-0.045;53.0;58.0;5253.741379310345;25;30;-62;-57;1;1;2;0;2;2;-5.0;-5.0;0.0;0.9974715509474418;buy;-1.5;1.5;1.5
130300;2;sell;6;5252.0;Mark 14;5255.5;5256.5;5255.5;5256.5;5268.5;5.0;0.0;0.0;0.0;62.0;62.0;5255.5;30;24;-57;-63;1;2;3;0;2;2;0.0;-2.0;0.0;0.9974715509474418;sell;-4.5;-3.5;-4.5
133000;2;buy;7;5260.0;Mark 01;5256.5;5255.5;5259.0;5258.5;5265.5;5.0;0.0;0.0;0.0;69.0;69.0;5256.5;24;31;-63;-56;0;0;3;0;0;2;2.0;-2.0;-5.5;1.0222002632687548;buy;-4.5;-1.0;-1.5
135500;2;buy;7;5259.0;Mark 01;5256.5;5255.5;5260.5;5268.5;5259.5;5.0;-0.4217;0.0;0.0;59.0;59.0;5255.44578313253;31;38;-56;-49;0;0;4;0;1;3;-2.5;1.0;-7.0;1.0917738809486708;buy;-3.5;1.5;9.5
138700;2;buy;3;5262.0;Mark 01;5257.5;5254.5;5258.5;5264.5;5259.5;5.0;0.4894;0.0;0.0;70.0;70.0;5258.723404255319;38;41;-49;-46;0;0;5;0;0;3;0.5;0.0;0.5;1.2237030848508483;buy;-7.5;-3.5;2.5
140500;2;buy;6;5257.0;Mark 22;5257.5;5257.5;5258.5;5267.5;5258.0;5.0;-0.4146;0.0;0.0;58.0;58.0;5256.463414634146;41;47;-46;-40;0;1;3;0;0;1;1.0;-1.5;3.5;1.2232027121506697;ambiguous;0.5;1.5;10.5
142300;2;buy;6;5259.0;Mark 14;5257.5;5257.0;5263.0;5274.0;5261.5;5.0;0.0;0.0;0.0;61.0;61.0;5257.5;47;53;-40;-34;0;1;4;0;0;1;-1.0;1.0;2.0;1.18047925535316;ambiguous;-2.0;4.0;15.0
143100;2;buy;7;5261.0;Mark 01;5258.5;5260.5;5269.0;5273.0;5262.5;5.0;-0.4324;0.0;0.0;53.0;53.0;5257.418918918919;53;60;-34;-27;0;1;4;0;0;1;1.0;2.0;2.0;1.228695604485003;buy;-0.5;8.0;12.0
144300;2;buy;6;5266.0;Mark 01;5262.0;5265.5;5264.5;5272.0;5264.0;6.0;0.0;0.0;0.0;56.0;56.0;5262.0;60;66;-27;-21;0;2;5;0;0;0;-0.5;5.5;7.5;1.2151477367129346;buy;-0.5;-1.5;6.0
147200;2;sell;8;5259.0;Mark 01;5262.5;5263.5;5265.5;5273.5;5261.5;5.0;0.0;0.0;0.0;70.0;70.0;5262.5;66;58;-21;-29;0;0;5;0;0;0;0.0;-7.5;3.0;1.2119318033831044;sell;-4.5;-6.5;-14.5
154300;2;buy;6;5275.0;Mark 01;5271.0;5274.0;5276.5;5281.5;5258.5;6.0;0.0;0.0;0.0;49.0;49.0;5271.0;58;64;-29;-23;0;0;2;0;0;0;1.0;-3.0;8.0;0.9420241228416121;buy;-1.0;1.5;6.5
155100;2;buy;8;5277.0;Mark 01;5273.5;5273.5;5272.5;5277.5;5263.5;5.0;0.0;0.0;0.0;68.0;68.0;5273.5;64;72;-23;-15;0;1;2;0;0;0;2.5;0.5;4.5;0.945726456625893;buy;-3.5;-4.5;0.5
155300;2;buy;3;5277.0;Mark 14;5275.5;5276.5;5271.5;5278.0;5264.5;5.0;-0.5238;0.0;0.0;64.0;64.0;5274.190476190476;72;75;-15;-12;1;2;3;0;0;0;1.5;3.5;5.5;0.9531682652412822;ambiguous;-0.5;-5.5;1.0
155700;2;buy;4;5277.0;Mark 14;5273.5;5274.5;5275.5;5272.0;5262.5;5.0;0.5588;0.0;0.0;53.0;53.0;5274.89705882353;75;79;-12;-8;1;3;4;0;0;0;-2.0;3.0;6.5;0.9364840344070562;buy;-2.5;-1.5;-5.0
155800;2;sell;7;5274.0;Mark 14;5274.5;5276.5;5276.5;5274.5;5263.5;5.0;0.4737;0.0;0.0;56.0;56.0;5275.684210526316;79;72;-8;-15;2;4;5;0;0;0;0.0;4.5;6.5;0.9364840344070562;ambiguous;-2.5;-2.5;-0.5
164100;2;buy;5;5282.0;Mark 14;5280.0;5282.0;5276.5;5276.5;5268.5;6.0;0.0;0.0;0.0;63.0;63.0;5280.0;72;77;-15;-10;0;0;5;0;0;2;3.5;13.5;9.5;1.2095511473953855;ambiguous;0.0;-5.5;-5.5
164200;2;sell;7;5278.0;Mark 14;5279.5;5280.5;5274.5;5277.0;5267.5;5.0;0.4505;0.0;0.0;66.0;66.0;5280.626373626374;77;70;-10;-17;1;1;6;0;0;2;3.0;12.5;8.5;1.21031009475117;ambiguous;-2.5;3.5;1.0
169900;2;sell;3;5267.0;Mark 14;5269.5;5268.5;5273.0;5269.0;5266.5;5.0;0.0;0.0;0.0;67.0;67.0;5269.5;70;67;-17;-20;0;0;2;0;0;1;-1.0;-1.0;-5.0;1.3285804482793844;sell;-1.5;-6.0;-2.0
170500;2;buy;7;5272.0;Mark 14;5268.5;5270.5;5271.5;5269.0;5264.5;5.0;-0.4898;0.0;0.0;73.0;73.0;5267.275510204082;67;74;-20;-13;0;1;3;0;0;1;1.0;-2.5;-4.0;1.3270244067632258;buy;-1.5;-0.5;-3.0
171500;2;sell;7;5271.0;Mark 14;5272.5;5273.0;5274.5;5264.5;5257.5;5.0;0.5854;0.0;0.0;65.0;65.0;5273.963414634146;74;67;-13;-20;0;2;4;0;0;1;2.0;2.0;2.0;1.2849540964154746;ambiguous;-2.0;-3.5;6.5
172600;2;buy;8;5276.0;Mark 01;5271.5;5276.5;5276.5;5266.5;5262.0;5.0;0.4146;0.0;0.0;58.0;58.0;5272.536585365854;67;75;-20;-12;0;1;5;0;0;1;0.0;2.5;1.0;1.308441508710325;buy;0.5;0.5;-9.5
174000;2;buy;6;5278.0;Mark 14;5276.0;5278.5;5277.5;5262.5;5261.5;6.0;0.0;0.0;0.0;50.0;50.0;5276.0;75;81;-12;-6;0;1;6;0;0;1;1.5;3.0;-4.0;1.222013505845383;ambiguous;0.5;-0.5;-15.5
175000;2;buy;4;5279.0;Mark 01;5278.0;5278.5;5279.5;5261.5;5267.0;6.0;0.0;0.0;0.0;66.0;66.0;5278.0;81;85;-6;-2;0;1;5;0;0;1;-0.5;1.5;-1.0;1.2349698356022565;ambiguous;-0.5;0.5;-17.5
178200;2;sell;3;5272.0;Mark 01;5274.0;5272.5;5267.5;5258.0;5258.5;2.0;0.3571;0.3708;-0.0687;61.0;70.0;5274.357142857143;85;82;-2;-5;0;0;6;0;0;0;-2.0;-5.5;5.0;1.0695390999576073;sell;-0.5;4.5;14.0
179100;2;buy;8;5275.0;Mark 01;5274.5;5270.5;5268.5;5259.0;5261.5;5.0;0.0;0.0;0.0;75.0;75.0;5274.5;82;90;-5;3;0;1;7;0;0;0;1.0;-5.0;3.0;1.0269553456260936;ambiguous;-4.5;-6.5;-16.0
185500;2;buy;5;5262.0;Mark 14;5261.5;5263.5;5256.5;5261.5;5273.0;5.0;-0.5802;0.0;0.0;64.0;64.0;5260.049382716049;90;95;3;8;0;0;2;0;0;0;0.0;-4.0;-17.0;1.0179242499292473;ambiguous;1.5;-5.5;-0.5
188200;2;sell;3;5255.0;Mark 01;5256.0;5259.5;5259.5;5265.5;5268.0;6.0;0.0;0.0;0.0;50.0;50.0;5256.0;95;92;8;5;0;0;3;0;0;0;-1.5;-3.5;-19.0;1.1800254035680815;ambiguous;-4.5;-4.5;-10.5
189700;2;sell;6;5257.0;Mark 01;5260.5;5259.5;5259.0;5263.5;5264.5;5.0;-0.4444;0.0;0.0;52.0;52.0;5259.388888888889;92;86;5;-1;0;1;2;0;0;0;1.0;3.0;-9.0;1.1620333023523644;sell;-2.5;-2.0;-6.5
194900;2;sell;6;5257.0;Mark 01;5261.5;5260.5;5259.0;5262.5;5273.5;5.0;0.6053;0.0;0.0;61.0;61.0;5263.013157894737;86;80;-1;-7;0;0;3;1;1;1;-2.5;-3.0;-1.5;1.1901416294942717;sell;-3.5;-2.0;-5.5
195500;2;buy;6;5264.0;Mark 14;5260.5;5265.0;5263.5;5263.0;5272.0;5.0;0.0;0.0;0.0;72.0;72.0;5260.5;80;86;-7;-1;0;1;4;0;1;1;1.0;-1.0;1.0;1.1436689983014086;buy;1.0;-0.5;-1.0
196700;2;sell;6;5261.0;Mark 14;5263.5;5261.5;5263.5;5267.0;5278.0;5.0;-0.493;0.0;0.0;53.0;53.0;5262.267605633803;86;80;-1;-7;0;2;4;0;0;1;-3.0;2.5;6.0;1.0595232567907327;sell;-0.5;-2.5;-6.0
201300;2;sell;6;5259.0;Mark 22;5260.5;5257.5;5261.5;5267.5;5274.5;5.0;0.4713;0.0;0.0;64.0;64.0;5261.6781609195405;80;74;-7;-13;0;0;3;0;1;2;0.0;-3.0;-1.0;1.1611988710293288;ambiguous;1.5;-2.5;-8.5
203500;2;buy;4;5263.0;Mark 01;5261.5;5259.5;5263.0;5267.5;5266.0;3.0;-0.7857;0.0566;0.0566;56.0;50.0;5260.321428571428;74;78;-13;-9;0;0;4;0;0;2;2.0;3.0;0.0;1.1612428034157407;buy;-3.5;0.0;4.5
206000;2;buy;6;5268.0;Mark 01;5263.5;5267.5;5270.5;5266.5;5268.5;5.0;0.4217;0.0;0.0;59.0;59.0;5264.55421686747;78;84;-9;-3;0;0;3;0;1;2;0.5;4.0;-1.5;1.1816239156572872;buy;-0.5;2.5;-1.5
209400;2;sell;4;5265.0;Mark 01;5269.0;5267.5;5266.5;5264.5;5276.5;4.0;-0.8158;0.0483;0.0483;76.0;69.0;5267.368421052632;84;80;-3;-7;0;0;3;0;0;2;1.5;-0.5;7.5;1.1334305581372754;sell;-2.5;-1.5;0.5
211400;2;sell;7;5264.0;Mark 01;5267.5;5265.5;5267.5;5257.5;5279.5;5.0;0.5833;0.0;0.0;57.0;57.0;5268.958333333333;80;73;-7;-14;0;1;3;0;0;2;2.0;0.0;8.5;1.1721524792225178;sell;-1.5;-3.5;6.5
212100;2;buy;4;5271.0;Mark 01;5267.5;5267.0;5268.5;5258.5;5282.5;5.0;0.5158;0.0;0.0;72.0;72.0;5268.789473684211;73;77;-14;-10;0;1;4;0;0;2;1.0;2.0;9.0;1.1749997557782603;buy;-4.0;-2.5;-12.5
212200;2;buy;5;5267.0;Mark 22;5268.0;5266.5;5267.5;5259.5;5282.0;6.0;0.0;0.0;0.0;63.0;63.0;5268.0;77;82;-10;-5;1;2;5;0;0;2;1.5;6.0;8.5;1.1721524792225178;ambiguous;-0.5;0.5;-7.5
212900;2;sell;5;5266.0;Mark 14;5267.0;5267.5;5265.5;5259.5;5279.5;6.0;0.0;0.0;0.0;54.0;54.0;5267.0;82;77;-5;-10;0;3;6;0;0;2;1.5;1.5;7.0;1.1437359062665378;ambiguous;-1.5;0.5;6.5
217200;2;sell;4;5262.0;Mark 14;5262.5;5262.5;5263.5;5263.5;5284.0;5.0;0.4146;0.0;0.0;58.0;58.0;5263.536585365854;77;73;-10;-14;0;0;5;0;0;0;-2.5;-2.0;-8.0;1.072397179519683;ambiguous;-0.5;-1.5;-1.5
217800;2;sell;6;5260.0;Mark 01;5262.5;5264.5;5264.5;5260.0;5283.5;5.0;0.0;0.0;0.0;55.0;55.0;5262.5;73;67;-14;-20;0;1;6;0;0;0;-1.0;-1.0;-6.0;1.0923811616773293;sell;-4.5;-4.5;0.0
220600;2;sell;4;5260.0;Mark 14;5264.5;5263.5;5262.0;5265.0;5279.5;5.0;-0.5062;0.0;0.0;61.0;61.0;5263.234567901234;67;63;-20;-24;0;0;6;0;0;0;0.0;0.0;0.0;1.0371873387954442;sell;-3.5;-2.0;-5.0
220800;2;buy;6;5265.0;Mark 14;5263.5;5257.5;5260.5;5267.5;5278.0;5.0;0.0;0.0;0.0;54.0;54.0;5263.5;63;69;-24;-18;1;1;7;0;0;0;-1.5;0.0;0.5;1.0552776203611534;ambiguous;-7.5;-4.5;2.5
229400;2;sell;7;5260.0;Mark 14;5262.0;5264.0;5266.5;5261.5;5271.5;6.0;0.0;0.0;0.0;55.0;55.0;5262.0;69;62;-18;-25;0;0;2;0;0;0;-0.5;-0.5;-2.5;1.1920903831864187;ambiguous;-4.0;-6.5;-1.5
231600;2;sell;5;5262.0;Mark 14;5264.5;5264.5;5266.5;5276.5;5268.5;5.0;0.4211;0.0;0.0;54.0;54.0;5265.5526315789475;62;57;-25;-30;0;0;1;0;0;0;-3.0;1.0;7.0;1.0588971321212706;sell;-2.5;-4.5;-14.5
232000;2;buy;8;5267.0;Mark 01;5264.5;5262.0;5265.5;5273.5;5268.0;5.0;-0.4568;0.0;0.0;59.0;59.0;5263.358024691358;57;65;-30;-22;1;1;2;0;0;0;0.0;-0.5;6.0;1.0807608787955763;buy;-5.0;-1.5;6.5
237400;2;buy;6;5273.0;Mark 01;5271.5;5268.5;5261.5;5277.5;5278.0;5.0;-0.5;0.0;0.0;75.0;75.0;5270.25;65;71;-22;-16;0;0;3;0;0;0;3.0;-1.0;9.0;1.033195583104989;ambiguous;-4.5;-11.5;4.5
237700;2;buy;8;5273.0;Mark 14;5270.0;5268.0;5264.5;5276.5;5275.5;2.0;0.7838;-0.0571;-0.0571;66.0;74.0;5270.783783783784;71;79;-16;-8;1;1;4;1;1;1;0.5;-3.0;8.5;1.0151389516283729;buy;-5.0;-8.5;3.5
242100;2;buy;8;5276.0;Mark 14;5273.5;5275.5;5275.5;5273.0;5273.0;5.0;0.44;0.0;0.0;54.0;54.0;5274.6;79;87;-8;0;0;0;2;0;0;1;-3.0;8.0;9.0;1.1289658187998277;buy;-0.5;-0.5;-3.0
243500;2;buy;4;5274.0;Mark 14;5270.5;5275.5;5272.0;5266.0;5271.0;5.0;0.5522;0.0;0.0;52.0;52.0;5271.880597014925;87;91;0;4;0;1;3;0;0;1;-4.0;-3.0;5.0;1.1403856991841774;buy;1.5;-2.0;-8.0
244900;2;buy;4;5276.0;Mark 14;5272.5;5272.5;5279.5;5263.5;5270.5;5.0;0.5278;0.0;0.0;55.0;55.0;5273.819444444444;91;95;4;8;0;1;4;0;0;1;-2.0;-0.5;1.5;1.1269305443507305;buy;-3.5;3.5;-12.5
259500;2;sell;4;5273.0;Mark 01;5276.5;5278.0;5278.5;5278.0;5272.5;5.0;-0.5122;0.0;0.0;62.0;62.0;5275.219512195122;95;91;8;4;0;0;0;0;1;1;1.5;8.0;-1.0;1.176323235098807;sell;-5.0;-5.5;-5.0
263900;2;sell;4;5281.0;Mark 14;5282.5;5286.5;5289.5;5279.5;5267.5;5.0;0.0;0.0;0.0;53.0;53.0;5282.5;91;87;4;0;0;0;1;0;0;1;1.0;2.5;17.0;1.1081917571039828;ambiguous;-5.5;-8.5;1.5
265100;2;sell;6;5285.0;Mark 01;5286.5;5287.0;5285.5;5277.5;5272.5;5.0;0.4667;0.0;0.0;66.0;66.0;5287.666666666667;87;81;0;-6;0;1;2;0;0;1;1.0;7.0;20.5;1.02249966291294;ambiguous;-2.0;-0.5;7.5
265500;2;sell;6;5285.0;Mark 14;5287.5;5288.5;5284.0;5274.5;5273.5;5.0;0.0;0.0;0.0;57.0;57.0;5287.5;81;75;-6;-12;1;2;3;0;0;1;1.0;5.0;20.0;0.9819563855010169;sell;-3.5;1.0;10.5
267000;2;buy;6;5289.0;Mark 14;5285.5;5284.0;5277.5;5274.0;5275.5;5.0;0.0;0.0;0.0;58.0;58.0;5285.5;75;81;-12;-6;0;2;4;0;0;1;-3.5;-1.0;19.0;0.976250999319373;buy;-5.0;-11.5;-15.0
267400;2;sell;4;5283.0;Mark 14;5285.5;5283.0;5278.5;5270.5;5275.0;5.0;0.0;0.0;0.0;61.0;61.0;5285.5;81;77;-6;-10;1;2;5;0;0;1;0.0;-2.0;17.0;1.0004080383725862;sell;0.0;4.5;12.5
268200;2;sell;7;5280.0;Mark 14;5281.5;5283.5;5279.5;5268.5;5271.5;5.0;0.5263;0.0;0.0;58.0;58.0;5282.815789473684;77;70;-10;-17;0;2;6;0;0;0;-4.0;-7.0;7.5;1.010959231370441;ambiguous;-3.5;0.5;11.5
268600;2;sell;5;5281.0;Mark 01;5283.0;5279.5;5279.5;5269.5;5269.5;6.0;0.0;0.0;0.0;58.0;58.0;5283.0;70;65;-17;-22;1;3;7;0;0;0;1.5;-4.5;7.5;1.0209018501771525;ambiguous;1.5;1.5;11.5
271100;2;sell;3;5276.0;Mark 14;5276.5;5280.5;5279.0;5267.5;5273.0;5.0;0.475;0.0;0.0;59.0;59.0;5277.6875;65;62;-22;-25;0;0;7;0;0;0;-3.0;-3.0;-2.0;1.0915635896726077;ambiguous;-4.5;-3.0;8.5
272700;2;sell;3;5277.0;Mark 01;5278.5;5279.5;5275.5;5269.0;5274.5;5.0;0.0;0.0;0.0;59.0;59.0;5278.5;62;59;-25;-28;0;1;8;0;0;0;0.0;0.0;0.0;1.063632046956621;ambiguous;-2.5;1.5;8.0
274100;2;sell;6;5279.0;Mark 22;5279.5;5276.5;5274.5;5270.5;5268.5;5.0;-0.5529;0.0;0.0;66.0;66.0;5278.117647058823;59;53;-28;-34;0;1;8;0;0;0;1.0;1.0;-5.0;1.0504807689501452;ambiguous;2.5;4.5;8.5
274300;2;buy;8;5280.0;Mark 14;5278.5;5275.5;5274.0;5271.5;5268.5;5.0;-0.5116;0.0;0.0;65.0;65.0;5277.220930232558;53;61;-34;-26;1;2;9;0;0;0;-0.5;0.0;-8.0;1.0533905592123611;ambiguous;-4.5;-6.0;-8.5
274600;2;sell;3;5274.0;Mark 14;5276.5;5277.5;5273.5;5275.0;5270.5;5.0;0.5281;0.0;0.0;68.0;68.0;5277.820224719101;61;58;-26;-29;2;3;10;0;0;0;-4.0;-2.0;-9.0;1.0762909475865479;sell;-3.5;0.5;-1.0
278700;2;buy;6;5274.0;Mark 01;5269.5;5273.5;5270.5;5275.5;5265.5;5.0;0.4444;0.0;0.0;52.0;52.0;5270.611111111111;58;64;-29;-23;0;0;5;0;0;0;1.0;-4.0;-14.0;1.020102005298569;buy;-0.5;-3.5;1.5
278800;2;buy;4;5276.0;Mark 14;5271.5;5273.5;5269.5;5275.5;5265.5;5.0;-0.5435;0.0;0.0;71.0;71.0;5270.141304347826;64;68;-23;-19;1;1;6;0;0;0;4.0;-2.0;-11.5;1.0416291698179203;buy;-2.5;-6.5;-0.5
280700;2;sell;6;5268.0;Mark 14;5271.5;5266.5;5269.0;5270.5;5262.5;5.0;0.443;0.0;0.0;57.0;57.0;5272.607594936709;68;62;-19;-25;0;2;7;0;0;0;1.0;0.0;-7.0;1.066027509760497;sell;1.5;-1.0;-2.5
282600;2;buy;6;5272.0;Mark 01;5268.5;5271.5;5275.0;5272.5;5271.0;5.0;-0.5052;0.0;0.0;73.0;73.0;5267.237113402062;62;68;-25;-19;0;1;7;0;0;0;-0.5;-3.0;-10.0;1.0683221007772332;buy;-0.5;3.0;0.5
283300;2;sell;5;5270.0;Mark 14;5272.5;5270.5;5273.5;5271.5;5270.5;5.0;0.0;0.0;0.0;68.0;68.0;5272.5;68;63;-19;-24;0;1;7;0;1;1;2.5;5.0;-5.5;1.1121207534013127;sell;-0.5;-3.5;-1.5
285600;2;buy;4;5278.0;Mark 01;5275.5;5279.5;5277.5;5269.5;5271.5;5.0;-0.5443;0.0;0.0;61.0;61.0;5274.139240506329;63;67;-24;-20;0;0;5;0;0;1;0.5;4.0;2.0;1.0869268881566685;buy;1.5;-0.5;-8.5
286100;2;sell;5;5278.0;Mark 22;5279.5;5275.5;5276.5;5272.0;5270.5;5.0;-0.4848;0.0;0.0;49.0;49.0;5278.287878787879;67;62;-20;-25;1;1;6;1;1;2;4.0;9.0;5.0;1.1292594996949372;ambiguous;2.5;1.5;6.0
288000;2;sell;8;5274.0;Mark 01;5276.5;5275.5;5272.5;5268.5;5271.0;5.0;0.4865;0.0;0.0;55.0;55.0;5277.716216216216;62;54;-25;-33;0;1;7;0;0;2;-2.0;-3.0;7.0;1.2081585056599526;sell;-1.5;1.5;5.5
291800;2;sell;4;5267.0;Mark 14;5270.5;5272.0;5271.5;5265.5;5269.5;5.0;-0.4133;0.0;0.0;53.0;53.0;5269.466666666666;54;50;-33;-37;0;0;5;0;0;2;-2.0;-4.0;4.0;1.093314781062035;sell;-5.0;-4.5;1.5
293100;2;buy;5;5274.0;Mark 14;5271.0;5271.0;5271.5;5266.5;5272.0;6.0;0.0;0.0;0.0;70.0;70.0;5271.0;50;55;-37;-32;0;1;5;0;0;1;-1.5;-0.5;-0.5;1.0789420311305649;buy;-3.0;-2.5;-7.5
293400;2;buy;5;5273.0;Mark 14;5271.5;5270.5;5272.0;5268.5;5272.5;5.0;-0.4684;0.0;0.0;58.0;58.0;5270.329113924051;55;60;-32;-27;1;2;5;0;0;1;0.5;0.0;0.0;1.0917505172516255;ambiguous;-2.5;-1.0;-4.5
293700;2;sell;8;5267.0;Mark 01;5271.0;5268.5;5270.5;5267.0;5271.5;6.0;0.0;0.0;0.0;64.0;64.0;5271.0;60;52;-27;-35;1;3;6;0;0;1;1.0;0.5;0.5;1.092894751036521;sell;-1.5;-3.5;0.0
296800;2;sell;8;5268.0;Mark 01;5271.5;5270.5;5273.5;5272.0;5265.5;5.0;0.0;0.0;0.0;54.0;54.0;5271.5;52;44;-35;-43;0;0;5;0;0;0;-0.5;1.0;-6.0;1.0451251127866992;sell;-2.5;-5.5;-4.0
301000;2;sell;8;5267.0;Mark 01;5269.5;5267.5;5266.5;5269.5;5258.5;5.0;-0.4505;0.0;0.0;66.0;66.0;5268.373626373626;44;36;-43;-51;0;0;5;0;0;0;3.5;-4.0;-2.0;1.3141022051775442;sell;-0.5;0.5;-2.5
305600;2;sell;3;5267.0;Mark 01;5267.0;5272.5;5270.0;5273.5;5261.5;6.0;0.0;0.0;0.0;66.0;66.0;5267.0;36;33;-51;-54;0;0;2;0;0;0;-0.5;-1.5;-2.5;1.3787231272026745;ambiguous;-5.5;-3.0;-6.5
306000;2;buy;5;5274.0;Mark 14;5271.5;5270.5;5271.5;5275.5;5260.5;5.0;0.5854;0.0;0.0;65.0;65.0;5272.963414634146;33;38;-54;-49;1;1;3;0;0;0;4.5;1.0;-1.0;1.4034225804410834;buy;-3.5;-2.5;1.5
307900;2;sell;8;5268.0;Mark 01;5272.0;5272.5;5274.5;5274.5;5265.5;6.0;0.0;0.0;0.0;48.0;48.0;5272.0;38;30;-49;-57;0;1;3;0;0;0;1.5;0.5;2.5;1.3245424927192315;sell;-4.5;-6.5;-6.5
308400;2;sell;3;5270.0;Mark 01;5272.0;5273.5;5271.5;5270.5;5263.0;6.0;0.0;0.0;0.0;60.0;60.0;5272.0;30;27;-57;-60;1;1;4;0;0;0;1.5;2.0;-1.5;1.311284637782958;ambiguous;-3.5;-1.5;-0.5
311200;2;sell;8;5265.0;Mark 14;5267.5;5271.5;5271.5;5271.5;5265.5;5.0;0.5632;0.0;0.0;68.0;68.0;5268.908045977011;27;19;-60;-68;0;0;4;0;0;0;-3.0;-7.0;1.0;1.1933735349157713;sell;-6.5;-6.5;-6.5
311700;2;buy;6;5273.0;Mark 01;5269.5;5268.5;5268.5;5269.5;5263.0;5.0;-0.4681;0.0;0.0;69.0;69.0;5268.329787234043;19;25;-68;-62;1;1;5;0;0;0;2.0;-4.5;4.5;1.180846531418104;buy;-4.5;-4.5;-3.5
323200;2;buy;5;5276.0;Mark 14;5273.0;5269.5;5268.5;5268.0;5250.0;6.0;0.0;0.0;0.0;56.0;56.0;5273.0;25;30;-62;-57;0;0;0;0;0;1;-1.5;1.5;1.5;1.06233625108837;buy;-6.5;-7.5;-8.0
327600;2;buy;5;5266.0;Mark 14;5262.5;5269.0;5263.5;5273.0;5251.5;5.0;0.0;0.0;0.0;67.0;67.0;5262.5;30;35;-57;-52;0;0;1;0;0;1;-1.0;-7.0;-11.5;1.182422361318866;buy;3.0;-2.5;7.0
328500;2;buy;7;5269.0;Mark 14;5267.5;5263.0;5263.5;5267.0;5250.5;5.0;0.5904;0.0;0.0;66.0;66.0;5268.975903614458;35;42;-52;-45;0;1;2;0;0;1;0.0;6.5;-3.0;1.2119318033831044;ambiguous;-6.0;-5.5;-2.0
328700;2;buy;5;5268.0;Mark 14;5265.5;5263.5;5262.5;5269.0;5252.5;5.0;0.4624;0.0;0.0;68.0;68.0;5266.655913978495;42;47;-45;-40;1;2;3;0;0;1;-4.0;4.0;-4.0;1.2157982946677497;buy;-4.5;-5.5;1.0
330400;2;sell;8;5261.0;Mark 14;5262.5;5266.5;5269.5;5267.5;5252.5;5.0;-0.5455;0.0;0.0;51.0;51.0;5261.136363636364;47;39;-40;-48;0;2;4;0;0;1;-1.0;-5.0;-15.0;1.076504222323128;ambiguous;-5.5;-8.5;-6.5
332600;2;buy;8;5274.0;Mark 01;5270.5;5270.5;5272.5;5270.5;5252.5;3.0;-0.4545;0.0604;0.0604;79.0;70.0;5269.818181818182;39;47;-48;-40;0;0;5;0;0;1;0.0;6.0;-4.5;1.1548993333430002;buy;-3.5;-1.5;-3.5
333900;2;buy;7;5273.0;Mark 01;5269.5;5270.0;5270.5;5272.5;5250.0;5.0;0.4943;0.0;0.0;65.0;65.0;5270.735632183908;47;54;-40;-33;0;1;5;0;1;1;-1.5;0.0;1.5;1.1291691444779823;buy;-3.0;-2.5;-0.5
335400;2;buy;6;5271.0;Mark 14;5268.5;5270.5;5273.5;5267.5;5245.5;5.0;-0.4321;0.0;0.0;58.0;58.0;5267.419753086419;54;60;-33;-27;0;1;6;0;0;1;-2.0;-2.5;0.0;1.1590661514488048;buy;-0.5;2.5;-3.5
336800;2;sell;5;5268.0;Mark 01;5271.5;5272.5;5267.0;5265.5;5243.5;5.0;-0.475;0.0;0.0;59.0;59.0;5270.3125;60;55;-27;-32;0;1;7;0;0;1;2.0;1.0;9.0;1.1554955130265223;sell;-4.5;1.0;2.5
344000;2;sell;3;5269.0;Mark 01;5272.5;5267.5;5264.0;5257.5;5243.0;5.0;0.0;0.0;0.0;64.0;64.0;5272.5;55;52;-32;-35;0;0;2;0;0;1;-1.0;1.5;2.5;1.0159678109057655;sell;1.5;5.0;11.5
344600;2;sell;7;5265.0;Mark 01;5267.5;5266.5;5265.5;5260.5;5246.5;5.0;0.4133;0.0;0.0;53.0;53.0;5268.533333333334;52;45;-35;-42;0;1;3;0;0;1;-3.0;-3.0;-5.0;1.001249092346149;sell;-1.5;-0.5;4.5
344900;2;sell;6;5265.0;Mark 01;5269.0;5267.5;5265.5;5262.0;5245.0;6.0;0.0;0.0;0.0;60.0;60.0;5269.0;45;39;-42;-48;1;2;4;0;0;1;1.5;-1.5;-1.5;0.9884549351697024;sell;-2.5;-0.5;3.0
350600;2;buy;5;5266.0;Mark 14;5264.5;5257.5;5256.0;5265.5;5234.5;5.0;-0.5556;0.0;0.0;63.0;63.0;5263.111111111111;39;44;-48;-43;0;0;3;0;0;0;2.5;-1.5;-4.0;0.9552533316667589;ambiguous;-8.5;-10.0;-0.5
352100;2;sell;4;5252.0;Mark 14;5255.5;5256.0;5258.5;5262.5;5229.0;5.0;-0.4667;0.0;0.0;55.0;55.0;5254.333333333333;44;40;-43;-47;0;1;4;0;0;0;-0.5;-6.5;-17.0;1.0154404332817932;sell;-4.0;-6.5;-10.5
352300;2;buy;8;5257.0;Mark 14;5255.0;5254.5;5259.5;5261.5;5227.5;6.0;0.0;0.0;0.0;61.0;61.0;5255.0;40;48;-47;-39;1;2;5;0;0;0;-0.5;-9.0;-17.5;1.0207769157276634;ambiguous;-2.5;2.5;4.5
353600;2;sell;7;5254.0;Mark 01;5255.5;5258.5;5261.5;5261.5;5231.0;5.0;0.4824;0.0;0.0;63.0;63.0;5256.705882352941;48;41;-39;-46;0;2;6;0;0;0;-1.0;-0.5;-17.0;1.0228737892306319;ambiguous;-4.5;-7.5;-7.5
353800;2;sell;7;5257.0;Mark 14;5258.5;5259.5;5260.5;5259.0;5232.5;5.0;-0.4921;0.0;0.0;47.0;47.0;5257.269841269841;41;34;-46;-53;1;3;7;0;0;0;4.0;3.0;-13.0;1.0482931258509505;ambiguous;-2.5;-3.5;-2.0
356500;2;buy;6;5263.0;Mark 14;5260.5;5261.5;5263.0;5260.0;5228.5;5.0;0.0;0.0;0.0;64.0;64.0;5260.5;34;40;-53;-47;0;0;5;0;0;0;0.0;1.5;-3.5;1.1354092513019465;buy;-1.5;0.0;-3.0
358300;2;sell;7;5261.0;Mark 14;5264.5;5260.5;5262.5;5259.5;5227.5;5.0;0.0;0.0;0.0;65.0;65.0;5264.5;40;33;-47;-54;0;1;6;0;0;0;-1.5;5.0;-3.0;1.1586699572306158;sell;0.5;-1.5;1.5
358400;2;buy;5;5266.0;Mark 01;5263.5;5261.5;5263.5;5259.5;5226.5;5.0;0.0;0.0;0.0;67.0;67.0;5263.5;33;38;-54;-49;1;2;7;0;0;0;-2.0;3.0;-5.0;1.1579652772461815;buy;-4.5;-2.5;-6.5
360000;2;buy;7;5267.0;Mark 01;5264.5;5266.5;5262.5;5252.5;5227.5;5.0;-0.5181;0.0;0.0;63.0;63.0;5263.204819277108;38;45;-49;-42;0;2;8;0;0;0;2.0;-2.0;2.5;1.1132211370017013;buy;-0.5;-4.5;-14.5
361300;2;buy;3;5267.0;Mark 01;5265.5;5263.5;5261.5;5249.0;5226.5;5.0;-0.5;0.0;0.0;48.0;48.0;5264.25;45;48;-42;-39;0;1;8;0;0;0;0.0;3.0;10.5;1.122030823125674;ambiguous;-3.5;-5.5;-18.0
361600;2;sell;5;5260.0;Mark 01;5264.5;5262.5;5261.5;5254.0;5226.0;5.0;-0.4074;0.0;0.0;57.0;57.0;5263.481481481482;48;43;-39;-44;1;2;9;0;0;0;-2.0;3.0;8.5;1.0872084632802963;sell;-2.5;-1.5;6.0
362500;2;sell;5;5260.0;Mark 01;5260.5;5263.5;5260.0;5252.5;5225.5;5.0;0.494;0.0;0.0;62.0;62.0;5261.734939759036;43;38;-44;-49;0;2;8;0;0;0;-2.0;-6.0;5.0;1.0998047335753263;ambiguous;-3.5;0.0;7.5
365400;2;sell;7;5257.0;Mark 14;5259.0;5257.5;5260.5;5253.5;5226.5;6.0;0.0;0.0;0.0;53.0;53.0;5259.0;38;31;-49;-56;0;0;7;0;0;0;2.0;-3.5;-3.5;1.1897129041095054;ambiguous;-0.5;-3.5;3.5
368100;2;sell;6;5256.0;Mark 14;5260.0;5258.5;5251.5;5249.0;5232.5;6.0;0.0;0.0;0.0;61.0;61.0;5260.0;31;25;-56;-62;0;0;7;0;0;0;-0.5;2.5;-5.5;1.096110867929138;sell;-2.5;4.5;7.0
372300;2;sell;6;5250.0;Mark 01;5253.5;5255.5;5252.5;5250.0;5231.5;5.0;-0.5;0.0;0.0;48.0;48.0;5252.25;25;19;-62;-68;0;0;3;0;0;0;1.0;3.0;-8.0;1.1071554933248298;sell;-5.5;-2.5;0.0
373100;2;buy;6;5256.0;Mark 14;5254.5;5251.5;5251.5;5251.5;5231.5;5.0;0.5122;0.0;0.0;62.0;62.0;5255.780487804878;19;25;-68;-62;0;1;3;0;0;0;0.5;4.0;-9.0;1.0925912955951482;ambiguous;-4.5;-4.5;-4.5
376700;2;sell;7;5250.0;Mark 14;5253.5;5251.0;5252.5;5243.5;5237.5;5.0;0.5319;0.0;0.0;72.0;72.0;5254.829787234043;25;18;-62;-69;0;0;3;0;0;0;0.0;1.0;-6.0;1.0523488093445659;sell;-1.0;-2.5;6.5
382200;2;buy;5;5253.0;Mark 14;5249.5;5252.5;5252.5;5244.5;5234.5;5.0;0.0;0.0;0.0;56.0;56.0;5249.5;18;23;-69;-64;0;0;3;0;0;1;1.0;-3.0;-4.0;1.2606651436555703;buy;-0.5;-0.5;-8.5
383100;2;buy;6;5254.0;Mark 14;5251.0;5253.0;5244.5;5242.5;5239.0;6.0;0.0;0.0;0.0;56.0;56.0;5251.0;23;29;-64;-58;0;1;3;0;0;1;-1.5;1.0;-2.5;1.2398552729440475;buy;-1.0;-9.5;-11.5
389600;2;sell;7;5238.0;Mark 49;5238.5;5239.5;5244.5;5237.5;5239.0;5.0;0.5165;0.0;0.0;69.0;69.0;5239.791208791209;29;22;-58;-65;0;0;2;0;0;1;-1.0;-2.0;-14.5;1.0713262932122525;ambiguous;-1.5;-6.5;0.5
401000;2;sell;8;5230.0;Mark 14;5232.5;5230.0;5227.5;5226.5;5244.5;5.0;0.4699;0.0;0.0;61.0;61.0;5233.674698795181;22;14;-65;-73;0;0;0;0;0;0;-1.0;-1.0;-8.5;1.1569735948559758;sell;0.0;2.5;3.5
401500;2;buy;7;5233.0;Mark 01;5230.5;5229.5;5229.5;5224.0;5239.5;5.0;0.0;0.0;0.0;50.0;50.0;5230.5;14;21;-73;-66;1;1;1;0;0;0;-2.0;-6.0;-13.0;1.1581635118283595;buy;-3.5;-3.5;-9.0
406100;2;sell;4;5231.0;Mark 14;5234.0;5226.5;5225.5;5230.5;5240.5;6.0;0.0;0.0;0.0;68.0;68.0;5234.0;21;17;-66;-70;0;0;2;0;0;0;0.5;-0.5;-8.5;1.247300932560253;sell;4.5;5.5;0.5
407000;2;sell;4;5225.0;Mark 14;5227.5;5225.0;5225.5;5234.5;5236.5;5.0;0.561;0.0;0.0;64.0;64.0;5228.90243902439;17;13;-70;-74;0;1;3;0;0;0;-1.0;-6.5;-12.0;1.2654916980497637;sell;0.0;-0.5;-9.5
421400;2;buy;6;5233.0;Mark 14;5230.0;5229.5;5231.5;5234.5;5235.0;6.0;0.0;0.0;0.0;67.0;67.0;5230.0;13;19;-74;-68;0;0;0;0;0;0;-1.5;-1.5;4.5;1.2208022471808295;buy;-3.5;-1.5;1.5
425300;2;buy;3;5238.0;Mark 14;5235.5;5237.5;5238.0;5240.5;5241.5;5.0;-0.5529;0.0;0.0;66.0;66.0;5234.117647058823;19;22;-68;-65;0;0;1;0;1;1;2.0;6.0;8.0;1.1821634650574;buy;-0.5;0.0;2.5
427400;2;buy;5;5241.0;Mark 14;5238.0;5236.5;5235.5;5236.5;5246.5;6.0;0.0;0.0;0.0;61.0;61.0;5238.0;22;27;-65;-60;0;0;2;0;0;1;0.5;1.5;4.5;1.098876628149621;buy;-4.5;-5.5;-4.5
432100;2;sell;8;5233.0;Mark 01;5236.0;5237.5;5238.5;5238.5;5250.5;6.0;0.0;0.0;0.0;56.0;56.0;5236.0;27;19;-60;-68;0;0;2;0;0;1;1.5;-3.5;5.5;1.2058127082252952;sell;-4.5;-5.5;-5.5
433000;2;sell;4;5238.0;Mark 14;5239.5;5238.5;5238.5;5235.5;5248.5;5.0;-0.4177;0.0;0.0;56.0;56.0;5238.455696202532;19;15;-68;-72;0;1;3;0;0;1;1.5;3.5;7.0;1.191319828759032;ambiguous;-0.5;-0.5;2.5
436100;2;buy;5;5242.0;Mark 01;5240.5;5238.5;5238.5;5248.5;5239.5;5.0;-0.494;0.0;0.0;62.0;62.0;5239.265060240964;15;20;-72;-67;0;0;3;0;0;0;0.0;2.0;7.0;1.098690912983828;ambiguous;-3.5;-3.5;6.5
438500;2;buy;6;5241.0;Mark 14;5240.5;5240.0;5237.5;5249.5;5236.5;5.0;0.0;0.0;0.0;53.0;53.0;5240.5;20;26;-67;-61;0;0;3;0;0;0;3.0;2.5;3.0;1.0843658990959326;ambiguous;-1.0;-3.5;8.5
441300;2;sell;5;5235.0;Mark 01;5238.0;5239.0;5235.5;5240.5;5241.5;6.0;0.0;0.0;0.0;69.0;69.0;5238.0;26;21;-61;-66;0;0;4;0;0;0;0.5;-1.5;2.5;1.0084835534827221;sell;-4.0;-0.5;-5.5
444200;2;buy;6;5244.0;Mark 01;5239.0;5241.0;5249.5;5238.0;5241.0;6.0;0.0;0.0;0.0;71.0;71.0;5239.0;21;27;-66;-60;0;0;3;0;0;0;0.5;0.0;-1.0;1.0730391983101506;buy;-3.0;5.5;-6.0
448600;2;buy;7;5252.0;Mark 01;5249.5;5248.5;5244.5;5241.5;5244.5;5.0;0.5294;0.0;0.0;52.0;52.0;5250.823529411765;27;34;-60;-53;0;0;2;0;0;0;2.5;-1.0;11.0;1.0743933114340953;buy;-3.5;-7.5;-10.5
453000;2;buy;3;5240.0;Mark 14;5237.5;5237.5;5234.5;5237.5;5241.5;5.0;0.5062;0.0;0.0;61.0;61.0;5238.765432098766;34;37;-53;-50;0;0;2;0;0;1;-3.0;-7.0;2.0;1.1053570014262266;buy;-2.5;-5.5;-2.5
453800;2;sell;7;5237.0;Mark 14;5239.5;5237.0;5239.5;5238.5;5237.5;5.0;0.0;0.0;0.0;70.0;70.0;5239.5;37;30;-50;-57;0;1;3;0;0;1;2.0;-2.0;2.0;1.0892477061019885;sell;0.0;-2.5;-1.5
457600;2;buy;3;5242.0;Mark 14;5238.5;5239.5;5241.5;5233.0;5237.5;5.0;0.0;0.0;0.0;58.0;58.0;5238.5;30;33;-57;-54;0;0;3;0;0;1;1.0;0.0;-10.0;1.1720219039473252;buy;-2.5;-0.5;-9.0
460100;2;sell;4;5235.0;Mark 14;5238.5;5237.5;5236.5;5236.5;5235.5;5.0;-0.4651;0.0;0.0;63.0;63.0;5237.337209302325;33;29;-54;-58;0;0;3;0;0;0;-3.0;-1.0;-9.5;1.1713688092383212;sell;-2.5;-1.5;-1.5
466000;2;sell;3;5234.0;Mark 01;5236.5;5232.5;5233.5;5245.5;5246.5;5.0;-0.4524;0.0;0.0;61.0;61.0;5235.369047619048;29;26;-58;-61;0;0;2;0;1;2;-2.0;-3.0;-5.0;1.2623029889186979;sell;1.5;0.5;-11.5
468600;2;buy;4;5239.0;Mark 01;5236.5;5235.5;5238.0;5246.5;5246.0;5.0;0.5238;0.0;0.0;48.0;48.0;5237.809523809524;26;30;-61;-57;0;0;2;0;0;3;3.0;3.0;-5.0;1.0812799876029584;buy;-3.5;-1.0;7.5
472900;2;buy;6;5238.0;Mark 14;5235.5;5235.5;5239.5;5249.0;5248.0;5.0;0.4865;0.0;0.0;55.0;55.0;5236.716216216216;30;36;-57;-51;0;0;2;0;0;3;-1.0;-1.0;-2.0;1.1099167134082581;buy;-2.5;1.5;11.0
473000;2;buy;4;5238.0;Mark 01;5235.5;5234.5;5240.5;5248.5;5249.5;5.0;0.0;0.0;0.0;56.0;56.0;5235.5;36;40;-51;-47;1;1;3;0;0;3;-2.0;0.5;-2.0;1.1099167134082581;buy;-3.5;2.5;10.5
473800;2;buy;3;5239.0;Mark 14;5234.5;5235.5;5243.5;5244.5;5249.5;5.0;-0.4588;0.0;0.0;62.0;62.0;5233.35294117647;40;43;-47;-44;0;2;4;0;0;2;-1.0;-1.0;-4.0;1.021676102771115;buy;-3.5;4.5;5.5
474000;2;buy;5;5238.0;Mark 01;5235.5;5235.5;5245.5;5244.5;5248.5;5.0;-0.5;0.0;0.0;72.0;72.0;5234.25;43;48;-44;-39;1;3;5;0;0;2;1.0;-2.0;-4.0;1.0412617823475585;buy;-2.5;7.5;6.5
477300;2;sell;8;5244.0;Mark 01;5245.5;5247.0;5240.5;5236.5;5245.5;5.0;0.0;0.0;0.0;70.0;70.0;5245.5;48;40;-39;-47;0;0;5;0;0;0;-1.0;4.0;10.5;1.0619039677536504;ambiguous;-3.0;3.5;7.5
480500;2;sell;3;5240.0;Mark 14;5242.5;5242.5;5250.0;5241.0;5247.5;5.0;-0.4848;0.0;0.0;49.0;49.0;5241.287878787879;40;37;-47;-50;0;0;5;0;0;0;-1.0;-4.0;5.0;1.1134960629915693;sell;-2.5;-10.0;-1.0
483400;2;buy;3;5249.0;Mark 01;5246.5;5244.5;5242.5;5241.5;5242.5;5.0;-0.5165;0.0;0.0;69.0;69.0;5245.208791208791;37;40;-50;-47;0;0;4;0;0;0;-2.5;0.0;11.0;1.1226671785150428;buy;-4.5;-6.5;-7.5
486000;2;sell;5;5237.0;Mark 01;5239.5;5238.5;5234.5;5243.0;5240.5;5.0;0.0;0.0;0.0;63.0;63.0;5239.5;40;35;-47;-52;0;0;3;0;0;0;-3.0;-5.0;-6.0;1.0571371843946913;sell;-1.5;2.5;-6.0
486200;2;buy;8;5242.0;Mark 01;5239.5;5238.5;5235.5;5245.5;5241.5;5.0;0.0;0.0;0.0;65.0;65.0;5239.5;35;43;-52;-44;1;1;4;0;0;0;-1.5;-4.0;-1.5;0.9935512915609092;buy;-3.5;-6.5;3.5
486700;2;sell;8;5236.0;Mark 14;5238.5;5237.5;5236.5;5245.0;5243.5;5.0;-0.3827;0.0;0.0;56.0;56.0;5237.543209876543;43;35;-44;-52;1;2;5;0;0;0;-0.5;-5.0;-6.0;0.9594630423628826;sell;-1.5;-0.5;-9.0
492000;2;sell;5;5241.0;Mark 14;5243.5;5242.5;5241.5;5244.0;5241.5;5.0;0.5556;0.0;0.0;63.0;63.0;5244.888888888889;35;30;-52;-57;0;0;4;0;0;0;1.5;4.5;-4.5;0.8878839590293098;sell;-1.5;-0.5;-3.0
493500;2;sell;6;5239.0;Mark 01;5241.5;5241.5;5242.5;5237.5;5240.5;5.0;-0.4783;0.0;0.0;68.0;68.0;5240.304347826087;30;24;-57;-63;0;1;4;0;1;1;2.0;-0.5;-4.0;0.9392581633168873;sell;-2.5;-3.5;1.5
494300;2;buy;6;5244.0;Mark 01;5241.0;5241.0;5244.5;5237.5;5240.0;6.0;0.0;0.0;0.0;62.0;62.0;5241.0;24;30;-63;-57;0;1;5;0;1;1;-0.5;-1.0;-3.0;0.9608975754974501;buy;-3.0;0.5;-6.5
495100;2;buy;8;5247.0;Mark 01;5242.5;5243.5;5245.5;5233.0;5240.5;5.0;0.6;0.0;0.0;64.0;64.0;5244.0;30;38;-57;-49;0;2;6;0;0;1;1.5;1.5;-0.5;0.9574137867533564;buy;-3.5;-1.5;-14.0
498100;2;sell;8;5242.0;Mark 01;5243.5;5244.5;5245.5;5239.5;5238.5;5.0;0.5952;0.0;0.0;67.0;67.0;5244.988095238095;38;30;-49;-57;0;0;4;0;0;1;0.0;-1.0;9.0;1.0715881642476923;ambiguous;-2.5;-3.5;2.5
500000;2;buy;3;5248.0;Mark 14;5245.5;5248.5;5244.0;5235.5;5234.5;5.0;0.0;0.0;0.0;60.0;60.0;5245.5;30;33;-57;-54;0;1;5;0;0;1;0.5;2.0;6.5;1.1669836466496868;buy;0.5;-4.0;-12.5
501300;2;buy;7;5247.0;Mark 01;5245.5;5241.5;5240.5;5235.5;5239.5;5.0;0.5556;0.0;0.0;70.0;70.0;5246.888888888889;33;40;-54;-47;0;1;6;0;0;1;-2.0;0.0;4.0;1.1341279916296116;ambiguous;-5.5;-6.5;-11.5
505100;2;sell;7;5232.0;Mark 01;5235.5;5235.5;5237.5;5244.0;5243.5;5.0;0.0;0.0;0.0;60.0;60.0;5235.5;40;33;-47;-54;0;0;4;0;0;0;0.0;-6.0;-10.0;1.0753899879395363;sell;-3.5;-5.5;-12.0
513600;2;buy;5;5244.0;Mark 14;5242.0;5244.5;5245.5;5249.5;5236.5;6.0;0.0;0.0;0.0;50.0;50.0;5242.0;33;38;-54;-49;0;0;1;0;0;0;-0.5;8.5;4.5;1.0567027741916784;ambiguous;0.5;1.5;5.5
519800;2;sell;5;5243.0;Mark 01;5246.5;5245.5;5244.5;5246.5;5228.0;5.0;0.5122;0.0;0.0;62.0;62.0;5247.780487804878;38;33;-49;-54;0;0;1;0;0;0;0.0;1.0;12.5;1.0596917656083553;sell;-2.5;-1.5;-3.5
527200;2;sell;7;5244.0;Mark 14;5244.5;5246.5;5246.5;5245.5;5224.5;5.0;0.5;0.0;0.0;63.0;63.0;5245.75;33;26;-54;-61;0;0;1;0;0;1;-4.5;-5.5;-2.0;1.134667645726512;ambiguous;-2.5;-2.5;-1.5
527300;2;buy;5;5248.0;Mark 14;5246.5;5246.5;5245.5;5246.5;5222.0;5.0;-0.3976;0.0;0.0;58.0;58.0;5245.506024096386;26;31;-61;-56;1;1;2;0;0;1;-1.0;-2.0;0.0;1.1525115306507039;ambiguous;-1.5;-2.5;-1.5
529800;2;buy;3;5249.0;Mark 14;5246.5;5246.5;5247.5;5240.5;5222.5;5.0;-0.4949;0.0;0.0;74.0;74.0;5245.262626262626;31;34;-56;-53;0;0;3;0;0;1;1.0;0.0;1.0;1.176323235098807;buy;-2.5;-1.5;-8.5
533300;2;buy;3;5243.0;Mark 22;5243.5;5241.5;5243.0;5238.5;5219.5;5.0;0.0;0.0;0.0;59.0;59.0;5243.5;34;37;-53;-50;0;0;3;0;0;1;-1.0;-4.0;-6.0;1.042706092974864;ambiguous;-1.5;0.0;-4.5
538700;2;buy;5;5247.0;Mark 14;5244.5;5241.5;5243.5;5238.5;5214.5;5.0;-0.4595;0.0;0.0;54.0;54.0;5243.351351351352;37;42;-50;-45;0;0;2;0;0;1;2.0;1.0;-1.0;0.8847181768355514;buy;-5.5;-3.5;-8.5
541400;2;buy;8;5243.0;Mark 14;5240.5;5241.5;5239.5;5241.5;5216.5;5.0;0.5309;0.0;0.0;62.0;62.0;5241.827160493827;42;50;-45;-37;0;0;2;0;0;0;-1.5;-1.0;-7.0;0.9347664889906484;buy;-1.5;-3.5;-1.5
544700;2;buy;8;5243.0;Mark 01;5239.0;5240.5;5239.5;5242.5;5219.5;6.0;0.0;0.0;0.0;54.0;54.0;5239.0;50;58;-37;-29;0;0;2;0;0;0;-4.5;-0.5;-1.5;1.0086858773995901;buy;-2.5;-3.5;-0.5
545400;2;buy;7;5240.0;Mark 14;5239.5;5235.5;5238.5;5240.0;5224.0;5.0;0.5269;0.0;0.0;71.0;71.0;5240.817204301075;58;65;-29;-22;0;1;3;0;0;0;0.0;0.0;-4.0;1.0290644168977419;ambiguous;-4.5;-1.5;0.0
545900;2;buy;5;5238.0;Mark 14;5236.5;5238.5;5238.5;5240.5;5224.5;5.0;-0.5385;0.0;0.0;50.0;50.0;5235.153846153846;65;70;-22;-17;1;2;4;0;0;0;-1.0;-5.0;-4.0;1.0557126169941538;ambiguous;0.5;0.5;2.5
548000;2;sell;5;5235.0;Mark 01;5238.5;5238.5;5234.5;5238.5;5234.5;5.0;-0.4505;0.0;0.0;66.0;66.0;5237.373626373626;70;65;-17;-22;0;0;5;0;1;1;0.0;3.0;-3.0;1.136666626273397;sell;-3.5;0.5;-3.5
548900;2;buy;7;5240.0;Mark 01;5238.5;5236.5;5239.5;5238.5;5239.5;5.0;-0.5467;0.0;0.0;58.0;58.0;5237.133333333333;65;72;-22;-15;0;1;5;0;1;1;-1.0;1.0;-4.0;1.1318991988456002;ambiguous;-3.5;-0.5;-1.5
551500;2;sell;6;5238.0;Mark 01;5241.5;5238.0;5239.5;5237.5;5247.0;5.0;-0.5641;0.0;0.0;61.0;61.0;5240.089743589743;72;66;-15;-21;0;0;5;0;0;1;2.0;5.0;-1.0;1.1303431989323938;sell;0.0;-1.5;0.5
554600;2;sell;7;5240.0;Mark 14;5241.5;5243.5;5241.5;5237.0;5242.5;5.0;0.0;0.0;0.0;55.0;55.0;5241.5;66;59;-21;-28;0;0;6;0;0;1;1.5;3.0;2.5;1.2398552729440475;ambiguous;-3.5;-1.5;3.0
555000;2;buy;3;5246.0;Mark 01;5242.5;5242.5;5241.0;5234.5;5241.5;5.0;0.4286;0.0;0.0;50.0;50.0;5243.571428571428;59;62;-28;-25;1;1;6;0;0;1;1.0;8.0;4.0;1.2281972657598774;buy;-3.5;-5.0;-11.5
555700;2;sell;7;5239.0;Mark 14;5242.5;5243.5;5238.5;5236.5;5243.5;5.0;-0.5765;0.0;0.0;67.0;67.0;5241.058823529412;62;55;-25;-32;0;2;6;0;0;1;0.0;3.0;5.0;1.2216377265060936;sell;-4.5;0.5;2.5
556700;2;sell;8;5238.0;Mark 14;5241.5;5241.5;5237.5;5231.0;5248.5;5.0;-0.5775;0.0;0.0;56.0;56.0;5240.056338028169;55;47;-32;-40;0;2;6;0;0;1;-2.0;-1.0;2.0;1.216301713464935;sell;-3.5;0.5;7.0
558800;2;buy;8;5241.0;Mark 14;5237.5;5239.5;5237.5;5229.0;5252.5;5.0;0.0;0.0;0.0;64.0;64.0;5237.5;47;55;-40;-32;0;0;6;0;0;0;1.0;-3.5;-1.0;1.1741745391477445;buy;-1.5;-3.5;-12.0
558900;2;buy;7;5241.0;Mark 14;5238.5;5239.5;5237.0;5227.5;5252.5;5.0;0.5217;0.0;0.0;70.0;70.0;5239.804347826087;55;62;-32;-25;1;1;7;0;0;0;2.0;-2.0;1.5;1.1687309561016297;buy;-1.5;-4.0;-13.5
561100;2;sell;6;5234.0;Mark 14;5237.0;5235.5;5239.0;5226.0;5246.5;6.0;0.0;0.0;0.0;72.0;72.0;5237.0;62;56;-25;-31;0;0;7;0;0;0;0.5;-3.0;-2.0;1.1099167134082581;sell;-1.5;-5.0;8.0
561300;2;sell;3;5234.0;Mark 14;5236.5;5236.5;5238.0;5229.0;5243.0;5.0;0.0;0.0;0.0;46.0;46.0;5236.5;56;53;-31;-34;1;1;8;0;0;0;-1.0;-3.0;-3.0;1.1051262138673013;sell;-2.5;-4.0;5.0
564900;2;sell;6;5233.0;Mark 14;5236.5;5237.0;5231.5;5234.5;5241.5;5.0;0.5208;0.0;0.0;73.0;73.0;5237.802083333333;53;47;-34;-40;0;0;7;0;0;0;-1.0;-2.5;-6.0;0.9488768673849197;sell;-4.0;1.5;-1.5
566100;2;sell;3;5233.0;Mark 14;5236.5;5231.5;5226.5;5229.5;5234.5;5.0;0.0;0.0;0.0;57.0;57.0;5236.5;47;44;-40;-43;0;1;6;0;0;0;-1.0;0.0;-5.5;0.8929829957798547;sell;1.5;6.5;3.5
566300;2;buy;5;5235.0;Mark 01;5232.5;5231.5;5226.5;5227.5;5234.5;5.0;0.5152;0.0;0.0;50.0;50.0;5233.787878787879;44;49;-43;-38;1;2;7;0;0;0;-4.5;-5.0;-10.0;0.9265440238762527;buy;-3.5;-8.5;-7.5
569800;2;sell;5;5225.0;Mark 01;5227.0;5229.5;5232.5;5222.5;5239.0;6.0;0.0;0.0;0.0;47.0;47.0;5227.0;49;44;-38;-43;0;0;5;0;0;0;1.5;-1.0;-12.5;1.078587353208906;ambiguous;-4.5;-7.5;2.5
573500;2;sell;5;5232.0;Mark 01;5234.5;5234.5;5232.0;5217.5;5237.5;5.0;0.4595;0.0;0.0;54.0;54.0;5235.648648648648;44;39;-43;-48;0;0;4;0;0;0;0.0;7.0;-3.5;1.1897129041095054;sell;-2.5;0.0;14.5
573700;2;buy;3;5237.0;Mark 01;5235.5;5233.5;5230.5;5217.5;5236.5;5.0;-0.4769;0.0;0.0;48.0;48.0;5234.307692307692;39;42;-48;-45;1;1;5;0;0;0;2.0;5.0;-0.5;1.1838452787057463;ambiguous;-3.5;-6.5;-19.5
576500;2;sell;7;5225.0;Mark 14;5229.5;5225.5;5222.5;5214.5;5244.5;3.0;-0.8684;-0.4059;0.034;76.0;71.0;5228.1973684210525;42;35;-45;-52;0;0;3;0;0;0;-1.0;-2.0;-3.5;1.2856090119388595;sell;-0.5;2.5;10.5
577700;2;sell;8;5223.0;Mark 14;5226.0;5225.5;5222.5;5213.0;5244.5;6.0;0.0;0.0;0.0;60.0;60.0;5226.0;35;27;-52;-60;0;1;4;0;0;0;1.5;-4.5;-5.5;1.3649451257865752;sell;-2.5;0.5;10.0
578300;2;sell;8;5223.0;Mark 14;5225.5;5220.0;5221.0;5215.5;5246.5;5.0;0.5056;0.0;0.0;67.0;67.0;5226.76404494382;27;19;-60;-68;0;2;5;0;0;0;2.0;-2.0;-1.0;1.259268261909878;sell;3.0;2.0;7.5
587200;2;buy;6;5214.0;Mark 14;5212.5;5213.0;5215.5;5231.5;5246.0;5.0;-0.5;0.0;0.0;63.0;63.0;5211.25;19;25;-68;-62;0;0;2;0;0;0;-2.0;-1.0;-12.0;1.2554746961131271;ambiguous;-1.0;1.5;17.5
588400;2;buy;5;5217.0;Mark 14;5215.5;5217.0;5213.5;5235.5;5246.5;3.0;-0.5;0.05;0.05;63.0;57.0;5214.75;25;30;-62;-57;0;1;1;0;0;0;3.0;2.0;-9.5;1.2157982946677497;buy;0.0;-3.5;18.5
589400;2;sell;3;5212.0;Mark 01;5215.5;5212.5;5216.5;5241.5;5247.0;5.0;0.0;0.0;0.0;59.0;59.0;5215.5;30;27;-57;-60;0;1;2;0;0;0;-1.5;4.0;-5.0;1.1247782037140701;sell;-0.5;-4.5;-29.5
592000;2;buy;6;5223.0;Mark 01;5218.5;5221.5;5219.5;5247.0;5245.5;3.0;-0.3846;-0.4409;0.0563;75.0;67.0;5217.923076923077;27;33;-60;-54;0;0;3;0;0;0;2.5;5.0;-7.0;1.2988147296944308;buy;-1.5;-3.5;24.0
604500;2;buy;7;5245.0;Mark 14;5242.5;5241.5;5247.5;5243.5;5252.5;5.0;0.4943;0.0;0.0;65.0;65.0;5243.735632183908;33;40;-54;-47;0;0;0;0;0;0;-1.0;-6.0;25.0;1.0109844621435302;buy;-3.5;2.5;-1.5
608800;2;buy;3;5255.0;Mark 01;5251.5;5252.0;5248.0;5237.5;5250.5;5.0;0.4359;0.0;0.0;56.0;56.0;5252.589743589743;40;43;-47;-44;0;0;1;0;0;0;1.0;3.0;12.5;1.1333855476907737;buy;-3.0;-7.0;-17.5
612300;2;sell;8;5241.0;Mark 14;5244.5;5242.5;5243.5;5231.5;5251.5;5.0;-0.4359;0.0;0.0;56.0;56.0;5243.410256410257;43;35;-44;-52;0;0;2;0;1;1;1.0;-7.0;-2.0;1.245028886767214;sell;-1.5;-2.5;9.5
616700;2;buy;4;5237.0;Mark 14;5234.5;5234.5;5236.5;5243.5;5254.5;5.0;0.0;0.0;0.0;55.0;55.0;5234.5;35;39;-52;-48;0;0;2;0;0;2;-1.0;-10.0;-14.0;1.2613933374325441;buy;-2.5;-0.5;6.5
617200;2;buy;6;5237.0;Mark 01;5233.5;5234.5;5240.5;5243.0;5256.5;5.0;-0.55;0.0;0.0;62.0;62.0;5232.125;39;45;-48;-42;1;1;3;0;0;2;-1.0;-9.0;-17.0;1.2515881147154808;buy;-2.5;3.5;6.0
620800;2;buy;4;5234.0;Mark 14;5233.5;5229.0;5235.5;5241.5;5266.5;3.0;-0.7231;-0.2444;0.0744;65.0;56.0;5232.415384615385;45;49;-42;-38;0;0;3;0;0;2;-1.0;-4.0;-14.5;1.1747609368936038;ambiguous;-5.0;1.5;7.5
626300;2;buy;5;5248.0;Mark 14;5244.5;5243.5;5246.5;5245.5;5270.5;5.0;0.0;0.0;0.0;54.0;54.0;5244.5;49;54;-38;-33;0;0;3;0;0;0;1.0;7.0;10.0;1.0706832473050027;buy;-4.5;-1.5;-2.5
627400;2;buy;7;5246.0;Mark 14;5242.5;5247.5;5243.5;5246.5;5265.0;5.0;0.5224;0.0;0.0;51.0;51.0;5243.805970149254;54;61;-33;-26;0;1;2;0;0;0;0.0;1.0;7.0;1.0731105100210705;buy;1.5;-2.5;0.5
629200;2;sell;5;5243.0;Mark 01;5245.5;5244.5;5244.5;5248.5;5273.5;5.0;0.0;0.0;0.0;70.0;70.0;5245.5;61;56;-26;-31;0;1;3;0;0;0;-2.0;2.5;5.0;1.1579652772461815;sell;-1.5;-1.5;-5.5
634400;2;buy;5;5245.0;Mark 01;5241.5;5244.5;5245.5;5244.5;5277.5;5.0;0.0;0.0;0.0;64.0;64.0;5241.5;56;61;-31;-26;0;0;3;0;0;0;-1.0;-5.0;4.0;1.1713688092383212;buy;-0.5;0.5;-0.5
641500;2;buy;5;5248.0;Mark 14;5246.5;5245.5;5242.5;5246.5;5271.5;5.0;-0.4286;0.0;0.0;55.0;55.0;5245.428571428572;61;66;-26;-21;0;0;1;0;0;0;2.0;0.0;1.5;1.013680526283499;ambiguous;-2.5;-5.5;-1.5
643000;2;sell;6;5239.0;Mark 14;5241.5;5242.5;5245.5;5246.5;5273.5;5.0;-0.4545;0.0;0.0;48.0;48.0;5240.363636363636;66;60;-21;-27;0;1;2;0;0;0;-2.0;-3.0;-6.0;1.000688468239901;sell;-3.5;-6.5;-7.5
650200;2;buy;6;5246.0;Mark 01;5244.5;5243.5;5243.0;5257.5;5268.5;5.0;-0.5682;0.0;0.0;69.0;69.0;5243.079545454545;60;66;-27;-21;0;0;2;0;0;0;0.5;-2.5;-2.0;0.9947315558876912;ambiguous;-2.5;-3.0;11.5
651300;2;buy;8;5247.0;Mark 01;5242.5;5244.5;5249.5;5251.0;5265.5;5.0;0.5072;0.0;0.0;52.0;52.0;5243.768115942029;66;74;-21;-13;0;1;3;0;1;1;-2.0;0.0;-4.0;1.0840365262696203;buy;-2.5;2.5;4.0
653800;2;buy;5;5252.0;Mark 14;5249.0;5251.5;5252.5;5251.5;5261.5;6.0;0.0;0.0;0.0;57.0;57.0;5249.0;74;79;-13;-8;0;0;2;0;0;1;-0.5;4.5;6.0;1.181235287488362;buy;-0.5;0.5;-0.5
658300;2;sell;3;5249.0;Mark 14;5251.5;5250.5;5257.5;5260.5;5263.5;5.0;0.0;0.0;0.0;60.0;60.0;5251.5;79;76;-8;-11;0;0;3;0;1;2;-0.5;-1.5;5.0;1.164489200662394;sell;-1.5;-8.5;-11.5
659800;2;sell;6;5256.0;Mark 01;5257.5;5257.5;5250.5;5263.5;5259.5;5.0;-0.5733;0.0;0.0;59.0;59.0;5256.066666666667;76;70;-11;-17;0;1;4;0;0;2;1.0;5.5;13.0;1.1625161204179533;ambiguous;-1.5;5.5;-7.5
662600;2;buy;6;5251.0;Mark 01;5248.5;5248.0;5253.5;5268.5;5255.5;5.0;0.4884;0.0;0.0;64.0;64.0;5249.720930232558;70;76;-17;-11;0;0;3;0;0;1;-3.0;-9.0;1.0;0.9480969721420053;buy;-3.0;2.5;17.5
667800;2;buy;5;5262.0;Mark 01;5257.5;5260.5;5263.5;5267.0;5244.5;5.0;0.5172;0.0;0.0;66.0;66.0;5258.793103448276;76;81;-11;-6;0;0;3;0;0;0;2.0;1.0;5.5;0.994654624817658;buy;-1.5;1.5;5.0
672600;2;buy;3;5271.0;Mark 14;5269.0;5274.5;5270.5;5278.5;5239.5;6.0;0.0;0.0;0.0;61.0;61.0;5269.0;81;84;-6;-3;0;0;2;0;0;0;4.5;4.5;21.0;1.1744134772773396;ambiguous;3.5;-0.5;7.5
673000;2;sell;5;5270.0;Mark 01;5272.5;5272.5;5272.5;5280.5;5239.5;5.0;0.443;0.0;0.0;57.0;57.0;5273.607594936709;84;79;-3;-8;1;1;2;1;1;1;3.5;6.5;25.0;1.1920903831864187;sell;-2.5;-2.5;-10.5
673600;2;buy;6;5275.0;Mark 01;5272.5;5272.5;5269.5;5280.5;5236.5;5.0;0.0;0.0;0.0;64.0;64.0;5272.5;79;85;-8;-2;0;2;3;0;1;1;-2.0;6.0;20.0;1.1783381379165516;buy;-2.5;-5.5;5.5
675600;2;buy;7;5272.0;Mark 14;5269.0;5269.5;5264.5;5276.5;5235.5;2.0;0.4615;-0.0504;-0.0504;66.0;73.0;5269.461538461538;85;92;-2;5;0;1;4;0;0;1;-1.5;-3.5;12.5;1.1706499842279505;buy;-2.5;-7.5;4.5
682800;2;buy;6;5283.0;Mark 14;5280.5;5280.5;5274.5;5271.5;5231.5;5.0;-0.5455;0.0;0.0;51.0;51.0;5279.136363636364;92;98;5;11;0;0;3;0;0;1;1.0;5.5;10.5;1.0900670150669667;buy;-2.5;-8.5;-11.5
683900;2;buy;3;5283.0;Mark 01;5280.5;5277.5;5275.5;5268.5;5229.5;5.0;0.5402;0.0;0.0;67.0;67.0;5281.850574712644;98;101;11;14;0;1;2;0;0;1;0.5;2.0;10.0;1.06358408266957;buy;-5.5;-7.5;-14.5
684500;2;sell;7;5273.0;Mark 01;5277.5;5274.5;5274.5;5268.0;5232.0;5.0;0.4937;0.0;0.0;59.0;59.0;5278.734177215189;101;94;14;7;0;2;3;0;0;1;-4.0;-1.0;8.0;1.067677245491708;sell;-1.5;-1.5;5.0
686400;2;sell;8;5274.0;Mark 01;5275.5;5274.5;5273.5;5269.5;5225.5;5.0;0.4943;0.0;0.0;65.0;65.0;5276.735632183908;94;86;7;-1;0;1;3;0;0;1;0.0;-2.0;5.0;1.033516478136925;ambiguous;-0.5;0.5;4.5
687700;2;sell;7;5269.0;Mark 01;5271.5;5272.5;5275.5;5273.5;5222.5;5.0;-0.4;0.0;0.0;56.0;56.0;5270.5;86;79;-1;-8;0;1;4;0;0;1;0.0;-5.0;5.0;0.9731105740708154;sell;-3.5;-6.5;-4.5
688500;2;sell;3;5272.0;Mark 01;5273.5;5275.5;5273.5;5272.5;5219.0;5.0;0.0;0.0;0.0;68.0;68.0;5273.5;79;76;-8;-11;0;1;5;0;1;2;2.0;-1.0;3.5;0.9750745251303657;ambiguous;-3.5;-1.5;-0.5
690600;2;buy;5;5275.0;Mark 14;5273.5;5271.5;5269.5;5265.5;5212.5;5.0;0.0;0.0;0.0;60.0;60.0;5273.5;76;81;-11;-6;0;0;6;0;0;1;-1.0;-1.0;-1.0;0.9292654804905339;ambiguous;-3.5;-5.5;-9.5
691200;2;sell;7;5271.0;Mark 14;5271.5;5268.0;5272.5;5267.5;5213.5;5.0;-0.4493;0.0;0.0;50.0;50.0;5270.376811594203;81;74;-6;-13;0;1;7;0;0;1;-0.5;-2.5;-6.0;0.9515344526125807;ambiguous;3.0;-1.5;3.5
692100;2;buy;8;5272.0;Mark 14;5271.5;5269.5;5267.5;5262.5;5214.5;5.0;0.0;0.0;0.0;53.0;53.0;5271.5;74;82;-13;-5;0;2;8;0;0;1;1.0;-3.0;-8.0;1.109433995986175;ambiguous;-2.5;-4.5;-9.5
692500;2;sell;6;5268.0;Mark 01;5271.0;5273.5;5268.0;5263.5;5213.5;6.0;0.0;0.0;0.0;65.0;65.0;5271.0;82;76;-5;-11;1;3;9;0;0;1;-0.5;-2.5;-7.5;1.1356563455420308;sell;-5.5;0.0;4.5
693900;2;buy;3;5271.0;Mark 14;5271.5;5268.5;5265.5;5262.5;5212.0;3.0;-0.8182;0.0476;0.0476;55.0;50.0;5270.272727272727;76;79;-11;-8;0;2;9;0;0;1;-1.0;-0.5;-9.0;1.1445162101831066;ambiguous;-2.5;-5.5;-8.5
694400;2;buy;3;5271.0;Mark 14;5269.0;5268.5;5269.5;5262.5;5208.5;6.0;0.0;0.0;0.0;50.0;50.0;5269.0;79;82;-8;-5;1;2;9;0;0;1;0.5;-2.0;-8.5;1.1721524792225178;ambiguous;-2.5;-1.5;-8.5
701000;2;sell;4;5263.0;Mark 14;5266.5;5263.5;5265.0;5259.5;5214.0;3.0;-0.3636;0.0551;0.0551;67.0;60.0;5265.954545454545;82;78;-5;-9;0;0;5;0;1;1;3.5;-5.5;-7.0;1.383543432402447;sell;-0.5;-2.0;3.5
702100;2;buy;5;5265.0;Mark 14;5261.5;5263.5;5264.5;5254.5;5217.5;5.0;-0.5;0.0;0.0;45.0;45.0;5260.25;78;83;-9;-4;0;1;5;0;1;1;0.0;-9.0;-8.0;1.3059828736232826;buy;-1.5;-0.5;-10.5
702200;2;sell;3;5260.0;Mark 14;5262.5;5263.0;5263.5;5254.5;5217.5;5.0;0.0;0.0;0.0;69.0;69.0;5262.5;83;80;-4;-7;1;2;5;0;1;1;2.0;-6.0;-7.0;1.3104284537410837;sell;-3.0;-3.5;5.5
704600;2;buy;8;5265.0;Mark 01;5262.5;5264.5;5264.5;5247.0;5221.5;5.0;-0.5278;0.0;0.0;55.0;55.0;5261.180555555556;80;88;-7;1;0;0;3;0;0;1;-2.0;-1.0;-4.5;1.2413150998947904;buy;-0.5;-0.5;-18.0
705100;2;buy;7;5267.0;Mark 01;5263.5;5263.5;5261.0;5246.0;5224.5;5.0;0.0;0.0;0.0;64.0;64.0;5263.5;88;95;1;8;1;1;4;0;0;1;1.0;-2.0;-3.0;1.2427937366309016;buy;-3.5;-6.0;-21.0
705700;2;sell;4;5261.0;Mark 01;5263.5;5262.0;5260.5;5246.0;5222.5;5.0;0.0;0.0;0.0;55.0;55.0;5263.5;95;91;8;4;0;2;5;0;0;1;1.0;3.0;-6.0;1.2497933713515927;sell;-1.0;0.5;15.0
713000;2;buy;8;5255.0;Mark 01;5252.5;5252.5;5246.5;5239.5;5225.5;5.0;0.5;0.0;0.0;51.0;51.0;5253.75;91;99;4;12;0;0;3;0;0;0;-2.0;-7.0;-12.5;1.1641605861827593;buy;-2.5;-8.5;-15.5
721200;2;sell;3;5239.0;Mark 49;5237.5;5239.5;5239.5;5230.5;5232.5;5.0;0.0;0.0;0.0;56.0;56.0;5237.5;99;96;12;9;0;0;1;0;1;3;0.0;-7.0;-21.0;1.3391745329687488;ambiguous;-0.5;-0.5;8.5
722300;2;buy;4;5242.0;Mark 01;5238.5;5239.0;5235.5;5233.0;5231.5;5.0;0.0;0.0;0.0;56.0;56.0;5238.5;96;100;9;13;0;1;2;0;1;3;-1.0;-1.5;-16.0;1.349950023070968;buy;-3.0;-6.5;-9.0
726100;2;sell;5;5231.0;Mark 14;5234.5;5230.0;5232.5;5229.0;5243.5;3.0;-0.5946;-0.2553;0.1128;74.0;59.0;5233.608108108108;100;95;13;8;0;0;2;0;0;2;-1.0;0.0;-13.0;1.2901841121959774;sell;1.0;-1.5;2.0
730300;2;sell;5;5223.0;Mark 14;5225.0;5225.5;5233.0;5215.0;5240.0;6.0;0.0;0.0;0.0;48.0;48.0;5225.0;95;90;8;3;0;0;3;0;0;1;-1.0;-8.5;-15.0;1.2028051083023843;ambiguous;-2.5;-10.0;8.0
735100;2;sell;3;5227.0;Mark 14;5229.5;5229.5;5227.5;5211.5;5242.5;5.0;0.0;0.0;0.0;70.0;70.0;5229.5;90;87;3;0;0;0;2;0;0;0;-1.0;0.0;-7.0;1.1393115522903858;sell;-2.5;-0.5;15.5
737500;2;buy;3;5226.0;Mark 14;5224.5;5222.5;5216.5;5212.5;5247.5;5.0;0.0;0.0;0.0;60.0;60.0;5224.5;87;90;0;3;0;0;2;0;0;0;-1.0;-6.0;-8.0;1.2096144111960159;ambiguous;-3.5;-9.5;-13.5
737600;2;sell;5;5221.0;Mark 01;5223.5;5223.5;5217.5;5213.5;5246.5;5.0;0.4253;0.0;0.0;62.0;62.0;5224.563218390805;90;85;3;-2;1;1;3;0;0;0;-4.0;-6.0;-9.0;1.2130678121968543;sell;-2.5;3.5;7.5
738000;2;sell;8;5220.0;Mark 01;5222.0;5219.0;5213.5;5212.5;5245.0;6.0;0.0;0.0;0.0;50.0;50.0;5222.0;85;77;-2;-10;2;2;4;0;0;0;-1.5;-8.5;-10.0;1.2143498031219893;ambiguous;1.0;6.5;7.5
738500;2;sell;4;5216.0;Mark 01;5219.5;5219.5;5212.5;5214.5;5245.5;5.0;0.0;0.0;0.0;64.0;64.0;5219.5;77;73;-10;-14;1;3;5;0;0;0;-3.0;-6.0;-12.0;1.2453771265475466;sell;-3.5;3.5;1.5
738800;2;sell;3;5215.0;Mark 01;5217.5;5218.5;5211.5;5215.5;5244.5;5.0;0.4211;0.0;0.0;54.0;54.0;5218.5526315789475;73;70;-14;-17;1;4;6;0;0;0;-3.0;-7.0;-15.0;1.2461142542395205;sell;-3.5;3.5;-0.5
739900;2;buy;4;5217.0;Mark 14;5216.0;5213.5;5216.0;5215.5;5240.5;6.0;0.0;0.0;0.0;59.0;59.0;5216.0;70;74;-17;-13;0;3;7;0;0;0;-0.5;-6.0;-8.5;1.1260021440862753;ambiguous;-3.5;-1.0;-1.5
740300;2;buy;7;5216.0;Mark 14;5213.0;5211.5;5215.0;5217.5;5242.5;6.0;0.0;0.0;0.0;58.0;58.0;5213.0;74;81;-13;-6;1;3;8;0;0;0;-3.0;-7.5;-12.5;1.1311552920195396;buy;-4.5;-1.0;1.5
742000;2;sell;8;5213.0;Mark 14;5216.0;5213.5;5210.5;5216.0;5243.5;6.0;0.0;0.0;0.0;65.0;65.0;5216.0;81;73;-6;-14;0;1;8;0;0;0;1.0;2.5;-16.5;1.1415035273840826;sell;-0.5;2.5;-3.0
751300;2;sell;5;5211.0;Mark 01;5215.5;5215.5;5218.5;5224.5;5254.5;5.0;-0.5;0.0;0.0;51.0;51.0;5214.25;73;68;-14;-19;0;0;1;0;0;1;0.0;-1.0;0.0;1.224744871391589;sell;-4.5;-7.5;-13.5
756000;2;sell;7;5225.0;Mark 49;5224.5;5221.5;5216.5;5225.5;5260.5;5.0;0.5238;0.0;0.0;64.0;64.0;5225.809523809524;68;61;-19;-26;0;0;1;0;0;0;3.5;2.0;10.0;1.259268261909878;ambiguous;3.5;8.5;-0.5
758100;2;sell;8;5213.0;Mark 14;5216.5;5215.5;5219.5;5231.5;5263.5;5.0;0.5;0.0;0.0;63.0;63.0;5217.75;61;53;-26;-34;0;0;2;0;0;0;-2.0;-7.0;7.5;1.2316606929031257;sell;-2.5;-6.5;-18.5
761800;2;sell;7;5224.0;Mark 14;5225.0;5227.5;5225.5;5234.0;5248.0;6.0;0.0;0.0;0.0;56.0;56.0;5225.0;53;46;-34;-41;0;0;2;0;0;0;0.5;6.5;9.5;1.2343500470982913;ambiguous;-3.5;-1.5;-10.0
762600;2;sell;6;5225.0;Mark 01;5227.5;5225.5;5226.5;5233.0;5248.0;5.0;-0.4253;0.0;0.0;62.0;62.0;5226.436781609195;46;40;-41;-47;0;1;3;0;0;0;0.5;7.0;8.0;1.2726871887226416;sell;-0.5;-1.5;-8.0
762800;2;buy;6;5231.0;Mark 14;5228.5;5224.0;5225.5;5232.5;5245.5;5.0;0.0;0.0;0.0;56.0;56.0;5228.5;40;46;-47;-41;1;2;4;0;0;0;1.0;9.0;9.0;1.273989273307752;buy;-7.0;-5.5;1.5
766000;2;buy;4;5228.0;Mark 14;5225.5;5228.0;5230.5;5242.0;5242.5;5.0;0.5385;0.0;0.0;50.0;50.0;5226.846153846154;46;50;-41;-37;0;0;5;0;0;0;-2.5;-2.0;-0.5;1.215420593733487;buy;0.0;2.5;14.0
771800;2;buy;6;5237.0;Mark 01;5232.5;5231.5;5236.5;5235.5;5252.5;5.0;0.5349;0.0;0.0;66.0;66.0;5233.837209302325;50;56;-37;-31;0;0;4;1;1;1;1.0;-3.0;6.0;1.157480560896017;buy;-5.5;-0.5;-1.5
773800;2;sell;8;5234.0;Mark 14;5235.5;5232.5;5240.0;5242.5;5253.0;5.0;0.52;0.0;0.0;57.0;57.0;5236.8;56;48;-31;-39;0;1;2;0;0;1;3.0;1.5;10.0;1.1054954508351273;ambiguous;1.5;-6.0;-8.5
775500;2;buy;7;5242.0;Mark 14;5239.5;5242.0;5240.5;5244.5;5255.5;5.0;0.4382;0.0;0.0;64.0;64.0;5240.595505617977;48;55;-39;-32;0;1;3;0;0;1;5.0;7.0;11.5;1.118775220534597;buy;0.0;-1.5;2.5
779700;2;buy;4;5243.0;Mark 22;5243.0;5240.5;5234.5;5240.5;5252.5;6.0;0.0;0.0;0.0;54.0;54.0;5243.0;55;59;-32;-28;0;0;3;0;0;2;-0.5;3.5;7.5;1.2357544547941626;ambiguous;-2.5;-8.5;-2.5
781100;2;buy;7;5241.0;Mark 14;5240.5;5235.5;5237.5;5243.5;5255.5;5.0;-0.5;0.0;0.0;69.0;69.0;5239.25;59;66;-28;-21;0;1;4;0;0;2;3.0;-3.0;7.0;1.2309356320921274;ambiguous;-5.5;-3.5;2.5
781500;2;sell;7;5235.0;Mark 01;5238.0;5236.5;5240.5;5244.5;5256.5;6.0;0.0;0.0;0.0;67.0;67.0;5238.0;66;59;-21;-28;1;2;5;0;0;2;-2.5;-6.5;5.5;1.2388673730975812;sell;-1.5;-5.5;-9.5
781900;2;sell;5;5235.0;Mark 22;5235.5;5236.5;5243.0;5244.5;5255.0;5.0;0.5172;0.0;0.0;66.0;66.0;5236.793103448276;59;54;-28;-33;1;2;5;0;0;1;-2.5;-7.0;2.0;1.18047925535316;ambiguous;-1.5;-8.0;-9.5
783400;2;sell;6;5238.0;Mark 01;5240.5;5243.0;5244.5;5241.0;5253.5;5.0;-0.3902;0.0;0.0;57.0;57.0;5239.524390243902;54;48;-33;-39;0;2;6;0;0;1;4.5;2.5;8.0;1.2200080118694343;sell;-5.0;-6.5;-3.0
787000;2;buy;6;5251.0;Mark 01;5248.5;5247.5;5241.5;5239.0;5256.5;5.0;-0.5556;0.0;0.0;70.0;70.0;5247.111111111111;48;54;-39;-33;0;0;5;0;0;1;3.0;5.5;10.5;1.0713739108887084;buy;-3.5;-9.5;-12.0
791700;2;sell;6;5243.0;Mark 01;5244.5;5243.5;5242.5;5252.5;5258.5;5.0;0.0;0.0;0.0;65.0;65.0;5244.5;54;48;-33;-39;0;0;3;0;0;0;1.0;4.0;10.0;0.9016813643001903;ambiguous;-0.5;0.5;-9.5
796100;2;buy;5;5245.0;Mark 01;5242.5;5241.0;5238.5;5261.5;5261.5;5.0;0.443;0.0;0.0;57.0;57.0;5243.607594936709;48;53;-39;-34;0;0;2;0;0;1;1.0;-3.0;-2.0;1.0247423719573656;buy;-4.0;-6.5;16.5
796600;2;buy;7;5244.0;Mark 01;5240.5;5238.5;5240.5;5264.0;5260.5;5.0;0.3827;0.0;0.0;56.0;56.0;5241.456790123457;53;60;-34;-27;1;1;3;0;0;1;-2.0;0.0;-6.0;1.0206769571575327;buy;-5.5;-3.5;20.0
798900;2;buy;8;5245.0;Mark 01;5240.5;5243.5;5252.5;5259.5;5256.0;1.0;0.1429;0.3708;-0.0896;61.0;73.0;5240.571428571428;60;68;-27;-19;0;0;3;1;1;2;0.0;1.0;-3.5;1.035365853585258;buy;-1.5;7.5;14.5
802600;2;sell;7;5252.0;Mark 14;5253.5;5254.5;5257.5;5248.0;5256.5;5.0;0.4444;0.0;0.0;52.0;52.0;5254.611111111111;68;61;-19;-26;0;0;3;0;0;2;-1.0;2.0;11.0;1.1068098564619813;ambiguous;-2.5;-5.5;4.0
803000;2;buy;3;5257.0;Mark 01;5253.5;5256.5;5256.5;5243.0;5257.5;5.0;-0.5072;0.0;0.0;52.0;52.0;5252.231884057971;61;64;-26;-23;1;1;4;0;0;2;0.0;1.0;9.5;1.1093650192079525;buy;-0.5;-0.5;-14.0
805000;2;buy;3;5259.0;Mark 14;5256.5;5257.5;5263.0;5242.5;5254.5;5.0;-0.4949;0.0;0.0;74.0;74.0;5255.262626262626;64;67;-23;-20;0;1;5;0;0;1;0.0;2.5;19.0;1.134195462433794;buy;-1.5;4.0;-16.5
807300;2;buy;6;5263.0;Mark 14;5261.5;5260.5;5255.5;5244.5;5258.5;5.0;-0.5181;0.0;0.0;63.0;63.0;5260.204819277108;67;73;-20;-14;0;0;4;0;0;1;-1.5;5.0;22.0;1.1917693793883055;ambiguous;-2.5;-7.5;-18.5
810000;2;buy;5;5256.0;Mark 01;5253.0;5257.0;5245.5;5251.5;5256.5;6.0;0.0;0.0;0.0;69.0;69.0;5253.0;73;78;-14;-9;0;0;4;0;0;0;0.5;-10.5;3.5;1.2638176197627784;buy;1.0;-10.5;-4.5
810800;2;sell;5;5250.0;Mark 01;5253.0;5252.0;5245.5;5253.0;5254.5;6.0;0.0;0.0;0.0;62.0;62.0;5253.0;78;73;-9;-14;0;1;5;0;0;0;-2.5;-7.0;2.5;1.2936787600524309;sell;-2.0;4.5;-3.0
812300;2;sell;8;5245.0;Mark 14;5246.5;5245.5;5242.5;5252.5;5255.5;5.0;0.589;0.0;0.0;58.0;58.0;5247.972602739726;73;65;-14;-22;0;1;6;0;0;0;-1.5;-9.0;-7.0;1.3295592438395885;ambiguous;-0.5;2.5;-7.5
812600;2;buy;5;5251.0;Mark 01;5248.5;5242.5;5243.5;5252.5;5255.5;5.0;-0.5733;0.0;0.0;59.0;59.0;5247.066666666667;65;70;-22;-17;1;2;7;0;0;0;3.0;-6.5;-6.0;1.3262553178193395;buy;-8.5;-7.5;1.5
813500;2;sell;4;5240.0;Mark 01;5242.5;5243.5;5244.5;5251.5;5252.5;5.0;0.0;0.0;0.0;61.0;61.0;5242.5;70;66;-17;-21;0;2;6;0;0;0;-0.5;-6.5;-14.0;1.3689198057400935;sell;-3.5;-4.5;-11.5
815900;2;buy;3;5246.0;Mark 14;5243.5;5243.5;5243.5;5256.5;5258.5;5.0;-0.4474;0.0;0.0;55.0;55.0;5242.381578947368;66;69;-21;-18;0;0;6;0;0;0;0.0;1.0;-14.0;1.247300932560253;buy;-2.5;-2.5;10.5
819500;2;sell;7;5248.0;Mark 01;5250.5;5251.5;5255.5;5252.5;5248.5;5.0;0.4458;0.0;0.0;60.0;60.0;5251.614457831325;69;62;-18;-25;0;0;6;0;0;0;2.5;7.0;-2.0;1.1099167134082581;sell;-3.5;-7.5;-4.5
822500;2;buy;5;5255.0;Mark 01;5251.5;5253.5;5254.5;5255.5;5247.5;5.0;0.5082;0.0;0.0;46.0;46.0;5252.770491803279;62;67;-25;-20;0;0;4;0;0;0;-1.0;-1.0;3.0;1.1142288673242566;buy;-1.5;-0.5;0.5
823500;2;buy;8;5254.0;Mark 14;5251.5;5253.5;5255.5;5254.5;5246.0;5.0;0.0;0.0;0.0;46.0;46.0;5251.5;67;75;-20;-12;0;1;4;0;0;0;-2.0;-4.0;9.0;1.0762909475865479;buy;-0.5;1.5;0.5
825200;2;buy;4;5256.0;Mark 14;5254.5;5256.5;5253.5;5256.5;5250.5;5.0;-0.5616;0.0;0.0;57.0;57.0;5253.095890410959;75;79;-12;-8;0;1;4;0;0;0;-0.5;3.0;11.5;1.03920201229841;ambiguous;0.5;-2.5;0.5
825600;2;buy;6;5259.0;Mark 14;5255.5;5255.5;5252.5;5255.5;5248.5;5.0;0.5405;0.0;0.0;57.0;57.0;5256.851351351352;79;85;-8;-2;1;1;5;0;0;0;1.0;4.0;12.0;1.0495090460938743;buy;-3.5;-6.5;-3.5
825700;2;buy;6;5259.0;Mark 01;5256.5;5255.0;5252.5;5255.5;5248.5;5.0;0.4318;0.0;0.0;63.0;63.0;5257.579545454545;85;91;-2;4;2;2;6;0;0;0;3.0;4.0;13.0;1.0530999419843146;buy;-4.0;-6.5;-3.5
827900;2;buy;3;5256.0;Mark 01;5252.5;5255.0;5252.5;5256.5;5246.5;5.0;0.0;0.0;0.0;67.0;67.0;5252.5;91;94;4;7;0;0;6;0;0;0;-1.0;-4.0;9.0;1.0668646510475117;buy;-1.0;-3.5;0.5
828400;2;buy;3;5258.0;Mark 01;5254.5;5254.5;5252.0;5257.5;5250.5;5.0;0.0;0.0;0.0;58.0;58.0;5254.5;94;97;7;10;1;1;7;0;0;0;1.5;-1.0;11.0;1.0578125790047996;buy;-3.5;-6.0;-0.5
829800;2;buy;7;5254.0;Mark 14;5252.5;5251.5;5255.5;5254.5;5252.5;5.0;0.0;0.0;0.0;71.0;71.0;5252.5;97;104;10;17;0;2;7;0;0;0;-1.0;0.0;2.0;1.0272036964182483;ambiguous;-2.5;1.5;0.5
831300;2;buy;3;5257.0;Mark 14;5253.5;5255.5;5254.5;5259.5;5251.5;5.0;0.4839;0.0;0.0;46.0;46.0;5254.709677419355;104;107;17;20;0;1;8;0;0;0;-2.5;0.0;-2.5;1.0833303901445739;buy;-1.5;-2.5;2.5
833700;2;buy;5;5258.0;Mark 14;5254.5;5256.0;5255.5;5257.5;5254.5;5.0;0.5556;0.0;0.0;56.0;56.0;5255.888888888889;107;112;20;25;0;0;7;0;0;0;-2.0;-0.5;2.0;0.9921896810732522;buy;-2.0;-2.5;-0.5
836500;2;sell;4;5256.0;Mark 14;5255.5;5256.5;5257.5;5259.5;5262.5;3.0;0.8028;-0.0519;-0.0519;64.0;71.0;5256.704225352113;112;108;25;21;0;0;5;0;0;0;3.0;1.5;2.5;1.1267494531484765;ambiguous;-0.5;-1.5;-3.5
840900;2;sell;8;5255.0;Mark 14;5258.5;5259.5;5258.0;5257.5;5265.5;5.0;0.5077;0.0;0.0;49.0;49.0;5259.7692307692305;108;100;21;13;0;0;3;0;0;0;1.0;1.5;5.0;1.2091714950824581;sell;-4.5;-3.0;-2.5
844300;2;buy;7;5262.0;Mark 14;5257.5;5262.5;5260.5;5256.5;5276.5;5.0;0.4667;0.0;0.0;55.0;55.0;5258.666666666667;100;107;13;20;0;0;2;0;0;2;0.0;-1.0;2.5;1.2917252916778745;buy;0.5;-1.5;-5.5
844800;2;sell;5;5260.0;Mark 01;5264.5;5263.5;5260.5;5255.5;5271.5;5.0;0.0;0.0;0.0;53.0;53.0;5264.5;107;102;20;15;1;1;3;0;0;2;5.0;8.5;7.5;1.2917055446028554;sell;-3.5;-0.5;4.5
845400;2;sell;7;5259.0;Mark 01;5263.5;5261.5;5260.5;5256.5;5268.5;5.0;-0.5;0.0;0.0;51.0;51.0;5262.25;102;95;15;8;0;2;4;0;0;2;2.5;6.0;7.0;1.3065686825702036;sell;-2.5;-1.5;2.5
848300;2;buy;7;5260.0;Mark 14;5259.0;5255.5;5256.5;5259.5;5280.0;6.0;0.0;0.0;0.0;45.0;45.0;5259.0;95;102;8;15;0;0;4;0;0;2;-0.5;-1.5;2.5;1.2819132981242392;ambiguous;-4.5;-3.5;-0.5
860300;2;sell;3;5253.0;Mark 14;5254.5;5254.5;5255.5;5246.0;5277.0;5.0;-0.5;0.0;0.0;63.0;63.0;5253.25;102;99;15;12;0;0;0;0;0;0;0.0;-5.0;-2.0;1.1121895592719322;ambiguous;-1.5;-2.5;7.0
861000;2;sell;4;5252.0;Mark 14;5254.5;5253.5;5253.5;5248.5;5275.5;5.0;-0.4318;0.0;0.0;63.0;63.0;5253.420454545455;99;95;12;8;0;1;1;0;0;0;-0.5;-1.5;-4.0;1.102514957127905;sell;-1.5;-1.5;3.5
863200;2;buy;3;5252.0;Mark 22;5253.5;5255.5;5252.5;5247.5;5283.5;5.0;0.0;0.0;0.0;54.0;54.0;5253.5;95;98;8;11;0;0;2;1;1;1;-3.0;-1.0;-3.5;1.1331829785571004;ambiguous;3.5;0.5;-4.5
864300;2;sell;4;5257.0;Mark 22;5256.5;5254.5;5258.5;5246.5;5279.0;5.0;-0.5065;0.0;0.0;58.0;58.0;5255.233766233766;98;94;11;7;0;1;3;0;1;1;3.0;1.0;0.0;1.2102257907706582;ambiguous;2.5;-1.5;10.5
874800;2;sell;8;5247.0;Mark 14;5249.5;5250.5;5247.5;5255.5;5282.5;5.0;0.0;0.0;0.0;50.0;50.0;5249.5;94;86;7;-1;0;0;0;0;0;1;3.0;0.0;-5.0;1.215420593733487;sell;-3.5;-0.5;-8.5
878000;2;sell;4;5243.0;Mark 01;5246.5;5251.5;5252.5;5271.5;5278.5;5.0;0.0;0.0;0.0;67.0;67.0;5246.5;86;82;-1;-5;0;0;1;0;0;1;-0.5;-1.0;-8.0;1.1671147855986503;sell;-8.5;-9.5;-28.5
881200;2;buy;4;5253.0;Mark 14;5251.5;5251.5;5253.5;5266.5;5274.0;5.0;0.5422;0.0;0.0;64.0;64.0;5252.855421686747;82;86;-5;-1;0;0;2;0;0;1;-1.0;3.5;3.0;1.234639320452325;ambiguous;-1.5;0.5;13.5
883000;2;sell;4;5251.0;Mark 01;5254.0;5254.0;5256.5;5274.5;5278.0;6.0;0.0;0.0;0.0;62.0;62.0;5254.0;86;82;-1;-5;0;1;3;0;0;0;2.0;2.0;3.5;1.1596161966347325;sell;-3.0;-5.5;-23.5
886000;2;buy;3;5265.0;Mark 14;5262.5;5262.5;5271.5;5273.5;5275.5;5.0;-0.5581;0.0;0.0;67.0;67.0;5261.104651162791;82;85;-5;-2;0;0;3;0;0;0;5.5;6.0;15.0;1.0904881342694899;buy;-2.5;6.5;8.5
887000;2;buy;4;5268.0;Mark 14;5264.5;5268.5;5265.5;5273.5;5273.5;5.0;0.0;0.0;0.0;53.0;53.0;5264.5;85;89;-2;2;0;1;4;0;0;0;2.0;8.0;20.0;1.0272036964182483;buy;0.5;-2.5;5.5
889900;2;sell;3;5262.0;Mark 01;5263.5;5265.5;5269.5;5284.5;5272.5;5.0;0.0;0.0;0.0;57.0;57.0;5263.5;89;86;2;-1;0;0;4;0;0;1;-4.5;-5.0;10.0;1.15246726542569;ambiguous;-3.5;-7.5;-22.5
891400;2;buy;4;5268.0;Mark 14;5265.5;5269.5;5275.5;5283.5;5273.5;5.0;0.5435;0.0;0.0;71.0;71.0;5266.858695652174;86;90;-1;3;0;1;4;0;0;1;0.0;-2.5;14.0;1.1785978744673733;buy;1.5;7.5;15.5
891800;2;buy;7;5272.0;Mark 14;5269.5;5271.0;5273.5;5281.5;5273.5;5.0;0.0;0.0;0.0;58.0;58.0;5269.5;90;97;3;10;1;2;5;0;0;1;4.0;6.0;19.0;1.1757376165475881;buy;-1.0;1.5;9.5
892900;2;buy;5;5275.0;Mark 14;5272.0;5275.5;5270.5;5284.5;5271.0;6.0;0.0;0.0;0.0;73.0;73.0;5272.0;97;102;10;15;0;2;6;0;0;1;-0.5;6.5;18.0;1.1880179262977368;buy;0.5;-4.5;9.5
898100;2;sell;8;5277.0;Mark 14;5277.5;5280.5;5286.5;5279.5;5276.5;5.0;-0.425;0.0;0.0;57.0;57.0;5276.4375;102;94;15;7;0;0;4;0;0;0;1.0;4.0;9.0;1.0715881642476923;ambiguous;-3.5;-9.5;-2.5
900500;2;sell;3;5282.0;Mark 14;5285.5;5283.5;5284.5;5278.0;5273.5;5.0;0.0;0.0;0.0;58.0;58.0;5285.5;94;91;7;4;0;0;4;0;0;0;-1.0;4.0;20.0;1.0799345096099224;sell;-1.5;-2.5;4.0
901000;2;sell;8;5281.0;Mark 14;5284.5;5283.0;5283.5;5275.5;5275.0;5.0;0.0;0.0;0.0;65.0;65.0;5284.5;91;83;4;-4;1;1;5;0;0;0;0.0;3.0;20.5;1.100986933311991;sell;-2.0;-2.5;5.5
901700;2;buy;4;5284.0;Mark 01;5281.5;5284.5;5283.0;5275.5;5277.5;5.0;-0.4253;0.0;0.0;62.0;62.0;5280.436781609195;83;87;-4;0;0;2;5;0;0;0;-2.0;-2.0;12.0;1.0803359678773266;buy;0.5;-1.0;-8.5
901800;2;sell;8;5279.0;Mark 01;5281.5;5285.0;5283.5;5275.5;5277.5;5.0;-0.6053;0.0;0.0;61.0;61.0;5279.986842105263;87;79;0;-8;1;3;6;0;0;0;-2.0;-3.0;12.0;1.0803359678773266;sell;-6.0;-4.5;3.5
904000;2;buy;5;5285.0;Mark 14;5282.5;5278.5;5279.0;5281.5;5275.5;5.0;-0.4839;0.0;0.0;46.0;46.0;5281.290322580645;79;84;-8;-3;0;0;5;0;1;1;-1.0;-0.5;8.0;1.0653094364973288;buy;-6.5;-6.0;-3.5
906500;2;buy;7;5280.0;Mark 01;5276.5;5276.0;5278.5;5286.5;5277.5;5.0;-0.4444;0.0;0.0;65.0;65.0;5275.388888888889;84;91;-3;4;0;0;6;0;0;1;-2.5;-2.0;4.0;1.0117410927562218;buy;-4.0;-1.5;6.5
914600;2;buy;8;5285.0;Mark 01;5281.0;5286.5;5286.0;5284.5;5267.5;6.0;0.0;0.0;0.0;50.0;50.0;5281.0;91;99;4;12;0;0;1;1;1;2;-0.5;3.5;1.5;0.9730057186668074;buy;1.5;1.0;-0.5
915400;2;sell;7;5281.0;Mark 14;5285.5;5288.5;5284.5;5281.0;5267.5;5.0;0.0;0.0;0.0;61.0;61.0;5285.5;99;92;12;5;0;1;2;0;1;2;2.5;1.5;8.0;1.00681282981403;sell;-7.5;-3.5;0.0
918800;2;buy;8;5286.0;Mark 14;5284.5;5284.5;5282.5;5282.0;5264.5;5.0;0.0;0.0;0.0;50.0;50.0;5284.5;92;100;5;13;0;0;2;0;0;3;0.5;-1.0;6.0;1.1197779525395077;ambiguous;-1.5;-3.5;-4.0
922100;2;buy;4;5289.0;Mark 14;5286.0;5281.0;5287.5;5277.5;5264.5;6.0;0.0;0.0;0.0;74.0;74.0;5286.0;100;104;13;17;0;0;3;0;0;2;-0.5;2.5;9.5;1.1863635288603311;buy;-8.0;-1.5;-11.5
924100;2;sell;6;5285.0;Mark 14;5286.0;5284.5;5281.5;5278.0;5269.5;6.0;0.0;0.0;0.0;67.0;67.0;5286.0;104;98;17;11;0;1;4;0;0;2;1.5;-0.5;4.5;1.26748559868875;ambiguous;0.5;3.5;7.0
927200;2;buy;3;5283.0;Mark 01;5280.5;5280.5;5278.0;5273.5;5270.0;3.0;-0.3333;-0.2683;0.0877;62.0;52.0;5280.0;98;101;11;14;0;0;3;0;0;0;3.0;0.0;-5.5;1.1995135564745008;buy;-2.5;-5.0;-9.5
929100;2;sell;8;5277.0;Mark 14;5280.0;5280.5;5274.5;5274.5;5270.5;6.0;0.0;0.0;0.0;55.0;55.0;5280.0;101;93;14;6;0;1;3;0;0;0;-0.5;-0.5;-5.0;1.2339780245717538;sell;-3.5;2.5;2.5
929900;2;buy;7;5279.0;Mark 14;5278.5;5275.5;5277.5;5272.5;5273.5;5.0;0.4831;0.0;0.0;66.0;66.0;5279.70786516854;93;100;6;13;0;1;4;0;0;0;-1.0;1.0;-4.5;1.2311013979255683;ambiguous;-3.5;-1.5;-6.5
933200;2;sell;6;5275.0;Mark 01;5277.5;5280.5;5278.5;5271.5;5272.5;3.0;0.7846;-0.0569;-0.0569;58.0;65.0;5278.676923076923;100;94;13;7;0;0;4;0;0;0;-1.0;3.5;-7.0;1.063656028289062;sell;-5.5;-3.5;3.5
934300;2;sell;8;5278.0;Mark 14;5279.5;5278.5;5274.5;5273.5;5273.5;5.0;0.0;0.0;0.0;66.0;66.0;5279.5;94;86;7;-1;0;1;4;0;0;0;0.0;1.0;-5.5;1.0514273340715334;ambiguous;-0.5;3.5;4.5
936000;2;sell;7;5273.0;Mark 01;5277.5;5272.5;5274.5;5276.5;5279.5;5.0;-0.4783;0.0;0.0;68.0;68.0;5276.304347826087;86;79;-1;-8;0;1;5;0;0;0;-0.5;-3.0;-4.5;1.0942709142586537;sell;0.5;-1.5;-3.5
936600;2;sell;8;5270.0;Mark 14;5272.5;5273.5;5276.5;5277.5;5280.0;5.0;0.5068;0.0;0.0;55.0;55.0;5273.767123287671;79;71;-8;-16;0;1;6;0;0;0;-3.0;-8.0;-5.0;1.1247782037140701;sell;-3.5;-6.5;-7.5
942700;2;sell;3;5269.0;Mark 01;5271.5;5271.5;5273.0;5278.5;5286.5;5.0;0.0;0.0;0.0;67.0;67.0;5271.5;71;68;-16;-19;0;0;4;0;1;1;0.0;-2.0;-7.0;1.089458444398508;sell;-2.5;-4.0;-9.5
942800;2;buy;4;5274.0;Mark 14;5271.5;5270.5;5274.5;5276.5;5286.5;5.0;0.6104;0.0;0.0;62.0;62.0;5273.025974025974;68;72;-19;-15;1;1;5;0;1;1;0.5;-3.0;-6.0;1.0854239205195344;buy;-3.5;0.5;2.5
945100;2;buy;8;5278.0;Mark 01;5275.5;5277.5;5276.5;5273.0;5286.5;5.0;0.0;0.0;0.0;54.0;54.0;5275.5;72;80;-15;-7;0;0;4;0;0;1;2.0;4.0;-1.5;1.0455643332779465;buy;-0.5;-1.5;-5.0
945400;2;buy;3;5279.0;Mark 14;5277.5;5277.5;5277.5;5274.5;5287.5;3.0;-0.2903;-0.3333;0.0815;73.0;62.0;5277.064516129032;80;83;-7;-4;1;1;5;0;0;1;3.0;8.5;0.0;1.049290284435199;buy;-1.5;-1.5;-4.5
947900;2;sell;5;5275.0;Mark 14;5279.5;5276.5;5275.0;5275.5;5300.0;5.0;-0.4286;0.0;0.0;60.0;60.0;5278.428571428572;83;78;-4;-9;0;0;4;0;0;1;2.0;2.0;3.5;1.0329239786740476;sell;-1.5;0.0;-0.5
948800;2;buy;7;5278.0;Mark 01;5275.5;5276.5;5274.5;5272.0;5294.5;5.0;0.5556;0.0;0.0;70.0;70.0;5276.888888888889;78;85;-9;-2;0;1;5;0;0;1;0.0;-1.0;-0.5;1.033516478136925;buy;-1.5;-3.5;-6.0
948900;2;buy;5;5278.0;Mark 01;5275.0;5276.5;5276.5;5271.5;5295.5;6.0;0.0;0.0;0.0;72.0;72.0;5275.0;85;90;-2;3;1;2;6;0;0;1;-1.5;-1.5;0.0;1.0298573010888745;buy;-1.5;-1.5;-6.5
955900;2;sell;6;5273.0;Mark 01;5275.5;5276.5;5275.5;5263.5;;5.0;0.5333;0.0;0.0;69.0;69.0;5276.833333333333;90;84;3;-3;0;0;3;0;0;0;1.0;-1.0;-2.0;1.0442705441066735;sell;-3.5;-2.5;9.5
957400;2;sell;5;5275.0;Mark 01;5277.0;5275.5;5270.0;5262.5;;6.0;0.0;0.0;0.0;56.0;56.0;5277.0;84;79;-3;-8;0;1;4;0;1;1;-1.0;2.5;-0.5;1.0859408002702837;ambiguous;-0.5;5.0;12.5
959100;2;buy;3;5274.0;Mark 14;5271.5;5271.5;5267.5;5264.5;;5.0;0.5;0.0;0.0;66.0;66.0;5272.75;79;82;-8;-5;0;1;2;1;1;2;1.0;-7.0;-3.0;1.1322146480163275;buy;-2.5;-6.5;-9.5
960400;2;sell;4;5267.0;Mark 01;5269.5;5268.5;5264.5;5261.5;;5.0;0.0;0.0;0.0;59.0;59.0;5269.5;82;78;-5;-9;0;1;3;0;2;3;-2.5;-4.0;-4.0;1.1139083247481685;sell;-1.5;2.5;5.5
963700;2;buy;7;5266.0;Mark 14;5264.0;5269.5;5264.5;5272.0;;2.0;0.5;-0.0429;-0.0429;67.0;73.0;5264.5;78;85;-9;-2;0;0;4;0;0;3;1.5;-3.5;-12.5;1.000866882700208;buy;3.5;-1.5;6.0
964300;2;sell;4;5264.0;Mark 01;5269.5;5267.5;5265.0;5268.5;;5.0;-0.425;0.0;0.0;57.0;57.0;5268.4375;85;81;-2;-6;0;1;5;0;0;3;4.0;5.0;-5.0;1.035956956456714;sell;-3.5;-1.0;-4.5
967900;2;buy;3;5262.0;Mark 14;5261.5;5262.5;5262.5;5267.5;;5.0;0.5556;0.0;0.0;56.0;56.0;5262.888888888889;81;84;-6;-3;0;0;4;0;0;2;-1.0;-2.0;-14.0;1.1482098584283011;ambiguous;0.5;0.5;5.5
968300;2;buy;8;5263.0;Mark 14;5260.5;5264.5;5260.5;5268.5;;5.0;0.4815;0.0;0.0;60.0;60.0;5261.7037037037035;84;92;-3;5;1;1;5;0;0;2;-1.0;-4.5;-13.0;1.1861700071183576;buy;1.5;-2.5;5.5
970000;2;sell;8;5260.0;Mark 14;5262.5;5262.5;5264.5;5273.0;;5.0;0.0;0.0;0.0;51.0;51.0;5262.5;92;84;5;-3;0;1;5;0;0;0;-1.0;1.0;-8.0;1.1452737106290063;sell;-2.5;-4.5;-13.0
970700;2;buy;4;5265.0;Mark 01;5261.5;5259.5;5268.5;5274.5;;5.0;-0.5;0.0;0.0;57.0;57.0;5260.25;84;88;-3;1;0;1;5;0;0;0;0.0;-1.5;-7.0;1.1503405315100628;buy;-5.5;3.5;9.5
972700;2;buy;8;5271.0;Mark 14;5268.5;5268.5;5268.5;5270.5;;5.0;0.494;0.0;0.0;62.0;62.0;5269.734939759036;88;96;1;9;0;1;6;0;0;0;2.0;6.5;6.0;1.1855031904253668;buy;-2.5;-2.5;-0.5
974300;2;sell;5;5266.0;Mark 14;5269.5;5269.5;5268.5;5273.5;;5.0;-0.4103;0.0;0.0;55.0;55.0;5268.474358974359;96;91;9;4;0;1;6;0;0;0;0.5;1.0;3.0;1.1759762370868034;sell;-3.5;-2.5;-7.5
977200;2;sell;5;5267.0;Mark 01;5269.5;5269.5;5271.5;5283.5;;5.0;0.0;0.0;0.0;57.0;57.0;5269.5;91;86;4;-1;0;0;6;0;0;0;-1.0;-1.0;8.0;1.201234782867639;sell;-2.5;-4.5;-16.5
978400;2;buy;8;5270.0;Mark 14;5268.5;5270.5;5275.0;5284.5;;5.0;0.4878;0.0;0.0;61.0;61.0;5269.719512195122;86;94;-1;7;0;1;5;0;0;0;1.0;-1.0;6.0;1.1596601889789366;ambiguous;0.5;5.0;14.5
978600;2;buy;4;5272.0;Mark 14;5269.5;5270.5;5275.5;5285.5;;5.0;0.0;0.0;0.0;54.0;54.0;5269.5;94;98;7;11;1;2;6;0;0;0;-1.5;1.0;8.0;1.1757376165475881;buy;-1.5;3.5;13.5
981200;2;sell;3;5271.0;Mark 14;5274.5;5273.5;5272.5;5288.0;;5.0;-0.4943;0.0;0.0;65.0;65.0;5273.264367816092;98;95;11;8;0;0;5;0;0;0;0.0;3.0;15.0;1.2400198464006136;sell;-2.5;-1.5;-17.0
985000;2;sell;4;5274.0;Mark 01;5276.5;5276.5;5283.5;5286.0;;5.0;0.5897;0.0;0.0;62.0;62.0;5277.974358974359;95;91;8;4;0;0;4;0;0;0;2.5;4.0;5.0;1.2339780245717538;sell;-2.5;-9.5;-12.0
986100;2;sell;6;5277.0;Mark 14;5279.5;5280.0;5286.5;5289.5;;5.0;-0.4588;0.0;0.0;62.0;62.0;5278.35294117647;91;85;4;-2;0;1;5;0;0;0;4.0;8.0;7.0;1.251282374549844;sell;-3.0;-9.5;-12.5
988300;2;buy;5;5284.0;Mark 22;5285.5;5286.5;5288.5;5298.5;;5.0;0.4722;0.0;0.0;53.0;53.0;5286.680555555556;85;90;-2;3;0;0;5;0;0;0;2.0;6.0;17.0;1.2000875729022549;ambiguous;2.5;4.5;14.5
995100;2;buy;7;5289.0;Mark 14;5286.0;5287.5;5298.0;;;6.0;0.0;0.0;0.0;64.0;64.0;5286.0;90;97;3;10;0;0;2;0;1;2;1.5;3.0;8.0;1.0581742202202533;buy;-1.5;9.0;
996300;2;sell;3;5290.0;Mark 14;5291.5;5296.5;5298.5;;;5.0;0.0;0.0;0.0;63.0;63.0;5291.5;97;94;10;7;0;1;2;0;0;2;2.0;9.5;12.0;1.022699213980982;ambiguous;-6.5;-8.5;
996500;2;sell;3;5291.0;Mark 14;5292.5;5298.5;5297.5;;;5.0;0.0;0.0;0.0;63.0;63.0;5292.5;94;91;7;4;1;2;3;0;0;2;3.0;9.5;11.0;1.0089387252408764;ambiguous;-7.5;-6.5;
10600;3;buy;3;5296.0;Mark 14;5294.5;5293.5;5289.0;5275.5;5249.5;3.0;-0.6296;-0.3494;0.0427;61.0;56.0;5293.555555555556;0;3;4;7;0;0;0;0;0;0;-1.5;-4.0;-1.0;1.0730391983101506;buy;-2.5;-7.0;-20.5
14200;3;buy;5;5293.0;Mark 01;5290.5;5290.5;5288.5;5274.5;5251.5;5.0;-0.5269;0.0;0.0;71.0;71.0;5289.182795698925;3;8;7;12;0;0;1;0;0;0;1.5;-2.0;-4.5;1.0662189142884353;buy;-2.5;-4.5;-18.5
17100;3;sell;5;5283.0;Mark 01;5286.5;5283.0;5272.5;5269.5;5259.5;5.0;0.0;0.0;0.0;50.0;50.0;5286.5;8;3;12;7;0;0;2;0;0;0;-1.5;-3.0;-10.0;1.1145950888188867;sell;0.0;10.5;13.5
18600;3;sell;3;5275.0;Mark 01;5279.5;5272.5;5275.5;5272.5;5256.0;5.0;0.0;0.0;0.0;65.0;65.0;5279.5;3;0;7;4;0;1;3;0;0;0;-5.0;-8.5;-19.0;1.134195462433794;sell;2.5;-0.5;2.5
20100;3;buy;5;5279.0;Mark 14;5276.5;5275.5;5278.0;5268.5;5255.5;5.0;0.0;0.0;0.0;62.0;62.0;5276.5;0;5;4;9;0;1;4;0;0;0;2.0;-8.0;-19.5;1.1651899351351744;buy;-3.5;-1.0;-10.5
28000;3;buy;5;5275.0;Mark 01;5270.5;5273.5;5267.0;5268.5;5257.5;5.0;0.0;0.0;0.0;52.0;52.0;5270.5;5;10;9;14;0;0;2;0;0;0;0.0;2.5;-12.0;1.1125793788294436;buy;-1.5;-8.0;-6.5
28500;3;sell;7;5271.0;Mark 14;5273.0;5272.5;5265.5;5264.0;5256.5;6.0;0.0;0.0;0.0;59.0;59.0;5273.0;10;3;14;7;1;1;3;0;0;0;1.0;5.0;-6.5;1.0909324726263443;ambiguous;-1.5;5.5;7.0
32700;3;sell;5;5265.0;Mark 14;5266.5;5268.5;5272.5;5245.5;5260.5;5.0;0.0;0.0;0.0;52.0;52.0;5266.5;3;-2;7;2;0;0;2;0;1;1;3.0;1.0;-6.0;1.0571371843946913;ambiguous;-3.5;-7.5;19.5
33400;3;sell;3;5268.0;Mark 14;5269.5;5272.0;5271.0;5249.5;5258.5;5.0;-0.589;0.0;0.0;58.0;58.0;5268.027397260274;-2;-5;2;-1;0;1;3;0;0;1;0.5;6.5;-3.0;1.0464422212019397;ambiguous;-4.0;-3.0;18.5
39100;3;sell;5;5258.0;Mark 01;5262.5;5258.5;5251.5;5250.5;5247.0;5.0;0.5814;0.0;0.0;68.0;68.0;5263.953488372093;-5;-10;-1;-6;0;0;2;0;0;1;-2.0;-9.0;-10.0;1.089388202829288;sell;-0.5;6.5;7.5
39500;3;sell;4;5257.0;Mark 14;5260.5;5260.5;5252.5;5250.5;5246.5;5.0;0.5238;0.0;0.0;64.0;64.0;5261.809523809524;-10;-14;-6;-10;1;1;3;0;0;1;-2.0;-8.0;-10.0;1.1191171619272897;sell;-3.5;4.5;6.5
39800;3;buy;3;5262.0;Mark 14;5257.5;5259.5;5249.5;5254.0;5247.5;5.0;0.5224;0.0;0.0;51.0;51.0;5258.805970149254;-14;-11;-10;-7;1;2;4;0;0;1;-4.5;-11.0;-13.0;1.1204838839858489;buy;-2.5;-12.5;-8.0
43200;3;buy;6;5249.0;Mark 14;5244.5;5249.0;5249.5;5251.5;5258.5;5.0;0.5281;0.0;0.0;68.0;68.0;5245.820224719101;-11;-5;-7;-1;0;0;4;0;0;0;-1.0;-7.0;-24.0;1.0597399060633765;buy;0.0;0.5;2.5
48200;3;sell;7;5248.0;Mark 14;5250.5;5252.5;5249.5;5258.0;5256.0;5.0;0.4074;0.0;0.0;57.0;57.0;5251.518518518518;-5;-12;-1;-8;0;0;4;0;0;0;1.0;1.0;-17.0;1.0990391031765852;sell;-4.5;-1.5;-10.0
49700;3;sell;7;5250.0;Mark 14;5252.0;5249.5;5249.5;5251.5;5254.5;6.0;0.0;0.0;0.0;64.0;64.0;5252.0;-12;-19;-8;-15;0;1;3;0;0;0;1.5;2.5;-5.5;1.077522618968311;ambiguous;0.5;0.5;-1.5
50000;3;buy;4;5256.0;Mark 01;5252.5;5251.0;5251.5;5252.5;5252.5;5.0;-0.5443;0.0;0.0;61.0;61.0;5251.139240506329;-19;-15;-15;-11;1;2;3;0;0;0;2.0;3.0;-8.0;1.0557850990084279;buy;-5.0;-4.5;-3.5
55100;3;sell;4;5247.0;Mark 14;5250.0;5251.5;5258.0;5257.5;5250.0;6.0;0.0;0.0;0.0;65.0;65.0;5250.0;-15;-19;-11;-15;0;0;3;0;0;0;0.5;-0.5;0.5;1.0504807689501452;sell;-4.5;-11.0;-10.5
56400;3;sell;5;5250.0;Mark 01;5252.5;5254.5;5258.5;5261.0;5248.5;5.0;0.0;0.0;0.0;50.0;50.0;5252.5;-19;-24;-15;-20;0;1;4;0;0;0;-2.0;3.0;3.0;1.0982497136012195;sell;-4.5;-8.5;-11.0
62400;3;sell;5;5246.0;Mark 14;5249.0;5250.5;5251.5;5264.0;5241.5;6.0;0.0;0.0;0.0;69.0;69.0;5249.0;-24;-29;-20;-25;0;0;2;0;0;1;0.5;-2.0;-4.5;1.2534616896937234;sell;-4.5;-5.5;-18.0
67600;3;buy;7;5261.0;Mark 14;5257.0;5258.0;5256.0;5254.0;5234.5;2.0;0.7143;-0.0769;-0.0769;60.0;70.0;5257.714285714285;-29;-22;-25;-18;0;0;1;0;0;1;-2.5;-0.5;-1.5;1.223619703610301;buy;-3.0;-5.0;-7.0
68000;3;buy;5;5261.0;Mark 14;5258.5;5257.5;5257.0;5257.5;5236.0;5.0;0.0;0.0;0.0;65.0;65.0;5258.5;-22;-17;-18;-13;1;1;2;0;0;1;1.5;0.0;1.0;1.2349698356022565;buy;-3.5;-4.0;-3.5
69400;3;sell;8;5255.0;Mark 14;5257.5;5257.5;5259.0;5261.5;5236.5;5.0;0.5775;0.0;0.0;56.0;56.0;5258.943661971831;-17;-25;-13;-21;0;2;3;0;0;0;0.0;-3.0;4.0;1.1735226424346943;sell;-2.5;-4.0;-6.5
74900;3;sell;8;5257.0;Mark 14;5258.5;5259.5;5258.5;5250.0;5239.0;5.0;0.0;0.0;0.0;58.0;58.0;5258.5;-25;-33;-21;-29;0;0;3;0;0;0;-1.0;-5.0;3.0;1.1630206704482113;ambiguous;-2.5;-1.5;7.0
77100;3;sell;5;5255.0;Mark 14;5256.0;5254.0;5260.5;5247.5;5239.5;2.0;0.65;-0.0959;-0.0959;66.0;80.0;5256.65;-33;-38;-29;-34;0;0;4;0;0;0;-2.5;-4.5;-3.5;1.2044792773469406;sell;1.0;-5.5;7.5
77300;3;buy;8;5256.0;Mark 49;5257.5;5255.5;5260.5;5247.0;5238.5;5.0;0.5802;0.0;0.0;64.0;64.0;5258.950617283951;-38;-30;-34;-26;1;1;5;0;0;0;-3.0;-2.0;-4.0;1.2032715666107872;ambiguous;-0.5;4.5;-9.0
78900;3;sell;6;5256.0;Mark 14;5256.5;5261.5;5262.5;5247.0;5237.5;5.0;0.5;0.0;0.0;57.0;57.0;5257.75;-30;-36;-26;-32;0;2;4;0;2;2;0.0;-2.0;-1.0;1.1191171619272897;ambiguous;-5.5;-6.5;9.0
80000;3;sell;8;5257.0;Mark 01;5260.5;5262.5;5261.5;5248.5;5242.5;5.0;0.0;0.0;0.0;56.0;56.0;5260.5;-36;-44;-32;-40;0;1;4;0;0;2;-1.0;3.0;3.5;1.2128364892928596;sell;-5.5;-4.5;8.5
84100;3;sell;3;5254.0;Mark 01;5257.0;5252.5;5246.5;5254.0;5254.5;6.0;0.0;0.0;0.0;55.0;55.0;5257.0;-44;-47;-40;-43;0;0;5;0;0;2;-1.0;-5.5;-1.5;1.1644015792024758;sell;1.5;7.5;0.0
85000;3;buy;6;5248.0;Mark 22;5250.0;5247.5;5248.5;5255.5;5254.5;6.0;0.0;0.0;0.0;73.0;73.0;5250.0;-47;-41;-43;-37;0;1;5;0;0;2;-2.5;-9.0;-10.5;1.1769519082386941;ambiguous;-0.5;0.5;7.5
86100;3;sell;6;5244.0;Mark 01;5246.5;5244.5;5245.5;5252.5;5251.5;5.0;0.0;0.0;0.0;67.0;67.0;5246.5;-41;-47;-37;-43;0;2;6;0;0;2;-1.0;-10.5;-11.0;1.2402255325112062;sell;-0.5;-1.5;-8.5
87400;3;sell;6;5245.0;Mark 01;5247.0;5246.5;5246.5;5253.5;5249.5;6.0;0.0;0.0;0.0;60.0;60.0;5247.0;-47;-53;-43;-49;0;1;5;0;0;1;-1.5;0.0;-10.0;1.1975981813356154;ambiguous;-1.5;-1.5;-8.5
88300;3;sell;6;5245.0;Mark 14;5246.5;5247.5;5247.5;5255.5;5244.5;5.0;0.6;0.0;0.0;60.0;60.0;5248.0;-53;-59;-49;-55;0;1;6;0;0;0;1.0;0.0;-10.5;1.1748043621200077;ambiguous;-2.5;-2.5;-10.5
91700;3;sell;6;5250.0;Mark 01;5253.5;5256.5;5256.5;5253.5;5238.5;5.0;0.0;0.0;0.0;68.0;68.0;5253.5;-59;-65;-55;-61;0;0;5;0;0;0;1.0;7.0;-8.5;1.0848832829285362;sell;-6.5;-6.5;-3.5
92700;3;buy;5;5261.0;Mark 14;5259.0;5258.5;5255.5;5255.0;5239.5;6.0;0.0;0.0;0.0;54.0;54.0;5259.0;-65;-60;-61;-56;0;1;6;0;0;0;2.5;7.5;-1.5;1.0741558711979455;ambiguous;-2.5;-5.5;-6.0
93700;3;buy;4;5259.0;Mark 14;5257.5;5254.0;5256.5;5250.0;5244.0;5.0;0.0;0.0;0.0;70.0;70.0;5257.5;-60;-56;-56;-52;0;2;7;0;0;0;-1.0;4.5;0.0;1.0371873387954442;ambiguous;-5.0;-2.5;-9.0
95700;3;buy;8;5259.0;Mark 14;5257.5;5254.5;5255.5;5246.5;5245.5;5.0;-0.4898;0.0;0.0;73.0;73.0;5256.275510204082;-56;-48;-52;-44;0;1;6;0;0;0;0.5;1.0;9.0;1.023372411561714;ambiguous;-4.5;-3.5;-12.5
96600;3;sell;4;5253.0;Mark 01;5255.5;5253.5;5257.5;5249.5;5244.5;5.0;0.0;0.0;0.0;52.0;52.0;5255.5;-48;-52;-44;-48;0;1;6;0;0;0;3.0;2.5;11.0;1.048220125784067;sell;-0.5;-4.5;3.5
98400;3;buy;8;5258.0;Mark 14;5255.5;5254.5;5253.5;5252.0;5245.5;5.0;0.5217;0.0;0.0;70.0;70.0;5256.804347826087;-52;-44;-48;-40;0;1;5;0;0;0;1.0;1.0;9.0;1.042926235718365;buy;-3.5;-4.5;-6.0
101300;3;buy;4;5258.0;Mark 01;5254.5;5253.5;5253.5;5248.0;5241.5;5.0;-0.439;0.0;0.0;59.0;59.0;5253.40243902439;-44;-40;-40;-36;0;0;6;0;1;1;0.5;0.0;3.0;1.1455186770567152;buy;-4.5;-4.5;-10.0
101900;3;sell;3;5250.0;Mark 01;5253.5;5255.5;5252.5;5245.0;5241.0;5.0;-0.4933;0.0;0.0;56.0;56.0;5252.266666666666;-40;-43;-36;-39;0;1;6;0;0;1;-3.0;0.0;-2.0;1.136891011183152;sell;-5.5;-2.5;5.0
102200;3;sell;4;5253.0;Mark 01;5255.0;5255.0;5252.5;5242.5;5241.5;6.0;0.0;0.0;0.0;55.0;55.0;5255.0;-43;-47;-39;-43;1;2;7;0;0;1;1.5;0.5;-1.5;1.1535070491317745;ambiguous;-2.0;0.5;10.5
103800;3;sell;8;5251.0;Mark 14;5250.0;5253.5;5246.5;5237.5;5241.5;2.0;0.7867;-0.0563;-0.0563;67.0;75.0;5250.786666666667;-47;-55;-43;-51;0;2;6;1;1;2;-3.5;-3.5;-7.0;1.161264768985686;buy;-2.5;4.5;13.5
109400;3;sell;8;5252.0;Mark 14;5254.5;5251.5;5246.0;5236.5;5235.5;5.0;0.4493;0.0;0.0;50.0;50.0;5255.623188405797;-55;-63;-51;-59;0;0;4;0;0;1;-2.0;0.0;2.0;1.2058761681554253;sell;0.5;6.0;15.5
111400;3;sell;4;5245.0;Mark 14;5248.0;5245.0;5235.5;5243.5;5236.5;6.0;0.0;0.0;0.0;63.0;63.0;5248.0;-63;-67;-59;-63;0;1;4;0;0;1;-1.5;-6.5;-8.5;1.16567144573245;sell;0.0;9.5;1.5
119700;3;buy;6;5241.0;Mark 01;5236.0;5243.5;5243.5;5242.5;5241.5;6.0;0.0;0.0;0.0;62.0;62.0;5236.0;-67;-61;-63;-57;0;0;1;0;0;3;-1.5;0.5;-17.0;1.2556169077382087;buy;2.5;2.5;1.5
122400;3;sell;5;5241.0;Mark 14;5244.0;5242.5;5242.5;5249.0;5249.5;6.0;0.0;0.0;0.0;59.0;59.0;5244.0;-61;-66;-57;-62;0;0;1;0;1;3;0.5;-0.5;2.5;1.3207239699944366;sell;-1.5;-1.5;-8.0
124700;3;buy;4;5242.0;Mark 14;5240.5;5241.0;5240.0;5252.5;5250.5;5.0;0.5077;0.0;0.0;49.0;49.0;5241.7692307692305;-66;-62;-62;-58;0;0;2;0;0;3;-3.0;-3.0;0.0;1.3065491598369756;ambiguous;-1.0;-2.0;10.5
127100;3;buy;7;5242.0;Mark 14;5240.5;5239.5;5237.5;5251.5;5248.0;5.0;-0.5632;0.0;0.0;68.0;68.0;5239.091954022989;-62;-55;-58;-51;0;0;3;0;0;2;1.0;0.0;2.0;1.3612961587821772;ambiguous;-2.5;-4.5;9.5
129000;3;buy;8;5240.0;Mark 01;5237.5;5242.5;5247.5;5245.5;5246.5;5.0;0.4412;0.0;0.0;49.0;49.0;5238.60294117647;-55;-47;-51;-43;0;1;4;0;0;1;-0.5;-3.0;-2.0;1.143535170626844;buy;2.5;7.5;5.5
132500;3;buy;3;5253.0;Mark 14;5249.0;5251.0;5253.5;5240.0;5248.5;6.0;0.0;0.0;0.0;74.0;74.0;5249.0;-47;-44;-43;-40;0;0;3;0;1;1;-1.5;2.0;4.5;1.0850008357556458;buy;-2.0;0.5;-13.0
135900;3;buy;6;5255.0;Mark 14;5251.5;5252.5;5247.5;5245.5;5244.5;5.0;0.5333;0.0;0.0;69.0;69.0;5252.833333333333;-44;-38;-40;-34;0;0;3;0;0;1;-0.5;-4.5;12.0;1.1080306241686195;buy;-2.5;-7.5;-9.5
141900;3;sell;6;5236.0;Mark 14;5238.5;5239.5;5243.5;5241.0;5246.5;5.0;0.5;0.0;0.0;72.0;72.0;5239.75;-38;-44;-34;-40;0;0;2;0;0;0;-0.5;-6.0;-12.0;1.1893698125327494;sell;-3.5;-7.5;-5.0
143600;3;sell;4;5243.0;Mark 14;5243.5;5241.5;5245.5;5241.5;5247.5;5.0;0.0;0.0;0.0;67.0;67.0;5243.5;-44;-48;-40;-44;0;1;2;0;0;0;-1.0;6.5;-12.0;1.180846531418104;ambiguous;1.5;-2.5;1.5
144500;3;buy;7;5247.0;Mark 01;5243.5;5245.5;5244.5;5242.5;5246.5;5.0;0.4444;0.0;0.0;65.0;65.0;5244.611111111111;-48;-41;-44;-37;0;1;3;0;0;0;0.0;3.5;-10.0;1.222639548086203;buy;-1.5;-2.5;-4.5
145100;3;sell;5;5243.0;Mark 14;5245.5;5245.5;5245.0;5241.5;5245.5;5.0;0.5263;0.0;0.0;58.0;58.0;5246.815789473684;-41;-46;-37;-42;0;2;4;0;0;0;3.5;1.0;-8.0;1.2746698338743434;sell;-2.5;-2.0;1.5
151600;3;buy;7;5245.0;Mark 01;5240.5;5241.5;5241.5;5235.0;5242.0;5.0;0.0;0.0;0.0;70.0;70.0;5240.5;-46;-39;-42;-35;0;0;4;0;0;0;-3.0;-0.5;3.5;1.1219853553585342;buy;-3.5;-3.5;-10.0
153500;3;sell;7;5240.0;Mark 14;5240.5;5241.0;5238.5;5240.0;5234.5;5.0;-0.5312;0.0;0.0;49.0;49.0;5239.171875;-39;-46;-35;-42;0;1;4;0;0;0;-1.0;0.0;-3.0;1.0726587891168398;ambiguous;-1.0;1.5;0.0
158000;3;buy;8;5237.0;Mark 01;5233.5;5230.5;5233.5;5243.5;5235.5;5.0;0.5;0.0;0.0;63.0;63.0;5234.75;-46;-38;-42;-34;0;0;2;0;0;0;-1.0;-5.5;-12.0;0.9642365197998375;buy;-6.5;-3.5;6.5
160000;3;buy;8;5236.0;Mark 14;5233.5;5236.0;5235.5;5244.5;5237.5;5.0;0.0;0.0;0.0;68.0;68.0;5233.5;-38;-30;-34;-26;0;1;3;0;0;0;-1.5;-0.5;-10.0;1.0174730978991409;buy;0.0;-0.5;8.5
165600;3;sell;6;5237.0;Mark 01;5239.5;5239.0;5242.5;5248.5;5232.5;5.0;0.4848;0.0;0.0;49.0;49.0;5240.712121212121;-30;-36;-26;-32;0;0;2;0;0;0;1.0;-1.0;1.0;1.0917037883575065;sell;-2.0;-5.5;-11.5
170900;3;buy;5;5249.0;Mark 01;5247.5;5247.5;5245.5;5244.0;5232.5;5.0;-0.5443;0.0;0.0;61.0;61.0;5246.139240506329;-36;-31;-32;-27;0;0;1;0;0;0;3.0;4.0;12.0;1.1787060811379833;ambiguous;-1.5;-3.5;-5.0
174800;3;buy;5;5253.0;Mark 01;5250.5;5247.5;5247.5;5244.5;5229.5;5.0;0.4412;0.0;0.0;49.0;49.0;5251.60294117647;-31;-26;-27;-22;0;0;2;0;0;0;3.0;4.5;14.5;1.2396083717919923;buy;-5.5;-5.5;-8.5
175300;3;buy;7;5250.0;Mark 14;5247.5;5249.0;5246.5;5247.5;5231.5;5.0;-0.5116;0.0;0.0;65.0;65.0;5246.220930232558;-26;-19;-22;-15;1;1;3;0;0;0;-3.0;-1.0;7.0;1.232985415730677;buy;-1.0;-3.5;-2.5
182600;3;sell;6;5245.0;Mark 14;5248.5;5247.5;5245.5;5249.5;5233.5;5.0;0.4737;0.0;0.0;56.0;56.0;5249.684210526316;-19;-25;-15;-21;0;0;2;0;0;0;0.5;1.0;0.0;1.1169040905443706;sell;-2.5;-0.5;-4.5
186200;3;sell;8;5242.0;Mark 01;5245.0;5245.5;5250.5;5246.0;5231.5;6.0;0.0;0.0;0.0;73.0;73.0;5245.0;-25;-33;-21;-29;0;0;1;0;0;0;-2.5;-2.5;-4.5;1.0896457331130427;sell;-3.5;-8.5;-4.0
190700;3;sell;3;5247.0;Mark 01;5247.5;5248.5;5249.5;5236.5;5235.5;5.0;-0.4783;0.0;0.0;68.0;68.0;5246.304347826087;-33;-36;-29;-32;0;0;2;0;0;0;-2.0;-3.0;1.0;1.054044155007773;ambiguous;-1.5;-2.5;10.5
192600;3;sell;6;5247.0;Mark 01;5250.5;5248.5;5242.5;5236.5;5232.5;5.0;0.0;0.0;0.0;71.0;71.0;5250.5;-36;-42;-32;-38;0;1;3;0;0;0;3.0;3.0;3.0;0.9713527530196732;sell;-1.5;4.5;10.5
195800;3;buy;7;5250.0;Mark 01;5246.5;5245.0;5245.5;5237.5;5234.5;3.0;-0.5833;0.0355;0.0355;73.0;68.0;5245.625;-42;-35;-38;-31;0;0;3;0;0;0;1.0;0.0;0.5;1.0504807689501452;buy;-5.0;-4.5;-12.5
197500;3;buy;3;5247.0;Mark 14;5244.5;5243.5;5237.5;5234.5;5237.5;5.0;0.0;0.0;0.0;56.0;56.0;5244.5;-35;-32;-31;-28;0;1;3;0;0;0;-1.0;0.5;-3.0;1.123257757142463;buy;-3.5;-9.5;-12.5
199000;3;sell;3;5236.0;Mark 01;5237.5;5237.5;5236.5;5238.0;5234.5;5.0;-0.4048;0.0;0.0;59.0;59.0;5236.488095238095;-32;-35;-28;-31;0;1;4;0;0;0;-4.0;-8.0;-15.0;1.2461142542395205;ambiguous;-1.5;-0.5;-2.0
201600;3;sell;4;5239.0;Mark 01;5241.5;5240.5;5234.5;5235.5;5240.5;5.0;-0.5116;0.0;0.0;65.0;65.0;5240.220930232558;-35;-39;-31;-35;0;0;4;0;0;0;4.0;4.0;-6.0;1.293481573964427;sell;-1.5;4.5;3.5
207500;3;buy;8;5237.0;Mark 14;5234.5;5235.5;5236.5;5228.5;5236.0;5.0;-0.5522;0.0;0.0;52.0;52.0;5233.119402985075;-39;-31;-35;-27;0;0;3;0;0;0;-2.0;-1.5;-10.0;1.279164417093665;buy;-1.5;-0.5;-8.5
207600;3;buy;5;5237.0;Mark 14;5234.5;5235.5;5237.5;5228.0;5234.5;5.0;0.5116;0.0;0.0;65.0;65.0;5235.779069767442;-31;-26;-27;-22;1;1;3;0;0;0;-0.5;-2.0;-10.0;1.279164417093665;buy;-1.5;0.5;-9.0
208400;3;buy;5;5239.0;Mark 14;5235.5;5238.5;5239.5;5227.5;5236.5;5.0;0.5082;0.0;0.0;46.0;46.0;5236.770491803279;-26;-21;-22;-17;0;2;4;0;0;0;-1.0;-1.0;-6.0;1.2232444176932975;buy;-0.5;0.5;-11.5
214000;3;sell;5;5233.0;Mark 14;5234.5;5233.5;5232.5;5230.5;5229.5;5.0;0.4103;0.0;0.0;55.0;55.0;5235.525641025641;-21;-26;-17;-22;0;0;3;0;0;0;1.0;0.0;0.0;1.0420453856999636;ambiguous;-0.5;0.5;2.5
215700;3;buy;3;5234.0;Mark 14;5232.5;5233.0;5226.5;5231.5;5233.5;5.0;-0.5278;0.0;0.0;55.0;55.0;5231.180555555556;-26;-23;-22;-19;0;1;4;0;1;1;0.0;-1.0;-5.0;1.0504807689501452;ambiguous;-1.0;-7.5;-2.5
218200;3;buy;8;5233.0;Mark 01;5229.5;5232.0;5231.5;5239.5;5239.5;5.0;0.4634;0.0;0.0;60.0;60.0;5230.658536585366;-23;-15;-19;-11;0;0;3;0;0;1;3.0;-3.5;-6.0;1.112991980133755;buy;-1.0;-1.5;6.5
224400;3;buy;4;5231.0;Mark 14;5230.5;5230.5;5233.0;5234.5;5237.0;5.0;-0.5385;0.0;0.0;60.0;60.0;5229.153846153846;-15;-11;-11;-7;0;0;2;0;0;1;-1.5;3.0;-2.5;1.2740092949840454;ambiguous;-0.5;2.0;3.5
225000;3;buy;7;5232.0;Mark 14;5230.5;5229.5;5237.5;5234.5;5240.5;5.0;0.494;0.0;0.0;62.0;62.0;5231.734939759036;-11;-4;-7;0;0;1;3;0;0;1;1.0;2.0;-2.0;1.2986379654270255;ambiguous;-2.5;5.5;2.5
229500;3;sell;4;5239.0;Mark 14;5241.5;5244.5;5240.5;5229.0;5239.5;5.0;-0.5422;0.0;0.0;64.0;64.0;5240.144578313253;-4;-8;0;-4;0;0;2;0;0;0;0.0;2.0;9.0;1.1244833524411801;sell;-5.5;-1.5;10.0
231300;3;sell;7;5238.0;Mark 01;5241.5;5239.5;5234.0;5231.5;5238.5;5.0;0.0;0.0;0.0;53.0;53.0;5241.5;-8;-15;-4;-11;0;1;3;0;0;0;-1.0;-2.0;7.0;1.0683937273386959;sell;-1.5;4.0;6.5
233900;3;sell;8;5233.0;Mark 14;5234.5;5234.5;5230.5;5236.5;5239.5;5.0;-0.5952;0.0;0.0;67.0;67.0;5233.011904761905;-15;-23;-11;-19;0;0;4;0;0;0;1.0;-3.0;2.5;1.033220270876539;ambiguous;-1.5;2.5;-3.5
234500;3;buy;4;5238.0;Mark 14;5234.5;5234.5;5229.5;5234.5;5243.5;5.0;0.4483;0.0;0.0;63.0;63.0;5235.620689655172;-23;-19;-19;-15;0;1;4;0;0;0;-1.0;0.5;5.0;1.0212266082158394;buy;-3.5;-8.5;-3.5
236100;3;sell;8;5228.0;Mark 01;5231.0;5230.5;5224.5;5235.5;5242.5;6.0;0.0;0.0;0.0;64.0;64.0;5231.0;-19;-27;-15;-23;0;1;4;0;0;0;-2.5;-3.0;-0.5;1.0062806542038842;sell;-2.5;3.5;-7.5
243900;3;buy;3;5239.0;Mark 14;5235.5;5236.5;5236.0;5242.0;5227.0;5.0;0.4783;0.0;0.0;51.0;51.0;5236.695652173913;-27;-24;-23;-20;0;0;3;0;0;0;0.0;6.0;0.0;1.0777829844714388;buy;-2.5;-3.0;3.0
245100;3;sell;8;5229.0;Mark 14;5231.5;5233.5;5236.5;5239.5;5222.0;5.0;0.4815;0.0;0.0;60.0;60.0;5232.7037037037035;-24;-32;-20;-28;0;1;2;0;0;0;-3.0;-4.0;-4.0;1.077025382772008;sell;-4.5;-7.5;-10.5
245700;3;sell;3;5232.0;Mark 14;5233.5;5235.5;5235.5;5238.0;5219.5;5.0;0.5385;0.0;0.0;50.0;50.0;5234.846153846154;-32;-35;-28;-31;0;2;3;0;0;0;2.0;-2.0;0.0;1.089435031045306;ambiguous;-3.5;-3.5;-6.0
248100;3;buy;8;5239.0;Mark 14;5236.5;5235.5;5238.5;5238.5;5222.5;5.0;-0.425;0.0;0.0;57.0;57.0;5235.4375;-35;-27;-31;-23;0;0;3;0;0;0;0.0;1.0;12.0;1.0965761892558925;buy;-3.5;-0.5;-0.5
251400;3;sell;4;5235.0;Mark 01;5236.0;5239.0;5242.5;5228.5;5225.5;6.0;0.0;0.0;0.0;45.0;45.0;5236.0;-27;-31;-23;-27;0;0;4;0;0;0;-1.5;2.5;7.0;1.1055646690378418;ambiguous;-4.0;-7.5;6.5
252100;3;buy;3;5241.0;Mark 01;5238.5;5238.5;5241.5;5229.5;5223.0;5.0;-0.5455;0.0;0.0;51.0;51.0;5237.136363636364;-31;-28;-27;-24;0;1;5;0;0;0;-2.0;0.0;8.0;1.091072752407378;buy;-2.5;0.5;-11.5
260600;3;sell;6;5228.0;Mark 14;5230.5;5228.5;5228.5;5232.5;5225.5;5.0;0.5696;0.0;0.0;62.0;62.0;5231.9240506329115;-28;-34;-24;-30;0;0;2;0;0;2;-2.0;-4.0;-7.0;1.1806737098546425;sell;-0.5;-0.5;-4.5
261700;3;buy;4;5231.0;Mark 01;5228.5;5230.0;5229.5;5232.5;5225.5;5.0;0.0;0.0;0.0;53.0;53.0;5228.5;-34;-30;-30;-26;0;1;2;0;0;2;1.0;-5.5;-11.5;1.1673770193015398;buy;-1.0;-1.5;1.5
262500;3;buy;5;5231.0;Mark 14;5228.5;5227.5;5236.0;5233.0;5228.5;5.0;0.4054;0.0;0.0;52.0;52.0;5229.513513513513;-30;-25;-26;-21;0;2;2;0;0;2;-1.0;-2.0;-11.0;1.1515373026400373;buy;-3.5;5.0;2.0
263400;3;buy;3;5231.0;Mark 01;5227.5;5231.5;5235.0;5236.5;5228.0;5.0;0.0;0.0;0.0;62.0;62.0;5227.5;-25;-22;-21;-18;0;2;3;0;0;2;-2.0;-1.0;-15.0;1.1269305443507305;buy;0.5;4.0;5.5
263500;3;buy;5;5230.0;Mark 14;5228.0;5229.5;5234.5;5237.0;5227.5;6.0;0.0;0.0;0.0;63.0;63.0;5228.0;-22;-17;-18;-13;1;3;4;0;0;2;0.5;-1.5;-14.5;1.1287172598975048;ambiguous;-0.5;4.5;7.0
268500;3;sell;3;5236.0;Mark 14;5239.5;5237.0;5235.5;5242.0;5226.5;3.0;-0.3939;-0.3654;0.0658;81.0;71.0;5238.909090909091;-17;-20;-13;-16;0;0;5;0;0;1;2.0;3.0;3.0;1.121007352308722;sell;-1.0;0.5;-6.0
272300;3;sell;6;5233.0;Mark 01;5235.5;5235.0;5239.0;5237.5;5223.5;5.0;-0.4186;0.0;0.0;61.0;61.0;5234.453488372093;-20;-26;-16;-22;0;0;4;0;0;1;4.0;0.0;6.0;1.229421986369745;sell;-2.0;-6.0;-4.5
277600;3;sell;5;5241.0;Mark 22;5241.5;5242.0;5239.5;5241.0;5231.5;5.0;0.4667;0.0;0.0;55.0;55.0;5242.666666666667;-26;-31;-22;-27;0;0;2;0;0;0;3.0;4.5;1.5;1.389816035814379;ambiguous;-1.0;1.5;0.0
281100;3;sell;8;5237.0;Mark 14;5240.5;5239.5;5239.5;5230.5;5239.5;5.0;0.4627;0.0;0.0;49.0;49.0;5241.6567164179105;-31;-39;-27;-35;0;0;2;0;0;0;1.0;-2.5;10.0;1.2205723901079892;sell;-2.5;-2.5;6.5
281800;3;sell;4;5237.0;Mark 14;5240.5;5237.5;5240.0;5228.5;5240.5;5.0;-0.5128;0.0;0.0;59.0;59.0;5239.217948717948;-39;-43;-35;-39;0;1;3;0;0;0;2.0;2.0;9.0;1.2296087009256655;sell;-0.5;-3.0;8.5
282100;3;sell;7;5235.0;Mark 01;5237.5;5236.5;5240.5;5226.5;5237.5;5.0;0.0;0.0;0.0;66.0;66.0;5237.5;-43;-50;-39;-46;1;2;4;0;0;0;-2.0;0.5;3.0;1.2325922872371358;sell;-1.5;-5.5;8.5
283900;3;sell;6;5237.0;Mark 01;5240.0;5243.5;5244.5;5227.0;5234.5;6.0;0.0;0.0;0.0;50.0;50.0;5240.0;-50;-56;-46;-52;0;1;4;0;0;0;0.5;2.0;1.5;1.1816239156572872;sell;-6.5;-7.5;10.0
284600;3;sell;7;5241.0;Mark 14;5243.5;5244.5;5242.5;5227.5;5234.5;5.0;-0.5405;0.0;0.0;57.0;57.0;5242.148648648648;-56;-63;-52;-59;0;1;5;0;0;0;3.0;7.0;4.0;1.2032715666107872;sell;-3.5;-1.5;13.5
285700;3;sell;5;5243.0;Mark 14;5244.0;5243.0;5241.5;5219.5;5237.5;2.0;0.7544;-0.0654;-0.0654;50.0;57.0;5244.754385964912;-63;-68;-59;-64;0;2;6;1;1;1;-1.5;6.5;6.5;1.2094878802856612;sell;0.0;1.5;23.5
285900;3;buy;8;5247.0;Mark 14;5244.5;5242.0;5242.0;5222.5;5236.5;5.0;0.6053;0.0;0.0;61.0;61.0;5246.013157894737;-68;-60;-64;-56;1;3;7;1;1;1;-3.0;5.0;7.0;1.2144128169407655;buy;-5.0;-5.0;-24.5
287000;3;sell;7;5241.0;Mark 01;5244.5;5240.5;5236.5;5224.5;5231.0;5.0;-0.5263;0.0;0.0;58.0;58.0;5243.184210526316;-60;-67;-56;-63;0;2;8;0;1;1;2.0;0.0;6.0;1.1443156114241944;sell;0.5;4.5;16.5
292600;3;buy;7;5230.0;Mark 01;5227.5;5227.5;5227.5;5224.5;5232.5;5.0;0.0;0.0;0.0;55.0;55.0;5227.5;-67;-60;-63;-56;0;0;5;0;0;2;1.0;-1.5;-9.0;1.2936590427961552;buy;-2.5;-2.5;-5.5
293300;3;sell;3;5225.0;Mark 14;5226.5;5226.0;5221.5;5223.5;5230.0;5.0;0.0;0.0;0.0;54.0;54.0;5226.5;-60;-63;-56;-59;0;1;6;0;0;2;-3.0;-3.0;-10.5;1.2335231780028861;ambiguous;-1.0;3.5;1.5
293400;3;sell;6;5223.0;Mark 01;5227.5;5227.0;5220.5;5224.0;5230.5;5.0;-0.5052;0.0;0.0;73.0;73.0;5226.237113402062;-63;-69;-59;-65;1;2;7;0;0;2;-1.0;-2.0;-12.0;1.2104154664697728;sell;-4.0;2.5;-1.0
295400;3;sell;3;5218.0;Mark 01;5221.5;5222.5;5224.5;5222.5;5232.5;5.0;0.0;0.0;0.0;66.0;66.0;5221.5;-69;-72;-65;-68;0;1;6;0;1;3;-2.0;-4.0;-26.0;1.215105753271503;sell;-4.5;-6.5;-4.5
295600;3;buy;8;5221.0;Mark 01;5219.5;5222.5;5223.0;5224.5;5232.5;5.0;0.4783;0.0;0.0;51.0;51.0;5220.695652173913;-72;-64;-68;-60;1;1;7;0;1;2;-2.5;-6.5;-24.5;1.1963195608977362;ambiguous;1.5;2.0;3.5
298100;3;buy;5;5225.0;Mark 14;5223.0;5221.5;5223.5;5218.5;5223.0;6.0;0.0;0.0;0.0;56.0;56.0;5223.0;-64;-59;-60;-55;0;0;5;0;0;2;0.0;0.5;-18.5;1.2664789705150503;ambiguous;-3.5;-1.5;-6.5
298800;3;sell;7;5217.0;Mark 01;5221.5;5222.5;5226.5;5224.5;5223.5;5.0;-0.5281;0.0;0.0;68.0;68.0;5220.179775280899;-59;-66;-55;-62;0;1;6;0;0;2;0.0;1.0;-17.0;1.2434913705752169;sell;-5.5;-9.5;-7.5
302800;3;buy;3;5224.0;Mark 49;5224.5;5223.5;5221.5;5230.0;5218.5;5.0;0.5319;0.0;0.0;72.0;72.0;5225.829787234043;-66;-63;-62;-59;0;0;6;0;0;1;1.0;-2.0;-5.0;1.1838452787057463;ambiguous;-0.5;-2.5;6.0
305500;3;buy;8;5226.0;Mark 14;5222.5;5224.5;5220.0;5225.5;5213.5;5.0;0.5455;0.0;0.0;68.0;68.0;5223.863636363636;-63;-55;-59;-51;0;0;4;0;0;0;-0.5;0.0;3.0;1.1651899351351744;buy;-1.5;-6.0;-0.5
306300;3;buy;6;5226.0;Mark 01;5223.5;5220.0;5220.5;5226.0;5218.5;5.0;0.0;0.0;0.0;56.0;56.0;5223.5;-55;-49;-51;-45;0;1;4;0;0;0;0.0;5.0;0.5;1.1492091032992235;buy;-6.0;-5.5;0.0
309000;3;sell;6;5220.0;Mark 14;5222.5;5220.0;5226.5;5224.5;5218.5;5.0;0.0;0.0;0.0;54.0;54.0;5222.5;-49;-55;-45;-51;0;0;3;0;0;0;0.0;1.0;1.0;1.1325750537704873;sell;0.0;-6.5;-4.5
310300;3;buy;3;5226.0;Mark 14;5223.5;5226.5;5227.0;5221.0;5216.0;5.0;-0.3976;0.0;0.0;58.0;58.0;5222.506024096386;-55;-52;-51;-48;0;1;4;0;0;0;1.0;3.0;1.0;1.1213713600635147;buy;0.5;1.0;-5.0
310900;3;buy;3;5226.0;Mark 49;5226.5;5225.5;5228.5;5220.5;5218.5;5.0;0.4444;0.0;0.0;65.0;65.0;5227.611111111111;-52;-49;-48;-45;0;2;5;0;0;0;2.0;4.0;1.0;1.1054954508351273;ambiguous;-0.5;2.5;-5.5
317100;3;sell;6;5224.0;Mark 14;5225.5;5227.5;5223.5;5231.5;5225.5;5.0;0.4839;0.0;0.0;69.0;69.0;5226.709677419355;-49;-55;-45;-51;0;0;3;0;0;0;0.0;-1.0;3.0;1.0294113788765473;ambiguous;-3.5;0.5;-7.5
318600;3;buy;4;5228.0;Mark 01;5226.5;5223.5;5221.5;5229.5;5227.5;5.0;-0.5135;0.0;0.0;56.0;56.0;5225.216216216216;-55;-51;-51;-47;0;1;4;0;0;0;-2.0;1.0;4.0;0.9552533316667589;ambiguous;-4.5;-6.5;1.5
319400;3;sell;5;5222.0;Mark 14;5223.5;5223.0;5221.5;5233.5;5228.5;5.0;-0.4651;0.0;0.0;63.0;63.0;5222.337209302325;-51;-56;-47;-52;0;1;4;0;0;0;-1.0;-3.0;3.0;0.9261034418143106;ambiguous;-1.0;0.5;-11.5
320200;3;buy;7;5226.0;Mark 01;5223.5;5221.5;5224.5;5237.5;5226.5;5.0;0.4865;0.0;0.0;55.0;55.0;5224.716216216216;-56;-49;-52;-45;0;2;5;0;0;0;-1.0;-5.0;0.0;0.9639984073082949;buy;-4.5;-1.5;11.5
323300;3;buy;7;5229.0;Mark 01;5226.5;5229.0;5229.0;5235.5;5234.5;5.0;-0.375;0.0;0.0;55.0;55.0;5225.5625;-49;-42;-45;-38;0;0;4;0;0;0;-0.5;6.0;-1.0;1.065955724201796;buy;0.0;0.0;6.5
326700;3;buy;3;5235.0;Mark 14;5231.5;5230.5;5230.5;5231.5;5235.0;5.0;-0.5278;0.0;0.0;55.0;55.0;5230.180555555556;-42;-39;-38;-35;0;0;5;0;0;0;1.0;5.0;5.5;1.0222002632687548;buy;-4.5;-4.5;-3.5
326800;3;sell;8;5229.0;Mark 01;5232.5;5230.5;5230.0;5231.5;5238.5;5.0;0.0;0.0;0.0;53.0;53.0;5232.5;-39;-47;-35;-43;1;1;6;0;0;0;3.0;4.0;7.0;1.0249663729642944;sell;-1.5;-1.0;-2.5
328200;3;sell;3;5227.0;Mark 14;5228.5;5230.5;5237.5;5230.5;5239.5;5.0;0.5319;0.0;0.0;72.0;72.0;5229.829787234043;-47;-50;-43;-46;0;2;6;0;0;0;-1.0;-2.0;0.0;1.0777829844714388;ambiguous;-3.5;-10.5;-3.5
330100;3;buy;3;5241.0;Mark 14;5238.0;5238.0;5237.5;5230.5;5243.5;6.0;0.0;0.0;0.0;59.0;59.0;5238.0;-50;-47;-46;-43;0;1;5;0;0;0;3.5;9.5;14.5;1.0181497509781134;buy;-3.0;-3.5;-10.5
332000;3;sell;8;5238.0;Mark 14;5240.5;5239.0;5234.5;5229.5;5251.5;5.0;0.0;0.0;0.0;71.0;71.0;5240.5;-47;-55;-43;-51;0;1;5;0;0;0;1.0;2.5;17.0;0.9538905347739828;sell;-1.0;3.5;8.5
332800;3;sell;6;5235.0;Mark 14;5237.0;5235.5;5236.5;5230.0;5251.5;2.0;0.3571;0.2911;-0.0811;51.0;60.0;5237.357142857143;-55;-61;-51;-57;0;1;6;0;0;0;-0.5;-2.5;10.0;0.912815043110198;sell;-0.5;-1.5;5.0
333600;3;sell;6;5232.0;Mark 14;5235.0;5234.5;5237.5;5227.5;5249.5;6.0;0.0;0.0;0.0;53.0;53.0;5235.0;-61;-67;-57;-63;0;2;6;0;0;0;-0.5;-5.5;7.0;0.9073496230422171;sell;-2.5;-5.5;4.5
339900;3;sell;3;5228.0;Mark 01;5229.5;5231.5;5230.5;5224.0;5245.5;5.0;0.0;0.0;0.0;61.0;61.0;5229.5;-67;-70;-63;-66;0;0;4;0;0;0;0.5;-1.0;-8.0;0.9339475000576818;ambiguous;-3.5;-2.5;4.0
346900;3;sell;3;5221.0;Mark 01;5226.5;5223.5;5221.0;5221.5;5253.5;5.0;-0.4382;0.0;0.0;64.0;64.0;5225.404494382023;-70;-73;-66;-69;0;0;1;0;0;0;1.0;-4.0;-4.0;1.1184331745993057;sell;-2.5;0.0;-0.5
360300;3;buy;5;5219.0;Mark 01;5215.5;5219.5;5219.0;5228.0;5233.5;5.0;0.0;0.0;0.0;65.0;65.0;5215.5;-73;-68;-69;-64;0;0;0;0;0;2;-1.0;-1.0;-8.0;1.2687126034834408;buy;0.5;0.0;9.0
363400;3;buy;8;5228.0;Mark 14;5225.5;5220.0;5222.5;5235.0;5235.5;5.0;-0.5714;0.0;0.0;55.0;55.0;5224.071428571428;-68;-60;-64;-56;0;0;1;0;0;1;3.5;5.0;10.0;1.1655401443883424;buy;-8.0;-5.5;7.0
364600;3;sell;6;5221.0;Mark 14;5221.5;5223.0;5223.5;5236.5;5232.5;5.0;-0.5405;0.0;0.0;57.0;57.0;5220.148648648648;-60;-66;-56;-62;0;1;2;0;0;1;-1.0;2.0;8.0;1.1714341350942414;ambiguous;-2.0;-2.5;-15.5
367300;3;buy;5;5228.0;Mark 14;5225.5;5228.5;5228.5;5240.5;5225.5;5.0;0.5238;0.0;0.0;64.0;64.0;5226.809523809524;-66;-61;-62;-57;0;0;3;0;0;1;1.5;1.5;6.0;1.1332279970494032;buy;0.5;0.5;12.5
367700;3;buy;4;5230.0;Mark 14;5225.5;5228.5;5228.5;5240.5;5224.5;5.0;-0.5217;0.0;0.0;70.0;70.0;5224.195652173913;-61;-57;-57;-53;1;1;4;0;0;0;0.0;4.5;7.0;1.063656028289062;buy;-1.5;-1.5;10.5
369300;3;buy;5;5231.0;Mark 14;5229.5;5228.5;5231.5;5243.5;5228.0;5.0;-0.4857;0.0;0.0;52.0;52.0;5228.285714285715;-57;-52;-53;-48;0;2;5;0;0;0;4.0;4.0;11.5;1.1455409441343845;ambiguous;-2.5;0.5;12.5
371300;3;buy;6;5233.0;Mark 14;5231.5;5232.5;5234.5;5248.0;5229.0;5.0;-0.4933;0.0;0.0;56.0;56.0;5230.266666666666;-52;-46;-48;-42;0;1;5;0;0;0;2.5;3.0;13.0;1.2030807646169084;ambiguous;-0.5;1.5;15.0
371900;3;sell;4;5229.0;Mark 01;5232.5;5230.5;5237.5;5250.5;5230.5;5.0;-0.5135;0.0;0.0;56.0;56.0;5231.216216216216;-46;-50;-42;-46;0;1;6;0;0;0;0.5;5.0;13.0;1.1988754381044742;sell;-1.5;-8.5;-21.5
372800;3;buy;4;5235.0;Mark 14;5231.5;5234.5;5236.5;5251.5;5229.0;5.0;-0.4588;0.0;0.0;62.0;62.0;5230.35294117647;-50;-46;-46;-42;0;2;7;0;0;0;1.0;2.5;10.0;1.18487905443355;buy;-0.5;1.5;16.5
373000;3;sell;6;5229.0;Mark 01;5232.5;5236.5;5238.0;5252.0;5229.5;5.0;-0.5641;0.0;0.0;61.0;61.0;5231.089743589743;-46;-52;-42;-48;1;3;8;0;0;0;1.0;2.0;9.0;1.1792902255933362;sell;-7.5;-9.0;-23.0
376000;3;sell;8;5235.0;Mark 01;5237.5;5238.5;5240.5;5240.0;5221.5;5.0;0.0;0.0;0.0;59.0;59.0;5237.5;-52;-60;-48;-56;0;0;7;0;0;0;0.0;1.0;14.0;1.116995437897966;sell;-3.5;-5.5;-5.0
376200;3;sell;4;5233.0;Mark 14;5234.5;5235.0;5239.5;5244.0;5219.5;1.0;0.2632;-0.1077;-0.1077;58.0;72.0;5234.631578947368;-60;-64;-56;-60;1;1;8;0;0;0;-5.0;-4.0;11.0;1.1249142628509214;sell;-2.0;-6.5;-11.0
378400;3;sell;7;5239.0;Mark 14;5241.5;5244.5;5246.5;5240.0;5219.5;3.0;-0.4118;-0.3131;0.0714;75.0;65.0;5240.882352941177;-64;-71;-60;-67;0;0;7;0;0;0;0.5;4.0;12.0;1.2104154664697728;sell;-5.5;-7.5;-1.0
380200;3;buy;5;5247.0;Mark 01;5243.5;5246.5;5251.5;5246.5;5213.5;5.0;-0.4945;0.0;0.0;68.0;68.0;5242.263736263736;-71;-66;-67;-62;0;1;7;0;0;0;-2.0;4.0;17.0;1.2021899549093438;buy;-0.5;4.5;-0.5
380700;3;buy;3;5249.0;Mark 14;5246.5;5248.5;5250.5;5247.5;5213.5;5.0;0.0;0.0;0.0;66.0;66.0;5246.5;-66;-63;-62;-59;1;1;8;0;0;0;2.0;4.0;18.0;1.1773419503068128;buy;-0.5;1.5;-1.5
382600;3;buy;5;5254.0;Mark 01;5249.0;5251.5;5243.5;5247.5;5218.5;2.0;0.8276;0.3947;-0.045;53.0;58.0;5249.827586206897;-63;-58;-59;-54;0;1;7;0;0;0;-3.5;2.5;17.5;1.2150427753893753;buy;-2.5;-10.5;-6.5
387000;3;buy;4;5246.0;Mark 14;5244.5;5244.5;5241.5;5253.5;5221.5;5.0;-0.4286;0.0;0.0;50.0;50.0;5243.428571428572;-58;-54;-54;-50;0;0;4;0;0;0;0.0;4.0;5.0;1.2380641240368035;ambiguous;-1.5;-4.5;7.5
389800;3;sell;5;5242.0;Mark 01;5245.0;5247.0;5247.0;5253.5;5216.5;6.0;0.0;0.0;0.0;61.0;61.0;5245.0;-54;-59;-50;-55;0;0;4;0;0;0;5.5;2.5;0.5;1.2237030848508483;sell;-5.0;-5.0;-11.5
397200;3;buy;5;5255.0;Mark 01;5253.0;5250.5;5250.5;5235.5;5213.5;6.0;0.0;0.0;0.0;58.0;58.0;5253.0;-59;-54;-55;-50;0;0;1;0;0;0;0.5;3.5;9.5;0.9839026797483572;ambiguous;-4.5;-4.5;-19.5
398900;3;buy;6;5253.0;Mark 14;5251.0;5251.5;5255.0;5236.5;5208.5;6.0;0.0;0.0;0.0;61.0;61.0;5251.0;-54;-48;-50;-44;0;1;2;0;0;0;0.0;-2.5;10.0;0.9613222112472818;ambiguous;-1.5;2.0;-16.5
399000;3;sell;5;5248.0;Mark 14;5250.5;5253.5;5254.5;5234.5;5208.0;5.0;0.4699;0.0;0.0;61.0;61.0;5251.674698795181;-48;-53;-44;-49;1;2;3;0;0;0;-2.0;-3.0;9.0;0.9623299701939647;sell;-5.5;-6.5;13.5
399600;3;sell;6;5252.0;Mark 01;5253.5;5254.0;5253.0;5234.5;5210.5;5.0;-0.5455;0.0;0.0;68.0;68.0;5252.136363636364;-53;-59;-49;-55;0;2;4;0;0;0;4.0;2.0;9.5;0.9499515343213214;ambiguous;-2.0;-1.0;17.5
399800;3;sell;6;5251.0;Mark 14;5254.5;5253.0;5252.5;5233.5;5212.5;5.0;0.5682;0.0;0.0;69.0;69.0;5255.920454545455;-59;-65;-55;-61;1;3;5;0;0;0;3.0;2.0;10.0;0.9480969721420053;sell;-2.0;-1.5;17.5
404000;3;sell;6;5248.0;Mark 14;5250.5;5246.5;5237.5;5232.5;5209.0;5.0;-0.4925;0.0;0.0;50.0;50.0;5249.268656716418;-65;-71;-61;-67;0;0;5;0;0;0;-1.5;-1.0;1.0;0.9795376098909622;sell;1.5;10.5;15.5
409700;3;sell;4;5232.0;Mark 14;5234.5;5233.5;5232.5;5227.5;5213.5;5.0;0.0;0.0;0.0;60.0;60.0;5234.5;-71;-75;-67;-71;0;0;2;0;0;2;-2.0;0.0;-20.0;1.1953596980292946;sell;-1.5;-0.5;4.5
411800;3;sell;3;5229.0;Mark 14;5232.5;5233.5;5234.5;5229.5;5211.5;5.0;-0.5385;0.0;0.0;60.0;60.0;5231.153846153846;-75;-78;-71;-74;0;0;2;0;0;2;-3.0;-1.0;-20.0;1.1413247484436935;sell;-4.5;-5.5;-0.5
418200;3;buy;6;5229.0;Mark 01;5227.5;5225.5;5230.0;5218.5;5211.5;5.0;-0.5652;0.0;0.0;54.0;54.0;5226.086956521739;-78;-72;-74;-68;0;0;2;0;0;0;3.0;-2.0;-8.0;1.093384770378807;ambiguous;-3.5;1.0;-10.5
426600;3;buy;6;5220.0;Mark 14;5219.5;5219.5;5218.5;5220.0;5209.5;5.0;-0.5844;0.0;0.0;61.0;61.0;5218.038961038961;-72;-66;-68;-62;0;0;1;0;0;0;-0.5;-9.0;-7.5;1.159858133879069;ambiguous;-0.5;-1.5;0.0
429300;3;buy;7;5219.0;Mark 14;5217.0;5216.5;5214.5;5218.5;5216.5;6.0;0.0;0.0;0.0;65.0;65.0;5217.0;-66;-59;-62;-55;0;0;1;0;0;0;-0.5;-1.5;-11.0;0.981020792712942;ambiguous;-2.5;-4.5;-0.5
429500;3;buy;4;5221.0;Mark 14;5217.5;5214.5;5215.5;5217.5;5218.5;5.0;0.5158;0.0;0.0;72.0;72.0;5218.789473684211;-59;-55;-55;-51;1;1;2;0;0;0;-2.0;-1.5;-9.5;0.9631513083685024;buy;-6.5;-5.5;-3.5
430100;3;buy;6;5217.0;Mark 01;5214.5;5213.0;5215.5;5216.5;5215.0;5.0;-0.5506;0.0;0.0;69.0;69.0;5213.123595505618;-55;-49;-51;-45;0;2;3;0;0;0;-3.0;-3.0;-14.0;0.9822680517336325;buy;-4.0;-1.5;-0.5
432800;3;buy;7;5221.0;Mark 01;5217.5;5219.5;5215.5;5217.5;5211.5;5.0;0.5952;0.0;0.0;67.0;67.0;5218.988095238095;-49;-42;-45;-38;0;0;4;0;0;0;2.0;3.0;-11.5;1.034330610715962;buy;-1.5;-5.5;-3.5
437400;3;buy;5;5220.0;Mark 14;5220.5;5219.5;5217.0;5210.0;5210.5;5.0;-0.4947;0.0;0.0;71.0;71.0;5219.263157894737;-42;-37;-38;-33;0;0;4;0;0;0;0.0;3.0;1.0;1.0800762178020613;ambiguous;-0.5;-3.0;-10.0
437500;3;buy;6;5220.0;Mark 14;5217.5;5219.5;5217.5;5210.5;5210.5;5.0;0.6104;0.0;0.0;62.0;62.0;5219.025974025974;-37;-31;-33;-27;1;1;5;0;0;0;-4.0;1.0;-1.5;1.120187902380274;buy;-0.5;-2.5;-9.5
439700;3;sell;3;5215.0;Mark 14;5217.0;5216.5;5217.5;5211.5;5212.5;6.0;0.0;0.0;0.0;70.0;70.0;5217.0;-31;-34;-27;-30;0;0;4;0;0;0;-0.5;-2.5;-1.5;1.117931317921013;ambiguous;-1.5;-2.5;3.5
441900;3;buy;5;5219.0;Mark 14;5216.5;5215.5;5220.5;5207.5;5208.5;5.0;0.4651;0.0;0.0;63.0;63.0;5217.662790697675;-34;-29;-30;-25;0;0;4;0;0;0;-3.0;-1.0;1.0;1.1032088137640383;buy;-3.5;1.5;-11.5
442400;3;sell;6;5213.0;Mark 01;5214.5;5218.5;5216.5;5208.0;5211.0;5.0;0.4878;0.0;0.0;61.0;61.0;5215.719512195122;-29;-35;-25;-31;1;1;5;0;0;0;-2.0;-3.0;-1.5;1.117931317921013;ambiguous;-5.5;-3.5;5.0
444100;3;sell;8;5215.0;Mark 01;5220.0;5216.0;5211.5;5209.5;5209.5;6.0;0.0;0.0;0.0;64.0;64.0;5220.0;-35;-43;-31;-39;0;1;5;0;1;1;3.5;7.0;5.5;1.1075701151822819;sell;-1.0;3.5;5.5
444500;3;buy;8;5218.0;Mark 01;5216.5;5214.5;5210.5;5213.5;5208.5;5.0;0.475;0.0;0.0;59.0;59.0;5217.6875;-43;-35;-39;-31;1;1;6;0;1;1;-3.5;2.0;2.0;1.1279712545570608;ambiguous;-3.5;-7.5;-4.5
445000;3;sell;6;5212.0;Mark 14;5215.5;5211.0;5211.5;5212.5;5209.5;3.0;-0.4545;0.0476;0.0476;66.0;60.0;5214.818181818182;-35;-41;-31;-37;1;2;7;0;1;1;0.0;-2.5;1.0;1.1100545941160604;sell;1.0;0.5;-0.5
446200;3;sell;7;5209.0;Mark 01;5211.5;5209.0;5208.5;5213.5;5206.5;5.0;0.4627;0.0;0.0;49.0;49.0;5212.6567164179105;-41;-48;-37;-44;0;2;8;0;0;1;0.0;-5.0;-7.0;1.1437359062665378;sell;0.0;0.5;-4.5
448000;3;buy;4;5210.0;Mark 14;5208.5;5210.5;5215.5;5211.5;5205.5;5.0;0.0;0.0;0.0;68.0;68.0;5208.5;-48;-44;-44;-40;0;1;7;0;0;1;-2.0;-2.0;-11.0;1.188232614108062;ambiguous;0.5;5.5;1.5
450700;3;sell;6;5210.0;Mark 01;5213.5;5208.0;5210.5;5211.5;5200.5;5.0;0.5366;0.0;0.0;63.0;63.0;5214.841463414634;-44;-50;-40;-46;0;0;7;1;1;2;-1.0;3.0;-6.0;1.2856486930664501;sell;2.0;-0.5;-1.5
454000;3;buy;4;5212.0;Mark 01;5208.5;5213.5;5212.5;5216.5;5196.5;5.0;0.0;0.0;0.0;65.0;65.0;5208.5;-50;-46;-46;-42;0;0;6;0;0;1;-1.0;2.0;-11.5;1.2788652696514282;buy;1.5;0.5;4.5
454100;3;sell;6;5207.0;Mark 14;5209.0;5211.5;5212.5;5217.5;5195.5;6.0;0.0;0.0;0.0;52.0;52.0;5209.0;-46;-52;-42;-48;1;1;7;0;0;1;0.5;0.5;-9.0;1.2660358005606294;ambiguous;-4.5;-5.5;-10.5
454500;3;sell;3;5211.0;Mark 14;5211.5;5212.5;5212.5;5217.0;5193.5;5.0;0.0;0.0;0.0;47.0;47.0;5211.5;-52;-55;-48;-51;2;2;7;0;0;1;2.5;1.0;-4.0;1.264665020679045;ambiguous;-1.5;-1.5;-6.0
456100;3;sell;3;5210.0;Mark 14;5212.5;5213.5;5212.5;5215.5;5201.0;5.0;-0.5217;0.0;0.0;70.0;70.0;5211.195652173913;-55;-58;-51;-54;0;2;6;0;0;1;-0.5;3.0;1.0;1.259268261909878;sell;-3.5;-2.5;-5.5
456400;3;buy;6;5217.0;Mark 01;5214.0;5210.0;5212.0;5213.5;5201.5;6.0;0.0;0.0;0.0;62.0;62.0;5214.0;-58;-52;-54;-48;1;2;6;0;0;1;2.0;2.5;4.0;1.2465645065838287;buy;-7.0;-5.0;-3.5
457800;3;buy;3;5214.0;Mark 14;5211.5;5212.5;5213.5;5214.5;5203.5;5.0;-0.5833;0.0;0.0;57.0;57.0;5210.041666666667;-52;-49;-48;-45;0;2;7;0;0;1;-1.0;-1.0;3.5;1.1939505032896813;buy;-1.5;-0.5;0.5
467300;3;sell;7;5213.0;Mark 14;5215.5;5214.5;5210.5;5211.5;5209.5;5.0;-0.4103;0.0;0.0;55.0;55.0;5214.474358974359;-49;-56;-45;-52;0;0;1;0;0;1;0.0;-4.5;3.0;1.121007352308722;sell;-1.5;2.5;1.5
469100;3;sell;3;5208.0;Mark 01;5210.5;5211.5;5212.5;5216.5;5206.0;5.0;0.5522;0.0;0.0;52.0;52.0;5211.880597014925;-56;-59;-52;-55;0;1;1;0;0;1;1.0;-4.0;-1.5;1.1447167737893396;sell;-3.5;-4.5;-8.5
471700;3;sell;5;5209.0;Mark 14;5212.5;5211.5;5209.5;5215.0;5204.5;5.0;-0.5529;0.0;0.0;66.0;66.0;5211.117647058823;-59;-64;-55;-60;0;0;2;0;0;1;1.0;2.0;1.5;1.1269305443507305;sell;-2.5;-0.5;-6.0
477000;3;sell;5;5210.0;Mark 14;5211.5;5211.5;5216.0;5210.5;5205.5;5.0;0.5435;0.0;0.0;71.0;71.0;5212.858695652174;-64;-69;-60;-65;0;0;3;0;0;0;1.5;0.0;-3.0;1.102838811216839;ambiguous;-1.5;-6.0;-0.5
478700;3;buy;4;5220.0;Mark 14;5216.5;5216.5;5215.5;5212.5;5199.0;5.0;-0.4865;0.0;0.0;55.0;55.0;5215.283783783784;-69;-65;-65;-61;0;1;3;0;0;0;0.0;7.0;5.0;1.0882637211366413;buy;-3.5;-4.5;-7.5
485400;3;buy;3;5218.0;Mark 01;5216.5;5216.5;5210.5;5207.0;5194.5;5.0;-0.52;0.0;0.0;57.0;57.0;5215.2;-65;-62;-61;-58;0;0;2;0;0;0;3.5;8.0;9.0;1.0786346503368294;ambiguous;-1.5;-7.5;-11.0
489800;3;sell;8;5210.0;Mark 14;5212.5;5213.5;5208.5;5199.0;5201.0;5.0;-0.4607;0.0;0.0;65.0;65.0;5211.348314606742;-62;-70;-58;-66;0;0;1;0;0;0;3.0;6.0;-4.0;1.0676055708608727;sell;-3.5;1.5;11.0
493200;3;sell;8;5208.0;Mark 01;5211.5;5209.5;5209.5;5198.0;5209.5;3.0;-0.3333;0.0769;0.0769;63.0;54.0;5211.0;-70;-78;-66;-74;0;0;2;0;0;0;-1.0;2.5;2.5;1.0159678109057655;sell;-1.5;-1.5;10.0
493700;3;buy;8;5212.0;Mark 14;5209.5;5209.5;5208.0;5197.5;5207.5;5.0;0.0;0.0;0.0;61.0;61.0;5209.5;-78;-70;-74;-66;1;1;3;0;0;0;-1.0;0.5;2.0;1.0073447242782743;buy;-2.5;-4.0;-14.5
494100;3;buy;4;5212.0;Mark 14;5210.5;5208.5;5207.0;5195.5;5206.5;5.0;0.0;0.0;0.0;45.0;45.0;5210.5;-70;-66;-66;-62;1;2;4;0;0;0;1.0;1.0;-1.0;0.9923439194369179;ambiguous;-3.5;-5.0;-16.5
497300;3;sell;7;5203.0;Mark 14;5204.0;5206.5;5201.5;5205.5;5207.5;6.0;0.0;0.0;0.0;55.0;55.0;5204.0;-66;-73;-62;-69;0;0;4;0;0;0;-3.5;-3.0;-6.5;1.0289900526815108;ambiguous;-3.5;1.5;-2.5
497700;3;buy;4;5209.0;Mark 14;5206.5;5203.5;5199.5;5204.5;5208.5;5.0;0.0;0.0;0.0;54.0;54.0;5206.5;-73;-69;-69;-65;1;1;5;0;0;0;2.5;-1.5;-1.0;1.024891711401741;buy;-5.5;-9.5;-4.5
498800;3;sell;5;5196.0;Mark 14;5198.0;5201.5;5199.5;5206.5;5207.5;2.0;0.5833;0.4483;-0.0382;63.0;68.0;5198.583333333333;-69;-74;-65;-70;0;2;6;0;0;0;-5.5;-9.5;-13.5;1.053656887922043;sell;-5.5;-3.5;-10.5
499000;3;sell;6;5198.0;Mark 01;5199.5;5200.0;5201.5;5207.5;5209.0;5.0;0.5106;0.0;0.0;71.0;71.0;5200.776595744681;-74;-80;-70;-76;1;3;7;0;0;0;-3.5;-6.0;-12.0;1.0590898252909875;ambiguous;-2.0;-3.5;-9.5
506200;3;sell;4;5198.0;Mark 14;5201.0;5203.5;5204.5;5208.0;5220.5;2.0;-0.2308;0.0909;0.0909;60.0;50.0;5200.7692307692305;-80;-84;-76;-80;0;0;4;0;0;0;2.5;5.5;-5.5;1.1974064753105356;sell;-5.5;-6.5;-10.0
508300;3;buy;5;5207.0;Mark 14;5204.5;5206.5;5207.5;5210.5;5217.5;5.0;0.0;0.0;0.0;66.0;66.0;5204.5;-84;-79;-80;-75;0;0;3;0;0;0;1.0;3.0;1.0;1.2370129344101337;buy;-0.5;0.5;3.5
508400;3;buy;7;5207.0;Mark 14;5204.5;5206.5;5208.5;5209.5;5218.5;5.0;0.4898;0.0;0.0;73.0;73.0;5205.724489795918;-79;-72;-75;-68;1;1;4;0;0;0;2.0;3.0;2.0;1.232799212597809;buy;-0.5;1.5;2.5
518200;3;sell;3;5208.0;Mark 14;5210.5;5207.0;5205.5;5202.0;5225.5;5.0;0.4688;0.0;0.0;47.0;47.0;5211.671875;-72;-75;-68;-71;0;0;2;0;0;1;1.0;2.5;6.0;1.0595232567907327;sell;1.0;2.5;6.0
519700;3;buy;8;5206.0;Mark 14;5204.5;5205.5;5204.5;5199.5;5226.5;5.0;-0.5111;0.0;0.0;68.0;68.0;5203.222222222223;-75;-67;-71;-63;0;1;1;0;0;1;-3.0;-5.0;-2.5;1.059763975470833;ambiguous;-0.5;-1.5;-6.5
521700;3;buy;5;5207.0;Mark 01;5203.5;5204.5;5205.0;5199.5;5223.0;5.0;0.0;0.0;0.0;61.0;61.0;5203.5;-67;-62;-63;-58;0;1;2;0;0;1;2.0;0.0;2.0;1.0466859482859951;buy;-2.5;-2.0;-7.5
522900;3;buy;8;5211.0;Mark 14;5210.0;5205.5;5204.0;5200.5;5217.5;6.0;0.0;0.0;0.0;50.0;50.0;5210.0;-62;-54;-58;-50;0;1;3;0;0;0;3.5;7.5;6.5;1.0484391107363071;ambiguous;-5.5;-7.0;-10.5
523200;3;buy;5;5209.0;Mark 01;5206.5;5205.0;5207.5;5200.0;5218.0;5.0;0.0;0.0;0.0;56.0;56.0;5206.5;-54;-49;-50;-45;1;2;4;0;0;0;-4.0;5.0;0.0;1.049290284435199;buy;-4.0;-1.5;-9.0
524900;3;sell;8;5201.0;Mark 01;5203.5;5206.5;5204.5;5191.5;5221.5;5.0;-0.5584;0.0;0.0;60.0;60.0;5202.103896103896;-49;-57;-45;-53;0;2;5;0;0;0;1.0;-5.0;-5.0;1.0162690466736737;sell;-5.5;-3.5;9.5
528200;3;buy;4;5205.0;Mark 01;5202.5;5199.0;5200.5;5199.5;5219.5;5.0;0.0;0.0;0.0;54.0;54.0;5202.5;-57;-53;-53;-49;0;0;6;0;0;0;-2.0;-3.0;-8.0;1.0364738949361896;buy;-6.0;-4.5;-5.5
530300;3;sell;4;5197.0;Mark 01;5200.5;5197.0;5198.5;5201.5;5221.0;5.0;-0.4783;0.0;0.0;51.0;51.0;5199.304347826087;-53;-57;-49;-53;0;0;5;0;0;0;0.0;-1.0;-5.0;0.991109340447343;sell;0.0;-1.5;-4.5
532400;3;sell;4;5197.0;Mark 01;5198.5;5200.5;5192.5;5204.0;5221.5;5.0;0.4545;0.0;0.0;56.0;56.0;5199.636363636364;-57;-61;-53;-57;0;0;5;0;0;0;0.0;-2.0;-8.0;0.9684598590135572;ambiguous;-3.5;4.5;-7.0
532800;3;buy;7;5201.0;Mark 14;5200.5;5201.5;5191.5;5206.5;5220.5;5.0;0.5349;0.0;0.0;66.0;66.0;5201.837209302325;-61;-54;-57;-50;1;1;6;0;0;0;2.0;3.5;-9.5;0.9631513083685024;ambiguous;0.5;-9.5;5.5
534000;3;buy;4;5196.0;Mark 01;5194.5;5193.0;5195.5;5206.0;5218.5;5.0;0.5325;0.0;0.0;59.0;59.0;5195.831168831169;-54;-50;-50;-46;0;2;5;0;0;0;-3.0;-3.0;-11.0;1.1090890691968327;ambiguous;-3.0;-0.5;10.0
534700;3;sell;5;5190.0;Mark 14;5192.5;5192.5;5198.0;5204.5;5217.5;5.0;0.0;0.0;0.0;58.0;58.0;5192.5;-50;-55;-46;-51;0;2;6;0;0;0;-1.0;-8.0;-9.5;1.1206887485358217;sell;-2.5;-8.0;-14.5
539800;3;buy;3;5204.0;Mark 01;5201.5;5201.5;5207.0;5212.5;5225.5;5.0;0.4607;0.0;0.0;65.0;65.0;5202.651685393258;-55;-52;-51;-48;0;0;5;0;0;0;1.0;2.0;1.0;1.1997049258000396;buy;-2.5;3.0;8.5
540200;3;sell;3;5200.0;Mark 22;5200.5;5205.5;5205.5;5210.5;5223.5;5.0;-0.4565;0.0;0.0;67.0;67.0;5199.358695652174;-52;-55;-48;-51;1;1;6;0;0;0;-1.0;1.0;0.0;1.1763666026534347;ambiguous;-5.5;-5.5;-10.5
545400;3;sell;5;5200.0;Mark 14;5202.5;5202.5;5206.5;5223.5;5220.5;5.0;0.0;0.0;0.0;59.0;59.0;5202.5;-55;-60;-51;-56;0;0;2;0;0;0;0.5;-6.0;8.0;1.1692764548272956;sell;-2.5;-6.5;-23.5
547600;3;buy;4;5210.0;Mark 01;5207.0;5208.5;5210.5;5219.5;5221.5;6.0;0.0;0.0;0.0;55.0;55.0;5207.0;-60;-56;-56;-52;0;0;3;0;0;0;0.5;7.5;7.5;1.1814296175526018;buy;-1.5;0.5;9.5
552500;3;sell;8;5214.0;Mark 14;5215.5;5216.5;5220.5;5219.0;5222.0;5.0;-0.5802;0.0;0.0;64.0;64.0;5214.049382716049;-56;-64;-52;-60;0;0;2;0;0;0;2.0;2.5;10.0;1.1414588352740727;ambiguous;-2.5;-6.5;-5.0
554500;3;buy;3;5223.0;Mark 14;5218.5;5223.5;5220.0;5225.5;5221.0;5.0;0.0;0.0;0.0;58.0;58.0;5218.5;-64;-61;-60;-57;0;1;3;0;0;0;-1.0;2.0;13.0;1.145006414753895;buy;0.5;-3.0;2.5
555200;3;sell;6;5222.0;Mark 14;5223.5;5220.5;5222.5;5227.5;5224.5;5.0;0.0;0.0;0.0;58.0;58.0;5223.5;-61;-67;-57;-63;0;1;4;0;0;0;2.0;7.0;23.0;1.0878417408321042;ambiguous;1.5;-0.5;-5.5
559400;3;sell;3;5214.0;Mark 01;5218.5;5216.5;5216.5;5226.0;5218.5;5.0;-0.4359;0.0;0.0;56.0;56.0;5217.410256410257;-67;-70;-63;-66;0;0;3;0;0;0;0.0;-2.0;10.0;1.089388202829288;sell;-2.5;-2.5;-12.0
560300;3;buy;4;5220.0;Mark 14;5218.0;5214.5;5218.0;5226.5;5222.5;6.0;0.0;0.0;0.0;52.0;52.0;5218.0;-70;-66;-66;-62;0;1;4;0;0;0;1.5;0.5;3.5;1.023098199352244;ambiguous;-5.5;-2.0;6.5
561000;3;sell;6;5212.0;Mark 01;5213.0;5217.5;5220.0;5225.5;5226.5;2.0;0.6727;0.3143;-0.0891;46.0;55.0;5213.672727272728;-66;-72;-62;-68;0;2;5;1;1;1;-2.0;-4.5;-3.5;1.023098199352244;sell;-5.5;-8.0;-13.5
562200;3;buy;8;5220.0;Mark 14;5218.5;5220.5;5224.5;5221.5;5226.5;5.0;0.0;0.0;0.0;62.0;62.0;5218.5;-72;-64;-68;-60;0;2;6;0;1;1;0.0;0.5;4.0;1.093314781062035;ambiguous;0.5;4.5;1.5
562500;3;buy;7;5222.0;Mark 01;5218.5;5220.0;5225.5;5219.5;5227.5;5.0;-0.4773;0.0;0.0;65.0;65.0;5217.306818181818;-64;-57;-60;-53;1;2;7;0;1;1;-1.0;3.5;2.0;1.0681788332455846;buy;-2.0;3.5;-2.5
562900;3;buy;3;5224.0;Mark 01;5222.5;5222.5;5225.0;5217.5;5231.0;5.0;0.0;0.0;0.0;70.0;70.0;5222.5;-57;-54;-53;-50;1;3;7;0;0;1;4.0;9.5;7.5;1.0856354010710823;ambiguous;-1.5;1.0;-6.5
565100;3;buy;6;5229.0;Mark 14;5226.0;5226.5;5228.5;5222.5;5238.5;6.0;0.0;0.0;0.0;57.0;57.0;5226.0;-54;-48;-50;-44;0;0;7;0;0;1;0.5;4.5;2.5;1.0786582981230826;buy;-2.5;-0.5;-6.5
566100;3;sell;4;5223.0;Mark 01;5225.5;5225.5;5226.5;5214.5;5231.5;5.0;0.5281;0.0;0.0;68.0;68.0;5226.820224719101;-48;-52;-44;-48;0;1;7;0;0;1;-1.0;0.5;4.5;1.0543103186130183;sell;-2.5;-3.5;8.5
567800;3;sell;5;5222.0;Mark 14;5225.0;5227.5;5224.5;5217.5;5233.0;6.0;0.0;0.0;0.0;61.0;61.0;5225.0;-52;-57;-48;-53;0;1;8;0;0;1;-2.5;-1.5;4.5;1.070945275580139;sell;-5.5;-2.5;4.5
569900;3;buy;4;5228.0;Mark 01;5224.5;5225.5;5221.5;5219.5;5225.0;5.0;0.4688;0.0;0.0;47.0;47.0;5225.671875;-57;-53;-53;-49;0;0;8;0;0;1;-1.5;0.0;8.0;1.0485850752975272;buy;-2.5;-6.5;-8.5
570100;3;sell;3;5224.0;Mark 14;5225.5;5226.5;5222.0;5220.0;5223.0;5.0;0.5632;0.0;0.0;68.0;68.0;5226.908045977011;-53;-56;-49;-52;1;1;9;0;0;1;-1.0;-1.0;8.0;1.046174055827335;ambiguous;-2.5;2.0;4.0
572800;3;sell;6;5217.0;Mark 22;5217.5;5219.0;5220.5;5220.5;5222.5;5.0;0.5224;0.0;0.0;51.0;51.0;5218.805970149254;-56;-62;-52;-58;0;0;6;0;0;0;-3.0;-8.0;-5.0;0.9834359204190438;ambiguous;-2.0;-3.5;-3.5
578300;3;buy;8;5223.0;Mark 01;5219.5;5222.0;5221.0;5215.0;5239.5;5.0;0.0;0.0;0.0;71.0;71.0;5219.5;-62;-54;-58;-50;0;0;3;0;0;1;2.0;3.0;-8.0;1.1584277718360187;buy;-1.0;-2.0;-8.0
578400;3;sell;3;5218.0;Mark 01;5220.5;5223.0;5221.5;5218.5;5237.0;5.0;-0.4353;0.0;0.0;61.0;61.0;5219.411764705882;-54;-57;-50;-53;1;1;4;0;0;1;3.0;4.0;-8.0;1.1584277718360187;sell;-5.0;-3.5;-0.5
584400;3;buy;6;5220.0;Mark 14;5218.5;5215.5;5212.5;5220.5;5235.0;5.0;0.5581;0.0;0.0;67.0;67.0;5219.895348837209;-57;-51;-53;-47;0;0;2;0;0;1;0.0;-3.0;-2.0;1.1932452818352903;ambiguous;-4.5;-7.5;0.5
587400;3;sell;6;5213.0;Mark 01;5214.5;5217.0;5223.5;5222.5;5237.5;5.0;0.5111;0.0;0.0;68.0;68.0;5215.777777777777;-51;-57;-47;-53;0;0;3;0;0;0;2.5;0.0;-1.0;0.9974204051173378;ambiguous;-4.0;-10.5;-9.5
587700;3;buy;8;5218.0;Mark 14;5215.5;5217.5;5223.0;5221.5;5234.5;5.0;0.0;0.0;0.0;55.0;55.0;5215.5;-57;-49;-53;-45;1;1;4;0;0;0;0.5;1.0;0.0;1.00252207210141;buy;-0.5;5.0;3.5
589800;3;sell;4;5223.0;Mark 14;5223.0;5223.0;5219.0;5221.5;5238.5;2.0;0.7465;0.3053;-0.0677;62.0;71.0;5223.7464788732395;-49;-53;-45;-49;0;0;3;0;1;1;-0.5;5.5;1.5;1.071802374777418;ambiguous;0.0;4.0;1.5
591700;3;sell;4;5218.0;Mark 01;5219.0;5220.5;5221.5;5224.5;5240.5;6.0;0.0;0.0;0.0;60.0;60.0;5219.0;-53;-57;-49;-53;0;1;4;0;0;1;-2.5;-4.0;-1.5;1.1380795126190255;ambiguous;-2.5;-3.5;-6.5
594300;3;sell;4;5219.0;Mark 14;5220.5;5219.5;5220.5;5220.5;5251.0;5.0;0.5227;0.0;0.0;67.0;67.0;5221.806818181818;-57;-61;-53;-57;0;0;5;0;0;1;0.0;1.0;2.0;1.1501409485850334;ambiguous;-0.5;-1.5;-1.5
595400;3;sell;5;5219.0;Mark 22;5220.5;5217.0;5222.5;5223.5;5254.5;5.0;-0.5325;0.0;0.0;59.0;59.0;5219.168831168831;-61;-66;-57;-62;0;1;5;0;0;1;2.0;2.0;6.0;1.1487206921833253;ambiguous;2.0;-3.5;-4.5
601600;3;sell;4;5223.0;Mark 14;5225.5;5225.0;5218.5;5226.0;5258.0;5.0;0.0;0.0;0.0;55.0;55.0;5225.5;-66;-70;-62;-66;0;0;3;0;0;0;4.0;6.0;6.5;1.0722544564731775;sell;-2.0;4.5;-3.0
602800;3;sell;5;5218.0;Mark 01;5220.5;5219.0;5222.5;5229.5;5254.5;5.0;-0.5904;0.0;0.0;66.0;66.0;5219.024096385542;-70;-75;-66;-71;0;1;3;0;0;0;-3.0;-1.0;0.0;1.049290284435199;sell;-1.0;-4.5;-11.5
605800;3;sell;4;5221.0;Mark 01;5224.5;5223.5;5220.5;5234.5;5250.5;5.0;0.0;0.0;0.0;57.0;57.0;5224.5;-75;-79;-71;-75;0;0;2;0;0;0;2.0;8.0;5.0;1.16014399466546;sell;-2.5;0.5;-13.5
610000;3;buy;5;5223.0;Mark 01;5218.5;5224.5;5228.5;5224.5;5264.5;5.0;0.5;0.0;0.0;60.0;60.0;5219.75;-79;-74;-75;-70;0;0;3;0;0;0;-1.0;-1.0;-2.0;1.136891011183152;buy;1.5;5.5;1.5
614400;3;buy;3;5243.0;Mark 01;5239.5;5236.5;5229.0;5224.0;5257.0;5.0;-0.5455;0.0;0.0;51.0;51.0;5238.136363636364;-74;-71;-70;-67;0;0;2;0;0;0;2.5;15.0;19.0;1.3213611567627404;buy;-6.5;-14.0;-19.0
616000;3;sell;6;5230.0;Mark 14;5233.5;5230.5;5229.5;5235.5;5260.5;5.0;0.0;0.0;0.0;69.0;69.0;5233.5;-71;-77;-67;-73;0;1;2;0;0;0;-1.0;-4.5;10.0;1.3370776931329484;sell;-0.5;0.5;-5.5
621600;3;buy;8;5221.0;Mark 14;5217.5;5220.5;5223.5;5233.5;5249.5;5.0;0.5422;0.0;0.0;64.0;64.0;5218.855421686747;-77;-69;-73;-65;0;0;2;0;0;1;-3.0;-6.5;-8.5;1.354081753124033;buy;-0.5;2.5;12.5
624500;3;sell;4;5221.0;Mark 01;5224.0;5229.5;5234.0;5233.5;5257.5;6.0;0.0;0.0;0.0;67.0;67.0;5224.0;-69;-73;-65;-69;0;0;2;0;0;1;-1.5;2.5;-14.5;1.2252654324934082;sell;-8.5;-13.0;-12.5
626300;3;sell;5;5234.0;Mark 14;5235.5;5235.5;5239.5;5235.5;5254.0;5.0;-0.4921;0.0;0.0;47.0;47.0;5234.269841269841;-73;-78;-69;-74;0;1;2;0;0;1;2.5;11.5;4.0;1.211637108715311;ambiguous;-1.5;-5.5;-1.5
630100;3;sell;6;5227.0;Mark 01;5228.0;5230.5;5229.5;5238.0;5255.0;6.0;0.0;0.0;0.0;59.0;59.0;5228.0;-78;-84;-74;-80;0;0;3;0;0;0;-1.5;-12.5;5.0;1.219568870450731;ambiguous;-3.5;-2.5;-11.0
632400;3;buy;4;5232.0;Mark 14;5229.5;5230.5;5235.0;5245.0;5249.5;5.0;-0.6053;0.0;0.0;61.0;61.0;5227.986842105263;-84;-80;-80;-76;0;0;3;0;0;0;-2.0;0.5;9.0;1.1400948843280065;buy;-1.5;3.0;13.0
632500;3;sell;4;5227.0;Mark 01;5230.5;5229.5;5233.5;5244.5;5249.5;3.0;-0.4706;-0.2842;0.0687;70.0;61.0;5229.794117647059;-80;-84;-76;-80;1;1;4;0;0;0;0.0;0.0;9.0;1.1400948843280065;sell;-2.5;-6.5;-17.5
633200;3;buy;3;5232.0;Mark 14;5229.5;5232.0;5233.5;5245.5;5245.5;5.0;0.5;0.0;0.0;57.0;57.0;5230.75;-84;-81;-80;-77;0;2;5;0;0;0;0.0;-4.0;6.5;1.1228716447295748;buy;0.0;1.5;13.5
636600;3;buy;7;5238.0;Mark 14;5236.5;5236.5;5232.5;5253.0;5246.0;5.0;-0.3846;0.0;0.0;54.0;54.0;5235.538461538462;-81;-74;-77;-70;0;0;4;0;0;0;1.0;3.5;2.0;1.1099167134082581;ambiguous;-1.5;-5.5;15.0
648500;3;sell;4;5251.0;Mark 01;5254.5;5253.5;5254.0;5257.5;5248.5;5.0;0.4493;0.0;0.0;50.0;50.0;5255.623188405797;-74;-78;-70;-74;0;0;0;0;0;0;1.0;0.0;21.0;1.0102777623133121;sell;-2.5;-3.0;-6.5
649500;3;buy;8;5254.0;Mark 14;5250.5;5252.5;5257.5;5263.0;5248.5;5.0;0.6104;0.0;0.0;62.0;62.0;5252.025974025974;-78;-70;-74;-66;0;1;1;0;0;0;-3.0;-7.0;14.0;1.0151389516283729;buy;-1.5;3.5;9.0
654500;3;sell;8;5253.0;Mark 14;5255.5;5252.5;5251.0;5258.5;5245.5;5.0;0.5802;0.0;0.0;64.0;64.0;5256.950617283951;-70;-78;-66;-74;0;0;2;0;1;1;1.0;-2.0;3.0;1.121007352308722;sell;0.5;2.0;-5.5
656200;3;sell;6;5248.0;Mark 14;5249.5;5253.5;5257.5;5259.0;5243.5;5.0;-0.4419;0.0;0.0;62.0;62.0;5248.395348837209;-78;-84;-74;-80;0;1;3;0;0;1;-1.5;-6.0;-3.0;1.1824007887955559;ambiguous;-5.5;-9.5;-11.0
663600;3;buy;7;5262.0;Mark 14;5260.5;5259.5;5259.5;5255.5;5259.5;5.0;0.0;0.0;0.0;49.0;49.0;5260.5;-84;-77;-80;-73;0;0;2;0;1;1;-0.5;-3.5;6.5;1.2485273439206281;ambiguous;-2.5;-2.5;-6.5
666400;3;buy;7;5261.0;Mark 14;5259.5;5256.5;5256.0;5253.5;5258.5;5.0;0.0;0.0;0.0;66.0;66.0;5259.5;-77;-70;-73;-66;0;0;1;0;0;1;0.0;2.5;8.0;1.2344120399522782;ambiguous;-4.5;-5.0;-7.5
676800;3;buy;8;5255.0;Mark 14;5252.0;5250.0;5254.0;5246.5;5255.5;6.0;0.0;0.0;0.0;59.0;59.0;5252.0;-70;-62;-66;-58;0;0;0;0;0;0;-2.0;-3.0;-4.5;1.1657808522225057;buy;-5.0;-1.0;-8.5
682700;3;sell;4;5245.0;Mark 14;5248.5;5245.5;5245.0;5244.5;5248.5;5.0;0.6053;0.0;0.0;61.0;61.0;5250.013157894737;-62;-66;-58;-62;0;0;1;0;0;1;-3.0;-8.0;3.0;1.1411012353795593;sell;-0.5;0.0;0.5
686800;3;buy;4;5249.0;Mark 14;5245.5;5245.5;5242.5;5250.5;5242.0;5.0;0.0;0.0;0.0;62.0;62.0;5245.5;-66;-62;-62;-58;0;0;2;0;0;1;1.5;-1.0;-7.0;1.0778066509438007;buy;-3.5;-6.5;1.5
687600;3;sell;3;5244.0;Mark 14;5245.5;5244.5;5241.5;5252.0;5241.0;5.0;0.4737;0.0;0.0;70.0;70.0;5246.684210526316;-62;-65;-58;-61;0;1;2;0;0;0;0.0;0.5;-7.0;1.0200269876854096;ambiguous;-0.5;2.5;-8.0
688300;3;sell;4;5240.0;Mark 01;5244.5;5242.5;5240.5;5248.5;5239.5;5.0;0.5224;0.0;0.0;51.0;51.0;5245.805970149254;-65;-69;-61;-65;0;2;3;0;0;0;-1.0;0.5;-9.0;1.0282957273307365;sell;-2.5;-0.5;-8.5
689300;3;sell;4;5238.0;Mark 14;5241.5;5240.5;5243.0;5245.0;5243.0;3.0;-0.5484;-0.3673;0.0496;74.0;67.0;5240.677419354839;-69;-73;-65;-69;0;2;4;0;0;0;-1.0;-4.0;-12.5;1.0158924880070048;sell;-2.5;-5.0;-7.0
690000;3;sell;6;5238.0;Mark 01;5239.0;5244.5;5244.5;5247.5;5243.0;2.0;0.791;0.3187;-0.0551;60.0;67.0;5239.79104477612;-73;-79;-69;-75;0;2;5;0;0;0;-1.5;-4.0;-15.5;0.9786778977311162;sell;-6.5;-6.5;-9.5
702500;3;buy;4;5247.0;Mark 14;5244.5;5244.5;5245.5;5263.5;5228.0;5.0;0.6104;0.0;0.0;62.0;62.0;5246.025974025974;-79;-75;-75;-71;0;0;0;0;2;2;0.0;-1.0;1.0;1.1370256208741438;buy;-2.5;-1.5;16.5
707500;3;sell;6;5244.0;Mark 01;5246.5;5250.5;5256.5;5261.5;5239.5;5.0;0.4648;0.0;0.0;52.0;52.0;5247.661971830986;-75;-81;-71;-77;0;0;1;0;0;2;2.0;1.0;-6.0;1.1982156921071239;sell;-6.5;-12.5;-17.5
711300;3;buy;7;5266.0;Mark 01;5263.0;5263.5;5259.5;5261.5;5226.5;6.0;0.0;0.0;0.0;66.0;66.0;5263.0;-81;-74;-77;-70;0;0;2;0;0;1;0.0;7.0;17.5;1.1221217531329648;buy;-2.5;-6.5;-4.5
715600;3;buy;3;5262.0;Mark 14;5259.5;5260.5;5261.5;5253.5;5229.5;5.0;-0.5443;0.0;0.0;61.0;61.0;5258.139240506329;-74;-71;-70;-67;0;0;2;0;0;1;-2.0;0.0;15.0;1.1291691444779823;buy;-1.5;-0.5;-8.5
723100;3;buy;3;5259.0;Mark 14;5255.5;5257.5;5256.5;5251.5;5229.5;5.0;0.0;0.0;0.0;54.0;54.0;5255.5;-71;-68;-67;-64;0;0;1;0;0;2;0.0;-5.0;-6.0;1.1265230482085518;buy;-1.5;-2.5;-7.5
723700;3;sell;6;5255.0;Mark 14;5257.5;5254.5;5251.5;5250.5;5228.5;5.0;-0.3827;0.0;0.0;56.0;56.0;5256.543209876543;-68;-74;-64;-70;0;1;2;0;0;2;2.0;-2.0;-4.0;1.1116389930605917;sell;0.5;3.5;4.5
726100;3;buy;5;5259.0;Mark 01;5256.5;5255.5;5256.0;5244.5;5233.5;5.0;-0.4737;0.0;0.0;56.0;56.0;5255.315789473684;-74;-69;-70;-65;0;0;2;0;0;2;3.0;2.0;-4.0;1.2053683951657614;buy;-3.5;-3.0;-14.5
726300;3;buy;3;5259.0;Mark 14;5256.0;5255.5;5255.5;5244.5;5232.5;6.0;0.0;0.0;0.0;62.0;62.0;5256.0;-69;-66;-65;-62;1;1;3;0;0;2;3.5;1.5;-4.5;1.197832447033477;buy;-3.5;-3.5;-14.5
726500;3;buy;3;5258.0;Mark 14;5255.5;5256.0;5256.5;5244.5;5232.5;5.0;0.0;0.0;0.0;62.0;62.0;5255.5;-66;-63;-62;-59;2;2;4;0;0;2;-1.0;2.0;-3.0;1.1866644999515923;buy;-2.0;-1.5;-13.5
726600;3;sell;3;5253.0;Mark 14;5255.5;5256.5;5256.5;5243.5;5228.0;5.0;0.0;0.0;0.0;61.0;61.0;5255.5;-63;-66;-59;-62;3;3;5;0;0;2;-0.5;0.0;-2.0;1.1826164963206187;sell;-3.5;-3.5;9.5
727000;3;buy;3;5259.0;Mark 01;5254.5;5256.5;5256.5;5242.5;5231.5;5.0;0.4857;0.0;0.0;52.0;52.0;5255.714285714285;-66;-63;-62;-59;2;4;6;0;0;2;-1.0;-1.0;-4.0;1.1474098359787783;buy;-2.5;-2.5;-16.5
728200;3;buy;8;5259.0;Mark 14;5256.0;5257.0;5255.5;5239.5;5233.0;6.0;0.0;0.0;0.0;48.0;48.0;5256.0;-63;-55;-59;-51;0;4;7;0;0;2;1.5;0.0;-3.0;1.136666626273397;buy;-2.0;-3.5;-19.5
729000;3;sell;6;5254.0;Mark 14;5256.5;5259.5;5252.5;5242.5;5232.5;5.0;0.0;0.0;0.0;55.0;55.0;5256.5;-55;-61;-51;-57;0;2;8;0;0;1;0.0;0.5;-4.0;1.081704527695156;sell;-5.5;1.5;11.5
731400;3;sell;4;5247.0;Mark 14;5249.5;5249.5;5251.5;5238.0;5235.0;5.0;0.5;0.0;0.0;45.0;45.0;5250.75;-61;-65;-57;-61;0;0;9;0;0;0;-2.0;-10.0;-12.0;1.098876628149621;sell;-2.5;-4.5;9.0
740800;3;buy;7;5242.0;Mark 14;5239.0;5237.5;5240.5;5230.5;5245.0;6.0;0.0;0.0;0.0;54.0;54.0;5239.0;-65;-58;-61;-54;0;0;1;0;0;0;-2.0;-2.5;-13.5;0.9608975754974501;buy;-4.5;-1.5;-11.5
740900;3;sell;4;5236.0;Mark 14;5239.5;5238.0;5241.0;5230.5;5246.5;5.0;0.5;0.0;0.0;63.0;63.0;5240.75;-58;-62;-54;-58;1;1;2;0;0;0;-2.0;-2.0;-12.0;0.958984387784646;sell;-2.0;-5.0;5.5
742300;3;sell;3;5240.0;Mark 14;5242.5;5240.5;5241.5;5227.0;5249.5;5.0;0.0;0.0;0.0;50.0;50.0;5242.5;-62;-65;-58;-61;0;2;2;0;0;0;3.5;1.5;-6.0;1.013227484684878;sell;-0.5;-1.5;13.0
744800;3;sell;4;5242.0;Mark 14;5243.5;5243.5;5239.5;5229.5;5247.0;5.0;0.0;0.0;0.0;69.0;69.0;5243.5;-65;-69;-61;-65;0;0;3;0;0;0;2.0;3.0;-8.0;1.074749373431907;ambiguous;-1.5;2.5;12.5
746000;3;sell;4;5240.0;Mark 01;5243.5;5238.5;5238.5;5233.0;5249.5;5.0;-0.4824;0.0;0.0;63.0;63.0;5242.294117647059;-69;-73;-65;-69;0;1;4;0;0;0;0.0;2.0;-2.5;1.0549875229616388;sell;1.5;1.5;7.0
746600;3;sell;5;5236.0;Mark 14;5238.5;5240.5;5240.5;5237.5;5250.5;5.0;0.5854;0.0;0.0;65.0;65.0;5239.963414634146;-73;-78;-69;-74;0;2;5;0;0;0;-3.0;-6.0;-5.0;1.0882637211366413;sell;-4.5;-4.5;-1.5
750700;3;buy;3;5234.0;Mark 14;5231.5;5230.0;5226.5;5228.5;5244.5;5.0;-0.6053;0.0;0.0;61.0;61.0;5229.986842105263;-78;-75;-74;-71;0;0;6;0;0;0;-2.0;-7.5;-7.5;1.1554955130265223;buy;-4.0;-7.5;-5.5
751500;3;sell;7;5225.0;Mark 14;5228.5;5229.5;5230.0;5225.5;5244.5;5.0;0.4458;0.0;0.0;60.0;60.0;5229.614457831325;-75;-82;-71;-78;0;1;5;0;0;0;-1.0;-9.5;-8.0;1.1692764548272956;sell;-4.5;-5.0;-0.5
751700;3;sell;7;5225.0;Mark 14;5227.5;5227.5;5228.5;5225.5;5246.5;5.0;0.6203;0.0;0.0;64.0;64.0;5229.050632911392;-82;-89;-78;-85;1;2;6;0;0;0;-2.5;-8.0;-12.0;1.1305914003744018;sell;-2.5;-3.5;-0.5
755700;3;buy;3;5235.0;Mark 14;5231.5;5235.0;5239.5;5228.5;5261.5;5.0;0.4737;0.0;0.0;56.0;56.0;5232.684210526316;-89;-86;-85;-82;0;0;5;1;1;2;0.0;3.0;-11.0;1.2217629991279648;buy;0.0;4.5;-6.5
756900;3;sell;7;5235.0;Mark 14;5236.5;5238.0;5233.0;5233.0;5261.5;5.0;0.3947;0.0;0.0;53.0;53.0;5237.486842105263;-86;-93;-82;-89;0;1;4;0;1;2;0.5;6.0;-3.0;1.220237975254599;ambiguous;-3.0;2.0;2.0
757100;3;buy;6;5240.0;Mark 14;5236.5;5239.5;5233.0;5231.5;5260.5;5.0;0.0;0.0;0.0;63.0;63.0;5236.5;-93;-87;-89;-83;1;2;5;0;1;2;-1.0;5.0;-4.0;1.2240782301466802;buy;-0.5;-7.0;-8.5
758700;3;buy;8;5238.0;Mark 01;5236.0;5232.5;5228.5;5235.5;5257.5;6.0;0.0;0.0;0.0;67.0;67.0;5236.0;-87;-79;-83;-75;0;2;6;0;0;2;0.0;-1.5;-3.0;1.1433120896917262;ambiguous;-5.5;-9.5;-2.5
759300;3;sell;8;5229.0;Mark 01;5232.5;5229.0;5226.5;5234.5;5261.5;5.0;0.5116;0.0;0.0;65.0;65.0;5233.779069767442;-79;-87;-75;-83;0;1;7;0;0;2;-1.0;-5.0;-9.0;1.1289658187998277;sell;0.0;2.5;-5.5
759500;3;sell;5;5226.0;Mark 14;5229.5;5229.0;5225.5;5234.5;5261.5;5.0;0.0;0.0;0.0;70.0;70.0;5229.5;-87;-92;-83;-88;1;2;8;0;0;2;-3.5;-10.0;-8.5;1.1260021440862753;sell;-3.0;0.5;-8.5
759800;3;sell;4;5226.0;Mark 01;5228.5;5230.5;5225.0;5233.5;5262.5;5.0;0.5854;0.0;0.0;65.0;65.0;5229.963414634146;-92;-96;-88;-92;2;3;9;0;0;2;-3.5;-10.0;-8.0;1.111707828748344;sell;-4.5;1.0;-7.5
761200;3;sell;7;5225.0;Mark 14;5227.5;5225.5;5223.5;5235.5;5262.5;5.0;0.0;0.0;0.0;67.0;67.0;5227.5;-96;-103;-92;-99;0;3;9;0;0;2;-1.0;-5.0;-2.5;1.1401172573351483;sell;-0.5;1.5;-10.5
761400;3;buy;7;5227.0;Mark 14;5226.5;5224.0;5224.5;5233.5;5262.5;5.0;0.4894;0.0;0.0;70.0;70.0;5227.723404255319;-103;-96;-99;-92;1;3;10;0;0;2;-1.5;-3.0;-2.0;1.134667645726512;ambiguous;-3.0;-2.5;6.5
762800;3;buy;5;5226.0;Mark 01;5224.0;5223.5;5227.5;5227.5;5267.0;6.0;0.0;0.0;0.0;66.0;66.0;5224.0;-96;-91;-92;-87;0;2;9;0;0;2;1.5;-6.0;-2.5;1.1489427229742313;ambiguous;-2.5;1.5;1.5
763700;3;sell;3;5219.0;Mark 01;5221.5;5226.5;5228.5;5228.5;5269.5;5.0;0.519;0.0;0.0;60.0;60.0;5222.797468354431;-91;-94;-87;-90;0;1;10;0;0;1;-2.0;-4.0;-7.0;1.0612792476370942;sell;-7.5;-9.5;-9.5
769000;3;buy;6;5238.0;Mark 01;5234.5;5234.5;5234.5;5232.5;5251.0;5.0;-0.5238;0.0;0.0;48.0;48.0;5233.190476190476;-94;-88;-90;-84;0;0;7;0;0;0;1.0;2.0;1.5;1.1020058512707989;buy;-3.5;-3.5;-5.5
771100;3;buy;4;5238.0;Mark 14;5234.5;5233.0;5229.5;5236.0;5254.5;5.0;0.0;0.0;0.0;70.0;70.0;5234.5;-88;-84;-84;-80;0;0;5;0;1;1;1.0;-0.5;7.0;1.0824824187577837;buy;-5.0;-8.5;-2.0
771200;3;buy;6;5238.0;Mark 14;5235.5;5234.5;5229.5;5235.5;5254.5;5.0;0.6;0.0;0.0;64.0;64.0;5237.0;-84;-78;-80;-74;1;1;6;0;0;1;1.5;2.0;8.0;1.0864339560897394;buy;-3.5;-8.5;-2.5
773400;3;sell;6;5227.0;Mark 01;5229.0;5230.5;5232.0;5244.5;5247.5;6.0;0.0;0.0;0.0;69.0;69.0;5229.0;-78;-84;-74;-80;0;0;4;0;0;1;-1.5;-4.5;4.5;1.143914308374356;ambiguous;-3.5;-5.0;-17.5
776400;3;sell;3;5230.0;Mark 14;5232.5;5230.5;5233.0;5249.5;5249.5;5.0;0.5102;0.0;0.0;74.0;74.0;5233.775510204082;-84;-87;-80;-83;0;0;4;0;0;1;1.0;1.5;1.0;1.0777356499676072;sell;-0.5;-3.0;-19.5
777100;3;sell;4;5229.0;Mark 14;5231.5;5229.0;5233.0;5248.0;5247.5;3.0;-0.5556;0.0545;0.0545;58.0;52.0;5230.666666666667;-87;-91;-83;-87;0;1;5;0;0;1;3.5;-2.0;0.0;1.1955303966411432;sell;0.0;-4.0;-19.0
779300;3;buy;7;5234.0;Mark 14;5231.5;5230.5;5234.5;5252.0;5245.5;5.0;-0.5897;0.0;0.0;62.0;62.0;5230.025641025641;-91;-84;-87;-80;0;0;5;0;0;0;-3.0;1.0;-3.0;1.238723238543618;buy;-3.5;0.5;18.0
779900;3;sell;8;5229.0;Mark 14;5230.5;5235.5;5238.5;5249.5;5242.5;3.0;-0.375;0.0847;0.0847;64.0;54.0;5229.9375;-84;-92;-80;-88;0;1;6;0;0;0;-1.0;-3.0;-2.5;1.2234529240813143;sell;-6.5;-9.5;-20.5
780500;3;buy;8;5237.0;Mark 14;5235.5;5235.5;5236.5;5245.5;5241.5;5.0;-0.4815;0.0;0.0;60.0;60.0;5234.2962962962965;-92;-84;-88;-80;0;2;7;0;0;0;2.0;2.0;1.0;1.267264209095935;ambiguous;-1.5;-0.5;8.5
781600;3;buy;5;5238.0;Mark 14;5234.0;5236.0;5242.5;5250.5;5242.5;6.0;0.0;0.0;0.0;54.0;54.0;5234.0;-84;-79;-80;-75;0;2;6;0;0;0;-2.0;4.5;1.0;1.259268261909878;buy;-2.0;4.5;12.5
782500;3;buy;8;5239.0;Mark 14;5235.5;5243.0;5242.5;5250.5;5242.5;5.0;0.0;0.0;0.0;50.0;50.0;5235.5;-79;-71;-75;-67;0;2;7;0;0;0;-2.0;1.0;6.0;1.2578495503343794;buy;4.0;3.5;11.5
783500;3;buy;8;5245.0;Mark 14;5244.5;5242.5;5244.5;5248.0;5242.5;3.0;-0.7705;-0.3333;0.0609;61.0;54.0;5243.3442622950815;-71;-63;-67;-59;0;2;7;0;0;0;1.5;10.5;14.5;1.2497525517754782;ambiguous;-2.5;-0.5;3.0
785100;3;buy;5;5245.0;Mark 14;5243.0;5246.5;5248.0;5247.0;5235.5;6.0;0.0;0.0;0.0;48.0;48.0;5243.0;-63;-58;-59;-54;0;1;8;0;0;0;-1.0;-1.0;9.5;1.2825101013183775;ambiguous;1.5;3.0;2.0
785200;3;sell;4;5240.0;Mark 01;5242.5;5245.5;5248.5;5247.5;5236.5;5.0;0.4444;0.0;0.0;65.0;65.0;5243.611111111111;-58;-62;-54;-58;1;2;9;0;0;0;-2.0;-1.5;9.5;1.2825101013183775;sell;-5.5;-8.5;-7.5
786800;3;sell;5;5244.0;Mark 01;5247.5;5249.5;5255.0;5251.0;5238.5;5.0;-0.4247;0.0;0.0;52.0;52.0;5246.438356164384;-62;-67;-58;-63;0;2;9;0;0;0;-1.5;4.0;18.0;1.157877162093503;sell;-5.5;-11.0;-7.0
787700;3;buy;6;5252.0;Mark 01;5248.5;5248.5;5251.0;5249.5;5240.5;5.0;0.0;0.0;0.0;55.0;55.0;5248.5;-67;-61;-63;-57;0;1;9;0;0;0;0.0;3.0;20.0;1.143535170626844;buy;-3.5;-1.0;-2.5
793700;3;buy;8;5250.0;Mark 14;5247.5;5247.5;5247.5;5250.5;5240.5;5.0;-0.5455;0.0;0.0;68.0;68.0;5246.136363636364;-61;-53;-57;-49;0;0;4;0;0;0;2.0;-2.0;5.0;1.1514043894984554;buy;-2.5;-2.5;0.5
801400;3;buy;4;5247.0;Mark 01;5243.5;5248.5;5250.5;5262.5;5246.0;5.0;0.0;0.0;0.0;63.0;63.0;5243.5;-53;-49;-49;-45;0;0;1;0;0;0;-2.0;-4.5;-6.0;1.0305258226140577;buy;1.5;3.5;15.5
804800;3;sell;5;5251.0;Mark 01;5252.0;5258.5;5258.0;5262.5;5244.5;6.0;0.0;0.0;0.0;59.0;59.0;5252.0;-49;-54;-45;-50;0;0;1;0;0;0;-0.5;4.5;5.0;1.0310702233747457;ambiguous;-7.5;-7.0;-11.5
807000;3;buy;7;5264.0;Mark 14;5261.5;5259.5;5257.5;5256.5;5249.0;5.0;0.0;0.0;0.0;62.0;62.0;5261.5;-54;-47;-50;-43;0;0;2;0;0;0;0.0;4.5;10.0;1.0777356499676072;buy;-4.5;-6.5;-7.5
807100;3;buy;6;5263.0;Mark 01;5261.5;5259.0;5259.0;5257.5;5248.5;5.0;0.4737;0.0;0.0;70.0;70.0;5262.684210526316;-47;-41;-43;-37;1;1;3;0;0;0;1.0;4.0;11.5;1.0655967238691288;ambiguous;-4.0;-4.0;-5.5
807400;3;buy;5;5262.0;Mark 14;5261.5;5259.5;5261.5;5257.5;5248.5;5.0;-0.4805;0.0;0.0;57.0;57.0;5260.298701298701;-41;-36;-37;-32;2;2;4;0;0;0;0.0;3.0;10.0;1.0847422027203588;ambiguous;-2.5;-0.5;-4.5
809100;3;buy;8;5262.0;Mark 01;5257.5;5262.5;5261.5;5251.5;5243.0;5.0;-0.4805;0.0;0.0;57.0;57.0;5256.298701298701;-36;-28;-32;-24;0;2;5;0;0;0;0.0;-3.0;9.0;1.090277595000365;buy;0.5;-0.5;-10.5
810000;3;sell;4;5258.0;Mark 01;5262.0;5257.5;5264.5;5251.5;5237.0;6.0;0.0;0.0;0.0;70.0;70.0;5262.0;-28;-32;-24;-28;0;1;6;0;0;0;0.5;3.5;16.5;1.0683698523517693;sell;0.5;-6.5;6.5
812400;3;sell;4;5261.0;Mark 01;5265.5;5267.5;5266.5;5252.0;5236.0;5.0;0.5435;0.0;0.0;71.0;71.0;5266.858695652174;-32;-36;-28;-32;0;0;6;0;2;2;1.0;6.5;17.0;1.1329803732054533;sell;-6.5;-5.5;9.0
813400;3;sell;3;5265.0;Mark 01;5267.5;5267.5;5261.0;5247.5;5232.0;5.0;0.5224;0.0;0.0;51.0;51.0;5268.805970149254;-36;-39;-32;-35;0;1;7;0;0;2;0.0;5.0;17.0;1.1680978584334658;sell;-2.5;4.0;17.5
813800;3;buy;4;5272.0;Mark 14;5269.5;5267.0;5258.5;5245.5;5231.5;5.0;-0.3902;0.0;0.0;57.0;57.0;5268.524390243902;-39;-35;-35;-31;1;2;8;0;0;2;2.0;4.5;19.0;1.1778834611350602;buy;-5.0;-13.5;-26.5
816100;3;sell;6;5255.0;Mark 14;5259.0;5256.5;5257.5;5248.5;5234.5;6.0;0.0;0.0;0.0;53.0;53.0;5259.0;-35;-41;-31;-37;0;0;8;0;0;2;-1.5;-8.5;-2.5;1.1267494531484765;sell;-1.5;-2.5;6.5
823700;3;buy;6;5248.0;Mark 14;5247.5;5244.5;5248.5;5241.0;5236.5;5.0;-0.5116;0.0;0.0;65.0;65.0;5246.220930232558;-41;-35;-37;-31;0;0;2;0;0;0;-1.0;-5.5;-22.0;1.0180745895115952;ambiguous;-3.5;0.5;-7.0
828200;3;sell;6;5246.0;Mark 01;5249.5;5246.5;5243.5;5240.0;5236.0;5.0;-0.44;0.0;0.0;54.0;54.0;5248.4;-35;-41;-31;-37;0;0;1;0;0;0;2.0;2.5;-7.0;1.02249966291294;sell;-0.5;2.5;6.0
829000;3;sell;6;5242.0;Mark 14;5243.5;5245.5;5241.0;5241.5;5234.5;5.0;0.0;0.0;0.0;54.0;54.0;5243.5;-41;-47;-37;-43;0;1;2;0;0;0;-4.0;-3.0;-7.5;0.9384159131637589;ambiguous;-3.5;1.0;0.5
832500;3;buy;4;5245.0;Mark 14;5243.5;5239.5;5237.5;5237.5;5227.5;5.0;0.4651;0.0;0.0;63.0;63.0;5244.662790697675;-47;-43;-43;-39;0;0;3;0;0;0;0.0;2.0;-9.0;1.042926235718365;ambiguous;-5.5;-7.5;-7.5
833000;3;sell;8;5237.0;Mark 01;5240.5;5242.5;5237.5;5239.5;5223.5;5.0;-0.4588;0.0;0.0;62.0;62.0;5239.35294117647;-43;-51;-39;-47;1;1;4;0;0;0;-2.0;-0.5;-11.0;1.028766927780401;sell;-5.5;-0.5;-2.5
835500;3;buy;6;5238.0;Mark 01;5235.5;5236.5;5241.5;5241.5;5232.5;5.0;0.0;0.0;0.0;54.0;54.0;5235.5;-51;-45;-47;-41;0;0;4;0;0;0;-2.0;-7.0;-14.0;1.098760559849519;buy;-1.5;3.5;3.5
837100;3;buy;3;5243.0;Mark 01;5240.0;5240.5;5242.5;5242.5;5230.5;6.0;0.0;0.0;0.0;65.0;65.0;5240.0;-45;-42;-41;-38;0;1;5;0;0;0;3.5;4.5;-7.5;1.1109274412014158;buy;-2.5;-0.5;-0.5
839000;3;sell;7;5239.0;Mark 14;5240.5;5244.0;5238.5;5243.5;5235.5;5.0;0.4048;0.0;0.0;59.0;59.0;5241.511904761905;-42;-49;-38;-45;0;1;5;0;0;0;2.0;0.5;-4.0;1.1161730425851433;ambiguous;-5.0;0.5;-4.5
839200;3;buy;3;5246.0;Mark 01;5242.5;5242.5;5235.5;5245.0;5234.5;5.0;-0.4933;0.0;0.0;56.0;56.0;5241.266666666666;-49;-46;-45;-42;1;1;5;0;0;0;1.0;2.0;-2.0;1.1257302723372615;buy;-3.5;-10.5;-1.0
840500;3;buy;4;5241.0;Mark 14;5239.5;5238.5;5237.5;5244.5;5235.5;5.0;-0.4937;0.0;0.0;59.0;59.0;5238.265822784811;-46;-42;-42;-38;0;2;6;0;0;0;-1.0;1.0;-2.0;1.1457413283595344;ambiguous;-2.5;-3.5;3.5
842400;3;buy;8;5239.0;Mark 14;5235.5;5240.5;5241.0;5245.5;5243.5;5.0;0.0;0.0;0.0;69.0;69.0;5235.5;-42;-34;-38;-30;0;1;7;0;0;0;1.0;-4.0;-8.0;1.1562458205375092;buy;1.5;2.0;6.5
843500;3;buy;7;5238.0;Mark 49;5238.5;5240.5;5241.5;5243.5;5242.5;5.0;0.5467;0.0;0.0;58.0;58.0;5239.866666666667;-34;-27;-30;-23;0;1;6;0;0;0;-1.0;3.0;-4.0;1.156179636519718;ambiguous;2.5;3.5;5.5
846000;3;sell;6;5237.0;Mark 14;5241.0;5243.5;5241.5;5247.5;5239.5;6.0;0.0;0.0;0.0;62.0;62.0;5241.0;-27;-33;-23;-29;0;0;6;0;0;0;-0.5;0.5;4.5;1.0519124216793807;sell;-6.5;-4.5;-10.5
847200;3;buy;7;5245.0;Mark 01;5242.5;5242.5;5245.0;5248.5;5244.5;5.0;0.4713;0.0;0.0;64.0;64.0;5243.6781609195405;-33;-26;-29;-22;0;1;6;0;0;0;-2.0;1.5;2.0;1.1324399150542337;buy;-2.5;0.0;3.5
852100;3;buy;4;5246.0;Mark 14;5244.5;5245.5;5243.5;5236.5;5248.5;5.0;0.0;0.0;0.0;48.0;48.0;5244.5;-26;-22;-22;-18;0;0;4;0;0;0;-1.0;0.0;10.0;1.1213713600635147;ambiguous;-0.5;-2.5;-9.5
860900;3;sell;3;5233.0;Mark 01;5237.5;5238.5;5235.5;5235.0;5253.5;5.0;0.0;0.0;0.0;56.0;56.0;5237.5;-22;-25;-18;-21;0;0;1;0;0;0;1.0;-8.0;-6.0;1.0157167128542042;sell;-5.5;-2.5;-2.0
861400;3;sell;7;5236.0;Mark 01;5239.5;5238.5;5232.0;5236.5;5254.5;5.0;-0.5663;0.0;0.0;65.0;65.0;5238.084337349397;-25;-32;-21;-28;1;1;2;0;0;0;3.5;0.0;-6.5;1.024070074954096;sell;-2.5;4.0;-0.5
863700;3;buy;7;5230.0;Mark 49;5231.5;5231.5;5235.5;5236.5;5252.5;5.0;0.5224;0.0;0.0;51.0;51.0;5232.805970149254;-32;-25;-28;-21;0;0;2;0;0;0;0.0;-9.0;-12.5;1.0596917656083553;ambiguous;1.5;5.5;6.5
864700;3;sell;7;5229.0;Mark 14;5230.5;5231.5;5235.5;5237.5;5252.5;5.0;0.0;0.0;0.0;56.0;56.0;5230.5;-25;-32;-21;-28;0;1;3;0;0;0;-1.0;-6.0;-14.0;1.1033475327302085;ambiguous;-2.5;-6.5;-8.5
868200;3;sell;3;5233.0;Mark 14;5235.5;5236.5;5232.5;5236.0;5254.5;5.0;0.5281;0.0;0.0;68.0;68.0;5236.820224719101;-32;-35;-28;-31;0;0;4;0;0;0;-1.0;2.0;-10.5;1.1152585587622998;sell;-3.5;0.5;-3.0
868400;3;sell;6;5233.0;Mark 14;5235.5;5236.0;5235.5;5235.5;5253.5;5.0;-0.4667;0.0;0.0;66.0;66.0;5234.333333333333;-35;-41;-31;-37;1;1;5;0;0;0;-0.5;1.0;-10.0;1.1145950888188867;sell;-3.0;-2.5;-2.5
868600;3;buy;3;5239.0;Mark 01;5236.0;5235.5;5233.5;5237.5;5255.0;6.0;0.0;0.0;0.0;66.0;66.0;5236.0;-41;-38;-37;-34;2;2;6;0;0;0;0.5;1.5;-10.5;1.1107207762491669;buy;-3.5;-5.5;-1.5
875600;3;buy;5;5240.0;Mark 14;5238.5;5239.5;5237.5;5233.5;5257.5;5.0;-0.425;0.0;0.0;57.0;57.0;5237.4375;-38;-33;-34;-29;0;0;3;0;0;1;3.5;1.5;4.0;1.1206887485358217;ambiguous;-0.5;-2.5;-6.5
876300;3;sell;6;5237.0;Mark 01;5240.5;5238.5;5237.0;5229.5;5259.5;5.0;-0.5135;0.0;0.0;56.0;56.0;5239.216216216216;-33;-39;-29;-35;0;1;4;0;0;1;0.0;2.0;6.5;1.1495419919010184;sell;-1.5;0.0;7.5
877100;3;buy;7;5242.0;Mark 01;5239.5;5237.5;5234.5;5230.5;5258.0;5.0;0.0;0.0;0.0;62.0;62.0;5239.5;-39;-32;-35;-28;0;2;5;0;0;1;0.0;4.5;5.0;1.0456619127772984;buy;-4.5;-7.5;-11.5
877600;3;buy;7;5240.0;Mark 14;5237.5;5236.5;5233.5;5232.5;5261.5;5.0;0.0;0.0;0.0;52.0;52.0;5237.5;-32;-25;-28;-21;1;3;6;0;0;1;-2.0;0.0;2.0;1.0586803103826379;buy;-3.5;-6.5;-7.5
882000;3;sell;3;5223.0;Mark 01;5223.0;5227.5;5223.5;5240.0;5268.0;2.0;0.7966;0.3766;-0.0536;53.0;59.0;5223.796610169492;-25;-28;-21;-24;0;0;4;0;0;1;0.0;-5.0;-13.5;1.0982497136012195;ambiguous;-4.5;-0.5;-17.0
883400;3;sell;7;5221.0;Mark 14;5221.0;5223.0;5232.5;5242.5;5263.5;2.0;0.5455;-0.1282;-0.1282;51.0;66.0;5221.545454545455;-28;-35;-24;-31;0;1;5;0;0;0;-2.5;-1.5;-13.0;1.1383708423339265;ambiguous;-2.0;-11.5;-21.5
884000;3;sell;4;5221.0;Mark 14;5223.0;5225.5;5230.5;5240.5;5256.5;6.0;0.0;0.0;0.0;68.0;68.0;5223.0;-35;-39;-31;-35;0;2;6;0;0;0;0.5;-2.5;-14.0;1.1482098584283011;ambiguous;-4.5;-9.5;-19.5
886500;3;buy;5;5232.0;Mark 01;5228.5;5230.5;5233.5;5242.5;5253.5;5.0;0.5405;0.0;0.0;57.0;57.0;5229.851351351352;-39;-34;-35;-30;0;0;5;0;0;0;-2.0;3.0;-12.0;1.1305914003744018;buy;-1.5;1.5;10.5
895700;3;buy;7;5245.0;Mark 01;5243.5;5240.5;5245.5;5259.5;5268.5;5.0;-0.4725;0.0;0.0;67.0;67.0;5242.318681318681;-34;-27;-30;-23;0;0;1;0;0;0;1.5;2.5;10.5;1.122030823125674;ambiguous;-4.5;0.5;14.5
896800;3;sell;5;5241.0;Mark 22;5241.5;5242.0;5249.5;5261.5;5271.0;5.0;-0.3846;0.0;0.0;54.0;54.0;5240.538461538462;-27;-32;-23;-28;0;1;1;0;0;0;1.0;2.0;11.0;1.1226671785150428;ambiguous;-1.0;-8.5;-20.5
896800;3;sell;1;5241.0;Mark 67;5241.5;5242.0;5249.5;5261.5;5271.0;5.0;-0.3846;0.0;0.0;54.0;54.0;5240.538461538462;-32;-33;-28;-29;1;2;2;0;0;0;1.0;2.0;11.0;1.1226671785150428;ambiguous;-1.0;-8.5;-20.5
900200;3;buy;6;5252.0;Mark 14;5251.5;5251.5;5250.5;5252.0;5274.5;5.0;0.0;0.0;0.0;62.0;62.0;5251.5;-33;-27;-29;-23;0;0;3;0;0;0;1.0;4.0;14.0;1.182875293427004;ambiguous;-0.5;-1.5;0.0
902100;3;sell;5;5246.0;Mark 01;5249.5;5250.5;5255.0;5252.5;5270.5;5.0;0.4624;0.0;0.0;68.0;68.0;5250.655913978495;-27;-32;-23;-28;0;1;4;0;0;0;-2.0;-2.0;8.0;1.1842976666222997;sell;-4.5;-9.0;-6.5
903300;3;buy;4;5256.0;Mark 01;5253.0;5254.5;5258.0;5250.5;5271.5;6.0;0.0;0.0;0.0;62.0;62.0;5253.0;-32;-28;-28;-24;0;1;5;0;0;0;3.5;3.0;9.5;1.2032715666107872;buy;-1.5;2.0;-5.5
903800;3;sell;3;5252.0;Mark 14;5253.5;5254.5;5259.5;5254.5;5274.5;5.0;0.4366;0.0;0.0;51.0;51.0;5254.591549295775;-28;-31;-24;-27;1;2;6;0;0;0;0.5;2.5;12.0;1.2020414224423457;ambiguous;-2.5;-7.5;-2.5
904900;3;buy;7;5257.0;Mark 14;5253.5;5259.5;5260.5;5254.5;5268.5;5.0;-0.4848;0.0;0.0;49.0;49.0;5252.287878787879;-31;-24;-27;-20;0;2;7;0;0;0;1.0;3.0;12.0;1.1893698125327494;buy;2.5;3.5;-2.5
905100;3;buy;6;5258.0;Mark 01;5256.5;5258.5;5260.5;5253.5;5270.5;5.0;-0.4524;0.0;0.0;61.0;61.0;5255.369047619048;-24;-18;-20;-14;1;3;8;0;0;0;4.0;3.0;17.0;1.1958717207683334;ambiguous;0.5;2.5;-4.5
905200;3;buy;8;5259.0;Mark 01;5255.5;5259.5;5260.5;5252.0;5270.5;5.0;-0.4571;0.0;0.0;51.0;51.0;5254.357142857143;-18;-10;-14;-6;2;4;9;0;0;0;3.0;2.5;13.5;1.1781216470481062;buy;0.5;1.5;-7.0
908100;3;buy;7;5256.0;Mark 14;5254.5;5256.5;5253.5;5253.5;5269.0;5.0;0.6104;0.0;0.0;62.0;62.0;5256.025974025974;-10;-3;-6;1;0;0;7;0;0;0;-2.0;-4.0;7.5;1.1984072686839509;ambiguous;0.5;-2.5;-2.5
915100;3;buy;4;5256.0;Mark 14;5254.5;5251.5;5251.5;5255.5;5273.5;5.0;0.0;0.0;0.0;59.0;59.0;5254.5;-3;1;1;5;0;0;3;0;0;1;1.0;3.0;-1.0;1.2164275356111103;ambiguous;-4.5;-4.5;-0.5
916400;3;sell;8;5249.0;Mark 14;5252.5;5248.5;5253.5;5259.5;5274.5;5.0;0.5802;0.0;0.0;64.0;64.0;5253.950617283951;1;-7;5;-3;0;1;2;0;0;1;3.0;-2.0;-8.0;1.1671147855986503;sell;0.5;-4.5;-10.5
916900;3;sell;6;5246.0;Mark 01;5250.5;5251.0;5256.5;5259.5;5271.5;5.0;0.5054;0.0;0.0;70.0;70.0;5251.763440860215;-7;-13;-3;-9;1;2;3;0;0;1;-1.0;-4.0;-10.0;1.187008373469138;sell;-5.0;-10.5;-13.5
923500;3;sell;8;5255.0;Mark 01;5258.5;5258.5;5256.5;5263.5;5254.5;5.0;-0.5696;0.0;0.0;62.0;62.0;5257.0759493670885;-13;-21;-9;-17;0;0;3;0;0;0;-1.0;1.0;6.0;1.1939932305966998;sell;-3.5;-1.5;-8.5
927100;3;sell;4;5255.0;Mark 01;5258.0;5261.5;5263.5;5256.0;5248.5;6.0;0.0;0.0;0.0;55.0;55.0;5258.0;-21;-25;-17;-21;0;0;1;0;0;0;1.0;2.5;6.5;1.1340605168112614;sell;-6.5;-8.5;-1.0
927200;3;sell;4;5256.0;Mark 01;5258.0;5260.5;5263.5;5255.5;5248.5;6.0;0.0;0.0;0.0;52.0;52.0;5258.0;-25;-29;-21;-25;1;1;2;0;0;0;-0.5;3.5;10.0;1.0753899879395363;ambiguous;-4.5;-7.5;0.5
927700;3;sell;6;5258.0;Mark 14;5261.5;5261.5;5262.5;5258.0;5246.5;5.0;-0.3976;0.0;0.0;58.0;58.0;5260.506024096386;-29;-35;-25;-31;1;2;3;0;0;0;2.5;3.0;10.5;1.0595232567907327;sell;-3.5;-4.5;0.0
928700;3;sell;4;5258.0;Mark 01;5260.5;5263.5;5265.5;5257.5;5241.5;5.0;0.0;0.0;0.0;64.0;64.0;5260.5;-35;-39;-31;-35;0;3;4;0;0;0;-1.0;2.0;5.0;1.033516478136925;sell;-5.5;-7.5;0.5
935900;3;sell;6;5250.0;Mark 01;5252.5;5255.5;5258.5;5269.5;5242.5;5.0;-0.5;0.0;0.0;51.0;51.0;5251.25;-39;-45;-35;-41;0;0;4;0;0;0;-3.0;-7.5;-6.0;1.2376107791916446;sell;-5.5;-8.5;-19.5
936500;3;sell;5;5251.0;Mark 14;5255.5;5256.5;5258.5;5271.5;5239.5;5.0;-0.5294;0.0;0.0;65.0;65.0;5254.176470588235;-45;-50;-41;-46;0;1;5;0;0;0;2.0;-1.0;-4.0;1.2323025333582045;sell;-5.5;-7.5;-20.5
943100;3;buy;4;5263.0;Mark 14;5261.5;5266.5;5265.5;5269.0;5237.5;5.0;0.4824;0.0;0.0;63.0;63.0;5262.705882352941;-50;-46;-46;-42;0;0;2;0;0;0;0.0;5.0;-0.5;1.2401021249387176;ambiguous;3.5;2.5;6.0
943900;3;buy;5;5270.0;Mark 14;5267.5;5267.0;5269.5;5271.5;5239.5;5.0;-0.4783;0.0;0.0;51.0;51.0;5266.304347826087;-46;-41;-42;-37;0;1;3;0;0;0;2.5;9.0;7.5;1.2316606929031257;buy;-3.0;-0.5;1.5
949600;3;buy;7;5280.0;Mark 01;5278.5;5276.5;5273.0;5273.5;5232.5;5.0;0.6053;0.0;0.0;61.0;61.0;5280.013157894737;-41;-34;-37;-30;0;0;2;0;0;1;-0.5;4.0;21.0;1.1394906470886768;ambiguous;-3.5;-7.0;-6.5
950400;3;sell;8;5271.0;Mark 01;5274.5;5272.0;5272.5;5271.5;;5.0;0.0;0.0;0.0;70.0;70.0;5274.5;-34;-42;-30;-38;0;1;3;0;0;1;-2.0;-5.0;18.5;1.15160375345823;sell;-1.0;-1.5;-0.5
951700;3;buy;6;5276.0;Mark 01;5273.0;5271.0;5273.5;5271.5;;6.0;0.0;0.0;0.0;66.0;66.0;5273.0;-42;-36;-38;-32;0;1;4;0;0;1;3.5;-4.5;14.5;1.1939505032896813;buy;-5.0;-2.5;-4.5
952200;3;buy;4;5274.0;Mark 01;5270.5;5272.5;5273.5;5273.5;;5.0;-0.5833;0.0;0.0;57.0;57.0;5269.041666666667;-36;-32;-32;-28;1;2;5;0;0;1;-3.0;-4.0;12.5;1.2004700980365863;buy;-1.5;-0.5;-0.5
958600;3;buy;3;5275.0;Mark 14;5272.5;5271.5;5271.5;5265.5;;5.0;0.4921;0.0;0.0;47.0;47.0;5273.730158730159;-32;-29;-28;-25;0;0;4;0;1;1;3.5;3.0;-5.5;1.2120791238484128;buy;-3.5;-3.5;-9.5
961200;3;sell;8;5270.0;Mark 01;5272.5;5271.5;5276.5;5261.0;;5.0;-0.5556;0.0;0.0;56.0;56.0;5271.111111111111;-29;-37;-25;-33;0;0;3;0;0;1;1.0;2.5;3.0;1.2305418487422395;sell;-1.5;-6.5;9.0
961500;3;sell;7;5269.0;Mark 01;5273.0;5273.5;5279.5;5259.5;;6.0;0.0;0.0;0.0;56.0;56.0;5273.0;-37;-44;-33;-40;1;1;4;0;0;1;-1.5;-0.5;2.5;1.2275740578654015;sell;-4.5;-10.5;9.5
964500;3;sell;6;5274.0;Mark 01;5278.0;5274.0;5273.5;5253.5;;6.0;0.0;0.0;0.0;59.0;59.0;5278.0;-44;-50;-40;-46;0;0;3;0;0;2;-0.5;2.5;7.5;1.054963344577528;sell;0.0;0.5;20.5
966900;3;buy;3;5274.0;Mark 14;5271.5;5271.5;5265.5;5248.0;;5.0;0.5789;0.0;0.0;60.0;60.0;5272.9473684210525;-50;-47;-46;-43;0;0;4;0;0;1;-3.0;-5.5;1.0;1.1168584140658504;buy;-2.5;-8.5;-26.0
968100;3;buy;7;5266.0;Mark 22;5266.5;5265.5;5263.5;5244.5;;5.0;0.0;0.0;0.0;62.0;62.0;5266.5;-47;-40;-43;-36;0;1;5;0;0;1;-3.0;-8.5;-2.5;1.189970157875834;ambiguous;-0.5;-2.5;-21.5
968600;3;sell;4;5263.0;Mark 01;5265.5;5262.5;5261.5;5242.5;;5.0;0.5455;0.0;0.0;51.0;51.0;5266.863636363636;-40;-44;-36;-40;1;2;6;0;0;1;0.5;-8.5;-7.0;1.1720871934032484;sell;0.5;1.5;20.5
972300;3;sell;6;5252.0;Mark 14;5256.5;5258.5;5253.0;5246.5;;5.0;0.0;0.0;0.0;51.0;51.0;5256.5;-44;-50;-40;-46;0;0;4;0;0;1;-1.5;-7.5;-18.5;1.1405869891097997;sell;-6.5;-1.0;5.5
973300;3;buy;5;5258.0;Mark 01;5256.5;5254.5;5250.5;5243.5;;5.0;0.0;0.0;0.0;57.0;57.0;5256.5;-50;-45;-46;-41;0;1;5;0;0;1;-2.0;-3.0;-20.0;1.2409657202291278;ambiguous;-3.5;-7.5;-14.5
976400;3;buy;3;5251.0;Mark 14;5248.5;5248.0;5242.0;5240.5;;5.0;-0.4588;0.0;0.0;62.0;62.0;5247.35294117647;-45;-42;-41;-38;0;0;5;0;0;1;1.5;-6.0;-26.0;1.3187525371576616;buy;-3.0;-9.0;-10.5
980100;3;buy;7;5247.0;Mark 01;5244.5;5243.5;5245.5;5238.0;;5.0;0.0;0.0;0.0;54.0;54.0;5244.5;-42;-35;-38;-31;0;0;3;0;0;0;3.0;0.0;-19.0;1.1842976666222997;buy;-3.5;-1.5;-9.0
983000;3;sell;4;5242.0;Mark 01;5245.5;5245.5;5245.5;5236.5;;5.0;0.0;0.0;0.0;57.0;57.0;5245.5;-35;-39;-31;-35;0;0;3;0;0;0;0.0;3.0;-12.0;1.1216215468679847;sell;-3.5;-3.5;5.5
984800;3;sell;5;5244.0;Mark 01;5246.5;5243.5;5239.0;5236.5;;5.0;0.5072;0.0;0.0;52.0;52.0;5247.768115942029;-39;-44;-35;-40;0;1;3;0;1;1;3.0;1.0;-2.5;1.0763146468664633;sell;0.5;5.0;7.5
986000;3;sell;3;5239.0;Mark 01;5242.5;5239.5;5236.5;5237.5;;5.0;-0.5676;0.0;0.0;58.0;58.0;5241.081081081081;-44;-47;-40;-43;0;1;4;0;1;1;2.0;-1.5;-6.5;1.0436108272821476;sell;-0.5;2.5;1.5
989700;3;sell;5;5234.0;Mark 14;5236.5;5237.5;5234.5;5231.5;;5.0;0.0;0.0;0.0;56.0;56.0;5236.5;-47;-52;-43;-48;0;0;4;0;0;1;-1.0;-1.5;-4.0;1.1385724884691473;sell;-3.5;-0.5;2.5
993700;3;buy;3;5242.0;Mark 14;5238.5;5238.5;5238.0;;;5.0;0.4186;0.0;0.0;61.0;61.0;5239.546511627907;-52;-49;-48;-45;0;0;3;0;0;1;1.0;4.0;-6.5;1.1561134487130906;buy;-3.5;-4.0;
995300;3;sell;3;5235.0;Mark 14;5239.0;5237.5;5236.5;;;6.0;0.0;0.0;0.0;49.0;49.0;5239.0;-49;-52;-45;-48;0;1;3;0;0;0;2.5;2.5;-4.5;1.1505179094890685;sell;-2.5;-1.5;
997500;3;buy;5;5240.0;Mark 14;5236.0;5235.5;5232.5;;;6.0;0.0;0.0;0.0;63.0;63.0;5236.0;-52;-47;-48;-43;0;0;3;0;0;0;1.5;-2.5;-0.5;1.188103806077102;buy;-4.5;-7.5;
