ts;day;side;qty;price;counterparty;mid_pre;mid_post_5;mid_post_20;mid_post_100;mid_post_500;spread_pre;imb1_pre;imb2_pre;imb3_pre;depth_bid_pre;depth_ask_pre;microprice_pre;inventory_day_pre;inventory_day;inventory_cum_pre;inventory_cum;trades_since_last_5;trades_since_last_20;trades_since_last_100;trades_other_mark_since_last_5;trades_other_mark_since_last_20;trades_other_mark_since_last_100;recent_ret_5;recent_ret_20;recent_ret_100;realised_vol_100;aggressor;adverse_select_5;adverse_select_20;adverse_select_100
19300;1;buy;5;5226.0;Mark 55;5228.5;5228.5;5228.5;5239.5;5245.5;5.0;0.5;0.0;0.0;57.0;57.0;5229.75;0;5;0;5;0;0;0;0;1;5;1.0;-3.0;-17.5;1.2518937802126051;sell;2.5;2.5;13.5
20200;1;buy;5;5224.0;Mark 55;5226.5;5227.5;5227.5;5237.5;5241.5;5.0;0.6;0.0;0.0;60.0;60.0;5228.0;5;10;5;10;0;1;1;0;0;4;-3.0;-5.0;-17.0;1.1979815013529715;sell;3.5;3.5;13.5
29300;1;buy;4;5237.0;Mark 55;5239.5;5241.5;5232.0;5234.5;5239.5;5.0;0.4483;0.0;0.0;63.0;63.0;5240.620689655172;10;14;10;14;0;0;2;0;0;0;-3.0;4.0;11.0;1.2979306676234101;sell;4.5;-5.0;-2.5
51700;1;buy;4;5243.0;Mark 55;5244.5;5246.5;5245.5;5245.5;5248.5;5.0;-0.5789;0.0;0.0;60.0;60.0;5243.0526315789475;14;18;14;18;0;0;0;0;1;5;-1.0;-1.0;16.5;1.2512619892159138;ambiguous;3.5;2.5;2.5
59600;1;buy;4;5244.0;Mark 55;5246.5;5246.5;5245.5;5244.5;5270.5;5.0;0.0;0.0;0.0;72.0;72.0;5246.5;18;22;18;22;0;0;1;0;0;1;0.0;0.0;2.0;1.1610670638962273;sell;2.5;1.5;0.5
60300;1;buy;5;5245.0;Mark 55;5247.5;5246.5;5243.5;5242.5;5267.5;5.0;0.0;0.0;0.0;52.0;52.0;5247.5;22;27;22;27;0;1;2;0;0;0;0.5;2.0;1.5;1.1622308430766732;sell;1.5;-1.5;-2.5
62100;1;buy;6;5243.0;Mark 55;5244.5;5243.5;5241.5;5243.5;5263.5;5.0;0.5526;0.0;0.0;59.0;59.0;5245.881578947368;27;33;27;33;0;1;2;0;0;0;-1.0;-2.0;-2.0;1.134667645726512;ambiguous;0.5;-1.5;0.5
63200;1;buy;8;5240.0;Mark 55;5242.0;5243.5;5244.5;5237.5;5260.0;6.0;0.0;0.0;0.0;61.0;61.0;5242.0;33;41;33;41;0;1;3;0;0;0;-1.0;-4.5;-3.5;1.112946143098127;ambiguous;3.5;4.5;-2.5
64200;1;sell;6;5245.0;Mark 55;5241.5;5243.5;5242.0;5237.0;5264.5;5.0;0.0;0.0;0.0;53.0;53.0;5241.5;41;35;41;35;0;1;4;0;0;0;-2.0;-2.0;-5.0;0.9679065963549488;buy;1.5;3.0;8.0
65700;1;buy;8;5240.0;Mark 55;5243.5;5242.0;5248.5;5237.5;5256.5;3.0;-0.4615;-0.358;0.0598;62.0;55.0;5242.807692307692;35;43;35;43;0;1;5;0;0;0;-1.0;0.0;-2.0;0.9997959183652217;sell;2.0;8.5;-2.5
67700;1;sell;4;5250.0;Mark 55;5246.5;5246.5;5244.5;5237.5;5257.5;5.0;0.0;0.0;0.0;55.0;55.0;5246.5;43;39;43;39;0;1;6;0;0;0;0.0;4.0;-1.0;1.1168584140658504;buy;3.5;5.5;12.5
74300;1;sell;6;5238.0;Mark 55;5237.0;5240.0;5239.5;5232.5;5262.0;6.0;0.0;0.0;0.0;55.0;55.0;5237.0;39;33;39;33;0;0;2;0;2;2;2.0;-6.5;-5.5;1.2037166536469932;ambiguous;-2.0;-1.5;5.5
74400;1;buy;4;5235.0;Mark 55;5235.5;5239.5;5237.5;5232.5;5261.5;5.0;0.0;0.0;0.0;57.0;57.0;5235.5;33;37;33;37;1;1;3;0;2;2;0.0;-6.0;-9.0;1.1941854845598807;ambiguous;4.5;2.5;-2.5
77300;1;sell;8;5241.0;Mark 55;5238.5;5236.5;5239.5;5239.5;5264.5;5.0;-0.4458;0.0;0.0;60.0;60.0;5237.385542168675;37;29;37;29;0;0;3;0;0;2;2.0;-2.0;-6.0;1.172652883084203;buy;4.5;1.5;1.5
87900;1;buy;3;5239.0;Mark 55;5241.5;5242.5;5243.0;5242.5;5257.5;5.0;0.0;0.0;0.0;49.0;49.0;5241.5;29;32;29;32;0;0;0;0;0;4;1.0;6.0;5.0;1.1448059018911438;sell;3.5;4.0;3.5
91100;1;sell;6;5244.0;Mark 55;5242.5;5241.5;5244.0;5248.5;5258.5;5.0;0.0;0.0;0.0;54.0;54.0;5242.5;32;26;32;26;0;0;1;0;0;4;-1.0;0.0;6.0;1.0642793532627846;ambiguous;2.5;0.0;-4.5
92000;1;sell;8;5243.0;Mark 55;5240.5;5243.5;5245.5;5244.0;5259.5;5.0;0.4943;0.0;0.0;65.0;65.0;5241.735632183908;26;18;26;18;0;1;2;0;0;4;-0.5;-2.0;3.0;1.053656887922043;buy;-0.5;-2.5;-1.0
100500;1;sell;4;5248.0;Mark 55;5246.5;5248.0;5245.5;5267.5;5265.5;5.0;-0.45;0.0;0.0;58.0;58.0;5245.375;18;14;18;14;0;0;2;0;0;2;-2.0;1.0;2.0;1.1099167134082581;ambiguous;0.0;2.5;-19.5
104400;1;sell;6;5252.0;Mark 55;5249.5;5250.5;5259.0;5265.5;5254.5;5.0;-0.4945;0.0;0.0;68.0;68.0;5248.263736263736;14;8;14;8;0;0;1;0;0;0;2.0;4.0;6.0;1.0969948096907849;buy;1.5;-7.0;-13.5
112000;1;buy;3;5260.0;Mark 55;5262.5;5264.5;5264.5;5263.5;5254.5;5.0;0.52;0.0;0.0;57.0;57.0;5263.8;8;11;8;11;0;0;1;0;1;3;-2.0;-7.5;18.5;1.1339255551291907;sell;4.5;4.5;3.5
118800;1;buy;3;5257.0;Mark 55;5258.5;5258.0;5260.5;5264.5;5249.5;5.0;0.5263;0.0;0.0;58.0;58.0;5259.815789473684;11;14;11;14;0;0;1;0;0;2;3.0;2.5;-8.0;1.1757376165475881;ambiguous;1.0;3.5;7.5
125600;1;sell;3;5265.0;Mark 55;5263.0;5263.5;5266.5;5260.5;5246.5;6.0;0.0;0.0;0.0;61.0;61.0;5263.0;14;11;14;11;0;0;1;0;0;1;-1.5;-2.5;5.5;1.0466128361202924;ambiguous;1.5;-1.5;4.5
134000;1;buy;8;5264.0;Mark 55;5267.0;5261.5;5262.5;5262.0;5242.5;6.0;0.0;0.0;0.0;59.0;59.0;5267.0;11;19;11;19;0;0;1;0;1;3;1.5;4.5;3.5;0.9981106526897475;sell;-2.5;-1.5;-2.0
135500;1;buy;7;5257.0;Mark 55;5258.5;5262.5;5259.5;5261.5;5236.5;5.0;0.4848;0.0;0.0;49.0;49.0;5259.712121212121;19;26;19;26;0;1;2;1;1;4;-3.0;-7.0;-4.5;1.0325287901455042;ambiguous;5.5;2.5;4.5
140000;1;sell;5;5261.0;Mark 55;5257.5;5255.5;5259.5;5267.0;5238.5;5.0;0.575;0.0;0.0;63.0;63.0;5258.9375;26;21;26;21;0;0;2;1;1;6;0.5;1.0;-4.0;1.2384349191106345;buy;5.5;1.5;-6.0
140100;1;sell;4;5260.0;Mark 55;5258.5;5255.5;5259.5;5266.0;5238.5;5.0;0.475;0.0;0.0;59.0;59.0;5259.6875;21;17;21;17;1;1;3;1;1;6;0.0;2.0;-4.5;1.233150906022776;ambiguous;4.5;0.5;-6.0
141000;1;sell;4;5260.0;Mark 55;5255.5;5258.5;5264.5;5265.5;5239.0;5.0;0.4878;0.0;0.0;61.0;61.0;5256.719512195122;17;13;17;13;0;2;4;0;1;6;0.0;-3.0;-11.0;1.1967032904743342;buy;1.5;-4.5;-5.5
142000;1;sell;6;5262.0;Mark 55;5259.0;5262.5;5262.0;5259.0;5238.5;6.0;0.0;0.0;0.0;62.0;62.0;5259.0;13;7;13;7;0;3;5;0;0;4;0.5;0.5;-3.5;1.2190668008406036;buy;-0.5;0.0;3.0
146700;1;buy;7;5260.0;Mark 55;5262.5;5265.5;5264.5;5247.5;5235.5;5.0;0.0;0.0;0.0;54.0;54.0;5262.5;7;14;7;14;0;0;4;0;0;3;-0.5;1.0;1.0;1.1414588352740727;sell;5.5;4.5;-12.5
164000;1;buy;5;5251.0;Mark 55;5254.5;5252.5;5250.5;5249.0;5255.5;5.0;0.0;0.0;0.0;67.0;67.0;5254.5;14;19;14;19;0;0;0;0;1;1;1.0;0.0;3.0;1.1759762370868034;sell;1.5;-0.5;-2.0
168400;1;buy;3;5248.0;Mark 55;5252.0;5249.5;5249.5;5249.5;5252.5;6.0;0.0;0.0;0.0;67.0;67.0;5252.0;19;22;19;22;0;0;1;0;1;3;-0.5;-2.0;-5.0;1.0456619127772984;sell;1.5;1.5;1.5
190600;1;buy;6;5234.0;Mark 55;5236.5;5239.5;5233.5;5240.5;5256.5;5.0;-0.4783;0.0;0.0;51.0;51.0;5235.304347826087;22;28;22;28;0;0;0;0;1;3;-2.0;3.0;-12.0;1.2574844800755411;sell;5.5;-0.5;6.5
190700;1;sell;3;5239.0;Mark 55;5236.5;5239.5;5233.5;5241.5;5257.5;5.0;0.0;0.0;0.0;60.0;60.0;5236.5;28;25;28;25;1;1;1;0;1;3;-1.0;4.0;-11.0;1.2543974277900287;buy;-0.5;5.5;-2.5
191100;1;buy;8;5237.0;Mark 55;5239.0;5237.5;5235.5;5240.5;5259.5;2.0;0.8571;0.3978;-0.037;65.0;70.0;5239.857142857143;25;33;25;33;2;2;2;0;0;3;2.5;4.0;-9.5;1.2465645065838287;sell;0.5;-1.5;3.5
192600;1;buy;3;5231.0;Mark 55;5233.5;5235.5;5235.5;5243.5;5258.5;5.0;-0.5;0.0;0.0;51.0;51.0;5232.25;33;36;33;36;0;3;3;0;0;3;-3.5;-3.0;-13.0;1.2644834825755362;sell;4.5;4.5;12.5
194400;1;buy;5;5234.0;Mark 55;5236.0;5233.5;5234.5;5240.0;5254.0;6.0;0.0;0.0;0.0;54.0;54.0;5236.0;36;41;36;41;0;1;4;0;0;3;-0.5;1.5;-4.5;1.2413150998947904;ambiguous;-0.5;0.5;6.0
195200;1;sell;3;5236.0;Mark 55;5234.5;5234.5;5236.0;5242.0;5253.5;5.0;-0.4713;0.0;0.0;64.0;64.0;5233.3218390804595;41;38;41;38;0;1;5;0;0;3;-0.5;0.0;-7.0;1.2081585056599526;ambiguous;1.5;0.0;-6.0
196100;1;sell;5;5236.0;Mark 55;5236.5;5233.5;5238.5;5244.5;5256.0;5.0;-0.5833;0.0;0.0;57.0;57.0;5235.041666666667;38;33;38;33;0;2;6;0;0;3;1.0;0.0;2.5;1.115487250002377;ambiguous;2.5;-2.5;-8.5
198900;1;sell;5;5243.0;Mark 55;5241.5;5240.5;5241.5;5246.5;5263.5;5.0;-0.5632;0.0;0.0;68.0;68.0;5240.091954022989;33;28;33;28;0;0;7;0;1;1;0.0;5.0;7.0;1.1481432111824503;ambiguous;2.5;1.5;-3.5
199200;1;sell;5;5243.0;Mark 55;5242.5;5239.5;5241.5;5247.5;5265.0;3.0;-0.75;0.0667;0.0667;80.0;70.0;5241.375;28;23;28;23;1;1;8;0;1;1;1.0;6.5;6.0;1.1531089448751786;ambiguous;3.5;1.5;-4.5
203700;1;sell;3;5241.0;Mark 55;5241.0;5242.5;5245.5;5256.5;5264.5;2.0;-0.2;0.0746;0.0746;72.0;62.0;5240.8;23;20;23;20;0;0;5;0;0;1;0.0;-3.0;3.5;1.2638176197627784;ambiguous;-1.5;-4.5;-15.5
210300;1;buy;5;5250.0;Mark 55;5252.5;5251.5;5255.5;5246.5;5253.5;3.0;-0.2857;0.0694;0.0694;77.0;67.0;5252.071428571428;20;25;20;25;0;0;1;0;0;2;2.0;5.0;12.0;1.128355621933992;sell;1.5;5.5;-3.5
215000;1;buy;4;5249.0;Mark 55;5251.0;5253.5;5253.0;5252.5;5253.5;6.0;0.0;0.0;0.0;65.0;65.0;5251.0;25;29;25;29;0;0;1;0;2;4;-2.0;-6.5;7.5;1.0405021038417817;ambiguous;4.5;4.0;3.5
217100;1;sell;4;5257.0;Mark 55;5253.0;5251.0;5251.5;5254.0;5251.0;6.0;0.0;0.0;0.0;74.0;74.0;5253.0;29;25;29;25;0;0;2;0;0;3;3.0;1.5;7.0;1.0612792476370942;buy;6.0;5.5;3.0
218900;1;buy;8;5249.0;Mark 55;5252.0;5251.5;5244.5;5246.5;5247.5;6.0;0.0;0.0;0.0;71.0;71.0;5252.0;25;33;25;33;0;1;3;0;0;2;-0.5;-1.0;5.5;1.1007088828992788;sell;2.5;-4.5;-2.5
221800;1;buy;7;5241.0;Mark 55;5243.5;5246.5;5248.0;5243.0;5259.0;3.0;-0.6;-0.2093;0.1111;65.0;52.0;5242.6;33;40;33;40;0;0;3;0;0;2;0.0;-6.5;-11.0;1.0578125790047996;sell;5.5;7.0;2.0
225100;1;sell;5;5254.0;Mark 55;5252.5;5250.5;5254.0;5247.0;5256.5;5.0;0.0;0.0;0.0;64.0;64.0;5252.5;40;35;40;35;0;0;3;0;0;0;3.5;6.0;1.0;1.0224248212213378;ambiguous;3.5;0.0;7.0
239400;1;buy;6;5251.0;Mark 55;5253.5;5255.5;5258.5;5265.5;5265.5;5.0;0.4667;0.0;0.0;66.0;66.0;5254.666666666667;35;41;35;41;0;0;0;0;1;1;1.0;3.5;5.5;1.0633682166048115;sell;4.5;7.5;14.5
240200;1;sell;3;5258.0;Mark 55;5255.0;5257.5;5261.5;5265.0;5273.5;6.0;0.0;0.0;0.0;53.0;53.0;5255.0;41;38;41;38;0;1;1;0;1;2;0.5;5.0;8.5;1.0517911707514602;buy;0.5;-3.5;-7.0
245600;1;sell;6;5256.0;Mark 55;5253.5;5256.0;5256.5;5263.5;5274.5;5.0;0.0;0.0;0.0;61.0;61.0;5253.5;38;32;38;32;0;0;2;0;0;3;-1.0;-1.5;8.0;1.113977020207716;buy;0.0;-0.5;-7.5
252400;1;sell;6;5267.0;Mark 55;5264.5;5265.5;5265.0;5253.0;5269.5;5.0;-0.5072;0.0;0.0;52.0;52.0;5263.231884057971;32;26;32;26;0;0;1;0;3;5;2.5;0.0;5.0;1.1795713771590408;buy;1.5;2.0;14.0
253900;1;sell;3;5266.0;Mark 55;5264.5;5265.0;5264.5;5254.5;5263.5;5.0;0.0;0.0;0.0;59.0;59.0;5264.5;26;23;26;23;0;1;2;0;0;4;1.0;2.5;8.0;1.127496266891333;ambiguous;1.0;1.5;11.5
263900;1;sell;7;5257.0;Mark 55;5253.5;5252.5;5250.5;5259.5;5259.0;5.0;-0.5584;0.0;0.0;60.0;60.0;5252.103896103896;23;16;23;16;0;0;1;0;1;2;-2.0;-1.5;-10.0;1.294861245988394;buy;4.5;6.5;-2.5
265600;1;buy;5;5248.0;Mark 55;5250.5;5251.0;5249.0;5259.5;5250.0;5.0;0.0;0.0;0.0;55.0;55.0;5250.5;16;21;16;21;0;1;1;1;1;3;-2.0;-3.0;-13.0;1.362532287794353;sell;3.0;1.0;11.5
265800;1;sell;7;5252.0;Mark 55;5246.5;5252.5;5247.5;5258.5;5249.5;1.0;0.2821;0.2427;-0.0986;64.0;78.0;5246.641025641025;21;14;21;14;1;2;2;1;1;3;-4.5;-7.0;-18.0;1.4114512651922686;buy;-0.5;4.5;-6.5
267400;1;sell;3;5253.0;Mark 55;5251.5;5247.5;5250.5;5251.5;5247.5;5.0;0.0;0.0;0.0;55.0;55.0;5251.5;14;11;14;11;0;2;3;0;1;4;2.5;2.5;-13.0;1.4557199242671568;ambiguous;5.5;2.5;1.5
268700;1;sell;5;5251.0;Mark 55;5247.5;5250.0;5259.0;5255.0;5248.0;5.0;0.5227;0.0;0.0;67.0;67.0;5248.806818181818;11;6;11;6;0;1;4;0;0;3;2.0;-1.5;-8.5;1.3503467643692284;buy;1.0;-8.0;-4.0
276500;1;sell;7;5255.0;Mark 55;5253.5;5251.5;5255.5;5265.5;5250.5;5.0;-0.5122;0.0;0.0;62.0;62.0;5252.219512195122;6;-1;6;-1;0;0;2;0;1;3;-3.0;-5.0;3.5;1.000637486836896;ambiguous;3.5;-0.5;-10.5
277400;1;sell;4;5254.0;Mark 55;5251.5;5253.0;5258.5;5266.5;5252.5;5.0;0.0;0.0;0.0;61.0;61.0;5251.5;-1;-5;-1;-5;0;1;3;0;0;3;2.0;-7.0;1.0;1.0347004592161009;buy;1.0;-4.5;-12.5
278300;1;sell;5;5258.0;Mark 55;5256.5;5256.5;5258.5;5265.5;5251.0;3.0;-0.6;0.0395;0.0395;79.0;73.0;5255.6;-5;-10;-5;-10;0;2;3;0;0;3;4.5;4.0;10.0;1.0395701276984732;buy;1.5;-0.5;-7.5
282200;1;buy;7;5260.0;Mark 55;5259.5;5260.0;5261.5;5272.5;5240.5;5.0;0.5556;0.0;0.0;70.0;70.0;5260.888888888889;-10;-3;-10;-3;0;0;3;0;1;4;2.5;1.0;0.0;1.2206141855225958;ambiguous;0.0;1.5;12.5
283400;1;sell;7;5259.0;Mark 55;5257.5;5260.5;5264.5;5271.0;5241.5;5.0;0.5455;0.0;0.0;68.0;68.0;5258.863636363636;-3;-10;-3;-10;0;1;4;0;0;3;-1.5;5.0;-4.0;1.286442058580442;ambiguous;-1.5;-5.5;-12.0
289100;1;sell;5;5271.0;Mark 55;5268.5;5268.0;5273.5;5268.5;5248.5;5.0;0.0;0.0;0.0;54.0;54.0;5268.5;-10;-15;-10;-15;0;0;2;0;0;3;2.0;1.0;13.5;1.3922915160800173;buy;3.0;-2.5;2.5
297400;1;sell;4;5275.0;Mark 55;5272.5;5271.0;5272.0;5271.5;5246.0;5.0;0.4474;0.0;0.0;55.0;55.0;5273.618421052632;-15;-19;-15;-19;0;0;1;0;1;5;-0.5;-2.5;6.0;1.2738090640596182;buy;4.0;3.0;3.5
310600;1;buy;3;5264.0;Mark 55;5265.5;5264.5;5264.0;5246.5;5248.0;1.0;0.2414;0.3763;-0.0791;64.0;75.0;5265.620689655172;-19;-16;-19;-16;0;0;0;1;2;4;-3.0;-4.0;-4.5;1.1936086297715836;sell;0.5;0.0;-17.5
314500;1;buy;4;5251.0;Mark 55;5253.5;5250.5;5247.5;5250.5;5252.0;5.0;-0.4483;0.0;0.0;63.0;63.0;5252.379310344828;-16;-12;-16;-12;0;0;1;0;1;5;-4.0;-11.0;-12.5;1.033146205792093;sell;-0.5;-3.5;-0.5
318900;1;sell;4;5250.0;Mark 55;5247.5;5248.5;5248.5;5248.5;5251.0;5.0;0.4667;0.0;0.0;55.0;55.0;5248.666666666667;-12;-16;-12;-16;0;0;2;0;0;3;-2.0;2.5;-19.5;0.9687495371603504;buy;1.5;1.5;1.5
321900;1;sell;7;5253.0;Mark 55;5250.0;5253.5;5251.5;5241.5;5249.5;6.0;0.0;0.0;0.0;56.0;56.0;5250.0;-16;-23;-16;-23;0;0;2;0;0;1;4.5;6.5;-15.5;1.1362850702357796;buy;-0.5;1.5;11.5
324100;1;sell;7;5254.0;Mark 55;5254.5;5249.5;5251.5;5247.5;5255.5;3.0;-0.7867;-0.3958;0.0563;75.0;67.0;5253.32;-23;-30;-23;-30;0;0;3;0;0;0;1.5;1.0;-2.0;1.171891314123085;ambiguous;4.5;2.5;6.5
328500;1;buy;4;5249.0;Mark 55;5250.5;5249.5;5245.5;5248.5;5250.5;5.0;0.0;0.0;0.0;63.0;63.0;5250.5;-30;-26;-30;-26;0;0;3;0;0;0;-2.5;0.0;1.0;1.1590221365570559;ambiguous;0.5;-3.5;-0.5
342000;1;buy;6;5249.0;Mark 55;5249.5;5249.5;5250.0;5244.5;5245.0;5.0;0.4493;0.0;0.0;50.0;50.0;5250.623188405797;-26;-20;-26;-20;0;0;0;0;1;3;1.0;-0.5;8.0;1.336562511446961;ambiguous;0.5;1.0;-4.5
345700;1;buy;7;5245.0;Mark 55;5248.5;5246.5;5247.5;5240.5;5242.5;5.0;0.4933;0.0;0.0;56.0;56.0;5249.733333333334;-20;-13;-20;-13;0;0;1;0;1;3;3.0;-3.5;0.0;1.1634153830577252;sell;1.5;2.5;-4.5
358100;1;buy;6;5245.0;Mark 55;5246.5;5247.5;5248.5;5250.5;5238.5;5.0;0.0;0.0;0.0;53.0;53.0;5246.5;-13;-7;-13;-7;0;0;0;0;0;0;0.0;5.0;-1.0;0.976956203798509;ambiguous;2.5;3.5;5.5
364900;1;buy;7;5251.0;Mark 55;5253.5;5253.5;5251.5;5251.5;5236.5;5.0;0.0;0.0;0.0;57.0;57.0;5253.5;-7;0;-7;0;0;0;1;0;0;0;0.0;2.0;11.0;1.0696821853023966;sell;2.5;0.5;0.5
365600;1;buy;8;5250.0;Mark 55;5252.0;5249.0;5250.0;5249.5;5233.5;2.0;0.6667;-0.0376;-0.0376;64.0;69.0;5252.666666666667;0;8;0;8;0;1;2;0;0;0;-0.5;-5.5;10.5;1.066649448896851;sell;-1.0;0.0;-0.5
374100;1;buy;6;5253.0;Mark 55;5254.5;5254.0;5247.5;5249.5;5233.0;5.0;0.5844;0.0;0.0;61.0;61.0;5255.961038961039;8;14;8;14;0;0;2;0;0;1;-1.5;1.5;0.0;1.2060453783110545;ambiguous;1.0;-5.5;-3.5
374400;1;buy;4;5253.0;Mark 55;5254.5;5251.5;5247.5;5248.5;5232.0;5.0;0.4737;0.0;0.0;70.0;70.0;5255.684210526316;14;18;14;18;1;1;3;0;0;1;0.0;2.0;1.0;1.2080951656185446;ambiguous;-1.5;-5.5;-4.5
381700;1;sell;8;5255.0;Mark 55;5251.5;5252.5;5248.5;5242.5;5230.5;5.0;0.4949;0.0;0.0;74.0;74.0;5252.737373737374;18;10;18;10;0;0;2;0;1;1;-1.0;1.5;2.0;1.1007784020868912;buy;2.5;6.5;12.5
383700;1;buy;7;5246.0;Mark 55;5248.5;5249.5;5249.5;5243.5;5231.5;5.0;0.5269;0.0;0.0;71.0;71.0;5249.817204301075;10;17;10;17;0;1;3;0;0;1;-1.0;-4.0;-6.0;1.083094909131001;sell;3.5;3.5;-2.5
385900;1;buy;3;5245.0;Mark 55;5248.5;5245.0;5246.5;5243.5;5232.0;5.0;0.4839;0.0;0.0;46.0;46.0;5249.709677419355;17;20;17;20;0;0;2;0;0;1;0.0;-2.0;1.0;1.0468321572986452;sell;0.0;1.5;-1.5
386000;1;buy;8;5244.0;Mark 55;5247.5;5245.5;5246.5;5243.5;5230.5;5.0;-0.4725;0.0;0.0;67.0;67.0;5246.318681318681;20;28;20;28;1;1;3;0;0;1;-2.0;-3.0;0.0;1.051694159944138;sell;1.5;2.5;-0.5
392300;1;buy;5;5242.0;Mark 55;5245.5;5243.5;5239.5;5240.5;5234.0;5.0;0.52;0.0;0.0;57.0;57.0;5246.8;28;33;28;33;0;0;3;0;0;1;1.5;0.5;-7.0;1.11239595134838;sell;1.5;-2.5;-1.5
394700;1;buy;8;5237.0;Mark 55;5239.5;5239.5;5242.5;5243.5;5241.5;5.0;0.4353;0.0;0.0;61.0;61.0;5240.588235294118;33;41;33;41;0;0;3;0;2;3;-1.0;-5.0;-8.5;1.1785978744673733;sell;2.5;5.5;6.5
398400;1;buy;6;5235.0;Mark 55;5238.5;5238.5;5243.5;5238.5;5249.5;5.0;0.0;0.0;0.0;65.0;65.0;5238.5;41;47;41;47;0;0;2;0;0;5;-1.0;-3.0;-9.5;1.1363524129636553;sell;3.5;8.5;3.5
400100;1;buy;8;5240.0;Mark 55;5241.5;5243.5;5243.5;5236.5;5246.5;5.0;0.0;0.0;0.0;67.0;67.0;5241.5;47;55;47;55;0;1;3;0;0;4;1.0;2.5;-1.5;1.0811856227218954;ambiguous;3.5;3.5;-3.5
402400;1;buy;6;5240.0;Mark 55;5240.5;5244.0;5244.0;5235.5;5249.0;5.0;-0.5;0.0;0.0;66.0;66.0;5239.25;55;61;55;61;0;0;3;0;1;5;-4.0;-3.0;-4.0;1.0699682985881755;ambiguous;4.0;4.0;-4.5
404200;1;sell;4;5247.0;Mark 55;5244.5;5243.5;5242.5;5236.0;5249.5;5.0;0.4177;0.0;0.0;56.0;56.0;5245.544303797468;61;57;61;57;0;1;4;0;1;4;2.0;4.5;4.0;1.031515428471913;buy;3.5;4.5;11.0
406400;1;sell;5;5246.0;Mark 55;5244.0;5243.0;5238.5;5233.5;5246.5;6.0;0.0;0.0;0.0;69.0;69.0;5244.0;57;52;57;52;0;0;4;0;0;2;1.5;0.0;2.5;1.0786582981230826;ambiguous;3.0;7.5;12.5
410600;1;sell;6;5239.0;Mark 55;5235.0;5235.0;5235.5;5225.5;5250.5;6.0;0.0;0.0;0.0;56.0;56.0;5235.0;52;46;52;46;0;0;3;0;0;2;-1.5;-2.5;-8.5;1.167835786592655;buy;4.0;3.5;13.5
415700;1;sell;3;5234.0;Mark 55;5233.5;5233.5;5231.5;5235.5;5254.5;5.0;0.0;0.0;0.0;66.0;66.0;5233.5;46;43;46;43;0;0;2;0;0;2;-0.5;0.0;-10.0;1.0777356499676072;ambiguous;0.5;2.5;-1.5
424500;1;sell;7;5235.0;Mark 55;5232.0;5234.5;5234.5;5230.5;5253.0;6.0;0.0;0.0;0.0;51.0;51.0;5232.0;43;36;43;36;0;0;1;0;0;1;-0.5;3.5;-5.5;1.0344785659834799;buy;0.5;0.5;4.5
426800;1;buy;8;5232.0;Mark 55;5234.5;5234.5;5231.0;5235.0;5255.0;5.0;0.4;0.0;0.0;56.0;56.0;5235.5;36;44;36;44;0;0;1;0;0;1;-1.0;2.0;2.0;1.1279712545570608;sell;2.5;-1.0;3.0
427600;1;sell;8;5237.0;Mark 55;5234.0;5231.5;5230.5;5231.5;5258.5;6.0;0.0;0.0;0.0;50.0;50.0;5234.0;44;36;44;36;0;1;2;0;0;1;-1.5;-1.0;2.5;1.1109504016007445;buy;5.5;6.5;5.5
430200;1;sell;3;5230.0;Mark 55;5227.5;5227.5;5229.5;5234.5;5251.5;5.0;0.4737;0.0;0.0;56.0;56.0;5228.684210526316;36;33;36;33;0;0;3;0;0;0;-3.0;-4.0;0.0;1.143713604046401;buy;2.5;0.5;-4.5
431700;1;sell;4;5233.0;Mark 55;5229.5;5229.5;5231.5;5232.5;5243.5;5.0;0.3976;0.0;0.0;58.0;58.0;5230.493975903614;33;29;33;29;0;1;4;0;1;1;-1.0;-1.0;1.0;1.1611988710293288;buy;3.5;1.5;0.5
432100;1;sell;3;5234.0;Mark 55;5231.5;5229.0;5230.0;5233.5;5243.5;5.0;0.0;0.0;0.0;62.0;62.0;5231.5;29;26;29;26;1;2;5;0;1;1;2.0;4.0;2.0;1.1632399717664068;buy;5.0;4.0;0.5
445900;1;sell;4;5249.0;Mark 55;5245.0;5248.5;5253.5;5246.5;5239.5;6.0;0.0;0.0;0.0;60.0;60.0;5245.0;26;22;26;22;0;0;0;0;1;2;2.0;5.5;13.0;1.006508763920002;buy;0.5;-4.5;2.5
458400;1;sell;3;5248.0;Mark 55;5245.5;5246.0;5250.5;5249.5;5262.5;5.0;0.5181;0.0;0.0;63.0;63.0;5246.795180722892;22;19;22;19;0;0;0;0;0;4;2.0;-1.0;-4.0;1.1799605533484678;buy;2.0;-2.5;-1.5
460700;1;sell;6;5254.0;Mark 55;5250.5;5252.0;5255.5;5254.0;5263.0;5.0;-0.4769;0.0;0.0;48.0;48.0;5249.307692307692;19;13;19;13;0;0;1;0;1;5;0.0;5.0;2.0;1.130207793353742;buy;2.0;-1.5;0.0
465300;1;sell;8;5255.0;Mark 55;5250.5;5254.5;5250.5;5253.5;5267.5;5.0;0.0;0.0;0.0;55.0;55.0;5250.5;13;5;13;5;0;0;2;0;0;2;-2.5;-1.0;4.0;1.0979245058699327;buy;0.5;4.5;1.5
469600;1;buy;7;5252.0;Mark 55;5253.5;5254.5;5250.5;5249.5;5258.5;5.0;0.5588;0.0;0.0;53.0;53.0;5254.89705882353;5;12;5;12;0;0;2;1;2;4;1.5;4.0;5.5;1.1279034114229103;ambiguous;2.5;-1.5;-2.5
470400;1;sell;4;5257.0;Mark 55;5254.0;5250.5;5252.5;5249.5;5260.0;6.0;0.0;0.0;0.0;50.0;50.0;5254.0;12;8;12;8;0;1;3;0;1;3;2.5;4.5;3.5;1.148676280875111;buy;6.5;4.5;7.5
472600;1;buy;3;5249.0;Mark 55;5251.5;5251.5;5253.5;5244.5;5259.0;5.0;0.4824;0.0;0.0;63.0;63.0;5252.705882352941;8;11;8;11;0;0;3;0;0;2;-1.0;-3.0;-3.5;1.1939505032896813;sell;2.5;4.5;-4.5
478900;1;buy;4;5250.0;Mark 55;5252.5;5249.5;5249.5;5241.5;5253.0;5.0;0.0;0.0;0.0;55.0;55.0;5252.5;11;15;11;15;0;0;3;0;1;3;0.0;-3.0;0.0;1.1785113019775793;sell;-0.5;-0.5;-8.5
483100;1;sell;8;5245.0;Mark 55;5242.5;5238.5;5242.0;5241.5;5248.5;5.0;-0.4545;0.0;0.0;56.0;56.0;5241.363636363636;15;7;15;7;0;0;1;0;0;3;-2.0;-6.0;-9.0;1.0307485667693908;buy;6.5;3.0;3.5
489700;1;buy;6;5237.0;Mark 55;5240.0;5241.0;5244.5;5243.5;5235.5;6.0;0.0;0.0;0.0;72.0;72.0;5240.0;7;13;7;13;0;0;1;0;0;3;-0.5;1.5;-9.0;1.0059510710725958;sell;4.0;7.5;6.5
490900;1;sell;5;5246.0;Mark 55;5242.5;5244.5;5243.5;5245.5;5238.5;5.0;-0.5158;0.0;0.0;72.0;72.0;5241.210526315789;13;8;13;8;0;1;2;0;0;2;1.5;1.0;-7.0;1.032331139150174;buy;1.5;2.5;0.5
492100;1;buy;5;5241.0;Mark 55;5243.5;5244.0;5240.5;5250.5;5237.5;5.0;-0.4949;0.0;0.0;74.0;74.0;5242.262626262626;8;13;8;13;0;1;3;0;0;2;-1.5;1.0;0.0;1.0224747162910903;sell;3.0;-0.5;9.5
496200;1;buy;5;5239.0;Mark 55;5241.0;5240.0;5239.5;5256.5;5233.5;6.0;0.0;0.0;0.0;54.0;54.0;5241.0;13;18;13;18;0;0;3;0;0;2;1.5;1.0;-2.0;0.9098762040313976;ambiguous;1.0;0.5;17.5
498400;1;buy;7;5238.0;Mark 55;5241.5;5242.5;5243.5;5262.5;5232.5;5.0;0.0;0.0;0.0;58.0;58.0;5241.5;18;25;18;25;0;0;4;1;1;2;0.0;2.0;1.0;0.9974204051173378;sell;4.5;5.5;24.5
506200;1;buy;5;5254.0;Mark 55;5257.5;5258.5;5262.5;5267.5;5226.5;5.0;0.5682;0.0;0.0;69.0;69.0;5258.920454545455;25;30;25;30;0;0;2;0;1;2;-1.0;6.0;16.0;1.0890369270257418;sell;4.5;8.5;13.5
514500;1;buy;6;5265.0;Mark 55;5266.5;5268.5;5265.5;5258.0;5232.5;5.0;0.5775;0.0;0.0;56.0;56.0;5267.943661971831;30;36;30;36;0;0;1;1;1;3;2.5;0.0;12.0;1.0567027741916784;ambiguous;3.5;0.5;-7.0
516800;1;buy;5;5261.0;Mark 55;5264.5;5263.5;5260.5;5253.5;5235.5;5.0;0.5333;0.0;0.0;69.0;69.0;5265.833333333333;36;41;36;41;0;0;1;0;0;2;-3.0;-4.0;5.0;1.0812799876029584;sell;2.5;-0.5;-7.5
521800;1;sell;3;5265.0;Mark 55;5261.0;5260.5;5260.5;5251.5;5237.0;6.0;0.0;0.0;0.0;60.0;60.0;5261.0;41;38;41;38;0;0;2;0;1;2;0.5;1.5;-7.5;1.0034376175635422;buy;4.5;4.5;13.5
527700;1;sell;6;5255.0;Mark 55;5251.5;5252.5;5253.0;5237.5;5236.5;5.0;-0.4725;0.0;0.0;67.0;67.0;5250.318681318681;38;32;38;32;0;0;1;0;1;4;1.0;-5.0;-8.0;1.1408553204315273;buy;2.5;2.0;17.5
528600;1;sell;4;5254.0;Mark 55;5251.5;5253.5;5252.5;5235.5;5235.5;5.0;0.5116;0.0;0.0;65.0;65.0;5252.779069767442;32;28;32;28;0;1;2;0;0;4;-2.0;-3.5;-8.0;1.1496751203531121;buy;0.5;1.5;18.5
529400;1;sell;4;5256.0;Mark 55;5252.5;5251.5;5252.5;5237.5;5237.5;5.0;0.0;0.0;0.0;64.0;64.0;5252.5;28;24;28;24;0;2;3;0;0;4;-0.5;2.0;-5.0;1.1557824528246312;buy;4.5;3.5;18.5
534100;1;buy;3;5244.0;Mark 55;5246.5;5245.5;5241.5;5238.5;5238.5;5.0;0.0;0.0;0.0;63.0;63.0;5246.5;24;27;24;27;0;0;3;0;0;3;-1.0;-5.0;-12.0;1.1744134772773396;sell;1.5;-2.5;-5.5
540700;1;buy;7;5238.0;Mark 55;5238.5;5238.5;5236.0;5234.5;5239.5;5.0;0.0;0.0;0.0;64.0;64.0;5238.5;27;34;27;34;0;0;1;0;0;2;1.5;3.0;-14.0;1.0493875174692247;ambiguous;0.5;-2.0;-3.5
544300;1;buy;4;5236.0;Mark 55;5238.5;5237.5;5234.5;5230.5;5238.5;5.0;0.5952;0.0;0.0;67.0;67.0;5239.988095238095;34;38;34;38;0;0;1;0;0;2;1.5;1.0;-6.5;1.081633782584757;sell;1.5;-1.5;-5.5
545000;1;buy;4;5235.0;Mark 55;5238.0;5238.5;5230.5;5231.0;5238.5;6.0;0.0;0.0;0.0;50.0;50.0;5238.0;38;42;38;42;0;1;2;0;1;3;2.0;3.5;-6.0;1.0642793532627846;sell;3.5;-4.5;-4.0
547800;1;buy;3;5232.0;Mark 55;5234.0;5233.5;5233.5;5225.5;5238.0;6.0;0.0;0.0;0.0;65.0;65.0;5234.0;42;45;42;45;0;0;3;0;0;2;2.0;-3.5;-5.5;1.0891774509421561;ambiguous;1.5;1.5;-6.5
557200;1;buy;4;5225.0;Mark 55;5228.0;5224.5;5228.5;5234.0;5222.5;6.0;0.0;0.0;0.0;64.0;64.0;5228.0;45;49;45;49;0;0;1;0;1;3;2.0;-3.5;-4.5;1.2654916980497637;sell;-0.5;3.5;9.0
568200;1;sell;7;5237.0;Mark 55;5235.0;5238.5;5235.0;5237.5;5232.5;6.0;0.0;0.0;0.0;52.0;52.0;5235.0;49;42;49;42;0;0;0;0;0;4;-0.5;-2.5;10.5;1.1918763902604326;ambiguous;-1.5;2.0;-0.5
581100;1;sell;7;5240.0;Mark 55;5238.0;5233.5;5236.5;5241.5;5221.5;6.0;0.0;0.0;0.0;48.0;48.0;5238.0;42;35;42;35;0;0;0;0;0;5;2.5;1.5;0.5;1.0648064970862634;ambiguous;6.5;3.5;-1.5
584800;1;buy;7;5234.0;Mark 55;5236.0;5239.5;5243.5;5241.0;5215.0;6.0;0.0;0.0;0.0;66.0;66.0;5236.0;35;42;35;42;0;0;1;0;1;5;-1.0;-0.5;3.0;1.1455186770567152;ambiguous;5.5;9.5;7.0
597200;1;buy;7;5237.0;Mark 55;5238.5;5239.5;5239.5;5222.5;5206.0;5.0;0.5455;0.0;0.0;68.0;68.0;5239.863636363636;42;49;42;49;0;0;0;0;1;3;-5.0;-2.0;-6.5;1.2363322766208396;ambiguous;2.5;2.5;-14.5
597400;1;buy;4;5237.0;Mark 55;5238.5;5238.5;5237.5;5225.5;5204.5;5.0;-0.375;0.0;0.0;55.0;55.0;5237.5625;49;53;49;53;1;1;1;0;0;3;-2.5;-3.0;-9.0;1.225494409326739;ambiguous;1.5;0.5;-11.5
609900;1;buy;6;5222.0;Mark 55;5225.5;5223.5;5220.0;5234.0;5212.5;5.0;0.5696;0.0;0.0;62.0;62.0;5226.9240506329115;53;59;53;59;0;0;0;0;1;4;1.5;4.0;-9.0;1.0715881642476923;sell;1.5;-2.0;12.0
612500;1;buy;5;5219.0;Mark 55;5221.5;5227.0;5232.5;5237.5;5214.5;5.0;0.5128;0.0;0.0;59.0;59.0;5222.782051282052;59;64;59;64;0;0;1;0;0;3;-1.0;-2.0;-7.0;1.0612792476370942;sell;8.0;13.5;18.5
616300;1;buy;5;5228.0;Mark 55;5231.5;5232.5;5233.0;5232.5;5224.5;5.0;0.5641;0.0;0.0;61.0;61.0;5232.910256410257;64;69;64;69;0;0;2;0;0;3;1.0;-2.0;5.0;1.1535954980870962;sell;4.5;5.0;4.5
617400;1;buy;7;5231.0;Mark 55;5232.5;5234.0;5231.5;5228.5;5224.0;5.0;0.5897;0.0;0.0;62.0;62.0;5233.974358974359;69;76;69;76;0;1;3;0;0;3;0.0;3.0;7.0;1.0848127451178877;ambiguous;3.0;0.5;-2.5
619800;1;sell;7;5236.0;Mark 55;5233.5;5231.5;5234.5;5220.0;5218.5;5.0;-0.4103;0.0;0.0;55.0;55.0;5232.474358974359;76;69;76;69;0;0;4;0;1;3;2.0;0.0;8.0;1.0653094364973288;buy;4.5;1.5;16.0
620500;1;sell;3;5235.0;Mark 55;5232.5;5230.5;5237.5;5219.5;5219.5;5.0;-0.5366;0.0;0.0;63.0;63.0;5231.158536585366;69;66;69;66;0;1;4;0;1;3;-2.0;1.0;9.0;1.0739421301011727;buy;4.5;-2.5;15.5
621900;1;sell;6;5236.0;Mark 55;5234.5;5234.5;5239.5;5220.5;5219.5;5.0;0.0;0.0;0.0;67.0;67.0;5234.5;66;60;66;60;0;1;5;0;0;3;1.0;0.5;14.5;1.0666016203001452;ambiguous;1.5;-3.5;15.5
626000;1;buy;4;5232.0;Mark 55;5235.0;5231.5;5228.5;5223.5;5228.5;6.0;0.0;0.0;0.0;57.0;57.0;5235.0;60;64;60;64;0;0;5;0;1;3;-2.5;-4.5;6.5;1.0909324726263443;sell;-0.5;-3.5;-8.5
628300;1;buy;7;5225.0;Mark 55;5227.5;5222.5;5221.5;5213.5;5227.5;5.0;0.0;0.0;0.0;73.0;73.0;5227.5;64;71;64;71;0;0;4;1;1;4;-1.5;-5.0;-5.5;1.096110867929138;sell;-2.5;-3.5;-11.5
634500;1;sell;5;5218.0;Mark 55;5216.5;5217.0;5218.5;5206.5;5229.0;5.0;-0.5165;0.0;0.0;69.0;69.0;5215.208791208791;71;66;71;66;0;0;2;0;1;3;-2.0;0.0;-22.5;1.073728346456156;ambiguous;1.0;-0.5;11.5
646100;1;sell;3;5211.0;Mark 55;5208.5;5206.5;5206.5;5206.5;5238.0;5.0;0.4762;0.0;0.0;62.0;62.0;5209.690476190476;66;63;66;63;0;0;0;0;1;2;0.0;-4.0;-15.0;1.0670798097975156;buy;4.5;4.5;4.5
648200;1;sell;6;5208.0;Mark 55;5206.5;5202.5;5200.5;5208.5;5236.5;5.0;0.4667;0.0;0.0;66.0;66.0;5207.666666666667;63;57;63;57;0;0;1;0;0;2;0.0;-3.0;-6.5;1.0141585173011505;ambiguous;5.5;7.5;-0.5
650300;1;buy;6;5198.0;Mark 55;5200.5;5201.0;5200.5;5213.5;5239.5;5.0;0.4947;0.0;0.0;71.0;71.0;5201.736842105263;57;63;57;63;0;0;2;0;0;2;-1.5;-6.0;-15.0;1.013680526283499;sell;3.0;2.5;15.5
654300;1;buy;8;5205.0;Mark 55;5206.5;5209.5;5205.5;5212.5;5254.5;5.0;0.0;0.0;0.0;55.0;55.0;5206.5;63;71;63;71;0;0;3;0;0;2;0.5;6.0;-3.5;0.993037695614695;ambiguous;4.5;0.5;7.5
655100;1;sell;8;5210.0;Mark 55;5207.5;5205.5;5210.5;5217.5;5254.5;5.0;-0.5632;0.0;0.0;68.0;68.0;5206.091954022989;71;63;71;63;0;1;4;0;0;1;-2.0;5.0;-0.5;0.9652940869066363;buy;4.5;-0.5;-7.5
679600;1;sell;6;5227.0;Mark 55;5226.0;5223.5;5222.5;5237.5;5264.5;6.0;0.0;0.0;0.0;67.0;67.0;5226.0;63;57;63;57;0;0;0;0;0;1;-0.5;-1.5;6.0;0.9408590725006075;ambiguous;3.5;4.5;-10.5
688400;1;sell;6;5236.0;Mark 55;5233.5;5236.5;5237.5;5235.5;5270.5;5.0;-0.4444;0.0;0.0;65.0;65.0;5232.388888888889;57;51;57;51;0;0;1;0;0;1;3.5;3.0;7.0;1.206066527911286;buy;-0.5;-1.5;0.5
688600;1;sell;5;5237.0;Mark 55;5234.5;5234.5;5238.5;5235.5;5270.5;5.0;-0.4878;0.0;0.0;61.0;61.0;5233.280487804878;51;46;51;46;1;1;2;0;0;1;3.0;3.5;8.0;1.201234782867639;buy;2.5;-1.5;1.5
693000;1;buy;8;5230.0;Mark 55;5235.0;5234.0;5242.5;5250.5;5266.5;2.0;-0.0345;0.1296;0.1296;61.0;47.0;5234.9655172413795;46;54;46;54;0;0;2;0;0;1;-0.5;-5.5;10.5;1.2335231780028861;sell;4.0;12.5;20.5
694600;1;buy;3;5237.0;Mark 55;5238.5;5243.0;5238.5;5255.5;5277.0;5.0;-0.4054;0.0;0.0;52.0;52.0;5237.486486486487;54;57;54;57;0;1;3;0;1;2;0.5;4.0;11.5;1.1759979274621906;ambiguous;6.0;1.5;18.5
702700;1;sell;8;5249.0;Mark 55;5244.0;5250.5;5254.5;5263.5;5268.5;2.0;0.7381;0.3394;-0.0701;73.0;84.0;5244.738095238095;57;49;57;49;0;0;2;1;1;2;0.0;3.0;9.5;0.9605258652225107;buy;-1.5;-5.5;-14.5
713900;1;sell;6;5275.0;Mark 55;5272.5;5271.5;5271.5;5270.0;5267.5;5.0;0.0;0.0;0.0;61.0;61.0;5272.5;49;43;49;43;0;0;0;0;1;2;4.0;7.5;19.5;1.121007352308722;buy;3.5;3.5;5.0
716000;1;buy;7;5270.0;Mark 55;5271.5;5272.5;5268.5;5261.5;5272.5;5.0;0.0;0.0;0.0;65.0;65.0;5271.5;43;50;43;50;0;0;1;0;0;1;-0.5;-1.0;13.5;1.0416046813513462;ambiguous;2.5;-1.5;-8.5
720500;1;buy;6;5264.0;Mark 55;5267.5;5265.5;5263.5;5268.5;5267.5;3.0;-0.3043;-0.3333;0.08;54.0;46.0;5267.04347826087;50;56;50;56;0;0;2;0;0;1;1.0;2.0;11.0;0.9963457361971091;sell;1.5;-0.5;4.5
721200;1;buy;4;5263.0;Mark 55;5265.5;5264.5;5266.5;5273.5;5265.5;5.0;0.5054;0.0;0.0;70.0;70.0;5266.763440860215;56;60;56;60;0;1;3;0;0;1;-1.0;-2.0;7.0;0.9898732216806908;sell;1.5;3.5;10.5
722300;1;sell;6;5265.0;Mark 55;5263.0;5265.5;5268.5;5280.5;5262.5;6.0;0.0;0.0;0.0;51.0;51.0;5263.0;60;54;60;54;0;2;4;0;0;1;-0.5;-3.5;0.5;0.9521240197392309;ambiguous;-0.5;-3.5;-15.5
725800;1;sell;8;5265.0;Mark 55;5263.5;5262.5;5258.5;5279.5;5261.5;5.0;0.0;0.0;0.0;60.0;60.0;5263.5;54;46;54;46;0;0;4;1;1;1;-3.0;-5.5;-9.0;0.9933202062475008;ambiguous;2.5;6.5;-14.5
726600;1;sell;7;5264.0;Mark 55;5261.5;5259.5;5257.5;5275.5;5267.5;5.0;0.5082;0.0;0.0;46.0;46.0;5262.770491803279;46;39;46;39;0;1;4;0;1;1;-2.0;-7.0;-11.0;0.9887129567708942;buy;4.5;6.5;-11.5
728300;1;sell;5;5261.0;Mark 55;5257.5;5260.5;5266.5;5271.5;5268.0;5.0;0.3924;0.0;0.0;55.0;55.0;5258.481012658228;39;34;39;34;0;1;5;0;0;1;-1.0;-5.0;-10.0;1.024891711401741;buy;0.5;-5.5;-10.5
741600;1;buy;5;5263.0;Mark 55;5264.0;5264.5;5269.5;5268.0;5259.5;6.0;0.0;0.0;0.0;66.0;66.0;5264.0;34;39;34;39;0;0;0;0;0;0;1.0;-3.5;-14.0;1.0660992904855335;ambiguous;1.5;6.5;5.0
752500;1;sell;3;5272.0;Mark 55;5270.5;5265.5;5261.5;5271.5;5241.5;5.0;-0.4177;0.0;0.0;56.0;56.0;5269.455696202532;39;36;39;36;0;0;0;0;0;2;0.0;0.0;6.0;0.919136417460794;ambiguous;6.5;10.5;0.5
755800;1;buy;4;5260.0;Mark 55;5262.5;5265.5;5269.5;5270.5;5244.5;5.0;0.5309;0.0;0.0;62.0;62.0;5263.827160493827;36;40;36;40;0;0;1;0;0;2;1.0;2.0;-14.0;0.942917254958785;sell;5.5;9.5;10.5
765100;1;buy;4;5265.0;Mark 55;5266.0;5269.5;5274.5;5262.0;5227.5;2.0;0.7193;-0.0755;-0.0755;49.0;57.0;5266.7192982456145;40;44;40;44;0;0;1;0;0;2;-3.5;-4.5;3.5;1.1038329118281336;sell;4.5;9.5;-3.0
767200;1;sell;3;5276.0;Mark 55;5274.5;5274.5;5271.5;5264.5;5233.5;5.0;-0.5467;0.0;0.0;58.0;58.0;5273.133333333333;44;41;44;41;0;0;1;0;0;2;3.0;8.0;5.5;1.096110867929138;ambiguous;1.5;4.5;11.5
768700;1;buy;5;5270.0;Mark 55;5272.0;5271.5;5267.5;5268.5;5232.5;6.0;0.0;0.0;0.0;62.0;62.0;5272.0;41;46;41;46;0;1;2;0;0;2;-3.5;0.5;-4.5;1.0300801898050627;ambiguous;1.5;-2.5;-1.5
771700;1;sell;7;5264.0;Mark 55;5262.5;5263.5;5260.5;5256.5;5245.5;5.0;-0.4667;0.0;0.0;66.0;66.0;5261.333333333333;46;39;46;39;0;0;3;0;0;1;-3.0;-7.0;-11.0;1.0458082649550349;ambiguous;0.5;3.5;7.5
772600;1;sell;8;5265.0;Mark 55;5262.5;5261.5;5261.0;5259.5;5242.5;5.0;0.4321;0.0;0.0;58.0;58.0;5263.580246913581;39;31;39;31;0;1;4;1;1;1;0.0;-5.0;-10.0;1.0419964277546854;buy;3.5;4.0;5.5
787800;1;sell;4;5261.0;Mark 55;5257.0;5259.5;5264.5;5256.5;5253.5;6.0;0.0;0.0;0.0;51.0;51.0;5257.0;31;27;31;27;0;0;0;1;1;1;0.0;2.5;-10.0;1.24312208372689;buy;1.5;-3.5;4.5
794900;1;buy;6;5251.0;Mark 55;5256.5;5254.0;5252.5;5240.0;5258.5;3.0;-0.7838;-0.4667;0.0571;74.0;66.0;5255.324324324324;27;33;27;33;0;0;1;1;1;3;3.0;-0.5;0.5;1.3418194896869644;sell;3.0;1.5;-11.0
796600;1;buy;8;5251.0;Mark 55;5252.5;5254.5;5256.5;5247.0;5261.5;5.0;-0.5294;0.0;0.0;52.0;52.0;5251.176470588235;33;41;33;41;0;1;2;0;1;3;-1.0;-1.5;-3.0;1.3904765948040578;ambiguous;3.5;5.5;-4.0
799900;1;buy;8;5249.0;Mark 55;5249.5;5249.5;5245.5;5244.5;5264.5;5.0;0.475;0.0;0.0;59.0;59.0;5250.6875;41;49;41;49;0;0;2;0;0;2;-3.5;-5.0;-16.0;1.3405642616214941;ambiguous;0.5;-3.5;-4.5
802800;1;sell;3;5243.0;Mark 55;5239.5;5240.5;5240.5;5233.5;5269.0;5.0;-0.5476;0.0;0.0;65.0;65.0;5238.130952380952;49;46;49;46;0;0;3;0;0;1;-5.0;-9.0;-17.0;1.1958717207683334;buy;2.5;2.5;9.5
810100;1;sell;4;5245.0;Mark 55;5243.0;5240.5;5236.5;5236.5;5263.0;6.0;0.0;0.0;0.0;55.0;55.0;5243.0;46;42;46;42;0;0;1;0;0;2;-4.5;-6.5;-8.5;1.2082218423808109;ambiguous;4.5;8.5;8.5
812400;1;buy;8;5233.0;Mark 55;5234.5;5232.0;5229.5;5243.5;5256.0;5.0;0.5682;0.0;0.0;69.0;69.0;5235.920454545455;42;50;42;50;0;0;2;0;0;2;-2.5;-7.0;-9.5;1.1713688092383212;ambiguous;-1.0;-3.5;10.5
815000;1;sell;5;5230.0;Mark 55;5228.5;5229.5;5232.5;5250.5;5255.5;5.0;0.3976;0.0;0.0;58.0;58.0;5229.493975903614;50;45;50;45;0;0;2;0;0;2;-1.0;-3.0;-11.0;1.142731875449999;ambiguous;0.5;-2.5;-20.5
818100;1;sell;7;5234.0;Mark 55;5230.0;5233.5;5236.5;5239.5;5251.0;2.0;0.6667;-0.0355;-0.0355;68.0;73.0;5230.666666666667;45;38;45;38;0;0;3;1;1;2;-2.5;-1.5;-19.5;1.0045808760151986;buy;0.5;-2.5;-5.5
818500;1;buy;7;5231.0;Mark 55;5232.5;5230.5;5239.5;5236.5;5249.5;5.0;0.0;0.0;0.0;69.0;69.0;5232.5;38;45;38;45;1;1;4;0;1;2;2.5;2.0;-19.0;0.9941929133853297;ambiguous;-0.5;8.5;5.5
822000;1;sell;8;5245.0;Mark 55;5242.0;5241.0;5248.5;5241.5;5243.5;6.0;0.0;0.0;0.0;53.0;53.0;5242.0;45;37;45;37;0;0;4;0;0;2;-2.5;6.0;5.5;1.2286333231982502;buy;4.0;-3.5;3.5
822200;1;buy;7;5241.0;Mark 55;5242.5;5244.0;5248.5;5241.5;5244.0;5.0;-0.4186;0.0;0.0;61.0;61.0;5241.453488372093;37;44;37;44;1;1;5;0;0;2;-3.0;5.0;8.0;1.2117002636063052;ambiguous;3.0;7.5;0.5
824200;1;sell;4;5251.0;Mark 55;5250.5;5251.5;5248.5;5245.5;5243.5;5.0;-0.5128;0.0;0.0;59.0;59.0;5249.217948717948;44;40;44;40;0;1;5;0;0;1;2.0;7.0;21.0;1.1999387801953534;ambiguous;-0.5;2.5;5.5
827000;1;sell;7;5247.0;Mark 55;5245.5;5244.5;5236.0;5251.5;5237.5;5.0;0.4412;0.0;0.0;49.0;49.0;5246.60294117647;40;33;40;33;0;0;5;0;0;1;-1.5;-5.0;13.0;1.1988754381044742;ambiguous;2.5;11.0;-4.5
832000;1;sell;6;5244.0;Mark 55;5241.5;5242.5;5245.5;5258.0;5244.5;5.0;0.0;0.0;0.0;60.0;60.0;5241.5;33;27;33;27;0;0;4;0;0;1;-1.0;2.5;-1.0;1.0963202869668796;buy;1.5;-1.5;-14.0
832100;1;buy;8;5239.0;Mark 55;5241.5;5242.5;5244.5;5258.5;5246.5;5.0;0.0;0.0;0.0;70.0;70.0;5241.5;27;35;27;35;1;1;4;0;0;1;-1.0;2.5;-1.0;1.0963202869668796;sell;3.5;5.5;19.5
834900;1;buy;7;5243.0;Mark 55;5245.5;5249.5;5249.5;5258.5;5254.5;5.0;-0.4894;0.0;0.0;70.0;70.0;5244.276595744681;35;42;35;42;0;0;3;0;0;2;-2.5;4.0;-5.0;1.0718975657163485;sell;6.5;6.5;15.5
840400;1;buy;3;5253.0;Mark 55;5254.5;5255.0;5257.0;5261.5;5244.5;5.0;0.0;0.0;0.0;57.0;57.0;5254.5;42;45;42;45;0;0;3;0;2;4;0.0;3.0;15.0;0.9755975776972877;ambiguous;2.0;4.0;8.5
843100;1;buy;4;5255.0;Mark 55;5259.5;5257.5;5258.0;5267.5;5251.5;3.0;-0.7436;0.0685;0.0685;78.0;68.0;5258.384615384615;45;49;45;49;0;0;2;0;0;3;3.0;5.0;17.0;1.0154404332817932;sell;2.5;3.0;12.5
850300;1;buy;7;5260.0;Mark 55;5263.5;5262.5;5265.5;5261.5;5251.0;5.0;-0.6053;0.0;0.0;61.0;61.0;5261.986842105263;49;56;49;56;0;0;2;0;1;2;-1.0;2.5;9.0;1.1489205218259926;sell;2.5;5.5;1.5
851700;1;buy;6;5260.0;Mark 55;5261.5;5267.0;5272.5;5258.5;5254.5;5.0;-0.5158;0.0;0.0;72.0;72.0;5260.210526315789;56;62;56;62;0;1;2;0;1;3;1.0;-4.5;3.5;1.1897129041095054;ambiguous;7.0;12.5;-1.5
856600;1;buy;3;5269.0;Mark 55;5271.5;5271.5;5264.5;5252.5;5251.5;5.0;-0.5342;0.0;0.0;56.0;56.0;5270.164383561644;62;65;62;65;0;0;2;0;0;4;-1.0;-4.0;10.0;1.2811370383409735;sell;2.5;-4.5;-16.5
869600;1;buy;5;5241.0;Mark 55;5244.5;5246.5;5244.5;5239.5;5270.5;5.0;-0.5072;0.0;0.0;52.0;52.0;5243.231884057971;65;70;65;70;0;0;0;0;1;2;-1.0;-3.5;-18.0;1.018650685695249;sell;5.5;3.5;-1.5
873600;1;buy;7;5238.0;Mark 55;5242.0;5242.5;5238.5;5250.0;5271.5;6.0;0.0;0.0;0.0;61.0;61.0;5242.0;70;77;70;77;0;0;1;0;0;2;-1.5;-2.5;-13.0;0.9759374115391366;sell;4.5;0.5;12.0
877600;1;sell;5;5239.0;Mark 55;5236.5;5237.0;5239.5;5254.5;5277.5;5.0;0.0;0.0;0.0;51.0;51.0;5236.5;77;72;77;72;0;0;2;0;2;5;-1.0;-2.0;-11.5;1.0195767660951403;buy;2.0;-0.5;-15.5
878500;1;sell;4;5239.0;Mark 55;5235.5;5236.5;5238.5;5248.5;5280.5;5.0;0.4412;0.0;0.0;49.0;49.0;5236.60294117647;72;68;72;68;0;1;3;0;1;5;-2.0;-4.0;-14.0;1.0421432946906617;buy;2.5;0.5;-9.5
881800;1;buy;4;5244.0;Mark 55;5244.5;5247.5;5252.0;5251.0;5275.5;5.0;0.0;0.0;0.0;56.0;56.0;5244.5;68;72;68;72;0;0;3;0;0;4;5.0;5.0;0.0;1.0612552125962098;ambiguous;3.5;8.0;7.0
883800;1;buy;8;5251.0;Mark 55;5250.5;5255.5;5252.5;5254.5;5268.5;5.0;0.0;0.0;0.0;72.0;72.0;5250.5;72;80;72;80;0;1;3;0;1;5;3.0;4.0;9.0;1.1576788784783676;ambiguous;4.5;1.5;3.5
883900;1;buy;3;5251.0;Mark 55;5252.0;5256.5;5254.5;5253.5;5267.5;2.0;0.5152;-0.0526;-0.0526;72.0;80.0;5252.515151515152;80;83;80;83;1;1;4;0;1;5;3.5;6.0;10.5;1.1661746305996277;sell;5.5;3.5;2.5
884200;1;buy;4;5253.0;Mark 55;5255.0;5256.5;5255.5;5254.5;5265.5;6.0;0.0;0.0;0.0;64.0;64.0;5255.0;83;87;83;87;2;2;5;0;1;5;4.5;9.5;11.5;1.171695402096619;ambiguous;3.5;2.5;1.5
891000;1;buy;3;5245.0;Mark 55;5247.5;5249.5;5251.5;5252.5;5257.5;5.0;0.4565;0.0;0.0;67.0;67.0;5248.641304347826;87;90;87;90;0;0;4;0;1;5;2.0;-2.0;8.5;1.1124647401980248;sell;4.5;6.5;7.5
901900;1;buy;3;5253.0;Mark 55;5254.5;5255.5;5258.5;5261.5;5258.5;5.0;-0.5714;0.0;0.0;66.0;66.0;5253.071428571428;90;93;90;93;0;0;0;0;1;3;2.0;5.0;4.0;1.2343500470982913;ambiguous;2.5;5.5;8.5
904000;1;sell;6;5261.0;Mark 55;5258.5;5255.0;5257.5;5264.5;5260.5;5.0;0.5128;0.0;0.0;59.0;59.0;5259.782051282052;93;87;93;87;0;0;1;0;0;3;-0.5;3.0;4.5;1.2793837474293668;buy;6.0;3.5;-3.5
905200;1;buy;6;5257.0;Mark 55;5257.5;5256.5;5254.0;5264.0;5265.0;5.0;0.0;0.0;0.0;72.0;72.0;5257.5;87;93;87;93;0;1;2;0;0;3;-0.5;-3.0;5.5;1.3121208233216894;ambiguous;-0.5;-3.0;7.0
907000;1;sell;4;5255.0;Mark 55;5252.5;5253.5;5256.5;5260.5;5264.5;5.0;0.0;0.0;0.0;57.0;57.0;5252.5;93;89;93;89;0;1;3;0;0;2;0.0;-5.0;3.0;1.3023253907238967;buy;1.5;-1.5;-5.5
907300;1;buy;4;5252.0;Mark 55;5254.0;5255.0;5261.0;5263.0;5263.5;6.0;0.0;0.0;0.0;59.0;59.0;5254.0;89;93;89;93;1;1;4;0;0;2;3.5;-4.5;4.5;1.1394906470886768;ambiguous;3.0;9.0;11.0
913100;1;buy;7;5260.0;Mark 55;5262.5;5263.5;5265.5;5273.5;5267.5;5.0;0.0;0.0;0.0;68.0;68.0;5262.5;93;100;93;100;0;0;4;0;1;1;-1.0;0.5;4.0;1.1296660087374526;sell;3.5;5.5;13.5
923000;1;buy;6;5270.0;Mark 55;5271.5;5271.5;5275.0;5272.0;5259.5;5.0;-0.4684;0.0;0.0;58.0;58.0;5270.329113924051;100;106;100;106;0;0;1;0;0;2;-1.0;2.0;9.0;1.2130678121968543;ambiguous;1.5;5.0;2.0
936600;1;buy;7;5262.0;Mark 55;5264.0;5263.0;5262.0;5245.5;5254.5;6.0;0.0;0.0;0.0;53.0;53.0;5264.0;106;113;106;113;0;0;0;0;0;1;0.5;-1.5;-12.5;1.1017512101228861;ambiguous;1.0;0.0;-16.5
938200;1;sell;3;5266.0;Mark 55;5263.5;5262.5;5262.5;5248.0;5254.5;5.0;0.5682;0.0;0.0;69.0;69.0;5264.920454545455;113;110;113;110;0;1;1;1;1;2;3.5;-1.5;-16.5;1.1742179860604585;buy;3.5;3.5;18.0
946800;1;sell;8;5248.0;Mark 55;5245.5;5247.5;5249.5;5263.5;5266.0;5.0;0.4857;0.0;0.0;52.0;52.0;5246.714285714285;110;102;110;102;0;0;1;0;0;2;1.5;3.5;-18.0;1.076504222323128;buy;0.5;-1.5;-15.5
963300;1;buy;5;5267.0;Mark 55;5268.5;5270.5;5274.5;5258.5;;3.0;-0.6066;-0.225;0.1091;61.0;49.0;5267.5901639344265;102;107;102;107;0;0;0;0;0;1;1.0;4.0;10.5;1.1309974306982742;sell;3.5;7.5;-8.5
963500;1;buy;5;5267.0;Mark 55;5269.0;5273.5;5273.5;5257.5;;6.0;0.0;0.0;0.0;53.0;53.0;5269.0;107;112;107;112;1;1;1;0;0;1;2.5;5.5;9.5;1.1274283951747452;ambiguous;6.5;6.5;-9.5
984900;1;sell;6;5254.0;Mark 55;5251.5;5252.5;5256.5;5267.5;;5.0;0.5946;0.0;0.0;59.0;59.0;5252.986486486487;112;106;112;106;0;0;0;1;1;3;0.0;-4.0;-9.0;1.1017975128907784;buy;1.5;-2.5;-13.5
991500;1;buy;4;5260.0;Mark 55;5260.5;5263.0;5261.5;;;5.0;0.443;0.0;0.0;57.0;57.0;5261.607594936709;106;110;106;110;0;0;1;0;0;5;-0.5;6.0;5.0;1.1112258893884805;ambiguous;3.0;1.5;
991600;1;buy;7;5260.0;Mark 55;5262.5;5262.5;5262.5;;;5.0;-0.5949;0.0;0.0;63.0;63.0;5261.012658227848;110;117;110;117;1;1;2;0;0;5;2.0;7.0;8.0;1.123007934857489;sell;2.5;2.5;
2900;2;sell;8;5272.0;Mark 55;5271.5;5274.5;5272.5;5266.5;5261.0;5.0;0.0;0.0;0.0;67.0;67.0;5271.5;0;-8;117;109;0;0;0;1;1;2;1.0;10.5;;1.1866605518454392;ambiguous;-2.5;-0.5;5.5
4800;2;sell;3;5273.0;Mark 55;5271.0;5273.5;5272.5;5267.0;5258.5;6.0;0.0;0.0;0.0;63.0;63.0;5271.0;-8;-11;109;106;0;1;1;0;0;2;-3.5;-0.5;;1.1713727326383663;ambiguous;-0.5;0.5;6.0
10700;2;sell;4;5265.0;Mark 55;5261.0;5264.5;5265.0;5268.5;5245.5;6.0;0.0;0.0;0.0;59.0;59.0;5261.0;-11;-15;106;102;0;0;2;0;1;4;-1.0;-7.5;-1.5;1.1600560450030892;buy;0.5;0.0;-3.5
13900;2;sell;4;5269.0;Mark 55;5265.5;5266.5;5270.5;5265.0;5250.5;5.0;0.5854;0.0;0.0;65.0;65.0;5266.963414634146;-15;-19;102;98;0;0;2;0;2;4;-1.5;-2.0;-8.5;1.15915417621836;buy;2.5;-1.5;4.0
17400;2;buy;3;5274.0;Mark 55;5275.5;5273.5;5269.5;5264.0;5256.5;5.0;0.0;0.0;0.0;52.0;52.0;5275.5;-19;-16;98;101;0;0;2;0;1;4;2.0;7.0;3.0;1.063200290475687;ambiguous;-0.5;-4.5;-10.0
25500;2;buy;6;5264.0;Mark 55;5266.5;5267.5;5265.0;5269.0;5256.5;5.0;-0.3827;0.0;0.0;56.0;56.0;5265.543209876543;-16;-10;101;107;0;0;1;0;0;2;1.0;2.5;-2.0;1.156709002629268;sell;3.5;1.0;5.0
26500;2;sell;6;5269.0;Mark 55;5266.5;5266.5;5266.5;5268.5;5255.0;5.0;-0.5775;0.0;0.0;56.0;56.0;5265.056338028169;-10;-16;107;101;0;1;2;0;0;1;-1.0;0.0;-7.0;1.1348699498538668;buy;2.5;2.5;0.5
35700;2;sell;3;5270.0;Mark 55;5270.0;5268.5;5269.0;5255.5;5271.5;4.0;-0.7;0.0811;0.0811;60.0;51.0;5268.6;-16;-19;101;98;0;0;1;0;0;2;3.5;1.5;3.5;1.000637486836896;ambiguous;1.5;1.0;14.5
35800;2;buy;7;5264.0;Mark 55;5267.5;5266.5;5266.5;5255.5;5269.5;5.0;0.0;0.0;0.0;64.0;64.0;5267.5;-19;-12;98;105;1;1;2;0;0;2;0.0;-1.5;1.5;1.0309712628002425;sell;2.5;2.5;-8.5
38400;2;buy;8;5265.0;Mark 55;5267.5;5268.5;5258.5;5257.0;5268.0;5.0;0.0;0.0;0.0;53.0;53.0;5267.5;-12;-4;105;113;0;0;2;0;0;3;2.5;-1.0;1.0;1.2185017252525432;sell;3.5;-6.5;-8.0
42000;2;buy;8;5247.0;Mark 55;5250.5;5253.5;5251.5;5261.5;5268.5;5.0;-0.5556;0.0;0.0;70.0;70.0;5249.111111111111;-4;4;113;121;0;0;3;1;1;4;-1.0;-11.0;-14.0;1.2268881635506255;sell;6.5;4.5;14.5
44700;2;buy;8;5255.0;Mark 55;5257.0;5257.5;5258.0;5258.5;5265.5;6.0;0.0;0.0;0.0;70.0;70.0;5257.0;4;12;121;129;0;0;4;0;1;3;3.5;4.0;-13.5;1.2906387538816275;ambiguous;2.5;3.0;3.5
46800;2;buy;8;5256.0;Mark 55;5258.0;5258.0;5258.5;5253.5;5263.0;6.0;0.0;0.0;0.0;51.0;51.0;5258.0;12;20;129;137;0;0;3;0;1;3;1.5;0.0;-7.5;1.1749997557782603;ambiguous;2.0;2.5;-2.5
70400;2;sell;5;5260.0;Mark 55;5257.5;5256.0;5256.0;5262.5;5256.5;5.0;0.0;0.0;0.0;68.0;68.0;5257.5;20;15;137;132;0;0;0;1;1;3;0.0;0.0;13.5;1.0936413595526417;buy;4.0;4.0;-2.5
84400;2;sell;5;5273.0;Mark 55;5270.5;5271.0;5270.0;5267.5;5256.5;3.0;-0.7632;-0.4255;0.0629;76.0;67.0;5269.355263157895;15;10;132;127;0;0;0;1;2;4;2.0;-2.0;14.0;1.1192539092339029;buy;2.0;3.0;5.5
84800;2;sell;5;5276.0;Mark 55;5275.5;5268.5;5267.5;5264.5;5257.5;5.0;-0.5366;0.0;0.0;63.0;63.0;5274.158536585366;10;5;127;122;1;1;1;0;2;4;5.0;6.0;20.0;1.18047925535316;ambiguous;7.5;8.5;11.5
91700;2;buy;8;5264.0;Mark 55;5268.0;5268.5;5267.5;5263.5;5258.5;6.0;0.0;0.0;0.0;57.0;57.0;5268.0;5;13;122;130;0;0;2;0;0;4;2.5;1.5;1.5;1.287967911354752;sell;4.5;3.5;-0.5
97200;2;sell;7;5265.0;Mark 55;5262.5;5261.5;5264.0;5258.5;5261.5;5.0;0.0;0.0;0.0;65.0;65.0;5262.5;13;6;130;123;0;0;1;0;0;2;-1.0;0.5;-7.0;1.1525336626256772;buy;3.5;1.0;6.5
106300;2;sell;7;5262.0;Mark 55;5259.5;5260.0;5263.5;5254.5;5276.5;5.0;0.5227;0.0;0.0;67.0;67.0;5260.806818181818;6;-1;123;116;0;0;1;0;0;2;-0.5;-4.0;-5.0;1.1557824528246312;buy;2.0;-1.5;7.5
108800;2;sell;3;5263.0;Mark 55;5260.5;5263.0;5258.5;5253.5;5275.5;5.0;-0.4565;0.0;0.0;67.0;67.0;5259.358695652174;-1;-4;116;113;0;0;1;0;0;1;-3.0;0.5;-4.0;1.2281972657598774;buy;0.0;4.5;9.5
109800;2;sell;3;5267.0;Mark 55;5263.5;5258.5;5262.5;5251.5;5273.5;5.0;-0.439;0.0;0.0;59.0;59.0;5262.40243902439;-4;-7;113;110;0;1;2;1;1;2;0.5;2.0;-0.5;1.1838452787057463;buy;8.5;4.5;15.5
110500;2;sell;8;5262.0;Mark 55;5259.5;5258.0;5257.5;5256.0;5272.5;5.0;-0.5556;0.0;0.0;56.0;56.0;5258.111111111111;-7;-15;110;102;0;2;3;0;1;2;-2.0;-1.5;-1.0;1.2143498031219893;buy;4.0;4.5;6.0
129600;2;buy;6;5255.0;Mark 55;5256.0;5253.5;5257.5;5254.5;5270.5;6.0;0.0;0.0;0.0;57.0;57.0;5256.0;-15;-9;102;108;0;0;0;2;2;3;1.5;-0.5;5.0;0.9414553248892754;ambiguous;-1.5;2.5;-0.5
130100;2;sell;5;5256.0;Mark 55;5252.5;5254.5;5257.5;5257.5;5268.5;3.0;0.8276;-0.045;-0.045;53.0;58.0;5253.741379310345;-9;-14;108;103;1;1;1;0;2;3;-5.0;-5.0;0.0;0.9974715509474418;buy;1.5;-1.5;-1.5
130300;2;buy;6;5252.0;Mark 55;5255.5;5256.5;5255.5;5256.5;5268.5;5.0;0.0;0.0;0.0;62.0;62.0;5255.5;-14;-8;103;109;1;2;2;0;2;3;0.0;-2.0;0.0;0.9974715509474418;sell;4.5;3.5;4.5
142300;2;sell;6;5259.0;Mark 55;5257.5;5257.0;5263.0;5274.0;5261.5;5.0;0.0;0.0;0.0;61.0;61.0;5257.5;-8;-14;109;103;0;0;0;0;1;5;-1.0;1.0;2.0;1.18047925535316;ambiguous;2.0;-4.0;-15.0
155300;2;sell;3;5277.0;Mark 55;5275.5;5276.5;5271.5;5278.0;5264.5;5.0;-0.5238;0.0;0.0;64.0;64.0;5274.190476190476;-14;-17;103;100;0;0;0;1;2;3;1.5;3.5;5.5;0.9531682652412822;ambiguous;0.5;5.5;-1.0
155700;2;sell;4;5277.0;Mark 55;5273.5;5274.5;5275.5;5272.0;5262.5;5.0;0.5588;0.0;0.0;53.0;53.0;5274.89705882353;-17;-21;100;96;1;1;1;0;2;3;-2.0;3.0;6.5;0.9364840344070562;buy;2.5;1.5;5.0
155800;2;buy;7;5274.0;Mark 55;5274.5;5276.5;5276.5;5274.5;5263.5;5.0;0.4737;0.0;0.0;56.0;56.0;5275.684210526316;-21;-14;96;103;2;2;2;0;2;3;0.0;4.5;6.5;0.9364840344070562;ambiguous;2.5;2.5;0.5
164100;2;sell;5;5282.0;Mark 55;5280.0;5282.0;5276.5;5276.5;5268.5;6.0;0.0;0.0;0.0;63.0;63.0;5280.0;-14;-19;103;98;0;0;3;0;0;4;3.5;13.5;9.5;1.2095511473953855;ambiguous;0.0;5.5;5.5
164200;2;buy;7;5278.0;Mark 55;5279.5;5280.5;5274.5;5277.0;5267.5;5.0;0.4505;0.0;0.0;66.0;66.0;5280.626373626374;-19;-12;98;105;1;1;4;0;0;4;3.0;12.5;8.5;1.21031009475117;ambiguous;2.5;-3.5;-1.0
169900;2;buy;3;5267.0;Mark 55;5269.5;5268.5;5273.0;5269.0;5266.5;5.0;0.0;0.0;0.0;67.0;67.0;5269.5;-12;-9;105;108;0;0;2;0;0;1;-1.0;-1.0;-5.0;1.3285804482793844;sell;1.5;6.0;2.0
170500;2;sell;7;5272.0;Mark 55;5268.5;5270.5;5271.5;5269.0;5264.5;5.0;-0.4898;0.0;0.0;73.0;73.0;5267.275510204082;-9;-16;108;101;0;1;3;0;0;1;1.0;-2.5;-4.0;1.3270244067632258;buy;1.5;0.5;3.0
171500;2;buy;7;5271.0;Mark 55;5272.5;5273.0;5274.5;5264.5;5257.5;5.0;0.5854;0.0;0.0;65.0;65.0;5273.963414634146;-16;-9;101;108;0;2;4;0;0;1;2.0;2.0;2.0;1.2849540964154746;ambiguous;2.0;3.5;-6.5
174000;2;sell;6;5278.0;Mark 55;5276.0;5278.5;5277.5;5262.5;5261.5;6.0;0.0;0.0;0.0;50.0;50.0;5276.0;-9;-15;108;102;0;0;5;0;1;2;1.5;3.0;-4.0;1.222013505845383;ambiguous;-0.5;0.5;15.5
185500;2;sell;5;5262.0;Mark 55;5261.5;5263.5;5256.5;5261.5;5273.0;5.0;-0.5802;0.0;0.0;64.0;64.0;5260.049382716049;-15;-20;102;97;0;0;0;0;0;2;0.0;-4.0;-17.0;1.0179242499292473;ambiguous;-1.5;5.5;0.5
195500;2;sell;6;5264.0;Mark 55;5260.5;5265.0;5263.5;5263.0;5272.0;5.0;0.0;0.0;0.0;72.0;72.0;5260.5;-20;-26;97;91;0;0;1;0;2;4;1.0;-1.0;1.0;1.1436689983014086;buy;-1.0;0.5;1.0
196700;2;buy;6;5261.0;Mark 55;5263.5;5261.5;5263.5;5267.0;5278.0;5.0;-0.493;0.0;0.0;53.0;53.0;5262.267605633803;-26;-20;91;97;0;1;1;0;1;4;-3.0;2.5;6.0;1.0595232567907327;sell;0.5;2.5;6.0
212900;2;buy;5;5266.0;Mark 55;5267.0;5267.5;5265.5;5259.5;5279.5;6.0;0.0;0.0;0.0;54.0;54.0;5267.0;-20;-15;97;102;0;0;0;0;3;8;1.5;1.5;7.0;1.1437359062665378;ambiguous;1.5;-0.5;-6.5
217200;2;buy;4;5262.0;Mark 55;5262.5;5262.5;5263.5;5263.5;5284.0;5.0;0.4146;0.0;0.0;58.0;58.0;5263.536585365854;-15;-11;102;106;0;0;1;0;0;4;-2.5;-2.0;-8.0;1.072397179519683;ambiguous;0.5;1.5;1.5
220600;2;buy;4;5260.0;Mark 55;5264.5;5263.5;5262.0;5265.0;5279.5;5.0;-0.5062;0.0;0.0;61.0;61.0;5263.234567901234;-11;-7;106;110;0;0;2;0;0;4;0.0;0.0;0.0;1.0371873387954442;sell;3.5;2.0;5.0
220800;2;sell;6;5265.0;Mark 55;5263.5;5257.5;5260.5;5267.5;5278.0;5.0;0.0;0.0;0.0;54.0;54.0;5263.5;-7;-13;110;104;1;1;3;0;0;4;-1.5;0.0;0.5;1.0552776203611534;ambiguous;7.5;4.5;-2.5
229400;2;buy;7;5260.0;Mark 55;5262.0;5264.0;5266.5;5261.5;5271.5;6.0;0.0;0.0;0.0;55.0;55.0;5262.0;-13;-6;104;111;0;0;2;0;0;0;-0.5;-0.5;-2.5;1.1920903831864187;ambiguous;4.0;6.5;1.5
231600;2;buy;5;5262.0;Mark 55;5264.5;5264.5;5266.5;5276.5;5268.5;5.0;0.4211;0.0;0.0;54.0;54.0;5265.5526315789475;-6;-1;111;116;0;0;1;0;0;0;-3.0;1.0;7.0;1.0588971321212706;sell;2.5;4.5;14.5
237700;2;sell;8;5273.0;Mark 55;5270.0;5268.0;5264.5;5276.5;5275.5;2.0;0.7838;-0.0571;-0.0571;66.0;74.0;5270.783783783784;-1;-9;116;108;0;0;2;2;2;3;0.5;-3.0;8.5;1.0151389516283729;buy;5.0;8.5;-3.5
242100;2;sell;8;5276.0;Mark 55;5273.5;5275.5;5275.5;5273.0;5273.0;5.0;0.44;0.0;0.0;54.0;54.0;5274.6;-9;-17;108;100;0;0;1;0;0;2;-3.0;8.0;9.0;1.1289658187998277;buy;0.5;0.5;3.0
243500;2;sell;4;5274.0;Mark 55;5270.5;5275.5;5272.0;5266.0;5271.0;5.0;0.5522;0.0;0.0;52.0;52.0;5271.880597014925;-17;-21;100;96;0;1;2;0;0;2;-4.0;-3.0;5.0;1.1403856991841774;buy;-1.5;2.0;8.0
244900;2;sell;4;5276.0;Mark 55;5272.5;5272.5;5279.5;5263.5;5270.5;5.0;0.5278;0.0;0.0;55.0;55.0;5273.819444444444;-21;-25;96;92;0;1;3;0;0;2;-2.0;-0.5;1.5;1.1269305443507305;buy;3.5;-3.5;12.5
263900;2;buy;4;5281.0;Mark 55;5282.5;5286.5;5289.5;5279.5;5267.5;5.0;0.0;0.0;0.0;53.0;53.0;5282.5;-25;-21;92;96;0;0;0;0;0;2;1.0;2.5;17.0;1.1081917571039828;ambiguous;5.5;8.5;-1.5
265500;2;buy;6;5285.0;Mark 55;5287.5;5288.5;5284.0;5274.5;5273.5;5.0;0.0;0.0;0.0;57.0;57.0;5287.5;-21;-15;96;102;0;1;1;1;1;3;1.0;5.0;20.0;0.9819563855010169;sell;3.5;-1.0;-10.5
267000;2;sell;6;5289.0;Mark 55;5285.5;5284.0;5277.5;5274.0;5275.5;5.0;0.0;0.0;0.0;58.0;58.0;5285.5;-15;-21;102;96;0;1;2;0;1;3;-3.5;-1.0;19.0;0.976250999319373;buy;5.0;11.5;15.0
267400;2;buy;4;5283.0;Mark 55;5285.5;5283.0;5278.5;5270.5;5275.0;5.0;0.0;0.0;0.0;61.0;61.0;5285.5;-21;-17;96;100;1;2;3;0;0;3;0.0;-2.0;17.0;1.0004080383725862;sell;0.0;-4.5;-12.5
268200;2;buy;7;5280.0;Mark 55;5281.5;5283.5;5279.5;5268.5;5271.5;5.0;0.5263;0.0;0.0;58.0;58.0;5282.815789473684;-17;-10;100;107;0;2;4;0;0;2;-4.0;-7.0;7.5;1.010959231370441;ambiguous;3.5;-0.5;-11.5
271100;2;buy;3;5276.0;Mark 55;5276.5;5280.5;5279.0;5267.5;5273.0;5.0;0.475;0.0;0.0;59.0;59.0;5277.6875;-10;-7;107;110;0;0;5;0;0;2;-3.0;-3.0;-2.0;1.0915635896726077;ambiguous;4.5;3.0;-8.5
274300;2;sell;8;5280.0;Mark 55;5278.5;5275.5;5274.0;5271.5;5268.5;5.0;-0.5116;0.0;0.0;65.0;65.0;5277.220930232558;-7;-15;110;102;0;0;5;1;2;4;-0.5;0.0;-8.0;1.0533905592123611;ambiguous;4.5;6.0;8.5
274600;2;buy;3;5274.0;Mark 55;5276.5;5277.5;5273.5;5275.0;5270.5;5.0;0.5281;0.0;0.0;68.0;68.0;5277.820224719101;-15;-12;102;105;1;1;6;0;2;4;-4.0;-2.0;-9.0;1.0762909475865479;sell;3.5;-0.5;1.0
278800;2;sell;4;5276.0;Mark 55;5271.5;5273.5;5269.5;5275.5;5265.5;5.0;-0.5435;0.0;0.0;71.0;71.0;5270.141304347826;-12;-16;105;101;0;0;3;1;1;3;4.0;-2.0;-11.5;1.0416291698179203;buy;2.5;6.5;0.5
280700;2;buy;6;5268.0;Mark 55;5271.5;5266.5;5269.0;5270.5;5262.5;5.0;0.443;0.0;0.0;57.0;57.0;5272.607594936709;-16;-10;101;107;0;1;4;0;0;3;1.0;0.0;-7.0;1.066027509760497;sell;-1.5;1.0;2.5
283300;2;buy;5;5270.0;Mark 55;5272.5;5270.5;5273.5;5271.5;5270.5;5.0;0.0;0.0;0.0;68.0;68.0;5272.5;-10;-5;107;112;0;0;4;0;2;4;2.5;5.0;-5.5;1.1121207534013127;sell;0.5;3.5;1.5
291800;2;buy;4;5267.0;Mark 55;5270.5;5272.0;5271.5;5265.5;5269.5;5.0;-0.4133;0.0;0.0;53.0;53.0;5269.466666666666;-5;-1;112;116;0;0;1;0;0;6;-2.0;-4.0;4.0;1.093314781062035;sell;5.0;4.5;-1.5
293100;2;sell;5;5274.0;Mark 55;5271.0;5271.0;5271.5;5266.5;5272.0;6.0;0.0;0.0;0.0;70.0;70.0;5271.0;-1;-6;116;111;0;1;2;0;0;4;-1.5;-0.5;-0.5;1.0789420311305649;buy;3.0;2.5;7.5
293400;2;sell;5;5273.0;Mark 55;5271.5;5270.5;5272.0;5268.5;5272.5;5.0;-0.4684;0.0;0.0;58.0;58.0;5270.329113924051;-6;-11;111;106;1;2;2;0;0;4;0.5;0.0;0.0;1.0917505172516255;ambiguous;2.5;1.0;4.5
306000;2;sell;5;5274.0;Mark 55;5271.5;5270.5;5271.5;5275.5;5260.5;5.0;0.5854;0.0;0.0;65.0;65.0;5272.963414634146;-11;-16;106;101;0;0;0;1;1;3;4.5;1.0;-1.0;1.4034225804410834;buy;3.5;2.5;-1.5
311200;2;buy;8;5265.0;Mark 55;5267.5;5271.5;5271.5;5271.5;5265.5;5.0;0.5632;0.0;0.0;68.0;68.0;5268.908045977011;-16;-8;101;109;0;0;1;0;0;3;-3.0;-7.0;1.0;1.1933735349157713;sell;6.5;6.5;6.5
323200;2;sell;5;5276.0;Mark 55;5273.0;5269.5;5268.5;5268.0;5250.0;6.0;0.0;0.0;0.0;56.0;56.0;5273.0;-8;-13;109;104;0;0;0;0;0;1;-1.5;1.5;1.5;1.06233625108837;buy;6.5;7.5;8.0
327600;2;sell;5;5266.0;Mark 55;5262.5;5269.0;5263.5;5273.0;5251.5;5.0;0.0;0.0;0.0;67.0;67.0;5262.5;-13;-18;104;99;0;0;1;0;0;1;-1.0;-7.0;-11.5;1.182422361318866;buy;-3.0;2.5;-7.0
328500;2;sell;7;5269.0;Mark 55;5267.5;5263.0;5263.5;5267.0;5250.5;5.0;0.5904;0.0;0.0;66.0;66.0;5268.975903614458;-18;-25;99;92;0;1;2;0;0;1;0.0;6.5;-3.0;1.2119318033831044;ambiguous;6.0;5.5;2.0
328700;2;sell;5;5268.0;Mark 55;5265.5;5263.5;5262.5;5269.0;5252.5;5.0;0.4624;0.0;0.0;68.0;68.0;5266.655913978495;-25;-30;92;87;1;2;3;0;0;1;-4.0;4.0;-4.0;1.2157982946677497;buy;4.5;5.5;-1.0
330400;2;buy;8;5261.0;Mark 55;5262.5;5266.5;5269.5;5267.5;5252.5;5.0;-0.5455;0.0;0.0;51.0;51.0;5261.136363636364;-30;-22;87;95;0;2;4;0;0;1;-1.0;-5.0;-15.0;1.076504222323128;ambiguous;5.5;8.5;6.5
335400;2;sell;6;5271.0;Mark 55;5268.5;5270.5;5273.5;5267.5;5245.5;5.0;-0.4321;0.0;0.0;58.0;58.0;5267.419753086419;-22;-28;95;89;0;0;4;0;1;3;-2.0;-2.5;0.0;1.1590661514488048;buy;0.5;-2.5;3.5
350600;2;sell;5;5266.0;Mark 55;5264.5;5257.5;5256.0;5265.5;5234.5;5.0;-0.5556;0.0;0.0;63.0;63.0;5263.111111111111;-28;-33;89;84;0;0;0;0;0;3;2.5;-1.5;-4.0;0.9552533316667589;ambiguous;8.5;10.0;0.5
352100;2;buy;4;5252.0;Mark 55;5255.5;5256.0;5258.5;5262.5;5229.0;5.0;-0.4667;0.0;0.0;55.0;55.0;5254.333333333333;-33;-29;84;88;0;1;1;0;0;3;-0.5;-6.5;-17.0;1.0154404332817932;sell;4.0;6.5;10.5
352300;2;sell;8;5257.0;Mark 55;5255.0;5254.5;5259.5;5261.5;5227.5;6.0;0.0;0.0;0.0;61.0;61.0;5255.0;-29;-37;88;80;1;2;2;0;0;3;-0.5;-9.0;-17.5;1.0207769157276634;ambiguous;2.5;-2.5;-4.5
353800;2;buy;7;5257.0;Mark 55;5258.5;5259.5;5260.5;5259.0;5232.5;5.0;-0.4921;0.0;0.0;47.0;47.0;5257.269841269841;-37;-30;80;87;0;2;3;1;1;4;4.0;3.0;-13.0;1.0482931258509505;ambiguous;2.5;3.5;2.0
356500;2;sell;6;5263.0;Mark 55;5260.5;5261.5;5263.0;5260.0;5228.5;5.0;0.0;0.0;0.0;64.0;64.0;5260.5;-30;-36;87;81;0;0;4;0;0;1;0.0;1.5;-3.5;1.1354092513019465;buy;1.5;0.0;3.0
358300;2;buy;7;5261.0;Mark 55;5264.5;5260.5;5262.5;5259.5;5227.5;5.0;0.0;0.0;0.0;65.0;65.0;5264.5;-36;-29;81;88;0;1;5;0;0;1;-1.5;5.0;-3.0;1.1586699572306158;sell;-0.5;1.5;-1.5
365400;2;buy;7;5257.0;Mark 55;5259.0;5257.5;5260.5;5253.5;5226.5;6.0;0.0;0.0;0.0;53.0;53.0;5259.0;-29;-22;88;95;0;0;2;0;0;5;2.0;-3.5;-3.5;1.1897129041095054;ambiguous;0.5;3.5;-3.5
368100;2;buy;6;5256.0;Mark 55;5260.0;5258.5;5251.5;5249.0;5232.5;6.0;0.0;0.0;0.0;61.0;61.0;5260.0;-22;-16;95;101;0;0;2;0;0;5;-0.5;2.5;-5.5;1.096110867929138;sell;2.5;-4.5;-7.0
373100;2;sell;6;5256.0;Mark 55;5254.5;5251.5;5251.5;5251.5;5231.5;5.0;0.5122;0.0;0.0;62.0;62.0;5255.780487804878;-16;-22;101;95;0;0;2;0;1;1;0.5;4.0;-9.0;1.0925912955951482;ambiguous;4.5;4.5;4.5
376700;2;buy;7;5250.0;Mark 55;5253.5;5251.0;5252.5;5243.5;5237.5;5.0;0.5319;0.0;0.0;72.0;72.0;5254.829787234043;-22;-15;95;102;0;0;2;0;0;1;0.0;1.0;-6.0;1.0523488093445659;sell;1.0;2.5;-6.5
382200;2;sell;5;5253.0;Mark 55;5249.5;5252.5;5252.5;5244.5;5234.5;5.0;0.0;0.0;0.0;56.0;56.0;5249.5;-15;-20;102;97;0;0;2;0;0;2;1.0;-3.0;-4.0;1.2606651436555703;buy;0.5;0.5;8.5
383100;2;sell;6;5254.0;Mark 55;5251.0;5253.0;5244.5;5242.5;5239.0;6.0;0.0;0.0;0.0;56.0;56.0;5251.0;-20;-26;97;91;0;1;3;0;0;1;-1.5;1.0;-2.5;1.2398552729440475;buy;1.0;9.5;11.5
401000;2;buy;8;5230.0;Mark 55;5232.5;5230.0;5227.5;5226.5;5244.5;5.0;0.4699;0.0;0.0;61.0;61.0;5233.674698795181;-26;-18;91;99;0;0;0;0;0;0;-1.0;-1.0;-8.5;1.1569735948559758;sell;0.0;-2.5;-3.5
406100;2;buy;4;5231.0;Mark 55;5234.0;5226.5;5225.5;5230.5;5240.5;6.0;0.0;0.0;0.0;68.0;68.0;5234.0;-18;-14;99;103;0;0;1;0;0;1;0.5;-0.5;-8.5;1.247300932560253;sell;-4.5;-5.5;-0.5
407000;2;buy;4;5225.0;Mark 55;5227.5;5225.0;5225.5;5234.5;5236.5;5.0;0.561;0.0;0.0;64.0;64.0;5228.90243902439;-14;-10;103;107;0;1;2;0;0;1;-1.0;-6.5;-12.0;1.2654916980497637;sell;0.0;0.5;9.5
421400;2;sell;6;5233.0;Mark 55;5230.0;5229.5;5231.5;5234.5;5235.0;6.0;0.0;0.0;0.0;67.0;67.0;5230.0;-10;-16;107;101;0;0;0;0;0;0;-1.5;-1.5;4.5;1.2208022471808295;buy;3.5;1.5;-1.5
425300;2;sell;3;5238.0;Mark 55;5235.5;5237.5;5238.0;5240.5;5241.5;5.0;-0.5529;0.0;0.0;66.0;66.0;5234.117647058823;-16;-19;101;98;0;0;1;0;1;1;2.0;6.0;8.0;1.1821634650574;buy;0.5;0.0;-2.5
427400;2;sell;5;5241.0;Mark 55;5238.0;5236.5;5235.5;5236.5;5246.5;6.0;0.0;0.0;0.0;61.0;61.0;5238.0;-19;-24;98;93;0;0;2;0;0;1;0.5;1.5;4.5;1.098876628149621;buy;4.5;5.5;4.5
433000;2;buy;4;5238.0;Mark 55;5239.5;5238.5;5238.5;5235.5;5248.5;5.0;-0.4177;0.0;0.0;56.0;56.0;5238.455696202532;-24;-20;93;97;0;0;2;0;1;2;1.5;3.5;7.0;1.191319828759032;ambiguous;0.5;0.5;-2.5
438500;2;sell;6;5241.0;Mark 55;5240.5;5240.0;5237.5;5249.5;5236.5;5.0;0.0;0.0;0.0;53.0;53.0;5240.5;-20;-26;97;91;0;0;1;0;0;2;3.0;2.5;3.0;1.0843658990959326;ambiguous;1.0;3.5;-8.5
453000;2;sell;3;5240.0;Mark 55;5237.5;5237.5;5234.5;5237.5;5241.5;5.0;0.5062;0.0;0.0;61.0;61.0;5238.765432098766;-26;-29;91;88;0;0;0;0;0;3;-3.0;-7.0;2.0;1.1053570014262266;buy;2.5;5.5;2.5
453800;2;buy;7;5237.0;Mark 55;5239.5;5237.0;5239.5;5238.5;5237.5;5.0;0.0;0.0;0.0;70.0;70.0;5239.5;-29;-22;88;95;0;1;1;0;0;3;2.0;-2.0;2.0;1.0892477061019885;sell;0.0;2.5;1.5
457600;2;sell;3;5242.0;Mark 55;5238.5;5239.5;5241.5;5233.0;5237.5;5.0;0.0;0.0;0.0;58.0;58.0;5238.5;-22;-25;95;92;0;0;2;0;0;2;1.0;0.0;-10.0;1.1720219039473252;buy;2.5;0.5;9.0
460100;2;buy;4;5235.0;Mark 55;5238.5;5237.5;5236.5;5236.5;5235.5;5.0;-0.4651;0.0;0.0;63.0;63.0;5237.337209302325;-25;-21;92;96;0;0;3;0;0;0;-3.0;-1.0;-9.5;1.1713688092383212;sell;2.5;1.5;1.5
472900;2;sell;6;5238.0;Mark 55;5235.5;5235.5;5239.5;5249.0;5248.0;5.0;0.4865;0.0;0.0;55.0;55.0;5236.716216216216;-21;-27;96;90;0;0;0;0;0;5;-1.0;-1.0;-2.0;1.1099167134082581;buy;2.5;-1.5;-11.0
473800;2;sell;3;5239.0;Mark 55;5234.5;5235.5;5243.5;5244.5;5249.5;5.0;-0.4588;0.0;0.0;62.0;62.0;5233.35294117647;-27;-30;90;87;0;1;1;0;1;5;-1.0;-1.0;-4.0;1.021676102771115;buy;3.5;-4.5;-5.5
480500;2;buy;3;5240.0;Mark 55;5242.5;5242.5;5250.0;5241.0;5247.5;5.0;-0.4848;0.0;0.0;49.0;49.0;5241.287878787879;-30;-27;87;90;0;0;2;0;0;3;-1.0;-4.0;5.0;1.1134960629915693;sell;2.5;10.0;1.0
486700;2;buy;8;5236.0;Mark 55;5238.5;5237.5;5236.5;5245.0;5243.5;5.0;-0.3827;0.0;0.0;56.0;56.0;5237.543209876543;-27;-19;90;98;0;0;1;0;2;4;-0.5;-5.0;-6.0;0.9594630423628826;sell;1.5;0.5;9.0
492000;2;buy;5;5241.0;Mark 55;5243.5;5242.5;5241.5;5244.0;5241.5;5.0;0.5556;0.0;0.0;63.0;63.0;5244.888888888889;-19;-14;98;103;0;0;1;0;0;3;1.5;4.5;-4.5;0.8878839590293098;sell;1.5;0.5;3.0
500000;2;sell;3;5248.0;Mark 55;5245.5;5248.5;5244.0;5235.5;5234.5;5.0;0.0;0.0;0.0;60.0;60.0;5245.5;-14;-17;103;100;0;0;1;0;1;5;0.5;2.0;6.5;1.1669836466496868;buy;-0.5;4.0;12.5
513600;2;sell;5;5244.0;Mark 55;5242.0;5244.5;5245.5;5249.5;5236.5;6.0;0.0;0.0;0.0;50.0;50.0;5242.0;-17;-22;100;95;0;0;0;0;0;1;-0.5;8.5;4.5;1.0567027741916784;ambiguous;-0.5;-1.5;-5.5
527200;2;buy;7;5244.0;Mark 55;5244.5;5246.5;5246.5;5245.5;5224.5;5.0;0.5;0.0;0.0;63.0;63.0;5245.75;-22;-15;95;102;0;0;0;0;0;2;-4.5;-5.5;-2.0;1.134667645726512;ambiguous;2.5;2.5;1.5
527300;2;sell;5;5248.0;Mark 55;5246.5;5246.5;5245.5;5246.5;5222.0;5.0;-0.3976;0.0;0.0;58.0;58.0;5245.506024096386;-15;-20;102;97;1;1;1;0;0;2;-1.0;-2.0;0.0;1.1525115306507039;ambiguous;1.5;2.5;1.5
529800;2;sell;3;5249.0;Mark 55;5246.5;5246.5;5247.5;5240.5;5222.5;5.0;-0.4949;0.0;0.0;74.0;74.0;5245.262626262626;-20;-23;97;94;0;0;2;0;0;1;1.0;0.0;1.0;1.176323235098807;buy;2.5;1.5;8.5
538700;2;sell;5;5247.0;Mark 55;5244.5;5241.5;5243.5;5238.5;5214.5;5.0;-0.4595;0.0;0.0;54.0;54.0;5243.351351351352;-23;-28;94;89;0;0;1;0;0;2;2.0;1.0;-1.0;0.8847181768355514;buy;5.5;3.5;8.5
541400;2;sell;8;5243.0;Mark 55;5240.5;5241.5;5239.5;5241.5;5216.5;5.0;0.5309;0.0;0.0;62.0;62.0;5241.827160493827;-28;-36;89;81;0;0;1;0;0;1;-1.5;-1.0;-7.0;0.9347664889906484;buy;1.5;3.5;1.5
545400;2;sell;7;5240.0;Mark 55;5239.5;5235.5;5238.5;5240.0;5224.0;5.0;0.5269;0.0;0.0;71.0;71.0;5240.817204301075;-36;-43;81;74;0;0;2;0;1;1;0.0;0.0;-4.0;1.0290644168977419;ambiguous;4.5;1.5;0.0
545900;2;sell;5;5238.0;Mark 55;5236.5;5238.5;5238.5;5240.5;5224.5;5.0;-0.5385;0.0;0.0;50.0;50.0;5235.153846153846;-43;-48;74;69;1;1;3;0;1;1;-1.0;-5.0;-4.0;1.0557126169941538;ambiguous;-0.5;-0.5;-2.5
554600;2;buy;7;5240.0;Mark 55;5241.5;5243.5;5241.5;5237.0;5242.5;5.0;0.0;0.0;0.0;55.0;55.0;5241.5;-48;-41;69;76;0;0;2;0;0;5;1.5;3.0;2.5;1.2398552729440475;ambiguous;3.5;1.5;-3.0
555700;2;buy;7;5239.0;Mark 55;5242.5;5243.5;5238.5;5236.5;5243.5;5.0;-0.5765;0.0;0.0;67.0;67.0;5241.058823529412;-41;-34;76;83;0;1;2;0;1;5;0.0;3.0;5.0;1.2216377265060936;sell;4.5;-0.5;-2.5
556700;2;buy;8;5238.0;Mark 55;5241.5;5241.5;5237.5;5231.0;5248.5;5.0;-0.5775;0.0;0.0;56.0;56.0;5240.056338028169;-34;-26;83;91;0;1;2;0;1;5;-2.0;-1.0;2.0;1.216301713464935;sell;3.5;-0.5;-7.0
558800;2;sell;8;5241.0;Mark 55;5237.5;5239.5;5237.5;5229.0;5252.5;5.0;0.0;0.0;0.0;64.0;64.0;5237.5;-26;-34;91;83;0;0;3;0;0;3;1.0;-3.5;-1.0;1.1741745391477445;buy;1.5;3.5;12.0
558900;2;sell;7;5241.0;Mark 55;5238.5;5239.5;5237.0;5227.5;5252.5;5.0;0.5217;0.0;0.0;70.0;70.0;5239.804347826087;-34;-41;83;76;1;1;4;0;0;2;2.0;-2.0;1.5;1.1687309561016297;buy;1.5;4.0;13.5
561100;2;buy;6;5234.0;Mark 55;5237.0;5235.5;5239.0;5226.0;5246.5;6.0;0.0;0.0;0.0;72.0;72.0;5237.0;-41;-35;76;82;0;0;5;0;0;2;0.5;-3.0;-2.0;1.1099167134082581;sell;1.5;5.0;-8.0
561300;2;buy;3;5234.0;Mark 55;5236.5;5236.5;5238.0;5229.0;5243.0;5.0;0.0;0.0;0.0;46.0;46.0;5236.5;-35;-32;82;85;1;1;6;0;0;2;-1.0;-3.0;-3.0;1.1051262138673013;sell;2.5;4.0;-5.0
564900;2;buy;6;5233.0;Mark 55;5236.5;5237.0;5231.5;5234.5;5241.5;5.0;0.5208;0.0;0.0;73.0;73.0;5237.802083333333;-32;-26;85;91;0;0;6;0;0;1;-1.0;-2.5;-6.0;0.9488768673849197;sell;4.0;-1.5;1.5
566100;2;buy;3;5233.0;Mark 55;5236.5;5231.5;5226.5;5229.5;5234.5;5.0;0.0;0.0;0.0;57.0;57.0;5236.5;-26;-23;91;94;0;1;6;0;0;0;-1.0;0.0;-5.5;0.8929829957798547;sell;-1.5;-6.5;-3.5
576500;2;buy;7;5225.0;Mark 55;5229.5;5225.5;5222.5;5214.5;5244.5;3.0;-0.8684;-0.4059;0.034;76.0;71.0;5228.1973684210525;-23;-16;94;101;0;0;0;0;0;3;-1.0;-2.0;-3.5;1.2856090119388595;sell;0.5;-2.5;-10.5
577700;2;buy;8;5223.0;Mark 55;5226.0;5225.5;5222.5;5213.0;5244.5;6.0;0.0;0.0;0.0;60.0;60.0;5226.0;-16;-8;101;109;0;1;1;0;0;3;1.5;-4.5;-5.5;1.3649451257865752;sell;2.5;-0.5;-10.0
578300;2;buy;8;5223.0;Mark 55;5225.5;5220.0;5221.0;5215.5;5246.5;5.0;0.5056;0.0;0.0;67.0;67.0;5226.76404494382;-8;0;109;117;0;2;2;0;0;3;2.0;-2.0;-1.0;1.259268261909878;sell;-3.0;-2.0;-7.5
587200;2;sell;6;5214.0;Mark 55;5212.5;5213.0;5215.5;5231.5;5246.0;5.0;-0.5;0.0;0.0;63.0;63.0;5211.25;0;-6;117;111;0;0;2;0;0;0;-2.0;-1.0;-12.0;1.2554746961131271;ambiguous;1.0;-1.5;-17.5
588400;2;sell;5;5217.0;Mark 55;5215.5;5217.0;5213.5;5235.5;5246.5;3.0;-0.5;0.05;0.05;63.0;57.0;5214.75;-6;-11;111;106;0;1;1;0;0;0;3.0;2.0;-9.5;1.2157982946677497;buy;0.0;3.5;-18.5
604500;2;sell;7;5245.0;Mark 55;5242.5;5241.5;5247.5;5243.5;5252.5;5.0;0.4943;0.0;0.0;65.0;65.0;5243.735632183908;-11;-18;106;99;0;0;0;0;0;0;-1.0;-6.0;25.0;1.0109844621435302;buy;3.5;-2.5;1.5
612300;2;buy;8;5241.0;Mark 55;5244.5;5242.5;5243.5;5231.5;5251.5;5.0;-0.4359;0.0;0.0;56.0;56.0;5243.410256410257;-18;-10;99;107;0;0;1;0;1;2;1.0;-7.0;-2.0;1.245028886767214;sell;1.5;2.5;-9.5
616700;2;sell;4;5237.0;Mark 55;5234.5;5234.5;5236.5;5243.5;5254.5;5.0;0.0;0.0;0.0;55.0;55.0;5234.5;-10;-14;107;103;0;0;1;0;0;3;-1.0;-10.0;-14.0;1.2613933374325441;buy;2.5;0.5;-6.5
620800;2;sell;4;5234.0;Mark 55;5233.5;5229.0;5235.5;5241.5;5266.5;3.0;-0.7231;-0.2444;0.0744;65.0;56.0;5232.415384615385;-14;-18;103;99;0;0;2;0;0;3;-1.0;-4.0;-14.5;1.1747609368936038;ambiguous;5.0;-1.5;-7.5
626300;2;sell;5;5248.0;Mark 55;5244.5;5243.5;5246.5;5245.5;5270.5;5.0;0.0;0.0;0.0;54.0;54.0;5244.5;-18;-23;99;94;0;0;2;0;0;1;1.0;7.0;10.0;1.0706832473050027;buy;4.5;1.5;2.5
627400;2;sell;7;5246.0;Mark 55;5242.5;5247.5;5243.5;5246.5;5265.0;5.0;0.5224;0.0;0.0;51.0;51.0;5243.805970149254;-23;-30;94;87;0;1;2;0;0;0;0.0;1.0;7.0;1.0731105100210705;buy;-1.5;2.5;-0.5
641500;2;sell;5;5248.0;Mark 55;5246.5;5245.5;5242.5;5246.5;5271.5;5.0;-0.4286;0.0;0.0;55.0;55.0;5245.428571428572;-30;-35;87;82;0;0;0;0;0;1;2.0;0.0;1.5;1.013680526283499;ambiguous;2.5;5.5;1.5
643000;2;buy;6;5239.0;Mark 55;5241.5;5242.5;5245.5;5246.5;5273.5;5.0;-0.4545;0.0;0.0;48.0;48.0;5240.363636363636;-35;-29;82;88;0;1;1;0;0;1;-2.0;-3.0;-6.0;1.000688468239901;sell;3.5;6.5;7.5
653800;2;sell;5;5252.0;Mark 55;5249.0;5251.5;5252.5;5251.5;5261.5;6.0;0.0;0.0;0.0;57.0;57.0;5249.0;-29;-34;88;83;0;0;0;0;0;3;-0.5;4.5;6.0;1.181235287488362;buy;0.5;-0.5;0.5
658300;2;buy;3;5249.0;Mark 55;5251.5;5250.5;5257.5;5260.5;5263.5;5.0;0.0;0.0;0.0;60.0;60.0;5251.5;-34;-31;83;86;0;0;1;0;1;4;-0.5;-1.5;5.0;1.164489200662394;sell;1.5;8.5;11.5
672600;2;sell;3;5271.0;Mark 55;5269.0;5274.5;5270.5;5278.5;5239.5;6.0;0.0;0.0;0.0;61.0;61.0;5269.0;-31;-34;86;83;0;0;0;0;0;1;4.5;4.5;21.0;1.1744134772773396;ambiguous;-3.5;0.5;-7.5
675600;2;sell;7;5272.0;Mark 55;5269.0;5269.5;5264.5;5276.5;5235.5;2.0;0.4615;-0.0504;-0.0504;66.0;73.0;5269.461538461538;-34;-41;83;76;0;0;1;0;0;4;-1.5;-3.5;12.5;1.1706499842279505;buy;2.5;7.5;-4.5
682800;2;sell;6;5283.0;Mark 55;5280.5;5280.5;5274.5;5271.5;5231.5;5.0;-0.5455;0.0;0.0;51.0;51.0;5279.136363636364;-41;-47;76;70;0;0;1;0;0;3;1.0;5.5;10.5;1.0900670150669667;buy;2.5;8.5;11.5
690600;2;sell;5;5275.0;Mark 55;5273.5;5271.5;5269.5;5265.5;5212.5;5.0;0.0;0.0;0.0;60.0;60.0;5273.5;-47;-52;70;65;0;0;1;0;0;6;-1.0;-1.0;-1.0;0.9292654804905339;ambiguous;3.5;5.5;9.5
691200;2;buy;7;5271.0;Mark 55;5271.5;5268.0;5272.5;5267.5;5213.5;5.0;-0.4493;0.0;0.0;50.0;50.0;5270.376811594203;-52;-45;65;72;0;1;2;0;0;6;-0.5;-2.5;-6.0;0.9515344526125807;ambiguous;-3.0;1.5;-3.5
692100;2;sell;8;5272.0;Mark 55;5271.5;5269.5;5267.5;5262.5;5214.5;5.0;0.0;0.0;0.0;53.0;53.0;5271.5;-45;-53;72;64;0;2;3;0;0;6;1.0;-3.0;-8.0;1.109433995986175;ambiguous;2.5;4.5;9.5
693900;2;sell;3;5271.0;Mark 55;5271.5;5268.5;5265.5;5262.5;5212.0;3.0;-0.8182;0.0476;0.0476;55.0;50.0;5270.272727272727;-53;-56;64;61;0;1;3;0;1;6;-1.0;-0.5;-9.0;1.1445162101831066;ambiguous;2.5;5.5;8.5
694400;2;sell;3;5271.0;Mark 55;5269.0;5268.5;5269.5;5262.5;5208.5;6.0;0.0;0.0;0.0;50.0;50.0;5269.0;-56;-59;61;58;1;1;4;0;1;6;0.5;-2.0;-8.5;1.1721524792225178;ambiguous;2.5;1.5;8.5
701000;2;buy;4;5263.0;Mark 55;5266.5;5263.5;5265.0;5259.5;5214.0;3.0;-0.3636;0.0551;0.0551;67.0;60.0;5265.954545454545;-59;-55;58;62;0;0;4;0;1;2;3.5;-5.5;-7.0;1.383543432402447;sell;0.5;2.0;-3.5
702100;2;sell;5;5265.0;Mark 55;5261.5;5263.5;5264.5;5254.5;5217.5;5.0;-0.5;0.0;0.0;45.0;45.0;5260.25;-55;-60;62;57;0;1;4;0;1;2;0.0;-9.0;-8.0;1.3059828736232826;buy;1.5;0.5;10.5
702200;2;buy;3;5260.0;Mark 55;5262.5;5263.0;5263.5;5254.5;5217.5;5.0;0.0;0.0;0.0;69.0;69.0;5262.5;-60;-57;57;60;1;2;4;0;1;2;2.0;-6.0;-7.0;1.3104284537410837;sell;3.0;3.5;-5.5
726100;2;buy;5;5231.0;Mark 55;5234.5;5230.0;5232.5;5229.0;5243.5;3.0;-0.5946;-0.2553;0.1128;74.0;59.0;5233.608108108108;-57;-52;60;65;0;0;0;0;0;4;-1.0;0.0;-13.0;1.2901841121959774;sell;-1.0;1.5;-2.0
730300;2;buy;5;5223.0;Mark 55;5225.0;5225.5;5233.0;5215.0;5240.0;6.0;0.0;0.0;0.0;48.0;48.0;5225.0;-52;-47;65;70;0;0;1;0;0;3;-1.0;-8.5;-15.0;1.2028051083023843;ambiguous;2.5;10.0;-8.0
735100;2;buy;3;5227.0;Mark 55;5229.5;5229.5;5227.5;5211.5;5242.5;5.0;0.0;0.0;0.0;70.0;70.0;5229.5;-47;-44;70;73;0;0;2;0;0;0;-1.0;0.0;-7.0;1.1393115522903858;sell;2.5;0.5;-15.5
737500;2;sell;3;5226.0;Mark 55;5224.5;5222.5;5216.5;5212.5;5247.5;5.0;0.0;0.0;0.0;60.0;60.0;5224.5;-44;-47;73;70;0;0;2;0;0;0;-1.0;-6.0;-8.0;1.2096144111960159;ambiguous;3.5;9.5;13.5
739900;2;sell;4;5217.0;Mark 55;5216.0;5213.5;5216.0;5215.5;5240.5;6.0;0.0;0.0;0.0;59.0;59.0;5216.0;-47;-51;70;66;0;0;3;0;3;4;-0.5;-6.0;-8.5;1.1260021440862753;ambiguous;3.5;1.0;1.5
740300;2;sell;7;5216.0;Mark 55;5213.0;5211.5;5215.0;5217.5;5242.5;6.0;0.0;0.0;0.0;58.0;58.0;5213.0;-51;-58;66;59;1;1;4;0;2;4;-3.0;-7.5;-12.5;1.1311552920195396;buy;4.5;1.0;-1.5
742000;2;buy;8;5213.0;Mark 55;5216.0;5213.5;5210.5;5216.0;5243.5;6.0;0.0;0.0;0.0;65.0;65.0;5216.0;-58;-50;59;67;0;1;4;0;0;4;1.0;2.5;-16.5;1.1415035273840826;sell;0.5;-2.5;3.0
758100;2;buy;8;5213.0;Mark 55;5216.5;5215.5;5219.5;5231.5;5263.5;5.0;0.5;0.0;0.0;63.0;63.0;5217.75;-50;-42;67;75;0;0;0;0;0;2;-2.0;-7.0;7.5;1.2316606929031257;sell;2.5;6.5;18.5
761800;2;buy;7;5224.0;Mark 55;5225.0;5227.5;5225.5;5234.0;5248.0;6.0;0.0;0.0;0.0;56.0;56.0;5225.0;-42;-35;75;82;0;0;1;0;0;1;0.5;6.5;9.5;1.2343500470982913;ambiguous;3.5;1.5;10.0
762800;2;sell;6;5231.0;Mark 55;5228.5;5224.0;5225.5;5232.5;5245.5;5.0;0.0;0.0;0.0;56.0;56.0;5228.5;-35;-41;82;76;0;1;2;1;1;2;1.0;9.0;9.0;1.273989273307752;buy;7.0;5.5;-1.5
766000;2;sell;4;5228.0;Mark 55;5225.5;5228.0;5230.5;5242.0;5242.5;5.0;0.5385;0.0;0.0;50.0;50.0;5226.846153846154;-41;-45;76;72;0;0;3;0;0;1;-2.5;-2.0;-0.5;1.215420593733487;buy;0.0;-2.5;-14.0
773800;2;buy;8;5234.0;Mark 55;5235.5;5232.5;5240.0;5242.5;5253.0;5.0;0.52;0.0;0.0;57.0;57.0;5236.8;-45;-37;72;80;0;0;1;0;0;2;3.0;1.5;10.0;1.1054954508351273;ambiguous;-1.5;6.0;8.5
775500;2;sell;7;5242.0;Mark 55;5239.5;5242.0;5240.5;5244.5;5255.5;5.0;0.4382;0.0;0.0;64.0;64.0;5240.595505617977;-37;-44;80;73;0;1;2;0;0;2;5.0;7.0;11.5;1.118775220534597;buy;0.0;1.5;-2.5
781100;2;sell;7;5241.0;Mark 55;5240.5;5235.5;5237.5;5243.5;5255.5;5.0;-0.5;0.0;0.0;69.0;69.0;5239.25;-44;-51;73;66;0;0;2;0;1;4;3.0;-3.0;7.0;1.2309356320921274;ambiguous;5.5;3.5;-2.5
802600;2;buy;7;5252.0;Mark 55;5253.5;5254.5;5257.5;5248.0;5256.5;5.0;0.4444;0.0;0.0;52.0;52.0;5254.611111111111;-51;-44;66;73;0;0;0;0;0;5;-1.0;2.0;11.0;1.1068098564619813;ambiguous;2.5;5.5;-4.0
805000;2;sell;3;5259.0;Mark 55;5256.5;5257.5;5263.0;5242.5;5254.5;5.0;-0.4949;0.0;0.0;74.0;74.0;5255.262626262626;-44;-47;73;70;0;0;1;0;0;5;0.0;2.5;19.0;1.134195462433794;buy;1.5;-4.0;16.5
807300;2;sell;6;5263.0;Mark 55;5261.5;5260.5;5255.5;5244.5;5258.5;5.0;-0.5181;0.0;0.0;63.0;63.0;5260.204819277108;-47;-53;70;64;0;0;2;0;0;3;-1.5;5.0;22.0;1.1917693793883055;ambiguous;2.5;7.5;18.5
812300;2;buy;8;5245.0;Mark 55;5246.5;5245.5;5242.5;5252.5;5255.5;5.0;0.589;0.0;0.0;58.0;58.0;5247.972602739726;-53;-45;64;72;0;0;3;0;1;3;-1.5;-9.0;-7.0;1.3295592438395885;ambiguous;0.5;-2.5;7.5
815900;2;sell;3;5246.0;Mark 55;5243.5;5243.5;5243.5;5256.5;5258.5;5.0;-0.4474;0.0;0.0;55.0;55.0;5242.381578947368;-45;-48;72;69;0;0;2;0;0;4;0.0;1.0;-14.0;1.247300932560253;buy;2.5;2.5;-10.5
823500;2;sell;8;5254.0;Mark 55;5251.5;5253.5;5255.5;5254.5;5246.0;5.0;0.0;0.0;0.0;46.0;46.0;5251.5;-48;-56;69;61;0;0;1;0;1;2;-2.0;-4.0;9.0;1.0762909475865479;buy;0.5;-1.5;-0.5
825200;2;sell;4;5256.0;Mark 55;5254.5;5256.5;5253.5;5256.5;5250.5;5.0;-0.5616;0.0;0.0;57.0;57.0;5253.095890410959;-56;-60;61;57;0;1;2;0;0;2;-0.5;3.0;11.5;1.03920201229841;ambiguous;-0.5;2.5;-0.5
825600;2;sell;6;5259.0;Mark 55;5255.5;5255.5;5252.5;5255.5;5248.5;5.0;0.5405;0.0;0.0;57.0;57.0;5256.851351351352;-60;-66;57;51;1;1;3;0;0;2;1.0;4.0;12.0;1.0495090460938743;buy;3.5;6.5;3.5
829800;2;sell;7;5254.0;Mark 55;5252.5;5251.5;5255.5;5254.5;5252.5;5.0;0.0;0.0;0.0;71.0;71.0;5252.5;-66;-73;51;44;0;0;3;0;2;4;-1.0;0.0;2.0;1.0272036964182483;ambiguous;2.5;-1.5;-0.5
831300;2;sell;3;5257.0;Mark 55;5253.5;5255.5;5254.5;5259.5;5251.5;5.0;0.4839;0.0;0.0;46.0;46.0;5254.709677419355;-73;-76;44;41;0;1;4;0;0;4;-2.5;0.0;-2.5;1.0833303901445739;buy;1.5;2.5;-2.5
833700;2;sell;5;5258.0;Mark 55;5254.5;5256.0;5255.5;5257.5;5254.5;5.0;0.5556;0.0;0.0;56.0;56.0;5255.888888888889;-76;-81;41;36;0;0;4;0;0;3;-2.0;-0.5;2.0;0.9921896810732522;buy;2.0;2.5;0.5
836500;2;buy;4;5256.0;Mark 55;5255.5;5256.5;5257.5;5259.5;5262.5;3.0;0.8028;-0.0519;-0.0519;64.0;71.0;5256.704225352113;-81;-77;36;40;0;0;3;0;0;2;3.0;1.5;2.5;1.1267494531484765;ambiguous;0.5;1.5;3.5
840900;2;buy;8;5255.0;Mark 55;5258.5;5259.5;5258.0;5257.5;5265.5;5.0;0.5077;0.0;0.0;49.0;49.0;5259.7692307692305;-77;-69;40;48;0;0;3;0;0;0;1.0;1.5;5.0;1.2091714950824581;sell;4.5;3.0;2.5
844300;2;sell;7;5262.0;Mark 55;5257.5;5262.5;5260.5;5256.5;5276.5;5.0;0.4667;0.0;0.0;55.0;55.0;5258.666666666667;-69;-76;48;41;0;0;2;0;0;2;0.0;-1.0;2.5;1.2917252916778745;buy;-0.5;1.5;5.5
848300;2;sell;7;5260.0;Mark 55;5259.0;5255.5;5256.5;5259.5;5280.0;6.0;0.0;0.0;0.0;45.0;45.0;5259.0;-76;-83;41;34;0;0;2;0;0;4;-0.5;-1.5;2.5;1.2819132981242392;ambiguous;4.5;3.5;0.5
860300;2;buy;3;5253.0;Mark 55;5254.5;5254.5;5255.5;5246.0;5277.0;5.0;-0.5;0.0;0.0;63.0;63.0;5253.25;-83;-80;34;37;0;0;0;0;0;0;0.0;-5.0;-2.0;1.1121895592719322;ambiguous;1.5;2.5;-7.0
861000;2;buy;4;5252.0;Mark 55;5254.5;5253.5;5253.5;5248.5;5275.5;5.0;-0.4318;0.0;0.0;63.0;63.0;5253.420454545455;-80;-76;37;41;0;1;1;0;0;0;-0.5;-1.5;-4.0;1.102514957127905;sell;1.5;1.5;-3.5
874800;2;buy;8;5247.0;Mark 55;5249.5;5250.5;5247.5;5255.5;5282.5;5.0;0.0;0.0;0.0;50.0;50.0;5249.5;-76;-68;41;49;0;0;0;0;0;1;3.0;0.0;-5.0;1.215420593733487;sell;3.5;0.5;8.5
881200;2;sell;4;5253.0;Mark 55;5251.5;5251.5;5253.5;5266.5;5274.0;5.0;0.5422;0.0;0.0;64.0;64.0;5252.855421686747;-68;-72;49;45;0;0;1;0;0;2;-1.0;3.5;3.0;1.234639320452325;ambiguous;1.5;-0.5;-13.5
886000;2;sell;3;5265.0;Mark 55;5262.5;5262.5;5271.5;5273.5;5275.5;5.0;-0.5581;0.0;0.0;67.0;67.0;5261.104651162791;-72;-75;45;42;0;0;1;0;0;2;5.5;6.0;15.0;1.0904881342694899;buy;2.5;-6.5;-8.5
887000;2;sell;4;5268.0;Mark 55;5264.5;5268.5;5265.5;5273.5;5273.5;5.0;0.0;0.0;0.0;53.0;53.0;5264.5;-75;-79;42;38;0;1;2;0;0;2;2.0;8.0;20.0;1.0272036964182483;buy;-0.5;2.5;-5.5
891400;2;sell;4;5268.0;Mark 55;5265.5;5269.5;5275.5;5283.5;5273.5;5.0;0.5435;0.0;0.0;71.0;71.0;5266.858695652174;-79;-83;38;34;0;0;2;0;1;3;0.0;-2.5;14.0;1.1785978744673733;buy;-1.5;-7.5;-15.5
891800;2;sell;7;5272.0;Mark 55;5269.5;5271.0;5273.5;5281.5;5273.5;5.0;0.0;0.0;0.0;58.0;58.0;5269.5;-83;-90;34;27;1;1;3;0;1;3;4.0;6.0;19.0;1.1757376165475881;buy;1.0;-1.5;-9.5
892900;2;sell;5;5275.0;Mark 55;5272.0;5275.5;5270.5;5284.5;5271.0;6.0;0.0;0.0;0.0;73.0;73.0;5272.0;-90;-95;27;22;0;2;4;0;0;3;-0.5;6.5;18.0;1.1880179262977368;buy;-0.5;4.5;-9.5
898100;2;buy;8;5277.0;Mark 55;5277.5;5280.5;5286.5;5279.5;5276.5;5.0;-0.425;0.0;0.0;57.0;57.0;5276.4375;-95;-87;22;30;0;0;3;0;0;1;1.0;4.0;9.0;1.0715881642476923;ambiguous;3.5;9.5;2.5
900500;2;buy;3;5282.0;Mark 55;5285.5;5283.5;5284.5;5278.0;5273.5;5.0;0.0;0.0;0.0;58.0;58.0;5285.5;-87;-84;30;33;0;0;4;0;0;0;-1.0;4.0;20.0;1.0799345096099224;sell;1.5;2.5;-4.0
901000;2;buy;8;5281.0;Mark 55;5284.5;5283.0;5283.5;5275.5;5275.0;5.0;0.0;0.0;0.0;65.0;65.0;5284.5;-84;-76;33;41;1;1;5;0;0;0;0.0;3.0;20.5;1.100986933311991;sell;2.0;2.5;-5.5
904000;2;sell;5;5285.0;Mark 55;5282.5;5278.5;5279.0;5281.5;5275.5;5.0;-0.4839;0.0;0.0;46.0;46.0;5281.290322580645;-76;-81;41;36;0;0;3;0;1;3;-1.0;-0.5;8.0;1.0653094364973288;buy;6.5;6.0;3.5
915400;2;buy;7;5281.0;Mark 55;5285.5;5288.5;5284.5;5281.0;5267.5;5.0;0.0;0.0;0.0;61.0;61.0;5285.5;-81;-74;36;43;0;0;0;0;2;4;2.5;1.5;8.0;1.00681282981403;sell;7.5;3.5;0.0
918800;2;sell;8;5286.0;Mark 55;5284.5;5284.5;5282.5;5282.0;5264.5;5.0;0.0;0.0;0.0;50.0;50.0;5284.5;-74;-82;43;35;0;0;1;0;0;4;0.5;-1.0;6.0;1.1197779525395077;ambiguous;1.5;3.5;4.0
922100;2;sell;4;5289.0;Mark 55;5286.0;5281.0;5287.5;5277.5;5264.5;6.0;0.0;0.0;0.0;74.0;74.0;5286.0;-82;-86;35;31;0;0;2;0;0;3;-0.5;2.5;9.5;1.1863635288603311;buy;8.0;1.5;11.5
924100;2;buy;6;5285.0;Mark 55;5286.0;5284.5;5281.5;5278.0;5269.5;6.0;0.0;0.0;0.0;67.0;67.0;5286.0;-86;-80;31;37;0;1;3;0;0;3;1.5;-0.5;4.5;1.26748559868875;ambiguous;-0.5;-3.5;-7.0
929100;2;buy;8;5277.0;Mark 55;5280.0;5280.5;5274.5;5274.5;5270.5;6.0;0.0;0.0;0.0;55.0;55.0;5280.0;-80;-72;37;45;0;0;2;0;1;1;-0.5;-0.5;-5.0;1.2339780245717538;sell;3.5;-2.5;-2.5
929900;2;sell;7;5279.0;Mark 55;5278.5;5275.5;5277.5;5272.5;5273.5;5.0;0.4831;0.0;0.0;66.0;66.0;5279.70786516854;-72;-79;45;38;0;1;3;0;0;1;-1.0;1.0;-4.5;1.2311013979255683;ambiguous;3.5;1.5;6.5
934300;2;buy;8;5278.0;Mark 55;5279.5;5278.5;5274.5;5273.5;5273.5;5.0;0.0;0.0;0.0;66.0;66.0;5279.5;-79;-71;38;46;0;0;2;0;1;2;0.0;1.0;-5.5;1.0514273340715334;ambiguous;0.5;-3.5;-4.5
936600;2;buy;8;5270.0;Mark 55;5272.5;5273.5;5276.5;5277.5;5280.0;5.0;0.5068;0.0;0.0;55.0;55.0;5273.767123287671;-71;-63;46;54;0;0;3;0;1;3;-3.0;-8.0;-5.0;1.1247782037140701;sell;3.5;6.5;7.5
942800;2;sell;4;5274.0;Mark 55;5271.5;5270.5;5274.5;5276.5;5286.5;5.0;0.6104;0.0;0.0;62.0;62.0;5273.025974025974;-63;-67;54;50;0;0;2;1;2;4;0.5;-3.0;-6.0;1.0854239205195344;buy;3.5;-0.5;-2.5
945400;2;sell;3;5279.0;Mark 55;5277.5;5277.5;5277.5;5274.5;5287.5;3.0;-0.2903;-0.3333;0.0815;73.0;62.0;5277.064516129032;-67;-70;50;47;0;0;2;1;1;4;3.0;8.5;0.0;1.049290284435199;buy;1.5;1.5;4.5
947900;2;buy;5;5275.0;Mark 55;5279.5;5276.5;5275.0;5275.5;5300.0;5.0;-0.4286;0.0;0.0;60.0;60.0;5278.428571428572;-70;-65;47;52;0;0;2;0;0;3;2.0;2.0;3.5;1.0329239786740476;sell;1.5;0.0;0.5
959100;2;sell;3;5274.0;Mark 55;5271.5;5271.5;5267.5;5264.5;;5.0;0.5;0.0;0.0;66.0;66.0;5272.75;-65;-68;52;49;0;0;0;1;2;4;1.0;-7.0;-3.0;1.1322146480163275;buy;2.5;6.5;9.5
963700;2;sell;7;5266.0;Mark 55;5264.0;5269.5;5264.5;5272.0;;2.0;0.5;-0.0429;-0.0429;67.0;73.0;5264.5;-68;-75;49;42;0;0;1;0;0;6;1.5;-3.5;-12.5;1.000866882700208;buy;-3.5;1.5;-6.0
967900;2;sell;3;5262.0;Mark 55;5261.5;5262.5;5262.5;5267.5;;5.0;0.5556;0.0;0.0;56.0;56.0;5262.888888888889;-75;-78;42;39;0;0;2;0;0;4;-1.0;-2.0;-14.0;1.1482098584283011;ambiguous;-0.5;-0.5;-5.5
968300;2;sell;8;5263.0;Mark 55;5260.5;5264.5;5260.5;5268.5;;5.0;0.4815;0.0;0.0;60.0;60.0;5261.7037037037035;-78;-86;39;31;1;1;3;0;0;4;-1.0;-4.5;-13.0;1.1861700071183576;buy;-1.5;2.5;-5.5
970000;2;buy;8;5260.0;Mark 55;5262.5;5262.5;5264.5;5273.0;;5.0;0.0;0.0;0.0;51.0;51.0;5262.5;-86;-78;31;39;0;1;3;0;0;2;-1.0;1.0;-8.0;1.1452737106290063;sell;2.5;4.5;13.0
972700;2;sell;8;5271.0;Mark 55;5268.5;5268.5;5268.5;5270.5;;5.0;0.494;0.0;0.0;62.0;62.0;5269.734939759036;-78;-86;39;31;0;0;4;0;0;2;2.0;6.5;6.0;1.1855031904253668;buy;2.5;2.5;0.5
974300;2;buy;5;5266.0;Mark 55;5269.5;5269.5;5268.5;5273.5;;5.0;-0.4103;0.0;0.0;55.0;55.0;5268.474358974359;-86;-81;31;36;0;1;4;0;0;1;0.5;1.0;3.0;1.1759762370868034;sell;3.5;2.5;7.5
978400;2;sell;8;5270.0;Mark 55;5268.5;5270.5;5275.0;5284.5;;5.0;0.4878;0.0;0.0;61.0;61.0;5269.719512195122;-81;-89;36;28;0;0;3;0;1;2;1.0;-1.0;6.0;1.1596601889789366;ambiguous;-0.5;-5.0;-14.5
978600;2;sell;4;5272.0;Mark 55;5269.5;5270.5;5275.5;5285.5;;5.0;0.0;0.0;0.0;54.0;54.0;5269.5;-89;-93;28;24;1;1;4;0;1;2;-1.5;1.0;8.0;1.1757376165475881;buy;1.5;-3.5;-13.5
981200;2;buy;3;5271.0;Mark 55;5274.5;5273.5;5272.5;5288.0;;5.0;-0.4943;0.0;0.0;65.0;65.0;5273.264367816092;-93;-90;24;27;0;0;4;0;0;1;0.0;3.0;15.0;1.2400198464006136;sell;2.5;1.5;17.0
986100;2;buy;6;5277.0;Mark 55;5279.5;5280.0;5286.5;5289.5;;5.0;-0.4588;0.0;0.0;62.0;62.0;5278.35294117647;-90;-84;27;33;0;0;3;0;1;2;4.0;8.0;7.0;1.251282374549844;sell;3.0;9.5;12.5
995100;2;sell;7;5289.0;Mark 55;5286.0;5287.5;5298.0;;;6.0;0.0;0.0;0.0;64.0;64.0;5286.0;-84;-91;33;26;0;0;1;0;1;3;1.5;3.0;8.0;1.0581742202202533;buy;1.5;-9.0;
996300;2;buy;3;5290.0;Mark 55;5291.5;5296.5;5298.5;;;5.0;0.0;0.0;0.0;63.0;63.0;5291.5;-91;-88;26;29;0;1;1;0;0;3;2.0;9.5;12.0;1.022699213980982;ambiguous;6.5;8.5;
996500;2;buy;3;5291.0;Mark 55;5292.5;5298.5;5297.5;;;5.0;0.0;0.0;0.0;63.0;63.0;5292.5;-88;-85;29;32;1;2;2;0;0;3;3.0;9.5;11.0;1.0089387252408764;ambiguous;7.5;6.5;
10600;3;sell;3;5296.0;Mark 55;5294.5;5293.5;5289.0;5275.5;5249.5;3.0;-0.6296;-0.3494;0.0427;61.0;56.0;5293.555555555556;0;-3;32;29;0;0;0;0;0;0;-1.5;-4.0;-1.0;1.0730391983101506;buy;2.5;7.0;20.5
20100;3;sell;5;5279.0;Mark 55;5276.5;5275.5;5278.0;5268.5;5255.5;5.0;0.0;0.0;0.0;62.0;62.0;5276.5;-3;-8;29;24;0;0;1;0;1;3;2.0;-8.0;-19.5;1.1651899351351744;buy;3.5;1.0;10.5
28500;3;buy;7;5271.0;Mark 55;5273.0;5272.5;5265.5;5264.0;5256.5;6.0;0.0;0.0;0.0;59.0;59.0;5273.0;-8;-1;24;31;0;0;1;0;1;2;1.0;5.0;-6.5;1.0909324726263443;ambiguous;1.5;-5.5;-7.0
32700;3;buy;5;5265.0;Mark 55;5266.5;5268.5;5272.5;5245.5;5260.5;5.0;0.0;0.0;0.0;52.0;52.0;5266.5;-1;4;31;36;0;0;1;0;1;2;3.0;1.0;-6.0;1.0571371843946913;ambiguous;3.5;7.5;-19.5
33400;3;buy;3;5268.0;Mark 55;5269.5;5272.0;5271.0;5249.5;5258.5;5.0;-0.589;0.0;0.0;58.0;58.0;5268.027397260274;4;7;36;39;0;1;2;0;0;2;0.5;6.5;-3.0;1.0464422212019397;ambiguous;4.0;3.0;-18.5
39500;3;buy;4;5257.0;Mark 55;5260.5;5260.5;5252.5;5250.5;5246.5;5.0;0.5238;0.0;0.0;64.0;64.0;5261.809523809524;7;11;39;43;0;0;2;1;1;2;-2.0;-8.0;-10.0;1.1191171619272897;sell;3.5;-4.5;-6.5
39800;3;sell;3;5262.0;Mark 55;5257.5;5259.5;5249.5;5254.0;5247.5;5.0;0.5224;0.0;0.0;51.0;51.0;5258.805970149254;11;8;43;40;1;1;3;0;1;2;-4.5;-11.0;-13.0;1.1204838839858489;buy;2.5;12.5;8.0
43200;3;sell;6;5249.0;Mark 55;5244.5;5249.0;5249.5;5251.5;5258.5;5.0;0.5281;0.0;0.0;68.0;68.0;5245.820224719101;8;2;40;34;0;0;3;0;0;1;-1.0;-7.0;-24.0;1.0597399060633765;buy;0.0;-0.5;-2.5
48200;3;buy;7;5248.0;Mark 55;5250.5;5252.5;5249.5;5258.0;5256.0;5.0;0.4074;0.0;0.0;57.0;57.0;5251.518518518518;2;9;34;41;0;0;3;0;0;1;1.0;1.0;-17.0;1.0990391031765852;sell;4.5;1.5;10.0
49700;3;buy;7;5250.0;Mark 55;5252.0;5249.5;5249.5;5251.5;5254.5;6.0;0.0;0.0;0.0;64.0;64.0;5252.0;9;16;41;48;0;1;3;0;0;0;1.5;2.5;-5.5;1.077522618968311;ambiguous;-0.5;-0.5;1.5
55100;3;buy;4;5247.0;Mark 55;5250.0;5251.5;5258.0;5257.5;5250.0;6.0;0.0;0.0;0.0;65.0;65.0;5250.0;16;20;48;52;0;0;2;0;0;1;0.5;-0.5;0.5;1.0504807689501452;sell;4.5;11.0;10.5
62400;3;buy;5;5246.0;Mark 55;5249.0;5250.5;5251.5;5264.0;5241.5;6.0;0.0;0.0;0.0;69.0;69.0;5249.0;20;25;52;57;0;0;1;0;0;2;0.5;-2.0;-4.5;1.2534616896937234;sell;4.5;5.5;18.0
67600;3;sell;7;5261.0;Mark 55;5257.0;5258.0;5256.0;5254.0;5234.5;2.0;0.7143;-0.0769;-0.0769;60.0;70.0;5257.714285714285;25;18;57;50;0;0;1;0;0;1;-2.5;-0.5;-1.5;1.223619703610301;buy;3.0;5.0;7.0
68000;3;sell;5;5261.0;Mark 55;5258.5;5257.5;5257.0;5257.5;5236.0;5.0;0.0;0.0;0.0;65.0;65.0;5258.5;18;13;50;45;1;1;2;0;0;1;1.5;0.0;1.0;1.2349698356022565;buy;3.5;4.0;3.5
69400;3;buy;8;5255.0;Mark 55;5257.5;5257.5;5259.0;5261.5;5236.5;5.0;0.5775;0.0;0.0;56.0;56.0;5258.943661971831;13;21;45;53;0;2;3;0;0;0;0.0;-3.0;4.0;1.1735226424346943;sell;2.5;4.0;6.5
74900;3;buy;8;5257.0;Mark 55;5258.5;5259.5;5258.5;5250.0;5239.0;5.0;0.0;0.0;0.0;58.0;58.0;5258.5;21;29;53;61;0;0;3;0;0;0;-1.0;-5.0;3.0;1.1630206704482113;ambiguous;2.5;1.5;-7.0
77100;3;buy;5;5255.0;Mark 55;5256.0;5254.0;5260.5;5247.5;5239.5;2.0;0.65;-0.0959;-0.0959;66.0;80.0;5256.65;29;34;61;66;0;0;4;0;0;0;-2.5;-4.5;-3.5;1.2044792773469406;sell;-1.0;5.5;-7.5
78900;3;buy;6;5256.0;Mark 55;5256.5;5261.5;5262.5;5247.0;5237.5;5.0;0.5;0.0;0.0;57.0;57.0;5257.75;34;40;66;72;0;1;3;0;3;3;0.0;-2.0;-1.0;1.1191171619272897;ambiguous;5.5;6.5;-9.0
88300;3;buy;6;5245.0;Mark 55;5246.5;5247.5;5247.5;5255.5;5244.5;5.0;0.6;0.0;0.0;60.0;60.0;5248.0;40;46;72;78;0;0;1;0;1;5;1.0;0.0;-10.5;1.1748043621200077;ambiguous;2.5;2.5;10.5
92700;3;sell;5;5261.0;Mark 55;5259.0;5258.5;5255.5;5255.0;5239.5;6.0;0.0;0.0;0.0;54.0;54.0;5259.0;46;41;78;73;0;0;1;0;1;5;2.5;7.5;-1.5;1.0741558711979455;ambiguous;2.5;5.5;6.0
93700;3;sell;4;5259.0;Mark 55;5257.5;5254.0;5256.5;5250.0;5244.0;5.0;0.0;0.0;0.0;70.0;70.0;5257.5;41;37;73;69;0;1;2;0;0;5;-1.0;4.5;0.0;1.0371873387954442;ambiguous;5.0;2.5;9.0
95700;3;sell;8;5259.0;Mark 55;5257.5;5254.5;5255.5;5246.5;5245.5;5.0;-0.4898;0.0;0.0;73.0;73.0;5256.275510204082;37;29;69;61;0;1;3;0;0;3;0.5;1.0;9.0;1.023372411561714;ambiguous;4.5;3.5;12.5
98400;3;sell;8;5258.0;Mark 55;5255.5;5254.5;5253.5;5252.0;5245.5;5.0;0.5217;0.0;0.0;70.0;70.0;5256.804347826087;29;21;61;53;0;0;3;0;1;2;1.0;1.0;9.0;1.042926235718365;buy;3.5;4.5;6.0
103800;3;buy;8;5251.0;Mark 55;5250.0;5253.5;5246.5;5237.5;5241.5;2.0;0.7867;-0.0563;-0.0563;67.0;75.0;5250.786666666667;21;29;53;61;0;0;2;1;3;6;-3.5;-3.5;-7.0;1.161264768985686;buy;2.5;-4.5;-13.5
109400;3;buy;8;5252.0;Mark 55;5254.5;5251.5;5246.0;5236.5;5235.5;5.0;0.4493;0.0;0.0;50.0;50.0;5255.623188405797;29;37;61;69;0;0;1;0;0;4;-2.0;0.0;2.0;1.2058761681554253;sell;-0.5;-6.0;-15.5
111400;3;buy;4;5245.0;Mark 55;5248.0;5245.0;5235.5;5243.5;5236.5;6.0;0.0;0.0;0.0;63.0;63.0;5248.0;37;41;69;73;0;1;2;0;0;3;-1.5;-6.5;-8.5;1.16567144573245;sell;0.0;-9.5;-1.5
122400;3;buy;5;5241.0;Mark 55;5244.0;5242.5;5242.5;5249.0;5249.5;6.0;0.0;0.0;0.0;59.0;59.0;5244.0;41;46;73;78;0;0;0;0;1;4;0.5;-0.5;2.5;1.3207239699944366;sell;1.5;1.5;8.0
124700;3;sell;4;5242.0;Mark 55;5240.5;5241.0;5240.0;5252.5;5250.5;5.0;0.5077;0.0;0.0;49.0;49.0;5241.7692307692305;46;42;78;74;0;0;1;0;0;4;-3.0;-3.0;0.0;1.3065491598369756;ambiguous;1.0;2.0;-10.5
127100;3;sell;7;5242.0;Mark 55;5240.5;5239.5;5237.5;5251.5;5248.0;5.0;-0.5632;0.0;0.0;68.0;68.0;5239.091954022989;42;35;74;67;0;0;2;0;0;3;1.0;0.0;2.0;1.3612961587821772;ambiguous;2.5;4.5;-9.5
132500;3;sell;3;5253.0;Mark 55;5249.0;5251.0;5253.5;5240.0;5248.5;6.0;0.0;0.0;0.0;74.0;74.0;5249.0;35;32;67;64;0;0;2;0;1;2;-1.5;2.0;4.5;1.0850008357556458;buy;2.0;-0.5;13.0
135900;3;sell;6;5255.0;Mark 55;5251.5;5252.5;5247.5;5245.5;5244.5;5.0;0.5333;0.0;0.0;69.0;69.0;5252.833333333333;32;26;64;58;0;0;2;0;0;2;-0.5;-4.5;12.0;1.1080306241686195;buy;2.5;7.5;9.5
141900;3;buy;6;5236.0;Mark 55;5238.5;5239.5;5243.5;5241.0;5246.5;5.0;0.5;0.0;0.0;72.0;72.0;5239.75;26;32;58;64;0;0;2;0;0;0;-0.5;-6.0;-12.0;1.1893698125327494;sell;3.5;7.5;5.0
143600;3;buy;4;5243.0;Mark 55;5243.5;5241.5;5245.5;5241.5;5247.5;5.0;0.0;0.0;0.0;67.0;67.0;5243.5;32;36;64;68;0;1;2;0;0;0;-1.0;6.5;-12.0;1.180846531418104;ambiguous;-1.5;2.5;-1.5
145100;3;buy;5;5243.0;Mark 55;5245.5;5245.5;5245.0;5241.5;5245.5;5.0;0.5263;0.0;0.0;58.0;58.0;5246.815789473684;36;41;68;73;0;1;3;0;1;1;3.5;1.0;-8.0;1.2746698338743434;sell;2.5;2.0;-1.5
153500;3;buy;7;5240.0;Mark 55;5240.5;5241.0;5238.5;5240.0;5234.5;5.0;-0.5312;0.0;0.0;49.0;49.0;5239.171875;41;48;73;80;0;0;2;0;1;2;-1.0;0.0;-3.0;1.0726587891168398;ambiguous;1.0;-1.5;0.0
160000;3;sell;8;5236.0;Mark 55;5233.5;5236.0;5235.5;5244.5;5237.5;5.0;0.0;0.0;0.0;68.0;68.0;5233.5;48;40;80;72;0;0;1;0;0;2;-1.5;-0.5;-10.0;1.0174730978991409;buy;0.0;0.5;-8.5
175300;3;sell;7;5250.0;Mark 55;5247.5;5249.0;5246.5;5247.5;5231.5;5.0;-0.5116;0.0;0.0;65.0;65.0;5246.220930232558;40;33;72;65;0;0;0;0;1;3;-3.0;-1.0;7.0;1.232985415730677;buy;1.0;3.5;2.5
182600;3;buy;6;5245.0;Mark 55;5248.5;5247.5;5245.5;5249.5;5233.5;5.0;0.4737;0.0;0.0;56.0;56.0;5249.684210526316;33;39;65;71;0;0;1;0;0;1;0.5;1.0;0.0;1.1169040905443706;sell;2.5;0.5;4.5
197500;3;sell;3;5247.0;Mark 55;5244.5;5243.5;5237.5;5234.5;5237.5;5.0;0.0;0.0;0.0;56.0;56.0;5244.5;39;36;71;68;0;0;0;0;1;3;-1.0;0.5;-3.0;1.123257757142463;buy;3.5;9.5;12.5
207500;3;sell;8;5237.0;Mark 55;5234.5;5235.5;5236.5;5228.5;5236.0;5.0;-0.5522;0.0;0.0;52.0;52.0;5233.119402985075;36;28;68;60;0;0;1;0;0;2;-2.0;-1.5;-10.0;1.279164417093665;buy;1.5;0.5;8.5
207600;3;sell;5;5237.0;Mark 55;5234.5;5235.5;5237.5;5228.0;5234.5;5.0;0.5116;0.0;0.0;65.0;65.0;5235.779069767442;28;23;60;55;1;1;1;0;0;2;-0.5;-2.0;-10.0;1.279164417093665;buy;1.5;-0.5;9.0
208400;3;sell;5;5239.0;Mark 55;5235.5;5238.5;5239.5;5227.5;5236.5;5.0;0.5082;0.0;0.0;46.0;46.0;5236.770491803279;23;18;55;50;0;2;2;0;0;2;-1.0;-1.0;-6.0;1.2232444176932975;buy;0.5;-0.5;11.5
214000;3;buy;5;5233.0;Mark 55;5234.5;5233.5;5232.5;5230.5;5229.5;5.0;0.4103;0.0;0.0;55.0;55.0;5235.525641025641;18;23;50;55;0;0;3;0;0;0;1.0;0.0;0.0;1.0420453856999636;ambiguous;0.5;-0.5;-2.5
215700;3;sell;3;5234.0;Mark 55;5232.5;5233.0;5226.5;5231.5;5233.5;5.0;-0.5278;0.0;0.0;55.0;55.0;5231.180555555556;23;20;55;52;0;1;4;0;1;1;0.0;-1.0;-5.0;1.0504807689501452;ambiguous;1.0;7.5;2.5
224400;3;sell;4;5231.0;Mark 55;5230.5;5230.5;5233.0;5234.5;5237.0;5.0;-0.5385;0.0;0.0;60.0;60.0;5229.153846153846;20;16;52;48;0;0;1;0;0;2;-1.5;3.0;-2.5;1.2740092949840454;ambiguous;0.5;-2.0;-3.5
225000;3;sell;7;5232.0;Mark 55;5230.5;5229.5;5237.5;5234.5;5240.5;5.0;0.494;0.0;0.0;62.0;62.0;5231.734939759036;16;9;48;41;0;1;2;0;0;2;1.0;2.0;-2.0;1.2986379654270255;ambiguous;2.5;-5.5;-2.5
229500;3;buy;4;5239.0;Mark 55;5241.5;5244.5;5240.5;5229.0;5239.5;5.0;-0.5422;0.0;0.0;64.0;64.0;5240.144578313253;9;13;41;45;0;0;2;0;0;0;0.0;2.0;9.0;1.1244833524411801;sell;5.5;1.5;-10.0
233900;3;buy;8;5233.0;Mark 55;5234.5;5234.5;5230.5;5236.5;5239.5;5.0;-0.5952;0.0;0.0;67.0;67.0;5233.011904761905;13;21;45;53;0;0;3;0;0;1;1.0;-3.0;2.5;1.033220270876539;ambiguous;1.5;-2.5;3.5
234500;3;sell;4;5238.0;Mark 55;5234.5;5234.5;5229.5;5234.5;5243.5;5.0;0.4483;0.0;0.0;63.0;63.0;5235.620689655172;21;17;53;49;0;1;3;0;0;1;-1.0;0.5;5.0;1.0212266082158394;buy;3.5;8.5;3.5
243900;3;sell;3;5239.0;Mark 55;5235.5;5236.5;5236.0;5242.0;5227.0;5.0;0.4783;0.0;0.0;51.0;51.0;5236.695652173913;17;14;49;46;0;0;2;0;0;1;0.0;6.0;0.0;1.0777829844714388;buy;2.5;3.0;-3.0
245100;3;buy;8;5229.0;Mark 55;5231.5;5233.5;5236.5;5239.5;5222.0;5.0;0.4815;0.0;0.0;60.0;60.0;5232.7037037037035;14;22;46;54;0;1;1;0;0;1;-3.0;-4.0;-4.0;1.077025382772008;sell;4.5;7.5;10.5
245700;3;buy;3;5232.0;Mark 55;5233.5;5235.5;5235.5;5238.0;5219.5;5.0;0.5385;0.0;0.0;50.0;50.0;5234.846153846154;22;25;54;57;0;2;2;0;0;1;2.0;-2.0;0.0;1.089435031045306;ambiguous;3.5;3.5;6.0
248100;3;sell;8;5239.0;Mark 55;5236.5;5235.5;5238.5;5238.5;5222.5;5.0;-0.425;0.0;0.0;57.0;57.0;5235.4375;25;17;57;49;0;0;3;0;0;0;0.0;1.0;12.0;1.0965761892558925;buy;3.5;0.5;0.5
260600;3;buy;6;5228.0;Mark 55;5230.5;5228.5;5228.5;5232.5;5225.5;5.0;0.5696;0.0;0.0;62.0;62.0;5231.9240506329115;17;23;49;55;0;0;0;0;0;4;-2.0;-4.0;-7.0;1.1806737098546425;sell;0.5;0.5;4.5
262500;3;sell;5;5231.0;Mark 55;5228.5;5227.5;5236.0;5233.0;5228.5;5.0;0.4054;0.0;0.0;52.0;52.0;5229.513513513513;23;18;55;50;0;1;1;0;1;3;-1.0;-2.0;-11.0;1.1515373026400373;buy;3.5;-5.0;-2.0
263500;3;sell;5;5230.0;Mark 55;5228.0;5229.5;5234.5;5237.0;5227.5;6.0;0.0;0.0;0.0;63.0;63.0;5228.0;18;13;50;45;0;1;2;1;2;4;0.5;-1.5;-14.5;1.1287172598975048;ambiguous;0.5;-4.5;-7.0
268500;3;buy;3;5236.0;Mark 55;5239.5;5237.0;5235.5;5242.0;5226.5;3.0;-0.3939;-0.3654;0.0658;81.0;71.0;5238.909090909091;13;16;45;48;0;0;3;0;0;3;2.0;3.0;3.0;1.121007352308722;sell;1.0;-0.5;6.0
281100;3;buy;8;5237.0;Mark 55;5240.5;5239.5;5239.5;5230.5;5239.5;5.0;0.4627;0.0;0.0;49.0;49.0;5241.6567164179105;16;24;48;56;0;0;0;0;0;2;1.0;-2.5;10.0;1.2205723901079892;sell;2.5;2.5;-6.5
281800;3;buy;4;5237.0;Mark 55;5240.5;5237.5;5240.0;5228.5;5240.5;5.0;-0.5128;0.0;0.0;59.0;59.0;5239.217948717948;24;28;56;60;0;1;1;0;0;2;2.0;2.0;9.0;1.2296087009256655;sell;0.5;3.0;-8.5
284600;3;buy;7;5241.0;Mark 55;5243.5;5244.5;5242.5;5227.5;5234.5;5.0;-0.5405;0.0;0.0;57.0;57.0;5242.148648648648;28;35;60;67;0;0;2;0;1;3;3.0;7.0;4.0;1.2032715666107872;sell;3.5;1.5;-13.5
285700;3;buy;5;5243.0;Mark 55;5244.0;5243.0;5241.5;5219.5;5237.5;2.0;0.7544;-0.0654;-0.0654;50.0;57.0;5244.754385964912;35;40;67;72;0;1;3;1;2;4;-1.5;6.5;6.5;1.2094878802856612;sell;0.0;-1.5;-23.5
285900;3;sell;8;5247.0;Mark 55;5244.5;5242.0;5242.0;5222.5;5236.5;5.0;0.6053;0.0;0.0;61.0;61.0;5246.013157894737;40;32;72;64;1;2;4;1;1;4;-3.0;5.0;7.0;1.2144128169407655;buy;5.0;5.0;24.5
293300;3;buy;3;5225.0;Mark 55;5226.5;5226.0;5221.5;5223.5;5230.0;5.0;0.0;0.0;0.0;54.0;54.0;5226.5;32;35;64;67;0;0;3;0;1;5;-3.0;-3.0;-10.5;1.2335231780028861;ambiguous;1.0;-3.5;-1.5
298100;3;sell;5;5225.0;Mark 55;5223.0;5221.5;5223.5;5218.5;5223.0;6.0;0.0;0.0;0.0;56.0;56.0;5223.0;35;30;67;62;0;0;1;0;0;6;0.0;0.5;-18.5;1.2664789705150503;ambiguous;3.5;1.5;6.5
305500;3;sell;8;5226.0;Mark 55;5222.5;5224.5;5220.0;5225.5;5213.5;5.0;0.5455;0.0;0.0;68.0;68.0;5223.863636363636;30;22;62;54;0;0;1;0;0;3;-0.5;0.0;3.0;1.1651899351351744;buy;1.5;6.0;0.5
309000;3;buy;6;5220.0;Mark 55;5222.5;5220.0;5226.5;5224.5;5218.5;5.0;0.0;0.0;0.0;54.0;54.0;5222.5;22;28;54;60;0;0;1;0;0;2;0.0;1.0;1.0;1.1325750537704873;sell;0.0;6.5;4.5
310300;3;sell;3;5226.0;Mark 55;5223.5;5226.5;5227.0;5221.0;5216.0;5.0;-0.3976;0.0;0.0;58.0;58.0;5222.506024096386;28;25;60;57;0;1;2;0;0;2;1.0;3.0;1.0;1.1213713600635147;buy;-0.5;-1.0;5.0
317100;3;buy;6;5224.0;Mark 55;5225.5;5227.5;5223.5;5231.5;5225.5;5.0;0.4839;0.0;0.0;69.0;69.0;5226.709677419355;25;31;57;63;0;0;2;0;0;1;0.0;-1.0;3.0;1.0294113788765473;ambiguous;3.5;-0.5;7.5
319400;3;buy;5;5222.0;Mark 55;5223.5;5223.0;5221.5;5233.5;5228.5;5.0;-0.4651;0.0;0.0;63.0;63.0;5222.337209302325;31;36;63;68;0;0;2;0;1;2;-1.0;-3.0;3.0;0.9261034418143106;ambiguous;1.0;-0.5;11.5
326700;3;sell;3;5235.0;Mark 55;5231.5;5230.5;5230.5;5231.5;5235.0;5.0;-0.5278;0.0;0.0;55.0;55.0;5230.180555555556;36;33;68;65;0;0;2;0;0;3;1.0;5.0;5.5;1.0222002632687548;buy;4.5;4.5;3.5
328200;3;buy;3;5227.0;Mark 55;5228.5;5230.5;5237.5;5230.5;5239.5;5.0;0.5319;0.0;0.0;72.0;72.0;5229.829787234043;33;36;65;68;0;1;2;0;1;4;-1.0;-2.0;0.0;1.0777829844714388;ambiguous;3.5;10.5;3.5
330100;3;sell;3;5241.0;Mark 55;5238.0;5238.0;5237.5;5230.5;5243.5;6.0;0.0;0.0;0.0;59.0;59.0;5238.0;36;33;68;65;0;1;2;0;0;3;3.5;9.5;14.5;1.0181497509781134;buy;3.0;3.5;10.5
332000;3;buy;8;5238.0;Mark 55;5240.5;5239.0;5234.5;5229.5;5251.5;5.0;0.0;0.0;0.0;71.0;71.0;5240.5;33;41;65;73;0;1;3;0;0;2;1.0;2.5;17.0;0.9538905347739828;sell;1.0;-3.5;-8.5
332800;3;buy;6;5235.0;Mark 55;5237.0;5235.5;5236.5;5230.0;5251.5;2.0;0.3571;0.2911;-0.0811;51.0;60.0;5237.357142857143;41;47;73;79;0;1;4;0;0;2;-0.5;-2.5;10.0;0.912815043110198;sell;0.5;1.5;-5.0
333600;3;buy;6;5232.0;Mark 55;5235.0;5234.5;5237.5;5227.5;5249.5;6.0;0.0;0.0;0.0;53.0;53.0;5235.0;47;53;79;85;0;2;5;0;0;1;-0.5;-5.5;7.0;0.9073496230422171;sell;2.5;5.5;-4.5
363400;3;sell;8;5228.0;Mark 55;5225.5;5220.0;5222.5;5235.0;5235.5;5.0;-0.5714;0.0;0.0;55.0;55.0;5224.071428571428;53;45;85;77;0;0;0;0;0;2;3.5;5.0;10.0;1.1655401443883424;buy;8.0;5.5;-7.0
364600;3;buy;6;5221.0;Mark 55;5221.5;5223.0;5223.5;5236.5;5232.5;5.0;-0.5405;0.0;0.0;57.0;57.0;5220.148648648648;45;51;77;83;0;1;1;0;0;2;-1.0;2.0;8.0;1.1714341350942414;ambiguous;2.0;2.5;15.5
367300;3;sell;5;5228.0;Mark 55;5225.5;5228.5;5228.5;5240.5;5225.5;5.0;0.5238;0.0;0.0;64.0;64.0;5226.809523809524;51;46;83;78;0;0;2;0;0;2;1.5;1.5;6.0;1.1332279970494032;buy;-0.5;-0.5;-12.5
367700;3;sell;4;5230.0;Mark 55;5225.5;5228.5;5228.5;5240.5;5224.5;5.0;-0.5217;0.0;0.0;70.0;70.0;5224.195652173913;46;42;78;74;1;1;3;0;0;1;0.0;4.5;7.0;1.063656028289062;buy;1.5;1.5;-10.5
369300;3;sell;5;5231.0;Mark 55;5229.5;5228.5;5231.5;5243.5;5228.0;5.0;-0.4857;0.0;0.0;52.0;52.0;5228.285714285715;42;37;74;69;0;2;4;0;0;1;4.0;4.0;11.5;1.1455409441343845;ambiguous;2.5;-0.5;-12.5
371300;3;sell;6;5233.0;Mark 55;5231.5;5232.5;5234.5;5248.0;5229.0;5.0;-0.4933;0.0;0.0;56.0;56.0;5230.266666666666;37;31;69;63;0;1;5;0;0;0;2.5;3.0;13.0;1.2030807646169084;ambiguous;0.5;-1.5;-15.0
372800;3;sell;4;5235.0;Mark 55;5231.5;5234.5;5236.5;5251.5;5229.0;5.0;-0.4588;0.0;0.0;62.0;62.0;5230.35294117647;31;27;63;59;0;1;6;0;1;1;1.0;2.5;10.0;1.18487905443355;buy;0.5;-1.5;-16.5
376200;3;buy;4;5233.0;Mark 55;5234.5;5235.0;5239.5;5244.0;5219.5;1.0;0.2632;-0.1077;-0.1077;58.0;72.0;5234.631578947368;27;31;59;63;0;0;5;1;1;3;-5.0;-4.0;11.0;1.1249142628509214;sell;2.0;6.5;11.0
378400;3;buy;7;5239.0;Mark 55;5241.5;5244.5;5246.5;5240.0;5219.5;3.0;-0.4118;-0.3131;0.0714;75.0;65.0;5240.882352941177;31;38;63;70;0;0;4;0;0;3;0.5;4.0;12.0;1.2104154664697728;sell;5.5;7.5;1.0
380700;3;sell;3;5249.0;Mark 55;5246.5;5248.5;5250.5;5247.5;5213.5;5.0;0.0;0.0;0.0;66.0;66.0;5246.5;38;35;70;67;0;0;4;0;1;4;2.0;4.0;18.0;1.1773419503068128;buy;0.5;-1.5;1.5
387000;3;sell;4;5246.0;Mark 55;5244.5;5244.5;5241.5;5253.5;5221.5;5.0;-0.4286;0.0;0.0;50.0;50.0;5243.428571428572;35;31;67;63;0;0;2;0;0;2;0.0;4.0;5.0;1.2380641240368035;ambiguous;1.5;4.5;-7.5
398900;3;sell;6;5253.0;Mark 55;5251.0;5251.5;5255.0;5236.5;5208.5;6.0;0.0;0.0;0.0;61.0;61.0;5251.0;31;25;63;57;0;0;0;0;1;2;0.0;-2.5;10.0;0.9613222112472818;ambiguous;1.5;-2.0;16.5
399000;3;buy;5;5248.0;Mark 55;5250.5;5253.5;5254.5;5234.5;5208.0;5.0;0.4699;0.0;0.0;61.0;61.0;5251.674698795181;25;30;57;62;1;1;1;0;1;2;-2.0;-3.0;9.0;0.9623299701939647;sell;5.5;6.5;-13.5
399800;3;buy;6;5251.0;Mark 55;5254.5;5253.0;5252.5;5233.5;5212.5;5.0;0.5682;0.0;0.0;69.0;69.0;5255.920454545455;30;36;62;68;0;2;2;1;1;2;3.0;2.0;10.0;0.9480969721420053;sell;2.0;1.5;-17.5
404000;3;buy;6;5248.0;Mark 55;5250.5;5246.5;5237.5;5232.5;5209.0;5.0;-0.4925;0.0;0.0;50.0;50.0;5249.268656716418;36;42;68;74;0;0;3;0;0;2;-1.5;-1.0;1.0;0.9795376098909622;sell;-1.5;-10.5;-15.5
409700;3;buy;4;5232.0;Mark 55;5234.5;5233.5;5232.5;5227.5;5213.5;5.0;0.0;0.0;0.0;60.0;60.0;5234.5;42;46;74;78;0;0;2;0;0;2;-2.0;0.0;-20.0;1.1953596980292946;sell;1.5;0.5;-4.5
411800;3;buy;3;5229.0;Mark 55;5232.5;5233.5;5234.5;5229.5;5211.5;5.0;-0.5385;0.0;0.0;60.0;60.0;5231.153846153846;46;49;78;81;0;0;2;0;0;2;-3.0;-1.0;-20.0;1.1413247484436935;sell;4.5;5.5;0.5
426600;3;sell;6;5220.0;Mark 55;5219.5;5219.5;5218.5;5220.0;5209.5;5.0;-0.5844;0.0;0.0;61.0;61.0;5218.038961038961;49;43;81;75;0;0;0;0;0;1;-0.5;-9.0;-7.5;1.159858133879069;ambiguous;0.5;1.5;0.0
429300;3;sell;7;5219.0;Mark 55;5217.0;5216.5;5214.5;5218.5;5216.5;6.0;0.0;0.0;0.0;65.0;65.0;5217.0;43;36;75;68;0;0;1;0;0;0;-0.5;-1.5;-11.0;0.981020792712942;ambiguous;2.5;4.5;0.5
429500;3;sell;4;5221.0;Mark 55;5217.5;5214.5;5215.5;5217.5;5218.5;5.0;0.5158;0.0;0.0;72.0;72.0;5218.789473684211;36;32;68;64;1;1;2;0;0;0;-2.0;-1.5;-9.5;0.9631513083685024;buy;6.5;5.5;3.5
437400;3;sell;5;5220.0;Mark 55;5220.5;5219.5;5217.0;5210.0;5210.5;5.0;-0.4947;0.0;0.0;71.0;71.0;5219.263157894737;32;27;64;59;0;0;2;0;0;2;0.0;3.0;1.0;1.0800762178020613;ambiguous;0.5;3.0;10.0
437500;3;sell;6;5220.0;Mark 55;5217.5;5219.5;5217.5;5210.5;5210.5;5.0;0.6104;0.0;0.0;62.0;62.0;5219.025974025974;27;21;59;53;1;1;3;0;0;2;-4.0;1.0;-1.5;1.120187902380274;buy;0.5;2.5;9.5
439700;3;buy;3;5215.0;Mark 55;5217.0;5216.5;5217.5;5211.5;5212.5;6.0;0.0;0.0;0.0;70.0;70.0;5217.0;21;24;53;56;0;0;2;0;0;2;-0.5;-2.5;-1.5;1.117931317921013;ambiguous;1.5;2.5;-3.5
441900;3;sell;5;5219.0;Mark 55;5216.5;5215.5;5220.5;5207.5;5208.5;5.0;0.4651;0.0;0.0;63.0;63.0;5217.662790697675;24;19;56;51;0;0;3;0;0;1;-3.0;-1.0;1.0;1.1032088137640383;buy;3.5;-1.5;11.5
445000;3;buy;6;5212.0;Mark 55;5215.5;5211.0;5211.5;5212.5;5209.5;3.0;-0.4545;0.0476;0.0476;66.0;60.0;5214.818181818182;19;25;51;57;0;0;4;0;3;4;0.0;-2.5;1.0;1.1100545941160604;sell;-1.0;-0.5;0.5
448000;3;sell;4;5210.0;Mark 55;5208.5;5210.5;5215.5;5211.5;5205.5;5.0;0.0;0.0;0.0;68.0;68.0;5208.5;25;21;57;53;0;0;3;0;1;5;-2.0;-2.0;-11.0;1.188232614108062;ambiguous;-0.5;-5.5;-1.5
454100;3;buy;6;5207.0;Mark 55;5209.0;5211.5;5212.5;5217.5;5195.5;6.0;0.0;0.0;0.0;52.0;52.0;5209.0;21;27;53;59;0;0;2;1;1;5;0.5;0.5;-9.0;1.2660358005606294;ambiguous;4.5;5.5;10.5
454500;3;buy;3;5211.0;Mark 55;5211.5;5212.5;5212.5;5217.0;5193.5;5.0;0.0;0.0;0.0;47.0;47.0;5211.5;27;30;59;62;1;1;3;0;1;4;2.5;1.0;-4.0;1.264665020679045;ambiguous;1.5;1.5;6.0
456100;3;buy;3;5210.0;Mark 55;5212.5;5213.5;5212.5;5215.5;5201.0;5.0;-0.5217;0.0;0.0;70.0;70.0;5211.195652173913;30;33;62;65;0;2;3;0;0;4;-0.5;3.0;1.0;1.259268261909878;sell;3.5;2.5;5.5
457800;3;sell;3;5214.0;Mark 55;5211.5;5212.5;5213.5;5214.5;5203.5;5.0;-0.5833;0.0;0.0;57.0;57.0;5210.041666666667;33;30;65;62;0;1;4;0;1;4;-1.0;-1.0;3.5;1.1939505032896813;buy;1.5;0.5;-0.5
467300;3;buy;7;5213.0;Mark 55;5215.5;5214.5;5210.5;5211.5;5209.5;5.0;-0.4103;0.0;0.0;55.0;55.0;5214.474358974359;30;37;62;69;0;0;1;0;0;1;0.0;-4.5;3.0;1.121007352308722;sell;1.5;-2.5;-1.5
471700;3;buy;5;5209.0;Mark 55;5212.5;5211.5;5209.5;5215.0;5204.5;5.0;-0.5529;0.0;0.0;66.0;66.0;5211.117647058823;37;42;69;74;0;0;1;0;0;2;1.0;2.0;1.5;1.1269305443507305;sell;2.5;0.5;6.0
477000;3;buy;5;5210.0;Mark 55;5211.5;5211.5;5216.0;5210.5;5205.5;5.0;0.5435;0.0;0.0;71.0;71.0;5212.858695652174;42;47;74;79;0;0;2;0;0;1;1.5;0.0;-3.0;1.102838811216839;ambiguous;1.5;6.0;0.5
478700;3;sell;4;5220.0;Mark 55;5216.5;5216.5;5215.5;5212.5;5199.0;5.0;-0.4865;0.0;0.0;55.0;55.0;5215.283783783784;47;43;79;75;0;1;2;0;0;1;0.0;7.0;5.0;1.0882637211366413;buy;3.5;4.5;7.5
489800;3;buy;8;5210.0;Mark 55;5212.5;5213.5;5208.5;5199.0;5201.0;5.0;-0.4607;0.0;0.0;65.0;65.0;5211.348314606742;43;51;75;83;0;0;0;0;0;1;3.0;6.0;-4.0;1.0676055708608727;sell;3.5;-1.5;-11.0
493700;3;sell;8;5212.0;Mark 55;5209.5;5209.5;5208.0;5197.5;5207.5;5.0;0.0;0.0;0.0;61.0;61.0;5209.5;51;43;83;75;0;0;1;0;1;2;-1.0;0.5;2.0;1.0073447242782743;buy;2.5;4.0;14.5
494100;3;sell;4;5212.0;Mark 55;5210.5;5208.5;5207.0;5195.5;5206.5;5.0;0.0;0.0;0.0;45.0;45.0;5210.5;43;39;75;71;1;1;2;0;1;2;1.0;1.0;-1.0;0.9923439194369179;ambiguous;3.5;5.0;16.5
497300;3;buy;7;5203.0;Mark 55;5204.0;5206.5;5201.5;5205.5;5207.5;6.0;0.0;0.0;0.0;55.0;55.0;5204.0;39;46;71;78;0;0;3;0;0;1;-3.5;-3.0;-6.5;1.0289900526815108;ambiguous;3.5;-1.5;2.5
497700;3;sell;4;5209.0;Mark 55;5206.5;5203.5;5199.5;5204.5;5208.5;5.0;0.0;0.0;0.0;54.0;54.0;5206.5;46;42;78;74;1;1;4;0;0;1;2.5;-1.5;-1.0;1.024891711401741;buy;5.5;9.5;4.5
498800;3;buy;5;5196.0;Mark 55;5198.0;5201.5;5199.5;5206.5;5207.5;2.0;0.5833;0.4483;-0.0382;63.0;68.0;5198.583333333333;42;47;74;79;0;2;5;0;0;1;-5.5;-9.5;-13.5;1.053656887922043;sell;5.5;3.5;10.5
506200;3;buy;4;5198.0;Mark 55;5201.0;5203.5;5204.5;5208.0;5220.5;2.0;-0.2308;0.0909;0.0909;60.0;50.0;5200.7692307692305;47;51;79;83;0;0;3;0;0;1;2.5;5.5;-5.5;1.1974064753105356;sell;5.5;6.5;10.0
508300;3;sell;5;5207.0;Mark 55;5204.5;5206.5;5207.5;5210.5;5217.5;5.0;0.0;0.0;0.0;66.0;66.0;5204.5;51;46;83;78;0;0;2;0;0;1;1.0;3.0;1.0;1.2370129344101337;buy;0.5;-0.5;-3.5
508400;3;sell;7;5207.0;Mark 55;5204.5;5206.5;5208.5;5209.5;5218.5;5.0;0.4898;0.0;0.0;73.0;73.0;5205.724489795918;46;39;78;71;1;1;3;0;0;1;2.0;3.0;2.0;1.232799212597809;buy;0.5;-1.5;-2.5
518200;3;buy;3;5208.0;Mark 55;5210.5;5207.0;5205.5;5202.0;5225.5;5.0;0.4688;0.0;0.0;47.0;47.0;5211.671875;39;42;71;74;0;0;2;0;0;1;1.0;2.5;6.0;1.0595232567907327;sell;-1.0;-2.5;-6.0
519700;3;sell;8;5206.0;Mark 55;5204.5;5205.5;5204.5;5199.5;5226.5;5.0;-0.5111;0.0;0.0;68.0;68.0;5203.222222222223;42;34;74;66;0;1;1;0;0;1;-3.0;-5.0;-2.5;1.059763975470833;ambiguous;0.5;1.5;6.5
522900;3;sell;8;5211.0;Mark 55;5210.0;5205.5;5204.0;5200.5;5217.5;6.0;0.0;0.0;0.0;50.0;50.0;5210.0;34;26;66;58;0;0;2;0;1;1;3.5;7.5;6.5;1.0484391107363071;ambiguous;5.5;7.0;10.5
532800;3;sell;7;5201.0;Mark 55;5200.5;5201.5;5191.5;5206.5;5220.5;5.0;0.5349;0.0;0.0;66.0;66.0;5201.837209302325;26;19;58;51;0;0;1;1;1;5;2.0;3.5;-9.5;0.9631513083685024;ambiguous;-0.5;9.5;-5.5
534700;3;buy;5;5190.0;Mark 55;5192.5;5192.5;5198.0;5204.5;5217.5;5.0;0.0;0.0;0.0;58.0;58.0;5192.5;19;24;51;56;0;1;1;0;1;5;-1.0;-8.0;-9.5;1.1206887485358217;sell;2.5;8.0;14.5
545400;3;buy;5;5200.0;Mark 55;5202.5;5202.5;5206.5;5223.5;5220.5;5.0;0.0;0.0;0.0;59.0;59.0;5202.5;24;29;56;61;0;0;0;0;0;2;0.5;-6.0;8.0;1.1692764548272956;sell;2.5;6.5;23.5
552500;3;buy;8;5214.0;Mark 55;5215.5;5216.5;5220.5;5219.0;5222.0;5.0;-0.5802;0.0;0.0;64.0;64.0;5214.049382716049;29;37;61;69;0;0;1;0;0;1;2.0;2.5;10.0;1.1414588352740727;ambiguous;2.5;6.5;5.0
554500;3;sell;3;5223.0;Mark 55;5218.5;5223.5;5220.0;5225.5;5221.0;5.0;0.0;0.0;0.0;58.0;58.0;5218.5;37;34;69;66;0;1;2;0;0;1;-1.0;2.0;13.0;1.145006414753895;buy;-0.5;3.0;-2.5
555200;3;buy;6;5222.0;Mark 55;5223.5;5220.5;5222.5;5227.5;5224.5;5.0;0.0;0.0;0.0;58.0;58.0;5223.5;34;40;66;72;0;1;3;0;0;1;2.0;7.0;23.0;1.0878417408321042;ambiguous;-1.5;0.5;5.5
560300;3;sell;4;5220.0;Mark 55;5218.0;5214.5;5218.0;5226.5;5222.5;6.0;0.0;0.0;0.0;52.0;52.0;5218.0;40;36;72;68;0;0;3;0;1;1;1.5;0.5;3.5;1.023098199352244;ambiguous;5.5;2.0;-6.5
562200;3;sell;8;5220.0;Mark 55;5218.5;5220.5;5224.5;5221.5;5226.5;5.0;0.0;0.0;0.0;62.0;62.0;5218.5;36;28;68;60;0;1;4;0;2;3;0.0;0.5;4.0;1.093314781062035;ambiguous;-0.5;-4.5;-1.5
565100;3;sell;6;5229.0;Mark 55;5226.0;5226.5;5228.5;5222.5;5238.5;6.0;0.0;0.0;0.0;57.0;57.0;5226.0;28;22;60;54;0;0;3;0;0;5;0.5;4.5;2.5;1.0786582981230826;buy;2.5;0.5;6.5
567800;3;buy;5;5222.0;Mark 55;5225.0;5227.5;5224.5;5217.5;5233.0;6.0;0.0;0.0;0.0;61.0;61.0;5225.0;22;27;54;59;0;0;3;0;1;6;-2.5;-1.5;4.5;1.070945275580139;sell;5.5;2.5;-4.5
570100;3;buy;3;5224.0;Mark 55;5225.5;5226.5;5222.0;5220.0;5223.0;5.0;0.5632;0.0;0.0;68.0;68.0;5226.908045977011;27;30;59;62;0;0;4;1;1;6;-1.0;-1.0;8.0;1.046174055827335;ambiguous;2.5;-2.0;-4.0
584400;3;sell;6;5220.0;Mark 55;5218.5;5215.5;5212.5;5220.5;5235.0;5.0;0.5581;0.0;0.0;67.0;67.0;5219.895348837209;30;24;62;56;0;0;0;0;0;3;0.0;-3.0;-2.0;1.1932452818352903;ambiguous;4.5;7.5;-0.5
587700;3;sell;8;5218.0;Mark 55;5215.5;5217.5;5223.0;5221.5;5234.5;5.0;0.0;0.0;0.0;55.0;55.0;5215.5;24;16;56;48;0;0;1;1;1;3;0.5;1.0;0.0;1.00252207210141;buy;0.5;-5.0;-3.5
589800;3;buy;4;5223.0;Mark 55;5223.0;5223.0;5219.0;5221.5;5238.5;2.0;0.7465;0.3053;-0.0677;62.0;71.0;5223.7464788732395;16;20;48;52;0;0;2;0;1;2;-0.5;5.5;1.5;1.071802374777418;ambiguous;0.0;-4.0;-1.5
594300;3;buy;4;5219.0;Mark 55;5220.5;5219.5;5220.5;5220.5;5251.0;5.0;0.5227;0.0;0.0;67.0;67.0;5221.806818181818;20;24;52;56;0;0;3;0;0;3;0.0;1.0;2.0;1.1501409485850334;ambiguous;0.5;1.5;1.5
601600;3;buy;4;5223.0;Mark 55;5225.5;5225.0;5218.5;5226.0;5258.0;5.0;0.0;0.0;0.0;55.0;55.0;5225.5;24;28;56;60;0;0;1;0;0;2;4.0;6.0;6.5;1.0722544564731775;sell;2.0;-4.5;3.0
616000;3;buy;6;5230.0;Mark 55;5233.5;5230.5;5229.5;5235.5;5260.5;5.0;0.0;0.0;0.0;69.0;69.0;5233.5;28;34;60;66;0;0;0;0;1;2;-1.0;-4.5;10.0;1.3370776931329484;sell;0.5;-0.5;5.5
621600;3;sell;8;5221.0;Mark 55;5217.5;5220.5;5223.5;5233.5;5249.5;5.0;0.5422;0.0;0.0;64.0;64.0;5218.855421686747;34;26;66;58;0;0;1;0;0;2;-3.0;-6.5;-8.5;1.354081753124033;buy;0.5;-2.5;-12.5
626300;3;buy;5;5234.0;Mark 55;5235.5;5235.5;5239.5;5235.5;5254.0;5.0;-0.4921;0.0;0.0;47.0;47.0;5234.269841269841;26;31;58;63;0;0;1;0;1;2;2.5;11.5;4.0;1.211637108715311;ambiguous;1.5;5.5;1.5
632400;3;sell;4;5232.0;Mark 55;5229.5;5230.5;5235.0;5245.0;5249.5;5.0;-0.6053;0.0;0.0;61.0;61.0;5227.986842105263;31;27;63;59;0;0;1;0;0;2;-2.0;0.5;9.0;1.1400948843280065;buy;1.5;-3.0;-13.0
633200;3;sell;3;5232.0;Mark 55;5229.5;5232.0;5233.5;5245.5;5245.5;5.0;0.5;0.0;0.0;57.0;57.0;5230.75;27;24;59;56;0;1;2;0;1;3;0.0;-4.0;6.5;1.1228716447295748;buy;0.0;-1.5;-13.5
636600;3;sell;7;5238.0;Mark 55;5236.5;5236.5;5232.5;5253.0;5246.0;5.0;-0.3846;0.0;0.0;54.0;54.0;5235.538461538462;24;17;56;49;0;0;2;0;0;2;1.0;3.5;2.0;1.1099167134082581;ambiguous;1.5;5.5;-15.0
649500;3;sell;8;5254.0;Mark 55;5250.5;5252.5;5257.5;5263.0;5248.5;5.0;0.6104;0.0;0.0;62.0;62.0;5252.025974025974;17;9;49;41;0;0;0;0;1;1;-3.0;-7.0;14.0;1.0151389516283729;buy;1.5;-3.5;-9.0
654500;3;buy;8;5253.0;Mark 55;5255.5;5252.5;5251.0;5258.5;5245.5;5.0;0.5802;0.0;0.0;64.0;64.0;5256.950617283951;9;17;41;49;0;0;1;0;1;2;1.0;-2.0;3.0;1.121007352308722;sell;-0.5;-2.0;5.5
656200;3;buy;6;5248.0;Mark 55;5249.5;5253.5;5257.5;5259.0;5243.5;5.0;-0.4419;0.0;0.0;62.0;62.0;5248.395348837209;17;23;49;55;0;1;2;0;0;2;-1.5;-6.0;-3.0;1.1824007887955559;ambiguous;5.5;9.5;11.0
663600;3;sell;7;5262.0;Mark 55;5260.5;5259.5;5259.5;5255.5;5259.5;5.0;0.0;0.0;0.0;49.0;49.0;5260.5;23;16;55;48;0;0;2;0;1;1;-0.5;-3.5;6.5;1.2485273439206281;ambiguous;2.5;2.5;6.5
666400;3;sell;7;5261.0;Mark 55;5259.5;5256.5;5256.0;5253.5;5258.5;5.0;0.0;0.0;0.0;66.0;66.0;5259.5;16;9;48;41;0;0;1;0;0;1;0.0;2.5;8.0;1.2344120399522782;ambiguous;4.5;5.0;7.5
676800;3;sell;8;5255.0;Mark 55;5252.0;5250.0;5254.0;5246.5;5255.5;6.0;0.0;0.0;0.0;59.0;59.0;5252.0;9;1;41;33;0;0;0;0;0;0;-2.0;-3.0;-4.5;1.1657808522225057;buy;5.0;1.0;8.5
682700;3;buy;4;5245.0;Mark 55;5248.5;5245.5;5245.0;5244.5;5248.5;5.0;0.6053;0.0;0.0;61.0;61.0;5250.013157894737;1;5;33;37;0;0;1;0;0;1;-3.0;-8.0;3.0;1.1411012353795593;sell;0.5;0.0;-0.5
686800;3;sell;4;5249.0;Mark 55;5245.5;5245.5;5242.5;5250.5;5242.0;5.0;0.0;0.0;0.0;62.0;62.0;5245.5;5;1;37;33;0;0;2;0;0;1;1.5;-1.0;-7.0;1.0778066509438007;buy;3.5;6.5;-1.5
687600;3;buy;3;5244.0;Mark 55;5245.5;5244.5;5241.5;5252.0;5241.0;5.0;0.4737;0.0;0.0;70.0;70.0;5246.684210526316;1;4;33;36;0;1;2;0;0;0;0.0;0.5;-7.0;1.0200269876854096;ambiguous;0.5;-2.5;8.0
689300;3;buy;4;5238.0;Mark 55;5241.5;5240.5;5243.0;5245.0;5243.0;3.0;-0.5484;-0.3673;0.0496;74.0;67.0;5240.677419354839;4;8;36;40;0;1;3;0;1;1;-1.0;-4.0;-12.5;1.0158924880070048;sell;2.5;5.0;7.0
702500;3;sell;4;5247.0;Mark 55;5244.5;5244.5;5245.5;5263.5;5228.0;5.0;0.6104;0.0;0.0;62.0;62.0;5246.025974025974;8;4;40;36;0;0;0;0;2;2;0.0;-1.0;1.0;1.1370256208741438;buy;2.5;1.5;-16.5
715600;3;sell;3;5262.0;Mark 55;5259.5;5260.5;5261.5;5253.5;5229.5;5.0;-0.5443;0.0;0.0;61.0;61.0;5258.139240506329;4;1;36;33;0;0;0;0;0;3;-2.0;0.0;15.0;1.1291691444779823;buy;1.5;0.5;8.5
723100;3;sell;3;5259.0;Mark 55;5255.5;5257.5;5256.5;5251.5;5229.5;5.0;0.0;0.0;0.0;54.0;54.0;5255.5;1;-2;33;30;0;0;1;0;0;2;0.0;-5.0;-6.0;1.1265230482085518;buy;1.5;2.5;7.5
723700;3;buy;6;5255.0;Mark 55;5257.5;5254.5;5251.5;5250.5;5228.5;5.0;-0.3827;0.0;0.0;56.0;56.0;5256.543209876543;-2;4;30;36;0;1;2;0;0;2;2.0;-2.0;-4.0;1.1116389930605917;sell;-0.5;-3.5;-4.5
726300;3;sell;3;5259.0;Mark 55;5256.0;5255.5;5255.5;5244.5;5232.5;6.0;0.0;0.0;0.0;62.0;62.0;5256.0;4;1;36;33;0;0;2;1;1;3;3.5;1.5;-4.5;1.197832447033477;buy;3.5;3.5;14.5
726500;3;sell;3;5258.0;Mark 55;5255.5;5256.0;5256.5;5244.5;5232.5;5.0;0.0;0.0;0.0;62.0;62.0;5255.5;1;-2;33;30;1;1;3;1;1;3;-1.0;2.0;-3.0;1.1866644999515923;buy;2.0;1.5;13.5
726600;3;buy;3;5253.0;Mark 55;5255.5;5256.5;5256.5;5243.5;5228.0;5.0;0.0;0.0;0.0;61.0;61.0;5255.5;-2;1;30;33;2;2;4;0;1;3;-0.5;0.0;-2.0;1.1826164963206187;sell;3.5;3.5;-9.5
728200;3;sell;8;5259.0;Mark 55;5256.0;5257.0;5255.5;5239.5;5233.0;6.0;0.0;0.0;0.0;48.0;48.0;5256.0;1;-7;33;25;0;3;5;0;1;4;1.5;0.0;-3.0;1.136666626273397;buy;2.0;3.5;19.5
729000;3;buy;6;5254.0;Mark 55;5256.5;5259.5;5252.5;5242.5;5232.5;5.0;0.0;0.0;0.0;55.0;55.0;5256.5;-7;-1;25;31;0;1;6;0;0;3;0.0;0.5;-4.0;1.081704527695156;sell;5.5;-1.5;-11.5
731400;3;buy;4;5247.0;Mark 55;5249.5;5249.5;5251.5;5238.0;5235.0;5.0;0.5;0.0;0.0;45.0;45.0;5250.75;-1;3;31;35;0;0;7;0;0;2;-2.0;-10.0;-12.0;1.098876628149621;sell;2.5;4.5;-9.0
740800;3;sell;7;5242.0;Mark 55;5239.0;5237.5;5240.5;5230.5;5245.0;6.0;0.0;0.0;0.0;54.0;54.0;5239.0;3;-4;35;28;0;0;1;0;0;0;-2.0;-2.5;-13.5;0.9608975754974501;buy;4.5;1.5;11.5
740900;3;buy;4;5236.0;Mark 55;5239.5;5238.0;5241.0;5230.5;5246.5;5.0;0.5;0.0;0.0;63.0;63.0;5240.75;-4;0;28;32;1;1;2;0;0;0;-2.0;-2.0;-12.0;0.958984387784646;sell;2.0;5.0;-5.5
742300;3;buy;3;5240.0;Mark 55;5242.5;5240.5;5241.5;5227.0;5249.5;5.0;0.0;0.0;0.0;50.0;50.0;5242.5;0;3;32;35;0;2;2;0;0;0;3.5;1.5;-6.0;1.013227484684878;sell;0.5;1.5;-13.0
744800;3;buy;4;5242.0;Mark 55;5243.5;5243.5;5239.5;5229.5;5247.0;5.0;0.0;0.0;0.0;69.0;69.0;5243.5;3;7;35;39;0;0;3;0;0;0;2.0;3.0;-8.0;1.074749373431907;ambiguous;1.5;-2.5;-12.5
746600;3;buy;5;5236.0;Mark 55;5238.5;5240.5;5240.5;5237.5;5250.5;5.0;0.5854;0.0;0.0;65.0;65.0;5239.963414634146;7;12;39;44;0;1;4;0;1;1;-3.0;-6.0;-5.0;1.0882637211366413;sell;4.5;4.5;1.5
750700;3;sell;3;5234.0;Mark 55;5231.5;5230.0;5226.5;5228.5;5244.5;5.0;-0.6053;0.0;0.0;61.0;61.0;5229.986842105263;12;9;44;41;0;0;5;0;0;1;-2.0;-7.5;-7.5;1.1554955130265223;buy;4.0;7.5;5.5
751500;3;buy;7;5225.0;Mark 55;5228.5;5229.5;5230.0;5225.5;5244.5;5.0;0.4458;0.0;0.0;60.0;60.0;5229.614457831325;9;16;41;48;0;1;4;0;0;1;-1.0;-9.5;-8.0;1.1692764548272956;sell;4.5;5.0;0.5
751700;3;buy;7;5225.0;Mark 55;5227.5;5227.5;5228.5;5225.5;5246.5;5.0;0.6203;0.0;0.0;64.0;64.0;5229.050632911392;16;23;48;55;1;2;5;0;0;1;-2.5;-8.0;-12.0;1.1305914003744018;sell;2.5;3.5;0.5
755700;3;sell;3;5235.0;Mark 55;5231.5;5235.0;5239.5;5228.5;5261.5;5.0;0.4737;0.0;0.0;56.0;56.0;5232.684210526316;23;20;55;52;0;0;4;1;1;3;0.0;3.0;-11.0;1.2217629991279648;buy;0.0;-4.5;6.5
756900;3;buy;7;5235.0;Mark 55;5236.5;5238.0;5233.0;5233.0;5261.5;5.0;0.3947;0.0;0.0;53.0;53.0;5237.486842105263;20;27;52;59;0;1;4;0;1;2;0.5;6.0;-3.0;1.220237975254599;ambiguous;3.0;-2.0;-2.0
757100;3;sell;6;5240.0;Mark 55;5236.5;5239.5;5233.0;5231.5;5260.5;5.0;0.0;0.0;0.0;63.0;63.0;5236.5;27;21;59;53;1;2;5;0;1;2;-1.0;5.0;-4.0;1.2240782301466802;buy;0.5;7.0;8.5
759500;3;buy;5;5226.0;Mark 55;5229.5;5229.0;5225.5;5234.5;5261.5;5.0;0.0;0.0;0.0;70.0;70.0;5229.5;21;26;53;58;0;0;6;1;2;4;-3.5;-10.0;-8.5;1.1260021440862753;sell;3.0;-0.5;8.5
761200;3;buy;7;5225.0;Mark 55;5227.5;5225.5;5223.5;5235.5;5262.5;5.0;0.0;0.0;0.0;67.0;67.0;5227.5;26;33;58;65;0;1;6;0;2;5;-1.0;-5.0;-2.5;1.1401172573351483;sell;0.5;-1.5;10.5
761400;3;sell;7;5227.0;Mark 55;5226.5;5224.0;5224.5;5233.5;5262.5;5.0;0.4894;0.0;0.0;70.0;70.0;5227.723404255319;33;26;65;58;1;2;7;0;1;5;-1.5;-3.0;-2.0;1.134667645726512;ambiguous;3.0;2.5;-6.5
771100;3;sell;4;5238.0;Mark 55;5234.5;5233.0;5229.5;5236.0;5254.5;5.0;0.0;0.0;0.0;70.0;70.0;5234.5;26;22;58;54;0;0;2;0;1;4;1.0;-0.5;7.0;1.0824824187577837;buy;5.0;8.5;2.0
771200;3;sell;6;5238.0;Mark 55;5235.5;5234.5;5229.5;5235.5;5254.5;5.0;0.6;0.0;0.0;64.0;64.0;5237.0;22;16;54;48;1;1;3;0;0;4;1.5;2.0;8.0;1.0864339560897394;buy;3.5;8.5;2.5
776400;3;buy;3;5230.0;Mark 55;5232.5;5230.5;5233.0;5249.5;5249.5;5.0;0.5102;0.0;0.0;74.0;74.0;5233.775510204082;16;19;48;51;0;0;2;0;0;3;1.0;1.5;1.0;1.0777356499676072;sell;0.5;3.0;19.5
777100;3;buy;4;5229.0;Mark 55;5231.5;5229.0;5233.0;5248.0;5247.5;3.0;-0.5556;0.0545;0.0545;58.0;52.0;5230.666666666667;19;23;51;55;0;1;3;0;0;3;3.5;-2.0;0.0;1.1955303966411432;sell;0.0;4.0;19.0
779300;3;sell;7;5234.0;Mark 55;5231.5;5230.5;5234.5;5252.0;5245.5;5.0;-0.5897;0.0;0.0;62.0;62.0;5230.025641025641;23;16;55;48;0;0;4;0;0;1;-3.0;1.0;-3.0;1.238723238543618;buy;3.5;-0.5;-18.0
779900;3;buy;8;5229.0;Mark 55;5230.5;5235.5;5238.5;5249.5;5242.5;3.0;-0.375;0.0847;0.0847;64.0;54.0;5229.9375;16;24;48;56;0;1;5;0;0;1;-1.0;-3.0;-2.5;1.2234529240813143;sell;6.5;9.5;20.5
780500;3;sell;8;5237.0;Mark 55;5235.5;5235.5;5236.5;5245.5;5241.5;5.0;-0.4815;0.0;0.0;60.0;60.0;5234.2962962962965;24;16;56;48;0;2;6;0;0;1;2.0;2.0;1.0;1.267264209095935;ambiguous;1.5;0.5;-8.5
781600;3;sell;5;5238.0;Mark 55;5234.0;5236.0;5242.5;5250.5;5242.5;6.0;0.0;0.0;0.0;54.0;54.0;5234.0;16;11;48;43;0;2;5;0;0;1;-2.0;4.5;1.0;1.259268261909878;buy;2.0;-4.5;-12.5
782500;3;sell;8;5239.0;Mark 55;5235.5;5243.0;5242.5;5250.5;5242.5;5.0;0.0;0.0;0.0;50.0;50.0;5235.5;11;3;43;35;0;2;6;0;0;1;-2.0;1.0;6.0;1.2578495503343794;buy;-4.0;-3.5;-11.5
783500;3;sell;8;5245.0;Mark 55;5244.5;5242.5;5244.5;5248.0;5242.5;3.0;-0.7705;-0.3333;0.0609;61.0;54.0;5243.3442622950815;3;-5;35;27;0;2;7;0;0;0;1.5;10.5;14.5;1.2497525517754782;ambiguous;2.5;0.5;-3.0
785100;3;sell;5;5245.0;Mark 55;5243.0;5246.5;5248.0;5247.0;5235.5;6.0;0.0;0.0;0.0;48.0;48.0;5243.0;-5;-10;27;22;0;1;8;0;0;0;-1.0;-1.0;9.5;1.2825101013183775;ambiguous;-1.5;-3.0;-2.0
793700;3;sell;8;5250.0;Mark 55;5247.5;5247.5;5247.5;5250.5;5240.5;5.0;-0.5455;0.0;0.0;68.0;68.0;5246.136363636364;-10;-18;22;14;0;0;1;0;0;3;2.0;-2.0;5.0;1.1514043894984554;buy;2.5;2.5;-0.5
807000;3;sell;7;5264.0;Mark 55;5261.5;5259.5;5257.5;5256.5;5249.0;5.0;0.0;0.0;0.0;62.0;62.0;5261.5;-18;-25;14;7;0;0;0;0;0;2;0.0;4.5;10.0;1.0777356499676072;buy;4.5;6.5;7.5
807400;3;sell;5;5262.0;Mark 55;5261.5;5259.5;5261.5;5257.5;5248.5;5.0;-0.4805;0.0;0.0;57.0;57.0;5260.298701298701;-25;-30;7;2;1;1;1;1;1;3;0.0;3.0;10.0;1.0847422027203588;ambiguous;2.5;0.5;4.5
813800;3;sell;4;5272.0;Mark 55;5269.5;5267.0;5258.5;5245.5;5231.5;5.0;-0.3902;0.0;0.0;57.0;57.0;5268.524390243902;-30;-34;2;-2;0;0;2;1;2;8;2.0;4.5;19.0;1.1778834611350602;buy;5.0;13.5;26.5
816100;3;buy;6;5255.0;Mark 55;5259.0;5256.5;5257.5;5248.5;5234.5;6.0;0.0;0.0;0.0;53.0;53.0;5259.0;-34;-28;-2;4;0;0;3;0;0;7;-1.5;-8.5;-2.5;1.1267494531484765;sell;1.5;2.5;-6.5
823700;3;sell;6;5248.0;Mark 55;5247.5;5244.5;5248.5;5241.0;5236.5;5.0;-0.5116;0.0;0.0;65.0;65.0;5246.220930232558;-28;-34;4;-2;0;0;2;0;0;0;-1.0;-5.5;-22.0;1.0180745895115952;ambiguous;3.5;-0.5;7.0
829000;3;buy;6;5242.0;Mark 55;5243.5;5245.5;5241.0;5241.5;5234.5;5.0;0.0;0.0;0.0;54.0;54.0;5243.5;-34;-28;-2;4;0;0;1;0;1;1;-4.0;-3.0;-7.5;0.9384159131637589;ambiguous;3.5;-1.0;-0.5
832500;3;sell;4;5245.0;Mark 55;5243.5;5239.5;5237.5;5237.5;5227.5;5.0;0.4651;0.0;0.0;63.0;63.0;5244.662790697675;-28;-32;4;0;0;0;2;0;0;1;0.0;2.0;-9.0;1.042926235718365;ambiguous;5.5;7.5;7.5
839000;3;buy;7;5239.0;Mark 55;5240.5;5244.0;5238.5;5243.5;5235.5;5.0;0.4048;0.0;0.0;59.0;59.0;5241.511904761905;-32;-25;0;7;0;0;2;0;1;3;2.0;0.5;-4.0;1.1161730425851433;ambiguous;5.0;-0.5;4.5
840500;3;sell;4;5241.0;Mark 55;5239.5;5238.5;5237.5;5244.5;5235.5;5.0;-0.4937;0.0;0.0;59.0;59.0;5238.265822784811;-25;-29;7;3;0;1;2;0;1;4;-1.0;1.0;-2.0;1.1457413283595344;ambiguous;2.5;3.5;-3.5
842400;3;sell;8;5239.0;Mark 55;5235.5;5240.5;5241.0;5245.5;5243.5;5.0;0.0;0.0;0.0;69.0;69.0;5235.5;-29;-37;3;-5;0;1;3;0;0;4;1.0;-4.0;-8.0;1.1562458205375092;buy;-1.5;-2.0;-6.5
846000;3;buy;6;5237.0;Mark 55;5241.0;5243.5;5241.5;5247.5;5239.5;6.0;0.0;0.0;0.0;62.0;62.0;5241.0;-37;-31;-5;1;0;0;3;0;0;3;-0.5;0.5;4.5;1.0519124216793807;sell;6.5;4.5;10.5
852100;3;sell;4;5246.0;Mark 55;5244.5;5245.5;5243.5;5236.5;5248.5;5.0;0.0;0.0;0.0;48.0;48.0;5244.5;-31;-35;1;-3;0;0;2;0;0;2;-1.0;0.0;10.0;1.1213713600635147;ambiguous;0.5;2.5;9.5
864700;3;buy;7;5229.0;Mark 55;5230.5;5231.5;5235.5;5237.5;5252.5;5.0;0.0;0.0;0.0;56.0;56.0;5230.5;-35;-28;-3;4;0;0;0;0;1;3;-1.0;-6.0;-14.0;1.1033475327302085;ambiguous;2.5;6.5;8.5
868200;3;buy;3;5233.0;Mark 55;5235.5;5236.5;5232.5;5236.0;5254.5;5.0;0.5281;0.0;0.0;68.0;68.0;5236.820224719101;-28;-25;4;7;0;0;1;0;0;3;-1.0;2.0;-10.5;1.1152585587622998;sell;3.5;-0.5;3.0
868400;3;buy;6;5233.0;Mark 55;5235.5;5236.0;5235.5;5235.5;5253.5;5.0;-0.4667;0.0;0.0;66.0;66.0;5234.333333333333;-25;-19;7;13;1;1;2;0;0;3;-0.5;1.0;-10.0;1.1145950888188867;sell;3.0;2.5;2.5
875600;3;sell;5;5240.0;Mark 55;5238.5;5239.5;5237.5;5233.5;5257.5;5.0;-0.425;0.0;0.0;57.0;57.0;5237.4375;-19;-24;13;8;0;0;2;0;0;2;3.5;1.5;4.0;1.1206887485358217;ambiguous;0.5;2.5;6.5
877600;3;sell;7;5240.0;Mark 55;5237.5;5236.5;5233.5;5232.5;5261.5;5.0;0.0;0.0;0.0;52.0;52.0;5237.5;-24;-31;8;1;0;1;3;0;2;4;-2.0;0.0;2.0;1.0586803103826379;buy;3.5;6.5;7.5
883400;3;buy;7;5221.0;Mark 55;5221.0;5223.0;5232.5;5242.5;5263.5;2.0;0.5455;-0.1282;-0.1282;51.0;66.0;5221.545454545455;-31;-24;1;8;0;0;2;0;1;3;-2.5;-1.5;-13.0;1.1383708423339265;ambiguous;2.0;11.5;21.5
884000;3;buy;4;5221.0;Mark 55;5223.0;5225.5;5230.5;5240.5;5256.5;6.0;0.0;0.0;0.0;68.0;68.0;5223.0;-24;-20;8;12;0;1;3;0;0;3;0.5;-2.5;-14.0;1.1482098584283011;ambiguous;4.5;9.5;19.5
900200;3;sell;6;5252.0;Mark 55;5251.5;5251.5;5250.5;5252.0;5274.5;5.0;0.0;0.0;0.0;62.0;62.0;5251.5;-20;-26;12;6;0;0;0;0;0;3;1.0;4.0;14.0;1.182875293427004;ambiguous;0.5;1.5;0.0
903800;3;buy;3;5252.0;Mark 55;5253.5;5254.5;5259.5;5254.5;5274.5;5.0;0.4366;0.0;0.0;51.0;51.0;5254.591549295775;-26;-23;6;9;0;0;1;0;2;5;0.5;2.5;12.0;1.2020414224423457;ambiguous;2.5;7.5;2.5
904900;3;sell;7;5257.0;Mark 55;5253.5;5259.5;5260.5;5254.5;5268.5;5.0;-0.4848;0.0;0.0;49.0;49.0;5252.287878787879;-23;-30;9;2;0;1;2;0;1;5;1.0;3.0;12.0;1.1893698125327494;buy;-2.5;-3.5;2.5
908100;3;sell;7;5256.0;Mark 55;5254.5;5256.5;5253.5;5253.5;5269.0;5.0;0.6104;0.0;0.0;62.0;62.0;5256.025974025974;-30;-37;2;-5;0;0;3;0;0;4;-2.0;-4.0;7.5;1.1984072686839509;ambiguous;-0.5;2.5;2.5
915100;3;sell;4;5256.0;Mark 55;5254.5;5251.5;5251.5;5255.5;5273.5;5.0;0.0;0.0;0.0;59.0;59.0;5254.5;-37;-41;-5;-9;0;0;1;0;0;2;1.0;3.0;-1.0;1.2164275356111103;ambiguous;4.5;4.5;0.5
916400;3;buy;8;5249.0;Mark 55;5252.5;5248.5;5253.5;5259.5;5274.5;5.0;0.5802;0.0;0.0;64.0;64.0;5253.950617283951;-41;-33;-9;-1;0;1;2;0;0;1;3.0;-2.0;-8.0;1.1671147855986503;sell;-0.5;4.5;10.5
927700;3;buy;6;5258.0;Mark 55;5261.5;5261.5;5262.5;5258.0;5246.5;5.0;-0.3976;0.0;0.0;58.0;58.0;5260.506024096386;-33;-27;-1;5;0;0;0;0;2;3;2.5;3.0;10.5;1.0595232567907327;sell;3.5;4.5;0.0
936500;3;buy;5;5251.0;Mark 55;5255.5;5256.5;5258.5;5271.5;5239.5;5.0;-0.5294;0.0;0.0;65.0;65.0;5254.176470588235;-27;-22;5;10;0;0;1;0;1;4;2.0;-1.0;-4.0;1.2323025333582045;sell;5.5;7.5;20.5
943100;3;sell;4;5263.0;Mark 55;5261.5;5266.5;5265.5;5269.0;5237.5;5.0;0.4824;0.0;0.0;63.0;63.0;5262.705882352941;-22;-26;10;6;0;0;1;0;0;1;0.0;5.0;-0.5;1.2401021249387176;ambiguous;-3.5;-2.5;-6.0
943900;3;sell;5;5270.0;Mark 55;5267.5;5267.0;5269.5;5271.5;5239.5;5.0;-0.4783;0.0;0.0;51.0;51.0;5266.304347826087;-26;-31;6;1;0;1;2;0;0;1;2.5;9.0;7.5;1.2316606929031257;buy;3.0;0.5;-1.5
958600;3;sell;3;5275.0;Mark 55;5272.5;5271.5;5271.5;5265.5;;5.0;0.4921;0.0;0.0;47.0;47.0;5273.730158730159;-31;-34;1;-2;0;0;0;0;1;5;3.5;3.0;-5.5;1.2120791238484128;buy;3.5;3.5;9.5
966900;3;sell;3;5274.0;Mark 55;5271.5;5271.5;5265.5;5248.0;;5.0;0.5789;0.0;0.0;60.0;60.0;5272.9473684210525;-34;-37;-2;-5;0;0;1;0;0;4;-3.0;-5.5;1.0;1.1168584140658504;buy;2.5;8.5;26.0
972300;3;buy;6;5252.0;Mark 55;5256.5;5258.5;5253.0;5246.5;;5.0;0.0;0.0;0.0;51.0;51.0;5256.5;-37;-31;-5;1;0;0;1;0;0;4;-1.5;-7.5;-18.5;1.1405869891097997;sell;6.5;1.0;-5.5
976400;3;sell;3;5251.0;Mark 55;5248.5;5248.0;5242.0;5240.5;;5.0;-0.4588;0.0;0.0;62.0;62.0;5247.35294117647;-31;-34;1;-2;0;0;2;0;0;4;1.5;-6.0;-26.0;1.3187525371576616;buy;3.0;9.0;10.5
989700;3;buy;5;5234.0;Mark 55;5236.5;5237.5;5234.5;5231.5;;5.0;0.0;0.0;0.0;56.0;56.0;5236.5;-34;-29;-2;3;0;0;0;0;0;5;-1.0;-1.5;-4.0;1.1385724884691473;sell;3.5;0.5;-2.5
993700;3;sell;3;5242.0;Mark 55;5238.5;5238.5;5238.0;;;5.0;0.4186;0.0;0.0;61.0;61.0;5239.546511627907;-29;-32;3;0;0;0;1;0;0;3;1.0;4.0;-6.5;1.1561134487130906;buy;3.5;4.0;
995300;3;buy;3;5235.0;Mark 55;5239.0;5237.5;5236.5;;;6.0;0.0;0.0;0.0;49.0;49.0;5239.0;-32;-29;0;3;0;1;2;0;0;1;2.5;2.5;-4.5;1.1505179094890685;sell;2.5;1.5;
997500;3;sell;5;5240.0;Mark 55;5236.0;5235.5;5232.5;;;6.0;0.0;0.0;0.0;63.0;63.0;5236.0;-29;-34;3;-2;0;0;3;0;0;0;1.5;-2.5;-0.5;1.188103806077102;buy;4.5;7.5;
