day,timestamp,product,mid_price,profit_and_loss,bid_price_1,bid_volume_1,ask_price_1,ask_volume_1,bid_price_2,bid_volume_2,ask_price_2,ask_volume_2,bid_price_3,bid_volume_3,ask_price_3,ask_volume_3
0,0,ASH_COATED_OSMIUM,10001.5,0.0,9992,23,10011,13,,,,,,,,
0,100,ASH_COATED_OSMIUM,10004.0,0.0,9995,15,10013,21,9992,21,,,,,,
0,200,ASH_COATED_OSMIUM,10003.5,0.0,9994,14,10013,21,9992,21,,,,,,
0,300,ASH_COATED_OSMIUM,10005.0,0.0,10000,4,10010,15,9994,15,10013,26,9992,26,,
0,400,ASH_COATED_OSMIUM,10002.0,0.0,9994,10,10010,10,9991,26,10012,26,,,,
0,500,ASH_COATED_OSMIUM,10002.0,0.0,9994,13,10010,13,9991,23,10012,23,,,,
0,600,ASH_COATED_OSMIUM,10002.0,0.0,9994,15,10010,15,,,,,,,,
0,700,ASH_COATED_OSMIUM,9994.0,0.0,9994,11,,,,,,,,,,
0,800,ASH_COATED_OSMIUM,10000.0,0.0,9991,24,10009,13,,,10012,24,,,,
0,900,ASH_COATED_OSMIUM,10000.0,0.0,9992,12,10008,12,9990,20,10011,20,,,,
0,1000,ASH_COATED_OSMIUM,10002.0,0.0,9993,14,10011,30,9990,30,,,,,,
0,1100,ASH_COATED_OSMIUM,10009.0,0.0,,,10009,15,,,10011,21,,,,
0,1200,ASH_COATED_OSMIUM,10009.0,0.0,,,10009,10,,,10012,22,,,,
0,1300,ASH_COATED_OSMIUM,10001.0,0.0,9993,11,10009,11,9991,25,10012,25,,,,
0,1400,ASH_COATED_OSMIUM,10001.0,0.0,9993,13,10009,13,9990,23,10011,23,,,,
0,1500,ASH_COATED_OSMIUM,10000.0,0.0,9992,10,10008,10,9990,20,10011,20,,,,
0,1600,ASH_COATED_OSMIUM,10001.5,0.0,9992,11,10011,28,,,,,,,,
0,1700,ASH_COATED_OSMIUM,10000.0,0.0,9992,12,10008,12,9990,28,10011,28,,,,
0,1800,ASH_COATED_OSMIUM,10000.0,0.0,9992,13,10008,13,9989,23,10010,23,,,,
0,1900,ASH_COATED_OSMIUM,9999.0,0.0,9990,30,10008,14,,,10011,30,,,,
0,2000,ASH_COATED_OSMIUM,10001.0,0.0,9993,15,10009,15,9991,21,,,,,,
0,2100,ASH_COATED_OSMIUM,10000.0,0.0,9991,26,10009,13,,,10012,26,,,,
0,2200,ASH_COATED_OSMIUM,9993.0,0.0,9993,11,,,9991,20,,,,,,
0,2300,ASH_COATED_OSMIUM,10001.0,0.0,9993,11,10009,11,,,,,,,,
0,2400,ASH_COATED_OSMIUM,10001.0,0.0,9993,13,10009,13,9991,20,10012,20,,,,
0,2500,ASH_COATED_OSMIUM,10001.0,0.0,9993,11,10009,11,,,10012,21,,,,
0,2600,ASH_COATED_OSMIUM,10000.0,0.0,9991,29,10009,10,,,10012,29,,,,
0,2700,ASH_COATED_OSMIUM,10002.5,0.0,9993,10,10012,21,9991,21,,,,,,
0,2800,ASH_COATED_OSMIUM,10001.0,0.0,9993,14,10009,14,9991,27,,,,,,
0,2900,ASH_COATED_OSMIUM,10001.0,0.0,9993,12,10009,12,9991,20,10012,20,,,,
0,3000,ASH_COATED_OSMIUM,10001.0,0.0,9993,11,10009,11,9991,29,10012,29,,,,
0,3100,ASH_COATED_OSMIUM,10003.0,0.0,9994,13,10012,27,,,,,,,,
0,3200,ASH_COATED_OSMIUM,10001.5,0.0,9991,24,10012,24,,,,,,,,
0,3300,ASH_COATED_OSMIUM,10001.0,0.0,9993,10,10009,10,9991,24,,,,,,
0,3400,ASH_COATED_OSMIUM,10006.0,0.0,10003,6,10009,12,9993,12,10012,27,9991,27,,
0,3500,ASH_COATED_OSMIUM,10000.0,0.0,9991,26,10009,15,,,10012,26,,,,
0,3600,ASH_COATED_OSMIUM,10001.0,0.0,9993,14,10009,14,9991,27,10012,27,,,,
0,3700,ASH_COATED_OSMIUM,10001.0,0.0,9993,10,10009,10,9991,25,10012,25,,,,
0,3800,ASH_COATED_OSMIUM,10000.0,0.0,9991,24,10009,10,,,10012,24,,,,
0,3900,ASH_COATED_OSMIUM,10001.0,0.0,9993,15,10009,15,9991,24,10012,24,,,,
0,4000,ASH_COATED_OSMIUM,10001.0,0.0,9993,11,10009,11,9991,30,10012,30,,,,
0,4100,ASH_COATED_OSMIUM,9992.0,0.0,9992,10,,,9990,22,,,,,,
0,4200,ASH_COATED_OSMIUM,10000.5,0.0,9990,28,10011,28,,,,,,,,
0,4300,ASH_COATED_OSMIUM,10009.0,0.0,,,10009,10,,,10011,26,,,,
0,4400,ASH_COATED_OSMIUM,9999.5,0.0,9990,28,10009,15,,,10011,28,,,,
0,4500,ASH_COATED_OSMIUM,10001.0,0.0,9993,13,10009,13,9990,26,10011,26,,,,
0,4600,ASH_COATED_OSMIUM,10001.0,0.0,9993,15,10009,15,9990,21,10011,21,,,,
0,4700,ASH_COATED_OSMIUM,10002.0,0.0,9993,14,10011,26,9990,26,,,,,,
0,4800,ASH_COATED_OSMIUM,10003.5,0.0,9998,3,10009,14,9993,14,10011,22,9990,22,,
0,4900,ASH_COATED_OSMIUM,9999.5,0.0,9990,22,10009,12,,,10011,22,,,,
0,5000,ASH_COATED_OSMIUM,10000.0,0.0,9992,11,10008,11,,,,,,,,
0,5100,ASH_COATED_OSMIUM,9995.5,0.0,9993,11,9998,4,9990,26,10009,11,,,10011,26
0,5200,ASH_COATED_OSMIUM,10001.0,0.0,9993,13,10009,13,9990,23,10011,23,,,,
0,5300,ASH_COATED_OSMIUM,10001.0,0.0,9993,10,10009,10,9990,22,10011,22,,,,
0,5400,ASH_COATED_OSMIUM,10000.5,0.0,9990,30,10011,30,,,,,,,,
0,5500,ASH_COATED_OSMIUM,10003.0,0.0,9994,15,10012,28,,,,,,,,
0,5600,ASH_COATED_OSMIUM,10000.0,0.0,9991,23,10009,13,,,10012,23,,,,
0,5700,ASH_COATED_OSMIUM,10001.0,0.0,9993,12,10009,12,9991,30,,,,,,
0,5800,ASH_COATED_OSMIUM,10001.5,0.0,9991,28,10012,28,,,,,,,,
0,5900,ASH_COATED_OSMIUM,10001.0,0.0,9993,12,10009,12,9991,21,10012,21,,,,
0,6000,ASH_COATED_OSMIUM,9999.5,0.0,9990,30,10009,13,,,10011,30,,,,
0,6100,ASH_COATED_OSMIUM,10002.0,0.0,9993,14,10011,24,9990,24,,,,,,
0,6200,ASH_COATED_OSMIUM,10001.0,0.0,9993,12,10009,12,9990,29,10011,29,,,,
0,6300,ASH_COATED_OSMIUM,10001.0,0.0,9993,14,10009,14,9990,22,10011,22,,,,
0,6400,ASH_COATED_OSMIUM,10001.0,0.0,9992,14,10010,23,9989,23,,,,,,
0,6500,ASH_COATED_OSMIUM,9995.0,0.0,9992,12,9998,4,9990,22,10008,12,,,10011,22
0,6600,ASH_COATED_OSMIUM,10008.0,0.0,,,10008,13,,,,,,,,
0,6700,ASH_COATED_OSMIUM,10001.5,0.0,9992,12,10011,30,9990,30,,,,,,
0,6800,ASH_COATED_OSMIUM,10000.0,0.0,9992,12,10008,12,9990,29,10011,29,,,,
0,6900,ASH_COATED_OSMIUM,10000.0,0.0,9992,11,10008,11,9990,27,10011,27,,,,
0,7000,ASH_COATED_OSMIUM,10000.5,0.0,9990,30,10011,30,,,,,,,,
0,7100,ASH_COATED_OSMIUM,10005.0,0.0,10002,9,10008,11,9992,11,10011,30,,,,
0,7200,ASH_COATED_OSMIUM,10001.0,0.0,9993,13,10009,13,9990,22,10011,22,,,,
0,7300,ASH_COATED_OSMIUM,10000.0,0.0,9992,10,10008,10,,,10011,25,,,,
0,7400,ASH_COATED_OSMIUM,10001.0,0.0,9993,12,10009,12,9990,22,10011,22,,,,
0,7500,ASH_COATED_OSMIUM,9999.5,0.0,9990,29,10009,13,,,10011,29,,,,
0,7600,ASH_COATED_OSMIUM,10001.0,0.0,9993,13,10009,13,9990,27,10011,27,,,,
0,7700,ASH_COATED_OSMIUM,10001.0,0.0,9993,14,10009,14,9991,25,,,,,,
0,7800,ASH_COATED_OSMIUM,10001.0,0.0,9993,15,10009,15,,,10011,23,,,,
0,7900,ASH_COATED_OSMIUM,10001.0,0.0,9993,10,10009,10,9990,22,,,,,,
0,8000,ASH_COATED_OSMIUM,10001.5,0.0,9992,13,10011,28,,,,,,,,
0,8100,ASH_COATED_OSMIUM,10000.0,0.0,9992,12,10008,12,9989,25,,,,,,
0,8200,ASH_COATED_OSMIUM,10000.0,0.0,9992,10,10008,10,9989,25,,,,,,
0,8300,ASH_COATED_OSMIUM,10000.5,0.0,9990,28,10011,28,,,,,,,,
0,8400,ASH_COATED_OSMIUM,10003.0,0.0,9998,3,10008,11,9990,29,10011,29,,,,
0,8500,ASH_COATED_OSMIUM,10001.0,0.0,9992,14,10010,25,9989,25,,,,,,
0,8600,ASH_COATED_OSMIUM,10000.0,0.0,9992,13,10008,13,9989,27,10010,27,,,,
0,8700,ASH_COATED_OSMIUM,10010.0,0.0,,,10010,22,,,,,,,,
0,8800,ASH_COATED_OSMIUM,9999.0,0.0,9991,10,10007,10,9989,30,10010,30,,,,
0,8900,ASH_COATED_OSMIUM,9999.5,0.0,9989,26,10010,26,,,,,,,,
0,9000,ASH_COATED_OSMIUM,10000.0,0.0,9992,10,10008,10,9990,23,10011,23,,,,
0,9100,ASH_COATED_OSMIUM,10000.0,0.0,9992,15,10008,15,9990,22,10011,22,,,,
0,9200,ASH_COATED_OSMIUM,9999.0,0.0,9990,25,10008,14,,,,,,,,
0,9300,ASH_COATED_OSMIUM,10000.0,0.0,9992,13,10008,13,,,10010,29,,,,
0,9400,ASH_COATED_OSMIUM,9997.0,0.0,9992,15,10002,4,9990,28,10011,28,,,,
0,9500,ASH_COATED_OSMIUM,10001.5,0.0,9992,14,10011,24,9990,24,,,,,,
0,9600,ASH_COATED_OSMIUM,10002.0,0.0,9993,12,10011,20,9990,20,,,,,,
0,9700,ASH_COATED_OSMIUM,10001.0,0.0,9993,12,10009,12,9991,30,10012,30,,,,
0,9800,ASH_COATED_OSMIUM,10002.0,0.0,9994,15,10010,15,9991,24,10012,24,,,,
0,9900,ASH_COATED_OSMIUM,10004.0,0.0,10004,5,,,9992,24,,,,,,
0,10000,ASH_COATED_OSMIUM,10002.0,0.0,9994,14,10010,14,9992,27,10013,27,,,,
0,10100,ASH_COATED_OSMIUM,10002.0,0.0,9994,15,10010,15,9992,20,10013,20,,,,
0,10200,ASH_COATED_OSMIUM,10002.0,0.0,9994,12,10010,12,,,10013,20,,,,
0,10300,ASH_COATED_OSMIUM,10003.5,0.0,9994,11,10013,24,9992,24,,,,,,
0,10400,ASH_COATED_OSMIUM,10002.0,0.0,9994,11,10010,11,,,10013,25,,,,
0,10500,ASH_COATED_OSMIUM,10002.0,0.0,9994,14,10010,14,9992,26,10013,26,,,,
0,10600,ASH_COATED_OSMIUM,10002.0,0.0,9994,10,10010,10,9992,20,10013,20,,,,
0,10700,ASH_COATED_OSMIUM,10002.5,0.0,9992,24,10013,24,,,,,,,,
0,10800,ASH_COATED_OSMIUM,10002.0,0.0,9994,10,10010,10,9992,23,,,,,,
0,10900,ASH_COATED_OSMIUM,10003.0,0.0,9995,15,10011,15,9992,22,10013,22,,,,
0,11000,ASH_COATED_OSMIUM,9995.0,0.0,9995,10,,,9992,26,,,,,,
0,11100,ASH_COATED_OSMIUM,10003.0,0.0,9995,14,10011,14,9992,30,10013,30,,,,
0,11200,ASH_COATED_OSMIUM,10002.5,0.0,9992,28,10013,28,,,,,,,,
0,11300,ASH_COATED_OSMIUM,10002.0,0.0,9994,13,10010,13,9992,25,10013,25,,,,
0,11400,ASH_COATED_OSMIUM,10003.5,0.0,9994,15,10013,30,9992,30,,,,,,
0,11500,ASH_COATED_OSMIUM,10002.0,0.0,9994,10,10010,10,9992,28,10013,28,,,,
0,11600,ASH_COATED_OSMIUM,10001.0,0.0,9992,22,10010,13,,,10013,22,,,,
0,11700,ASH_COATED_OSMIUM,10002.0,0.0,9994,15,10010,15,9992,20,,,,,,
0,11800,ASH_COATED_OSMIUM,10010.0,0.0,,,10010,14,,,,,,,,
0,11900,ASH_COATED_OSMIUM,10002.0,0.0,9994,10,10010,10,9992,22,10013,22,,,,
0,12000,ASH_COATED_OSMIUM,10002.0,0.0,9994,10,10010,10,9992,27,10013,27,,,,
0,12100,ASH_COATED_OSMIUM,10003.5,0.0,9994,15,10013,23,9992,23,,,,,,
0,12200,ASH_COATED_OSMIUM,10003.5,0.0,9994,12,10013,23,9992,23,,,,,,
0,12300,ASH_COATED_OSMIUM,10002.0,0.0,9994,13,10010,13,9992,24,,,,,,
0,12400,ASH_COATED_OSMIUM,10001.5,0.0,9992,29,10011,13,,,,,,,,
0,12500,ASH_COATED_OSMIUM,10003.0,0.0,9995,10,10011,10,9992,22,10013,22,,,,
0,12600,ASH_COATED_OSMIUM,10003.0,0.0,9995,15,10011,15,,,10013,26,,,,
0,12700,ASH_COATED_OSMIUM,10001.5,0.0,9992,27,10011,12,,,10013,27,,,,
0,12800,ASH_COATED_OSMIUM,10002.0,0.0,9994,13,10010,13,,,10013,28,,,,
0,12900,ASH_COATED_OSMIUM,10003.0,0.0,9995,12,10011,12,9992,21,10013,21,,,,
0,13000,ASH_COATED_OSMIUM,10004.0,0.0,9995,12,10013,30,,,,,,,,
0,13100,ASH_COATED_OSMIUM,10003.0,0.0,9995,12,10011,12,9993,21,10014,21,,,,
0,13200,ASH_COATED_OSMIUM,10002.5,0.0,9993,29,10012,12,,,10014,29,,,,
0,13300,ASH_COATED_OSMIUM,10003.0,0.0,9995,12,10011,12,9993,22,,,,,,
0,13400,ASH_COATED_OSMIUM,10003.0,0.0,9995,13,10011,13,9992,26,10013,26,,,,
0,13500,ASH_COATED_OSMIUM,10003.0,0.0,9995,14,10011,14,,,10014,24,,,,
0,13600,ASH_COATED_OSMIUM,10004.0,0.0,9995,10,10013,24,9992,24,,,,,,
0,13700,ASH_COATED_OSMIUM,10003.0,0.0,9995,14,10011,14,9993,28,10014,28,,,,
0,13800,ASH_COATED_OSMIUM,10003.0,0.0,9995,11,10011,11,9993,23,10014,23,,,,
0,13900,ASH_COATED_OSMIUM,10003.0,0.0,9995,11,10011,11,9992,20,10013,20,,,,
0,14000,ASH_COATED_OSMIUM,10003.0,0.0,9995,12,10011,12,,,10013,28,,,,
0,14100,ASH_COATED_OSMIUM,9995.0,0.0,9995,14,,,9992,20,,,,,,
0,14200,ASH_COATED_OSMIUM,10004.5,0.0,9999,4,10010,13,9994,13,10012,21,9991,21,,
0,14300,ASH_COATED_OSMIUM,10002.0,0.0,9994,15,10010,15,9991,21,,,,,,
0,14400,ASH_COATED_OSMIUM,9998.5,0.0,9994,10,10003,4,9991,21,10010,10,,,,
0,14500,ASH_COATED_OSMIUM,10002.0,0.0,9994,10,10010,10,,,10013,28,,,,
0,14600,ASH_COATED_OSMIUM,10002.0,0.0,9994,10,10010,10,9992,27,,,,,,
0,14700,ASH_COATED_OSMIUM,10001.0,0.0,9992,23,10010,13,,,10013,23,,,,
0,14800,ASH_COATED_OSMIUM,10002.0,0.0,9994,15,10010,15,9992,30,,,,,,
0,14900,ASH_COATED_OSMIUM,10002.0,0.0,9994,15,10010,15,9992,25,10013,25,,,,
0,15000,ASH_COATED_OSMIUM,10002.0,0.0,9994,13,10010,13,,,10013,25,,,,
0,15100,ASH_COATED_OSMIUM,10002.0,0.0,9994,12,10010,12,9991,20,10012,20,,,,
0,15200,ASH_COATED_OSMIUM,10001.0,0.0,9992,21,10010,15,,,10013,21,,,,
0,15300,ASH_COATED_OSMIUM,10002.5,0.0,9992,22,10013,22,,,,,,,,
0,15400,ASH_COATED_OSMIUM,10002.0,0.0,9994,11,10010,11,,,10012,30,,,,
0,15500,ASH_COATED_OSMIUM,10000.0,0.0,9991,25,10009,10,,,10012,25,,,,
0,15600,ASH_COATED_OSMIUM,10002.0,0.0,9994,10,10010,10,9991,22,10012,22,,,,
0,15700,ASH_COATED_OSMIUM,10001.0,0.0,9993,15,10009,15,9991,28,10012,28,,,,
0,15800,ASH_COATED_OSMIUM,9999.5,0.0,9990,26,10009,12,,,10011,26,,,,
0,15900,ASH_COATED_OSMIUM,9998.0,0.0,9993,14,10003,3,9991,20,10009,14,,,10012,20
0,16000,ASH_COATED_OSMIUM,10000.0,0.0,9991,20,10009,11,,,10012,20,,,,
0,16100,ASH_COATED_OSMIUM,9998.5,0.0,9994,13,10003,2,,,10010,13,,,,
0,16200,ASH_COATED_OSMIUM,10003.0,0.0,9994,15,10012,27,,,,,,,,
0,16300,ASH_COATED_OSMIUM,10000.0,0.0,9991,21,10009,11,,,10012,21,,,,
0,16400,ASH_COATED_OSMIUM,10002.5,0.0,9993,12,10012,25,9991,25,,,,,,
0,16500,ASH_COATED_OSMIUM,10001.0,0.0,9993,13,10009,13,9990,22,10011,22,,,,
0,16600,ASH_COATED_OSMIUM,10000.0,0.0,9992,12,10008,12,9990,26,10011,26,,,,
0,16700,ASH_COATED_OSMIUM,0.0,0.0,,,,,,,,,,,,
0,16800,ASH_COATED_OSMIUM,10005.0,0.0,10002,7,10008,13,9990,25,10011,25,,,,
0,16900,ASH_COATED_OSMIUM,10000.0,0.0,9992,11,10008,11,9990,22,10011,22,,,,
0,17000,ASH_COATED_OSMIUM,10000.0,0.0,9991,25,10009,10,,,10012,25,,,,
0,17100,ASH_COATED_OSMIUM,10001.0,0.0,9993,12,10009,12,9991,26,,,,,,
0,17200,ASH_COATED_OSMIUM,10001.0,0.0,9993,12,10009,12,9991,27,10012,27,,,,
0,17300,ASH_COATED_OSMIUM,10001.0,0.0,9993,14,10009,14,,,10012,27,,,,
0,17400,ASH_COATED_OSMIUM,10002.0,0.0,9994,13,10010,13,,,10012,25,,,,
0,17500,ASH_COATED_OSMIUM,10001.0,0.0,9993,14,10009,14,9991,26,,,,,,
0,17600,ASH_COATED_OSMIUM,10001.0,0.0,9993,12,10009,12,9991,29,10012,29,,,,
0,17700,ASH_COATED_OSMIUM,9993.0,0.0,9993,14,,,9990,22,,,,,,
0,17800,ASH_COATED_OSMIUM,10001.0,0.0,9993,14,10009,14,,,10011,30,,,,
0,17900,ASH_COATED_OSMIUM,10001.0,0.0,9993,11,10009,11,9991,21,10012,21,,,,
0,18000,ASH_COATED_OSMIUM,10001.0,0.0,9993,10,10009,10,9991,24,10012,24,,,,
0,18100,ASH_COATED_OSMIUM,10001.0,0.0,9993,12,10009,12,9991,28,10012,28,,,,
0,18200,ASH_COATED_OSMIUM,10002.5,0.0,9993,14,10012,23,,,,,,,,
0,18300,ASH_COATED_OSMIUM,10001.0,0.0,9993,10,10009,10,9991,20,10012,20,,,,
0,18400,ASH_COATED_OSMIUM,10002.0,0.0,9994,15,10010,15,,,,,,,,
0,18500,ASH_COATED_OSMIUM,10002.0,0.0,9994,15,10010,15,,,10012,21,,,,
0,18600,ASH_COATED_OSMIUM,10002.0,0.0,9994,11,10010,11,9991,21,,,,,,
0,18700,ASH_COATED_OSMIUM,9998.5,0.0,9994,14,10003,2,9991,30,10010,14,,,10012,30
0,18800,ASH_COATED_OSMIUM,10002.0,0.0,9994,15,10010,15,9992,24,,,,,,
0,18900,ASH_COATED_OSMIUM,10000.5,0.0,9991,25,10010,15,,,,,,,,
0,19000,ASH_COATED_OSMIUM,10002.0,0.0,9994,15,10010,15,9991,30,10012,30,,,,
0,19100,ASH_COATED_OSMIUM,10003.0,0.0,9994,11,10012,21,,,,,,,,
0,19200,ASH_COATED_OSMIUM,10001.0,0.0,9993,15,10009,15,9991,26,10012,26,,,,
0,19300,ASH_COATED_OSMIUM,10006.0,0.0,10003,7,10009,10,9993,10,10012,23,9991,23,,
0,19400,ASH_COATED_OSMIUM,10001.0,0.0,9993,14,10009,14,9991,24,,,,,,
0,19500,ASH_COATED_OSMIUM,9999.5,0.0,9990,23,10009,15,,,10011,23,,,,
0,19600,ASH_COATED_OSMIUM,10001.0,0.0,9993,11,10009,11,9990,26,10011,26,,,,
0,19700,ASH_COATED_OSMIUM,10002.0,0.0,9993,14,10011,29,9990,29,,,,,,
0,19800,ASH_COATED_OSMIUM,10001.0,0.0,9993,10,10009,10,9990,26,,,,,,
0,19900,ASH_COATED_OSMIUM,10001.0,0.0,9993,12,10009,12,9991,22,10012,22,,,,
0,20000,ASH_COATED_OSMIUM,9993.0,0.0,9993,10,,,,,,,,,,
0,20100,ASH_COATED_OSMIUM,9999.5,0.0,9990,29,10009,15,,,10011,29,,,,
0,20200,ASH_COATED_OSMIUM,10001.0,0.0,9993,12,10009,12,9990,20,10011,20,,,,
0,20300,ASH_COATED_OSMIUM,9999.5,0.0,9990,24,10009,14,,,10011,24,,,,
0,20400,ASH_COATED_OSMIUM,10000.0,0.0,9992,14,10008,14,,,10011,27,,,,
0,20500,ASH_COATED_OSMIUM,9996.0,0.0,9990,25,10002,2,,,10008,15,,,10011,25
0,20600,ASH_COATED_OSMIUM,10000.0,0.0,9992,15,10008,15,,,,,,,,
0,20700,ASH_COATED_OSMIUM,10000.0,0.0,9992,11,10008,11,9990,30,10011,30,,,,
0,20800,ASH_COATED_OSMIUM,10000.0,0.0,9992,12,10008,12,,,10011,24,,,,
0,20900,ASH_COATED_OSMIUM,10000.0,0.0,9992,12,10008,12,9990,29,10011,29,,,,
0,21000,ASH_COATED_OSMIUM,10001.0,0.0,9993,14,10009,14,9990,25,10011,25,,,,
0,21100,ASH_COATED_OSMIUM,10003.0,0.0,9998,2,10008,12,9992,12,10011,28,9990,28,,
0,21200,ASH_COATED_OSMIUM,9992.0,0.0,9992,14,,,9990,29,,,,,,
0,21300,ASH_COATED_OSMIUM,10001.0,0.0,9993,11,10009,11,9990,22,10011,22,,,,
0,21400,ASH_COATED_OSMIUM,9999.0,0.0,9990,29,10008,14,,,,,,,,
0,21500,ASH_COATED_OSMIUM,10001.0,0.0,9993,11,10009,11,,,,,,,,
0,21600,ASH_COATED_OSMIUM,9999.5,0.0,9990,20,10009,14,,,10011,20,,,,
0,21700,ASH_COATED_OSMIUM,9993.0,0.0,9993,11,,,9990,25,,,,,,
0,21800,ASH_COATED_OSMIUM,10000.0,0.0,9991,25,10009,14,,,10012,25,,,,
0,21900,ASH_COATED_OSMIUM,10001.0,0.0,9993,13,10009,13,9991,27,,,,,,
0,22000,ASH_COATED_OSMIUM,10006.0,0.0,10003,6,10009,15,9993,15,10012,20,9991,20,,
0,22100,ASH_COATED_OSMIUM,10001.0,0.0,9993,10,10009,10,9991,22,10012,22,,,,
0,22200,ASH_COATED_OSMIUM,10002.0,0.0,9994,13,10010,13,9991,23,10012,23,,,,
0,22300,ASH_COATED_OSMIUM,10003.0,0.0,9994,13,10012,28,9991,28,,,,,,
0,22400,ASH_COATED_OSMIUM,10002.5,0.0,9993,10,10012,23,,,,,,,,
0,22500,ASH_COATED_OSMIUM,10002.0,0.0,9994,10,10010,10,9991,27,,,,,,
0,22600,ASH_COATED_OSMIUM,10001.0,0.0,9992,25,10010,15,,,10013,25,,,,
0,22700,ASH_COATED_OSMIUM,10002.0,0.0,9994,14,10010,14,,,,,,,,
0,22800,ASH_COATED_OSMIUM,10002.5,0.0,9993,12,10012,26,,,,,,,,
0,22900,ASH_COATED_OSMIUM,10009.0,0.0,,,10009,11,,,10012,22,,,,
0,23000,ASH_COATED_OSMIUM,10000.0,0.0,9991,20,10009,12,,,,,,,,
0,23100,ASH_COATED_OSMIUM,10001.0,0.0,9993,13,10009,13,9991,26,,,,,,
0,23200,ASH_COATED_OSMIUM,10001.0,0.0,9993,14,10009,14,9990,24,10011,24,,,,
0,23300,ASH_COATED_OSMIUM,10000.0,0.0,9992,10,10008,10,9990,21,10011,21,,,,
0,23400,ASH_COATED_OSMIUM,9999.5,0.0,9990,29,10009,15,,,10011,29,,,,
0,23500,ASH_COATED_OSMIUM,10002.0,0.0,9993,10,10011,30,,,,,,,,
0,23600,ASH_COATED_OSMIUM,10001.0,0.0,9993,10,10009,10,9990,25,10011,25,,,,
0,23700,ASH_COATED_OSMIUM,9999.0,0.0,9990,20,10008,15,,,10011,20,,,,
0,23800,ASH_COATED_OSMIUM,10000.0,0.0,9992,11,10008,11,9990,22,10011,22,,,,
0,23900,ASH_COATED_OSMIUM,9993.0,0.0,9993,14,,,9990,27,,,,,,
0,24000,ASH_COATED_OSMIUM,9990.0,0.0,9990,29,,,,,,,,,,
0,24100,ASH_COATED_OSMIUM,10002.0,0.0,9993,10,10011,20,9990,20,,,,,,
0,24200,ASH_COATED_OSMIUM,10000.0,0.0,9992,14,10008,14,9990,23,,,,,,
0,24300,ASH_COATED_OSMIUM,10001.0,0.0,9993,14,10009,14,9990,27,10011,27,,,,
0,24400,ASH_COATED_OSMIUM,10000.0,0.0,9992,14,10008,14,9990,28,10011,28,,,,
0,24500,ASH_COATED_OSMIUM,10000.0,0.0,9992,14,10008,14,9990,24,10011,24,,,,
0,24600,ASH_COATED_OSMIUM,10000.0,0.0,9992,12,10008,12,9990,22,10011,22,,,,
0,24700,ASH_COATED_OSMIUM,10009.0,0.0,,,10009,15,,,10011,20,,,,
0,24800,ASH_COATED_OSMIUM,10001.0,0.0,9993,10,10009,10,,,10011,28,,,,
0,24900,ASH_COATED_OSMIUM,9993.0,0.0,9993,13,,,9990,24,,,,,,
0,25000,ASH_COATED_OSMIUM,10009.0,0.0,,,10009,13,,,,,,,,
0,25100,ASH_COATED_OSMIUM,10004.0,0.0,9999,5,10009,13,9993,13,10012,26,9991,26,,
0,25200,ASH_COATED_OSMIUM,10001.0,0.0,9993,13,10009,13,9990,24,,,,,,
0,25300,ASH_COATED_OSMIUM,10001.0,0.0,9993,12,10009,12,9990,21,10011,21,,,,
0,25400,ASH_COATED_OSMIUM,10009.0,0.0,,,10009,11,,,10011,27,,,,
0,25500,ASH_COATED_OSMIUM,10001.0,0.0,9993,14,10009,14,9990,23,10011,23,,,,
0,25600,ASH_COATED_OSMIUM,10001.0,0.0,9993,14,10009,14,9990,24,10011,24,,,,
0,25700,ASH_COATED_OSMIUM,10001.0,0.0,9993,10,10009,10,9990,24,10011,24,,,,
0,25800,ASH_COATED_OSMIUM,9999.0,0.0,9990,27,10008,10,,,10011,27,,,,
0,25900,ASH_COATED_OSMIUM,10001.0,0.0,9993,12,10009,12,9990,27,10011,27,,,,
0,26000,ASH_COATED_OSMIUM,10001.0,0.0,9993,15,10009,15,9990,27,10011,27,,,,
0,26100,ASH_COATED_OSMIUM,10001.0,0.0,9993,14,10009,14,9990,24,10011,24,,,,
0,26200,ASH_COATED_OSMIUM,10000.0,0.0,9991,27,10009,14,,,10012,27,,,,
0,26300,ASH_COATED_OSMIUM,10009.0,0.0,,,10009,11,,,10012,25,,,,
0,26400,ASH_COATED_OSMIUM,9996.5,0.0,9994,14,9999,10,9991,27,10010,14,,,10012,27
0,26500,ASH_COATED_OSMIUM,9996.5,0.0,9994,13,9999,5,9991,21,10010,13,,,10012,21
0,26600,ASH_COATED_OSMIUM,10002.0,0.0,9994,14,10010,14,,,10013,29,,,,
0,26700,ASH_COATED_OSMIUM,10002.0,0.0,9994,10,10010,10,9992,26,10013,26,,,,
0,26800,ASH_COATED_OSMIUM,10000.5,0.0,9991,20,10010,10,,,10012,20,,,,
0,26900,ASH_COATED_OSMIUM,10001.0,0.0,9993,11,10009,11,9991,22,,,,,,
0,27000,ASH_COATED_OSMIUM,9999.5,0.0,9990,26,10009,10,,,10011,26,,,,
0,27100,ASH_COATED_OSMIUM,10001.5,0.0,9991,27,10012,27,,,,,,,,
0,27200,ASH_COATED_OSMIUM,10009.0,0.0,,,10009,10,,,10011,23,,,,
0,27300,ASH_COATED_OSMIUM,10005.5,0.0,10002,10,10009,15,,,10011,25,,,,
0,27400,ASH_COATED_OSMIUM,10001.0,0.0,9993,10,10009,10,9991,22,,,,,,
0,27500,ASH_COATED_OSMIUM,10001.0,0.0,9993,11,10009,11,,,10012,30,,,,
0,27600,ASH_COATED_OSMIUM,10001.0,0.0,9993,14,10009,14,9991,26,10012,26,,,,
0,27700,ASH_COATED_OSMIUM,10001.0,0.0,9993,12,10009,12,9991,30,10012,30,,,,
0,27800,ASH_COATED_OSMIUM,10000.0,0.0,9992,14,10008,14,9990,20,,,,,,
0,27900,ASH_COATED_OSMIUM,10000.0,0.0,9992,14,10008,14,9990,29,10011,29,,,,
0,28000,ASH_COATED_OSMIUM,10000.0,0.0,9992,13,10008,13,9990,22,10011,22,,,,
0,28100,ASH_COATED_OSMIUM,10008.0,0.0,,,10008,15,,,,,,,,
0,28200,ASH_COATED_OSMIUM,9999.5,0.0,9990,23,10009,10,,,10011,23,,,,
0,28300,ASH_COATED_OSMIUM,10001.0,0.0,9993,12,10009,12,9990,28,10011,28,,,,
0,28400,ASH_COATED_OSMIUM,10001.0,0.0,9993,15,10009,15,,,10011,20,,,,
0,28500,ASH_COATED_OSMIUM,10001.0,0.0,9993,14,10009,14,9990,28,10011,28,,,,
0,28600,ASH_COATED_OSMIUM,9999.5,0.0,9990,26,10009,12,,,10011,26,,,,
0,28700,ASH_COATED_OSMIUM,10000.5,0.0,9991,22,10010,14,,,10012,22,,,,
0,28800,ASH_COATED_OSMIUM,10001.0,0.0,9993,14,10009,14,9991,21,,,,,,
0,28900,ASH_COATED_OSMIUM,10001.0,0.0,9993,11,10009,11,9991,22,,,,,,
0,29000,ASH_COATED_OSMIUM,10000.0,0.0,9991,24,10009,11,,,10012,24,,,,
0,29100,ASH_COATED_OSMIUM,10001.0,0.0,9993,12,10009,12,9990,23,10011,23,,,,
0,29200,ASH_COATED_OSMIUM,10001.0,0.0,9993,12,10009,12,,,10011,22,,,,
0,29300,ASH_COATED_OSMIUM,10001.0,0.0,9993,10,10009,10,,,10011,22,,,,
0,29400,ASH_COATED_OSMIUM,10000.5,0.0,9990,23,10011,23,,,,,,,,
0,29500,ASH_COATED_OSMIUM,10004.5,0.0,9998,2,10011,20,9990,20,,,,,,
0,29600,ASH_COATED_OSMIUM,10001.0,0.0,9993,12,10009,12,9990,26,,,,,,
0,29700,ASH_COATED_OSMIUM,9999.0,0.0,9990,22,10008,15,,,10011,22,,,,
0,29800,ASH_COATED_OSMIUM,10002.0,0.0,9993,13,10011,25,9990,25,,,,,,
0,29900,ASH_COATED_OSMIUM,10001.0,0.0,9993,10,10009,10,9990,30,,,,,,
0,30000,ASH_COATED_OSMIUM,10001.0,0.0,9993,11,10009,11,,,,,,,,
0,30100,ASH_COATED_OSMIUM,10001.0,0.0,9993,15,10009,15,,,,,,,,
0,30200,ASH_COATED_OSMIUM,10001.0,0.0,9993,11,10009,11,9991,28,,,,,,
0,30300,ASH_COATED_OSMIUM,10001.0,0.0,9993,14,10009,14,9991,29,10012,29,,,,
0,30400,ASH_COATED_OSMIUM,10001.0,0.0,9993,10,10009,10,9990,30,,,,,,
0,30500,ASH_COATED_OSMIUM,9999.5,0.0,9990,28,10009,11,,,10011,28,,,,
0,30600,ASH_COATED_OSMIUM,10001.0,0.0,9993,11,10009,11,9990,30,10011,30,,,,
0,30700,ASH_COATED_OSMIUM,10009.0,0.0,,,10009,12,,,10011,27,,,,
0,30800,ASH_COATED_OSMIUM,9999.5,0.0,9990,29,10009,10,,,,,,,,
0,30900,ASH_COATED_OSMIUM,10001.0,0.0,9993,11,10009,11,,,10011,21,,,,
0,31000,ASH_COATED_OSMIUM,9999.5,0.0,9990,26,10009,12,,,10011,26,,,,
0,31100,ASH_COATED_OSMIUM,9999.0,0.0,9990,23,10008,13,,,,,,,,
0,31200,ASH_COATED_OSMIUM,10001.0,0.0,9993,15,10009,15,9990,21,,,,,,
0,31300,ASH_COATED_OSMIUM,10001.0,0.0,9993,14,10009,14,,,10011,20,,,,
0,31400,ASH_COATED_OSMIUM,10004.5,0.0,9998,5,10011,22,9993,11,,,9990,22,,
0,31500,ASH_COATED_OSMIUM,10001.0,0.0,9993,11,10009,11,9990,21,,,,,,
0,31600,ASH_COATED_OSMIUM,10001.0,0.0,9993,13,10009,13,9990,24,10011,24,,,,
0,31700,ASH_COATED_OSMIUM,10001.0,0.0,9993,10,10009,10,9990,29,10011,29,,,,
0,31800,ASH_COATED_OSMIUM,10001.0,0.0,9993,13,10009,13,9990,22,10011,22,,,,
0,31900,ASH_COATED_OSMIUM,10001.0,0.0,9993,11,10009,11,9990,26,10011,26,,,,
0,32000,ASH_COATED_OSMIUM,10001.0,0.0,9993,15,10009,15,9990,20,10011,20,,,,
0,32100,ASH_COATED_OSMIUM,10000.0,0.0,9991,25,10009,12,,,10012,25,,,,
0,32200,ASH_COATED_OSMIUM,10004.5,0.0,9999,2,10010,13,9994,13,10012,24,9991,24,,
0,32300,ASH_COATED_OSMIUM,10001.0,0.0,9993,13,10009,13,9991,30,10012,30,,,,
0,32400,ASH_COATED_OSMIUM,10001.0,0.0,9993,15,10009,15,9991,29,,,,,,
0,32500,ASH_COATED_OSMIUM,9997.5,0.0,9993,15,10002,3,9990,24,10009,15,,,10011,24
0,32600,ASH_COATED_OSMIUM,9999.5,0.0,9990,26,10009,12,,,10011,26,,,,
0,32700,ASH_COATED_OSMIUM,10008.0,0.0,,,10008,10,,,10011,30,,,,
0,32800,ASH_COATED_OSMIUM,10000.0,0.0,9992,11,10008,11,9990,29,10011,29,,,,
0,32900,ASH_COATED_OSMIUM,9999.0,0.0,9990,20,10008,10,,,,,,,,
0,33000,ASH_COATED_OSMIUM,10000.0,0.0,9992,13,10008,13,9990,28,10011,28,,,,
0,33100,ASH_COATED_OSMIUM,9999.0,0.0,9990,25,10008,13,,,,,,,,
0,33200,ASH_COATED_OSMIUM,10000.0,0.0,9992,15,10008,15,9990,23,10011,23,,,,
0,33300,ASH_COATED_OSMIUM,10000.0,0.0,9992,10,10008,10,9990,30,,,,,,
0,33400,ASH_COATED_OSMIUM,10001.0,0.0,9993,13,10009,13,9990,20,10011,20,,,,
0,33500,ASH_COATED_OSMIUM,10000.5,0.0,9990,21,10011,21,,,,,,,,
0,33600,ASH_COATED_OSMIUM,10004.0,0.0,9999,3,10009,13,9993,13,,,9991,27,,
0,33700,ASH_COATED_OSMIUM,10000.0,0.0,9991,25,10009,13,,,,,,,,
0,33800,ASH_COATED_OSMIUM,9991.0,0.0,9991,21,,,,,,,,,,
0,33900,ASH_COATED_OSMIUM,10002.0,0.0,9994,12,10010,12,,,,,,,,
0,34000,ASH_COATED_OSMIUM,10002.0,0.0,9994,13,10010,13,9991,28,10012,28,,,,
0,34100,ASH_COATED_OSMIUM,10002.0,0.0,9994,12,10010,12,9991,25,,,,,,
0,34200,ASH_COATED_OSMIUM,10001.0,0.0,9993,15,10009,15,9990,30,10011,30,,,,
0,34300,ASH_COATED_OSMIUM,9993.0,0.0,9993,15,,,9990,28,,,,,,
0,34400,ASH_COATED_OSMIUM,9999.5,0.0,9990,28,10009,12,,,10011,28,,,,
0,34500,ASH_COATED_OSMIUM,10001.0,0.0,9993,12,10009,12,9991,22,,,,,,
0,34600,ASH_COATED_OSMIUM,10000.0,0.0,9991,24,10009,10,,,10012,24,,,,
0,34700,ASH_COATED_OSMIUM,10001.0,0.0,9993,14,10009,14,9990,23,,,,,,
0,34800,ASH_COATED_OSMIUM,10001.0,0.0,9993,11,10009,11,9991,22,10012,22,,,,
0,34900,ASH_COATED_OSMIUM,10001.0,0.0,9993,15,10009,15,,,,,,,,
0,35000,ASH_COATED_OSMIUM,10001.0,0.0,9993,10,10009,10,9990,29,10011,29,,,,
0,35100,ASH_COATED_OSMIUM,10001.0,0.0,9993,13,10009,13,9991,21,10012,21,,,,
0,35200,ASH_COATED_OSMIUM,10001.0,0.0,9993,15,10009,15,9991,24,10012,24,,,,
0,35300,ASH_COATED_OSMIUM,10001.0,0.0,9993,14,10009,14,9991,22,10012,22,,,,
0,35400,ASH_COATED_OSMIUM,10003.0,0.0,9994,10,10012,25,9991,25,,,,,,
0,35500,ASH_COATED_OSMIUM,10002.5,0.0,9993,11,10012,27,9991,27,,,,,,
0,35600,ASH_COATED_OSMIUM,0.0,0.0,,,,,,,,,,,,
0,35700,ASH_COATED_OSMIUM,10001.0,0.0,9993,14,10009,14,9991,29,10012,29,,,,
0,35800,ASH_COATED_OSMIUM,10001.0,0.0,9993,14,10009,14,9991,21,10012,21,,,,
0,35900,ASH_COATED_OSMIUM,10001.0,0.0,9993,10,10009,10,9991,28,,,,,,
0,36000,ASH_COATED_OSMIUM,10001.0,0.0,9993,12,10009,12,9991,30,10012,30,,,,
0,36100,ASH_COATED_OSMIUM,10001.0,0.0,9993,14,10009,14,9991,21,,,,,,
0,36200,ASH_COATED_OSMIUM,10001.0,0.0,9993,12,10009,12,,,10012,29,,,,
0,36300,ASH_COATED_OSMIUM,9997.0,0.0,9992,13,10002,5,9990,30,10011,30,,,,
0,36400,ASH_COATED_OSMIUM,9997.0,0.0,9992,12,10002,5,9990,28,10008,12,,,10011,28
0,36500,ASH_COATED_OSMIUM,10000.0,0.0,9992,14,10008,14,9989,27,10010,27,,,,
0,36600,ASH_COATED_OSMIUM,9998.5,0.0,9989,30,10008,11,,,10010,30,,,,
0,36700,ASH_COATED_OSMIUM,10001.0,0.0,9992,11,10010,21,,,,,,,,
0,36800,ASH_COATED_OSMIUM,10000.0,0.0,9992,13,10008,13,9989,23,10010,23,,,,
0,36900,ASH_COATED_OSMIUM,9998.5,0.0,9989,22,10008,11,,,10010,22,,,,
0,37000,ASH_COATED_OSMIUM,9999.0,0.0,9990,20,10008,12,,,10011,20,,,,
0,37100,ASH_COATED_OSMIUM,10001.5,0.0,9992,15,10011,24,9990,24,,,,,,
0,37200,ASH_COATED_OSMIUM,9999.5,0.0,9989,27,10010,27,,,,,,,,
0,37300,ASH_COATED_OSMIUM,10000.0,0.0,9992,11,10008,11,9989,22,10010,22,,,,
0,37400,ASH_COATED_OSMIUM,10000.0,0.0,9992,13,10008,13,9990,22,10011,22,,,,
0,37500,ASH_COATED_OSMIUM,10000.0,0.0,9992,10,10008,10,9990,30,10011,30,,,,
0,37600,ASH_COATED_OSMIUM,10001.5,0.0,9992,11,10011,24,9990,24,,,,,,
0,37700,ASH_COATED_OSMIUM,9999.5,0.0,9990,20,10009,11,,,10011,20,,,,
0,37800,ASH_COATED_OSMIUM,10001.0,0.0,9993,15,10009,15,9991,23,,,,,,
0,37900,ASH_COATED_OSMIUM,10000.0,0.0,9992,11,10008,11,9990,27,10011,27,,,,
0,38000,ASH_COATED_OSMIUM,10001.0,0.0,9993,13,10009,13,9990,30,,,,,,
0,38100,ASH_COATED_OSMIUM,10001.0,0.0,9993,13,10009,13,9990,28,,,,,,
0,38200,ASH_COATED_OSMIUM,10001.0,0.0,9993,12,10009,12,9990,29,10011,29,,,,
0,38300,ASH_COATED_OSMIUM,10001.0,0.0,9993,11,10009,11,,,10011,22,,,,
0,38400,ASH_COATED_OSMIUM,10001.0,0.0,9993,11,10009,11,9990,29,10011,29,,,,
0,38500,ASH_COATED_OSMIUM,10001.0,0.0,9993,12,10009,12,9991,22,10012,22,,,,
0,38600,ASH_COATED_OSMIUM,10001.0,0.0,9993,12,10009,12,9990,29,10011,29,,,,
0,38700,ASH_COATED_OSMIUM,10011.0,0.0,,,10011,20,,,,,,,,
0,38800,ASH_COATED_OSMIUM,9999.5,0.0,9990,25,10009,12,,,10011,25,,,,
0,38900,ASH_COATED_OSMIUM,9999.0,0.0,9990,23,10008,14,,,10011,23,,,,
0,39000,ASH_COATED_OSMIUM,9999.0,0.0,9990,23,10008,14,,,,,,,,
0,39100,ASH_COATED_OSMIUM,10001.0,0.0,9993,15,10009,15,9990,28,10011,28,,,,
0,39200,ASH_COATED_OSMIUM,10001.0,0.0,9993,13,10009,13,9990,21,10011,21,,,,
0,39300,ASH_COATED_OSMIUM,10005.5,0.0,10002,10,10009,10,9993,10,,,9990,24,,
0,39400,ASH_COATED_OSMIUM,9993.0,0.0,9993,10,,,,,,,,,,
0,39500,ASH_COATED_OSMIUM,10002.5,0.0,9993,10,10012,29,9991,29,,,,,,
0,39600,ASH_COATED_OSMIUM,10001.0,0.0,9993,15,10009,15,9991,30,10012,30,,,,
0,39700,ASH_COATED_OSMIUM,10001.0,0.0,9993,15,10009,15,,,10012,29,,,,
0,39800,ASH_COATED_OSMIUM,10002.0,0.0,9994,10,10010,10,9991,22,10012,22,,,,
0,39900,ASH_COATED_OSMIUM,10002.0,0.0,9994,12,10010,12,,,,,,,,
0,40000,ASH_COATED_OSMIUM,10001.0,0.0,9993,15,10009,15,9991,25,,,,,,
0,40100,ASH_COATED_OSMIUM,10002.0,0.0,9994,10,10010,10,9991,30,10012,30,,,,
0,40200,ASH_COATED_OSMIUM,10002.0,0.0,9994,12,10010,12,9991,24,10012,24,,,,
0,40300,ASH_COATED_OSMIUM,10002.0,0.0,9994,10,10010,10,9991,29,10012,29,,,,
0,40400,ASH_COATED_OSMIUM,10001.0,0.0,9993,12,10009,12,9991,23,10012,23,,,,
0,40500,ASH_COATED_OSMIUM,10001.0,0.0,9993,14,10009,14,9990,21,10011,21,,,,
0,40600,ASH_COATED_OSMIUM,10001.0,0.0,9993,15,10009,15,9990,28,,,,,,
0,40700,ASH_COATED_OSMIUM,10002.0,0.0,9993,10,10011,29,,,,,,,,
0,40800,ASH_COATED_OSMIUM,10001.0,0.0,9993,12,10009,12,9990,21,10011,21,,,,
0,40900,ASH_COATED_OSMIUM,10001.0,0.0,9993,12,10009,12,9990,25,10011,25,,,,
0,41000,ASH_COATED_OSMIUM,10001.0,0.0,9993,10,10009,10,,,10011,20,,,,
0,41100,ASH_COATED_OSMIUM,10001.0,0.0,9993,13,10009,13,9990,23,10011,23,,,,
0,41200,ASH_COATED_OSMIUM,10000.0,0.0,9992,12,10008,12,,,10011,20,,,,
0,41300,ASH_COATED_OSMIUM,10008.0,0.0,,,10008,14,,,10011,27,,,,
0,41400,ASH_COATED_OSMIUM,10001.0,0.0,9993,12,10009,12,,,10011,29,,,,
0,41500,ASH_COATED_OSMIUM,9993.0,0.0,9993,14,,,,,,,,,,
0,41600,ASH_COATED_OSMIUM,10001.5,0.0,9992,14,10011,26,9990,26,,,,,,
0,41700,ASH_COATED_OSMIUM,10000.0,0.0,9992,14,10008,14,9990,23,10011,23,,,,
0,41800,ASH_COATED_OSMIUM,9998.5,0.0,9989,21,10008,11,,,,,,,,
0,41900,ASH_COATED_OSMIUM,10001.0,0.0,9993,14,10009,14,9990,28,10011,28,,,,
0,42000,ASH_COATED_OSMIUM,10001.0,0.0,9993,15,10009,15,9990,27,10011,27,,,,
0,42100,ASH_COATED_OSMIUM,10001.0,0.0,9993,15,10009,15,9990,22,10011,22,,,,
0,42200,ASH_COATED_OSMIUM,10000.5,0.0,9990,22,10011,22,,,,,,,,
0,42300,ASH_COATED_OSMIUM,10001.0,0.0,9993,10,10009,10,9990,20,,,,,,
0,42400,ASH_COATED_OSMIUM,9997.5,0.0,9993,11,10002,4,9990,26,10009,11,,,,
0,42500,ASH_COATED_OSMIUM,10001.0,0.0,9993,10,10009,10,9991,24,10012,24,,,,
0,42600,ASH_COATED_OSMIUM,10001.0,0.0,9993,12,10009,12,9991,28,10012,28,,,,
0,42700,ASH_COATED_OSMIUM,10002.0,0.0,9994,12,10010,12,,,10012,23,,,,
0,42800,ASH_COATED_OSMIUM,10002.0,0.0,9994,14,10010,14,,,10012,29,,,,
0,42900,ASH_COATED_OSMIUM,10001.0,0.0,9993,13,10009,13,9991,20,10012,20,,,,
0,43000,ASH_COATED_OSMIUM,10001.0,0.0,9993,10,10009,10,,,10012,26,,,,
0,43100,ASH_COATED_OSMIUM,10002.5,0.0,9993,11,10012,24,9991,24,,,,,,
0,43200,ASH_COATED_OSMIUM,10001.0,0.0,9993,13,10009,13,9991,29,10012,29,,,,
0,43300,ASH_COATED_OSMIUM,10001.0,0.0,9993,15,10009,15,,,10011,20,,,,
0,43400,ASH_COATED_OSMIUM,10001.0,0.0,9993,11,10009,11,9991,22,,,,,,
0,43500,ASH_COATED_OSMIUM,10001.0,0.0,9993,15,10009,15,9991,24,10012,24,,,,
0,43600,ASH_COATED_OSMIUM,10001.0,0.0,9993,14,10009,14,9990,22,10011,22,,,,
0,43700,ASH_COATED_OSMIUM,10000.5,0.0,9990,29,10011,29,,,,,,,,
0,43800,ASH_COATED_OSMIUM,10001.0,0.0,9993,12,10009,12,,,,,,,,
0,43900,ASH_COATED_OSMIUM,10001.0,0.0,9993,12,10009,12,9991,24,10012,24,,,,
0,44000,ASH_COATED_OSMIUM,10009.0,0.0,,,10009,15,,,,,,,,
0,44100,ASH_COATED_OSMIUM,9999.5,0.0,9990,22,10009,14,,,,,,,,
0,44200,ASH_COATED_OSMIUM,10001.0,0.0,9993,11,10009,11,,,,,,,,
0,44300,ASH_COATED_OSMIUM,10001.0,0.0,9993,14,10009,14,9991,24,10012,24,,,,
0,44400,ASH_COATED_OSMIUM,10001.0,0.0,9993,12,10009,12,9991,25,,,,,,
0,44500,ASH_COATED_OSMIUM,10010.0,0.0,,,10010,12,,,10012,30,,,,
0,44600,ASH_COATED_OSMIUM,10001.0,0.0,9993,11,10009,11,9991,21,,,,,,
0,44700,ASH_COATED_OSMIUM,10001.0,0.0,9993,11,10009,11,9991,25,10012,25,,,,
0,44800,ASH_COATED_OSMIUM,9996.0,0.0,9993,14,9999,4,9991,25,10012,25,,,,
0,44900,ASH_COATED_OSMIUM,10001.0,0.0,9993,15,10009,15,9990,21,10011,21,,,,
0,45000,ASH_COATED_OSMIUM,10001.5,0.0,9992,13,10011,27,,,,,,,,
0,45100,ASH_COATED_OSMIUM,10000.0,0.0,9992,10,10008,10,9990,27,10011,27,,,,
0,45200,ASH_COATED_OSMIUM,10001.5,0.0,9992,14,10011,20,9990,20,,,,,,
0,45300,ASH_COATED_OSMIUM,9995.0,0.0,9992,14,9998,6,9990,23,10002,3,,,10008,14
0,45400,ASH_COATED_OSMIUM,10000.5,0.0,9990,25,10011,25,,,,,,,,
0,45500,ASH_COATED_OSMIUM,10000.0,0.0,9992,10,10008,10,9990,20,10011,20,,,,
0,45600,ASH_COATED_OSMIUM,9998.5,0.0,9989,23,10008,15,,,10010,23,,,,
0,45700,ASH_COATED_OSMIUM,10001.5,0.0,9992,12,10011,21,,,,,,,,
0,45800,ASH_COATED_OSMIUM,9999.0,0.0,9991,10,10007,10,9989,30,,,,,,
0,45900,ASH_COATED_OSMIUM,10000.0,0.0,9992,15,10008,15,9989,25,10010,25,,,,
0,46000,ASH_COATED_OSMIUM,9996.0,0.0,9991,13,10001,4,9989,23,10010,23,,,,
0,46100,ASH_COATED_OSMIUM,9998.0,0.0,9989,25,10007,12,,,10010,25,,,,
0,46200,ASH_COATED_OSMIUM,10000.0,0.0,9992,10,10008,10,9989,24,10010,24,,,,
0,46300,ASH_COATED_OSMIUM,9998.5,0.0,9989,26,10008,12,,,10010,26,,,,
0,46400,ASH_COATED_OSMIUM,10000.0,0.0,9992,11,10008,11,9989,24,,,,,,
0,46500,ASH_COATED_OSMIUM,10000.0,0.0,9992,13,10008,13,9989,29,10010,29,,,,
0,46600,ASH_COATED_OSMIUM,10000.5,0.0,9991,11,10010,28,9989,28,,,,,,
0,46700,ASH_COATED_OSMIUM,9998.0,0.0,9989,29,10007,14,,,10010,29,,,,
0,46800,ASH_COATED_OSMIUM,9997.5,0.0,9988,25,10007,13,,,10009,25,,,,
0,46900,ASH_COATED_OSMIUM,9999.0,0.0,9991,11,10007,11,9989,29,10010,29,,,,
0,47000,ASH_COATED_OSMIUM,9999.0,0.0,9991,14,10007,14,9989,22,,,,,,
0,47100,ASH_COATED_OSMIUM,10000.0,0.0,9992,15,10008,15,9989,22,10010,22,,,,
0,47200,ASH_COATED_OSMIUM,9996.0,0.0,9991,15,10001,2,9989,21,10007,15,,,10010,21
0,47300,ASH_COATED_OSMIUM,9999.0,0.0,9991,10,10007,10,9988,21,,,,,,
0,47400,ASH_COATED_OSMIUM,9997.5,0.0,9988,22,10007,11,,,10009,22,,,,
0,47500,ASH_COATED_OSMIUM,9996.5,0.0,9987,21,10006,12,,,,,,,,
0,47600,ASH_COATED_OSMIUM,9999.5,0.0,9990,11,10009,21,9988,21,,,,,,
0,47700,ASH_COATED_OSMIUM,9995.0,0.0,9990,11,10000,5,9988,23,10006,11,,,,
0,47800,ASH_COATED_OSMIUM,9998.0,0.0,9990,10,10006,10,9988,20,,,,,,
0,47900,ASH_COATED_OSMIUM,9998.5,0.0,9988,23,10009,23,,,,,,,,
0,48000,ASH_COATED_OSMIUM,9998.0,0.0,9990,14,10006,14,9988,26,10009,26,,,,
0,48100,ASH_COATED_OSMIUM,9998.0,0.0,9990,11,10006,11,9988,29,10009,29,,,,
0,48200,ASH_COATED_OSMIUM,9998.0,0.0,9990,15,10006,15,9988,26,10009,26,,,,
0,48300,ASH_COATED_OSMIUM,9997.0,0.0,9988,20,10006,15,,,10009,20,,,,
0,48400,ASH_COATED_OSMIUM,9999.5,0.0,9990,11,10009,30,9988,30,,,,,,
0,48500,ASH_COATED_OSMIUM,9998.0,0.0,9990,14,10006,14,9988,29,10009,29,,,,
0,48600,ASH_COATED_OSMIUM,9998.0,0.0,9990,14,10006,14,9988,26,10009,26,,,,
0,48700,ASH_COATED_OSMIUM,9998.0,0.0,9990,13,10006,13,9988,22,10009,22,,,,
0,48800,ASH_COATED_OSMIUM,9998.0,0.0,9990,10,10006,10,9988,28,10009,28,,,,
0,48900,ASH_COATED_OSMIUM,9997.5,0.0,9988,22,10007,15,,,10009,22,,,,
0,49000,ASH_COATED_OSMIUM,10000.0,0.0,9991,12,10009,28,,,,,,,,
0,49100,ASH_COATED_OSMIUM,10003.5,0.0,10000,10,10007,13,9991,13,10009,30,9988,30,,
0,49200,ASH_COATED_OSMIUM,9998.0,0.0,9990,11,10006,11,,,,,,,,
0,49300,ASH_COATED_OSMIUM,9999.0,0.0,9990,12,10008,29,9987,29,,,,,,
0,49400,ASH_COATED_OSMIUM,9998.0,0.0,9990,13,10006,13,9987,22,,,,,,
0,49500,ASH_COATED_OSMIUM,9998.0,0.0,9990,12,10006,12,9987,24,10008,24,,,,
0,49600,ASH_COATED_OSMIUM,9998.0,0.0,9990,15,10006,15,9988,28,10009,28,,,,
0,49700,ASH_COATED_OSMIUM,9998.0,0.0,9990,13,10006,13,9988,21,10009,21,,,,
0,49800,ASH_COATED_OSMIUM,10000.0,0.0,9991,15,10009,20,,,,,,,,
0,49900,ASH_COATED_OSMIUM,9999.0,0.0,9991,14,10007,14,,,,,,,,
0,50000,ASH_COATED_OSMIUM,9997.5,0.0,9988,24,10007,12,,,10009,24,,,,
0,50100,ASH_COATED_OSMIUM,9999.0,0.0,9991,14,10007,14,9988,22,10009,22,,,,
0,50200,ASH_COATED_OSMIUM,9997.5,0.0,9988,28,10007,12,,,10009,28,,,,
0,50300,ASH_COATED_OSMIUM,9998.0,0.0,9990,12,10006,12,9988,23,,,,,,
0,50400,ASH_COATED_OSMIUM,9999.0,0.0,9991,15,10007,15,,,10009,21,,,,
0,50500,ASH_COATED_OSMIUM,9998.0,0.0,9990,13,10006,13,,,10009,27,,,,
0,50600,ASH_COATED_OSMIUM,9997.0,0.0,9988,22,10006,14,,,10009,22,,,,
0,50700,ASH_COATED_OSMIUM,9998.0,0.0,9990,15,10006,15,9988,20,10009,20,,,,
0,50800,ASH_COATED_OSMIUM,9998.0,0.0,9990,14,10006,14,,,10009,26,,,,
0,50900,ASH_COATED_OSMIUM,9998.0,0.0,9990,11,10006,11,9988,30,,,,,,
0,51000,ASH_COATED_OSMIUM,9997.5,0.0,9987,23,10008,23,,,,,,,,
0,51100,ASH_COATED_OSMIUM,9998.0,0.0,9990,15,10006,15,,,10009,29,,,,
0,51200,ASH_COATED_OSMIUM,10000.5,0.0,9991,13,10010,30,9989,30,,,,,,
0,51300,ASH_COATED_OSMIUM,9998.0,0.0,9989,23,10007,13,,,10010,23,,,,
0,51400,ASH_COATED_OSMIUM,9999.5,0.0,9989,22,10010,22,,,,,,,,
0,51500,ASH_COATED_OSMIUM,9999.0,0.0,9991,15,10007,15,9988,21,10009,21,,,,
0,51600,ASH_COATED_OSMIUM,9997.5,0.0,9988,21,10007,12,,,,,,,,
0,51700,ASH_COATED_OSMIUM,9998.5,0.0,9988,30,10009,30,,,,,,,,
0,51800,ASH_COATED_OSMIUM,10007.0,0.0,,,10007,10,,,10009,25,,,,
0,51900,ASH_COATED_OSMIUM,9997.5,0.0,9988,26,10007,11,,,10009,26,,,,
0,52000,ASH_COATED_OSMIUM,9998.5,0.0,9988,21,10009,21,,,,,,,,
0,52100,ASH_COATED_OSMIUM,10000.0,0.0,9992,11,10008,11,9989,27,10010,27,,,,
0,52200,ASH_COATED_OSMIUM,9999.0,0.0,9991,10,10007,10,9989,23,10010,23,,,,
0,52300,ASH_COATED_OSMIUM,9999.0,0.0,9991,12,10007,12,9989,30,10010,30,,,,
0,52400,ASH_COATED_OSMIUM,9995.0,0.0,9990,14,10000,2,9988,20,10009,20,,,,
0,52500,ASH_COATED_OSMIUM,9999.0,0.0,9990,15,10008,25,,,,,,,,
0,52600,ASH_COATED_OSMIUM,9996.5,0.0,9987,30,10006,14,,,,,,,,
0,52700,ASH_COATED_OSMIUM,9998.0,0.0,9990,12,10006,12,9987,24,10008,24,,,,
0,52800,ASH_COATED_OSMIUM,9996.0,0.0,9987,26,10005,14,,,10008,26,,,,
0,52900,ASH_COATED_OSMIUM,9997.0,0.0,9989,10,10005,10,9986,26,,,,,,
0,53000,ASH_COATED_OSMIUM,9997.0,0.0,9989,13,10005,13,9986,29,10007,29,,,,
0,53100,ASH_COATED_OSMIUM,9998.0,0.0,9989,15,10007,21,9986,21,,,,,,
0,53200,ASH_COATED_OSMIUM,9997.0,0.0,9989,14,10005,14,,,,,,,,
0,53300,ASH_COATED_OSMIUM,9996.5,0.0,9987,20,10006,13,,,10008,20,,,,
0,53400,ASH_COATED_OSMIUM,9996.5,0.0,9987,30,10006,14,,,,,,,,
0,53500,ASH_COATED_OSMIUM,9998.0,0.0,9990,13,10006,13,9987,25,,,,,,
0,53600,ASH_COATED_OSMIUM,9998.0,0.0,9990,14,10006,14,9987,22,10008,22,,,,
0,53700,ASH_COATED_OSMIUM,10003.5,0.0,9999,7,10008,23,9995,5,,,9990,14,,
0,53800,ASH_COATED_OSMIUM,9990.0,0.0,9990,12,,,9987,29,,,,,,
0,53900,ASH_COATED_OSMIUM,9997.0,0.0,9989,13,10005,13,9987,25,,,,,,
0,54000,ASH_COATED_OSMIUM,9997.0,0.0,9989,15,10005,15,9986,21,10007,21,,,,
0,54100,ASH_COATED_OSMIUM,9997.0,0.0,9989,13,10005,13,9986,21,10007,21,,,,
0,54200,ASH_COATED_OSMIUM,9997.0,0.0,9989,15,10005,15,,,10007,20,,,,
0,54300,ASH_COATED_OSMIUM,9996.0,0.0,9988,10,10004,10,,,10007,26,,,,
0,54400,ASH_COATED_OSMIUM,9996.0,0.0,9988,14,10004,14,9986,22,10007,22,,,,
0,54500,ASH_COATED_OSMIUM,9997.5,0.0,9988,11,10007,27,9986,27,,,,,,
0,54600,ASH_COATED_OSMIUM,9995.0,0.0,9986,29,10004,10,,,10007,29,,,,
0,54700,ASH_COATED_OSMIUM,9996.0,0.0,9988,10,10004,10,,,,,,,,
0,54800,ASH_COATED_OSMIUM,9996.0,0.0,9988,10,10004,10,,,10007,23,,,,
0,54900,ASH_COATED_OSMIUM,9997.5,0.0,9988,13,10007,22,9986,22,,,,,,
0,55000,ASH_COATED_OSMIUM,9995.0,0.0,9986,20,10004,10,,,,,,,,
0,55100,ASH_COATED_OSMIUM,9996.0,0.0,9988,11,10004,11,9986,24,10007,24,,,,
0,55200,ASH_COATED_OSMIUM,9996.0,0.0,9988,14,10004,14,9985,25,10006,25,,,,
0,55300,ASH_COATED_OSMIUM,9996.0,0.0,9988,11,10004,11,9986,22,,,,,,
0,55400,ASH_COATED_OSMIUM,9996.0,0.0,9988,12,10004,12,9985,27,10006,27,,,,
0,55500,ASH_COATED_OSMIUM,9996.0,0.0,9988,14,10004,14,9986,22,10007,22,,,,
0,55600,ASH_COATED_OSMIUM,9996.0,0.0,9988,14,10004,14,9985,23,10006,23,,,,
0,55700,ASH_COATED_OSMIUM,9997.0,0.0,9988,10,10006,21,9985,21,,,,,,
0,55800,ASH_COATED_OSMIUM,10004.0,0.0,,,10004,12,,,,,,,,
0,55900,ASH_COATED_OSMIUM,10004.0,0.0,,,10004,14,,,,,,,,
0,56000,ASH_COATED_OSMIUM,9992.5,0.0,9988,11,9997,2,9985,24,10004,11,,,,
0,56100,ASH_COATED_OSMIUM,9995.0,0.0,9986,27,10004,11,,,10007,27,,,,
0,56200,ASH_COATED_OSMIUM,9997.5,0.0,9988,13,10007,30,9986,30,,,,,,
0,56300,ASH_COATED_OSMIUM,9996.0,0.0,9988,14,10004,14,9986,28,,,,,,
0,56400,ASH_COATED_OSMIUM,10000.5,0.0,9997,9,10004,10,,,10006,27,,,,
0,56500,ASH_COATED_OSMIUM,9995.0,0.0,9987,14,10003,14,9985,21,10006,21,,,,
0,56600,ASH_COATED_OSMIUM,9996.0,0.0,9988,10,10004,10,9985,28,10006,28,,,,
0,56700,ASH_COATED_OSMIUM,9997.0,0.0,9988,12,10006,27,9985,27,,,,,,
0,56800,ASH_COATED_OSMIUM,9996.0,0.0,9988,14,10004,14,9986,23,,,,,,
0,56900,ASH_COATED_OSMIUM,9997.0,0.0,9989,10,10005,10,9986,20,10007,20,,,,
0,57000,ASH_COATED_OSMIUM,10001.5,0.0,9998,6,10005,15,9986,20,,,,,,
0,57100,ASH_COATED_OSMIUM,9996.0,0.0,9988,12,10004,12,9986,24,10007,24,,,,
0,57200,ASH_COATED_OSMIUM,9997.0,0.0,9989,13,10005,13,9986,25,10007,25,,,,
0,57300,ASH_COATED_OSMIUM,9991.5,0.0,9989,11,9994,9,,,10005,11,,,10007,30
0,57400,ASH_COATED_OSMIUM,9997.5,0.0,9988,13,10007,27,9986,27,,,,,,
0,57500,ASH_COATED_OSMIUM,9994.5,0.0,9985,21,10004,14,,,10006,21,,,,
0,57600,ASH_COATED_OSMIUM,10006.0,0.0,,,10006,20,,,,,,,,
0,57700,ASH_COATED_OSMIUM,9995.0,0.0,9987,12,10003,12,9985,21,10006,21,,,,
0,57800,ASH_COATED_OSMIUM,9996.5,0.0,9987,15,10006,26,9985,26,,,,,,
0,57900,ASH_COATED_OSMIUM,9996.5,0.0,9987,15,10006,26,9985,26,,,,,,
0,58000,ASH_COATED_OSMIUM,9995.0,0.0,9987,15,10003,15,9985,28,,,,,,
0,58100,ASH_COATED_OSMIUM,9995.0,0.0,9987,12,10003,12,9985,20,10006,20,,,,
0,58200,ASH_COATED_OSMIUM,9995.0,0.0,9987,13,10003,13,9985,27,10006,27,,,,
0,58300,ASH_COATED_OSMIUM,9987.0,0.0,9987,10,,,,,,,,,,
0,58400,ASH_COATED_OSMIUM,9994.5,0.0,9984,25,10005,25,,,,,,,,
0,58500,ASH_COATED_OSMIUM,9995.0,0.0,9987,11,10003,11,9984,20,10005,20,,,,
0,58600,ASH_COATED_OSMIUM,9995.0,0.0,9987,14,10003,14,,,10005,22,,,,
0,58700,ASH_COATED_OSMIUM,9993.5,0.0,9984,29,10003,15,,,10005,29,,,,
0,58800,ASH_COATED_OSMIUM,9987.0,0.0,9987,12,,,9984,30,,,,,,
0,58900,ASH_COATED_OSMIUM,9995.0,0.0,9987,11,10003,11,9985,23,10006,23,,,,
0,59000,ASH_COATED_OSMIUM,9987.0,0.0,9987,11,,,,,,,,,,
0,59100,ASH_COATED_OSMIUM,9996.5,0.0,9987,12,10006,20,9985,20,,,,,,
0,59200,ASH_COATED_OSMIUM,9995.0,0.0,9987,15,10003,15,9984,23,10005,23,,,,
0,59300,ASH_COATED_OSMIUM,9996.0,0.0,9987,15,10005,22,9984,22,,,,,,
0,59400,ASH_COATED_OSMIUM,9994.0,0.0,9986,11,10002,11,9983,23,10004,23,,,,
0,59500,ASH_COATED_OSMIUM,9994.0,0.0,9986,10,10002,10,9984,22,,,,,,
0,59600,ASH_COATED_OSMIUM,9994.0,0.0,9986,15,10002,15,9983,24,10004,24,,,,
0,59700,ASH_COATED_OSMIUM,9994.0,0.0,9986,13,10002,13,9984,25,10005,25,,,,
0,59800,ASH_COATED_OSMIUM,9994.0,0.0,9986,15,10002,15,9983,22,10004,22,,,,
0,59900,ASH_COATED_OSMIUM,9995.0,0.0,9987,12,10003,12,,,10005,23,,,,
0,60000,ASH_COATED_OSMIUM,9995.0,0.0,9987,12,10003,12,9984,25,10005,25,,,,
0,60100,ASH_COATED_OSMIUM,9995.0,0.0,9987,12,10003,12,,,10005,27,,,,
0,60200,ASH_COATED_OSMIUM,9996.0,0.0,9987,13,10005,25,9984,25,,,,,,
0,60300,ASH_COATED_OSMIUM,9996.0,0.0,9987,15,10005,23,9984,23,,,,,,
0,60400,ASH_COATED_OSMIUM,9995.0,0.0,9987,14,10003,14,,,10005,22,,,,
0,60500,ASH_COATED_OSMIUM,9993.5,0.0,9984,25,10003,12,,,,,,,,
0,60600,ASH_COATED_OSMIUM,9995.0,0.0,9987,14,10003,14,9985,21,10006,21,,,,
0,60700,ASH_COATED_OSMIUM,9996.0,0.0,9988,14,10004,14,9985,24,10006,24,,,,
0,60800,ASH_COATED_OSMIUM,9995.0,0.0,9987,15,10003,15,9984,26,,,,,,
0,60900,ASH_COATED_OSMIUM,9995.0,0.0,9987,12,10003,12,9985,29,10006,29,,,,
0,61000,ASH_COATED_OSMIUM,9996.0,0.0,9988,15,10004,15,9985,25,10006,25,,,,
0,61100,ASH_COATED_OSMIUM,9998.0,0.0,9989,15,10007,29,,,,,,,,
0,61200,ASH_COATED_OSMIUM,9989.0,0.0,9989,11,,,,,,,,,,
0,61300,ASH_COATED_OSMIUM,9997.0,0.0,9989,14,10005,14,9986,27,10007,27,,,,
0,61400,ASH_COATED_OSMIUM,9997.0,0.0,9989,13,10005,13,9986,28,10007,28,,,,
0,61500,ASH_COATED_OSMIUM,9989.0,0.0,9989,15,,,9986,22,,,,,,
0,61600,ASH_COATED_OSMIUM,10005.0,0.0,,,10005,13,,,10007,27,,,,
0,61700,ASH_COATED_OSMIUM,9997.0,0.0,9989,10,10005,10,9986,21,10007,21,,,,
0,61800,ASH_COATED_OSMIUM,9997.0,0.0,9989,14,10005,14,,,10007,24,,,,
0,61900,ASH_COATED_OSMIUM,9997.0,0.0,9989,13,10005,13,9987,28,10008,28,,,,
0,62000,ASH_COATED_OSMIUM,9997.0,0.0,9989,10,10005,10,9986,24,10007,24,,,,
0,62100,ASH_COATED_OSMIUM,9996.0,0.0,9988,11,10004,11,9986,25,,,,,,
0,62200,ASH_COATED_OSMIUM,9997.0,0.0,9989,12,10005,12,,,10008,22,,,,
0,62300,ASH_COATED_OSMIUM,9997.0,0.0,9989,13,10005,13,9987,21,10008,21,,,,
0,62400,ASH_COATED_OSMIUM,9997.0,0.0,9989,10,10005,10,9987,24,10008,24,,,,
0,62500,ASH_COATED_OSMIUM,9997.0,0.0,9989,13,10005,13,9987,25,10008,25,,,,
0,62600,ASH_COATED_OSMIUM,9998.0,0.0,9990,11,10006,11,9987,21,10008,21,,,,
0,62700,ASH_COATED_OSMIUM,9997.0,0.0,9989,10,10005,10,,,,,,,,
0,62800,ASH_COATED_OSMIUM,9997.0,0.0,9989,12,10005,12,9986,22,10007,22,,,,
0,62900,ASH_COATED_OSMIUM,9998.0,0.0,9989,10,10007,20,9986,20,,,,,,
0,63000,ASH_COATED_OSMIUM,9995.5,0.0,9986,30,10005,14,,,10007,30,,,,
0,63100,ASH_COATED_OSMIUM,9996.0,0.0,9988,14,10004,14,9986,30,,,,,,
0,63200,ASH_COATED_OSMIUM,9995.0,0.0,9986,24,10004,15,,,,,,,,
0,63300,ASH_COATED_OSMIUM,9997.5,0.0,9988,15,10007,30,9986,30,,,,,,
0,63400,ASH_COATED_OSMIUM,10004.0,0.0,,,10004,15,,,10006,22,,,,
0,63500,ASH_COATED_OSMIUM,9995.0,0.0,9986,28,10004,12,,,10007,28,,,,
0,63600,ASH_COATED_OSMIUM,9986.0,0.0,9986,22,,,,,,,,,,
0,63700,ASH_COATED_OSMIUM,9997.0,0.0,9989,10,10005,10,9986,21,10007,21,,,,
0,63800,ASH_COATED_OSMIUM,9989.0,0.0,9989,13,,,9986,27,,,,,,
0,63900,ASH_COATED_OSMIUM,9996.0,0.0,9988,15,10004,15,9986,22,10007,22,,,,
0,64000,ASH_COATED_OSMIUM,9995.0,0.0,9986,30,10004,11,,,10007,30,,,,
0,64100,ASH_COATED_OSMIUM,9996.0,0.0,9988,12,10004,12,9985,26,10006,26,,,,
0,64200,ASH_COATED_OSMIUM,9996.0,0.0,9988,13,10004,13,,,10007,25,,,,
0,64300,ASH_COATED_OSMIUM,9996.0,0.0,9988,12,10004,12,9986,20,10007,20,,,,
0,64400,ASH_COATED_OSMIUM,9996.0,0.0,9988,12,10004,12,,,10007,27,,,,
0,64500,ASH_COATED_OSMIUM,9996.0,0.0,9988,10,10004,10,9986,20,10007,20,,,,
0,64600,ASH_COATED_OSMIUM,9996.0,0.0,9988,13,10004,13,9986,27,10007,27,,,,
0,64700,ASH_COATED_OSMIUM,9997.5,0.0,9988,12,10007,28,9986,28,,,,,,
0,64800,ASH_COATED_OSMIUM,9997.0,0.0,9989,11,10005,11,9986,20,10007,20,,,,
0,64900,ASH_COATED_OSMIUM,9988.0,0.0,9988,14,,,9986,30,,,,,,
0,65000,ASH_COATED_OSMIUM,9997.5,0.0,9988,15,10007,26,9986,26,,,,,,
0,65100,ASH_COATED_OSMIUM,10003.0,0.0,,,10003,12,,,,,,,,
0,65200,ASH_COATED_OSMIUM,9995.0,0.0,9987,12,10003,12,9985,28,10006,28,,,,
0,65300,ASH_COATED_OSMIUM,9996.0,0.0,9988,14,10004,14,9985,29,,,,,,
0,65400,ASH_COATED_OSMIUM,9996.0,0.0,9988,12,10004,12,9986,21,,,,,,
0,65500,ASH_COATED_OSMIUM,9997.0,0.0,9989,14,10005,14,9986,20,,,,,,
0,65600,ASH_COATED_OSMIUM,10001.5,0.0,9995,1,10008,20,9989,15,,,9987,20,,
0,65700,ASH_COATED_OSMIUM,10001.0,0.0,9998,7,10004,14,9988,14,10007,24,9986,24,,
0,65800,ASH_COATED_OSMIUM,9997.0,0.0,9989,10,10005,10,,,10007,30,,,,
0,65900,ASH_COATED_OSMIUM,9997.0,0.0,9989,15,10005,15,9986,24,,,,,,
0,66000,ASH_COATED_OSMIUM,9996.0,0.0,9987,24,10005,14,,,,,,,,
0,66100,ASH_COATED_OSMIUM,9997.0,0.0,9989,12,10005,12,,,10007,23,,,,
0,66200,ASH_COATED_OSMIUM,9999.0,0.0,9990,15,10008,22,,,,,,,,
0,66300,ASH_COATED_OSMIUM,9997.0,0.0,9989,13,10005,13,9987,20,10008,20,,,,
0,66400,ASH_COATED_OSMIUM,9999.5,0.0,9994,4,10005,13,9989,13,10007,24,9986,24,,
0,66500,ASH_COATED_OSMIUM,9995.5,0.0,9986,30,10005,10,,,10007,30,,,,
0,66600,ASH_COATED_OSMIUM,9997.0,0.0,9989,13,10005,13,9986,29,10007,29,,,,
0,66700,ASH_COATED_OSMIUM,10005.0,0.0,,,10005,11,,,,,,,,
0,66800,ASH_COATED_OSMIUM,9997.0,0.0,9989,14,10005,14,9986,25,10007,25,,,,
0,66900,ASH_COATED_OSMIUM,9998.0,0.0,9989,11,10007,20,9986,20,,,,,,
0,67000,ASH_COATED_OSMIUM,9995.5,0.0,9986,22,10005,12,,,10007,22,,,,
0,67100,ASH_COATED_OSMIUM,9997.0,0.0,9989,15,10005,15,9986,25,10007,25,,,,
0,67200,ASH_COATED_OSMIUM,9997.0,0.0,9989,11,10005,11,9986,23,10007,23,,,,
0,67300,ASH_COATED_OSMIUM,9996.5,0.0,9986,21,10007,21,,,,,,,,
0,67400,ASH_COATED_OSMIUM,9997.0,0.0,9989,13,10005,13,9987,28,,,,,,
0,67500,ASH_COATED_OSMIUM,9997.0,0.0,9989,10,10005,10,9987,22,10008,22,,,,
0,67600,ASH_COATED_OSMIUM,9991.5,0.0,9989,14,9994,5,9986,25,10005,14,,,10007,25
0,67700,ASH_COATED_OSMIUM,9995.0,0.0,9986,21,10004,11,,,10007,21,,,,
0,67800,ASH_COATED_OSMIUM,9996.0,0.0,9987,30,10005,10,,,,,,,,
0,67900,ASH_COATED_OSMIUM,9997.0,0.0,9989,13,10005,13,9986,26,10007,26,,,,
0,68000,ASH_COATED_OSMIUM,9997.0,0.0,9989,12,10005,12,9986,25,10007,25,,,,
0,68100,ASH_COATED_OSMIUM,9997.0,0.0,9989,14,10005,14,9987,26,,,,,,
0,68200,ASH_COATED_OSMIUM,9997.0,0.0,9989,11,10005,11,9987,23,10008,23,,,,
0,68300,ASH_COATED_OSMIUM,9997.0,0.0,9989,11,10005,11,9986,25,10007,25,,,,
0,68400,ASH_COATED_OSMIUM,9997.0,0.0,9989,12,10005,12,9987,30,10008,30,,,,
0,68500,ASH_COATED_OSMIUM,9997.0,0.0,9989,12,10005,12,9987,22,10008,22,,,,
0,68600,ASH_COATED_OSMIUM,9995.5,0.0,9986,27,10005,10,,,10007,27,,,,
0,68700,ASH_COATED_OSMIUM,10005.0,0.0,,,10005,11,,,,,,,,
0,68800,ASH_COATED_OSMIUM,9996.0,0.0,9988,13,10004,13,9986,30,10007,30,,,,
0,68900,ASH_COATED_OSMIUM,9996.0,0.0,9988,11,10004,11,9986,23,10007,23,,,,
0,69000,ASH_COATED_OSMIUM,9997.0,0.0,9989,12,10005,12,9986,27,10007,27,,,,
0,69100,ASH_COATED_OSMIUM,9997.0,0.0,9989,14,10005,14,9986,25,,,,,,
0,69200,ASH_COATED_OSMIUM,9997.0,0.0,9989,10,10005,10,9987,20,10008,20,,,,
0,69300,ASH_COATED_OSMIUM,9997.0,0.0,9989,11,10005,11,9987,23,10008,23,,,,
0,69400,ASH_COATED_OSMIUM,9991.5,0.0,9989,10,9994,8,,,10005,10,,,10007,22
0,69500,ASH_COATED_OSMIUM,9995.5,0.0,9986,30,10005,13,,,10007,30,,,,
0,69600,ASH_COATED_OSMIUM,9999.5,0.0,9994,3,10005,11,9989,11,10007,25,9986,25,,
0,69700,ASH_COATED_OSMIUM,9997.0,0.0,9989,14,10005,14,9987,24,10008,24,,,,
0,69800,ASH_COATED_OSMIUM,9989.0,0.0,9989,15,,,9987,22,,,,,,
0,69900,ASH_COATED_OSMIUM,9997.0,0.0,9989,13,10005,13,,,10008,24,,,,
0,70000,ASH_COATED_OSMIUM,9996.0,0.0,9987,28,10005,11,,,10008,28,,,,
0,70100,ASH_COATED_OSMIUM,9997.0,0.0,9989,12,10005,12,9987,27,,,,,,
0,70200,ASH_COATED_OSMIUM,9997.0,0.0,9989,10,10005,10,9987,28,,,,,,
0,70300,ASH_COATED_OSMIUM,9997.0,0.0,9989,14,10005,14,9987,24,10008,24,,,,
0,70400,ASH_COATED_OSMIUM,9997.0,0.0,9989,10,10005,10,9987,29,10008,29,,,,
0,70500,ASH_COATED_OSMIUM,9992.0,0.0,9989,13,9995,7,9987,21,10005,13,,,10008,21
0,70600,ASH_COATED_OSMIUM,9997.0,0.0,9989,10,10005,10,9987,22,,,,,,
0,70700,ASH_COATED_OSMIUM,9998.0,0.0,9990,12,10006,12,9987,27,10008,27,,,,
0,70800,ASH_COATED_OSMIUM,9989.0,0.0,9989,12,,,,,,,,,,
0,70900,ASH_COATED_OSMIUM,9997.0,0.0,9989,13,10005,13,9987,21,10008,21,,,,
0,71000,ASH_COATED_OSMIUM,9998.0,0.0,9990,14,10006,14,,,,,,,,
0,71100,ASH_COATED_OSMIUM,9998.0,0.0,9990,15,10006,15,,,10008,30,,,,
0,71200,ASH_COATED_OSMIUM,9998.0,0.0,9990,15,10006,15,9987,27,10008,27,,,,
0,71300,ASH_COATED_OSMIUM,9997.0,0.0,9989,11,10005,11,9987,28,10008,28,,,,
0,71400,ASH_COATED_OSMIUM,9996.5,0.0,9987,25,10006,12,,,10008,25,,,,
0,71500,ASH_COATED_OSMIUM,9998.0,0.0,9990,12,10006,12,9988,26,10009,26,,,,
0,71600,ASH_COATED_OSMIUM,9994.5,0.0,9990,15,9999,2,9987,29,10006,15,,,,
0,71700,ASH_COATED_OSMIUM,9998.0,0.0,9990,14,10006,14,9988,25,10009,25,,,,
0,71800,ASH_COATED_OSMIUM,10000.0,0.0,9991,13,10009,22,9988,22,,,,,,
0,71900,ASH_COATED_OSMIUM,9999.0,0.0,9991,13,10007,13,9988,28,10009,28,,,,
0,72000,ASH_COATED_OSMIUM,9998.0,0.0,9989,23,10007,14,,,,,,,,
0,72100,ASH_COATED_OSMIUM,9999.0,0.0,9991,14,10007,14,9989,24,10010,24,,,,
0,72200,ASH_COATED_OSMIUM,9999.0,0.0,9991,11,10007,11,9988,25,10009,25,,,,
0,72300,ASH_COATED_OSMIUM,9999.5,0.0,9989,22,10010,22,,,,,,,,
0,72400,ASH_COATED_OSMIUM,9999.0,0.0,9991,14,10007,14,9989,25,,,,,,
0,72500,ASH_COATED_OSMIUM,10000.0,0.0,9992,12,10008,12,9989,20,10010,20,,,,
0,72600,ASH_COATED_OSMIUM,10000.0,0.0,9992,11,10008,11,9989,28,10010,28,,,,
0,72700,ASH_COATED_OSMIUM,10000.0,0.0,9992,14,10008,14,9989,28,,,,,,
0,72800,ASH_COATED_OSMIUM,10000.0,0.0,9992,12,10008,12,,,10010,27,,,,
0,72900,ASH_COATED_OSMIUM,10000.0,0.0,9992,15,10008,15,,,,,,,,
0,73000,ASH_COATED_OSMIUM,10000.0,0.0,9992,13,10008,13,,,,,,,,
0,73100,ASH_COATED_OSMIUM,10001.0,0.0,9992,12,10010,27,,,,,,,,
0,73200,ASH_COATED_OSMIUM,10000.0,0.0,9992,12,10008,12,9989,23,10010,23,,,,
0,73300,ASH_COATED_OSMIUM,10008.0,0.0,,,10008,15,,,10011,23,,,,
0,73400,ASH_COATED_OSMIUM,9999.5,0.0,9990,30,10009,14,,,10011,30,,,,
0,73500,ASH_COATED_OSMIUM,10001.0,0.0,9993,12,10009,12,,,10012,24,,,,
0,73600,ASH_COATED_OSMIUM,10001.0,0.0,9993,10,10009,10,,,10012,30,,,,
0,73700,ASH_COATED_OSMIUM,10003.0,0.0,9994,12,10012,25,,,,,,,,
0,73800,ASH_COATED_OSMIUM,10002.0,0.0,9994,12,10010,12,9991,21,10012,21,,,,
0,73900,ASH_COATED_OSMIUM,10002.0,0.0,9994,12,10010,12,,,10012,27,,,,
0,74000,ASH_COATED_OSMIUM,10002.0,0.0,9994,11,10010,11,9991,27,10012,27,,,,
0,74100,ASH_COATED_OSMIUM,10010.0,0.0,,,10010,14,,,10013,23,,,,
0,74200,ASH_COATED_OSMIUM,10002.0,0.0,9994,14,10010,14,9991,30,10012,30,,,,
0,74300,ASH_COATED_OSMIUM,10003.0,0.0,9994,13,10012,26,,,,,,,,
0,74400,ASH_COATED_OSMIUM,10002.0,0.0,9994,14,10010,14,,,10012,21,,,,
0,74500,ASH_COATED_OSMIUM,10002.0,0.0,9994,12,10010,12,,,10012,24,,,,
0,74600,ASH_COATED_OSMIUM,10001.0,0.0,9992,27,10010,12,,,10013,27,,,,
0,74700,ASH_COATED_OSMIUM,10002.0,0.0,9994,15,10010,15,9991,26,10012,26,,,,
0,74800,ASH_COATED_OSMIUM,10000.5,0.0,9991,24,10010,14,,,10012,24,,,,
0,74900,ASH_COATED_OSMIUM,10002.0,0.0,9994,12,10010,12,9991,27,10012,27,,,,
0,75000,ASH_COATED_OSMIUM,10002.0,0.0,9994,10,10010,10,,,10013,21,,,,
0,75100,ASH_COATED_OSMIUM,10002.0,0.0,9994,13,10010,13,9991,26,10012,26,,,,
0,75200,ASH_COATED_OSMIUM,10002.0,0.0,9994,11,10010,11,9992,30,10013,30,,,,
0,75300,ASH_COATED_OSMIUM,10002.0,0.0,9994,10,10010,10,,,10013,26,,,,
0,75400,ASH_COATED_OSMIUM,10002.0,0.0,9994,13,10010,13,9992,25,10013,25,,,,
0,75500,ASH_COATED_OSMIUM,10002.0,0.0,9994,12,10010,12,9992,22,10013,22,,,,
0,75600,ASH_COATED_OSMIUM,10002.0,0.0,9994,10,10010,10,9991,23,10012,23,,,,
0,75700,ASH_COATED_OSMIUM,10001.5,0.0,9991,25,10012,25,,,,,,,,
0,75800,ASH_COATED_OSMIUM,10001.0,0.0,9993,10,10009,10,9991,26,10012,26,,,,
0,75900,ASH_COATED_OSMIUM,10004.0,0.0,9999,5,10009,10,9993,10,10012,22,9991,22,,
0,76000,ASH_COATED_OSMIUM,10009.0,0.0,,,10009,13,,,10011,30,,,,
0,76100,ASH_COATED_OSMIUM,9997.5,0.0,9993,12,10002,3,9990,28,10009,12,,,10011,28
0,76200,ASH_COATED_OSMIUM,10001.0,0.0,9993,13,10009,13,9991,28,10012,28,,,,
0,76300,ASH_COATED_OSMIUM,10002.5,0.0,9993,14,10012,21,9991,21,,,,,,
0,76400,ASH_COATED_OSMIUM,10001.0,0.0,9993,10,10009,10,9991,28,10012,28,,,,
0,76500,ASH_COATED_OSMIUM,10003.0,0.0,9994,13,10012,28,9991,28,,,,,,
0,76600,ASH_COATED_OSMIUM,10002.0,0.0,9994,15,10010,15,,,10012,29,,,,
0,76700,ASH_COATED_OSMIUM,10003.0,0.0,9995,11,10011,11,9992,30,10013,30,,,,
0,76800,ASH_COATED_OSMIUM,10001.5,0.0,9992,25,10011,10,,,10013,25,,,,
0,76900,ASH_COATED_OSMIUM,10003.0,0.0,9995,10,10011,10,9992,27,10013,27,,,,
0,77000,ASH_COATED_OSMIUM,10002.0,0.0,9994,13,10010,13,9992,28,10013,28,,,,
0,77100,ASH_COATED_OSMIUM,10002.5,0.0,9992,22,10013,22,,,,,,,,
0,77200,ASH_COATED_OSMIUM,10003.0,0.0,9995,13,10011,13,9992,30,10013,30,,,,
0,77300,ASH_COATED_OSMIUM,9995.0,0.0,9995,12,,,9992,25,,,,,,
0,77400,ASH_COATED_OSMIUM,10004.5,0.0,9995,10,10014,27,9993,27,,,,,,
0,77500,ASH_COATED_OSMIUM,10002.0,0.0,9993,23,10011,11,,,10014,23,,,,
0,77600,ASH_COATED_OSMIUM,10003.0,0.0,9995,15,10011,15,9993,30,,,,,,
0,77700,ASH_COATED_OSMIUM,10003.0,0.0,9995,10,10011,10,9993,30,,,,,,
0,77800,ASH_COATED_OSMIUM,10003.0,0.0,9995,11,10011,11,9992,29,10013,29,,,,
0,77900,ASH_COATED_OSMIUM,10011.0,0.0,,,10011,15,,,10013,24,,,,
0,78000,ASH_COATED_OSMIUM,10010.0,0.0,,,10010,14,,,10013,21,,,,
0,78100,ASH_COATED_OSMIUM,10006.5,0.0,10003,9,10010,13,9991,24,10012,24,,,,
0,78200,ASH_COATED_OSMIUM,10006.0,0.0,10003,9,10009,15,9993,15,10012,24,9991,24,,
0,78300,ASH_COATED_OSMIUM,10002.0,0.0,9994,13,10010,13,9991,25,,,,,,
0,78400,ASH_COATED_OSMIUM,10002.0,0.0,9994,13,10010,13,,,10012,25,,,,
0,78500,ASH_COATED_OSMIUM,10000.5,0.0,9991,23,10010,15,,,10012,23,,,,
0,78600,ASH_COATED_OSMIUM,10003.0,0.0,9994,10,10012,23,9991,23,,,,,,
0,78700,ASH_COATED_OSMIUM,10000.0,0.0,9991,25,10009,11,,,10012,25,,,,
0,78800,ASH_COATED_OSMIUM,9991.0,0.0,9991,29,,,,,,,,,,
0,78900,ASH_COATED_OSMIUM,10002.0,0.0,9994,14,10010,14,,,10012,25,,,,
0,79000,ASH_COATED_OSMIUM,10001.0,0.0,9992,21,10010,13,,,10013,21,,,,
0,79100,ASH_COATED_OSMIUM,10002.0,0.0,9994,14,10010,14,,,10013,20,,,,
0,79200,ASH_COATED_OSMIUM,10001.0,0.0,9992,24,10010,14,,,10013,24,,,,
0,79300,ASH_COATED_OSMIUM,10002.5,0.0,9992,20,10013,20,,,,,,,,
0,79400,ASH_COATED_OSMIUM,9997.0,0.0,9994,10,10000,10,,,10010,10,,,,
0,79500,ASH_COATED_OSMIUM,10010.0,0.0,,,10010,10,,,,,,,,
0,79600,ASH_COATED_OSMIUM,10000.5,0.0,9991,23,10010,14,,,,,,,,
0,79700,ASH_COATED_OSMIUM,9998.0,0.0,9992,25,10004,2,,,10010,13,,,10013,25
0,79800,ASH_COATED_OSMIUM,10001.5,0.0,9991,25,10012,25,,,,,,,,
0,79900,ASH_COATED_OSMIUM,10002.0,0.0,9994,15,10010,15,,,,,,,,
0,80000,ASH_COATED_OSMIUM,10002.0,0.0,9994,12,10010,12,9991,24,10012,24,,,,
0,80100,ASH_COATED_OSMIUM,10000.5,0.0,9991,21,10010,14,,,10012,21,,,,
0,80200,ASH_COATED_OSMIUM,10002.0,0.0,9994,10,10010,10,9991,22,10012,22,,,,
0,80300,ASH_COATED_OSMIUM,10002.0,0.0,9994,13,10010,13,9992,20,10013,20,,,,
0,80400,ASH_COATED_OSMIUM,10001.0,0.0,9992,23,10010,10,,,10013,23,,,,
0,80500,ASH_COATED_OSMIUM,9998.0,0.0,9992,21,10004,5,,,10010,10,,,,
0,80600,ASH_COATED_OSMIUM,10002.0,0.0,9994,15,10010,15,9992,30,10013,30,,,,
0,80700,ASH_COATED_OSMIUM,10002.0,0.0,9994,13,10010,13,9992,22,10013,22,,,,
0,80800,ASH_COATED_OSMIUM,10003.0,0.0,9994,15,10012,22,,,,,,,,
0,80900,ASH_COATED_OSMIUM,10001.0,0.0,9993,10,10009,10,9991,27,10012,27,,,,
0,81000,ASH_COATED_OSMIUM,10002.0,0.0,9993,14,10011,30,9990,30,,,,,,
0,81100,ASH_COATED_OSMIUM,9999.5,0.0,9990,22,10009,15,,,,,,,,
0,81200,ASH_COATED_OSMIUM,10000.0,0.0,9992,13,10008,13,,,10011,28,,,,
0,81300,ASH_COATED_OSMIUM,10000.0,0.0,9992,12,10008,12,9989,28,10010,28,,,,
0,81400,ASH_COATED_OSMIUM,10000.0,0.0,9992,15,10008,15,9989,21,10010,21,,,,
0,81500,ASH_COATED_OSMIUM,10001.0,0.0,9992,14,10010,22,9989,22,,,,,,
0,81600,ASH_COATED_OSMIUM,10000.0,0.0,9992,10,10008,10,9989,28,10010,28,,,,
0,81700,ASH_COATED_OSMIUM,9999.0,0.0,9991,10,10007,10,,,10010,24,,,,
0,81800,ASH_COATED_OSMIUM,10007.0,0.0,,,10007,14,,,10010,21,,,,
0,81900,ASH_COATED_OSMIUM,10000.5,0.0,9991,12,10010,28,9989,28,,,,,,
0,82000,ASH_COATED_OSMIUM,9999.0,0.0,9991,13,10007,13,9988,24,10009,24,,,,
0,82100,ASH_COATED_OSMIUM,9997.5,0.0,9988,26,10007,14,,,10009,26,,,,
0,82200,ASH_COATED_OSMIUM,9998.0,0.0,9990,11,10006,11,9988,30,10009,30,,,,
0,82300,ASH_COATED_OSMIUM,9997.5,0.0,9988,30,10007,11,,,10009,30,,,,
0,82400,ASH_COATED_OSMIUM,10009.0,0.0,,,10009,21,,,,,,,,
0,82500,ASH_COATED_OSMIUM,9999.0,0.0,9991,13,10007,13,9988,23,10009,23,,,,
0,82600,ASH_COATED_OSMIUM,9999.0,0.0,9991,10,10007,10,9988,29,,,,,,
0,82700,ASH_COATED_OSMIUM,10003.0,0.0,10000,10,10006,15,9988,29,,,,,,
0,82800,ASH_COATED_OSMIUM,9997.0,0.0,9988,21,10006,11,,,10009,21,,,,
0,82900,ASH_COATED_OSMIUM,10006.0,0.0,,,10006,15,,,10009,20,,,,
0,83000,ASH_COATED_OSMIUM,9998.0,0.0,9990,10,10006,10,9988,28,10009,28,,,,
0,83100,ASH_COATED_OSMIUM,9996.5,0.0,9987,26,10006,15,,,10008,26,,,,
0,83200,ASH_COATED_OSMIUM,9997.0,0.0,9989,10,10005,10,,,10008,29,,,,
0,83300,ASH_COATED_OSMIUM,9997.0,0.0,9989,15,10005,15,9987,22,10008,22,,,,
0,83400,ASH_COATED_OSMIUM,9997.0,0.0,9989,13,10005,13,9987,24,,,,,,
0,83500,ASH_COATED_OSMIUM,9997.0,0.0,9989,14,10005,14,,,10007,30,,,,
0,83600,ASH_COATED_OSMIUM,9997.0,0.0,9989,12,10005,12,9987,24,10008,24,,,,
0,83700,ASH_COATED_OSMIUM,9997.0,0.0,9989,14,10005,14,9986,26,10007,26,,,,
0,83800,ASH_COATED_OSMIUM,9997.0,0.0,9989,11,10005,11,9987,22,10007,22,,,,
0,83900,ASH_COATED_OSMIUM,9996.0,0.0,9988,13,10004,13,9986,25,10007,25,,,,
0,84000,ASH_COATED_OSMIUM,9996.0,0.0,9988,11,10004,11,,,10007,20,,,,
0,84100,ASH_COATED_OSMIUM,9999.5,0.0,9994,3,10005,11,9989,11,10007,28,9986,28,,
0,84200,ASH_COATED_OSMIUM,9997.0,0.0,9989,15,10005,15,9986,29,10007,29,,,,
0,84300,ASH_COATED_OSMIUM,9997.0,0.0,9989,15,10005,15,9987,20,10008,20,,,,
0,84400,ASH_COATED_OSMIUM,9997.0,0.0,9989,13,10005,13,9987,26,10008,26,,,,
0,84500,ASH_COATED_OSMIUM,9996.0,0.0,9987,23,10005,11,,,10008,23,,,,
0,84600,ASH_COATED_OSMIUM,9997.0,0.0,9989,11,10005,11,9987,30,10008,30,,,,
0,84700,ASH_COATED_OSMIUM,9996.0,0.0,9987,23,10005,14,,,10008,23,,,,
0,84800,ASH_COATED_OSMIUM,9992.0,0.0,9989,13,9995,10,9987,26,10008,26,,,,
0,84900,ASH_COATED_OSMIUM,9997.0,0.0,9989,13,10005,13,9986,22,10007,22,,,,
0,85000,ASH_COATED_OSMIUM,9997.0,0.0,9989,15,10005,15,9987,23,10007,23,,,,
0,85100,ASH_COATED_OSMIUM,9997.0,0.0,9989,15,10005,15,9986,30,10007,30,,,,
0,85200,ASH_COATED_OSMIUM,9996.5,0.0,9986,21,10007,21,,,,,,,,
0,85300,ASH_COATED_OSMIUM,9999.5,0.0,9994,4,10005,15,9989,15,,,,,,
0,85400,ASH_COATED_OSMIUM,9996.0,0.0,9988,14,10004,14,9986,21,10007,21,,,,
0,85500,ASH_COATED_OSMIUM,9996.0,0.0,9988,10,10004,10,9986,20,10007,20,,,,
0,85600,ASH_COATED_OSMIUM,9997.0,0.0,9989,13,10005,13,,,,,,,,
0,85700,ASH_COATED_OSMIUM,9997.0,0.0,9989,14,10005,14,9987,28,10008,28,,,,
0,85800,ASH_COATED_OSMIUM,9997.0,0.0,9989,13,10005,13,9987,23,10008,23,,,,
0,85900,ASH_COATED_OSMIUM,9998.0,0.0,9989,11,10007,22,9986,22,,,,,,
0,86000,ASH_COATED_OSMIUM,9998.5,0.0,9989,13,10008,22,9987,22,,,,,,
0,86100,ASH_COATED_OSMIUM,9997.0,0.0,9989,11,10005,11,9987,26,10008,26,,,,
0,86200,ASH_COATED_OSMIUM,9998.0,0.0,9989,15,10007,27,9986,27,,,,,,
0,86300,ASH_COATED_OSMIUM,9996.0,0.0,9987,30,10005,14,,,10008,30,,,,
0,86400,ASH_COATED_OSMIUM,9996.5,0.0,9987,23,10006,12,,,10008,23,,,,
0,86500,ASH_COATED_OSMIUM,9998.0,0.0,9990,12,10006,12,9988,21,10009,21,,,,
0,86600,ASH_COATED_OSMIUM,9999.0,0.0,9991,13,10007,13,9988,30,10009,30,,,,
0,86700,ASH_COATED_OSMIUM,10000.0,0.0,9991,11,10009,28,9988,28,,,,,,
0,86800,ASH_COATED_OSMIUM,9999.0,0.0,9991,13,10007,13,9988,30,10009,30,,,,
0,86900,ASH_COATED_OSMIUM,9998.0,0.0,9990,14,10006,14,,,10009,28,,,,
0,87000,ASH_COATED_OSMIUM,9998.0,0.0,9990,12,10006,12,9988,26,10009,26,,,,
0,87100,ASH_COATED_OSMIUM,9997.5,0.0,9988,27,10007,11,,,10009,27,,,,
0,87200,ASH_COATED_OSMIUM,9997.5,0.0,9988,23,10007,10,,,10009,23,,,,
0,87300,ASH_COATED_OSMIUM,9998.0,0.0,9990,14,10006,14,9988,27,10009,27,,,,
0,87400,ASH_COATED_OSMIUM,9993.0,0.0,9990,14,9996,7,9988,29,10009,29,,,,
0,87500,ASH_COATED_OSMIUM,10009.0,0.0,,,10009,21,,,,,,,,
0,87600,ASH_COATED_OSMIUM,9990.0,0.0,9990,12,,,9988,29,,,,,,
0,87700,ASH_COATED_OSMIUM,9994.0,0.0,9988,23,10000,4,,,10009,23,,,,
0,87800,ASH_COATED_OSMIUM,10009.0,0.0,,,10009,29,,,,,,,,
0,87900,ASH_COATED_OSMIUM,10000.0,0.0,9992,15,10008,15,9989,21,,,,,,
0,88000,ASH_COATED_OSMIUM,10000.0,0.0,9992,15,10008,15,9989,26,10010,26,,,,
0,88100,ASH_COATED_OSMIUM,10000.0,0.0,9992,15,10008,15,9990,28,10011,28,,,,
0,88200,ASH_COATED_OSMIUM,10008.0,0.0,,,10008,12,,,,,,,,
0,88300,ASH_COATED_OSMIUM,10001.0,0.0,9993,14,10009,14,9990,29,10011,29,,,,
0,88400,ASH_COATED_OSMIUM,10001.0,0.0,9993,13,10009,13,9990,23,10011,23,,,,
0,88500,ASH_COATED_OSMIUM,10001.0,0.0,9993,10,10009,10,,,10011,22,,,,
0,88600,ASH_COATED_OSMIUM,10009.0,0.0,,,10009,15,,,10011,30,,,,
0,88700,ASH_COATED_OSMIUM,10001.0,0.0,9993,12,10009,12,9990,25,10011,25,,,,
0,88800,ASH_COATED_OSMIUM,10001.0,0.0,9993,11,10009,11,9991,27,10012,27,,,,
0,88900,ASH_COATED_OSMIUM,10002.0,0.0,9994,13,10010,13,,,10012,26,,,,
0,89000,ASH_COATED_OSMIUM,10001.0,0.0,9993,15,10009,15,,,10012,22,,,,
0,89100,ASH_COATED_OSMIUM,10000.0,0.0,9991,21,10009,14,,,,,,,,
0,89200,ASH_COATED_OSMIUM,10001.0,0.0,9993,10,10009,10,9991,24,10012,24,,,,
0,89300,ASH_COATED_OSMIUM,10006.5,0.0,10003,4,10010,11,9994,11,10012,26,9991,26,,
0,89400,ASH_COATED_OSMIUM,10002.0,0.0,9994,14,10010,14,9992,30,,,,,,
0,89500,ASH_COATED_OSMIUM,10002.0,0.0,9994,12,10010,12,9992,30,10013,30,,,,
0,89600,ASH_COATED_OSMIUM,10003.5,0.0,9994,13,10013,23,9992,23,,,,,,
0,89700,ASH_COATED_OSMIUM,10003.0,0.0,9995,10,10011,10,,,10013,21,,,,
0,89800,ASH_COATED_OSMIUM,10005.0,0.0,10000,4,10010,15,9994,15,10013,27,,,,
0,89900,ASH_COATED_OSMIUM,10002.0,0.0,9994,10,10010,10,9992,28,10013,28,,,,
0,90000,ASH_COATED_OSMIUM,10003.0,0.0,9995,14,10011,14,9992,22,10013,22,,,,
0,90100,ASH_COATED_OSMIUM,10003.0,0.0,9995,13,10011,13,9993,21,10014,21,,,,
0,90200,ASH_COATED_OSMIUM,10003.0,0.0,9995,13,10011,13,9993,24,10014,24,,,,
0,90300,ASH_COATED_OSMIUM,10004.0,0.0,9996,13,10012,13,9993,28,10014,28,,,,
0,90400,ASH_COATED_OSMIUM,10002.0,0.0,9993,26,10011,13,,,10014,26,,,,
0,90500,ASH_COATED_OSMIUM,10004.0,0.0,9996,12,10012,12,9993,27,10014,27,,,,
0,90600,ASH_COATED_OSMIUM,10003.0,0.0,9995,13,10011,13,9993,21,10014,21,,,,
0,90700,ASH_COATED_OSMIUM,10003.0,0.0,9995,13,10011,13,9993,20,10014,20,,,,
0,90800,ASH_COATED_OSMIUM,10004.5,0.0,9995,13,10014,25,9993,25,,,,,,
0,90900,ASH_COATED_OSMIUM,9995.0,0.0,9995,11,,,9992,22,,,,,,
0,91000,ASH_COATED_OSMIUM,10001.0,0.0,9992,30,10010,15,,,10013,30,,,,
0,91100,ASH_COATED_OSMIUM,10002.0,0.0,9994,11,10010,11,9992,26,10013,26,,,,
0,91200,ASH_COATED_OSMIUM,10001.0,0.0,9992,20,10010,12,,,10013,20,,,,
0,91300,ASH_COATED_OSMIUM,10002.0,0.0,9994,11,10010,11,9992,22,,,,,,
0,91400,ASH_COATED_OSMIUM,10002.0,0.0,9994,11,10010,11,9992,24,10013,24,,,,
0,91500,ASH_COATED_OSMIUM,10000.5,0.0,9991,26,10010,11,,,10012,26,,,,
0,91600,ASH_COATED_OSMIUM,9994.0,0.0,9994,12,,,,,,,,,,
0,91700,ASH_COATED_OSMIUM,10002.0,0.0,9994,10,10010,10,9992,26,10013,26,,,,
0,91800,ASH_COATED_OSMIUM,10003.5,0.0,9994,11,10013,20,9992,20,,,,,,
0,91900,ASH_COATED_OSMIUM,10005.5,0.0,10000,5,10011,13,9995,13,,,,,,
0,92000,ASH_COATED_OSMIUM,10003.0,0.0,9995,10,10011,10,9992,23,10013,23,,,,
0,92100,ASH_COATED_OSMIUM,10005.0,0.0,10000,5,10010,13,9994,13,10013,29,9992,29,,
0,92200,ASH_COATED_OSMIUM,10002.5,0.0,9992,29,10013,29,,,,,,,,
0,92300,ASH_COATED_OSMIUM,10002.0,0.0,9994,11,10010,11,,,,,,,,
0,92400,ASH_COATED_OSMIUM,10002.0,0.0,9994,11,10010,11,,,10013,21,,,,
0,92500,ASH_COATED_OSMIUM,10002.0,0.0,9994,12,10010,12,9992,27,10013,27,,,,
0,92600,ASH_COATED_OSMIUM,10002.0,0.0,9994,14,10010,14,9992,27,10013,27,,,,
0,92700,ASH_COATED_OSMIUM,10002.0,0.0,9994,13,10010,13,9992,25,10013,25,,,,
0,92800,ASH_COATED_OSMIUM,10002.0,0.0,9994,10,10010,10,,,10013,29,,,,
0,92900,ASH_COATED_OSMIUM,10002.0,0.0,9994,14,10010,14,9992,28,10013,28,,,,
0,93000,ASH_COATED_OSMIUM,10002.0,0.0,9994,13,10010,13,9992,23,,,,,,
0,93100,ASH_COATED_OSMIUM,10002.0,0.0,9994,10,10010,10,9992,25,10013,25,,,,
0,93200,ASH_COATED_OSMIUM,10001.0,0.0,9992,23,10010,11,,,10013,23,,,,
0,93300,ASH_COATED_OSMIUM,10002.0,0.0,9994,11,10010,11,,,10013,23,,,,
0,93400,ASH_COATED_OSMIUM,10003.0,0.0,9994,14,10012,23,9991,23,,,,,,
0,93500,ASH_COATED_OSMIUM,10001.0,0.0,9993,14,10009,14,9990,28,10011,28,,,,
0,93600,ASH_COATED_OSMIUM,9999.5,0.0,9990,29,10009,10,,,10011,29,,,,
0,93700,ASH_COATED_OSMIUM,10001.0,0.0,9993,11,10009,11,9991,29,10012,29,,,,
0,93800,ASH_COATED_OSMIUM,10001.0,0.0,9993,11,10009,11,9991,20,10012,20,,,,
0,93900,ASH_COATED_OSMIUM,10009.0,0.0,,,10009,12,,,10012,27,,,,
0,94000,ASH_COATED_OSMIUM,9998.5,0.0,9994,11,10003,4,9991,22,,,,,,
0,94100,ASH_COATED_OSMIUM,10002.0,0.0,9994,10,10010,10,9991,30,10012,30,,,,
0,94200,ASH_COATED_OSMIUM,10003.5,0.0,9994,14,10013,28,9992,28,,,,,,
0,94300,ASH_COATED_OSMIUM,10001.5,0.0,9991,29,10012,29,,,,,,,,
0,94400,ASH_COATED_OSMIUM,10001.0,0.0,9993,15,10009,15,9991,22,10012,22,,,,
0,94500,ASH_COATED_OSMIUM,10002.5,0.0,9993,10,10012,21,,,,,,,,
0,94600,ASH_COATED_OSMIUM,10000.5,0.0,9990,28,10011,28,,,,,,,,
0,94700,ASH_COATED_OSMIUM,9993.0,0.0,9993,15,,,9990,20,,,,,,
0,94800,ASH_COATED_OSMIUM,10001.0,0.0,9993,11,10009,11,9990,22,10011,22,,,,
0,94900,ASH_COATED_OSMIUM,10001.0,0.0,9993,13,10009,13,9990,26,,,,,,
0,95000,ASH_COATED_OSMIUM,10001.0,0.0,9993,15,10009,15,9990,29,10011,29,,,,
0,95100,ASH_COATED_OSMIUM,9999.5,0.0,9990,20,10009,15,,,10011,20,,,,
0,95200,ASH_COATED_OSMIUM,10000.5,0.0,9990,29,10011,29,,,,,,,,
0,95300,ASH_COATED_OSMIUM,10008.0,0.0,,,10008,13,,,10011,26,,,,
0,95400,ASH_COATED_OSMIUM,9992.0,0.0,9992,15,,,,,,,,,,
0,95500,ASH_COATED_OSMIUM,10001.0,0.0,9993,11,10009,11,9990,21,,,,,,
0,95600,ASH_COATED_OSMIUM,10001.0,0.0,9993,12,10009,12,9990,21,10011,21,,,,
0,95700,ASH_COATED_OSMIUM,10002.0,0.0,9993,11,10011,27,9990,27,,,,,,
0,95800,ASH_COATED_OSMIUM,10002.0,0.0,,,10002,4,,,10008,12,,,10011,21
0,95900,ASH_COATED_OSMIUM,9997.0,0.0,9992,14,10002,4,9990,22,10008,14,,,,
0,96000,ASH_COATED_OSMIUM,10011.0,0.0,,,10011,20,,,,,,,,
0,96100,ASH_COATED_OSMIUM,10000.0,0.0,9992,14,10008,14,9990,26,10011,26,,,,
0,96200,ASH_COATED_OSMIUM,10000.0,0.0,9992,15,10008,15,9990,20,,,,,,
0,96300,ASH_COATED_OSMIUM,10000.0,0.0,9992,11,10008,11,9990,23,10011,23,,,,
0,96400,ASH_COATED_OSMIUM,10000.0,0.0,9992,12,10008,12,9989,25,10010,25,,,,
0,96500,ASH_COATED_OSMIUM,9998.0,0.0,9989,25,10007,11,,,10010,25,,,,
0,96600,ASH_COATED_OSMIUM,9999.0,0.0,9991,10,10007,10,9989,24,10010,24,,,,
0,96700,ASH_COATED_OSMIUM,10008.0,0.0,,,10008,11,,,,,,,,
0,96800,ASH_COATED_OSMIUM,10000.0,0.0,9992,14,10008,14,9989,28,10010,28,,,,
0,96900,ASH_COATED_OSMIUM,9999.0,0.0,9991,12,10007,12,9989,22,,,,,,
0,97000,ASH_COATED_OSMIUM,9999.0,0.0,9991,10,10007,10,9989,24,,,,,,
0,97100,ASH_COATED_OSMIUM,10001.0,0.0,9992,11,10010,29,,,,,,,,
0,97200,ASH_COATED_OSMIUM,9998.5,0.0,9989,20,10008,11,,,10010,20,,,,
0,97300,ASH_COATED_OSMIUM,10000.0,0.0,9992,15,10008,15,9990,21,10011,21,,,,
0,97400,ASH_COATED_OSMIUM,10000.0,0.0,9992,14,10008,14,9990,30,,,,,,
0,97500,ASH_COATED_OSMIUM,10000.0,0.0,9992,10,10008,10,9990,24,10011,24,,,,
0,97600,ASH_COATED_OSMIUM,9997.0,0.0,9992,15,10002,4,9990,25,10008,15,,,10011,25
0,97700,ASH_COATED_OSMIUM,10010.0,0.0,,,10010,27,,,,,,,,
0,97800,ASH_COATED_OSMIUM,10006.5,0.0,10002,10,10011,26,9992,10,,,9990,26,,
0,97900,ASH_COATED_OSMIUM,9999.0,0.0,9990,23,10008,15,,,10011,23,,,,
0,98000,ASH_COATED_OSMIUM,9999.0,0.0,9990,25,10008,11,,,10011,25,,,,
0,98100,ASH_COATED_OSMIUM,10000.0,0.0,9992,14,10008,14,9990,30,,,,,,
0,98200,ASH_COATED_OSMIUM,10002.0,0.0,10002,7,,,,,,,,,,
0,98300,ASH_COATED_OSMIUM,10000.0,0.0,9992,14,10008,14,9990,21,10011,21,,,,
0,98400,ASH_COATED_OSMIUM,10003.5,0.0,9998,2,10009,10,9993,10,10011,27,9990,27,,
0,98500,ASH_COATED_OSMIUM,10002.5,0.0,9993,15,10012,30,9991,30,,,,,,
0,98600,ASH_COATED_OSMIUM,10001.0,0.0,9993,12,10009,12,9990,24,10011,24,,,,
0,98700,ASH_COATED_OSMIUM,10000.0,0.0,9991,25,10009,14,,,,,,,,
0,98800,ASH_COATED_OSMIUM,10002.0,0.0,9994,14,10010,14,9991,23,10012,23,,,,
0,98900,ASH_COATED_OSMIUM,10001.0,0.0,9993,13,10009,13,,,10012,24,,,,
0,99000,ASH_COATED_OSMIUM,9994.0,0.0,9994,15,,,,,,,,,,
0,99100,ASH_COATED_OSMIUM,10001.5,0.0,9991,22,10012,22,,,,,,,,
0,99200,ASH_COATED_OSMIUM,10002.0,0.0,9994,11,10010,11,9992,26,10013,26,,,,
0,99300,ASH_COATED_OSMIUM,10003.0,0.0,9995,11,10011,11,9992,21,10013,21,,,,
0,99400,ASH_COATED_OSMIUM,10001.0,0.0,9992,29,10010,12,,,10013,29,,,,
0,99500,ASH_COATED_OSMIUM,10003.0,0.0,9995,10,10011,10,9992,20,10013,20,,,,
0,99600,ASH_COATED_OSMIUM,10003.0,0.0,9995,14,10011,14,,,10013,28,,,,
0,99700,ASH_COATED_OSMIUM,10003.0,0.0,9995,11,10011,11,9992,26,10013,26,,,,
0,99800,ASH_COATED_OSMIUM,10003.0,0.0,9995,13,10011,13,9992,25,10013,25,,,,
0,99900,ASH_COATED_OSMIUM,10003.0,0.0,9995,10,10011,10,9992,27,10013,27,,,,
0,0,INTARIAN_PEPPER_ROOT,11998.5,0.0,11991,20,12006,11,,,12009,20,,,,
0,100,INTARIAN_PEPPER_ROOT,12002.0,-5.900390625,11994,12,12010,20,11991,20,,,,,,
0,200,INTARIAN_PEPPER_ROOT,11999.0,-5.7998046875,11991,21,12007,10,,,12010,21,,,,
0,300,INTARIAN_PEPPER_ROOT,12000.5,-5.7001953125,11994,11,12007,11,11991,18,,,,,,
0,400,INTARIAN_PEPPER_ROOT,12007.0,-5.599609375,,,12007,9,,,12010,23,,,,
0,500,INTARIAN_PEPPER_ROOT,12000.5,-5.5,11994,10,12007,10,11991,17,12010,17,,,,
0,600,INTARIAN_PEPPER_ROOT,12000.5,-5.400390625,11994,12,12007,12,11991,17,,,,,,
0,700,INTARIAN_PEPPER_ROOT,12000.5,-5.2998046875,11994,12,12007,12,11991,15,12010,15,,,,
0,800,INTARIAN_PEPPER_ROOT,12010.0,-5.2001953125,,,12010,20,,,,,,,,
0,900,INTARIAN_PEPPER_ROOT,12000.5,-5.099609375,11994,11,12007,11,11991,22,12010,22,,,,
0,1000,INTARIAN_PEPPER_ROOT,12000.5,-5.0,11994,12,12007,12,11991,15,12010,15,,,,
0,1100,INTARIAN_PEPPER_ROOT,11995.0,-4.900390625,11995,8,,,11992,25,,,,,,
0,1200,INTARIAN_PEPPER_ROOT,12003.0,-4.7998046875,11995,9,12011,15,11992,15,,,,,,
0,1300,INTARIAN_PEPPER_ROOT,12001.5,-14.400390625,11995,11,12008,11,,,12011,20,,,,
0,1400,INTARIAN_PEPPER_ROOT,12001.5,-14.19921875,11995,10,12008,10,11992,17,,,,,,
0,1500,INTARIAN_PEPPER_ROOT,12003.0,-14.0,11995,9,12011,25,11992,25,,,,,,
0,1600,INTARIAN_PEPPER_ROOT,12003.0,-13.80078125,11995,8,12011,18,11992,18,,,,,,
0,1700,INTARIAN_PEPPER_ROOT,11995.0,-22.8984375,11995,8,,,11992,24,,,,,,
0,1800,INTARIAN_PEPPER_ROOT,12001.5,-22.6015625,11995,10,12008,10,11992,18,12011,18,,,,
0,1900,INTARIAN_PEPPER_ROOT,12001.5,-29.19921875,11995,8,12008,8,11992,24,12011,24,,,,
0,2000,INTARIAN_PEPPER_ROOT,12002.0,-29.0,11995,8,12009,8,11992,16,12012,16,,,,
0,2100,INTARIAN_PEPPER_ROOT,11996.0,-35.703125,11996,9,,,11993,21,,,,,,
0,2200,INTARIAN_PEPPER_ROOT,12002.5,-35.3984375,11996,8,12009,8,,,12012,22,,,,
0,2300,INTARIAN_PEPPER_ROOT,12002.5,-41.400390625,11996,10,12009,10,11993,24,12012,24,,,,
0,2400,INTARIAN_PEPPER_ROOT,12002.5,-41.19921875,11996,9,12009,9,11993,23,12012,23,,,,
0,2500,INTARIAN_PEPPER_ROOT,12001.0,-47.5,11993,23,12009,9,,,12012,23,,,,
0,2600,INTARIAN_PEPPER_ROOT,12001.0,-56.80078125,11993,23,12009,9,,,,,,,,
0,2700,INTARIAN_PEPPER_ROOT,12002.5,-56.599609375,11996,10,12009,10,11993,19,,,,,,
0,2800,INTARIAN_PEPPER_ROOT,12004.0,-56.400390625,11996,9,12012,17,11993,17,,,,,,
0,2900,INTARIAN_PEPPER_ROOT,12002.5,-65.296875,11996,11,12009,11,,,12012,19,,,,
0,3000,INTARIAN_PEPPER_ROOT,12003.0,-72.0,11996,12,12010,12,11993,21,12013,21,,,,
0,3100,INTARIAN_PEPPER_ROOT,12002.0,-71.80078125,11994,21,12010,9,,,12013,21,,,,
0,3200,INTARIAN_PEPPER_ROOT,12003.5,-71.599609375,11997,10,12010,10,,,12013,20,,,,
0,3300,INTARIAN_PEPPER_ROOT,12005.0,-78.1015625,11997,9,12013,18,11994,18,,,,,,
0,3400,INTARIAN_PEPPER_ROOT,12003.5,-84.19921875,11997,11,12010,11,11994,23,12013,23,,,,
0,3500,INTARIAN_PEPPER_ROOT,12005.0,-84.0,11997,11,12013,15,,,,,,,,
0,3600,INTARIAN_PEPPER_ROOT,12003.5,-83.80078125,11997,8,12010,8,11994,16,,,,,,
0,3700,INTARIAN_PEPPER_ROOT,12005.0,-89.8984375,11997,8,12013,18,,,,,,,,
0,3800,INTARIAN_PEPPER_ROOT,12003.5,-96.400390625,11997,10,12010,10,,,,,,,,
0,3900,INTARIAN_PEPPER_ROOT,12005.0,-96.19921875,11997,8,12013,25,11994,25,,,,,,
0,4000,INTARIAN_PEPPER_ROOT,12004.0,-96.0,11997,10,12011,10,11994,20,12014,20,,,,
0,4100,INTARIAN_PEPPER_ROOT,12004.5,-102.703125,11998,8,12011,8,11995,15,12014,15,,,,
0,4200,INTARIAN_PEPPER_ROOT,12003.0,-108.599609375,11995,17,12011,9,,,,,,,,
0,4300,INTARIAN_PEPPER_ROOT,12004.5,-108.400390625,11995,16,12014,16,,,,,,,,
0,4400,INTARIAN_PEPPER_ROOT,12006.0,-108.19921875,11998,9,12014,20,11995,20,,,,,,
0,4500,INTARIAN_PEPPER_ROOT,12006.0,-117.5,11998,11,12014,16,11995,16,,,,,,
0,4600,INTARIAN_PEPPER_ROOT,12004.5,-123.80078125,11998,12,12011,12,11995,20,12014,20,,,,
0,4700,INTARIAN_PEPPER_ROOT,12006.0,-123.599609375,11998,10,12014,15,11995,15,,,,,,
0,4800,INTARIAN_PEPPER_ROOT,12011.0,-123.400390625,,,12011,11,,,12014,23,,,,
0,4900,INTARIAN_PEPPER_ROOT,12004.5,-123.19921875,11998,12,12011,12,11995,18,,,,,,
0,5000,INTARIAN_PEPPER_ROOT,12005.0,-123.0,11998,8,12012,8,11995,17,12015,17,,,,
0,5100,INTARIAN_PEPPER_ROOT,12005.5,-122.80078125,11999,9,12012,9,11996,24,12015,24,,,,
0,5200,INTARIAN_PEPPER_ROOT,12005.5,-122.599609375,11999,9,12012,9,11996,18,12015,18,,,,
0,5300,INTARIAN_PEPPER_ROOT,12007.0,-122.400390625,11999,12,12015,25,11996,25,,,,,,
0,5400,INTARIAN_PEPPER_ROOT,12007.0,-122.19921875,11999,10,12015,25,11996,25,,,,,,
0,5500,INTARIAN_PEPPER_ROOT,12007.0,-122.0,11999,12,12015,25,11996,25,,,,,,
0,5600,INTARIAN_PEPPER_ROOT,12005.5,-121.80078125,11999,8,12012,8,,,12015,23,,,,
0,5700,INTARIAN_PEPPER_ROOT,12005.5,-121.599609375,11996,23,12015,23,,,,,,,,
0,5800,INTARIAN_PEPPER_ROOT,12007.0,-121.400390625,11999,8,12015,18,11996,18,,,,,,
0,5900,INTARIAN_PEPPER_ROOT,12005.5,-121.19921875,11999,11,12012,11,11996,22,,,,,,
0,6000,INTARIAN_PEPPER_ROOT,12006.0,-121.0,11999,12,12013,12,11996,24,12016,24,,,,
0,6100,INTARIAN_PEPPER_ROOT,12011.0,-120.80078125,12009,3,12013,11,12000,11,,,11997,24,,
0,6200,INTARIAN_PEPPER_ROOT,12006.5,-120.599609375,12000,10,12013,10,11997,15,12016,15,,,,
0,6300,INTARIAN_PEPPER_ROOT,12006.5,-120.400390625,12000,12,12013,12,11997,16,12016,16,,,,
0,6400,INTARIAN_PEPPER_ROOT,12006.5,-120.19921875,12000,8,12013,8,11997,21,12016,21,,,,
0,6500,INTARIAN_PEPPER_ROOT,12006.5,-120.0,12000,10,12013,10,,,12016,17,,,,
0,6600,INTARIAN_PEPPER_ROOT,12006.5,-119.80078125,12000,11,12013,11,11997,23,12016,23,,,,
0,6700,INTARIAN_PEPPER_ROOT,12006.5,-119.599609375,12000,10,12013,10,11997,19,,,,,,
0,6800,INTARIAN_PEPPER_ROOT,12006.5,-119.400390625,12000,8,12013,8,11997,20,,,,,,
0,6900,INTARIAN_PEPPER_ROOT,12006.5,-119.19921875,12000,8,12013,8,11997,20,12016,20,,,,
0,7000,INTARIAN_PEPPER_ROOT,12007.0,-119.0,12000,10,12014,10,11997,23,12017,23,,,,
0,7100,INTARIAN_PEPPER_ROOT,12007.5,-118.80078125,12001,12,12014,12,11998,23,12017,23,,,,
0,7200,INTARIAN_PEPPER_ROOT,12009.0,-118.599609375,12001,11,12017,22,11998,22,,,,,,
0,7300,INTARIAN_PEPPER_ROOT,12007.5,-118.400390625,12001,12,12014,12,11998,16,12017,16,,,,
0,7400,INTARIAN_PEPPER_ROOT,12007.5,-118.19921875,12001,8,12014,8,11998,17,12017,17,,,,
0,7500,INTARIAN_PEPPER_ROOT,12007.5,-118.0,12001,10,12014,10,11998,21,,,,,,
0,7600,INTARIAN_PEPPER_ROOT,12017.0,-117.80078125,,,12017,17,,,,,,,,
0,7700,INTARIAN_PEPPER_ROOT,12007.5,-117.599609375,12001,10,12014,10,11998,23,12017,23,,,,
0,7800,INTARIAN_PEPPER_ROOT,12007.5,-117.400390625,12001,9,12014,9,11998,18,12017,18,,,,
0,7900,INTARIAN_PEPPER_ROOT,12007.5,-117.19921875,12001,8,12014,8,11998,15,12017,15,,,,
0,8000,INTARIAN_PEPPER_ROOT,12009.5,-117.0,12001,10,12018,20,11998,20,,,,,,
0,8100,INTARIAN_PEPPER_ROOT,12008.5,-116.80078125,12002,8,12015,8,11999,15,,,,,,
0,8200,INTARIAN_PEPPER_ROOT,12007.0,-116.599609375,11999,25,12015,12,,,12018,25,,,,
0,8300,INTARIAN_PEPPER_ROOT,12008.5,-116.400390625,12002,10,12015,10,11999,22,12018,22,,,,
0,8400,INTARIAN_PEPPER_ROOT,12010.0,-116.19921875,12005,8,12015,10,12002,10,12018,21,11999,21,,
0,8500,INTARIAN_PEPPER_ROOT,12008.5,-116.0,12002,9,12015,9,11999,24,12018,24,,,,
0,8600,INTARIAN_PEPPER_ROOT,12008.5,-115.80078125,12002,11,12015,11,11999,18,12018,18,,,,
0,8700,INTARIAN_PEPPER_ROOT,12008.5,-115.599609375,12002,12,12015,12,11999,23,,,,,,
0,8800,INTARIAN_PEPPER_ROOT,12008.5,-115.400390625,12002,8,12015,8,11999,16,12018,16,,,,
0,8900,INTARIAN_PEPPER_ROOT,12010.0,-115.19921875,12002,12,12018,25,11999,25,,,,,,
0,9000,INTARIAN_PEPPER_ROOT,12007.5,-115.0,11999,21,12016,8,,,12019,21,,,,
0,9100,INTARIAN_PEPPER_ROOT,12016.0,-114.80078125,,,12016,8,,,12019,17,,,,
0,9200,INTARIAN_PEPPER_ROOT,12009.5,-114.599609375,12003,11,12016,11,12000,24,12019,24,,,,
0,9300,INTARIAN_PEPPER_ROOT,12008.0,-114.400390625,12000,18,12016,9,,,12019,18,,,,
0,9400,INTARIAN_PEPPER_ROOT,12014.5,-114.19921875,12013,8,12016,11,12003,11,12019,18,12000,18,,
0,9500,INTARIAN_PEPPER_ROOT,12011.0,-114.0,12003,9,12019,24,,,,,,,,
0,9600,INTARIAN_PEPPER_ROOT,12009.5,-113.80078125,12003,10,12016,10,12000,21,12019,21,,,,
0,9700,INTARIAN_PEPPER_ROOT,12009.5,-113.599609375,12003,12,12016,12,12000,18,12019,18,,,,
0,9800,INTARIAN_PEPPER_ROOT,12009.5,-113.400390625,12003,9,12016,9,12000,15,12019,15,,,,
0,9900,INTARIAN_PEPPER_ROOT,12009.5,-113.19921875,12003,11,12016,11,12000,25,12019,25,,,,
0,10000,INTARIAN_PEPPER_ROOT,12010.0,-113.0,12003,11,12017,11,12000,19,12020,19,,,,
0,10100,INTARIAN_PEPPER_ROOT,12009.0,-112.80078125,12001,15,12017,10,,,12020,15,,,,
0,10200,INTARIAN_PEPPER_ROOT,12010.5,-112.599609375,12004,12,12017,12,,,12020,25,,,,
0,10300,INTARIAN_PEPPER_ROOT,12010.5,-112.400390625,12004,9,12017,9,12001,19,12020,19,,,,
0,10400,INTARIAN_PEPPER_ROOT,12010.5,-112.19921875,12004,9,12017,9,12001,20,12020,20,,,,
0,10500,INTARIAN_PEPPER_ROOT,12010.5,-112.0,12004,9,12017,9,12001,21,,,,,,
0,10600,INTARIAN_PEPPER_ROOT,12010.5,-111.80078125,12004,11,12017,11,12001,18,12020,18,,,,
0,10700,INTARIAN_PEPPER_ROOT,12010.5,-117.8984375,12004,10,12017,10,12001,22,12020,22,,,,
0,10800,INTARIAN_PEPPER_ROOT,12010.5,-124.400390625,12004,12,12017,12,12001,22,12020,22,,,,
0,10900,INTARIAN_PEPPER_ROOT,12012.5,-124.19921875,12008,7,12017,9,12001,25,12020,25,,,,
0,11000,INTARIAN_PEPPER_ROOT,12011.0,-124.0,12004,10,12018,10,12001,19,,,,,,
0,11100,INTARIAN_PEPPER_ROOT,12011.5,-123.80078125,12005,8,12018,8,12002,19,12021,19,,,,
0,11200,INTARIAN_PEPPER_ROOT,12010.0,-123.599609375,12002,23,12018,9,,,12021,23,,,,
0,11300,INTARIAN_PEPPER_ROOT,12011.5,-123.400390625,12005,9,12018,9,12002,18,12021,18,,,,
0,11400,INTARIAN_PEPPER_ROOT,12011.5,-123.19921875,12005,10,12018,10,12002,23,12021,23,,,,
0,11500,INTARIAN_PEPPER_ROOT,12010.0,-129.5,12002,24,12018,11,,,12021,24,,,,
0,11600,INTARIAN_PEPPER_ROOT,12011.5,-138.80078125,12005,12,12018,12,12002,15,12021,15,,,,
0,11700,INTARIAN_PEPPER_ROOT,12013.0,-138.599609375,12005,11,12021,18,12002,18,,,,,,
0,11800,INTARIAN_PEPPER_ROOT,12011.5,-138.400390625,12005,11,12018,11,,,12021,17,,,,
0,11900,INTARIAN_PEPPER_ROOT,12011.5,-138.19921875,12005,8,12018,8,12002,23,12021,23,,,,
0,12000,INTARIAN_PEPPER_ROOT,12012.0,-138.0,12005,9,12019,9,,,12022,25,,,,
0,12100,INTARIAN_PEPPER_ROOT,12012.5,-137.80078125,12006,10,12019,10,12003,20,,,,,,
0,12200,INTARIAN_PEPPER_ROOT,12011.0,-137.599609375,12003,17,12019,12,,,12022,17,,,,
0,12300,INTARIAN_PEPPER_ROOT,12019.0,-144.1015625,,,12019,9,,,12022,21,,,,
0,12400,INTARIAN_PEPPER_ROOT,12011.0,-143.796875,12003,15,12019,8,,,12022,15,,,,
0,12500,INTARIAN_PEPPER_ROOT,12014.0,-153.0,12006,12,12022,23,12003,23,,,,,,
0,12600,INTARIAN_PEPPER_ROOT,12011.0,-152.80078125,12003,23,12019,10,,,12022,23,,,,
0,12700,INTARIAN_PEPPER_ROOT,12012.5,-152.599609375,12006,8,12019,8,12003,21,,,,,,
0,12800,INTARIAN_PEPPER_ROOT,12003.0,-152.400390625,12003,22,,,,,,,,,,
0,12900,INTARIAN_PEPPER_ROOT,12012.5,-152.19921875,12006,12,12019,12,12003,23,12022,23,,,,
0,13000,INTARIAN_PEPPER_ROOT,12013.0,-152.0,12006,8,12020,8,12003,17,12023,17,,,,
0,13100,INTARIAN_PEPPER_ROOT,12012.0,-158.703125,12004,24,12020,12,,,,,,,,
0,13200,INTARIAN_PEPPER_ROOT,12013.5,-167.599609375,12007,9,12020,9,12004,21,12023,21,,,,
0,13300,INTARIAN_PEPPER_ROOT,12012.0,-167.400390625,12004,15,12020,8,,,12023,15,,,,
0,13400,INTARIAN_PEPPER_ROOT,12013.5,-167.19921875,12007,8,12020,8,12004,20,12023,20,,,,
0,13500,INTARIAN_PEPPER_ROOT,12013.5,-167.0,12007,9,12020,9,12004,16,12023,16,,,,
0,13600,INTARIAN_PEPPER_ROOT,12013.5,-166.80078125,12007,9,12020,9,12004,21,12023,21,,,,
0,13700,INTARIAN_PEPPER_ROOT,12013.5,-166.599609375,12007,8,12020,8,12004,22,12023,22,,,,
0,13800,INTARIAN_PEPPER_ROOT,12015.0,-166.400390625,12007,11,12023,19,12004,19,,,,,,
0,13900,INTARIAN_PEPPER_ROOT,12013.5,-175.296875,12007,8,12020,8,12004,15,12023,15,,,,
0,14000,INTARIAN_PEPPER_ROOT,12014.0,-182.0,12007,12,12021,12,,,12024,17,,,,
0,14100,INTARIAN_PEPPER_ROOT,12014.5,-181.80078125,12008,11,12021,11,12005,17,12024,17,,,,
0,14200,INTARIAN_PEPPER_ROOT,12014.5,-181.599609375,12008,9,12021,9,12005,24,12024,24,,,,
0,14300,INTARIAN_PEPPER_ROOT,12019.0,-181.400390625,12017,6,12021,12,12008,12,12024,25,,,,
0,14400,INTARIAN_PEPPER_ROOT,12014.5,-181.19921875,12008,8,12021,8,12005,23,12024,23,,,,
0,14500,INTARIAN_PEPPER_ROOT,12005.0,-181.0,12005,25,,,,,,,,,,
0,14600,INTARIAN_PEPPER_ROOT,12014.5,-180.80078125,12005,23,12024,23,,,,,,,,
0,14700,INTARIAN_PEPPER_ROOT,12014.5,-189.8984375,12008,8,12021,8,,,12024,16,,,,
0,14800,INTARIAN_PEPPER_ROOT,12021.0,-196.400390625,,,12021,9,,,12024,21,,,,
0,14900,INTARIAN_PEPPER_ROOT,12014.5,-196.19921875,12008,9,12021,9,12005,21,12024,21,,,,
0,15000,INTARIAN_PEPPER_ROOT,12008.0,-196.0,12008,9,,,12005,25,,,,,,
0,15100,INTARIAN_PEPPER_ROOT,12014.0,-195.80078125,12006,21,12022,9,,,12025,21,,,,
0,15200,INTARIAN_PEPPER_ROOT,12015.5,-195.599609375,12009,9,12022,9,12006,22,12025,22,,,,
0,15300,INTARIAN_PEPPER_ROOT,12015.5,-195.400390625,12009,9,12022,9,12006,17,12025,17,,,,
0,15400,INTARIAN_PEPPER_ROOT,12015.5,-195.19921875,12009,11,12022,11,12006,18,,,,,,
0,15500,INTARIAN_PEPPER_ROOT,12015.5,-201.5,12009,8,12022,8,12006,21,12025,21,,,,
0,15600,INTARIAN_PEPPER_ROOT,12015.5,-207.80078125,12009,10,12022,10,12006,21,12025,21,,,,
0,15700,INTARIAN_PEPPER_ROOT,12017.0,-207.599609375,12009,10,12025,17,12006,17,,,,,,
0,15800,INTARIAN_PEPPER_ROOT,12017.5,-207.400390625,12013,7,12022,8,12009,8,12025,25,12006,25,,
0,15900,INTARIAN_PEPPER_ROOT,12015.5,-207.19921875,12009,8,12022,8,12006,19,,,,,,
0,16000,INTARIAN_PEPPER_ROOT,12014.5,-207.0,12006,23,12023,8,,,12026,23,,,,
0,16100,INTARIAN_PEPPER_ROOT,12016.5,-206.80078125,12010,11,12023,11,,,12026,17,,,,
0,16200,INTARIAN_PEPPER_ROOT,12016.5,-206.599609375,12010,11,12023,11,,,12026,18,,,,
0,16300,INTARIAN_PEPPER_ROOT,12016.5,-213.1015625,12010,10,12023,10,12007,22,,,,,,
0,16400,INTARIAN_PEPPER_ROOT,12016.5,-219.19921875,12010,10,12023,10,12007,20,12026,20,,,,
0,16500,INTARIAN_PEPPER_ROOT,12018.0,-219.0,12010,8,12026,24,12007,24,,,,,,
0,16600,INTARIAN_PEPPER_ROOT,12016.5,-218.80078125,12010,10,12023,10,12007,22,12026,22,,,,
0,16700,INTARIAN_PEPPER_ROOT,12018.0,-218.599609375,12010,8,12026,22,12007,22,,,,,,
0,16800,INTARIAN_PEPPER_ROOT,12016.5,-218.400390625,12010,8,12023,8,12007,16,12026,16,,,,
0,16900,INTARIAN_PEPPER_ROOT,12016.5,-218.19921875,12010,11,12023,11,,,12026,18,,,,
0,17000,INTARIAN_PEPPER_ROOT,12018.5,-218.0,12010,8,12027,21,,,,,,,,
0,17100,INTARIAN_PEPPER_ROOT,12019.0,-227.703125,12011,10,12027,21,12008,21,,,,,,
0,17200,INTARIAN_PEPPER_ROOT,12017.5,-233.599609375,12011,10,12024,10,12008,17,,,,,,
0,17300,INTARIAN_PEPPER_ROOT,12017.5,-233.400390625,12011,11,12024,11,12008,24,12027,24,,,,
0,17400,INTARIAN_PEPPER_ROOT,12017.5,-233.19921875,12011,8,12024,8,12008,16,12027,16,,,,
0,17500,INTARIAN_PEPPER_ROOT,12017.5,-233.0,12011,12,12024,12,12008,16,12027,16,,,,
0,17600,INTARIAN_PEPPER_ROOT,12017.5,-232.80078125,12011,12,12024,12,,,,,,,,
0,17700,INTARIAN_PEPPER_ROOT,12011.0,-232.599609375,12011,9,,,12008,16,,,,,,
0,17800,INTARIAN_PEPPER_ROOT,12017.5,-232.400390625,12011,9,12024,9,12008,17,12027,17,,,,
0,17900,INTARIAN_PEPPER_ROOT,12017.5,-238.296875,12011,8,12024,8,12008,17,12027,17,,,,
0,18000,INTARIAN_PEPPER_ROOT,12011.0,-245.0,12011,8,,,12008,25,,,,,,
0,18100,INTARIAN_PEPPER_ROOT,12018.5,-244.80078125,12012,9,12025,9,,,12028,18,,,,
0,18200,INTARIAN_PEPPER_ROOT,12017.0,-244.599609375,12009,16,12025,9,,,12028,16,,,,
0,18300,INTARIAN_PEPPER_ROOT,12017.0,-244.400390625,12009,24,12025,12,,,12028,24,,,,
0,18400,INTARIAN_PEPPER_ROOT,12018.5,-244.19921875,12012,8,12025,8,12009,21,12028,21,,,,
0,18500,INTARIAN_PEPPER_ROOT,12018.5,-244.0,12012,9,12025,9,12009,18,12028,18,,,,
0,18600,INTARIAN_PEPPER_ROOT,12018.5,-243.80078125,12012,10,12025,10,12009,22,12028,22,,,,
0,18700,INTARIAN_PEPPER_ROOT,12016.5,-249.8984375,12012,9,12021,5,12009,19,12025,9,,,12028,19
0,18800,INTARIAN_PEPPER_ROOT,12018.5,-256.400390625,12012,10,12025,10,12009,19,12028,19,,,,
0,18900,INTARIAN_PEPPER_ROOT,12020.0,-256.19921875,12012,9,12028,25,12009,25,,,,,,
0,19000,INTARIAN_PEPPER_ROOT,12019.0,-256.0,12012,9,12026,9,12009,15,12029,15,,,,
0,19100,INTARIAN_PEPPER_ROOT,12019.5,-255.80078125,12013,8,12026,8,12010,17,12029,17,,,,
0,19200,INTARIAN_PEPPER_ROOT,12026.0,-255.599609375,,,12026,10,,,12029,19,,,,
0,19300,INTARIAN_PEPPER_ROOT,12014.0,-255.400390625,12013,8,12015,5,,,12026,8,,,12029,19
0,19400,INTARIAN_PEPPER_ROOT,12018.0,-255.19921875,12010,18,12026,11,,,12029,18,,,,
0,19500,INTARIAN_PEPPER_ROOT,12019.5,-261.5,12010,17,12029,17,,,,,,,,
0,19600,INTARIAN_PEPPER_ROOT,12019.5,-270.80078125,12013,10,12026,10,,,12029,15,,,,
0,19700,INTARIAN_PEPPER_ROOT,12021.0,-270.599609375,12013,11,12029,17,,,,,,,,
0,19800,INTARIAN_PEPPER_ROOT,12019.5,-270.400390625,12013,8,12026,8,12010,21,12029,21,,,,
0,19900,INTARIAN_PEPPER_ROOT,12019.5,-270.19921875,12013,10,12026,10,12010,20,12029,20,,,,
0,20000,INTARIAN_PEPPER_ROOT,12020.0,-270.0,12013,11,12027,11,12010,25,,,,,,
0,20100,INTARIAN_PEPPER_ROOT,12020.5,-269.80078125,12014,12,12027,12,,,12030,15,,,,
0,20200,INTARIAN_PEPPER_ROOT,12015.0,-269.599609375,12014,9,12016,5,12011,24,12027,9,,,12030,24
0,20300,INTARIAN_PEPPER_ROOT,12014.0,-265.1015625,12014,9,,,12011,17,,,,,,
0,20400,INTARIAN_PEPPER_ROOT,12019.0,-264.796875,12011,24,12027,10,,,12030,24,,,,
0,20500,INTARIAN_PEPPER_ROOT,12020.5,-274.0,12014,10,12027,10,,,12030,15,,,,
0,20600,INTARIAN_PEPPER_ROOT,12020.5,-273.80078125,12014,9,12027,9,12011,25,12030,25,,,,
0,20700,INTARIAN_PEPPER_ROOT,12022.0,-273.599609375,12014,11,12030,15,12011,15,,,,,,
0,20800,INTARIAN_PEPPER_ROOT,12019.0,-273.400390625,12011,24,12027,11,,,12030,24,,,,
0,20900,INTARIAN_PEPPER_ROOT,12020.5,-273.19921875,12014,10,12027,10,12011,25,12030,25,,,,
0,21000,INTARIAN_PEPPER_ROOT,12022.5,-273.0,12014,12,12031,19,12011,19,,,,,,
0,21100,INTARIAN_PEPPER_ROOT,12021.5,-282.703125,12015,9,12028,9,12012,15,12031,15,,,,
0,21200,INTARIAN_PEPPER_ROOT,12021.5,-288.599609375,12015,10,12028,10,12012,19,12031,19,,,,
0,21300,INTARIAN_PEPPER_ROOT,12015.0,-288.400390625,12015,8,,,12012,24,,,,,,
0,21400,INTARIAN_PEPPER_ROOT,12021.5,-288.19921875,12015,12,12028,12,12012,24,12031,24,,,,
0,21500,INTARIAN_PEPPER_ROOT,12021.5,-288.0,12015,11,12028,11,12012,25,12031,25,,,,
0,21600,INTARIAN_PEPPER_ROOT,12021.5,-287.80078125,12015,12,12028,12,12012,22,12031,22,,,,
0,21700,INTARIAN_PEPPER_ROOT,12023.0,-287.599609375,12015,12,12031,16,12012,16,,,,,,
0,21800,INTARIAN_PEPPER_ROOT,12021.5,-287.400390625,12015,10,12028,10,12012,16,12031,16,,,,
0,21900,INTARIAN_PEPPER_ROOT,12021.5,-293.296875,12015,8,12028,8,12012,15,12031,15,,,,
0,22000,INTARIAN_PEPPER_ROOT,12022.0,-300.0,12012,20,12032,20,,,,,,,,
0,22100,INTARIAN_PEPPER_ROOT,12022.5,-299.80078125,12016,9,12029,9,12013,23,,,,,,
0,22200,INTARIAN_PEPPER_ROOT,12022.5,-299.599609375,12016,11,12029,11,12013,21,12032,21,,,,
0,22300,INTARIAN_PEPPER_ROOT,12022.5,-299.400390625,12016,12,12029,12,12013,22,12032,22,,,,
0,22400,INTARIAN_PEPPER_ROOT,12022.5,-299.19921875,12016,11,12029,11,12013,25,12032,25,,,,
0,22500,INTARIAN_PEPPER_ROOT,12022.5,-299.0,12016,12,12029,12,12013,25,12032,25,,,,
0,22600,INTARIAN_PEPPER_ROOT,12022.5,-298.80078125,12016,8,12029,8,12013,19,12032,19,,,,
0,22700,INTARIAN_PEPPER_ROOT,12022.5,-304.8984375,12016,8,12029,8,12013,19,12032,19,,,,
0,22800,INTARIAN_PEPPER_ROOT,12021.0,-311.400390625,12013,23,12029,9,,,12032,23,,,,
0,22900,INTARIAN_PEPPER_ROOT,12022.5,-311.19921875,12016,11,12029,11,12013,25,,,,,,
0,23000,INTARIAN_PEPPER_ROOT,12023.0,-311.0,12016,12,12030,12,12013,23,12033,23,,,,
0,23100,INTARIAN_PEPPER_ROOT,12023.5,-310.80078125,12017,9,12030,9,12014,20,12033,20,,,,
0,23200,INTARIAN_PEPPER_ROOT,12030.0,-310.599609375,,,12030,12,,,,,,,,
0,23300,INTARIAN_PEPPER_ROOT,12023.5,-310.400390625,12017,9,12030,9,12014,25,12033,25,,,,
0,23400,INTARIAN_PEPPER_ROOT,12033.0,-310.19921875,,,12033,15,,,,,,,,
0,23500,INTARIAN_PEPPER_ROOT,12025.0,-310.0,12017,9,12033,15,12014,15,,,,,,
0,23600,INTARIAN_PEPPER_ROOT,12023.5,-316.400390625,12017,8,12030,8,12014,25,12033,25,,,,
0,23700,INTARIAN_PEPPER_ROOT,12017.0,-316.2998046875,12017,10,,,12014,20,,,,,,
0,23800,INTARIAN_PEPPER_ROOT,12023.5,-316.2001953125,12017,10,12030,10,12014,15,12033,15,,,,
0,23900,INTARIAN_PEPPER_ROOT,12023.5,-316.099609375,12017,8,12030,8,12014,23,12033,23,,,,
0,24000,INTARIAN_PEPPER_ROOT,12024.0,-316.0,12017,12,12031,12,12014,25,12034,25,,,,
0,24100,INTARIAN_PEPPER_ROOT,12024.5,-315.900390625,12018,9,12031,9,12015,25,12034,25,,,,
0,24200,INTARIAN_PEPPER_ROOT,12024.5,-315.7998046875,12018,8,12031,8,12015,23,12034,23,,,,
0,24300,INTARIAN_PEPPER_ROOT,12023.0,-322.400390625,12015,21,12031,11,,,,,,,,
0,24400,INTARIAN_PEPPER_ROOT,12024.5,-331.599609375,12018,11,12031,11,12015,19,12034,19,,,,
0,24500,INTARIAN_PEPPER_ROOT,12024.5,-331.5,12018,11,12031,11,12015,23,12034,23,,,,
0,24600,INTARIAN_PEPPER_ROOT,12024.5,-331.400390625,12018,11,12031,11,12015,21,12034,21,,,,
0,24700,INTARIAN_PEPPER_ROOT,12026.5,-331.2998046875,12022,12,12031,11,12018,11,12034,20,12015,20,,
0,24800,INTARIAN_PEPPER_ROOT,12024.5,-331.2001953125,12018,8,12031,8,,,12034,25,,,,
0,24900,INTARIAN_PEPPER_ROOT,12024.5,-331.099609375,12018,9,12031,9,12015,23,12034,23,,,,
0,25000,INTARIAN_PEPPER_ROOT,12025.0,-331.0,12018,9,12032,9,12015,25,12035,25,,,,
0,25100,INTARIAN_PEPPER_ROOT,12025.5,-337.80078125,12019,10,12032,10,12016,18,,,,,,
0,25200,INTARIAN_PEPPER_ROOT,12027.0,-343.7998046875,12019,10,12035,18,12016,18,,,,,,
0,25300,INTARIAN_PEPPER_ROOT,12025.5,-343.7001953125,12019,12,12032,12,,,12035,15,,,,
0,25400,INTARIAN_PEPPER_ROOT,12027.0,-343.599609375,12019,8,12035,18,12016,18,,,,,,
0,25500,INTARIAN_PEPPER_ROOT,12025.5,-343.5,12019,12,12032,12,12016,22,12035,22,,,,
0,25600,INTARIAN_PEPPER_ROOT,12025.5,-343.400390625,12019,10,12032,10,12016,19,12035,19,,,,
0,25700,INTARIAN_PEPPER_ROOT,12025.5,-343.2998046875,12019,12,12032,12,12016,22,12035,22,,,,
0,25800,INTARIAN_PEPPER_ROOT,12025.5,-343.2001953125,12019,9,12032,9,,,12035,20,,,,
0,25900,INTARIAN_PEPPER_ROOT,12025.5,-349.19921875,12019,11,12032,11,12016,18,12035,18,,,,
0,26000,INTARIAN_PEPPER_ROOT,12026.0,-356.0,12019,11,12033,11,12016,24,,,,,,
0,26100,INTARIAN_PEPPER_ROOT,12033.0,-355.900390625,,,12033,9,,,12036,22,,,,
0,26200,INTARIAN_PEPPER_ROOT,12026.5,-355.7998046875,12020,11,12033,11,12017,16,12036,16,,,,
0,26300,INTARIAN_PEPPER_ROOT,12026.5,-355.7001953125,12020,10,12033,10,12017,17,12036,17,,,,
0,26400,INTARIAN_PEPPER_ROOT,12026.5,-355.599609375,12020,9,12033,9,12017,17,12036,17,,,,
0,26500,INTARIAN_PEPPER_ROOT,12026.5,-355.5,12020,8,12033,8,,,12036,23,,,,
0,26600,INTARIAN_PEPPER_ROOT,12026.5,-355.400390625,12020,12,12033,12,12017,18,12036,18,,,,
0,26700,INTARIAN_PEPPER_ROOT,12028.0,-361.599609375,12020,12,12036,23,,,,,,,,
0,26800,INTARIAN_PEPPER_ROOT,12026.5,-368.2001953125,12020,10,12033,10,12017,21,,,,,,
0,26900,INTARIAN_PEPPER_ROOT,12026.5,-368.099609375,12020,8,12033,8,12017,25,12036,25,,,,
0,27000,INTARIAN_PEPPER_ROOT,12034.0,-368.0,,,12034,12,,,12037,18,,,,
0,27100,INTARIAN_PEPPER_ROOT,12027.5,-367.900390625,12021,12,12034,12,12018,25,12037,25,,,,
0,27200,INTARIAN_PEPPER_ROOT,12018.0,-367.7998046875,12018,22,,,,,,,,,,
0,27300,INTARIAN_PEPPER_ROOT,12026.0,-367.7001953125,12018,20,12034,9,,,,,,,,
0,27400,INTARIAN_PEPPER_ROOT,12027.5,-367.599609375,12021,11,12034,11,12018,19,12037,19,,,,
0,27500,INTARIAN_PEPPER_ROOT,12027.5,-374.0,12021,9,12034,9,,,12037,19,,,,
0,27600,INTARIAN_PEPPER_ROOT,12029.0,-380.400390625,12021,11,12037,20,12018,20,,,,,,
0,27700,INTARIAN_PEPPER_ROOT,12025.5,-380.2998046875,12021,10,12030,5,12018,18,12034,10,,,12037,18
0,27800,INTARIAN_PEPPER_ROOT,12027.5,-380.2001953125,12021,9,12034,9,12018,25,12037,25,,,,
0,27900,INTARIAN_PEPPER_ROOT,12026.0,-380.099609375,12018,22,12034,8,,,12037,22,,,,
0,28000,INTARIAN_PEPPER_ROOT,12028.0,-380.0,12021,8,12035,8,12018,25,,,,,,
0,28100,INTARIAN_PEPPER_ROOT,12028.5,-379.900390625,12022,10,12035,10,,,12038,20,,,,
0,28200,INTARIAN_PEPPER_ROOT,12030.0,-379.7998046875,12022,8,12038,19,,,,,,,,
0,28300,INTARIAN_PEPPER_ROOT,12028.5,-389.400390625,12022,9,12035,9,,,,,,,,
0,28400,INTARIAN_PEPPER_ROOT,12027.0,-395.599609375,12019,16,12035,8,,,12038,16,,,,
0,28500,INTARIAN_PEPPER_ROOT,12028.5,-395.5,12022,12,12035,12,12019,25,12038,25,,,,
0,28600,INTARIAN_PEPPER_ROOT,12027.0,-395.400390625,12019,20,12035,12,,,,,,,,
0,28700,INTARIAN_PEPPER_ROOT,12028.5,-395.2998046875,12022,9,12035,9,,,12038,19,,,,
0,28800,INTARIAN_PEPPER_ROOT,12028.5,-395.2001953125,12022,10,12035,10,12019,15,12038,15,,,,
0,28900,INTARIAN_PEPPER_ROOT,12030.0,-395.099609375,12022,9,12038,23,12019,23,,,,,,
0,29000,INTARIAN_PEPPER_ROOT,12029.0,-395.0,12022,10,12036,10,12019,18,12039,18,,,,
0,29100,INTARIAN_PEPPER_ROOT,12036.0,-401.80078125,,,12036,10,,,12039,20,,,,
0,29200,INTARIAN_PEPPER_ROOT,12028.0,-401.599609375,12020,24,12036,10,,,,,,,,
0,29300,INTARIAN_PEPPER_ROOT,12024.0,-401.400390625,12023,10,12025,4,12020,24,12036,10,,,12039,24
0,29400,INTARIAN_PEPPER_ROOT,12029.5,-401.19921875,12023,8,12036,8,,,,,,,,
0,29500,INTARIAN_PEPPER_ROOT,12029.5,-401.0,12023,12,12036,12,12020,15,12039,15,,,,
0,29600,INTARIAN_PEPPER_ROOT,12029.5,-400.80078125,12023,12,12036,12,,,12039,21,,,,
0,29700,INTARIAN_PEPPER_ROOT,12029.5,-400.599609375,12023,12,12036,12,12020,21,12039,21,,,,
0,29800,INTARIAN_PEPPER_ROOT,12029.5,-400.400390625,12023,9,12036,9,,,12039,16,,,,
0,29900,INTARIAN_PEPPER_ROOT,12029.5,-406.296875,12023,12,12036,12,12020,16,,,,,,
0,30000,INTARIAN_PEPPER_ROOT,12031.5,-413.0,12023,11,12040,20,,,,,,,,
0,30100,INTARIAN_PEPPER_ROOT,12030.5,-412.80078125,12024,12,12037,12,12021,25,,,,,,
0,30200,INTARIAN_PEPPER_ROOT,12021.0,-412.599609375,12021,17,,,,,,,,,,
0,30300,INTARIAN_PEPPER_ROOT,12030.5,-412.400390625,12024,8,12037,8,12021,22,12040,22,,,,
0,30400,INTARIAN_PEPPER_ROOT,12032.0,-412.19921875,12024,10,12040,16,12021,16,,,,,,
0,30500,INTARIAN_PEPPER_ROOT,12024.0,-412.0,12024,8,,,12021,18,,,,,,
0,30600,INTARIAN_PEPPER_ROOT,12030.5,-411.80078125,12024,12,12037,12,12021,25,12040,25,,,,
0,30700,INTARIAN_PEPPER_ROOT,12030.5,-417.8984375,12024,9,12037,9,12021,24,12040,24,,,,
0,30800,INTARIAN_PEPPER_ROOT,12030.5,-424.400390625,12024,10,12037,10,12021,23,12040,23,,,,
0,30900,INTARIAN_PEPPER_ROOT,12029.0,-424.19921875,12021,23,12037,8,,,12040,23,,,,
0,31000,INTARIAN_PEPPER_ROOT,12032.5,-424.0,12024,10,12041,18,12021,18,,,,,,
0,31100,INTARIAN_PEPPER_ROOT,0.0,-423.80078125,,,,,,,,,,,,
0,31200,INTARIAN_PEPPER_ROOT,12033.0,-423.599609375,12025,11,12041,18,,,,,,,,
0,31300,INTARIAN_PEPPER_ROOT,12022.0,-423.400390625,12022,22,,,,,,,,,,
0,31400,INTARIAN_PEPPER_ROOT,12031.5,-423.19921875,12025,10,12038,10,12022,20,12041,20,,,,
0,31500,INTARIAN_PEPPER_ROOT,12031.5,-429.5,12025,12,12038,12,12022,15,,,,,,
0,31600,INTARIAN_PEPPER_ROOT,12030.0,-435.80078125,12022,16,12038,8,,,12041,16,,,,
0,31700,INTARIAN_PEPPER_ROOT,12036.5,-435.599609375,12035,4,12038,12,12025,12,12041,21,,,,
0,31800,INTARIAN_PEPPER_ROOT,12031.5,-435.400390625,12025,12,12038,12,,,12041,19,,,,
0,31900,INTARIAN_PEPPER_ROOT,12031.5,-435.19921875,12025,11,12038,11,12022,19,,,,,,
0,32000,INTARIAN_PEPPER_ROOT,12032.0,-435.0,12025,11,12039,11,12022,20,12042,20,,,,
0,32100,INTARIAN_PEPPER_ROOT,12032.5,-434.80078125,12026,8,12039,8,,,,,,,,
0,32200,INTARIAN_PEPPER_ROOT,12032.5,-434.599609375,12026,9,12039,9,12023,24,12042,24,,,,
0,32300,INTARIAN_PEPPER_ROOT,12034.0,-441.1015625,12026,9,12042,21,12023,21,,,,,,
0,32400,INTARIAN_PEPPER_ROOT,12039.0,-447.19921875,,,12039,12,,,,,,,,
0,32500,INTARIAN_PEPPER_ROOT,12031.0,-447.0,12023,17,12039,12,,,12042,17,,,,
0,32600,INTARIAN_PEPPER_ROOT,12037.5,-446.80078125,12036,5,12039,10,12026,10,12042,20,,,,
0,32700,INTARIAN_PEPPER_ROOT,12034.0,-446.599609375,12026,11,12042,23,12023,23,,,,,,
0,32800,INTARIAN_PEPPER_ROOT,12032.5,-446.400390625,12026,10,12039,10,12023,20,12042,20,,,,
0,32900,INTARIAN_PEPPER_ROOT,12031.0,-446.19921875,12023,19,12039,11,,,12042,19,,,,
0,33000,INTARIAN_PEPPER_ROOT,12034.5,-446.0,12026,10,12043,19,,,,,,,,
0,33100,INTARIAN_PEPPER_ROOT,12033.5,-455.703125,12027,11,12040,11,12024,24,12043,24,,,,
0,33200,INTARIAN_PEPPER_ROOT,12033.5,-461.599609375,12027,11,12040,11,12024,19,12043,19,,,,
0,33300,INTARIAN_PEPPER_ROOT,12033.5,-461.400390625,12027,10,12040,10,12024,15,,,,,,
0,33400,INTARIAN_PEPPER_ROOT,12033.5,-461.19921875,12027,9,12040,9,12024,19,12043,19,,,,
0,33500,INTARIAN_PEPPER_ROOT,12033.5,-461.0,12027,10,12040,10,12024,24,,,,,,
0,33600,INTARIAN_PEPPER_ROOT,12033.5,-460.80078125,12027,11,12040,11,12024,22,12043,22,,,,
0,33700,INTARIAN_PEPPER_ROOT,12033.5,-460.599609375,12027,8,12040,8,12024,16,12043,16,,,,
0,33800,INTARIAN_PEPPER_ROOT,12033.5,-460.400390625,12027,11,12040,11,12024,25,,,,,,
0,33900,INTARIAN_PEPPER_ROOT,12027.0,-466.296875,12027,8,,,,,,,,,,
0,34000,INTARIAN_PEPPER_ROOT,12035.5,-466.0,12027,10,12044,25,12024,25,,,,,,
0,34100,INTARIAN_PEPPER_ROOT,12036.0,-472.80078125,12028,10,12044,15,12025,15,,,,,,
0,34200,INTARIAN_PEPPER_ROOT,12033.0,-472.599609375,12025,25,12041,12,,,12044,25,,,,
0,34300,INTARIAN_PEPPER_ROOT,12028.0,-472.400390625,12028,10,,,12025,15,,,,,,
0,34400,INTARIAN_PEPPER_ROOT,12034.5,-472.19921875,12028,10,12041,10,12025,21,12044,21,,,,
0,34500,INTARIAN_PEPPER_ROOT,12034.5,-472.0,12028,8,12041,8,,,12044,22,,,,
0,34600,INTARIAN_PEPPER_ROOT,12033.0,-471.80078125,12025,19,12041,12,,,12044,19,,,,
0,34700,INTARIAN_PEPPER_ROOT,12034.5,-477.8984375,12028,8,12041,8,,,12044,20,,,,
0,34800,INTARIAN_PEPPER_ROOT,12033.0,-484.400390625,12025,21,12041,10,,,12044,21,,,,
0,34900,INTARIAN_PEPPER_ROOT,12034.5,-484.19921875,12028,12,12041,12,12025,15,,,,,,
0,35000,INTARIAN_PEPPER_ROOT,12025.0,-484.0,12025,21,,,,,,,,,,
0,35100,INTARIAN_PEPPER_ROOT,12035.5,-483.80078125,12029,10,12042,10,12026,18,12045,18,,,,
0,35200,INTARIAN_PEPPER_ROOT,12035.5,-483.599609375,12029,11,12042,11,12026,24,12045,24,,,,
0,35300,INTARIAN_PEPPER_ROOT,12042.0,-483.400390625,,,12042,9,,,12045,16,,,,
0,35400,INTARIAN_PEPPER_ROOT,12035.5,-483.19921875,12029,8,12042,8,,,,,,,,
0,35500,INTARIAN_PEPPER_ROOT,12035.5,-489.5,12029,11,12042,11,12026,19,12045,19,,,,
0,35600,INTARIAN_PEPPER_ROOT,12037.0,-495.80078125,12029,8,12045,19,,,,,,,,
0,35700,INTARIAN_PEPPER_ROOT,12042.0,-495.599609375,,,12042,11,,,12045,17,,,,
0,35800,INTARIAN_PEPPER_ROOT,12034.0,-495.400390625,12026,23,12042,10,,,12045,23,,,,
0,35900,INTARIAN_PEPPER_ROOT,12035.5,-495.19921875,12029,10,12042,10,,,,,,,,
0,36000,INTARIAN_PEPPER_ROOT,12036.0,-495.0,12026,24,12046,24,,,,,,,,
0,36100,INTARIAN_PEPPER_ROOT,12038.0,-494.80078125,12030,9,12046,16,,,,,,,,
0,36200,INTARIAN_PEPPER_ROOT,12036.5,-494.599609375,12030,11,12043,11,12027,16,,,,,,
0,36300,INTARIAN_PEPPER_ROOT,12036.5,-501.1015625,12030,12,12043,12,12027,21,12046,21,,,,
0,36400,INTARIAN_PEPPER_ROOT,12038.0,-507.19921875,12030,8,12046,23,12027,23,,,,,,
0,36500,INTARIAN_PEPPER_ROOT,12038.0,-507.0,12030,9,12046,16,12027,16,,,,,,
0,36600,INTARIAN_PEPPER_ROOT,12036.5,-506.80078125,12027,20,12046,20,,,,,,,,
0,36700,INTARIAN_PEPPER_ROOT,12036.5,-506.599609375,12030,8,12043,8,12027,18,12046,18,,,,
0,36800,INTARIAN_PEPPER_ROOT,12036.5,-506.400390625,12030,9,12043,9,12027,18,12046,18,,,,
0,36900,INTARIAN_PEPPER_ROOT,12038.0,-506.19921875,12030,11,12046,15,12027,15,,,,,,
0,37000,INTARIAN_PEPPER_ROOT,12037.0,-506.0,12030,11,12044,11,12027,24,12047,24,,,,
0,37100,INTARIAN_PEPPER_ROOT,12037.5,-512.703125,12031,12,12044,12,12028,24,12047,24,,,,
0,37200,INTARIAN_PEPPER_ROOT,12039.0,-518.599609375,12031,8,12047,21,12028,21,,,,,,
0,37300,INTARIAN_PEPPER_ROOT,12036.0,-518.400390625,12028,19,12044,8,,,12047,19,,,,
0,37400,INTARIAN_PEPPER_ROOT,12037.5,-518.19921875,12031,10,12044,10,12028,21,12047,21,,,,
0,37500,INTARIAN_PEPPER_ROOT,12037.5,-518.0,12031,11,12044,11,12028,20,12047,20,,,,
0,37600,INTARIAN_PEPPER_ROOT,12036.0,-517.80078125,12028,22,12044,8,,,12047,22,,,,
0,37700,INTARIAN_PEPPER_ROOT,12037.5,-517.599609375,12031,8,12044,8,12028,24,12047,24,,,,
0,37800,INTARIAN_PEPPER_ROOT,12036.0,-517.400390625,12028,16,12044,9,,,12047,16,,,,
0,37900,INTARIAN_PEPPER_ROOT,12037.5,-523.296875,12031,11,12044,11,12028,24,12047,24,,,,
0,38000,INTARIAN_PEPPER_ROOT,12039.5,-530.0,12031,12,12048,16,12028,16,,,,,,
0,38100,INTARIAN_PEPPER_ROOT,12038.5,-529.80078125,12032,12,12045,12,12029,23,12048,23,,,,
0,38200,INTARIAN_PEPPER_ROOT,12040.0,-529.599609375,12032,9,12048,18,,,,,,,,
0,38300,INTARIAN_PEPPER_ROOT,12037.0,-529.400390625,12029,24,12045,10,,,12048,24,,,,
0,38400,INTARIAN_PEPPER_ROOT,12038.5,-529.19921875,12032,8,12045,8,,,12048,15,,,,
0,38500,INTARIAN_PEPPER_ROOT,12032.0,-529.0,12032,10,,,,,,,,,,
0,38600,INTARIAN_PEPPER_ROOT,12038.5,-528.80078125,12032,12,12045,12,,,12048,23,,,,
0,38700,INTARIAN_PEPPER_ROOT,12033.5,-534.8984375,12032,9,12035,8,12029,25,12048,25,,,,
0,38800,INTARIAN_PEPPER_ROOT,12040.0,-541.400390625,12032,8,12048,23,12029,23,,,,,,
0,38900,INTARIAN_PEPPER_ROOT,12038.5,-541.19921875,12032,8,12045,8,12029,18,12048,18,,,,
0,39000,INTARIAN_PEPPER_ROOT,12039.0,-541.0,12032,9,12046,9,12029,18,12049,18,,,,
0,39100,INTARIAN_PEPPER_ROOT,12039.5,-540.80078125,12033,10,12046,10,12030,15,12049,15,,,,
0,39200,INTARIAN_PEPPER_ROOT,12039.5,-540.599609375,12033,9,12046,9,12030,16,12049,16,,,,
0,39300,INTARIAN_PEPPER_ROOT,12049.0,-540.400390625,,,12049,23,,,,,,,,
0,39400,INTARIAN_PEPPER_ROOT,12041.0,-540.19921875,12033,9,12049,20,12030,20,,,,,,
0,39500,INTARIAN_PEPPER_ROOT,12039.5,-549.5,12033,8,12046,8,12030,24,12049,24,,,,
0,39600,INTARIAN_PEPPER_ROOT,12039.5,-555.80078125,12033,12,12046,12,12030,16,12049,16,,,,
0,39700,INTARIAN_PEPPER_ROOT,12041.0,-555.599609375,12033,10,12049,16,,,,,,,,
0,39800,INTARIAN_PEPPER_ROOT,12034.5,-555.400390625,12033,10,12036,4,12030,17,12046,10,,,12049,17
0,39900,INTARIAN_PEPPER_ROOT,12038.0,-555.19921875,12030,25,12046,9,,,12049,25,,,,
0,40000,INTARIAN_PEPPER_ROOT,12040.0,-555.0,12033,10,12047,10,12030,24,,,,,,
0,40100,INTARIAN_PEPPER_ROOT,12042.0,-554.80078125,12034,10,12050,23,12031,23,,,,,,
0,40200,INTARIAN_PEPPER_ROOT,12034.0,-554.599609375,12034,9,,,12031,18,,,,,,
0,40300,INTARIAN_PEPPER_ROOT,12040.5,-554.400390625,12034,11,12047,11,12031,20,12050,20,,,,
0,40400,INTARIAN_PEPPER_ROOT,12042.0,-560.599609375,12034,9,12050,15,,,,,,,,
0,40500,INTARIAN_PEPPER_ROOT,12034.0,-560.5,12034,9,,,12031,19,,,,,,
0,40600,INTARIAN_PEPPER_ROOT,12037.0,-560.400390625,12031,25,12043,12,,,12047,11,,,12050,25
0,40700,INTARIAN_PEPPER_ROOT,12040.5,-560.2998046875,12034,12,12047,12,12031,22,12050,22,,,,
0,40800,INTARIAN_PEPPER_ROOT,12040.5,-560.2001953125,12034,10,12047,10,12031,22,12050,22,,,,
0,40900,INTARIAN_PEPPER_ROOT,12040.5,-560.099609375,12034,9,12047,9,12031,25,12050,25,,,,
0,41000,INTARIAN_PEPPER_ROOT,12041.0,-560.0,12034,12,12048,12,12031,15,12051,15,,,,
0,41100,INTARIAN_PEPPER_ROOT,12041.5,-566.80078125,12035,11,12048,11,12032,17,12051,17,,,,
0,41200,INTARIAN_PEPPER_ROOT,12035.0,-572.7998046875,12035,9,,,12032,21,,,,,,
0,41300,INTARIAN_PEPPER_ROOT,12041.5,-572.7001953125,12035,10,12048,10,12032,17,12051,17,,,,
0,41400,INTARIAN_PEPPER_ROOT,12043.0,-572.599609375,12035,10,12051,20,12032,20,,,,,,
0,41500,INTARIAN_PEPPER_ROOT,12043.0,-572.5,12035,10,12051,25,,,,,,,,
0,41600,INTARIAN_PEPPER_ROOT,12043.0,-572.400390625,12035,8,12051,18,12032,18,,,,,,
0,41700,INTARIAN_PEPPER_ROOT,12041.5,-572.2998046875,12035,11,12048,11,12032,18,12051,18,,,,
0,41800,INTARIAN_PEPPER_ROOT,12041.5,-572.2001953125,12035,10,12048,10,,,12051,16,,,,
0,41900,INTARIAN_PEPPER_ROOT,12041.5,-578.19921875,12035,9,12048,9,,,12051,18,,,,
0,42000,INTARIAN_PEPPER_ROOT,12035.0,-585.0,12035,12,,,12032,24,,,,,,
0,42100,INTARIAN_PEPPER_ROOT,12042.5,-584.900390625,12036,9,12049,9,12033,18,,,,,,
0,42200,INTARIAN_PEPPER_ROOT,12041.0,-584.7998046875,12033,24,12049,10,,,12052,24,,,,
0,42300,INTARIAN_PEPPER_ROOT,12042.5,-584.7001953125,12036,10,12049,10,,,12052,19,,,,
0,42400,INTARIAN_PEPPER_ROOT,12036.0,-584.599609375,12036,11,,,12033,21,,,,,,
0,42500,INTARIAN_PEPPER_ROOT,12042.5,-584.5,12036,10,12049,10,12033,23,,,,,,
0,42600,INTARIAN_PEPPER_ROOT,12042.5,-584.400390625,12036,10,12049,10,12033,19,,,,,,
0,42700,INTARIAN_PEPPER_ROOT,12042.5,-590.599609375,12036,9,12049,9,12033,19,,,,,,
0,42800,INTARIAN_PEPPER_ROOT,12042.5,-597.2001953125,12033,15,12052,15,,,,,,,,
0,42900,INTARIAN_PEPPER_ROOT,12044.0,-597.099609375,12036,10,12052,22,12033,22,,,,,,
0,43000,INTARIAN_PEPPER_ROOT,12043.0,-597.0,12036,10,12050,10,12033,24,12053,24,,,,
0,43100,INTARIAN_PEPPER_ROOT,12045.0,-596.900390625,12037,12,12053,21,12034,21,,,,,,
0,43200,INTARIAN_PEPPER_ROOT,12043.5,-596.7998046875,12037,10,12050,10,12034,25,12053,25,,,,
0,43300,INTARIAN_PEPPER_ROOT,12045.0,-596.7001953125,12037,12,12053,16,,,,,,,,
0,43400,INTARIAN_PEPPER_ROOT,12045.0,-596.599609375,12037,8,12053,16,12034,16,,,,,,
0,43500,INTARIAN_PEPPER_ROOT,12043.5,-606.0,12037,11,12050,11,12034,16,12053,16,,,,
0,43600,INTARIAN_PEPPER_ROOT,12038.0,-612.400390625,12037,9,12039,4,12034,25,12053,25,,,,
0,43700,INTARIAN_PEPPER_ROOT,12043.5,-612.2998046875,12037,10,12050,10,12034,17,,,,,,
0,43800,INTARIAN_PEPPER_ROOT,12043.5,-612.2001953125,12037,11,12050,11,,,12053,22,,,,
0,43900,INTARIAN_PEPPER_ROOT,12043.5,-612.099609375,12037,11,12050,11,,,,,,,,
0,44000,INTARIAN_PEPPER_ROOT,12044.0,-612.0,12037,9,12051,9,12034,22,12054,22,,,,
0,44100,INTARIAN_PEPPER_ROOT,12046.0,-611.900390625,12038,8,12054,22,12035,22,,,,,,
0,44200,INTARIAN_PEPPER_ROOT,12044.5,-611.7998046875,12038,11,12051,11,12035,23,12054,23,,,,
0,44300,INTARIAN_PEPPER_ROOT,12044.5,-618.400390625,12038,11,12051,11,12035,25,,,,,,
0,44400,INTARIAN_PEPPER_ROOT,12043.0,-624.599609375,12035,25,12051,8,,,12054,25,,,,
0,44500,INTARIAN_PEPPER_ROOT,12044.5,-624.5,12038,10,12051,10,,,12054,21,,,,
0,44600,INTARIAN_PEPPER_ROOT,12044.5,-624.400390625,12038,11,12051,11,12035,23,,,,,,
0,44700,INTARIAN_PEPPER_ROOT,12051.0,-624.2998046875,,,12051,12,,,,,,,,
0,44800,INTARIAN_PEPPER_ROOT,12044.5,-624.2001953125,12038,12,12051,12,,,12054,19,,,,
0,44900,INTARIAN_PEPPER_ROOT,12044.5,-624.099609375,12038,11,12051,11,,,12054,15,,,,
0,45000,INTARIAN_PEPPER_ROOT,12046.5,-624.0,12038,8,12055,19,12035,19,,,,,,
0,45100,INTARIAN_PEPPER_ROOT,12039.0,-633.80078125,12039,11,,,12036,22,,,,,,
0,45200,INTARIAN_PEPPER_ROOT,12045.5,-633.599609375,12039,12,12052,12,12036,23,,,,,,
0,45300,INTARIAN_PEPPER_ROOT,12045.5,-633.400390625,12039,10,12052,10,12036,25,12055,25,,,,
0,45400,INTARIAN_PEPPER_ROOT,12045.5,-633.19921875,12039,11,12052,11,12036,16,12055,16,,,,
0,45500,INTARIAN_PEPPER_ROOT,12045.5,-633.0,12039,12,12052,12,12036,25,12055,25,,,,
0,45600,INTARIAN_PEPPER_ROOT,12044.0,-632.80078125,12036,23,12052,9,,,12055,23,,,,
0,45700,INTARIAN_PEPPER_ROOT,12045.5,-632.599609375,12039,9,12052,9,12036,25,,,,,,
0,45800,INTARIAN_PEPPER_ROOT,12045.5,-632.400390625,12039,10,12052,10,12036,22,12055,22,,,,
0,45900,INTARIAN_PEPPER_ROOT,12045.5,-638.296875,12039,9,12052,9,12036,23,12055,23,,,,
0,46000,INTARIAN_PEPPER_ROOT,12047.5,-645.0,12039,9,12056,22,12036,22,,,,,,
0,46100,INTARIAN_PEPPER_ROOT,12048.0,-644.80078125,12040,12,12056,23,12037,23,,,,,,
0,46200,INTARIAN_PEPPER_ROOT,12048.0,-644.599609375,12040,10,12056,15,12037,15,,,,,,
0,46300,INTARIAN_PEPPER_ROOT,12048.0,-644.400390625,12040,10,12056,21,12037,21,,,,,,
0,46400,INTARIAN_PEPPER_ROOT,12053.0,-644.19921875,,,12053,11,,,12056,20,,,,
0,46500,INTARIAN_PEPPER_ROOT,12046.5,-644.0,12040,10,12053,10,12037,22,12056,22,,,,
0,46600,INTARIAN_PEPPER_ROOT,12046.5,-643.80078125,12040,11,12053,11,12037,17,12056,17,,,,
0,46700,INTARIAN_PEPPER_ROOT,12046.5,-649.8984375,12040,10,12053,10,12037,20,12056,20,,,,
0,46800,INTARIAN_PEPPER_ROOT,12046.5,-656.400390625,12040,10,12053,10,12037,21,12056,21,,,,
0,46900,INTARIAN_PEPPER_ROOT,12050.0,-656.19921875,12044,9,12056,19,12040,12,,,12037,19,,
0,47000,INTARIAN_PEPPER_ROOT,12047.0,-656.0,12040,8,12054,8,12037,17,12057,17,,,,
0,47100,INTARIAN_PEPPER_ROOT,12047.5,-655.80078125,12041,11,12054,11,12038,24,12057,24,,,,
0,47200,INTARIAN_PEPPER_ROOT,12046.0,-655.599609375,12038,16,12054,9,,,,,,,,
0,47300,INTARIAN_PEPPER_ROOT,12047.5,-655.400390625,12041,12,12054,12,12038,18,,,,,,
0,47400,INTARIAN_PEPPER_ROOT,12041.0,-655.19921875,12041,9,,,12038,25,,,,,,
0,47500,INTARIAN_PEPPER_ROOT,12047.5,-655.0,12041,12,12054,12,12038,25,12057,25,,,,
0,47600,INTARIAN_PEPPER_ROOT,12047.5,-661.400390625,12041,12,12054,12,,,,,,,,
0,47700,INTARIAN_PEPPER_ROOT,12042.5,-661.2998046875,12041,11,12044,4,12038,23,12054,11,,,,
0,47800,INTARIAN_PEPPER_ROOT,12047.5,-665.0,12041,11,12054,11,12038,20,12057,20,,,,
0,47900,INTARIAN_PEPPER_ROOT,12047.5,-665.0,12041,12,12054,12,,,12057,17,,,,
0,48000,INTARIAN_PEPPER_ROOT,12048.0,-665.0,12041,10,12055,10,12038,18,12058,18,,,,
0,48100,INTARIAN_PEPPER_ROOT,12050.0,-665.0,12042,10,12058,24,12039,24,,,,,,
0,48200,INTARIAN_PEPPER_ROOT,12048.5,-665.0,12042,9,12055,9,12039,20,12058,20,,,,
0,48300,INTARIAN_PEPPER_ROOT,12048.5,-671.7001953125,12042,10,12055,10,,,12058,23,,,,
0,48400,INTARIAN_PEPPER_ROOT,12048.5,-678.0,12042,9,12055,9,,,12058,20,,,,
0,48500,INTARIAN_PEPPER_ROOT,12050.0,-678.0,12042,10,12058,24,,,,,,,,
0,48600,INTARIAN_PEPPER_ROOT,12048.5,-678.0,12042,10,12055,10,,,12058,19,,,,
0,48700,INTARIAN_PEPPER_ROOT,12048.5,-678.0,12042,8,12055,8,12039,16,12058,16,,,,
0,48800,INTARIAN_PEPPER_ROOT,12045.0,-678.0,12039,18,12051,9,,,12055,12,,,12058,18
0,48900,INTARIAN_PEPPER_ROOT,12050.5,-678.0,12046,5,12055,8,12039,25,12058,25,,,,
0,49000,INTARIAN_PEPPER_ROOT,12049.0,-678.0,12042,9,12056,9,,,,,,,,
0,49100,INTARIAN_PEPPER_ROOT,12049.5,-684.900390625,12043,8,12056,8,12040,18,12059,18,,,,
0,49200,INTARIAN_PEPPER_ROOT,12049.5,-691.0,12043,12,12056,12,12040,15,12059,15,,,,
0,49300,INTARIAN_PEPPER_ROOT,12051.0,-691.0,12046,12,12056,12,12043,12,12059,20,,,,
0,49400,INTARIAN_PEPPER_ROOT,12049.5,-691.0,12043,12,12056,12,12040,23,12059,23,,,,
0,49500,INTARIAN_PEPPER_ROOT,12049.5,-691.0,12043,12,12056,12,12040,17,12059,17,,,,
0,49600,INTARIAN_PEPPER_ROOT,12049.5,-691.0,12043,12,12056,12,12040,22,12059,22,,,,
0,49700,INTARIAN_PEPPER_ROOT,12049.5,-685.2998046875,12043,12,12056,12,,,12059,17,,,,
0,49800,INTARIAN_PEPPER_ROOT,12044.5,-685.2001953125,12043,9,12046,3,12040,23,12056,9,,,12059,23
0,49900,INTARIAN_PEPPER_ROOT,12049.5,-681.19921875,12043,8,12056,8,12040,22,12059,22,,,,
0,50000,INTARIAN_PEPPER_ROOT,12043.0,-688.0,12043,8,,,12040,18,,,,,,
0,50100,INTARIAN_PEPPER_ROOT,12050.5,-687.900390625,12044,10,12057,10,,,,,,,,
0,50200,INTARIAN_PEPPER_ROOT,12057.0,-687.7998046875,,,12057,10,,,12060,17,,,,
0,50300,INTARIAN_PEPPER_ROOT,12050.5,-687.7001953125,12044,10,12057,10,,,12060,20,,,,
0,50400,INTARIAN_PEPPER_ROOT,12050.5,-687.599609375,12044,12,12057,12,12041,16,12060,16,,,,
0,50500,INTARIAN_PEPPER_ROOT,12050.5,-687.5,12044,11,12057,11,12041,25,12060,25,,,,
0,50600,INTARIAN_PEPPER_ROOT,12049.0,-687.400390625,12041,15,12057,11,,,,,,,,
0,50700,INTARIAN_PEPPER_ROOT,12050.5,-693.599609375,12044,10,12057,10,12041,18,12060,18,,,,
0,50800,INTARIAN_PEPPER_ROOT,12052.0,-700.2001953125,12044,9,12060,23,12041,23,,,,,,
0,50900,INTARIAN_PEPPER_ROOT,12050.5,-700.099609375,12044,10,12057,10,12041,15,12060,15,,,,
0,51000,INTARIAN_PEPPER_ROOT,12051.0,-700.0,12044,12,12058,12,,,12061,21,,,,
0,51100,INTARIAN_PEPPER_ROOT,12051.5,-699.900390625,12045,8,12058,8,12042,23,12061,23,,,,
0,51200,INTARIAN_PEPPER_ROOT,12045.0,-699.7998046875,12045,9,,,12042,21,,,,,,
0,51300,INTARIAN_PEPPER_ROOT,12050.0,-699.7001953125,12042,18,12058,8,,,12061,18,,,,
0,51400,INTARIAN_PEPPER_ROOT,12051.5,-699.599609375,12045,12,12058,12,12042,23,,,,,,
0,51500,INTARIAN_PEPPER_ROOT,12053.0,-706.0,12045,10,12061,19,12042,19,,,,,,
0,51600,INTARIAN_PEPPER_ROOT,12051.5,-712.400390625,12045,11,12058,11,,,,,,,,
0,51700,INTARIAN_PEPPER_ROOT,12046.5,-712.2998046875,12045,8,12048,4,12042,19,12058,8,,,,
0,51800,INTARIAN_PEPPER_ROOT,12051.5,-712.2001953125,12042,16,12061,16,,,,,,,,
0,51900,INTARIAN_PEPPER_ROOT,12050.0,-712.099609375,12042,18,12058,9,,,12061,18,,,,
0,52000,INTARIAN_PEPPER_ROOT,12052.0,-712.0,12045,9,12059,9,12042,18,12062,18,,,,
0,52100,INTARIAN_PEPPER_ROOT,12052.5,-711.900390625,12046,10,12059,10,12043,20,12062,20,,,,
0,52200,INTARIAN_PEPPER_ROOT,12052.5,-711.7998046875,12046,10,12059,10,12043,15,12062,15,,,,
0,52300,INTARIAN_PEPPER_ROOT,12052.5,-718.400390625,12046,10,12059,10,12043,15,12062,15,,,,
0,52400,INTARIAN_PEPPER_ROOT,12059.0,-724.599609375,,,12059,9,,,12062,20,,,,
0,52500,INTARIAN_PEPPER_ROOT,12052.5,-724.5,12046,8,12059,8,12043,17,12062,17,,,,
0,52600,INTARIAN_PEPPER_ROOT,12051.0,-724.400390625,12043,25,12059,8,,,12062,25,,,,
0,52700,INTARIAN_PEPPER_ROOT,12052.5,-724.2998046875,12046,8,12059,8,12043,23,,,,,,
0,52800,INTARIAN_PEPPER_ROOT,12052.5,-724.2001953125,12046,11,12059,11,12043,20,,,,,,
0,52900,INTARIAN_PEPPER_ROOT,12052.5,-724.099609375,12046,11,12059,11,12043,23,12062,23,,,,
0,53000,INTARIAN_PEPPER_ROOT,12051.5,-724.0,12043,23,12060,10,,,12063,23,,,,
0,53100,INTARIAN_PEPPER_ROOT,12047.0,-730.80078125,12047,12,,,12044,16,,,,,,
0,53200,INTARIAN_PEPPER_ROOT,12053.5,-730.599609375,12047,9,12060,9,12044,19,12063,19,,,,
0,53300,INTARIAN_PEPPER_ROOT,12052.0,-730.400390625,12044,22,12060,9,,,,,,,,
0,53400,INTARIAN_PEPPER_ROOT,12060.0,-730.19921875,,,12060,10,,,12063,23,,,,
0,53500,INTARIAN_PEPPER_ROOT,12053.5,-730.0,12047,11,12060,11,,,,,,,,
0,53600,INTARIAN_PEPPER_ROOT,12055.0,-729.80078125,12047,9,12063,25,12044,25,,,,,,
0,53700,INTARIAN_PEPPER_ROOT,12047.0,-729.599609375,12047,10,,,12044,20,,,,,,
0,53800,INTARIAN_PEPPER_ROOT,12053.5,-729.400390625,12047,10,12060,10,,,12063,21,,,,
0,53900,INTARIAN_PEPPER_ROOT,12053.5,-735.296875,12047,9,12060,9,12044,19,12063,19,,,,
0,54000,INTARIAN_PEPPER_ROOT,12054.0,-742.0,12047,8,12061,8,,,12064,25,,,,
0,54100,INTARIAN_PEPPER_ROOT,12054.5,-741.80078125,12048,12,12061,12,12045,21,,,,,,
0,54200,INTARIAN_PEPPER_ROOT,12056.0,-741.599609375,12048,9,12064,22,12045,22,,,,,,
0,54300,INTARIAN_PEPPER_ROOT,12061.0,-741.400390625,,,12061,9,,,12064,15,,,,
0,54400,INTARIAN_PEPPER_ROOT,12053.0,-741.19921875,12045,15,12061,9,,,12064,15,,,,
0,54500,INTARIAN_PEPPER_ROOT,12054.5,-741.0,12048,9,12061,9,12045,24,12064,24,,,,
0,54600,INTARIAN_PEPPER_ROOT,12054.5,-740.80078125,12048,8,12061,8,12045,15,12064,15,,,,
0,54700,INTARIAN_PEPPER_ROOT,12054.5,-746.8984375,12045,16,12064,16,,,,,,,,
0,54800,INTARIAN_PEPPER_ROOT,12054.5,-756.400390625,12048,11,12061,11,12045,25,12064,25,,,,
0,54900,INTARIAN_PEPPER_ROOT,12051.0,-756.19921875,12045,25,12057,8,,,12061,10,,,12064,25
0,55000,INTARIAN_PEPPER_ROOT,12055.0,-756.0,12048,10,12062,10,12045,15,12065,15,,,,
0,55100,INTARIAN_PEPPER_ROOT,12055.5,-755.80078125,12049,8,12062,8,12046,20,,,,,,
0,55200,INTARIAN_PEPPER_ROOT,12054.0,-755.599609375,12046,24,12062,9,,,12065,24,,,,
0,55300,INTARIAN_PEPPER_ROOT,12055.5,-755.400390625,12049,9,12062,9,12046,19,12065,19,,,,
0,55400,INTARIAN_PEPPER_ROOT,12055.5,-755.19921875,12049,12,12062,12,,,12065,23,,,,
0,55500,INTARIAN_PEPPER_ROOT,12055.5,-761.5,12049,11,12062,11,12046,16,12065,16,,,,
0,55600,INTARIAN_PEPPER_ROOT,12049.0,-767.80078125,12049,9,,,12046,20,,,,,,
0,55700,INTARIAN_PEPPER_ROOT,12055.5,-767.599609375,12049,8,12062,8,12046,15,12065,15,,,,
0,55800,INTARIAN_PEPPER_ROOT,12057.0,-767.400390625,12049,9,12065,25,12046,25,,,,,,
0,55900,INTARIAN_PEPPER_ROOT,12055.5,-767.19921875,12049,9,12062,9,12046,20,12065,20,,,,
0,56000,INTARIAN_PEPPER_ROOT,12056.0,-767.0,12049,9,12063,9,12046,22,12066,22,,,,
0,56100,INTARIAN_PEPPER_ROOT,12056.5,-766.80078125,12050,12,12063,12,12047,18,12066,18,,,,
0,56200,INTARIAN_PEPPER_ROOT,12056.5,-766.599609375,12050,11,12063,11,12047,20,12066,20,,,,
0,56300,INTARIAN_PEPPER_ROOT,12050.0,-773.1015625,12050,9,,,,,,,,,,
0,56400,INTARIAN_PEPPER_ROOT,12056.5,-772.796875,12050,12,12063,12,12047,25,12066,25,,,,
0,56500,INTARIAN_PEPPER_ROOT,12056.5,-779.0,12050,10,12063,10,12047,16,,,,,,
0,56600,INTARIAN_PEPPER_ROOT,12058.0,-778.80078125,12050,11,12066,18,12047,18,,,,,,
0,56700,INTARIAN_PEPPER_ROOT,12056.5,-778.599609375,12050,8,12063,8,,,12066,17,,,,
0,56800,INTARIAN_PEPPER_ROOT,12055.0,-778.400390625,12047,19,12063,10,,,,,,,,
0,56900,INTARIAN_PEPPER_ROOT,12055.0,-778.19921875,12047,19,12063,8,,,12066,19,,,,
0,57000,INTARIAN_PEPPER_ROOT,12057.0,-778.0,12050,9,12064,9,12047,17,12067,17,,,,
0,57100,INTARIAN_PEPPER_ROOT,12057.5,-784.703125,12051,12,12064,12,12048,15,12067,15,,,,
0,57200,INTARIAN_PEPPER_ROOT,12057.5,-790.599609375,12051,11,12064,11,12048,22,12067,22,,,,
0,57300,INTARIAN_PEPPER_ROOT,12057.5,-790.400390625,12051,9,12064,9,12048,19,12067,19,,,,
0,57400,INTARIAN_PEPPER_ROOT,12057.5,-790.19921875,12051,11,12064,11,12048,25,12067,25,,,,
0,57500,INTARIAN_PEPPER_ROOT,12057.5,-790.0,12051,10,12064,10,12048,19,12067,19,,,,
0,57600,INTARIAN_PEPPER_ROOT,12057.5,-789.80078125,12051,12,12064,12,12048,16,12067,16,,,,
0,57700,INTARIAN_PEPPER_ROOT,12056.0,-789.599609375,12048,19,12064,9,,,12067,19,,,,
0,57800,INTARIAN_PEPPER_ROOT,12064.0,-789.400390625,,,12064,10,,,12067,20,,,,
0,57900,INTARIAN_PEPPER_ROOT,12057.5,-789.19921875,12051,8,12064,8,12048,23,12067,23,,,,
0,58000,INTARIAN_PEPPER_ROOT,12065.0,-796.0,,,12065,9,,,12068,16,,,,
0,58100,INTARIAN_PEPPER_ROOT,12057.0,-795.900390625,12049,21,12065,12,,,12068,21,,,,
0,58200,INTARIAN_PEPPER_ROOT,12060.0,-795.7998046875,12052,8,12068,21,12049,21,,,,,,
0,58300,INTARIAN_PEPPER_ROOT,12057.0,-795.7001953125,12049,17,12065,11,,,12068,17,,,,
0,58400,INTARIAN_PEPPER_ROOT,12058.5,-795.599609375,12052,11,12065,11,12049,17,,,,,,
0,58500,INTARIAN_PEPPER_ROOT,12058.5,-795.5,12052,11,12065,11,12049,19,,,,,,
0,58600,INTARIAN_PEPPER_ROOT,12052.0,-795.400390625,12052,12,,,,,,,,,,
0,58700,INTARIAN_PEPPER_ROOT,12058.5,-795.2998046875,12052,10,12065,10,12049,25,12068,25,,,,
0,58800,INTARIAN_PEPPER_ROOT,12060.0,-802.0,12052,11,12068,20,12049,20,,,,,,
0,58900,INTARIAN_PEPPER_ROOT,12056.5,-802.0,12052,9,12061,8,12049,25,12068,25,,,,
0,59000,INTARIAN_PEPPER_ROOT,12057.5,-802.0,12049,18,12066,10,,,12069,18,,,,
0,59100,INTARIAN_PEPPER_ROOT,12059.5,-802.0,12053,9,12066,9,12050,23,12069,23,,,,
0,59200,INTARIAN_PEPPER_ROOT,12053.0,-802.0,12053,10,,,,,,,,,,
0,59300,INTARIAN_PEPPER_ROOT,12059.5,-802.0,12053,10,12066,10,,,,,,,,
0,59400,INTARIAN_PEPPER_ROOT,12059.5,-802.0,12053,9,12066,9,12050,21,12069,21,,,,
0,59500,INTARIAN_PEPPER_ROOT,12059.5,-808.5,12053,10,12066,10,12050,23,12069,23,,,,
0,59600,INTARIAN_PEPPER_ROOT,12054.0,-815.0,12053,9,12055,4,12050,20,,,,,,
0,59700,INTARIAN_PEPPER_ROOT,12059.5,-815.0,12053,10,12066,10,12050,17,12069,17,,,,
0,59800,INTARIAN_PEPPER_ROOT,12058.0,-815.0,12050,25,12066,11,,,,,,,,
0,59900,INTARIAN_PEPPER_ROOT,12059.5,-815.0,12053,12,12066,12,12050,22,12069,22,,,,
0,60000,INTARIAN_PEPPER_ROOT,12060.0,-815.0,12053,8,12067,8,12050,17,12070,17,,,,
0,60100,INTARIAN_PEPPER_ROOT,12060.5,-815.0,12054,12,12067,12,,,12070,17,,,,
0,60200,INTARIAN_PEPPER_ROOT,12067.0,-815.0,,,12067,11,,,,,,,,
0,60300,INTARIAN_PEPPER_ROOT,12055.0,-815.0,12054,10,12056,5,12051,18,12067,10,,,,
0,60400,INTARIAN_PEPPER_ROOT,12060.5,-821.400390625,12054,11,12067,11,,,12070,18,,,,
0,60500,INTARIAN_PEPPER_ROOT,12059.0,-821.5,12051,15,12067,10,,,12070,15,,,,
0,60600,INTARIAN_PEPPER_ROOT,12060.5,-821.599609375,12054,8,12067,8,12051,20,,,,,,
0,60700,INTARIAN_PEPPER_ROOT,12060.5,-821.7001953125,12054,10,12067,10,12051,19,12070,19,,,,
0,60800,INTARIAN_PEPPER_ROOT,12060.5,-821.7998046875,12054,11,12067,11,12051,17,,,,,,
0,60900,INTARIAN_PEPPER_ROOT,12059.0,-821.900390625,12051,17,12067,8,,,12070,17,,,,
0,61000,INTARIAN_PEPPER_ROOT,12061.0,-822.0,12051,17,12071,17,,,,,,,,
0,61100,INTARIAN_PEPPER_ROOT,12060.0,-832.0,12052,16,12068,12,,,,,,,,
0,61200,INTARIAN_PEPPER_ROOT,12061.5,-841.2001953125,12055,9,12068,9,,,12071,18,,,,
0,61300,INTARIAN_PEPPER_ROOT,12061.5,-841.2998046875,12055,9,12068,9,12052,17,12071,17,,,,
0,61400,INTARIAN_PEPPER_ROOT,12061.5,-841.400390625,12055,11,12068,11,12052,20,12071,20,,,,
0,61500,INTARIAN_PEPPER_ROOT,12061.5,-841.5,12055,11,12068,11,,,12071,19,,,,
0,61600,INTARIAN_PEPPER_ROOT,12060.0,-841.599609375,12052,24,12068,9,,,12071,24,,,,
0,61700,INTARIAN_PEPPER_ROOT,12061.5,-841.7001953125,12055,11,12068,11,12052,25,12071,25,,,,
0,61800,INTARIAN_PEPPER_ROOT,12060.0,-841.7998046875,12052,23,12068,12,,,12071,23,,,,
0,61900,INTARIAN_PEPPER_ROOT,12063.0,-848.0,12055,12,12071,23,12052,23,,,,,,
0,62000,INTARIAN_PEPPER_ROOT,12062.0,-855.0,12055,10,12069,10,,,12072,17,,,,
0,62100,INTARIAN_PEPPER_ROOT,12062.5,-855.099609375,12056,10,12069,10,12053,22,12072,22,,,,
0,62200,INTARIAN_PEPPER_ROOT,12056.0,-855.2001953125,12056,12,,,12053,20,,,,,,
0,62300,INTARIAN_PEPPER_ROOT,12061.0,-855.2998046875,12053,17,12069,12,,,12072,17,,,,
0,62400,INTARIAN_PEPPER_ROOT,12062.5,-855.400390625,12056,8,12069,8,12053,17,,,,,,
0,62500,INTARIAN_PEPPER_ROOT,12062.5,-855.5,12056,11,12069,11,,,12072,19,,,,
0,62600,INTARIAN_PEPPER_ROOT,12064.0,-855.599609375,12056,11,12072,23,12053,23,,,,,,
0,62700,INTARIAN_PEPPER_ROOT,12061.0,-865.0,12053,17,12069,11,,,,,,,,
0,62800,INTARIAN_PEPPER_ROOT,12062.5,-874.7998046875,12056,12,12069,12,12053,18,,,,,,
0,62900,INTARIAN_PEPPER_ROOT,12056.0,-874.900390625,12056,9,,,12053,17,,,,,,
0,63000,INTARIAN_PEPPER_ROOT,12063.0,-875.0,12056,9,12070,9,,,12073,18,,,,
0,63100,INTARIAN_PEPPER_ROOT,12063.5,-875.099609375,12057,8,12070,8,12054,15,12073,15,,,,
0,63200,INTARIAN_PEPPER_ROOT,12063.5,-875.2001953125,12057,9,12070,9,12054,17,,,,,,
0,63300,INTARIAN_PEPPER_ROOT,12065.0,-875.2998046875,12057,10,12073,24,12054,24,,,,,,
0,63400,INTARIAN_PEPPER_ROOT,12062.0,-875.400390625,12054,25,12070,9,,,12073,25,,,,
0,63500,INTARIAN_PEPPER_ROOT,12063.5,-882.0,12057,11,12070,11,,,12073,16,,,,
0,63600,INTARIAN_PEPPER_ROOT,12062.0,-888.599609375,12054,24,12070,9,,,12073,24,,,,
0,63700,INTARIAN_PEPPER_ROOT,12063.5,-888.7001953125,12057,8,12070,8,12054,15,12073,15,,,,
0,63800,INTARIAN_PEPPER_ROOT,12070.0,-888.7998046875,,,12070,8,,,12073,15,,,,
0,63900,INTARIAN_PEPPER_ROOT,12065.0,-888.900390625,12057,8,12073,20,12054,20,,,,,,
0,64000,INTARIAN_PEPPER_ROOT,12064.0,-889.0,12057,12,12071,12,,,,,,,,
0,64100,INTARIAN_PEPPER_ROOT,12066.0,-889.099609375,12058,12,12074,17,12055,17,,,,,,
0,64200,INTARIAN_PEPPER_ROOT,12069.0,-889.2001953125,12067,6,12071,10,12058,10,12074,25,12055,25,,
0,64300,INTARIAN_PEPPER_ROOT,12064.5,-896.0,12055,24,12074,24,,,,,,,,
0,64400,INTARIAN_PEPPER_ROOT,12064.5,-905.400390625,12058,11,12071,11,12055,22,12074,22,,,,
0,64500,INTARIAN_PEPPER_ROOT,12064.5,-905.5,12058,11,12071,11,12055,19,12074,19,,,,
0,64600,INTARIAN_PEPPER_ROOT,12064.5,-905.599609375,12058,11,12071,11,12055,25,12074,25,,,,
0,64700,INTARIAN_PEPPER_ROOT,12055.0,-905.7001953125,12055,24,,,,,,,,,,
0,64800,INTARIAN_PEPPER_ROOT,12064.5,-905.7998046875,12058,8,12071,8,12055,20,12074,20,,,,
0,64900,INTARIAN_PEPPER_ROOT,12064.5,-905.900390625,12058,12,12071,12,12055,23,12074,23,,,,
0,65000,INTARIAN_PEPPER_ROOT,12066.5,-906.0,12058,12,12075,24,12055,24,,,,,,
0,65100,INTARIAN_PEPPER_ROOT,12065.5,-916.0,12059,10,12072,10,12056,21,12075,21,,,,
0,65200,INTARIAN_PEPPER_ROOT,12067.0,-922.2001953125,12062,8,12072,9,12059,9,12075,15,12056,15,,
0,65300,INTARIAN_PEPPER_ROOT,12064.0,-922.2998046875,12056,21,12072,11,,,12075,21,,,,
0,65400,INTARIAN_PEPPER_ROOT,12065.5,-922.400390625,12059,10,12072,10,12056,17,12075,17,,,,
0,65500,INTARIAN_PEPPER_ROOT,12065.5,-922.5,12059,9,12072,9,,,12075,20,,,,
0,65600,INTARIAN_PEPPER_ROOT,12064.0,-922.599609375,12056,19,12072,11,,,12075,19,,,,
0,65700,INTARIAN_PEPPER_ROOT,12059.0,-922.7001953125,12056,21,12062,8,,,12072,8,,,12075,21
0,65800,INTARIAN_PEPPER_ROOT,12063.5,-927.599609375,12059,11,12068,10,12056,16,12072,11,,,12075,16
0,65900,INTARIAN_PEPPER_ROOT,12065.5,-929.900390625,12059,8,12072,8,12056,24,12075,24,,,,
0,66000,INTARIAN_PEPPER_ROOT,12066.0,-937.0,12059,10,12073,10,,,12076,16,,,,
0,66100,INTARIAN_PEPPER_ROOT,12066.5,-937.19921875,12060,11,12073,11,12057,23,,,,,,
0,66200,INTARIAN_PEPPER_ROOT,12068.0,-937.400390625,12060,11,12076,15,12057,15,,,,,,
0,66300,INTARIAN_PEPPER_ROOT,12066.5,-937.599609375,12057,18,12076,18,,,,,,,,
0,66400,INTARIAN_PEPPER_ROOT,12066.5,-937.80078125,12060,9,12073,9,12057,18,12076,18,,,,
0,66500,INTARIAN_PEPPER_ROOT,12066.5,-938.0,12060,11,12073,11,12057,23,12076,23,,,,
0,66600,INTARIAN_PEPPER_ROOT,12068.0,-938.19921875,12060,8,12076,25,12057,25,,,,,,
0,66700,INTARIAN_PEPPER_ROOT,12066.5,-947.7001953125,12060,8,12073,8,12057,15,12076,15,,,,
0,66800,INTARIAN_PEPPER_ROOT,12066.5,-954.599609375,12060,8,12073,8,12057,18,12076,18,,,,
0,66900,INTARIAN_PEPPER_ROOT,12065.0,-954.80078125,12057,18,12073,11,,,12076,18,,,,
0,67000,INTARIAN_PEPPER_ROOT,12067.0,-955.0,12060,8,12074,8,,,12077,20,,,,
0,67100,INTARIAN_PEPPER_ROOT,12066.0,-955.19921875,12058,15,12074,9,,,,,,,,
0,67200,INTARIAN_PEPPER_ROOT,12067.5,-955.400390625,12061,11,12074,11,12058,16,12077,16,,,,
0,67300,INTARIAN_PEPPER_ROOT,12067.5,-955.599609375,12061,12,12074,12,12058,20,,,,,,
0,67400,INTARIAN_PEPPER_ROOT,12067.5,-955.80078125,12061,9,12074,9,12058,18,12077,18,,,,
0,67500,INTARIAN_PEPPER_ROOT,12067.5,-962.5,12061,10,12074,10,12058,23,12077,23,,,,
0,67600,INTARIAN_PEPPER_ROOT,12067.5,-969.19921875,12058,15,12077,15,,,,,,,,
0,67700,INTARIAN_PEPPER_ROOT,12066.0,-969.400390625,12058,18,12074,11,,,12077,18,,,,
0,67800,INTARIAN_PEPPER_ROOT,12066.0,-969.599609375,12058,23,12074,8,,,12077,23,,,,
0,67900,INTARIAN_PEPPER_ROOT,12067.5,-969.80078125,12061,11,12074,11,12058,25,,,,,,
0,68000,INTARIAN_PEPPER_ROOT,12068.0,-970.0,12061,10,12075,10,12058,19,12078,19,,,,
0,68100,INTARIAN_PEPPER_ROOT,12068.5,-970.19921875,12062,11,12075,11,12059,21,12078,21,,,,
0,68200,INTARIAN_PEPPER_ROOT,12068.5,-970.400390625,12062,9,12075,9,12059,19,12078,19,,,,
0,68300,INTARIAN_PEPPER_ROOT,12068.5,-977.2998046875,12062,9,12075,9,,,12078,19,,,,
0,68400,INTARIAN_PEPPER_ROOT,12070.0,-983.80078125,12062,10,12078,25,12059,25,,,,,,
0,68500,INTARIAN_PEPPER_ROOT,12070.0,-984.0,12062,10,12078,18,12059,18,,,,,,
0,68600,INTARIAN_PEPPER_ROOT,12068.5,-984.19921875,12062,8,12075,8,12059,22,12078,22,,,,
0,68700,INTARIAN_PEPPER_ROOT,12070.0,-984.400390625,12062,11,12078,15,12059,15,,,,,,
0,68800,INTARIAN_PEPPER_ROOT,12068.5,-984.599609375,12062,10,12075,10,,,12078,22,,,,
0,68900,INTARIAN_PEPPER_ROOT,12070.0,-984.80078125,12062,9,12078,19,12059,19,,,,,,
0,69000,INTARIAN_PEPPER_ROOT,12066.5,-985.0,12062,8,12071,8,,,12079,15,,,,
0,69100,INTARIAN_PEPPER_ROOT,12069.5,-987.099609375,12063,11,12076,11,12060,25,12079,25,,,,
0,69200,INTARIAN_PEPPER_ROOT,12069.5,-993.400390625,12063,8,12076,8,12060,21,12079,21,,,,
0,69300,INTARIAN_PEPPER_ROOT,12071.0,-993.599609375,12063,11,12079,21,12060,21,,,,,,
0,69400,INTARIAN_PEPPER_ROOT,12068.0,-993.80078125,12060,25,12076,9,,,,,,,,
0,69500,INTARIAN_PEPPER_ROOT,12069.5,-994.0,12063,8,12076,8,12060,19,12079,19,,,,
0,69600,INTARIAN_PEPPER_ROOT,12069.5,-994.19921875,12063,10,12076,10,12060,17,12079,17,,,,
0,69700,INTARIAN_PEPPER_ROOT,12069.5,-994.400390625,12063,9,12076,9,,,12079,20,,,,
0,69800,INTARIAN_PEPPER_ROOT,12069.5,-994.599609375,12063,10,12076,10,12060,24,12079,24,,,,
0,69900,INTARIAN_PEPPER_ROOT,12069.5,-1000.900390625,12063,8,12076,8,12060,22,12079,22,,,,
0,70000,INTARIAN_PEPPER_ROOT,12070.0,-1008.0,12063,8,12077,8,12060,16,12080,16,,,,
0,70100,INTARIAN_PEPPER_ROOT,12061.0,-1008.19921875,12061,17,,,,,,,,,,
0,70200,INTARIAN_PEPPER_ROOT,12069.0,-1008.400390625,12061,24,12077,10,,,12080,24,,,,
0,70300,INTARIAN_PEPPER_ROOT,12070.5,-1008.599609375,12064,10,12077,10,12061,15,,,,,,
0,70400,INTARIAN_PEPPER_ROOT,12070.5,-1008.80078125,12064,9,12077,9,12061,15,12080,15,,,,
0,70500,INTARIAN_PEPPER_ROOT,12080.0,-1009.0,,,12080,20,,,,,,,,
0,70600,INTARIAN_PEPPER_ROOT,12070.5,-1009.19921875,12064,8,12077,8,12061,25,12080,25,,,,
0,70700,INTARIAN_PEPPER_ROOT,12070.5,-1015.7001953125,12064,9,12077,9,12061,23,12080,23,,,,
0,70800,INTARIAN_PEPPER_ROOT,12070.5,-1022.599609375,12064,9,12077,9,12061,25,12080,25,,,,
0,70900,INTARIAN_PEPPER_ROOT,12070.5,-1022.80078125,12064,8,12077,8,12061,22,12080,22,,,,
0,71000,INTARIAN_PEPPER_ROOT,12071.0,-1023.0,12064,11,12078,11,12061,19,12081,19,,,,
0,71100,INTARIAN_PEPPER_ROOT,12071.5,-1023.19921875,12065,12,12078,12,12062,20,12081,20,,,,
0,71200,INTARIAN_PEPPER_ROOT,12071.5,-1023.400390625,12065,9,12078,9,12062,24,12081,24,,,,
0,71300,INTARIAN_PEPPER_ROOT,12071.5,-1023.599609375,12065,10,12078,10,,,,,,,,
0,71400,INTARIAN_PEPPER_ROOT,12073.0,-1023.80078125,12065,8,12081,24,12062,24,,,,,,
0,71500,INTARIAN_PEPPER_ROOT,12078.0,-1033.5,,,12078,10,,,12081,23,,,,
0,71600,INTARIAN_PEPPER_ROOT,12073.0,-1033.599609375,12065,9,12081,16,,,,,,,,
0,71700,INTARIAN_PEPPER_ROOT,12070.0,-1033.7001953125,12062,19,12078,12,,,12081,19,,,,
0,71800,INTARIAN_PEPPER_ROOT,12073.0,-1033.7998046875,12065,12,12081,20,12062,20,,,,,,
0,71900,INTARIAN_PEPPER_ROOT,12071.5,-1033.900390625,12065,10,12078,10,12062,24,,,,,,
0,72000,INTARIAN_PEPPER_ROOT,12072.0,-1034.0,12065,11,12079,11,12062,18,12082,18,,,,
0,72100,INTARIAN_PEPPER_ROOT,12072.5,-1034.099609375,12066,8,12079,8,12063,18,12082,18,,,,
0,72200,INTARIAN_PEPPER_ROOT,12072.5,-1034.2001953125,12066,11,12079,11,,,,,,,,
0,72300,INTARIAN_PEPPER_ROOT,12071.0,-1041.0,12063,22,12079,11,,,12082,22,,,,
0,72400,INTARIAN_PEPPER_ROOT,12072.5,-1050.400390625,12066,9,12079,9,12063,22,12082,22,,,,
0,72500,INTARIAN_PEPPER_ROOT,12072.5,-1050.5,12066,10,12079,10,,,12082,24,,,,
0,72600,INTARIAN_PEPPER_ROOT,12071.0,-1050.599609375,12063,23,12079,8,,,12082,23,,,,
0,72700,INTARIAN_PEPPER_ROOT,12072.5,-1050.7001953125,12066,10,12079,10,12063,19,12082,19,,,,
0,72800,INTARIAN_PEPPER_ROOT,12072.5,-1050.7998046875,12066,12,12079,12,12063,19,12082,19,,,,
0,72900,INTARIAN_PEPPER_ROOT,12074.0,-1050.900390625,12066,11,12082,21,12063,21,,,,,,
0,73000,INTARIAN_PEPPER_ROOT,12073.0,-1051.0,12066,10,12080,10,12063,21,12083,21,,,,
0,73100,INTARIAN_PEPPER_ROOT,12073.5,-1058.0,12067,9,12080,9,12064,23,,,,,,
0,73200,INTARIAN_PEPPER_ROOT,12075.0,-1064.2001953125,12067,11,12083,23,,,,,,,,
0,73300,INTARIAN_PEPPER_ROOT,12072.0,-1064.2998046875,12064,15,12080,12,,,,,,,,
0,73400,INTARIAN_PEPPER_ROOT,12080.0,-1064.400390625,12077,7,12083,15,12064,15,,,,,,
0,73500,INTARIAN_PEPPER_ROOT,12073.5,-1064.5,12067,8,12080,8,,,12083,25,,,,
0,73600,INTARIAN_PEPPER_ROOT,12073.5,-1064.599609375,12067,10,12080,10,12064,16,,,,,,
0,73700,INTARIAN_PEPPER_ROOT,12075.0,-1064.7001953125,12067,8,12083,18,12064,18,,,,,,
0,73800,INTARIAN_PEPPER_ROOT,12072.0,-1064.7998046875,12064,16,12080,10,,,12083,16,,,,
0,73900,INTARIAN_PEPPER_ROOT,12075.0,-1071.0,12067,9,12083,25,12064,25,,,,,,
0,74000,INTARIAN_PEPPER_ROOT,12074.0,-1078.0,12067,10,12081,10,12064,21,12084,21,,,,
0,74100,INTARIAN_PEPPER_ROOT,12073.0,-1078.099609375,12065,16,12081,11,,,,,,,,
0,74200,INTARIAN_PEPPER_ROOT,12074.5,-1078.2001953125,12068,8,12081,8,12065,19,12084,19,,,,
0,74300,INTARIAN_PEPPER_ROOT,12077.0,-1078.2998046875,12077,6,,,12068,8,,,12065,19,,
0,74400,INTARIAN_PEPPER_ROOT,12069.0,-1078.400390625,12068,12,12070,4,12065,24,12081,12,,,12084,24
0,74500,INTARIAN_PEPPER_ROOT,12074.5,-1078.5,12068,12,12081,12,12065,18,,,,,,
0,74600,INTARIAN_PEPPER_ROOT,12074.5,-1078.599609375,12068,10,12081,10,12065,17,12084,17,,,,
0,74700,INTARIAN_PEPPER_ROOT,12081.0,-1085.0,,,12081,9,,,12084,17,,,,
0,74800,INTARIAN_PEPPER_ROOT,12073.0,-1085.0,12065,23,12081,8,,,12084,23,,,,
0,74900,INTARIAN_PEPPER_ROOT,12074.5,-1085.0,12068,11,12081,11,12065,25,12084,25,,,,
0,75000,INTARIAN_PEPPER_ROOT,12075.0,-1085.0,12068,8,12082,8,12065,18,12085,18,,,,
0,75100,INTARIAN_PEPPER_ROOT,12075.5,-1085.0,12069,12,12082,12,,,12085,23,,,,
0,75200,INTARIAN_PEPPER_ROOT,12075.5,-1085.0,12069,8,12082,8,12066,25,,,,,,
0,75300,INTARIAN_PEPPER_ROOT,12075.5,-1085.0,12069,9,12082,9,,,,,,,,
0,75400,INTARIAN_PEPPER_ROOT,12075.5,-1085.0,12069,10,12082,10,12066,24,12085,24,,,,
0,75500,INTARIAN_PEPPER_ROOT,12075.5,-1091.5,12069,11,12082,11,,,,,,,,
0,75600,INTARIAN_PEPPER_ROOT,12077.0,-1098.0,12069,11,12085,15,12066,15,,,,,,
0,75700,INTARIAN_PEPPER_ROOT,12075.5,-1098.0,12069,8,12082,8,12066,19,,,,,,
0,75800,INTARIAN_PEPPER_ROOT,12075.5,-1098.0,12069,12,12082,12,12066,20,12085,20,,,,
0,75900,INTARIAN_PEPPER_ROOT,12075.5,-1098.0,12069,12,12082,12,12066,15,12085,15,,,,
0,76000,INTARIAN_PEPPER_ROOT,12076.0,-1098.0,12069,10,12083,10,12066,19,12086,19,,,,
0,76100,INTARIAN_PEPPER_ROOT,12076.5,-1098.0,12070,9,12083,9,,,12086,17,,,,
0,76200,INTARIAN_PEPPER_ROOT,12076.5,-1098.0,12070,10,12083,10,12067,18,12086,18,,,,
0,76300,INTARIAN_PEPPER_ROOT,12076.5,-1104.7001953125,12070,11,12083,11,12067,17,12086,17,,,,
0,76400,INTARIAN_PEPPER_ROOT,12076.5,-1111.0,12070,12,12083,12,12067,23,,,,,,
0,76500,INTARIAN_PEPPER_ROOT,12075.0,-1111.0,12067,23,12083,8,,,12086,23,,,,
0,76600,INTARIAN_PEPPER_ROOT,12076.5,-1111.0,12070,8,12083,8,12067,21,,,,,,
0,76700,INTARIAN_PEPPER_ROOT,12076.5,-1111.0,12067,25,12086,25,,,,,,,,
0,76800,INTARIAN_PEPPER_ROOT,12076.5,-1111.0,12070,10,12083,10,12067,24,12086,24,,,,
0,76900,INTARIAN_PEPPER_ROOT,12076.5,-1111.0,12070,12,12083,12,,,12086,17,,,,
0,77000,INTARIAN_PEPPER_ROOT,12077.0,-1111.0,12070,10,12084,10,,,12087,18,,,,
0,77100,INTARIAN_PEPPER_ROOT,12076.0,-1117.900390625,12068,23,12084,10,,,12087,23,,,,
0,77200,INTARIAN_PEPPER_ROOT,12068.0,-1127.0,12068,23,,,,,,,,,,
0,77300,INTARIAN_PEPPER_ROOT,12082.0,-1127.0,12080,8,12084,11,12068,21,12087,21,,,,
0,77400,INTARIAN_PEPPER_ROOT,12077.5,-1127.0,12071,12,12084,12,12068,22,12087,22,,,,
0,77500,INTARIAN_PEPPER_ROOT,12077.5,-1127.0,12071,9,12084,9,12068,15,,,,,,
0,77600,INTARIAN_PEPPER_ROOT,12079.0,-1127.0,12071,12,12087,23,12068,23,,,,,,
0,77700,INTARIAN_PEPPER_ROOT,12077.5,-1127.0,12071,12,12084,12,,,12087,25,,,,
0,77800,INTARIAN_PEPPER_ROOT,12075.5,-1127.0,12071,9,12080,11,12068,20,12084,9,,,,
0,77900,INTARIAN_PEPPER_ROOT,12077.5,-1129.099609375,12071,10,12084,10,12068,15,12087,15,,,,
0,78000,INTARIAN_PEPPER_ROOT,12078.0,-1136.0,12071,8,12085,8,12068,21,12088,21,,,,
0,78100,INTARIAN_PEPPER_ROOT,12077.0,-1136.0,12069,21,12085,10,,,12088,21,,,,
0,78200,INTARIAN_PEPPER_ROOT,12078.5,-1136.0,12072,9,12085,9,12069,24,12088,24,,,,
0,78300,INTARIAN_PEPPER_ROOT,12078.5,-1136.0,12072,9,12085,9,12069,18,,,,,,
0,78400,INTARIAN_PEPPER_ROOT,12078.5,-1136.0,12072,10,12085,10,12069,24,12088,24,,,,
0,78500,INTARIAN_PEPPER_ROOT,12078.5,-1136.0,12072,9,12085,9,12069,16,12088,16,,,,
0,78600,INTARIAN_PEPPER_ROOT,12085.0,-1136.0,,,12085,8,,,12088,21,,,,
0,78700,INTARIAN_PEPPER_ROOT,12080.0,-1136.0,12072,10,12088,17,,,,,,,,
0,78800,INTARIAN_PEPPER_ROOT,12077.0,-1142.7998046875,12069,20,12085,9,,,12088,20,,,,
0,78900,INTARIAN_PEPPER_ROOT,12076.5,-1142.900390625,12072,8,12081,5,12069,19,12085,8,,,,
0,79000,INTARIAN_PEPPER_ROOT,12079.0,-1143.0,12072,9,12086,9,12069,20,12089,20,,,,
0,79100,INTARIAN_PEPPER_ROOT,12081.0,-1143.099609375,12073,11,12089,18,12070,18,,,,,,
0,79200,INTARIAN_PEPPER_ROOT,12079.5,-1143.2001953125,12073,12,12086,12,12070,15,12089,15,,,,
0,79300,INTARIAN_PEPPER_ROOT,12079.5,-1143.2998046875,12073,11,12086,11,12070,22,12089,22,,,,
0,79400,INTARIAN_PEPPER_ROOT,12079.5,-1143.400390625,12073,12,12086,12,,,12089,16,,,,
0,79500,INTARIAN_PEPPER_ROOT,12079.5,-1150.0,12073,10,12086,10,12070,21,,,,,,
0,79600,INTARIAN_PEPPER_ROOT,12079.5,-1156.599609375,12073,12,12086,12,12070,21,12089,21,,,,
0,79700,INTARIAN_PEPPER_ROOT,12079.5,-1156.7001953125,12073,12,12086,12,12070,20,12089,20,,,,
0,79800,INTARIAN_PEPPER_ROOT,12078.0,-1156.7998046875,12070,19,12086,11,,,,,,,,
0,79900,INTARIAN_PEPPER_ROOT,12079.5,-1156.900390625,12073,12,12086,12,,,,,,,,
0,80000,INTARIAN_PEPPER_ROOT,12080.0,-1157.0,12073,11,12087,11,12070,19,12090,19,,,,
0,80100,INTARIAN_PEPPER_ROOT,12080.5,-1157.099609375,12074,12,12087,12,12071,22,,,,,,
0,80200,INTARIAN_PEPPER_ROOT,12080.5,-1157.2001953125,12074,10,12087,10,12071,22,12090,22,,,,
0,80300,INTARIAN_PEPPER_ROOT,12080.5,-1164.0,12074,9,12087,9,12071,25,12090,25,,,,
0,80400,INTARIAN_PEPPER_ROOT,12080.5,-1170.400390625,12074,10,12087,10,12071,23,,,,,,
0,80500,INTARIAN_PEPPER_ROOT,12080.5,-1170.5,12074,10,12087,10,12071,23,12090,23,,,,
0,80600,INTARIAN_PEPPER_ROOT,12082.0,-1170.599609375,12074,9,12090,25,12071,25,,,,,,
0,80700,INTARIAN_PEPPER_ROOT,12080.5,-1170.7001953125,12074,8,12087,8,12071,17,12090,17,,,,
0,80800,INTARIAN_PEPPER_ROOT,12080.5,-1170.7998046875,12074,12,12087,12,12071,15,,,,,,
0,80900,INTARIAN_PEPPER_ROOT,12082.0,-1170.900390625,12074,12,12090,17,12071,17,,,,,,
0,81000,INTARIAN_PEPPER_ROOT,12081.0,-1171.0,12074,12,12088,12,12071,18,12091,18,,,,
0,81100,INTARIAN_PEPPER_ROOT,12081.5,-1178.0,12075,10,12088,10,12072,19,12091,19,,,,
0,81200,INTARIAN_PEPPER_ROOT,12081.5,-1184.2001953125,12075,11,12088,11,,,12091,20,,,,
0,81300,INTARIAN_PEPPER_ROOT,12083.0,-1184.2998046875,12075,8,12091,24,12072,24,,,,,,
0,81400,INTARIAN_PEPPER_ROOT,12081.5,-1184.400390625,12075,9,12088,9,12072,15,12091,15,,,,
0,81500,INTARIAN_PEPPER_ROOT,12081.5,-1184.5,12075,11,12088,11,,,,,,,,
0,81600,INTARIAN_PEPPER_ROOT,12081.5,-1184.599609375,12075,12,12088,12,12072,16,12091,16,,,,
0,81700,INTARIAN_PEPPER_ROOT,12083.0,-1184.7001953125,12075,10,12091,15,12072,15,,,,,,
0,81800,INTARIAN_PEPPER_ROOT,12083.0,-1184.7998046875,12075,10,12091,15,12072,15,,,,,,
0,81900,INTARIAN_PEPPER_ROOT,12081.5,-1194.0,12075,8,12088,8,12072,19,12091,19,,,,
0,82000,INTARIAN_PEPPER_ROOT,12089.0,-1201.0,,,12089,8,,,12092,25,,,,
0,82100,INTARIAN_PEPPER_ROOT,12082.5,-1201.099609375,12076,10,12089,10,12073,17,12092,17,,,,
0,82200,INTARIAN_PEPPER_ROOT,12084.0,-1201.2001953125,12076,9,12092,25,,,,,,,,
0,82300,INTARIAN_PEPPER_ROOT,12075.5,-1201.2998046875,12073,23,12078,3,,,12089,11,,,,
0,82400,INTARIAN_PEPPER_ROOT,12081.0,-1201.400390625,12073,19,12089,11,,,12092,19,,,,
0,82500,INTARIAN_PEPPER_ROOT,12082.5,-1201.5,12076,8,12089,8,12073,24,,,,,,
0,82600,INTARIAN_PEPPER_ROOT,12082.5,-1201.599609375,12076,12,12089,12,12073,19,12092,19,,,,
0,82700,INTARIAN_PEPPER_ROOT,12082.5,-1208.0,12076,11,12089,11,12073,17,12092,17,,,,
0,82800,INTARIAN_PEPPER_ROOT,12084.0,-1214.7998046875,12076,9,12092,23,12073,23,,,,,,
0,82900,INTARIAN_PEPPER_ROOT,12082.5,-1214.900390625,12076,10,12089,10,12073,22,12092,22,,,,
0,83000,INTARIAN_PEPPER_ROOT,12076.0,-1215.0,12076,12,,,12073,24,,,,,,
0,83100,INTARIAN_PEPPER_ROOT,12083.5,-1215.099609375,12077,9,12090,9,12074,17,12093,17,,,,
0,83200,INTARIAN_PEPPER_ROOT,12074.0,-1215.2001953125,12074,18,,,,,,,,,,
0,83300,INTARIAN_PEPPER_ROOT,12085.0,-1215.2998046875,12077,9,12093,22,12074,22,,,,,,
0,83400,INTARIAN_PEPPER_ROOT,12083.5,-1215.400390625,12077,10,12090,10,12074,17,12093,17,,,,
0,83500,INTARIAN_PEPPER_ROOT,12083.5,-1222.0,12077,12,12090,12,12074,24,12093,24,,,,
0,83600,INTARIAN_PEPPER_ROOT,12083.5,-1228.599609375,12077,12,12090,12,12074,19,12093,19,,,,
0,83700,INTARIAN_PEPPER_ROOT,12083.5,-1228.7001953125,12077,10,12090,10,12074,24,,,,,,
0,83800,INTARIAN_PEPPER_ROOT,12090.0,-1228.7998046875,,,12090,11,,,,,,,,
0,83900,INTARIAN_PEPPER_ROOT,12083.5,-1228.900390625,12077,12,12090,12,12074,23,12093,23,,,,
0,84000,INTARIAN_PEPPER_ROOT,12082.5,-1229.0,12074,23,12091,10,,,12094,23,,,,
0,84100,INTARIAN_PEPPER_ROOT,12084.5,-1229.099609375,12078,12,12091,12,12075,25,12094,25,,,,
0,84200,INTARIAN_PEPPER_ROOT,12084.5,-1229.2001953125,12078,12,12091,12,12075,23,12094,23,,,,
0,84300,INTARIAN_PEPPER_ROOT,12091.0,-1236.0,,,12091,12,,,12094,22,,,,
0,84400,INTARIAN_PEPPER_ROOT,12078.0,-1236.0,12078,12,,,,,,,,,,
0,84500,INTARIAN_PEPPER_ROOT,12084.5,-1236.0,12078,11,12091,11,,,,,,,,
0,84600,INTARIAN_PEPPER_ROOT,12091.0,-1236.0,,,12091,8,,,12094,25,,,,
0,84700,INTARIAN_PEPPER_ROOT,12086.0,-1236.0,12078,11,12094,24,,,,,,,,
0,84800,INTARIAN_PEPPER_ROOT,12084.5,-1236.0,12078,12,12091,12,12075,17,12094,17,,,,
0,84900,INTARIAN_PEPPER_ROOT,12084.5,-1236.0,12078,8,12091,8,12075,22,,,,,,
0,85000,INTARIAN_PEPPER_ROOT,12085.0,-1236.0,12078,9,12092,9,12075,23,12095,23,,,,
0,85100,INTARIAN_PEPPER_ROOT,12087.0,-1242.900390625,12079,8,12095,22,12076,22,,,,,,
0,85200,INTARIAN_PEPPER_ROOT,12084.0,-1249.0,12076,16,12092,8,,,12095,16,,,,
0,85300,INTARIAN_PEPPER_ROOT,12085.5,-1249.0,12079,9,12092,9,,,12095,17,,,,
0,85400,INTARIAN_PEPPER_ROOT,12085.5,-1249.0,12079,11,12092,11,12076,17,12095,17,,,,
0,85500,INTARIAN_PEPPER_ROOT,12085.5,-1249.0,12079,9,12092,9,12076,17,12095,17,,,,
0,85600,INTARIAN_PEPPER_ROOT,12085.5,-1249.0,12079,11,12092,11,12076,22,12095,22,,,,
0,85700,INTARIAN_PEPPER_ROOT,12085.5,-1249.0,12079,9,12092,9,12076,15,12095,15,,,,
0,85800,INTARIAN_PEPPER_ROOT,12087.0,-1249.0,12079,12,12095,25,12076,25,,,,,,
0,85900,INTARIAN_PEPPER_ROOT,12092.0,-1258.099609375,,,12092,9,,,12095,15,,,,
0,86000,INTARIAN_PEPPER_ROOT,12084.5,-1258.0,12076,24,12093,12,,,12096,24,,,,
0,86100,INTARIAN_PEPPER_ROOT,12088.0,-1257.900390625,12080,10,12096,25,12077,25,,,,,,
0,86200,INTARIAN_PEPPER_ROOT,12085.0,-1257.7998046875,12077,25,12093,10,,,12096,25,,,,
0,86300,INTARIAN_PEPPER_ROOT,12086.5,-1257.7001953125,12080,11,12093,11,12077,22,12096,22,,,,
0,86400,INTARIAN_PEPPER_ROOT,12086.5,-1257.599609375,12080,9,12093,9,12077,19,12096,19,,,,
0,86500,INTARIAN_PEPPER_ROOT,12093.0,-1257.5,,,12093,10,,,12096,22,,,,
0,86600,INTARIAN_PEPPER_ROOT,12085.0,-1257.400390625,12077,18,12093,8,,,,,,,,
0,86700,INTARIAN_PEPPER_ROOT,12086.5,-1263.599609375,12080,11,12093,11,12077,21,12096,21,,,,
0,86800,INTARIAN_PEPPER_ROOT,12086.5,-1270.2001953125,12080,10,12093,10,12077,15,12096,15,,,,
0,86900,INTARIAN_PEPPER_ROOT,12080.0,-1270.099609375,12080,10,,,,,,,,,,
0,87000,INTARIAN_PEPPER_ROOT,12087.0,-1270.0,12080,11,12094,11,12077,16,12097,16,,,,
0,87100,INTARIAN_PEPPER_ROOT,12087.5,-1269.900390625,12081,12,12094,12,12078,23,12097,23,,,,
0,87200,INTARIAN_PEPPER_ROOT,12086.0,-1269.7998046875,12078,16,12094,12,,,12097,16,,,,
0,87300,INTARIAN_PEPPER_ROOT,12087.5,-1269.7001953125,12081,8,12094,8,12078,19,12097,19,,,,
0,87400,INTARIAN_PEPPER_ROOT,12087.5,-1269.599609375,12081,9,12094,9,12078,16,12097,16,,,,
0,87500,INTARIAN_PEPPER_ROOT,12086.0,-1276.0,12078,19,12094,12,,,12097,19,,,,
0,87600,INTARIAN_PEPPER_ROOT,12089.0,-1285.400390625,12081,8,12097,15,,,,,,,,
0,87700,INTARIAN_PEPPER_ROOT,12086.0,-1285.2998046875,12078,15,12094,12,,,12097,15,,,,
0,87800,INTARIAN_PEPPER_ROOT,12087.5,-1285.2001953125,12081,11,12094,11,12078,18,,,,,,
0,87900,INTARIAN_PEPPER_ROOT,12082.5,-1285.099609375,12081,10,12084,3,12078,20,12094,10,,,12097,20
0,88000,INTARIAN_PEPPER_ROOT,12088.0,-1285.0,12081,9,12095,9,12078,24,,,,,,
0,88100,INTARIAN_PEPPER_ROOT,12087.0,-1284.900390625,12079,18,12095,8,,,12098,18,,,,
0,88200,INTARIAN_PEPPER_ROOT,12087.0,-1284.7998046875,12079,19,12095,12,,,12098,19,,,,
0,88300,INTARIAN_PEPPER_ROOT,12087.0,-1291.400390625,12079,15,12095,8,,,12098,15,,,,
0,88400,INTARIAN_PEPPER_ROOT,12088.5,-1300.599609375,12082,11,12095,11,12079,23,,,,,,
0,88500,INTARIAN_PEPPER_ROOT,12088.5,-1300.5,12082,10,12095,10,12079,24,12098,24,,,,
0,88600,INTARIAN_PEPPER_ROOT,12088.5,-1300.400390625,12079,25,12098,25,,,,,,,,
0,88700,INTARIAN_PEPPER_ROOT,12088.5,-1300.2998046875,12082,11,12095,11,12079,19,12098,19,,,,
0,88800,INTARIAN_PEPPER_ROOT,12088.5,-1300.2001953125,12082,9,12095,9,12079,17,12098,17,,,,
0,88900,INTARIAN_PEPPER_ROOT,12088.5,-1300.099609375,12082,8,12095,8,12079,15,12098,15,,,,
0,89000,INTARIAN_PEPPER_ROOT,12089.0,-1300.0,12082,8,12096,8,12079,23,12099,23,,,,
0,89100,INTARIAN_PEPPER_ROOT,12083.0,-1306.80078125,12083,8,,,12080,16,,,,,,
0,89200,INTARIAN_PEPPER_ROOT,12091.0,-1306.599609375,12083,8,12099,17,12080,17,,,,,,
0,89300,INTARIAN_PEPPER_ROOT,12089.5,-1306.400390625,12083,11,12096,11,,,12099,24,,,,
0,89400,INTARIAN_PEPPER_ROOT,12089.5,-1306.19921875,12083,9,12096,9,,,12099,16,,,,
0,89500,INTARIAN_PEPPER_ROOT,12089.5,-1306.0,12083,11,12096,11,12080,23,12099,23,,,,
0,89600,INTARIAN_PEPPER_ROOT,12091.0,-1305.80078125,12083,12,12099,21,12080,21,,,,,,
0,89700,INTARIAN_PEPPER_ROOT,12089.5,-1305.599609375,12083,11,12096,11,,,12099,18,,,,
0,89800,INTARIAN_PEPPER_ROOT,12088.0,-1305.400390625,12080,25,12096,11,,,12099,25,,,,
0,89900,INTARIAN_PEPPER_ROOT,12089.5,-1311.296875,12083,10,12096,10,12080,19,12099,19,,,,
0,90000,INTARIAN_PEPPER_ROOT,12088.5,-1318.0,12080,24,12097,11,,,12100,24,,,,
0,90100,INTARIAN_PEPPER_ROOT,12090.5,-1317.80078125,12084,8,12097,8,12081,15,,,,,,
0,90200,INTARIAN_PEPPER_ROOT,12090.5,-1317.599609375,12084,10,12097,10,,,12100,25,,,,
0,90300,INTARIAN_PEPPER_ROOT,12090.5,-1317.400390625,12084,8,12097,8,12081,18,12100,18,,,,
0,90400,INTARIAN_PEPPER_ROOT,12090.5,-1317.19921875,12084,10,12097,10,12081,17,,,,,,
0,90500,INTARIAN_PEPPER_ROOT,12092.0,-1317.0,12084,10,12100,21,,,,,,,,
0,90600,INTARIAN_PEPPER_ROOT,12090.5,-1316.80078125,12084,9,12097,9,12081,20,,,,,,
0,90700,INTARIAN_PEPPER_ROOT,12090.5,-1316.599609375,12084,8,12097,8,12081,23,,,,,,
0,90800,INTARIAN_PEPPER_ROOT,12090.5,-1316.400390625,12084,10,12097,10,12081,21,12100,21,,,,
0,90900,INTARIAN_PEPPER_ROOT,12081.0,-1316.19921875,12081,23,,,,,,,,,,
0,91000,INTARIAN_PEPPER_ROOT,12092.5,-1316.0,12084,9,12101,16,,,,,,,,
0,91100,INTARIAN_PEPPER_ROOT,12096.0,-1315.80078125,12094,6,12098,11,12085,11,12101,15,12082,15,,
0,91200,INTARIAN_PEPPER_ROOT,12091.5,-1315.599609375,12085,11,12098,11,12082,22,,,,,,
0,91300,INTARIAN_PEPPER_ROOT,12091.5,-1315.400390625,12082,15,12101,15,,,,,,,,
0,91400,INTARIAN_PEPPER_ROOT,12093.0,-1315.19921875,12085,9,12101,22,12082,22,,,,,,
0,91500,INTARIAN_PEPPER_ROOT,12091.5,-1315.0,12085,8,12098,8,,,12101,19,,,,
0,91600,INTARIAN_PEPPER_ROOT,12091.5,-1314.80078125,12085,10,12098,10,,,12101,22,,,,
0,91700,INTARIAN_PEPPER_ROOT,12091.5,-1314.599609375,12085,11,12098,11,12082,16,12101,16,,,,
0,91800,INTARIAN_PEPPER_ROOT,12091.5,-1314.400390625,12085,10,12098,10,12082,23,12101,23,,,,
0,91900,INTARIAN_PEPPER_ROOT,12098.0,-1314.19921875,,,12098,11,,,12101,22,,,,
0,92000,INTARIAN_PEPPER_ROOT,12097.0,-1314.0,12095,8,12099,8,12085,8,12102,23,12082,23,,
0,92100,INTARIAN_PEPPER_ROOT,12092.5,-1313.80078125,12086,8,12099,8,,,,,,,,
0,92200,INTARIAN_PEPPER_ROOT,12094.0,-1313.599609375,12086,9,12102,21,12083,21,,,,,,
0,92300,INTARIAN_PEPPER_ROOT,12092.5,-1313.400390625,12086,10,12099,10,12083,16,12102,16,,,,
0,92400,INTARIAN_PEPPER_ROOT,12094.0,-1313.19921875,12086,11,12102,18,12083,18,,,,,,
0,92500,INTARIAN_PEPPER_ROOT,12092.5,-1313.0,12086,9,12099,9,,,12102,22,,,,
0,92600,INTARIAN_PEPPER_ROOT,12091.0,-1312.80078125,12083,18,12099,8,,,12102,18,,,,
0,92700,INTARIAN_PEPPER_ROOT,12092.5,-1312.599609375,12086,11,12099,11,12083,16,12102,16,,,,
0,92800,INTARIAN_PEPPER_ROOT,12092.5,-1312.400390625,12086,9,12099,9,12083,20,,,,,,
0,92900,INTARIAN_PEPPER_ROOT,12094.0,-1312.19921875,12086,8,12102,21,12083,21,,,,,,
0,93000,INTARIAN_PEPPER_ROOT,12091.5,-1312.0,12083,18,12100,11,,,12103,18,,,,
0,93100,INTARIAN_PEPPER_ROOT,12092.0,-1311.80078125,12084,16,12100,11,,,,,,,,
0,93200,INTARIAN_PEPPER_ROOT,12095.0,-1311.599609375,12087,10,12103,19,12084,19,,,,,,
0,93300,INTARIAN_PEPPER_ROOT,12092.0,-1311.400390625,12084,21,12100,10,,,12103,21,,,,
0,93400,INTARIAN_PEPPER_ROOT,12087.0,-1311.19921875,12087,10,,,12084,15,,,,,,
0,93500,INTARIAN_PEPPER_ROOT,12093.5,-1311.0,12087,9,12100,9,12084,20,12103,20,,,,
0,93600,INTARIAN_PEPPER_ROOT,12093.5,-1310.80078125,12087,12,12100,12,12084,17,12103,17,,,,
0,93700,INTARIAN_PEPPER_ROOT,12098.5,-1310.599609375,12097,6,12100,12,12087,12,,,12084,15,,
0,93800,INTARIAN_PEPPER_ROOT,12098.5,-1310.400390625,12097,7,12100,10,12087,10,12103,22,12084,22,,
0,93900,INTARIAN_PEPPER_ROOT,12093.5,-1310.19921875,12087,8,12100,8,12084,23,12103,23,,,,
0,94000,INTARIAN_PEPPER_ROOT,12094.0,-1310.0,12087,10,12101,10,12084,16,12104,16,,,,
0,94100,INTARIAN_PEPPER_ROOT,12096.0,-1309.80078125,12088,12,12104,15,12085,15,,,,,,
0,94200,INTARIAN_PEPPER_ROOT,12088.0,-1309.599609375,12088,12,,,12085,22,,,,,,
0,94300,INTARIAN_PEPPER_ROOT,12094.5,-1309.400390625,12088,9,12101,9,12085,15,12104,15,,,,
0,94400,INTARIAN_PEPPER_ROOT,12094.5,-1309.19921875,12088,8,12101,8,12085,24,12104,24,,,,
0,94500,INTARIAN_PEPPER_ROOT,12094.5,-1309.0,12088,10,12101,10,,,12104,16,,,,
0,94600,INTARIAN_PEPPER_ROOT,12094.5,-1308.80078125,12088,9,12101,9,,,,,,,,
0,94700,INTARIAN_PEPPER_ROOT,12094.5,-1308.599609375,12088,9,12101,9,12085,21,,,,,,
0,94800,INTARIAN_PEPPER_ROOT,12094.5,-1308.400390625,12088,9,12101,9,12085,19,12104,19,,,,
0,94900,INTARIAN_PEPPER_ROOT,12094.5,-1308.19921875,12088,12,12101,12,12085,21,12104,21,,,,
0,95000,INTARIAN_PEPPER_ROOT,12095.0,-1308.0,12088,10,12102,10,12085,17,12105,17,,,,
0,95100,INTARIAN_PEPPER_ROOT,12095.5,-1307.80078125,12086,20,12105,20,,,,,,,,
0,95200,INTARIAN_PEPPER_ROOT,12095.5,-1307.599609375,12089,8,12102,8,,,12105,18,,,,
0,95300,INTARIAN_PEPPER_ROOT,12105.0,-1307.400390625,,,12105,18,,,,,,,,
0,95400,INTARIAN_PEPPER_ROOT,12095.5,-1307.19921875,12089,11,12102,11,12086,25,12105,25,,,,
0,95500,INTARIAN_PEPPER_ROOT,12095.5,-1307.0,12089,10,12102,10,12086,20,12105,20,,,,
0,95600,INTARIAN_PEPPER_ROOT,12097.0,-1306.80078125,12089,10,12105,22,12086,22,,,,,,
0,95700,INTARIAN_PEPPER_ROOT,12097.0,-1306.599609375,12089,12,12105,16,,,,,,,,
0,95800,INTARIAN_PEPPER_ROOT,12095.5,-1306.400390625,12089,12,12102,12,12086,23,12105,23,,,,
0,95900,INTARIAN_PEPPER_ROOT,12097.0,-1306.19921875,12089,10,12105,20,12086,20,,,,,,
0,96000,INTARIAN_PEPPER_ROOT,12094.5,-1306.0,12086,21,12103,9,,,12106,21,,,,
0,96100,INTARIAN_PEPPER_ROOT,12098.0,-1305.80078125,12090,12,12106,22,12087,22,,,,,,
0,96200,INTARIAN_PEPPER_ROOT,12096.5,-1305.599609375,12090,12,12103,12,,,12106,22,,,,
0,96300,INTARIAN_PEPPER_ROOT,12098.0,-1305.400390625,12090,8,12106,23,,,,,,,,
0,96400,INTARIAN_PEPPER_ROOT,12096.5,-1305.19921875,12090,8,12103,8,12087,25,12106,25,,,,
0,96500,INTARIAN_PEPPER_ROOT,12096.5,-1305.0,12090,12,12103,12,12087,21,12106,21,,,,
0,96600,INTARIAN_PEPPER_ROOT,12096.5,-1304.80078125,12090,10,12103,10,12087,22,12106,22,,,,
0,96700,INTARIAN_PEPPER_ROOT,12096.5,-1304.599609375,12090,10,12103,10,12087,18,12106,18,,,,
0,96800,INTARIAN_PEPPER_ROOT,12098.0,-1304.400390625,12090,9,12106,15,12087,15,,,,,,
0,96900,INTARIAN_PEPPER_ROOT,12096.5,-1304.19921875,12090,11,12103,11,12087,15,12106,15,,,,
0,97000,INTARIAN_PEPPER_ROOT,12097.0,-1304.0,12090,8,12104,8,12087,25,12107,25,,,,
0,97100,INTARIAN_PEPPER_ROOT,12104.0,-1303.80078125,,,12104,12,,,,,,,,
0,97200,INTARIAN_PEPPER_ROOT,12097.5,-1303.599609375,12091,12,12104,12,12088,18,12107,18,,,,
0,97300,INTARIAN_PEPPER_ROOT,12097.5,-1303.400390625,12091,11,12104,11,12088,16,12107,16,,,,
0,97400,INTARIAN_PEPPER_ROOT,12095.0,-1303.19921875,12091,10,12099,9,12088,22,12104,10,,,12107,22
0,97500,INTARIAN_PEPPER_ROOT,12097.5,-1303.0,12091,9,12104,9,12088,21,12107,21,,,,
0,97600,INTARIAN_PEPPER_ROOT,12096.0,-1302.80078125,12088,21,12104,9,,,12107,21,,,,
0,97700,INTARIAN_PEPPER_ROOT,12099.0,-1302.599609375,12091,12,12107,15,12088,15,,,,,,
0,97800,INTARIAN_PEPPER_ROOT,12099.0,-1302.400390625,12091,8,12107,25,12088,25,,,,,,
0,97900,INTARIAN_PEPPER_ROOT,12097.5,-1302.19921875,12091,10,12104,10,12088,16,12107,16,,,,
0,98000,INTARIAN_PEPPER_ROOT,12098.0,-1302.0,12091,8,12105,8,12088,16,12108,16,,,,
0,98100,INTARIAN_PEPPER_ROOT,12097.0,-1301.80078125,12089,18,12105,12,,,12108,18,,,,
0,98200,INTARIAN_PEPPER_ROOT,12098.5,-1301.599609375,12092,12,12105,12,12089,19,12108,19,,,,
0,98300,INTARIAN_PEPPER_ROOT,12100.0,-1301.400390625,12092,12,12108,20,,,,,,,,
0,98400,INTARIAN_PEPPER_ROOT,12098.5,-1301.19921875,12092,9,12105,9,12089,24,12108,24,,,,
0,98500,INTARIAN_PEPPER_ROOT,12098.5,-1301.0,12092,12,12105,12,,,12108,24,,,,
0,98600,INTARIAN_PEPPER_ROOT,12098.5,-1300.80078125,12092,10,12105,10,12089,19,12108,19,,,,
0,98700,INTARIAN_PEPPER_ROOT,12098.5,-1300.599609375,12092,10,12105,10,12089,19,12108,19,,,,
0,98800,INTARIAN_PEPPER_ROOT,12098.5,-1300.400390625,12092,12,12105,12,,,,,,,,
0,98900,INTARIAN_PEPPER_ROOT,12100.0,-1300.19921875,12092,8,12108,22,12089,22,,,,,,
0,99000,INTARIAN_PEPPER_ROOT,12099.0,-1300.0,12092,12,12106,12,12089,25,12109,25,,,,
0,99100,INTARIAN_PEPPER_ROOT,12101.0,-1314.0,12093,11,12109,17,12090,17,,,,,,
0,99200,INTARIAN_PEPPER_ROOT,12099.5,-1314.0,12093,8,12106,8,12090,20,,,,,,
0,99300,INTARIAN_PEPPER_ROOT,12099.5,-1314.0,12093,8,12106,8,12090,20,12109,20,,,,
0,99400,INTARIAN_PEPPER_ROOT,12093.0,-1314.0,12093,9,,,12090,18,,,,,,
0,99500,INTARIAN_PEPPER_ROOT,12099.5,-1314.0,12093,8,12106,8,,,12109,20,,,,
0,99600,INTARIAN_PEPPER_ROOT,12101.0,-1314.0,12093,9,12109,16,,,,,,,,
0,99700,INTARIAN_PEPPER_ROOT,12099.5,-1314.0,12090,23,12109,23,,,,,,,,
0,99800,INTARIAN_PEPPER_ROOT,12099.5,-1314.0,12093,10,12106,10,12090,19,12109,19,,,,
0,99900,INTARIAN_PEPPER_ROOT,12099.5,-1314.0,12093,12,12106,12,12090,25,12109,25,,,,
