timestamp;total;ASH_COATED_OSMIUM;INTARIAN_PEPPER_ROOT
0;-21.0;42.0;-63.0
100;-68.0;51.0;-119.0
200;-42.5;51.0;-93.5
300;-139.0;36.0;-175.0
400;-197.0;48.0;-245.0
500;-251.0;57.0;-308.0
600;-396.0;55.0;-451.0
700;-346.0;58.0;-404.0
800;-406.0;54.0;-460.0
900;-298.0;54.0;-352.0
1000;-460.0;56.0;-516.0
1100;-460.0;56.0;-516.0
1200;-324.0;72.0;-396.0
1300;-460.0;56.0;-516.0
1400;-476.0;40.0;-516.0
1500;-300.0;56.0;-356.0
1600;-380.0;56.0;-436.0
1700;-381.0;55.0;-436.0
1800;-374.0;62.0;-436.0
1900;-382.0;54.0;-436.0
2000;-382.0;54.0;-436.0
2100;-384.0;52.0;-436.0
2200;-384.0;52.0;-436.0
2300;-224.0;52.0;-276.0
2400;-225.0;51.0;-276.0
2500;-942.0;54.0;-996.0
2600;-299.0;57.0;-356.0
2700;-782.0;54.0;-836.0
2800;-304.0;52.0;-356.0
2900;81.0;53.0;28.0
3000;-170.0;54.0;-224.0
3100;-332.0;56.0;-388.0
3200;-332.0;56.0;-388.0
3300;-332.0;56.0;-388.0
3400;-332.0;56.0;-388.0
3500;-290.0;58.0;-348.0
3600;-231.0;77.0;-308.0
3700;-226.0;82.0;-308.0
3800;-248.5;59.5;-308.0
3900;-231.0;77.0;-308.0
4000;-221.0;87.0;-308.0
4100;-241.0;67.0;-308.0
4200;-217.0;91.0;-308.0
4300;-210.0;98.0;-308.0
4400;-217.0;91.0;-308.0
4500;-184.0;84.0;-268.0
4600;-144.0;84.0;-228.0
4700;-137.0;91.0;-228.0
4800;-326.5;101.5;-428.0
4900;-137.0;91.0;-228.0
5000;-697.0;91.0;-788.0
5100;-126.5;101.5;-228.0
5200;-686.5;101.5;-788.0
5300;-130.0;98.0;-228.0
5400;-147.5;80.5;-228.0
5500;12.5;80.5;-68.0
5600;-57.0;91.0;-148.0
5700;-57.0;91.0;-148.0
5800;-57.0;91.0;-148.0
5900;-64.0;84.0;-148.0
6000;-177.0;91.0;-268.0
6100;-180.5;87.5;-268.0
6200;-57.0;91.0;-148.0
6300;-46.5;101.5;-148.0
6400;-177.0;91.0;-268.0
6500;-1040537.0;91.0;-1040628.0
6600;-537.0;91.0;-628.0
6700;26.5;94.5;-68.0
6800;23.0;91.0;-68.0
6900;136.0;84.0;52.0
7000;23.0;91.0;-68.0
7100;26.5;94.5;-68.0
7200;5.5;73.5;-68.0
7300;23.0;91.0;-68.0
7400;23.0;91.0;-68.0
7500;7.0;35.0;-28.0
7600;145.0;133.0;12.0
7700;103.0;91.0;12.0
7800;-10.0;98.0;-108.0
7900;54.0;42.0;12.0
8000;223.0;91.0;132.0
8100;117.0;105.0;12.0
8200;120.5;108.5;12.0
8300;110.0;98.0;12.0
8400;110.0;98.0;12.0
8500;143.0;91.0;52.0
8600;183.0;91.0;92.0
8700;303.0;91.0;212.0
8800;306.5;94.5;212.0
8900;218.0;126.0;92.0
9000;127.0;35.0;92.0
9100;169.0;77.0;92.0
9200;317.0;105.0;212.0
9300;190.0;98.0;92.0
9400;385.0;133.0;252.0
9500;117.0;105.0;12.0
9600;319.0;147.0;172.0
9700;318.5;146.5;172.0
9800;319.0;147.0;172.0
9900;-161.0;147.0;-308.0
10000;375.0;203.0;172.0
10100;-185.0;203.0;-388.0
10200;385.5;213.5;172.0
10300;942.0;210.0;732.0
10400;389.0;217.0;172.0
10500;415.0;203.0;212.0
10600;462.0;210.0;252.0
10700;861.0;217.0;644.0
10800;449.0;213.0;236.0
10900;449.0;213.0;236.0
11000;440.0;204.0;236.0
11100;447.0;211.0;236.0
11200;327.0;211.0;116.0
11300;445.0;209.0;236.0
11400;605.0;209.0;396.0
11500;485.0;209.0;276.0
11600;525.0;209.0;316.0
11700;-33.0;211.0;-244.0
11800;528.0;212.0;316.0
11900;527.0;211.0;316.0
12000;525.0;209.0;316.0
12100;391.0;195.0;196.0
12200;528.0;212.0;316.0
12300;408.0;212.0;196.0
12400;525.0;209.0;316.0
12500;565.0;209.0;356.0
12600;-35.0;209.0;-244.0
12700;602.0;206.0;396.0
12800;605.0;209.0;396.0
12900;485.0;209.0;276.0
13000;605.0;209.0;396.0
13100;605.0;209.0;396.0
13200;605.0;209.0;396.0
13300;607.0;211.0;396.0
13400;587.0;191.0;396.0
13500;763.0;207.0;556.0
13600;687.0;211.0;476.0
13700;684.0;208.0;476.0
13800;107.0;191.0;-84.0
13900;680.0;204.0;476.0
14000;816.0;220.0;596.0
14100;702.5;226.5;476.0
14200;824.0;228.0;596.0
14300;704.0;228.0;476.0
14400;544.0;228.0;316.0
14500;627.0;231.0;396.0
14600;784.0;228.0;556.0
14700;787.5;231.5;556.0
14800;225.0;229.0;-4.0
14900;783.0;227.0;556.0
15000;788.0;232.0;556.0
15100;869.5;313.5;556.0
15200;956.5;280.5;676.0
15300;853.0;297.0;556.0
15400;831.0;275.0;556.0
15500;797.5;201.5;596.0
15600;-1040348.0;296.0;-1040644.0
15700;932.0;296.0;636.0
15800;921.5;285.5;636.0
15900;932.0;296.0;636.0
16000;942.5;306.5;636.0
16100;770.0;254.0;516.0
16200;812.0;296.0;516.0
16300;1364.5;296.0;1068.5
16400;917.0;296.0;621.0
16500;988.5;327.5;661.0
16600;837.0;296.0;541.0
16700;1536.0;275.0;1261.0
16800;997.0;296.0;701.0
16900;211003.0;210422.0;581.0
17000;997.0;296.0;701.0
17100;997.0;296.0;701.0
17200;997.0;296.0;701.0
17300;1068.5;327.5;741.0
17400;578.0;317.0;261.0
17500;1058.0;317.0;741.0
17600;1108.5;327.5;781.0
17700;1108.5;327.5;781.0
17800;1077.0;296.0;781.0
17900;1098.0;317.0;781.0
18000;1119.0;338.0;781.0
18100;538.0;317.0;221.0
18200;930.0;149.0;781.0
18300;1098.0;317.0;781.0
18400;1098.0;317.0;781.0
18500;1157.5;336.5;821.0
18600;1238.0;377.0;861.0
18700;1159.0;458.0;701.0
18800;1118.0;377.0;741.0
18900;1452.5;471.5;981.0
19000;1278.5;417.5;861.0
19100;1238.0;377.0;861.0
19200;1104.5;363.5;741.0
19300;1582.0;161.0;1421.0
19400;1798.0;377.0;1421.0
19500;1398.0;377.0;1021.0
19600;1158.0;377.0;781.0
19700;1534.0;593.0;941.0
19800;1225.0;404.0;821.0
19900;1145.0;404.0;741.0
20000;1465.0;404.0;1061.0
20100;1195.0;134.0;1061.0
20200;1129.0;188.0;941.0
20300;1478.0;377.0;1101.0
20400;1532.0;431.0;1101.0
20500;1412.0;431.0;981.0
20600;1668.0;647.0;1021.0
20700;1479.0;458.0;1021.0
20800;1572.0;431.0;1141.0
20900;1612.5;471.5;1141.0
21000;1438.5;417.5;1021.0
21100;1479.0;458.0;1021.0
21200;1560.0;539.0;1021.0
21300;1236.0;215.0;1021.0
21400;1452.0;431.0;1021.0
21500;1438.0;377.0;1061.0
21600;1156.0;215.0;941.0
21700;271613.0;270512.0;1101.0
21800;1505.0;404.0;1101.0
21900;1371.5;390.5;981.0
22000;1518.5;417.5;1101.0
22100;1545.5;444.5;1101.0
22200;1652.0;431.0;1221.0
22300;1532.0;431.0;1101.0
22400;1559.0;458.0;1101.0
22500;1572.0;431.0;1141.0
22600;1612.0;431.0;1181.0
22700;1612.0;431.0;1181.0
22800;1691.5;390.5;1301.0
22900;1505.5;444.5;1061.0
23000;1612.0;431.0;1181.0
23100;1172.0;431.0;741.0
23200;1853.5;552.5;1301.0
23300;1585.0;404.0;1181.0
23400;1961.0;620.0;1341.0
23500;1625.0;404.0;1221.0
23600;1665.0;404.0;1261.0
23700;1705.5;444.5;1261.0
23800;1962.0;701.0;1261.0
23900;1658.5;397.5;1261.0
24000;1727.5;466.5;1261.0
24100;1693.0;432.0;1261.0
24200;1716.0;455.0;1261.0
24300;1624.0;483.0;1141.0
24400;1715.5;454.5;1261.0
24500;1904.0;483.0;1421.0
24600;1965.0;504.0;1461.0
24700;1685.0;504.0;1181.0
24800;1989.0;528.0;1461.0
24900;1845.0;504.0;1341.0
25000;1829.0;488.0;1341.0
25100;1729.0;388.0;1341.0
25200;1861.0;520.0;1341.0
25300;1861.0;520.0;1341.0
25400;2009.0;508.0;1501.0
25500;1925.0;544.0;1381.0
25600;1965.0;544.0;1421.0
25700;1805.0;544.0;1261.0
25800;2001.0;580.0;1421.0
25900;1989.0;568.0;1421.0
26000;1965.0;544.0;1421.0
26100;1989.0;568.0;1421.0
26200;1989.0;568.0;1421.0
26300;1917.0;496.0;1421.0
26400;2025.0;604.0;1421.0
26500;2041.0;580.0;1461.0
26600;2173.0;832.0;1341.0
26700;1509.0;568.0;941.0
26800;2181.0;680.0;1501.0
26900;2157.0;656.0;1501.0
27000;2093.0;592.0;1501.0
27100;2093.0;592.0;1501.0
27200;2109.0;608.0;1501.0
27300;2133.0;632.0;1501.0
27400;2109.0;608.0;1501.0
27500;2165.0;624.0;1541.0
27600;2333.0;632.0;1701.0
27700;2189.0;608.0;1581.0
27800;2213.0;632.0;1581.0
27900;2189.0;608.0;1581.0
28000;2103.0;522.0;1581.0
28100;2303.0;602.0;1701.0
28200;2163.0;582.0;1581.0
28300;2353.0;612.0;1741.0
28400;2193.0;612.0;1581.0
28500;2353.0;612.0;1741.0
28600;2293.0;632.0;1661.0
28700;2423.0;602.0;1821.0
28800;2293.0;632.0;1661.0
28900;2413.0;632.0;1781.0
29000;2293.0;632.0;1661.0
29100;2293.0;632.0;1661.0
29200;3093.0;632.0;2461.0
29300;2293.0;632.0;1661.0
29400;2293.0;632.0;1661.0
29500;2453.0;632.0;1821.0
29600;2373.0;632.0;1741.0
29700;2383.0;642.0;1741.0
29800;2373.0;632.0;1741.0
29900;2213.0;472.0;1741.0
30000;2343.0;602.0;1741.0
30100;3173.0;632.0;2541.0
30200;1793.0;612.0;1181.0
30300;2353.0;612.0;1741.0
30400;2367.0;626.0;1741.0
30500;2307.0;406.0;1901.0
30600;2480.0;659.0;1821.0
30700;2469.0;648.0;1821.0
30800;2425.0;604.0;1821.0
30900;2414.0;593.0;1821.0
31000;1887.0;626.0;1261.0
31100;2458.0;637.0;1821.0
31200;2271.0;450.0;1821.0
31300;2458.0;637.0;1821.0
31400;2447.0;626.0;1821.0
31500;2509.0;648.0;1861.0
31600;2527.0;626.0;1901.0
31700;2625.0;604.0;2021.0
31800;2549.0;648.0;1901.0
31900;2516.0;615.0;1901.0
32000;2505.0;604.0;1901.0
32100;2407.0;626.0;1781.0
32200;2385.0;604.0;1781.0
32300;2709.0;648.0;2061.0
32400;2505.0;604.0;1901.0
32500;2977.0;604.0;2373.0
32600;2630.0;637.0;1993.0
32700;2597.0;604.0;1993.0
32800;2178.0;717.0;1461.0
32900;2656.0;663.0;1993.0
33000;2660.5;667.5;1993.0
33100;2593.0;600.0;1993.0
33200;2665.0;672.0;1993.0
33300;3060.5;649.5;2411.0
33400;2701.0;708.0;1993.0
33500;2694.0;663.0;2031.0
33600;2533.0;672.0;1861.0
33700;2715.0;654.0;2061.0
33800;2715.0;654.0;2061.0
33900;3275.0;654.0;2621.0
34000;2764.0;703.0;2061.0
34100;2764.0;703.0;2061.0
34200;2908.0;727.0;2181.0
34300;2764.0;703.0;2061.0
34400;2764.0;703.0;2061.0
34500;2972.0;751.0;2221.0
34600;3468.0;767.0;2701.0
34700;2908.0;767.0;2141.0
34800;2900.0;759.0;2141.0
34900;3020.0;759.0;2261.0
35000;2788.0;767.0;2021.0
35100;2092.0;751.0;1341.0
35200;2900.0;759.0;2141.0
35300;2900.0;759.0;2141.0
35400;2828.0;687.0;2141.0
35500;2940.0;759.0;2181.0
35600;3100.0;759.0;2341.0
35700;3374.0;759.0;2615.0
35800;2396.0;751.0;1645.0
35900;3004.0;759.0;2245.0
36000;3000.0;755.0;2245.0
36100;3426.0;747.0;2679.0
36200;3020.0;759.0;2261.0
36300;3856.0;759.0;3097.0
36400;3020.0;759.0;2261.0
36500;3079.0;780.0;2299.0
36600;3139.0;802.0;2337.0
36700;3128.0;791.0;2337.0
36800;3106.0;769.0;2337.0
36900;2568.5;763.5;1805.0
37000;3095.0;758.0;2337.0
37100;3117.0;780.0;2337.0
37200;3117.0;780.0;2337.0
37300;3117.0;780.0;2337.0
37400;3128.0;791.0;2337.0
37500;3296.5;807.5;2489.0
37600;3318.0;791.0;2527.0
37700;3016.0;791.0;2225.0
37800;3639.5;694.5;2945.0
37900;3231.0;846.0;2385.0
38000;3791.0;846.0;2945.0
38100;3208.5;823.5;2385.0
38200;3328.5;823.5;2505.0
38300;2671.0;846.0;1825.0
38400;2812.0;867.0;1945.0
38500;3172.0;867.0;2305.0
38600;3305.0;840.0;2465.0
38700;3314.0;849.0;2465.0
38800;3212.0;867.0;2345.0
38900;3332.0;867.0;2465.0
39000;3185.0;840.0;2345.0
39100;3374.0;909.0;2465.0
39200;3350.0;885.0;2465.0
39300;3410.0;945.0;2465.0
39400;3546.0;921.0;2625.0
39500;3438.0;933.0;2505.0
39600;3454.0;909.0;2545.0
39700;3478.0;933.0;2545.0
39800;3286.0;741.0;2545.0
39900;3503.0;958.0;2545.0
40000;3445.0;1020.0;2425.0
40100;3503.0;958.0;2545.0
40200;3503.0;958.0;2545.0
40300;-1039712.5;942.5;-1040655.0
40400;3694.0;989.0;2705.0
40500;3295.0;710.0;2585.0
40600;3583.0;958.0;2625.0
40700;3583.0;958.0;2625.0
40800;3552.0;927.0;2625.0
40900;3521.0;896.0;2625.0
41000;3552.0;927.0;2625.0
41100;3552.0;927.0;2625.0
41200;3672.0;927.0;2745.0
41300;3463.0;958.0;2505.0
41400;3552.0;927.0;2625.0
41500;3507.0;962.0;2545.0
41600;3667.0;962.0;2705.0
41700;3631.0;926.0;2705.0
41800;3451.5;746.5;2705.0
41900;3677.0;972.0;2705.0
42000;3237.0;972.0;2265.0
42100;3756.0;931.0;2825.0
42200;3656.5;951.5;2705.0
42300;3595.0;890.0;2705.0
42400;3615.5;910.5;2705.0
42500;3573.5;828.5;2745.0
42600;3716.0;931.0;2785.0
42700;3836.0;931.0;2905.0
42800;3596.0;931.0;2665.0
42900;3695.5;910.5;2785.0
43000;3440.0;1095.0;2345.0
43100;3757.0;972.0;2785.0
43200;4085.0;1300.0;2785.0
43300;3197.0;972.0;2225.0
43400;3917.0;972.0;2945.0
43500;3838.0;1013.0;2825.0
43600;3837.0;972.0;2865.0
43700;3656.5;951.5;2705.0
43800;4206.0;1341.0;2865.0
43900;3509.0;644.0;2865.0
44000;3837.0;972.0;2865.0
44100;3957.0;972.0;2985.0
44200;3676.0;931.0;2745.0
44300;3676.0;931.0;2745.0
44400;3964.0;1259.0;2705.0
44500;3956.0;931.0;3025.0
44600;3958.0;1013.0;2945.0
44700;3396.0;931.0;2465.0
44800;4081.5;1136.5;2945.0
44900;3900.0;955.0;2945.0
45000;3780.0;955.0;2825.0
45100;4164.0;1219.0;2945.0
45200;3921.0;1096.0;2825.0
45300;3732.0;907.0;2825.0
45400;3879.0;934.0;2945.0
45500;3919.0;934.0;2985.0
45600;4092.5;947.5;3145.0
45700;3986.0;961.0;3025.0
45800;3986.0;961.0;3025.0
45900;3986.0;961.0;3025.0
46000;3932.0;907.0;3025.0
46100;4079.0;934.0;3145.0
46200;3959.0;934.0;3025.0
46300;4094.0;1069.0;3025.0
46400;3986.0;961.0;3025.0
46500;3984.0;799.0;3185.0
46600;4048.0;943.0;3105.0
46700;4084.0;979.0;3105.0
46800;3484.0;979.0;2505.0
46900;4084.0;979.0;3105.0
47000;4228.0;1123.0;3105.0
47100;4114.0;889.0;3225.0
47200;4138.0;1033.0;3105.0
47300;4034.0;889.0;3145.0
47400;4084.0;979.0;3105.0
47500;4124.0;979.0;3145.0
47600;4200.0;1015.0;3185.0
47700;4200.0;1015.0;3185.0
47800;4236.0;1051.0;3185.0
47900;4164.0;979.0;3185.0
48000;4128.0;943.0;3185.0
48100;4845.5;1231.0;3614.5
48200;4156.0;943.0;3213.0
48300;4156.0;943.0;3213.0
48400;4210.0;997.0;3213.0
48500;4282.5;1033.0;3249.5
48600;4301.0;1015.0;3286.0
48700;4374.5;979.0;3395.5
48800;4155.5;979.0;3176.5
48900;4812.0;1015.0;3797.0
49000;4301.0;1015.0;3286.0
49100;4301.0;1015.0;3286.0
49200;4428.5;1033.0;3395.5
49300;4114.0;997.0;3117.0
49400;4144.0;907.0;3237.0
49500;4064.0;907.0;3157.0
49600;4514.0;1357.0;3157.0
49700;4154.0;997.0;3157.0
49800;4246.5;929.5;3317.0
49900;4674.0;1357.0;3317.0
50000;4314.0;997.0;3317.0
50100;4194.0;997.0;3197.0
50200;3754.0;997.0;2757.0
50300;4336.5;1019.5;3317.0
50400;4291.5;974.5;3317.0
50500;4309.0;952.0;3357.0
50600;4189.0;952.0;3237.0
50700;4349.0;952.0;3397.0
50800;4349.0;952.0;3397.0
50900;4384.0;987.0;3397.0
51000;4244.0;847.0;3397.0
51100;4344.0;947.0;3397.0
51200;4224.0;947.0;3277.0
51300;4384.0;987.0;3397.0
51400;4344.0;1067.0;3277.0
51500;4344.0;907.0;3437.0
51600;4464.0;987.0;3477.0
51700;3864.0;947.0;2917.0
51800;4424.0;947.0;3477.0
51900;4464.0;987.0;3477.0
52000;4864.0;1387.0;3477.0
52100;4344.0;987.0;3357.0
52200;4404.0;927.0;3477.0
52300;4524.0;1047.0;3477.0
52400;4464.0;987.0;3477.0
52500;4624.0;987.0;3637.0
52600;4756.0;707.0;4049.0
52700;4464.0;1027.0;3437.0
52800;4568.0;987.0;3581.0
52900;4568.0;987.0;3581.0
53000;4676.0;987.0;3689.0
53100;4448.0;867.0;3581.0
53200;4904.0;927.0;3977.0
53300;4352.0;947.0;3405.0
53400;4352.0;947.0;3405.0
53500;4672.0;987.0;3685.0
53600;3952.0;987.0;2965.0
53700;4712.0;987.0;3725.0
53800;4532.0;927.0;3605.0
53900;4552.0;947.0;3605.0
54000;4492.0;1007.0;3485.0
54100;4552.0;947.0;3605.0
54200;4472.0;987.0;3485.0
54300;4512.0;1027.0;3485.0
54400;4272.0;667.0;3605.0
54500;4632.0;987.0;3645.0
54600;4783.0;1098.0;3685.0
54700;4732.0;1047.0;3685.0
54800;5292.0;1047.0;4245.0
54900;4784.0;979.0;3805.0
55000;5530.0;1285.0;4245.0
55100;4698.0;1013.0;3685.0
55200;4766.0;1081.0;3685.0
55300;5232.0;1387.0;3845.0
55400;4732.0;1047.0;3685.0
55500;4772.0;1047.0;3725.0
55600;4812.0;1047.0;3765.0
55700;4921.0;996.0;3925.0
55800;4540.0;775.0;3765.0
55900;3978.0;1013.0;2965.0
56000;4778.0;1013.0;3765.0
56100;4607.0;962.0;3645.0
56200;4710.0;945.0;3765.0
56300;4624.0;979.0;3645.0
56400;4829.0;1064.0;3765.0
56500;4869.0;1064.0;3805.0
56600;5182.0;1217.0;3965.0
56700;4630.0;945.0;3685.0
56800;4670.0;945.0;3725.0
56900;4670.0;945.0;3725.0
57000;4721.0;996.0;3725.0
57100;4704.0;979.0;3725.0
57200;4824.0;979.0;3845.0
57300;4926.0;1081.0;3845.0
57400;4450.0;605.0;3845.0
57500;4864.0;979.0;3885.0
57600;4921.0;996.0;3925.0
57700;4853.0;928.0;3925.0
57800;4904.0;979.0;3925.0
57900;4835.0;1030.0;3805.0
58000;4938.0;1013.0;3925.0
58100;4961.0;1156.0;3805.0
58200;4943.5;1018.5;3925.0
58300;4931.0;1006.0;3925.0
58400;4952.0;1027.0;3925.0
58500;4992.0;1027.0;3965.0
58600;4505.0;1060.0;3445.0
58700;5032.0;1027.0;4005.0
58800;4912.0;1027.0;3885.0
58900;5592.0;1027.0;4565.0
59000;5010.0;1005.0;4005.0
59100;5010.0;1005.0;4005.0
59200;5372.0;939.0;4433.0
59300;5196.0;1159.0;4037.0
59400;5042.0;1005.0;4037.0
59500;5086.0;1013.0;4073.0
59600;5086.0;977.0;4109.0
59700;4966.0;1073.0;3893.0
59800;5058.0;965.0;4093.0
59900;5010.0;1037.0;3973.0
60000;5094.0;1001.0;4093.0
60100;5118.0;1025.0;4093.0
60200;5082.0;989.0;4093.0
60300;5118.0;1145.0;3973.0
60400;5118.0;1025.0;4093.0
60500;5158.0;1025.0;4133.0
60600;5150.0;977.0;4173.0
60700;5174.0;1001.0;4173.0
60800;5186.0;1013.0;4173.0
60900;5174.0;1001.0;4173.0
61000;5174.0;1001.0;4173.0
61100;5174.0;1001.0;4173.0
61200;5294.0;1001.0;4293.0
61300;5174.0;1001.0;4173.0
61400;5174.0;1001.0;4173.0
61500;5406.0;1193.0;4213.0
61600;5542.0;1169.0;4373.0
61700;5254.0;1001.0;4253.0
61800;5290.0;1037.0;4253.0
61900;5290.0;1037.0;4253.0
62000;5320.0;1067.0;4253.0
62100;5245.0;1112.0;4133.0
62200;5320.0;1067.0;4253.0
62300;5020.0;767.0;4253.0
62400;5320.0;1067.0;4253.0
62500;5360.0;1067.0;4293.0
62600;5385.0;1052.0;4333.0
62700;5550.0;1097.0;4453.0
62800;5400.0;1067.0;4333.0
62900;5280.0;1067.0;4213.0
63000;5370.0;1037.0;4333.0
63100;5370.0;1037.0;4333.0
63200;5490.0;1037.0;4453.0
63300;5415.0;1082.0;4333.0
63400;5340.0;1007.0;4333.0
63500;5290.0;1037.0;4253.0
63600;5450.0;1037.0;4413.0
63700;5334.0;1081.0;4253.0
63800;5522.0;1109.0;4413.0
63900;5066.0;773.0;4293.0
64000;5494.0;1081.0;4413.0
64100;5774.0;801.0;4973.0
64200;5522.0;1109.0;4413.0
64300;5082.0;1109.0;3973.0
64400;5402.0;1109.0;4293.0
64500;5562.0;1109.0;4453.0
64600;5562.0;1109.0;4453.0
64700;5574.0;1081.0;4493.0
64800;5694.0;1081.0;4613.0
64900;5254.0;881.0;4373.0
65000;5614.0;1121.0;4493.0
65100;5630.0;1137.0;4493.0
65200;5630.0;1137.0;4493.0
65300;5644.0;1151.0;4493.0
65400;5599.0;1106.0;4493.0
65500;5804.0;1151.0;4653.0
65600;5664.0;1091.0;4573.0
65700;5694.0;1121.0;4573.0
65800;5709.0;1136.0;4573.0
65900;5664.0;1091.0;4573.0
66000;5739.0;1166.0;4573.0
66100;5694.0;1121.0;4573.0
66200;5374.0;1361.0;4013.0
66300;5649.0;1076.0;4573.0
66400;5854.0;1121.0;4733.0
66500;5659.0;1166.0;4493.0
66600;5744.0;1091.0;4653.0
66700;5774.0;1121.0;4653.0
66800;5714.0;1061.0;4653.0
66900;5184.0;1091.0;4093.0
67000;5744.0;1091.0;4653.0
67100;5744.0;1091.0;4653.0
67200;5744.0;1091.0;4653.0
67300;5744.0;1091.0;4653.0
67400;5774.0;1121.0;4653.0
67500;5784.0;1091.0;4693.0
67600;5824.0;1091.0;4733.0
67700;5794.0;1061.0;4733.0
67800;5794.0;1061.0;4733.0
67900;5764.0;1031.0;4733.0
68000;5788.0;1055.0;4733.0
68100;5734.0;1121.0;4613.0
68200;5981.0;1088.0;4893.0
68300;6014.0;1121.0;4893.0
68400;6414.0;1121.0;5293.0
68500;5894.0;1121.0;4773.0
68600;6494.0;1121.0;5373.0
68700;5934.0;1121.0;4813.0
68800;6033.0;1220.0;4813.0
68900;5917.5;1104.5;4813.0
69000;5550.0;857.0;4693.0
69100;5983.5;1170.5;4813.0
69200;5484.0;791.0;4693.0
69300;5934.0;1121.0;4813.0
69400;5917.5;1104.5;4813.0
69500;6238.0;1385.0;4853.0
69600;5981.0;1088.0;4893.0
69700;6014.0;1121.0;4893.0
69800;6167.0;1154.0;5013.0
69900;5927.0;1154.0;4773.0
70000;5838.0;1385.0;4453.0
70100;6398.0;1385.0;5013.0
70200;5943.5;1170.5;4773.0
70300;6047.0;1154.0;4893.0
70400;6430.0;1104.5;5325.5
70500;6104.5;1154.0;4950.5
70600;6092.5;1104.5;4988.0
70700;6109.0;1121.0;4988.0
70800;6109.0;1121.0;4988.0
70900;6472.0;1484.0;4988.0
71000;6221.5;1121.0;5100.5
71100;6109.0;1121.0;4988.0
71200;6241.0;1253.0;4988.0
71300;6041.0;1088.0;4953.0
71400;5954.0;1121.0;4833.0
71500;5683.5;1170.5;4513.0
71600;6010.0;857.0;5153.0
71700;6241.0;1088.0;5153.0
71800;6154.0;1121.0;5033.0
71900;6187.0;1154.0;5033.0
72000;6203.5;1170.5;5033.0
72100;6220.0;1187.0;5033.0
72200;6347.0;1154.0;5193.0
72300;6512.0;1319.0;5193.0
72400;6187.0;1154.0;5033.0
72500;6210.5;1137.5;5073.0
72600;6300.0;1187.0;5113.0
72700;5740.0;1187.0;4553.0
72800;6290.0;1337.0;4953.0
72900;6282.0;1169.0;5113.0
73000;6282.0;1169.0;5113.0
73100;5842.0;1169.0;4673.0
73200;6254.0;1141.0;5113.0
73300;6254.0;1141.0;5113.0
73400;6162.0;1169.0;4993.0
73500;5722.0;1169.0;4553.0
73600;6138.0;945.0;5193.0
73700;6362.0;1169.0;5193.0
73800;6362.0;1169.0;5193.0
73900;6340.0;1267.0;5073.0
74000;6542.0;1349.0;5193.0
74100;6374.0;1181.0;5193.0
74200;6374.0;1181.0;5193.0
74300;6374.0;1181.0;5193.0
74400;6566.0;1373.0;5193.0
74500;6438.0;1205.0;5233.0
74600;6382.0;1109.0;5273.0
74700;6610.0;1217.0;5393.0
74800;6574.0;1181.0;5393.0
74900;6454.0;1181.0;5273.0
75000;6646.0;1253.0;5393.0
75100;6454.0;1181.0;5273.0
75200;6334.0;1181.0;5153.0
75300;6418.0;1145.0;5273.0
75400;6142.0;989.0;5153.0
75500;6458.0;1145.0;5313.0
75600;6534.0;1181.0;5353.0
75700;6534.0;1181.0;5353.0
75800;6498.0;1145.0;5353.0
75900;6534.0;1181.0;5353.0
76000;6694.0;1181.0;5513.0
76100;6558.0;1205.0;5353.0
76200;6526.0;1013.0;5513.0
76300;6600.0;1247.0;5353.0
76400;6480.0;1247.0;5233.0
76500;6603.0;1210.0;5393.0
76600;6708.0;1275.0;5433.0
76700;7152.0;1327.0;5825.0
76800;6798.0;1353.0;5445.0
76900;6772.0;1327.0;5445.0
77000;6860.0;1301.0;5559.0
77100;6772.0;1327.0;5445.0
77200;6940.0;1327.0;5613.0
77300;7564.0;1249.0;6315.0
77400;6744.0;1301.0;5443.0
77500;6797.0;1314.0;5483.0
77600;6824.0;1301.0;5523.0
77700;6664.0;1301.0;5363.0
77800;6949.5;1426.5;5523.0
77900;6864.0;1341.0;5523.0
78000;6854.5;1331.5;5523.0
78100;6826.0;1303.0;5523.0
78200;6864.0;1341.0;5523.0
78300;6845.0;1322.0;5523.0
78400;6826.0;1303.0;5523.0
78500;6866.0;1303.0;5563.0
78600;6906.0;1303.0;5603.0
78700;6906.0;1303.0;5603.0
78800;6906.0;1303.0;5603.0
78900;6767.0;1284.0;5483.0
79000;6858.5;1255.5;5603.0
79100;6906.0;1303.0;5603.0
79200;7058.0;1455.0;5603.0
79300;6887.0;1284.0;5603.0
79400;6887.0;1284.0;5603.0
79500;6917.5;1274.5;5643.0
79600;6986.0;1303.0;5683.0
79700;6986.0;1303.0;5683.0
79800;6986.0;1303.0;5683.0
79900;6967.0;1284.0;5683.0
80000;6986.0;1303.0;5683.0
80100;6967.0;1284.0;5683.0
80200;6967.0;1284.0;5683.0
80300;7005.0;1322.0;5683.0
80400;6951.5;1388.5;5563.0
80500;6798.0;1075.0;5723.0
80600;7047.0;1284.0;5763.0
80700;6687.0;1284.0;5403.0
80800;6895.0;1132.0;5763.0
80900;7167.0;1284.0;5883.0
81000;7047.0;1284.0;5763.0
81100;7056.5;1293.5;5763.0
81200;6487.0;1284.0;5203.0
81300;7218.0;1455.0;5763.0
81400;7047.0;1284.0;5763.0
81500;7106.0;1303.0;5803.0
81600;7285.0;1322.0;5963.0
81700;7127.0;1284.0;5843.0
81800;7117.5;1274.5;5843.0
81900;7266.0;1303.0;5963.0
82000;7146.0;1303.0;5843.0
82100;7574.0;1303.0;6271.0
82200;7021.0;1322.0;5699.0
82300;197255.0;191436.0;5819.0
82400;7122.0;1303.0;5819.0
82500;7133.5;1274.5;5859.0
82600;7202.0;1303.0;5899.0
82700;7202.0;1303.0;5899.0
82800;197335.0;191436.0;5899.0
82900;7202.0;1303.0;5899.0
83000;7590.0;1303.0;6287.0
83100;7220.0;1303.0;5917.0
83200;7220.0;1303.0;5917.0
83300;7220.0;1303.0;5917.0
83400;7191.5;1274.5;5917.0
83500;7073.0;1284.0;5789.0
83600;7166.5;1217.5;5949.0
83700;7106.0;1317.0;5789.0
83800;7805.0;1296.0;6509.0
83900;7857.5;1348.5;6509.0
84000;7287.0;1338.0;5949.0
84100;7715.0;1338.0;6377.0
84200;7340.0;1359.0;5981.0
84300;7319.0;1338.0;5981.0
84400;7683.5;1306.5;6377.0
84500;7397.0;1380.0;6017.0
84600;7433.0;1380.0;6053.0
84700;6641.0;1380.0;5261.0
84800;7901.0;1380.0;6521.0
84900;7520.0;1359.0;6161.0
85000;7299.0;1422.0;5877.0
85100;7518.0;1401.0;6117.0
85200;7377.0;1380.0;5997.0
85300;7537.0;1380.0;6157.0
85400;7257.0;1380.0;5877.0
85500;8002.0;1541.0;6461.0
85600;7307.0;1422.0;5885.0
85700;7558.0;1513.0;6045.0
85800;7467.0;1422.0;6045.0
85900;7523.0;1478.0;6045.0
86000;7403.0;1478.0;5925.0
86100;7643.0;1478.0;6165.0
86200;7523.0;1478.0;6045.0
86300;7683.0;1478.0;6205.0
86400;7622.0;1577.0;6045.0
86500;7576.5;1491.5;6085.0
86600;7563.0;1478.0;6085.0
86700;7723.0;1478.0;6245.0
86800;7607.5;1482.5;6125.0
86900;7607.5;1482.5;6125.0
87000;7612.0;1487.0;6125.0
87100;7612.0;1487.0;6125.0
87200;7621.0;1496.0;6125.0
87300;7772.0;1487.0;6285.0
87400;8172.0;1487.0;6685.0
87500;7652.0;1487.0;6165.0
87600;7669.5;1464.5;6205.0
87700;7692.0;1487.0;6205.0
87800;7641.0;1436.0;6205.0
87900;7746.0;1541.0;6205.0
88000;7617.0;1532.0;6085.0
88100;7737.0;1532.0;6205.0
88200;7897.0;1532.0;6365.0
88300;7744.0;1539.0;6205.0
88400;7646.0;1561.0;6085.0
88500;7795.0;1550.0;6245.0
88600;7835.0;1550.0;6285.0
88700;7944.0;1539.0;6405.0
88800;7824.0;1539.0;6285.0
88900;7912.0;1627.0;6285.0
89000;7748.0;1583.0;6165.0
89100;7813.0;1528.0;6285.0
89200;7978.5;1533.5;6445.0
89300;7835.0;1550.0;6285.0
89400;7835.0;1550.0;6285.0
89500;7858.5;1533.5;6325.0
89600;7926.0;1561.0;6365.0
89700;7833.0;1468.0;6365.0
89800;7933.0;1568.0;6365.0
89900;7933.0;1568.0;6365.0
90000;7843.0;1598.0;6245.0
90100;7933.0;1568.0;6365.0
90200;8003.0;1638.0;6365.0
90300;8118.0;1593.0;6525.0
90400;8003.0;1638.0;6365.0
90500;8073.0;1668.0;6405.0
90600;8113.0;1668.0;6445.0
90700;308263.0;301698.0;6565.0
90800;8155.0;1710.0;6445.0
90900;8155.0;1710.0;6445.0
91000;8179.0;1734.0;6445.0
91100;8083.0;1638.0;6445.0
91200;8155.0;1710.0;6445.0
91300;8071.0;1746.0;6325.0
91400;8219.0;1734.0;6485.0
91500;8123.0;1758.0;6365.0
91600;8235.0;1710.0;6525.0
91700;7755.0;1710.0;6045.0
91800;8795.0;1710.0;7085.0
91900;8115.0;1710.0;6405.0
92000;8187.0;1662.0;6525.0
92100;7411.0;1686.0;5725.0
92200;8247.0;1722.0;6525.0
92300;8371.0;1686.0;6685.0
92400;8247.0;1722.0;6525.0
92500;8251.0;1686.0;6565.0
92600;8291.0;1686.0;6605.0
92700;8123.0;1518.0;6605.0
92800;8459.0;1734.0;6725.0
92900;8195.0;1710.0;6485.0
93000;7371.0;1566.0;5805.0
93100;8451.0;1726.0;6725.0
93200;8275.0;1630.0;6645.0
93300;8211.0;1726.0;6485.0
93400;8443.0;1678.0;6765.0
93500;8403.0;1758.0;6645.0
93600;8411.0;1726.0;6685.0
93700;8203.0;1678.0;6525.0
93800;8379.0;1694.0;6685.0
93900;8291.0;1726.0;6565.0
94000;8435.0;1630.0;6805.0
94100;8467.0;1662.0;6805.0
94200;8539.0;1694.0;6845.0
94300;8379.0;1694.0;6685.0
94400;8539.0;1694.0;6845.0
94500;8507.0;1662.0;6845.0
94600;8459.0;1694.0;6765.0
94700;8715.0;1950.0;6765.0
94800;8627.0;1742.0;6885.0
94900;8491.0;1726.0;6765.0
95000;8459.0;1694.0;6765.0
95100;8019.0;1694.0;6325.0
95200;8459.0;1694.0;6765.0
95300;8371.0;1726.0;6645.0
95400;8459.0;1694.0;6765.0
95500;8363.0;1678.0;6685.0
95600;7947.0;1662.0;6285.0
95700;8611.0;1646.0;6965.0
95800;8659.0;1694.0;6965.0
95900;8539.0;1694.0;6845.0
96000;8587.0;1742.0;6845.0
96100;8872.0;1467.0;7405.0
96200;8592.0;1747.0;6845.0
96300;8487.0;1642.0;6845.0
96400;8032.0;1747.0;6285.0
96500;8232.0;1467.0;6765.0
96600;8707.0;1782.0;6925.0
96700;8672.0;1747.0;6925.0
96800;8792.0;1747.0;7045.0
96900;8757.5;1832.5;6925.0
97000;8693.0;1768.0;6925.0
97100;8735.0;1810.0;6925.0
97200;9128.5;1883.5;7245.0
97300;8741.0;1957.0;6784.0
97400;8274.0;1810.0;6464.0
97500;8827.5;1883.5;6944.0
97600;8843.0;1859.0;6984.0
97700;8892.0;1908.0;6984.0
97800;8843.0;1859.0;6984.0
97900;8580.0;1596.0;6984.0
98000;8800.0;1816.0;6984.0
98100;8800.0;1816.0;6984.0
98200;8800.0;1816.0;6984.0
98300;8680.0;1816.0;6864.0
98400;8745.0;1761.0;6984.0
98500;8720.0;1816.0;6904.0
98600;8935.0;1871.0;7064.0
98700;9198.0;2134.0;7064.0
98800;8994.0;1930.0;7064.0
98900;8892.0;1828.0;7064.0
99000;8823.0;1879.0;6944.0
99100;9121.5;2057.5;7064.0
99200;9103.0;1879.0;7224.0
99300;8383.0;1879.0;6504.0
99400;8943.0;1879.0;7064.0
99500;8983.0;1879.0;7104.0
99600;9023.0;1879.0;7144.0
99700;9023.0;1879.0;7144.0
99800;8972.0;1828.0;7144.0
99900;8921.0;1777.0;7144.0
100000;8801.0;1777.0;7024.0
100100;9176.0;2032.0;7144.0
100200;8870.0;1726.0;7144.0
100300;8972.0;1828.0;7144.0
100400;8997.5;1853.5;7144.0
100500;8961.0;1777.0;7184.0
100600;8841.0;1777.0;7064.0
100700;9121.0;1777.0;7344.0
100800;8950.0;1726.0;7224.0
100900;9001.0;1777.0;7224.0
101000;8593.0;1369.0;7224.0
101100;9001.0;1777.0;7224.0
101200;9161.0;1777.0;7384.0
101300;9041.0;1777.0;7264.0
101400;9161.0;1777.0;7384.0
101500;9161.0;1777.0;7384.0
101600;9132.0;1828.0;7304.0
101700;8521.0;1777.0;6744.0
101800;9081.0;1777.0;7304.0
101900;9030.0;1726.0;7304.0
102000;9124.5;1700.5;7424.0
102100;9081.0;1777.0;7304.0
102200;9234.0;1930.0;7304.0
102300;9004.5;1700.5;7304.0
102400;8521.0;1777.0;6744.0
102500;9478.0;2134.0;7344.0
102600;8982.5;1598.5;7384.0
102700;8950.0;1726.0;7224.0
102800;9110.0;1726.0;7384.0
102900;9110.0;1726.0;7384.0
103000;9357.5;1853.5;7504.0
103100;9059.0;1675.0;7384.0
103200;9620.0;2236.0;7384.0
103300;9263.0;1879.0;7384.0
103400;9219.0;1675.0;7544.0
103500;8695.5;1751.5;6944.0
103600;9241.0;1777.0;7464.0
103700;9030.0;1726.0;7304.0
103800;9190.0;1726.0;7464.0
103900;9241.0;1777.0;7464.0
104000;9241.0;1777.0;7464.0
104100;9088.0;1624.0;7464.0
104200;9121.0;1777.0;7344.0
104300;9292.0;1828.0;7464.0
104400;9241.0;1777.0;7464.0
104500;8681.0;1777.0;6904.0
104600;9372.0;1828.0;7544.0
104700;9015.0;1471.0;7544.0
104800;9244.5;1700.5;7544.0
104900;9372.0;1828.0;7544.0
105000;9372.0;1828.0;7544.0
105100;9397.5;1853.5;7544.0
105200;9201.0;1777.0;7424.0
105300;9270.0;1726.0;7544.0
105400;9124.5;1700.5;7424.0
105500;9769.0;2185.0;7584.0
105600;8840.0;1216.0;7624.0
105700;9401.0;1777.0;7624.0
105800;9401.0;1777.0;7624.0
105900;9332.0;1828.0;7504.0
106000;9299.0;1675.0;7624.0
106100;9265.0;1761.0;7504.0
106200;9441.0;1817.0;7624.0
106300;9497.0;1313.0;8184.0
106400;9509.0;1845.0;7664.0
106500;9601.0;1817.0;7784.0
106600;9605.0;1901.0;7704.0
106700;9521.0;1817.0;7704.0
106800;9521.0;1817.0;7704.0
106900;9521.0;1817.0;7704.0
107000;9563.0;1817.0;7746.0
107100;9010.0;1313.0;7697.0
107200;9458.0;1761.0;7697.0
107300;9282.0;1705.0;7577.0
107400;8834.0;1257.0;7577.0
107500;9562.0;1705.0;7857.0
107600;8978.0;1761.0;7217.0
107700;9538.0;1761.0;7777.0
107800;8922.0;1705.0;7217.0
107900;9418.0;1761.0;7657.0
108000;9454.0;1677.0;7777.0
108100;9538.0;1761.0;7777.0
108200;10098.0;1761.0;8337.0
108300;9866.0;2209.0;7657.0
108400;9538.0;1761.0;7777.0
108500;9578.0;1761.0;7817.0
108600;9618.0;1761.0;7857.0
108700;9618.0;1761.0;7857.0
108800;9682.0;1705.0;7977.0
108900;9562.0;1705.0;7857.0
109000;9738.0;1761.0;7977.0
109100;8946.0;1089.0;7857.0
109200;9442.0;1705.0;7737.0
109300;9562.0;1705.0;7857.0
109400;9993.0;1705.0;8288.0
109500;9623.0;1705.0;7918.0
109600;10164.0;2209.0;7955.0
109700;9996.0;2041.0;7955.0
109800;10086.0;1761.0;8325.0
109900;9688.0;1733.0;7955.0
110000;9800.0;1845.0;7955.0
110100;9772.0;1817.0;7955.0
110200;9646.0;1733.0;7913.0
110300;9890.0;1817.0;8073.0
110400;11002.0;2209.0;8793.0
110500;10302.0;1817.0;8485.0
110600;9862.0;1845.0;8017.0
110700;9274.0;1761.0;7513.0
110800;9742.0;1761.0;7981.0
110900;9886.0;1761.0;8125.0
111000;9778.0;1761.0;8017.0
111100;9602.0;1761.0;7841.0
111200;9778.0;1817.0;7961.0
111300;10207.5;1817.0;8390.5
111400;9757.0;1817.0;7940.0
111500;9797.0;1817.0;7980.0
111600;9893.0;1873.0;8020.0
111700;9893.0;1873.0;8020.0
111800;9928.0;1908.0;8020.0
111900;9928.0;1908.0;8020.0
112000;9368.0;1908.0;7460.0
112100;9128.0;1908.0;7220.0
112200;10004.5;1984.5;8020.0
112300;10106.5;2086.5;8020.0
112400;10488.0;1908.0;8580.0
112500;10172.0;2112.0;8060.0
112600;10059.0;1959.0;8100.0
112700;10237.5;2137.5;8100.0
112800;10135.5;2035.5;8100.0
112900;10059.0;1959.0;8100.0
113000;10135.5;2035.5;8100.0
113100;9575.5;2035.5;7540.0
113200;10059.0;1959.0;8100.0
113300;9862.5;1882.5;7980.0
113400;10059.0;1959.0;8100.0
113500;10099.0;1959.0;8140.0
113600;9579.0;1959.0;7620.0
113700;9579.0;1959.0;7620.0
113800;9731.0;1551.0;8180.0
113900;10139.0;1959.0;8180.0
114000;10139.0;1959.0;8180.0
114100;10190.0;2010.0;8180.0
114200;10088.0;1908.0;8180.0
114300;10699.0;1959.0;8740.0
114400;10139.0;1959.0;8180.0
114500;10059.0;1959.0;8100.0
114600;10059.0;1959.0;8100.0
114700;10416.0;2316.0;8100.0
114800;10168.0;1908.0;8260.0
114900;10243.0;1983.0;8260.0
115000;9691.0;1551.0;8140.0
115100;9890.5;1630.5;8260.0
115200;10204.0;1944.0;8260.0
115300;10204.0;1944.0;8260.0
115400;10204.0;1944.0;8260.0
115500;10329.5;2029.5;8300.0
115600;9923.5;2143.5;7780.0
115700;10284.0;1944.0;8340.0
115800;10797.0;2457.0;8340.0
115900;9714.0;1374.0;8340.0
116000;10278.0;2058.0;8220.0
116100;10397.0;2057.0;8340.0
116200;10397.0;2057.0;8340.0
116300;9885.0;1665.0;8220.0
116400;10397.0;2057.0;8340.0
116500;10045.0;1665.0;8380.0
116600;10477.0;2057.0;8420.0
116700;10085.0;1665.0;8420.0
116800;10477.0;2057.0;8420.0
116900;10357.0;2057.0;8300.0
117000;10526.0;2106.0;8420.0
117100;10477.0;2057.0;8420.0
117200;10550.5;2130.5;8420.0
117300;10357.0;2057.0;8300.0
117400;9868.0;2008.0;7860.0
117500;10517.0;2057.0;8460.0
117600;10434.5;1934.5;8500.0
117700;10557.0;2057.0;8500.0
117800;10348.0;2008.0;8340.0
117900;10508.0;2008.0;8500.0
118000;10508.0;2008.0;8500.0
118100;10949.0;2449.0;8500.0
118200;10557.0;2057.0;8500.0
118300;10557.0;2057.0;8500.0
118400;10557.0;2057.0;8500.0
118500;10597.0;2057.0;8540.0
118600;10686.0;2106.0;8580.0
118700;10759.5;2179.5;8580.0
118800;10126.0;2106.0;8020.0
118900;10686.0;2106.0;8580.0
119000;10735.0;2155.0;8580.0
119100;10610.0;1910.0;8700.0
119200;10615.0;2155.0;8460.0
119300;10735.0;2155.0;8580.0
119400;10735.0;2155.0;8580.0
119500;10726.0;2106.0;8620.0
119600;10815.0;2155.0;8660.0
119700;10766.0;2106.0;8660.0
119800;10815.0;2155.0;8660.0
119900;10741.5;2081.5;8660.0
120000;11030.0;2370.0;8660.0
120100;10859.0;2175.0;8684.0
120200;10859.0;2175.0;8684.0
120300;11051.0;2367.0;8684.0
120400;10856.0;2172.0;8684.0
120500;10924.0;2202.0;8722.0
120600;10962.0;2202.0;8760.0
120700;10962.0;2202.0;8760.0
120800;11046.0;2172.0;8874.0
120900;11046.0;2172.0;8874.0
121000;10962.0;2202.0;8760.0
121100;10484.0;1932.0;8552.0
121200;11084.0;2172.0;8912.0
121300;10849.0;2217.0;8632.0
121400;10924.0;2172.0;8752.0
121500;10691.5;2019.5;8672.0
121600;11009.0;2177.0;8832.0
121700;361009.0;352177.0;8832.0
121800;11009.0;2177.0;8832.0
121900;10974.0;2142.0;8832.0
122000;11079.0;2247.0;8832.0
122100;11079.0;2247.0;8832.0
122200;10519.0;2247.0;8272.0
122300;11439.0;2607.0;8832.0
122400;11250.0;2202.0;9048.0
122500;10628.0;2237.0;8391.0
122600;11276.0;2510.0;8766.0
122700;11231.0;2305.0;8926.0
122800;11190.0;2264.0;8926.0
122900;11169.5;2243.5;8926.0
123000;11152.0;2346.0;8806.0
123100;11169.5;2243.5;8926.0
123200;11231.0;2305.0;8926.0
123300;11231.0;2305.0;8926.0
123400;11169.5;2243.5;8926.0
123500;11271.0;2305.0;8966.0
123600;11311.0;2305.0;9006.0
123700;11431.0;2305.0;9126.0
123800;11372.5;2366.5;9006.0
123900;11311.0;2305.0;9006.0
124000;11352.0;2346.0;9006.0
124100;11352.0;2346.0;9006.0
124200;11331.5;2325.5;9006.0
124300;11352.0;2346.0;9006.0
124400;11375.5;2489.5;8886.0
124500;11433.0;2387.0;9046.0
124600;11514.0;2428.0;9086.0
124700;11446.0;2360.0;9086.0
124800;11446.0;2360.0;9086.0
124900;11605.0;2399.0;9206.0
125000;11485.0;2399.0;9086.0
125100;11326.0;2360.0;8966.0
125200;11407.0;2321.0;9086.0
125300;11543.5;2457.5;9086.0
125400;11465.5;2379.5;9086.0
125500;11567.0;2321.0;9246.0
125600;11565.0;2399.0;9166.0
125700;11526.0;2360.0;9166.0
125800;10985.5;2379.5;8606.0
125900;11919.0;2633.0;9286.0
126000;11367.0;2321.0;9046.0
126100;11607.0;2321.0;9286.0
126200;11487.0;2321.0;9166.0
126300;11487.0;2321.0;9166.0
126400;11545.5;2379.5;9166.0
126500;11407.0;2321.0;9086.0
126600;11609.0;2363.0;9246.0
126700;11651.0;2405.0;9246.0
126800;11787.0;2541.0;9246.0
126900;11764.0;2398.0;9366.0
127000;11644.0;2398.0;9246.0
127100;11633.0;2387.0;9246.0
127200;11546.0;2420.0;9126.0
127300;11666.0;2420.0;9246.0
127400;12402.0;2596.0;9806.0
127500;11940.0;2534.0;9406.0
127600;10896.0;2450.0;8446.0
127700;11616.0;2450.0;9166.0
127800;11628.0;2462.0;9166.0
127900;11896.0;2450.0;9446.0
128000;11682.0;2476.0;9206.0
128100;11908.0;2462.0;9446.0
128200;11816.0;2490.0;9326.0
128300;11941.0;2455.0;9486.0
128400;11802.0;2476.0;9326.0
128500;11842.0;2476.0;9366.0
128600;11868.0;2462.0;9406.0
128700;11882.0;2476.0;9406.0
128800;11896.0;2490.0;9406.0
128900;11896.0;2490.0;9406.0
129000;11896.0;2490.0;9406.0
129100;11882.0;2476.0;9406.0
129200;11847.0;2441.0;9406.0
129300;11896.0;2490.0;9406.0
129400;11896.0;2490.0;9406.0
129500;11955.5;2490.0;9465.5
129600;11994.0;2490.0;9504.0
129700;11980.0;2476.0;9504.0
129800;12001.0;2497.0;9504.0
129900;12032.5;2413.0;9619.5
130000;12092.0;2588.0;9504.0
130100;11994.0;2490.0;9504.0
130200;11973.0;2469.0;9504.0
130300;11524.0;2448.0;9076.0
130400;11992.0;2476.0;9516.0
130500;12046.0;2490.0;9556.0
130600;12054.0;2458.0;9596.0
130700;12062.0;2466.0;9596.0
130800;12070.0;2474.0;9596.0
130900;11910.0;2314.0;9596.0
131000;11933.0;2537.0;9396.0
131100;12194.0;2562.0;9632.0
131200;12194.0;2562.0;9632.0
131300;12156.5;2524.5;9632.0
131400;12296.0;2512.0;9784.0
131500;11637.0;2537.0;9100.0
131600;12251.5;2543.5;9708.0
131700;12292.0;2584.0;9708.0
131800;12265.0;2557.0;9708.0
131900;12265.0;2557.0;9708.0
132000;12265.0;2557.0;9708.0
132100;12238.0;2530.0;9708.0
132200;11908.0;2314.0;9594.0
132300;12250.0;2530.0;9720.0
132400;12916.0;2650.0;10266.0
132500;12299.0;2540.0;9759.0
132600;12338.0;2540.0;9798.0
132700;12371.0;2573.0;9798.0
132800;12305.0;2507.0;9798.0
132900;12221.0;2540.0;9681.0
133000;12455.0;2540.0;9915.0
133100;12371.0;2573.0;9798.0
133200;12360.0;2562.0;9798.0
133300;12254.0;2573.0;9681.0
133400;12360.0;2562.0;9798.0
133500;12399.0;2562.0;9837.0
133600;12592.0;2716.0;9876.0
133700;12416.0;2540.0;9876.0
133800;12416.0;2540.0;9876.0
133900;12493.0;2617.0;9876.0
134000;12475.0;2716.0;9759.0
134100;12511.0;2518.0;9993.0
134200;12277.0;2518.0;9759.0
134300;12321.0;2562.0;9759.0
134400;12418.0;2518.0;9900.0
134500;12455.0;2518.0;9937.0
134600;12492.0;2518.0;9974.0
134700;12492.0;2518.0;9974.0
134800;12492.0;2518.0;9974.0
134900;12492.0;2518.0;9974.0
135000;12492.0;2518.0;9974.0
135100;12393.0;2419.0;9974.0
135200;12640.0;2518.0;10122.0
135300;12308.0;2496.0;9812.0
135400;12626.0;2694.0;9932.0
135500;12916.0;2518.0;10398.0
135600;12507.0;2474.0;10033.0
135700;12705.0;2672.0;10033.0
135800;12529.0;2496.0;10033.0
135900;12562.0;2529.0;10033.0
136000;12660.5;2518.0;10142.5
136100;12529.0;2496.0;10033.0
136200;12562.0;2529.0;10033.0
136300;12562.0;2529.0;10033.0
136400;12540.0;2507.0;10033.0
136500;12499.5;2430.0;10069.5
136600;12602.0;2496.0;10106.0
136700;12591.0;2485.0;10106.0
136800;12733.5;2518.0;10215.5
136900;12602.0;2496.0;10106.0
137000;12635.0;2529.0;10106.0
137100;12422.0;2485.0;9937.0
137200;12531.0;2474.0;10057.0
137300;12713.0;2496.0;10217.0
137400;12433.0;2496.0;9937.0
137500;12593.0;2496.0;10097.0
137600;12622.0;2485.0;10137.0
137700;12611.0;2474.0;10137.0
137800;12395.0;2298.0;10097.0
137900;13192.0;2495.0;10697.0
138000;12752.0;2495.0;10257.0
138100;12632.0;2495.0;10137.0
138200;12657.0;2520.0;10137.0
138300;12657.0;2520.0;10137.0
138400;12487.0;2470.0;10017.0
138500;13272.0;2495.0;10777.0
138600;12687.0;2470.0;10217.0
138700;13056.0;2445.0;10611.0
138800;12657.5;2470.0;10187.5
138900;12696.0;2470.0;10226.0
139000;12671.0;2445.0;10226.0
139100;12530.0;2445.0;10085.0
139200;12712.5;2507.5;10205.0
139300;12115.0;2470.0;9645.0
139400;12750.0;2505.0;10245.0
139500;12750.0;2505.0;10245.0
139600;13392.0;2547.0;10845.0
139700;12686.0;2561.0;10125.0
139800;12686.0;2561.0;10125.0
139900;12867.0;2582.0;10285.0
140000;12846.0;2561.0;10285.0
140100;12307.0;2582.0;9725.0
140200;13006.0;2561.0;10445.0
140300;12846.0;2561.0;10285.0
140400;12846.0;2561.0;10285.0
140500;13300.0;2547.0;10753.0
140600;12930.0;2547.0;10383.0
140700;12930.0;2547.0;10383.0
140800;12944.0;2561.0;10383.0
140900;13041.0;2547.0;10494.0
141000;12930.0;2547.0;10383.0
141100;12824.0;2603.0;10221.0
141200;12888.0;2547.0;10341.0
141300;13048.0;2547.0;10501.0
141400;12728.0;2547.0;10181.0
141500;12328.0;2547.0;9781.0
141600;12947.0;2526.0;10421.0
141700;12982.0;2561.0;10421.0
141800;13088.0;2547.0;10541.0
141900;12968.0;2547.0;10421.0
142000;12968.0;2547.0;10421.0
142100;12947.0;2526.0;10421.0
142200;13064.0;2603.0;10461.0
142300;13464.0;2612.0;10852.0
142400;13096.0;2651.0;10445.0
142500;13196.0;2603.0;10593.0
142600;12968.0;2597.0;10371.0
142700;13119.0;2600.0;10519.0
142800;13119.0;2600.0;10519.0
142900;13137.0;2618.0;10519.0
143000;13128.0;2609.0;10519.0
143100;13128.0;2609.0;10519.0
143200;13128.0;2609.0;10519.0
143300;13116.0;2597.0;10519.0
143400;13122.0;2603.0;10519.0
143500;13165.0;2609.0;10556.0
143600;13244.0;2651.0;10593.0
143700;13229.0;2636.0;10593.0
143800;-959460.0;2603.0;-962063.0
143900;13196.0;2603.0;10593.0
144000;13130.0;2537.0;10593.0
144100;13196.0;2603.0;10593.0
144200;13190.0;2597.0;10593.0
144300;13597.0;2597.0;11000.0
144400;13184.0;2591.0;10593.0
144500;13227.0;2597.0;10630.0
144600;13264.0;2597.0;10667.0
144700;13065.0;2600.0;10465.0
144800;13216.0;2591.0;10625.0
144900;13228.0;2603.0;10625.0
145000;13222.0;2597.0;10625.0
145100;13222.0;2597.0;10625.0
145200;13243.0;2618.0;10625.0
145300;13234.0;2609.0;10625.0
145400;12662.0;2597.0;10065.0
145500;13274.0;2609.0;10665.0
145600;13356.0;2651.0;10705.0
145700;13302.0;2597.0;10705.0
145800;13142.0;2597.0;10545.0
145900;13296.0;2591.0;10705.0
146000;13305.0;2600.0;10705.0
146100;13296.0;2591.0;10705.0
146200;13296.0;2591.0;10705.0
146300;13302.0;2597.0;10705.0
146400;13453.0;2588.0;10865.0
146500;13342.0;2597.0;10745.0
146600;13894.0;2549.0;11345.0
146700;12822.0;2597.0;10225.0
146800;13942.0;2597.0;11345.0
146900;13544.0;2639.0;10905.0
147000;13394.0;2609.0;10785.0
147100;13418.0;2633.0;10785.0
147200;13092.0;2747.0;10345.0
147300;13424.0;2639.0;10785.0
147400;13464.0;2639.0;10825.0
147500;14316.0;2651.0;11665.0
147600;13516.0;2651.0;10865.0
147700;13344.0;2639.0;10705.0
147800;14076.0;2651.0;11425.0
147900;13300.0;2555.0;10745.0
148000;14076.0;2651.0;11425.0
148100;13516.0;2651.0;10865.0
148200;13534.0;2669.0;10865.0
148300;13486.0;2621.0;10865.0
148400;12968.0;2663.0;10305.0
148500;13592.0;2687.0;10905.0
148600;13581.0;2636.0;10945.0
148700;13581.0;2636.0;10945.0
148800;13581.0;2636.0;10945.0
148900;13597.0;2772.0;10825.0
149000;13581.0;2636.0;10945.0
149100;13674.5;2729.5;10945.0
149200;13598.0;2653.0;10945.0
149300;13918.0;2653.0;11265.0
149400;13758.0;2653.0;11105.0
149500;13611.0;2626.0;10985.0
149600;13634.0;2769.0;10865.0
149700;13976.0;2951.0;11025.0
149800;13729.0;2704.0;11025.0
149900;273872.0;262847.0;11025.0
150000;13807.0;2782.0;11025.0
150100;13768.0;2743.0;11025.0
150200;13915.0;2730.0;11185.0
150300;13928.0;2743.0;11185.0
150400;13902.0;2717.0;11185.0
150500;13808.0;2743.0;11065.0
150600;13528.0;2743.0;10785.0
150700;13848.0;2743.0;11105.0
150800;13848.0;2743.0;11105.0
150900;14030.0;2925.0;11105.0
151000;13728.0;2743.0;10985.0
151100;13848.0;2743.0;11105.0
151200;13848.0;2743.0;11105.0
151300;13848.0;2743.0;11105.0
151400;13822.0;2717.0;11105.0
151500;13810.0;2665.0;11145.0
151600;14136.0;2951.0;11185.0
151700;13876.0;2691.0;11185.0
151800;13716.0;2691.0;11025.0
151900;13889.0;2704.0;11185.0
152000;13824.0;2639.0;11185.0
152100;14084.0;2899.0;11185.0
152200;13876.0;2691.0;11185.0
152300;13876.0;2691.0;11185.0
152400;14036.0;2691.0;11345.0
152500;14036.0;2691.0;11345.0
152600;13796.0;2691.0;11105.0
152700;13796.0;2691.0;11105.0
152800;13956.0;2691.0;11265.0
152900;13969.0;2704.0;11265.0
153000;13904.0;2639.0;11265.0
153100;13930.0;2665.0;11265.0
153200;13370.0;2665.0;10705.0
153300;14529.0;2704.0;11825.0
153400;13845.0;2700.0;11145.0
153500;14005.0;2700.0;11305.0
153600;14013.5;2668.5;11345.0
153700;13843.0;2658.0;11185.0
153800;14045.0;2700.0;11345.0
153900;14013.5;2668.5;11345.0
154000;14165.0;2700.0;11465.0
154100;13925.0;2700.0;11225.0
154200;14003.0;2658.0;11345.0
154300;14455.0;2679.0;11776.0
154400;14069.0;2700.0;11369.0
154500;14116.5;2710.5;11406.0
154600;14222.5;2668.5;11554.0
154700;14101.0;2658.0;11443.0
154800;13934.0;2693.0;11241.0
154900;14084.5;2683.5;11401.0
155000;14233.0;2712.0;11521.0
155100;14649.0;2712.0;11937.0
155200;14135.5;2702.5;11433.0
155300;14013.0;2756.0;11257.0
155400;14013.0;2756.0;11257.0
155500;14866.0;2849.0;12017.0
155600;14255.0;2798.0;11457.0
155700;14669.0;2820.0;11849.0
155800;13829.0;2820.0;11009.0
155900;14350.0;2861.0;11489.0
156000;14391.0;2902.0;11489.0
156100;13940.0;2451.0;11489.0
156200;14910.0;2861.0;12049.0
156300;14329.5;2840.5;11489.0
156400;14391.0;2902.0;11489.0
156500;14431.0;2902.0;11529.0
156600;14512.0;2943.0;11569.0
156700;14512.0;2943.0;11569.0
156800;15353.0;2984.0;12369.0
156900;14576.5;3127.5;11449.0
157000;14553.0;2984.0;11569.0
157100;14713.0;2984.0;11729.0
157200;14594.0;3025.0;11569.0
157300;14594.0;3025.0;11569.0
157400;14474.0;3025.0;11449.0
157500;14634.0;3025.0;11609.0
157600;14674.0;3025.0;11649.0
157700;14674.0;3025.0;11649.0
157800;14674.0;3025.0;11649.0
157900;14817.5;3168.5;11649.0
158000;14674.0;3025.0;11649.0
158100;15234.0;3025.0;12209.0
158200;14674.0;3025.0;11649.0
158300;15002.0;3353.0;11649.0
158400;14589.0;3060.0;11529.0
158500;14869.0;3060.0;11809.0
158600;14789.0;3060.0;11729.0
158700;14713.0;3024.0;11689.0
158800;14753.0;3024.0;11729.0
158900;14699.0;2970.0;11729.0
159000;14681.0;2952.0;11729.0
159100;14753.0;3024.0;11729.0
159200;14681.0;2952.0;11729.0
159300;15277.0;2988.0;12289.0
159400;14717.0;2988.0;11729.0
159500;14721.0;2952.0;11769.0
159600;14797.0;2988.0;11809.0
159700;14925.0;3276.0;11649.0
159800;14781.0;3132.0;11649.0
159900;14917.0;2988.0;11929.0
160000;14953.0;3024.0;11929.0
160100;14833.0;3024.0;11809.0
160200;14833.0;3024.0;11809.0
160300;14309.0;3060.0;11249.0
160400;14869.0;3060.0;11809.0
160500;15153.0;3024.0;12129.0
160600;15473.0;3024.0;12449.0
160700;14877.0;2988.0;11889.0
160800;14961.0;2952.0;12009.0
160900;14841.0;2952.0;11889.0
161000;14913.0;3024.0;11889.0
161100;14841.0;2952.0;11889.0
161200;14841.0;2952.0;11889.0
161300;14245.0;2916.0;11329.0
161400;14721.0;2952.0;11769.0
161500;14881.0;2952.0;11929.0
161600;14957.0;2988.0;11969.0
161700;14743.0;2934.0;11809.0
161800;14957.0;2988.0;11969.0
161900;15481.0;2952.0;12529.0
162000;14837.0;2988.0;11849.0
162100;14903.0;2934.0;11969.0
162200;14819.0;2970.0;11849.0
162300;14849.0;2880.0;11969.0
162400;14993.0;3024.0;11969.0
162500;14961.0;2952.0;12009.0
162600;15037.0;2988.0;12049.0
162700;14877.0;2988.0;11889.0
162800;15037.0;2988.0;12049.0
162900;14749.0;2700.0;12049.0
163000;14917.0;2988.0;11929.0
163100;15157.0;2988.0;12169.0
163200;14953.0;3024.0;11929.0
163300;14423.0;2934.0;11489.0
163400;15073.0;3024.0;12049.0
163500;15077.0;2988.0;12089.0
163600;15171.0;3042.0;12129.0
163700;15081.0;2952.0;12129.0
163800;15605.0;2916.0;12689.0
163900;15135.0;3006.0;12129.0
164000;15273.0;3024.0;12249.0
164100;15698.0;3024.0;12674.0
164200;14753.0;3024.0;11729.0
164300;15157.0;2988.0;12169.0
164400;15121.0;2952.0;12169.0
164500;15215.0;3006.0;12209.0
164600;14987.0;2898.0;12089.0
164700;15201.0;2952.0;12249.0
164800;15201.0;2952.0;12249.0
164900;15255.0;3006.0;12249.0
165000;15081.0;2952.0;12129.0
165100;15201.0;2952.0;12249.0
165200;15219.0;2970.0;12249.0
165300;15081.0;2952.0;12129.0
165400;15453.0;3204.0;12249.0
165500;15029.0;2740.0;12289.0
165600;15289.0;2960.0;12329.0
165700;15049.0;2920.0;12129.0
165800;15249.0;2920.0;12329.0
165900;15249.0;2920.0;12329.0
166000;15409.0;2960.0;12449.0
166100;15729.0;2840.0;12889.0
166200;15289.0;2960.0;12329.0
166300;15289.0;2960.0;12329.0
166400;15169.0;2960.0;12209.0
166500;15309.0;2940.0;12369.0
166600;15089.0;2680.0;12409.0
166700;15409.0;3000.0;12409.0
166800;15409.0;3000.0;12409.0
166900;15369.0;2960.0;12409.0
167000;15429.0;3020.0;12409.0
167100;15369.0;2960.0;12409.0
167200;15249.0;2960.0;12289.0
167300;15369.0;2960.0;12409.0
167400;15369.0;2960.0;12409.0
167500;15409.0;2960.0;12449.0
167600;16009.0;2960.0;13049.0
167700;14889.0;2960.0;11929.0
167800;15409.0;2920.0;12489.0
167900;15449.0;2960.0;12489.0
168000;15449.0;2960.0;12489.0
168100;15449.0;2960.0;12489.0
168200;15429.0;2940.0;12489.0
168300;15429.0;2940.0;12489.0
168400;15369.0;3000.0;12369.0
168500;15489.0;2960.0;12529.0
168600;15529.0;2960.0;12569.0
168700;15529.0;2960.0;12569.0
168800;15529.0;2960.0;12569.0
168900;15689.0;3120.0;12569.0
169000;15529.0;2960.0;12569.0
169100;15409.0;2960.0;12449.0
169200;15489.0;2920.0;12569.0
169300;15589.0;3020.0;12569.0
169400;15321.0;2752.0;12569.0
169500;15577.0;2968.0;12609.0
169600;15617.0;2968.0;12649.0
169700;15617.0;2968.0;12649.0
169800;15617.0;2968.0;12649.0
169900;15209.0;3040.0;12169.0
170000;15569.0;3040.0;12529.0
170100;15617.0;2968.0;12649.0
170200;15689.0;3040.0;12649.0
170300;15635.0;2944.0;12691.0
170400;15148.0;2968.0;12180.0
170500;15951.0;2968.0;12983.0
170600;15804.0;3040.0;12764.0
170700;15523.0;2968.0;12555.0
170800;15643.0;2968.0;12675.0
170900;16507.0;2992.0;13515.0
171000;15683.0;2968.0;12715.0
171100;15635.0;2920.0;12715.0
171200;15171.0;3016.0;12155.0
171300;16243.0;2968.0;13275.0
171400;15683.0;2968.0;12715.0
171500;15243.0;2968.0;12275.0
171600;15763.0;2968.0;12795.0
171700;16195.0;3400.0;12795.0
171800;15835.0;3040.0;12795.0
171900;16115.0;3040.0;13075.0
172000;15811.0;3016.0;12795.0
172100;15811.0;3016.0;12795.0
172200;15811.0;3016.0;12795.0
172300;15811.0;3016.0;12795.0
172400;15811.0;3016.0;12795.0
172500;15851.0;3016.0;12835.0
172600;16383.0;3016.0;13367.0
172700;15531.0;2848.0;12683.0
172800;15811.0;2968.0;12843.0
172900;15839.0;2996.0;12843.0
173000;16255.0;3412.0;12843.0
173100;16399.0;2996.0;13403.0
173200;15667.0;2944.0;12723.0
173300;16111.0;3108.0;13003.0
173400;15867.0;3024.0;12843.0
173500;16451.0;2968.0;13483.0
173600;15851.0;2968.0;12883.0
173700;16899.0;3416.0;13483.0
173800;16011.0;2968.0;13043.0
173900;15891.0;2968.0;12923.0
174000;15219.0;2856.0;12363.0
174100;15955.0;2912.0;13043.0
174200;15995.0;2912.0;13083.0
174300;15751.0;2828.0;12923.0
174400;15779.0;2856.0;12923.0
174500;15735.0;2772.0;12963.0
174600;15867.0;2744.0;13123.0
174700;15859.0;2856.0;13003.0
174800;15971.0;2968.0;13003.0
174900;15882.5;2879.5;13003.0
175000;16245.0;2850.0;13395.0
175100;16485.5;2938.5;13547.0
175200;15865.0;2850.0;13015.0
175300;15865.0;2850.0;13015.0
175400;15865.0;2850.0;13015.0
175500;15903.0;2850.0;13053.0
175600;15941.0;2850.0;13091.0
175700;16114.0;2909.0;13205.0
175800;15962.0;2909.0;13053.0
175900;16055.0;2850.0;13205.0
176000;16561.5;2938.5;13623.0
176100;15911.5;2820.5;13091.0
176200;16413.0;3322.0;13091.0
176300;15997.0;2754.0;13243.0
176400;16200.0;3109.0;13091.0
176500;15812.0;2683.0;13129.0
176600;15883.0;2754.0;13129.0
176700;15713.0;2754.0;12959.0
176800;15873.0;2754.0;13119.0
176900;15806.5;2647.5;13159.0
177000;16033.0;2754.0;13279.0
177100;15225.0;2186.0;13039.0
177200;15984.0;2825.0;13159.0
177300;15806.5;2647.5;13159.0
177400;15913.0;2754.0;13159.0
177500;15385.0;2186.0;13199.0
177600;15797.5;2718.5;13079.0
177700;16113.5;2874.5;13239.0
177800;16083.0;2844.0;13239.0
177900;16144.0;2905.0;13239.0
178000;15654.0;2295.0;13359.0
178100;15963.0;2844.0;13119.0
178200;15643.0;2844.0;12799.0
178300;16022.0;2783.0;13239.0
178400;16144.0;2905.0;13239.0
178500;16003.0;2844.0;13159.0
178600;16224.0;2905.0;13319.0
178700;16163.0;2844.0;13319.0
178800;16003.0;2844.0;13159.0
178900;16043.0;2844.0;13199.0
179000;16224.0;2905.0;13319.0
179100;17024.0;2905.0;14119.0
179200;17272.0;3393.0;13879.0
179300;16224.0;2905.0;13319.0
179400;16254.5;2935.5;13319.0
179500;16203.0;2844.0;13359.0
179600;16363.0;2844.0;13519.0
179700;16060.0;2661.0;13399.0
179800;16182.0;2783.0;13399.0
179900;16243.0;2844.0;13399.0
180000;16803.0;2844.0;13959.0
180100;16243.0;2844.0;13399.0
180200;16311.5;2752.5;13559.0
180300;15755.0;2356.0;13399.0
180400;16123.0;2844.0;13279.0
180500;16342.0;2783.0;13559.0
180600;16292.5;2813.5;13479.0
180700;16016.0;2417.0;13599.0
180800;16323.0;2844.0;13479.0
180900;16384.0;2905.0;13479.0
181000;16597.5;3118.5;13479.0
181100;16384.0;2905.0;13479.0
181200;15896.0;2417.0;13479.0
181300;16944.0;2905.0;14039.0
181400;16384.0;2905.0;13479.0
181500;16363.0;2844.0;13519.0
181600;16403.0;2844.0;13559.0
181700;16403.0;2844.0;13559.0
181800;16417.0;2858.0;13559.0
181900;16476.0;2917.0;13559.0
182000;15857.0;2858.0;12999.0
182100;16625.5;2946.5;13679.0
182200;16328.5;2769.5;13559.0
182300;16297.0;2858.0;13439.0
182400;16257.0;2858.0;13399.0
182500;16929.0;3330.0;13599.0
182600;16393.0;2754.0;13639.0
182700;16537.0;2898.0;13639.0
182800;16465.0;2826.0;13639.0
182900;16399.5;2760.5;13639.0
183000;15844.0;2325.0;13519.0
183100;16567.0;2928.0;13639.0
183200;16500.0;2861.0;13639.0
183300;16476.0;3397.0;13079.0
183400;16660.0;2861.0;13799.0
183500;16540.0;2861.0;13679.0
183600;16573.5;2894.5;13679.0
183700;16647.0;2928.0;13719.0
183800;15633.0;2794.0;12839.0
183900;16580.0;2861.0;13719.0
184000;16580.0;2861.0;13719.0
184100;16259.0;2660.0;13599.0
184200;16460.0;2861.0;13599.0
184300;17250.0;3531.0;13719.0
184400;16420.0;2861.0;13559.0
184500;16620.0;2861.0;13759.0
184600;16660.0;2861.0;13799.0
184700;17113.0;2514.0;14599.0
184800;16171.0;2372.0;13799.0
184900;17307.0;3508.0;13799.0
185000;17624.5;3265.5;14359.0
185100;16696.0;2897.0;13799.0
185200;16629.0;2830.0;13799.0
185300;17509.0;2830.0;14679.0
185400;16629.0;2830.0;13799.0
185500;16200.0;2361.0;13839.0
185600;16616.0;2897.0;13719.0
185700;15896.0;2897.0;12999.0
185800;16776.0;2897.0;13879.0
185900;16966.0;2967.0;13999.0
186000;16846.0;2967.0;13879.0
186100;16846.0;2967.0;13879.0
186200;16390.0;2511.0;13879.0
186300;17125.0;3366.0;13759.0
186400;16925.5;3046.5;13879.0
186500;16717.0;2798.0;13919.0
186600;16757.0;2798.0;13959.0
186700;16597.0;2798.0;13799.0
186800;16757.0;2798.0;13959.0
186900;16686.0;2727.0;13959.0
187000;16718.0;2759.0;13959.0
187100;16972.0;2893.0;14079.0
187200;16710.5;2591.5;14119.0
187300;17012.0;2893.0;14119.0
187400;16852.0;2893.0;13959.0
187500;16892.0;2893.0;13999.0
187600;16772.0;2893.0;13879.0
187700;16932.0;2893.0;14039.0
187800;16932.0;2893.0;14039.0
187900;16932.0;2893.0;14039.0
188000;16711.5;2792.5;13919.0
188100;16132.0;2893.0;13239.0
188200;16458.5;2859.5;13599.0
188300;16865.0;2826.0;14039.0
188400;16745.0;2826.0;13919.0
188500;16905.0;2826.0;14079.0
188600;16878.0;2759.0;14119.0
188700;16811.0;2692.0;14119.0
188800;17538.5;2859.5;14679.0
188900;16878.0;2759.0;14119.0
189000;16878.0;2759.0;14119.0
189100;16998.0;2759.0;14239.0
189200;17079.0;2960.0;14119.0
189300;16811.0;2692.0;14119.0
189400;16251.0;2692.0;13559.0
189500;16784.0;2625.0;14159.0
189600;16891.0;2692.0;14199.0
189700;16666.0;3027.0;13639.0
189800;16431.5;2792.5;13639.0
189900;16638.0;2759.0;13879.0
190000;17078.0;2759.0;14319.0
190100;17025.0;2826.0;14199.0
190200;16398.0;2759.0;13639.0
190300;16158.0;2759.0;13399.0
190400;16891.0;2692.0;14199.0
190500;16844.5;2725.5;14119.0
190600;17126.0;2847.0;14279.0
190700;17231.0;2952.0;14279.0
190800;17231.0;2952.0;14279.0
190900;17006.0;2847.0;14159.0
191000;17091.0;2812.0;14279.0
191100;17076.0;2917.0;14159.0
191200;17076.0;2917.0;14159.0
191300;17266.0;2987.0;14279.0
191400;17196.0;2917.0;14279.0
191500;17116.0;2917.0;14199.0
191600;18046.0;3687.0;14359.0
191700;17116.0;2917.0;14199.0
191800;17276.0;2917.0;14359.0
191900;17466.0;2987.0;14479.0
192000;17346.0;2987.0;14359.0
192100;17416.0;3057.0;14359.0
192200;17346.0;2987.0;14359.0
192300;17611.0;3372.0;14239.0
192400;17381.0;3022.0;14359.0
192500;17456.0;3057.0;14399.0
192600;17657.0;3098.0;14559.0
192700;17506.0;3067.0;14439.0
192800;17506.0;3067.0;14439.0
192900;17730.0;3171.0;14559.0
193000;17678.0;3239.0;14439.0
193100;17644.0;3205.0;14439.0
193200;17050.0;3171.0;13879.0
193300;17304.0;2865.0;14439.0
193400;17678.0;3239.0;14439.0
193500;17820.0;3341.0;14479.0
193600;17758.0;3239.0;14519.0
193700;17656.0;3137.0;14519.0
193800;18318.0;3239.0;15079.0
193900;17758.0;3239.0;14519.0
194000;18318.0;3239.0;15079.0
194100;17878.0;3239.0;14639.0
194200;698166.0;683647.0;14519.0
194300;17962.0;3443.0;14519.0
194400;17638.0;3239.0;14399.0
194500;17798.0;3239.0;14559.0
194600;17940.0;3341.0;14599.0
194700;18026.0;3307.0;14719.0
194800;17026.0;3307.0;13719.0
194900;17426.0;3307.0;14119.0
195000;18008.0;3409.0;14599.0
195100;17752.0;3273.0;14479.0
195200;17974.0;3375.0;14599.0
195300;17872.0;3273.0;14599.0
195400;17770.0;3171.0;14599.0
195500;18553.0;3375.0;15178.0
195600;17528.0;2831.0;14697.0
195700;18072.0;3375.0;14697.0
195800;18072.0;3375.0;14697.0
195900;18132.0;3647.0;14485.0
196000;17958.0;3273.0;14685.0
196100;18060.0;3375.0;14685.0
196200;17940.0;3375.0;14565.0
196300;18060.0;3375.0;14685.0
196400;18060.0;3375.0;14685.0
196500;18100.0;3375.0;14725.0
196600;18140.0;3375.0;14765.0
196700;17592.0;3307.0;14285.0
196800;17862.0;3137.0;14725.0
196900;17512.0;3307.0;14205.0
197000;18072.0;3307.0;14765.0
197100;18616.0;3851.0;14765.0
197200;18072.0;3307.0;14765.0
197300;18114.5;3349.5;14765.0
197400;18274.5;3349.5;14925.0
197500;18123.0;3438.0;14685.0
197600;18314.5;3349.5;14965.0
197700;18342.0;3497.0;14845.0
197800;18344.0;3379.0;14965.0
197900;18784.0;3379.0;15405.0
198000;18224.0;3379.0;14845.0
198100;18135.5;3290.5;14845.0
198200;18076.5;3231.5;14845.0
198300;18104.0;3379.0;14725.0
198400;18015.5;3290.5;14725.0
198500;18144.0;3379.0;14765.0
198600;18018.0;3653.0;14365.0
198700;17758.0;3393.0;14365.0
198800;18318.0;3393.0;14925.0
198900;17782.0;2977.0;14805.0
199000;18318.0;3393.0;14925.0
199100;17902.0;2977.0;14925.0
199200;18370.0;3445.0;14925.0
199300;18370.0;3445.0;14925.0
199400;18452.0;3497.0;14955.0
199500;18437.5;3445.0;14992.5
199600;18437.5;3445.0;14992.5
199700;18587.5;3445.0;15142.5
199800;18475.0;3445.0;15030.0
199900;19104.0;3549.0;15555.0
200000;18527.0;3497.0;15030.0
200100;18527.0;3497.0;15030.0
200200;18787.0;3757.0;15030.0
200300;18882.5;3702.5;15180.0
200400;18714.0;3684.0;15030.0
200500;18714.5;3647.0;15067.5
200600;18767.5;3700.0;15067.5
200700;18627.0;3717.0;14910.0
200800;18801.0;3731.0;15070.0
200900;18921.0;3731.0;15190.0
201000;18289.0;3339.0;14950.0
201100;18970.0;3780.0;15190.0
201200;18850.0;3780.0;15070.0
201300;18363.5;3853.5;14510.0
201400;18841.0;3731.0;15110.0
201500;19010.0;3780.0;15230.0
201600;18890.0;3780.0;15110.0
201700;19028.0;3878.0;15150.0
201800;19420.0;4270.0;15150.0
201900;18988.5;3838.5;15150.0
202000;19078.5;3928.5;15150.0
202100;19011.0;3861.0;15150.0
202200;19011.0;3861.0;15150.0
202300;19616.0;3906.0;15710.0
202400;19208.5;4018.5;15190.0
202500;19088.5;4018.5;15070.0
202600;19051.0;3861.0;15190.0
202700;18211.0;3861.0;14350.0
202800;19091.0;3861.0;15230.0
202900;19211.0;3861.0;15350.0
203000;19251.0;3861.0;15390.0
203100;19091.0;3861.0;15230.0
203200;19091.0;3861.0;15230.0
203300;19251.0;3861.0;15390.0
203400;19131.0;3861.0;15270.0
203500;19677.0;3861.0;15816.0
203600;19098.5;3928.5;15170.0
203700;19342.0;3906.0;15436.0
203800;20120.0;4266.0;15854.0
203900;19228.0;3906.0;15322.0
204000;19225.0;3861.0;15364.0
204100;19225.0;3861.0;15364.0
204200;19225.0;3861.0;15364.0
204300;19318.0;3816.0;15502.0
204400;19030.0;3816.0;15214.0
204500;19147.0;3816.0;15331.0
204600;18562.0;3816.0;14746.0
204700;19303.0;3816.0;15487.0
204800;19664.5;3748.5;15916.0
204900;19030.0;3816.0;15214.0
205000;19754.5;3838.5;15916.0
205100;19276.0;3906.0;15370.0
205200;19342.0;3816.0;15526.0
205300;19186.0;3816.0;15370.0
205400;19180.0;3771.0;15409.0
205500;19270.0;3861.0;15409.0
205600;19270.0;3861.0;15409.0
205700;19381.0;3816.0;15565.0
205800;19323.0;3875.0;15448.0
205900;18823.0;3531.0;15292.0
206000;19713.0;3875.0;15838.0
206100;19206.0;3875.0;15331.0
206200;19323.0;3875.0;15448.0
206300;19514.0;4066.0;15448.0
206400;19378.0;3891.0;15487.0
206500;19413.0;3926.0;15487.0
206600;19469.0;3982.0;15487.0
206700;19169.0;3799.0;15370.0
206800;18894.5;3914.5;14980.0
206900;19490.0;3964.0;15526.0
207000;19490.0;3964.0;15526.0
207100;19391.0;3865.0;15526.0
207200;19523.0;3997.0;15526.0
207300;19490.0;3964.0;15526.0
207400;19562.0;3997.0;15565.0
207500;19581.5;3997.0;15584.5
207600;19515.5;3931.0;15584.5
207700;19731.5;3997.0;15734.5
207800;19391.0;3964.0;15427.0
207900;19551.0;3964.0;15587.0
208000;19518.0;3931.0;15587.0
208100;19815.0;4228.0;15587.0
208200;19518.0;3931.0;15587.0
208300;19518.0;3931.0;15587.0
208400;19558.0;3931.0;15627.0
208500;19942.0;4195.0;15747.0
208600;19558.0;3931.0;15627.0
208700;19631.0;3964.0;15667.0
208800;19668.5;3881.5;15787.0
208900;19831.0;4044.0;15787.0
209000;19745.5;4078.5;15667.0
209100;19802.0;3975.0;15827.0
209200;19918.0;4251.0;15667.0
209300;19728.0;4021.0;15707.0
209400;19128.0;4021.0;15107.0
209500;19585.0;3998.0;15587.0
209600;19728.0;4021.0;15707.0
209700;19733.5;3986.5;15747.0
209800;19952.0;4205.0;15747.0
209900;19779.5;4032.5;15747.0
210000;19745.0;3998.0;15747.0
210100;19602.0;3975.0;15627.0
210200;19790.5;4043.5;15747.0
210300;19762.0;4015.0;15747.0
210400;19802.0;4015.0;15787.0
210500;19802.0;4015.0;15787.0
210600;19802.0;4015.0;15787.0
210700;209758.0;194091.0;15667.0
210800;19842.0;4015.0;15827.0
210900;19775.5;3948.5;15827.0
211000;19813.5;3986.5;15827.0
211100;19703.0;3996.0;15707.0
211200;19703.0;3996.0;15707.0
211300;19741.0;4034.0;15707.0
211400;19402.0;4015.0;15387.0
211500;19882.0;4015.0;15867.0
211600;19882.0;4015.0;15867.0
211700;19922.0;4015.0;15907.0
211800;19922.0;4015.0;15907.0
211900;19770.0;3863.0;15907.0
212000;19941.0;4034.0;15907.0
212100;20527.0;4034.0;16493.0
212200;20356.0;4015.0;16341.0
212300;20071.0;3996.0;16075.0
212400;20014.0;4167.0;15847.0
212500;19957.0;3996.0;15961.0
212600;19691.0;3844.0;15847.0
212700;19562.0;4095.0;15467.0
212800;20138.0;4025.0;16113.0
212900;20096.0;4097.0;15999.0
213000;20084.0;4085.0;15999.0
213100;19962.0;4077.0;15885.0
213200;19560.0;4093.0;15467.0
213300;20100.0;4101.0;15999.0
213400;19552.0;4085.0;15467.0
213500;20126.0;4089.0;16037.0
213600;20122.0;4085.0;16037.0
213700;20262.0;4073.0;16189.0
213800;20160.0;4085.0;16075.0
213900;19652.0;4109.0;15543.0
214000;20152.0;4077.0;16075.0
214100;20164.0;4089.0;16075.0
214200;20304.0;4077.0;16227.0
214300;20038.0;4077.0;15961.0
214400;20304.0;4077.0;16227.0
214500;19620.0;4077.0;15543.0
214600;20760.0;4077.0;16683.0
214700;20236.0;4085.0;16151.0
214800;20350.0;4085.0;16265.0
214900;20236.0;4085.0;16151.0
215000;20122.0;4085.0;16037.0
215100;20240.0;4089.0;16151.0
215200;20258.0;4069.0;16189.0
215300;20228.0;4077.0;16151.0
215400;19688.0;4069.0;15619.0
215500;20330.0;4141.0;16189.0
215600;20380.0;4077.0;16303.0
215700;20304.0;4077.0;16227.0
215800;20418.0;4077.0;16341.0
215900;20418.0;4077.0;16341.0
216000;19772.0;4077.0;15695.0
216100;20304.0;4077.0;16227.0
216200;20456.0;4077.0;16379.0
216300;20190.0;4077.0;16113.0
216400;20342.0;4077.0;16265.0
216500;20228.0;4077.0;16151.0
216600;20406.0;4141.0;16265.0
216700;20380.0;4077.0;16303.0
216800;20388.0;4085.0;16303.0
216900;20494.0;4077.0;16417.0
217000;20406.0;4073.0;16333.0
217100;20544.0;4069.0;16475.0
217200;19901.0;4077.0;15824.0
217300;20584.0;4085.0;16499.0
217400;20463.5;4077.0;16386.5
217500;20502.5;4077.0;16425.5
217600;20502.5;4077.0;16425.5
217700;20549.0;4089.0;16460.0
217800;20117.0;4077.0;16040.0
217900;20503.0;4013.0;16490.0
218000;20567.0;4077.0;16490.0
218100;20567.0;4077.0;16490.0
218200;20575.0;4085.0;16490.0
218300;20567.0;4077.0;16490.0
218400;20612.5;4085.0;16527.5
218500;20391.0;4021.0;16370.0
218600;20587.0;4097.0;16490.0
218700;20623.0;4093.0;16530.0
218800;20607.0;4077.0;16530.0
218900;20455.0;4085.0;16370.0
219000;20615.0;4085.0;16530.0
219100;20783.0;4093.0;16690.0
219200;20611.0;4081.0;16530.0
219300;20623.0;4093.0;16530.0
219400;20655.0;4085.0;16570.0
219500;20671.0;4101.0;16570.0
219600;20671.0;4101.0;16570.0
219700;21271.0;4101.0;17170.0
219800;20551.0;4101.0;16450.0
219900;20831.0;4101.0;16730.0
220000;20519.0;4109.0;16410.0
220100;20703.0;4093.0;16610.0
220200;20719.0;4109.0;16610.0
220300;20719.0;4109.0;16610.0
220400;20759.0;4109.0;16650.0
220500;20695.0;4045.0;16650.0
220600;20151.0;4101.0;16050.0
220700;20751.0;4101.0;16650.0
220800;21179.0;4101.0;17078.0
220900;20920.0;4101.0;16819.0
221000;20809.0;4101.0;16708.0
221100;20813.0;4105.0;16708.0
221200;21631.0;4109.0;17522.0
221300;20821.0;4113.0;16708.0
221400;20977.0;4121.0;16856.0
221500;20639.0;4109.0;16530.0
221600;20903.0;4173.0;16730.0
221700;20887.0;4117.0;16770.0
221800;20735.0;4125.0;16610.0
221900;20863.0;4133.0;16730.0
222000;20895.0;4125.0;16770.0
222100;20887.0;4117.0;16770.0
222200;20895.0;4125.0;16770.0
222300;20895.0;4125.0;16770.0
222400;20935.0;4125.0;16810.0
222500;20911.0;4101.0;16810.0
222600;20871.0;4061.0;16810.0
222700;20999.0;4149.0;16850.0
222800;20975.0;4125.0;16850.0
222900;20415.0;4125.0;16290.0
223000;20967.0;4117.0;16850.0
223100;20950.0;4100.0;16850.0
223200;21145.0;4135.0;17010.0
223300;21125.0;4115.0;17010.0
223400;21025.0;4135.0;16890.0
223500;21020.0;4130.0;16890.0
223600;21145.0;4135.0;17010.0
223700;21055.0;4125.0;16930.0
223800;21065.0;4135.0;16930.0
223900;20840.0;4070.0;16770.0
224000;20955.0;4145.0;16810.0
224100;20940.0;4130.0;16810.0
224200;21195.0;4265.0;16930.0
224300;21093.0;4145.0;16948.0
224400;21317.0;4215.0;17102.0
224500;21121.5;4135.0;16986.5
224600;21031.0;4160.0;16871.0
224700;21180.0;4155.0;17025.0
224800;21016.0;4145.0;16871.0
224900;21100.5;4229.5;16871.0
225000;21270.0;4239.0;17031.0
225100;21426.0;4239.0;17187.0
225200;21259.0;4228.0;17031.0
225300;21175.0;4261.0;16914.0
225400;21331.0;4261.0;17070.0
225500;21905.0;4250.0;17655.0
225600;21353.0;4283.0;17070.0
225700;21509.0;4283.0;17226.0
225800;21509.0;4283.0;17226.0
225900;21392.0;4283.0;17109.0
226000;21326.0;4217.0;17109.0
226100;21370.0;4261.0;17109.0
226200;21412.0;4303.0;17109.0
226300;21592.0;4327.0;17265.0
226400;21334.0;4303.0;17031.0
226500;21467.0;4319.0;17148.0
226600;21427.0;4279.0;17148.0
226700;21427.0;4279.0;17148.0
226800;21607.0;4303.0;17304.0
226900;20944.0;4303.0;16641.0
227000;21373.0;4303.0;17070.0
227100;21546.0;4359.0;17187.0
227200;21373.0;4303.0;17070.0
227300;21490.0;4303.0;17187.0
227400;21529.0;4303.0;17226.0
227500;21545.0;4319.0;17226.0
227600;21561.0;4335.0;17226.0
227700;21584.0;4319.0;17265.0
227800;21619.0;4354.0;17265.0
227900;21630.0;4365.0;17265.0
228000;21702.0;4437.0;17265.0
228100;21114.0;4395.0;16719.0
228200;21816.0;4395.0;17421.0
228300;21630.0;4365.0;17265.0
228400;21693.0;4389.0;17304.0
228500;21699.0;4395.0;17304.0
228600;21687.0;4383.0;17304.0
228700;21690.0;4347.0;17343.0
228800;21726.0;4383.0;17343.0
228900;21780.0;4437.0;17343.0
229000;21732.0;4389.0;17343.0
229100;22581.0;4380.0;18201.0
229200;21750.0;4407.0;17343.0
229300;21726.0;4383.0;17343.0
229400;21188.0;4397.0;16791.0
229500;21168.0;4377.0;16791.0
229600;21804.0;4413.0;17391.0
229700;21820.0;4389.0;17431.0
229800;21882.5;4451.5;17431.0
229900;21850.0;4419.0;17431.0
230000;21723.5;4412.5;17311.0
230100;21863.0;4432.0;17431.0
230200;21863.0;4432.0;17431.0
230300;21876.0;4445.0;17431.0
230400;21903.0;4432.0;17471.0
230500;21942.0;4471.0;17471.0
230600;21929.0;4458.0;17471.0
230700;21861.0;4510.0;17351.0
230800;21796.0;4445.0;17351.0
230900;21956.0;4445.0;17511.0
231000;21969.0;4458.0;17511.0
231100;21836.0;4445.0;17391.0
231200;22116.0;4445.0;17671.0
231300;22246.0;4575.0;17671.0
231400;22129.0;4458.0;17671.0
231500;22009.0;4458.0;17551.0
231600;21542.0;4471.0;17071.0
231700;21489.0;4458.0;17031.0
231800;22049.0;4458.0;17591.0
231900;22049.0;4458.0;17591.0
232000;22433.0;4458.0;17975.0
232100;22086.0;4471.0;17615.0
232200;22249.5;4490.5;17759.0
232300;21916.5;4477.5;17439.0
232400;22070.0;4471.0;17599.0
232500;21966.0;4367.0;17599.0
232600;22070.0;4471.0;17599.0
232700;22110.0;4471.0;17639.0
232800;22110.0;4471.0;17639.0
232900;22077.5;4438.5;17639.0
233000;22230.0;4471.0;17759.0
233100;22130.5;4451.5;17679.0
233200;22270.0;4471.0;17799.0
233300;22110.0;4471.0;17639.0
233400;22374.0;4575.0;17799.0
233500;22189.0;4510.0;17679.0
233600;22030.0;4471.0;17559.0
233700;21565.0;4406.0;17159.0
233800;22190.0;4471.0;17719.0
233900;22170.5;4451.5;17719.0
234000;22329.5;4490.5;17839.0
234100;22070.0;4471.0;17599.0
234200;22177.0;4458.0;17719.0
234300;22190.0;4471.0;17719.0
234400;21610.5;4451.5;17159.0
234500;22184.5;4425.5;17759.0
234600;22256.0;4471.0;17785.0
234700;22142.0;4471.0;17671.0
234800;22281.0;4458.0;17823.0
234900;22142.0;4471.0;17671.0
235000;22165.5;4490.5;17675.0
235100;22306.0;4471.0;17835.0
235200;22285.5;4490.5;17795.0
235300;22165.5;4490.5;17675.0
235400;21686.5;4451.5;17235.0
235500;22471.5;4516.5;17955.0
235600;21543.0;4548.0;16995.0
235700;22410.5;4535.5;17875.0
235800;22423.0;4548.0;17875.0
235900;21818.0;4503.0;17315.0
236000;22418.0;4543.0;17875.0
236100;22573.0;4538.0;18035.0
236200;22293.0;4538.0;17755.0
236300;22321.0;4566.0;17755.0
236400;22601.0;4566.0;18035.0
236500;22482.5;4567.5;17915.0
236600;22482.0;4567.0;17915.0
236700;21976.0;4581.0;17395.0
236800;22569.0;4614.0;17955.0
236900;22333.0;4538.0;17795.0
237000;22619.0;4664.0;17955.0
237100;22598.0;4643.0;17955.0
237200;22786.0;4671.0;18115.0
237300;22542.0;4587.0;17955.0
237400;22582.0;4587.0;17995.0
237500;22704.0;4683.0;18021.0
237600;22584.0;4677.0;17907.0
237700;22742.0;4683.0;18059.0
237800;22856.0;4683.0;18173.0
237900;22856.0;4683.0;18173.0
238000;22760.0;4701.0;18059.0
238100;22742.0;4683.0;18059.0
238200;22742.0;4683.0;18059.0
238300;22894.0;4683.0;18211.0
238400;22798.0;4701.0;18097.0
238500;22798.0;4701.0;18097.0
238600;22894.0;4683.0;18211.0
238700;22818.0;4683.0;18135.0
238800;21994.0;4695.0;17299.0
238900;22830.0;4695.0;18135.0
239000;22830.0;4695.0;18135.0
239100;22812.0;4677.0;18135.0
239200;22884.0;4749.0;18135.0
239300;22830.0;4695.0;18135.0
239400;22982.0;4695.0;18287.0
239500;22970.0;4683.0;18287.0
239600;22658.0;4599.0;18059.0
239700;22936.0;4683.0;18253.0
239800;22828.0;4575.0;18253.0
239900;22912.0;4659.0;18253.0
240000;22948.0;4695.0;18253.0
240100;22924.0;4671.0;18253.0
240200;23431.0;4695.0;18736.0
240300;22936.0;4683.0;18253.0
240400;22970.5;4683.0;18287.5
240500;23482.0;4677.0;18805.0
240600;22970.5;4683.0;18287.5
240700;23120.5;4695.0;18425.5
240800;23120.5;4695.0;18425.5
240900;23059.0;4737.0;18322.0
241000;23029.0;4707.0;18322.0
241100;23155.0;4695.0;18460.0
241200;22844.0;4719.0;18125.0
241300;22952.0;4707.0;18245.0
241400;22146.0;4701.0;17445.0
241500;22980.0;4695.0;18285.0
241600;22992.0;4707.0;18285.0
241700;22909.0;4744.0;18165.0
241800;23107.0;4782.0;18325.0
241900;23050.0;4725.0;18325.0
242000;23130.0;4763.0;18367.0
242100;23130.0;4763.0;18367.0
242200;23130.0;4763.0;18367.0
242300;23111.0;4744.0;18367.0
242400;23166.5;4763.0;18403.5
242500;23157.0;4753.5;18403.5
242600;23166.5;4763.0;18403.5
242700;23184.0;4744.0;18440.0
242800;23222.0;4782.0;18440.0
242900;23312.5;4763.0;18549.5
243000;23238.0;4798.0;18440.0
243100;23384.0;4798.0;18586.0
243200;23238.0;4798.0;18440.0
243300;23384.0;4798.0;18586.0
243400;23338.5;4862.0;18476.5
243500;23736.0;4858.0;18878.0
243600;23444.0;4858.0;18586.0
243700;23204.0;4900.0;18304.0
243800;23364.0;4900.0;18464.0
243900;23348.0;4884.0;18464.0
244000;22804.0;4900.0;17904.0
244100;23364.0;4900.0;18464.0
244200;23238.0;4894.0;18344.0
244300;23364.0;4900.0;18464.0
244400;23407.0;4903.0;18504.0
244500;23401.0;4897.0;18504.0
244600;23415.0;4911.0;18504.0
244700;23451.0;4907.0;18544.0
244800;23440.0;4896.0;18544.0
244900;23282.0;4898.0;18384.0
245000;23324.0;4900.0;18424.0
245100;23458.0;4914.0;18544.0
245200;23602.0;4898.0;18704.0
245300;23432.0;4888.0;18544.0
245400;23480.0;4896.0;18584.0
245500;23477.0;4893.0;18584.0
245600;23480.0;4896.0;18584.0
245700;23523.0;4899.0;18624.0
245800;23658.0;4914.0;18744.0
245900;23527.0;4903.0;18624.0
246000;23518.0;4894.0;18624.0
246100;23520.0;4896.0;18624.0
246200;23590.0;4966.0;18624.0
246300;23590.0;4966.0;18624.0
246400;23504.5;4960.5;18544.0
246500;23521.0;4977.0;18544.0
246600;23641.0;4977.0;18664.0
246700;23504.5;4960.5;18544.0
246800;23681.0;4977.0;18704.0
246900;23532.0;4988.0;18544.0
247000;23681.0;4977.0;18704.0
247100;23681.0;4977.0;18704.0
247200;23664.5;4960.5;18704.0
247300;-86264.0;-104968.0;18704.0
247400;23513.0;4889.0;18624.0
247500;23748.5;5004.5;18744.0
247600;23715.5;4971.5;18744.0
247700;23842.5;4938.5;18904.0
247800;23537.0;4913.0;18624.0
247900;23937.0;5033.0;18904.0
248000;24401.0;5057.0;19344.0
248100;24001.0;5057.0;18944.0
248200;24721.0;5057.0;19664.0
248300;23841.0;5057.0;18784.0
248400;23857.0;5033.0;18824.0
248500;23929.0;5105.0;18824.0
248600;23905.0;5081.0;18824.0
248700;23945.0;5081.0;18864.0
248800;23921.0;5057.0;18864.0
248900;24089.0;5105.0;18984.0
249000;23933.0;5069.0;18864.0
249100;24493.0;5069.0;19424.0
249200;24529.0;5105.0;19424.0
249300;23969.0;5105.0;18864.0
249400;24009.0;5105.0;18904.0
249500;24009.0;5105.0;18904.0
249600;23925.0;5141.0;18784.0
249700;24205.0;5141.0;19064.0
249800;24049.0;5105.0;18944.0
249900;24025.0;5081.0;18944.0
250000;24169.0;5105.0;19064.0
250100;24209.0;5105.0;19104.0
250200;24209.0;5105.0;19104.0
250300;24025.0;5081.0;18944.0
250400;24053.0;5069.0;18984.0
250500;24113.0;5129.0;18984.0
250600;24065.0;5081.0;18984.0
250700;24105.0;5081.0;19024.0
250800;24201.0;5057.0;19144.0
250900;24081.0;5057.0;19024.0
251000;24117.0;5093.0;19024.0
251100;24265.0;5081.0;19184.0
251200;23937.0;4913.0;19024.0
251300;24117.0;5093.0;19024.0
251400;24277.0;5093.0;19184.0
251500;24037.0;5093.0;18944.0
251600;24157.0;5093.0;19064.0
251700;24197.0;5093.0;19104.0
251800;24197.0;5093.0;19104.0
251900;24099.0;5155.0;18944.0
252000;24191.0;5087.0;19104.0
252100;24225.0;5121.0;19104.0
252200;24259.0;5155.0;19104.0
252300;24225.0;5121.0;19104.0
252400;24293.5;5149.5;19144.0
252500;24091.0;4947.0;19144.0
252600;24427.0;5163.0;19264.0
252700;24347.0;5163.0;19184.0
252800;24347.0;5163.0;19184.0
252900;24467.0;5163.0;19304.0
253000;24347.0;5163.0;19184.0
253100;24387.5;5203.5;19184.0
253200;24347.0;5163.0;19184.0
253300;24347.0;5163.0;19184.0
253400;24387.0;5163.0;19224.0
253500;24387.0;5163.0;19224.0
253600;24414.0;5190.0;19224.0
253700;24267.0;5163.0;19104.0
253800;24294.0;5190.0;19104.0
253900;25014.0;5190.0;19824.0
254000;24481.0;5217.0;19264.0
254100;24631.0;5487.0;19144.0
254200;24751.0;5487.0;19264.0
254300;24550.0;5406.0;19144.0
254400;24521.0;5217.0;19304.0
254500;24681.5;5257.5;19424.0
254600;24494.0;5190.0;19304.0
254700;24655.5;5311.5;19344.0
254800;24654.0;5190.0;19464.0
254900;24547.5;5203.5;19344.0
255000;24345.0;5001.0;19344.0
255100;24561.0;5217.0;19344.0
255200;24345.0;5001.0;19344.0
255300;24601.0;5217.0;19384.0
255400;24574.0;5190.0;19384.0
255500;24454.0;5190.0;19264.0
255600;24601.0;5217.0;19384.0
255700;24614.0;5190.0;19424.0
255800;24641.0;5217.0;19424.0
255900;24641.0;5217.0;19424.0
256000;24668.0;5244.0;19424.0
256100;24668.0;5244.0;19424.0
256200;24787.5;5203.5;19584.0
256300;24641.0;5217.0;19424.0
256400;24897.0;5433.0;19464.0
256500;24640.5;5176.5;19464.0
256600;24681.0;5217.0;19464.0
256700;24775.0;5271.0;19504.0
256800;23841.0;5217.0;18624.0
256900;24721.0;5217.0;19504.0
257000;25281.0;5217.0;20064.0
257100;24694.0;5190.0;19504.0
257200;24721.0;5217.0;19504.0
257300;24935.0;5271.0;19664.0
257400;24747.5;5203.5;19544.0
257500;24788.0;5244.0;19544.0
257600;24761.0;5217.0;19544.0
257700;24801.0;5217.0;19584.0
257800;24921.0;5217.0;19704.0
257900;24801.0;5217.0;19584.0
258000;24841.5;5257.5;19584.0
258100;24828.0;5244.0;19584.0
258200;24855.0;5271.0;19584.0
258300;24891.0;5307.0;19584.0
258400;24913.0;5289.0;19624.0
258500;25033.0;5289.0;19744.0
258600;24938.0;5314.0;19624.0
258700;24999.0;5335.0;19664.0
258800;24785.0;5321.0;19464.0
258900;25105.0;5321.0;19784.0
259000;25785.0;5321.0;20464.0
259100;24439.0;5335.0;19104.0
259200;24992.0;5328.0;19664.0
259300;24971.0;5307.0;19664.0
259400;25667.0;5363.0;20304.0
259500;25067.0;5363.0;19704.0
259600;25067.0;5363.0;19704.0
259700;24980.0;5396.0;19584.0
259800;25403.0;5539.0;19864.0
259900;25107.0;5363.0;19744.0
260000;25129.0;5385.0;19744.0
260100;25137.0;5363.0;19774.0
260200;25137.0;5363.0;19774.0
260300;25265.0;5341.0;19924.0
260400;24995.0;5341.0;19654.0
260500;25164.0;5390.0;19774.0
260600;25291.5;5397.5;19894.0
260700;25189.0;5375.0;19814.0
260800;25058.0;5404.0;19654.0
260900;25218.0;5404.0;19814.0
261000;25218.0;5404.0;19814.0
261100;25231.0;5417.0;19814.0
261200;25231.0;5417.0;19814.0
261300;25231.0;5417.0;19814.0
261400;25410.5;5436.5;19974.0
261500;25165.0;5431.0;19734.0
261600;25405.0;5431.0;19974.0
261700;25340.0;5446.0;19894.0
261800;25385.0;5491.0;19894.0
261900;25195.0;5461.0;19734.0
262000;25406.0;5512.0;19894.0
262100;25531.0;5477.0;20054.0
262200;25353.5;5459.5;19894.0
262300;25315.0;5421.0;19894.0
262400;25531.0;5477.0;20054.0
262500;25355.0;5421.0;19934.0
262600;25291.0;5477.0;19814.0
262700;25451.0;5477.0;19974.0
262800;25451.0;5477.0;19974.0
262900;26251.0;5477.0;20774.0
263000;25507.0;5533.0;19974.0
263100;25451.0;5477.0;19974.0
263200;25604.0;5470.0;20134.0
263300;25604.0;5470.0;20134.0
263400;25484.0;5470.0;20014.0
263500;25494.5;5480.5;20014.0
263600;25508.5;5494.5;20014.0
263700;25691.0;5477.0;20214.0
263800;25580.0;5526.0;20054.0
263900;25044.0;5470.0;19574.0
264000;25400.5;5466.5;19934.0
264100;25400.5;5466.5;19934.0
264200;25555.5;5501.5;20054.0
264300;25531.0;5477.0;20054.0
264400;25440.5;5466.5;19974.0
264500;25578.0;5484.0;20094.0
264600;25564.0;5470.0;20094.0
264700;25618.0;5484.0;20134.0
264800;25611.0;5477.0;20134.0
264900;25590.0;5456.0;20134.0
265000;25674.0;5540.0;20134.0
265100;25099.0;5525.0;19574.0
265200;25636.5;5502.5;20134.0
265300;25659.0;5525.0;20134.0
265400;25706.5;5532.5;20174.0
265500;25699.0;5525.0;20174.0
265600;25564.0;5510.0;20054.0
265700;25746.5;5532.5;20214.0
265800;25739.0;5525.0;20214.0
265900;25179.0;5525.0;19654.0
266000;25739.0;5525.0;20214.0
266100;25619.0;5405.0;20214.0
266200;25764.0;5510.0;20254.0
266300;25739.0;5525.0;20214.0
266400;25899.0;5645.0;20254.0
266500;25779.0;5525.0;20254.0
266600;25779.0;5525.0;20254.0
266700;25924.0;5510.0;20414.0
266800;25796.5;5502.5;20294.0
266900;25804.0;5510.0;20294.0
267000;26360.0;5567.0;20793.0
267100;25903.0;5591.0;20312.0
267200;25963.0;5651.0;20312.0
267300;25903.0;5591.0;20312.0
267400;25490.0;5591.0;19899.0
267500;25958.0;5591.0;20367.0
267600;25958.0;5591.0;20367.0
267700;26090.0;5567.0;20523.0
267800;25973.0;5567.0;20406.0
267900;25643.0;5393.0;20250.0
268000;25952.0;5546.0;20406.0
268100;26244.0;5682.0;20562.0
268200;25503.0;5529.0;19974.0
268300;25977.0;5563.0;20414.0
268400;25948.0;5614.0;20334.0
268500;26017.0;5563.0;20454.0
268600;25983.0;5529.0;20454.0
268700;26329.0;5835.0;20494.0
268800;26091.0;5597.0;20494.0
268900;26091.0;5597.0;20494.0
269000;26113.0;5619.0;20494.0
269100;26099.0;5605.0;20494.0
269200;26057.0;5563.0;20494.0
269300;26227.0;5733.0;20494.0
269400;26711.0;5577.0;21134.0
269500;26267.0;5613.0;20654.0
269600;26217.0;5683.0;20534.0
269700;26271.0;5697.0;20574.0
269800;26187.0;5613.0;20574.0
269900;26285.0;5711.0;20574.0
270000;26243.0;5669.0;20574.0
270100;26255.0;5641.0;20614.0
270200;26243.0;5669.0;20574.0
270300;26257.0;5683.0;20574.0
270400;26255.0;5641.0;20614.0
270500;26255.0;5641.0;20614.0
270600;26269.0;5655.0;20614.0
270700;26319.0;5629.0;20690.0
270800;26384.0;5694.0;20690.0
270900;26371.0;5681.0;20690.0
271000;26436.0;5746.0;20690.0
271100;26063.5;5785.0;20278.5
271200;-234104.0;-254267.0;20163.0
271300;26383.0;5681.0;20702.0
271400;26421.5;5681.0;20740.5
271500;26563.0;5707.0;20856.0
271600;26395.5;5655.0;20740.5
271700;26460.0;5681.0;20779.0
271800;26434.0;5655.0;20779.0
271900;26549.5;5655.0;20894.5
272000;26494.5;5715.5;20779.0
272100;26638.0;5705.0;20933.0
272200;26368.5;5705.0;20663.5
272300;26515.5;5736.5;20779.0
272400;26501.5;5684.0;20817.5
272500;26522.5;5705.0;20817.5
272600;26676.5;5705.0;20971.5
272700;26085.5;5694.5;20391.0
272800;26395.0;5684.0;20711.0
272900;26576.0;5705.0;20871.0
273000;26595.5;5724.5;20871.0
273100;26558.0;5687.0;20871.0
273200;26603.0;5732.0;20871.0
273300;26618.0;5747.0;20871.0
273400;26538.0;5747.0;20791.0
273500;26538.0;5747.0;20791.0
273600;26658.0;5747.0;20911.0
273700;26698.0;5747.0;20951.0
273800;26578.0;5627.0;20951.0
273900;26560.5;5769.5;20791.0
274000;26615.5;5784.5;20831.0
274100;26258.0;5747.0;20511.0
274200;26738.0;5747.0;20991.0
274300;27138.0;5867.0;21271.0
274400;26586.0;5747.0;20839.0
274500;26811.0;5732.0;21079.0
274600;26226.0;5747.0;20479.0
274700;26866.0;5747.0;21119.0
274800;26746.0;5747.0;20999.0
274900;26746.0;5747.0;20999.0
275000;27306.0;5747.0;21559.0
275100;26768.5;5769.5;20999.0
275200;26786.0;5747.0;21039.0
275300;26768.5;5769.5;20999.0
275400;26681.0;5642.0;21039.0
275500;26801.0;5762.0;21039.0
275600;26786.0;5747.0;21039.0
275700;26841.0;5762.0;21079.0
275800;26852.5;5773.5;21079.0
275900;26709.0;5790.0;20919.0
276000;26738.0;5779.0;20959.0
276100;26858.0;5779.0;21079.0
276200;27018.0;5779.0;21239.0
276300;26898.0;5779.0;21119.0
276400;26696.0;5697.0;20999.0
276500;26956.0;5837.0;21119.0
276600;26936.0;5817.0;21119.0
276700;26976.0;5817.0;21159.0
276800;26676.0;5677.0;20999.0
276900;26846.0;5847.0;20999.0
277000;26866.0;5827.0;21039.0
277100;26676.0;5837.0;20839.0
277200;26876.0;5837.0;21039.0
277300;26876.0;5837.0;21039.0
277400;26816.0;5617.0;21199.0
277500;26436.0;5837.0;20599.0
277600;27036.0;5837.0;21199.0
277700;26896.0;5817.0;21079.0
277800;27206.0;5847.0;21359.0
277900;27126.0;5887.0;21239.0
278000;27196.0;5837.0;21359.0
278100;27076.0;5837.0;21239.0
278200;27076.0;5837.0;21239.0
278300;27076.0;5837.0;21239.0
278400;26546.0;5867.0;20679.0
278500;26996.0;5837.0;21159.0
278600;27146.0;5867.0;21279.0
278700;27564.0;5857.0;21707.0
278800;27574.0;5867.0;21707.0
278900;27094.0;5757.0;21337.0
279000;27164.0;5827.0;21337.0
279100;27204.0;5867.0;21337.0
279200;26812.0;5637.0;21175.0
279300;27112.0;5817.0;21295.0
279400;27172.0;5837.0;21335.0
279500;27172.0;5837.0;21335.0
279600;27152.0;5817.0;21335.0
279700;27452.0;5957.0;21495.0
279800;27292.0;5797.0;21495.0
279900;27142.0;5767.0;21375.0
280000;27052.0;5797.0;21255.0
280100;27332.0;5797.0;21535.0
280200;27332.0;5797.0;21535.0
280300;27052.0;5797.0;21255.0
280400;27212.0;5797.0;21415.0
280500;27352.0;5817.0;21535.0
280600;27232.0;5817.0;21415.0
280700;26792.0;5817.0;20975.0
280800;26712.0;5817.0;20895.0
280900;27242.0;5787.0;21455.0
281000;26712.0;5817.0;20895.0
281100;27286.0;5831.0;21455.0
281200;26726.0;5831.0;20895.0
281300;27264.0;5809.0;21455.0
281400;27304.0;5809.0;21495.0
281500;26627.0;5732.0;20895.0
281600;27184.0;5809.0;21375.0
281700;27366.0;5831.0;21535.0
281800;27464.0;5809.0;21655.0
281900;27366.0;5831.0;21535.0
282000;27904.0;5809.0;22095.0
282100;27344.0;5809.0;21535.0
282200;27504.0;5809.0;21695.0
282300;27504.0;5809.0;21695.0
282400;27504.0;5809.0;21695.0
282500;27384.0;5809.0;21575.0
282600;27812.0;5809.0;22003.0
282700;27288.0;5857.0;21431.0
282800;27468.0;5877.0;21591.0
282900;27468.0;5877.0;21591.0
283000;27628.0;6037.0;21591.0
283100;27468.0;5877.0;21591.0
283200;27448.0;5857.0;21591.0
283300;27028.0;5877.0;21151.0
283400;27648.0;5897.0;21751.0
283500;27508.0;5877.0;21631.0
283600;27478.0;5847.0;21631.0
283700;-1035192.0;5857.0;-1041049.0
283800;27648.0;6017.0;21631.0
283900;27368.0;5857.0;21511.0
284000;27538.0;5867.0;21671.0
284100;27408.0;5857.0;21551.0
284200;27528.0;5857.0;21671.0
284300;27508.0;5837.0;21671.0
284400;27648.0;5817.0;21831.0
284500;27448.0;5857.0;21591.0
284600;27568.0;5857.0;21711.0
284700;27608.0;5857.0;21751.0
284800;27588.0;5837.0;21751.0
284900;27638.0;5887.0;21751.0
285000;27588.0;5837.0;21751.0
285100;27468.0;5837.0;21631.0
285200;27528.0;5777.0;21751.0
285300;27788.0;5877.0;21911.0
285400;27648.0;5857.0;21791.0
285500;27648.0;5857.0;21791.0
285600;28060.0;5837.0;22223.0
285700;27700.0;5857.0;21843.0
285800;27548.0;5857.0;21691.0
285900;27548.0;5857.0;21691.0
286000;27552.0;5857.0;21695.0
286100;27052.0;5677.0;21375.0
286200;27672.0;5857.0;21815.0
286300;27452.0;5837.0;21615.0
286400;27702.0;5847.0;21855.0
286500;27712.0;5857.0;21855.0
286600;27822.0;5847.0;21975.0
286700;26842.0;5827.0;21015.0
286800;27692.0;5837.0;21855.0
286900;27742.0;5847.0;21895.0
287000;28312.0;5857.0;22455.0
287100;27752.0;5857.0;21895.0
287200;27752.0;5857.0;21895.0
287300;28312.0;5857.0;22455.0
287400;27812.0;5877.0;21935.0
287500;27792.0;5857.0;21935.0
287600;27792.0;5857.0;21935.0
287700;27832.0;5857.0;21975.0
287800;27812.0;5837.0;21975.0
287900;27812.0;5837.0;21975.0
288000;27432.0;5897.0;21535.0
288100;27792.0;5817.0;21975.0
288200;27832.0;5857.0;21975.0
288300;27292.0;5877.0;21415.0
288400;27842.0;5827.0;22015.0
288500;27852.0;5837.0;22015.0
288600;27742.0;5847.0;21895.0
288700;28402.0;5787.0;22615.0
288800;27752.0;5857.0;21895.0
288900;27912.0;5857.0;22055.0
289000;27892.0;5837.0;22055.0
289100;27952.0;6017.0;21935.0
289200;27912.0;5857.0;22055.0
289300;28052.0;5997.0;22055.0
289400;27888.0;5673.0;22215.0
289500;27950.0;5855.0;22095.0
289600;27924.0;5829.0;22095.0
289700;27964.0;5829.0;22135.0
289800;28084.0;5829.0;22255.0
289900;28003.0;5868.0;22135.0
290000;28342.0;5647.0;22695.0
290100;27870.0;5855.0;22015.0
290200;28150.0;5855.0;22295.0
290300;27964.0;5829.0;22135.0
290400;28030.0;5855.0;22175.0
290500;27991.0;5816.0;22175.0
290600;28030.0;5855.0;22175.0
290700;28070.0;5855.0;22215.0
290800;28070.0;5855.0;22215.0
290900;28096.0;5881.0;22215.0
291000;28057.0;5842.0;22215.0
291100;27888.0;5673.0;22215.0
291200;28096.0;5881.0;22215.0
291300;28096.0;5881.0;22215.0
291400;28344.0;6089.0;22255.0
291500;28295.0;5920.0;22375.0
291600;28320.5;5945.5;22375.0
291700;28226.0;5931.0;22295.0
291800;27717.0;5902.0;21815.0
291900;28139.0;5844.0;22295.0
292000;28211.5;5916.5;22295.0
292100;28342.5;5887.5;22455.0
292200;28110.0;5815.0;22295.0
292300;28197.0;5902.0;22295.0
292400;28160.5;5945.5;22215.0
292500;28117.0;5902.0;22215.0
292600;28808.0;5873.0;22935.0
292700;28277.0;5902.0;22375.0
292800;28629.0;6134.0;22495.0
292900;28306.0;5931.0;22375.0
293000;28306.0;5931.0;22375.0
293100;28680.5;5873.0;22807.5
293200;28297.0;5902.0;22395.0
293300;28297.0;5902.0;22395.0
293400;28747.0;5902.0;22845.0
293500;28360.0;5815.0;22545.0
293600;28447.0;5902.0;22545.0
293700;27873.5;5858.5;22015.0
293800;28397.0;5902.0;22495.0
293900;27517.0;5902.0;21615.0
294000;28629.0;6134.0;22495.0
294100;28415.0;5902.0;22513.0
294200;27688.5;5945.5;21743.0
294300;28444.0;5931.0;22513.0
294400;28482.5;5931.0;22551.5
294500;28453.5;5902.0;22551.5
294600;28453.5;5902.0;22551.5
294700;28453.5;5902.0;22551.5
294800;28521.0;5931.0;22590.0
294900;28492.0;5902.0;22590.0
295000;28492.0;5902.0;22590.0
295100;28376.5;5902.0;22474.5
295200;28477.5;5887.5;22590.0
295300;28405.5;5931.0;22474.5
295400;28460.5;5974.5;22486.0
295500;28564.0;5958.0;22606.0
295600;28564.0;5958.0;22606.0
295700;28703.0;5937.0;22766.0
295800;28465.0;5979.0;22486.0
295900;28724.0;5958.0;22766.0
296000;28604.0;5958.0;22646.0
296100;28814.0;6168.0;22646.0
296200;28583.0;5937.0;22646.0
296300;28583.0;5937.0;22646.0
296400;28644.0;5958.0;22686.0
296500;28644.0;5958.0;22686.0
296600;28665.0;5979.0;22686.0
296700;28684.0;5958.0;22726.0
296800;28044.0;5958.0;22086.0
296900;28684.0;5958.0;22726.0
297000;28726.0;6000.0;22726.0
297100;28726.0;6000.0;22726.0
297200;28670.0;5904.0;22766.0
297300;28726.0;6000.0;22726.0
297400;28766.0;6000.0;22766.0
297500;28934.0;6048.0;22886.0
297600;28778.0;6012.0;22766.0
297700;29387.0;6021.0;23366.0
297800;27947.0;6021.0;21926.0
297900;28836.0;6030.0;22806.0
298000;28836.0;6030.0;22806.0
298100;28996.0;6030.0;22966.0
298200;28827.0;6021.0;22806.0
298300;28827.0;6021.0;22806.0
298400;28858.0;6012.0;22846.0
298500;28867.0;6021.0;22846.0
298600;28747.0;6021.0;22726.0
298700;28907.0;6021.0;22886.0
298800;28916.0;6030.0;22886.0
298900;28916.0;6030.0;22886.0
299000;28925.0;6039.0;22886.0
299100;29085.0;6039.0;23046.0
299200;28796.0;6030.0;22766.0
299300;29076.0;6030.0;23046.0
299400;28836.0;6030.0;22806.0
299500;28965.0;6039.0;22926.0
299600;28965.0;6039.0;22926.0
299700;29003.0;6037.0;22966.0
299800;29036.0;6070.0;22966.0
299900;29150.5;6064.5;23086.0
300000;29056.0;6048.0;23008.0
300100;29072.5;6064.5;23008.0
300200;29061.5;6053.5;23008.0
300300;29056.0;6048.0;23008.0
300400;29109.0;6064.5;23044.5
300500;29059.5;6015.0;23044.5
300600;28936.5;6064.5;22872.0
300700;29080.0;6048.0;23032.0
300800;29189.0;6037.0;23152.0
300900;29091.0;6059.0;23032.0
301000;28656.5;6064.5;22592.0
301100;29074.5;6042.5;23032.0
301200;29091.0;6059.0;23032.0
301300;29003.0;5971.0;23032.0
301400;29187.5;6070.0;23117.5
301500;29176.5;6059.0;23117.5
301600;29360.0;6133.0;23227.0
301700;29287.0;6133.0;23154.0
301800;29247.0;6093.0;23154.0
301900;29267.0;6113.0;23154.0
302000;29307.0;6153.0;23154.0
302100;29098.0;6113.0;22985.0
302200;29218.0;6113.0;23105.0
302300;29218.0;6113.0;23105.0
302400;29138.0;6113.0;23025.0
302500;28968.0;6143.0;22825.0
302600;29838.0;6093.0;23745.0
302700;29338.0;6153.0;23185.0
302800;29357.0;6172.0;23185.0
302900;29292.0;6107.0;23185.0
303000;29292.0;6107.0;23185.0
303100;29298.5;6113.5;23185.0
303200;29292.0;6107.0;23185.0
303300;28492.0;6107.0;22385.0
303400;29332.0;6107.0;23225.0
303500;29332.0;6107.0;23225.0
303600;29306.0;6081.0;23225.0
303700;29359.0;6094.0;23265.0
303800;29306.0;6081.0;23225.0
303900;29359.0;6094.0;23265.0
304000;29359.0;6094.0;23265.0
304100;29438.0;6133.0;23305.0
304200;29359.0;6094.0;23265.0
304300;29239.0;6094.0;23145.0
304400;29503.0;6198.0;23305.0
304500;29399.0;6094.0;23305.0
304600;29412.0;6107.0;23305.0
304700;29452.0;6107.0;23345.0
304800;29439.0;6094.0;23345.0
304900;30012.0;6107.0;23905.0
305000;29465.0;6120.0;23345.0
305100;29452.0;6107.0;23345.0
305200;29612.0;6107.0;23505.0
305300;29452.0;6107.0;23345.0
305400;29596.0;6211.0;23385.0
305500;28652.0;6107.0;22545.0
305600;28905.0;6120.0;22785.0
305700;29558.0;6133.0;23425.0
305800;29532.0;6107.0;23425.0
305900;29532.0;6107.0;23425.0
306000;29928.5;6113.5;23815.0
306100;29547.0;6107.0;23440.0
306200;29591.5;6151.5;23440.0
306300;29436.5;6151.5;23285.0
306400;29745.0;6180.0;23565.0
306500;29703.0;6258.0;23445.0
306600;29668.0;6223.0;23445.0
306700;29722.0;6237.0;23485.0
306800;29701.0;6216.0;23485.0
306900;29995.0;6230.0;23765.0
307000;29616.0;6251.0;23365.0
307100;29715.0;6230.0;23485.0
307200;28915.0;6230.0;22685.0
307300;29729.0;6244.0;23485.0
307400;29889.0;6244.0;23645.0
307500;29569.0;6244.0;23325.0
307600;29832.5;6307.5;23525.0
307700;29825.0;6260.0;23565.0
307800;29863.0;6298.0;23565.0
307900;29411.5;6326.5;23085.0
308000;29863.0;6298.0;23565.0
308100;29863.0;6298.0;23565.0
308200;29834.5;6269.5;23565.0
308300;29743.0;6298.0;23445.0
308400;29695.0;6450.0;23245.0
308500;29903.0;6298.0;23605.0
308600;29903.0;6298.0;23605.0
308700;30044.0;6279.0;23765.0
308800;29854.0;6089.0;23765.0
308900;29943.0;6298.0;23645.0
309000;29943.0;6298.0;23645.0
309100;29823.0;6298.0;23525.0
309200;30095.0;6450.0;23645.0
309300;29975.0;6450.0;23525.0
309400;30173.0;6488.0;23685.0
309500;29364.0;6279.0;23085.0
309600;29964.0;6279.0;23685.0
309700;30124.0;6279.0;23845.0
309800;30004.0;6279.0;23725.0
309900;30004.0;6279.0;23725.0
310000;30109.0;6384.0;23725.0
310100;30254.0;6369.0;23885.0
310200;30114.0;6389.0;23725.0
310300;30126.0;6401.0;23725.0
310400;30150.0;6385.0;23765.0
310500;30150.0;6385.0;23765.0
310600;30150.0;6385.0;23765.0
310700;30158.0;6353.0;23805.0
310800;30194.0;6389.0;23805.0
310900;30218.0;6413.0;23805.0
311000;30194.0;6389.0;23805.0
311100;30392.0;6427.0;23965.0
311200;29792.0;6427.0;23365.0
311300;30232.0;6427.0;23805.0
311400;30274.0;6429.0;23845.0
311500;30152.0;6427.0;23725.0
311600;30269.0;6424.0;23845.0
311700;30696.0;6423.0;24273.0
311800;30330.0;6427.0;23903.0
311900;30324.0;6421.0;23903.0
312000;30143.0;6402.0;23741.0
312100;30298.0;6437.0;23861.0
312200;29745.0;6444.0;23301.0
312300;30298.0;6437.0;23861.0
312400;30331.0;6430.0;23901.0
312500;30320.5;6419.5;23901.0
312600;30324.0;6423.0;23901.0
312700;30494.5;6433.5;24061.0
312800;30378.0;6437.0;23941.0
312900;30378.0;6437.0;23941.0
313000;30367.5;6426.5;23941.0
313100;30378.0;6437.0;23941.0
313200;30322.0;6381.0;23941.0
313300;30392.0;6451.0;23941.0
313400;30437.0;6456.0;23981.0
313500;30437.0;6456.0;23981.0
313600;30717.0;6456.0;24261.0
313700;30454.0;6433.0;24021.0
313800;30440.0;6419.0;24021.0
313900;30343.0;6482.0;23861.0
314000;30492.5;6471.5;24021.0
314100;29936.0;6475.0;23461.0
314200;30337.5;6436.5;23901.0
314300;30369.0;6468.0;23901.0
314400;30416.0;6475.0;23941.0
314500;30416.0;6475.0;23941.0
314600;30525.5;6464.5;24061.0
314700;30016.0;6475.0;23541.0
314800;30576.0;6475.0;24101.0
314900;30583.0;6482.0;24101.0
315000;30583.0;6482.0;24101.0
315100;30023.0;6482.0;23541.0
315200;30576.0;6475.0;24101.0
315300;30576.0;6475.0;24101.0
315400;30623.0;6482.0;24141.0
315500;30626.5;6485.5;24141.0
315600;30542.0;6401.0;24141.0
315700;30687.0;6506.0;24181.0
315800;31194.5;6453.5;24741.0
315900;30687.0;6506.0;24181.0
316000;30522.0;6341.0;24181.0
316100;30657.0;6476.0;24181.0
316200;30672.0;6491.0;24181.0
316300;30649.5;6468.5;24181.0
316400;30862.0;6521.0;24341.0
316500;30742.0;6641.0;24101.0
316600;30817.0;6476.0;24341.0
316700;30857.0;6476.0;24381.0
316800;30752.0;6491.0;24261.0
316900;30752.0;6491.0;24261.0
317000;30632.0;6371.0;24261.0
317100;30927.0;6506.0;24421.0
317200;30602.0;6461.0;24141.0
317300;30222.0;6521.0;23701.0
317400;30539.5;6438.5;24101.0
317500;30792.0;6491.0;24301.0
317600;30792.0;6491.0;24301.0
317700;30832.0;6491.0;24341.0
317800;30832.0;6491.0;24341.0
317900;30832.0;6491.0;24341.0
318000;30704.5;6483.5;24221.0
318100;30854.5;6513.5;24341.0
318200;31007.0;6506.0;24501.0
318300;30847.0;6506.0;24341.0
318400;30767.0;6506.0;24261.0
318500;30879.5;6498.5;24381.0
318600;30984.5;6483.5;24501.0
318700;30942.0;6521.0;24421.0
318800;30927.0;6506.0;24421.0
318900;30767.0;6506.0;24261.0
319000;30942.0;6521.0;24421.0
319100;30987.0;6566.0;24421.0
319200;30849.5;6548.5;24301.0
319300;30847.0;6546.0;24301.0
319400;31007.0;6546.0;24461.0
319500;31002.0;6541.0;24461.0
319600;30889.5;6548.5;24341.0
319700;31042.0;6541.0;24501.0
319800;31157.0;6536.0;24621.0
319900;30994.5;6533.5;24461.0
320000;31037.0;6536.0;24501.0
320100;31037.0;6536.0;24501.0
320200;31032.0;6531.0;24501.0
320300;31037.0;6536.0;24501.0
320400;31082.0;6541.0;24541.0
320500;30957.0;6536.0;24421.0
320600;31082.0;6541.0;24541.0
320700;31677.0;6536.0;25141.0
320800;31102.0;6521.0;24581.0
320900;31117.0;6536.0;24581.0
321000;31117.0;6536.0;24581.0
321100;31170.5;6589.5;24581.0
321200;31171.0;6590.0;24581.0
321300;31331.0;6590.0;24741.0
321400;31090.0;6589.0;24501.0
321500;31090.0;6589.0;24501.0
321600;31209.0;6588.0;24621.0
321700;31250.0;6589.0;24661.0
321800;31361.0;6580.0;24781.0
321900;31249.0;6588.0;24661.0
322000;31257.0;6596.0;24661.0
322100;31129.0;6588.0;24541.0
322200;31249.5;6588.5;24661.0
322300;31251.5;6590.5;24661.0
322400;31290.0;6589.0;24701.0
322500;31291.0;6590.0;24701.0
322600;31290.0;6589.0;24701.0
322700;31330.0;6589.0;24741.0
322800;31329.0;6588.0;24741.0
322900;31330.0;6589.0;24741.0
323000;31209.0;6588.0;24621.0
323100;31328.5;6587.5;24741.0
323200;31769.5;6596.0;25173.5
323300;31500.0;6589.0;24911.0
323400;31230.0;6589.0;24641.0
323500;30557.0;6636.0;23921.0
323600;31514.5;6633.5;24881.0
323700;31272.0;6631.0;24641.0
323800;31432.0;6631.0;24801.0
323900;30547.0;6626.0;23921.0
324000;31427.0;6626.0;24801.0
324100;31427.0;6626.0;24801.0
324200;31427.0;6626.0;24801.0
324300;31387.0;6586.0;24801.0
324400;31267.0;6626.0;24641.0
324500;31467.0;6626.0;24841.0
324600;31467.0;6626.0;24841.0
324700;31627.0;6626.0;25001.0
324800;31476.0;6635.0;24841.0
324900;31446.0;6565.0;24881.0
325000;31523.0;6642.0;24881.0
325100;31392.5;6631.5;24761.0
325200;31570.0;6689.0;24881.0
325300;31552.0;6671.0;24881.0
325400;31608.0;6687.0;24921.0
325500;31608.0;6687.0;24921.0
325600;31608.0;6687.0;24921.0
325700;31088.0;6687.0;24401.0
325800;31648.0;6687.0;24961.0
325900;31648.0;6687.0;24961.0
326000;31648.0;6687.0;24961.0
326100;31650.0;6689.0;24961.0
326200;31530.0;6689.0;24841.0
326300;31666.0;6705.0;24961.0
326400;31706.0;6705.0;25001.0
326500;31690.0;6689.0;25001.0
326600;31690.0;6689.0;25001.0
326700;31727.0;6686.0;25041.0
326800;31849.0;6688.0;25161.0
326900;31746.0;6705.0;25041.0
327000;31723.0;6682.0;25041.0
327100;31728.0;6687.0;25041.0
327200;31737.0;6696.0;25041.0
327300;31744.0;6703.0;25041.0
327400;31768.0;6687.0;25081.0
327500;31768.0;6687.0;25081.0
327600;32318.0;6687.0;25631.0
327700;31346.0;6687.0;24659.0
327800;31868.0;6705.0;25163.0
327900;31852.0;6689.0;25163.0
328000;31348.0;6689.0;24659.0
328100;31852.0;6689.0;25163.0
328200;31852.0;6689.0;25163.0
328300;32359.0;6692.0;25667.0
328400;31888.0;6689.0;25199.0
328500;31890.0;6691.0;25199.0
328600;31887.0;6688.0;25199.0
328700;32286.0;6691.0;25595.0
328800;31923.0;6688.0;25235.0
328900;32037.0;6694.0;25343.0
329000;32097.0;6754.0;25343.0
329100;31813.0;6754.0;25059.0
329200;31944.0;6765.0;25179.0
329300;31796.5;6737.5;25059.0
329400;31973.0;6754.0;25219.0
329500;31973.0;6754.0;25219.0
329600;31973.0;6754.0;25219.0
329700;32013.0;6754.0;25259.0
329800;32013.0;6754.0;25259.0
329900;32013.0;6754.0;25259.0
330000;32041.0;6782.0;25259.0
330100;32034.0;6775.0;25259.0
330200;32034.0;6775.0;25259.0
330300;32057.0;6798.0;25259.0
330400;32082.0;6783.0;25299.0
330500;32077.5;6778.5;25299.0
330600;32082.0;6783.0;25299.0
330700;32119.0;6780.0;25339.0
330800;31253.0;6794.0;24459.0
330900;32245.5;6786.5;25459.0
331000;32138.0;6799.0;25339.0
331100;32133.0;6794.0;25339.0
331200;32128.0;6789.0;25339.0
331300;32128.0;6789.0;25339.0
331400;31568.0;6789.0;24779.0
331500;32248.0;6749.0;25499.0
331600;32168.0;6789.0;25379.0
331700;32203.0;6784.0;25419.0
331800;-1034281.5;6859.5;-1041141.0
331900;32277.0;6858.0;25419.0
332000;32283.0;6864.0;25419.0
332100;32163.0;6864.0;25299.0
332200;32163.0;6864.0;25299.0
332300;32283.0;6864.0;25419.0
332400;32443.0;6864.0;25579.0
332500;32207.5;6868.5;25339.0
332600;32750.0;6867.0;25883.0
332700;32171.0;6864.0;25307.0
332800;32378.0;6911.0;25467.0
332900;32398.0;6931.0;25467.0
333000;33166.0;6899.0;26267.0
333100;32366.0;6899.0;25467.0
333200;-1034332.0;6841.0;-1041173.0
333300;32364.0;6897.0;25467.0
333400;31825.0;6918.0;24907.0
333500;32516.0;7009.0;25507.0
333600;32425.0;6918.0;25507.0
333700;32284.0;6897.0;25387.0
333800;32451.0;6904.0;25547.0
333900;32816.0;6883.0;25933.0
334000;32451.0;6883.0;25568.0
334100;32611.0;6897.0;25714.0
334200;32611.0;6897.0;25714.0
334300;32296.0;6897.0;25399.0
334400;32562.0;6883.0;25679.0
334500;32477.0;6918.0;25559.0
334600;32363.5;6785.0;25578.5
334700;33032.0;6876.0;26156.0
334800;32500.0;6883.0;25617.0
334900;32486.0;6869.0;25617.0
335000;31975.0;6897.0;25078.0
335100;32538.5;6883.0;25655.5
335200;33053.0;6897.0;26156.0
335300;32388.0;6771.0;25617.0
335400;32808.0;7037.0;25771.0
335500;32558.0;6883.0;25675.0
335600;32513.0;6883.0;25630.0
335700;32553.0;6883.0;25670.0
335800;32609.0;6939.0;25670.0
335900;32449.0;6939.0;25510.0
336000;32521.0;6851.0;25670.0
336100;32601.0;6931.0;25670.0
336200;32651.0;6981.0;25670.0
336300;32648.0;6978.0;25670.0
336400;32872.0;7042.0;25830.0
336500;32643.0;7053.0;25590.0
336600;32974.0;7064.0;25910.0
336700;32850.0;7064.0;25786.0
336800;32839.0;7053.0;25786.0
336900;32802.0;7053.0;25749.0
337000;32825.0;7081.0;25744.0
337100;32825.0;7081.0;25744.0
337200;32821.5;7077.5;25744.0
337300;32867.0;7123.0;25744.0
337400;32907.0;7123.0;25784.0
337500;32907.0;7123.0;25784.0
337600;32907.0;7123.0;25784.0
337700;32947.0;7123.0;25824.0
337800;33067.0;7123.0;25944.0
337900;32907.0;7123.0;25784.0
338000;32947.0;7123.0;25824.0
338100;32947.0;7123.0;25824.0
338200;32947.0;7123.0;25824.0
338300;32947.0;7123.0;25824.0
338400;32867.0;7123.0;25744.0
338500;32987.0;7123.0;25864.0
338600;32867.0;7123.0;25744.0
338700;33027.0;7123.0;25904.0
338800;32467.0;7123.0;25344.0
338900;32867.0;7123.0;25744.0
339000;33027.0;7123.0;25904.0
339100;33027.0;7123.0;25904.0
339200;33187.0;7123.0;26064.0
339300;33027.0;7123.0;25904.0
339400;33067.0;7123.0;25944.0
339500;33067.0;7123.0;25944.0
339600;33067.0;7123.0;25944.0
339700;33107.0;7123.0;25984.0
339800;33107.0;7123.0;25984.0
339900;33227.0;7123.0;26104.0
340000;33107.0;7123.0;25984.0
340100;33107.0;7123.0;25984.0
340200;33267.0;7123.0;26144.0
340300;32987.0;7123.0;25864.0
340400;33147.0;7123.0;26024.0
340500;33027.0;7123.0;25904.0
340600;33147.0;7123.0;26024.0
340700;33987.0;7123.0;26864.0
340800;33187.0;7123.0;26064.0
340900;33203.0;7139.0;26064.0
341000;33200.0;7136.0;26064.0
341100;33364.0;7140.0;26224.0
341200;33203.0;7139.0;26064.0
341300;33215.0;7151.0;26064.0
341400;33253.0;7149.0;26104.0
341500;33373.0;7149.0;26224.0
341600;33253.0;7149.0;26104.0
341700;33293.0;7149.0;26144.0
341800;33133.0;7149.0;25984.0
341900;33253.0;7149.0;26104.0
342000;33293.0;7149.0;26144.0
342100;33453.0;7149.0;26304.0
342200;33173.0;7149.0;26024.0
342300;33293.0;7149.0;26144.0
342400;33368.0;7184.0;26184.0
342500;33368.0;7184.0;26184.0
342600;33370.5;7186.5;26184.0
342700;33408.0;7184.0;26224.0
342800;33413.0;7189.0;26224.0
342900;33378.0;7194.0;26184.0
343000;33403.0;7179.0;26224.0
343100;33430.5;7206.5;26224.0
343200;33403.0;7179.0;26224.0
343300;33400.5;7176.5;26224.0
343400;33448.0;7184.0;26264.0
343500;33403.0;7139.0;26264.0
343600;33363.0;7219.0;26144.0
343700;33478.0;7174.0;26304.0
343800;33483.0;7179.0;26304.0
343900;33608.0;7184.0;26424.0
344000;33008.0;7184.0;25824.0
344100;33538.0;7234.0;26304.0
344200;33363.0;7179.0;26184.0
344300;33370.5;7186.5;26184.0
344400;33564.5;7220.5;26344.0
344500;33671.0;7207.0;26464.0
344600;33080.0;7216.0;25864.0
344700;33591.0;7207.0;26384.0
344800;33591.0;7207.0;26384.0
344900;33591.0;7207.0;26384.0
345000;33573.0;7189.0;26384.0
345100;34137.5;7193.5;26944.0
345200;33577.5;7193.5;26384.0
345300;33582.0;7198.0;26384.0
345400;33022.0;7198.0;25824.0
345500;33022.0;7198.0;25824.0
345600;33502.0;7198.0;26304.0
345700;33743.0;7279.0;26464.0
345800;33675.5;7211.5;26464.0
345900;33782.0;7198.0;26584.0
346000;33692.0;7228.0;26464.0
346100;33692.0;7228.0;26464.0
346200;33692.0;7228.0;26464.0
346300;33728.0;7264.0;26464.0
346400;33768.0;7264.0;26504.0
346500;33948.0;7324.0;26624.0
346600;33732.0;7228.0;26504.0
346700;33772.0;7228.0;26544.0
346800;32904.0;7240.0;25664.0
346900;33904.0;7240.0;26664.0
347000;33748.0;7204.0;26544.0
347100;32984.0;7240.0;25744.0
347200;33784.0;7240.0;26544.0
347300;33664.0;7240.0;26424.0
347400;33932.0;7228.0;26704.0
347500;33224.0;7240.0;25984.0
347600;33806.0;7222.0;26584.0
347700;33864.0;7240.0;26624.0
347800;33858.0;7234.0;26624.0
347900;33864.0;7240.0;26624.0
348000;33864.0;7240.0;26624.0
348100;33744.0;7240.0;26504.0
348200;33744.0;7240.0;26504.0
348300;33840.0;7216.0;26624.0
348400;33892.0;7228.0;26664.0
348500;33892.0;7228.0;26664.0
348600;33946.0;7282.0;26664.0
348700;33932.0;7228.0;26704.0
348800;33932.0;7228.0;26704.0
348900;33968.0;7144.0;26824.0
349000;33932.0;7228.0;26704.0
349100;33944.0;7240.0;26704.0
349200;34134.0;7270.0;26864.0
349300;33944.0;7240.0;26704.0
349400;34056.0;7192.0;26864.0
349500;33972.0;7228.0;26744.0
349600;33988.0;7244.0;26744.0
349700;34160.0;7256.0;26904.0
349800;34160.0;7256.0;26904.0
349900;34040.0;7256.0;26784.0
350000;34016.0;7232.0;26784.0
350100;34028.0;7244.0;26784.0
350200;34028.0;7244.0;26784.0
350300;34048.0;7264.0;26784.0
350400;34200.0;7256.0;26944.0
350500;34192.0;7248.0;26944.0
350600;34649.5;7283.0;27366.5
350700;34162.0;7283.0;26879.0
350800;34162.0;7283.0;26879.0
350900;34159.0;7280.0;26879.0
351000;34162.0;7283.0;26879.0
351100;34037.0;7283.0;26754.0
351200;34151.0;7283.0;26868.0
351300;34151.0;7283.0;26868.0
351400;34189.0;7283.0;26906.0
351500;34189.0;7283.0;26906.0
351600;34183.0;7277.0;26906.0
351700;34224.0;7280.0;26944.0
351800;34342.5;7284.5;27058.0
351900;34345.5;7287.5;27058.0
352000;34256.0;7312.0;26944.0
352100;34256.0;7312.0;26944.0
352200;34052.0;7298.0;26754.0
352300;34826.0;7312.0;27514.0
352400;34297.0;7315.0;26982.0
352500;34294.0;7312.0;26982.0
352600;33724.0;7312.0;26412.0
352700;34370.0;7314.0;27056.0
352800;34371.0;7315.0;27056.0
352900;34147.0;7312.0;26835.0
353000;34340.0;7347.0;26993.0
353100;34221.5;7347.0;26874.5
353200;34340.0;7347.0;26993.0
353300;34376.5;7344.0;27032.5
353400;33811.0;7371.0;26440.0
353500;4379.5;-22653.0;27032.5
353600;33883.0;7326.0;26557.0
353700;33867.0;7350.0;26517.0
353800;34424.0;7347.0;27077.0
353900;34427.0;7350.0;27077.0
354000;34427.0;7350.0;27077.0
354100;34427.0;7350.0;27077.0
354200;34463.0;7350.0;27113.0
354300;34463.0;7350.0;27113.0
354400;34335.0;7350.0;26985.0
354500;34455.0;7350.0;27105.0
354600;34362.0;7377.0;26985.0
354700;34498.0;7353.0;27145.0
354800;34618.0;7353.0;27265.0
354900;34493.5;7348.5;27145.0
355000;34498.0;7353.0;27145.0
355100;34498.0;7353.0;27145.0
355200;34495.0;7350.0;27145.0
355300;34538.0;7353.0;27185.0
355400;35138.0;7353.0;27785.0
355500;34536.5;7351.5;27185.0
355600;34658.0;7353.0;27305.0
355700;34579.5;7354.5;27225.0
355800;34415.0;7350.0;27065.0
355900;34575.0;7350.0;27225.0
356000;34572.0;7347.0;27225.0
356100;34575.0;7350.0;27225.0
356200;34578.0;7353.0;27225.0
356300;34554.0;7329.0;27225.0
356400;34615.0;7350.0;27265.0
356500;35046.0;7353.0;27693.0
356600;34639.0;7353.0;27286.0
356700;34739.0;7416.0;27323.0
356800;34859.0;7425.0;27434.0
356900;34733.0;7410.0;27323.0
357000;35257.0;7416.0;27841.0
357100;34739.0;7416.0;27323.0
357200;34748.0;7425.0;27323.0
357300;34887.0;7416.0;27471.0
357400;34776.0;7416.0;27360.0
357500;35331.0;7416.0;27915.0
357600;34785.0;7425.0;27360.0
357700;34632.0;7437.0;27195.0
357800;35352.0;7437.0;27915.0
357900;35072.0;7437.0;27635.0
358000;34641.0;7446.0;27195.0
358100;34795.0;7440.0;27355.0
358200;34798.0;7443.0;27355.0
358300;34795.0;7440.0;27355.0
358400;35262.0;7437.0;27825.0
358500;35412.0;7437.0;27975.0
358600;34983.0;7458.0;27525.0
358700;35058.0;7458.0;27600.0
358800;34083.0;7458.0;26625.0
358900;35610.0;7410.0;28200.0
359000;34704.0;7464.0;27240.0
359100;34904.0;7464.0;27440.0
359200;34910.0;7470.0;27440.0
359300;34898.0;7458.0;27440.0
359400;34890.0;7410.0;27480.0
359500;34890.0;7410.0;27480.0
359600;34944.0;7464.0;27480.0
359700;34969.0;7449.0;27520.0
359800;35556.0;7476.0;28080.0
359900;34978.0;7458.0;27520.0
360000;35407.5;7458.0;27949.5
360100;35006.0;7458.0;27548.0
360200;35143.0;7449.0;27694.0
360300;35152.0;7458.0;27694.0
360400;34864.0;7452.0;27412.0
360500;35098.0;7446.0;27652.0
360600;34864.0;7452.0;27412.0
360700;34864.0;7452.0;27412.0
360800;34870.0;7458.0;27412.0
360900;35144.0;7452.0;27692.0
361000;34144.0;7452.0;26692.0
361100;35184.0;7452.0;27732.0
361200;35024.0;7452.0;27572.0
361300;35459.5;7452.0;28007.5
361400;34974.0;7494.0;27480.0
361500;35094.0;7494.0;27600.0
361600;34586.0;7466.0;27120.0
361700;35134.0;7494.0;27640.0
361800;35254.0;7494.0;27760.0
361900;35142.0;7502.0;27640.0
362000;35302.0;7502.0;27800.0
362100;35314.0;7514.0;27800.0
362200;35022.0;7502.0;27520.0
362300;35030.0;7510.0;27520.0
362400;35202.0;7522.0;27680.0
362500;34590.0;7510.0;27080.0
362600;35766.0;7486.0;28280.0
362700;35222.0;7502.0;27720.0
362800;35230.0;7510.0;27720.0
362900;35782.0;7502.0;28280.0
363000;35382.0;7502.0;27880.0
363100;35222.0;7502.0;27720.0
363200;35158.0;7438.0;27720.0
363300;35126.0;7406.0;27720.0
363400;35300.0;7540.0;27760.0
363500;35300.0;7540.0;27760.0
363600;35180.0;7540.0;27640.0
363700;34754.0;7514.0;27240.0
363800;35314.0;7514.0;27800.0
363900;35340.0;7540.0;27800.0
364000;35340.0;7540.0;27800.0
364100;35288.0;7488.0;27800.0
364200;35288.0;7488.0;27800.0
364300;35262.0;7462.0;27800.0
364400;35146.0;7306.0;27840.0
364500;34514.0;7514.0;27000.0
364600;35328.0;7488.0;27840.0
364700;35475.0;7475.0;28000.0
364800;35394.0;7514.0;27880.0
364900;35433.0;7553.0;27880.0
365000;35368.0;7488.0;27880.0
365100;35602.0;7722.0;27880.0
365200;35274.0;7514.0;27760.0
365300;35408.0;7488.0;27920.0
365400;34808.0;7488.0;27320.0
365500;36269.0;7509.0;28760.0
365600;35417.5;7497.5;27920.0
365700;35263.0;7463.0;27800.0
365800;35450.0;7490.0;27960.0
365900;35344.0;7544.0;27800.0
366000;35504.0;7544.0;27960.0
366100;35397.5;7557.5;27840.0
366200;35517.0;7517.0;28000.0
366300;35477.0;7517.0;27960.0
366400;35517.0;7517.0;28000.0
366500;35517.0;7517.0;28000.0
366600;35503.5;7503.5;28000.0
366700;35597.5;7557.5;28040.0
366800;35384.0;7544.0;27840.0
366900;35597.5;7557.5;28040.0
367000;35557.0;7517.0;28040.0
367100;35746.0;7706.0;28040.0
367200;35717.0;7517.0;28200.0
367300;35557.0;7517.0;28040.0
367400;35450.0;7490.0;27960.0
367500;35597.0;7517.0;28080.0
367600;35717.0;7517.0;28200.0
367700;35623.5;7503.5;28120.0
367800;35610.0;7490.0;28120.0
367900;35436.5;7476.5;27960.0
368000;35477.0;7517.0;27960.0
368100;35797.0;7517.0;28280.0
368200;35677.0;7517.0;28160.0
368300;35677.0;7517.0;28160.0
368400;35663.5;7503.5;28160.0
368500;35650.0;7490.0;28160.0
368600;35611.0;7571.0;28040.0
368700;35530.0;7490.0;28040.0
368800;35690.0;7490.0;28200.0
368900;35530.0;7490.0;28040.0
369000;35825.0;7625.0;28200.0
369100;35823.0;7463.0;28360.0
369200;35879.0;7679.0;28200.0
369300;35636.0;7436.0;28200.0
369400;35607.0;7247.0;28360.0
369500;35143.5;7503.5;27640.0
369600;35716.5;7476.5;28240.0
369700;35837.5;7557.5;28280.0
369800;35863.0;7463.0;28400.0
369900;35743.0;7463.0;28280.0
370000;35716.0;7436.0;28280.0
370100;35756.0;7436.0;28320.0
370200;35716.0;7436.0;28280.0
370300;35716.0;7436.0;28280.0
370400;35945.0;7625.0;28320.0
370500;35633.0;7313.0;28320.0
370600;35841.0;7521.0;28320.0
370700;35953.0;7473.0;28480.0
370800;35993.0;7633.0;28360.0
370900;35785.0;7425.0;28360.0
371000;35833.0;7473.0;28360.0
371100;35857.0;7473.0;28384.0
371200;35695.0;7425.0;28270.0
371300;35809.0;7425.0;28384.0
371400;35892.0;7457.0;28435.0
371500;35908.0;7473.0;28435.0
371600;35908.0;7473.0;28435.0
371700;36237.0;7217.0;29020.0
371800;35947.0;7473.0;28474.0
371900;35915.0;7441.0;28474.0
372000;36203.0;7729.0;28474.0
372100;36805.0;7473.0;29332.0
372200;35947.0;7473.0;28474.0
372300;35395.0;7473.0;27922.0
372400;35739.0;7217.0;28522.0
372500;35995.0;7473.0;28522.0
372600;36027.0;7505.0;28522.0
372700;36067.0;7505.0;28562.0
372800;36035.0;7473.0;28562.0
372900;36187.0;7505.0;28682.0
373000;36051.0;7489.0;28562.0
373100;36035.0;7473.0;28562.0
373200;36067.0;7505.0;28562.0
373300;36035.0;7473.0;28562.0
373400;36107.0;7505.0;28602.0
373500;36107.0;7505.0;28602.0
373600;36091.0;7489.0;28602.0
373700;36115.0;7473.0;28642.0
373800;36115.0;7473.0;28642.0
373900;36131.0;7489.0;28642.0
374000;36179.0;7537.0;28642.0
374100;36355.0;7553.0;28802.0
374200;36179.0;7537.0;28642.0
374300;36179.0;7537.0;28642.0
374400;36283.0;7601.0;28682.0
374500;36251.0;7569.0;28682.0
374600;36371.0;7569.0;28802.0
374700;36291.0;7569.0;28722.0
374800;36373.0;7633.0;28740.0
374900;35899.0;7313.0;28586.0
375000;36357.0;7617.0;28740.0
375100;36495.0;7601.0;28894.0
375200;36309.0;7569.0;28740.0
375300;36395.5;7617.0;28778.5
375400;36299.5;7521.0;28778.5
375500;36228.0;7565.0;28663.0
375600;36970.0;7614.0;29356.0
375700;35584.0;7614.0;27970.0
375800;36546.5;7614.0;28932.5
375900;36400.0;7583.0;28817.0
376000;36400.0;7583.0;28817.0
376100;36431.0;7614.0;28817.0
376200;37001.0;7645.0;29356.0
376300;36493.0;7676.0;28817.0
376400;36500.5;7645.0;28855.5
376500;36500.5;7645.0;28855.5
376600;36369.5;7629.5;28740.0
376700;36105.0;7676.0;28429.0
376800;36585.0;7676.0;28909.0
376900;36554.0;7645.0;28909.0
377000;36538.5;7629.5;28909.0
377100;36585.0;7676.0;28909.0
377200;36616.0;7707.0;28909.0
377300;36511.5;7722.5;28789.0
377400;36625.0;7676.0;28949.0
377500;36625.0;7676.0;28949.0
377600;36688.0;7739.0;28949.0
377700;36701.0;7712.0;28989.0
377800;36674.0;7685.0;28989.0
377900;36674.0;7685.0;28989.0
378000;36674.0;7685.0;28989.0
378100;36486.5;7617.5;28869.0
378200;36527.0;7658.0;28869.0
378300;36510.0;7361.0;29149.0
378400;36633.0;7604.0;29029.0
378500;37260.0;7631.0;29629.0
378600;36567.0;7658.0;28909.0
378700;36700.0;7631.0;29069.0
378800;36806.5;7617.5;29189.0
378900;36700.0;7631.0;29069.0
379000;36700.0;7631.0;29069.0
379100;36699.5;7590.5;29109.0
379200;36646.0;7577.0;29069.0
379300;36833.0;7604.0;29229.0
379400;36713.0;7604.0;29109.0
379500;36713.0;7604.0;29109.0
379600;36645.5;7536.5;29109.0
379700;36780.0;7631.0;29149.0
379800;36620.0;7631.0;28989.0
379900;37035.0;7766.0;29269.0
380000;36780.0;7631.0;29149.0
380100;36953.5;7644.5;29309.0
380200;36766.5;7617.5;29149.0
380300;36807.0;7658.0;29149.0
380400;36247.0;7658.0;28589.0
380500;36301.0;7712.0;28589.0
380600;36793.0;7604.0;29189.0
380700;37393.0;7604.0;29789.0
380800;36887.0;7658.0;29229.0
380900;37071.0;7722.0;29349.0
381000;36772.0;7703.0;29069.0
381100;36913.0;7684.0;29229.0
381200;36927.0;7698.0;29229.0
381300;36948.0;7719.0;29229.0
381400;36220.0;7551.0;28669.0
381500;36820.0;7551.0;29269.0
381600;36988.0;7719.0;29269.0
381700;37005.5;7576.5;29429.0
381800;37181.0;7752.0;29429.0
381900;37181.0;7752.0;29429.0
382000;36658.0;7509.0;29149.0
382100;37047.5;7738.5;29309.0
382200;37061.0;7752.0;29309.0
382300;37074.5;7765.5;29309.0
382400;36804.0;7455.0;29349.0
382500;37101.0;7752.0;29349.0
382600;37194.0;7725.0;29469.0
382700;37046.5;7657.5;29389.0
382800;37114.0;7725.0;29389.0
382900;37234.0;7725.0;29509.0
383000;37156.0;7767.0;29389.0
383100;37653.0;7833.0;29820.0
383200;36744.5;7849.5;28895.0
383300;37138.0;7767.0;29371.0
383400;37298.0;7767.0;29531.0
383500;37265.0;7734.0;29531.0
383600;37132.0;7601.0;29531.0
383700;37261.0;7810.0;29451.0
383800;37261.0;7810.0;29451.0
383900;37565.0;8114.0;29451.0
384000;37223.0;7772.0;29451.0
384100;37821.0;7810.0;30011.0
384200;37887.0;7876.0;30011.0
384300;37487.0;7876.0;29611.0
384400;37213.0;7842.0;29371.0
384500;37247.0;7876.0;29371.0
384600;37281.0;7910.0;29371.0
384700;37247.0;7876.0;29371.0
384800;37250.0;7719.0;29531.0
384900;37434.5;7903.5;29531.0
385000;37455.0;7924.0;29531.0
385100;37294.0;7883.0;29411.0
385200;37414.0;7883.0;29531.0
385300;37294.0;7883.0;29411.0
385400;37334.0;7883.0;29451.0
385500;37574.0;7883.0;29691.0
385600;37310.5;7739.5;29571.0
385700;37494.0;7883.0;29611.0
385800;37473.5;7862.5;29611.0
385900;37535.0;7924.0;29611.0
386000;37535.0;7924.0;29611.0
386100;38095.0;7924.0;30171.0
386200;37494.0;7883.0;29611.0
386300;37494.0;7883.0;29611.0
386400;37534.0;7883.0;29651.0
386500;37314.0;7663.0;29651.0
386600;37544.0;7893.0;29651.0
386700;37216.0;7525.0;29691.0
386800;37378.0;7847.0;29531.0
386900;37704.0;7893.0;29811.0
387000;37744.0;7893.0;29851.0
387100;37446.0;7755.0;29691.0
387200;37584.0;7893.0;29691.0
387300;37744.0;7893.0;29851.0
387400;37578.0;7847.0;29731.0
387500;37624.0;7893.0;29731.0
387600;37256.0;7525.0;29731.0
387700;37664.0;7893.0;29771.0
387800;37618.0;7847.0;29771.0
387900;37458.0;7847.0;29611.0
388000;37664.0;7893.0;29771.0
388100;37526.0;7755.0;29771.0
388200;37664.0;7893.0;29771.0
388300;37544.0;7893.0;29651.0
388400;37704.0;7893.0;29811.0
388500;37458.0;7847.0;29611.0
388600;37658.0;7847.0;29811.0
388700;37698.0;7847.0;29851.0
388800;37652.0;7801.0;29851.0
388900;37446.0;7755.0;29691.0
389000;37858.0;7847.0;30011.0
389100;38258.0;7847.0;30411.0
389200;38066.0;8215.0;29851.0
389300;37698.0;7847.0;29851.0
389400;37738.0;7847.0;29891.0
389500;37807.0;7916.0;29891.0
389600;497488.0;468077.0;29411.0
389700;37847.0;7916.0;29931.0
389800;37961.0;7910.0;30051.0
389900;37792.0;8021.0;29771.0
390000;37856.0;7925.0;29931.0
390100;37904.0;7973.0;29931.0
390200;37904.0;7973.0;29931.0
390300;37856.0;7925.0;29931.0
390400;37887.0;8036.0;29851.0
390500;37926.0;8075.0;29851.0
390600;37968.0;7997.0;29971.0
390700;38167.0;8036.0;30131.0
390800;38167.0;8036.0;30131.0
390900;37988.5;7977.5;30011.0
391000;37988.5;7977.5;30011.0
391100;37927.0;8036.0;29891.0
391200;38047.0;8036.0;30011.0
391300;38075.0;8064.0;30011.0
391400;37995.0;8064.0;29931.0
391500;38080.0;8029.0;30051.0
391600;38767.5;8116.5;30651.0
391700;38155.0;8064.0;30091.0
391800;38085.0;7994.0;30091.0
391900;38275.0;8064.0;30211.0
392000;37805.0;7714.0;30091.0
392100;38155.0;8064.0;30091.0
392200;38155.0;8064.0;30091.0
392300;38120.0;8029.0;30091.0
392400;38195.0;8064.0;30131.0
392500;38230.0;8099.0;30131.0
392600;38370.0;8239.0;30131.0
392700;38210.0;8039.0;30171.0
392800;37950.0;7779.0;30171.0
392900;38310.0;8139.0;30171.0
393000;38310.0;8139.0;30171.0
393100;38470.0;8139.0;30331.0
393200;38310.0;8139.0;30171.0
393300;38510.0;8179.0;30331.0
393400;38710.0;8499.0;30211.0
393500;38310.0;8099.0;30211.0
393600;38350.0;8139.0;30211.0
393700;38550.0;8179.0;30371.0
393800;38443.0;8352.0;30091.0
393900;38448.0;8197.0;30251.0
394000;38288.0;8197.0;30091.0
394100;38696.0;8445.0;30251.0
394200;38200.0;7949.0;30251.0
394300;38297.0;8166.0;30131.0
394400;38457.0;8166.0;30291.0
394500;38457.0;8166.0;30291.0
394600;38457.0;8166.0;30291.0
394700;38077.0;8306.0;29771.0
394800;38507.0;8176.0;30331.0
394900;38549.0;8098.0;30451.0
395000;38654.0;8163.0;30491.0
395100;38667.0;8176.0;30491.0
395200;38507.0;8176.0;30331.0
395300;38693.0;8202.0;30491.0
395400;38547.0;8176.0;30371.0
395500;38547.0;8176.0;30371.0
395600;38547.0;8176.0;30371.0
395700;38600.0;8189.0;30411.0
395800;38561.0;8150.0;30411.0
395900;38561.0;8150.0;30411.0
396000;38561.0;8150.0;30411.0
396100;38441.0;8150.0;30291.0
396200;38769.0;8358.0;30411.0
396300;38574.0;8163.0;30411.0
396400;38442.0;8111.0;30331.0
396500;38507.0;8176.0;30331.0
396600;38575.0;8124.0;30451.0
396700;38468.0;8137.0;30331.0
396800;38667.0;8176.0;30491.0
396900;38641.0;8150.0;30491.0
397000;38641.0;8150.0;30491.0
397100;38628.0;8137.0;30491.0
397200;38641.0;8150.0;30491.0
397300;38641.0;8150.0;30491.0
397400;38707.0;8176.0;30531.0
397500;38827.0;8176.0;30651.0
397600;39547.0;8176.0;31371.0
397700;38747.0;8176.0;30571.0
397800;38747.0;8176.0;30571.0
397900;38773.0;8202.0;30571.0
398000;38946.0;8215.0;30731.0
398100;38786.0;8215.0;30571.0
398200;38747.0;8176.0;30571.0
398300;38747.0;8176.0;30571.0
398400;38787.0;8176.0;30611.0
398500;38875.0;8384.0;30491.0
398600;38667.0;8176.0;30491.0
398700;38827.0;8176.0;30651.0
398800;38827.0;8176.0;30651.0
398900;38827.0;8176.0;30651.0
399000;38667.0;8176.0;30491.0
399100;38241.0;8150.0;30091.0
399200;38801.0;8150.0;30651.0
399300;39361.0;8150.0;31211.0
399400;38721.0;8150.0;30571.0
399500;38841.0;8150.0;30691.0
399600;38841.0;8150.0;30691.0
399700;39001.0;8150.0;30851.0
399800;38854.0;8163.0;30691.0
399900;38721.0;8150.0;30571.0
400000;39041.0;8150.0;30891.0
400100;38881.0;8150.0;30731.0
400200;38881.0;8150.0;30731.0
400300;38881.0;8150.0;30731.0
400400;38947.0;8176.0;30771.0
400500;38856.0;8085.0;30771.0
400600;38921.0;8150.0;30771.0
400700;38921.0;8150.0;30771.0
400800;38935.0;8124.0;30811.0
400900;38947.0;8176.0;30771.0
401000;38507.0;8176.0;30331.0
401100;38987.0;8176.0;30811.0
401200;38936.0;8085.0;30851.0
401300;38427.0;8176.0;30251.0
401400;38882.0;8031.0;30851.0
401500;39317.0;8186.0;31131.0
401600;38813.5;7938.0;30875.5
401700;39124.5;8249.0;30875.5
401800;39015.0;8249.0;30766.0
401900;39310.5;8289.0;31021.5
402000;39241.0;8329.0;30912.0
402100;39201.0;8289.0;30912.0
402200;39261.0;8349.0;30912.0
402300;39091.5;8289.0;30802.5
402400;38917.5;7969.0;30948.5
402500;39048.0;8209.0;30839.0
402600;39382.0;8324.0;31058.0
402700;39110.5;8271.5;30839.0
402800;39309.0;8324.0;30985.0
402900;39767.5;8271.5;31496.0
403000;39309.0;8324.0;30985.0
403100;39309.0;8324.0;30985.0
403200;39309.0;8324.0;30985.0
403300;39345.5;8324.0;31021.5
403400;39363.0;8341.5;31021.5
403500;39490.0;8359.0;31131.0
403600;39380.5;8359.0;31021.5
403700;39223.0;8201.5;31021.5
403800;39382.0;8324.0;31058.0
403900;39382.0;8324.0;31058.0
404000;39173.0;8324.0;30849.0
404100;39368.0;8359.0;31009.0
404200;39333.0;8324.0;31009.0
404300;39253.0;8324.0;30929.0
404400;39373.0;8324.0;31049.0
404500;39478.0;8429.0;31049.0
404600;39058.0;8009.0;31049.0
404700;39253.0;8324.0;30929.0
404800;39413.0;8324.0;31089.0
404900;38853.0;8324.0;30529.0
405000;39378.0;8289.0;31089.0
405100;39395.5;8306.5;31089.0
405200;39573.0;8324.0;31249.0
405300;40053.0;8324.0;31729.0
405400;39731.0;8602.0;31129.0
405500;40067.0;8338.0;31729.0
405600;39316.5;8387.5;30929.0
405700;39434.0;8305.0;31129.0
405800;39507.0;8338.0;31169.0
405900;39507.0;8338.0;31169.0
406000;39347.0;8338.0;31009.0
406100;39034.0;8305.0;30729.0
406200;39507.0;8338.0;31169.0
406300;39547.0;8338.0;31209.0
406400;39547.0;8338.0;31209.0
406500;39497.5;8288.5;31209.0
406600;39547.0;8338.0;31209.0
406700;39547.0;8338.0;31209.0
406800;39530.5;8321.5;31209.0
406900;39027.0;8338.0;30689.0
407000;39027.0;8338.0;30689.0
407100;39417.5;8288.5;31129.0
407200;39554.0;8305.0;31249.0
407300;39420.0;8371.0;31049.0
407400;39716.0;8427.0;31289.0
407500;39675.0;8386.0;31289.0
407600;39736.5;8447.5;31289.0
407700;39675.0;8386.0;31289.0
407800;39876.0;8427.0;31449.0
407900;39694.5;8365.5;31329.0
408000;38876.0;8427.0;30449.0
408100;39756.0;8427.0;31329.0
408200;40316.0;8427.0;31889.0
408300;39796.0;8427.0;31369.0
408400;39717.0;8468.0;31249.0
408500;39837.0;8468.0;31369.0
408600;39837.0;8468.0;31369.0
408700;39427.0;8058.0;31369.0
408800;39877.0;8468.0;31409.0
408900;39815.5;8406.5;31409.0
409000;39877.0;8468.0;31409.0
409100;39757.0;8468.0;31289.0
409200;40221.0;8652.0;31569.0
409300;39880.0;8431.0;31449.0
409400;39897.0;8448.0;31449.0
409500;40080.0;8631.0;31449.0
409600;39345.0;8496.0;30849.0
409700;39958.5;8509.5;31449.0
409800;40025.5;8536.5;31489.0
409900;39985.0;8496.0;31489.0
410000;39985.0;8496.0;31489.0
410100;40012.0;8523.0;31489.0
410200;40145.0;8496.0;31649.0
410300;40025.0;8496.0;31529.0
410400;40052.0;8523.0;31529.0
410500;40145.0;8496.0;31649.0
410600;39957.5;8428.5;31529.0
410700;40065.5;8536.5;31529.0
410800;40065.0;8496.0;31569.0
410900;40051.5;8482.5;31569.0
411000;39878.0;8469.0;31409.0
411100;40038.0;8469.0;31569.0
411200;39918.0;8469.0;31449.0
411300;39478.0;8469.0;31009.0
411400;40105.0;8496.0;31609.0
411500;40078.0;8469.0;31609.0
411600;40078.0;8469.0;31609.0
411700;40198.0;8469.0;31729.0
411800;40238.0;8469.0;31769.0
411900;39902.0;8253.0;31649.0
412000;40104.5;8455.5;31649.0
412100;40172.0;8523.0;31649.0
412200;40145.0;8496.0;31649.0
412300;40758.0;8469.0;32289.0
412400;39585.0;8496.0;31089.0
412500;40185.0;8496.0;31689.0
412600;40185.0;8496.0;31689.0
412700;40065.0;8496.0;31569.0
412800;40311.0;8582.0;31729.0
412900;40322.5;8593.5;31729.0
413000;40128.0;8559.0;31569.0
413100;40288.0;8559.0;31729.0
413200;40448.0;8559.0;31889.0
413300;40328.0;8559.0;31769.0
413400;40293.5;8524.5;31769.0
413500;40339.5;8570.5;31769.0
413600;40305.0;8536.0;31769.0
413700;40282.0;8513.0;31769.0
413800;40001.0;8352.0;31649.0
413900;40488.0;8559.0;31929.0
414000;40368.0;8559.0;31809.0
414100;40928.0;8559.0;32369.0
414200;40290.0;8601.0;31689.0
414300;40682.0;8833.0;31849.0
414400;40392.0;8543.0;31849.0
414500;40450.0;8601.0;31849.0
414600;40406.5;8557.5;31849.0
414700;40450.0;8601.0;31849.0
414800;40639.0;8630.0;32009.0
414900;40533.5;8644.5;31889.0
415000;40490.0;8601.0;31889.0
415100;40621.0;8572.0;32049.0
415200;40722.0;8833.0;31889.0
415300;-1032681.0;8630.0;-1041311.0
415400;40410.0;8601.0;31809.0
415500;40530.0;8601.0;31929.0
415600;40327.0;8398.0;31929.0
415700;40679.0;8630.0;32049.0
415800;40599.0;8630.0;31969.0
415900;40599.0;8630.0;31969.0
416000;40510.0;8701.0;31809.0
416100;40670.0;8701.0;31969.0
416200;40704.5;8735.5;31969.0
416300;40724.0;8715.0;32009.0
416400;40755.5;8746.5;32009.0
416500;40724.0;8715.0;32009.0
416600;40724.0;8715.0;32009.0
416700;40724.0;8715.0;32009.0
416800;40722.0;8673.0;32049.0
416900;40562.0;8673.0;31889.0
417000;40785.0;8736.0;32049.0
417100;40644.0;8715.0;31929.0
417200;40804.0;8715.0;32089.0
417300;40815.5;8694.0;32121.5
417400;40815.5;8694.0;32121.5
417500;40658.0;8694.0;31964.0
417600;40209.5;8725.5;31484.0
417700;40851.5;8767.5;32084.0
417800;40938.0;8694.0;32244.0
417900;40818.0;8694.0;32124.0
418000;40786.5;8662.5;32124.0
418100;40818.0;8694.0;32124.0
418200;40797.0;8673.0;32124.0
418300;40669.0;8505.0;32164.0
418400;40816.0;8652.0;32164.0
418500;40858.0;8694.0;32164.0
418600;40226.5;8662.5;31564.0
418700;40837.0;8673.0;32164.0
418800;40877.0;8673.0;32204.0
418900;40803.5;8599.5;32204.0
419000;40696.0;8652.0;32044.0
419100;40856.0;8652.0;32204.0
419200;40757.0;8673.0;32084.0
419300;40828.5;8704.5;32124.0
419400;40943.0;8673.0;32270.0
419500;40932.5;8662.5;32270.0
419600;40860.5;8704.5;32156.0
419700;41078.0;8694.0;32384.0
419800;40949.5;8641.5;32308.0
419900;40981.0;8673.0;32308.0
420000;41012.5;8704.5;32308.0
420100;41002.0;8694.0;32308.0
420200;40981.0;8673.0;32308.0
420300;41029.5;8683.5;32346.0
420400;41019.0;8673.0;32346.0
420500;40915.5;8683.5;32232.0
420600;40915.5;8683.5;32232.0
420700;41019.0;8673.0;32346.0
420800;41078.0;8694.0;32384.0
420900;40905.0;8673.0;32232.0
421000;41057.0;8673.0;32384.0
421100;40556.5;8704.5;31852.0
421200;41057.0;8673.0;32384.0
421300;40945.0;8673.0;32272.0
421400;41514.0;8694.0;32820.0
421500;41155.0;8631.0;32524.0
421600;41044.0;8631.0;32413.0
421700;41197.0;8673.0;32524.0
421800;41070.5;8620.5;32450.0
421900;40913.0;8463.0;32450.0
422000;41249.0;8799.0;32450.0
422100;41229.0;8631.0;32598.0
422200;41081.0;8631.0;32450.0
422300;41118.0;8631.0;32487.0
422400;41118.0;8631.0;32487.0
422500;41097.0;8610.0;32487.0
422600;41286.0;8799.0;32487.0
422700;41641.5;8599.5;33042.0
422800;41155.0;8631.0;32524.0
422900;41155.0;8631.0;32524.0
423000;41081.5;8557.5;32524.0
423100;41176.0;8652.0;32524.0
423200;41123.5;8641.5;32482.0
423300;41205.5;8683.5;32522.0
423400;41132.0;8610.0;32522.0
423500;41252.0;8610.0;32642.0
423600;41153.0;8631.0;32522.0
423700;41273.0;8631.0;32642.0
423800;41292.0;8610.0;32682.0
423900;41053.0;8491.0;32562.0
424000;40675.0;8673.0;32002.0
424100;41235.0;8673.0;32562.0
424200;41059.0;8617.0;32442.0
424300;41311.0;8589.0;32722.0
424400;40365.0;8603.0;31762.0
424500;41219.0;8617.0;32602.0
424600;40995.0;8393.0;32602.0
424700;41219.0;8617.0;32602.0
424800;41259.0;8617.0;32642.0
424900;41352.0;8710.0;32642.0
425000;41319.0;8677.0;32642.0
425100;41361.0;8677.0;32684.0
425200;41354.0;8719.0;32635.0
425300;41943.5;8719.0;33224.5
425400;41404.5;8719.0;32685.5
425500;41404.5;8719.0;32685.5
425600;41376.5;8691.0;32685.5
425700;41492.0;8691.0;32801.0
425800;41425.5;8740.0;32685.5
425900;41695.0;8971.0;32724.0
426000;42311.0;8740.0;33571.0
426100;41443.0;8719.0;32724.0
426200;41485.0;8761.0;32724.0
426300;41618.0;8740.0;32878.0
426400;41618.0;8740.0;32878.0
426500;41387.0;8740.0;32647.0
426600;41502.5;8740.0;32762.5
426700;41459.0;8719.0;32740.0
426800;41478.0;8698.0;32780.0
426900;41360.0;8740.0;32620.0
427000;41520.0;8740.0;32780.0
427100;41488.5;8708.5;32780.0
427200;41520.0;8740.0;32780.0
427300;41528.5;8708.5;32820.0
427400;42011.0;8761.0;33250.0
427500;41577.5;8740.0;32837.5
427600;41577.5;8740.0;32837.5
427700;41690.0;8740.0;32950.0
427800;41706.5;8813.5;32893.0
427900;41771.0;8761.0;33010.0
428000;41354.5;8617.5;32737.0
428100;41826.0;8777.0;33049.0
428200;41699.0;8806.0;32893.0
428300;41680.0;8748.0;32932.0
428400;41941.0;9009.0;32932.0
428500;41709.0;8777.0;32932.0
428600;41592.0;8777.0;32815.0
428700;41723.5;8791.5;32932.0
428800;41675.5;8704.5;32971.0
428900;41748.0;8777.0;32971.0
429000;41719.0;8748.0;32971.0
429100;41748.0;8777.0;32971.0
429200;41748.0;8777.0;32971.0
429300;41729.0;8719.0;33010.0
429400;41801.5;8791.5;33010.0
429500;41758.0;8748.0;33010.0
429600;41875.0;8748.0;33127.0
429700;41787.0;8777.0;33010.0
429800;41624.0;8614.0;33010.0
429900;41838.0;8789.0;33049.0
430000;41523.0;8474.0;33049.0
430100;41838.0;8789.0;33049.0
430200;41803.0;8754.0;33049.0
430300;41870.0;8782.0;33088.0
430400;41831.0;8743.0;33088.0
430500;41870.0;8782.0;33088.0
430600;41831.0;8743.0;33088.0
430700;41948.0;8743.0;33205.0
430800;41714.0;8743.0;32971.0
430900;41870.0;8743.0;33127.0
431000;42221.0;9094.0;33127.0
431100;42377.0;8704.0;33673.0
431200;41558.0;8431.0;33127.0
431300;42026.0;8743.0;33283.0
431400;41831.0;8782.0;33049.0
431500;41811.5;8762.5;33049.0
431600;41948.0;8782.0;33166.0
431700;41948.0;8782.0;33166.0
431800;41987.0;8782.0;33205.0
431900;42026.0;8821.0;33205.0
432000;41441.0;8782.0;32659.0
432100;42084.5;8723.5;33361.0
432200;42006.5;8801.5;33205.0
432300;41909.0;8782.0;33127.0
432400;42104.0;8743.0;33361.0
432500;42045.5;8801.5;33244.0
432600;42026.0;8782.0;33244.0
432700;42806.0;8743.0;34063.0
432800;42182.0;8782.0;33400.0
432900;42123.5;8840.5;33283.0
433000;41637.0;8824.0;32813.0
433100;42067.5;8774.5;33293.0
433200;42277.0;8824.0;33453.0
433300;42008.5;8675.5;33333.0
433400;42124.0;8791.0;33333.0
433500;42091.0;8758.0;33333.0
433600;42124.0;8791.0;33333.0
433700;42166.0;8833.0;33333.0
433800;42059.5;8846.5;33213.0
433900;42326.0;8833.0;33493.0
434000;42125.0;8752.0;33373.0
434100;42111.5;8738.5;33373.0
434200;42165.5;8792.5;33373.0
434300;42609.0;9076.0;33533.0
434400;42366.0;8833.0;33533.0
434500;42246.0;8833.0;33413.0
434600;42406.5;8873.5;33533.0
434700;42406.5;8873.5;33533.0
434800;42313.0;8860.0;33453.0
434900;42313.0;8860.0;33453.0
435000;42313.0;8860.0;33453.0
435100;42849.0;9076.0;33773.0
435200;43193.0;8860.0;34333.0
435300;42353.0;8860.0;33493.0
435400;42206.0;8833.0;33373.0
435500;42380.0;8887.0;33493.0
435600;42647.0;9154.0;33493.0
435700;42383.0;8890.0;33493.0
435800;42423.0;8890.0;33533.0
435900;42263.0;8890.0;33373.0
436000;42607.0;8914.0;33693.0
436100;42867.5;8902.0;33965.5
436200;42443.0;8890.0;33553.0
436300;42456.5;8866.0;33590.5
436400;42311.0;8878.0;33433.0
436500;42623.0;8950.0;33673.0
436600;42467.0;8914.0;33553.0
436700;42395.0;8842.0;33553.0
436800;42423.0;8830.0;33593.0
436900;42699.0;8986.0;33713.0
437000;42667.0;8914.0;33753.0
437100;42423.0;8950.0;33473.0
437200;42531.0;8938.0;33593.0
437300;42595.0;8962.0;33633.0
437400;42607.0;8974.0;33633.0
437500;42451.0;8938.0;33513.0
437600;42451.0;8938.0;33513.0
437700;43171.0;8938.0;34233.0
437800;42659.0;8986.0;33673.0
437900;43459.0;8986.0;34473.0
438000;282659.0;248986.0;33673.0
438100;42635.0;8962.0;33673.0
438200;42827.0;9154.0;33673.0
438300;42675.0;8962.0;33713.0
438400;42835.0;8962.0;33873.0
438500;43127.0;8986.0;34141.0
438600;42768.0;9034.0;33734.0
438700;42768.0;9034.0;33734.0
438800;42793.0;9022.0;33771.0
438900;42579.0;9010.0;33569.0
439000;43583.0;8974.0;34609.0
439100;42905.5;9016.5;33889.0
439200;42891.0;9002.0;33889.0
439300;42891.0;9002.0;33889.0
439400;42800.0;9031.0;33769.0
439500;42843.5;9074.5;33769.0
439600;42843.5;9074.5;33769.0
439700;42949.0;9060.0;33889.0
439800;42918.0;9109.0;33809.0
439900;42882.0;9073.0;33809.0
440000;42918.0;9109.0;33809.0
440100;42630.0;8821.0;33809.0
440200;43078.0;9109.0;33969.0
440300;42922.0;9073.0;33849.0
440400;42802.0;9073.0;33729.0
440500;43102.0;9133.0;33969.0
440600;42862.0;9133.0;33729.0
440700;43024.0;9055.0;33969.0
440800;42944.0;9055.0;33889.0
440900;42958.0;9069.0;33889.0
441000;43087.5;9198.5;33889.0
441100;42995.0;9106.0;33889.0
441200;42958.0;9069.0;33889.0
441300;43195.0;9106.0;34089.0
441400;43035.0;9106.0;33929.0
441500;42998.0;9069.0;33929.0
441600;43053.5;9124.5;33929.0
441700;42998.0;9069.0;33929.0
441800;42841.0;9032.0;33809.0
441900;43202.0;9233.0;33969.0
442000;43022.0;9053.0;33969.0
442100;43182.0;9173.0;34009.0
442200;42932.0;9083.0;33849.0
442300;43134.0;9125.0;34009.0
442400;43014.0;9125.0;33889.0
442500;43134.0;9125.0;34009.0
442600;43098.0;9089.0;34009.0
442700;43776.0;9167.0;34609.0
442800;43258.0;9209.0;34049.0
442900;43881.0;9272.0;34609.0
443000;43594.0;9545.0;34049.0
443100;43279.0;9230.0;34049.0
443200;42876.0;8827.0;34049.0
443300;43284.0;9195.0;34089.0
443400;43284.0;9195.0;34089.0
443500;43192.0;9103.0;34089.0
443600;43358.0;9149.0;34209.0
443700;43192.0;9103.0;34089.0
443800;43232.0;9103.0;34129.0
443900;43278.0;9149.0;34129.0
444000;43018.0;8889.0;34129.0
444100;43010.0;8721.0;34289.0
444200;43736.0;9176.0;34560.0
444300;43366.0;9176.0;34190.0
444400;43366.0;9176.0;34190.0
444500;43477.0;9176.0;34301.0
444600;43921.0;9176.0;34745.0
444700;43431.0;9241.0;34190.0
444800;42914.0;8889.0;34025.0
444900;43062.0;9037.0;34025.0
445000;43406.0;9381.0;34025.0
445100;43486.0;9301.0;34185.0
445200;43486.0;9301.0;34185.0
445300;43646.0;9301.0;34345.0
445400;43526.0;9301.0;34225.0
445500;43446.0;9341.0;34105.0
445600;43486.0;9261.0;34225.0
445700;43606.0;9381.0;34225.0
445800;43406.0;9301.0;34105.0
445900;43566.0;9301.0;34265.0
446000;43646.0;9381.0;34265.0
446100;43566.0;9301.0;34265.0
446200;43406.0;9141.0;34265.0
446300;43646.0;9221.0;34425.0
446400;43686.0;9261.0;34425.0
446500;43646.0;9341.0;34305.0
446600;43686.0;9381.0;34305.0
446700;43446.0;9141.0;34305.0
446800;43646.0;9301.0;34345.0
446900;43766.0;9301.0;34465.0
447000;43806.0;9301.0;34505.0
447100;43926.0;9421.0;34505.0
447200;43606.0;9381.0;34225.0
447300;43646.0;9381.0;34265.0
447400;43766.0;9381.0;34385.0
447500;43566.0;9181.0;34385.0
447600;44326.0;9941.0;34385.0
447700;44446.0;9941.0;34505.0
447800;43726.0;9301.0;34425.0
447900;43206.0;8661.0;34545.0
448000;43916.0;9461.0;34455.0
448100;43697.0;9242.0;34455.0
448200;43469.0;9169.0;34300.0
448300;43582.0;9242.0;34340.0
448400;43519.5;9059.5;34460.0
448500;42972.0;8512.0;34460.0
448600;44018.5;9132.5;34886.0
448700;43763.0;9278.5;34484.5
448800;43481.0;9169.0;34312.0
448900;43641.0;9169.0;34472.0
449000;43568.0;9096.0;34472.0
449100;43697.0;9225.0;34472.0
449200;693957.0;659485.0;34472.0
449300;43282.0;8770.0;34512.0
449400;43607.0;9095.0;34512.0
449500;43802.0;9290.0;34512.0
449600;43704.5;9192.5;34512.0
449700;44304.5;9192.5;35112.0
449800;43907.0;9355.0;34552.0
449900;43972.0;9420.0;34552.0
450000;43907.0;9355.0;34552.0
450100;44132.0;9420.0;34712.0
450200;43972.0;9420.0;34552.0
450300;44012.0;9420.0;34592.0
450400;43947.0;9355.0;34592.0
450500;43947.0;9355.0;34592.0
450600;43914.5;9322.5;34592.0
450700;43957.0;9485.0;34472.0
450800;43889.5;9257.5;34632.0
450900;43957.0;9485.0;34472.0
451000;44152.0;9520.0;34632.0
451100;44152.0;9520.0;34632.0
451200;44092.0;9580.0;34512.0
451300;44132.0;9460.0;34672.0
451400;44072.0;9520.0;34552.0
451500;44072.0;9520.0;34552.0
451600;44192.0;9520.0;34672.0
451700;44072.0;9520.0;34552.0
451800;44292.0;9580.0;34712.0
451900;43672.0;9520.0;34152.0
452000;44167.0;9615.0;34552.0
452100;44382.0;9670.0;34712.0
452200;44382.0;9670.0;34712.0
452300;43800.0;9168.0;34632.0
452400;45016.0;9664.0;35352.0
452500;44416.0;9664.0;34752.0
452600;44536.0;9664.0;34872.0
452700;44296.0;9664.0;34632.0
452800;44952.0;10160.0;34792.0
452900;44394.0;9602.0;34792.0
453000;45239.5;10012.0;35227.5
453100;44492.0;9688.0;34804.0
453200;44492.0;9688.0;34804.0
453300;44098.5;9256.0;34842.5
453400;44500.5;9658.0;34842.5
453500;45216.0;10258.0;34958.0
453600;44572.5;9730.0;34842.5
453700;44220.0;9493.0;34727.0
453800;43560.0;9304.0;34256.0
453900;44578.0;9682.0;34896.0
454000;44890.0;9994.0;34896.0
454100;44926.0;10150.0;34776.0
454200;45242.0;9786.0;35456.0
454300;44722.0;9786.0;34936.0
454400;44722.0;9786.0;34936.0
454500;45244.0;9708.0;35536.0
454600;44722.0;9786.0;34936.0
454700;44800.0;9864.0;34936.0
454800;44908.0;9812.0;35096.0
454900;44986.0;9890.0;35096.0
455000;44762.0;9786.0;34976.0
455100;44762.0;9786.0;34976.0
455200;44854.0;9838.0;35016.0
455300;44995.0;9979.0;35016.0
455400;44848.0;9832.0;35016.0
455500;44897.0;9881.0;35016.0
455600;44823.5;9807.5;35016.0
455700;44799.0;9783.0;35016.0
455800;44888.0;9832.0;35056.0
455900;45103.0;10047.0;35056.0
456000;44869.0;9813.0;35056.0
456100;45029.0;9813.0;35216.0
456200;44897.0;9841.0;35056.0
456300;45001.5;9905.5;35096.0
456400;44872.5;9776.5;35096.0
456500;45066.0;9970.0;35096.0
456600;44774.0;9798.0;34976.0
456700;44894.0;9798.0;35096.0
456800;44998.5;9862.5;35136.0
456900;44977.0;9841.0;35136.0
457000;44912.5;9776.5;35136.0
457100;44912.5;9776.5;35136.0
457200;44977.0;9841.0;35136.0
457300;45017.0;9841.0;35176.0
457400;45137.0;9841.0;35296.0
457500;45574.0;9798.0;35776.0
457600;44974.0;9798.0;35176.0
457700;44134.0;9798.0;34336.0
457800;44670.0;9454.0;35216.0
457900;44974.0;9798.0;35176.0
458000;45014.0;9798.0;35216.0
458100;44894.0;9798.0;35096.0
458200;44958.5;9862.5;35096.0
458300;45097.0;9841.0;35256.0
458400;45054.0;9798.0;35256.0
458500;45097.0;9841.0;35256.0
458600;45139.0;9883.0;35256.0
458700;45139.0;9883.0;35256.0
458800;45225.5;9809.5;35416.0
458900;45019.0;9883.0;35136.0
459000;45019.0;9883.0;35136.0
459100;45179.0;9883.0;35296.0
459200;45339.0;9883.0;35456.0
459300;45332.5;9996.5;35336.0
459400;45591.0;10255.0;35336.0
459500;45215.0;9879.0;35336.0
459600;45168.0;9832.0;35336.0
459700;44956.5;9620.5;35336.0
459800;45328.0;9832.0;35496.0
459900;45255.0;9879.0;35376.0
460000;45208.0;9832.0;35376.0
460100;44577.5;9761.5;34816.0
460200;45041.0;9785.0;35256.0
460300;45224.5;9808.5;35416.0
460400;45248.0;9832.0;35416.0
460500;45295.0;9879.0;35416.0
460600;45295.0;9879.0;35416.0
460700;45344.5;9808.5;35536.0
460800;45175.0;9879.0;35296.0
460900;45335.0;9879.0;35456.0
461000;45288.0;9832.0;35456.0
461100;45448.0;9832.0;35616.0
461200;45072.0;9456.0;35616.0
461300;45161.0;9785.0;35376.0
461400;45208.0;9832.0;35376.0
461500;45328.0;9832.0;35496.0
461600;45328.0;9832.0;35496.0
461700;44441.0;9785.0;34656.0
461800;45112.0;9456.0;35656.0
461900;45485.5;9949.5;35536.0
462000;45481.0;9785.0;35696.0
462100;45351.0;9785.0;35566.0
462200;45318.0;9714.5;35603.5
462300;44826.0;9785.0;35041.0
462400;44368.5;9552.5;34816.0
462500;45447.5;9844.0;35603.5
462600;45544.5;9791.0;35753.5
462700;45237.0;9791.0;35446.0
462800;45450.0;9844.0;35606.0
462900;45370.5;9764.5;35606.0
463000;45450.0;9844.0;35606.0
463100;45503.0;9897.0;35606.0
463200;45583.5;9817.5;35766.0
463300;45490.0;9844.0;35646.0
463400;45437.0;9791.0;35646.0
463500;45516.5;9870.5;35646.0
463600;45437.0;9791.0;35646.0
463700;45678.0;10032.0;35646.0
463800;45400.5;9874.5;35526.0
463900;45023.0;9897.0;35126.0
464000;45698.0;9852.0;35846.0
464100;45580.0;9894.0;35686.0
464200;45580.0;9894.0;35686.0
464300;45212.0;9486.0;35726.0
464400;45671.0;9945.0;35726.0
464500;45563.0;9817.5;35745.5
464600;45588.5;9843.0;35745.5
464700;45873.5;10012.5;35861.0
464800;45674.0;9890.0;35784.0
464900;45625.0;9841.0;35784.0
465000;45779.0;9841.0;35938.0
465100;45625.0;9841.0;35784.0
465200;45502.5;9718.5;35784.0
465300;45663.5;9841.0;35822.5
465400;45779.0;9841.0;35938.0
465500;45779.0;9841.0;35938.0
465600;45712.5;9890.0;35822.5
465700;45641.0;9818.5;35822.5
465800;46301.0;9901.0;36400.0
465900;45500.5;9639.5;35861.0
466000;45301.0;9905.0;35396.0
466100;45810.5;9934.5;35876.0
466200;45663.0;9787.0;35876.0
466300;45850.5;9934.5;35916.0
466400;46421.0;9905.0;36516.0
466500;45880.0;9964.0;35916.0
466600;45909.5;9993.5;35916.0
466700;45821.0;9905.0;35916.0
466800;45920.0;9964.0;35956.0
466900;45920.0;9964.0;35956.0
467000;45979.0;10023.0;35956.0
467100;45979.0;10023.0;35956.0
467200;45979.0;10023.0;35956.0
467300;46009.0;10613.0;35396.0
467400;45960.0;9964.0;35996.0
467500;46080.0;9964.0;36116.0
467600;45960.0;9964.0;35996.0
467700;46272.0;10276.0;35996.0
467800;45610.5;9734.5;35876.0
467900;45988.5;10112.5;35876.0
468000;46054.0;10018.0;36036.0
468100;46110.0;10074.0;36036.0
468200;46110.0;10074.0;36036.0
468300;46413.0;10337.0;36076.0
468400;46038.0;10082.0;35956.0
468500;46158.0;10082.0;36076.0
468600;46539.0;10031.0;36508.0
468700;46172.0;10082.0;36090.0
468800;46261.0;10133.0;36128.0
468900;46210.0;10082.0;36128.0
469000;45954.0;9674.0;36280.0
469100;46719.0;10439.0;36280.0
469200;46159.0;10031.0;36128.0
469300;46520.0;9784.0;36736.0
469400;46202.0;10036.0;36166.0
469500;45754.0;9588.0;36166.0
469600;46202.0;10036.0;36166.0
469700;46202.0;10036.0;36166.0
469800;46296.0;10092.0;36204.0
469900;46052.0;10036.0;36016.0
470000;46212.0;10036.0;36176.0
470100;46052.0;10036.0;36016.0
470200;46336.0;10120.0;36216.0
470300;46252.0;10036.0;36216.0
470400;46252.0;10036.0;36216.0
470500;46140.0;9924.0;36216.0
470600;46160.0;10064.0;36096.0
470700;46740.0;9924.0;36816.0
470800;46152.0;9896.0;36256.0
470900;46396.0;9980.0;36416.0
471000;46236.0;9980.0;36256.0
471100;46452.0;10036.0;36416.0
471200;46460.0;10204.0;36256.0
471300;46559.0;10263.0;36296.0
471400;46255.0;10079.0;36176.0
471500;46306.0;10010.0;36296.0
471600;46426.0;10010.0;36416.0
471700;46306.0;10010.0;36296.0
471800;46346.0;10010.0;36336.0
471900;46434.0;10098.0;36336.0
472000;46512.0;10176.0;36336.0
472100;46382.0;10046.0;36336.0
472200;46340.0;10124.0;36216.0
472300;45874.0;10098.0;35776.0
472400;46495.0;10119.0;36376.0
472500;46664.0;10168.0;36496.0
472600;46593.0;10217.0;36376.0
472700;46593.0;10217.0;36376.0
472800;46633.0;10217.0;36416.0
472900;46824.0;10168.0;36656.0
473000;46862.0;10021.0;36841.0
473100;47120.0;10168.0;36952.0
473200;46750.0;10168.0;36582.0
473300;46528.0;10168.0;36360.0
473400;46639.0;10168.0;36471.0
473500;46639.0;10168.0;36471.0
473600;46479.0;10119.0;36360.0
473700;46639.0;10168.0;36471.0
473800;46700.0;10168.0;36532.0
473900;46626.5;10094.5;36532.0
474000;47236.0;10119.0;37117.0
474100;46700.0;10168.0;36532.0
474200;45969.0;10217.0;35752.0
474300;47131.0;10560.0;36571.0
474400;46739.0;10168.0;36571.0
474500;46622.0;10168.0;36454.0
474600;46739.0;10168.0;36571.0
474700;46739.0;10168.0;36571.0
474800;46778.0;10168.0;36610.0
474900;46778.0;10168.0;36610.0
475000;46827.0;10217.0;36610.0
475100;46778.0;10168.0;36610.0
475200;46661.0;10168.0;36493.0
475300;46817.0;10168.0;36649.0
475400;46817.0;10168.0;36649.0
475500;46866.0;10217.0;36649.0
475600;46749.0;10217.0;36532.0
475700;46700.0;10168.0;36532.0
475800;46973.0;10168.0;36805.0
475900;46954.0;10266.0;36688.0
476000;46954.0;10266.0;36688.0
476100;46905.0;10217.0;36688.0
476200;47402.0;10168.0;37234.0
476300;46944.0;10217.0;36727.0
476400;47061.0;10217.0;36844.0
476500;46900.5;10290.5;36610.0
476600;46862.0;10252.0;36610.0
476700;46979.0;10252.0;36727.0
476800;47072.0;10306.0;36766.0
476900;47072.0;10306.0;36766.0
477000;46472.0;10252.0;36220.0
477100;46778.0;10558.0;36220.0
477200;47111.0;10345.0;36766.0
477300;46559.0;10345.0;36214.0
477400;47159.0;10345.0;36814.0
477500;47301.5;10367.5;36934.0
477600;47069.0;10255.0;36814.0
477700;47091.5;10277.5;36814.0
477800;47229.0;10345.0;36884.0
477900;46704.0;10345.0;36359.0
478000;47274.0;10390.0;36884.0
478100;46704.0;10345.0;36359.0
478200;47229.0;10345.0;36884.0
478300;46906.5;9985.0;36921.5
478400;47379.0;10345.0;37034.0
478500;47446.5;10412.5;37034.0
478600;47019.0;9985.0;37034.0
478700;47335.5;10414.0;36921.5
478800;47461.5;10390.0;37071.5
478900;47475.0;10516.0;36959.0
479000;47367.0;10408.0;36959.0
479100;47517.0;10408.0;37109.0
479200;47272.5;10426.0;36846.5
479300;47440.5;10444.0;36996.5
479400;47499.0;10390.0;37109.0
479500;47152.5;10156.0;36996.5
479600;47404.5;10408.0;36996.5
479700;47440.5;10444.0;36996.5
479800;47528.0;10494.0;37034.0
479900;47528.0;10494.0;37034.0
480000;47528.0;10494.0;37034.0
480100;47579.0;10545.0;37034.0
480200;48053.0;10494.0;37559.0
480300;47616.5;10545.0;37071.5
480400;47616.5;10545.0;37071.5
480500;47077.0;10460.0;36617.0
480600;47579.0;10494.0;37085.0
480700;47424.0;10222.0;37202.0
480800;47411.0;10443.0;36968.0
480900;47791.0;10511.0;37280.0
481000;47344.0;10766.0;36578.0
481100;47652.0;10528.0;37124.0
481200;47004.0;10426.0;36578.0
481300;47657.0;10494.0;37163.0
481400;47657.0;10494.0;37163.0
481500;47623.0;10460.0;37163.0
481600;47506.0;10460.0;37046.0
481700;47774.0;10494.0;37280.0
481800;47713.0;10511.0;37202.0
481900;47866.0;10664.0;37202.0
482000;47696.0;10494.0;37202.0
482100;47713.0;10511.0;37202.0
482200;47696.0;10494.0;37202.0
482300;47820.0;10579.0;37241.0
482400;47635.0;10511.0;37124.0
482500;47818.0;10460.0;37358.0
482600;47752.0;10511.0;37241.0
482700;47701.0;10460.0;37241.0
482800;47804.5;10524.5;37280.0
482900;47854.0;10574.0;37280.0
483000;47854.0;10574.0;37280.0
483100;-1003784.0;10610.0;-1014394.0
483200;47878.0;10598.0;37280.0
483300;47893.0;10574.0;37319.0
483400;48462.0;10714.0;37748.0
483500;47931.0;10612.0;37319.0
483600;47805.5;10603.5;37202.0
483700;47778.0;10459.0;37319.0
483800;47953.0;10595.0;37358.0
483900;47953.0;10595.0;37358.0
484000;47978.5;10620.5;37358.0
484100;47953.0;10595.0;37358.0
484200;47953.0;10595.0;37358.0
484300;48009.0;10612.0;37397.0
484400;47992.0;10595.0;37397.0
484500;48000.5;10603.5;37397.0
484600;48092.0;10578.0;37514.0
484700;47941.0;10544.0;37397.0
484800;48031.0;10595.0;37436.0
484900;48031.0;10595.0;37436.0
485000;48056.5;10620.5;37436.0
485100;48031.0;10595.0;37436.0
485200;48048.0;10612.0;37436.0
485300;47951.0;10476.0;37475.0
485400;48087.0;10612.0;37475.0
485500;48087.0;10612.0;37475.0
485600;48087.0;10612.0;37475.0
485700;48221.0;10629.0;37592.0
485800;48021.0;10663.0;37358.0
485900;48265.0;10595.0;37670.0
486000;48109.0;10595.0;37514.0
486100;48126.0;10612.0;37514.0
486200;48529.5;10586.5;37943.0
486300;48165.0;10612.0;37553.0
486400;48073.5;10637.5;37436.0
486500;48148.0;10595.0;37553.0
486600;48048.0;10612.0;37436.0
486700;47633.5;10671.5;36962.0
486800;47935.0;10493.0;37442.0
486900;48071.0;10629.0;37442.0
487000;48231.0;10629.0;37602.0
487100;48774.0;10612.0;38162.0
487200;48296.5;10654.5;37642.0
487300;48391.0;10629.0;37762.0
487400;48292.0;10650.0;37642.0
487500;48272.0;10630.0;37642.0
487600;48132.0;10490.0;37642.0
487700;48344.0;10702.0;37642.0
487800;48488.0;10686.0;37802.0
487900;48243.0;10721.0;37522.0
488000;48232.0;10710.0;37522.0
488100;48403.0;10721.0;37682.0
488200;48381.0;10699.0;37682.0
488300;48399.0;10677.0;37722.0
488400;48356.0;10754.0;37602.0
488500;48421.0;10699.0;37722.0
488600;48432.0;10710.0;37722.0
488700;48432.0;10710.0;37722.0
488800;48472.0;10710.0;37762.0
488900;48472.0;10710.0;37762.0
489000;48312.0;10710.0;37602.0
489100;48654.0;10732.0;37922.0
489200;48484.0;10722.0;37762.0
489300;48538.0;10736.0;37802.0
489400;48426.0;10744.0;37682.0
489500;48538.0;10736.0;37802.0
489600;48542.0;10740.0;37802.0
489700;48591.0;10789.0;37802.0
489800;48631.0;10789.0;37842.0
489900;48788.0;10786.0;38002.0
490000;48628.0;10786.0;37842.0
490100;48628.0;10786.0;37842.0
490200;48668.0;10786.0;37882.0
490300;48671.0;10789.0;37882.0
490400;48792.5;10790.5;38002.0
490500;48668.0;10786.0;37882.0
490600;48542.0;10780.0;37762.0
490700;48554.0;10792.0;37762.0
490800;48711.0;10789.0;37922.0
490900;48708.0;10786.0;37922.0
491000;48871.0;10789.0;38082.0
491100;48711.0;10789.0;37922.0
491200;48868.0;10786.0;38082.0
491300;48748.0;10786.0;37962.0
491400;48751.0;10789.0;37962.0
491500;48625.0;10783.0;37842.0
491600;48746.5;10784.5;37962.0
491700;48868.0;10786.0;38082.0
491800;48791.0;10789.0;38002.0
491900;48794.0;10792.0;38002.0
492000;48792.5;10790.5;38002.0
492100;47912.5;10790.5;37122.0
492200;48821.0;10819.0;38002.0
492300;48457.5;10775.5;37682.0
492400;48832.5;10790.5;38042.0
492500;48828.0;10786.0;38042.0
492600;48832.5;10790.5;38042.0
492700;49428.0;10786.0;38642.0
492800;49429.5;10787.5;38642.0
492900;48865.0;10783.0;38082.0
493000;48878.5;10796.5;38082.0
493100;48844.0;10762.0;38082.0
493200;48871.0;10789.0;38082.0
493300;48908.0;10786.0;38122.0
493400;48905.0;10783.0;38122.0
493500;48905.0;10783.0;38122.0
493600;48929.0;10807.0;38122.0
493700;49505.0;10783.0;38722.0
493800;48942.0;10780.0;38162.0
493900;48773.0;10771.0;38002.0
494000;48785.0;10783.0;38002.0
494100;48948.0;10786.0;38162.0
494200;48948.0;10786.0;38162.0
494300;48988.0;10786.0;38202.0
494400;48973.0;10771.0;38202.0
494500;49009.0;10807.0;38202.0
494600;49609.0;10807.0;38802.0
494700;49627.0;10825.0;38802.0
494800;49055.0;10813.0;38242.0
494900;49055.0;10813.0;38242.0
495000;49055.0;10813.0;38242.0
495100;48943.0;10861.0;38082.0
495200;49061.0;10819.0;38242.0
495300;49104.0;10822.0;38282.0
495400;49089.0;10807.0;38282.0
495500;48975.0;10813.0;38162.0
495600;49143.0;10861.0;38282.0
495700;49089.0;10807.0;38282.0
495800;48969.0;10807.0;38162.0
495900;49132.0;10810.0;38322.0
496000;49135.0;10813.0;38322.0
496100;49129.0;10807.0;38322.0
496200;48991.0;10789.0;38202.0
496300;49235.0;10753.0;38482.0
496400;49157.0;10795.0;38362.0
496500;49169.0;10807.0;38362.0
496600;49187.0;10825.0;38362.0
496700;49169.0;10807.0;38362.0
496800;49209.0;10807.0;38402.0
496900;49161.0;10759.0;38402.0
497000;49369.0;10807.0;38562.0
497100;49215.0;10813.0;38402.0
497200;49200.0;10798.0;38402.0
497300;49129.0;10807.0;38322.0
497400;49249.0;10807.0;38442.0
497500;49129.0;10807.0;38322.0
497600;49249.0;10807.0;38442.0
497700;49249.0;10807.0;38442.0
497800;49123.0;10801.0;38322.0
497900;49268.0;10786.0;38482.0
498000;49443.0;10801.0;38642.0
498100;48849.0;10807.0;38042.0
498200;49277.0;10795.0;38482.0
498300;49269.0;10747.0;38522.0
498400;49323.0;10801.0;38522.0
498500;49323.0;10801.0;38522.0
498600;49323.0;10801.0;38522.0
498700;49320.0;10798.0;38522.0
498800;49342.0;10780.0;38562.0
498900;49428.0;10866.0;38562.0
499000;49424.0;10862.0;38562.0
499100;49583.0;10861.0;38722.0
499200;49423.0;10861.0;38562.0
499300;49467.0;10865.0;38602.0
499400;49464.0;10862.0;38602.0
499500;49585.0;10863.0;38722.0
499600;49465.0;10863.0;38602.0
499700;49468.0;10866.0;38602.0
499800;49622.0;10860.0;38762.0
499900;49665.0;10863.0;38802.0
500000;50094.5;10863.0;39231.5
500100;49671.0;10863.0;38808.0
500200;49429.5;10891.0;38538.5
500300;49441.0;10891.0;38550.0
500400;49561.0;10891.0;38670.0
500500;49567.0;10897.0;38670.0
500600;49561.0;10891.0;38670.0
500700;49561.0;10891.0;38670.0
500800;49727.0;10897.0;38830.0
500900;49601.0;10891.0;38710.0
501000;49601.0;10891.0;38710.0
501100;49752.0;10882.0;38870.0
501200;49601.0;10891.0;38710.0
501300;50067.0;10891.0;39176.0
501400;49665.5;10891.0;38774.5
501500;49674.5;10900.0;38774.5
501600;49665.5;10891.0;38774.5
501700;49665.5;10891.0;38774.5
501800;49708.0;10897.0;38811.0
501900;49529.0;10927.0;38602.0
502000;49659.0;10897.0;38762.0
502100;49665.0;10903.0;38762.0
502200;49536.0;10894.0;38642.0
502300;49733.0;10931.0;38802.0
502400;49853.0;10931.0;38922.0
502500;49733.0;10931.0;38802.0
502600;49733.0;10931.0;38802.0
502700;49733.0;10931.0;38802.0
502800;49773.0;10931.0;38842.0
502900;49787.0;10945.0;38842.0
503000;49787.0;10945.0;38842.0
503100;49730.5;10888.5;38842.0
503200;49591.0;10869.0;38722.0
503300;49743.0;10981.0;38762.0
503400;49883.0;10881.0;39002.0
503500;49873.0;10991.0;38882.0
503600;50073.0;11071.0;39002.0
503700;49263.0;10981.0;38282.0
503800;49943.0;10901.0;39042.0
503900;49903.0;10981.0;38922.0
504000;49718.0;10996.0;38722.0
504100;49918.0;10996.0;38922.0
504200;49913.0;10991.0;38922.0
504300;50023.0;11061.0;38962.0
504400;50033.0;11071.0;38962.0
504500;49953.0;10991.0;38962.0
504600;49953.0;10991.0;38962.0
504700;49953.0;10991.0;38962.0
504800;49998.0;10996.0;39002.0
504900;49983.0;10981.0;39002.0
505000;49993.0;10991.0;39002.0
505100;49553.0;10991.0;38562.0
505200;49993.0;10991.0;39002.0
505300;50153.0;10991.0;39162.0
505400;50033.0;10991.0;39042.0
505500;49833.0;10911.0;38922.0
505600;50033.0;10991.0;39042.0
505700;50043.0;11001.0;39042.0
505800;50073.0;10991.0;39082.0
505900;49513.0;10991.0;38522.0
506000;50083.0;11001.0;39082.0
506100;50083.0;11001.0;39082.0
506200;50078.0;10996.0;39082.0
506300;50123.0;11001.0;39122.0
506400;50138.0;11016.0;39122.0
506500;50133.0;11011.0;39122.0
506600;50123.0;11001.0;39122.0
506700;50013.0;11011.0;39002.0
506800;50293.0;11011.0;39282.0
506900;50318.0;10996.0;39322.0
507000;50173.0;11011.0;39162.0
507100;50173.0;11011.0;39162.0
507200;50173.0;11011.0;39162.0
507300;50228.0;11026.0;39202.0
507400;50203.0;11001.0;39202.0
507500;50208.0;11006.0;39202.0
507600;50093.0;11011.0;39082.0
507700;50213.0;11011.0;39202.0
507800;50253.0;11011.0;39242.0
507900;50263.0;11021.0;39242.0
508000;50413.0;11011.0;39402.0
508100;50403.0;11001.0;39402.0
508200;50258.0;11016.0;39242.0
508300;50288.0;11006.0;39282.0
508400;50273.0;10991.0;39282.0
508500;50283.0;11001.0;39282.0
508600;50283.0;11001.0;39282.0
508700;50268.0;10986.0;39282.0
508800;50323.0;11001.0;39322.0
508900;50323.0;11001.0;39322.0
509000;50323.0;11001.0;39322.0
509100;50323.0;11001.0;39322.0
509200;50333.0;11011.0;39322.0
509300;50388.0;11026.0;39362.0
509400;50363.0;11001.0;39362.0
509500;50523.0;11001.0;39522.0
509600;50363.0;11001.0;39362.0
509700;50353.0;10991.0;39362.0
509800;50523.0;11001.0;39522.0
509900;50243.0;11001.0;39242.0
510000;50643.0;11081.0;39562.0
510100;50233.0;10991.0;39242.0
510200;50388.0;10986.0;39402.0
510300;50443.0;11001.0;39442.0
510400;50323.0;11001.0;39322.0
510500;51043.0;11001.0;40042.0
510600;50413.0;10971.0;39442.0
510700;50443.0;11001.0;39442.0
510800;50483.0;11001.0;39482.0
510900;50323.0;11001.0;39322.0
511000;50473.0;10991.0;39482.0
511100;50283.0;11001.0;39282.0
511200;50521.0;11039.0;39482.0
511300;50547.0;11025.0;39522.0
511400;50568.0;11046.0;39522.0
511500;50547.0;11025.0;39522.0
511600;49961.0;11039.0;38922.0
511700;50603.0;11081.0;39522.0
511800;50495.0;11093.0;39402.0
511900;50655.0;11093.0;39562.0
512000;50707.0;11145.0;39562.0
512100;50643.0;11081.0;39562.0
512200;50083.0;11081.0;39002.0
512300;50683.0;11081.0;39602.0
512400;50075.0;11073.0;39002.0
512500;50555.0;11073.0;39482.0
512600;50699.0;11097.0;39602.0
512700;51319.0;11117.0;40202.0
512800;50808.0;11166.0;39642.0
512900;50808.0;11166.0;39642.0
513000;50838.0;11166.0;39672.0
513100;50838.0;11166.0;39672.0
513200;50849.0;11177.0;39672.0
513300;50886.5;11177.0;39709.5
513400;50886.5;11177.0;39709.5
513500;50886.5;11177.0;39709.5
513600;51417.0;11182.5;40234.5
513700;50897.5;11188.0;39709.5
513800;50924.0;11177.0;39747.0
513900;50946.0;11199.0;39747.0
514000;50946.0;11199.0;39747.0
514100;50929.5;11182.5;39747.0
514200;50924.0;11177.0;39747.0
514300;50906.5;11122.0;39784.5
514400;51082.5;11298.0;39784.5
514500;50996.5;11212.0;39784.5
514600;50988.5;11204.0;39784.5
514700;51124.5;11340.0;39784.5
514800;50831.0;11204.0;39627.0
514900;50439.0;11212.0;39227.0
515000;51031.0;11244.0;39787.0
515100;51015.0;11228.0;39787.0
515200;51031.0;11244.0;39787.0
515300;50919.0;11212.0;39707.0
515400;50935.0;11228.0;39707.0
515500;51055.0;11228.0;39827.0
515600;50935.0;11228.0;39707.0
515700;51055.0;11228.0;39827.0
515800;50967.0;11100.0;39867.0
515900;51255.0;11228.0;40027.0
516000;51239.0;11212.0;40027.0
516100;51095.0;11228.0;39867.0
516200;51111.0;11244.0;39867.0
516300;51186.0;11279.0;39907.0
516400;51169.5;11262.5;39907.0
516500;50487.0;11180.0;39307.0
516600;51175.0;11268.0;39907.0
516700;51175.0;11268.0;39907.0
516800;51198.5;11251.5;39947.0
516900;51215.0;11268.0;39947.0
517000;51215.0;11268.0;39947.0
517100;51215.0;11268.0;39947.0
517200;51084.0;11257.0;39827.0
517300;51167.0;11180.0;39987.0
517400;51284.0;11297.0;39987.0
517500;51338.0;11351.0;39987.0
517600;51290.0;11303.0;39987.0
517700;51090.0;11303.0;39787.0
517800;51330.0;11303.0;40027.0
517900;51330.0;11303.0;40027.0
518000;51330.0;11303.0;40027.0
518100;51890.0;11303.0;40587.0
518200;51336.0;11309.0;40027.0
518300;51370.0;11303.0;40067.0
518400;51979.0;11312.0;40667.0
518500;51379.0;11312.0;40067.0
518600;51499.0;11312.0;40187.0
518700;50758.0;11291.0;39467.0
518800;51410.0;11303.0;40107.0
518900;51410.0;11303.0;40107.0
519000;51970.0;11303.0;40667.0
519100;51250.0;11303.0;39947.0
519200;51570.0;11303.0;40267.0
519300;51444.0;11297.0;40147.0
519400;51537.5;11345.0;40192.5
519500;51489.5;11297.0;40192.5
519600;51483.5;11291.0;40192.5
519700;51537.5;11345.0;40192.5
519800;51077.0;11291.0;39786.0
519900;51545.0;11291.0;40254.0
520000;51545.0;11291.0;40254.0
520100;51551.0;11297.0;40254.0
520200;51011.0;11303.0;39708.0
520300;51542.0;11249.0;40293.0
520400;51656.0;11363.0;40293.0
520500;51590.0;11297.0;40293.0
520600;51548.0;11255.0;40293.0
520700;51584.0;11291.0;40293.0
520800;51629.0;11297.0;40332.0
520900;51473.0;11297.0;40176.0
521000;52175.0;11297.0;40878.0
521100;51629.0;11297.0;40332.0
521200;51623.0;11291.0;40332.0
521300;51542.0;11288.0;40254.0
521400;51785.0;11297.0;40488.0
521500;51668.0;11297.0;40371.0
521600;51674.0;11303.0;40371.0
521700;51674.0;11303.0;40371.0
521800;51704.0;11294.0;40410.0
521900;51653.0;11243.0;40410.0
522000;51903.0;11337.0;40566.0
522100;51581.0;11327.0;40254.0
522200;51697.0;11287.0;40410.0
522300;51786.0;11337.0;40449.0
522400;51669.0;11337.0;40332.0
522500;51746.0;11297.0;40449.0
522600;51766.0;11317.0;40449.0
522700;51928.0;11362.0;40566.0
522800;51842.5;11354.5;40488.0
522900;51850.0;11362.0;40488.0
523000;51810.0;11322.0;40488.0
523100;51850.0;11362.0;40488.0
523200;51855.0;11367.0;40488.0
523300;51889.0;11362.0;40527.0
523400;51889.0;11362.0;40527.0
523500;51889.0;11362.0;40527.0
523600;51841.5;11314.5;40527.0
523700;51919.5;11392.5;40527.0
523800;52118.0;11435.0;40683.0
523900;51941.0;11375.0;40566.0
524000;51403.0;11383.0;40020.0
524100;51961.0;11395.0;40566.0
524200;51832.0;11383.0;40449.0
524300;-1002923.0;11383.0;-1014306.0
524400;51988.0;11383.0;40605.0
524500;51988.0;11383.0;40605.0
524600;51871.0;11383.0;40488.0
524700;51988.0;11383.0;40605.0
524800;51859.0;11371.0;40488.0
524900;52549.0;11359.0;41190.0
525000;52035.0;11391.0;40644.0
525100;52035.0;11391.0;40644.0
525200;51918.0;11391.0;40527.0
525300;52211.5;11411.5;40800.0
525400;51886.0;11408.0;40478.0
525500;52083.0;11405.0;40678.0
525600;52082.5;11404.5;40678.0
525700;52243.5;11405.5;40838.0
525800;51563.0;11405.0;40158.0
525900;52289.0;11411.0;40878.0
526000;52164.0;11446.0;40718.0
526100;52164.0;11446.0;40718.0
526200;52164.0;11446.0;40718.0
526300;51616.5;11458.5;40158.0
526400;52326.5;11448.5;40878.0
526500;52194.0;11436.0;40758.0
526600;52211.5;11453.5;40758.0
526700;52224.0;11466.0;40758.0
526800;52254.0;11456.0;40798.0
526900;52264.0;11466.0;40798.0
527000;52096.5;11458.5;40638.0
527100;52254.0;11456.0;40798.0
527200;52829.0;11471.0;41358.0
527300;52729.0;11461.0;41268.0
527400;52351.5;11496.0;40855.5
527500;52426.5;11458.5;40968.0
527600;51754.0;11461.0;40293.0
527700;52316.5;11461.0;40855.5
527800;51814.0;11446.0;40368.0
527900;52354.0;11461.0;40893.0
528000;52159.0;11461.0;40698.0
528100;52319.0;11461.0;40858.0
528200;52301.5;11443.5;40858.0
528300;52354.0;11456.0;40898.0
528400;52234.0;11456.0;40778.0
528500;52349.0;11451.0;40898.0
528600;52359.0;11461.0;40898.0
528700;52361.5;11463.5;40898.0
528800;52399.0;11461.0;40938.0
528900;52399.0;11461.0;40938.0
529000;52404.0;11466.0;40938.0
529100;52399.0;11461.0;40938.0
529200;52404.0;11466.0;40938.0
529300;52449.0;11471.0;40978.0
529400;52569.0;11471.0;41098.0
529500;52449.0;11471.0;40978.0
529600;53054.0;11476.0;41578.0
529700;52334.0;11476.0;40858.0
529800;52883.0;11471.0;41412.0
529900;52463.0;11436.0;41027.0
530000;52458.0;11431.0;41027.0
530100;52659.5;11478.5;41181.0
530200;52649.5;11468.5;41181.0
530300;52541.5;11476.0;41065.5
530400;52541.5;11476.0;41065.5
530500;53119.0;11476.0;41643.0
530600;52536.5;11471.0;41065.5
530700;52554.0;11488.5;41065.5
530800;52572.5;11468.5;41104.0
530900;52580.0;11476.0;41104.0
531000;52580.0;11476.0;41104.0
531100;52585.0;11481.0;41104.0
531200;52731.5;11473.5;41258.0
531300;52623.5;11481.0;41142.5
531400;52046.0;11481.0;40565.0
531500;52623.5;11481.0;41142.5
531600;52623.5;11481.0;41142.5
531700;52623.5;11481.0;41142.5
531800;52670.5;11483.5;41187.0
531900;52829.0;11486.0;41343.0
532000;52673.0;11486.0;41187.0
532100;52668.0;11481.0;41187.0
532200;52829.0;11486.0;41343.0
532300;52712.0;11486.0;41226.0
532400;52712.0;11486.0;41226.0
532500;52740.0;11514.0;41226.0
532600;52737.0;11511.0;41226.0
532700;52856.0;11513.0;41343.0
532800;53316.0;11505.0;41811.0
532900;52792.0;11527.0;41265.0
533000;52794.0;11529.0;41265.0
533100;52794.0;11529.0;41265.0
533200;52794.0;11529.0;41265.0
533300;52833.0;11529.0;41304.0
533400;52950.0;11529.0;41421.0
533500;52829.0;11525.0;41304.0
533600;52829.0;11525.0;41304.0
533700;52256.0;11537.0;40719.0
533800;52874.0;11531.0;41343.0
533900;52868.0;11525.0;41343.0
534000;53410.0;11521.0;41889.0
534100;52720.0;11533.0;41187.0
534200;52864.0;11521.0;41343.0
534300;52899.0;11517.0;41382.0
534400;52782.0;11517.0;41265.0
534500;52899.0;11517.0;41382.0
534600;52899.0;11517.0;41382.0
534700;52782.0;11517.0;41265.0
534800;53071.0;11533.0;41538.0
534900;52938.0;11517.0;41421.0
535000;52932.0;11511.0;41421.0
535100;52942.0;11521.0;41421.0
535200;52938.0;11517.0;41421.0
535300;52973.0;11513.0;41460.0
535400;52983.0;11523.0;41460.0
535500;52973.0;11513.0;41460.0
535600;52965.0;11505.0;41460.0
535700;53104.0;11527.0;41577.0
535800;53016.0;11517.0;41499.0
535900;53562.0;11517.0;42045.0
536000;52860.0;11517.0;41343.0
536100;53016.0;11517.0;41499.0
536200;53012.0;11513.0;41499.0
536300;52978.0;11557.0;41421.0
536400;53105.0;11567.0;41538.0
536500;-1002742.0;11567.0;-1014309.0
536600;52988.0;11567.0;41421.0
536700;53212.0;11557.0;41655.0
536800;53134.0;11557.0;41577.0
536900;53152.0;11557.0;41595.0
537000;53152.0;11557.0;41595.0
537100;52627.0;11557.0;41070.0
537200;52997.0;11557.0;41440.0
537300;53157.0;11557.0;41600.0
537400;53178.0;11578.0;41600.0
537500;53178.0;11578.0;41600.0
537600;53185.0;11585.0;41600.0
537700;53178.0;11578.0;41600.0
537800;53218.0;11578.0;41640.0
537900;53211.0;11571.0;41640.0
538000;53211.0;11571.0;41640.0
538100;53225.0;11585.0;41640.0
538200;53249.5;11609.5;41640.0
538300;53181.0;11501.0;41680.0
538400;53141.5;11581.5;41560.0
538500;53251.0;11571.0;41680.0
538600;53237.0;11557.0;41680.0
538700;53279.0;11599.0;41680.0
538800;53279.0;11599.0;41680.0
538900;53305.0;11585.0;41720.0
539000;53368.0;11648.0;41720.0
539100;53347.0;11627.0;41720.0
539200;53347.0;11627.0;41720.0
539300;52759.0;11599.0;41160.0
539400;53373.0;11613.0;41760.0
539500;53373.0;11613.0;41760.0
539600;53373.0;11613.0;41760.0
539700;53267.0;11627.0;41640.0
539800;53413.0;11613.0;41800.0
539900;53559.0;11599.0;41960.0
540000;52533.0;11613.0;40920.0
540100;53413.0;11613.0;41800.0
540200;53413.0;11613.0;41800.0
540300;53467.0;11627.0;41840.0
540400;53467.0;11627.0;41840.0
540500;53467.0;11627.0;41840.0
540600;53467.0;11627.0;41840.0
540700;53455.0;11615.0;41840.0
540800;52947.0;11627.0;41320.0
540900;53673.0;11633.0;42040.0
541000;53347.0;11627.0;41720.0
541100;53471.0;11591.0;41880.0
541200;53531.0;11651.0;41880.0
541300;53547.0;11627.0;41920.0
541400;53839.0;11639.0;42200.0
541500;53587.0;11639.0;41948.0
541600;53731.0;11639.0;42092.0
541700;-921419.0;11621.0;-933040.0
541800;53587.0;11639.0;41948.0
541900;54127.0;11639.0;42488.0
542000;53623.0;11639.0;41984.0
542100;53611.0;11627.0;41984.0
542200;53767.0;11639.0;42128.0
542300;53659.0;11639.0;42020.0
542400;53659.0;11639.0;42020.0
542500;53779.0;11651.0;42128.0
542600;53659.0;11639.0;42020.0
542700;53671.0;11651.0;42020.0
542800;53719.0;11663.0;42056.0
542900;53815.0;11615.0;42200.0
543000;53707.0;11651.0;42056.0
543100;53707.0;11651.0;42056.0
543200;53707.0;11651.0;42056.0
543300;53743.0;11651.0;42092.0
543400;53743.0;11651.0;42092.0
543500;53725.0;11633.0;42092.0
543600;53563.0;11651.0;41912.0
543700;53779.0;11747.0;42032.0
543800;54283.0;11651.0;42632.0
543900;53551.0;11639.0;41912.0
544000;53711.0;11639.0;42072.0
544100;53729.0;11657.0;42072.0
544200;53871.0;11639.0;42232.0
544300;53535.0;11543.0;41992.0
544400;53805.0;11693.0;42112.0
544500;53739.0;11627.0;42112.0
544600;53739.0;11627.0;42112.0
544700;54271.0;11627.0;42644.0
544800;53587.0;11627.0;41960.0
544900;53919.0;11639.0;42280.0
545000;53759.0;11639.0;42120.0
545100;53753.0;11633.0;42120.0
545200;53759.0;11639.0;42120.0
545300;53711.0;11639.0;42072.0
545400;54183.0;11579.0;42604.0
545500;53825.0;11639.0;42186.0
545600;53837.0;11651.0;42186.0
545700;53873.0;11687.0;42186.0
545800;53875.0;11651.0;42224.0
545900;54473.0;11717.0;42756.0
546000;53717.0;11645.0;42072.0
546100;53875.0;11651.0;42224.0
546200;53875.0;11651.0;42224.0
546300;54027.0;11651.0;42376.0
546400;53793.0;11645.0;42148.0
546500;53943.0;11681.0;42262.0
546600;53811.0;11663.0;42148.0
546700;53925.0;11663.0;42262.0
546800;53527.0;11759.0;41768.0
546900;54115.0;11663.0;42452.0
547000;54115.0;11663.0;42452.0
547100;53969.0;11669.0;42300.0
547200;53927.0;11627.0;42300.0
547300;53494.0;11726.0;41768.0
547400;54178.0;11726.0;42452.0
547500;54118.0;11894.0;42224.0
547600;54085.0;11747.0;42338.0
547700;54064.0;11726.0;42338.0
547800;53871.0;11495.0;42376.0
547900;54081.0;11705.0;42376.0
548000;53621.0;11705.0;41916.0
548100;54038.0;11642.0;42396.0
548200;54048.5;11652.5;42396.0
548300;54282.0;11726.0;42556.0
548400;54256.5;11820.5;42436.0
548500;54162.0;11726.0;42436.0
548600;54042.0;11726.0;42316.0
548700;54042.0;11726.0;42316.0
548800;54042.0;11726.0;42316.0
548900;54223.0;11747.0;42476.0
549000;54034.0;11558.0;42476.0
549100;54223.0;11747.0;42476.0
549200;53621.0;11705.0;41916.0
549300;54200.0;11684.0;42516.0
549400;54221.0;11705.0;42516.0
549500;54252.5;11736.5;42516.0
549600;54231.5;11715.5;42516.0
549700;54242.0;11726.0;42516.0
549800;54122.0;11726.0;42396.0
549900;54303.0;11747.0;42556.0
550000;54282.0;11726.0;42556.0
550100;54313.5;11757.5;42556.0
550200;54303.0;11747.0;42556.0
550300;54301.0;11705.0;42596.0
550400;54301.0;11705.0;42596.0
550500;54301.0;11705.0;42596.0
550600;54421.0;11705.0;42716.0
550700;54322.0;11726.0;42596.0
550800;54372.5;11736.5;42636.0
550900;54181.0;11705.0;42476.0
551000;54341.0;11705.0;42636.0
551100;54341.0;11705.0;42636.0
551200;54501.0;11705.0;42796.0
551300;54381.0;11705.0;42676.0
551400;54349.5;11673.5;42676.0
551500;53880.0;11684.0;42196.0
551600;54360.0;11684.0;42676.0
551700;54360.0;11684.0;42676.0
551800;54421.0;11705.0;42716.0
551900;54431.5;11715.5;42716.0
552000;54421.0;11705.0;42716.0
552100;54421.0;11705.0;42716.0
552200;54379.0;11663.0;42716.0
552300;54581.0;11705.0;42876.0
552400;54320.0;11684.0;42636.0
552500;54440.0;11684.0;42756.0
552600;54531.0;11775.0;42756.0
552700;54588.0;11712.0;42876.0
552800;54468.0;11712.0;42756.0
552900;54564.0;11768.0;42796.0
553000;54612.0;11816.0;42796.0
553100;55148.0;11792.0;43356.0
553200;54724.0;11768.0;42956.0
553300;54628.0;11792.0;42836.0
553400;54628.0;11792.0;42836.0
553500;54652.0;11816.0;42836.0
553600;54628.0;11792.0;42836.0
553700;54628.0;11792.0;42836.0
553800;54108.0;11792.0;42316.0
553900;-1029676.0;11768.0;-1041444.0
554000;54692.0;11816.0;42876.0
554100;54668.0;11792.0;42876.0
554200;54668.0;11792.0;42876.0
554300;54804.0;11768.0;43036.0
554400;53914.0;11838.0;42076.0
554500;54634.0;11838.0;42796.0
554600;54274.0;11838.0;42436.0
554700;54959.0;11923.0;43036.0
554800;54760.0;11804.0;42956.0
554900;55286.0;11770.0;43516.0
555000;55467.5;12076.0;43391.5
555100;54772.0;11804.0;42968.0
555200;54943.0;11821.0;43122.0
555300;54729.0;11838.0;42891.0
555400;54793.5;11787.0;43006.5
555500;54538.5;11532.0;43006.5
555600;54810.5;11804.0;43006.5
555700;54810.5;11804.0;43006.5
555800;54695.0;11804.0;42891.0
555900;54883.0;11838.0;43045.0
556000;54729.0;11838.0;42891.0
556100;54678.0;11787.0;42891.0
556200;54889.0;11838.0;43051.0
556300;54962.0;11872.0;43090.0
556400;54811.0;11838.0;42973.0
556500;54928.0;11838.0;43090.0
556600;55513.0;11838.0;43675.0
556700;54219.0;11600.0;42619.0
556800;54851.0;11872.0;42979.0
556900;54799.0;11820.0;42979.0
557000;55013.0;11856.0;43157.0
557100;54905.0;11748.0;43157.0
557200;55013.0;11856.0;43157.0
557300;55087.5;11892.0;43195.5
557400;55204.5;12009.0;43195.5
557500;55096.5;11901.0;43195.5
557600;55239.0;11928.0;43311.0
557700;55152.5;11957.0;43195.5
557800;54998.0;11764.0;43234.0
557900;55203.0;11969.0;43234.0
558000;55264.5;12030.5;43234.0
558100;55049.0;11969.0;43080.0
558200;55203.0;11969.0;43234.0
558300;55418.5;12030.5;43388.0
558400;54664.0;11969.0;42695.0
558500;55098.0;11825.5;43272.5
558600;55860.0;12010.0;43850.0
558700;55357.0;11969.0;43388.0
558800;55726.5;12030.5;43696.0
558900;55280.0;11969.0;43311.0
559000;55064.5;11907.5;43157.0
559100;55280.0;11969.0;43311.0
559200;55434.0;11969.0;43465.0
559300;55475.0;12125.5;43349.5
559400;55326.5;11977.0;43349.5
559500;55392.5;12043.0;43349.5
559600;56135.0;11977.0;44158.0
559700;55530.0;12026.5;43503.5
559800;55398.0;12010.0;43388.0
559900;-988722.0;12010.0;-1000732.0
560000;55211.0;11977.0;43234.0
560100;55552.0;12010.0;43542.0
560200;55398.0;12010.0;43388.0
560300;55594.0;12052.0;43542.0
560400;54928.0;12079.0;42849.0
560500;55519.0;12092.5;43426.5
560600;55298.0;12079.0;43219.0
560700;55498.0;12079.0;43419.0
560800;56211.5;12192.5;44019.0
560900;55440.5;12141.5;43299.0
561000;55575.0;12116.0;43459.0
561100;55575.0;12116.0;43459.0
561200;55575.0;12116.0;43459.0
561300;55118.0;12099.0;43019.0
561400;55623.5;12124.5;43499.0
561500;55572.5;12073.5;43499.0
561600;55478.0;12099.0;43379.0
561700;55598.0;12099.0;43499.0
561800;55775.0;12116.0;43659.0
561900;55697.5;12158.5;43539.0
562000;55655.0;12116.0;43539.0
562100;56215.0;12116.0;44099.0
562200;55509.5;12090.5;43419.0
562300;55695.0;12116.0;43579.0
562400;55720.5;12141.5;43579.0
562500;55575.0;12116.0;43459.0
562600;55695.0;12116.0;43579.0
562700;56295.0;12116.0;44179.0
562800;55600.5;12141.5;43459.0
562900;55565.0;11946.0;43619.0
563000;55735.0;12116.0;43619.0
563100;55709.5;12090.5;43619.0
563200;55709.5;12090.5;43619.0
563300;55869.5;12090.5;43779.0
563400;55575.0;12116.0;43459.0
563500;55690.0;12031.0;43659.0
563600;55749.5;12090.5;43659.0
563700;55758.0;12099.0;43659.0
563800;56105.0;12286.0;43819.0
563900;55979.0;12120.0;43859.0
564000;55819.0;12120.0;43699.0
564100;55805.0;12106.0;43699.0
564200;55805.0;12106.0;43699.0
564300;55845.0;12106.0;43739.0
564400;55859.0;12120.0;43739.0
564500;55774.0;12155.0;43619.0
564600;55859.0;12120.0;43739.0
564700;55922.0;12183.0;43739.0
564800;56047.0;12148.0;43899.0
564900;55203.0;12064.0;43139.0
565000;55913.0;12134.0;43779.0
565100;55913.0;12134.0;43779.0
565200;55772.0;12113.0;43659.0
565300;55939.0;12120.0;43819.0
565400;55946.0;12127.0;43819.0
565500;55953.0;12134.0;43819.0
565600;56059.0;12120.0;43939.0
565700;55939.0;12120.0;43819.0
565800;55965.0;12106.0;43859.0
565900;55979.0;12120.0;43859.0
566000;56153.0;12134.0;44019.0
566100;55532.0;12113.0;43419.0
566200;55845.0;12106.0;43739.0
566300;56659.5;12218.0;44441.5
566400;55753.0;11994.0;43759.0
566500;56105.0;12106.0;43999.0
566600;56048.0;12169.0;43879.0
566700;56048.0;12169.0;43879.0
566800;56119.5;12200.5;43919.0
566900;56255.0;12176.0;44079.0
567000;56265.5;12186.5;44079.0
567100;56255.0;12176.0;44079.0
567200;55968.0;12169.0;43799.0
567300;56209.5;12250.5;43959.0
567400;55979.0;12140.0;43839.0
567500;56235.0;12276.0;43959.0
567600;56218.0;12259.0;43959.0
567700;56226.5;12267.5;43959.0
567800;56215.5;12216.5;43999.0
567900;56081.0;12242.0;43839.0
568000;56081.0;12242.0;43839.0
568100;56401.0;12242.0;44159.0
568200;56258.0;12259.0;43999.0
568300;56392.5;12233.5;44159.0
568400;56297.0;12378.0;43919.0
568500;55681.0;12242.0;43439.0
568600;56281.0;12242.0;44039.0
568700;56417.0;12378.0;44039.0
568800;56457.0;12378.0;44079.0
568900;56287.0;12208.0;44079.0
569000;56304.0;12225.0;44079.0
569100;56321.0;12242.0;44079.0
569200;56321.0;12242.0;44079.0
569300;56344.0;12225.0;44119.0
569400;56344.0;12225.0;44119.0
569500;56352.5;12233.5;44119.0
569600;56344.0;12225.0;44119.0
569700;56481.0;12242.0;44239.0
569800;55938.0;12259.0;43679.0
569900;56248.0;12089.0;44159.0
570000;56578.0;12259.0;44319.0
570100;56452.0;12293.0;44159.0
570200;56601.0;12412.0;44189.0
570300;56502.5;12276.0;44226.5
570400;56328.0;12259.0;44069.0
570500;56345.0;12276.0;44069.0
570600;56601.0;12412.0;44189.0
570700;56465.0;12276.0;44189.0
570800;56505.0;12276.0;44229.0
570900;56505.0;12276.0;44229.0
571000;56328.0;12259.0;44069.0
571100;56512.0;12123.0;44389.0
571200;56505.0;12276.0;44229.0
571300;56519.5;12250.5;44269.0
571400;56425.0;12276.0;44149.0
571500;56545.0;12276.0;44269.0
571600;56562.0;12293.0;44269.0
571700;56562.0;12293.0;44269.0
571800;56576.5;12267.5;44309.0
571900;56442.0;12293.0;44149.0
572000;56619.0;12310.0;44309.0
572100;56745.0;12276.0;44469.0
572200;56465.0;12276.0;44189.0
572300;56616.5;12267.5;44349.0
572400;56505.0;12276.0;44229.0
572500;56625.0;12276.0;44349.0
572600;56625.0;12276.0;44349.0
572700;56762.0;12293.0;44469.0
572800;56665.0;12276.0;44389.0
572900;56648.0;12259.0;44389.0
573000;57553.5;12284.5;45269.0
573100;56648.0;12259.0;44389.0
573200;56655.0;12266.0;44389.0
573300;56723.0;12294.0;44429.0
573400;56737.0;12308.0;44429.0
573500;56857.0;12308.0;44549.0
573600;56815.0;12266.0;44549.0
573700;57157.0;12294.0;44863.0
573800;56873.5;12280.0;44593.5
573900;56219.0;12280.0;43939.0
574000;57325.0;12308.0;45017.0
574100;56601.0;12329.0;44272.0
574200;56831.5;12359.5;44472.0
574300;56975.0;12343.0;44632.0
574400;56266.0;12354.0;43912.0
574500;57007.0;12375.0;44632.0
574600;56845.0;12333.0;44512.0
574700;56908.0;12396.0;44512.0
574800;56941.0;12389.0;44552.0
574900;56927.0;12375.0;44552.0
575000;56927.0;12375.0;44552.0
575100;56353.0;12361.0;43992.0
575200;56367.0;12375.0;43992.0
575300;56967.0;12375.0;44592.0
575400;56946.0;12354.0;44592.0
575500;56374.0;12382.0;43992.0
575600;56981.0;12389.0;44592.0
575700;56967.0;12375.0;44592.0
575800;56847.0;12375.0;44472.0
575900;57007.0;12375.0;44632.0
576000;57188.0;12396.0;44792.0
576100;57028.0;12396.0;44632.0
576200;57035.0;12403.0;44632.0
576300;57047.0;12375.0;44672.0
576400;56447.0;12375.0;44072.0
576500;56567.0;12375.0;44192.0
576600;57079.5;12375.0;44704.5
576700;57114.5;12410.0;44704.5
576800;57124.0;12382.0;44742.0
576900;57117.0;12375.0;44742.0
577000;57117.0;12375.0;44742.0
577100;56950.0;12403.0;44547.0
577200;57136.0;12389.0;44747.0
577300;57270.0;12403.0;44867.0
577400;57002.0;12375.0;44627.0
577500;57136.0;12389.0;44747.0
577600;57276.0;12529.0;44747.0
577700;56642.0;12375.0;44267.0
577800;57190.0;12403.0;44787.0
577900;57190.0;12403.0;44787.0
578000;57336.0;12389.0;44947.0
578100;57176.0;12389.0;44787.0
578200;57056.0;12389.0;44667.0
578300;56736.0;12389.0;44347.0
578400;57174.0;12347.0;44827.0
578500;57802.0;12375.0;45427.0
578600;57336.0;12389.0;44947.0
578700;57068.0;12361.0;44707.0
578800;57207.0;12340.0;44867.0
578900;57207.0;12340.0;44867.0
579000;57143.0;12276.0;44867.0
579100;57238.0;12371.0;44867.0
579200;57257.0;12390.0;44867.0
579300;57306.5;12399.5;44907.0
579400;57297.0;12390.0;44907.0
579500;57297.0;12390.0;44907.0
579600;56678.0;12371.0;44307.0
579700;57186.5;12399.5;44787.0
579800;57360.0;12371.0;44989.0
579900;57360.0;12371.0;44989.0
580000;57360.0;12371.0;44989.0
580100;56849.0;12371.0;44478.0
580200;57506.0;12371.0;45135.0
580300;57410.0;12352.0;45058.0
580400;57448.0;12390.0;45058.0
580500;57438.5;12380.5;45058.0
580600;57698.0;12523.0;45175.0
580700;57429.0;12371.0;45058.0
580800;57330.0;12233.0;45097.0
580900;57505.0;12408.0;45097.0
581000;57661.0;12408.0;45253.0
581100;57480.0;12383.0;45097.0
581200;57455.0;12358.0;45097.0
581300;57519.0;12383.0;45136.0
581400;57661.0;12408.0;45253.0
581500;57598.5;12462.5;45136.0
581600;57564.0;12428.0;45136.0
581700;57483.5;12347.5;45136.0
581800;57603.0;12428.0;45175.0
581900;57580.0;12405.0;45175.0
582000;57557.0;12382.0;45175.0
582100;57506.0;12175.0;45331.0
582200;58149.0;12428.0;45721.0
582300;57596.0;12382.0;45214.0
582400;57502.0;12405.0;45097.0
582500;57736.0;12405.0;45331.0
582600;57596.0;12382.0;45214.0
582700;57295.0;12198.0;45097.0
582800;57681.0;12428.0;45253.0
582900;57635.0;12382.0;45253.0
583000;57791.0;12382.0;45409.0
583100;57405.0;12152.0;45253.0
583200;57605.0;12313.0;45292.0
583300;57674.0;12382.0;45292.0
583400;57593.5;12301.5;45292.0
583500;57674.0;12382.0;45292.0
583600;57674.0;12382.0;45292.0
583700;57674.0;12382.0;45292.0
583800;57557.0;12382.0;45175.0
583900;57762.0;12431.0;45331.0
584000;57384.0;12599.0;44785.0
584100;57874.0;12543.0;45331.0
584200;57850.0;12519.0;45331.0
584300;57998.0;12511.0;45487.0
584400;58038.0;12519.0;45519.0
584500;57919.0;12511.0;45408.0
584600;57919.0;12511.0;45408.0
584700;57911.0;12503.0;45408.0
584800;57956.0;12511.0;45445.0
584900;58474.0;12511.0;45963.0
585000;57968.0;12523.0;45445.0
585100;57697.5;12454.5;45243.0
585200;57929.0;12526.0;45403.0
585300;57982.0;12539.0;45443.0
585400;57969.0;12526.0;45443.0
585500;57969.0;12526.0;45443.0
585600;57969.0;12526.0;45443.0
585700;57969.0;12526.0;45443.0
585800;58054.5;12571.5;45483.0
585900;58009.0;12526.0;45483.0
586000;58009.0;12526.0;45483.0
586100;58156.0;12513.0;45643.0
586200;57926.0;12443.0;45483.0
586300;58181.0;12538.0;45643.0
586400;57960.0;12557.0;45403.0
586500;57328.0;12405.0;44923.0
586600;58213.0;12690.0;45523.0
586700;58080.0;12557.0;45523.0
586800;58120.0;12557.0;45563.0
586900;57960.0;12557.0;45403.0
587000;57969.5;12566.5;45403.0
587100;58120.0;12557.0;45563.0
587200;58120.0;12557.0;45563.0
587300;58160.0;12557.0;45603.0
587400;58160.0;12557.0;45603.0
587500;58059.0;12576.0;45483.0
587600;58008.0;12405.0;45603.0
587700;58160.0;12557.0;45603.0
587800;58200.0;12557.0;45643.0
587900;58068.5;12585.5;45483.0
588000;58040.0;12557.0;45483.0
588100;58200.0;12557.0;45643.0
588200;58061.0;12538.0;45523.0
588300;58120.0;12557.0;45563.0
588400;58763.5;12538.0;46225.5
588500;58081.0;12538.0;45543.0
588600;58410.0;12747.0;45663.0
588700;58340.0;12557.0;45783.0
588800;58260.0;12557.0;45703.0
588900;58100.0;12557.0;45543.0
589000;58128.0;12425.0;45703.0
589100;58118.0;12575.0;45543.0
589200;58190.5;12487.5;45703.0
589300;58350.5;12487.5;45863.0
589400;58318.0;12575.0;45743.0
589500;58238.0;12375.0;45863.0
589600;58273.0;12650.0;45623.0
589700;58330.5;12587.5;45743.0
589800;58503.0;12600.0;45903.0
589900;58383.0;12600.0;45783.0
590000;58943.0;12600.0;46343.0
590100;58420.5;12637.5;45783.0
590200;58383.0;12600.0;45783.0
590300;58418.0;12475.0;45943.0
590400;58567.0;12600.0;45967.0
590500;57618.0;12575.0;45043.0
590600;58426.5;12575.0;45851.5
590700;58311.0;12575.0;45736.0
590800;58593.0;12587.5;46005.5
590900;57926.0;12575.0;45351.0
591000;58465.0;12575.0;45890.0
591100;58440.0;12550.0;45890.0
591200;58440.0;12550.0;45890.0
591300;58478.5;12550.0;45928.5
591400;58503.5;12575.0;45928.5
591500;58556.5;12512.5;46044.0
591600;58478.5;12550.0;45928.5
591700;58350.5;12537.5;45813.0
591800;58503.5;12575.0;45928.5
591900;58517.0;12550.0;45967.0
592000;58940.5;12550.0;46390.5
592100;58517.0;12550.0;45967.0
592200;58376.5;12525.0;45851.5
592300;58580.5;12575.0;46005.5
592400;58605.5;12600.0;46005.5
592500;59183.0;12600.0;46583.0
592600;58580.5;12575.0;46005.5
592700;58771.0;12650.0;46121.0
592800;58619.0;12575.0;46044.0
592900;58080.0;12575.0;45505.0
593000;58720.0;12676.0;46044.0
593100;59123.0;12540.0;46583.0
593200;58609.5;12565.5;46044.0
593300;58755.0;12557.0;46198.0
593400;58656.5;12574.0;46082.5
593500;58656.5;12574.0;46082.5
593600;58639.5;12557.0;46082.5
593700;58682.0;12599.5;46082.5
593800;58713.0;12574.0;46139.0
593900;58832.0;12693.0;46139.0
594000;58747.0;12608.0;46139.0
594100;58713.0;12574.0;46139.0
594200;58730.0;12591.0;46139.0
594300;58809.5;12633.5;46176.0
594400;58750.0;12574.0;46176.0
594500;58585.0;12574.0;46011.0
594600;58757.0;12506.0;46251.0
594700;58722.0;12591.0;46131.0
594800;58899.0;12608.0;46291.0
594900;58602.0;12591.0;46011.0
595000;58776.0;12605.0;46171.0
595100;58776.0;12605.0;46171.0
595200;58776.0;12605.0;46171.0
595300;58616.0;12605.0;46011.0
595400;58801.0;12590.0;46211.0
595500;58831.0;12620.0;46211.0
595600;58936.0;12605.0;46331.0
595700;58651.0;12560.0;46091.0
595800;58856.0;12605.0;46251.0
595900;58833.5;12582.5;46251.0
596000;59401.0;12590.0;46811.0
596100;58871.0;12620.0;46251.0
596200;58848.5;12597.5;46251.0
596300;59031.0;12620.0;46411.0
596400;58911.0;12620.0;46291.0
596500;58431.0;12740.0;45691.0
596600;58896.0;12605.0;46291.0
596700;58896.0;12605.0;46291.0
596800;58776.0;12605.0;46171.0
596900;59936.0;12725.0;47211.0
597000;58921.0;12590.0;46331.0
597100;58797.5;12666.5;46131.0
597200;58957.0;12626.0;46331.0
597300;58997.0;12626.0;46371.0
597400;59024.0;12653.0;46371.0
597500;58983.5;12612.5;46371.0
597600;58877.0;12626.0;46251.0
597700;58877.0;12626.0;46251.0
597800;59046.0;12635.0;46411.0
597900;59197.0;12626.0;46571.0
598000;59037.0;12626.0;46411.0
598100;59046.0;12635.0;46411.0
598200;59037.0;12626.0;46411.0
598300;59188.0;12617.0;46571.0
598400;59077.0;12626.0;46451.0
598500;59197.0;12626.0;46571.0
598600;58887.0;12556.0;46331.0
598700;59202.0;12751.0;46451.0
598800;59251.5;12640.5;46611.0
598900;59242.0;12751.0;46491.0
599000;59298.0;12647.0;46651.0
599100;59698.0;12647.0;47051.0
599200;59178.0;12647.0;46531.0
599300;59158.5;12627.5;46531.0
599400;59204.0;12673.0;46531.0
599500;59152.0;12621.0;46531.0
599600;59269.0;12738.0;46531.0
599700;58578.0;12647.0;45931.0
599800;59205.0;12634.0;46571.0
599900;59205.0;12634.0;46571.0
600000;59469.0;12738.0;46731.0
600100;59309.0;12738.0;46571.0
600200;59231.0;12660.0;46571.0
600300;59245.0;12634.0;46611.0
600400;59021.0;12530.0;46491.0
600500;59245.0;12634.0;46611.0
600600;59287.0;12676.0;46611.0
600700;59154.0;12543.0;46611.0
600800;59306.0;12695.0;46611.0
600900;59346.0;12695.0;46651.0
601000;59346.0;12695.0;46651.0
601100;59167.0;12676.0;46491.0
601200;59270.0;12619.0;46651.0
601300;59424.0;12733.0;46691.0
601400;59487.0;12676.0;46811.0
601500;59367.0;12676.0;46691.0
601600;59367.0;12676.0;46691.0
601700;59167.0;12676.0;46491.0
601800;59266.0;12695.0;46571.0
601900;59586.0;12695.0;46891.0
602000;60005.0;12714.0;47291.0
602100;59586.0;12695.0;46891.0
602200;59456.5;12685.5;46771.0
602300;59374.5;12723.5;46651.0
602400;59466.0;12695.0;46771.0
602500;59456.5;12685.5;46771.0
602600;59494.5;12723.5;46771.0
602700;59618.0;12847.0;46771.0
602800;59485.0;12714.0;46771.0
602900;59591.5;12780.5;46811.0
603000;59476.0;12505.0;46971.0
603100;59153.0;12502.0;46651.0
603200;59595.0;12744.0;46851.0
603300;59497.0;12766.0;46731.0
603400;59562.0;12711.0;46851.0
603500;59573.0;12722.0;46851.0
603600;59749.0;12898.0;46851.0
603700;59573.0;12722.0;46851.0
603800;58995.0;12744.0;46251.0
603900;59773.0;12722.0;47051.0
604000;59591.0;12700.0;46891.0
604100;59607.0;12876.0;46731.0
604200;59598.0;12667.0;46931.0
604300;60198.0;12667.0;47531.0
604400;59751.0;12700.0;47051.0
604500;60057.0;12700.0;47357.0
604600;59655.5;12700.0;46955.5
604700;59655.5;12700.0;46955.5
604800;59677.5;12722.0;46955.5
604900;59703.0;12711.0;46992.0
605000;59483.0;12700.0;46783.0
605100;59687.0;12744.0;46943.0
605200;59705.0;12722.0;46983.0
605300;59825.0;12722.0;47103.0
605400;59847.0;12744.0;47103.0
605500;59705.0;12722.0;46983.0
605600;59749.0;12766.0;46983.0
605700;59847.0;12744.0;47103.0
605800;59727.0;12744.0;46983.0
605900;59927.0;12744.0;47183.0
606000;60081.0;12898.0;47183.0
606100;59767.0;12744.0;47023.0
606200;59625.0;12722.0;46903.0
606300;59665.0;12722.0;46943.0
606400;59807.0;12744.0;47063.0
606500;59807.0;12744.0;47063.0
606600;59807.0;12744.0;47063.0
606700;59284.0;12821.0;46463.0
606800;59829.0;12766.0;47063.0
606900;60029.0;12766.0;47263.0
607000;59825.0;12722.0;47103.0
607100;60029.0;12766.0;47263.0
607200;59645.0;12502.0;47143.0
607300;59865.0;12722.0;47143.0
607400;59987.0;12724.0;47263.0
607500;60694.5;12711.5;47983.0
607600;59892.0;12749.0;47143.0
607700;59854.5;12711.5;47143.0
607800;59927.0;12784.0;47143.0
607900;59937.0;12754.0;47183.0
608000;59967.0;12784.0;47183.0
608100;59937.0;12754.0;47183.0
608200;60007.0;12784.0;47223.0
608300;60067.0;12844.0;47223.0
608400;60127.0;12784.0;47343.0
608500;59887.0;12784.0;47103.0
608600;59827.0;12804.0;47023.0
608700;59987.0;12764.0;47223.0
608800;60391.0;12734.0;47657.0
608900;60190.0;12764.0;47426.0
609000;60036.0;12764.0;47272.0
609100;60106.0;12834.0;47272.0
609200;60030.0;12604.0;47426.0
609300;60054.5;12744.0;47310.5
609400;60170.0;12744.0;47426.0
609500;60054.5;12744.0;47310.5
609600;60054.5;12744.0;47310.5
609700;59936.5;12626.0;47310.5
609800;60092.5;12782.0;47310.5
609900;60696.0;12808.0;47888.0
610000;60131.0;12782.0;47349.0
610100;60157.0;12808.0;47349.0
610200;60298.0;12795.0;47503.0
610300;60143.5;12756.0;47387.5
610400;60028.0;12756.0;47272.0
610500;60150.0;12756.0;47394.0
610600;60228.0;12717.0;47511.0
610700;60150.0;12756.0;47394.0
610800;60111.0;12717.0;47394.0
610900;60189.0;12756.0;47433.0
611000;60124.0;12691.0;47433.0
611100;60215.0;12782.0;47433.0
611200;60371.0;12782.0;47589.0
611300;60215.0;12743.0;47472.0
611400;60800.0;12743.0;48057.0
611500;60215.0;12743.0;47472.0
611600;60413.0;12824.0;47589.0
611700;60280.0;12808.0;47472.0
611800;60420.0;12792.0;47628.0
611900;59751.5;12786.5;46965.0
612000;60242.0;12731.0;47511.0
612100;60371.5;12860.5;47511.0
612200;61014.0;12879.0;48135.0
612300;59782.5;12823.5;46959.0
612400;60456.5;12897.5;47559.0
612500;60401.0;12842.0;47559.0
612600;60401.0;12842.0;47559.0
612700;60281.0;12842.0;47439.0
612800;60456.5;12897.5;47559.0
612900;60478.0;12879.0;47599.0
613000;60441.0;12842.0;47599.0
613100;60281.0;12842.0;47439.0
613200;60481.0;12842.0;47639.0
613300;60481.0;12842.0;47639.0
613400;60536.5;12897.5;47639.0
613500;60536.5;12897.5;47639.0
613600;59881.0;12842.0;47039.0
613700;60444.0;12805.0;47639.0
613800;60148.0;12509.0;47639.0
613900;60447.0;12768.0;47679.0
614000;60644.0;12805.0;47839.0
614100;60607.0;12768.0;47839.0
614200;60588.5;12749.5;47839.0
614300;60931.0;13212.0;47719.0
614400;60524.0;12805.0;47719.0
614500;59573.0;12694.0;46879.0
614600;60681.0;12842.0;47839.0
614700;60441.0;12842.0;47599.0
614800;60721.0;12842.0;47879.0
614900;60601.0;12842.0;47759.0
615000;60897.0;13138.0;47759.0
615100;60545.5;12786.5;47759.0
615200;60779.5;12860.5;47919.0
615300;60604.0;12805.0;47799.0
615400;60558.0;12879.0;47679.0
615500;60641.0;12842.0;47799.0
615600;60113.0;12914.0;47199.0
615700;60617.0;12818.0;47799.0
615800;60777.0;12978.0;47799.0
615900;60913.0;12914.0;47999.0
616000;60753.0;12914.0;47839.0
616100;60753.0;12914.0;47839.0
616200;60785.0;12946.0;47839.0
616300;60793.0;12914.0;47879.0
616400;60881.0;12882.0;47999.0
616500;60537.0;12658.0;47879.0
616600;60729.0;12850.0;47879.0
616700;61307.0;12882.0;48425.0
616800;60775.0;12882.0;47893.0
616900;60661.0;12882.0;47779.0
617000;60781.0;12850.0;47931.0
617100;60709.0;12930.0;47779.0
617200;61269.0;12882.0;48387.0
617300;60883.0;12914.0;47969.0
617400;60997.0;12914.0;48083.0
617500;60931.0;12962.0;47969.0
617600;60883.0;12914.0;47969.0
617700;61045.0;12962.0;48083.0
617800;60769.0;12914.0;47855.0
617900;60665.0;12658.0;48007.0
618000;60889.0;12882.0;48007.0
618100;60921.0;12914.0;48007.0
618200;60927.0;12882.0;48045.0
618300;60671.0;12626.0;48045.0
618400;60943.0;12898.0;48045.0
618500;61529.0;12914.0;48615.0
618600;60959.0;12914.0;48045.0
618700;60784.0;12739.0;48045.0
618800;61176.5;12979.5;48197.0
618900;61007.0;12924.0;48083.0
619000;61007.0;12924.0;48083.0
619100;61539.0;12924.0;48615.0
619200;61045.0;12924.0;48121.0
619300;61045.0;12924.0;48121.0
619400;60931.0;12924.0;48007.0
619500;60475.0;12924.0;47551.0
619600;60635.0;12628.0;48007.0
619700;60931.0;12924.0;48007.0
619800;61045.0;12924.0;48121.0
619900;61083.0;12924.0;48159.0
620000;61083.0;12924.0;48159.0
620100;61027.5;12868.5;48159.0
620200;61635.5;12868.5;48767.0
620300;61272.0;12961.0;48311.0
620400;61691.0;12924.0;48767.0
620500;61235.0;12924.0;48311.0
620600;61121.0;12924.0;48197.0
620700;60607.0;12980.0;47627.0
620800;61624.0;13009.0;48615.0
620900;61215.0;12980.0;48235.0
621000;61747.0;12980.0;48767.0
621100;61215.0;12980.0;48235.0
621200;61238.5;12965.5;48273.0
621300;60639.5;12936.5;47703.0
621400;61253.0;12980.0;48273.0
621500;60639.5;12936.5;47703.0
621600;61253.0;12980.0;48273.0
621700;60455.0;12980.0;47475.0
621800;61224.0;12951.0;48273.0
621900;61472.0;13009.0;48463.0
622000;61320.0;13009.0;48311.0
622100;61320.0;13009.0;48311.0
622200;61590.0;13241.0;48349.0
622300;61472.0;13009.0;48463.0
622400;61329.0;12980.0;48349.0
622500;61358.0;13009.0;48349.0
622600;61358.0;13009.0;48349.0
622700;61126.0;12777.0;48349.0
622800;61358.0;13009.0;48349.0
622900;61486.0;13099.0;48387.0
623000;61436.0;13049.0;48387.0
623100;61436.0;13049.0;48387.0
623200;61424.0;12999.0;48425.0
623300;61449.0;13024.0;48425.0
623400;61513.0;13049.0;48464.0
623500;61389.5;13111.5;48278.0
623600;61408.0;13011.5;48396.5
623700;62238.0;13249.0;48989.0
623800;61533.0;13136.5;48396.5
623900;61460.0;13024.0;48436.0
624000;61660.0;13224.0;48436.0
624100;61655.5;13061.5;48594.0
624200;61499.5;13024.0;48475.5
624300;61524.5;13049.0;48475.5
624400;61318.5;12961.5;48357.0
624500;61566.5;13091.0;48475.5
624600;61520.0;13044.5;48475.5
624700;61448.0;13091.0;48357.0
624800;61566.5;13091.0;48475.5
624900;61665.0;13308.0;48357.0
625000;61606.0;13091.0;48515.0
625100;61497.5;12982.5;48515.0
625200;61692.0;13137.5;48554.5
625300;61645.5;13091.0;48554.5
625400;61795.0;13122.0;48673.0
625500;61764.0;13091.0;48673.0
625600;61614.5;13060.0;48554.5
625700;61496.0;13060.0;48436.0
625800;61614.5;13060.0;48554.5
625900;61465.0;13029.0;48436.0
626000;60864.0;12823.0;48041.0
626100;61633.0;13039.0;48594.0
626200;61726.5;13093.0;48633.5
626300;62385.0;13327.0;49058.0
626400;61726.0;13075.0;48651.0
626500;61690.0;13039.0;48651.0
626600;61654.0;13003.0;48651.0
626700;61654.0;13003.0;48651.0
626800;61099.0;13003.0;48096.0
626900;61727.0;13039.0;48688.0
627000;61839.0;13003.0;48836.0
627100;61173.0;13003.0;48170.0
627200;61523.0;13003.0;48520.0
627300;61701.0;13021.0;48680.0
627400;62127.0;13021.0;49106.0
627500;61743.5;13039.0;48704.5
627600;61743.5;13039.0;48704.5
627700;61535.0;13003.0;48532.0
627800;61655.0;13003.0;48652.0
627900;61535.0;13003.0;48532.0
628000;61855.0;13003.0;48852.0
628100;61731.0;13039.0;48692.0
628200;61575.0;13003.0;48572.0
628300;61735.0;13003.0;48732.0
628400;61903.0;13291.0;48612.0
628500;61681.0;12949.0;48732.0
628600;61663.0;12931.0;48732.0
628700;60859.0;12967.0;47892.0
628800;61699.0;12967.0;48732.0
628900;61781.0;13009.0;48772.0
629000;61576.0;12964.0;48612.0
629100;61751.0;12979.0;48772.0
629200;61311.0;12979.0;48332.0
629300;61821.0;13009.0;48812.0
629400;61791.0;12979.0;48812.0
629500;61911.0;12979.0;48932.0
629600;61791.0;12979.0;48812.0
629700;61791.0;12979.0;48812.0
629800;61761.0;12949.0;48812.0
629900;61271.0;12979.0;48292.0
630000;61741.0;12889.0;48852.0
630100;61991.0;12979.0;49012.0
630200;61886.0;12994.0;48892.0
630300;61961.0;12949.0;49012.0
630400;61871.0;12979.0;48892.0
630500;61826.0;12934.0;48892.0
630600;61841.0;12949.0;48892.0
630700;61781.0;13009.0;48772.0
630800;62011.0;12919.0;49092.0
630900;61866.0;12934.0;48932.0
631000;61911.0;12979.0;48932.0
631100;61881.0;12949.0;48932.0
631200;61551.0;12739.0;48812.0
631300;61351.0;12979.0;48372.0
631400;61951.0;12979.0;48972.0
631500;61951.0;12979.0;48972.0
631600;61996.0;13024.0;48972.0
631700;61876.0;12904.0;48972.0
631800;62381.0;13249.0;49132.0
631900;62211.0;13039.0;49172.0
632000;62021.0;13009.0;49012.0
632100;62021.0;13009.0;49012.0
632200;62031.0;12979.0;49052.0
632300;61946.0;13014.0;48932.0
632400;62066.0;13014.0;49052.0
632500;62066.0;13014.0;49052.0
632600;61991.0;12939.0;49052.0
632700;61991.0;12939.0;49052.0
632800;61866.0;12814.0;49052.0
632900;62031.0;12939.0;49092.0
633000;62081.0;12989.0;49092.0
633100;61946.0;13014.0;48932.0
633200;62171.0;13039.0;49132.0
633300;62146.0;13014.0;49132.0
633400;62026.0;13014.0;49012.0
633500;62171.0;13039.0;49132.0
633600;62096.0;12964.0;49132.0
633700;62166.0;12914.0;49252.0
633800;62158.5;13026.5;49132.0
633900;62173.5;13001.5;49172.0
634000;62198.5;13026.5;49172.0
634100;62186.0;13014.0;49172.0
634200;62192.0;12980.0;49212.0
634300;62246.0;13034.0;49212.0
634400;62246.0;13034.0;49212.0
634500;62126.0;13034.0;49092.0
634600;62273.0;13061.0;49212.0
634700;62300.0;13088.0;49212.0
634800;62300.0;13088.0;49212.0
634900;62313.0;13061.0;49252.0
635000;62313.0;13061.0;49252.0
635100;62873.0;13061.0;49812.0
635200;62353.0;13061.0;49292.0
635300;62473.0;13061.0;49412.0
635400;62233.0;13061.0;49172.0
635500;62260.0;13088.0;49172.0
635600;62366.5;13074.5;49292.0
635700;62312.5;13020.5;49292.0
635800;62366.5;13074.5;49292.0
635900;62393.0;13061.0;49332.0
636000;62206.0;13034.0;49172.0
636100;62179.0;13007.0;49172.0
636200;62379.0;13007.0;49372.0
636300;62553.0;13061.0;49492.0
636400;62379.0;13007.0;49372.0
636500;62419.5;13047.5;49372.0
636600;62379.0;13007.0;49372.0
636700;62406.0;13034.0;49372.0
636800;62539.0;13007.0;49532.0
636900;62419.0;13007.0;49412.0
637000;62432.5;13020.5;49412.0
637100;62455.0;13007.0;49448.0
637200;62465.0;12980.0;49485.0
637300;62603.0;13007.0;49596.0
637400;62630.0;13034.0;49596.0
637500;62519.0;13034.0;49485.0
637600;62559.5;13074.5;49485.0
637700;62603.0;13007.0;49596.0
637800;62519.0;13034.0;49485.0
637900;62677.0;13007.0;49670.0
638000;62529.0;13007.0;49522.0
638100;62529.0;13007.0;49522.0
638200;62539.0;12980.0;49559.0
638300;62539.0;12980.0;49559.0
638400;62077.0;12683.0;49394.0
638500;62347.0;12953.0;49394.0
638600;62494.0;12980.0;49514.0
638700;62467.0;12953.0;49514.0
638800;62600.0;12926.0;49674.0
638900;62480.0;12926.0;49554.0
639000;61573.0;12899.0;48674.0
639100;61683.0;13009.0;48674.0
639200;62316.0;12882.0;49434.0
639300;62630.0;13036.0;49594.0
639400;62602.0;13008.0;49594.0
639500;62574.0;12980.0;49594.0
639600;62602.0;13008.0;49594.0
639700;62482.0;13008.0;49474.0
639800;62602.0;13008.0;49594.0
639900;62642.0;13008.0;49634.0
640000;62614.0;12980.0;49634.0
640100;62642.0;13008.0;49634.0
640200;62721.0;13008.0;49713.0
640300;62763.0;13050.0;49713.0
640400;62693.0;12980.0;49713.0
640500;63624.0;13134.0;50490.0
640600;62916.0;13092.0;49824.0
640700;62749.0;13036.0;49713.0
640800;62441.0;12728.0;49713.0
640900;62786.0;13036.0;49750.0
641000;62786.0;13036.0;49750.0
641100;62296.0;13064.0;49232.0
641200;62837.0;13050.0;49787.0
641300;62795.0;13008.0;49787.0
641400;62823.0;13036.0;49787.0
641500;63230.0;13036.0;50194.0
641600;62658.0;13036.0;49622.0
641700;62778.0;13036.0;49742.0
641800;62658.0;13036.0;49622.0
641900;62818.0;13036.0;49782.0
642000;-217014.0;-266796.0;49782.0
642100;62406.0;12784.0;49622.0
642200;62830.0;13008.0;49822.0
642300;62710.0;13008.0;49702.0
642400;62802.0;12980.0;49822.0
642500;62886.0;13064.0;49822.0
642600;62950.0;13008.0;49942.0
642700;62630.0;13008.0;49622.0
642800;62858.0;13036.0;49822.0
642900;62870.0;13008.0;49862.0
643000;62614.0;13232.0;49382.0
643100;62946.0;13084.0;49862.0
643200;63487.0;12985.0;50502.0
643300;63073.0;13051.0;50022.0
643400;62942.0;13040.0;49902.0
643500;62909.0;13007.0;49902.0
643600;62920.0;13018.0;49902.0
643700;62931.0;13029.0;49902.0
643800;62800.0;13018.0;49782.0
643900;62960.0;13018.0;49942.0
644000;63202.0;13260.0;49942.0
644100;62960.0;13018.0;49942.0
644200;62944.0;12842.0;50102.0
644300;63022.0;13040.0;49982.0
644400;63000.0;13018.0;49982.0
644500;63082.0;13100.0;49982.0
644600;62930.0;13068.0;49862.0
644700;63098.0;13116.0;49982.0
644800;62938.0;13076.0;49862.0
644900;63098.0;13076.0;50022.0
645000;63418.0;13076.0;50342.0
645100;63106.0;13084.0;50022.0
645200;63242.0;13060.0;50182.0
645300;63122.0;13060.0;50062.0
645400;63242.0;13060.0;50182.0
645500;63146.0;13084.0;50062.0
645600;63122.0;13060.0;50062.0
645700;63178.0;13116.0;50062.0
645800;62968.0;13026.0;49942.0
645900;63068.0;13126.0;49942.0
646000;63415.0;13121.0;50294.0
646100;63126.0;13136.0;49990.0
646200;63430.0;13136.0;50294.0
646300;63326.0;13146.0;50180.0
646400;63316.0;13136.0;50180.0
646500;63440.0;13146.0;50294.0
646600;63291.0;13111.0;50180.0
646700;63216.0;13036.0;50180.0
646800;63483.0;13151.0;50332.0
646900;63364.0;13146.0;50218.0
647000;63516.0;13146.0;50370.0
647100;63374.0;13156.0;50218.0
647200;63412.0;13156.0;50256.0
647300;63407.0;13151.0;50256.0
647400;63982.0;13156.0;50826.0
647500;63526.0;13156.0;50370.0
647600;63412.0;13156.0;50256.0
647700;63447.0;13191.0;50256.0
647800;63447.0;13191.0;50256.0
647900;63477.5;13183.5;50294.0
648000;63480.0;13186.0;50294.0
648100;63485.0;13191.0;50294.0
648200;63515.5;13183.5;50332.0
648300;63675.0;13191.0;50484.0
648400;63528.0;13196.0;50332.0
648500;63414.0;13196.0;50218.0
648600;63647.0;13201.0;50446.0
648700;63533.0;13201.0;50332.0
648800;63533.0;13201.0;50332.0
648900;63571.0;13201.0;50370.0
649000;63573.5;13203.5;50370.0
649100;64103.0;13201.0;50902.0
649200;63611.5;13203.5;50408.0
649300;63609.0;13201.0;50408.0
649400;63624.0;13216.0;50408.0
649500;63559.0;13151.0;50408.0
649600;63601.5;13193.5;50408.0
649700;63574.0;13166.0;50408.0
649800;63604.0;13196.0;50408.0
649900;63647.0;13201.0;50446.0
650000;63120.0;13206.0;49914.0
650100;63652.0;13206.0;50446.0
650200;64108.0;13206.0;50902.0
650300;63690.0;13206.0;50484.0
650400;63801.5;13203.5;50598.0
650500;63677.5;13193.5;50484.0
650600;63700.0;13216.0;50484.0
650700;63695.0;13211.0;50484.0
650800;63712.5;13228.5;50484.0
650900;63576.0;13206.0;50370.0
651000;63728.0;13206.0;50522.0
651100;63723.0;13201.0;50522.0
651200;63958.0;13246.0;50712.0
651300;64191.5;13213.5;50978.0
651400;63885.0;13211.0;50674.0
651500;63186.0;13196.0;49990.0
651600;63659.5;13213.5;50446.0
651700;63776.0;13216.0;50560.0
651800;63776.0;13216.0;50560.0
651900;63814.0;13216.0;50598.0
652000;63814.0;13216.0;50598.0
652100;63814.0;13216.0;50598.0
652200;62970.5;13208.5;49762.0
652300;63807.0;13171.0;50636.0
652400;63842.0;13206.0;50636.0
652500;63966.0;13216.0;50750.0
652600;63852.0;13216.0;50636.0
652700;63852.0;13216.0;50636.0
652800;63849.5;13213.5;50636.0
652900;63738.0;13216.0;50522.0
653000;63897.5;13223.5;50674.0
653100;63730.5;13208.5;50522.0
653200;63363.0;13221.0;50142.0
653300;63933.0;13221.0;50712.0
653400;63928.0;13216.0;50712.0
653500;63923.0;13211.0;50712.0
653600;63935.5;13223.5;50712.0
653700;63933.0;13221.0;50712.0
653800;64341.0;13211.0;51130.0
653900;64008.0;13258.0;50750.0
654000;64035.5;13285.5;50750.0
654100;63172.0;13258.0;49914.0
654200;64046.0;13258.0;50788.0
654300;64062.5;13274.5;50788.0
654400;64046.0;13258.0;50788.0
654500;64046.0;13258.0;50788.0
654600;64160.0;13258.0;50902.0
654700;64051.5;13263.5;50788.0
654800;64116.0;13328.0;50788.0
654900;64120.0;13294.0;50826.0
655000;64137.0;13311.0;50826.0
655100;64137.0;13311.0;50826.0
655200;64175.0;13311.0;50864.0
655300;64192.0;13328.0;50864.0
655400;64173.0;13195.0;50978.0
655500;64228.0;13364.0;50864.0
655600;64088.0;13338.0;50750.0
655700;64228.0;13364.0;50864.0
655800;64228.0;13364.0;50864.0
655900;64240.0;13338.0;50902.0
656000;64253.0;13351.0;50902.0
656100;64253.0;13351.0;50902.0
656200;64278.0;13338.0;50940.0
656300;64413.0;13359.0;51054.0
656400;64299.0;13359.0;50940.0
656500;64369.5;13315.5;51054.0
656600;64461.0;13359.0;51102.0
656700;64356.0;13359.0;50997.0
656800;64341.5;13344.5;50997.0
656900;64202.0;13400.0;50802.0
657000;64362.0;13400.0;50962.0
657100;64163.0;13361.0;50802.0
657200;64714.0;13712.0;51002.0
657300;64402.0;13400.0;51002.0
657400;64441.0;13439.0;51002.0
657500;64522.0;13400.0;51122.0
657600;64441.0;13439.0;51002.0
657700;64441.0;13439.0;51002.0
657800;64441.0;13439.0;51002.0
657900;64481.0;13439.0;51042.0
658000;64481.0;13439.0;51042.0
658100;64481.0;13439.0;51042.0
658200;64521.0;13439.0;51082.0
658300;64122.0;13400.0;50722.0
658400;64676.0;13594.0;51082.0
658500;64701.0;13499.0;51202.0
658600;64638.0;13556.0;51082.0
658700;64429.0;13347.0;51082.0
658800;63981.0;13499.0;50482.0
658900;64800.0;13518.0;51282.0
659000;64640.0;13518.0;51122.0
659100;64629.0;13347.0;51282.0
659200;65232.5;13470.5;51762.0
659300;64541.0;13499.0;51042.0
659400;64594.5;13432.5;51162.0
659500;64642.0;13480.0;51162.0
659600;64661.0;13499.0;51162.0
659700;64661.0;13499.0;51162.0
659800;64181.0;13499.0;50682.0
659900;64512.5;13470.5;51042.0
660000;64691.5;13489.5;51202.0
660100;64729.5;13527.5;51202.0
660200;64779.0;13537.0;51242.0
660300;64880.0;13518.0;51362.0
660400;64779.0;13537.0;51242.0
660500;64668.5;13546.5;51122.0
660600;64792.0;13550.0;51242.0
660700;64927.0;13565.0;51362.0
660800;64927.0;13685.0;51242.0
660900;64847.0;13565.0;51282.0
661000;64869.5;13587.5;51282.0
661100;64832.0;13550.0;51282.0
661200;64872.0;13550.0;51322.0
661300;64879.5;13557.5;51322.0
661400;64692.0;13490.0;51202.0
661500;64872.0;13550.0;51322.0
661600;64924.5;13602.5;51322.0
661700;64887.0;13565.0;51322.0
661800;64767.0;13565.0;51202.0
661900;65449.5;13527.5;51922.0
662000;64952.0;13430.0;51522.0
662100;65472.0;13550.0;51922.0
662200;65087.0;13565.0;51522.0
662300;64929.5;13527.5;51402.0
662400;65072.0;13550.0;51522.0
662500;65552.0;13550.0;52002.0
662600;65468.5;13527.5;51941.0
662700;64973.0;13550.0;51423.0
662800;65121.0;13550.0;51571.0
662900;64793.0;13535.0;51258.0
663000;64968.0;13550.0;51418.0
663100;64808.0;13550.0;51258.0
663200;64888.0;13430.0;51458.0
663300;64858.0;13400.0;51458.0
663400;65165.5;13587.5;51578.0
663500;65045.5;13587.5;51458.0
663600;64918.0;13580.0;51338.0
663700;65008.0;13550.0;51458.0
663800;65023.0;13565.0;51458.0
663900;65063.0;13565.0;51498.0
664000;65063.0;13565.0;51498.0
664100;65055.5;13557.5;51498.0
664200;65125.5;13587.5;51538.0
664300;65103.0;13565.0;51538.0
664400;65146.0;13608.0;51538.0
664500;64782.0;13564.0;51218.0
664600;65102.0;13564.0;51538.0
664700;65102.0;13564.0;51538.0
664800;65033.0;13495.0;51538.0
664900;65003.0;13585.0;51418.0
665000;65003.0;13585.0;51418.0
665100;65148.0;13570.0;51578.0
665200;65165.5;13547.5;51618.0
665300;65203.0;13585.0;51618.0
665400;65188.0;13570.0;51618.0
665500;65173.0;13555.0;51618.0
665600;65173.0;13555.0;51618.0
665700;65188.0;13570.0;51618.0
665800;65333.0;13555.0;51778.0
665900;65358.0;13540.0;51818.0
666000;64668.0;13570.0;51098.0
666100;64333.0;13555.0;50778.0
666200;65093.0;13555.0;51538.0
666300;65148.0;13570.0;51578.0
666400;65148.0;13570.0;51578.0
666500;65388.0;13570.0;51818.0
666600;65268.0;13570.0;51698.0
666700;65268.0;13570.0;51698.0
666800;65336.0;13598.0;51738.0
666900;65336.0;13598.0;51738.0
667000;65260.0;13522.0;51738.0
667100;64795.0;13617.0;51178.0
667200;65411.0;13633.0;51778.0
667300;65255.0;13597.0;51658.0
667400;65363.0;13585.0;51778.0
667500;65387.0;13609.0;51778.0
667600;65387.0;13609.0;51778.0
667700;65291.0;13633.0;51658.0
667800;65363.0;13585.0;51778.0
667900;65403.0;13585.0;51818.0
668000;65403.0;13585.0;51818.0
668100;65379.0;13561.0;51818.0
668200;65283.0;13585.0;51698.0
668300;65575.0;13597.0;51978.0
668400;65483.0;13599.0;51884.0
668500;65483.0;13599.0;51884.0
668600;65597.0;13599.0;51998.0
668700;65564.0;13566.0;51998.0
668800;65635.0;13599.0;52036.0
668900;65521.0;13599.0;51922.0
669000;65543.0;13621.0;51922.0
669100;65521.0;13599.0;51922.0
669200;65537.0;13577.0;51960.0
669300;65548.0;13588.0;51960.0
669400;65467.0;13621.0;51846.0
669500;-154261.0;-206335.0;52074.0
669600;65559.0;13599.0;51960.0
669700;65559.0;13599.0;51960.0
669800;65445.0;13599.0;51846.0
669900;65597.0;13599.0;51998.0
670000;66107.0;13577.0;52530.0
670100;65575.0;13577.0;51998.0
670200;65613.0;13577.0;52036.0
670300;65789.0;13753.0;52036.0
670400;65727.0;13577.0;52150.0
670500;65624.0;13588.0;52036.0
670600;65613.0;13577.0;52036.0
670700;65551.0;13401.0;52150.0
670800;65787.0;13599.0;52188.0
670900;65499.0;13577.0;51922.0
671000;65618.0;13544.0;52074.0
671100;65607.0;13533.0;52074.0
671200;65623.0;13511.0;52112.0
671300;65781.0;13555.0;52226.0
671400;65469.0;13357.0;52112.0
671500;65781.0;13555.0;52226.0
671600;65645.0;13533.0;52112.0
671700;65645.0;13533.0;52112.0
671800;65678.0;13566.0;52112.0
671900;65835.0;13533.0;52302.0
672000;65705.0;13555.0;52150.0
672100;65824.0;13522.0;52302.0
672200;66431.0;13445.0;52986.0
672300;65732.0;13544.0;52188.0
672400;65765.0;13577.0;52188.0
672500;65776.0;13588.0;52188.0
672600;66183.0;13577.0;52606.0
672700;65721.0;13533.0;52188.0
672800;65721.0;13533.0;52188.0
672900;65759.0;13533.0;52226.0
673000;65277.0;13511.0;51766.0
673100;65917.0;13511.0;52406.0
673200;65797.0;13511.0;52286.0
673300;65797.0;13511.0;52286.0
673400;65743.0;13577.0;52166.0
673500;65830.0;13544.0;52286.0
673600;66283.0;13569.0;52714.0
673700;65908.0;13601.0;52307.0
673800;66063.0;13921.0;52142.0
673900;65919.0;13617.0;52302.0
674000;65871.0;13569.0;52302.0
674100;65759.0;13457.0;52302.0
674200;65623.0;13441.0;52182.0
674300;65839.0;13617.0;52222.0
674400;65887.0;13665.0;52222.0
674500;65911.0;13569.0;52342.0
674600;65935.0;13473.0;52462.0
674700;65927.0;13585.0;52342.0
674800;65823.0;13601.0;52222.0
674900;65903.0;13681.0;52222.0
675000;65967.0;13585.0;52382.0
675100;65951.0;13569.0;52382.0
675200;65959.0;13537.0;52422.0
675300;66831.0;13569.0;53262.0
675400;65991.0;13569.0;52422.0
675500;66079.0;13537.0;52542.0
675600;66417.0;13569.0;52848.0
675700;65963.0;13569.0;52394.0
675800;65963.0;13569.0;52394.0
675900;66003.0;13569.0;52434.0
676000;66147.0;13553.0;52594.0
676100;65955.0;13521.0;52434.0
676200;66043.0;13569.0;52474.0
676300;65995.0;13521.0;52474.0
676400;66139.0;13665.0;52474.0
676500;66043.0;13569.0;52474.0
676600;66075.0;13601.0;52474.0
676700;65787.0;13313.0;52474.0
676800;66299.0;13825.0;52474.0
676900;65971.0;13617.0;52354.0
677000;65891.0;13537.0;52354.0
677100;66067.0;13553.0;52514.0
677200;66091.0;13537.0;52554.0
677300;66727.0;13573.0;53154.0
677400;66091.0;13537.0;52554.0
677500;66141.0;13587.0;52554.0
677600;66122.0;13568.0;52554.0
677700;66103.0;13549.0;52554.0
677800;66301.0;13587.0;52714.0
677900;66645.0;13891.0;52754.0
678000;66181.0;13587.0;52594.0
678100;66181.0;13587.0;52594.0
678200;66221.0;13587.0;52634.0
678300;65621.0;13587.0;52034.0
678400;66164.0;13530.0;52634.0
678500;66101.0;13587.0;52514.0
678600;66419.0;13625.0;52794.0
678700;66101.0;13587.0;52514.0
678800;66381.0;13587.0;52794.0
678900;66821.0;13587.0;53234.0
679000;66101.0;13587.0;52514.0
679100;-1028059.0;13587.0;-1041646.0
679200;66459.0;13625.0;52834.0
679300;66077.0;13363.0;52714.0
679400;66199.0;13605.0;52594.0
679500;66341.0;13627.0;52714.0
679600;66403.0;13689.0;52714.0
679700;66347.5;13513.5;52834.0
679800;66302.5;13708.5;52594.0
679900;65563.0;13689.0;51874.0
680000;66462.5;13708.5;52754.0
680100;66443.0;13689.0;52754.0
680200;66483.0;13689.0;52794.0
680300;66402.0;13728.0;52674.0
680400;66483.0;13689.0;52794.0
680500;66483.0;13689.0;52794.0
680600;66622.5;13708.5;52914.0
680700;66603.0;13689.0;52914.0
680800;66545.5;13591.5;52954.0
680900;66874.0;14040.0;52834.0
681000;66523.0;13689.0;52834.0
681100;66211.0;13377.0;52834.0
681200;66626.0;13752.0;52874.0
681300;66761.0;13767.0;52994.0
681400;66776.0;13782.0;52994.0
681500;66626.0;13752.0;52874.0
681600;66656.0;13782.0;52874.0
681700;66611.0;13737.0;52874.0
681800;66456.0;13782.0;52674.0
681900;66828.0;13872.0;52956.0
682000;66227.0;13782.0;52445.0
682100;66738.0;13782.0;52956.0
682200;66834.5;13842.0;52992.5
682300;66804.5;13812.0;52992.5
682400;66914.0;13812.0;53102.0
682500;67322.0;13782.0;53540.0
682600;66632.0;13812.0;52820.0
682700;66887.0;13827.0;53060.0
682800;67052.0;14112.0;52940.0
682900;66952.0;13812.0;53140.0
683000;66792.0;13812.0;52980.0
683100;66662.0;13842.0;52820.0
683200;66862.0;13842.0;53020.0
683300;67044.0;13904.0;53140.0
683400;66898.0;13878.0;53020.0
683500;66898.0;13878.0;53020.0
683600;66898.0;13878.0;53020.0
683700;66898.0;13878.0;53020.0
683800;66872.0;13852.0;53020.0
683900;67347.5;13852.0;53495.5
684000;66924.0;13852.0;53072.0
684100;66796.0;13878.0;52918.0
684200;67566.0;13878.0;53688.0
684300;67001.5;13891.0;53110.5
684400;66450.0;13917.0;52533.0
684500;66441.0;13917.0;52524.0
684600;67028.0;13904.0;53124.0
684700;66908.0;13904.0;53004.0
684800;66908.0;13904.0;53004.0
684900;67094.0;13930.0;53164.0
685000;67081.0;13917.0;53164.0
685100;67042.0;13878.0;53164.0
685200;67202.0;13878.0;53324.0
685300;67082.0;13878.0;53204.0
685400;67180.5;13976.5;53204.0
685500;67133.0;13929.0;53204.0
685600;66704.0;14100.0;52604.0
685700;66552.0;13948.0;52604.0
685800;67152.0;13948.0;53204.0
685900;67211.0;13967.0;53244.0
686000;67192.0;13948.0;53244.0
686100;67182.5;13938.5;53244.0
686200;67232.0;13948.0;53284.0
686300;67260.5;13976.5;53284.0
686400;66733.0;13929.0;52804.0
686500;67232.0;13948.0;53284.0
686600;67251.0;13967.0;53284.0
686700;67213.0;13929.0;53284.0
686800;67392.0;13948.0;53444.0
686900;67112.0;13948.0;53164.0
687000;67253.0;13929.0;53324.0
687100;67432.0;13948.0;53484.0
687200;67312.0;13948.0;53364.0
687300;67192.0;13948.0;53244.0
687400;67192.0;13948.0;53244.0
687500;67312.0;13948.0;53364.0
687600;67331.0;13967.0;53364.0
687700;66851.0;13967.0;52884.0
687800;67302.5;13938.5;53364.0
687900;67342.5;13938.5;53404.0
688000;67550.0;13986.0;53564.0
688100;67371.0;13967.0;53404.0
688200;67536.0;13948.0;53588.0
688300;67420.5;13948.0;53472.5
688400;67411.0;13938.5;53472.5
688500;66954.0;13948.0;53006.0
688600;67377.0;13891.0;53486.0
688700;67453.0;13967.0;53486.0
688800;66853.0;13967.0;52886.0
688900;67681.5;13995.5;53686.0
689000;67634.0;13948.0;53686.0
689100;67653.0;13967.0;53686.0
689200;67533.0;13967.0;53566.0
689300;67523.5;13957.5;53566.0
689400;67533.0;13967.0;53566.0
689500;67555.5;13989.5;53566.0
689600;67478.5;13912.5;53566.0
689700;67644.5;13958.5;53686.0
689800;67570.5;14004.5;53566.0
689900;67645.0;14039.0;53606.0
690000;67679.5;14073.5;53606.0
690100;67681.0;14039.0;53642.0
690200;67741.0;14062.0;53679.0
690300;67718.0;14039.0;53679.0
690400;67853.0;14039.0;53814.0
690500;67622.0;14039.0;53583.0
690600;68161.0;14039.0;54122.0
690700;68038.0;14070.0;53968.0
690800;67838.5;14140.0;53698.5
690900;67849.0;14112.0;53737.0
691000;67779.0;13888.0;53891.0
691100;67625.0;13888.0;53737.0
691200;67421.0;14112.0;53309.0
691300;67933.0;14144.0;53789.0
691400;67933.0;14144.0;53789.0
691500;67813.0;14144.0;53669.0
691600;67965.0;14176.0;53789.0
691700;67677.0;13888.0;53789.0
691800;68077.0;14128.0;53949.0
691900;68005.0;14176.0;53829.0
692000;68037.0;14208.0;53829.0
692100;68433.0;14176.0;54257.0
692200;68109.0;14208.0;53901.0
692300;68115.0;14176.0;53939.0
692400;68147.0;14208.0;53939.0
692500;68083.0;14144.0;53939.0
692600;68147.0;14208.0;53939.0
692700;68261.0;14208.0;54053.0
692800;68147.0;14208.0;53939.0
692900;68337.0;14208.0;54129.0
693000;68233.0;14256.0;53977.0
693100;68185.0;14208.0;53977.0
693200;67653.0;14208.0;53445.0
693300;68337.0;14208.0;54129.0
693400;68337.0;14208.0;54129.0
693500;68109.0;14208.0;53901.0
693600;68271.0;14256.0;54015.0
693700;68109.0;14208.0;53901.0
693800;68127.0;14112.0;54015.0
693900;68631.0;14160.0;54471.0
694000;68141.0;14240.0;53901.0
694100;68141.0;14240.0;53901.0
694200;67761.0;14240.0;53521.0
694300;68379.0;14288.0;54091.0
694400;68299.0;14208.0;54091.0
694500;68347.0;14256.0;54091.0
694600;68315.0;14224.0;54091.0
694700;68555.0;14464.0;54091.0
694800;68331.0;14240.0;54091.0
694900;68185.0;14208.0;53977.0
695000;68337.0;14208.0;54129.0
695100;68337.0;14208.0;54129.0
695200;68407.0;14240.0;54167.0
695300;67725.0;14128.0;53597.0
695400;69073.0;14336.0;54737.0
695500;67869.0;14272.0;53597.0
695600;68407.0;14240.0;54167.0
695700;68407.0;14240.0;54167.0
695800;68407.0;14240.0;54167.0
695900;68661.0;14304.0;54357.0
696000;68693.0;14336.0;54357.0
696100;68477.0;14272.0;54205.0
696200;68483.0;14240.0;54243.0
696300;68369.0;14240.0;54129.0
696400;68369.0;14240.0;54129.0
696500;68515.0;14272.0;54243.0
696600;68885.0;14528.0;54357.0
696700;68547.0;14304.0;54243.0
696800;68547.0;14304.0;54243.0
696900;68585.0;14304.0;54281.0
697000;68433.0;14304.0;54129.0
697100;68329.0;14048.0;54281.0
697200;68575.0;14256.0;54319.0
697300;68623.0;14304.0;54319.0
697400;68623.0;14304.0;54319.0
697500;68591.0;14272.0;54319.0
697600;68735.0;14416.0;54319.0
697700;68559.0;14240.0;54319.0
697800;68591.0;14272.0;54319.0
697900;68661.0;14304.0;54357.0
698000;68661.0;14304.0;54357.0
698100;68741.0;14384.0;54357.0
698200;69205.0;14240.0;54965.0
698300;68553.0;14272.0;54281.0
698400;68667.0;14272.0;54395.0
698500;68553.0;14272.0;54281.0
698600;68619.0;14224.0;54395.0
698700;68781.0;14272.0;54509.0
698800;68667.0;14272.0;54395.0
698900;68737.0;14304.0;54433.0
699000;68753.0;14320.0;54433.0
699100;68721.0;14288.0;54433.0
699200;68855.0;14384.0;54471.0
699300;68775.0;14304.0;54471.0
699400;68777.0;14192.0;54585.0
699500;68373.0;14016.0;54357.0
699600;68727.0;14256.0;54471.0
699700;68647.0;14176.0;54471.0
699800;68775.0;14304.0;54471.0
699900;68893.0;14384.0;54509.0
700000;68813.0;14304.0;54509.0
700100;68855.0;14346.0;54509.0
700200;68893.0;14346.0;54547.0
700300;68535.0;14138.0;54397.0
700400;68535.0;14138.0;54397.0
700500;68824.0;14307.0;54517.0
700600;68863.0;14346.0;54517.0
700700;68963.0;14446.0;54517.0
700800;69083.5;14366.5;54717.0
700900;69027.0;14470.0;54557.0
701000;68432.0;14355.0;54077.0
701100;69564.0;14447.0;55117.0
701200;69044.0;14447.0;54597.0
701300;69044.0;14447.0;54597.0
701400;69044.0;14447.0;54597.0
701500;69044.0;14447.0;54597.0
701600;68740.0;14263.0;54477.0
701700;69021.0;14424.0;54597.0
701800;69227.0;14470.0;54757.0
701900;69083.0;14286.0;54797.0
702000;69152.0;14355.0;54797.0
702100;69516.5;14447.0;55069.5
702200;68710.0;14470.0;54240.0
702300;69061.0;14470.0;54591.0
702400;69178.0;14470.0;54708.0
702500;69451.0;14470.0;54981.0
702600;68593.0;14470.0;54123.0
702700;69212.5;14504.5;54708.0
702800;69017.0;14309.0;54708.0
702900;69217.0;14470.0;54747.0
703000;69217.0;14470.0;54747.0
703100;69084.0;14493.0;54591.0
703200;69256.0;14470.0;54786.0
703300;69290.5;14504.5;54786.0
703400;69256.0;14470.0;54786.0
703500;69095.0;14309.0;54786.0
703600;69419.0;14516.0;54903.0
703700;69396.0;14493.0;54903.0
703800;69279.0;14493.0;54786.0
703900;69203.0;14378.0;54825.0
704000;69364.0;14539.0;54825.0
704100;69318.0;14493.0;54825.0
704200;69318.0;14493.0;54825.0
704300;69290.0;14309.0;54981.0
704400;68783.5;14504.5;54279.0
704500;69357.0;14493.0;54864.0
704600;69786.0;14493.0;55293.0
704700;69368.5;14504.5;54864.0
704800;69334.0;14470.0;54864.0
704900;69373.0;14470.0;54903.0
705000;69194.0;14447.0;54747.0
705100;69802.0;14470.0;55332.0
705200;69389.0;14447.0;54942.0
705300;69295.0;14470.0;54825.0
705400;69344.0;14519.0;54825.0
705500;69476.0;14534.0;54942.0
705600;69461.0;14519.0;54942.0
705700;68990.0;14519.0;54471.0
705800;69470.0;14519.0;54951.0
705900;69290.0;14459.0;54831.0
706000;69510.0;14519.0;54991.0
706100;69320.0;14489.0;54831.0
706200;69420.0;14549.0;54871.0
706300;69430.0;14519.0;54911.0
706400;69670.0;14519.0;55151.0
706500;69505.0;14474.0;55031.0
706600;69520.0;14489.0;55031.0
706700;69520.0;14489.0;55031.0
706800;69520.0;14489.0;55031.0
706900;69590.0;14519.0;55071.0
707000;69590.0;14519.0;55071.0
707100;69590.0;14519.0;55071.0
707200;69630.0;14519.0;55111.0
707300;69630.0;14519.0;55111.0
707400;69060.0;14549.0;54511.0
707500;69630.0;14519.0;55111.0
707600;69660.0;14549.0;55111.0
707700;69060.0;14549.0;54511.0
707800;69510.0;14519.0;54991.0
707900;69700.0;14549.0;55151.0
708000;70610.0;14579.0;56031.0
708100;69940.0;14789.0;55151.0
708200;69705.0;14554.0;55151.0
708300;69780.0;14589.0;55191.0
708400;69900.0;14589.0;55311.0
708500;69780.0;14589.0;55191.0
708600;69712.5;14641.5;55071.0
708700;69730.0;14659.0;55071.0
708800;69806.0;14589.0;55217.0
708900;69347.0;14624.0;54723.0
709000;69347.0;14624.0;54723.0
709100;69389.0;14666.0;54723.0
709200;69959.0;14666.0;55293.0
709300;70073.0;14666.0;55407.0
709400;70049.5;14870.5;55179.0
709500;70237.0;14678.0;55559.0
709600;69971.0;14678.0;55293.0
709700;69857.0;14678.0;55179.0
709800;70009.0;14678.0;55331.0
709900;69974.0;14643.0;55331.0
710000;70022.5;14843.5;55179.0
710100;69986.0;14655.0;55331.0
710200;70080.0;14711.0;55369.0
710300;70017.0;14648.0;55369.0
710400;70111.5;14742.5;55369.0
710500;69849.0;14480.0;55369.0
710600;70080.0;14711.0;55369.0
710700;70059.0;14690.0;55369.0
710800;70080.0;14711.0;55369.0
710900;70170.5;14763.5;55407.0
711000;69586.0;14711.0;54875.0
711100;70097.0;14690.0;55407.0
711200;69565.0;14690.0;54875.0
711300;70135.0;14690.0;55445.0
711400;70156.0;14711.0;55445.0
711500;70145.5;14700.5;55445.0
711600;70177.0;14732.0;55445.0
711700;70145.5;14700.5;55445.0
711800;70063.0;14732.0;55331.0
711900;70215.0;14732.0;55483.0
712000;70236.0;14753.0;55483.0
712100;70215.0;14732.0;55483.0
712200;70253.0;14732.0;55521.0
712300;70263.5;14742.5;55521.0
712400;70823.0;14732.0;56091.0
712500;69697.0;14746.0;54951.0
712600;70243.0;14722.0;55521.0
712700;70267.0;14746.0;55521.0
712800;70267.0;14746.0;55521.0
712900;70305.0;14746.0;55559.0
713000;70723.0;14746.0;55977.0
713100;70305.0;14746.0;55559.0
713200;70457.0;14746.0;55711.0
713300;70343.0;14746.0;55597.0
713400;70380.0;14783.0;55597.0
713500;70353.0;14756.0;55597.0
713600;70236.0;14753.0;55483.0
713700;70971.0;14804.0;56167.0
713800;69774.0;14747.0;55027.0
713900;70397.0;14762.0;55635.0
714000;70391.0;14756.0;55635.0
714100;70391.0;14756.0;55635.0
714200;70438.0;14765.0;55673.0
714300;69913.0;14810.0;55103.0
714400;70549.0;14762.0;55787.0
714500;70435.0;14762.0;55673.0
714600;70435.0;14762.0;55673.0
714700;70435.0;14762.0;55673.0
714800;70435.0;14762.0;55673.0
714900;70437.0;14726.0;55711.0
715000;70259.0;14756.0;55503.0
715100;70417.0;14714.0;55703.0
715200;70496.0;14753.0;55743.0
715300;70532.0;14789.0;55743.0
715400;70505.0;14762.0;55743.0
715500;70502.0;14759.0;55743.0
715600;70547.0;14804.0;55743.0
715700;70499.0;14756.0;55743.0
715800;70499.0;14756.0;55743.0
715900;70705.0;14762.0;55943.0
716000;70539.0;14756.0;55783.0
716100;69979.0;14756.0;55223.0
716200;71179.0;14756.0;56423.0
716300;70573.0;14750.0;55823.0
716400;70585.0;14762.0;55823.0
716500;70705.0;14762.0;55943.0
716600;69985.0;14762.0;55223.0
716700;70585.0;14762.0;55823.0
716800;70585.0;14762.0;55823.0
716900;70625.0;14762.0;55863.0
717000;70465.0;14762.0;55703.0
717100;70625.0;14762.0;55863.0
717200;70665.0;14762.0;55903.0
717300;70665.0;14762.0;55903.0
717400;70691.0;14762.0;55929.0
717500;70691.0;14762.0;55929.0
717600;70691.0;14762.0;55929.0
717700;70805.0;14762.0;56043.0
717800;70691.0;14762.0;55929.0
717900;70729.0;14762.0;55967.0
718000;70577.0;14762.0;55815.0
718100;70881.0;14762.0;56119.0
718200;70767.0;14762.0;56005.0
718300;70767.0;14762.0;56005.0
718400;70197.0;14762.0;55435.0
718500;70767.0;14762.0;56005.0
718600;70767.0;14762.0;56005.0
718700;70767.0;14762.0;56005.0
718800;70767.0;14762.0;56005.0
718900;70957.0;14762.0;56195.0
719000;70805.0;14762.0;56043.0
719100;70805.0;14762.0;56043.0
719200;70843.0;14762.0;56081.0
719300;70843.0;14762.0;56081.0
719400;70729.0;14762.0;55967.0
719500;70843.0;14762.0;56081.0
719600;70843.0;14762.0;56081.0
719700;70843.0;14762.0;56081.0
719800;70729.0;14762.0;55967.0
719900;70881.0;14762.0;56119.0
720000;70881.0;14762.0;56119.0
720100;70881.0;14762.0;56119.0
720200;70919.0;14762.0;56157.0
720300;70349.0;14762.0;55587.0
720400;70919.0;14762.0;56157.0
720500;70919.0;14762.0;56157.0
720600;71489.0;14762.0;56727.0
720700;71489.0;14762.0;56727.0
720800;70915.0;14758.0;56157.0
720900;71793.0;14762.0;57031.0
721000;70997.0;14802.0;56195.0
721100;70993.0;14798.0;56195.0
721200;70524.5;14752.0;55772.5
721300;71064.5;14818.0;56246.5
721400;71088.5;14842.0;56246.5
721500;70940.0;14812.0;56128.0
721600;71076.5;14830.0;56246.5
721700;71088.5;14842.0;56246.5
721800;71076.5;14830.0;56246.5
721900;71104.0;14818.0;56286.0
722000;71042.0;14914.0;56128.0
722100;70934.0;14806.0;56128.0
722200;71155.5;14830.0;56325.5
722300;71570.0;14818.0;56752.0
722400;71145.5;14806.0;56339.5
722500;71258.0;14806.0;56452.0
722600;71145.5;14806.0;56339.5
722700;71258.0;14806.0;56452.0
722800;71036.0;14696.5;56339.5
722900;71197.0;14820.0;56377.0
723000;71187.5;14810.5;56377.0
723100;71216.0;14839.0;56377.0
723200;71215.5;14801.0;56414.5
723300;70691.0;14839.0;55852.0
723400;71101.5;14687.0;56414.5
723500;71408.0;14881.0;56527.0
723600;71399.5;14985.0;56414.5
723700;71295.5;14881.0;56414.5
723800;71308.5;14894.0;56414.5
723900;71359.0;14907.0;56452.0
724000;201372.0;144920.0;56452.0
724100;71333.0;14881.0;56452.0
724200;71370.5;14881.0;56489.5
724300;71483.0;14881.0;56602.0
724400;71370.5;14881.0;56489.5
724500;71357.5;14868.0;56489.5
724600;71370.5;14881.0;56489.5
724700;71920.0;14868.0;57052.0
724800;71357.5;14868.0;56489.5
724900;71200.0;14868.0;56332.0
725000;71360.0;14868.0;56492.0
725100;71347.0;14855.0;56492.0
725200;71387.0;14855.0;56532.0
725300;71387.0;14855.0;56532.0
725400;71374.0;14842.0;56532.0
725500;71283.0;14751.0;56532.0
725600;71494.0;14842.0;56652.0
725700;71602.5;14950.5;56652.0
725800;71472.5;14940.5;56532.0
725900;71360.0;14948.0;56412.0
726000;71525.0;14953.0;56572.0
726100;70887.5;14955.5;55932.0
726200;71605.0;14993.0;56612.0
726300;71605.0;14993.0;56612.0
726400;71485.0;14993.0;56492.0
726500;71605.0;14993.0;56612.0
726600;71605.0;14993.0;56612.0
726700;71605.0;14993.0;56612.0
726800;71485.0;14993.0;56492.0
726900;71645.0;14993.0;56652.0
727000;71645.0;14993.0;56652.0
727100;71645.0;14993.0;56652.0
727200;71085.0;14993.0;56092.0
727300;71685.0;14993.0;56692.0
727400;71613.0;14993.0;56620.0
727500;71559.0;14993.0;56566.0
727600;71698.5;14993.0;56705.5
727700;71814.0;14993.0;56821.0
727800;71698.5;14993.0;56705.5
727900;71891.0;14993.0;56898.0
728000;71737.0;14993.0;56744.0
728100;71737.0;14993.0;56744.0
728200;71775.5;14993.0;56782.5
728300;71775.5;14993.0;56782.5
728400;71775.5;14993.0;56782.5
728500;71891.0;14993.0;56898.0
728600;71775.5;14993.0;56782.5
728700;71775.5;14993.0;56782.5
728800;72353.0;14993.0;57360.0
728900;71814.0;14993.0;56821.0
729000;71814.0;14993.0;56821.0
729100;72024.0;15049.0;56975.0
729200;71908.5;15049.0;56859.5
729300;71896.5;15037.0;56859.5
729400;71908.5;15049.0;56859.5
729500;71908.5;15049.0;56859.5
729600;71900.5;15041.0;56859.5
729700;72059.0;15084.0;56975.0
729800;71943.5;15084.0;56859.5
729900;72015.0;15117.0;56898.0
730000;71982.0;15084.0;56898.0
730100;72131.5;15079.5;57052.0
730200;72017.5;15081.0;56936.5
730300;71434.0;15084.0;56350.0
730400;72073.0;15123.0;56950.0
730500;72077.5;15127.5;56950.0
730600;72668.5;15118.5;57550.0
730700;71981.0;15231.0;56750.0
730800;72082.0;15132.0;56950.0
730900;72020.0;15190.0;56830.0
731000;72289.0;15139.0;57150.0
731100;72200.5;15210.5;56990.0
731200;72284.0;15254.0;57030.0
731300;72284.0;15254.0;57030.0
731400;72317.0;15287.0;57030.0
731500;72361.0;15331.0;57030.0
731600;72284.0;15254.0;57030.0
731700;72262.0;15232.0;57030.0
731800;72142.0;15232.0;56910.0
731900;72126.0;15056.0;57070.0
732000;72346.0;15276.0;57070.0
732100;71764.0;15254.0;56510.0
732200;72550.0;15320.0;57230.0
732300;72590.0;15320.0;57270.0
732400;72484.0;15254.0;57230.0
732500;72266.0;15276.0;56990.0
732600;72397.0;15287.0;57110.0
732700;72540.0;15430.0;57110.0
732800;72298.0;15188.0;57110.0
732900;72437.0;15287.0;57150.0
733000;72426.0;15276.0;57150.0
733100;72250.0;15100.0;57150.0
733200;72444.0;15254.0;57190.0
733300;72488.0;15298.0;57190.0
733400;72192.0;15122.0;57070.0
733500;72608.0;15298.0;57310.0
733600;72488.0;15298.0;57190.0
733700;72485.5;15276.0;57209.5
733800;72507.5;15298.0;57209.5
733900;72447.0;15199.0;57248.0
734000;72524.0;15276.0;57248.0
734100;72524.0;15276.0;57248.0
734200;71952.0;15243.0;56709.0
734300;72656.0;15254.0;57402.0
734400;72425.0;15254.0;57171.0
734500;72540.5;15254.0;57286.5
734600;71710.0;15232.0;56478.0
734700;72392.0;15221.0;57171.0
734800;72507.5;15221.0;57286.5
734900;72614.0;15289.0;57325.0
735000;72478.0;15153.0;57325.0
735100;72149.0;15289.0;56860.0
735200;72548.0;15328.0;57220.0
735300;72719.0;15339.0;57380.0
735400;72675.0;15295.0;57380.0
735500;72544.0;15284.0;57260.0
735600;72664.0;15284.0;57380.0
735700;72879.0;15339.0;57540.0
735800;72577.0;15317.0;57260.0
735900;72737.0;15317.0;57420.0
736000;72177.0;15317.0;56860.0
736100;72737.0;15317.0;57420.0
736200;72799.0;15339.0;57460.0
736300;72744.0;15284.0;57460.0
736400;72755.0;15295.0;57460.0
736500;72788.0;15328.0;57460.0
736600;72755.0;15295.0;57460.0
736700;72777.0;15317.0;57460.0
736800;73355.0;15295.0;58060.0
736900;72852.0;15352.0;57500.0
737000;72665.0;15325.0;57340.0
737100;72879.0;15379.0;57500.0
737200;72892.0;15352.0;57540.0
737300;72919.0;15379.0;57540.0
737400;72892.0;15352.0;57540.0
737500;73326.0;15352.0;57974.0
737600;72356.5;15392.5;56964.0
737700;72019.0;15055.0;56964.0
737800;72956.5;15392.5;57564.0
737900;72823.0;15379.0;57444.0
738000;72462.5;15338.5;57124.0
738100;72969.5;15365.5;57604.0
738200;73116.0;15352.0;57764.0
738300;72996.0;15352.0;57644.0
738400;72996.0;15352.0;57644.0
738500;72489.0;15325.0;57164.0
738600;72849.0;15325.0;57524.0
738700;72969.0;15325.0;57644.0
738800;72153.0;15109.0;57044.0
738900;73596.0;15352.0;58244.0
739000;73063.0;15379.0;57684.0
739100;73252.0;15568.0;57684.0
739200;72916.0;15352.0;57564.0
739300;73076.0;15352.0;57724.0
739400;73076.0;15352.0;57724.0
739500;73162.0;15558.0;57604.0
739600;73188.0;15464.0;57724.0
739700;73188.0;15464.0;57724.0
739800;73119.0;15395.0;57724.0
739900;73044.0;15280.0;57764.0
740000;73216.5;15452.5;57764.0
740100;73068.0;15464.0;57604.0
740200;73244.0;15280.0;57964.0
740300;73694.0;15464.0;58230.0
740400;73874.5;15498.5;58376.0
740500;73161.0;15332.5;57828.5
740600;73927.5;15332.5;58595.0
740700;73384.5;15410.0;57974.5
740800;73279.0;15503.0;57776.0
740900;73288.0;15472.0;57816.0
741000;73288.0;15472.0;57816.0
741100;73288.0;15472.0;57816.0
741200;73281.5;15425.5;57856.0
741300;73576.0;15720.0;57856.0
741400;73266.0;15410.0;57856.0
741500;73297.0;15441.0;57856.0
741600;73370.5;15394.5;57976.0
741700;73266.0;15410.0;57856.0
741800;73250.5;15394.5;57856.0
741900;73585.0;15689.0;57896.0
742000;72853.0;15437.0;57416.0
742100;73583.0;15527.0;58056.0
742200;73355.0;15419.0;57936.0
742300;72791.0;15455.0;57336.0
742400;73229.0;15293.0;57936.0
742500;73403.0;15347.0;58056.0
742600;73391.0;15455.0;57936.0
742700;73409.0;15473.0;57936.0
742800;73271.0;15455.0;57816.0
742900;73503.0;15527.0;57976.0
743000;73307.0;15491.0;57816.0
743100;73341.0;15365.0;57976.0
743200;74383.0;15527.0;58856.0
743300;73525.0;15509.0;58016.0
743400;73795.0;15779.0;58016.0
743500;73627.0;15491.0;58136.0
743600;73507.0;15491.0;58016.0
743700;73561.0;15545.0;58016.0
743800;73667.0;15491.0;58176.0
743900;73543.0;15487.0;58056.0
744000;73607.0;15551.0;58056.0
744100;73575.0;15519.0;58056.0
744200;73647.0;15551.0;58096.0
744300;73647.0;15551.0;58096.0
744400;73647.0;15551.0;58096.0
744500;74471.0;15775.0;58696.0
744600;73735.0;15519.0;58216.0
744700;73679.0;15583.0;58096.0
744800;73391.0;15295.0;58096.0
744900;73847.0;15551.0;58296.0
745000;73639.0;15503.0;58136.0
745100;73527.0;15551.0;57976.0
745200;73695.0;15519.0;58176.0
745300;73695.0;15519.0;58176.0
745400;73095.0;15519.0;57576.0
745500;73695.0;15519.0;58176.0
745600;73737.0;15561.0;58176.0
745700;73711.0;15535.0;58176.0
745800;73737.0;15561.0;58176.0
745900;73569.0;15353.0;58216.0
746000;73907.0;15691.0;58216.0
746100;73687.0;15631.0;58056.0
746200;74037.0;15661.0;58376.0
746300;73917.0;15661.0;58256.0
746400;73917.0;15661.0;58256.0
746500;74517.0;15661.0;58856.0
746600;73917.0;15661.0;58256.0
746700;74077.0;15661.0;58416.0
746800;74502.0;15646.0;58856.0
746900;73717.0;15421.0;58296.0
747000;73957.0;15661.0;58296.0
747100;74117.0;15661.0;58456.0
747200;74837.0;15661.0;59176.0
747300;74072.0;15616.0;58456.0
747400;73997.0;15661.0;58336.0
747500;73997.0;15661.0;58336.0
747600;73982.0;15646.0;58336.0
747700;73427.0;15691.0;57736.0
747800;73892.0;15676.0;58216.0
747900;74112.0;15736.0;58376.0
748000;74037.0;15661.0;58376.0
748100;73862.0;15646.0;58216.0
748200;74227.0;15691.0;58536.0
748300;73837.0;15781.0;58056.0
748400;73987.0;15691.0;58296.0
748500;73462.0;15646.0;57816.0
748600;74257.0;15721.0;58536.0
748700;74047.0;15631.0;58416.0
748800;73807.0;15391.0;58416.0
748900;74177.0;15721.0;58456.0
749000;74207.0;15751.0;58456.0
749100;74177.0;15721.0;58456.0
749200;73317.0;15421.0;57896.0
749300;73647.0;15751.0;57896.0
749400;74277.0;15781.0;58496.0
749500;74277.0;15781.0;58496.0
749600;74277.0;15781.0;58496.0
749700;74277.0;15781.0;58496.0
749800;74277.0;15781.0;58496.0
749900;74317.0;15781.0;58536.0
750000;74272.0;15736.0;58536.0
750100;74317.0;15781.0;58536.0
750200;74027.0;16051.0;57976.0
750300;74477.0;15901.0;58576.0
750400;74387.0;15811.0;58576.0
750500;74387.0;15811.0;58576.0
750600;74507.0;15931.0;58576.0
750700;74567.0;15831.0;58736.0
750800;74387.0;15811.0;58576.0
750900;74467.0;15851.0;58616.0
751000;74467.0;15851.0;58616.0
751100;74427.0;15811.0;58616.0
751200;74667.0;15891.0;58776.0
751300;74167.0;15991.0;58176.0
751400;74557.0;15901.0;58656.0
751500;74607.0;15831.0;58776.0
751600;74477.0;15821.0;58656.0
751700;74507.0;15851.0;58656.0
751800;74367.0;15831.0;58536.0
751900;74527.0;15831.0;58696.0
752000;74614.5;15918.5;58696.0
752100;74736.0;15880.0;58856.0
752200;74616.0;15880.0;58736.0
752300;74462.0;15886.0;58576.0
752400;74487.0;15871.0;58616.0
752500;74599.5;15863.5;58736.0
752600;75222.0;15886.0;59336.0
752700;74782.0;15886.0;58896.0
752800;74022.0;15886.0;58136.0
752900;74662.0;15886.0;58776.0
753000;74617.0;15841.0;58776.0
753100;74732.0;15886.0;58846.0
753200;74878.0;15886.0;58992.0
753300;74768.5;15886.0;58882.5
753400;74431.0;15721.0;58710.0
753500;74836.0;15886.0;58950.0
753600;74701.0;15871.0;58830.0
753700;74768.5;15938.5;58830.0
753800;74678.5;15848.5;58830.0
753900;74756.0;15886.0;58870.0
754000;74556.0;15886.0;58670.0
754100;74624.0;15914.0;58710.0
754200;74805.0;15895.0;58910.0
754300;74824.0;15914.0;58910.0
754400;74859.0;15949.0;58910.0
754500;74859.0;15949.0;58910.0
754600;74859.0;15949.0;58910.0
754700;74859.0;15949.0;58910.0
754800;74895.0;15985.0;58910.0
754900;74703.0;15913.0;58790.0
755000;74739.0;15949.0;58790.0
755100;74491.0;16101.0;58390.0
755200;74991.0;16001.0;58990.0
755300;74991.0;16001.0;58990.0
755400;75091.0;15981.0;59110.0
755500;74371.0;15981.0;58390.0
755600;75071.0;15961.0;59110.0
755700;74991.0;16001.0;58990.0
755800;74991.0;16001.0;58990.0
755900;75077.0;16029.0;59048.0
756000;74588.0;16005.0;58583.0
756100;75068.0;16005.0;59063.0
756200;75228.0;16005.0;59223.0
756300;75276.0;16053.0;59223.0
756400;75324.0;16221.0;59103.0
756500;75420.0;16197.0;59223.0
756600;75185.0;16082.0;59103.0
756700;75198.0;16095.0;59103.0
756800;75198.0;16095.0;59103.0
756900;75113.0;16130.0;58983.0
757000;75273.0;16130.0;59143.0
757100;75433.0;16130.0;59303.0
757200;75377.5;16194.5;59183.0
757300;75373.0;16190.0;59183.0
757400;75378.5;16195.5;59183.0
757500;75376.0;16193.0;59183.0
757600;76212.0;16189.0;60023.0
757700;75536.0;16193.0;59343.0
757800;75256.0;16193.0;59063.0
757900;75417.0;16194.0;59223.0
758000;75416.0;16193.0;59223.0
758100;74923.0;16180.0;58743.0
758200;75459.0;16196.0;59263.0
758300;75457.0;16194.0;59263.0
758400;75467.0;16204.0;59263.0
758500;75473.0;16210.0;59263.0
758600;75457.0;16194.0;59263.0
758700;74903.0;16240.0;58663.0
758800;75503.0;16240.0;59263.0
758900;75383.0;16240.0;59143.0
759000;75541.0;16238.0;59303.0
759100;75544.0;16241.0;59303.0
759200;75701.0;16238.0;59463.0
759300;75581.0;16238.0;59343.0
759400;76179.0;16236.0;59943.0
759500;75599.0;16256.0;59343.0
759600;75581.0;16238.0;59343.0
759700;75459.0;16236.0;59223.0
759800;75743.0;16240.0;59503.0
759900;75778.0;16235.0;59543.0
760000;75624.0;16241.0;59383.0
760100;75637.0;16254.0;59383.0
760200;75661.0;16238.0;59423.0
760300;75677.0;16254.0;59423.0
760400;75664.0;16241.0;59423.0
760500;75658.0;16235.0;59423.0
760600;75661.0;16238.0;59423.0
760700;75659.0;16236.0;59423.0
760800;75659.0;16236.0;59423.0
760900;75856.0;16233.0;59623.0
761000;75699.0;16236.0;59463.0
761100;75715.0;16252.0;59463.0
761200;75739.0;16236.0;59503.0
761300;75739.0;16236.0;59503.0
761400;75731.0;16228.0;59503.0
761500;75857.0;16234.0;59623.0
761600;75751.0;16248.0;59503.0
761700;75733.0;16230.0;59503.0
761800;75735.0;16232.0;59503.0
761900;75782.0;16239.0;59543.0
762000;75937.0;16234.0;59703.0
762100;75939.0;16236.0;59703.0
762200;75817.0;16234.0;59583.0
762300;75817.0;16234.0;59583.0
762400;75817.0;16234.0;59583.0
762500;75937.0;16234.0;59703.0
762600;75216.0;16233.0;58983.0
762700;75818.0;16235.0;59583.0
762800;75815.0;16232.0;59583.0
762900;76015.0;16232.0;59783.0
763000;75853.0;16230.0;59623.0
763100;75695.0;16232.0;59463.0
763200;76047.0;16232.0;59815.0
763300;75935.0;16234.0;59701.0
763400;75933.0;16232.0;59701.0
763500;75917.0;16216.0;59701.0
763600;75783.0;16232.0;59551.0
763700;75903.0;16232.0;59671.0
763800;75942.0;16232.0;59710.0
763900;76047.0;16300.0;59747.0
764000;75825.0;16290.0;59535.0
764100;75907.0;16332.0;59575.0
764200;76227.0;16332.0;59895.0
764300;76235.0;16340.0;59895.0
764400;76115.0;16460.0;59655.0
764500;76099.0;16324.0;59775.0
764600;76107.0;16332.0;59775.0
764700;76091.0;16316.0;59775.0
764800;75987.0;16332.0;59655.0
764900;76307.0;16332.0;59975.0
765000;76123.0;16308.0;59815.0
765100;76147.0;16332.0;59815.0
765200;76187.0;16332.0;59855.0
765300;76171.0;16316.0;59855.0
765400;76171.0;16316.0;59855.0
765500;76291.0;16316.0;59975.0
765600;76171.0;16316.0;59855.0
765700;76171.0;16316.0;59855.0
765800;76059.0;16204.0;59855.0
765900;76227.0;16332.0;59895.0
766000;76661.0;16332.0;60329.0
766100;76243.0;16332.0;59911.0
766200;76281.0;16332.0;59949.0
766300;76243.0;16332.0;59911.0
766400;76281.0;16332.0;59949.0
766500;76281.0;16332.0;59949.0
766600;76281.0;16332.0;59949.0
766700;76297.0;16348.0;59949.0
766800;76281.0;16332.0;59949.0
766900;76463.0;16476.0;59987.0
767000;76207.0;16220.0;59987.0
767100;76335.0;16348.0;59987.0
767200;76357.0;16332.0;60025.0
767300;76349.0;16324.0;60025.0
767400;76357.0;16332.0;60025.0
767500;76373.0;16348.0;60025.0
767600;76343.0;16204.0;60139.0
767700;76181.0;16156.0;60025.0
767800;76325.0;16300.0;60025.0
767900;76227.0;16316.0;59911.0
768000;76379.0;16316.0;60063.0
768100;76379.0;16316.0;60063.0
768200;76417.0;16316.0;60101.0
768300;76401.0;16300.0;60101.0
768400;76515.0;16300.0;60215.0
768500;76300.5;16199.5;60101.0
768600;76986.0;16315.0;60671.0
768700;76568.0;16315.0;60253.0
768800;76384.5;16283.5;60101.0
768900;76433.0;16294.0;60139.0
769000;76249.5;16262.5;59987.0
769100;76454.0;16315.0;60139.0
769200;76585.0;16294.0;60291.0
769300;76471.0;16294.0;60177.0
769400;76471.0;16294.0;60177.0
769500;76471.0;16294.0;60177.0
769600;76492.0;16315.0;60177.0
769700;76471.0;16294.0;60177.0
769800;77093.5;16346.5;60747.0
769900;76551.0;16336.0;60215.0
770000;76519.5;16304.5;60215.0
770100;76367.5;16304.5;60063.0
770200;76578.5;16325.5;60253.0
770300;76048.5;16367.5;59681.0
770400;77166.0;16315.0;60851.0
770500;76708.5;16325.5;60383.0
770600;76591.5;16325.5;60266.0
770700;76644.0;16378.0;60266.0
770800;76623.0;16357.0;60266.0
770900;76494.0;16189.0;60305.0
771000;76818.0;16357.0;60461.0
771100;76818.0;16357.0;60461.0
771200;76965.0;16504.0;60461.0
771300;76711.5;16367.5;60344.0
771400;76765.5;16304.5;60461.0
771500;76680.0;16336.0;60344.0
771600;77244.0;16315.0;60929.0
771700;76095.0;16336.0;59759.0
771800;77182.5;16409.5;60773.0
771900;76854.0;16315.0;60539.0
772000;76866.0;16483.0;60383.0
772100;76677.0;16294.0;60383.0
772200;76716.0;16294.0;60422.0
772300;76560.0;16294.0;60266.0
772400;76737.0;16315.0;60422.0
772500;76716.0;16294.0;60422.0
772600;76716.0;16294.0;60422.0
772700;76716.0;16294.0;60422.0
772800;76695.0;16273.0;60422.0
772900;76890.0;16273.0;60617.0
773000;76755.0;16294.0;60461.0
773100;76755.0;16294.0;60461.0
773200;76815.0;16315.0;60500.0
773300;76773.0;16273.0;60500.0
773400;76878.0;16378.0;60500.0
773500;76656.0;16273.0;60383.0
773600;76773.0;16273.0;60500.0
773700;76741.5;16241.5;60500.0
773800;76302.0;16273.0;60029.0
773900;76822.0;16273.0;60549.0
774000;76801.0;16252.0;60549.0
774100;76961.0;16252.0;60709.0
774200;76820.0;16231.0;60589.0
774300;76712.5;16283.5;60429.0
774400;77441.0;16252.0;61189.0
774500;76841.0;16252.0;60589.0
774600;76841.0;16252.0;60589.0
774700;76883.0;16294.0;60589.0
774800;76830.5;16241.5;60589.0
774900;76902.0;16273.0;60629.0
775000;76774.0;16145.0;60629.0
775100;76539.0;16070.0;60469.0
775200;77001.5;16332.5;60669.0
775300;76949.0;16280.0;60669.0
775400;77051.5;16262.5;60789.0
775500;77410.0;16315.0;61095.0
775600;77100.5;16297.5;60803.0
775700;77043.5;16350.0;60693.5
775800;77008.5;16315.0;60693.5
775900;77045.0;16315.0;60730.0
776000;77156.0;16280.0;60876.0
776100;77045.0;16315.0;60730.0
776200;77361.5;16595.0;60766.5
776300;77116.5;16350.0;60766.5
776400;77046.5;16280.0;60766.5
776500;77046.5;16280.0;60766.5
776600;77151.5;16385.0;60766.5
776700;77116.5;16350.0;60766.5
776800;77046.5;16280.0;60766.5
776900;77083.0;16280.0;60803.0
777000;77594.0;16280.0;61314.0
777100;77083.0;16280.0;60803.0
777200;77215.0;16343.0;60872.0
777300;77254.0;16382.0;60872.0
777400;77098.0;16343.0;60755.0
777500;77189.0;16317.0;60872.0
777600;77033.0;16161.0;60872.0
777700;77501.0;16629.0;60872.0
777800;77254.0;16343.0;60911.0
777900;77254.0;16343.0;60911.0
778000;77462.0;16551.0;60911.0
778100;77774.0;16317.0;61457.0
778200;77293.0;16343.0;60950.0
778300;77319.0;16369.0;60950.0
778400;76734.0;16369.0;60365.0
778500;77285.0;16218.0;61067.0
778600;77333.0;16383.0;60950.0
778700;77489.0;16383.0;61106.0
778800;77333.0;16383.0;60950.0
778900;77216.0;16383.0;60833.0
779000;77216.0;16383.0;60833.0
779100;77339.0;16350.0;60989.0
779200;77328.5;16300.5;61028.0
779300;77345.0;16317.0;61028.0
779400;77261.0;16350.0;60911.0
779500;77378.0;16350.0;61028.0
779600;77261.0;16350.0;60911.0
779700;77624.0;16167.0;61457.0
779800;77351.0;16440.0;60911.0
779900;77507.0;16440.0;61067.0
780000;77468.0;16401.0;61067.0
780100;77468.0;16401.0;61067.0
780200;77819.0;16713.0;61106.0
780300;77326.0;16415.0;60911.0
780400;77521.0;16415.0;61106.0
780500;77459.5;16470.5;60989.0
780600;77521.0;16415.0;61106.0
780700;77677.0;16415.0;61262.0
780800;77714.0;16452.0;61262.0
780900;77560.0;16415.0;61145.0
781000;77560.0;16415.0;61145.0
781100;77989.0;16415.0;61574.0
781200;77303.0;16119.0;61184.0
781300;77599.0;16415.0;61184.0
781400;77599.0;16415.0;61184.0
781500;77599.0;16415.0;61184.0
781600;77599.0;16415.0;61184.0
781700;76718.0;16119.0;60599.0
781800;77445.0;16378.0;61067.0
781900;77131.0;16378.0;60753.0
782000;77451.0;16378.0;61073.0
782100;77611.0;16378.0;61233.0
782200;78546.5;16433.5;62113.0
782300;77413.0;16140.0;61273.0
782400;77539.0;16386.0;61153.0
782500;77588.0;16435.0;61153.0
782600;78582.0;16469.0;62113.0
782700;78140.0;16707.0;61433.0
782800;77708.0;16435.0;61273.0
782900;77748.0;16435.0;61313.0
783000;77884.0;16571.0;61313.0
783100;77959.0;16486.0;61473.0
783200;77822.0;16469.0;61353.0
783300;77550.0;16197.0;61353.0
783400;77822.0;16469.0;61353.0
783500;77907.0;16554.0;61353.0
783600;77788.0;16435.0;61353.0
783700;77770.0;16537.0;61233.0
783800;77788.0;16435.0;61353.0
783900;77828.0;16435.0;61393.0
784000;77668.0;16435.0;61233.0
784100;77828.0;16435.0;61393.0
784200;77834.0;16401.0;61433.0
784300;77834.0;16401.0;61433.0
784400;78434.0;16401.0;62033.0
784500;77166.0;16333.0;60833.0
784600;77834.0;16401.0;61433.0
784700;77663.0;16350.0;61313.0
784800;77652.0;16219.0;61433.0
784900;77760.0;16447.0;61313.0
785000;77920.0;16447.0;61473.0
785100;77920.0;16447.0;61473.0
785200;77960.0;16447.0;61513.0
785300;-301858.0;-363211.0;61353.0
785400;77960.0;16447.0;61513.0
785500;77941.0;16428.0;61513.0
785600;77960.0;16447.0;61513.0
785700;77960.0;16447.0;61513.0
785800;78120.0;16447.0;61673.0
785900;78076.0;16523.0;61553.0
786000;77120.0;16447.0;60673.0
786100;78038.0;16485.0;61553.0
786200;78021.0;16428.0;61593.0
786300;78078.0;16485.0;61593.0
786400;78458.0;16865.0;61593.0
786500;78078.0;16485.0;61593.0
786600;78078.0;16485.0;61593.0
786700;78059.0;16466.0;61593.0
786800;77996.0;16523.0;61473.0
786900;78156.0;16523.0;61633.0
787000;78587.0;16523.0;62064.0
787100;78180.0;16523.0;61657.0
787200;78180.0;16523.0;61657.0
787300;78328.0;16523.0;61805.0
787400;78328.0;16523.0;61805.0
787500;78281.0;16561.0;61720.0
787600;78360.0;16523.0;61837.0
787700;78300.0;16580.0;61720.0
787800;78358.0;16599.0;61759.0
787900;78320.0;16561.0;61759.0
788000;78199.0;16596.0;61603.0
788100;78355.0;16596.0;61759.0
788200;77858.5;16645.5;61213.0
788300;78394.0;16596.0;61798.0
788400;78394.0;16596.0;61798.0
788500;78511.0;16596.0;61915.0
788600;78361.0;16563.0;61798.0
788700;78625.0;16827.0;61798.0
788800;78361.0;16563.0;61798.0
788900;78350.5;16513.5;61837.0
789000;78118.0;16827.0;61291.0
789100;78556.0;16563.0;61993.0
789200;78439.0;16563.0;61876.0
789300;78488.5;16612.5;61876.0
789400;78455.5;16579.5;61876.0
789500;78439.0;16563.0;61876.0
789600;78439.0;16563.0;61876.0
789700;78322.0;16563.0;61759.0
789800;78355.0;16596.0;61759.0
789900;78511.5;16596.5;61915.0
790000;78494.0;16579.0;61915.0
790100;78214.0;16299.0;61915.0
790200;78650.0;16579.0;62071.0
790300;78498.0;16544.0;61954.0
790400;78533.0;16579.0;61954.0
790500;78568.0;16614.0;61954.0
790600;78568.0;16614.0;61954.0
790700;78018.0;16649.0;61369.0
790800;78607.0;16614.0;61993.0
790900;78607.0;16614.0;61993.0
791000;78607.0;16614.0;61993.0
791100;78642.0;16649.0;61993.0
791200;78611.0;16579.0;62032.0
791300;78735.0;16859.0;61876.0
791400;78611.0;16579.0;62032.0
791500;78611.0;16579.0;62032.0
791600;78611.0;16579.0;62032.0
791700;78260.0;16579.0;61681.0
791800;78611.0;16579.0;62032.0
791900;78650.0;16579.0;62071.0
792000;79248.5;16631.5;62617.0
792100;78389.0;16474.0;61915.0
792200;78724.0;16614.0;62110.0
792300;78365.0;16294.0;62071.0
792400;78724.0;16614.0;62110.0
792500;78684.0;16574.0;62110.0
792600;78099.0;16574.0;61525.0
792700;79007.0;17014.0;61993.0
792800;78724.0;16614.0;62110.0
792900;78763.0;16614.0;62149.0
793000;78723.0;16574.0;62149.0
793100;79199.0;16894.0;62305.0
793200;78762.0;16574.0;62188.0
793300;78822.0;16634.0;62188.0
793400;78742.0;16554.0;62188.0
793500;78782.0;16594.0;62188.0
793600;78979.0;16674.0;62305.0
793700;78825.0;16637.0;62188.0
793800;78825.0;16637.0;62188.0
793900;78864.0;16637.0;62227.0
794000;78256.0;16575.0;61681.0
794100;79198.0;16971.0;62227.0
794200;79201.0;16935.0;62266.0
794300;78913.0;16647.0;62266.0
794400;78913.0;16647.0;62266.0
794500;78895.0;16629.0;62266.0
794600;78895.0;16629.0;62266.0
794700;79534.0;16683.0;62851.0
794800;78949.0;16683.0;62266.0
794900;78970.0;16665.0;62305.0
795000;78868.0;16719.0;62149.0
795100;78988.0;16683.0;62305.0
795200;79135.0;16791.0;62344.0
795300;78907.0;16719.0;62188.0
795400;79045.0;16701.0;62344.0
795500;79027.0;16683.0;62344.0
795600;79207.0;16863.0;62344.0
795700;79027.0;16683.0;62344.0
795800;79027.0;16683.0;62344.0
795900;79222.0;16683.0;62539.0
796000;79066.0;16683.0;62383.0
796100;79495.0;16683.0;62812.0
796200;79231.0;16809.0;62422.0
796300;78970.0;16431.0;62539.0
796400;79105.0;16683.0;62422.0
796500;79213.0;16791.0;62422.0
796600;79687.0;16719.0;62968.0
796700;79277.0;16699.0;62578.0
796800;79181.0;16759.0;62422.0
796900;79376.0;16759.0;62617.0
797000;79024.0;16719.0;62305.0
797100;79180.0;16719.0;62461.0
797200;79336.0;16719.0;62617.0
797300;79219.0;16719.0;62500.0
797400;79219.0;16719.0;62500.0
797500;79219.0;16719.0;62500.0
797600;79219.0;16719.0;62500.0
797700;79179.0;16679.0;62500.0
797800;79219.0;16719.0;62500.0
797900;79258.0;16719.0;62539.0
798000;79804.0;16719.0;63085.0
798100;79102.0;16719.0;62383.0
798200;79337.0;16759.0;62578.0
798300;79337.0;16759.0;62578.0
798400;79140.0;16679.0;62461.0
798500;79397.0;16819.0;62578.0
798600;79500.0;17039.0;62461.0
798700;79197.0;16619.0;62578.0
798800;79337.0;16759.0;62578.0
798900;79336.0;16719.0;62617.0
799000;79072.0;16659.0;62413.0
799100;79312.0;16699.0;62613.0
799200;79452.0;16679.0;62773.0
799300;79332.0;16679.0;62653.0
799400;79332.0;16679.0;62653.0
799500;79432.0;16779.0;62653.0
799600;79332.0;16679.0;62653.0
799700;78332.0;16279.0;62053.0
799800;79372.0;16719.0;62653.0
799900;79412.0;16719.0;62693.0
800000;79412.0;16719.0;62693.0
800100;79372.0;16679.0;62693.0
800200;79392.0;16819.0;62573.0
800300;79292.0;16559.0;62733.0
800400;78572.0;16679.0;61893.0
800500;79332.0;16719.0;62613.0
800600;78852.0;16719.0;62133.0
800700;79492.0;16759.0;62733.0
800800;79492.0;16759.0;62733.0
800900;79532.0;16759.0;62773.0
801000;79532.0;16759.0;62773.0
801100;79474.0;16541.0;62933.0
801200;79607.0;16794.0;62813.0
801300;79630.0;16817.0;62813.0
801400;79704.0;16771.0;62933.0
801500;79704.0;16771.0;62933.0
801600;79584.0;16771.0;62813.0
801700;79584.0;16771.0;62813.0
801800;79578.0;16725.0;62853.0
801900;79584.0;16771.0;62813.0
802000;79303.0;16610.0;62693.0
802100;79464.0;16771.0;62693.0
802200;79830.0;16817.0;63013.0
802300;79504.0;16771.0;62733.0
802400;79442.0;16549.0;62893.0
802500;80092.0;17199.0;62893.0
802600;79796.0;16783.0;63013.0
802700;79608.0;16835.0;62773.0
802800;79888.0;16835.0;63053.0
802900;79780.0;16887.0;62893.0
803000;80151.5;16783.0;63368.5
803100;79801.5;16818.0;62983.5
803200;79224.0;16818.0;62406.0
803300;79906.5;16653.5;63253.0
803400;79801.5;16818.0;62983.5
803500;79872.0;16888.5;62983.5
803600;79848.5;16865.0;62983.5
803700;79872.0;16888.5;62983.5
803800;79895.5;16912.0;62983.5
803900;79895.5;16912.0;62983.5
804000;80088.0;16912.0;63176.0
804100;79934.0;16912.0;63022.0
804200;79972.5;16912.0;63060.5
804300;79972.5;16912.0;63060.5
804400;79972.5;16912.0;63060.5
804500;79528.0;16583.0;62945.0
804600;79925.5;16865.0;63060.5
804700;80019.5;16959.0;63060.5
804800;80019.5;16959.0;63060.5
804900;79972.5;16912.0;63060.5
805000;80481.5;16959.0;63522.5
805100;80096.5;16959.0;63137.5
805200;79843.5;16706.0;63137.5
805300;79954.5;16971.0;62983.5
805400;79831.5;16694.0;63137.5
805500;80001.0;16979.0;63022.0
805600;79831.5;16694.0;63137.5
805700;80002.5;16865.0;63137.5
805800;80098.0;16922.0;63176.0
805900;79887.0;16865.0;63022.0
806000;80098.0;16922.0;63176.0
806100;80193.5;16979.0;63214.5
806200;79894.0;16910.5;62983.5
806300;80026.0;16940.0;63086.0
806400;80330.0;16940.0;63390.0
806500;80214.5;16940.0;63274.5
806600;79637.0;16940.0;62697.0
806700;80368.5;16940.0;63428.5
806800;80214.5;16940.0;63274.5
806900;80158.0;16999.0;63159.0
807000;80407.0;16940.0;63467.0
807100;80226.0;17028.5;63197.5
807200;80291.5;16940.0;63351.5
807300;80380.0;17028.5;63351.5
807400;80350.5;16999.0;63351.5
807500;80584.0;17117.0;63467.0
807600;80350.5;16999.0;63351.5
807700;80976.5;17471.0;63505.5
807800;80350.5;16999.0;63351.5
807900;80822.5;17471.0;63351.5
808000;80330.0;16940.0;63390.0
808100;80221.0;16792.5;63428.5
808200;80543.0;16999.0;63544.0
808300;80214.5;16940.0;63274.5
808400;80975.5;16969.5;64006.0
808500;80312.0;16999.0;63313.0
808600;80543.0;16999.0;63544.0
808700;80076.0;16763.0;63313.0
808800;80368.5;16940.0;63428.5
808900;80368.5;16940.0;63428.5
809000;80531.5;16910.5;63621.0
809100;81033.0;17412.0;63621.0
809200;80445.5;16940.0;63505.5
809300;80504.5;16999.0;63505.5
809400;80330.0;16940.0;63390.0
809500;80144.5;16639.0;63505.5
809600;80565.0;16944.0;63621.0
809700;80510.5;17005.0;63505.5
809800;80664.5;17005.0;63659.5
809900;80510.5;17005.0;63505.5
810000;81191.0;17493.0;63698.0
810100;80162.5;17157.5;63005.0
810200;80703.0;17005.0;63698.0
810300;81075.5;17493.0;63582.5
810400;81075.5;17493.0;63582.5
810500;81191.0;17493.0;63698.0
810600;80648.5;17066.0;63582.5
810700;80648.5;17066.0;63582.5
810800;80062.0;17066.0;62996.0
810900;80770.5;17174.5;63596.0
811000;80941.0;17145.0;63796.0
811100;80644.0;16968.0;63676.0
811200;80821.0;17145.0;63676.0
811300;81029.5;17233.5;63796.0
811400;80821.0;17145.0;63676.0
811500;80850.5;17174.5;63676.0
811600;80642.0;17086.0;63556.0
811700;80909.5;17233.5;63676.0
811800;81350.0;17794.0;63556.0
811900;80850.5;17174.5;63676.0
812000;80701.0;17145.0;63556.0
812100;80901.0;17145.0;63756.0
812200;80901.0;17145.0;63756.0
812300;80421.0;17145.0;63276.0
812400;80901.0;17145.0;63756.0
812500;80429.0;16673.0;63756.0
812600;81331.0;17145.0;64186.0
812700;81068.5;17145.0;63923.5
812800;81036.5;17263.0;63773.5
812900;80776.5;17115.5;63661.0
813000;80985.5;17174.5;63811.0
813100;81052.5;17204.0;63848.5
813200;81072.0;17204.0;63868.0
813300;81072.0;17204.0;63868.0
813400;81072.0;17204.0;63868.0
813500;80809.5;17292.5;63517.0
813600;81131.0;17263.0;63868.0
813700;80983.5;17115.5;63868.0
813800;81450.5;16997.5;64453.0
813900;81072.0;17204.0;63868.0
814000;80896.0;17145.0;63751.0
814100;81150.0;17204.0;63946.0
814200;80964.5;17174.5;63790.0
814300;81150.0;17204.0;63946.0
814400;81061.5;17115.5;63946.0
814500;81150.0;17204.0;63946.0
814600;81267.0;17204.0;64063.0
814700;80974.0;17145.0;63829.0
814800;81120.5;17174.5;63946.0
814900;81150.0;17204.0;63946.0
815000;81189.0;17204.0;63985.0
815100;81228.0;17204.0;64024.0
815200;81404.0;17263.0;64141.0
815300;81228.0;17204.0;64024.0
815400;81287.0;17263.0;64024.0
815500;81287.0;17263.0;64024.0
815600;81375.5;17351.5;64024.0
815700;81798.0;17735.0;64063.0
815800;81260.0;17236.0;64024.0
815900;81783.0;17291.0;64492.0
816000;80496.0;17291.0;63205.0
816100;81154.5;17208.5;63946.0
816200;81530.5;17428.5;64102.0
816300;81950.0;17731.0;64219.0
816400;81393.0;17291.0;64102.0
816500;81503.0;17401.0;64102.0
816600;81448.0;17346.0;64102.0
816700;81448.0;17346.0;64102.0
816800;81604.0;17346.0;64258.0
816900;81475.5;17373.5;64102.0
817000;81432.0;17291.0;64141.0
817100;81471.0;17291.0;64180.0
817200;80666.0;17071.0;63595.0
817300;81205.0;17181.0;64024.0
817400;81505.5;17208.5;64297.0
817500;81533.0;17236.0;64297.0
817600;81361.0;17181.0;64180.0
817700;81572.0;17236.0;64336.0
817800;81416.0;17236.0;64180.0
817900;81416.0;17236.0;64180.0
818000;81455.0;17236.0;64219.0
818100;82079.0;17236.0;64843.0
818200;81494.0;17236.0;64258.0
818300;81494.0;17236.0;64258.0
818400;81650.0;17236.0;64414.0
818500;81439.0;17181.0;64258.0
818600;81322.0;17181.0;64141.0
818700;81322.0;17181.0;64141.0
818800;80854.0;17181.0;63673.0
818900;81466.5;17208.5;64258.0
819000;81423.0;17126.0;64297.0
819100;81443.5;17263.5;64180.0
819200;81524.0;17071.0;64453.0
819300;81407.0;17071.0;64336.0
819400;81407.0;17071.0;64336.0
819500;80733.5;16988.5;63745.0
819600;81416.0;17071.0;64345.0
819700;81498.5;17153.5;64345.0
819800;81576.0;17071.0;64505.0
819900;82016.0;17071.0;64945.0
820000;81511.0;17126.0;64385.0
820100;81606.0;17181.0;64425.0
820200;81941.0;17676.0;64265.0
820300;81496.0;17071.0;64425.0
820400;81496.0;17071.0;64425.0
820500;81441.0;17016.0;64425.0
820600;81561.0;17016.0;64545.0
820700;81441.0;17016.0;64425.0
820800;81441.0;17016.0;64425.0
820900;81523.5;17098.5;64425.0
821000;81536.0;17071.0;64465.0
821100;81577.0;17072.0;64505.0
821200;82000.0;17495.0;64505.0
821300;81368.0;16743.0;64625.0
821400;81433.5;17048.5;64385.0
821500;81530.0;17025.0;64505.0
821600;81577.0;17072.0;64505.0
821700;81530.0;17025.0;64505.0
821800;81530.0;17025.0;64505.0
821900;81647.5;17142.5;64505.0
822000;81664.0;17119.0;64545.0
822100;81657.0;17072.0;64585.0
822200;81657.0;17072.0;64585.0
822300;82304.0;17119.0;65185.0
822400;81584.0;17119.0;64465.0
822500;82040.0;17025.0;65015.0
822600;81886.0;17283.5;64602.5
822700;81651.0;17048.5;64602.5
822800;81745.0;17142.5;64602.5
822900;81562.0;17072.0;64490.0
823000;81838.5;17048.5;64790.0
823100;81796.5;17119.0;64677.5
823200;81608.5;16931.0;64677.5
823300;81890.5;17213.0;64677.5
823400;81749.5;17072.0;64677.5
823500;81749.5;17072.0;64677.5
823600;81791.5;17114.0;64677.5
823700;81832.5;17155.0;64677.5
823800;82078.5;17401.0;64677.5
823900;81750.5;17073.0;64677.5
824000;81747.0;17032.0;64715.0
824100;81723.0;16970.5;64752.5
824200;81866.5;17114.0;64752.5
824300;81716.5;17114.0;64602.5
824400;81866.5;17114.0;64752.5
824500;82082.0;17442.0;64640.0
824600;82654.0;17114.0;65540.0
824700;81866.5;17114.0;64752.5
824800;82388.0;17073.0;65315.0
824900;81713.0;17073.0;64640.0
825000;81904.0;17114.0;64790.0
825100;81791.5;17114.0;64677.5
825200;82313.0;17073.0;65240.0
825300;81982.5;17155.0;64827.5
825400;81982.5;17155.0;64827.5
825500;81941.5;17114.0;64827.5
825600;82395.0;17155.0;65240.0
825700;82873.0;17483.0;65390.0
825800;81829.0;17114.0;64715.0
825900;81911.0;17196.0;64715.0
826000;82061.0;17196.0;64865.0
826100;82098.5;17196.0;64902.5
826200;81811.5;16909.0;64902.5
826300;82139.5;17237.0;64902.5
826400;82139.5;17237.0;64902.5
826500;81924.0;16909.0;65015.0
826600;82139.5;17237.0;64902.5
826700;82180.5;17278.0;64902.5
826800;82330.5;17278.0;65052.5
826900;82068.0;17278.0;64790.0
827000;83043.0;17278.0;65765.0
827100;82194.0;17216.5;64977.5
827200;83002.0;17237.0;65765.0
827300;82194.0;17216.5;64977.5
827400;83002.0;17237.0;65765.0
827500;82071.0;17093.5;64977.5
827600;82255.5;17278.0;64977.5
827700;82173.5;17196.0;64977.5
827800;82061.0;17196.0;64865.0
827900;82552.0;17237.0;65315.0
828000;82211.0;17196.0;65015.0
828100;82740.5;17688.0;65052.5
828200;82371.5;17319.0;65052.5
828300;82443.0;17278.0;65165.0
828400;82402.0;17237.0;65165.0
828500;82289.5;17237.0;65052.5
828600;82289.5;17237.0;65052.5
828700;82218.0;17278.0;64940.0
828800;82439.5;17237.0;65202.5
828900;82269.0;17216.5;65052.5
829000;82286.0;17196.0;65090.0
829100;82368.0;17278.0;65090.0
829200;82446.5;17319.0;65127.5
829300;82255.5;17278.0;64977.5
829400;82405.5;17278.0;65127.5
829500;82518.0;17278.0;65240.0
829600;82405.5;17278.0;65127.5
829700;82555.5;17278.0;65277.5
829800;82818.0;17278.0;65540.0
829900;82593.0;17278.0;65315.0
830000;82593.0;17278.0;65315.0
830100;82439.5;17237.0;65202.5
830200;82289.5;17237.0;65052.5
830300;82480.5;17278.0;65202.5
830400;82593.0;17278.0;65315.0
830500;81877.0;17237.0;64640.0
830600;82480.5;17278.0;65202.5
830700;82368.0;17278.0;65090.0
830800;82583.0;17380.5;65202.5
830900;82521.5;17319.0;65202.5
831000;82996.0;17606.0;65390.0
831100;82596.5;17319.0;65277.5
831200;82709.0;17319.0;65390.0
831300;82637.5;17360.0;65277.5
831400;82576.0;17298.5;65277.5
831500;82453.0;17175.5;65277.5
831600;82709.0;17319.0;65390.0
831700;82596.5;17319.0;65277.5
831800;82596.5;17319.0;65277.5
831900;82033.0;16868.0;65165.0
832000;82634.0;17319.0;65315.0
832100;82528.0;17175.5;65352.5
832200;82630.5;17278.0;65352.5
832300;82733.0;17380.5;65352.5
832400;83234.0;17319.0;65915.0
832500;83193.0;17278.0;65915.0
832600;82109.0;17319.0;64790.0
832700;82343.5;16991.0;65352.5
832800;83070.0;17155.0;65915.0
832900;82559.0;17319.0;65240.0
833000;82709.0;17319.0;65390.0
833100;82288.0;17423.0;64865.0
833200;82894.0;17354.0;65540.0
833300;82605.0;17285.0;65320.0
833400;82880.0;17400.0;65480.0
833500;82834.0;17354.0;65480.0
833600;82857.0;17377.0;65480.0
833700;83172.0;17262.0;65910.0
833800;82156.0;17446.0;64710.0
833900;82805.5;17308.0;65497.5
834000;82843.0;17308.0;65535.0
834100;82949.5;17377.0;65572.5
834200;82730.5;17308.0;65422.5
834300;82880.5;17308.0;65572.5
834400;82880.5;17308.0;65572.5
834500;82880.5;17308.0;65572.5
834600;82834.5;17262.0;65572.5
834700;82926.5;17354.0;65572.5
834800;82880.5;17308.0;65572.5
834900;82880.5;17308.0;65572.5
835000;82918.0;17308.0;65610.0
835100;82955.5;17308.0;65647.5
835200;82738.5;17091.0;65647.5
835300;83076.0;17316.0;65760.0
835400;82901.0;17366.0;65535.0
835500;83026.0;17266.0;65760.0
835600;82963.5;17316.0;65647.5
835700;83106.5;17459.0;65647.5
835800;82931.0;17396.0;65535.0
835900;83106.5;17459.0;65647.5
836000;82745.0;17060.0;65685.0
836100;83118.5;17396.0;65722.5
836200;83160.5;17438.0;65722.5
836300;83118.5;17396.0;65722.5
836400;83118.5;17396.0;65722.5
836500;83118.5;17396.0;65722.5
836600;83118.5;17396.0;65722.5
836700;83181.5;17459.0;65722.5
836800;83241.0;17518.5;65722.5
836900;83314.5;17592.0;65722.5
837000;83254.0;17494.0;65760.0
837100;83291.5;17494.0;65797.5
837200;83141.5;17494.0;65647.5
837300;83311.0;17494.0;65817.0
837400;82697.5;17420.5;65277.0
837500;83654.0;17837.0;65817.0
837600;83154.0;17445.0;65709.0
837700;83262.0;17445.0;65817.0
837800;83262.0;17445.0;65817.0
837900;83262.0;17445.0;65817.0
838000;83175.5;17322.5;65853.0
838100;83334.0;17445.0;65889.0
838200;83383.0;17494.0;65889.0
838300;83239.0;17494.0;65745.0
838400;83334.0;17445.0;65889.0
838500;83491.0;17494.0;65997.0
838600;83432.0;17543.0;65889.0
838700;83040.0;17151.0;65889.0
838800;83432.0;17543.0;65889.0
838900;83600.5;17567.5;66033.0
839000;83299.5;17518.5;65781.0
839100;84044.0;17543.0;66501.0
839200;82964.0;17543.0;65421.0
839300;83896.0;17935.0;65961.0
839400;83734.5;17665.5;66069.0
839500;83628.0;17641.0;65987.0
839600;83579.0;17592.0;65987.0
839700;83505.5;17518.5;65987.0
839800;83817.0;17830.0;65987.0
839900;83572.0;17585.0;65987.0
840000;83409.0;17623.0;65786.0
840100;83587.5;17604.0;65983.5
840200;83549.5;17566.0;65983.5
840300;83372.5;17547.0;65825.5
840400;84417.0;17604.0;66813.0
840500;83644.5;17661.0;65983.5
840600;83568.5;17585.0;65983.5
840700;83688.5;17547.0;66141.5
840800;83568.5;17585.0;65983.5
840900;83093.0;17585.0;65508.0
841000;83613.0;17585.0;66028.0
841100;83385.0;17357.0;66028.0
841200;83311.0;17243.0;66068.0
841300;82999.0;17851.0;65148.0
841400;83792.0;17604.0;66188.0
841500;83657.0;17589.0;66068.0
841600;83679.0;17611.0;66068.0
841700;83817.0;17589.0;66228.0
841800;83537.0;17589.0;65948.0
841900;83697.0;17589.0;66108.0
842000;83697.0;17589.0;66108.0
842100;83013.0;17105.0;65908.0
842200;83517.0;17369.0;66148.0
842300;83769.0;17501.0;66268.0
842400;83693.0;17545.0;66148.0
842500;83507.0;17479.0;66028.0
842600;83693.0;17545.0;66148.0
842700;83507.0;17479.0;66028.0
842800;83831.0;17523.0;66308.0
842900;83627.0;17479.0;66148.0
843000;83535.0;17347.0;66188.0
843100;83849.0;17501.0;66348.0
843200;83725.0;17497.0;66228.0
843300;83783.5;17555.5;66228.0
843400;83764.0;17536.0;66228.0
843500;83799.0;17571.0;66228.0
843600;84151.0;17923.0;66228.0
843700;83799.0;17571.0;66228.0
843800;83755.0;17527.0;66228.0
843900;83403.0;17175.0;66228.0
844000;83443.0;17175.0;66268.0
844100;84347.0;17879.0;66468.0
844200;84021.0;17593.0;66428.0
844300;84261.0;17527.0;66734.0
844400;83903.5;17571.0;66332.5
844500;83991.0;17549.0;66442.0
844600;83661.0;17219.0;66442.0
844700;83794.0;17571.0;66223.0
844800;83407.0;17637.0;65770.0
844900;83992.0;17637.0;66355.0
845000;83725.0;17175.0;66550.0
845100;83804.0;17527.0;66277.0
845200;83960.0;17527.0;66433.0
845300;84004.0;17571.0;66433.0
845400;83533.0;17571.0;65962.0
845500;83914.0;17592.0;66322.0
845600;84031.0;17469.0;66562.0
845700;84132.5;17530.5;66602.0
845800;83455.0;17613.0;65842.0
845900;84055.0;17613.0;66442.0
846000;84057.0;17575.0;66482.0
846100;84217.0;17575.0;66642.0
846200;84097.0;17575.0;66522.0
846300;83878.0;17356.0;66522.0
846400;84172.0;17650.0;66522.0
846500;83773.0;17251.0;66522.0
846600;84088.0;17566.0;66522.0
846700;84148.0;17587.0;66561.0
846800;84037.0;17587.0;66450.0
846900;84106.0;17545.0;66561.0
847000;84206.0;17608.0;66598.0
847100;84236.0;17601.0;66635.0
847200;84088.0;17601.0;66487.0
847300;84216.0;17581.0;66635.0
847400;84196.0;17561.0;66635.0
847500;84332.0;17697.0;66635.0
847600;84300.0;17665.0;66635.0
847700;84583.0;17948.0;66635.0
847800;84389.0;17754.0;66635.0
847900;84389.0;17754.0;66635.0
848000;84392.0;17720.0;66672.0
848100;84950.0;17686.0;67264.0
848200;84463.0;17754.0;66709.0
848300;84905.0;17789.0;67116.0
848400;84810.0;18101.0;66709.0
848500;84459.0;17750.0;66709.0
848600;84387.0;17789.0;66598.0
848700;84445.5;17847.5;66598.0
848800;84556.5;17847.5;66709.0
848900;84498.0;17789.0;66709.0
849000;84683.0;17789.0;66894.0
849100;84572.0;17789.0;66783.0
849200;84572.0;17789.0;66783.0
849300;84995.0;18101.0;66894.0
849400;84815.0;17477.0;67338.0
849500;84500.0;17828.0;66672.0
849600;84572.0;17789.0;66783.0
849700;84611.0;17828.0;66783.0
849800;84650.0;17867.0;66783.0
849900;84669.5;17886.5;66783.0
850000;84796.0;17828.0;66968.0
850100;84997.0;18140.0;66857.0
850200;85075.0;18218.0;66857.0
850300;84716.5;18007.5;66709.0
850400;84473.0;17616.0;66857.0
850500;84734.0;17877.0;66857.0
850600;84816.0;17848.0;66968.0
850700;84208.0;17906.0;66302.0
850800;84792.0;17935.0;66857.0
850900;84734.0;17877.0;66857.0
851000;84991.5;17949.5;67042.0
851100;84948.0;17906.0;67042.0
851200;84837.0;17906.0;66931.0
851300;84880.5;17949.5;66931.0
851400;84837.0;17906.0;66931.0
851500;84576.0;17645.0;66931.0
851600;84808.0;17877.0;66931.0
851700;84740.5;17920.5;66820.0
851800;84808.0;17877.0;66931.0
851900;84985.0;17906.0;67079.0
852000;84887.0;17919.0;66968.0
852100;84924.0;17919.0;67005.0
852200;84924.0;17919.0;67005.0
852300;84981.5;17976.5;67005.0
852400;84970.0;17965.0;67005.0
852500;85141.0;18025.0;67116.0
852600;85017.0;18012.0;67005.0
852700;85012.0;18007.0;67005.0
852800;84983.0;17978.0;67005.0
852900;84872.0;17978.0;66894.0
853000;85049.0;18007.0;67042.0
853100;85057.0;17978.0;67079.0
853200;85168.0;17978.0;67190.0
853300;85086.0;18007.0;67079.0
853400;84946.0;17978.0;66968.0
853500;85057.0;17978.0;67079.0
853600;85028.0;17949.0;67079.0
853700;85176.0;17949.0;67227.0
853800;85028.0;17949.0;67079.0
853900;85057.0;17978.0;67079.0
854000;85065.0;17949.0;67116.0
854100;85102.0;17949.0;67153.0
854200;85102.0;17949.0;67153.0
854300;85078.0;17905.5;67172.5
854400;85194.0;18021.5;67172.5
854500;85025.0;17920.0;67105.0
854600;85286.0;18181.0;67105.0
854700;85054.0;17949.0;67105.0
854800;84934.0;17949.0;66985.0
854900;85054.0;17949.0;67105.0
855000;85065.0;17920.0;67145.0
855100;85105.0;17920.0;67185.0
855200;85119.5;17934.5;67185.0
855300;85090.5;17905.5;67185.0
855400;85061.5;17876.5;67185.0
855500;84750.0;17685.0;67065.0
855600;85092.0;17907.0;67185.0
855700;84602.0;17537.0;67065.0
855800;85252.0;17907.0;67345.0
855900;84796.0;17611.0;67185.0
856000;85132.0;17907.0;67225.0
856100;85172.0;17907.0;67265.0
856200;85329.0;17944.0;67385.0
856300;85153.5;17888.5;67265.0
856400;85172.0;17907.0;67265.0
856500;85255.0;17870.0;67385.0
856600;85135.0;17870.0;67265.0
856700;85135.0;17870.0;67265.0
856800;85332.0;17907.0;67425.0
856900;85295.0;17870.0;67425.0
857000;85175.0;17870.0;67305.0
857100;84615.0;17870.0;66745.0
857200;85215.0;17870.0;67345.0
857300;85335.0;17870.0;67465.0
857400;84808.0;17463.0;67345.0
857500;85159.5;17814.5;67345.0
857600;85378.0;17833.0;67545.0
857700;85215.0;17870.0;67345.0
857800;85095.0;17870.0;67225.0
857900;85252.0;17907.0;67345.0
858000;85415.0;17870.0;67545.0
858100;85258.0;17833.0;67425.0
858200;85396.5;17851.5;67545.0
858300;85332.0;17907.0;67425.0
858400;85332.0;17907.0;67425.0
858500;85295.0;17870.0;67425.0
858600;85332.0;17907.0;67425.0
858700;85202.5;17777.5;67425.0
858800;85175.0;17870.0;67305.0
858900;85212.0;17907.0;67305.0
859000;85372.0;17907.0;67465.0
859100;85449.0;17944.0;67505.0
859200;85427.5;17962.5;67465.0
859300;85307.5;17962.5;67345.0
859400;85412.0;17907.0;67505.0
859500;85375.0;17870.0;67505.0
859600;85412.0;17907.0;67505.0
859700;85292.0;17907.0;67385.0
859800;85412.0;17907.0;67505.0
859900;85440.0;17935.0;67505.0
860000;85480.0;17935.0;67545.0
860100;85360.0;17935.0;67425.0
860200;85640.0;17935.0;67705.0
860300;85807.0;18222.0;67585.0
860400;85499.5;17914.5;67585.0
860500;85359.0;17894.0;67465.0
860600;85927.0;18222.0;67705.0
860700;85151.0;17566.0;67585.0
860800;85479.0;17894.0;67585.0
860900;85499.5;17914.5;67585.0
861000;85580.5;17955.5;67625.0
861100;85559.0;17894.0;67665.0
861200;85559.0;17894.0;67665.0
861300;85399.0;17894.0;67505.0
861400;85415.5;17750.5;67665.0
861500;85559.0;17894.0;67665.0
861600;85462.0;17677.0;67785.0
861700;85447.0;17902.0;67545.0
861800;85522.0;17857.0;67665.0
861900;85729.0;18064.0;67665.0
862000;85588.0;17883.0;67705.0
862100;85887.0;18142.0;67745.0
862200;85628.0;17883.0;67745.0
862300;85711.0;17846.0;67865.0
862400;85545.0;17920.0;67625.0
862500;85665.0;17920.0;67745.0
862600;85961.0;18216.0;67745.0
862700;85665.0;17920.0;67745.0
862800;85862.0;17957.0;67905.0
862900;85702.0;17957.0;67745.0
863000;85742.0;17957.0;67785.0
863100;85837.5;18012.5;67825.0
863200;86271.5;18012.5;68259.0
863300;85829.5;17994.0;67835.5
863400;85945.0;17994.0;67951.0
863500;85829.5;17994.0;67835.5
863600;85580.5;17745.0;67835.5
863700;85810.5;17975.0;67835.5
863800;85856.5;18021.0;67835.5
863900;85764.5;17929.0;67835.5
864000;85071.0;18044.0;67027.0
864100;85933.5;18021.0;67912.5
864200;85549.5;17791.0;67758.5
864300;85421.0;17975.0;67446.0
864400;85347.0;18021.0;67326.0
864500;85579.0;17653.0;67926.0
864600;85786.0;17860.0;67926.0
864700;84969.0;17883.0;67086.0
864800;85957.0;18031.0;67926.0
864900;85357.0;18031.0;67326.0
865000;86039.0;18073.0;67966.0
865100;86079.0;18073.0;68006.0
865200;86199.0;18073.0;68126.0
865300;86431.0;18425.0;68006.0
865400;86145.0;18139.0;68006.0
865500;86057.0;18051.0;68006.0
865600;86123.0;18117.0;68006.0
865700;86123.0;18117.0;68006.0
865800;86167.0;18161.0;68006.0
865900;86035.0;18029.0;68006.0
866000;86097.0;18051.0;68046.0
866100;86159.0;18073.0;68086.0
866200;86203.0;18117.0;68086.0
866300;86159.0;18073.0;68086.0
866400;86279.0;18073.0;68206.0
866500;86039.0;18073.0;67966.0
866600;86159.0;18073.0;68086.0
866700;86319.0;18073.0;68246.0
866800;86711.0;18425.0;68286.0
866900;86265.0;18139.0;68126.0
867000;86199.0;18073.0;68126.0
867100;86079.0;18073.0;68006.0
867200;86487.0;17721.0;68766.0
867300;86239.0;18073.0;68166.0
867400;86239.0;18073.0;68166.0
867500;86239.0;18073.0;68166.0
867600;86239.0;18073.0;68166.0
867700;87159.0;18073.0;69086.0
867800;86195.0;18029.0;68166.0
867900;86311.0;17985.0;68326.0
868000;86372.0;18006.0;68366.0
868100;86466.0;18220.0;68246.0
868200;86126.0;17880.0;68246.0
868300;86866.0;18020.0;68846.0
868400;86266.0;18020.0;68246.0
868500;86266.0;18020.0;68246.0
868600;86206.0;17960.0;68246.0
868700;86266.0;18020.0;68246.0
868800;86266.0;18020.0;68246.0
868900;86246.0;18120.0;68126.0
869000;86306.0;18020.0;68286.0
869100;86246.0;17960.0;68286.0
869200;86346.0;18020.0;68326.0
869300;86366.0;18040.0;68326.0
869400;86146.0;17980.0;68166.0
869500;86306.0;17980.0;68326.0
869600;86246.0;17920.0;68326.0
869700;86306.0;17980.0;68326.0
869800;86446.0;18120.0;68326.0
869900;86506.0;18020.0;68486.0
870000;86428.0;18020.0;68408.0
870100;86534.0;17980.0;68554.0
870200;86318.5;18020.0;68298.5
870300;86318.5;18020.0;68298.5
870400;86464.5;18020.0;68444.5
870500;86504.5;18060.0;68444.5
870600;86541.0;18060.0;68481.0
870700;86530.5;17940.0;68590.5
870800;86395.0;18060.0;68335.0
870900;86564.5;18120.0;68444.5
871000;85738.0;18060.0;67678.0
871100;86560.0;18042.5;68517.5
871200;86254.0;17882.5;68371.5
871300;86490.5;18119.0;68371.5
871400;87184.0;18119.0;69065.0
871500;86292.5;17775.0;68517.5
871600;86679.5;18162.0;68517.5
871700;86650.5;18133.0;68517.5
871800;86718.0;18200.5;68517.5
871900;86664.5;18147.0;68517.5
872000;86937.5;18383.5;68554.0
872100;86890.0;18190.0;68700.0
872200;86634.5;18190.0;68444.5
872300;86890.0;18190.0;68700.0
872400;86780.5;18190.0;68590.5
872500;86890.0;18190.0;68700.0
872600;86737.5;18147.0;68590.5
872700;86393.5;17803.0;68590.5
872800;86692.5;18211.5;68481.0
872900;86737.5;18147.0;68590.5
873000;86628.0;18147.0;68481.0
873100;86220.0;18104.0;68116.0
873200;86832.0;18168.5;68663.5
873300;86767.5;18104.0;68663.5
873400;86767.5;18104.0;68663.5
873500;86767.5;18104.0;68663.5
873600;86913.5;18104.0;68809.5
873700;86658.0;18104.0;68554.0
873800;86767.5;18104.0;68663.5
873900;86220.0;18104.0;68116.0
874000;86954.5;18254.5;68700.0
874100;86797.5;18061.0;68736.5
874200;86737.5;18147.0;68590.5
874300;86823.5;18233.0;68590.5
874400;86961.5;18225.0;68736.5
874500;86913.5;18177.0;68736.5
874600;86900.0;18273.0;68627.0
874700;86961.5;18225.0;68736.5
874800;86513.0;18225.0;68288.0
874900;86921.0;18273.0;68648.0
875000;87033.0;18225.0;68808.0
875100;87073.0;18225.0;68848.0
875200;87721.0;18273.0;69448.0
875300;87721.0;18273.0;69448.0
875400;87108.0;18260.0;68848.0
875500;87108.0;18260.0;68848.0
875600;87161.0;18313.0;68848.0
875700;87268.0;18260.0;69008.0
875800;87055.0;18207.0;68848.0
875900;86459.0;18451.0;68008.0
876000;87109.0;18221.0;68888.0
876100;87195.0;18267.0;68928.0
876200;87775.0;18727.0;69048.0
876300;87315.0;18267.0;69048.0
876400;87195.0;18267.0;68928.0
876500;86983.0;18175.0;68808.0
876600;87355.0;18267.0;69088.0
876700;87029.0;18221.0;68808.0
876800;87149.0;18221.0;68928.0
876900;87149.0;18221.0;68928.0
877000;87418.0;18290.0;69128.0
877100;87183.0;18175.0;69008.0
877200;87229.0;18221.0;69008.0
877300;87229.0;18221.0;69008.0
877400;87069.0;18221.0;68848.0
877500;87422.0;18414.0;69008.0
877600;87309.0;18141.0;69168.0
877700;87210.0;18162.0;69048.0
877800;87233.0;18225.0;69008.0
877900;87282.0;18274.0;69008.0
878000;86682.0;18274.0;68408.0
878100;87362.0;18274.0;69088.0
878200;87202.0;18274.0;68928.0
878300;87482.0;18274.0;69208.0
878400;87348.0;18260.0;69088.0
878500;87238.0;18150.0;69088.0
878600;87304.0;18216.0;69088.0
878700;86876.0;17908.0;68968.0
878800;87282.0;18194.0;69088.0
878900;87348.0;18260.0;69088.0
879000;87272.0;18304.0;68968.0
879100;87136.0;17968.0;69168.0
879200;87154.0;17866.0;69288.0
879300;87442.0;18274.0;69168.0
879400;87340.0;18172.0;69168.0
879500;87271.0;18223.0;69048.0
879600;86983.0;17815.0;69168.0
879700;87372.5;18044.5;69328.0
879800;87391.0;18223.0;69168.0
879900;87314.5;18146.5;69168.0
880000;87591.0;18223.0;69368.0
880100;87547.5;18299.5;69248.0
880200;87311.0;18223.0;69088.0
880300;87642.0;18274.0;69368.0
880400;87311.0;18223.0;69088.0
880500;87471.0;18223.0;69248.0
880600;87471.0;18223.0;69248.0
880700;87420.0;18172.0;69248.0
880800;87420.0;18172.0;69248.0
880900;87828.0;18580.0;69248.0
881000;87417.5;18129.5;69288.0
881100;87512.5;18184.5;69328.0
881200;87477.0;17717.0;69760.0
881300;88352.0;18212.0;70140.0
881400;87801.5;18459.5;69342.0
881500;87499.0;18157.0;69342.0
881600;87440.0;18212.0;69228.0
881700;87761.0;18267.0;69494.0
881800;87761.0;18267.0;69494.0
881900;86949.0;17607.0;69342.0
882000;87619.5;18239.5;69380.0
882100;87575.0;18157.0;69418.0
882200;87505.5;18239.5;69266.0
882300;87630.0;18212.0;69418.0
882400;87744.0;18212.0;69532.0
882500;87461.0;18157.0;69304.0
882600;87699.5;18129.5;69570.0
882700;87302.5;17884.5;69418.0
882800;86992.5;18144.5;68848.0
882900;87812.0;18242.0;69570.0
883000;87546.0;18242.0;69304.0
883100;87801.0;18307.0;69494.0
883200;87584.0;18242.0;69342.0
883300;87736.0;18242.0;69494.0
883400;87850.0;18242.0;69608.0
883500;87703.5;18209.5;69494.0
883600;88306.0;18242.0;70064.0
883700;87768.5;18274.5;69494.0
883800;87687.0;18307.0;69380.0
883900;88371.0;18307.0;70064.0
884000;88402.0;19022.0;69380.0
884100;87812.0;18242.0;69570.0
884200;87877.0;18307.0;69570.0
884300;87942.0;18372.0;69570.0
884400;88447.0;18307.0;70140.0
884500;87909.5;18339.5;69570.0
884600;87877.0;18307.0;69570.0
884700;88029.0;18307.0;69722.0
884800;88029.0;18307.0;69722.0
884900;87763.0;18307.0;69456.0
885000;87915.0;18307.0;69608.0
885100;87801.0;18307.0;69494.0
885200;87953.0;18307.0;69646.0
885300;87953.0;18307.0;69646.0
885400;87953.0;18307.0;69646.0
885500;87774.0;18242.0;69532.0
885600;88018.0;18372.0;69646.0
885700;87953.0;18307.0;69646.0
885800;87823.0;18177.0;69646.0
885900;88050.5;18404.5;69646.0
886000;88409.0;18307.0;70102.0
886100;88094.0;18372.0;69722.0
886200;87942.0;18372.0;69570.0
886300;87682.0;18112.0;69570.0
886400;87877.0;18307.0;69570.0
886500;88012.5;18404.5;69608.0
886600;87107.0;17955.0;69152.0
886700;88125.0;18251.0;69874.0
886800;87933.0;18325.0;69608.0
886900;88861.0;19139.0;69722.0
887000;88466.0;18288.0;70178.0
887100;88237.0;18325.0;69912.0
887200;88234.0;18436.0;69798.0
887300;88123.0;18325.0;69798.0
887400;88012.0;18214.0;69798.0
887500;88120.0;18436.0;69684.0
887600;87701.0;18473.0;69228.0
887700;88391.0;18441.0;69950.0
887800;88273.0;18475.0;69798.0
887900;88171.0;18373.0;69798.0
888000;88040.0;18052.0;69988.0
888100;88181.0;18459.0;69722.0
888200;88181.0;18459.0;69722.0
888300;88074.0;18200.0;69874.0
888400;88447.0;18459.0;69988.0
888500;88222.0;18348.0;69874.0
888600;88219.0;18459.0;69760.0
888700;87837.0;18533.0;69304.0
888800;88333.0;18459.0;69874.0
888900;88367.0;18607.0;69760.0
889000;88445.0;18533.0;69912.0
889100;88113.0;18163.0;69950.0
889200;88483.0;18533.0;69950.0
889300;88435.0;18459.0;69976.0
889400;88435.0;18459.0;69976.0
889500;87969.0;18533.0;69436.0
889600;88509.0;18533.0;69976.0
889700;88435.0;18459.0;69976.0
889800;88653.0;18533.0;70120.0
889900;88035.5;18496.0;69539.5
890000;88484.0;18607.0;69877.0
890100;88560.5;18496.0;70064.5
890200;88560.5;18496.0;70064.5
890300;88784.0;18607.0;70177.0
890400;89234.0;18607.0;70627.0
890500;88560.5;18496.0;70064.5
890600;88671.5;18607.0;70064.5
890700;88745.5;18681.0;70064.5
890800;88596.0;18644.0;69952.0
890900;88745.5;18681.0;70064.5
891000;88709.0;18607.0;70102.0
891100;88596.5;18607.0;69989.5
891200;88903.0;18718.0;70185.0
891300;88792.0;18607.0;70185.0
891400;88792.0;18607.0;70185.0
891500;89384.0;19199.0;70185.0
891600;88928.0;18607.0;70321.0
891700;88052.0;17867.0;70185.0
891800;89129.0;18570.0;70559.0
891900;88866.0;18681.0;70185.0
892000;88545.0;18570.0;69975.0
892100;88856.0;18681.0;70175.0
892200;89247.0;18792.0;70455.0
892300;88902.0;18607.0;70295.0
892400;88856.0;18681.0;70175.0
892500;88256.0;18681.0;69575.0
892600;88856.0;18681.0;70175.0
892700;88782.0;18607.0;70175.0
892800;88942.0;18607.0;70335.0
892900;89198.0;18663.0;70535.0
893000;89048.0;18663.0;70385.0
893100;88935.5;18663.0;70272.5
893200;89498.0;18663.0;70835.0
893300;88949.0;18564.0;70385.0
893400;88963.5;18691.0;70272.5
893500;88746.0;18586.0;70160.0
893600;89043.5;18621.0;70422.5
893700;89183.5;18761.0;70422.5
893800;88858.5;18586.0;70272.5
893900;89033.5;18761.0;70272.5
894000;88606.0;18446.0;70160.0
894100;89038.5;18691.0;70347.5
894200;88888.5;18691.0;70197.5
894300;88758.5;18411.0;70347.5
894400;88933.5;18586.0;70347.5
894500;88476.0;18691.0;69785.0
894600;88476.0;18691.0;69785.0
894700;88268.5;17921.0;70347.5
894800;89143.5;18796.0;70347.5
894900;89283.5;19123.5;70160.0
895000;89086.0;18701.0;70385.0
895100;88746.0;18473.5;70272.5
895200;89058.5;18636.0;70422.5
895300;88798.5;18376.0;70422.5
895400;88908.5;18636.0;70272.5
895500;89138.5;18603.5;70535.0
895600;89123.5;18701.0;70422.5
895700;89123.5;18701.0;70422.5
895800;89123.5;18701.0;70422.5
895900;89058.5;18636.0;70422.5
896000;89161.0;18701.0;70460.0
896100;89198.5;18701.0;70497.5
896200;89198.5;18701.0;70497.5
896300;89101.0;18603.5;70497.5
896400;89198.5;18701.0;70497.5
896500;89198.5;18701.0;70497.5
896600;89003.5;18506.0;70497.5
896700;89263.5;18766.0;70497.5
896800;89263.5;18766.0;70497.5
896900;89198.5;18701.0;70497.5
897000;89366.0;18831.0;70535.0
897100;89273.5;18701.0;70572.5
897200;89188.5;18766.0;70422.5
897300;89188.5;18766.0;70422.5
897400;89338.5;18766.0;70572.5
897500;89436.0;18863.5;70572.5
897600;89226.0;18766.0;70460.0
897700;89306.0;18733.5;70572.5
897800;89553.5;18831.0;70722.5
897900;89343.5;18733.5;70610.0
898000;89323.5;18863.5;70460.0
898100;88921.0;18766.0;70155.0
898200;89441.0;18766.0;70675.0
898300;89506.0;18831.0;70675.0
898400;89538.5;18863.5;70675.0
898500;89603.5;18928.5;70675.0
898600;88851.0;18376.0;70475.0
898700;89451.0;18896.0;70555.0
898800;89571.0;18896.0;70675.0
898900;89636.0;18961.0;70675.0
899000;89636.0;19481.0;70155.0
899100;90042.0;19287.0;70755.0
899200;89700.0;18945.0;70755.0
899300;89926.0;19051.0;70875.0
899400;89899.5;19024.5;70875.0
899500;89739.0;18945.0;70794.0
899600;89993.0;19051.0;70942.0
899700;89421.0;18627.0;70794.0
899800;89734.0;19051.0;70683.0
899900;89898.0;19104.0;70794.0
900000;90082.0;18733.0;71349.0
900100;89866.0;18998.0;70868.0
900200;89866.0;18998.0;70868.0
900300;89813.0;18945.0;70868.0
900400;89786.5;18918.5;70868.0
900500;89391.0;18971.5;70419.5
900600;89826.5;18945.0;70881.5
900700;89658.0;18892.0;70766.0
900800;89879.5;18998.0;70881.5
900900;89826.5;18945.0;70881.5
901000;89400.0;18945.0;70455.0
901100;89814.0;18839.0;70975.0
901200;90093.0;18998.0;71095.0
901300;89920.0;18945.0;70975.0
901400;89920.0;18945.0;70975.0
901500;90753.0;19178.0;71575.0
901600;89958.0;18983.0;70975.0
901700;89838.0;18983.0;70855.0
901800;89556.0;19061.0;70495.0
901900;89958.0;18983.0;70975.0
902000;89799.0;18944.0;70855.0
902100;89902.0;19007.0;70895.0
902200;90662.0;19007.0;71655.0
902300;90020.0;18965.0;71055.0
902400;90620.0;18965.0;71655.0
902500;89999.0;18944.0;71055.0
902600;90180.0;18965.0;71215.0
902700;90020.0;18965.0;71055.0
902800;89978.0;18923.0;71055.0
902900;89978.0;18923.0;71055.0
903000;90081.0;18986.0;71095.0
903100;90234.0;19259.0;70975.0
903200;90100.0;18965.0;71135.0
903300;89596.0;18461.0;71135.0
903400;90058.0;18923.0;71135.0
903500;89875.0;18860.0;71015.0
903600;90058.0;18923.0;71135.0
903700;90098.0;18923.0;71175.0
903800;90218.0;18923.0;71295.0
903900;90058.0;18923.0;71135.0
904000;90418.0;18923.0;71495.0
904100;90155.5;18923.0;71232.5
904200;89921.5;18839.0;71082.5
904300;90113.5;18881.0;71232.5
904400;90155.5;18923.0;71232.5
904500;90043.0;18923.0;71120.0
904600;90113.5;18881.0;71232.5
904700;90001.0;18881.0;71120.0
904800;90239.5;19007.0;71232.5
904900;90176.5;18944.0;71232.5
905000;90390.5;18970.5;71420.0
905100;89415.5;18970.5;70445.0
905200;90201.5;19044.0;71157.5
905300;90432.5;19125.0;71307.5
905400;90379.5;19072.0;71307.5
905500;90379.5;19072.0;71307.5
905600;90379.5;19072.0;71307.5
905700;90214.0;19019.0;71195.0
905800;90273.5;18966.0;71307.5
905900;90326.5;19019.0;71307.5
906000;90614.0;19269.0;71345.0
906100;90590.0;18645.0;71945.0
906200;90459.5;19077.0;71382.5
906300;90333.5;19101.0;71232.5
906400;90411.5;19029.0;71382.5
906500;90800.0;19005.0;71795.0
906600;90459.5;19077.0;71382.5
906700;90513.5;18981.0;71532.5
906800;90213.5;18831.0;71382.5
906900;90543.5;19161.0;71382.5
907000;90371.0;19101.0;71270.0
907100;90618.5;19161.0;71457.5
907200;90558.5;19101.0;71457.5
907300;90618.5;19161.0;71457.5
907400;90671.0;19101.0;71570.0
907500;91151.0;19581.0;71570.0
907600;90597.5;19101.0;71496.5
907700;90705.0;19011.0;71694.0
907800;90191.0;18621.0;71570.0
907900;90795.0;19101.0;71694.0
908000;90702.0;19101.0;71601.0
908100;90826.0;19101.0;71725.0
908200;90793.0;19161.0;71632.0
908300;90916.0;19191.0;71725.0
908400;90823.0;19191.0;71632.0
908500;91213.0;19581.0;71632.0
908600;90733.0;19101.0;71632.0
908700;90793.0;19161.0;71632.0
908800;90313.0;18681.0;71632.0
908900;90823.0;19191.0;71632.0
909000;91008.0;19221.0;71787.0
909100;90795.0;19101.0;71694.0
909200;90735.0;19041.0;71694.0
909300;90330.0;19101.0;71229.0
909400;90735.0;19041.0;71694.0
909500;90795.0;19101.0;71694.0
909600;90887.0;19193.0;71694.0
909700;90870.0;19641.0;71229.0
909800;90823.0;19129.0;71694.0
909900;90943.0;19249.0;71694.0
910000;91086.0;19361.0;71725.0
910100;91166.5;19534.5;71632.0
910200;-418990.0;-490746.0;71756.0
910300;90679.5;19152.0;71527.5
910400;90303.5;19177.5;71126.0
910500;91164.5;19381.5;71783.0
910600;90792.5;19228.5;71564.0
910700;90978.5;19305.0;71673.5
910800;90927.5;19254.0;71673.5
910900;91073.5;19254.0;71819.5
911000;91045.0;19305.0;71740.0
911100;91567.0;19203.0;72364.0
911200;91033.0;19254.0;71779.0
911300;90928.0;19305.0;71623.0
911400;91164.0;19268.0;71896.0
911500;90954.5;19292.5;71662.0
911600;91096.0;19317.0;71779.0
911700;91096.0;19317.0;71779.0
911800;91797.0;19121.0;72676.0
911900;90979.0;19317.0;71662.0
912000;91291.0;19317.0;71974.0
912100;90589.0;19317.0;71272.0
912200;91291.0;19317.0;71974.0
912300;91174.0;19317.0;71857.0
912400;91759.0;19317.0;72442.0
912500;91125.0;19268.0;71857.0
912600;91224.0;19367.0;71857.0
912700;91155.0;19298.0;71857.0
912800;91109.0;19252.0;71857.0
912900;91155.0;19298.0;71857.0
913000;91038.0;19298.0;71740.0
913100;91415.5;19480.5;71935.0
913200;91240.0;19305.0;71935.0
913300;91201.0;19305.0;71896.0
913400;91123.0;19344.0;71779.0
913500;91298.5;19246.5;72052.0
913600;91396.0;19305.0;72091.0
913700;91240.0;19305.0;71935.0
913800;91123.0;19305.0;71818.0
913900;91240.0;19305.0;71935.0
914000;91084.0;19266.0;71818.0
914100;91006.0;18993.0;72013.0
914200;91162.0;19305.0;71857.0
914300;91435.0;19305.0;72130.0
914400;91357.0;19344.0;72013.0
914500;91435.0;19305.0;72130.0
914600;91747.0;19305.0;72442.0
914700;91357.0;19344.0;72013.0
914800;91045.0;19032.0;72013.0
914900;91328.0;19266.0;72062.0
915000;91367.0;19305.0;72062.0
915100;91599.0;19383.0;72216.0
915200;91444.5;19344.0;72100.5
915300;91249.5;19149.0;72100.5
915400;91483.5;19383.0;72100.5
915500;91329.0;19344.0;71985.0
915600;91444.5;19344.0;72100.5
915700;91637.5;19383.0;72254.5
915800;91444.5;19344.0;72100.5
915900;-980029.5;19363.5;-999393.0
916000;91483.0;19344.0;72139.0
916100;91521.5;19344.0;72177.5
916200;91521.5;19344.0;72177.5
916300;91521.5;19344.0;72177.5
916400;91445.5;19422.0;72023.5
916500;90924.5;19324.5;71600.0
916600;91872.5;19695.0;72177.5
916700;92138.0;19383.0;72755.0
916800;-298517.5;-370695.0;72177.5
916900;91521.5;19344.0;72177.5
917000;91655.5;19285.5;72370.0
917100;91714.0;19344.0;72370.0
917200;91714.0;19344.0;72370.0
917300;91598.5;19344.0;72254.5
917400;91753.0;19383.0;72370.0
917500;91379.5;19125.0;72254.5
917600;91708.5;19454.0;72254.5
917700;91546.0;19407.0;72139.0
917800;91732.0;19477.5;72254.5
917900;91696.5;19442.0;72254.5
918000;91735.0;19442.0;72293.0
918100;92393.0;19484.0;72909.0
918200;91773.5;19442.0;72331.5
918300;91196.0;19442.0;71754.0
918400;91773.5;19442.0;72331.5
918500;91773.5;19442.0;72331.5
918600;91658.0;19442.0;72216.0
918700;91773.5;19442.0;72331.5
918800;91933.0;19178.0;72755.0
918900;91670.0;19454.0;72216.0
919000;91955.0;19431.0;72524.0
919100;91862.5;19454.0;72408.5
919200;92045.0;19521.0;72524.0
919300;91929.5;19521.0;72408.5
919400;91726.5;19472.0;72254.5
919500;91929.5;19521.0;72408.5
919600;92027.5;19619.0;72408.5
919700;91880.5;19472.0;72408.5
919800;91733.5;19325.0;72408.5
919900;91880.5;19472.0;72408.5
920000;92066.0;19080.0;72986.0
920100;92006.5;19521.0;72485.5
920200;91429.0;19521.0;71908.0
920300;92006.5;19521.0;72485.5
920400;92293.5;19692.5;72601.0
920500;91957.5;19472.0;72485.5
920600;92388.0;19325.0;73063.0
920700;92843.0;19472.0;73371.0
920800;92927.0;19864.0;73063.0
920900;92027.5;19542.0;72485.5
921000;92066.0;19542.0;72524.0
921100;92104.5;19542.0;72562.5
921200;92244.0;19566.0;72678.0
921300;92054.0;19530.0;72524.0
921400;92128.5;19566.0;72562.5
921500;92164.5;19602.0;72562.5
921600;92128.5;19566.0;72562.5
921700;92164.5;19602.0;72562.5
921800;92110.5;19548.0;72562.5
921900;91995.0;19548.0;72447.0
922000;92203.0;19602.0;72601.0
922100;92241.5;19602.0;72639.5
922200;92321.0;19566.0;72755.0
922300;92241.5;19602.0;72639.5
922400;92765.0;19548.0;73217.0
922500;92231.0;19476.0;72755.0
922600;92126.0;19602.0;72524.0
922700;92241.5;19602.0;72639.5
922800;92241.5;19602.0;72639.5
922900;92107.5;19314.0;72793.5
923000;92280.0;19602.0;72678.0
923100;92842.0;19548.0;73294.0
923200;92372.5;19656.0;72716.5
923300;92434.0;19602.0;72832.0
923400;92146.5;19584.0;72562.5
923500;92390.5;19674.0;72716.5
923600;92318.5;19602.0;72716.5
923700;92339.5;19623.0;72716.5
923800;92519.0;19802.5;72716.5
923900;92388.5;19672.0;72716.5
924000;92427.0;19672.0;72755.0
924100;91962.0;19672.0;72290.0
924200;93053.0;19643.0;73410.0
924300;92453.0;19643.0;72810.0
924400;91562.0;19672.0;71890.0
924500;92652.0;19962.0;72690.0
924600;92453.0;19643.0;72810.0
924700;92362.0;19672.0;72690.0
924800;92772.0;19962.0;72810.0
924900;92453.0;19643.0;72810.0
925000;92653.0;19643.0;73010.0
925100;92533.0;19643.0;72890.0
925200;92696.5;19686.5;73010.0
925300;92533.0;19643.0;72890.0
925400;92504.0;19614.0;72890.0
925500;92533.0;19643.0;72890.0
925600;92504.0;19614.0;72890.0
925700;92808.0;19758.0;73050.0
925800;92543.5;19653.5;72890.0
925900;92572.0;19682.0;72890.0
926000;92621.5;19691.5;72930.0
926100;92498.0;19568.0;72930.0
926200;92633.0;19663.0;72970.0
926300;91881.0;19511.0;72370.0
926400;92644.0;19834.0;72810.0
926500;92753.0;19663.0;73090.0
926600;92652.0;19682.0;72970.0
926700;92964.0;19834.0;73130.0
926800;92652.0;19682.0;72970.0
926900;92680.5;19710.5;72970.0
927000;92692.0;19682.0;73010.0
927100;92732.0;19682.0;73050.0
927200;93194.5;19710.5;73484.0
927300;92184.0;19701.0;72483.0
927400;92588.5;19682.0;72906.5
927500;92655.5;19710.5;72945.0
927600;93048.5;19834.0;73214.5
927700;92714.0;19653.5;73060.5
927800;92742.5;19682.0;73060.5
927900;92877.5;19663.0;73214.5
928000;92781.0;19682.0;73099.0
928100;92819.5;19682.0;73137.5
928200;92935.0;19682.0;73253.0
928300;92819.5;19682.0;73137.5
928400;92971.5;19834.0;73137.5
928500;92840.5;19703.0;73137.5
928600;92615.0;19593.0;73022.0
928700;92829.5;19692.0;73137.5
928800;92571.0;19549.0;73022.0
928900;92840.5;19703.0;73137.5
929000;92901.0;19725.0;73176.0
929100;93039.0;19709.0;73330.0
929200;92949.5;19735.0;73214.5
929300;93065.0;19735.0;73330.0
929400;92769.5;19709.0;73060.5
929500;92949.5;19735.0;73214.5
929600;93103.5;19735.0;73368.5
929700;93002.0;19749.0;73253.0
929800;93117.5;19749.0;73368.5
929900;93365.5;19689.0;73676.5
930000;92978.0;19725.0;73253.0
930100;93052.5;19761.0;73291.5
930200;92797.5;19737.0;73060.5
930300;92824.5;19533.0;73291.5
930400;93016.5;19725.0;73291.5
930500;93016.5;19725.0;73291.5
930600;92901.0;19725.0;73176.0
930700;93016.5;19725.0;73291.5
930800;93170.5;19725.0;73445.5
930900;93016.5;19725.0;73291.5
931000;93127.0;19797.0;73330.0
931100;93093.5;19725.0;73368.5
931200;92939.5;19725.0;73214.5
931300;93117.5;19749.0;73368.5
931400;93401.0;19917.0;73484.0
931500;93014.0;19761.0;73253.0
931600;92978.0;19725.0;73253.0
931700;93093.5;19725.0;73368.5
931800;93117.5;19749.0;73368.5
931900;93093.5;19725.0;73368.5
932000;92978.0;19725.0;73253.0
932100;93194.5;19749.0;73445.5
932200;93194.5;19749.0;73445.5
932300;93310.0;19749.0;73561.0
932400;93194.5;19749.0;73445.5
932500;92593.0;19725.0;72868.0
932600;93298.5;19853.0;73445.5
932700;93270.5;19825.0;73445.5
932800;93309.0;19825.0;73484.0
932900;93284.5;19839.0;73445.5
933000;93309.0;19825.0;73484.0
933100;93361.5;19839.0;73522.5
933200;92839.0;19783.0;73056.0
933300;93354.0;19818.0;73536.0
933400;93166.0;19790.0;73376.0
933500;93361.0;19825.0;73536.0
933600;93389.0;19853.0;73536.0
933700;93975.0;19839.0;74136.0
933800;93361.0;19825.0;73536.0
933900;93347.0;19811.0;73536.0
934000;93415.0;19839.0;73576.0
934100;93455.0;19839.0;73616.0
934200;93469.0;19853.0;73616.0
934300;92836.0;19860.0;72976.0
934400;93504.5;19888.5;73616.0
934500;93602.0;19866.0;73736.0
934600;93307.0;19811.0;73496.0
934700;93477.0;19861.0;73616.0
934800;93484.5;19868.5;73616.0
934900;93477.0;19861.0;73616.0
935000;93509.5;19853.5;73656.0
935100;93557.0;19861.0;73696.0
935200;93677.0;19861.0;73816.0
935300;93517.0;19821.0;73696.0
935400;93362.0;19826.0;73536.0
935500;93557.0;19861.0;73696.0
935600;93602.0;19906.0;73696.0
935700;93522.0;19826.0;73696.0
935800;93442.0;19866.0;73576.0
935900;93613.0;19917.0;73696.0
936000;93653.0;19917.0;73736.0
936100;93693.0;19917.0;73776.0
936200;93693.0;19917.0;73776.0
936300;93813.0;19917.0;73896.0
936400;93693.0;19917.0;73776.0
936500;93693.0;19917.0;73776.0
936600;93093.0;19917.0;73176.0
936700;93693.0;19917.0;73776.0
936800;93693.0;19917.0;73776.0
936900;93797.0;20021.0;73776.0
937000;93733.0;19917.0;73816.0
937100;93773.0;19917.0;73856.0
937200;93893.0;19917.0;73976.0
937300;93573.0;19917.0;73656.0
937400;93919.0;19943.0;73976.0
937500;93893.0;19917.0;73976.0
937600;93933.0;19917.0;74016.0
937700;93760.0;19904.0;73856.0
937800;93675.0;19939.0;73736.0
937900;93807.0;19951.0;73856.0
938000;93823.0;19927.0;73896.0
938100;93706.0;19930.0;73776.0
938200;93866.0;19930.0;73936.0
938300;93703.0;19927.0;73776.0
938400;93860.0;19924.0;73936.0
938500;93984.5;19928.5;74056.0
938600;93863.0;19927.0;73936.0
938700;93864.5;19928.5;73936.0
938800;94466.0;19930.0;74536.0
938900;93866.0;19930.0;73936.0
939000;93906.0;19930.0;73976.0
939100;93796.0;19940.0;73856.0
939200;93358.5;19942.5;73416.0
939300;93958.5;19942.5;74016.0
939400;93957.0;19941.0;74016.0
939500;94020.0;20004.0;74016.0
939600;94062.0;20046.0;74016.0
939700;94048.0;20032.0;74016.0
939800;94097.0;20081.0;74016.0
939900;94034.0;20018.0;74016.0
940000;94163.0;19947.0;74216.0
940100;94258.0;20042.0;74216.0
940200;94138.0;20042.0;74096.0
940300;93986.0;19890.0;74096.0
940400;94109.5;20013.5;74096.0
940500;93566.5;20070.5;73496.0
940600;94138.0;20042.0;74096.0
940700;94269.5;20013.5;74256.0
940800;94138.0;20042.0;74096.0
940900;93538.0;20042.0;73496.0
941000;94261.0;20125.0;74136.0
941100;94946.0;19930.0;75016.0
941200;95051.0;20035.0;75016.0
941300;94833.5;20057.5;74776.0
941400;94211.0;20035.0;74176.0
941500;94106.0;20050.0;74056.0
941600;94091.0;20035.0;74056.0
941700;94256.0;20080.0;74176.0
941800;94241.0;20065.0;74176.0
941900;94241.0;20065.0;74176.0
942000;94258.5;20042.5;74216.0
942100;94313.5;20057.5;74256.0
942200;93706.0;20050.0;73656.0
942300;94306.0;20050.0;74256.0
942400;94026.0;19930.0;74096.0
942500;94141.0;20005.0;74136.0
942600;94291.0;20035.0;74256.0
942700;93721.0;20065.0;73656.0
942800;94738.0;20050.0;74688.0
942900;94442.0;20020.0;74422.0
943000;94358.0;20050.0;74308.0
943100;94280.5;19934.5;74346.0
943200;94698.5;20086.5;74612.0
943300;94252.0;20058.0;74194.0
943400;94375.5;20029.5;74346.0
943500;94404.0;20058.0;74346.0
943600;93805.5;20029.5;73776.0
943700;94309.0;20077.0;74232.0
943800;94385.0;20039.0;74346.0
943900;94727.0;20229.0;74498.0
944000;94461.0;20077.0;74384.0
944100;94518.0;20096.0;74422.0
944200;94366.0;20096.0;74270.0
944300;94499.0;20077.0;74422.0
944400;93625.0;20077.0;73548.0
944500;94499.0;20077.0;74422.0
944600;94518.0;20096.0;74422.0
944700;94651.0;20077.0;74574.0
944800;94356.5;20048.5;74308.0
944900;94480.0;20058.0;74422.0
945000;94708.0;20096.0;74612.0
945100;94304.0;19958.0;74346.0
945200;94007.5;20079.5;73928.0
945300;95389.0;20093.0;75296.0
945400;95009.0;20093.0;74916.0
945500;94645.0;20147.0;74498.0
945600;94527.0;19877.0;74650.0
945700;94837.5;20187.5;74650.0
945800;94591.0;20093.0;74498.0
945900;94591.0;20093.0;74498.0
946000;94440.0;19904.0;74536.0
946100;94737.0;20163.0;74574.0
946200;94601.0;20027.0;74574.0
946300;94851.0;20163.0;74688.0
946400;94602.0;20180.0;74422.0
946500;94762.5;20188.5;74574.0
946600;94890.0;20316.0;74574.0
946700;94754.0;20180.0;74574.0
946800;94923.0;20197.0;74726.0
946900;94720.0;20146.0;74574.0
947000;94775.0;20163.0;74612.0
947100;93939.0;20163.0;73776.0
947200;94813.0;20163.0;74650.0
947300;94813.0;20163.0;74650.0
947400;94822.5;20058.5;74764.0
947500;94935.0;20171.0;74764.0
947600;94846.0;20196.0;74650.0
947700;94953.0;20303.0;74650.0
947800;94896.0;20360.0;74536.0
947900;94377.0;20189.0;74188.0
948000;94916.0;20208.0;74708.0
948100;94956.0;20208.0;74748.0
948200;94937.0;20189.0;74748.0
948300;95057.0;20189.0;74868.0
948400;94974.0;20226.0;74748.0
948500;95104.0;20356.0;74748.0
948600;95052.0;20304.0;74748.0
948700;95065.0;20317.0;74748.0
948800;95400.0;20226.0;75174.0
948900;95024.5;20252.0;74772.5
949000;95061.0;20252.0;74809.0
949100;95097.5;20252.0;74845.5
949200;95123.5;20278.0;74845.5
949300;95363.0;20408.0;74955.0
949400;95025.0;20070.0;74955.0
949500;95097.5;20252.0;74845.5
949600;94564.0;20266.0;74298.0
949700;95167.5;20322.0;74845.5
949800;95285.5;20294.0;74991.5
949900;95139.5;20294.0;74845.5
950000;95176.0;20294.0;74882.0
950100;95212.5;20294.0;74918.5
950200;94988.5;20070.0;74918.5
950300;94988.5;20070.0;74918.5
950400;95142.5;20224.0;74918.5
950500;95254.5;20336.0;74918.5
950600;95212.5;20294.0;74918.5
950700;95212.5;20294.0;74918.5
950800;95212.5;20294.0;74918.5
950900;95184.5;20266.0;74918.5
951000;95103.0;20294.0;74809.0
951100;95435.5;20444.0;74991.5
951200;95325.5;20334.0;74991.5
951300;95358.5;20367.0;74991.5
951400;95325.5;20334.0;74991.5
951500;95523.5;20532.0;74991.5
951600;95347.5;20356.0;74991.5
951700;95347.5;20356.0;74991.5
951800;95369.5;20378.0;74991.5
951900;95369.5;20378.0;74991.5
952000;95384.0;20356.0;75028.0
952100;95420.5;20356.0;75064.5
952200;95420.5;20356.0;75064.5
952300;95596.5;20532.0;75064.5
952400;95453.5;20389.0;75064.5
952500;95442.5;20378.0;75064.5
952600;95442.5;20378.0;75064.5
952700;95409.5;20345.0;75064.5
952800;95376.5;20312.0;75064.5
952900;95442.5;20378.0;75064.5
953000;95479.0;20378.0;75101.0
953100;95470.5;20479.0;74991.5
953200;95553.5;20416.0;75137.5
953300;95553.5;20416.0;75137.5
953400;96292.0;20388.0;75904.0
953500;95663.0;20416.0;75247.0
953600;95430.0;20402.0;75028.0
953700;95553.5;20416.0;75137.5
953800;95685.5;20402.0;75283.5
953900;95462.5;20325.0;75137.5
954000;95444.0;20416.0;75028.0
954100;95626.5;20416.0;75210.5
954200;95626.5;20416.0;75210.5
954300;95532.5;20322.0;75210.5
954400;95642.5;20432.0;75210.5
954500;95482.0;20454.0;75028.0
954600;95668.0;20421.0;75247.0
954700;95810.5;20454.0;75356.5
954800;95095.0;20432.0;74663.0
954900;95642.5;20432.0;75210.5
955000;95825.0;20432.0;75393.0
955100;95569.5;20432.0;75137.5
955200;95715.5;20432.0;75283.5
955300;95715.5;20432.0;75283.5
955400;95693.5;20410.0;75283.5
955500;95693.5;20410.0;75283.5
955600;95638.5;20355.0;75283.5
955700;95715.5;20432.0;75283.5
955800;95715.5;20432.0;75283.5
955900;95268.5;20432.0;74836.5
956000;95782.0;20432.0;75350.0
956100;95641.5;20410.0;75231.5
956200;95821.5;20432.0;75389.5
956300;95630.5;20399.0;75231.5
956400;95788.5;20399.0;75389.5
956500;95821.5;20432.0;75389.5
956600;95724.0;20453.0;75271.0
956700;95890.0;20500.5;75389.5
956800;96368.5;20386.5;75982.0
956900;95861.5;20472.0;75389.5
957000;95891.5;20462.5;75429.0
957100;95801.5;20491.0;75310.5
957200;95959.5;20491.0;75468.5
957300;96059.0;20472.0;75587.0
957400;95959.5;20491.0;75468.5
957500;95959.5;20491.0;75468.5
957600;95959.5;20491.0;75468.5
957700;95959.5;20491.0;75468.5
957800;95959.5;20491.0;75468.5
957900;95978.5;20510.0;75468.5
958000;95999.0;20491.0;75508.0
958100;96165.0;20491.0;75674.0
958200;96048.0;20491.0;75557.0
958300;96067.0;20510.0;75557.0
958400;96048.0;20491.0;75557.0
958500;96067.0;20510.0;75557.0
958600;95902.5;20462.5;75440.0
958700;95931.0;20491.0;75440.0
958800;95950.0;20510.0;75440.0
958900;96048.0;20491.0;75557.0
959000;96077.5;20481.5;75596.0
959100;96555.0;20491.0;76064.0
959200;96049.0;20453.0;75596.0
959300;95951.0;20472.0;75479.0
959400;96126.0;20491.0;75635.0
959500;96107.0;20472.0;75635.0
959600;95990.0;20472.0;75518.0
959700;96040.5;20405.5;75635.0
959800;96069.0;20434.0;75635.0
959900;96145.0;20510.0;75635.0
960000;96193.5;20519.5;75674.0
960100;96318.0;20605.0;75713.0
960200;96321.0;20491.0;75830.0
960300;96302.0;20472.0;75830.0
960400;95742.0;20500.0;75242.0
960500;96244.5;20522.5;75722.0
960600;96367.0;20485.0;75882.0
960700;96222.0;20500.0;75722.0
960800;96199.5;20477.5;75722.0
960900;96022.0;20500.0;75522.0
961000;96102.0;20500.0;75602.0
961100;96309.5;20507.5;75802.0
961200;96247.0;20605.0;75642.0
961300;95687.0;20485.0;75202.0
961400;96399.5;20477.5;75922.0
961500;96317.0;20515.0;75802.0
961600;96279.5;20477.5;75802.0
961700;96302.0;20500.0;75802.0
961800;96342.0;20500.0;75842.0
961900;96462.0;20500.0;75962.0
962000;96342.0;20500.0;75842.0
962100;96487.0;20485.0;76002.0
962200;96502.0;20500.0;76002.0
962300;96502.0;20500.0;76002.0
962400;96222.0;20500.0;75722.0
962500;96547.0;20545.0;76002.0
962600;96352.0;20470.0;75882.0
962700;96262.0;20380.0;75882.0
962800;96382.0;20500.0;75882.0
962900;96542.0;20500.0;76042.0
963000;96257.0;20335.0;75922.0
963100;96477.0;20515.0;75962.0
963200;96477.0;20515.0;75962.0
963300;96462.0;20500.0;75962.0
963400;96447.0;20485.0;75962.0
963500;96454.5;20492.5;75962.0
963600;96477.0;20515.0;75962.0
963700;97064.0;20530.0;76534.0
963800;96677.5;20545.0;76132.5
963900;96516.5;20530.0;75986.5
964000;96553.0;20530.0;76023.0
964100;96443.5;20530.0;75913.5
964200;96469.5;20410.0;76059.5
964300;96130.5;20515.0;75615.5
964400;96643.5;20566.0;76077.5
964500;96652.5;20575.0;76077.5
964600;96625.5;20548.0;76077.5
964700;96652.5;20575.0;76077.5
964800;96652.5;20575.0;76077.5
964900;96652.5;20575.0;76077.5
965000;96697.0;20575.0;76122.0
965100;96736.0;20575.0;76161.0
965200;96799.0;20638.0;76161.0
965300;96151.0;20575.0;75576.0
965400;96889.0;20611.0;76278.0
965500;96736.0;20575.0;76161.0
965600;96673.0;20512.0;76161.0
965700;96151.0;20575.0;75576.0
965800;96601.0;20557.0;76044.0
965900;96718.0;20557.0;76161.0
966000;96757.0;20557.0;76200.0
966100;96814.0;20575.0;76239.0
966200;96796.0;20557.0;76239.0
966300;96622.0;20539.0;76083.0
966400;96796.0;20557.0;76239.0
966500;96796.0;20557.0;76239.0
966600;96598.0;20476.0;76122.0
966700;96679.0;20557.0;76122.0
966800;96952.0;20557.0;76395.0
966900;96814.0;20575.0;76239.0
967000;96835.0;20557.0;76278.0
967100;97018.0;20701.0;76317.0
967200;96874.0;20557.0;76317.0
967300;96865.0;20431.0;76434.0
967400;97153.0;20719.0;76434.0
967500;96892.0;20575.0;76317.0
967600;96892.0;20575.0;76317.0
967700;96928.0;20611.0;76317.0
967800;96937.0;20737.0;76200.0
967900;96325.0;20593.0;75732.0
968000;97096.0;20584.0;76512.0
968100;97105.0;20593.0;76512.0
968200;96394.0;20584.0;75810.0
968300;96850.0;20611.0;76239.0
968400;96850.0;20611.0;76239.0
968500;97150.0;20755.0;76395.0
968600;97006.0;20611.0;76395.0
968700;97033.0;20638.0;76395.0
968800;97024.0;20629.0;76395.0
968900;97006.0;20611.0;76395.0
969000;96907.0;20629.0;76278.0
969100;97156.0;20683.0;76473.0
969200;97219.0;20629.0;76590.0
969300;97228.0;20638.0;76590.0
969400;97045.0;20611.0;76434.0
969500;97057.0;20467.0;76590.0
969600;97143.5;20514.5;76629.0
969700;96992.5;20519.5;76473.0
969800;96997.5;20524.5;76473.0
969900;97157.0;20528.0;76629.0
970000;97043.0;20531.0;76512.0
970100;97081.5;20530.5;76551.0
970200;97665.0;20529.0;77136.0
970300;97081.5;20530.5;76551.0
970400;97079.0;20528.0;76551.0
970500;97081.0;20530.0;76551.0
970600;97244.0;20537.0;76707.0
970700;97429.0;20449.0;76980.0
970800;97000.0;20449.0;76551.0
970900;97011.0;20460.0;76551.0
971000;97039.0;20449.0;76590.0
971100;97078.0;20449.0;76629.0
971200;96922.0;20449.0;76473.0
971300;97246.0;20500.0;76746.0
971400;97171.0;20542.0;76629.0
971500;97043.0;20414.0;76629.0
971600;96942.0;20430.0;76512.0
971700;97628.0;20414.0;77214.0
971800;97215.0;20430.0;76785.0
971900;97071.0;20286.0;76785.0
972000;97082.0;20414.0;76668.0
972100;97121.0;20414.0;76707.0
972200;97105.0;20398.0;76707.0
972300;97238.0;20414.0;76824.0
972400;97121.0;20414.0;76707.0
972500;97121.0;20414.0;76707.0
972600;97121.0;20414.0;76707.0
972700;97622.0;20486.0;77136.0
972800;97121.0;20414.0;76707.0
972900;97137.0;20430.0;76707.0
973000;-62680.0;-139426.0;76746.0
973100;97199.0;20414.0;76785.0
973200;97324.0;20422.0;76902.0
973300;97324.0;20422.0;76902.0
973400;97348.0;20446.0;76902.0
973500;97215.0;20430.0;76785.0
973600;97098.0;20430.0;76668.0
973700;97247.0;20462.0;76785.0
973800;97451.0;20510.0;76941.0
973900;97215.0;20430.0;76785.0
974000;97410.0;20430.0;76980.0
974100;97285.0;20422.0;76863.0
974200;97121.0;20414.0;76707.0
974300;97293.0;20430.0;76863.0
974400;97426.0;20446.0;76980.0
974500;97293.0;20430.0;76863.0
974600;97356.0;20454.0;76902.0
974700;97465.0;20446.0;77019.0
974800;97309.0;20446.0;76863.0
974900;97309.0;20446.0;76863.0
975000;97238.0;20492.0;76746.0
975100;97388.0;20486.0;76902.0
975200;97427.0;20486.0;76941.0
975300;97400.0;20498.0;76902.0
975400;97439.0;20498.0;76941.0
975500;97453.0;20512.0;76941.0
975600;97565.0;20624.0;76941.0
975700;96634.0;20512.0;76122.0
975800;97460.0;20519.0;76941.0
975900;97346.0;20522.0;76824.0
976000;97685.5;20549.5;77136.0
976100;97552.0;20533.0;77019.0
976200;97396.0;20533.0;76863.0
976300;97530.0;20511.0;77019.0
976400;97669.0;20533.0;77136.0
976500;97768.0;20592.0;77176.0
976600;97085.5;20566.5;76519.0
976700;97573.5;20507.0;77066.5
976800;97532.0;20575.0;76957.0
976900;97616.0;20549.5;77066.5
977000;97661.0;20558.0;77103.0
977100;97594.0;20600.5;76993.5
977200;97286.0;20592.0;76694.0
977300;98227.0;20480.0;77747.0
977400;97772.0;20610.0;77162.0
977500;97798.0;20753.0;77045.0
977600;97746.0;20584.0;77162.0
977700;97226.0;20649.0;76577.0
977800;97720.0;20558.0;77162.0
977900;97720.0;20558.0;77162.0
978000;97915.0;20558.0;77357.0
978100;97824.0;20584.0;77240.0
978200;97941.0;20584.0;77357.0
978300;97863.0;20623.0;77240.0
978400;98253.0;20584.0;77669.0
978500;97642.0;20402.0;77240.0
978600;98300.0;20631.0;77669.0
978700;98427.0;20602.0;77825.0
978800;97842.0;20602.0;77240.0
978900;97871.0;20631.0;77240.0
979000;97924.5;20645.5;77279.0
979100;97764.0;20602.0;77162.0
979200;97364.0;20631.0;76733.0
979300;97949.0;20631.0;77318.0
979400;97364.0;20631.0;76733.0
979500;98152.0;20834.0;77318.0
979600;97920.0;20602.0;77318.0
979700;97920.0;20602.0;77318.0
979800;97934.5;20616.5;77318.0
979900;98563.0;20660.0;77903.0
980000;98115.0;20602.0;77513.0
980100;97983.5;20587.5;77396.0
980200;97998.0;20602.0;77396.0
980300;98027.0;20631.0;77396.0
980400;98056.0;20660.0;77396.0
980500;97998.0;20602.0;77396.0
980600;98056.0;20660.0;77396.0
980700;97881.0;20602.0;77279.0
980800;97969.0;20573.0;77396.0
980900;97998.0;20602.0;77396.0
981000;98066.0;20631.0;77435.0
981100;98047.0;20573.0;77474.0
981200;97640.0;20637.0;77003.0
981300;98080.0;20637.0;77443.0
981400;97928.0;20445.0;77483.0
981500;98312.0;20829.0;77483.0
981600;97976.0;20613.0;77363.0
981700;98120.0;20637.0;77483.0
981800;98120.0;20637.0;77483.0
981900;98304.0;20661.0;77643.0
982000;97600.0;20637.0;76963.0
982100;98152.0;20589.0;77563.0
982200;98212.0;20649.0;77563.0
982300;98176.0;20613.0;77563.0
982400;98176.0;20613.0;77563.0
982500;98176.0;20613.0;77563.0
982600;98176.0;20613.0;77563.0
982700;98176.0;20613.0;77563.0
982800;98176.0;20613.0;77563.0
982900;98032.0;20589.0;77443.0
983000;98192.0;20589.0;77603.0
983100;98280.0;20637.0;77643.0
983200;98256.0;20613.0;77643.0
983300;98220.0;20577.0;77643.0
983400;98256.0;20613.0;77643.0
983500;98280.0;20637.0;77643.0
983600;98160.0;20637.0;77523.0
983700;98256.0;20613.0;77643.0
983800;98256.0;20613.0;77643.0
983900;98280.0;20637.0;77643.0
984000;98320.0;20637.0;77683.0
984100;98324.0;20601.0;77723.0
984200;98260.0;20697.0;77563.0
984300;98160.0;20637.0;77523.0
984400;98164.0;20601.0;77563.0
984500;97608.0;20485.0;77123.0
984600;98384.0;20661.0;77723.0
984700;98496.0;20613.0;77883.0
984800;98216.0;20613.0;77603.0
984900;98384.0;20661.0;77723.0
985000;98024.0;20661.0;77363.0
985100;98464.0;20661.0;77803.0
985200;98464.0;20661.0;77803.0
985300;98536.0;20613.0;77923.0
985400;98352.0;20549.0;77803.0
985500;98584.0;20661.0;77923.0
985600;98392.0;20709.0;77683.0
985700;98640.0;20837.0;77803.0
985800;98328.0;20645.0;77683.0
985900;98464.0;20661.0;77803.0
986000;98312.0;20629.0;77683.0
986100;98024.0;20661.0;77363.0
986200;98384.0;20661.0;77723.0
986300;98696.0;20693.0;78003.0
986400;98416.0;20693.0;77723.0
986500;98624.0;20741.0;77883.0
986600;98597.0;20714.0;77883.0
986700;98626.0;20743.0;77883.0
986800;98668.0;20785.0;77883.0
986900;98668.0;20785.0;77883.0
987000;98708.0;20785.0;77923.0
987100;98765.5;20802.5;77963.0
987200;98713.0;20750.0;77963.0
987300;98833.0;20750.0;78083.0
987400;98833.0;20750.0;78083.0
987500;98591.5;20748.5;77843.0
987600;98403.0;20560.0;77843.0
987700;99205.0;21082.0;78123.0
987800;98784.0;20821.0;77963.0
987900;98755.0;20792.0;77963.0
988000;98678.5;20835.5;77843.0
988100;98864.0;20821.0;78043.0
988200;98984.0;20821.0;78163.0
988300;99265.0;20792.0;78473.0
988400;98852.5;20792.0;78060.5
988500;98740.0;20792.0;77948.0
988600;98852.5;20792.0;78060.5
988700;98683.5;20623.0;78060.5
988800;98793.0;20845.0;77948.0
988900;98868.5;20808.0;78060.5
989000;98924.5;20826.5;78098.0
989100;98943.5;20808.0;78135.5
989200;98906.5;20771.0;78135.5
989300;98920.5;20785.0;78135.5
989400;98770.5;20785.0;77985.5
989500;98881.5;20746.0;78135.5
989600;98944.5;20921.5;78023.0
989700;98920.5;20785.0;78135.5
989800;99193.5;21058.0;78135.5
989900;99330.0;21019.0;78311.0
990000;98901.0;20707.0;78194.0
990100;98745.0;20512.0;78233.0
990200;98940.0;20707.0;78233.0
990300;98940.0;20707.0;78233.0
990400;98940.0;20707.0;78233.0
990500;98940.0;20707.0;78233.0
990600;98823.0;20707.0;78116.0
990700;98940.0;20707.0;78233.0
990800;98296.5;20648.5;77648.0
990900;98940.0;20707.0;78233.0
991000;98725.5;20648.5;78077.0
991100;99018.0;20707.0;78311.0
991200;98706.0;20395.0;78311.0
991300;98979.0;20668.0;78311.0
991400;99354.0;20770.0;78584.0
991500;99081.0;20770.0;78311.0
991600;98934.0;20818.0;78116.0
991700;99012.0;20818.0;78194.0
991800;99177.0;20866.0;78311.0
991900;98916.0;20722.0;78194.0
992000;99168.0;20818.0;78350.0
992100;99207.0;20818.0;78389.0
992200;99111.0;20722.0;78389.0
992300;99159.0;20770.0;78389.0
992400;99003.0;20770.0;78233.0
992500;99207.0;20818.0;78389.0
992600;99135.0;20746.0;78389.0
992700;99138.0;20866.0;78272.0
992800;99042.0;20770.0;78272.0
992900;99159.0;20770.0;78389.0
993000;99198.0;20770.0;78428.0
993100;99213.0;20746.0;78467.0
993200;98967.0;20500.0;78467.0
993300;99350.0;20883.0;78467.0
993400;99287.0;20820.0;78467.0
993500;99287.0;20820.0;78467.0
993600;99863.0;21513.0;78350.0
993700;99935.0;20883.0;79052.0
993800;99170.0;20820.0;78350.0
993900;99350.0;20883.0;78467.0
994000;99452.0;20946.0;78506.0
994100;98768.0;20379.0;78389.0
994200;99335.0;20946.0;78389.0
994300;99428.0;20883.0;78545.0
994400;99365.0;20820.0;78545.0
994500;99428.0;20883.0;78545.0
994600;99311.0;20883.0;78428.0
994700;99365.0;20820.0;78545.0
994800;99365.0;20820.0;78545.0
994900;99270.5;20725.5;78545.0
995000;99561.5;20977.5;78584.0
995100;99966.5;20914.5;79052.0
995200;98640.5;20914.5;77726.0
995300;99698.0;20490.0;79208.0
995400;98977.0;20354.0;78623.0
995500;100106.0;20898.0;79208.0
995600;99631.0;21008.0;78623.0
995700;99631.0;21008.0;78623.0
995800;99538.0;20915.0;78623.0
995900;99514.0;21008.0;78506.0
996000;99763.0;21101.0;78662.0
996100;99739.0;21194.0;78545.0
996200;99678.0;20977.0;78701.0
996300;99275.0;20574.0;78701.0
996400;99740.0;21039.0;78701.0
996500;99331.0;21101.0;78230.0
996600;99811.0;21101.0;78710.0
996700;99718.0;21008.0;78710.0
996800;99718.0;21008.0;78710.0
996900;99625.0;20915.0;78710.0
997000;99918.0;21008.0;78910.0
997100;99638.0;21008.0;78630.0
997200;99666.0;21036.0;78630.0
997300;99760.0;20970.0;78790.0
997400;99501.0;20871.0;78630.0
997500;99826.0;21036.0;78790.0
997600;99727.0;20937.0;78790.0
997700;99986.0;21036.0;78950.0
997800;99826.0;21036.0;78790.0
997900;99706.0;21036.0;78670.0
998000;100092.0;21102.0;78990.0
998100;99972.0;21102.0;78870.0
998200;99972.0;21102.0;78870.0
998300;100460.0;21630.0;78830.0
998400;99906.0;21036.0;78870.0
998500;99840.0;20970.0;78870.0
998600;99906.0;21036.0;78870.0
998700;99906.0;21036.0;78870.0
998800;100071.0;21201.0;78870.0
998900;100066.0;21036.0;79030.0
999000;99946.0;21036.0;78910.0
999100;100052.0;21102.0;78950.0
999200;100052.0;21102.0;78950.0
999300;100085.0;21135.0;78950.0
999400;99326.0;20376.0;78950.0
999500;99932.0;21102.0;78830.0
999600;100052.0;21102.0;78950.0
999700;99986.0;21036.0;78950.0
999800;99986.0;21036.0;78950.0
999900;99986.0;21036.0;78950.0
