timestamp;total;ASH_COATED_OSMIUM;INTARIAN_PEPPER_ROOT
0;-21.0;42.0;-63.0
100;-68.0;51.0;-119.0
200;-42.5;51.0;-93.5
300;-139.0;36.0;-175.0
400;-197.0;48.0;-245.0
500;-251.0;57.0;-308.0
600;-396.0;55.0;-451.0
700;-283.0;58.0;-341.0
800;-287.0;54.0;-341.0
900;-204.5;54.0;-258.5
1000;-285.0;56.0;-341.0
1100;-285.0;56.0;-341.0
1200;-186.5;72.0;-258.5
1300;-285.0;56.0;-341.0
1400;-301.0;40.0;-341.0
1500;-175.0;56.0;-231.0
1600;-230.0;56.0;-286.0
1700;-231.0;55.0;-286.0
1800;-224.0;62.0;-286.0
1900;-232.0;54.0;-286.0
2000;-232.0;54.0;-286.0
2100;-234.0;52.0;-286.0
2200;-234.0;52.0;-286.0
2300;-124.0;52.0;-176.0
2400;-125.0;51.0;-176.0
2500;-617.0;54.0;-671.0
2600;-174.0;57.0;-231.0
2700;-515.0;54.0;-569.0
2800;-139.0;52.0;-191.0
2900;177.0;53.0;124.0
3000;-42.5;54.0;-96.5
3100;-135.0;56.0;-191.0
3200;-135.0;56.0;-191.0
3300;-135.0;56.0;-191.0
3400;-135.0;56.0;-191.0
3500;-101.5;58.0;-159.5
3600;-51.0;77.0;-128.0
3700;-46.0;82.0;-128.0
3800;-101.0;27.0;-128.0
3900;-66.0;62.0;-128.0
4000;-46.0;82.0;-128.0
4100;-101.0;27.0;-128.0
4200;-61.0;67.0;-128.0
4300;-46.0;82.0;-128.0
4400;-61.0;67.0;-128.0
4500;-44.5;52.0;-96.5
4600;-13.0;52.0;-65.0
4700;2.0;67.0;-65.0
4800;-151.0;89.5;-240.5
4900;-6.0;67.0;-73.0
5000;-480.0;67.0;-547.0
5100;46.5;89.5;-43.0
5200;-457.5;89.5;-547.0
5300;39.0;82.0;-43.0
5400;1.5;44.5;-43.0
5500;145.5;44.5;101.0
5600;96.0;67.0;29.0
5700;96.0;67.0;29.0
5800;96.0;67.0;29.0
5900;81.0;52.0;29.0
6000;-12.0;67.0;-79.0
6100;-19.5;59.5;-79.0
6200;96.0;67.0;29.0
6300;118.5;89.5;29.0
6400;-12.0;67.0;-79.0
6500;-936336.0;67.0;-936403.0
6600;-336.0;67.0;-403.0
6700;175.5;74.5;101.0
6800;168.0;67.0;101.0
6900;261.0;52.0;209.0
7000;168.0;67.0;101.0
7100;175.5;74.5;101.0
7200;119.5;18.5;101.0
7300;162.0;61.0;101.0
7400;162.0;61.0;101.0
7500;62.0;-75.0;137.0
7600;336.0;163.0;173.0
7700;234.0;61.0;173.0
7800;143.0;78.0;65.0
7900;115.0;-58.0;173.0
8000;342.0;61.0;281.0
8100;268.0;95.0;173.0
8200;276.5;103.5;173.0
8300;251.0;78.0;173.0
8400;251.0;78.0;173.0
8500;270.0;61.0;209.0
8600;306.0;61.0;245.0
8700;414.0;61.0;353.0
8800;422.5;69.5;353.0
8900;391.0;146.0;245.0
9000;170.0;-75.0;245.0
9100;252.0;7.0;245.0
9200;444.0;91.0;353.0
9300;315.0;70.0;245.0
9400;564.0;175.0;389.0
9500;264.0;91.0;173.0
9600;450.0;133.0;317.0
9700;442.5;125.5;317.0
9800;450.0;133.0;317.0
9900;10.0;133.0;-123.0
10000;546.0;189.0;357.0
10100;-14.0;189.0;-203.0
10200;535.5;178.5;357.0
10300;1099.0;182.0;917.0
10400;532.0;175.0;357.0
10500;586.0;189.0;397.0
10600;619.0;182.0;437.0
10700;1012.0;175.0;837.0
10800;636.0;199.0;437.0
10900;636.0;199.0;437.0
11000;690.0;253.0;437.0
11100;648.0;211.0;437.0
11200;528.0;211.0;317.0
11300;660.0;223.0;437.0
11400;820.0;223.0;597.0
11500;700.0;223.0;477.0
11600;740.0;223.0;517.0
11700;168.0;211.0;-43.0
11800;722.0;205.0;517.0
11900;728.0;211.0;517.0
12000;740.0;223.0;517.0
12100;704.0;307.0;397.0
12200;722.0;205.0;517.0
12300;602.0;205.0;397.0
12400;740.0;223.0;517.0
12500;780.0;223.0;557.0
12600;180.0;223.0;-43.0
12700;838.0;241.0;597.0
12800;820.0;223.0;597.0
12900;700.0;223.0;477.0
13000;820.0;223.0;597.0
13100;820.0;223.0;597.0
13200;820.0;223.0;597.0
13300;808.0;211.0;597.0
13400;928.0;331.0;597.0
13500;992.0;235.0;757.0
13600;888.0;211.0;677.0
13700;906.0;229.0;677.0
13800;448.0;331.0;117.0
13900;930.0;253.0;677.0
14000;933.0;136.0;797.0
14100;910.5;233.5;677.0
14200;1053.0;256.0;797.0
14300;933.0;256.0;677.0
14400;773.0;256.0;517.0
14500;898.0;301.0;597.0
14600;1013.0;256.0;757.0
14700;1065.5;308.5;757.0
14800;468.0;271.0;197.0
14900;998.0;241.0;757.0
15000;1073.0;316.0;757.0
15100;1105.5;348.5;757.0
15200;1150.5;273.5;877.0
15300;1068.0;311.0;757.0
15400;1018.0;261.0;757.0
15500;935.5;138.5;797.0
15600;-1040147.0;296.0;-1040443.0
15700;1133.0;296.0;837.0
15800;1115.5;278.5;837.0
15900;1133.0;296.0;837.0
16000;1150.5;313.5;837.0
16100;923.0;206.0;717.0
16200;1001.0;284.0;717.0
16300;1561.0;284.0;1277.0
16400;1121.0;284.0;837.0
16500;1219.5;342.5;877.0
16600;1041.0;284.0;757.0
16700;1722.0;245.0;1477.0
16800;1201.0;284.0;917.0
16900;391315.0;390518.0;797.0
17000;1201.0;284.0;917.0
17100;1201.0;284.0;917.0
17200;1201.0;284.0;917.0
17300;1299.5;342.5;957.0
17400;800.0;323.0;477.0
17500;1280.0;323.0;957.0
17600;1339.5;342.5;997.0
17700;1339.5;342.5;997.0
17800;1281.0;284.0;997.0
17900;1320.0;323.0;997.0
18000;1359.0;362.0;997.0
18100;760.0;323.0;437.0
18200;1008.0;11.0;997.0
18300;1320.0;323.0;997.0
18400;1320.0;323.0;997.0
18500;1352.5;315.5;1037.0
18600;1460.0;383.0;1077.0
18700;1435.0;518.0;917.0
18800;1340.0;383.0;957.0
18900;1737.5;540.5;1197.0
19000;1527.5;450.5;1077.0
19100;1460.0;383.0;1077.0
19200;1317.5;360.5;957.0
19300;1660.0;23.0;1637.0
19400;2020.0;383.0;1637.0
19500;1620.0;383.0;1237.0
19600;1380.0;383.0;997.0
19700;1900.0;743.0;1157.0
19800;1465.0;428.0;1037.0
19900;1385.0;428.0;957.0
20000;1705.0;428.0;1277.0
20100;1255.0;-22.0;1277.0
20200;1225.0;68.0;1157.0
20300;1700.0;383.0;1317.0
20400;1790.0;473.0;1317.0
20500;1670.0;473.0;1197.0
20600;2070.0;833.0;1237.0
20700;1755.0;518.0;1237.0
20800;1830.0;473.0;1357.0
20900;1897.5;540.5;1357.0
21000;1687.5;450.5;1237.0
21100;1755.0;518.0;1237.0
21200;1890.0;653.0;1237.0
21300;1350.0;113.0;1237.0
21400;1710.0;473.0;1237.0
21500;1660.0;383.0;1277.0
21600;1270.0;113.0;1157.0
21700;451925.0;450608.0;1317.0
21800;1745.0;428.0;1317.0
21900;1602.5;405.5;1197.0
22000;1767.5;450.5;1317.0
22100;1812.5;495.5;1317.0
22200;1910.0;473.0;1437.0
22300;1790.0;473.0;1317.0
22400;1835.0;518.0;1317.0
22500;1830.0;473.0;1357.0
22600;1870.0;473.0;1397.0
22700;1870.0;473.0;1397.0
22800;1922.5;405.5;1517.0
22900;1772.5;495.5;1277.0
23000;1870.0;473.0;1397.0
23100;1430.0;473.0;957.0
23200;2192.5;675.5;1517.0
23300;1825.0;428.0;1397.0
23400;2345.0;788.0;1557.0
23500;1865.0;428.0;1437.0
23600;1905.0;428.0;1477.0
23700;1972.5;495.5;1477.0
23800;2400.0;923.0;1477.0
23900;1871.5;394.5;1477.0
24000;1994.5;517.5;1477.0
24100;1933.0;456.0;1477.0
24200;1974.0;497.0;1477.0
24300;1882.0;525.0;1357.0
24400;1946.5;469.5;1477.0
24500;2162.0;525.0;1637.0
24600;2223.0;546.0;1677.0
24700;1943.0;546.0;1397.0
24800;2274.0;597.0;1677.0
24900;2103.0;546.0;1557.0
25000;2069.0;512.0;1557.0
25100;1888.0;331.0;1557.0
25200;2119.0;562.0;1557.0
25300;2119.0;562.0;1557.0
25400;2258.0;541.0;1717.0
25500;2201.0;604.0;1597.0
25600;2241.0;604.0;1637.0
25700;2081.0;604.0;1477.0
25800;2304.0;667.0;1637.0
25900;2283.0;646.0;1637.0
26000;2241.0;604.0;1637.0
26100;2283.0;646.0;1637.0
26200;2283.0;646.0;1637.0
26300;2157.0;520.0;1637.0
26400;2346.0;709.0;1637.0
26500;2344.0;667.0;1677.0
26600;2665.0;1108.0;1557.0
26700;1803.0;646.0;1157.0
26800;2574.0;857.0;1717.0
26900;2523.0;806.0;1717.0
27000;2387.0;670.0;1717.0
27100;2387.0;670.0;1717.0
27200;2421.0;704.0;1717.0
27300;2472.0;755.0;1717.0
27400;2421.0;704.0;1717.0
27500;2495.0;738.0;1757.0
27600;2672.0;755.0;1917.0
27700;2501.0;704.0;1797.0
27800;2552.0;755.0;1797.0
27900;2501.0;704.0;1797.0
28000;2334.0;537.0;1797.0
28100;2606.0;689.0;1917.0
28200;2448.0;651.0;1797.0
28300;2665.0;708.0;1957.0
28400;2505.0;708.0;1797.0
28500;2665.0;708.0;1957.0
28600;2623.0;746.0;1877.0
28700;2726.0;689.0;2037.0
28800;2623.0;746.0;1877.0
28900;2743.0;746.0;1997.0
29000;2623.0;746.0;1877.0
29100;2623.0;746.0;1877.0
29200;3423.0;746.0;2677.0
29300;2623.0;746.0;1877.0
29400;2623.0;746.0;1877.0
29500;2783.0;746.0;2037.0
29600;2703.0;746.0;1957.0
29700;2722.0;765.0;1957.0
29800;2703.0;746.0;1957.0
29900;2399.0;442.0;1957.0
30000;2646.0;689.0;1957.0
30100;3503.0;746.0;2757.0
30200;2105.0;708.0;1397.0
30300;2665.0;708.0;1957.0
30400;2679.0;722.0;1957.0
30500;2439.0;322.0;2117.0
30600;2819.0;782.0;2037.0
30700;2799.0;762.0;2037.0
30800;2719.0;682.0;2037.0
30900;2699.0;662.0;2037.0
31000;2199.0;722.0;1477.0
31100;2779.0;742.0;2037.0
31200;2439.0;402.0;2037.0
31300;2779.0;742.0;2037.0
31400;2759.0;722.0;2037.0
31500;2839.0;762.0;2077.0
31600;2839.0;722.0;2117.0
31700;2919.0;682.0;2237.0
31800;2879.0;762.0;2117.0
31900;2819.0;702.0;2117.0
32000;2799.0;682.0;2117.0
32100;2719.0;722.0;1997.0
32200;2679.0;682.0;1997.0
32300;3039.0;762.0;2277.0
32400;2799.0;682.0;2117.0
32500;3279.0;682.0;2597.0
32600;2939.0;742.0;2197.0
32700;2879.0;682.0;2197.0
32800;2520.0;883.0;1637.0
32900;2918.0;721.0;2197.0
33000;2931.5;734.5;2197.0
33100;2729.0;532.0;2197.0
33200;2945.0;748.0;2197.0
33300;3317.5;680.5;2637.0
33400;3026.0;829.0;2197.0
33500;2976.0;739.0;2237.0
33600;2834.0;757.0;2077.0
33700;2998.0;721.0;2277.0
33800;2998.0;721.0;2277.0
33900;3558.0;721.0;2837.0
34000;3047.0;770.0;2277.0
34100;3047.0;770.0;2277.0
34200;3204.5;807.5;2397.0
34300;3047.0;770.0;2277.0
34400;3065.0;770.0;2295.0
34500;3258.0;809.0;2449.0
34600;3754.0;843.0;2911.0
34700;3215.0;843.0;2372.0
34800;3198.0;826.0;2372.0
34900;3313.5;826.0;2487.5
35000;3099.5;843.0;2256.5
35100;2411.0;809.0;1602.0
35200;3198.0;826.0;2372.0
35300;3198.0;826.0;2372.0
35400;3045.0;673.0;2372.0
35500;3236.5;826.0;2410.5
35600;3390.5;826.0;2564.5
35700;3667.0;826.0;2841.0
35800;2757.5;809.0;1948.5
35900;3352.0;826.0;2526.0
36000;3343.5;817.5;2526.0
36100;3750.0;800.5;2949.5
36200;3352.0;826.0;2526.0
36300;4199.0;826.0;3373.0
36400;3352.0;826.0;2526.0
36500;3411.5;847.0;2564.5
36600;3490.0;887.0;2603.0
36700;3470.0;867.0;2603.0
36800;3430.0;827.0;2603.0
36900;2881.0;817.0;2064.0
37000;3410.0;807.0;2603.0
37100;3450.0;847.0;2603.0
37200;3450.0;847.0;2603.0
37300;3450.0;847.0;2603.0
37400;3470.0;867.0;2603.0
37500;3654.0;897.0;2757.0
37600;3662.5;867.0;2795.5
37700;3393.0;867.0;2526.0
37800;3940.0;721.0;3219.0
37900;3611.0;931.0;2680.0
38000;4150.0;931.0;3219.0
38100;3575.0;895.0;2680.0
38200;3690.5;895.0;2795.5
38300;3072.0;931.0;2141.0
38400;3204.0;952.0;2252.0
38500;3564.0;952.0;2612.0
38600;3683.5;911.5;2772.0
38700;3697.0;925.0;2772.0
38800;3604.0;952.0;2652.0
38900;3724.0;952.0;2772.0
39000;3563.5;911.5;2652.0
39100;3766.0;994.0;2772.0
39200;3733.0;961.0;2772.0
39300;3815.5;1043.5;2772.0
39400;3942.5;1010.5;2932.0
39500;3839.0;1027.0;2812.0
39600;3846.0;994.0;2852.0
39700;3879.0;1027.0;2852.0
39800;3615.0;763.0;2852.0
39900;3895.0;1043.0;2852.0
40000;3855.0;1123.0;2732.0
40100;3895.0;1043.0;2852.0
40200;3895.0;1043.0;2852.0
40300;-1039325.0;1023.0;-1040348.0
40400;4095.0;1083.0;3012.0
40500;3615.0;723.0;2892.0
40600;3975.0;1043.0;2932.0
40700;3975.0;1043.0;2932.0
40800;3935.0;1003.0;2932.0
40900;3895.0;963.0;2932.0
41000;3935.0;1003.0;2932.0
41100;3935.0;1003.0;2932.0
41200;4055.0;1003.0;3052.0
41300;3855.0;1043.0;2812.0
41400;3935.0;1003.0;2932.0
41500;3890.0;1038.0;2852.0
41600;4050.0;1038.0;3012.0
41700;4005.0;993.0;3012.0
41800;3785.0;773.0;3012.0
41900;4060.0;1048.0;3012.0
42000;3620.0;1048.0;2572.0
42100;4130.0;998.0;3132.0
42200;4035.0;1023.0;3012.0
42300;3960.0;948.0;3012.0
42400;3985.0;973.0;3012.0
42500;3925.0;873.0;3052.0
42600;4090.0;998.0;3092.0
42700;4210.0;998.0;3212.0
42800;4007.5;998.0;3009.5
42900;4095.0;973.0;3122.0
43000;3900.0;1198.0;2702.0
43100;4190.0;1048.0;3142.0
43200;4590.0;1448.0;3142.0
43300;3630.0;1048.0;2582.0
43400;4350.0;1048.0;3302.0
43500;4280.0;1098.0;3182.0
43600;4270.0;1048.0;3222.0
43700;4085.0;1023.0;3062.0
43800;4720.0;1498.0;3222.0
43900;3870.0;648.0;3222.0
44000;4270.0;1048.0;3222.0
44100;4390.0;1048.0;3342.0
44200;4100.0;998.0;3102.0
44300;4100.0;998.0;3102.0
44400;4460.0;1398.0;3062.0
44500;4380.0;998.0;3382.0
44600;4400.0;1098.0;3302.0
44700;3820.0;998.0;2822.0
44800;4555.0;1253.0;3302.0
44900;4324.0;1022.0;3302.0
45000;4204.0;1022.0;3182.0
45100;4660.0;1358.0;3302.0
45200;4390.0;1208.0;3182.0
45300;4138.0;956.0;3182.0
45400;4294.0;992.0;3302.0
45500;4334.0;992.0;3342.0
45600;4512.0;1010.0;3502.0
45700;4410.0;1028.0;3382.0
45800;4410.0;1028.0;3382.0
45900;4410.0;1028.0;3382.0
46000;4338.0;956.0;3382.0
46100;4494.0;992.0;3502.0
46200;4374.0;992.0;3382.0
46300;4554.0;1172.0;3382.0
46400;4410.0;1028.0;3382.0
46500;4363.0;821.0;3542.0
46600;4463.0;1001.0;3462.0
46700;4508.0;1046.0;3462.0
46800;3908.0;1046.0;2862.0
46900;4508.0;1046.0;3462.0
47000;4688.0;1226.0;3462.0
47100;4515.5;933.5;3582.0
47200;4575.5;1113.5;3462.0
47300;4435.5;933.5;3502.0
47400;4508.0;1046.0;3462.0
47500;4548.0;1046.0;3502.0
47600;4633.0;1091.0;3542.0
47700;4633.0;1091.0;3542.0
47800;4678.0;1136.0;3542.0
47900;4588.0;1046.0;3542.0
48000;4543.0;1001.0;3542.0
48100;5343.0;1361.0;3982.0
48200;4543.0;1001.0;3542.0
48300;4543.0;1001.0;3542.0
48400;4610.5;1068.5;3542.0
48500;4695.5;1113.5;3582.0
48600;4713.0;1091.0;3622.0
48700;4788.0;1046.0;3742.0
48800;4548.0;1046.0;3502.0
48900;5273.0;1091.0;4182.0
49000;4713.0;1091.0;3622.0
49100;4713.0;1091.0;3622.0
49200;4855.5;1113.5;3742.0
49300;4570.5;1068.5;3502.0
49400;4578.0;956.0;3622.0
49500;4498.0;956.0;3542.0
49600;5038.0;1496.0;3542.0
49700;4606.0;1064.0;3542.0
49800;4685.0;983.0;3702.0
49900;5198.0;1496.0;3702.0
50000;4766.0;1064.0;3702.0
50100;4646.0;1064.0;3582.0
50200;4206.0;1064.0;3142.0
50300;4793.0;1091.0;3702.0
50400;4739.0;1037.0;3702.0
50500;4752.0;1010.0;3742.0
50600;4632.0;1010.0;3622.0
50700;4792.0;1010.0;3782.0
50800;4792.0;1010.0;3782.0
50900;4827.0;1045.0;3782.0
51000;4655.5;873.5;3782.0
51100;4778.0;996.0;3782.0
51200;4658.0;996.0;3662.0
51300;4827.0;1045.0;3782.0
51400;4805.0;1143.0;3662.0
51500;4769.0;947.0;3822.0
51600;4907.0;1045.0;3862.0
51700;4298.0;996.0;3302.0
51800;4858.0;996.0;3862.0
51900;4907.0;1045.0;3862.0
52000;5397.0;1535.0;3862.0
52100;4787.0;1045.0;3742.0
52200;4833.5;971.5;3862.0
52300;4980.5;1118.5;3862.0
52400;4907.0;1045.0;3862.0
52500;5067.0;1045.0;4022.0
52600;5164.0;702.0;4462.0
52700;4876.0;1094.0;3782.0
52800;4987.0;1045.0;3942.0
52900;4987.0;1045.0;3942.0
53000;5107.0;1045.0;4062.0
53100;4840.0;898.0;3942.0
53200;5353.5;971.5;4382.0
53300;4818.0;996.0;3822.0
53400;4818.0;996.0;3822.0
53500;5147.0;1045.0;4102.0
53600;4427.0;1045.0;3382.0
53700;5187.0;1045.0;4142.0
53800;4993.5;971.5;4022.0
53900;5018.0;996.0;4022.0
54000;4971.5;1069.5;3902.0
54100;5018.0;996.0;4022.0
54200;4947.0;1045.0;3902.0
54300;4996.0;1094.0;3902.0
54400;4675.0;653.0;4022.0
54500;5107.0;1045.0;4062.0
54600;5271.5;1169.5;4102.0
54700;5207.0;1105.0;4102.0
54800;5767.0;1105.0;4662.0
54900;5241.0;1019.0;4222.0
55000;6068.0;1406.0;4662.0
55100;5164.0;1062.0;4102.0
55200;5250.0;1148.0;4102.0
55300;5797.0;1535.0;4262.0
55400;5207.0;1105.0;4102.0
55500;5247.0;1105.0;4142.0
55600;5287.0;1105.0;4182.0
55700;5382.5;1040.5;4342.0
55800;4943.0;761.0;4182.0
55900;4444.0;1062.0;3382.0
56000;5244.0;1062.0;4182.0
56100;5059.5;997.5;4062.0
56200;5158.0;976.0;4182.0
56300;5081.0;1019.0;4062.0
56400;5308.5;1126.5;4182.0
56500;5348.5;1126.5;4222.0
56600;5702.0;1320.0;4382.0
56700;5078.0;976.0;4102.0
56800;5118.0;976.0;4142.0
56900;5118.0;976.0;4142.0
57000;5212.5;1040.5;4172.0
57100;5191.0;1019.0;4172.0
57200;5305.0;1019.0;4286.0
57300;5434.0;1148.0;4286.0
57400;4832.0;546.0;4286.0
57500;5343.0;1019.0;4324.0
57600;5402.5;1040.5;4362.0
57700;5316.5;954.5;4362.0
57800;5381.0;1019.0;4362.0
57900;5331.5;1083.5;4248.0
58000;5424.0;1062.0;4362.0
58100;5498.0;1250.0;4248.0
58200;5425.0;1063.0;4362.0
58300;5408.0;1046.0;4362.0
58400;5429.0;1067.0;4362.0
58500;5467.0;1067.0;4400.0
58600;5019.5;1113.5;3906.0
58700;5505.0;1067.0;4438.0
58800;5391.0;1067.0;4324.0
58900;6037.0;1067.0;4970.0
59000;5474.0;1036.0;4438.0
59100;5474.0;1036.0;4438.0
59200;5774.0;918.0;4856.0
59300;5716.0;1278.0;4438.0
59400;5464.0;1026.0;4438.0
59500;5503.0;1027.0;4476.0
59600;5484.0;970.0;4514.0
59700;5446.0;1122.0;4324.0
59800;5465.0;951.0;4514.0
59900;5465.0;1065.0;4400.0
60000;5522.0;1008.0;4514.0
60100;5560.0;1046.0;4514.0
60200;5503.0;989.0;4514.0
60300;5609.0;1209.0;4400.0
60400;5578.0;1064.0;4514.0
60500;5616.0;1064.0;4552.0
60600;5596.0;1006.0;4590.0
60700;5625.0;1035.0;4590.0
60800;5639.5;1049.5;4590.0
60900;5625.0;1035.0;4590.0
61000;5625.0;1035.0;4590.0
61100;5625.0;1035.0;4590.0
61200;5739.0;1035.0;4704.0
61300;5625.0;1035.0;4590.0
61400;5625.0;1035.0;4590.0
61500;5895.0;1267.0;4628.0
61600;6002.0;1222.0;4780.0
61700;5749.0;1047.0;4702.0
61800;5786.5;1084.5;4702.0
61900;5786.5;1084.5;4702.0
62000;5816.0;1114.0;4702.0
62100;5757.5;1160.5;4597.0
62200;5816.0;1114.0;4702.0
62300;5506.0;804.0;4702.0
62400;5816.0;1114.0;4702.0
62500;5851.0;1114.0;4737.0
62600;5870.5;1098.5;4772.0
62700;6022.0;1145.0;4877.0
62800;5886.0;1114.0;4772.0
62900;5781.0;1114.0;4667.0
63000;5855.0;1083.0;4772.0
63100;5855.0;1083.0;4772.0
63200;5960.0;1083.0;4877.0
63300;5901.5;1129.5;4772.0
63400;5824.0;1052.0;4772.0
63500;5785.0;1083.0;4702.0
63600;5925.0;1083.0;4842.0
63700;5830.0;1128.0;4702.0
63800;5999.0;1157.0;4842.0
63900;5546.0;809.0;4737.0
64000;5970.0;1128.0;4842.0
64100;6170.0;838.0;5332.0
64200;5999.0;1157.0;4842.0
64300;5609.5;1157.0;4452.5
64400;5901.5;1157.0;4744.5
64500;6047.5;1157.0;4890.5
64600;6047.5;1157.0;4890.5
64700;6055.0;1128.0;4927.0
64800;6164.5;1128.0;5036.5
64900;5738.5;921.0;4817.5
65000;6095.5;1168.5;4927.0
65100;6112.0;1185.0;4927.0
65200;6112.0;1185.0;4927.0
65300;6126.0;1199.0;4927.0
65400;6079.5;1152.5;4927.0
65500;6272.0;1199.0;5073.0
65600;6137.0;1137.0;5000.0
65700;6168.0;1168.0;5000.0
65800;6183.5;1183.5;5000.0
65900;6137.0;1137.0;5000.0
66000;6214.5;1214.5;5000.0
66100;6168.0;1168.0;5000.0
66200;5905.0;1416.0;4489.0
66300;6121.5;1121.5;5000.0
66400;6314.0;1168.0;5146.0
66500;6141.5;1214.5;4927.0
66600;6210.0;1137.0;5073.0
66700;6241.0;1168.0;5073.0
66800;6179.0;1106.0;5073.0
66900;5699.0;1137.0;4562.0
67000;6210.0;1137.0;5073.0
67100;6210.0;1137.0;5073.0
67200;6210.0;1137.0;5073.0
67300;6210.0;1137.0;5073.0
67400;6241.0;1168.0;5073.0
67500;6246.5;1137.0;5109.5
67600;6283.0;1137.0;5146.0
67700;6252.0;1106.0;5146.0
67800;6252.0;1106.0;5146.0
67900;6221.0;1075.0;5146.0
68000;6245.0;1099.0;5146.0
68100;6203.5;1167.0;5036.5
68200;6425.0;1133.0;5292.0
68300;6459.0;1167.0;5292.0
68400;6824.0;1167.0;5657.0
68500;6349.5;1167.0;5182.5
68600;6897.0;1167.0;5730.0
68700;6386.0;1167.0;5219.0
68800;6488.0;1269.0;5219.0
68900;6369.0;1150.0;5219.0
69000;6004.5;895.0;5109.5
69100;6437.0;1218.0;5219.0
69200;5936.5;827.0;5109.5
69300;6386.0;1167.0;5219.0
69400;6369.0;1150.0;5219.0
69500;6694.5;1439.0;5255.5
69600;6425.0;1133.0;5292.0
69700;6459.0;1167.0;5292.0
69800;6602.5;1201.0;5401.5
69900;6383.5;1201.0;5182.5
70000;6320.5;1439.0;4881.5
70100;6873.5;1439.0;5434.5
70200;6415.5;1218.0;5197.5
70300;6517.0;1201.0;5316.0
70400;6900.5;1150.0;5750.5
70500;6556.5;1201.0;5355.5
70600;6545.0;1150.0;5395.0
70700;6562.0;1167.0;5395.0
70800;6562.0;1167.0;5395.0
70900;6936.0;1541.0;5395.0
71000;6680.5;1167.0;5513.5
71100;6562.0;1167.0;5395.0
71200;6698.0;1303.0;5395.0
71300;6528.0;1133.0;5395.0
71400;6443.5;1167.0;5276.5
71500;6177.0;1218.0;4959.0
71600;6494.0;895.0;5599.0
71700;6732.0;1133.0;5599.0
71800;6646.0;1167.0;5479.0
71900;6680.0;1201.0;5479.0
72000;6697.0;1218.0;5479.0
72100;6714.0;1235.0;5479.0
72200;6840.0;1201.0;5639.0
72300;7010.0;1371.0;5639.0
72400;6680.0;1201.0;5479.0
72500;6703.0;1184.0;5519.0
72600;6794.0;1235.0;5559.0
72700;6234.0;1235.0;4999.0
72800;6789.0;1390.0;5399.0
72900;6775.0;1216.0;5559.0
73000;6775.0;1216.0;5559.0
73100;6335.0;1216.0;5119.0
73200;6746.0;1187.0;5559.0
73300;6746.0;1187.0;5559.0
73400;6655.0;1216.0;5439.0
73500;6215.0;1216.0;4999.0
73600;6623.0;984.0;5639.0
73700;6855.0;1216.0;5639.0
73800;6855.0;1216.0;5639.0
73900;6836.5;1317.5;5519.0
74000;7042.0;1403.0;5639.0
74100;6867.0;1228.0;5639.0
74200;6867.0;1228.0;5639.0
74300;6867.0;1228.0;5639.0
74400;7067.0;1428.0;5639.0
74500;6932.0;1253.0;5679.0
74600;6847.0;1128.0;5719.0
74700;7102.0;1263.0;5839.0
74800;7057.0;1218.0;5839.0
74900;6937.0;1218.0;5719.0
75000;7147.0;1308.0;5839.0
75100;6937.0;1218.0;5719.0
75200;6817.0;1218.0;5599.0
75300;6892.0;1173.0;5719.0
75400;6577.0;978.0;5599.0
75500;6932.0;1173.0;5759.0
75600;7017.0;1218.0;5799.0
75700;7017.0;1218.0;5799.0
75800;6972.0;1173.0;5799.0
75900;7017.0;1218.0;5799.0
76000;7177.0;1218.0;5959.0
76100;7047.0;1248.0;5799.0
76200;6967.0;1008.0;5959.0
76300;7089.0;1290.0;5799.0
76400;6969.0;1290.0;5679.0
76500;7032.5;1193.5;5839.0
76600;7165.0;1286.0;5879.0
76700;7639.0;1360.0;6279.0
76800;7276.0;1397.0;5879.0
76900;7239.0;1360.0;5879.0
77000;7322.0;1323.0;5999.0
77100;7239.0;1360.0;5879.0
77200;7399.0;1360.0;6039.0
77300;8008.0;1249.0;6759.0
77400;7202.0;1323.0;5879.0
77500;7260.5;1341.5;5919.0
77600;7282.0;1323.0;5959.0
77700;7122.0;1323.0;5799.0
77800;7468.0;1509.0;5959.0
77900;7333.0;1374.0;5959.0
78000;7318.0;1359.0;5959.0
78100;7273.0;1314.0;5959.0
78200;7333.0;1374.0;5959.0
78300;7303.0;1344.0;5959.0
78400;7273.0;1314.0;5959.0
78500;7313.0;1314.0;5999.0
78600;7353.0;1314.0;6039.0
78700;7353.0;1314.0;6039.0
78800;7353.0;1314.0;6039.0
78900;7203.0;1284.0;5919.0
79000;7250.5;1211.5;6039.0
79100;7338.0;1299.0;6039.0
79200;7618.0;1579.0;6039.0
79300;7303.0;1264.0;6039.0
79400;7303.0;1264.0;6039.0
79500;7325.5;1246.5;6079.0
79600;7418.0;1299.0;6119.0
79700;7418.0;1299.0;6119.0
79800;7418.0;1299.0;6119.0
79900;7383.0;1264.0;6119.0
80000;7418.0;1299.0;6119.0
80100;7383.0;1264.0;6119.0
80200;7383.0;1264.0;6119.0
80300;7453.0;1334.0;6119.0
80400;7435.5;1436.5;5999.0
80500;7150.0;991.0;6159.0
80600;7487.0;1288.0;6199.0
80700;7127.0;1288.0;5839.0
80800;7271.0;1072.0;6199.0
80900;7607.0;1288.0;6319.0
81000;7487.0;1288.0;6199.0
81100;7500.5;1301.5;6199.0
81200;6927.0;1288.0;5639.0
81300;7730.0;1531.0;6199.0
81400;7487.0;1288.0;6199.0
81500;7554.0;1315.0;6239.0
81600;7741.0;1342.0;6399.0
81700;7567.0;1288.0;6279.0
81800;7553.5;1274.5;6279.0
81900;7714.0;1315.0;6399.0
82000;7594.0;1315.0;6279.0
82100;8034.0;1315.0;6719.0
82200;7501.0;1342.0;6159.0
82300;277783.0;271504.0;6279.0
82400;7594.0;1315.0;6279.0
82500;7593.5;1274.5;6319.0
82600;7674.0;1315.0;6359.0
82700;7674.0;1315.0;6359.0
82800;277863.0;271504.0;6359.0
82900;7674.0;1315.0;6359.0
83000;8074.0;1315.0;6759.0
83100;7674.0;1315.0;6359.0
83200;7674.0;1315.0;6359.0
83300;7674.0;1315.0;6359.0
83400;7633.5;1274.5;6359.0
83500;7567.0;1288.0;6279.0
83600;7619.5;1180.5;6439.0
83700;7604.0;1325.0;6279.0
83800;8293.0;1294.0;6999.0
83900;8370.5;1371.5;6999.0
84000;7795.0;1356.0;6439.0
84100;8235.0;1356.0;6879.0
84200;7826.0;1387.0;6439.0
84300;7795.0;1356.0;6439.0
84400;8188.5;1309.5;6879.0
84500;7897.0;1418.0;6479.0
84600;7973.0;1418.0;6555.0
84700;7159.0;1418.0;5741.0
84800;8454.0;1418.0;7036.0
84900;8053.0;1387.0;6666.0
85000;7924.0;1480.0;6444.0
85100;8115.0;1449.0;6666.0
85200;7973.0;1418.0;6555.0
85300;8121.0;1418.0;6703.0
85400;7862.0;1418.0;6444.0
85500;8658.0;1659.0;6999.0
85600;7936.0;1455.0;6481.0
85700;8216.0;1587.0;6629.0
85800;8112.0;1483.0;6629.0
85900;8171.0;1542.0;6629.0
86000;8060.0;1542.0;6518.0
86100;8282.0;1542.0;6740.0
86200;8171.0;1542.0;6629.0
86300;8319.0;1542.0;6777.0
86400;8292.0;1663.0;6629.0
86500;8224.5;1558.5;6666.0
86600;8208.0;1542.0;6666.0
86700;8356.0;1542.0;6814.0
86800;8250.5;1547.5;6703.0
86900;8250.5;1547.5;6703.0
87000;8256.0;1553.0;6703.0
87100;8256.0;1553.0;6703.0
87200;8267.0;1564.0;6703.0
87300;8404.0;1553.0;6851.0
87400;8774.0;1553.0;7221.0
87500;8293.0;1553.0;6740.0
87600;8302.5;1525.5;6777.0
87700;8330.0;1553.0;6777.0
87800;8271.0;1494.0;6777.0
87900;8386.0;1609.0;6777.0
88000;8264.0;1598.0;6666.0
88100;8375.0;1598.0;6777.0
88200;8523.0;1598.0;6925.0
88300;8380.0;1603.0;6777.0
88400;8295.0;1629.0;6666.0
88500;8430.0;1616.0;6814.0
88600;8467.0;1616.0;6851.0
88700;8565.0;1603.0;6962.0
88800;8454.0;1603.0;6851.0
88900;8558.0;1707.0;6851.0
89000;8395.0;1655.0;6740.0
89100;8441.0;1590.0;6851.0
89200;8595.5;1596.5;6999.0
89300;8467.0;1616.0;6851.0
89400;8467.0;1616.0;6851.0
89500;8484.5;1596.5;6888.0
89600;8554.0;1629.0;6925.0
89700;8449.0;1524.0;6925.0
89800;8559.0;1634.0;6925.0
89900;8559.0;1634.0;6925.0
90000;8481.0;1667.0;6814.0
90100;8559.0;1634.0;6925.0
90200;8629.0;1704.0;6925.0
90300;8729.0;1656.0;7073.0
90400;8629.0;1704.0;6925.0
90500;8698.0;1736.0;6962.0
90600;8735.0;1736.0;6999.0
90700;328878.0;321768.0;7110.0
90800;8777.0;1778.0;6999.0
90900;8777.0;1778.0;6999.0
91000;8803.0;1804.0;6999.0
91100;8699.0;1700.0;6999.0
91200;8777.0;1778.0;6999.0
91300;8705.0;1817.0;6888.0
91400;8840.0;1804.0;7036.0
91500;8755.0;1830.0;6925.0
91600;8851.0;1778.0;7073.0
91700;8401.0;1778.0;6623.0
91800;9441.0;1778.0;7663.0
91900;8761.0;1778.0;6983.0
92000;8829.0;1726.0;7103.0
92100;8055.0;1752.0;6303.0
92200;8894.0;1791.0;7103.0
92300;9015.0;1752.0;7263.0
92400;8894.0;1791.0;7103.0
92500;8895.0;1752.0;7143.0
92600;8935.0;1752.0;7183.0
92700;8753.0;1570.0;7183.0
92800;9107.0;1804.0;7303.0
92900;8841.0;1778.0;7063.0
93000;8007.0;1624.0;6383.0
93100;9097.0;1794.0;7303.0
93200;8915.0;1692.0;7223.0
93300;8857.0;1794.0;7063.0
93400;9086.0;1743.0;7343.0
93500;9051.0;1828.0;7223.0
93600;9057.0;1794.0;7263.0
93700;8846.0;1743.0;7103.0
93800;9023.0;1760.0;7263.0
93900;8937.0;1794.0;7143.0
94000;9075.0;1692.0;7383.0
94100;9109.0;1726.0;7383.0
94200;9183.0;1760.0;7423.0
94300;9023.0;1760.0;7263.0
94400;9183.0;1760.0;7423.0
94500;9149.0;1726.0;7423.0
94600;9103.0;1760.0;7343.0
94700;9375.0;2032.0;7343.0
94800;9274.0;1811.0;7463.0
94900;9137.0;1794.0;7343.0
95000;9103.0;1760.0;7343.0
95100;8663.0;1760.0;6903.0
95200;9103.0;1760.0;7343.0
95300;9017.0;1794.0;7223.0
95400;9103.0;1760.0;7343.0
95500;9006.0;1743.0;7263.0
95600;8589.0;1726.0;6863.0
95700;9252.0;1709.0;7543.0
95800;9303.0;1760.0;7543.0
95900;9183.0;1760.0;7423.0
96000;9234.0;1811.0;7423.0
96100;9502.0;1519.0;7983.0
96200;9238.0;1815.0;7423.0
96300;9127.0;1704.0;7423.0
96400;8678.0;1815.0;6863.0
96500;8862.0;1519.0;7343.0
96600;9355.0;1852.0;7503.0
96700;9318.0;1815.0;7503.0
96800;9438.0;1815.0;7623.0
96900;9404.5;1901.5;7503.0
97000;9337.0;1834.0;7503.0
97100;9379.0;1876.0;7503.0
97200;9775.5;1952.5;7823.0
97300;9412.0;2029.0;7383.0
97400;8939.0;1876.0;7063.0
97500;9495.5;1952.5;7543.0
97600;9510.0;1927.0;7583.0
97700;9561.0;1978.0;7583.0
97800;9510.0;1927.0;7583.0
97900;9237.0;1654.0;7583.0
98000;9465.0;1882.0;7583.0
98100;9465.0;1882.0;7583.0
98200;9465.0;1882.0;7583.0
98300;9345.0;1882.0;7463.0
98400;9408.0;1825.0;7583.0
98500;9385.0;1882.0;7503.0
98600;9602.0;1939.0;7663.0
98700;9875.0;2212.0;7663.0
98800;9663.0;2000.0;7663.0
98900;9557.0;1894.0;7663.0
99000;9490.0;1947.0;7543.0
99100;9773.0;2110.0;7663.0
99200;9765.0;1942.0;7823.0
99300;9045.0;1942.0;7103.0
99400;9605.0;1942.0;7663.0
99500;9645.0;1942.0;7703.0
99600;9685.0;1942.0;7743.0
99700;9685.0;1942.0;7743.0
99800;9637.0;1894.0;7743.0
99900;9589.0;1846.0;7743.0
100000;9469.0;1846.0;7623.0
100100;9829.0;2086.0;7743.0
100200;9541.0;1798.0;7743.0
100300;9637.0;1894.0;7743.0
100400;9661.0;1918.0;7743.0
100500;9629.0;1846.0;7783.0
100600;9509.0;1846.0;7663.0
100700;9789.0;1846.0;7943.0
100800;9621.0;1798.0;7823.0
100900;9669.0;1846.0;7823.0
101000;9285.0;1462.0;7823.0
101100;9669.0;1846.0;7823.0
101200;9829.0;1846.0;7983.0
101300;9709.0;1846.0;7863.0
101400;9829.0;1846.0;7983.0
101500;9829.0;1846.0;7983.0
101600;9797.0;1894.0;7903.0
101700;9189.0;1846.0;7343.0
101800;9749.0;1846.0;7903.0
101900;9701.0;1798.0;7903.0
102000;9797.0;1774.0;8023.0
102100;9749.0;1846.0;7903.0
102200;9893.0;1990.0;7903.0
102300;9677.0;1774.0;7903.0
102400;9189.0;1846.0;7343.0
102500;10125.0;2182.0;7943.0
102600;9661.0;1678.0;7983.0
102700;9621.0;1798.0;7823.0
102800;9781.0;1798.0;7983.0
102900;9781.0;1798.0;7983.0
103000;10021.0;1918.0;8103.0
103100;9733.0;1750.0;7983.0
103200;10261.0;2278.0;7983.0
103300;9925.0;1942.0;7983.0
103400;9893.0;1750.0;8143.0
103500;9365.0;1822.0;7543.0
103600;9909.0;1846.0;8063.0
103700;9701.0;1798.0;7903.0
103800;9861.0;1798.0;8063.0
103900;9909.0;1846.0;8063.0
104000;9909.0;1846.0;8063.0
104100;9765.0;1702.0;8063.0
104200;9789.0;1846.0;7943.0
104300;9957.0;1894.0;8063.0
104400;9909.0;1846.0;8063.0
104500;9349.0;1846.0;7503.0
104600;10037.0;1894.0;8143.0
104700;9701.0;1558.0;8143.0
104800;9917.0;1774.0;8143.0
104900;10037.0;1894.0;8143.0
105000;10037.0;1894.0;8143.0
105100;10061.0;1918.0;8143.0
105200;9869.0;1846.0;8023.0
105300;9941.0;1798.0;8143.0
105400;9797.0;1774.0;8023.0
105500;10413.0;2230.0;8183.0
105600;9541.0;1318.0;8223.0
105700;10069.0;1846.0;8223.0
105800;10069.0;1846.0;8223.0
105900;9997.0;1894.0;8103.0
106000;9973.0;1750.0;8223.0
106100;9936.0;1833.0;8103.0
106200;10109.0;1886.0;8223.0
106300;10192.0;1409.0;8783.0
106400;10175.5;1912.5;8263.0
106500;10269.0;1886.0;8383.0
106600;10268.5;1965.5;8303.0
106700;10189.0;1886.0;8303.0
106800;10189.0;1886.0;8303.0
106900;10189.0;1886.0;8303.0
107000;10231.0;1886.0;8345.0
107100;9754.0;1409.0;8345.0
107200;10178.0;1833.0;8345.0
107300;10015.5;1780.0;8235.5
107400;9591.5;1356.0;8235.5
107500;10271.0;1780.0;8491.0
107600;9740.0;1833.0;7907.0
107700;10251.0;1833.0;8418.0
107800;9687.0;1780.0;7907.0
107900;10141.5;1833.0;8308.5
108000;10171.5;1753.5;8418.0
108100;10251.0;1833.0;8418.0
108200;10762.0;1833.0;8929.0
108300;10565.5;2257.0;8308.5
108400;10251.0;1833.0;8418.0
108500;10287.5;1833.0;8454.5
108600;10324.0;1833.0;8491.0
108700;10324.0;1833.0;8491.0
108800;10380.5;1780.0;8600.5
108900;10271.0;1780.0;8491.0
109000;10433.5;1833.0;8600.5
109100;9688.0;1197.0;8491.0
109200;10161.5;1780.0;8381.5
109300;10271.0;1780.0;8491.0
109400;10672.5;1780.0;8892.5
109500;10307.5;1780.0;8527.5
109600;10821.0;2257.0;8564.0
109700;10662.0;2098.0;8564.0
109800;10762.0;1833.0;8929.0
109900;10370.5;1806.5;8564.0
110000;10476.5;1912.5;8564.0
110100;10450.0;1886.0;8564.0
110200;10370.5;1806.5;8564.0
110300;10596.0;1886.0;8710.0
110400;11624.0;2257.0;9367.0
110500;10997.5;1886.0;9111.5
110600;10549.5;1912.5;8637.0
110700;9959.0;1833.0;8126.0
110800;10433.5;1833.0;8600.5
110900;10579.5;1833.0;8746.5
111000;10470.0;1833.0;8637.0
111100;10360.5;1833.0;8527.5
111200;10523.0;1886.0;8637.0
111300;10924.5;1886.0;9038.5
111400;10523.0;1886.0;8637.0
111500;10559.5;1886.0;8673.5
111600;10649.0;1939.0;8710.0
111700;10649.0;1939.0;8710.0
111800;10684.0;1974.0;8710.0
111900;10684.0;1974.0;8710.0
112000;10173.0;1974.0;8199.0
112100;9954.0;1974.0;7980.0
112200;10756.0;2046.0;8710.0
112300;10852.0;2142.0;8710.0
112400;11195.0;1974.0;9221.0
112500;10912.5;2166.0;8746.5
112600;10805.0;2022.0;8783.0
112700;10955.0;2172.0;8783.0
112800;10867.0;2084.0;8783.0
112900;10801.0;2018.0;8783.0
113000;10867.0;2084.0;8783.0
113100;10356.0;2084.0;8272.0
113200;10801.0;2018.0;8783.0
113300;10625.5;1952.0;8673.5
113400;10801.0;2018.0;8783.0
113500;10837.5;2018.0;8819.5
113600;10363.0;2018.0;8345.0
113700;10363.0;2018.0;8345.0
113800;10522.0;1666.0;8856.0
113900;10874.0;2018.0;8856.0
114000;10874.0;2018.0;8856.0
114100;10918.0;2062.0;8856.0
114200;10830.0;1974.0;8856.0
114300;11385.0;2018.0;9367.0
114400;10874.0;2018.0;8856.0
114500;10801.0;2018.0;8783.0
114600;10801.0;2018.0;8783.0
114700;11109.0;2326.0;8783.0
114800;10903.0;1974.0;8929.0
114900;10971.0;2042.0;8929.0
115000;10492.5;1673.0;8819.5
115100;10664.0;1735.0;8929.0
115200;10939.0;2010.0;8929.0
115300;10939.0;2010.0;8929.0
115400;10939.0;2010.0;8929.0
115500;11050.5;2085.0;8965.5
115600;10676.0;2185.0;8491.0
115700;11012.0;2010.0;9002.0
115800;11462.0;2460.0;9002.0
115900;10512.0;1510.0;9002.0
116000;11002.5;2110.0;8892.5
116100;11118.0;2116.0;9002.0
116200;11118.0;2116.0;9002.0
116300;10672.5;1780.0;8892.5
116400;11118.0;2116.0;9002.0
116500;10818.5;1780.0;9038.5
116600;11191.0;2116.0;9075.0
116700;10855.0;1780.0;9075.0
116800;11191.0;2116.0;9075.0
116900;11081.5;2116.0;8965.5
117000;11233.0;2158.0;9075.0
117100;11191.0;2116.0;9075.0
117200;11254.0;2179.0;9075.0
117300;11081.5;2116.0;8965.5
117400;10638.0;2074.0;8564.0
117500;11266.5;2116.0;9150.5
117600;11201.0;2011.0;9190.0
117700;11306.0;2116.0;9190.0
117800;11106.0;2074.0;9032.0
117900;11264.0;2074.0;9190.0
118000;11264.0;2074.0;9190.0
118100;11642.0;2452.0;9190.0
118200;11306.0;2116.0;9190.0
118300;11306.0;2116.0;9190.0
118400;11306.0;2116.0;9190.0
118500;11345.5;2116.0;9229.5
118600;11427.0;2158.0;9269.0
118700;11490.0;2221.0;9269.0
118800;10874.0;2158.0;8716.0
118900;11427.0;2158.0;9269.0
119000;11469.0;2200.0;9269.0
119100;11377.5;1990.0;9387.5
119200;11350.5;2200.0;9150.5
119300;11469.0;2200.0;9269.0
119400;11469.0;2200.0;9269.0
119500;11466.5;2158.0;9308.5
119600;11548.0;2200.0;9348.0
119700;11506.0;2158.0;9348.0
119800;11548.0;2200.0;9348.0
119900;11485.0;2137.0;9348.0
120000;11728.0;2380.0;9348.0
120100;11592.0;2220.0;9372.0
120200;11592.0;2220.0;9372.0
120300;11745.5;2373.5;9372.0
120400;11596.0;2224.0;9372.0
120500;11656.5;2247.0;9409.5
120600;11694.0;2247.0;9447.0
120700;11694.0;2247.0;9447.0
120800;11783.5;2224.0;9559.5
120900;11783.5;2224.0;9559.5
121000;11694.0;2247.0;9447.0
121100;11299.5;2040.0;9259.5
121200;11821.0;2224.0;9597.0
121300;11593.0;2258.5;9334.5
121400;11671.0;2224.0;9447.0
121500;11475.0;2103.0;9372.0
121600;11751.0;2229.0;9522.0
121700;291751.0;282229.0;9522.0
121800;11751.0;2229.0;9522.0
121900;11723.0;2201.0;9522.0
122000;11821.0;2299.0;9522.0
122100;11821.0;2299.0;9522.0
122200;11296.0;2299.0;8997.0
122300;12125.0;2603.0;9522.0
122400;11989.0;2261.0;9728.0
122500;11412.0;2296.0;9116.0
122600;12051.0;2527.0;9524.0
122700;12017.0;2357.0;9660.0
122800;11983.0;2323.0;9660.0
122900;11966.0;2306.0;9660.0
123000;11949.0;2391.0;9558.0
123100;11966.0;2306.0;9660.0
123200;12017.0;2357.0;9660.0
123300;12017.0;2357.0;9660.0
123400;11966.0;2306.0;9660.0
123500;12051.0;2357.0;9694.0
123600;12085.0;2357.0;9728.0
123700;12187.0;2357.0;9830.0
123800;12136.0;2408.0;9728.0
123900;12085.0;2357.0;9728.0
124000;12119.0;2391.0;9728.0
124100;12119.0;2391.0;9728.0
124200;12102.0;2374.0;9728.0
124300;12119.0;2391.0;9728.0
124400;12122.5;2496.5;9626.0
124500;12181.0;2419.0;9762.0
124600;12246.0;2450.0;9796.0
124700;12198.0;2402.0;9796.0
124800;12198.0;2402.0;9796.0
124900;12329.0;2431.0;9898.0
125000;12227.0;2431.0;9796.0
125100;12096.0;2402.0;9694.0
125200;12169.0;2373.0;9796.0
125300;12252.5;2456.5;9796.0
125400;12202.5;2406.5;9796.0
125500;12301.0;2369.0;9932.0
125600;12283.0;2419.0;9864.0
125700;12258.0;2394.0;9864.0
125800;11794.5;2406.5;9388.0
125900;12535.0;2569.0;9966.0
126000;12131.0;2369.0;9762.0
126100;12335.0;2369.0;9966.0
126200;12233.0;2369.0;9864.0
126300;12233.0;2369.0;9864.0
126400;12270.5;2406.5;9864.0
126500;12165.0;2369.0;9796.0
126600;12343.0;2411.0;9932.0
126700;12385.0;2453.0;9932.0
126800;12444.0;2512.0;9932.0
126900;12494.0;2460.0;10034.0
127000;12392.0;2460.0;9932.0
127100;12388.0;2456.0;9932.0
127200;12298.0;2468.0;9830.0
127300;12400.0;2468.0;9932.0
127400;12940.0;2532.0;10408.0
127500;12552.0;2484.0;10068.0
127600;11750.0;2498.0;9252.0
127700;12362.0;2498.0;9864.0
127800;12384.0;2496.0;9888.0
127900;12634.5;2498.0;10136.5
128000;12433.5;2510.0;9923.5
128100;12646.5;2510.0;10136.5
128200;12540.0;2510.0;10030.0
128300;12682.0;2510.0;10172.0
128400;12540.0;2510.0;10030.0
128500;12575.5;2510.0;10065.5
128600;12611.0;2510.0;10101.0
128700;12611.0;2510.0;10101.0
128800;12611.0;2510.0;10101.0
128900;12611.0;2510.0;10101.0
129000;12611.0;2510.0;10101.0
129100;12611.0;2510.0;10101.0
129200;12611.0;2510.0;10101.0
129300;12611.0;2510.0;10101.0
129400;12611.0;2510.0;10101.0
129500;12646.5;2510.0;10136.5
129600;12682.0;2510.0;10172.0
129700;12682.0;2510.0;10172.0
129800;12682.0;2510.0;10172.0
129900;12757.0;2478.5;10278.5
130000;12763.0;2591.0;10172.0
130100;12700.0;2528.0;10172.0
130200;12686.5;2514.5;10172.0
130300;12273.5;2501.0;9772.5
130400;12715.0;2519.0;10196.0
130500;12767.5;2533.0;10234.5
130600;12784.0;2511.0;10273.0
130700;12789.5;2516.5;10273.0
130800;12795.0;2522.0;10273.0
130900;12685.0;2412.0;10273.0
131000;12665.5;2585.0;10080.5
131100;12914.0;2605.0;10309.0
131200;12914.0;2605.0;10309.0
131300;12884.0;2575.0;10309.0
131400;13020.0;2565.0;10455.0
131500;12383.0;2585.0;9798.0
131600;12976.0;2594.0;10382.0
131700;13009.0;2627.0;10382.0
131800;12987.0;2605.0;10382.0
131900;12987.0;2605.0;10382.0
132000;12987.0;2605.0;10382.0
132100;12965.0;2583.0;10382.0
132200;12679.5;2407.0;10272.5
132300;12983.0;2583.0;10400.0
132400;13610.0;2678.0;10932.0
132500;13031.0;2593.0;10438.0
132600;13069.0;2593.0;10476.0
132700;13094.5;2618.5;10476.0
132800;13043.5;2567.5;10476.0
132900;12955.0;2593.0;10362.0
133000;13183.0;2593.0;10590.0
133100;13094.5;2618.5;10476.0
133200;13086.0;2610.0;10476.0
133300;12980.5;2618.5;10362.0
133400;13086.0;2610.0;10476.0
133500;13124.0;2610.0;10514.0
133600;13281.0;2729.0;10552.0
133700;13145.0;2593.0;10552.0
133800;13145.0;2593.0;10552.0
133900;13204.5;2652.5;10552.0
134000;13167.0;2729.0;10438.0
134100;13242.0;2576.0;10666.0
134200;13014.0;2576.0;10438.0
134300;13048.0;2610.0;10438.0
134400;13152.0;2576.0;10576.0
134500;13188.0;2576.0;10612.0
134600;13224.0;2576.0;10648.0
134700;13224.0;2576.0;10648.0
134800;13224.0;2576.0;10648.0
134900;13224.0;2576.0;10648.0
135000;13224.0;2576.0;10648.0
135100;13147.5;2499.5;10648.0
135200;13368.0;2576.0;10792.0
135300;13099.0;2559.0;10540.0
135400;13360.0;2712.0;10648.0
135500;13656.0;2576.0;11080.0
135600;13262.0;2542.0;10720.0
135700;13415.0;2695.0;10720.0
135800;13279.0;2559.0;10720.0
135900;13304.5;2584.5;10720.0
136000;13404.0;2576.0;10828.0
136100;13279.0;2559.0;10720.0
136200;13304.5;2584.5;10720.0
136300;13304.5;2584.5;10720.0
136400;13287.5;2567.5;10720.0
136500;13264.0;2508.0;10756.0
136600;13351.0;2559.0;10792.0
136700;13342.5;2550.5;10792.0
136800;13476.0;2576.0;10900.0
136900;13351.0;2559.0;10792.0
137000;13376.5;2584.5;10792.0
137100;13234.5;2550.5;10684.0
137200;13334.0;2542.0;10792.0
137300;13495.0;2559.0;10936.0
137400;13243.0;2559.0;10684.0
137500;13387.0;2559.0;10828.0
137600;13414.5;2550.5;10864.0
137700;13406.0;2542.0;10864.0
137800;13234.0;2406.0;10828.0
137900;13931.0;2563.0;11368.0
138000;13565.0;2563.0;11002.0
138100;13451.0;2563.0;10888.0
138200;13471.0;2583.0;10888.0
138300;13471.0;2583.0;10888.0
138400;13317.0;2543.0;10774.0
138500;14059.0;2563.0;11496.0
138600;13507.0;2543.0;10964.0
138700;13867.0;2523.0;11344.0
138800;13469.0;2543.0;10926.0
138900;13507.0;2543.0;10964.0
139000;13487.0;2523.0;10964.0
139100;13373.0;2523.0;10850.0
139200;13537.0;2573.0;10964.0
139300;12975.0;2543.0;10432.0
139400;13580.0;2578.0;11002.0
139500;13580.0;2578.0;11002.0
139600;14192.0;2620.0;11572.0
139700;13517.0;2629.0;10888.0
139800;13517.0;2629.0;10888.0
139900;13682.5;2642.5;11040.0
140000;13669.0;2629.0;11040.0
140100;13150.5;2642.5;10508.0
140200;13821.0;2629.0;11192.0
140300;13669.0;2629.0;11040.0
140400;13669.0;2629.0;11040.0
140500;14116.0;2620.0;11496.0
140600;13736.0;2620.0;11116.0
140700;13736.0;2620.0;11116.0
140800;13745.0;2629.0;11116.0
140900;13850.0;2620.0;11230.0
141000;13736.0;2620.0;11116.0
141100;13658.0;2656.0;11002.0
141200;13736.0;2620.0;11116.0
141300;13888.0;2620.0;11268.0
141400;13584.0;2620.0;10964.0
141500;13204.0;2620.0;10584.0
141600;13798.5;2606.5;11192.0
141700;13821.0;2629.0;11192.0
141800;13926.0;2620.0;11306.0
141900;13812.0;2620.0;11192.0
142000;13812.0;2620.0;11192.0
142100;13798.5;2606.5;11192.0
142200;13906.0;2676.0;11230.0
142300;14287.5;2677.5;11610.0
142400;13876.0;2684.0;11192.0
142500;14020.0;2676.0;11344.0
142600;13791.0;2675.0;11116.0
142700;13943.5;2675.5;11268.0
142800;13943.5;2675.5;11268.0
142900;13946.5;2678.5;11268.0
143000;13945.0;2677.0;11268.0
143100;13945.0;2677.0;11268.0
143200;13945.0;2677.0;11268.0
143300;13943.0;2675.0;11268.0
143400;13944.0;2676.0;11268.0
143500;13983.0;2677.0;11306.0
143600;14028.0;2684.0;11344.0
143700;14025.5;2681.5;11344.0
143800;-984924.0;2676.0;-987600.0
143900;14020.0;2676.0;11344.0
144000;14009.0;2665.0;11344.0
144100;14020.0;2676.0;11344.0
144200;14019.0;2675.0;11344.0
144300;14437.0;2675.0;11762.0
144400;14018.0;2674.0;11344.0
144500;14057.0;2675.0;11382.0
144600;14095.0;2675.0;11420.0
144700;13943.5;2675.5;11268.0
144800;14094.0;2674.0;11420.0
144900;14096.0;2676.0;11420.0
145000;14095.0;2675.0;11420.0
145100;14095.0;2675.0;11420.0
145200;14098.5;2678.5;11420.0
145300;14097.0;2677.0;11420.0
145400;13563.0;2675.0;10888.0
145500;14135.0;2677.0;11458.0
145600;14180.0;2684.0;11496.0
145700;14171.0;2675.0;11496.0
145800;14019.0;2675.0;11344.0
145900;14170.0;2674.0;11496.0
146000;14171.5;2675.5;11496.0
146100;14170.0;2674.0;11496.0
146200;14170.0;2674.0;11496.0
146300;14171.0;2675.0;11496.0
146400;14321.5;2673.5;11648.0
146500;14209.0;2675.0;11534.0
146600;14771.0;2667.0;12104.0
146700;13715.0;2675.0;11040.0
146800;14779.0;2675.0;12104.0
146900;14403.0;2717.0;11686.0
147000;14271.5;2699.5;11572.0
147100;14285.5;2713.5;11572.0
147200;13928.0;2780.0;11148.0
147300;14305.0;2717.0;11588.0
147400;14345.0;2717.0;11628.0
147500;15192.0;2724.0;12468.0
147600;14392.0;2724.0;11668.0
147700;14225.0;2717.0;11508.0
147800;14952.0;2724.0;12228.0
147900;14216.0;2668.0;11548.0
148000;14952.0;2724.0;12228.0
148100;14392.0;2724.0;11668.0
148200;14402.5;2734.5;11668.0
148300;14374.5;2706.5;11668.0
148400;13839.0;2731.0;11108.0
148500;14453.0;2745.0;11708.0
148600;14472.0;2724.0;11748.0
148700;14472.0;2724.0;11748.0
148800;14472.0;2724.0;11748.0
148900;14408.0;2780.0;11628.0
149000;14472.0;2724.0;11748.0
149100;14495.5;2747.5;11748.0
149200;14491.0;2743.0;11748.0
149300;14811.0;2743.0;12068.0
149400;14651.0;2743.0;11908.0
149500;14576.0;2788.0;11788.0
149600;14511.0;2843.0;11668.0
149700;14741.0;2913.0;11828.0
149800;14646.0;2818.0;11828.0
149900;114701.0;102873.0;11828.0
150000;14676.0;2848.0;11828.0
150100;14661.0;2833.0;11828.0
150200;14816.0;2828.0;11988.0
150300;14821.0;2833.0;11988.0
150400;14811.0;2823.0;11988.0
150500;14701.0;2833.0;11868.0
150600;14421.0;2833.0;11588.0
150700;14741.0;2833.0;11908.0
150800;14741.0;2833.0;11908.0
150900;14811.0;2903.0;11908.0
151000;14621.0;2833.0;11788.0
151100;14741.0;2833.0;11908.0
151200;14741.0;2833.0;11908.0
151300;14741.0;2833.0;11908.0
151400;14731.0;2823.0;11908.0
151500;14751.0;2803.0;11948.0
151600;14901.0;2913.0;11988.0
151700;14801.0;2813.0;11988.0
151800;14641.0;2813.0;11828.0
151900;14806.0;2818.0;11988.0
152000;14781.0;2793.0;11988.0
152100;14881.0;2893.0;11988.0
152200;14801.0;2813.0;11988.0
152300;14801.0;2813.0;11988.0
152400;14961.0;2813.0;12148.0
152500;14961.0;2813.0;12148.0
152600;14721.0;2813.0;11908.0
152700;14721.0;2813.0;11908.0
152800;14881.0;2813.0;12068.0
152900;14886.0;2818.0;12068.0
153000;14861.0;2793.0;12068.0
153100;14871.0;2803.0;12068.0
153200;14311.0;2803.0;11508.0
153300;15446.0;2818.0;12628.0
153400;14786.0;2838.0;11948.0
153500;14946.0;2838.0;12108.0
153600;14978.5;2830.5;12148.0
153700;14816.0;2828.0;11988.0
153800;14986.0;2838.0;12148.0
153900;14978.5;2830.5;12148.0
154000;15106.0;2838.0;12268.0
154100;14866.0;2838.0;12028.0
154200;14976.0;2828.0;12148.0
154300;15421.0;2833.0;12588.0
154400;14986.0;2838.0;12148.0
154500;15028.5;2840.5;12188.0
154600;15178.5;2830.5;12348.0
154700;15056.0;2828.0;12228.0
154800;14915.0;2847.0;12068.0
154900;15073.5;2845.5;12228.0
155000;15198.0;2850.0;12348.0
155100;15638.0;2850.0;12788.0
155200;15076.5;2848.5;12228.0
155300;15025.0;2917.0;12108.0
155400;15025.0;2917.0;12108.0
155500;15855.5;2987.5;12868.0
155600;15267.0;2959.0;12308.0
155700;15704.0;2996.0;12708.0
155800;14824.0;2996.0;11828.0
155900;15330.0;3022.0;12308.0
156000;15356.0;3048.0;12308.0
156100;15070.0;2762.0;12308.0
156200;15890.0;3022.0;12868.0
156300;15317.0;3009.0;12308.0
156400;15356.0;3048.0;12308.0
156500;15396.0;3048.0;12348.0
156600;15462.0;3074.0;12388.0
156700;15462.0;3074.0;12388.0
156800;16288.0;3100.0;13188.0
156900;15459.0;3191.0;12268.0
157000;15488.0;3100.0;12388.0
157100;15648.0;3100.0;12548.0
157200;15514.0;3126.0;12388.0
157300;15514.0;3126.0;12388.0
157400;15394.0;3126.0;12268.0
157500;15554.0;3126.0;12428.0
157600;15594.0;3126.0;12468.0
157700;15594.0;3126.0;12468.0
157800;15594.0;3126.0;12468.0
157900;15685.0;3217.0;12468.0
158000;15594.0;3126.0;12468.0
158100;16154.0;3126.0;13028.0
158200;15594.0;3126.0;12468.0
158300;15802.0;3334.0;12468.0
158400;15509.0;3161.0;12348.0
158500;15789.0;3161.0;12628.0
158600;15709.0;3161.0;12548.0
158700;15648.0;3140.0;12508.0
158800;15688.0;3140.0;12548.0
158900;15656.5;3108.5;12548.0
159000;15646.0;3098.0;12548.0
159100;15688.0;3140.0;12548.0
159200;15646.0;3098.0;12548.0
159300;16227.0;3119.0;13108.0
159400;15667.0;3119.0;12548.0
159500;15686.0;3098.0;12588.0
159600;15747.0;3119.0;12628.0
159700;15755.0;3287.0;12468.0
159800;15671.0;3203.0;12468.0
159900;15867.0;3119.0;12748.0
160000;15888.0;3140.0;12748.0
160100;15768.0;3140.0;12628.0
160200;15768.0;3140.0;12628.0
160300;15229.0;3161.0;12068.0
160400;15789.0;3161.0;12628.0
160500;16088.0;3140.0;12948.0
160600;16408.0;3140.0;13268.0
160700;15827.0;3119.0;12708.0
160800;15926.0;3098.0;12828.0
160900;15806.0;3098.0;12708.0
161000;15848.0;3140.0;12708.0
161100;15806.0;3098.0;12708.0
161200;15806.0;3098.0;12708.0
161300;15225.0;3077.0;12148.0
161400;15686.0;3098.0;12588.0
161500;15846.0;3098.0;12748.0
161600;15907.0;3119.0;12788.0
161700;15715.5;3087.5;12628.0
161800;15907.0;3119.0;12788.0
161900;16446.0;3098.0;13348.0
162000;15787.0;3119.0;12668.0
162100;15875.5;3087.5;12788.0
162200;15776.5;3108.5;12668.0
162300;15819.0;3031.0;12788.0
162400;15923.0;3135.0;12788.0
162500;15911.0;3083.0;12828.0
162600;15977.0;3109.0;12868.0
162700;15817.0;3109.0;12708.0
162800;15977.0;3109.0;12868.0
162900;15769.0;2901.0;12868.0
163000;15857.0;3109.0;12748.0
163100;16097.0;3109.0;12988.0
163200;15883.0;3135.0;12748.0
163300;15378.0;3070.0;12308.0
163400;16003.0;3135.0;12868.0
163500;16017.0;3109.0;12908.0
163600;16096.0;3148.0;12948.0
163700;16031.0;3083.0;12948.0
163800;16565.0;3057.0;13508.0
163900;16070.0;3122.0;12948.0
164000;16203.0;3135.0;13068.0
164100;16643.0;3135.0;13508.0
164200;15643.0;3135.0;12508.0
164300;16057.0;3109.0;12948.0
164400;16031.0;3083.0;12948.0
164500;16110.0;3122.0;12988.0
164600;15912.0;3044.0;12868.0
164700;16111.0;3083.0;13028.0
164800;16111.0;3083.0;13028.0
164900;16150.0;3122.0;13028.0
165000;15991.0;3083.0;12908.0
165100;16111.0;3083.0;13028.0
165200;16124.0;3096.0;13028.0
165300;15991.0;3083.0;12908.0
165400;16293.0;3265.0;13028.0
165500;15994.0;2926.0;13068.0
165600;16199.0;3091.0;13108.0
165700;15969.0;3061.0;12908.0
165800;16169.0;3061.0;13108.0
165900;16169.0;3061.0;13108.0
166000;16319.0;3091.0;13228.0
166100;16649.0;2981.0;13668.0
166200;16191.0;3083.0;13108.0
166300;16191.0;3083.0;13108.0
166400;16071.0;3083.0;12988.0
166500;16214.0;3066.0;13148.0
166600;16033.0;2845.0;13188.0
166700;16305.0;3117.0;13188.0
166800;16305.0;3117.0;13188.0
166900;16271.0;3083.0;13188.0
167000;16322.0;3134.0;13188.0
167100;16271.0;3083.0;13188.0
167200;16151.0;3083.0;13068.0
167300;16271.0;3083.0;13188.0
167400;16271.0;3083.0;13188.0
167500;16311.0;3083.0;13228.0
167600;16911.0;3083.0;13828.0
167700;15791.0;3083.0;12708.0
167800;16317.0;3049.0;13268.0
167900;16351.0;3083.0;13268.0
168000;16351.0;3083.0;13268.0
168100;16351.0;3083.0;13268.0
168200;16334.0;3066.0;13268.0
168300;16334.0;3066.0;13268.0
168400;16265.0;3117.0;13148.0
168500;16391.0;3083.0;13308.0
168600;16431.0;3083.0;13348.0
168700;16431.0;3083.0;13348.0
168800;16431.0;3083.0;13348.0
168900;16567.0;3219.0;13348.0
169000;16431.0;3083.0;13348.0
169100;16311.0;3083.0;13228.0
169200;16397.0;3049.0;13348.0
169300;16482.0;3134.0;13348.0
169400;16250.0;2902.0;13348.0
169500;16479.0;3091.0;13388.0
169600;16519.0;3091.0;13428.0
169700;16519.0;3091.0;13428.0
169800;16519.0;3091.0;13428.0
169900;16102.0;3154.0;12948.0
170000;16462.0;3154.0;13308.0
170100;16519.0;3091.0;13428.0
170200;16582.0;3154.0;13428.0
170300;16540.0;3070.0;13470.0
170400;16050.0;3091.0;12959.0
170500;16853.0;3091.0;13762.0
170600;16697.0;3154.0;13543.0
170700;16488.0;3091.0;13397.0
170800;16597.5;3091.0;13506.5
170900;17385.0;3112.0;14273.0
171000;16634.0;3091.0;13543.0
171100;16592.0;3049.0;13543.0
171200;16165.0;3133.0;13032.0
171300;17145.0;3091.0;14054.0
171400;16634.0;3091.0;13543.0
171500;16222.0;3091.0;13131.0
171600;16742.0;3091.0;13651.0
171700;17120.0;3469.0;13651.0
171800;16805.0;3154.0;13651.0
171900;17085.0;3154.0;13931.0
172000;16784.0;3133.0;13651.0
172100;16784.0;3133.0;13651.0
172200;16784.0;3133.0;13651.0
172300;16784.0;3133.0;13651.0
172400;16784.0;3133.0;13651.0
172500;16824.0;3133.0;13691.0
172600;17384.0;3133.0;14251.0
172700;16529.5;2958.5;13571.0
172800;16807.0;3076.0;13731.0
172900;16835.0;3104.0;13731.0
173000;17243.0;3512.0;13731.0
173100;17395.0;3104.0;14291.0
173200;16664.0;3053.0;13611.0
173300;17105.5;3214.5;13891.0
173400;16863.0;3132.0;13731.0
173500;17448.0;3077.0;14371.0
173600;16848.0;3077.0;13771.0
173700;17888.0;3517.0;14371.0
173800;17008.0;3077.0;13931.0
173900;16888.0;3077.0;13811.0
174000;16218.0;2967.0;13251.0
174100;16953.0;3022.0;13931.0
174200;16993.0;3022.0;13971.0
174300;16750.5;2939.5;13811.0
174400;16778.0;2967.0;13811.0
174500;16735.5;2884.5;13851.0
174600;16868.0;2857.0;14011.0
174700;16858.0;2967.0;13891.0
174800;16968.0;3077.0;13891.0
174900;16881.0;2990.0;13891.0
175000;17252.0;2961.0;14291.0
175100;17499.0;3048.0;14451.0
175200;16852.0;2961.0;13891.0
175300;16852.0;2961.0;13891.0
175400;16852.0;2961.0;13891.0
175500;16892.0;2961.0;13931.0
175600;16932.0;2961.0;13971.0
175700;17110.0;3019.0;14091.0
175800;16950.0;3019.0;13931.0
175900;17052.0;2961.0;14091.0
176000;17579.0;3048.0;14531.0
176100;16903.0;2932.0;13971.0
176200;17396.0;3425.0;13971.0
176300;17092.0;2961.0;14131.0
176400;17222.0;3251.0;13971.0
176500;16914.0;2903.0;14011.0
176600;16972.0;2961.0;14011.0
176700;16812.0;2961.0;13851.0
176800;16972.0;2961.0;14011.0
176900;16925.0;2874.0;14051.0
177000;17132.0;2961.0;14171.0
177100;16428.0;2497.0;13931.0
177200;17070.0;3019.0;14051.0
177300;16925.0;2874.0;14051.0
177400;17012.0;2961.0;14051.0
177500;16588.0;2497.0;14091.0
177600;16903.0;2932.0;13971.0
177700;17206.0;3075.0;14131.0
177800;17182.0;3051.0;14131.0
177900;17230.0;3099.0;14131.0
178000;16870.0;2619.0;14251.0
178100;17062.0;3051.0;14011.0
178200;16742.0;3051.0;13691.0
178300;17134.0;3003.0;14131.0
178400;17230.0;3099.0;14131.0
178500;17102.0;3051.0;14051.0
178600;17310.0;3099.0;14211.0
178700;17262.0;3051.0;14211.0
178800;17102.0;3051.0;14051.0
178900;17142.0;3051.0;14091.0
179000;17310.0;3099.0;14211.0
179100;18110.0;3099.0;15011.0
179200;18254.0;3483.0;14771.0
179300;17310.0;3099.0;14211.0
179400;17334.0;3123.0;14211.0
179500;17302.0;3051.0;14251.0
179600;17462.0;3051.0;14411.0
179700;17178.0;2887.0;14291.0
179800;17282.0;2991.0;14291.0
179900;17334.0;3043.0;14291.0
180000;17894.0;3043.0;14851.0
180100;17334.0;3043.0;14291.0
180200;17416.0;2965.0;14451.0
180300;16918.0;2627.0;14291.0
180400;17214.0;3043.0;14171.0
180500;17442.0;2991.0;14451.0
180600;17388.0;3017.0;14371.0
180700;17170.0;2679.0;14491.0
180800;17414.0;3043.0;14371.0
180900;17466.0;3095.0;14371.0
181000;17648.0;3277.0;14371.0
181100;17466.0;3095.0;14371.0
181200;17050.0;2679.0;14371.0
181300;18026.0;3095.0;14931.0
181400;17466.0;3095.0;14371.0
181500;17454.0;3043.0;14411.0
181600;17494.0;3043.0;14451.0
181700;17494.0;3043.0;14451.0
181800;17508.0;3057.0;14451.0
181900;17558.0;3107.0;14451.0
182000;16948.0;3057.0;13891.0
182100;17703.0;3132.0;14571.0
182200;17433.0;2982.0;14451.0
182300;17388.0;3057.0;14331.0
182400;17348.0;3057.0;14291.0
182500;17948.0;3457.0;14491.0
182600;17588.0;3057.0;14531.0
182700;17688.0;3157.0;14531.0
182800;17638.0;3107.0;14531.0
182900;17605.5;3074.5;14531.0
183000;17193.0;2782.0;14411.0
183100;17718.0;3187.0;14531.0
183200;17673.0;3142.0;14531.0
183300;17473.0;3502.0;13971.0
183400;17833.0;3142.0;14691.0
183500;17713.0;3142.0;14571.0
183600;17735.5;3164.5;14571.0
183700;17798.0;3187.0;14611.0
183800;16828.0;3097.0;13731.0
183900;17753.0;3142.0;14611.0
184000;17753.0;3142.0;14611.0
184100;17478.0;2987.0;14491.0
184200;17625.0;3134.0;14491.0
184300;18235.0;3624.0;14611.0
184400;17585.0;3134.0;14451.0
184500;17785.0;3134.0;14651.0
184600;17825.0;3134.0;14691.0
184700;18368.0;2877.0;15491.0
184800;17462.0;2771.0;14691.0
184900;18310.0;3619.0;14691.0
185000;18690.5;3439.5;15251.0
185100;17861.0;3170.0;14691.0
185200;17812.0;3121.0;14691.0
185300;18692.0;3121.0;15571.0
185400;17812.0;3121.0;14691.0
185500;17509.0;2778.0;14731.0
185600;17781.0;3170.0;14611.0
185700;17061.0;3170.0;13891.0
185800;17941.0;3170.0;14771.0
185900;18131.0;3240.0;14891.0
186000;18011.0;3240.0;14771.0
186100;18011.0;3240.0;14771.0
186200;17699.0;2928.0;14771.0
186300;18164.0;3513.0;14651.0
186400;18108.5;3337.5;14771.0
186500;18012.0;3201.0;14811.0
186600;18052.0;3201.0;14851.0
186700;17892.0;3201.0;14691.0
186800;18052.0;3201.0;14851.0
186900;18013.0;3162.0;14851.0
187000;18045.0;3194.0;14851.0
187100;18235.0;3264.0;14971.0
187200;18098.0;3087.0;15011.0
187300;18269.0;3258.0;15011.0
187400;18109.0;3258.0;14851.0
187500;18149.0;3258.0;14891.0
187600;18029.0;3258.0;14771.0
187700;18189.0;3258.0;14931.0
187800;18189.0;3258.0;14931.0
187900;18189.0;3258.0;14931.0
188000;18012.0;3201.0;14811.0
188100;17389.0;3258.0;14131.0
188200;17730.0;3239.0;14491.0
188300;18151.0;3220.0;14931.0
188400;18031.0;3220.0;14811.0
188500;18191.0;3220.0;14971.0
188600;18193.0;3182.0;15011.0
188700;18155.0;3144.0;15011.0
188800;18810.0;3239.0;15571.0
188900;18193.0;3182.0;15011.0
189000;18193.0;3182.0;15011.0
189100;18313.0;3182.0;15131.0
189200;18307.0;3296.0;15011.0
189300;18155.0;3144.0;15011.0
189400;17595.0;3144.0;14451.0
189500;18157.0;3106.0;15051.0
189600;18235.0;3144.0;15091.0
189700;17865.0;3334.0;14531.0
189800;17732.0;3201.0;14531.0
189900;17953.0;3182.0;14771.0
190000;18393.0;3182.0;15211.0
190100;18311.0;3220.0;15091.0
190200;17713.0;3182.0;14531.0
190300;17473.0;3182.0;14291.0
190400;18235.0;3144.0;15091.0
190500;18174.0;3163.0;15011.0
190600;18412.0;3241.0;15171.0
190700;18473.5;3302.5;15171.0
190800;18473.5;3302.5;15171.0
190900;18292.0;3241.0;15051.0
191000;18391.5;3220.5;15171.0
191100;18333.0;3282.0;15051.0
191200;18333.0;3282.0;15051.0
191300;18494.0;3323.0;15171.0
191400;18453.0;3282.0;15171.0
191500;18373.0;3282.0;15091.0
191600;18984.0;3733.0;15251.0
191700;18373.0;3282.0;15091.0
191800;18533.0;3282.0;15251.0
191900;18694.0;3323.0;15371.0
192000;18574.0;3323.0;15251.0
192100;18615.0;3364.0;15251.0
192200;18574.0;3323.0;15251.0
192300;18662.0;3531.0;15131.0
192400;18612.0;3361.0;15251.0
192500;18669.0;3378.0;15291.0
192600;18888.0;3437.0;15451.0
192700;18755.0;3424.0;15331.0
192800;18755.0;3424.0;15331.0
192900;18971.0;3520.0;15451.0
193000;18887.0;3556.0;15331.0
193100;18869.0;3538.0;15331.0
193200;18291.0;3520.0;14771.0
193300;18666.5;3335.5;15331.0
193400;18892.0;3561.0;15331.0
193500;18993.5;3622.5;15371.0
193600;18972.0;3561.0;15411.0
193700;18910.5;3499.5;15411.0
193800;19532.0;3561.0;15971.0
193900;18972.0;3561.0;15411.0
194000;19532.0;3561.0;15971.0
194100;19092.0;3561.0;15531.0
194200;429218.0;413807.0;15411.0
194300;19095.0;3684.0;15411.0
194400;18852.0;3561.0;15291.0
194500;19012.0;3561.0;15451.0
194600;19113.5;3622.5;15491.0
194700;19213.0;3602.0;15611.0
194800;18213.0;3602.0;14611.0
194900;18613.0;3602.0;15011.0
195000;19154.5;3663.5;15491.0
195100;18952.5;3581.5;15371.0
195200;19134.0;3643.0;15491.0
195300;19072.5;3581.5;15491.0
195400;19011.0;3520.0;15491.0
195500;19734.0;3643.0;16091.0
195600;18886.0;3315.0;15571.0
195700;19214.0;3643.0;15571.0
195800;19214.0;3643.0;15571.0
195900;19178.0;3807.0;15371.0
196000;19152.5;3581.5;15571.0
196100;19214.0;3643.0;15571.0
196200;19094.0;3643.0;15451.0
196300;19214.0;3643.0;15571.0
196400;19214.0;3643.0;15571.0
196500;19254.0;3643.0;15611.0
196600;19294.0;3643.0;15651.0
196700;18773.0;3602.0;15171.0
196800;19110.5;3499.5;15611.0
196900;18693.0;3602.0;15091.0
197000;19253.0;3602.0;15651.0
197100;19581.0;3930.0;15651.0
197200;19253.0;3602.0;15651.0
197300;19309.0;3658.0;15651.0
197400;19469.0;3658.0;15811.0
197500;19277.0;3706.0;15571.0
197600;19509.0;3658.0;15851.0
197700;19469.0;3738.0;15731.0
197800;19525.0;3674.0;15851.0
197900;19965.0;3674.0;16291.0
198000;19405.0;3674.0;15731.0
198100;19357.0;3626.0;15731.0
198200;19325.0;3594.0;15731.0
198300;19285.0;3674.0;15611.0
198400;19237.0;3626.0;15611.0
198500;19325.0;3674.0;15651.0
198600;19064.0;3813.0;15251.0
198700;18939.0;3688.0;15251.0
198800;19499.0;3688.0;15811.0
198900;19179.0;3488.0;15691.0
199000;19499.0;3688.0;15811.0
199100;19299.0;3488.0;15811.0
199200;19524.0;3713.0;15811.0
199300;19524.0;3713.0;15811.0
199400;19579.0;3738.0;15841.0
199500;19591.5;3713.0;15878.5
199600;19591.5;3713.0;15878.5
199700;19741.5;3713.0;16028.5
199800;19629.0;3713.0;15916.0
199900;20204.0;3763.0;16441.0
200000;19654.0;3738.0;15916.0
200100;19654.0;3738.0;15916.0
200200;19779.0;3863.0;15916.0
200300;19977.5;3911.5;16066.0
200400;19823.0;3907.0;15916.0
200500;19851.5;3898.0;15953.5
200600;19876.5;3923.0;15953.5
200700;19809.0;3968.0;15841.0
200800;19973.0;3982.0;15991.0
200900;20085.5;3982.0;16103.5
201000;19692.5;3814.0;15878.5
201100;20106.5;4003.0;16103.5
201200;19994.0;4003.0;15991.0
201300;19485.5;4034.5;15451.0
201400;20033.0;3982.0;16051.0
201500;20174.0;4003.0;16171.0
201600;20054.0;4003.0;16051.0
201700;20136.0;4045.0;16091.0
201800;20304.0;4213.0;16091.0
201900;20138.5;4047.5;16091.0
202000;20172.5;4081.5;16091.0
202100;20147.0;4056.0;16091.0
202200;20147.0;4056.0;16091.0
202300;20724.0;4073.0;16651.0
202400;20237.5;4106.5;16131.0
202500;20104.0;4093.0;16011.0
202600;20182.0;4051.0;16131.0
202700;19342.0;4051.0;15291.0
202800;20222.0;4051.0;16171.0
202900;20342.0;4051.0;16291.0
203000;20382.0;4051.0;16331.0
203100;20222.0;4051.0;16171.0
203200;20222.0;4051.0;16171.0
203300;20382.0;4051.0;16331.0
203400;20262.0;4051.0;16211.0
203500;20822.0;4051.0;16771.0
203600;20160.0;4069.0;16091.0
203700;20434.0;4063.0;16371.0
203800;20970.0;4159.0;16811.0
203900;20314.0;4063.0;16251.0
204000;20344.0;4051.0;16293.0
204100;20344.0;4051.0;16293.0
204200;20344.0;4051.0;16293.0
204300;20478.0;4039.0;16439.0
204400;20259.0;4039.0;16220.0
204500;20368.5;4039.0;16329.5
204600;19816.0;4039.0;15777.0
204700;20557.0;4039.0;16518.0
204800;20968.0;4021.0;16947.0
204900;20284.0;4039.0;16245.0
205000;20992.0;4045.0;16947.0
205100;20464.0;4063.0;16401.0
205200;20596.0;4039.0;16557.0
205300;20440.0;4039.0;16401.0
205400;20467.0;4027.0;16440.0
205500;20491.0;4051.0;16440.0
205600;20491.0;4051.0;16440.0
205700;20635.0;4039.0;16596.0
205800;20544.0;4065.0;16479.0
205900;20308.0;3985.0;16323.0
206000;20934.0;4065.0;16869.0
206100;20427.0;4065.0;16362.0
206200;20544.0;4065.0;16479.0
206300;20570.0;4091.0;16479.0
206400;20599.0;4081.0;16518.0
206500;20601.0;4083.0;16518.0
206600;20657.0;4139.0;16518.0
206700;20555.0;4154.0;16401.0
206800;20165.0;4154.0;16011.0
206900;20711.0;4154.0;16557.0
207000;20711.0;4154.0;16557.0
207100;20711.0;4154.0;16557.0
207200;20711.0;4154.0;16557.0
207300;20711.0;4154.0;16557.0
207400;20750.0;4154.0;16596.0
207500;20769.5;4154.0;16615.5
207600;20769.5;4154.0;16615.5
207700;20919.5;4154.0;16765.5
207800;20657.0;4154.0;16503.0
207900;20807.0;4154.0;16653.0
208000;20807.0;4154.0;16653.0
208100;20807.0;4154.0;16653.0
208200;20807.0;4154.0;16653.0
208300;20807.0;4154.0;16653.0
208400;20844.5;4154.0;16690.5
208500;20957.0;4154.0;16803.0
208600;20844.5;4154.0;16690.5
208700;20882.0;4154.0;16728.0
208800;20994.5;4154.0;16840.5
208900;21074.5;4234.0;16840.5
209000;20947.0;4219.0;16728.0
209100;21142.0;4264.0;16878.0
209200;20872.0;4144.0;16728.0
209300;21009.5;4244.0;16765.5
209400;20435.0;4244.0;16191.0
209500;20919.0;4254.0;16665.0
209600;21027.5;4244.0;16783.5
209700;21082.0;4259.0;16823.0
209800;20987.0;4164.0;16823.0
209900;21062.0;4239.0;16823.0
210000;21077.0;4254.0;16823.0
210100;20968.5;4264.0;16704.5
210200;21106.0;4283.0;16823.0
210300;21127.0;4304.0;16823.0
210400;21166.5;4304.0;16862.5
210500;21166.5;4304.0;16862.5
210600;21166.5;4304.0;16862.5
210700;-119008.0;-135752.0;16744.0
210800;21206.0;4304.0;16902.0
210900;21227.5;4325.5;16902.0
211000;21209.5;4307.5;16902.0
211100;21086.5;4303.0;16783.5
211200;21086.5;4303.0;16783.5
211300;21068.5;4285.0;16783.5
211400;20760.0;4294.0;16466.0
211500;21240.0;4294.0;16946.0
211600;21240.0;4294.0;16946.0
211700;21280.0;4294.0;16986.0
211800;21280.0;4294.0;16986.0
211900;21352.0;4366.0;16986.0
212000;21271.0;4285.0;16986.0
212100;21871.0;4285.0;17586.0
212200;21720.0;4294.0;17426.0
212300;21449.0;4303.0;17146.0
212400;21128.0;4222.0;16906.0
212500;21329.0;4303.0;17026.0
212600;21281.0;4375.0;16906.0
212700;20755.0;4249.0;16506.0
212800;21480.0;4294.0;17186.0
212900;21397.5;4331.5;17066.0
213000;21420.0;4354.0;17066.0
213100;21315.0;4369.0;16946.0
213200;20845.0;4339.0;16506.0
213300;21390.0;4324.0;17066.0
213400;20860.0;4354.0;16506.0
213500;21452.5;4346.5;17106.0
213600;21460.0;4354.0;17106.0
213700;21642.5;4376.5;17266.0
213800;21500.0;4354.0;17146.0
213900;20895.0;4309.0;16586.0
214000;21515.0;4369.0;17146.0
214100;21492.5;4346.5;17146.0
214200;21675.0;4369.0;17306.0
214300;21395.0;4369.0;17026.0
214400;21675.0;4369.0;17306.0
214500;20955.0;4369.0;16586.0
214600;22155.0;4369.0;17786.0
214700;21580.0;4354.0;17226.0
214800;21700.0;4354.0;17346.0
214900;21580.0;4354.0;17226.0
215000;21512.5;4354.0;17158.5
215100;21614.5;4346.5;17268.0
215200;21688.5;4384.0;17304.5
215300;21637.0;4369.0;17268.0
215400;21141.0;4384.0;16757.0
215500;21553.5;4249.0;17304.5
215600;21783.0;4369.0;17414.0
215700;21710.0;4369.0;17341.0
215800;21819.5;4369.0;17450.5
215900;21819.5;4369.0;17450.5
216000;21199.0;4369.0;16830.0
216100;21710.0;4369.0;17341.0
216200;21856.0;4369.0;17487.0
216300;21600.5;4369.0;17231.5
216400;21746.5;4369.0;17377.5
216500;21637.0;4369.0;17268.0
216600;21626.5;4249.0;17377.5
216700;21783.0;4369.0;17414.0
216800;21768.0;4354.0;17414.0
216900;21892.5;4369.0;17523.5
217000;21790.5;4376.5;17414.0
217100;21944.0;4384.0;17560.0
217200;21260.0;4369.0;16891.0
217300;21938.0;4354.0;17584.0
217400;21837.5;4369.0;17468.5
217500;21837.5;4369.0;17468.5
217600;21837.5;4369.0;17468.5
217700;21853.5;4346.5;17507.0
217800;21411.0;4369.0;17042.0
217900;22011.0;4489.0;17522.0
218000;21891.0;4369.0;17522.0
218100;21891.0;4369.0;17522.0
218200;21876.0;4354.0;17522.0
218300;21891.0;4369.0;17522.0
218400;21916.0;4354.0;17562.0
218500;21916.0;4474.0;17442.0
218600;21893.5;4331.5;17562.0
218700;21941.0;4339.0;17602.0
218800;21971.0;4369.0;17602.0
218900;21796.0;4354.0;17442.0
219000;21956.0;4354.0;17602.0
219100;22101.0;4339.0;17762.0
219200;21963.5;4361.5;17602.0
219300;21941.0;4339.0;17602.0
219400;21996.0;4354.0;17642.0
219500;21966.0;4324.0;17642.0
219600;21966.0;4324.0;17642.0
219700;22566.0;4324.0;18242.0
219800;21846.0;4324.0;17522.0
219900;22126.0;4324.0;17802.0
220000;21791.0;4309.0;17482.0
220100;22021.0;4339.0;17682.0
220200;21991.0;4309.0;17682.0
220300;21991.0;4309.0;17682.0
220400;22031.0;4309.0;17722.0
220500;22151.0;4429.0;17722.0
220600;21446.0;4324.0;17122.0
220700;22046.0;4324.0;17722.0
220800;22486.0;4324.0;18162.0
220900;22206.0;4324.0;17882.0
221000;22086.0;4324.0;17762.0
221100;22078.5;4316.5;17762.0
221200;22951.0;4309.0;18642.0
221300;22063.5;4301.5;17762.0
221400;22208.5;4286.5;17922.0
221500;21911.0;4309.0;17602.0
221600;21991.0;4189.0;17802.0
221700;22136.0;4294.0;17842.0
221800;21961.0;4279.0;17682.0
221900;22066.0;4264.0;17802.0
222000;22121.0;4279.0;17842.0
222100;22136.0;4294.0;17842.0
222200;22121.0;4279.0;17842.0
222300;22121.0;4279.0;17842.0
222400;22161.0;4279.0;17882.0
222500;22206.0;4324.0;17882.0
222600;22281.0;4399.0;17882.0
222700;22156.0;4234.0;17922.0
222800;22201.0;4279.0;17922.0
222900;21641.0;4279.0;17362.0
223000;22216.0;4294.0;17922.0
223100;22279.5;4357.5;17922.0
223200;22394.0;4312.0;18082.0
223300;22420.0;4338.0;18082.0
223400;22274.0;4312.0;17962.0
223500;22280.5;4318.5;17962.0
223600;22394.0;4312.0;18082.0
223700;22327.0;4325.0;18002.0
223800;22314.0;4312.0;18002.0
223900;22204.0;4362.0;17842.0
224000;22204.0;4322.0;17882.0
224100;22212.0;4330.0;17882.0
224200;22260.0;4258.0;18002.0
224300;22342.0;4322.0;18020.0
224400;22428.0;4254.0;18174.0
224500;22416.5;4358.0;18058.5
224600;22268.5;4325.5;17943.0
224700;22429.0;4332.0;18097.0
224800;22288.0;4345.0;17943.0
224900;22315.0;4372.0;17943.0
225000;22513.0;4416.0;18097.0
225100;22667.0;4416.0;18251.0
225200;22513.5;4416.5;18097.0
225300;22396.5;4415.0;17981.5
225400;22550.5;4415.0;18135.5
225500;23128.5;4415.5;18713.0
225600;22549.5;4414.0;18135.5
225700;22703.5;4414.0;18289.5
225800;22703.5;4414.0;18289.5
225900;22588.0;4414.0;18174.0
226000;22591.0;4417.0;18174.0
226100;22589.0;4415.0;18174.0
226200;22631.0;4457.0;18174.0
226300;22774.5;4446.5;18328.0
226400;22554.0;4457.0;18097.0
226500;22662.5;4450.0;18212.5
226600;22680.0;4467.5;18212.5
226700;22680.0;4467.5;18212.5
226800;22823.5;4457.0;18366.5
226900;22169.0;4457.0;17712.0
227000;22592.5;4457.0;18135.5
227100;22683.5;4432.5;18251.0
227200;22592.5;4457.0;18135.5
227300;22708.0;4457.0;18251.0
227400;22746.5;4457.0;18289.5
227500;22739.5;4450.0;18289.5
227600;22732.5;4443.0;18289.5
227700;22778.0;4450.0;18328.0
227800;22813.0;4485.0;18328.0
227900;22801.0;4473.0;18328.0
228000;22712.0;4384.0;18328.0
228100;22292.0;4503.0;17789.0
228200;22985.0;4503.0;18482.0
228300;22895.0;4567.0;18328.0
228400;22893.5;4527.0;18366.5
228500;22883.5;4517.0;18366.5
228600;22903.5;4537.0;18366.5
228700;23002.0;4597.0;18405.0
228800;22942.0;4537.0;18405.0
228900;22852.0;4447.0;18405.0
229000;22932.0;4527.0;18405.0
229100;23794.0;4542.0;19252.0
229200;22902.0;4497.0;18405.0
229300;22942.0;4537.0;18405.0
229400;22408.0;4551.0;17857.0
229500;22428.0;4571.0;17857.0
229600;22992.0;4535.0;18457.0
229700;23056.0;4559.0;18497.0
229800;23078.5;4581.5;18497.0
229900;23086.0;4589.0;18497.0
230000;22967.5;4590.5;18377.0
230100;23083.0;4586.0;18497.0
230200;23083.0;4586.0;18497.0
230300;23080.0;4583.0;18497.0
230400;23123.0;4586.0;18537.0
230500;23114.0;4577.0;18537.0
230600;23117.0;4580.0;18537.0
230700;22985.0;4568.0;18417.0
230800;23000.0;4583.0;18417.0
230900;23160.0;4583.0;18577.0
231000;23157.0;4580.0;18577.0
231100;23040.0;4583.0;18457.0
231200;23320.0;4583.0;18737.0
231300;23290.0;4553.0;18737.0
231400;23317.0;4580.0;18737.0
231500;23197.0;4580.0;18617.0
231600;22714.0;4577.0;18137.0
231700;22677.0;4580.0;18097.0
231800;23237.0;4580.0;18657.0
231900;23237.0;4580.0;18657.0
232000;23637.0;4580.0;19057.0
232100;23234.0;4577.0;18657.0
232200;23389.5;4572.5;18817.0
232300;23112.5;4575.5;18537.0
232400;23274.0;4577.0;18697.0
232500;23298.0;4601.0;18697.0
232600;23274.0;4577.0;18697.0
232700;23314.0;4577.0;18737.0
232800;23314.0;4577.0;18737.0
232900;23321.5;4584.5;18737.0
233000;23434.0;4577.0;18857.0
233100;23358.5;4581.5;18777.0
233200;23474.0;4577.0;18897.0
233300;23314.0;4577.0;18737.0
233400;23450.0;4553.0;18897.0
233500;23335.0;4558.0;18777.0
233600;23230.0;4573.0;18657.0
233700;22855.0;4598.0;18257.0
233800;23390.0;4573.0;18817.0
233900;23397.5;4580.5;18817.0
234000;23502.5;4565.5;18937.0
234100;23270.0;4573.0;18697.0
234200;23395.0;4578.0;18817.0
234300;23390.0;4573.0;18817.0
234400;22837.5;4580.5;18257.0
234500;23447.5;4590.5;18857.0
234600;23456.0;4573.0;18883.0
234700;23342.0;4573.0;18769.0
234800;23499.0;4578.0;18921.0
234900;23342.0;4573.0;18769.0
235000;23372.5;4565.5;18807.0
235100;23532.0;4573.0;18959.0
235200;23486.5;4565.5;18921.0
235300;23372.5;4565.5;18807.0
235400;22969.5;4580.5;18389.0
235500;23606.0;4533.0;19073.0
235600;22783.0;4622.0;18161.0
235700;23664.0;4667.0;18997.0
235800;23619.0;4622.0;18997.0
235900;23249.0;4784.0;18465.0
236000;23637.0;4640.0;18997.0
236100;23807.0;4658.0;19149.0
236200;23541.0;4658.0;18883.0
236300;23569.0;4686.0;18883.0
236400;23835.0;4686.0;19149.0
236500;23688.0;4653.0;19035.0
236600;23699.0;4664.0;19035.0
236700;23219.0;4678.0;18541.0
236800;23807.0;4734.0;19073.0
236900;23395.0;4474.0;18921.0
237000;23880.0;4807.0;19073.0
237100;23824.5;4751.5;19073.0
237200;23993.0;4768.0;19225.0
237300;23550.0;4477.0;19073.0
237400;23588.0;4477.0;19111.0
237500;23894.0;4757.0;19137.0
237600;23768.5;4739.5;19029.0
237700;23930.0;4757.0;19173.0
237800;24038.0;4757.0;19281.0
237900;24038.0;4757.0;19281.0
238000;23982.5;4809.5;19173.0
238100;23930.0;4757.0;19173.0
238200;23930.0;4757.0;19173.0
238300;24074.0;4757.0;19317.0
238400;24018.5;4809.5;19209.0
238500;24018.5;4809.5;19209.0
238600;24074.0;4757.0;19317.0
238700;24002.0;4757.0;19245.0
238800;23245.0;4792.0;18453.0
238900;24037.0;4792.0;19245.0
239000;24037.0;4792.0;19245.0
239100;23984.5;4739.5;19245.0
239200;24194.5;4949.5;19245.0
239300;24037.0;4792.0;19245.0
239400;24181.0;4792.0;19389.0
239500;24146.0;4757.0;19389.0
239600;23685.0;4512.0;19173.0
239700;24074.0;4757.0;19317.0
239800;23759.0;4442.0;19317.0
239900;23989.0;4672.0;19317.0
240000;24103.0;4786.0;19317.0
240100;24027.0;4710.0;19317.0
240200;24607.0;4786.0;19821.0
240300;24065.0;4748.0;19317.0
240400;24101.0;4748.0;19353.0
240500;24622.0;4729.0;19893.0
240600;24101.0;4748.0;19353.0
240700;24283.0;4786.0;19497.0
240800;24283.0;4786.0;19497.0
240900;24308.0;4919.0;19389.0
241000;24213.0;4824.0;19389.0
241100;24319.0;4786.0;19533.0
241200;24143.0;4862.0;19281.0
241300;24213.0;4824.0;19389.0
241400;23474.0;4805.0;18669.0
241500;24211.0;4786.0;19425.0
241600;24249.0;4824.0;19425.0
241700;24152.0;4835.0;19317.0
241800;24386.0;4925.0;19461.0
241900;24251.0;4790.0;19461.0
242000;24341.0;4880.0;19461.0
242100;24341.0;4880.0;19461.0
242200;24341.0;4880.0;19461.0
242300;24296.0;4835.0;19461.0
242400;24377.0;4880.0;19497.0
242500;24354.5;4857.5;19497.0
242600;24377.0;4880.0;19497.0
242700;24368.0;4835.0;19533.0
242800;24458.0;4925.0;19533.0
242900;24521.0;4880.0;19641.0
243000;24448.0;4915.0;19533.0
243100;24592.0;4915.0;19677.0
243200;24448.0;4915.0;19533.0
243300;24592.0;4915.0;19677.0
243400;24561.0;4992.0;19569.0
243500;24940.0;4975.0;19965.0
243600;24652.0;4975.0;19677.0
243700;24478.0;5017.0;19461.0
243800;24622.0;5017.0;19605.0
243900;24398.0;4793.0;19605.0
244000;24118.0;5017.0;19101.0
244100;24622.0;5017.0;19605.0
244200;24430.0;4933.0;19497.0
244300;24622.0;5017.0;19605.0
244400;24700.0;5059.0;19641.0
244500;24616.0;4975.0;19641.0
244600;24780.5;5139.5;19641.0
244700;24774.5;5097.5;19677.0
244800;24659.0;4982.0;19677.0
244900;24536.0;5003.0;19533.0
245000;24593.0;5024.0;19569.0
245100;24848.0;5171.0;19677.0
245200;24824.0;5003.0;19821.0
245300;24575.0;4898.0;19677.0
245400;24695.0;4982.0;19713.0
245500;24663.5;4950.5;19713.0
245600;24695.0;4982.0;19713.0
245700;24762.5;5013.5;19749.0
245800;25028.0;5171.0;19857.0
245900;24804.5;5055.5;19749.0
246000;24710.0;4961.0;19749.0
246100;24731.0;4982.0;19749.0
246200;24782.0;5033.0;19749.0
246300;24782.0;5033.0;19749.0
246400;24695.0;5018.0;19677.0
246500;24740.0;5063.0;19677.0
246600;24848.0;5063.0;19785.0
246700;24695.0;5018.0;19677.0
246800;24884.0;5063.0;19821.0
246900;24770.0;5093.0;19677.0
247000;24884.0;5063.0;19821.0
247100;24884.0;5063.0;19821.0
247200;24839.0;5018.0;19821.0
247300;-274966.0;-294787.0;19821.0
247400;24572.0;4823.0;19749.0
247500;24995.0;5138.0;19857.0
247600;24905.0;5048.0;19857.0
247700;24941.0;4940.0;20001.0
247800;24629.0;4880.0;19749.0
247900;25116.0;5115.0;20001.0
248000;25559.0;5162.0;20397.0
248100;25199.0;5162.0;20037.0
248200;25847.0;5162.0;20685.0
248300;25055.0;5162.0;19893.0
248400;25044.0;5115.0;19929.0
248500;25185.0;5256.0;19929.0
248600;25138.0;5209.0;19929.0
248700;25198.0;5209.0;19989.0
248800;25151.0;5162.0;19989.0
248900;25359.0;5256.0;20103.0
249000;25174.5;5185.5;19989.0
249100;25706.5;5185.5;20521.0
249200;25777.0;5256.0;20521.0
249300;25245.0;5256.0;19989.0
249400;25283.0;5256.0;20027.0
249500;25283.0;5256.0;20027.0
249600;25239.5;5326.5;19913.0
249700;25505.5;5326.5;20179.0
249800;25321.0;5256.0;20065.0
249900;25274.0;5209.0;20065.0
250000;25435.0;5256.0;20179.0
250100;25473.0;5256.0;20217.0
250200;25473.0;5256.0;20217.0
250300;25274.0;5209.0;20065.0
250400;25288.5;5185.5;20103.0
250500;25406.0;5303.0;20103.0
250600;25312.0;5209.0;20103.0
250700;25350.0;5209.0;20141.0
250800;25417.0;5162.0;20255.0
250900;25303.0;5162.0;20141.0
251000;25373.5;5232.5;20141.0
251100;25502.0;5209.0;20293.0
251200;25044.0;4903.0;20141.0
251300;25362.0;5221.0;20141.0
251400;25514.0;5221.0;20293.0
251500;25286.0;5221.0;20065.0
251600;25400.0;5221.0;20179.0
251700;25438.0;5221.0;20217.0
251800;25438.0;5221.0;20217.0
251900;25371.0;5306.0;20065.0
252000;25409.0;5192.0;20217.0
252100;25466.0;5249.0;20217.0
252200;25523.0;5306.0;20217.0
252300;25466.0;5249.0;20217.0
252400;25521.0;5266.0;20255.0
252500;25146.0;4891.0;20255.0
252600;25660.0;5291.0;20369.0
252700;25584.0;5291.0;20293.0
252800;25584.0;5291.0;20293.0
252900;25698.0;5291.0;20407.0
253000;25584.0;5291.0;20293.0
253100;25659.0;5366.0;20293.0
253200;25584.0;5291.0;20293.0
253300;25584.0;5291.0;20293.0
253400;25622.0;5291.0;20331.0
253500;25622.0;5291.0;20331.0
253600;25672.0;5341.0;20331.0
253700;25508.0;5291.0;20217.0
253800;25558.0;5341.0;20217.0
253900;26242.0;5341.0;20901.0
254000;25760.0;5391.0;20369.0
254100;26146.0;5891.0;20255.0
254200;26260.0;5891.0;20369.0
254300;25996.0;5741.0;20255.0
254400;25798.0;5391.0;20407.0
254500;25987.0;5466.0;20521.0
254600;25748.0;5341.0;20407.0
254700;26011.0;5566.0;20445.0
254800;25900.0;5341.0;20559.0
254900;25811.0;5366.0;20445.0
255000;25436.0;4991.0;20445.0
255100;25836.0;5391.0;20445.0
255200;25436.0;4991.0;20445.0
255300;25874.0;5391.0;20483.0
255400;25824.0;5341.0;20483.0
255500;25710.0;5341.0;20369.0
255600;25874.0;5391.0;20483.0
255700;25862.0;5341.0;20521.0
255800;25912.0;5391.0;20521.0
255900;25912.0;5391.0;20521.0
256000;25962.0;5441.0;20521.0
256100;25962.0;5441.0;20521.0
256200;26039.0;5366.0;20673.0
256300;25912.0;5391.0;20521.0
256400;26350.0;5791.0;20559.0
256500;25875.0;5316.0;20559.0
256600;25950.0;5391.0;20559.0
256700;26088.0;5491.0;20597.0
256800;25152.0;5391.0;19761.0
256900;25988.0;5391.0;20597.0
257000;26520.0;5391.0;21129.0
257100;25938.0;5341.0;20597.0
257200;25988.0;5391.0;20597.0
257300;26240.0;5491.0;20749.0
257400;26001.0;5366.0;20635.0
257500;26076.0;5441.0;20635.0
257600;26026.0;5391.0;20635.0
257700;26064.0;5391.0;20673.0
257800;26178.0;5391.0;20787.0
257900;26064.0;5391.0;20673.0
258000;26139.0;5466.0;20673.0
258100;26114.0;5441.0;20673.0
258200;26164.0;5491.0;20673.0
258300;26177.0;5504.0;20673.0
258400;26174.0;5463.0;20711.0
258500;26288.0;5463.0;20825.0
258600;26187.5;5476.5;20711.0
258700;26281.0;5532.0;20749.0
258800;26054.0;5495.0;20559.0
258900;26358.0;5495.0;20863.0
259000;27004.0;5495.0;21509.0
259100;25749.0;5532.0;20217.0
259200;26262.5;5513.5;20749.0
259300;26207.0;5458.0;20749.0
259400;26871.0;5514.0;21357.0
259500;26301.0;5514.0;20787.0
259600;26301.0;5514.0;20787.0
259700;26254.5;5581.5;20673.0
259800;26813.0;5874.0;20939.0
259900;26339.0;5514.0;20825.0
260000;26384.0;5559.0;20825.0
260100;26369.0;5514.0;20855.0
260200;26369.0;5514.0;20855.0
260300;26466.0;5469.0;20997.0
260400;26253.0;5469.0;20784.0
260500;26408.5;5518.0;20890.5
260600;26534.0;5537.0;20997.0
260700;26406.0;5480.0;20926.0
260800;26316.0;5532.0;20784.0
260900;26458.0;5532.0;20926.0
261000;26458.0;5532.0;20926.0
261100;26494.0;5568.0;20926.0
261200;26494.0;5568.0;20926.0
261300;26494.0;5568.0;20926.0
261400;26690.0;5622.0;21068.0
261500;26437.0;5582.0;20855.0
261600;26650.0;5582.0;21068.0
261700;26617.0;5620.0;20997.0
261800;26731.0;5734.0;20997.0
261900;26513.0;5658.0;20855.0
262000;26821.0;5824.0;20997.0
262100;26813.0;5674.0;21139.0
262200;26596.0;5599.0;20997.0
262300;26431.0;5434.0;20997.0
262400;26813.0;5674.0;21139.0
262500;26466.5;5434.0;21032.5
262600;26600.0;5674.0;20926.0
262700;26742.0;5674.0;21068.0
262800;26742.0;5674.0;21068.0
262900;27452.0;5674.0;21778.0
263000;26982.0;5914.0;21068.0
263100;26742.0;5674.0;21068.0
263200;26854.0;5644.0;21210.0
263300;26854.0;5644.0;21210.0
263400;26747.5;5644.0;21103.5
263500;26792.5;5689.0;21103.5
263600;26852.5;5749.0;21103.5
263700;26955.0;5674.0;21281.0
263800;27023.0;5884.0;21139.0
263900;26353.0;5644.0;20709.0
264000;26675.5;5629.0;21046.5
264100;26713.0;5629.0;21084.0
264200;26983.0;5779.0;21204.0
264300;26878.0;5674.0;21204.0
264400;26753.0;5629.0;21124.0
264500;26948.0;5704.0;21244.0
264600;26888.0;5644.0;21244.0
264700;26988.0;5704.0;21284.0
264800;26958.0;5674.0;21284.0
264900;26868.0;5584.0;21284.0
265000;27044.0;5760.0;21284.0
265100;26446.0;5722.0;20724.0
265200;26949.0;5665.0;21284.0
265300;27006.0;5722.0;21284.0
265400;27065.0;5741.0;21324.0
265500;27046.0;5722.0;21324.0
265600;26888.0;5684.0;21204.0
265700;27105.0;5741.0;21364.0
265800;27086.0;5722.0;21364.0
265900;26526.0;5722.0;20804.0
266000;27086.0;5722.0;21364.0
266100;26782.0;5418.0;21364.0
266200;27088.0;5684.0;21404.0
266300;27086.0;5722.0;21364.0
266400;27430.0;6026.0;21404.0
266500;27126.0;5722.0;21404.0
266600;27126.0;5722.0;21404.0
266700;27248.0;5684.0;21564.0
266800;27109.0;5665.0;21444.0
266900;27128.0;5684.0;21444.0
267000;27682.0;5718.0;21964.0
267100;27209.0;5765.0;21444.0
267200;27326.5;5882.5;21444.0
267300;27209.0;5765.0;21444.0
267400;26769.0;5765.0;21004.0
267500;27249.0;5765.0;21484.0
267600;27249.0;5765.0;21484.0
267700;27362.0;5718.0;21644.0
267800;27242.0;5718.0;21524.0
267900;26770.0;5406.0;21364.0
268000;27186.5;5662.5;21524.0
268100;27574.5;5890.5;21684.0
268200;26718.0;5634.0;21084.0
268300;27215.0;5691.0;21524.0
268400;27220.5;5776.5;21444.0
268500;27255.0;5691.0;21564.0
268600;27198.0;5634.0;21564.0
268700;27751.0;6147.0;21604.0
268800;27352.0;5748.0;21604.0
268900;27352.0;5748.0;21604.0
269000;27362.5;5758.5;21604.0
269100;27337.0;5733.0;21604.0
269200;27260.5;5656.5;21604.0
269300;27580.0;5976.0;21604.0
269400;27914.5;5670.5;22244.0
269500;27505.0;5741.0;21764.0
269600;27489.5;5845.5;21644.0
269700;27555.0;5871.0;21684.0
269800;27402.0;5718.0;21684.0
269900;27580.5;5896.5;21684.0
270000;27504.0;5820.0;21684.0
270100;27493.0;5769.0;21724.0
270200;27504.0;5820.0;21684.0
270300;27529.5;5845.5;21684.0
270400;27493.0;5769.0;21724.0
270500;27493.0;5769.0;21724.0
270600;27507.0;5783.0;21724.0
270700;27534.0;5734.0;21800.0
270800;27656.5;5856.5;21800.0
270900;27632.0;5832.0;21800.0
271000;27754.5;5954.5;21800.0
271100;27416.5;6028.0;21388.5
271200;-462797.0;-484070.0;21273.0
271300;27644.0;5832.0;21812.0
271400;27682.5;5832.0;21850.5
271500;27847.0;5881.0;21966.0
271600;27633.5;5783.0;21850.5
271700;27721.0;5832.0;21889.0
271800;27672.0;5783.0;21889.0
271900;27787.5;5783.0;22004.5
272000;27744.0;5855.0;21889.0
272100;27876.0;5833.0;22043.0
272200;27606.5;5833.0;21773.5
272300;27788.0;5899.0;21889.0
272400;27716.5;5789.0;21927.5
272500;27760.5;5833.0;21927.5
272600;27914.5;5833.0;22081.5
272700;27312.0;5811.0;21501.0
272800;27610.0;5789.0;21821.0
272900;27814.0;5833.0;21981.0
273000;27799.0;5818.0;21981.0
273100;27704.0;5723.0;21981.0
273200;27818.0;5837.0;21981.0
273300;27856.0;5875.0;21981.0
273400;27776.0;5875.0;21901.0
273500;27776.0;5875.0;21901.0
273600;27896.0;5875.0;22021.0
273700;27936.0;5875.0;22061.0
273800;27632.0;5571.0;22061.0
273900;27833.0;5932.0;21901.0
274000;27911.0;5970.0;21941.0
274100;27496.0;5875.0;21621.0
274200;27976.0;5875.0;22101.0
274300;28560.0;6179.0;22381.0
274400;27856.0;5875.0;21981.0
274500;28058.0;5837.0;22221.0
274600;27496.0;5875.0;21621.0
274700;28136.0;5875.0;22261.0
274800;28016.0;5875.0;22141.0
274900;28016.0;5875.0;22141.0
275000;28576.0;5875.0;22701.0
275100;28073.0;5932.0;22141.0
275200;28056.0;5875.0;22181.0
275300;28073.0;5932.0;22141.0
275400;27790.0;5609.0;22181.0
275500;28094.0;5913.0;22181.0
275600;28056.0;5875.0;22181.0
275700;28134.0;5913.0;22221.0
275800;28111.0;5890.0;22221.0
275900;28002.0;5941.0;22061.0
276000;28008.0;5907.0;22101.0
276100;28128.0;5907.0;22221.0
276200;28288.0;5907.0;22381.0
276300;28168.0;5907.0;22261.0
276400;27851.0;5710.0;22141.0
276500;28272.0;6011.0;22261.0
276600;28229.0;5968.0;22261.0
276700;28269.0;5968.0;22301.0
276800;27808.0;5667.0;22141.0
276900;28173.5;6032.5;22141.0
277000;28170.5;5989.5;22181.0
277100;27992.0;6011.0;21981.0
277200;28192.0;6011.0;22181.0
277300;28192.0;6011.0;22181.0
277400;27879.0;5538.0;22341.0
277500;27752.0;6011.0;21741.0
277600;28352.0;6011.0;22341.0
277700;28189.0;5968.0;22221.0
277800;28533.5;6032.5;22501.0
277900;28499.5;6118.5;22381.0
278000;28512.0;6011.0;22501.0
278100;28392.0;6011.0;22381.0
278200;28392.0;6011.0;22381.0
278300;28392.0;6011.0;22381.0
278400;27896.5;6075.5;21821.0
278500;28312.0;6011.0;22301.0
278600;28496.5;6075.5;22421.0
278700;28915.0;6054.0;22861.0
278800;28936.5;6075.5;22861.0
278900;28300.0;5839.0;22461.0
279000;28450.5;5989.5;22461.0
279100;28536.5;6075.5;22461.0
279200;27922.0;5581.0;22341.0
279300;28429.0;5968.0;22461.0
279400;28512.0;6011.0;22501.0
279500;28512.0;6011.0;22501.0
279600;28469.0;5968.0;22501.0
279700;28930.0;6269.0;22661.0
279800;28586.0;5925.0;22661.0
279900;28401.5;5860.5;22541.0
280000;28346.0;5925.0;22421.0
280100;28626.0;5925.0;22701.0
280200;28626.0;5925.0;22701.0
280300;28346.0;5925.0;22421.0
280400;28506.0;5925.0;22581.0
280500;28669.0;5968.0;22701.0
280600;28549.0;5968.0;22581.0
280700;28109.0;5968.0;22141.0
280800;28029.0;5968.0;22061.0
280900;28524.5;5903.5;22621.0
281000;28029.0;5968.0;22061.0
281100;28603.0;5982.0;22621.0
281200;28043.0;5982.0;22061.0
281300;28558.0;5937.0;22621.0
281400;28598.0;5937.0;22661.0
281500;27827.0;5766.0;22061.0
281600;28475.0;5934.0;22541.0
281700;28683.0;5982.0;22701.0
281800;28755.0;5934.0;22821.0
281900;28683.0;5982.0;22701.0
282000;29195.0;5934.0;23261.0
282100;28635.0;5934.0;22701.0
282200;28795.0;5934.0;22861.0
282300;28795.0;5934.0;22861.0
282400;28795.0;5934.0;22861.0
282500;28675.0;5934.0;22741.0
282600;29115.0;5934.0;23181.0
282700;28577.0;5956.0;22621.0
282800;28783.0;6002.0;22781.0
282900;28783.0;6002.0;22781.0
283000;29151.0;6370.0;22781.0
283100;28783.0;6002.0;22781.0
283200;28737.0;5956.0;22781.0
283300;28343.0;6002.0;22341.0
283400;28989.0;6048.0;22941.0
283500;28823.0;6002.0;22821.0
283600;28754.0;5933.0;22821.0
283700;-1033903.0;5956.0;-1039859.0
283800;29145.0;6324.0;22821.0
283900;28657.0;5956.0;22701.0
284000;28840.0;5979.0;22861.0
284100;28697.0;5956.0;22741.0
284200;28817.0;5956.0;22861.0
284300;28771.0;5910.0;22861.0
284400;28885.0;5864.0;23021.0
284500;28737.0;5956.0;22781.0
284600;28857.0;5956.0;22901.0
284700;28897.0;5956.0;22941.0
284800;28851.0;5910.0;22941.0
284900;28966.0;6025.0;22941.0
285000;28851.0;5910.0;22941.0
285100;28731.0;5910.0;22821.0
285200;28693.0;5752.0;22941.0
285300;29103.0;6002.0;23101.0
285400;28933.0;5952.0;22981.0
285500;28933.0;5952.0;22981.0
285600;29323.0;5902.0;23421.0
285700;28973.0;5952.0;23021.0
285800;28813.0;5952.0;22861.0
285900;28813.0;5952.0;22861.0
286000;28853.0;5952.0;22901.0
286100;28083.0;5502.0;22581.0
286200;28973.0;5952.0;23021.0
286300;28723.0;5902.0;22821.0
286400;28988.0;5927.0;23061.0
286500;29013.0;5952.0;23061.0
286600;29108.0;5927.0;23181.0
286700;28098.0;5877.0;22221.0
286800;28963.0;5902.0;23061.0
286900;29028.0;5927.0;23101.0
287000;29613.0;5952.0;23661.0
287100;29053.0;5952.0;23101.0
287200;29053.0;5952.0;23101.0
287300;29613.0;5952.0;23661.0
287400;29143.0;6002.0;23141.0
287500;29093.0;5952.0;23141.0
287600;29093.0;5952.0;23141.0
287700;29133.0;5952.0;23181.0
287800;29083.0;5902.0;23181.0
287900;29083.0;5902.0;23181.0
288000;28793.0;6052.0;22741.0
288100;29033.0;5852.0;23181.0
288200;29133.0;5952.0;23181.0
288300;28623.0;6002.0;22621.0
288400;29098.0;5877.0;23221.0
288500;29123.0;5902.0;23221.0
288600;29028.0;5927.0;23101.0
288700;29580.0;5759.0;23821.0
288800;29049.0;5948.0;23101.0
288900;29209.0;5948.0;23261.0
289000;29155.0;5894.0;23261.0
289100;29521.0;6380.0;23141.0
289200;29209.0;5948.0;23261.0
289300;29587.0;6326.0;23261.0
289400;28913.0;5492.0;23421.0
289500;29213.0;5912.0;23301.0
289600;29153.0;5852.0;23301.0
289700;29193.0;5852.0;23341.0
289800;29313.0;5852.0;23461.0
289900;29283.0;5942.0;23341.0
290000;29333.0;5432.0;23901.0
290100;29133.0;5912.0;23221.0
290200;29413.0;5912.0;23501.0
290300;29193.0;5852.0;23341.0
290400;29293.0;5912.0;23381.0
290500;29203.0;5822.0;23381.0
290600;29293.0;5912.0;23381.0
290700;29333.0;5912.0;23421.0
290800;29333.0;5912.0;23421.0
290900;29393.0;5972.0;23421.0
291000;29303.0;5882.0;23421.0
291100;28913.0;5492.0;23421.0
291200;29393.0;5972.0;23421.0
291300;29393.0;5972.0;23421.0
291400;29913.0;6452.0;23461.0
291500;29643.0;6062.0;23581.0
291600;29668.5;6087.5;23581.0
291700;29557.0;6056.0;23501.0
291800;29014.0;5993.0;23021.0
291900;29368.0;5867.0;23501.0
292000;29525.5;6024.5;23501.0
292100;29622.5;5961.5;23661.0
292200;29305.0;5804.0;23501.0
292300;29494.0;5993.0;23501.0
292400;29508.5;6087.5;23421.0
292500;29414.0;5993.0;23421.0
292600;30071.0;5930.0;24141.0
292700;29574.0;5993.0;23581.0
292800;30198.0;6497.0;23701.0
292900;29637.0;6056.0;23581.0
293000;29637.0;6056.0;23581.0
293100;29951.0;5930.0;24021.0
293200;29574.0;5993.0;23581.0
293300;29574.0;5993.0;23581.0
293400;30054.0;5993.0;24061.0
293500;29545.0;5804.0;23741.0
293600;29734.0;5993.0;23741.0
293700;29079.5;5898.5;23181.0
293800;29654.0;5993.0;23661.0
293900;28774.0;5993.0;22781.0
294000;30158.0;6497.0;23661.0
294100;29672.0;5993.0;23679.0
294200;28996.5;6087.5;22909.0
294300;29735.0;6056.0;23679.0
294400;29773.5;6056.0;23717.5
294500;29710.5;5993.0;23717.5
294600;29710.5;5993.0;23717.5
294700;29710.5;5993.0;23717.5
294800;29812.0;6056.0;23756.0
294900;29749.0;5993.0;23756.0
295000;29749.0;5993.0;23756.0
295100;29633.5;5993.0;23640.5
295200;29717.5;5961.5;23756.0
295300;29696.5;6056.0;23640.5
295400;29829.5;6150.5;23679.0
295500;29843.5;6049.0;23794.5
295600;29843.5;6049.0;23794.5
295700;29942.5;5994.0;23948.5
295800;29783.0;6104.0;23679.0
295900;29997.5;6049.0;23948.5
296000;29882.0;6049.0;23833.0
296100;30432.0;6599.0;23833.0
296200;29827.0;5994.0;23833.0
296300;29827.0;5994.0;23833.0
296400;29920.5;6049.0;23871.5
296500;29920.5;6049.0;23871.5
296600;29975.5;6104.0;23871.5
296700;29959.0;6049.0;23910.0
296800;29334.0;6049.0;23285.0
296900;29974.0;6049.0;23925.0
297000;29982.0;6057.0;23925.0
297100;29982.0;6057.0;23925.0
297200;29654.0;5689.0;23965.0
297300;29982.0;6057.0;23925.0
297400;30022.0;6057.0;23965.0
297500;30292.0;6207.0;24085.0
297600;30000.0;6035.0;23965.0
297700;30643.0;6078.0;24565.0
297800;29203.0;6078.0;23125.0
297900;30126.0;6121.0;24005.0
298000;30126.0;6121.0;24005.0
298100;30286.0;6121.0;24165.0
298200;30083.0;6078.0;24005.0
298300;30083.0;6078.0;24005.0
298400;30080.0;6035.0;24045.0
298500;30123.0;6078.0;24045.0
298600;30003.0;6078.0;23925.0
298700;30163.0;6078.0;24085.0
298800;30206.0;6121.0;24085.0
298900;30206.0;6121.0;24085.0
299000;30249.0;6164.0;24085.0
299100;30409.0;6164.0;24245.0
299200;30086.0;6121.0;23965.0
299300;30366.0;6121.0;24245.0
299400;30126.0;6121.0;24005.0
299500;30289.0;6164.0;24125.0
299600;30289.0;6164.0;24125.0
299700;30259.0;6094.0;24165.0
299800;30394.0;6229.0;24165.0
299900;30491.5;6206.5;24285.0
300000;30346.0;6139.0;24207.0
300100;30413.5;6206.5;24207.0
300200;30368.5;6161.5;24207.0
300300;30346.0;6139.0;24207.0
300400;30450.0;6206.5;24243.5
300500;30247.5;6004.0;24243.5
300600;30340.5;6206.5;24134.0
300700;30419.0;6139.0;24280.0
300800;30483.5;6094.0;24389.5
300900;30464.0;6184.0;24280.0
301000;30074.5;6206.5;23868.0
301100;30424.5;6116.5;24308.0
301200;30492.0;6184.0;24308.0
301300;30132.0;5824.0;24308.0
301400;30622.5;6229.0;24393.5
301500;30577.5;6184.0;24393.5
301600;30795.0;6292.0;24503.0
301700;30722.0;6292.0;24430.0
301800;30614.0;6184.0;24430.0
301900;30668.0;6238.0;24430.0
302000;30776.0;6346.0;24430.0
302100;30558.5;6238.0;24320.5
302200;30668.0;6238.0;24430.0
302300;30668.0;6238.0;24430.0
302400;30595.0;6238.0;24357.0
302500;30493.5;6319.0;24174.5
302600;31198.0;6184.0;25014.0
302700;30849.0;6346.0;24503.0
302800;30936.0;6433.0;24503.0
302900;30701.0;6198.0;24503.0
303000;30701.0;6198.0;24503.0
303100;30724.5;6221.5;24503.0
303200;30701.0;6198.0;24503.0
303300;29971.0;6198.0;23773.0
303400;30737.5;6198.0;24539.5
303500;30737.5;6198.0;24539.5
303600;30643.5;6104.0;24539.5
303700;30727.0;6151.0;24576.0
303800;30643.5;6104.0;24539.5
303900;30727.0;6151.0;24576.0
304000;30727.0;6151.0;24576.0
304100;30904.5;6292.0;24612.5
304200;30727.0;6151.0;24576.0
304300;30617.5;6151.0;24466.5
304400;31139.5;6527.0;24612.5
304500;30763.5;6151.0;24612.5
304600;30810.5;6198.0;24612.5
304700;30847.0;6198.0;24649.0
304800;30800.0;6151.0;24649.0
304900;31358.0;6198.0;25160.0
305000;30894.0;6245.0;24649.0
305100;30847.0;6198.0;24649.0
305200;30993.0;6198.0;24795.0
305300;30847.0;6198.0;24649.0
305400;31259.5;6574.0;24685.5
305500;30117.0;6198.0;23919.0
305600;30374.0;6245.0;24129.0
305700;31029.0;6292.0;24737.0
305800;30935.0;6198.0;24737.0
305900;30935.0;6198.0;24737.0
306000;31338.5;6221.5;25117.0
306100;30935.0;6198.0;24737.0
306200;30962.5;6225.5;24737.0
306300;30848.5;6225.5;24623.0
306400;31194.0;6305.0;24889.0
306500;31226.0;6451.0;24775.0
306600;31106.0;6331.0;24775.0
306700;31192.0;6379.0;24813.0
306800;31120.0;6307.0;24813.0
306900;31434.0;6355.0;25079.0
307000;31126.0;6427.0;24699.0
307100;31168.0;6355.0;24813.0
307200;30408.0;6355.0;24053.0
307300;31216.0;6403.0;24813.0
307400;31368.0;6403.0;24965.0
307500;31064.0;6403.0;24661.0
307600;31368.5;6517.5;24851.0
307700;31274.0;6385.0;24889.0
307800;31380.0;6491.0;24889.0
307900;30999.5;6570.5;24429.0
308000;31400.0;6491.0;24909.0
308100;31400.0;6491.0;24909.0
308200;31320.5;6411.5;24909.0
308300;31280.0;6491.0;24789.0
308400;31504.0;6915.0;24589.0
308500;31440.0;6491.0;24949.0
308600;31440.0;6491.0;24949.0
308700;31547.0;6438.0;25109.0
308800;31017.0;5908.0;25109.0
308900;31480.0;6491.0;24989.0
309000;31480.0;6491.0;24989.0
309100;31360.0;6491.0;24869.0
309200;31904.0;6915.0;24989.0
309300;31784.0;6915.0;24869.0
309400;32050.0;7021.0;25029.0
309500;30867.0;6438.0;24429.0
309600;31467.0;6438.0;25029.0
309700;31627.0;6438.0;25189.0
309800;31507.0;6438.0;25069.0
309900;31507.0;6438.0;25069.0
310000;31663.0;6594.0;25069.0
310100;31757.0;6528.0;25229.0
310200;31685.0;6616.0;25069.0
310300;31799.0;6730.0;25069.0
310400;31687.0;6578.0;25109.0
310500;31687.0;6578.0;25109.0
310600;31687.0;6578.0;25109.0
310700;31423.0;6274.0;25149.0
310800;31765.0;6616.0;25149.0
310900;31993.0;6844.0;25149.0
311000;31765.0;6616.0;25149.0
311100;31929.0;6620.0;25309.0
311200;31329.0;6620.0;24709.0
311300;31769.0;6620.0;25149.0
311400;31777.0;6588.0;25189.0
311500;31689.0;6620.0;25069.0
311600;31857.0;6668.0;25189.0
311700;32313.0;6684.0;25629.0
311800;31849.0;6620.0;25229.0
311900;31945.0;6716.0;25229.0
312000;31874.0;6765.0;25109.0
312100;31859.0;6630.0;25229.0
312200;31272.0;6603.0;24669.0
312300;31859.0;6630.0;25229.0
312400;31926.0;6657.0;25269.0
312500;31966.5;6697.5;25269.0
312600;31953.0;6684.0;25269.0
312700;32072.5;6643.5;25429.0
312800;31939.0;6630.0;25309.0
312900;31939.0;6630.0;25309.0
313000;31979.5;6670.5;25309.0
313100;31939.0;6630.0;25309.0
313200;32155.0;6846.0;25309.0
313300;31817.0;6508.0;25309.0
313400;32032.0;6683.0;25349.0
313500;32032.0;6683.0;25349.0
313600;32312.0;6683.0;25629.0
313700;31879.0;6490.0;25389.0
313800;31797.0;6408.0;25389.0
313900;32006.0;6777.0;25229.0
314000;32104.5;6715.5;25389.0
314100;31565.0;6736.0;24829.0
314200;31779.5;6510.5;25269.0
314300;31964.0;6695.0;25269.0
314400;32093.0;6736.0;25357.0
314500;32093.0;6736.0;25357.0
314600;32142.5;6674.5;25468.0
314700;31723.0;6736.0;24987.0
314800;32241.0;6736.0;25505.0
314900;32282.0;6777.0;25505.0
315000;32282.0;6777.0;25505.0
315100;31764.0;6777.0;24987.0
315200;32241.0;6736.0;25505.0
315300;32241.0;6736.0;25505.0
315400;32319.0;6777.0;25542.0
315500;32339.5;6797.5;25542.0
315600;32000.0;6458.0;25542.0
315700;32380.0;6801.0;25579.0
315800;32726.5;6629.5;26097.0
315900;32380.0;6801.0;25579.0
316000;31841.0;6262.0;25579.0
316100;32282.0;6703.0;25579.0
316200;32331.0;6752.0;25579.0
316300;32257.5;6678.5;25579.0
316400;32577.0;6850.0;25727.0
316500;32747.0;7242.0;25505.0
316600;32430.0;6703.0;25727.0
316700;32467.0;6703.0;25764.0
316800;32405.0;6752.0;25653.0
316900;32405.0;6752.0;25653.0
317000;32013.0;6360.0;25653.0
317100;32602.0;6801.0;25801.0
317200;32196.0;6654.0;25542.0
317300;31985.0;6850.0;25135.0
317400;32085.5;6580.5;25505.0
317500;32442.0;6752.0;25690.0
317600;32442.0;6752.0;25690.0
317700;32479.0;6752.0;25727.0
317800;32479.0;6752.0;25727.0
317900;32479.0;6752.0;25727.0
318000;32343.5;6727.5;25616.0
318100;32552.5;6825.5;25727.0
318200;32676.0;6801.0;25875.0
318300;32528.0;6801.0;25727.0
318400;32454.0;6801.0;25653.0
318500;32540.5;6776.5;25764.0
318600;32602.5;6727.5;25875.0
318700;32651.0;6850.0;25801.0
318800;32602.0;6801.0;25801.0
318900;32454.0;6801.0;25653.0
319000;32651.0;6850.0;25801.0
319100;32866.0;7065.0;25801.0
319200;32618.5;6928.5;25690.0
319300;32599.0;6909.0;25690.0
319400;32747.0;6909.0;25838.0
319500;32708.0;6870.0;25838.0
319600;32655.5;6928.5;25727.0
319700;32745.0;6870.0;25875.0
319800;32817.0;6831.0;25986.0
319900;32649.5;6811.5;25838.0
320000;32706.0;6831.0;25875.0
320100;32706.0;6831.0;25875.0
320200;32667.0;6792.0;25875.0
320300;32706.0;6831.0;25875.0
320400;32782.0;6870.0;25912.0
320500;32632.0;6831.0;25801.0
320600;32782.0;6870.0;25912.0
320700;33298.0;6831.0;26467.0
320800;32663.0;6714.0;25949.0
320900;32780.0;6831.0;25949.0
321000;32780.0;6831.0;25949.0
321100;32850.5;6901.5;25949.0
321200;32834.0;6885.0;25949.0
321300;32982.0;6885.0;26097.0
321400;32793.0;6918.0;25875.0
321500;32793.0;6918.0;25875.0
321600;32937.0;6951.0;25986.0
321700;32941.0;6918.0;26023.0
321800;33349.0;7215.0;26134.0
321900;32974.0;6951.0;26023.0
322000;32710.0;6687.0;26023.0
322100;32863.0;6951.0;25912.0
322200;32957.5;6934.5;26023.0
322300;32891.5;6868.5;26023.0
322400;32978.0;6918.0;26060.0
322500;32945.0;6885.0;26060.0
322600;32978.0;6918.0;26060.0
322700;33015.0;6918.0;26097.0
322800;33048.0;6951.0;26097.0
322900;33015.0;6918.0;26097.0
323000;32937.0;6951.0;25986.0
323100;33064.5;6967.5;26097.0
323200;33191.0;6687.0;26504.0
323300;33163.0;6918.0;26245.0
323400;32941.0;6918.0;26023.0
323500;32356.0;6999.0;25357.0
323600;33224.5;6979.5;26245.0
323700;32983.0;6960.0;26023.0
323800;33131.0;6960.0;26171.0
323900;32278.0;6921.0;25357.0
324000;33092.0;6921.0;26171.0
324100;33092.0;6921.0;26171.0
324200;33092.0;6921.0;26171.0
324300;32780.0;6609.0;26171.0
324400;32944.0;6921.0;26023.0
324500;33129.0;6921.0;26208.0
324600;33129.0;6921.0;26208.0
324700;33277.0;6921.0;26356.0
324800;33104.0;6896.0;26208.0
324900;32731.0;6486.0;26245.0
325000;33182.0;6937.0;26245.0
325100;33009.5;6875.5;26134.0
325200;33263.0;7018.0;26245.0
325300;32939.0;6694.0;26245.0
325400;33264.0;6982.0;26282.0
325500;33264.0;6982.0;26282.0
325600;33264.0;6982.0;26282.0
325700;32783.0;6982.0;25801.0
325800;33301.0;6982.0;26319.0
325900;33301.0;6982.0;26319.0
326000;33301.0;6982.0;26319.0
326100;33337.0;7018.0;26319.0
326200;33226.0;7018.0;26208.0
326300;33625.0;7306.0;26319.0
326400;33662.0;7306.0;26356.0
326500;33374.0;7018.0;26356.0
326600;33374.0;7018.0;26356.0
326700;33357.0;6964.0;26393.0
326800;33504.0;7000.0;26504.0
326900;33699.0;7306.0;26393.0
327000;33285.0;6892.0;26393.0
327100;33375.0;6982.0;26393.0
327200;33517.5;7124.5;26393.0
327300;33633.0;7240.0;26393.0
327400;33445.0;6976.0;26469.0
327500;33445.0;6976.0;26469.0
327600;34012.5;6976.0;27036.5
327700;32973.0;6976.0;25997.0
327800;33809.0;7273.0;26536.0
327900;33545.0;7009.0;26536.0
328000;33006.0;7009.0;25997.0
328100;33545.0;7009.0;26536.0
328200;33545.0;7009.0;26536.0
328300;34133.5;7058.5;27075.0
328400;33583.5;7009.0;26574.5
328500;33616.5;7042.0;26574.5
328600;33567.0;6992.5;26574.5
328700;34040.0;7042.0;26998.0
328800;33605.5;6992.5;26613.0
328900;33820.0;7091.5;26728.5
329000;33833.5;7105.0;26728.5
329100;33602.5;7105.0;26497.5
329200;33760.0;7147.0;26613.0
329300;33539.5;7042.0;26497.5
329400;33756.5;7105.0;26651.5
329500;33756.5;7105.0;26651.5
329600;33756.5;7105.0;26651.5
329700;33795.0;7105.0;26690.0
329800;33795.0;7105.0;26690.0
329900;33795.0;7105.0;26690.0
330000;33823.0;7133.0;26690.0
330100;33785.0;7095.0;26690.0
330200;33785.0;7095.0;26690.0
330300;33963.0;7273.0;26690.0
330400;33831.5;7103.0;26728.5
330500;33780.5;7052.0;26728.5
330600;33831.5;7103.0;26728.5
330700;33836.0;7069.0;26767.0
330800;33003.0;7083.0;25920.0
330900;33911.5;7029.0;26882.5
331000;33886.0;7119.0;26767.0
331100;33850.0;7083.0;26767.0
331200;33814.0;7047.0;26767.0
331300;33814.0;7047.0;26767.0
331400;33275.0;7047.0;26228.0
331500;33680.0;6759.0;26921.0
331600;33852.5;7047.0;26805.5
331700;33855.0;7011.0;26844.0
331800;-992587.0;7133.0;-999720.0
331900;33991.0;7147.0;26844.0
332000;33935.0;7091.0;26844.0
332100;33819.5;7091.0;26728.5
332200;33819.5;7091.0;26728.5
332300;33935.0;7091.0;26844.0
332400;34089.0;7091.0;26998.0
332500;33816.0;7049.0;26767.0
332600;34369.0;7063.0;27306.0
332700;33858.0;7091.0;26767.0
332800;34012.5;7091.5;26921.0
332900;33955.0;7034.0;26921.0
333000;34817.0;7126.0;27691.0
333100;34047.0;7126.0;26921.0
333200;-992497.0;7223.0;-999720.0
333300;34076.0;7155.0;26921.0
333400;33511.5;7129.5;26382.0
333500;33978.5;7019.0;26959.5
333600;34089.0;7129.5;26959.5
333700;33999.0;7155.0;26844.0
333800;34144.5;7146.5;26998.0
333900;34555.0;7172.0;27383.0
334000;34170.0;7172.0;26998.0
334100;34307.0;7155.0;27152.0
334200;34307.0;7155.0;27152.0
334300;34037.5;7155.0;26882.5
334400;34324.0;7172.0;27152.0
334500;34166.0;7129.5;27036.5
334600;34347.0;7291.0;27056.0
334700;34791.5;7180.5;27611.0
334800;34265.0;7172.0;27093.0
334900;34300.0;7189.0;27111.0
335000;33727.0;7155.0;26572.0
335100;34321.5;7172.0;27149.5
335200;34805.0;7155.0;27650.0
335300;34419.0;7308.0;27111.0
335400;34250.0;6985.0;27265.0
335500;34341.0;7172.0;27169.0
335600;34341.0;7172.0;27169.0
335700;34378.0;7172.0;27206.0
335800;34403.0;7197.0;27206.0
335900;34255.0;7197.0;27058.0
336000;34656.0;7450.0;27206.0
336100;34426.0;7220.0;27206.0
336200;34445.0;7239.0;27206.0
336300;34488.5;7282.5;27206.0
336400;34685.0;7331.0;27354.0
336500;34443.0;7311.0;27132.0
336600;34719.0;7291.0;27428.0
336700;34571.0;7291.0;27280.0
336800;34591.0;7311.0;27280.0
336900;34554.0;7311.0;27243.0
337000;34619.0;7339.0;27280.0
337100;34619.0;7339.0;27280.0
337200;34631.0;7351.0;27280.0
337300;34692.0;7412.0;27280.0
337400;35039.0;7722.0;27317.0
337500;34667.0;7350.0;27317.0
337600;34737.0;7381.0;27356.0
337700;34808.0;7412.0;27396.0
337800;34804.0;7288.0;27516.0
337900;34737.0;7381.0;27356.0
338000;34777.0;7381.0;27396.0
338100;34777.0;7381.0;27396.0
338200;34777.0;7381.0;27396.0
338300;34777.0;7381.0;27396.0
338400;34681.5;7365.5;27316.0
338500;34848.0;7412.0;27436.0
338600;34728.0;7412.0;27316.0
338700;34888.0;7412.0;27476.0
338800;34328.0;7412.0;26916.0
338900;34728.0;7412.0;27316.0
339000;34841.5;7365.5;27476.0
339100;34888.0;7412.0;27476.0
339200;35048.0;7412.0;27636.0
339300;35105.0;7629.0;27476.0
339400;34943.5;7427.5;27516.0
339500;34897.0;7381.0;27516.0
339600;34881.5;7365.5;27516.0
339700;34906.0;7350.0;27556.0
339800;34968.0;7412.0;27556.0
339900;35057.0;7381.0;27676.0
340000;34937.0;7381.0;27556.0
340100;34937.0;7381.0;27556.0
340200;35097.0;7381.0;27716.0
340300;34801.5;7365.5;27436.0
340400;34977.0;7381.0;27596.0
340500;34919.0;7443.0;27476.0
340600;35039.0;7443.0;27596.0
340700;35879.0;7443.0;28436.0
340800;35327.0;7691.0;27636.0
340900;35064.0;7428.0;27636.0
341000;35107.5;7471.5;27636.0
341100;35209.5;7413.5;27796.0
341200;35064.0;7428.0;27636.0
341300;34890.0;7254.0;27636.0
341400;35176.0;7500.0;27676.0
341500;35296.0;7500.0;27796.0
341600;35517.0;7841.0;27676.0
341700;34999.0;7283.0;27716.0
341800;35040.5;7484.5;27556.0
341900;35207.0;7531.0;27676.0
342000;35216.0;7500.0;27716.0
342100;35066.0;7190.0;27876.0
342200;35096.0;7500.0;27596.0
342300;35262.5;7546.5;27716.0
342400;35291.0;7535.0;27756.0
342500;35291.0;7535.0;27756.0
342600;35309.0;7553.0;27756.0
342700;35331.0;7535.0;27796.0
342800;35367.0;7571.0;27796.0
342900;35363.0;7607.0;27756.0
343000;35295.0;7499.0;27796.0
343100;35473.5;7677.5;27796.0
343200;35292.0;7496.0;27796.0
343300;35275.5;7479.5;27796.0
343400;35365.0;7529.0;27836.0
343500;35068.0;7232.0;27836.0
343600;35476.0;7760.0;27716.0
343700;35339.0;7463.0;27876.0
343800;35372.0;7496.0;27876.0
343900;35525.0;7529.0;27996.0
344000;34925.0;7529.0;27396.0
344100;35735.0;7859.0;27876.0
344200;35252.0;7496.0;27756.0
344300;35301.5;7545.5;27756.0
344400;35495.5;7579.5;27916.0
344500;35560.0;7524.0;28036.0
344600;34997.0;7561.0;27436.0
344700;35480.0;7524.0;27956.0
344800;35480.0;7524.0;27956.0
344900;35480.0;7524.0;27956.0
345000;35406.0;7450.0;27956.0
345100;35984.5;7468.5;28516.0
345200;35424.5;7468.5;27956.0
345300;35443.0;7487.0;27956.0
345400;34883.0;7487.0;27396.0
345500;34883.0;7487.0;27396.0
345600;35363.0;7487.0;27876.0
345700;35856.0;7820.0;28036.0
345800;35578.5;7542.5;28036.0
345900;35643.0;7487.0;28156.0
346000;35581.0;7545.0;28036.0
346100;35581.0;7545.0;28036.0
346200;35581.0;7545.0;28036.0
346300;35691.0;7655.0;28036.0
346400;35706.0;7630.0;28076.0
346500;35991.0;7795.0;28196.0
346600;35607.0;7531.0;28076.0
346700;35647.0;7531.0;28116.0
346800;34800.0;7564.0;27236.0
346900;35800.0;7564.0;28236.0
347000;35581.0;7465.0;28116.0
347100;34880.0;7564.0;27316.0
347200;35680.0;7564.0;28116.0
347300;35560.0;7564.0;27996.0
347400;35807.0;7531.0;28276.0
347500;35120.0;7564.0;27556.0
347600;35670.5;7514.5;28156.0
347700;35760.0;7564.0;28196.0
347800;35743.5;7547.5;28196.0
347900;35760.0;7564.0;28196.0
348000;35760.0;7564.0;28196.0
348100;35640.0;7564.0;28076.0
348200;35640.0;7564.0;28076.0
348300;35694.0;7498.0;28196.0
348400;35767.0;7531.0;28236.0
348500;35767.0;7531.0;28236.0
348600;35902.5;7666.5;28236.0
348700;35803.0;7527.0;28276.0
348800;35803.0;7527.0;28276.0
348900;35706.0;7310.0;28396.0
349000;35803.0;7527.0;28276.0
349100;35834.0;7558.0;28276.0
349200;36055.0;7619.0;28436.0
349300;35825.0;7549.0;28276.0
349400;35873.0;7437.0;28436.0
349500;35837.0;7521.0;28316.0
349600;35829.0;7513.0;28316.0
349700;36025.0;7549.0;28476.0
349800;36025.0;7549.0;28476.0
349900;35905.0;7549.0;28356.0
350000;35833.0;7477.0;28356.0
350100;35869.0;7513.0;28356.0
350200;35869.0;7513.0;28356.0
350300;35929.0;7573.0;28356.0
350400;36065.0;7549.0;28516.0
350500;36041.0;7525.0;28516.0
350600;36516.0;7560.0;28956.0
350700;35996.0;7560.0;28436.0
350800;35996.0;7560.0;28436.0
350900;35977.0;7541.0;28436.0
351000;35996.0;7560.0;28436.0
351100;35906.0;7560.0;28346.0
351200;36020.0;7560.0;28460.0
351300;36020.0;7560.0;28460.0
351400;36058.0;7560.0;28498.0
351500;36058.0;7560.0;28498.0
351600;36020.0;7522.0;28498.0
351700;36077.0;7541.0;28536.0
351800;36219.5;7569.5;28650.0
351900;36238.5;7588.5;28650.0
352000;36093.0;7557.0;28536.0
352100;36093.0;7557.0;28536.0
352200;36001.0;7655.0;28346.0
352300;36663.0;7557.0;29106.0
352400;36110.0;7536.0;28574.0
352500;36131.0;7557.0;28574.0
352600;35561.0;7557.0;28004.0
352700;36191.0;7543.0;28648.0
352800;36184.0;7536.0;28648.0
352900;36065.0;7557.0;28508.0
353000;36240.0;7592.0;28648.0
353100;36135.0;7592.0;28543.0
353200;36240.0;7592.0;28648.0
353300;36256.0;7573.0;28683.0
353400;35902.0;7744.0;28158.0
353500;-153725.0;-182408.0;28683.0
353600;35711.5;7459.0;28252.5
353700;35825.0;7611.0;28214.0
353800;36345.0;7592.0;28753.0
353900;36364.0;7611.0;28753.0
354000;36364.0;7611.0;28753.0
354100;36364.0;7611.0;28753.0
354200;36400.0;7611.0;28789.0
354300;36400.0;7611.0;28789.0
354400;36329.0;7611.0;28718.0
354500;36435.5;7611.0;28824.5
354600;36500.0;7782.0;28718.0
354700;36490.0;7630.0;28860.0
354800;36596.5;7630.0;28966.5
354900;36461.5;7601.5;28860.0
355000;36490.0;7630.0;28860.0
355100;36490.0;7630.0;28860.0
355200;36471.0;7611.0;28860.0
355300;36525.5;7630.0;28895.5
355400;37058.0;7630.0;29428.0
355500;36516.0;7620.5;28895.5
355600;36632.0;7630.0;29002.0
355700;36570.5;7639.5;28931.0
355800;36400.0;7611.0;28789.0
355900;36542.0;7611.0;28931.0
356000;36523.0;7592.0;28931.0
356100;36542.0;7611.0;28931.0
356200;36561.0;7630.0;28931.0
356300;36409.0;7478.0;28931.0
356400;36577.5;7611.0;28966.5
356500;36987.0;7630.0;29357.0
356600;36596.5;7630.0;28966.5
356700;36695.0;7693.0;29002.0
356800;36786.5;7678.0;29108.5
356900;36705.0;7703.0;29002.0
357000;37192.0;7693.0;29499.0
357100;36695.0;7693.0;29002.0
357200;36680.0;7678.0;29002.0
357300;36837.0;7693.0;29144.0
357400;36730.5;7693.0;29037.5
357500;37263.0;7693.0;29570.0
357600;36715.5;7678.0;29037.5
357700;36645.0;7714.0;28931.0
357800;37284.0;7714.0;29570.0
357900;37035.5;7714.0;29321.5
358000;36606.0;7675.0;28931.0
358100;36774.0;7701.0;29073.0
358200;36779.0;7688.0;29091.0
358300;36792.0;7701.0;29091.0
358400;37249.0;7714.0;29535.0
358500;37397.0;7714.0;29683.0
358600;36974.0;7735.0;29239.0
358700;37048.0;7735.0;29313.0
358800;36086.0;7735.0;28351.0
358900;37720.0;7815.0;29905.0
359000;36705.0;7725.0;28980.0
359100;36890.0;7725.0;29165.0
359200;36880.0;7715.0;29165.0
359300;36900.0;7735.0;29165.0
359400;37017.0;7815.0;29202.0
359500;37017.0;7815.0;29202.0
359600;36927.0;7725.0;29202.0
359700;36989.0;7750.0;29239.0
359800;37462.0;7705.0;29757.0
359900;36974.0;7735.0;29239.0
360000;37381.0;7735.0;29646.0
360100;36974.0;7735.0;29239.0
360200;37137.0;7750.0;29387.0
360300;37122.0;7735.0;29387.0
360400;36910.0;7745.0;29165.0
360500;37142.0;7755.0;29387.0
360600;36910.0;7745.0;29165.0
360700;36910.0;7745.0;29165.0
360800;36900.0;7735.0;29165.0
360900;37169.0;7745.0;29424.0
361000;36244.0;7745.0;28499.0
361100;37206.0;7745.0;29461.0
361200;37058.0;7745.0;29313.0
361300;37465.0;7745.0;29720.0
361400;37026.0;7787.0;29239.0
361500;37281.0;7931.0;29350.0
361600;36745.5;7847.0;28898.5
361700;37231.0;7819.0;29412.0
361800;37349.5;7819.0;29530.5
361900;37223.0;7811.0;29412.0
362000;37381.0;7811.0;29570.0
362100;37369.0;7799.0;29570.0
362200;37104.5;7811.0;29293.5
362300;37096.5;7803.0;29293.5
362400;37242.5;7791.0;29451.5
362500;36659.0;7803.0;28856.0
362600;37883.0;7827.0;30056.0
362700;37307.0;7811.0;29496.0
362800;37299.0;7803.0;29496.0
362900;37867.0;7811.0;30056.0
363000;37467.0;7811.0;29656.0
363100;37307.0;7811.0;29496.0
363200;37315.0;7819.0;29496.0
363300;37291.0;7795.0;29496.0
363400;37385.0;7849.0;29536.0
363500;37385.0;7849.0;29536.0
363600;37265.0;7849.0;29416.0
363700;36855.0;7839.0;29016.0
363800;37415.0;7839.0;29576.0
363900;37425.0;7849.0;29576.0
364000;37425.0;7849.0;29576.0
364100;37405.0;7829.0;29576.0
364200;37405.0;7829.0;29576.0
364300;37395.0;7819.0;29576.0
364400;37375.0;7759.0;29616.0
364500;36615.0;7839.0;28776.0
364600;37445.0;7829.0;29616.0
364700;37600.0;7824.0;29776.0
364800;37495.0;7839.0;29656.0
364900;37510.0;7854.0;29656.0
365000;37485.0;7829.0;29656.0
365100;37575.0;7919.0;29656.0
365200;37375.0;7839.0;29536.0
365300;37525.0;7829.0;29696.0
365400;36925.0;7829.0;29096.0
365500;38386.0;7850.0;30536.0
365600;37542.5;7846.5;29696.0
365700;37412.0;7836.0;29576.0
365800;37583.0;7847.0;29736.0
365900;37445.0;7869.0;29576.0
366000;37605.0;7869.0;29736.0
366100;37490.5;7874.5;29616.0
366200;37634.0;7858.0;29776.0
366300;37594.0;7858.0;29736.0
366400;37634.0;7858.0;29776.0
366500;37634.0;7858.0;29776.0
366600;37628.5;7852.5;29776.0
366700;37690.5;7874.5;29816.0
366800;37485.0;7869.0;29616.0
366900;37690.5;7874.5;29816.0
367000;37674.0;7858.0;29816.0
367100;37751.0;7935.0;29816.0
367200;37834.0;7858.0;29976.0
367300;37674.0;7858.0;29816.0
367400;37583.0;7847.0;29736.0
367500;37714.0;7858.0;29856.0
367600;37834.0;7858.0;29976.0
367700;37748.5;7852.5;29896.0
367800;37743.0;7847.0;29896.0
367900;37577.5;7841.5;29736.0
368000;37594.0;7858.0;29736.0
368100;37914.0;7858.0;30056.0
368200;37794.0;7858.0;29936.0
368300;37794.0;7858.0;29936.0
368400;37788.5;7852.5;29936.0
368500;37783.0;7847.0;29936.0
368600;37696.0;7880.0;29816.0
368700;37663.0;7847.0;29816.0
368800;37823.0;7847.0;29976.0
368900;37663.0;7847.0;29816.0
369000;37878.0;7902.0;29976.0
369100;37972.0;7836.0;30136.0
369200;37900.0;7924.0;29976.0
369300;37801.0;7825.0;29976.0
369400;37884.0;7748.0;30136.0
369500;37268.5;7852.5;29416.0
369600;37857.5;7841.5;30016.0
369700;37930.5;7874.5;30056.0
369800;38012.0;7836.0;30176.0
369900;37892.0;7836.0;30056.0
370000;37881.0;7825.0;30056.0
370100;37921.0;7825.0;30096.0
370200;37881.0;7825.0;30056.0
370300;37881.0;7825.0;30056.0
370400;37998.0;7902.0;30096.0
370500;37862.0;7766.0;30096.0
370600;37966.0;7870.0;30096.0
370700;38102.0;7846.0;30256.0
370800;38062.0;7926.0;30136.0
370900;37958.0;7822.0;30136.0
371000;37982.0;7846.0;30136.0
371100;38006.0;7846.0;30160.0
371200;37868.0;7822.0;30046.0
371300;37982.0;7822.0;30160.0
371400;38055.5;7838.0;30217.5
371500;38063.5;7846.0;30217.5
371600;38063.5;7846.0;30217.5
371700;38528.0;7718.0;30810.0
371800;38103.0;7846.0;30257.0
371900;38087.0;7830.0;30257.0
372000;38231.0;7974.0;30257.0
372100;38972.0;7846.0;31126.0
372200;38103.0;7846.0;30257.0
372300;37547.0;7846.0;29701.0
372400;38019.0;7718.0;30301.0
372500;38147.0;7846.0;30301.0
372600;38163.0;7862.0;30301.0
372700;38203.0;7862.0;30341.0
372800;38187.0;7846.0;30341.0
372900;38323.0;7862.0;30461.0
373000;38195.0;7854.0;30341.0
373100;38187.0;7846.0;30341.0
373200;38203.0;7862.0;30341.0
373300;38187.0;7846.0;30341.0
373400;38243.0;7862.0;30381.0
373500;38243.0;7862.0;30381.0
373600;38235.0;7854.0;30381.0
373700;38267.0;7846.0;30421.0
373800;38267.0;7846.0;30421.0
373900;38275.0;7854.0;30421.0
374000;38299.0;7878.0;30421.0
374100;38467.0;7886.0;30581.0
374200;38299.0;7878.0;30421.0
374300;38299.0;7878.0;30421.0
374400;38371.0;7910.0;30461.0
374500;38355.0;7894.0;30461.0
374600;38475.0;7894.0;30581.0
374700;38395.0;7894.0;30501.0
374800;38445.0;7926.0;30519.0
374900;38131.0;7766.0;30365.0
375000;38437.0;7918.0;30519.0
375100;38583.0;7910.0;30673.0
375200;38413.0;7894.0;30519.0
375300;38475.5;7918.0;30557.5
375400;38427.5;7870.0;30557.5
375500;38348.0;7906.0;30442.0
375600;39074.0;7939.0;31135.0
375700;37688.0;7939.0;29749.0
375800;38650.5;7939.0;30711.5
375900;38520.0;7924.0;30596.0
376000;38520.0;7924.0;30596.0
376100;38535.0;7939.0;30596.0
376200;39089.0;7954.0;31135.0
376300;38565.0;7969.0;30596.0
376400;38588.5;7954.0;30634.5
376500;38588.5;7954.0;30634.5
376600;38465.5;7946.5;30519.0
376700;38177.0;7969.0;30208.0
376800;38657.0;7969.0;30688.0
376900;38642.0;7954.0;30688.0
377000;38634.5;7946.5;30688.0
377100;38657.0;7969.0;30688.0
377200;38672.0;7984.0;30688.0
377300;38559.5;7991.5;30568.0
377400;38697.0;7969.0;30728.0
377500;38697.0;7969.0;30728.0
377600;38744.0;8016.0;30728.0
377700;38773.0;8005.0;30768.0
377800;38762.0;7994.0;30768.0
377900;38762.0;7994.0;30768.0
378000;38762.0;7994.0;30768.0
378100;38614.5;7966.5;30648.0
378200;38631.0;7983.0;30648.0
378300;38790.0;7862.0;30928.0
378400;38769.0;7961.0;30808.0
378500;39380.0;7972.0;31408.0
378600;38671.0;7983.0;30688.0
378700;38820.0;7972.0;30848.0
378800;38934.5;7966.5;30968.0
378900;38820.0;7972.0;30848.0
379000;38820.0;7972.0;30848.0
379100;38843.5;7955.5;30888.0
379200;38798.0;7950.0;30848.0
379300;38969.0;7961.0;31008.0
379400;38849.0;7961.0;30888.0
379500;38849.0;7961.0;30888.0
379600;38799.5;7911.5;30888.0
379700;38892.0;7964.0;30928.0
379800;38732.0;7964.0;30768.0
379900;39087.0;8039.0;31048.0
380000;38892.0;7964.0;30928.0
380100;39059.5;7971.5;31088.0
380200;38884.5;7956.5;30928.0
380300;38907.0;7979.0;30928.0
380400;38347.0;7979.0;30368.0
380500;38377.0;8009.0;30368.0
380600;38917.0;7949.0;30968.0
380700;39517.0;7949.0;31568.0
380800;38987.0;7979.0;31008.0
380900;39171.0;8043.0;31128.0
381000;38908.0;8036.0;30872.0
381100;39055.0;8029.0;31026.0
381200;39069.0;8043.0;31026.0
381300;39078.0;8052.0;31026.0
381400;38467.0;7980.0;30487.0
381500;39044.5;7980.0;31064.5
381600;39116.5;8052.0;31064.5
381700;39194.0;7975.5;31218.5
381800;39291.5;8073.0;31218.5
381900;39291.5;8073.0;31218.5
382000;38887.0;7938.0;30949.0
382100;39168.5;8065.5;31103.0
382200;39176.0;8073.0;31103.0
382300;39183.5;8080.5;31103.0
382400;39049.5;7908.0;31141.5
382500;39214.5;8073.0;31141.5
382600;39315.0;8058.0;31257.0
382700;39200.5;8020.5;31180.0
382800;39238.0;8058.0;31180.0
382900;39353.5;8058.0;31295.5
383000;39280.0;8100.0;31180.0
383100;39745.5;8142.0;31603.5
383200;38793.5;8152.5;30641.0
383300;39280.0;8100.0;31180.0
383400;39434.0;8100.0;31334.0
383500;39413.0;8079.0;31334.0
383600;39322.0;7988.0;31334.0
383700;39388.0;8131.0;31257.0
383800;39388.0;8131.0;31257.0
383900;39596.0;8339.0;31257.0
384000;39362.0;8105.0;31257.0
384100;39927.0;8131.0;31796.0
384200;39981.0;8185.0;31796.0
384300;39596.0;8185.0;31411.0
384400;39343.0;8163.0;31180.0
384500;39365.0;8185.0;31180.0
384600;39387.0;8207.0;31180.0
384700;39365.0;8185.0;31180.0
384800;39410.0;8076.0;31334.0
384900;39540.5;8206.5;31334.0
385000;39555.0;8221.0;31334.0
385100;39410.5;8192.0;31218.5
385200;39526.0;8192.0;31334.0
385300;39410.5;8192.0;31218.5
385400;39449.0;8192.0;31257.0
385500;39680.0;8192.0;31488.0
385600;39463.0;8090.5;31372.5
385700;39603.0;8192.0;31411.0
385800;39588.5;8177.5;31411.0
385900;39632.0;8221.0;31411.0
386000;39632.0;8221.0;31411.0
386100;40171.0;8221.0;31950.0
386200;39603.0;8192.0;31411.0
386300;39603.0;8192.0;31411.0
386400;39641.5;8192.0;31449.5
386500;39460.5;8011.0;31449.5
386600;39645.5;8196.0;31449.5
386700;39388.0;7900.0;31488.0
386800;39493.0;8159.0;31334.0
386900;39799.5;8196.0;31603.5
387000;39838.0;8196.0;31642.0
387100;39573.0;8085.0;31488.0
387200;39684.0;8196.0;31488.0
387300;39838.0;8196.0;31642.0
387400;39685.5;8159.0;31526.5
387500;39722.5;8196.0;31526.5
387600;39426.5;7900.0;31526.5
387700;39761.0;8196.0;31565.0
387800;39724.0;8159.0;31565.0
387900;39570.0;8159.0;31411.0
388000;39761.0;8196.0;31565.0
388100;39650.0;8085.0;31565.0
388200;39761.0;8196.0;31565.0
388300;39645.5;8196.0;31449.5
388400;39799.5;8196.0;31603.5
388500;39570.0;8159.0;31411.0
388600;39762.5;8159.0;31603.5
388700;39801.0;8159.0;31642.0
388800;39764.0;8122.0;31642.0
388900;39573.0;8085.0;31488.0
389000;39955.0;8159.0;31796.0
389100;40340.0;8159.0;32181.0
389200;40097.0;8455.0;31642.0
389300;39801.0;8159.0;31642.0
389400;39839.5;8159.0;31680.5
389500;39895.0;8214.5;31680.5
389600;409558.0;378344.0;31214.0
389700;39948.5;8214.5;31734.0
389800;40083.0;8229.0;31854.0
389900;39906.0;8332.0;31574.0
390000;39986.0;8252.0;31734.0
390100;40026.0;8292.0;31734.0
390200;40026.0;8292.0;31734.0
390300;39986.0;8252.0;31734.0
390400;40009.0;8355.0;31654.0
390500;40040.0;8386.0;31654.0
390600;40098.0;8324.0;31774.0
390700;40289.0;8355.0;31934.0
390800;40289.0;8355.0;31934.0
390900;40122.5;8308.5;31814.0
391000;40122.5;8308.5;31814.0
391100;40049.0;8355.0;31694.0
391200;40169.0;8355.0;31814.0
391300;40197.0;8383.0;31814.0
391400;40117.0;8383.0;31734.0
391500;40210.0;8356.0;31854.0
391600;40877.5;8423.5;32454.0
391700;40277.0;8383.0;31894.0
391800;40223.0;8329.0;31894.0
391900;40397.0;8383.0;32014.0
392000;40007.0;8113.0;31894.0
392100;40277.0;8383.0;31894.0
392200;40277.0;8383.0;31894.0
392300;40250.0;8356.0;31894.0
392400;40317.0;8383.0;31934.0
392500;40352.0;8418.0;31934.0
392600;40464.0;8530.0;31934.0
392700;40344.0;8370.0;31974.0
392800;40136.0;8162.0;31974.0
392900;40424.0;8450.0;31974.0
393000;40424.0;8450.0;31974.0
393100;40584.0;8450.0;32134.0
393200;40424.0;8450.0;31974.0
393300;40616.0;8482.0;32134.0
393400;40752.0;8738.0;32014.0
393500;40432.0;8418.0;32014.0
393600;40464.0;8450.0;32014.0
393700;40656.0;8482.0;32174.0
393800;40509.0;8615.0;31894.0
393900;40554.0;8500.0;32054.0
394000;40394.0;8500.0;31894.0
394100;40738.0;8684.0;32054.0
394200;40370.0;8316.0;32054.0
394300;40411.0;8477.0;31934.0
394400;40571.0;8477.0;32094.0
394500;40571.0;8477.0;32094.0
394600;40571.0;8477.0;32094.0
394700;40151.0;8577.0;31574.0
394800;40621.0;8487.0;32134.0
394900;40687.0;8433.0;32254.0
395000;40772.0;8478.0;32294.0
395100;40781.0;8487.0;32294.0
395200;40621.0;8487.0;32134.0
395300;40799.0;8505.0;32294.0
395400;40661.0;8487.0;32174.0
395500;40661.0;8487.0;32174.0
395600;40661.0;8487.0;32174.0
395700;40710.0;8496.0;32214.0
395800;40683.0;8469.0;32214.0
395900;40683.0;8469.0;32214.0
396000;40683.0;8469.0;32214.0
396100;40563.0;8469.0;32094.0
396200;40827.0;8613.0;32214.0
396300;40692.0;8478.0;32214.0
396400;40576.0;8442.0;32134.0
396500;40621.0;8487.0;32134.0
396600;40705.0;8451.0;32254.0
396700;40594.0;8460.0;32134.0
396800;40781.0;8487.0;32294.0
396900;40763.0;8469.0;32294.0
397000;40763.0;8469.0;32294.0
397100;40754.0;8460.0;32294.0
397200;40763.0;8469.0;32294.0
397300;40763.0;8469.0;32294.0
397400;40821.0;8487.0;32334.0
397500;40941.0;8487.0;32454.0
397600;41661.0;8487.0;33174.0
397700;40861.0;8487.0;32374.0
397800;40861.0;8487.0;32374.0
397900;40879.0;8505.0;32374.0
398000;41048.0;8514.0;32534.0
398100;40888.0;8514.0;32374.0
398200;40861.0;8487.0;32374.0
398300;40861.0;8487.0;32374.0
398400;40901.0;8487.0;32414.0
398500;40925.0;8631.0;32294.0
398600;40781.0;8487.0;32294.0
398700;40941.0;8487.0;32454.0
398800;40941.0;8487.0;32454.0
398900;40941.0;8487.0;32454.0
399000;40781.0;8487.0;32294.0
399100;40363.0;8469.0;31894.0
399200;40923.0;8469.0;32454.0
399300;41483.0;8469.0;33014.0
399400;40843.0;8469.0;32374.0
399500;40963.0;8469.0;32494.0
399600;40963.0;8469.0;32494.0
399700;41123.0;8469.0;32654.0
399800;40972.0;8478.0;32494.0
399900;40843.0;8469.0;32374.0
400000;41163.0;8469.0;32694.0
400100;41003.0;8469.0;32534.0
400200;41003.0;8469.0;32534.0
400300;41003.0;8469.0;32534.0
400400;41061.0;8487.0;32574.0
400500;40998.0;8424.0;32574.0
400600;41043.0;8469.0;32574.0
400700;41043.0;8469.0;32574.0
400800;41065.0;8451.0;32614.0
400900;41061.0;8487.0;32574.0
401000;40621.0;8487.0;32134.0
401100;41101.0;8487.0;32614.0
401200;41078.0;8424.0;32654.0
401300;40541.0;8487.0;32054.0
401400;41036.0;8382.0;32654.0
401500;41431.0;8497.0;32934.0
401600;40967.0;8313.0;32654.0
401700;41214.0;8560.0;32654.0
401800;41094.0;8560.0;32534.0
401900;41406.0;8592.0;32814.0
402000;41318.0;8624.0;32694.0
402100;41286.0;8592.0;32694.0
402200;41334.0;8640.0;32694.0
402300;41166.0;8592.0;32574.0
402400;41070.0;8336.0;32734.0
402500;41142.0;8528.0;32614.0
402600;41481.0;8627.0;32854.0
402700;41200.5;8586.5;32614.0
402800;41401.0;8627.0;32774.0
402900;41920.5;8586.5;33334.0
403000;41401.0;8627.0;32774.0
403100;41401.0;8627.0;32774.0
403200;41401.0;8627.0;32774.0
403300;41441.0;8627.0;32814.0
403400;41454.5;8640.5;32814.0
403500;41588.0;8654.0;32934.0
403600;41468.0;8654.0;32814.0
403700;41346.5;8532.5;32814.0
403800;41481.0;8627.0;32854.0
403900;41481.0;8627.0;32854.0
404000;41321.0;8627.0;32694.0
404100;41508.0;8654.0;32854.0
404200;41481.0;8627.0;32854.0
404300;41401.0;8627.0;32774.0
404400;41521.0;8627.0;32894.0
404500;41602.0;8708.0;32894.0
404600;41278.0;8384.0;32894.0
404700;41401.0;8627.0;32774.0
404800;41561.0;8627.0;32934.0
404900;41001.0;8627.0;32374.0
405000;41534.0;8600.0;32934.0
405100;41547.5;8613.5;32934.0
405200;41721.0;8627.0;33094.0
405300;42201.0;8627.0;33574.0
405400;41815.0;8841.0;32974.0
405500;42215.0;8641.0;33574.0
405600;41452.5;8678.5;32774.0
405700;41590.0;8616.0;32974.0
405800;41655.0;8641.0;33014.0
405900;41655.0;8641.0;33014.0
406000;41495.0;8641.0;32854.0
406100;41190.0;8616.0;32574.0
406200;41655.0;8641.0;33014.0
406300;41695.0;8641.0;33054.0
406400;41695.0;8641.0;33054.0
406500;41657.5;8603.5;33054.0
406600;41695.0;8641.0;33054.0
406700;41695.0;8641.0;33054.0
406800;41682.5;8628.5;33054.0
406900;41175.0;8641.0;32534.0
407000;41175.0;8641.0;32534.0
407100;41577.5;8603.5;32974.0
407200;41710.0;8616.0;33094.0
407300;41560.0;8666.0;32894.0
407400;41856.0;8722.0;33134.0
407500;41823.0;8689.0;33134.0
407600;41872.5;8738.5;33134.0
407700;41823.0;8689.0;33134.0
407800;42016.0;8722.0;33294.0
407900;41846.5;8672.5;33174.0
408000;41016.0;8722.0;32294.0
408100;41896.0;8722.0;33174.0
408200;42456.0;8722.0;33734.0
408300;41936.0;8722.0;33214.0
408400;41849.0;8755.0;33094.0
408500;41969.0;8755.0;33214.0
408600;41969.0;8755.0;33214.0
408700;41639.0;8425.0;33214.0
408800;42009.0;8755.0;33254.0
408900;41959.5;8705.5;33254.0
409000;42009.0;8755.0;33254.0
409100;41889.0;8755.0;33134.0
409200;42313.0;8899.0;33414.0
409300;42024.0;8730.0;33294.0
409400;42037.0;8743.0;33294.0
409500;42172.0;8878.0;33294.0
409600;41477.0;8783.0;32694.0
409700;42086.5;8792.5;33294.0
409800;42145.5;8811.5;33334.0
409900;42117.0;8783.0;33334.0
410000;42117.0;8783.0;33334.0
410100;42136.0;8802.0;33334.0
410200;42277.0;8783.0;33494.0
410300;42157.0;8783.0;33374.0
410400;42176.0;8802.0;33374.0
410500;42277.0;8783.0;33494.0
410600;42109.5;8735.5;33374.0
410700;42185.5;8811.5;33374.0
410800;42197.0;8783.0;33414.0
410900;42187.5;8773.5;33414.0
411000;42018.0;8764.0;33254.0
411100;42178.0;8764.0;33414.0
411200;42058.0;8764.0;33294.0
411300;41618.0;8764.0;32854.0
411400;42237.0;8783.0;33454.0
411500;42218.0;8764.0;33454.0
411600;42218.0;8764.0;33454.0
411700;42338.0;8764.0;33574.0
411800;42378.0;8764.0;33614.0
411900;42106.0;8612.0;33494.0
412000;42248.5;8754.5;33494.0
412100;42296.0;8802.0;33494.0
412200;42277.0;8783.0;33494.0
412300;42898.0;8764.0;34134.0
412400;41717.0;8783.0;32934.0
412500;42317.0;8783.0;33534.0
412600;42317.0;8783.0;33534.0
412700;42197.0;8783.0;33414.0
412800;42427.0;8853.0;33574.0
412900;42434.5;8860.5;33574.0
413000;42252.0;8838.0;33414.0
413100;42412.0;8838.0;33574.0
413200;42572.0;8838.0;33734.0
413300;42452.0;8838.0;33614.0
413400;42429.5;8815.5;33614.0
413500;42459.5;8845.5;33614.0
413600;42437.0;8823.0;33614.0
413700;42422.0;8808.0;33614.0
413800;42197.0;8703.0;33494.0
413900;42612.0;8838.0;33774.0
414000;42492.0;8838.0;33654.0
414100;43052.0;8838.0;34214.0
414200;42414.0;8880.0;33534.0
414300;42742.0;9048.0;33694.0
414400;42532.0;8838.0;33694.0
414500;42574.0;8880.0;33694.0
414600;42542.5;8848.5;33694.0
414700;42574.0;8880.0;33694.0
414800;42755.0;8901.0;33854.0
414900;42645.5;8911.5;33734.0
415000;42614.0;8880.0;33734.0
415100;42753.0;8859.0;33894.0
415200;42782.0;9048.0;33734.0
415300;-1030565.0;8901.0;-1039466.0
415400;42582.0;8880.0;33702.0
415500;42693.0;8880.0;33813.0
415600;42546.0;8733.0;33813.0
415700;42825.0;8901.0;33924.0
415800;42751.0;8901.0;33850.0
415900;42751.0;8901.0;33850.0
416000;42666.0;8964.0;33702.0
416100;42814.0;8964.0;33850.0
416200;42836.5;8986.5;33850.0
416300;42865.0;8978.0;33887.0
416400;42884.5;8997.5;33887.0
416500;42865.0;8978.0;33887.0
416600;42865.0;8978.0;33887.0
416700;42865.0;8978.0;33887.0
416800;42876.0;8952.0;33924.0
416900;42728.0;8952.0;33776.0
417000;42915.0;8991.0;33924.0
417100;42791.0;8978.0;33813.0
417200;42939.0;8978.0;33961.0
417300;42926.0;8965.0;33961.0
417400;42926.0;8965.0;33961.0
417500;42815.0;8965.0;33850.0
417600;42390.5;8984.5;33406.0
417700;42958.0;8997.0;33961.0
417800;43071.0;8962.0;34109.0
417900;42960.0;8962.0;33998.0
418000;42945.0;8947.0;33998.0
418100;42960.0;8962.0;33998.0
418200;42950.0;8952.0;33998.0
418300;42907.0;8872.0;34035.0
418400;42977.0;8942.0;34035.0
418500;42997.0;8962.0;34035.0
418600;42427.0;8947.0;33480.0
418700;42987.0;8952.0;34035.0
418800;43024.0;8952.0;34072.0
418900;42989.0;8917.0;34072.0
419000;42866.0;8942.0;33924.0
419100;43014.0;8942.0;34072.0
419200;42958.0;8952.0;34006.0
419300;43013.0;8967.0;34046.0
419400;43144.0;8952.0;34192.0
419500;43139.0;8947.0;34192.0
419600;43045.0;8967.0;34078.0
419700;43268.0;8962.0;34306.0
419800;43167.0;8937.0;34230.0
419900;43182.0;8952.0;34230.0
420000;43197.0;8967.0;34230.0
420100;43192.0;8962.0;34230.0
420200;43182.0;8952.0;34230.0
420300;43225.0;8957.0;34268.0
420400;43220.0;8952.0;34268.0
420500;43111.0;8957.0;34154.0
420600;43111.0;8957.0;34154.0
420700;43220.0;8952.0;34268.0
420800;43268.0;8962.0;34306.0
420900;43106.0;8952.0;34154.0
421000;43258.0;8952.0;34306.0
421100;42741.0;8967.0;33774.0
421200;43258.0;8952.0;34306.0
421300;43182.0;8952.0;34230.0
421400;43724.0;8962.0;34762.0
421500;43390.0;8932.0;34458.0
421600;43276.0;8932.0;34344.0
421700;43410.0;8952.0;34458.0
421800;43309.0;8927.0;34382.0
421900;43234.0;8852.0;34382.0
422000;43394.0;9012.0;34382.0
422100;43466.0;8932.0;34534.0
422200;43314.0;8932.0;34382.0
422300;43352.0;8932.0;34420.0
422400;43352.0;8932.0;34420.0
422500;43342.0;8922.0;34420.0
422600;43432.0;9012.0;34420.0
422700;43907.0;8917.0;34990.0
422800;43390.0;8932.0;34458.0
422900;43390.0;8932.0;34458.0
423000;43355.0;8897.0;34458.0
423100;43400.0;8942.0;34458.0
423200;43395.0;8937.0;34458.0
423300;43453.0;8957.0;34496.0
423400;43418.0;8922.0;34496.0
423500;43532.0;8922.0;34610.0
423600;43428.0;8932.0;34496.0
423700;43542.0;8932.0;34610.0
423800;43570.0;8922.0;34648.0
423900;43386.5;8852.5;34534.0
424000;42965.0;8963.0;34002.0
424100;43497.0;8963.0;34534.0
424200;43349.0;8929.0;34420.0
424300;43598.0;8912.0;34686.0
424400;42694.5;8920.5;33774.0
424500;43501.0;8929.0;34572.0
424600;43365.0;8793.0;34572.0
424700;43501.0;8929.0;34572.0
424800;43539.0;8929.0;34610.0
424900;43615.5;9005.5;34610.0
425000;43599.0;8989.0;34610.0
425100;43641.0;8989.0;34652.0
425200;43683.0;9031.0;34652.0
425300;44200.5;9031.0;35169.5
425400;43717.5;9031.0;34686.5
425500;43717.5;9031.0;34686.5
425600;43700.5;9014.0;34686.5
425700;43804.0;9014.0;34790.0
425800;43749.5;9063.0;34686.5
425900;43894.0;9173.0;34721.0
426000;44543.0;9063.0;35480.0
426100;43774.0;9053.0;34721.0
426200;43794.0;9073.0;34721.0
426300;43922.0;9063.0;34859.0
426400;43922.0;9063.0;34859.0
426500;43715.0;9063.0;34652.0
426600;43818.5;9063.0;34755.5
426700;43808.5;9053.0;34755.5
426800;43833.0;9043.0;34790.0
426900;43715.0;9063.0;34652.0
427000;43853.0;9063.0;34790.0
427100;43838.0;9048.0;34790.0
427200;43853.0;9063.0;34790.0
427300;43872.5;9048.0;34824.5
427400;44277.0;9073.0;35204.0
427500;43887.5;9063.0;34824.5
427600;43887.5;9063.0;34824.5
427700;43991.0;9063.0;34928.0
427800;43999.0;9098.0;34901.0
427900;44088.0;9073.0;35015.0
428000;43739.0;8990.0;34749.0
428100;44142.0;9089.0;35053.0
428200;44008.0;9107.0;34901.0
428300;44010.0;9071.0;34939.0
428400;44172.0;9233.0;34939.0
428500;44028.0;9089.0;34939.0
428600;43914.0;9089.0;34825.0
428700;44037.0;9098.0;34939.0
428800;44021.0;9044.0;34977.0
428900;44066.0;9089.0;34977.0
429000;44048.0;9071.0;34977.0
429100;44066.0;9089.0;34977.0
429200;44066.0;9089.0;34977.0
429300;44068.0;9053.0;35015.0
429400;44113.0;9098.0;35015.0
429500;44086.0;9071.0;35015.0
429600;44200.0;9071.0;35129.0
429700;44104.0;9089.0;35015.0
429800;43996.0;8981.0;35015.0
429900;44154.0;9101.0;35053.0
430000;43938.0;8885.0;35053.0
430100;44154.0;9101.0;35053.0
430200;44130.0;9077.0;35053.0
430300;44196.0;9105.0;35091.0
430400;44168.0;9077.0;35091.0
430500;44196.0;9105.0;35091.0
430600;44168.0;9077.0;35091.0
430700;44282.0;9077.0;35205.0
430800;44054.0;9077.0;34977.0
430900;44206.0;9077.0;35129.0
431000;44458.0;9329.0;35129.0
431100;44710.0;9049.0;35661.0
431200;43982.0;8853.0;35129.0
431300;44358.0;9077.0;35281.0
431400;44158.0;9105.0;35053.0
431500;44144.0;9091.0;35053.0
431600;44272.0;9105.0;35167.0
431700;44272.0;9105.0;35167.0
431800;44310.0;9105.0;35205.0
431900;44338.0;9133.0;35205.0
432000;43778.0;9105.0;34673.0
432100;44420.0;9063.0;35357.0
432200;44324.0;9119.0;35205.0
432300;44234.0;9105.0;35129.0
432400;44434.0;9077.0;35357.0
432500;44362.0;9119.0;35243.0
432600;44348.0;9105.0;35243.0
432700;45118.0;9077.0;36041.0
432800;44500.0;9105.0;35395.0
432900;44428.0;9147.0;35281.0
433000;43968.0;9147.0;34821.0
433100;44415.0;9114.0;35301.0
433200;44608.0;9147.0;35461.0
433300;44389.0;9048.0;35341.0
433400;44466.0;9125.0;35341.0
433500;44444.0;9103.0;35341.0
433600;44466.0;9125.0;35341.0
433700;44508.0;9167.0;35341.0
433800;44396.0;9175.0;35221.0
433900;44668.0;9167.0;35501.0
434000;44500.0;9119.0;35381.0
434100;44492.0;9111.0;35381.0
434200;44524.0;9143.0;35381.0
434300;44852.0;9311.0;35541.0
434400;44708.0;9167.0;35541.0
434500;44588.0;9167.0;35421.0
434600;44732.0;9191.0;35541.0
434700;44732.0;9191.0;35541.0
434800;44644.0;9183.0;35461.0
434900;44644.0;9183.0;35461.0
435000;44644.0;9183.0;35461.0
435100;45092.0;9311.0;35781.0
435200;45524.0;9183.0;36341.0
435300;44684.0;9183.0;35501.0
435400;44548.0;9167.0;35381.0
435500;44700.0;9199.0;35501.0
435600;44857.0;9356.0;35501.0
435700;44714.0;9213.0;35501.0
435800;44754.0;9213.0;35541.0
435900;44594.0;9213.0;35381.0
436000;44927.0;9226.0;35701.0
436100;45200.5;9219.5;35981.0
436200;44754.0;9213.0;35541.0
436300;44781.0;9200.0;35581.0
436400;44667.5;9206.5;35461.0
436500;44946.5;9245.5;35701.0
436600;44807.0;9226.0;35581.0
436700;44768.0;9187.0;35581.0
436800;44801.5;9180.5;35621.0
436900;45006.0;9265.0;35741.0
437000;45007.0;9226.0;35781.0
437100;44746.5;9245.5;35501.0
437200;44860.0;9239.0;35621.0
437300;44913.0;9252.0;35661.0
437400;44919.5;9258.5;35661.0
437500;44780.0;9239.0;35541.0
437600;44780.0;9239.0;35541.0
437700;45500.0;9239.0;36261.0
437800;44966.0;9265.0;35701.0
437900;45766.0;9265.0;36501.0
438000;174966.0;139265.0;35701.0
438100;44953.0;9252.0;35701.0
438200;45057.0;9356.0;35701.0
438300;44993.0;9252.0;35741.0
438400;45153.0;9252.0;35901.0
438500;45446.0;9265.0;36181.0
438600;45032.0;9291.0;35741.0
438700;45032.0;9291.0;35741.0
438800;45065.5;9284.5;35781.0
438900;44899.0;9278.0;35621.0
439000;45919.5;9258.5;36661.0
439100;45242.0;9301.0;35941.0
439200;45233.0;9292.0;35941.0
439300;45233.0;9292.0;35941.0
439400;45131.0;9310.0;35821.0
439500;45158.0;9337.0;35821.0
439600;45158.0;9337.0;35821.0
439700;45269.0;9328.0;35941.0
439800;45238.0;9377.0;35861.0
439900;45213.0;9352.0;35861.0
440000;45238.0;9377.0;35861.0
440100;45038.0;9177.0;35861.0
440200;45398.0;9377.0;36021.0
440300;45253.0;9352.0;35901.0
440400;45133.0;9352.0;35781.0
440500;45422.0;9401.0;36021.0
440600;45182.0;9401.0;35781.0
440700;45366.0;9345.0;36021.0
440800;45286.0;9345.0;35941.0
440900;45300.0;9359.0;35941.0
441000;45377.5;9436.5;35941.0
441100;45320.0;9379.0;35941.0
441200;45297.0;9356.0;35941.0
441300;45520.0;9379.0;36141.0
441400;45360.0;9379.0;35981.0
441500;45337.0;9356.0;35981.0
441600;45371.5;9390.5;35981.0
441700;45337.0;9356.0;35981.0
441800;45194.0;9333.0;35861.0
441900;45471.0;9450.0;36021.0
442000;45375.0;9354.0;36021.0
442100;45479.0;9418.0;36061.0
442200;45271.0;9370.0;35901.0
442300;45473.0;9412.0;36061.0
442400;45353.0;9412.0;35941.0
442500;45473.0;9412.0;36061.0
442600;45451.0;9390.0;36061.0
442700;46115.0;9454.0;36661.0
442800;45583.0;9482.0;36101.0
442900;46185.0;9524.0;36661.0
443000;45807.0;9706.0;36101.0
443100;45597.0;9496.0;36101.0
443200;45327.0;9226.0;36101.0
443300;45623.0;9482.0;36141.0
443400;45623.0;9482.0;36141.0
443500;45559.0;9418.0;36141.0
443600;45711.0;9450.0;36261.0
443700;45559.0;9418.0;36141.0
443800;45599.0;9418.0;36181.0
443900;45631.0;9450.0;36181.0
444000;45441.0;9260.0;36181.0
444100;45475.0;9134.0;36341.0
444200;46119.0;9498.0;36621.0
444300;45719.0;9498.0;36221.0
444400;45719.0;9498.0;36221.0
444500;45839.0;9498.0;36341.0
444600;46319.0;9498.0;36821.0
444700;45771.0;9550.0;36221.0
444800;45364.0;9263.0;36101.0
444900;45486.0;9385.0;36101.0
445000;45794.0;9693.0;36101.0
445100;45885.0;9624.0;36261.0
445200;45885.0;9624.0;36261.0
445300;46045.0;9624.0;36421.0
445400;45925.0;9624.0;36301.0
445500;45839.5;9658.5;36181.0
445600;45890.5;9589.5;36301.0
445700;45994.0;9693.0;36301.0
445800;45805.0;9624.0;36181.0
445900;45965.0;9624.0;36341.0
446000;46034.0;9693.0;36341.0
446100;45965.0;9624.0;36341.0
446200;45827.0;9486.0;36341.0
446300;46056.0;9555.0;36501.0
446400;46090.5;9589.5;36501.0
446500;46039.5;9658.5;36381.0
446600;46074.0;9693.0;36381.0
446700;45867.0;9486.0;36381.0
446800;46045.0;9624.0;36421.0
446900;46165.0;9624.0;36541.0
447000;46205.0;9624.0;36581.0
447100;46308.5;9727.5;36581.0
447200;45994.0;9693.0;36301.0
447300;46034.0;9693.0;36341.0
447400;46154.0;9693.0;36461.0
447500;45981.5;9520.5;36461.0
447600;46637.0;10176.0;36461.0
447700;46757.0;10176.0;36581.0
447800;46125.0;9624.0;36501.0
447900;45693.0;9072.0;36621.0
448000;46293.0;9762.0;36531.0
448100;46107.0;9576.0;36531.0
448200;45932.5;9514.0;36418.5
448300;46032.0;9576.0;36456.0
448400;45989.5;9421.0;36568.5
448500;45524.5;8956.0;36568.5
448600;46464.0;9483.0;36981.0
448700;46175.5;9607.0;36568.5
448800;45970.0;9514.0;36456.0
448900;46120.0;9514.0;36606.0
449000;46058.0;9452.0;36606.0
449100;46176.0;9570.0;36606.0
449200;586392.0;549786.0;36606.0
449300;45835.5;9192.0;36643.5
449400;46105.5;9462.0;36643.5
449500;46267.5;9624.0;36643.5
449600;46186.5;9543.0;36643.5
449700;46749.0;9543.0;37206.0
449800;46359.0;9678.0;36681.0
449900;46413.0;9732.0;36681.0
450000;46359.0;9678.0;36681.0
450100;46563.0;9732.0;36831.0
450200;46413.0;9732.0;36681.0
450300;46450.5;9732.0;36718.5
450400;46396.5;9678.0;36718.5
450500;46396.5;9678.0;36718.5
450600;46369.5;9651.0;36718.5
450700;46392.0;9786.0;36606.0
450800;46353.0;9597.0;36756.0
450900;46392.0;9786.0;36606.0
451000;46577.0;9821.0;36756.0
451100;46577.0;9821.0;36756.0
451200;46513.5;9870.0;36643.5
451300;46565.5;9772.0;36793.5
451400;46502.0;9821.0;36681.0
451500;46502.0;9821.0;36681.0
451600;46614.5;9821.0;36793.5
451700;46502.0;9821.0;36681.0
451800;46701.0;9870.0;36831.0
451900;46127.0;9821.0;36306.0
452000;46586.0;9905.0;36681.0
452100;46780.0;9949.0;36831.0
452200;46780.0;9949.0;36831.0
452300;46302.0;9546.0;36756.0
452400;47385.0;9954.0;37431.0
452500;46822.5;9954.0;36868.5
452600;46935.0;9954.0;36981.0
452700;46710.0;9954.0;36756.0
452800;47268.0;10362.0;36906.0
452900;46809.0;9903.0;36906.0
453000;47554.5;10236.0;37318.5
453100;46884.0;9978.0;36906.0
453200;46884.0;9978.0;36906.0
453300;46577.5;9634.0;36943.5
453400;46908.0;9964.5;36943.5
453500;47483.0;10427.0;37056.0
453600;46963.5;10020.0;36943.5
453700;46663.5;9832.5;36831.0
453800;46048.0;9682.0;36366.0
453900;46989.0;9983.0;37006.0
454000;47235.0;10229.0;37006.0
454100;47238.0;10352.0;36886.0
454200;47631.0;10065.0;37566.0
454300;47111.0;10065.0;37046.0
454400;47111.0;10065.0;37046.0
454500;47649.5;10003.5;37646.0
454600;47111.0;10065.0;37046.0
454700;47172.5;10126.5;37046.0
454800;47291.5;10085.5;37206.0
454900;47353.0;10147.0;37206.0
455000;47151.0;10065.0;37086.0
455100;47151.0;10065.0;37086.0
455200;47232.0;10106.0;37126.0
455300;47340.0;10214.0;37126.0
455400;47226.0;10100.0;37126.0
455500;47264.0;10138.0;37126.0
455600;47207.0;10081.0;37126.0
455700;47188.0;10062.0;37126.0
455800;47266.0;10100.0;37166.0
455900;47426.0;10260.0;37166.0
456000;47258.0;10092.0;37166.0
456100;47418.0;10092.0;37326.0
456200;47286.0;10120.0;37166.0
456300;47374.0;10168.0;37206.0
456400;47278.0;10072.0;37206.0
456500;47402.0;10196.0;37206.0
456600;47170.0;10084.0;37086.0
456700;47290.0;10084.0;37206.0
456800;47372.0;10126.0;37246.0
456900;47358.0;10112.0;37246.0
457000;47316.0;10070.0;37246.0
457100;47316.0;10070.0;37246.0
457200;47358.0;10112.0;37246.0
457300;47398.0;10112.0;37286.0
457400;47518.0;10112.0;37406.0
457500;47966.0;10084.0;37882.0
457600;47396.0;10084.0;37312.0
457700;46598.0;10084.0;36514.0
457800;47210.0;9860.0;37350.0
457900;47396.0;10084.0;37312.0
458000;47434.0;10084.0;37350.0
458100;47320.0;10084.0;37236.0
458200;47362.0;10126.0;37236.0
458300;47500.0;10112.0;37388.0
458400;47472.0;10084.0;37388.0
458500;47500.0;10112.0;37388.0
458600;47542.0;10154.0;37388.0
458700;47542.0;10154.0;37388.0
458800;47643.0;10103.0;37540.0
458900;47484.0;10154.0;37330.0
459000;47484.0;10154.0;37330.0
459100;47622.0;10154.0;37468.0
459200;47760.0;10154.0;37606.0
459300;47732.5;10230.0;37502.5
459400;47908.5;10406.0;37502.5
459500;47652.5;10150.0;37502.5
459600;47620.5;10118.0;37502.5
459700;47476.5;9974.0;37502.5
459800;47803.5;10118.0;37685.5
459900;47723.0;10150.0;37573.0
460000;47691.0;10118.0;37573.0
460100;47106.0;10070.0;37036.0
460200;47556.5;10086.0;37470.5
460300;47730.5;10102.0;37628.5
460400;47746.5;10118.0;37628.5
460500;47778.5;10150.0;37628.5
460600;47778.5;10150.0;37628.5
460700;47849.0;10102.0;37747.0
460800;47660.0;10150.0;37510.0
460900;47818.0;10150.0;37668.0
461000;47786.0;10118.0;37668.0
461100;47944.0;10118.0;37826.0
461200;47688.0;9862.0;37826.0
461300;47675.0;10086.0;37589.0
461400;47707.0;10118.0;37589.0
461500;47825.5;10118.0;37707.5
461600;47825.5;10118.0;37707.5
461700;46964.0;10086.0;36878.0
461800;47727.5;9862.0;37865.5
461900;47931.5;10184.5;37747.0
462000;47988.0;10083.0;37905.0
462100;47860.0;10083.0;37777.0
462200;47853.5;10039.5;37814.0
462300;47342.0;10083.0;37259.0
462400;46968.5;9931.5;37037.0
462500;47938.0;10124.0;37814.0
462600;48051.0;10089.0;37962.0
462700;47792.0;10089.0;37703.0
462800;47975.0;10124.0;37851.0
462900;47922.5;10071.5;37851.0
463000;47975.0;10124.0;37851.0
463100;48010.0;10159.0;37851.0
463200;48105.5;10106.5;37999.0
463300;48012.0;10124.0;37888.0
463400;47977.0;10089.0;37888.0
463500;48029.5;10141.5;37888.0
463600;47977.0;10089.0;37888.0
463700;48128.0;10240.0;37888.0
463800;47922.5;10145.5;37777.0
463900;47566.0;10159.0;37407.0
464000;48205.0;10132.0;38073.0
464100;48099.0;10174.0;37925.0
464200;48099.0;10174.0;37925.0
464300;47872.0;9910.0;37962.0
464400;48169.0;10207.0;37962.0
464500;48086.5;10124.5;37962.0
464600;48103.0;10141.0;37962.0
464700;48320.5;10247.5;38073.0
464800;48169.0;10170.0;37999.0
464900;48138.0;10139.0;37999.0
465000;48286.0;10139.0;38147.0
465100;48138.0;10139.0;37999.0
465200;48060.5;10061.5;37999.0
465300;48175.0;10139.0;38036.0
465400;48286.0;10139.0;38147.0
465500;48286.0;10139.0;38147.0
465600;48206.0;10170.0;38036.0
465700;48179.5;10143.5;38036.0
465800;48790.0;10199.0;38591.0
465900;48091.5;10018.5;38073.0
466000;47829.0;10203.0;37626.0
466100;48311.5;10223.5;38088.0
466200;48209.0;10121.0;38088.0
466300;48350.0;10223.5;38126.5
466400;48907.0;10203.0;38704.0
466500;48370.5;10244.0;38126.5
466600;48391.0;10264.5;38126.5
466700;48329.5;10203.0;38126.5
466800;48409.0;10244.0;38165.0
466900;48409.0;10244.0;38165.0
467000;48450.0;10285.0;38165.0
467100;48450.0;10285.0;38165.0
467200;48450.0;10285.0;38165.0
467300;48321.0;10695.0;37626.0
467400;48447.5;10244.0;38203.5
467500;48563.0;10244.0;38319.0
467600;48447.5;10244.0;38203.5
467700;48660.5;10457.0;38203.5
467800;48183.5;10095.5;38088.0
467900;48453.5;10365.5;38088.0
468000;48540.0;10298.0;38242.0
468100;48596.0;10354.0;38242.0
468200;48596.0;10354.0;38242.0
468300;48807.5;10527.0;38280.5
468400;48527.0;10362.0;38165.0
468500;48642.5;10362.0;38280.5
468600;49033.0;10329.0;38704.0
468700;48642.5;10362.0;38280.5
468800;48714.0;10395.0;38319.0
468900;48681.0;10362.0;38319.0
469000;48571.0;10098.0;38473.0
469100;49066.0;10593.0;38473.0
469200;48648.0;10329.0;38319.0
469300;49098.0;10163.0;38935.0
469400;48691.5;10334.0;38357.5
469500;48387.5;10030.0;38357.5
469600;48691.5;10334.0;38357.5
469700;48691.5;10334.0;38357.5
469800;48768.0;10372.0;38396.0
469900;48576.0;10334.0;38242.0
470000;48730.0;10334.0;38396.0
470100;48576.0;10334.0;38242.0
470200;48825.5;10391.0;38434.5
470300;48768.5;10334.0;38434.5
470400;48768.5;10334.0;38434.5
470500;48692.5;10258.0;38434.5
470600;48672.0;10353.0;38319.0
470700;49270.0;10258.0;39012.0
470800;48712.0;10239.0;38473.0
470900;48923.0;10296.0;38627.0
471000;48769.0;10296.0;38473.0
471100;48961.0;10334.0;38627.0
471200;48911.0;10438.0;38473.0
471300;48978.5;10467.0;38511.5
471400;48759.0;10363.0;38396.0
471500;48835.5;10324.0;38511.5
471600;48951.0;10324.0;38627.0
471700;48835.5;10324.0;38511.5
471800;48874.0;10324.0;38550.0
471900;48942.0;10392.0;38550.0
472000;48990.0;10440.0;38550.0
472100;48910.0;10360.0;38550.0
472200;48842.5;10408.0;38434.5
472300;48403.0;10392.0;38011.0
472400;49001.5;10413.0;38588.5
472500;49146.0;10442.0;38704.0
472600;49059.5;10471.0;38588.5
472700;49059.5;10471.0;38588.5
472800;49098.0;10471.0;38627.0
472900;49300.0;10442.0;38858.0
473000;49405.5;10355.0;39050.5
473100;49608.0;10442.0;39166.0
473200;49223.0;10442.0;38781.0
473300;48992.0;10442.0;38550.0
473400;49107.5;10442.0;38665.5
473500;49107.5;10442.0;38665.5
473600;48963.0;10413.0;38550.0
473700;49107.5;10442.0;38665.5
473800;49146.0;10442.0;38704.0
473900;49102.5;10398.5;38704.0
474000;49694.5;10413.0;39281.5
474100;49146.0;10442.0;38704.0
474200;48405.0;10471.0;37934.0
474300;49416.5;10674.0;38742.5
474400;49184.5;10442.0;38742.5
474500;49069.0;10442.0;38627.0
474600;49184.5;10442.0;38742.5
474700;49184.5;10442.0;38742.5
474800;49223.0;10442.0;38781.0
474900;49223.0;10442.0;38781.0
475000;49252.0;10471.0;38781.0
475100;49223.0;10442.0;38781.0
475200;49107.5;10442.0;38665.5
475300;49261.5;10442.0;38819.5
475400;49261.5;10442.0;38819.5
475500;49290.5;10471.0;38819.5
475600;49175.0;10471.0;38704.0
475700;49146.0;10442.0;38704.0
475800;49415.5;10442.0;38973.5
475900;49358.0;10500.0;38858.0
476000;49358.0;10500.0;38858.0
476100;49329.0;10471.0;38858.0
476200;49839.0;10442.0;39397.0
476300;49367.5;10471.0;38896.5
476400;49483.0;10471.0;39012.0
476500;49295.5;10514.5;38781.0
476600;49287.0;10506.0;38781.0
476700;49402.5;10506.0;38896.5
476800;49475.0;10540.0;38935.0
476900;49475.0;10540.0;38935.0
477000;48902.0;10506.0;38396.0
477100;49088.0;10692.0;38396.0
477200;49514.0;10579.0;38935.0
477300;48966.0;10579.0;38387.0
477400;49566.0;10579.0;38987.0
477500;49698.5;10591.5;39107.0
477600;49516.0;10529.0;38987.0
477700;49528.5;10541.5;38987.0
477800;49636.0;10579.0;39057.0
477900;49111.0;10579.0;38532.0
478000;49661.0;10604.0;39057.0
478100;49111.0;10579.0;38532.0
478200;49636.0;10579.0;39057.0
478300;49473.5;10379.0;39094.5
478400;49786.0;10579.0;39207.0
478500;49823.5;10616.5;39207.0
478600;49586.0;10379.0;39207.0
478700;49722.5;10628.0;39094.5
478800;49878.5;10634.0;39244.5
478900;49802.0;10670.0;39132.0
479000;49766.0;10634.0;39132.0
479100;49916.0;10634.0;39282.0
479200;49659.5;10640.0;39019.5
479300;49815.5;10646.0;39169.5
479400;49910.0;10628.0;39282.0
479500;49719.5;10550.0;39169.5
479600;49803.5;10634.0;39169.5
479700;49815.5;10646.0;39169.5
479800;49879.0;10672.0;39207.0
479900;49879.0;10672.0;39207.0
480000;49879.0;10672.0;39207.0
480100;49894.0;10687.0;39207.0
480200;50404.0;10672.0;39732.0
480300;49931.5;10687.0;39244.5
480400;49931.5;10687.0;39244.5
480500;49452.0;10662.0;38790.0
480600;49930.0;10672.0;39258.0
480700;49967.0;10592.0;39375.0
480800;49798.0;10657.0;39141.0
480900;50130.0;10677.0;39453.0
481000;49503.0;10752.0;38751.0
481100;49979.0;10682.0;39297.0
481200;49403.0;10652.0;38751.0
481300;50008.0;10672.0;39336.0
481400;50008.0;10672.0;39336.0
481500;49998.0;10662.0;39336.0
481600;49881.0;10662.0;39219.0
481700;50125.0;10672.0;39453.0
481800;50052.0;10677.0;39375.0
481900;50079.0;10704.0;39375.0
482000;50044.0;10669.0;39375.0
482100;50047.5;10672.5;39375.0
482200;50044.0;10669.0;39375.0
482300;50100.5;10686.5;39414.0
482400;49969.5;10672.5;39297.0
482500;50193.0;10662.0;39531.0
482600;50086.5;10672.5;39414.0
482700;50076.0;10662.0;39414.0
482800;50166.0;10713.0;39453.0
482900;50202.0;10749.0;39453.0
483000;50202.0;10749.0;39453.0
483100;-1001476.5;10744.5;-1012221.0
483200;50199.0;10746.0;39453.0
483300;50241.0;10749.0;39492.0
483400;50621.0;10700.0;39921.0
483500;50252.0;10760.0;39492.0
483600;50140.0;10765.0;39375.0
483700;50342.0;10850.0;39492.0
483800;50301.0;10770.0;39531.0
483900;50301.0;10770.0;39531.0
484000;50286.0;10755.0;39531.0
484100;50301.0;10770.0;39531.0
484200;50301.0;10770.0;39531.0
484300;50330.0;10760.0;39570.0
484400;50340.0;10770.0;39570.0
484500;50335.0;10765.0;39570.0
484600;50467.0;10780.0;39687.0
484700;50370.0;10800.0;39570.0
484800;50379.0;10770.0;39609.0
484900;50379.0;10770.0;39609.0
485000;50364.0;10755.0;39609.0
485100;50379.0;10770.0;39609.0
485200;50369.0;10760.0;39609.0
485300;50488.0;10840.0;39648.0
485400;50408.0;10760.0;39648.0
485500;50408.0;10760.0;39648.0
485600;50408.0;10760.0;39648.0
485700;50515.0;10750.0;39765.0
485800;50261.0;10730.0;39531.0
485900;50613.0;10770.0;39843.0
486000;50457.0;10770.0;39687.0
486100;50447.0;10760.0;39687.0
486200;50891.0;10775.0;40116.0
486300;50486.0;10760.0;39726.0
486400;50354.0;10745.0;39609.0
486500;50496.0;10770.0;39726.0
486600;50369.0;10760.0;39609.0
486700;49851.0;10716.0;39135.0
486800;50457.0;10842.0;39615.0
486900;50361.0;10746.0;39615.0
487000;50521.0;10746.0;39775.0
487100;51093.0;10758.0;40335.0
487200;50543.0;10728.0;39815.0
487300;50681.0;10746.0;39935.0
487400;50582.0;10767.0;39815.0
487500;50591.0;10776.0;39815.0
487600;50654.0;10839.0;39815.0
487700;50605.0;10790.0;39815.0
487800;50778.0;10803.0;39975.0
487900;50533.0;10838.0;39695.0
488000;50551.0;10856.0;39695.0
488100;50693.0;10838.0;39855.0
488200;50729.0;10874.0;39855.0
488300;50805.0;10910.0;39895.0
488400;50544.0;10769.0;39775.0
488500;50769.0;10874.0;39895.0
488600;50748.0;10853.0;39895.0
488700;50748.0;10853.0;39895.0
488800;50788.0;10853.0;39935.0
488900;50788.0;10853.0;39935.0
489000;50628.0;10853.0;39775.0
489100;50906.0;10811.0;40095.0
489200;50656.0;10721.0;39935.0
489300;50822.0;10847.0;39975.0
489400;50774.0;10919.0;39855.0
489500;50822.0;10847.0;39975.0
489600;50858.0;10883.0;39975.0
489700;50907.0;10932.0;39975.0
489800;50947.0;10932.0;40015.0
489900;51136.0;10961.0;40175.0
490000;50976.0;10961.0;40015.0
490100;50976.0;10961.0;40015.0
490200;51016.0;10961.0;40055.0
490300;50987.0;10932.0;40055.0
490400;51092.5;10917.5;40175.0
490500;51016.0;10961.0;40055.0
490600;50954.0;11019.0;39935.0
490700;50838.0;10903.0;39935.0
490800;51027.0;10932.0;40095.0
490900;51056.0;10961.0;40095.0
491000;51187.0;10932.0;40255.0
491100;51027.0;10932.0;40095.0
491200;51216.0;10961.0;40255.0
491300;51096.0;10961.0;40135.0
491400;51067.0;10932.0;40135.0
491500;51005.0;10990.0;40015.0
491600;51110.5;10975.5;40135.0
491700;51216.0;10961.0;40255.0
491800;51107.0;10932.0;40175.0
491900;51078.0;10903.0;40175.0
492000;51092.5;10917.5;40175.0
492100;50212.5;10917.5;39295.0
492200;50817.0;10642.0;40175.0
492300;50917.5;11062.5;39855.0
492400;51132.5;10917.5;40215.0
492500;51176.0;10961.0;40215.0
492600;51132.5;10917.5;40215.0
492700;51776.0;10961.0;40815.0
492800;51761.5;10946.5;40815.0
492900;51245.0;10990.0;40255.0
493000;51101.0;10846.0;40255.0
493100;51469.0;11214.0;40255.0
493200;51181.0;10926.0;40255.0
493300;51253.0;10958.0;40295.0
493400;51285.0;10990.0;40295.0
493500;51285.0;10990.0;40295.0
493600;51029.0;10734.0;40295.0
493700;51885.0;10990.0;40895.0
493800;51357.0;11022.0;40335.0
493900;51293.0;11118.0;40175.0
494000;51165.0;10990.0;40175.0
494100;51293.0;10958.0;40335.0
494200;51293.0;10958.0;40335.0
494300;51333.0;10958.0;40375.0
494400;51475.0;11100.0;40375.0
494500;51366.0;10991.0;40375.0
494600;51966.0;10991.0;40975.0
494700;51897.0;10922.0;40975.0
494800;51383.0;10968.0;40415.0
494900;51383.0;10968.0;40415.0
495000;51383.0;10968.0;40415.0
495100;51039.0;10784.0;40255.0
495200;51360.0;10945.0;40415.0
495300;51388.5;10933.5;40455.0
495400;51446.0;10991.0;40455.0
495500;51303.0;10968.0;40335.0
495600;51239.0;10784.0;40455.0
495700;51446.0;10991.0;40455.0
495800;51326.0;10991.0;40335.0
495900;51474.5;10979.5;40495.0
496000;51463.0;10968.0;40495.0
496100;51486.0;10991.0;40495.0
496200;51435.0;11060.0;40375.0
496300;51853.0;11198.0;40655.0
496400;51572.0;11037.0;40535.0
496500;51526.0;10991.0;40535.0
496600;51442.0;10907.0;40535.0
496700;51520.0;10985.0;40535.0
496800;51560.0;10985.0;40575.0
496900;51768.0;11193.0;40575.0
497000;51720.0;10985.0;40735.0
497100;51534.0;10959.0;40575.0
497200;51599.0;11024.0;40575.0
497300;51480.0;10985.0;40495.0
497400;51600.0;10985.0;40615.0
497500;51480.0;10985.0;40495.0
497600;51600.0;10985.0;40615.0
497700;51600.0;10985.0;40615.0
497800;51506.0;11011.0;40495.0
497900;51731.0;11076.0;40655.0
498000;51826.0;11011.0;40815.0
498100;51200.0;10985.0;40215.0
498200;51692.0;11037.0;40655.0
498300;51940.0;11245.0;40695.0
498400;51706.0;11011.0;40695.0
498500;51706.0;11011.0;40695.0
498600;51706.0;11011.0;40695.0
498700;51719.0;11024.0;40695.0
498800;51816.0;11081.0;40735.0
498900;51824.0;11089.0;40735.0
499000;51768.0;11033.0;40735.0
499100;51914.0;11019.0;40895.0
499200;51754.0;11019.0;40735.0
499300;51850.0;11075.0;40775.0
499400;51808.0;11033.0;40775.0
499500;51942.0;11047.0;40895.0
499600;51822.0;11047.0;40775.0
499700;51864.0;11089.0;40775.0
499800;51940.0;11005.0;40935.0
499900;52022.0;11047.0;40975.0
500000;52462.0;11047.0;41415.0
500100;52022.0;11047.0;40975.0
500200;51770.0;11075.0;40695.0
500300;51810.0;11075.0;40735.0
500400;51930.0;11075.0;40855.0
500500;51962.0;11107.0;40855.0
500600;51930.0;11075.0;40855.0
500700;51930.0;11075.0;40855.0
500800;52122.0;11107.0;41015.0
500900;51970.0;11075.0;40895.0
501000;51970.0;11075.0;40895.0
501100;52082.0;11027.0;41055.0
501200;51970.0;11075.0;40895.0
501300;52450.0;11075.0;41375.0
501400;52010.0;11075.0;40935.0
501500;52058.0;11123.0;40935.0
501600;52010.0;11075.0;40935.0
501700;52010.0;11075.0;40935.0
501800;52082.0;11107.0;40975.0
501900;52082.0;11267.0;40815.0
502000;52082.0;11107.0;40975.0
502100;52114.0;11139.0;40975.0
502200;51946.0;11091.0;40855.0
502300;52182.0;11167.0;41015.0
502400;52302.0;11167.0;41135.0
502500;52182.0;11167.0;41015.0
502600;52182.0;11167.0;41015.0
502700;52182.0;11167.0;41015.0
502800;52222.0;11167.0;41055.0
502900;52236.0;11181.0;41055.0
503000;52236.0;11181.0;41055.0
503100;52036.5;10981.5;41055.0
503200;51858.0;10923.0;40935.0
503300;52192.0;11217.0;40975.0
503400;52072.0;10857.0;41215.0
503500;52348.0;11253.0;41095.0
503600;52756.0;11541.0;41215.0
503700;51712.0;11217.0;40495.0
503800;52184.0;10929.0;41255.0
503900;52352.0;11217.0;41135.0
504000;52206.0;11271.0;40935.0
504100;52406.0;11271.0;41135.0
504200;52388.0;11253.0;41135.0
504300;52680.0;11505.0;41175.0
504400;52716.0;11541.0;41175.0
504500;52428.0;11253.0;41175.0
504600;52428.0;11253.0;41175.0
504700;52428.0;11253.0;41175.0
504800;52486.0;11271.0;41215.0
504900;52432.0;11217.0;41215.0
505000;52468.0;11253.0;41215.0
505100;52028.0;11253.0;40775.0
505200;52468.0;11253.0;41215.0
505300;52628.0;11253.0;41375.0
505400;52508.0;11253.0;41255.0
505500;52100.0;10965.0;41135.0
505600;52508.0;11253.0;41255.0
505700;52544.0;11289.0;41255.0
505800;52548.0;11253.0;41295.0
505900;51988.0;11253.0;40735.0
506000;52584.0;11289.0;41295.0
506100;52584.0;11289.0;41295.0
506200;52566.0;11271.0;41295.0
506300;52624.0;11289.0;41335.0
506400;52678.0;11343.0;41335.0
506500;52660.0;11325.0;41335.0
506600;52624.0;11289.0;41335.0
506700;52540.0;11325.0;41215.0
506800;52820.0;11325.0;41495.0
506900;52806.0;11271.0;41535.0
507000;52700.0;11325.0;41375.0
507100;52700.0;11325.0;41375.0
507200;52700.0;11325.0;41375.0
507300;52794.0;11379.0;41415.0
507400;52704.0;11289.0;41415.0
507500;52722.0;11307.0;41415.0
507600;52620.0;11325.0;41295.0
507700;52740.0;11325.0;41415.0
507800;52780.0;11325.0;41455.0
507900;52816.0;11361.0;41455.0
508000;52940.0;11325.0;41615.0
508100;52904.0;11289.0;41615.0
508200;52798.0;11343.0;41455.0
508300;52802.0;11307.0;41495.0
508400;52748.0;11253.0;41495.0
508500;52784.0;11289.0;41495.0
508600;52784.0;11289.0;41495.0
508700;52730.0;11235.0;41495.0
508800;52824.0;11289.0;41535.0
508900;52824.0;11289.0;41535.0
509000;52824.0;11289.0;41535.0
509100;52824.0;11289.0;41535.0
509200;52860.0;11325.0;41535.0
509300;52954.0;11379.0;41575.0
509400;52864.0;11289.0;41575.0
509500;53024.0;11289.0;41735.0
509600;52864.0;11289.0;41575.0
509700;52828.0;11253.0;41575.0
509800;53024.0;11289.0;41735.0
509900;52744.0;11289.0;41455.0
510000;53352.0;11577.0;41775.0
510100;52708.0;11253.0;41455.0
510200;52850.0;11235.0;41615.0
510300;52944.0;11289.0;41655.0
510400;52824.0;11289.0;41535.0
510500;53544.0;11289.0;42255.0
510600;52836.0;11181.0;41655.0
510700;52944.0;11289.0;41655.0
510800;52984.0;11289.0;41695.0
510900;52824.0;11289.0;41535.0
511000;52948.0;11253.0;41695.0
511100;52784.0;11289.0;41495.0
511200;53048.0;11353.0;41695.0
511300;53048.0;11313.0;41735.0
511400;53108.0;11373.0;41735.0
511500;53048.0;11313.0;41735.0
511600;52488.0;11353.0;41135.0
511700;53130.0;11395.0;41735.0
511800;53061.0;11446.0;41615.0
511900;53221.0;11446.0;41775.0
512000;53442.0;11667.0;41775.0
512100;53170.0;11395.0;41775.0
512200;52610.0;11395.0;41215.0
512300;53210.0;11395.0;41815.0
512400;52576.0;11361.0;41215.0
512500;53056.0;11361.0;41695.0
512600;53278.0;11463.0;41815.0
512700;53872.0;11457.0;42415.0
512800;53361.0;11506.0;41855.0
512900;53361.0;11506.0;41855.0
513000;53391.0;11506.0;41885.0
513100;53391.0;11506.0;41885.0
513200;53428.0;11543.0;41885.0
513300;53465.5;11543.0;41922.5
513400;53465.5;11543.0;41922.5
513500;53465.5;11543.0;41922.5
513600;54009.0;11561.5;42447.5
513700;53502.5;11580.0;41922.5
513800;53503.0;11543.0;41960.0
513900;53577.0;11617.0;41960.0
514000;53577.0;11617.0;41960.0
514100;53521.5;11561.5;41960.0
514200;53503.0;11543.0;41960.0
514300;53355.5;11358.0;41997.5
514400;53947.5;11950.0;41997.5
514500;53575.5;11578.0;41997.5
514600;53554.5;11557.0;41997.5
514700;53911.5;11914.0;41997.5
514800;53442.0;11557.0;41885.0
514900;53088.0;11578.0;41510.0
515000;53697.0;11662.0;42035.0
515100;53655.0;11620.0;42035.0
515200;53697.0;11662.0;42035.0
515300;53538.0;11578.0;41960.0
515400;53580.0;11620.0;41960.0
515500;53692.5;11620.0;42072.5
515600;53580.0;11620.0;41960.0
515700;53692.5;11620.0;42072.5
515800;53394.0;11284.0;42110.0
515900;53880.0;11620.0;42260.0
516000;53838.0;11578.0;42260.0
516100;53730.0;11620.0;42110.0
516200;53772.0;11662.0;42110.0
516300;53844.5;11697.0;42147.5
516400;53789.0;11641.5;42147.5
516500;52949.0;11364.0;41585.0
516600;53807.5;11660.0;42147.5
516700;53807.5;11660.0;42147.5
516800;53789.5;11604.5;42185.0
516900;53845.0;11660.0;42185.0
517000;53845.0;11660.0;42185.0
517100;53845.0;11660.0;42185.0
517200;53695.5;11623.0;42072.5
517300;53586.5;11364.0;42222.5
517400;53885.5;11663.0;42222.5
517500;54173.5;11951.0;42222.5
517600;53917.5;11695.0;42222.5
517700;53730.0;11695.0;42035.0
517800;53955.0;11695.0;42260.0
517900;53955.0;11695.0;42260.0
518000;53955.0;11695.0;42260.0
518100;54480.0;11695.0;42785.0
518200;53987.0;11727.0;42260.0
518300;53992.5;11695.0;42297.5
518400;54603.0;11743.0;42860.0
518500;54040.5;11743.0;42297.5
518600;54153.0;11743.0;42410.0
518700;53366.0;11631.0;41735.0
518800;54030.0;11695.0;42335.0
518900;54030.0;11695.0;42335.0
519000;54555.0;11695.0;42860.0
519100;53880.0;11695.0;42185.0
519200;54180.0;11695.0;42485.0
519300;54035.5;11663.0;42372.5
519400;54291.5;11919.0;42372.5
519500;54035.5;11663.0;42372.5
519600;54003.5;11631.0;42372.5
519700;54291.5;11919.0;42372.5
519800;53586.0;11631.0;41955.0
519900;54066.0;11631.0;42435.0
520000;54066.0;11631.0;42435.0
520100;54098.0;11663.0;42435.0
520200;53570.0;11695.0;41875.0
520300;53882.0;11407.0;42475.0
520400;54490.0;12015.0;42475.0
520500;54138.0;11663.0;42475.0
520600;53914.0;11439.0;42475.0
520700;54106.0;11631.0;42475.0
520800;54178.0;11663.0;42515.0
520900;54018.0;11663.0;42355.0
521000;54738.0;11663.0;43075.0
521100;54178.0;11663.0;42515.0
521200;54146.0;11631.0;42515.0
521300;54050.0;11615.0;42435.0
521400;54338.0;11663.0;42675.0
521500;54218.0;11663.0;42555.0
521600;54250.0;11695.0;42555.0
521700;54250.0;11695.0;42555.0
521800;54242.0;11647.0;42595.0
521900;53970.0;11375.0;42595.0
522000;54510.0;11755.0;42755.0
522100;54154.0;11719.0;42435.0
522200;54170.0;11575.0;42595.0
522300;54390.0;11755.0;42635.0
522400;54270.0;11755.0;42515.0
522500;54246.0;11611.0;42635.0
522600;54318.0;11683.0;42635.0
522700;54509.0;11754.0;42755.0
522800;54382.5;11707.5;42675.0
522900;54429.0;11754.0;42675.0
523000;54181.0;11506.0;42675.0
523100;54429.0;11754.0;42675.0
523200;54460.0;11785.0;42675.0
523300;54469.0;11754.0;42715.0
523400;54469.0;11754.0;42715.0
523500;54469.0;11754.0;42715.0
523600;54278.5;11563.5;42715.0
523700;54512.5;11797.5;42715.0
523800;54845.0;11970.0;42875.0
523900;54470.0;11715.0;42755.0
524000;53944.0;11749.0;42195.0
524100;54555.0;11800.0;42755.0
524200;54384.0;11749.0;42635.0
524300;-1027416.0;11749.0;-1039165.0
524400;54544.0;11749.0;42795.0
524500;54544.0;11749.0;42795.0
524600;54424.0;11749.0;42675.0
524700;54544.0;11749.0;42795.0
524800;54373.0;11698.0;42675.0
524900;55042.0;11647.0;43395.0
525000;54618.0;11783.0;42835.0
525100;54618.0;11783.0;42835.0
525200;54498.0;11783.0;42715.0
525300;54967.5;11972.5;42995.0
525400;54543.0;11868.0;42675.0
525500;54668.0;11793.0;42875.0
525600;54655.5;11780.5;42875.0
525700;54840.5;11805.5;43035.0
525800;54148.0;11793.0;42355.0
525900;54694.0;11619.0;43075.0
526000;54800.0;11885.0;42915.0
526100;54800.0;11885.0;42915.0
526200;54800.0;11885.0;42915.0
526300;54324.0;11969.0;42355.0
526400;54972.0;11897.0;43075.0
526500;54948.0;11993.0;42955.0
526600;54857.0;11902.0;42955.0
526700;54792.0;11837.0;42955.0
526800;54884.0;11889.0;42995.0
526900;54832.0;11837.0;42995.0
527000;54711.0;11876.0;42835.0
527100;54884.0;11889.0;42995.0
527200;55366.0;11811.0;43555.0
527300;55338.0;11863.0;43475.0
527400;54716.0;11681.0;43035.0
527500;55031.0;11876.0;43155.0
527600;54298.0;11863.0;42435.0
527700;54898.0;11863.0;43035.0
527800;54441.0;11926.0;42515.0
527900;54932.0;11857.0;43075.0
528000;54772.0;11857.0;42915.0
528100;54932.0;11857.0;43075.0
528200;54985.0;11910.0;43075.0
528300;54980.0;11865.0;43115.0
528400;54860.0;11865.0;42995.0
528500;54998.0;11883.0;43115.0
528600;54962.0;11847.0;43115.0
528700;54953.0;11838.0;43115.0
528800;55002.0;11847.0;43155.0
528900;55002.0;11847.0;43155.0
529000;54984.0;11829.0;43155.0
529100;55002.0;11847.0;43155.0
529200;54984.0;11829.0;43155.0
529300;55006.0;11811.0;43195.0
529400;55126.0;11811.0;43315.0
529500;55006.0;11811.0;43195.0
529600;55588.0;11793.0;43795.0
529700;54868.0;11793.0;43075.0
529800;55446.0;11811.0;43635.0
529900;55172.0;11937.0;43235.0
530000;55190.0;11955.0;43235.0
530100;55179.0;11784.0;43395.0
530200;55215.0;11820.0;43395.0
530300;55068.0;11793.0;43275.0
530400;55068.0;11793.0;43275.0
530500;55668.0;11793.0;43875.0
530600;55086.0;11811.0;43275.0
530700;55023.0;11748.0;43275.0
530800;55135.0;11820.0;43315.0
530900;55108.0;11793.0;43315.0
531000;55108.0;11793.0;43315.0
531100;55090.0;11775.0;43315.0
531200;55277.0;11802.0;43475.0
531300;55130.0;11775.0;43355.0
531400;54530.0;11775.0;42755.0
531500;55130.0;11775.0;43355.0
531600;55130.0;11775.0;43355.0
531700;55130.0;11775.0;43355.0
531800;55161.0;11766.0;43395.0
531900;55312.0;11757.0;43555.0
532000;55152.0;11757.0;43395.0
532100;55170.0;11775.0;43395.0
532200;55312.0;11757.0;43555.0
532300;55192.0;11757.0;43435.0
532400;55192.0;11757.0;43435.0
532500;55208.5;11773.5;43435.0
532600;55240.0;11805.0;43435.0
532700;55339.0;11784.0;43555.0
532800;55696.0;11661.0;44035.0
532900;55284.5;11809.5;43475.0
533000;55298.0;11823.0;43475.0
533100;55298.0;11823.0;43475.0
533200;55298.0;11823.0;43475.0
533300;55338.0;11823.0;43515.0
533400;55458.0;11823.0;43635.0
533500;55311.0;11796.0;43515.0
533600;55311.0;11796.0;43515.0
533700;54792.0;11877.0;42915.0
533800;55391.5;11836.5;43555.0
533900;55351.0;11796.0;43555.0
534000;55884.0;11769.0;44115.0
534100;55245.0;11850.0;43395.0
534200;55324.0;11769.0;43555.0
534300;55337.0;11742.0;43595.0
534400;55217.0;11742.0;43475.0
534500;55337.0;11742.0;43595.0
534600;55337.0;11742.0;43595.0
534700;55217.0;11742.0;43475.0
534800;55578.0;11823.0;43755.0
534900;55386.0;11751.0;43635.0
535000;55359.0;11724.0;43635.0
535100;55404.0;11769.0;43635.0
535200;55386.0;11751.0;43635.0
535300;55408.0;11733.0;43675.0
535400;55453.0;11778.0;43675.0
535500;55408.0;11733.0;43675.0
535600;55372.0;11697.0;43675.0
535700;55591.0;11796.0;43795.0
535800;55466.0;11751.0;43715.0
535900;56026.0;11751.0;44275.0
536000;55306.0;11751.0;43555.0
536100;55466.0;11751.0;43715.0
536200;55448.0;11733.0;43715.0
536300;55398.0;11763.0;43635.0
536400;55542.0;11787.0;43755.0
536500;-1027378.0;11787.0;-1039165.0
536600;55422.0;11787.0;43635.0
536700;55638.0;11763.0;43875.0
536800;55558.0;11763.0;43795.0
536900;55576.0;11763.0;43813.0
537000;55576.0;11763.0;43813.0
537100;55037.0;11763.0;43274.0
537200;55460.5;11763.0;43697.5
537300;55614.5;11763.0;43851.5
537400;55635.5;11784.0;43851.5
537500;55635.5;11784.0;43851.5
537600;55656.5;11805.0;43851.5
537700;55635.5;11784.0;43851.5
537800;55674.0;11784.0;43890.0
537900;55653.0;11763.0;43890.0
538000;55653.0;11763.0;43890.0
538100;55695.0;11805.0;43890.0
538200;55768.5;11878.5;43890.0
538300;55481.5;11553.0;43928.5
538400;55607.5;11794.5;43813.0
538500;55691.5;11763.0;43928.5
538600;55649.5;11721.0;43928.5
538700;55733.5;11805.0;43928.5
538800;55733.5;11805.0;43928.5
538900;55744.0;11777.0;43967.0
539000;55870.0;11903.0;43967.0
539100;55828.0;11861.0;43967.0
539200;55828.0;11861.0;43967.0
539300;55233.0;11805.0;43428.0
539400;55838.5;11833.0;44005.5
539500;55838.5;11833.0;44005.5
539600;55838.5;11833.0;44005.5
539700;55751.0;11861.0;43890.0
539800;55877.0;11833.0;44044.0
539900;56003.0;11805.0;44198.0
540000;55030.0;11833.0;43197.0
540100;55877.0;11833.0;44044.0
540200;55877.0;11833.0;44044.0
540300;55929.5;11847.0;44082.5
540400;55929.5;11847.0;44082.5
540500;55929.5;11847.0;44082.5
540600;55929.5;11847.0;44082.5
540700;55903.5;11821.0;44082.5
540800;55429.0;11847.0;43582.0
540900;56135.0;11860.0;44275.0
541000;55814.0;11847.0;43967.0
541100;55870.0;11749.0;44121.0
541200;56020.0;11899.0;44121.0
541300;55998.5;11839.0;44159.5
541400;56298.0;11869.0;44429.0
541500;56028.5;11869.0;44159.5
541600;56182.5;11869.0;44313.5
541700;-986712.0;11824.0;-998536.0
541800;56028.5;11869.0;44159.5
541900;56606.0;11869.0;44737.0
542000;56067.0;11869.0;44198.0
542100;56037.0;11839.0;44198.0
542200;56221.0;11869.0;44352.0
542300;56105.5;11869.0;44236.5
542400;56105.5;11869.0;44236.5
542500;56251.0;11899.0;44352.0
542600;56105.5;11869.0;44236.5
542700;56135.5;11899.0;44236.5
542800;56204.0;11929.0;44275.0
542900;56238.0;11809.0;44429.0
543000;56174.0;11899.0;44275.0
543100;56174.0;11899.0;44275.0
543200;56174.0;11899.0;44275.0
543300;56212.5;11899.0;44313.5
543400;56212.5;11899.0;44313.5
543500;56167.5;11854.0;44313.5
543600;56097.0;11899.0;44198.0
543700;56452.5;12139.0;44313.5
543800;56790.0;11899.0;44891.0
543900;56067.0;11869.0;44198.0
544000;56221.0;11869.0;44352.0
544100;56266.0;11914.0;44352.0
544200;56375.0;11869.0;44506.0
544300;55904.0;11629.0;44275.0
544400;56366.5;11976.0;44390.5
544500;56245.5;11855.0;44390.5
544600;56245.5;11855.0;44390.5
544700;56784.5;11855.0;44929.5
544800;56130.0;11855.0;44275.0
544900;56460.0;11877.0;44583.0
545000;56306.0;11877.0;44429.0
545100;56295.0;11866.0;44429.0
545200;56306.0;11877.0;44429.0
545300;56285.0;11877.0;44408.0
545400;56665.0;11767.0;44898.0
545500;56390.0;11877.0;44513.0
545600;56412.0;11899.0;44513.0
545700;56478.0;11965.0;44513.0
545800;56447.0;11899.0;44548.0
545900;57026.5;11988.5;45038.0
546000;56306.5;11898.5;44408.0
546100;56454.0;11906.0;44548.0
546200;56454.0;11906.0;44548.0
546300;56594.0;11906.0;44688.0
546400;56376.5;11898.5;44478.0
546500;56526.5;11943.5;44583.0
546600;56399.0;11921.0;44478.0
546700;56504.0;11921.0;44583.0
546800;56169.0;12041.0;44128.0
546900;56679.0;11921.0;44758.0
547000;56679.0;11921.0;44758.0
547100;56546.5;11928.5;44618.0
547200;56494.0;11876.0;44618.0
547300;56112.0;11984.0;44128.0
547400;56742.0;11984.0;44758.0
547500;56724.0;12176.0;44548.0
547600;56661.0;12008.0;44653.0
547700;56637.0;11984.0;44653.0
547800;56408.0;11720.0;44688.0
547900;56648.0;11960.0;44688.0
548000;56223.0;11960.0;44263.0
548100;56601.0;11888.0;44713.0
548200;56613.0;11900.0;44713.0
548300;56847.0;11984.0;44863.0
548400;56842.5;12092.0;44750.5
548500;56734.5;11984.0;44750.5
548600;56622.0;11984.0;44638.0
548700;56622.0;11984.0;44638.0
548800;56622.0;11984.0;44638.0
548900;56796.0;12008.0;44788.0
549000;56580.0;11792.0;44788.0
549100;56796.0;12008.0;44788.0
549200;56223.0;11960.0;44263.0
549300;56761.5;11936.0;44825.5
549400;56785.5;11960.0;44825.5
549500;56821.5;11996.0;44825.5
549600;56797.5;11972.0;44825.5
549700;56809.5;11984.0;44825.5
549800;56697.0;11984.0;44713.0
549900;56871.0;12008.0;44863.0
550000;56847.0;11984.0;44863.0
550100;56883.0;12020.0;44863.0
550200;56871.0;12008.0;44863.0
550300;56860.5;11960.0;44900.5
550400;56860.5;11960.0;44900.5
550500;56860.5;11960.0;44900.5
550600;56973.0;11960.0;45013.0
550700;56884.5;11984.0;44900.5
550800;56934.0;11996.0;44938.0
550900;56748.0;11960.0;44788.0
551000;56898.0;11960.0;44938.0
551100;56898.0;11960.0;44938.0
551200;57048.0;11960.0;45088.0
551300;56935.5;11960.0;44975.5
551400;56899.5;11924.0;44975.5
551500;56454.0;11936.0;44518.0
551600;56934.0;11936.0;44998.0
551700;56934.0;11936.0;44998.0
551800;56998.0;11960.0;45038.0
551900;57010.0;11972.0;45038.0
552000;56998.0;11960.0;45038.0
552100;56998.0;11960.0;45038.0
552200;56950.0;11912.0;45038.0
552300;57158.0;11960.0;45198.0
552400;56894.0;11936.0;44958.0
552500;57014.0;11936.0;45078.0
552600;57121.5;12043.5;45078.0
552700;57165.0;11967.0;45198.0
552800;57045.0;11967.0;45078.0
552900;57138.0;12020.0;45118.0
553000;57192.0;12074.0;45118.0
553100;57725.0;12047.0;45678.0
553200;57298.0;12020.0;45278.0
553300;57205.0;12047.0;45158.0
553400;57205.0;12047.0;45158.0
553500;57232.0;12074.0;45158.0
553600;57205.0;12047.0;45158.0
553700;57205.0;12047.0;45158.0
553800;56685.0;12047.0;44638.0
553900;-1027102.0;12020.0;-1039122.0
554000;57272.0;12074.0;45198.0
554100;57245.0;12047.0;45198.0
554200;57245.0;12047.0;45198.0
554300;57378.0;12020.0;45358.0
554400;56488.0;12090.0;44398.0
554500;57208.0;12090.0;45118.0
554600;56848.0;12090.0;44758.0
554700;57540.5;12182.5;45358.0
554800;57331.0;12053.0;45278.0
554900;57854.0;12016.0;45838.0
555000;58067.0;12349.0;45718.0
555100;57331.0;12053.0;45278.0
555200;57509.5;12071.5;45438.0
555300;57288.0;12090.0;45198.0
555400;57352.5;12034.5;45318.0
555500;57075.0;11757.0;45318.0
555600;57371.0;12053.0;45318.0
555700;57371.0;12053.0;45318.0
555800;57251.0;12053.0;45198.0
555900;57448.0;12090.0;45358.0
556000;57288.0;12090.0;45198.0
556100;57232.5;12034.5;45198.0
556200;57448.0;12090.0;45358.0
556300;57525.0;12127.0;45398.0
556400;57368.0;12090.0;45278.0
556500;57488.0;12090.0;45398.0
556600;58088.0;12090.0;45998.0
556700;56749.0;11831.0;44918.0
556800;57405.0;12127.0;45278.0
556900;57347.0;12069.0;45278.0
557000;57546.0;12108.0;45438.0
557100;57419.0;11981.0;45438.0
557200;57542.0;12104.0;45438.0
557300;57623.0;12145.0;45478.0
557400;57760.0;12282.0;45478.0
557500;57632.0;12154.0;45478.0
557600;57784.0;12186.0;45598.0
557700;57688.0;12210.0;45478.0
557800;57510.0;11992.0;45518.0
557900;57740.0;12222.0;45518.0
558000;57809.0;12291.0;45518.0
558100;57580.0;12222.0;45358.0
558200;57740.0;12222.0;45518.0
558300;57969.0;12291.0;45678.0
558400;57180.0;12222.0;44958.0
558500;57596.5;12038.5;45558.0
558600;58426.0;12268.0;46158.0
558700;57895.0;12217.0;45678.0
558800;58291.5;12293.5;45998.0
558900;57815.0;12217.0;45598.0
559000;57578.5;12140.5;45438.0
559100;57815.0;12217.0;45598.0
559200;57975.0;12217.0;45758.0
559300;58056.5;12418.5;45638.0
559400;57863.0;12225.0;45638.0
559500;57949.0;12311.0;45638.0
559600;58703.0;12225.0;46478.0
559700;58087.5;12289.5;45798.0
559800;57946.0;12268.0;45678.0
559900;-1026854.0;12268.0;-1039122.0
560000;57743.0;12225.0;45518.0
560100;58106.0;12268.0;45838.0
560200;57946.0;12268.0;45678.0
560300;58148.0;12310.0;45838.0
560400;57465.0;12347.0;45118.0
560500;58083.5;12365.5;45718.0
560600;57865.0;12347.0;45518.0
560700;58065.0;12347.0;45718.0
560800;58833.5;12515.5;46318.0
560900;58032.5;12434.5;45598.0
561000;58152.0;12394.0;45758.0
561100;58152.0;12394.0;45758.0
561200;58152.0;12394.0;45758.0
561300;57685.0;12367.0;45318.0
561400;58205.5;12407.5;45798.0
561500;58124.5;12326.5;45798.0
561600;58045.0;12367.0;45678.0
561700;58165.0;12367.0;45798.0
561800;58352.0;12394.0;45958.0
561900;58299.5;12461.5;45838.0
562000;58232.0;12394.0;45838.0
562100;58792.0;12394.0;46398.0
562200;58071.5;12353.5;45718.0
562300;58272.0;12394.0;45878.0
562400;58312.5;12434.5;45878.0
562500;58152.0;12394.0;45758.0
562600;58272.0;12394.0;45878.0
562700;58872.0;12394.0;46478.0
562800;58192.5;12434.5;45758.0
562900;58042.0;12124.0;45918.0
563000;58312.0;12394.0;45918.0
563100;58271.5;12353.5;45918.0
563200;58271.5;12353.5;45918.0
563300;58431.5;12353.5;46078.0
563400;58152.0;12394.0;45758.0
563500;58217.0;12259.0;45958.0
563600;58311.5;12353.5;45958.0
563700;58325.0;12367.0;45958.0
563800;58782.0;12664.0;46118.0
563900;58546.0;12388.0;46158.0
564000;58386.0;12388.0;45998.0
564100;58362.0;12364.0;45998.0
564200;58362.0;12364.0;45998.0
564300;58402.0;12364.0;46038.0
564400;58426.0;12388.0;46038.0
564500;58366.0;12448.0;45918.0
564600;58426.0;12388.0;46038.0
564700;58534.0;12496.0;46038.0
564800;58634.0;12436.0;46198.0
564900;57730.0;12292.0;45438.0
565000;58490.0;12412.0;46078.0
565100;58490.0;12412.0;46078.0
565200;58334.0;12376.0;45958.0
565300;58506.0;12388.0;46118.0
565400;58518.0;12400.0;46118.0
565500;58530.0;12412.0;46118.0
565600;58626.0;12388.0;46238.0
565700;58506.0;12388.0;46118.0
565800;58522.0;12364.0;46158.0
565900;58546.0;12388.0;46158.0
566000;58730.0;12412.0;46318.0
566100;58094.0;12376.0;45718.0
566200;58402.0;12364.0;46038.0
566300;59314.0;12556.0;46758.0
566400;58250.0;12172.0;46078.0
566500;58682.0;12364.0;46318.0
566600;58635.0;12437.0;46198.0
566700;58635.0;12437.0;46198.0
566800;58751.5;12513.5;46238.0
566900;58852.0;12454.0;46398.0
567000;58877.5;12479.5;46398.0
567100;58852.0;12454.0;46398.0
567200;58555.0;12437.0;46118.0
567300;58791.5;12513.5;46278.0
567400;58496.0;12338.0;46158.0
567500;58832.0;12554.0;46278.0
567600;58805.0;12527.0;46278.0
567700;58818.5;12540.5;46278.0
567800;58777.5;12459.5;46318.0
567900;58658.0;12500.0;46158.0
568000;58658.0;12500.0;46158.0
568100;58978.0;12500.0;46478.0
568200;58845.0;12527.0;46318.0
568300;58964.5;12486.5;46478.0
568400;58954.0;12716.0;46238.0
568500;58258.0;12500.0;45758.0
568600;58858.0;12500.0;46358.0
568700;59074.0;12716.0;46358.0
568800;59114.0;12716.0;46398.0
568900;58844.0;12446.0;46398.0
569000;58871.0;12473.0;46398.0
569100;58898.0;12500.0;46398.0
569200;58898.0;12500.0;46398.0
569300;58911.0;12473.0;46438.0
569400;58911.0;12473.0;46438.0
569500;58924.5;12486.5;46438.0
569600;58911.0;12473.0;46438.0
569700;59058.0;12500.0;46558.0
569800;58525.0;12527.0;45998.0
569900;58735.0;12257.0;46478.0
570000;59165.0;12527.0;46638.0
570100;59059.0;12581.0;46478.0
570200;59278.0;12770.0;46508.0
570300;59099.5;12554.0;46545.5
570400;58960.0;12527.0;46433.0
570500;58987.0;12554.0;46433.0
570600;59315.5;12770.0;46545.5
570700;59099.5;12554.0;46545.5
570800;59137.0;12554.0;46583.0
570900;59137.0;12554.0;46583.0
571000;58960.0;12527.0;46433.0
571100;59044.0;12311.0;46733.0
571200;59137.0;12554.0;46583.0
571300;59134.0;12513.5;46620.5
571400;59062.0;12554.0;46508.0
571500;59174.5;12554.0;46620.5
571600;59201.5;12581.0;46620.5
571700;59201.5;12581.0;46620.5
571800;59198.5;12540.5;46658.0
571900;59089.0;12581.0;46508.0
572000;59266.0;12608.0;46658.0
572100;59362.0;12554.0;46808.0
572200;59099.5;12554.0;46545.5
572300;59236.0;12540.5;46695.5
572400;59137.0;12554.0;46583.0
572500;59249.5;12554.0;46695.5
572600;59249.5;12554.0;46695.5
572700;59389.0;12581.0;46808.0
572800;59287.0;12554.0;46733.0
572900;59260.0;12527.0;46733.0
573000;60125.5;12567.5;47558.0
573100;59260.0;12527.0;46733.0
573200;59257.0;12524.0;46733.0
573300;59342.5;12572.0;46770.5
573400;59366.5;12596.0;46770.5
573500;59479.0;12596.0;46883.0
573600;59407.0;12524.0;46883.0
573700;59755.0;12572.0;47183.0
573800;59468.5;12548.0;46920.5
573900;58831.0;12548.0;46283.0
574000;59929.0;12596.0;47333.0
574100;59227.5;12607.0;46620.5
574200;59460.5;12652.5;46808.0
574300;59579.0;12621.0;46958.0
574400;58925.0;12642.0;46283.0
574500;59621.0;12663.0;46958.0
574600;59436.5;12591.0;46845.5
574700;59544.5;12699.0;46845.5
574800;59570.0;12687.0;46883.0
574900;59546.0;12663.0;46883.0
575000;59546.0;12663.0;46883.0
575100;58997.0;12639.0;46358.0
575200;59021.0;12663.0;46358.0
575300;59583.5;12663.0;46920.5
575400;59547.5;12627.0;46920.5
575500;59033.0;12675.0;46358.0
575600;59607.5;12687.0;46920.5
575700;59583.5;12663.0;46920.5
575800;59471.0;12663.0;46808.0
575900;59621.0;12663.0;46958.0
576000;59807.0;12699.0;47108.0
576100;59657.0;12699.0;46958.0
576200;59669.0;12711.0;46958.0
576300;59658.5;12663.0;46995.5
576400;59096.0;12663.0;46433.0
576500;59201.0;12663.0;46538.0
576600;59713.5;12663.0;47050.5
576700;59773.5;12723.0;47050.5
576800;59763.0;12675.0;47088.0
576900;59751.0;12663.0;47088.0
577000;59751.0;12663.0;47088.0
577100;59649.0;12711.0;46938.0
577200;59812.5;12687.0;47125.5
577300;59949.0;12711.0;47238.0
577400;59676.0;12663.0;47013.0
577500;59812.5;12687.0;47125.5
577600;60052.5;12927.0;47125.5
577700;59331.0;12663.0;46668.0
577800;59899.0;12711.0;47188.0
577900;59899.0;12711.0;47188.0
578000;60035.0;12687.0;47348.0
578100;59875.0;12687.0;47188.0
578200;59755.0;12687.0;47068.0
578300;59435.0;12687.0;46748.0
578400;59843.0;12615.0;47228.0
578500;60491.0;12663.0;47828.0
578600;60035.0;12687.0;47348.0
578700;59747.0;12639.0;47108.0
578800;59871.0;12603.0;47268.0
578900;59871.0;12603.0;47268.0
579000;59772.0;12504.0;47268.0
579100;59917.0;12649.0;47268.0
579200;59946.0;12678.0;47268.0
579300;60000.5;12692.5;47308.0
579400;59986.0;12678.0;47308.0
579500;59986.0;12678.0;47308.0
579600;59357.0;12649.0;46708.0
579700;59880.5;12692.5;47188.0
579800;60039.0;12649.0;47390.0
579900;60039.0;12649.0;47390.0
580000;60039.0;12649.0;47390.0
580100;59528.0;12649.0;46879.0
580200;60185.0;12649.0;47536.0
580300;60092.0;12620.0;47472.0
580400;60150.0;12678.0;47472.0
580500;60135.5;12663.5;47472.0
580600;60473.0;12881.0;47592.0
580700;60121.0;12649.0;47472.0
580800;59963.0;12451.0;47512.0
580900;60208.0;12696.0;47512.0
581000;60368.0;12696.0;47672.0
581100;60173.0;12661.0;47512.0
581200;60138.0;12626.0;47512.0
581300;60213.0;12661.0;47552.0
581400;60368.0;12696.0;47672.0
581500;60317.5;12765.5;47552.0
581600;60268.0;12716.0;47552.0
581700;60152.5;12600.5;47552.0
581800;60308.0;12716.0;47592.0
581900;60275.0;12683.0;47592.0
582000;60242.0;12650.0;47592.0
582100;60105.0;12353.0;47752.0
582200;60868.0;12716.0;48152.0
582300;60282.0;12650.0;47632.0
582400;60195.0;12683.0;47512.0
582500;60435.0;12683.0;47752.0
582600;60282.0;12650.0;47632.0
582700;59898.0;12386.0;47512.0
582800;60388.0;12716.0;47672.0
582900;60322.0;12650.0;47672.0
583000;60482.0;12650.0;47832.0
583100;59992.0;12320.0;47672.0
583200;60263.0;12551.0;47712.0
583300;60362.0;12650.0;47712.0
583400;60246.5;12534.5;47712.0
583500;60362.0;12650.0;47712.0
583600;60362.0;12650.0;47712.0
583700;60362.0;12650.0;47712.0
583800;60242.0;12650.0;47592.0
583900;60451.0;12699.0;47752.0
584000;60169.0;12977.0;47192.0
584100;60593.0;12841.0;47752.0
584200;60545.0;12793.0;47752.0
584300;60689.0;12777.0;47912.0
584400;60737.0;12793.0;47944.0
584500;60607.0;12777.0;47830.0
584600;60607.0;12777.0;47830.0
584700;60591.0;12761.0;47830.0
584800;60645.0;12777.0;47868.0
584900;61177.0;12777.0;48400.0
585000;60669.0;12801.0;47868.0
585100;60392.5;12676.5;47716.0
585200;60660.0;12792.0;47868.0
585300;60719.0;12813.0;47906.0
585400;60698.0;12792.0;47906.0
585500;60698.0;12792.0;47906.0
585600;60698.0;12792.0;47906.0
585700;60698.0;12792.0;47906.0
585800;60809.5;12865.5;47944.0
585900;60736.0;12792.0;47944.0
586000;60736.0;12792.0;47944.0
586100;60867.0;12771.0;48096.0
586200;60613.0;12669.0;47944.0
586300;60900.0;12804.0;48096.0
586400;60699.0;12831.0;47868.0
586500;60027.0;12615.0;47412.0
586600;61002.0;13020.0;47982.0
586700;60813.0;12831.0;47982.0
586800;60851.0;12831.0;48020.0
586900;60699.0;12831.0;47868.0
587000;60712.5;12844.5;47868.0
587100;60851.0;12831.0;48020.0
587200;60851.0;12831.0;48020.0
587300;60889.0;12831.0;48058.0
587400;60889.0;12831.0;48058.0
587500;60802.0;12858.0;47944.0
587600;60673.0;12615.0;48058.0
587700;60889.0;12831.0;48058.0
587800;60927.0;12831.0;48096.0
587900;60815.5;12871.5;47944.0
588000;60775.0;12831.0;47944.0
588100;60927.0;12831.0;48096.0
588200;60786.0;12804.0;47982.0
588300;60851.0;12831.0;48020.0
588400;61470.0;12804.0;48666.0
588500;60824.0;12804.0;48020.0
588600;61235.0;13101.0;48134.0
588700;61079.0;12831.0;48248.0
588800;61003.0;12831.0;48172.0
588900;60851.0;12831.0;48020.0
589000;60823.0;12651.0;48172.0
589100;60869.0;12849.0;48020.0
589200;60905.5;12733.5;48172.0
589300;61057.5;12733.5;48324.0
589400;61059.0;12849.0;48210.0
589500;60909.0;12585.0;48324.0
589600;61034.0;12938.0;48096.0
589700;61070.5;12860.5;48210.0
589800;61238.0;12876.0;48362.0
589900;61124.0;12876.0;48248.0
590000;61656.0;12876.0;48780.0
590100;61170.5;12922.5;48248.0
590200;61124.0;12876.0;48248.0
590300;61121.0;12721.0;48400.0
590400;61300.0;12876.0;48424.0
590500;60393.0;12845.0;47548.0
590600;61159.5;12845.0;48314.5
590700;61050.0;12845.0;48205.0
590800;61321.0;12860.5;48460.5
590900;60685.0;12845.0;47840.0
591000;61196.0;12845.0;48351.0
591100;61165.0;12814.0;48351.0
591200;61165.0;12814.0;48351.0
591300;61201.5;12814.0;48387.5
591400;61232.5;12845.0;48387.5
591500;61264.5;12767.5;48497.0
591600;61201.5;12814.0;48387.5
591700;61076.5;12798.5;48278.0
591800;61232.5;12845.0;48387.5
591900;61238.0;12814.0;48424.0
592000;61639.5;12814.0;48825.5
592100;61238.0;12814.0;48424.0
592200;61097.5;12783.0;48314.5
592300;61305.5;12845.0;48460.5
592400;61336.5;12876.0;48460.5
592500;61884.0;12876.0;49008.0
592600;61305.5;12845.0;48460.5
592700;61483.0;12913.0;48570.0
592800;61332.0;12835.0;48497.0
592900;60821.0;12835.0;47986.0
593000;61438.0;12941.0;48497.0
593100;61805.0;12797.0;49008.0
593200;61321.0;12824.0;48497.0
593300;61458.0;12815.0;48643.0
593400;61366.5;12833.0;48533.5
593500;61366.5;12833.0;48533.5
593600;61348.5;12815.0;48533.5
593700;61393.5;12860.0;48533.5
593800;61403.0;12833.0;48570.0
593900;61529.0;12959.0;48570.0
594000;61439.0;12869.0;48570.0
594100;61403.0;12833.0;48570.0
594200;61421.0;12851.0;48570.0
594300;61502.5;12896.0;48606.5
594400;61439.5;12833.0;48606.5
594500;61330.0;12833.0;48497.0
594600;61477.0;12761.0;48716.0
594700;61457.5;12851.0;48606.5
594800;61621.5;12869.0;48752.5
594900;61348.0;12851.0;48497.0
595000;61508.0;12865.0;48643.0
595100;61508.0;12865.0;48643.0
595200;61508.0;12865.0;48643.0
595300;61362.0;12865.0;48497.0
595400;61528.5;12849.0;48679.5
595500;61560.5;12881.0;48679.5
595600;61654.0;12865.0;48789.0
595700;61387.0;12817.0;48570.0
595800;61581.0;12865.0;48716.0
595900;61557.0;12841.0;48716.0
596000;62076.0;12849.0;49227.0
596100;61597.0;12881.0;48716.0
596200;61573.0;12857.0;48716.0
596300;61743.0;12881.0;48862.0
596400;61633.5;12881.0;48752.5
596500;61214.0;13009.0;48205.0
596600;61617.5;12865.0;48752.5
596700;61617.5;12865.0;48752.5
596800;61508.0;12865.0;48643.0
596900;62585.0;12993.0;49592.0
597000;61638.0;12849.0;48789.0
597100;61538.5;12932.0;48606.5
597200;61676.0;12887.0;48789.0
597300;61712.5;12887.0;48825.5
597400;61742.5;12917.0;48825.5
597500;61697.5;12872.0;48825.5
597600;61603.0;12887.0;48716.0
597700;61603.0;12887.0;48716.0
597800;61759.0;12897.0;48862.0
597900;61895.0;12887.0;49008.0
598000;61749.0;12887.0;48862.0
598100;61759.0;12897.0;48862.0
598200;61749.0;12887.0;48862.0
598300;61885.0;12877.0;49008.0
598400;61785.5;12887.0;48898.5
598500;61895.0;12887.0;49008.0
598600;61600.0;12811.0;48789.0
598700;61919.5;13021.0;48898.5
598800;61946.5;12902.0;49044.5
598900;61956.0;13021.0;48935.0
599000;61990.0;12909.0;49081.0
599100;62355.0;12909.0;49446.0
599200;61880.5;12909.0;48971.5
599300;61859.5;12888.0;48971.5
599400;61898.5;12927.0;48971.5
599500;61850.5;12879.0;48971.5
599600;61958.5;12987.0;48971.5
599700;61327.0;12903.0;48424.0
599800;61899.0;12891.0;49008.0
599900;61899.0;12891.0;49008.0
600000;62141.0;12987.0;49154.0
600100;61995.0;12987.0;49008.0
600200;61923.0;12915.0;49008.0
600300;61935.5;12891.0;49044.5
600400;61730.0;12795.0;48935.0
600500;61974.5;12891.0;49083.5
600600;62016.5;12933.0;49083.5
600700;61890.5;12807.0;49083.5
600800;62034.5;12951.0;49083.5
600900;62074.0;12951.0;49123.0
601000;62074.0;12951.0;49123.0
601100;61898.0;12933.0;48965.0
601200;62002.0;12879.0;49123.0
601300;62139.5;12977.0;49162.5
601400;62210.0;12929.0;49281.0
601500;62091.5;12929.0;49162.5
601600;62091.5;12929.0;49162.5
601700;61894.0;12929.0;48965.0
601800;61989.0;12945.0;49044.0
601900;62305.0;12945.0;49360.0
602000;62716.0;12961.0;49755.0
602100;62305.0;12945.0;49360.0
602200;62178.5;12937.0;49241.5
602300;62092.0;12969.0;49123.0
602400;62186.5;12945.0;49241.5
602500;62178.5;12937.0;49241.5
602600;62210.5;12969.0;49241.5
602700;62314.5;13073.0;49241.5
602800;62202.5;12961.0;49241.5
602900;62285.0;13004.0;49281.0
603000;62240.0;12801.0;49439.0
603100;61921.0;12798.0;49123.0
603200;62305.5;12985.0;49320.5
603300;62204.0;13002.0;49202.0
603400;62280.0;12959.5;49320.5
603500;62288.5;12968.0;49320.5
603600;62424.5;13104.0;49320.5
603700;62288.5;12968.0;49320.5
603800;61713.0;12985.0;48728.0
603900;62486.0;12968.0;49518.0
604000;62311.0;12951.0;49360.0
604100;62289.0;13087.0;49202.0
604200;62325.0;12925.5;49399.5
604300;62917.5;12925.5;49992.0
604400;62469.0;12951.0;49518.0
604500;62785.0;12951.0;49834.0
604600;62350.5;12951.0;49399.5
604700;62350.5;12951.0;49399.5
604800;62367.5;12968.0;49399.5
604900;62398.5;12959.5;49439.0
605000;62232.0;12951.0;49281.0
605100;62424.0;12985.0;49439.0
605200;62446.5;12968.0;49478.5
605300;62565.0;12968.0;49597.0
605400;62582.0;12985.0;49597.0
605500;62446.5;12968.0;49478.5
605600;62480.5;13002.0;49478.5
605700;62582.0;12985.0;49597.0
605800;62463.5;12985.0;49478.5
605900;62661.0;12985.0;49676.0
606000;62780.0;13104.0;49676.0
606100;62503.0;12985.0;49518.0
606200;62367.5;12968.0;49399.5
606300;62407.0;12968.0;49439.0
606400;62542.5;12985.0;49557.5
606500;62542.5;12985.0;49557.5
606600;62542.5;12985.0;49557.5
606700;61982.0;13017.0;48965.0
606800;62544.5;12987.0;49557.5
606900;62742.0;12987.0;49755.0
607000;62560.0;12963.0;49597.0
607100;62742.0;12987.0;49755.0
607200;62479.5;12843.0;49636.5
607300;62599.5;12963.0;49636.5
607400;62730.0;12975.0;49755.0
607500;63433.5;12967.5;50466.0
607600;62626.5;12990.0;49636.5
607700;62604.0;12967.5;49636.5
607800;62661.5;13025.0;49636.5
607900;62686.0;13010.0;49676.0
608000;62701.0;13025.0;49676.0
608100;62686.0;13010.0;49676.0
608200;62740.5;13025.0;49715.5
608300;62770.5;13055.0;49715.5
608400;62859.0;13025.0;49834.0
608500;62622.0;13025.0;49597.0
608600;62553.0;13035.0;49518.0
608700;62730.5;13015.0;49715.5
608800;63150.0;13000.0;50150.0
608900;62928.0;13015.0;49913.0
609000;62770.0;13015.0;49755.0
609100;62805.0;13050.0;49755.0
609200;62848.0;12935.0;49913.0
609300;62799.5;13005.0;49794.5
609400;62918.0;13005.0;49913.0
609500;62799.5;13005.0;49794.5
609600;62799.5;13005.0;49794.5
609700;62731.5;12937.0;49794.5
609800;62827.5;13033.0;49794.5
609900;63436.0;13049.0;50387.0
610000;62867.0;13033.0;49834.0
610100;62883.0;13049.0;49834.0
610200;63033.0;13041.0;49992.0
610300;62890.5;13017.0;49873.5
610400;62772.0;13017.0;49755.0
610500;62890.5;13017.0;49873.5
610600;62985.0;12993.0;49992.0
610700;62890.5;13017.0;49873.5
610800;62866.5;12993.0;49873.5
610900;62930.0;13017.0;49913.0
611000;62890.0;12977.0;49913.0
611100;62946.0;13033.0;49913.0
611200;63104.0;13033.0;50071.0
611300;62961.5;13009.0;49952.5
611400;63554.0;13009.0;50545.0
611500;62961.5;13009.0;49952.5
611600;63146.0;13075.0;50071.0
611700;63016.5;13064.0;49952.5
611800;63163.5;13053.0;50110.5
611900;62501.5;13062.5;49439.0
612000;63014.0;13022.0;49992.0
612100;63108.5;13116.5;49992.0
612200;63754.0;13130.0;50624.0
612300;62525.5;13089.5;49436.0
612400;63179.5;13143.5;50036.0
612500;63139.0;13103.0;50036.0
612600;63139.0;13103.0;50036.0
612700;63019.0;13103.0;49916.0
612800;63179.5;13143.5;50036.0
612900;63206.0;13130.0;50076.0
613000;63179.0;13103.0;50076.0
613100;63019.0;13103.0;49916.0
613200;63219.0;13103.0;50116.0
613300;63219.0;13103.0;50116.0
613400;63259.5;13143.5;50116.0
613500;63259.5;13143.5;50116.0
613600;62619.0;13103.0;49516.0
613700;63192.0;13076.0;50116.0
613800;62976.0;12860.0;50116.0
613900;63205.0;13049.0;50156.0
614000;63392.0;13076.0;50316.0
614100;63365.0;13049.0;50316.0
614200;63351.5;13035.5;50316.0
614300;63569.0;13373.0;50196.0
614400;63272.0;13076.0;50196.0
614500;62351.0;12995.0;49356.0
614600;63419.0;13103.0;50316.0
614700;63179.0;13103.0;50076.0
614800;63459.0;13103.0;50356.0
614900;63339.0;13103.0;50236.0
615000;63555.0;13319.0;50236.0
615100;63298.5;13062.5;50236.0
615200;63512.5;13116.5;50396.0
615300;63352.0;13076.0;50276.0
615400;63286.0;13130.0;50156.0
615500;63379.0;13103.0;50276.0
615600;62841.0;13165.0;49676.0
615700;63375.0;13099.0;50276.0
615800;63485.0;13209.0;50276.0
615900;63641.0;13165.0;50476.0
616000;63481.0;13165.0;50316.0
616100;63481.0;13165.0;50316.0
616200;63503.0;13187.0;50316.0
616300;63521.0;13165.0;50356.0
616400;63619.0;13143.0;50476.0
616500;63345.0;12989.0;50356.0
616600;63477.0;13121.0;50356.0
616700;64059.0;13143.0;50916.0
616800;63499.0;13143.0;50356.0
616900;63379.0;13143.0;50236.0
617000;63517.0;13121.0;50396.0
617100;63412.0;13176.0;50236.0
617200;64019.0;13143.0;50876.0
617300;63601.0;13165.0;50436.0
617400;63721.0;13165.0;50556.0
617500;63634.0;13198.0;50436.0
617600;63601.0;13165.0;50436.0
617700;63754.0;13198.0;50556.0
617800;63481.0;13165.0;50316.0
617900;63465.0;12989.0;50476.0
618000;63619.0;13143.0;50476.0
618100;63641.0;13165.0;50476.0
618200;63659.0;13143.0;50516.0
618300;63483.0;12967.0;50516.0
618400;63670.0;13154.0;50516.0
618500;64281.0;13165.0;51116.0
618600;63681.0;13165.0;50516.0
618700;63556.0;13040.0;50516.0
618800;63891.5;13215.5;50676.0
618900;63731.0;13175.0;50556.0
619000;63731.0;13175.0;50556.0
619100;64291.0;13175.0;51116.0
619200;63771.0;13175.0;50596.0
619300;63771.0;13175.0;50596.0
619400;63651.0;13175.0;50476.0
619500;63171.0;13175.0;49996.0
619600;63435.0;12959.0;50476.0
619700;63651.0;13175.0;50476.0
619800;63771.0;13175.0;50596.0
619900;63811.0;13175.0;50636.0
620000;63811.0;13175.0;50636.0
620100;63770.5;13134.5;50636.0
620200;64410.5;13134.5;51276.0
620300;63998.0;13202.0;50796.0
620400;64451.0;13175.0;51276.0
620500;63971.0;13175.0;50796.0
620600;63851.0;13175.0;50676.0
620700;63307.0;13231.0;50076.0
620800;64366.0;13250.0;51116.0
620900;63947.0;13231.0;50716.0
621000;64507.0;13231.0;51276.0
621100;63947.0;13231.0;50716.0
621200;63977.5;13221.5;50756.0
621300;63358.5;13202.5;50156.0
621400;63987.0;13231.0;50756.0
621500;63358.5;13202.5;50156.0
621600;63987.0;13231.0;50756.0
621700;63147.0;13231.0;49916.0
621800;63968.0;13212.0;50756.0
621900;64206.0;13250.0;50956.0
622000;64046.0;13250.0;50796.0
622100;64046.0;13250.0;50796.0
622200;64238.0;13402.0;50836.0
622300;64206.0;13250.0;50956.0
622400;64067.0;13231.0;50836.0
622500;64086.0;13250.0;50836.0
622600;64086.0;13250.0;50836.0
622700;63934.0;13098.0;50836.0
622800;64086.0;13250.0;50836.0
622900;64196.0;13320.0;50876.0
623000;64166.0;13290.0;50876.0
623100;64166.0;13290.0;50876.0
623200;64176.0;13260.0;50916.0
623300;64191.0;13275.0;50916.0
623400;64245.0;13290.0;50955.0
623500;64171.5;13327.5;50844.0
623600;64222.5;13267.5;50955.0
623700;64920.0;13410.0;51510.0
623800;64284.5;13329.5;50955.0
623900;64263.0;13271.0;50992.0
624000;64367.0;13375.0;50992.0
624100;64430.5;13290.5;51140.0
624200;64300.0;13271.0;51029.0
624300;64313.0;13284.0;51029.0
624400;64156.5;13238.5;50918.0
624500;64355.0;13326.0;51029.0
624600;64326.5;13297.5;51029.0
624700;64244.0;13326.0;50918.0
624800;64355.0;13326.0;51029.0
624900;64377.0;13459.0;50918.0
625000;64392.0;13326.0;51066.0
625100;64325.5;13259.5;51066.0
625200;64457.5;13354.5;51103.0
625300;64429.0;13326.0;51103.0
625400;64559.0;13345.0;51214.0
625500;64540.0;13326.0;51214.0
625600;64410.0;13307.0;51103.0
625700;64299.0;13307.0;50992.0
625800;64410.0;13307.0;51103.0
625900;64280.0;13288.0;50992.0
626000;63776.0;13154.0;50622.0
626100;64438.0;13298.0;51140.0
626200;64511.0;13334.0;51177.0
626300;65074.0;13490.0;51584.0
626400;64499.0;13322.0;51177.0
626500;64475.0;13298.0;51177.0
626600;64451.0;13274.0;51177.0
626700;64451.0;13274.0;51177.0
626800;63896.0;13274.0;50622.0
626900;64512.0;13298.0;51214.0
627000;64636.0;13274.0;51362.0
627100;63970.0;13274.0;50696.0
627200;64377.0;13274.0;51103.0
627300;64537.0;13286.0;51251.0
627400;64944.0;13286.0;51658.0
627500;64549.0;13298.0;51251.0
627600;64549.0;13298.0;51251.0
627700;64414.0;13274.0;51140.0
627800;64525.0;13274.0;51251.0
627900;64414.0;13274.0;51140.0
628000;64710.0;13274.0;51436.0
628100;64586.0;13298.0;51288.0
628200;64451.0;13274.0;51177.0
628300;64599.0;13274.0;51325.0
628400;64680.0;13466.0;51214.0
628500;64563.0;13238.0;51325.0
628600;64551.0;13226.0;51325.0
628700;63798.0;13250.0;50548.0
628800;64575.0;13250.0;51325.0
628900;64654.0;13292.0;51362.0
629000;64479.0;13265.0;51214.0
629100;64636.0;13274.0;51362.0
629200;64222.0;13274.0;50948.0
629300;64720.0;13292.0;51428.0
629400;64702.0;13274.0;51428.0
629500;64822.0;13274.0;51548.0
629600;64702.0;13274.0;51428.0
629700;64702.0;13274.0;51428.0
629800;64684.0;13256.0;51428.0
629900;64182.0;13274.0;50908.0
630000;64688.0;13220.0;51468.0
630100;64902.0;13274.0;51628.0
630200;64791.0;13283.0;51508.0
630300;64884.0;13256.0;51628.0
630400;64782.0;13274.0;51508.0
630500;64755.0;13247.0;51508.0
630600;64764.0;13256.0;51508.0
630700;64680.0;13292.0;51388.0
630800;64946.0;13238.0;51708.0
630900;64795.0;13247.0;51548.0
631000;64822.0;13274.0;51548.0
631100;64804.0;13256.0;51548.0
631200;64558.0;13130.0;51428.0
631300;64262.0;13274.0;50988.0
631400;64862.0;13274.0;51588.0
631500;64862.0;13274.0;51588.0
631600;64889.0;13301.0;51588.0
631700;64817.0;13229.0;51588.0
631800;65184.0;13436.0;51748.0
631900;65098.0;13310.0;51788.0
632000;64920.0;13292.0;51628.0
632100;64920.0;13292.0;51628.0
632200;64942.0;13274.0;51668.0
632300;64857.0;13309.0;51548.0
632400;64977.0;13309.0;51668.0
632500;64977.0;13309.0;51668.0
632600;64938.0;13270.0;51668.0
632700;64938.0;13270.0;51668.0
632800;64873.0;13205.0;51668.0
632900;64978.0;13270.0;51708.0
633000;65004.0;13296.0;51708.0
633100;64857.0;13309.0;51548.0
633200;65070.0;13322.0;51748.0
633300;65057.0;13309.0;51748.0
633400;64937.0;13309.0;51628.0
633500;65070.0;13322.0;51748.0
633600;65031.0;13283.0;51748.0
633700;65125.0;13257.0;51868.0
633800;65063.5;13315.5;51748.0
633900;65090.5;13302.5;51788.0
634000;65103.5;13315.5;51788.0
634100;65097.0;13309.0;51788.0
634200;65127.0;13299.0;51828.0
634300;65157.0;13329.0;51828.0
634400;65157.0;13329.0;51828.0
634500;65085.0;13329.0;51756.0
634600;65211.0;13344.0;51867.0
634700;65226.0;13359.0;51867.0
634800;65226.0;13359.0;51867.0
634900;65248.0;13344.0;51904.0
635000;65248.0;13344.0;51904.0
635100;65766.0;13344.0;52422.0
635200;65285.0;13344.0;51941.0
635300;65396.0;13344.0;52052.0
635400;65174.0;13344.0;51830.0
635500;65189.0;13359.0;51830.0
635600;65292.5;13351.5;51941.0
635700;65262.5;13321.5;51941.0
635800;65292.5;13351.5;51941.0
635900;65322.0;13344.0;51978.0
636000;65159.0;13329.0;51830.0
636100;65144.0;13314.0;51830.0
636200;65329.0;13314.0;52015.0
636300;65470.0;13344.0;52126.0
636400;65329.0;13314.0;52015.0
636500;65384.0;13336.5;52047.5
636600;65361.5;13314.0;52047.5
636700;65376.5;13329.0;52047.5
636800;65519.5;13314.0;52205.5
636900;65401.0;13314.0;52087.0
637000;65408.5;13321.5;52087.0
637100;65437.0;13314.0;52123.0
637200;65458.5;13299.0;52159.5
637300;65583.0;13314.0;52269.0
637400;65598.0;13329.0;52269.0
637500;65488.5;13329.0;52159.5
637600;65511.0;13351.5;52159.5
637700;65583.0;13314.0;52269.0
637800;65488.5;13329.0;52159.5
637900;65656.0;13314.0;52342.0
638000;65510.0;13314.0;52196.0
638100;65510.0;13314.0;52196.0
638200;65531.5;13299.0;52232.5
638300;65531.5;13299.0;52232.5
638400;65257.0;13134.0;52123.0
638500;65407.0;13284.0;52123.0
638600;65531.5;13299.0;52232.5
638700;65516.5;13284.0;52232.5
638800;65647.5;13269.0;52378.5
638900;65538.0;13269.0;52269.0
639000;64720.0;13254.0;51466.0
639100;64806.0;13340.0;51466.0
639200;65438.5;13279.0;52159.5
639300;65692.0;13367.0;52325.0
639400;65676.0;13351.0;52325.0
639500;65660.0;13335.0;52325.0
639600;65676.0;13351.0;52325.0
639700;65562.0;13351.0;52211.0
639800;65676.0;13351.0;52325.0
639900;65714.0;13351.0;52363.0
640000;65698.0;13335.0;52363.0
640100;65714.0;13351.0;52363.0
640200;65791.0;13351.0;52440.0
640300;65815.0;13375.0;52440.0
640400;65775.0;13335.0;52440.0
640500;66598.0;13423.0;53175.0
640600;65944.0;13399.0;52545.0
640700;65807.0;13367.0;52440.0
640800;65631.0;13191.0;52440.0
640900;65842.0;13367.0;52475.0
641000;65842.0;13367.0;52475.0
641100;65368.0;13383.0;51985.0
641200;65885.0;13375.0;52510.0
641300;65861.0;13351.0;52510.0
641400;65877.0;13367.0;52510.0
641500;66262.0;13367.0;52895.0
641600;65772.0;13367.0;52405.0
641700;65877.0;13367.0;52510.0
641800;65772.0;13367.0;52405.0
641900;65912.0;13367.0;52545.0
642000;-93992.0;-146537.0;52545.0
642100;65628.0;13223.0;52405.0
642200;65931.0;13351.0;52580.0
642300;65826.0;13351.0;52475.0
642400;65915.0;13335.0;52580.0
642500;65963.0;13383.0;52580.0
642600;66036.0;13351.0;52685.0
642700;65756.0;13351.0;52405.0
642800;65947.0;13367.0;52580.0
642900;65966.0;13351.0;52615.0
643000;65668.0;13479.0;52189.0
643100;66060.0;13415.0;52645.0
643200;66609.5;13356.5;53253.0
643300;66192.5;13395.5;52797.0
643400;66072.0;13389.0;52683.0
643500;66052.5;13369.5;52683.0
643600;66059.0;13376.0;52683.0
643700;66065.5;13382.5;52683.0
643800;65945.0;13376.0;52569.0
643900;66097.0;13376.0;52721.0
644000;66240.0;13519.0;52721.0
644100;66097.0;13376.0;52721.0
644200;66145.0;13272.0;52873.0
644300;66148.0;13389.0;52759.0
644400;66135.0;13376.0;52759.0
644500;66194.5;13435.5;52759.0
644600;66066.5;13421.5;52645.0
644700;66201.5;13442.5;52759.0
644800;66070.0;13425.0;52645.0
644900;66222.0;13425.0;52797.0
645000;66526.0;13425.0;53101.0
645100;66225.5;13428.5;52797.0
645200;66367.0;13418.0;52949.0
645300;66253.0;13418.0;52835.0
645400;66367.0;13418.0;52949.0
645500;66263.5;13428.5;52835.0
645600;66253.0;13418.0;52835.0
645700;66309.0;13474.0;52835.0
645800;66204.0;13483.0;52721.0
645900;66214.0;13493.0;52721.0
646000;66549.5;13492.5;53057.0
646100;66263.0;13494.0;52769.0
646200;66551.0;13494.0;53057.0
646300;66444.0;13495.0;52949.0
646400;66443.0;13494.0;52949.0
646500;66552.0;13495.0;53057.0
646600;66422.5;13473.5;52949.0
646700;66385.0;13436.0;52949.0
646800;66586.5;13493.5;53093.0
646900;66476.0;13491.0;52985.0
647000;66620.0;13491.0;53129.0
647100;66481.0;13496.0;52985.0
647200;66517.0;13496.0;53021.0
647300;66514.5;13493.5;53021.0
647400;67057.0;13496.0;53561.0
647500;66625.0;13496.0;53129.0
647600;66517.0;13496.0;53021.0
647700;66552.0;13531.0;53021.0
647800;66552.0;13531.0;53021.0
647900;66588.0;13531.0;53057.0
648000;66588.0;13531.0;53057.0
648100;66588.0;13531.0;53057.0
648200;66624.0;13531.0;53093.0
648300;66768.0;13531.0;53237.0
648400;66624.0;13531.0;53093.0
648500;66516.0;13531.0;52985.0
648600;66732.0;13531.0;53201.0
648700;66624.0;13531.0;53093.0
648800;66624.0;13531.0;53093.0
648900;66660.0;13531.0;53129.0
649000;66660.0;13531.0;53129.0
649100;67164.0;13531.0;53633.0
649200;66696.0;13531.0;53165.0
649300;66696.0;13531.0;53165.0
649400;66696.0;13531.0;53165.0
649500;66696.0;13531.0;53165.0
649600;66696.0;13531.0;53165.0
649700;66696.0;13531.0;53165.0
649800;66696.0;13531.0;53165.0
649900;66732.0;13531.0;53201.0
650000;66228.0;13531.0;52697.0
650100;66732.0;13531.0;53201.0
650200;67164.0;13531.0;53633.0
650300;66768.0;13531.0;53237.0
650400;66876.0;13531.0;53345.0
650500;66750.0;13513.0;53237.0
650600;66768.0;13531.0;53237.0
650700;66764.0;13527.0;53237.0
650800;66778.0;13541.0;53237.0
650900;66652.0;13523.0;53129.0
651000;66796.0;13523.0;53273.0
651100;66792.0;13519.0;53273.0
651200;67008.0;13555.0;53453.0
651300;67234.0;13529.0;53705.0
651400;66944.0;13527.0;53417.0
651500;66284.0;13515.0;52769.0
651600;66730.0;13529.0;53201.0
651700;66840.0;13531.0;53309.0
651800;66840.0;13531.0;53309.0
651900;66876.0;13531.0;53345.0
652000;66876.0;13531.0;53345.0
652100;66876.0;13531.0;53345.0
652200;66078.0;13525.0;52553.0
652300;66876.0;13495.0;53381.0
652400;66904.0;13523.0;53381.0
652500;67020.0;13531.0;53489.0
652600;66912.0;13531.0;53381.0
652700;66912.0;13531.0;53381.0
652800;66910.0;13529.0;53381.0
652900;66804.0;13531.0;53273.0
653000;66954.0;13537.0;53417.0
653100;66798.0;13525.0;53273.0
653200;66448.0;13535.0;52913.0
653300;66988.0;13535.0;53453.0
653400;66984.0;13531.0;53453.0
653500;66980.0;13527.0;53453.0
653600;66990.0;13537.0;53453.0
653700;66988.0;13535.0;53453.0
653800;67376.0;13527.0;53849.0
653900;67062.0;13573.0;53489.0
654000;67087.0;13598.0;53489.0
654100;66270.0;13573.0;52697.0
654200;67098.0;13573.0;53525.0
654300;67113.0;13588.0;53525.0
654400;67098.0;13573.0;53525.0
654500;67098.0;13573.0;53525.0
654600;67206.0;13573.0;53633.0
654700;67103.0;13578.0;53525.0
654800;67166.0;13641.0;53525.0
654900;67170.0;13609.0;53561.0
655000;67186.0;13625.0;53561.0
655100;67186.0;13625.0;53561.0
655200;67222.0;13625.0;53597.0
655300;67238.0;13641.0;53597.0
655400;67219.5;13514.5;53705.0
655500;67274.0;13677.0;53597.0
655600;67141.0;13652.0;53489.0
655700;67274.0;13677.0;53597.0
655800;67274.0;13677.0;53597.0
655900;67285.0;13652.0;53633.0
656000;67297.5;13664.5;53633.0
656100;67297.5;13664.5;53633.0
656200;67321.0;13652.0;53669.0
656300;67450.0;13673.0;53777.0
656400;67342.0;13673.0;53669.0
656500;67408.0;13631.0;53777.0
656600;67498.0;13673.0;53825.0
656700;67399.0;13673.0;53726.0
656800;67385.0;13659.0;53726.0
656900;67342.0;13715.0;53627.0
657000;67474.0;13715.0;53759.0
657100;67304.0;13677.0;53627.0
657200;67811.0;14019.0;53792.0
657300;67507.0;13715.0;53792.0
657400;67545.0;13753.0;53792.0
657500;67606.0;13715.0;53891.0
657600;67545.0;13753.0;53792.0
657700;67545.0;13753.0;53792.0
657800;67545.0;13753.0;53792.0
657900;67578.0;13753.0;53825.0
658000;67578.0;13753.0;53825.0
658100;67578.0;13753.0;53825.0
658200;67611.0;13753.0;53858.0
658300;67276.0;13715.0;53561.0
658400;67774.5;13903.0;53871.5
658500;67788.0;13813.0;53975.0
658600;67738.5;13867.0;53871.5
658700;67540.5;13669.0;53871.5
658800;67167.0;13813.0;53354.0
658900;67875.0;13831.0;54044.0
659000;67737.0;13831.0;53906.0
659100;67713.0;13669.0;54044.0
659200;68244.0;13786.0;54458.0
659300;67650.0;13813.0;53837.0
659400;67690.5;13750.0;53940.5
659500;67735.5;13795.0;53940.5
659600;67753.5;13813.0;53940.5
659700;67753.5;13813.0;53940.5
659800;67330.5;13813.0;53517.5
659900;67641.0;13786.0;53855.0
660000;67809.0;13804.0;54005.0
660100;67845.0;13840.0;54005.0
660200;67891.5;13849.0;54042.5
660300;67986.0;13831.0;54155.0
660400;67891.5;13849.0;54042.5
660500;67788.0;13858.0;53930.0
660600;67925.0;13863.0;54062.0
660700;68056.0;13877.0;54179.0
660800;68051.0;13989.0;54062.0
660900;67978.0;13877.0;54101.0
661000;67999.0;13898.0;54101.0
661100;67964.0;13863.0;54101.0
661200;68003.0;13863.0;54140.0
661300;68010.0;13870.0;54140.0
661400;67830.0;13807.0;54023.0
661500;68003.0;13863.0;54140.0
661600;68052.0;13912.0;54140.0
661700;68017.0;13877.0;54140.0
661800;67900.0;13877.0;54023.0
661900;68567.0;13842.0;54725.0
662000;68086.0;13751.0;54335.0
662100;68588.0;13863.0;54725.0
662200;68212.0;13877.0;54335.0
662300;68060.0;13842.0;54218.0
662400;68198.0;13863.0;54335.0
662500;68666.0;13863.0;54803.0
662600;68606.0;13842.0;54764.0
662700;68081.0;13863.0;54218.0
662800;68237.0;13863.0;54374.0
662900;67950.0;13849.0;54101.0
663000;68120.0;13863.0;54257.0
663100;67964.0;13863.0;54101.0
663200;68047.0;13751.0;54296.0
663300;68019.0;13723.0;54296.0
663400;68311.0;13898.0;54413.0
663500;68194.0;13898.0;54296.0
663600;68070.0;13891.0;54179.0
663700;68159.0;13863.0;54296.0
663800;68173.0;13877.0;54296.0
663900;68212.0;13877.0;54335.0
664000;68212.0;13877.0;54335.0
664100;68205.0;13870.0;54335.0
664200;68272.0;13898.0;54374.0
664300;68251.0;13877.0;54374.0
664400;68289.5;13915.5;54374.0
664500;67939.0;13877.0;54062.0
664600;68251.0;13877.0;54374.0
664700;68251.0;13877.0;54374.0
664800;68188.0;13814.0;54374.0
664900;68155.0;13898.0;54257.0
665000;68155.0;13898.0;54257.0
665100;68297.0;13884.0;54413.0
665200;68315.0;13863.0;54452.0
665300;68350.0;13898.0;54452.0
665400;68336.0;13884.0;54452.0
665500;68322.0;13870.0;54452.0
665600;68322.0;13870.0;54452.0
665700;68336.0;13884.0;54452.0
665800;68478.0;13870.0;54608.0
665900;68503.0;13856.0;54647.0
666000;67829.0;13884.0;53945.0
666100;67503.0;13870.0;53633.0
666200;68244.0;13870.0;54374.0
666300;68297.0;13884.0;54413.0
666400;68297.0;13884.0;54413.0
666500;68531.0;13884.0;54647.0
666600;68414.0;13884.0;54530.0
666700;68414.0;13884.0;54530.0
666800;68481.0;13912.0;54569.0
666900;68481.0;13912.0;54569.0
667000;68409.0;13840.0;54569.0
667100;67953.0;13930.0;54023.0
667200;68555.0;13947.0;54608.0
667300;68403.5;13912.5;54491.0
667400;68509.0;13901.0;54608.0
667500;68532.0;13924.0;54608.0
667600;68532.0;13924.0;54608.0
667700;68438.0;13947.0;54491.0
667800;68509.0;13901.0;54608.0
667900;68548.0;13901.0;54647.0
668000;68548.0;13901.0;54647.0
668100;68525.0;13878.0;54647.0
668200;68431.0;13901.0;54530.0
668300;68715.5;13912.5;54803.0
668400;68627.0;13915.0;54712.0
668500;68627.0;13915.0;54712.0
668600;68738.0;13915.0;54823.0
668700;68706.5;13883.5;54823.0
668800;68775.0;13915.0;54860.0
668900;68664.0;13915.0;54749.0
669000;68685.0;13936.0;54749.0
669100;68664.0;13915.0;54749.0
669200;68680.0;13894.0;54786.0
669300;68690.5;13904.5;54786.0
669400;68611.0;13936.0;54675.0
669500;-141125.0;-196022.0;54897.0
669600;68701.0;13915.0;54786.0
669700;68701.0;13915.0;54786.0
669800;68590.0;13915.0;54675.0
669900;68738.0;13915.0;54823.0
670000;69235.0;13894.0;55341.0
670100;68717.0;13894.0;54823.0
670200;68754.0;13894.0;54860.0
670300;68922.0;14062.0;54860.0
670400;68865.0;13894.0;54971.0
670500;68764.5;13904.5;54860.0
670600;68754.0;13894.0;54860.0
670700;68697.0;13726.0;54971.0
670800;68923.0;13915.0;55008.0
670900;68643.0;13894.0;54749.0
671000;68759.5;13862.5;54897.0
671100;68749.0;13852.0;54897.0
671200;68765.0;13831.0;54934.0
671300;68918.0;13873.0;55045.0
671400;68618.0;13684.0;54934.0
671500;68918.0;13873.0;55045.0
671600;68786.0;13852.0;54934.0
671700;68786.0;13852.0;54934.0
671800;68817.5;13883.5;54934.0
671900;68971.0;13852.0;55119.0
672000;68844.0;13873.0;54971.0
672100;68960.5;13841.5;55119.0
672200;69523.0;13738.0;55785.0
672300;68863.0;13855.0;55008.0
672400;68921.5;13894.0;55027.5
672500;68934.5;13907.0;55027.5
672600;69345.0;13894.0;55451.0
672700;68869.5;13842.0;55027.5
672800;68869.5;13842.0;55027.5
672900;68908.0;13842.0;55066.0
673000;68417.0;13816.0;54601.0
673100;69057.0;13816.0;55241.0
673200;68937.0;13816.0;55121.0
673300;68937.0;13816.0;55121.0
673400;68895.0;13894.0;55001.0
673500;68976.0;13855.0;55121.0
673600;69431.0;13870.0;55561.0
673700;69027.0;13906.0;55121.0
673800;69267.0;14266.0;55001.0
673900;69085.0;13924.0;55161.0
674000;69031.0;13870.0;55161.0
674100;68896.0;13735.0;55161.0
674200;68757.0;13716.0;55041.0
674300;69006.0;13925.0;55081.0
674400;69063.0;13982.0;55081.0
674500;69069.0;13868.0;55201.0
674600;69065.0;13744.0;55321.0
674700;69085.0;13884.0;55201.0
674800;68985.0;13904.0;55081.0
674900;69085.0;14004.0;55081.0
675000;69125.0;13884.0;55241.0
675100;69105.0;13864.0;55241.0
675200;69105.0;13824.0;55281.0
675300;69985.0;13864.0;56121.0
675400;69145.0;13864.0;55281.0
675500;69225.0;13824.0;55401.0
675600;69585.0;13864.0;55721.0
675700;69145.0;13864.0;55281.0
675800;69145.0;13864.0;55281.0
675900;69185.0;13864.0;55321.0
676000;69325.0;13844.0;55481.0
676100;69125.0;13804.0;55321.0
676200;69225.0;13864.0;55361.0
676300;69165.0;13804.0;55361.0
676400;69345.0;13984.0;55361.0
676500;69225.0;13864.0;55361.0
676600;69265.0;13904.0;55361.0
676700;68905.0;13544.0;55361.0
676800;69545.0;14184.0;55361.0
676900;69165.0;13924.0;55241.0
677000;69065.0;13824.0;55241.0
677100;69245.0;13844.0;55401.0
677200;69257.0;13816.0;55441.0
677300;69901.0;13860.0;56041.0
677400;69257.0;13816.0;55441.0
677500;69315.0;13874.0;55441.0
677600;69292.0;13851.0;55441.0
677700;69269.0;13828.0;55441.0
677800;69475.0;13874.0;55601.0
677900;69883.0;14242.0;55641.0
678000;69355.0;13874.0;55481.0
678100;69355.0;13874.0;55481.0
678200;69395.0;13874.0;55521.0
678300;68795.0;13874.0;54921.0
678400;69326.0;13805.0;55521.0
678500;69275.0;13874.0;55401.0
678600;69601.0;13920.0;55681.0
678700;69275.0;13874.0;55401.0
678800;69555.0;13874.0;55681.0
678900;69995.0;13874.0;56121.0
679000;69275.0;13874.0;55401.0
679100;-1024885.0;13874.0;-1038759.0
679200;69641.0;13920.0;55721.0
679300;69207.0;13606.0;55601.0
679400;69373.0;13892.0;55481.0
679500;69519.0;13918.0;55601.0
679600;69585.0;13984.0;55601.0
679700;69480.0;13759.0;55721.0
679800;69490.0;14009.0;55481.0
679900;68745.0;13984.0;54761.0
680000;69650.0;14009.0;55641.0
680100;69625.0;13984.0;55641.0
680200;69665.0;13984.0;55681.0
680300;69595.0;14034.0;55561.0
680400;69665.0;13984.0;55681.0
680500;69665.0;13984.0;55681.0
680600;69810.0;14009.0;55801.0
680700;69785.0;13984.0;55801.0
680800;69691.0;13850.0;55841.0
680900;70169.0;14448.0;55721.0
681000;69701.0;13980.0;55721.0
681100;69285.0;13564.0;55721.0
681200;69804.0;14043.0;55761.0
681300;69945.5;14064.5;55881.0
681400;69967.0;14086.0;55881.0
681500;69804.0;14043.0;55761.0
681600;69847.0;14086.0;55761.0
681700;69782.5;14021.5;55761.0
681800;69647.0;14086.0;55561.0
681900;70058.0;14215.0;55843.0
682000;69418.0;14086.0;55332.0
682100;69929.0;14086.0;55843.0
682200;70051.5;14172.0;55879.5
682300;70008.5;14129.0;55879.5
682400;70118.0;14129.0;55989.0
682500;70513.0;14086.0;56427.0
682600;69899.0;14129.0;55770.0
682700;70139.5;14150.5;55989.0
682800;70438.5;14559.0;55879.5
682900;70191.0;14129.0;56062.0
683000;70045.0;14129.0;55916.0
683100;69942.0;14172.0;55770.0
683200;70124.5;14172.0;55952.5
683300;70309.0;14247.0;56062.0
683400;70160.5;14208.0;55952.5
683500;70160.5;14208.0;55952.5
683600;70160.5;14208.0;55952.5
683700;70160.5;14208.0;55952.5
683800;70121.5;14169.0;55952.5
683900;70559.5;14169.0;56390.5
684000;70158.0;14169.0;55989.0
684100;70051.0;14208.0;55843.0
684200;70781.0;14208.0;56573.0
684300;70253.0;14227.5;56025.5
684400;69744.5;14266.5;55478.0
684500;69723.5;14266.5;55457.0
684600;70304.0;14247.0;56057.0
684700;70184.0;14247.0;55937.0
684800;70184.0;14247.0;55937.0
684900;70383.0;14286.0;56097.0
685000;70363.5;14266.5;56097.0
685100;70305.0;14208.0;56097.0
685200;70465.0;14208.0;56257.0
685300;70345.0;14208.0;56137.0
685400;70463.0;14326.0;56137.0
685500;70383.0;14246.0;56137.0
685600;70071.0;14534.0;55537.0
685700;69815.0;14278.0;55537.0
685800;70415.0;14278.0;56137.0
685900;70487.0;14310.0;56177.0
686000;70455.0;14278.0;56177.0
686100;70439.0;14262.0;56177.0
686200;70495.0;14278.0;56217.0
686300;70543.0;14326.0;56217.0
686400;69983.0;14246.0;55737.0
686500;70495.0;14278.0;56217.0
686600;70527.0;14310.0;56217.0
686700;70463.0;14246.0;56217.0
686800;70655.0;14278.0;56377.0
686900;70375.0;14278.0;56097.0
687000;70503.0;14246.0;56257.0
687100;70695.0;14278.0;56417.0
687200;70575.0;14278.0;56297.0
687300;70455.0;14278.0;56177.0
687400;70455.0;14278.0;56177.0
687500;70575.0;14278.0;56297.0
687600;70607.0;14310.0;56297.0
687700;70127.0;14310.0;55817.0
687800;70559.0;14262.0;56297.0
687900;70599.0;14262.0;56337.0
688000;70839.0;14342.0;56497.0
688100;70647.0;14310.0;56337.0
688200;70799.0;14278.0;56521.0
688300;70683.5;14278.0;56405.5
688400;70667.5;14262.0;56405.5
688500;70217.0;14278.0;55939.0
688600;70576.0;14157.0;56419.0
688700;70724.0;14305.0;56419.0
688800;70124.0;14305.0;55819.0
688900;70979.5;14360.5;56619.0
689000;70887.0;14268.0;56619.0
689100;70924.0;14305.0;56619.0
689200;70804.0;14305.0;56499.0
689300;70785.5;14286.5;56499.0
689400;70804.0;14305.0;56499.0
689500;70799.5;14300.5;56499.0
689600;70650.5;14151.5;56499.0
689700;70839.0;14220.0;56619.0
689800;70807.0;14308.0;56499.0
689900;70913.0;14374.0;56539.0
690000;70979.0;14440.0;56539.0
690100;70949.0;14374.0;56575.0
690200;71030.0;14418.0;56612.0
690300;70986.0;14374.0;56612.0
690400;71121.0;14374.0;56747.0
690500;70914.0;14374.0;56540.0
690600;71432.0;14374.0;57058.0
690700;71304.5;14394.5;56910.0
690800;71168.0;14517.0;56651.0
690900;71156.0;14468.0;56688.0
691000;70912.0;14076.0;56836.0
691100;70764.0;14076.0;56688.0
691200;70719.0;14447.0;56272.0
691300;71252.0;14500.0;56752.0
691400;71252.0;14500.0;56752.0
691500;71132.0;14500.0;56632.0
691600;71305.0;14553.0;56752.0
691700;70828.0;14076.0;56752.0
691800;71385.5;14473.5;56912.0
691900;71345.0;14553.0;56792.0
692000;71398.0;14606.0;56792.0
692100;71785.0;14553.0;57232.0
692200;71398.0;14606.0;56792.0
692300;71385.0;14553.0;56832.0
692400;71438.0;14606.0;56832.0
692500;71332.0;14500.0;56832.0
692600;71438.0;14606.0;56832.0
692700;71558.0;14606.0;56952.0
692800;71438.0;14606.0;56832.0
692900;71638.0;14606.0;57032.0
693000;71557.5;14685.5;56872.0
693100;71478.0;14606.0;56872.0
693200;70918.0;14606.0;56312.0
693300;71638.0;14606.0;57032.0
693400;71638.0;14606.0;57032.0
693500;71398.0;14606.0;56792.0
693600;71597.5;14685.5;56912.0
693700;71398.0;14606.0;56792.0
693800;71359.0;14447.0;56912.0
693900;71918.5;14526.5;57392.0
694000;71451.0;14659.0;56792.0
694100;71451.0;14659.0;56792.0
694200;71051.0;14659.0;56392.0
694300;71730.5;14738.5;56992.0
694400;71598.0;14606.0;56992.0
694500;71677.5;14685.5;56992.0
694600;71624.5;14632.5;56992.0
694700;72022.0;15030.0;56992.0
694800;71651.0;14659.0;56992.0
694900;71478.0;14606.0;56872.0
695000;71638.0;14606.0;57032.0
695100;71638.0;14606.0;57032.0
695200;71731.0;14659.0;57072.0
695300;70945.5;14473.5;56472.0
695400;72475.0;14803.0;57672.0
695500;71175.0;14703.0;56472.0
695600;71725.0;14653.0;57072.0
695700;71725.0;14653.0;57072.0
695800;71725.0;14653.0;57072.0
695900;72025.0;14753.0;57272.0
696000;72050.0;14778.0;57272.0
696100;71800.0;14688.0;57112.0
696200;71795.0;14643.0;57152.0
696300;71675.0;14643.0;57032.0
696400;71675.0;14643.0;57032.0
696500;71840.0;14688.0;57152.0
696600;72320.0;15048.0;57272.0
696700;71885.0;14733.0;57152.0
696800;71885.0;14733.0;57152.0
696900;71925.0;14733.0;57192.0
697000;71765.0;14733.0;57032.0
697100;71565.0;14373.0;57192.0
697200;71897.5;14665.5;57232.0
697300;71965.0;14733.0;57232.0
697400;71965.0;14733.0;57232.0
697500;71920.0;14688.0;57232.0
697600;72122.5;14890.5;57232.0
697700;71875.0;14643.0;57232.0
697800;71920.0;14688.0;57232.0
697900;72005.0;14733.0;57272.0
698000;72005.0;14733.0;57272.0
698100;72117.5;14845.5;57272.0
698200;72555.0;14643.0;57912.0
698300;71880.0;14688.0;57192.0
698400;72000.0;14688.0;57312.0
698500;71880.0;14688.0;57192.0
698600;71932.5;14620.5;57312.0
698700;72120.0;14688.0;57432.0
698800;72000.0;14688.0;57312.0
698900;72085.0;14733.0;57352.0
699000;72107.5;14755.5;57352.0
699100;72062.5;14710.5;57352.0
699200;72237.5;14845.5;57392.0
699300;72125.0;14733.0;57392.0
699400;72087.5;14575.5;57512.0
699500;71600.0;14328.0;57272.0
699600;72057.5;14665.5;57392.0
699700;71945.0;14553.0;57392.0
699800;72125.0;14733.0;57392.0
699900;72304.5;14872.5;57432.0
700000;72207.0;14775.0;57432.0
700100;72249.0;14817.0;57432.0
700200;72289.0;14817.0;57472.0
700300;71905.0;14553.0;57352.0
700400;71905.0;14553.0;57352.0
700500;72239.5;14767.5;57472.0
700600;72289.0;14817.0;57472.0
700700;72403.0;14931.0;57472.0
700800;72492.0;14820.0;57672.0
700900;72467.0;14955.0;57512.0
701000;71837.0;14805.0;57032.0
701100;72997.0;14925.0;58072.0
701200;72477.0;14925.0;57552.0
701300;72477.0;14925.0;57552.0
701400;72477.0;14925.0;57552.0
701500;72477.0;14925.0;57552.0
701600;72117.0;14685.0;57432.0
701700;72447.0;14895.0;57552.0
701800;72667.0;14955.0;57712.0
701900;72467.0;14715.0;57752.0
702000;72557.0;14805.0;57752.0
702100;72960.5;14925.0;58035.5
702200;72183.0;14955.0;57228.0
702300;72525.0;14955.0;57570.0
702400;72639.0;14955.0;57684.0
702500;72905.0;14955.0;57950.0
702600;72069.0;14955.0;57114.0
702700;72684.0;15000.0;57684.0
702800;72429.0;14745.0;57684.0
702900;72677.0;14955.0;57722.0
703000;72701.0;14955.0;57746.0
703100;72571.0;14985.0;57586.0
703200;72741.0;14955.0;57786.0
703300;72786.0;15000.0;57786.0
703400;72741.0;14955.0;57786.0
703500;72531.0;14745.0;57786.0
703600;72921.0;15015.0;57906.0
703700;72891.0;14985.0;57906.0
703800;72771.0;14985.0;57786.0
703900;72661.0;14835.0;57826.0
704000;72871.0;15045.0;57826.0
704100;72811.0;14985.0;57826.0
704200;72811.0;14985.0;57826.0
704300;72731.0;14745.0;57986.0
704400;72266.0;15000.0;57266.0
704500;72851.0;14985.0;57866.0
704600;73291.0;14985.0;58306.0
704700;72866.0;15000.0;57866.0
704800;72821.0;14955.0;57866.0
704900;72861.0;14955.0;57906.0
705000;72671.0;14925.0;57746.0
705100;73301.0;14955.0;58346.0
705200;72871.0;14925.0;57946.0
705300;72781.0;14955.0;57826.0
705400;72830.0;15004.0;57826.0
705500;72968.5;15022.5;57946.0
705600;72950.0;15004.0;57946.0
705700;72470.0;15004.0;57466.0
705800;72950.0;15004.0;57946.0
705900;72756.0;14930.0;57826.0
706000;72990.0;15004.0;57986.0
706100;72793.0;14967.0;57826.0
706200;72907.0;15041.0;57866.0
706300;72910.0;15004.0;57906.0
706400;73150.0;15004.0;58146.0
706500;72974.5;14948.5;58026.0
706600;72993.0;14967.0;58026.0
706700;72993.0;14967.0;58026.0
706800;72993.0;14967.0;58026.0
706900;73070.0;15004.0;58066.0
707000;73070.0;15004.0;58066.0
707100;73070.0;15004.0;58066.0
707200;73110.0;15004.0;58106.0
707300;73110.0;15004.0;58106.0
707400;72547.0;15041.0;57506.0
707500;73110.0;15004.0;58106.0
707600;73147.0;15041.0;58106.0
707700;72547.0;15041.0;57506.0
707800;72990.0;15004.0;57986.0
707900;73187.0;15041.0;58146.0
708000;74104.0;15078.0;59026.0
708100;73483.0;15337.0;58146.0
708200;73185.0;15039.0;58146.0
708300;73267.0;15081.0;58186.0
708400;73387.0;15081.0;58306.0
708500;73267.0;15081.0;58186.0
708600;73210.0;15144.0;58066.0
708700;73231.0;15165.0;58066.0
708800;73293.0;15081.0;58212.0
708900;72841.0;15123.0;57718.0
709000;72841.0;15123.0;57718.0
709100;72883.0;15165.0;57718.0
709200;73453.0;15165.0;58288.0
709300;73567.0;15165.0;58402.0
709400;73582.0;15408.0;58174.0
709500;73731.0;15177.0;58554.0
709600;73465.0;15177.0;58288.0
709700;73351.0;15177.0;58174.0
709800;73503.0;15177.0;58326.0
709900;73461.0;15135.0;58326.0
710000;73521.0;15347.0;58174.0
710100;73465.0;15139.0;58326.0
710200;73559.0;15195.0;58364.0
710300;73487.0;15123.0;58364.0
710400;73595.0;15231.0;58364.0
710500;73295.0;14931.0;58364.0
710600;73559.0;15195.0;58364.0
710700;73535.0;15171.0;58364.0
710800;73559.0;15195.0;58364.0
710900;73629.5;15227.5;58402.0
711000;73050.0;15180.0;57870.0
711100;73563.0;15161.0;58402.0
711200;73031.0;15161.0;57870.0
711300;73601.0;15161.0;58440.0
711400;73620.0;15180.0;58440.0
711500;73610.5;15170.5;58440.0
711600;73639.0;15199.0;58440.0
711700;73610.5;15170.5;58440.0
711800;73525.0;15199.0;58326.0
711900;73677.0;15199.0;58478.0
712000;73696.0;15218.0;58478.0
712100;73677.0;15199.0;58478.0
712200;73715.0;15199.0;58516.0
712300;73724.5;15208.5;58516.0
712400;74285.0;15199.0;59086.0
712500;73161.0;15215.0;57946.0
712600;73710.0;15194.0;58516.0
712700;73731.0;15215.0;58516.0
712800;73731.0;15215.0;58516.0
712900;73769.0;15215.0;58554.0
713000;74187.0;15215.0;58972.0
713100;73769.0;15215.0;58554.0
713200;73921.0;15215.0;58706.0
713300;73807.0;15215.0;58592.0
713400;73835.0;15243.0;58592.0
713500;73817.0;15225.0;58592.0
713600;73701.0;15223.0;58478.0
713700;74419.0;15257.0;59162.0
713800;73241.0;15219.0;58022.0
713900;73859.0;15229.0;58630.0
714000;73855.0;15225.0;58630.0
714100;73855.0;15225.0;58630.0
714200;73899.0;15231.0;58668.0
714300;73359.0;15261.0;58098.0
714400;74011.0;15229.0;58782.0
714500;73897.0;15229.0;58668.0
714600;73897.0;15229.0;58668.0
714700;73897.0;15229.0;58668.0
714800;73897.0;15229.0;58668.0
714900;73896.0;15190.0;58706.0
715000;73751.0;15235.0;58516.0
715100;73878.0;15172.0;58706.0
715200;73974.5;15230.5;58744.0
715300;74009.0;15265.0;58744.0
715400;73982.0;15238.0;58744.0
715500;73979.0;15235.0;58744.0
715600;74024.0;15280.0;58744.0
715700;73976.0;15232.0;58744.0
715800;73976.0;15232.0;58744.0
715900;74172.0;15238.0;58934.0
716000;74014.0;15232.0;58782.0
716100;73482.0;15232.0;58250.0
716200;74622.0;15232.0;59390.0
716300;74046.0;15226.0;58820.0
716400;74058.0;15238.0;58820.0
716500;74172.0;15238.0;58934.0
716600;73488.0;15238.0;58250.0
716700;74058.0;15238.0;58820.0
716800;74058.0;15238.0;58820.0
716900;74096.0;15238.0;58858.0
717000;73944.0;15238.0;58706.0
717100;74096.0;15238.0;58858.0
717200;74134.0;15238.0;58896.0
717300;74134.0;15238.0;58896.0
717400;74160.0;15238.0;58922.0
717500;74160.0;15238.0;58922.0
717600;74160.0;15238.0;58922.0
717700;74268.0;15238.0;59030.0
717800;74160.0;15238.0;58922.0
717900;74196.0;15238.0;58958.0
718000;74052.0;15238.0;58814.0
718100;74340.0;15238.0;59102.0
718200;74232.0;15238.0;58994.0
718300;74232.0;15238.0;58994.0
718400;73692.0;15238.0;58454.0
718500;74232.0;15238.0;58994.0
718600;74232.0;15238.0;58994.0
718700;74232.0;15238.0;58994.0
718800;74232.0;15238.0;58994.0
718900;74412.0;15238.0;59174.0
719000;74268.0;15238.0;59030.0
719100;74268.0;15238.0;59030.0
719200;74304.0;15238.0;59066.0
719300;74304.0;15238.0;59066.0
719400;74196.0;15238.0;58958.0
719500;74304.0;15238.0;59066.0
719600;74304.0;15238.0;59066.0
719700;74304.0;15238.0;59066.0
719800;74196.0;15238.0;58958.0
719900;74340.0;15238.0;59102.0
720000;74340.0;15238.0;59102.0
720100;74340.0;15238.0;59102.0
720200;74376.0;15238.0;59138.0
720300;73836.0;15238.0;58598.0
720400;74376.0;15238.0;59138.0
720500;74376.0;15238.0;59138.0
720600;74916.0;15238.0;59678.0
720700;74916.0;15238.0;59678.0
720800;74372.0;15234.0;59138.0
720900;75204.0;15238.0;59966.0
721000;74452.0;15278.0;59174.0
721100;74448.0;15274.0;59174.0
721200;74001.5;15228.0;58773.5
721300;74517.5;15294.0;59223.5
721400;74541.5;15318.0;59223.5
721500;74399.0;15288.0;59111.0
721600;74529.5;15306.0;59223.5
721700;74541.5;15318.0;59223.5
721800;74529.5;15306.0;59223.5
721900;74555.0;15294.0;59261.0
722000;74501.0;15390.0;59111.0
722100;74393.0;15282.0;59111.0
722200;74604.5;15306.0;59298.5
722300;75005.0;15294.0;59711.0
722400;74580.5;15282.0;59298.5
722500;74693.0;15282.0;59411.0
722600;74580.5;15282.0;59298.5
722700;74693.0;15282.0;59411.0
722800;74471.0;15172.5;59298.5
722900;74632.0;15296.0;59336.0
723000;74622.5;15286.5;59336.0
723100;74651.0;15315.0;59336.0
723200;74650.5;15277.0;59373.5
723300;74126.0;15315.0;58811.0
723400;74536.5;15163.0;59373.5
723500;74843.0;15357.0;59486.0
723600;74834.5;15461.0;59373.5
723700;74730.5;15357.0;59373.5
723800;74743.5;15370.0;59373.5
723900;74794.0;15383.0;59411.0
724000;204807.0;145396.0;59411.0
724100;74768.0;15357.0;59411.0
724200;74805.5;15357.0;59448.5
724300;74918.0;15357.0;59561.0
724400;74805.5;15357.0;59448.5
724500;74792.5;15344.0;59448.5
724600;74805.5;15357.0;59448.5
724700;75355.0;15344.0;60011.0
724800;74792.5;15344.0;59448.5
724900;74680.0;15344.0;59336.0
725000;74830.0;15344.0;59486.0
725100;74817.0;15331.0;59486.0
725200;74854.5;15331.0;59523.5
725300;74854.5;15331.0;59523.5
725400;74841.5;15318.0;59523.5
725500;74750.5;15227.0;59523.5
725600;74954.0;15318.0;59636.0
725700;75062.5;15426.5;59636.0
725800;74940.0;15416.5;59523.5
725900;74835.0;15424.0;59411.0
726000;74990.0;15429.0;59561.0
726100;74377.5;15431.5;58946.0
726200;75095.0;15469.0;59626.0
726300;75095.0;15469.0;59626.0
726400;74975.0;15469.0;59506.0
726500;75095.0;15469.0;59626.0
726600;75095.0;15469.0;59626.0
726700;75095.0;15469.0;59626.0
726800;74975.0;15469.0;59506.0
726900;75135.0;15469.0;59666.0
727000;75135.0;15469.0;59666.0
727100;75135.0;15469.0;59666.0
727200;74575.0;15469.0;59106.0
727300;75175.0;15469.0;59706.0
727400;75103.0;15469.0;59634.0
727500;75103.0;15469.0;59634.0
727600;75214.0;15469.0;59745.0
727700;75325.0;15469.0;59856.0
727800;75214.0;15469.0;59745.0
727900;75399.0;15469.0;59930.0
728000;75251.0;15469.0;59782.0
728100;75251.0;15469.0;59782.0
728200;75288.0;15469.0;59819.0
728300;75288.0;15469.0;59819.0
728400;75288.0;15469.0;59819.0
728500;75399.0;15469.0;59930.0
728600;75320.5;15469.0;59851.5
728700;75320.5;15469.0;59851.5
728800;75913.0;15469.0;60444.0
728900;75360.0;15469.0;59891.0
729000;75360.0;15469.0;59891.0
729100;75574.0;15525.0;60049.0
729200;75455.5;15525.0;59930.5
729300;75443.5;15513.0;59930.5
729400;75455.5;15525.0;59930.5
729500;75455.5;15525.0;59930.5
729600;75447.5;15517.0;59930.5
729700;75609.0;15560.0;60049.0
729800;75490.5;15560.0;59930.5
729900;75563.0;15593.0;59970.0
730000;75530.0;15560.0;59970.0
730100;75683.5;15555.5;60128.0
730200;75566.5;15557.0;60009.5
730300;74974.0;15560.0;59414.0
730400;75613.0;15599.0;60014.0
730500;75617.5;15603.5;60014.0
730600;76208.5;15594.5;60614.0
730700;75521.0;15707.0;59814.0
730800;75622.0;15608.0;60014.0
730900;75560.0;15666.0;59894.0
731000;75829.0;15615.0;60214.0
731100;75740.5;15686.5;60054.0
731200;75824.0;15730.0;60094.0
731300;75824.0;15730.0;60094.0
731400;75857.0;15763.0;60094.0
731500;75901.0;15807.0;60094.0
731600;75824.0;15730.0;60094.0
731700;75802.0;15708.0;60094.0
731800;75682.0;15708.0;59974.0
731900;75666.0;15532.0;60134.0
732000;75886.0;15752.0;60134.0
732100;75304.0;15730.0;59574.0
732200;76090.0;15796.0;60294.0
732300;76130.0;15796.0;60334.0
732400;76024.0;15730.0;60294.0
732500;75806.0;15752.0;60054.0
732600;75937.0;15763.0;60174.0
732700;76080.0;15906.0;60174.0
732800;75838.0;15664.0;60174.0
732900;75977.0;15763.0;60214.0
733000;75966.0;15752.0;60214.0
733100;75790.0;15576.0;60214.0
733200;75984.0;15730.0;60254.0
733300;76028.0;15774.0;60254.0
733400;75732.0;15598.0;60134.0
733500;76148.0;15774.0;60374.0
733600;76028.0;15774.0;60254.0
733700;76025.5;15752.0;60273.5
733800;76047.5;15774.0;60273.5
733900;75987.0;15675.0;60312.0
734000;76064.0;15752.0;60312.0
734100;76064.0;15752.0;60312.0
734200;75492.0;15719.0;59773.0
734300;76196.0;15730.0;60466.0
734400;75965.0;15730.0;60235.0
734500;76080.5;15730.0;60350.5
734600;75250.0;15708.0;59542.0
734700;75932.0;15697.0;60235.0
734800;76047.5;15697.0;60350.5
734900;76154.0;15765.0;60389.0
735000;76018.0;15629.0;60389.0
735100;75689.0;15765.0;59924.0
735200;76088.0;15804.0;60284.0
735300;76259.0;15815.0;60444.0
735400;76215.0;15771.0;60444.0
735500;76084.0;15760.0;60324.0
735600;76204.0;15760.0;60444.0
735700;76419.0;15815.0;60604.0
735800;76117.0;15793.0;60324.0
735900;76277.0;15793.0;60484.0
736000;75717.0;15793.0;59924.0
736100;76277.0;15793.0;60484.0
736200;76339.0;15815.0;60524.0
736300;76284.0;15760.0;60524.0
736400;76295.0;15771.0;60524.0
736500;76328.0;15804.0;60524.0
736600;76295.0;15771.0;60524.0
736700;76317.0;15793.0;60524.0
736800;76895.0;15771.0;61124.0
736900;76392.0;15828.0;60564.0
737000;76205.0;15801.0;60404.0
737100;76419.0;15855.0;60564.0
737200;76432.0;15828.0;60604.0
737300;76459.0;15855.0;60604.0
737400;76432.0;15828.0;60604.0
737500;76872.0;15828.0;61044.0
737600;75872.5;15868.5;60004.0
737700;75535.0;15531.0;60004.0
737800;76472.5;15868.5;60604.0
737900;76339.0;15855.0;60484.0
738000;75978.5;15814.5;60164.0
738100;76485.5;15841.5;60644.0
738200;76632.0;15828.0;60804.0
738300;76512.0;15828.0;60684.0
738400;76512.0;15828.0;60684.0
738500;76005.0;15801.0;60204.0
738600;76365.0;15801.0;60564.0
738700;76485.0;15801.0;60684.0
738800;75669.0;15585.0;60084.0
738900;77112.0;15828.0;61284.0
739000;76579.0;15855.0;60724.0
739100;76768.0;16044.0;60724.0
739200;76432.0;15828.0;60604.0
739300;76592.0;15828.0;60764.0
739400;76592.0;15828.0;60764.0
739500;76678.0;16034.0;60644.0
739600;76704.0;15940.0;60764.0
739700;76704.0;15940.0;60764.0
739800;76635.0;15871.0;60764.0
739900;76560.0;15756.0;60804.0
740000;76732.5;15928.5;60804.0
740100;76584.0;15940.0;60644.0
740200;76760.0;15756.0;61004.0
740300;77224.0;15940.0;61284.0
740400;77418.5;15974.5;61444.0
740500;76652.5;15808.5;60844.0
740600;77479.5;15795.5;61684.0
740700;76882.0;15878.0;61004.0
740800;76821.0;15977.0;60844.0
740900;76828.0;15944.0;60884.0
741000;76828.0;15944.0;60884.0
741100;76828.0;15944.0;60884.0
741200;76818.5;15894.5;60924.0
741300;77132.0;16208.0;60924.0
741400;76802.0;15878.0;60924.0
741500;76835.0;15911.0;60924.0
741600;76905.5;15861.5;61044.0
741700;76802.0;15878.0;60924.0
741800;76785.5;15861.5;60924.0
741900;77139.0;16175.0;60964.0
742000;76388.0;15904.0;60484.0
742100;77123.0;15999.0;61124.0
742200;76889.0;15885.0;61004.0
742300;76327.0;15923.0;60404.0
742400;76730.0;15726.0;61004.0
742500;76893.0;15769.0;61124.0
742600;76911.0;15907.0;61004.0
742700;76934.0;15930.0;61004.0
742800;76791.0;15907.0;60884.0
742900;77043.0;15999.0;61044.0
743000;76837.0;15953.0;60884.0
743100;76810.0;15766.0;61044.0
743200;77915.0;15991.0;61924.0
743300;77050.0;15966.0;61084.0
743400;77425.0;16341.0;61084.0
743500;77145.0;15941.0;61204.0
743600;77025.0;15941.0;61084.0
743700;77100.0;16016.0;61084.0
743800;77185.0;15941.0;61244.0
743900;77047.0;15923.0;61124.0
744000;77139.0;16015.0;61124.0
744100;77093.0;15969.0;61124.0
744200;77179.0;16015.0;61164.0
744300;77179.0;16015.0;61164.0
744400;77179.0;16015.0;61164.0
744500;78101.0;16337.0;61764.0
744600;77253.0;15969.0;61284.0
744700;77225.0;16061.0;61164.0
744800;76811.0;15647.0;61164.0
744900;77379.0;16015.0;61364.0
745000;77150.0;15946.0;61204.0
745100;77059.0;16015.0;61044.0
745200;77213.0;15969.0;61244.0
745300;77213.0;15969.0;61244.0
745400;76613.0;15969.0;60644.0
745500;77213.0;15969.0;61244.0
745600;77255.0;16011.0;61244.0
745700;77215.0;15971.0;61244.0
745800;77255.0;16011.0;61244.0
745900;76975.0;15691.0;61284.0
746000;77495.0;16211.0;61284.0
746100;77191.0;16067.0;61124.0
746200;77555.0;16111.0;61444.0
746300;77435.0;16111.0;61324.0
746400;77435.0;16111.0;61324.0
746500;78035.0;16111.0;61924.0
746600;77435.0;16111.0;61324.0
746700;77595.0;16111.0;61484.0
746800;78013.0;16089.0;61924.0
746900;77123.0;15759.0;61364.0
747000;77475.0;16111.0;61364.0
747100;77635.0;16111.0;61524.0
747200;78355.0;16111.0;62244.0
747300;77569.0;16045.0;61524.0
747400;77515.0;16111.0;61404.0
747500;77515.0;16111.0;61404.0
747600;77493.0;16089.0;61404.0
747700;76959.0;16155.0;60804.0
747800;77417.0;16133.0;61284.0
747900;77665.0;16221.0;61444.0
748000;77555.0;16111.0;61444.0
748100;77373.0;16089.0;61284.0
748200;77759.0;16155.0;61604.0
748300;77411.0;16287.0;61124.0
748400;77519.0;16155.0;61364.0
748500;76973.0;16089.0;60884.0
748600;77803.0;16199.0;61604.0
748700;77551.0;16067.0;61484.0
748800;77199.0;15715.0;61484.0
748900;77723.0;16199.0;61524.0
749000;77767.0;16243.0;61524.0
749100;77723.0;16199.0;61524.0
749200;76723.0;15759.0;60964.0
749300;77207.0;16243.0;60964.0
749400;77851.0;16287.0;61564.0
749500;77851.0;16287.0;61564.0
749600;77851.0;16287.0;61564.0
749700;77851.0;16287.0;61564.0
749800;77851.0;16287.0;61564.0
749900;77891.0;16287.0;61604.0
750000;77825.0;16221.0;61604.0
750100;77891.0;16287.0;61604.0
750200;77727.0;16683.0;61044.0
750300;78092.0;16448.0;61644.0
750400;77969.0;16325.0;61644.0
750500;77969.0;16325.0;61644.0
750600;78144.0;16500.0;61644.0
750700;78149.0;16345.0;61804.0
750800;77958.0;16314.0;61644.0
750900;78060.0;16376.0;61684.0
751000;78060.0;16376.0;61684.0
751100;77998.0;16314.0;61684.0
751200;78282.0;16438.0;61844.0
751300;77837.0;16593.0;61244.0
751400;78155.0;16431.0;61724.0
751500;78184.0;16340.0;61844.0
751600;78051.0;16327.0;61724.0
751700;78090.0;16366.0;61724.0
751800;77944.0;16340.0;61604.0
751900;78104.0;16340.0;61764.0
752000;78224.5;16460.5;61764.0
752100;78325.0;16401.0;61924.0
752200;78205.0;16401.0;61804.0
752300;78039.0;16395.0;61644.0
752400;78058.0;16374.0;61684.0
752500;78167.5;16363.5;61804.0
752600;78799.0;16395.0;62404.0
752700;78359.0;16395.0;61964.0
752800;77599.0;16395.0;61204.0
752900;78239.0;16395.0;61844.0
753000;78176.0;16332.0;61844.0
753100;78309.0;16395.0;61914.0
753200;78455.0;16395.0;62060.0
753300;78345.5;16395.0;61950.5
753400;78005.0;16164.0;61841.0
753500;78455.0;16395.0;62060.0
753600;78324.5;16374.0;61950.5
753700;78405.5;16455.0;61950.5
753800;78297.5;16347.0;61950.5
753900;78379.0;16392.0;61987.0
754000;78196.5;16392.0;61804.5
754100;78261.0;16420.0;61841.0
754200;78421.5;16398.0;62023.5
754300;78443.5;16420.0;62023.5
754400;78478.5;16455.0;62023.5
754500;78478.5;16455.0;62023.5
754600;78478.5;16455.0;62023.5
754700;78478.5;16455.0;62023.5
754800;78519.0;16495.5;62023.5
754900;78328.5;16414.5;61914.0
755000;78369.0;16455.0;61914.0
755100;78177.0;16628.0;61549.0
755200;78609.5;16513.0;62096.5
755300;78609.5;16513.0;62096.5
755400;78696.0;16490.0;62206.0
755500;78039.0;16490.0;61549.0
755600;78673.0;16467.0;62206.0
755700;78655.0;16513.0;62142.0
755800;78655.0;16513.0;62142.0
755900;78741.0;16541.0;62200.0
756000;78249.0;16514.0;61735.0
756100;78729.0;16514.0;62215.0
756200;78889.0;16514.0;62375.0
756300;78943.0;16568.0;62375.0
756400;79012.0;16757.0;62255.0
756500;79105.0;16730.0;62375.0
756600;78846.0;16591.0;62255.0
756700;78862.0;16607.0;62255.0
756800;78862.0;16607.0;62255.0
756900;78777.0;16642.0;62135.0
757000;78937.0;16642.0;62295.0
757100;79097.0;16642.0;62455.0
757200;79037.0;16702.0;62335.0
757300;79046.0;16711.0;62335.0
757400;79035.0;16700.0;62335.0
757500;79040.0;16705.0;62335.0
757600;79888.0;16713.0;63175.0
757700;79200.0;16705.0;62495.0
757800;78920.0;16705.0;62215.0
757900;79078.0;16703.0;62375.0
758000;79080.0;16705.0;62375.0
758100;78573.5;16678.5;61895.0
758200;79121.5;16706.5;62415.0
758300;79118.0;16703.0;62415.0
758400;79135.5;16720.5;62415.0
758500;79146.0;16731.0;62415.0
758600;79118.0;16703.0;62415.0
758700;78567.0;16752.0;61815.0
758800;79167.0;16752.0;62415.0
758900;79047.0;16752.0;62295.0
759000;79208.0;16753.0;62455.0
759100;79206.5;16751.5;62455.0
759200;79368.0;16753.0;62615.0
759300;79248.0;16753.0;62495.0
759400;79849.0;16754.0;63095.0
759500;79239.0;16744.0;62495.0
759600;79248.0;16753.0;62495.0
759700;79129.0;16754.0;62375.0
759800;79407.0;16752.0;62655.0
759900;79449.5;16754.5;62695.0
760000;79286.5;16751.5;62535.0
760100;79280.0;16745.0;62535.0
760200;79328.0;16753.0;62575.0
760300;79320.0;16745.0;62575.0
760400;79326.5;16751.5;62575.0
760500;79329.5;16754.5;62575.0
760600;79328.0;16753.0;62575.0
760700;79329.0;16754.0;62575.0
760800;79329.0;16754.0;62575.0
760900;79530.5;16755.5;62775.0
761000;79369.0;16754.0;62615.0
761100;79361.0;16746.0;62615.0
761200;79409.0;16754.0;62655.0
761300;79409.0;16754.0;62655.0
761400;79413.0;16758.0;62655.0
761500;79530.0;16755.0;62775.0
761600;79403.0;16748.0;62655.0
761700;79412.0;16757.0;62655.0
761800;79411.0;16756.0;62655.0
761900;79447.5;16752.5;62695.0
762000;79610.0;16755.0;62855.0
762100;79609.0;16754.0;62855.0
762200;79490.0;16755.0;62735.0
762300;79490.0;16755.0;62735.0
762400;79490.0;16755.0;62735.0
762500;79610.0;16755.0;62855.0
762600;78890.5;16755.5;62135.0
762700;79489.5;16754.5;62735.0
762800;79491.0;16756.0;62735.0
762900;79691.0;16756.0;62935.0
763000;79532.0;16757.0;62775.0
763100;79371.0;16756.0;62615.0
763200;79723.0;16756.0;62967.0
763300;79608.0;16755.0;62853.0
763400;79609.0;16756.0;62853.0
763500;79617.0;16764.0;62853.0
763600;79495.0;16756.0;62739.0
763700;79609.0;16756.0;62853.0
763800;79648.0;16756.0;62892.0
763900;79745.0;16818.0;62927.0
764000;79563.0;16811.0;62752.0
764100;79640.0;16853.0;62787.0
764200;79920.0;16853.0;63067.0
764300;79926.5;16859.5;63067.0
764400;79814.0;16957.0;62857.0
764500;79841.0;16846.5;62994.5
764600;79847.5;16853.0;62994.5
764700;79834.5;16840.0;62994.5
764800;79735.0;16853.0;62882.0
764900;80035.0;16853.0;63182.0
765000;79865.5;16833.5;63032.0
765100;79885.0;16853.0;63032.0
765200;79922.5;16853.0;63069.5
765300;79909.5;16840.0;63069.5
765400;79909.5;16840.0;63069.5
765500;80022.0;16840.0;63182.0
765600;79909.5;16840.0;63069.5
765700;79909.5;16840.0;63069.5
765800;79818.5;16749.0;63069.5
765900;79960.0;16853.0;63107.0
766000;80372.5;16853.0;63519.5
766100;79960.0;16853.0;63107.0
766200;79997.5;16853.0;63144.5
766300;79960.0;16853.0;63107.0
766400;79997.5;16853.0;63144.5
766500;79997.5;16853.0;63144.5
766600;79997.5;16853.0;63144.5
766700;80010.5;16866.0;63144.5
766800;79997.5;16853.0;63144.5
766900;80152.0;16970.0;63182.0
767000;79944.0;16762.0;63182.0
767100;80048.0;16866.0;63182.0
767200;80072.5;16853.0;63219.5
767300;80066.0;16846.5;63219.5
767400;80072.5;16853.0;63219.5
767500;80085.5;16866.0;63219.5
767600;80081.0;16749.0;63332.0
767700;79929.5;16710.0;63219.5
767800;80046.5;16827.0;63219.5
767900;79947.0;16840.0;63107.0
768000;80097.0;16840.0;63257.0
768100;80097.0;16840.0;63257.0
768200;80134.5;16840.0;63294.5
768300;80121.5;16827.0;63294.5
768400;80234.0;16827.0;63407.0
768500;80037.5;16743.0;63294.5
768600;80699.0;16842.0;63857.0
768700;80286.5;16842.0;63444.5
768800;80109.5;16815.0;63294.5
768900;80156.0;16824.0;63332.0
769000;79979.0;16797.0;63182.0
769100;80174.0;16842.0;63332.0
769200;80306.0;16824.0;63482.0
769300;80193.5;16824.0;63369.5
769400;80193.5;16824.0;63369.5
769500;80193.5;16824.0;63369.5
769600;80211.5;16842.0;63369.5
769700;80193.5;16824.0;63369.5
769800;80801.0;16869.0;63932.0
769900;80267.0;16860.0;63407.0
770000;80240.0;16833.0;63407.0
770100;80090.0;16833.0;63257.0
770200;80295.5;16851.0;63444.5
770300;79765.0;16887.0;62878.0
770400;80905.0;16842.0;64063.0
770500;80440.0;16851.0;63589.0
770600;80321.5;16851.0;63470.5
770700;80366.5;16896.0;63470.5
770800;80348.5;16878.0;63470.5
770900;80244.0;16734.0;63510.0
771000;80546.0;16878.0;63668.0
771100;80546.0;16878.0;63668.0
771200;80672.0;17004.0;63668.0
771300;80436.5;16887.0;63549.5
771400;80501.0;16833.0;63668.0
771500;80409.5;16860.0;63549.5
771600;80984.0;16842.0;64142.0
771700;79817.0;16860.0;62957.0
771800;80907.0;16923.0;63984.0
771900;80589.0;16842.0;63747.0
772000;80575.0;16986.0;63589.0
772100;80413.0;16824.0;63589.0
772200;80452.5;16824.0;63628.5
772300;80294.5;16824.0;63470.5
772400;80470.5;16842.0;63628.5
772500;80452.5;16824.0;63628.5
772600;80452.5;16824.0;63628.5
772700;80452.5;16824.0;63628.5
772800;80434.5;16806.0;63628.5
772900;80632.0;16806.0;63826.0
773000;80492.0;16824.0;63668.0
773100;80492.0;16824.0;63668.0
773200;80549.5;16842.0;63707.5
773300;80513.5;16806.0;63707.5
773400;80603.5;16896.0;63707.5
773500;80395.0;16806.0;63589.0
773600;80513.5;16806.0;63707.5
773700;80486.5;16779.0;63707.5
773800;80038.0;16806.0;63232.0
773900;80558.0;16806.0;63752.0
774000;80540.0;16788.0;63752.0
774100;80700.0;16788.0;63912.0
774200;80562.0;16770.0;63792.0
774300;80447.0;16815.0;63632.0
774400;81180.0;16788.0;64392.0
774500;80580.0;16788.0;63792.0
774600;80580.0;16788.0;63792.0
774700;80616.0;16824.0;63792.0
774800;80571.0;16779.0;63792.0
774900;80638.0;16806.0;63832.0
775000;80526.5;16694.5;63832.0
775100;80296.0;16624.0;63672.0
775200;80736.0;16864.0;63872.0
775300;80688.0;16816.0;63872.0
775400;80792.0;16800.0;63992.0
775500;81160.0;16848.0;64312.0
775600;80824.0;16832.0;63992.0
775700;80752.0;16880.0;63872.0
775800;80720.0;16848.0;63872.0
775900;80760.0;16848.0;63912.0
776000;80888.0;16816.0;64072.0
776100;80760.0;16848.0;63912.0
776200;81056.0;17104.0;63952.0
776300;80832.0;16880.0;63952.0
776400;80768.0;16816.0;63952.0
776500;80768.0;16816.0;63952.0
776600;80864.0;16912.0;63952.0
776700;80832.0;16880.0;63952.0
776800;80768.0;16816.0;63952.0
776900;80808.0;16816.0;63992.0
777000;81368.0;16816.0;64552.0
777100;80808.0;16816.0;63992.0
777200;80918.0;16886.0;64032.0
777300;80951.0;16919.0;64032.0
777400;80798.0;16886.0;63912.0
777500;80896.0;16864.0;64032.0
777600;80764.0;16732.0;64032.0
777700;81160.0;17128.0;64032.0
777800;80958.0;16886.0;64072.0
777900;80958.0;16886.0;64072.0
778000;81134.0;17062.0;64072.0
778100;81496.0;16864.0;64632.0
778200;80998.0;16886.0;64112.0
778300;81020.0;16908.0;64112.0
778400;80420.0;16908.0;63512.0
778500;81009.0;16777.0;64232.0
778600;81034.0;16922.0;64112.0
778700;81194.0;16922.0;64272.0
778800;81034.0;16922.0;64112.0
778900;80914.0;16922.0;63992.0
779000;80914.0;16922.0;63992.0
779100;81045.0;16893.0;64152.0
779200;81041.5;16849.5;64192.0
779300;81056.0;16864.0;64192.0
779400;80965.0;16893.0;64072.0
779500;81085.0;16893.0;64192.0
779600;80965.0;16893.0;64072.0
779700;81362.0;16730.0;64632.0
779800;81047.0;16975.0;64072.0
779900;81207.0;16975.0;64232.0
780000;81172.0;16940.0;64232.0
780100;81172.0;16940.0;64232.0
780200;81492.0;17220.0;64272.0
780300;81026.0;16954.0;64072.0
780400;81226.0;16954.0;64272.0
780500;81155.5;17003.5;64152.0
780600;81226.0;16954.0;64272.0
780700;81386.0;16954.0;64432.0
780800;81419.0;16987.0;64432.0
780900;81266.0;16954.0;64312.0
781000;81266.0;16954.0;64312.0
781100;81706.0;16954.0;64752.0
781200;81042.0;16690.0;64352.0
781300;81306.0;16954.0;64352.0
781400;81306.0;16954.0;64352.0
781500;81306.0;16954.0;64352.0
781600;81306.0;16954.0;64352.0
781700;80442.0;16690.0;63752.0
781800;81153.0;16921.0;64232.0
781900;80833.0;16921.0;63912.0
782000;81153.0;16921.0;64232.0
782100;81313.0;16921.0;64392.0
782200;82242.5;16970.5;65272.0
782300;81139.0;16707.0;64432.0
782400;81241.0;16929.0;64312.0
782500;81290.0;16978.0;64312.0
782600;82280.0;17008.0;65272.0
782700;81810.0;17218.0;64592.0
782800;81410.0;16978.0;64432.0
782900;81450.0;16978.0;64472.0
783000;81570.0;17098.0;64472.0
783100;81655.0;17023.0;64632.0
783200;81520.0;17008.0;64512.0
783300;81280.0;16768.0;64512.0
783400;81520.0;17008.0;64512.0
783500;81595.0;17083.0;64512.0
783600;81490.0;16978.0;64512.0
783700;81460.0;17068.0;64392.0
783800;81490.0;16978.0;64512.0
783900;81530.0;16978.0;64552.0
784000;81370.0;16978.0;64392.0
784100;81530.0;16978.0;64552.0
784200;81540.0;16948.0;64592.0
784300;81540.0;16948.0;64592.0
784400;82140.0;16948.0;65192.0
784500;80880.0;16888.0;63992.0
784600;81540.0;16948.0;64592.0
784700;81375.0;16903.0;64472.0
784800;81378.0;16786.0;64592.0
784900;81462.0;16990.0;64472.0
785000;81622.0;16990.0;64632.0
785100;81622.0;16990.0;64632.0
785200;81662.0;16990.0;64672.0
785300;-258192.0;-322704.0;64512.0
785400;81662.0;16990.0;64672.0
785500;81645.0;16973.0;64672.0
785600;81662.0;16990.0;64672.0
785700;81662.0;16990.0;64672.0
785800;81822.0;16990.0;64832.0
785900;81770.0;17058.0;64712.0
786000;80822.0;16990.0;63832.0
786100;81736.0;17024.0;64712.0
786200;81725.0;16973.0;64752.0
786300;81776.0;17024.0;64752.0
786400;82116.0;17364.0;64752.0
786500;81776.0;17024.0;64752.0
786600;81776.0;17024.0;64752.0
786700;81759.0;17007.0;64752.0
786800;81690.0;17058.0;64632.0
786900;81850.0;17058.0;64792.0
787000;82290.0;17058.0;65232.0
787100;81850.0;17058.0;64792.0
787200;81850.0;17058.0;64792.0
787300;82010.0;17058.0;64952.0
787400;82010.0;17058.0;64952.0
787500;81924.0;17092.0;64832.0
787600;82010.0;17058.0;64952.0
787700;81941.0;17109.0;64832.0
787800;81998.0;17126.0;64872.0
787900;81964.0;17092.0;64872.0
788000;81839.0;17127.0;64712.0
788100;81999.0;17127.0;64872.0
788200;81482.5;17170.5;64312.0
788300;82039.0;17127.0;64912.0
788400;82039.0;17127.0;64912.0
788500;82159.0;17127.0;65032.0
788600;82010.0;17098.0;64912.0
788700;82242.0;17330.0;64912.0
788800;82010.0;17098.0;64912.0
788900;82006.5;17054.5;64952.0
789000;81722.0;17330.0;64392.0
789100;82210.0;17098.0;65112.0
789200;82090.0;17098.0;64992.0
789300;82133.5;17141.5;64992.0
789400;82104.5;17112.5;64992.0
789500;82090.0;17098.0;64992.0
789600;82090.0;17098.0;64992.0
789700;81970.0;17098.0;64872.0
789800;81999.0;17127.0;64872.0
789900;82161.5;17129.5;65032.0
790000;82146.0;17114.0;65032.0
790100;81898.0;16866.0;65032.0
790200;82306.0;17114.0;65192.0
790300;82155.0;17083.0;65072.0
790400;82186.0;17114.0;65072.0
790500;82217.0;17145.0;65072.0
790600;82217.0;17145.0;65072.0
790700;81648.0;17176.0;64472.0
790800;82257.0;17145.0;65112.0
790900;82257.0;17145.0;65112.0
791000;82257.0;17145.0;65112.0
791100;82288.0;17176.0;65112.0
791200;82266.0;17114.0;65152.0
791300;82354.0;17362.0;64992.0
791400;82266.0;17114.0;65152.0
791500;82266.0;17114.0;65152.0
791600;82266.0;17114.0;65152.0
791700;81906.0;17114.0;64792.0
791800;82266.0;17114.0;65152.0
791900;82306.0;17114.0;65192.0
792000;82912.5;17160.5;65752.0
792100;82041.5;17009.5;65032.0
792200;82378.0;17146.0;65232.0
792300;82026.0;16834.0;65192.0
792400;82378.0;17146.0;65232.0
792500;82339.0;17107.0;65232.0
792600;81739.0;17107.0;64632.0
792700;82648.0;17536.0;65112.0
792800;82378.0;17146.0;65232.0
792900;82418.0;17146.0;65272.0
793000;82379.0;17107.0;65272.0
793100;82851.0;17419.0;65432.0
793200;82419.0;17107.0;65312.0
793300;82477.5;17165.5;65312.0
793400;82399.5;17087.5;65312.0
793500;82438.5;17126.5;65312.0
793600;82636.5;17204.5;65432.0
793700;82489.0;17177.0;65312.0
793800;82489.0;17177.0;65312.0
793900;82553.0;17177.0;65376.0
794000;81963.0;17119.0;64844.0
794100;82869.0;17493.0;65376.0
794200;82873.0;17459.0;65414.0
794300;82601.0;17187.0;65414.0
794400;82601.0;17187.0;65414.0
794500;82584.0;17170.0;65414.0
794600;82584.0;17170.0;65414.0
794700;83205.0;17221.0;65984.0
794800;82635.0;17221.0;65414.0
794900;82656.0;17204.0;65452.0
795000;82555.0;17255.0;65300.0
795100;82673.0;17221.0;65452.0
795200;82813.0;17323.0;65490.0
795300;82593.0;17255.0;65338.0
795400;82728.0;17238.0;65490.0
795500;82711.0;17221.0;65490.0
795600;82881.0;17391.0;65490.0
795700;82711.0;17221.0;65490.0
795800;82711.0;17221.0;65490.0
795900;82901.0;17221.0;65680.0
796000;82749.0;17221.0;65528.0
796100;83167.0;17221.0;65946.0
796200;82906.0;17340.0;65566.0
796300;82663.0;16983.0;65680.0
796400;82787.0;17221.0;65566.0
796500;82889.0;17323.0;65566.0
796600;83353.0;17255.0;66098.0
796700;82956.0;17238.0;65718.0
796800;82861.0;17295.0;65566.0
796900;83051.0;17295.0;65756.0
797000;82709.0;17257.0;65452.0
797100;82861.0;17257.0;65604.0
797200;83013.0;17257.0;65756.0
797300;82899.0;17257.0;65642.0
797400;82899.0;17257.0;65642.0
797500;82899.0;17257.0;65642.0
797600;82899.0;17257.0;65642.0
797700;82861.0;17219.0;65642.0
797800;82899.0;17257.0;65642.0
797900;82937.0;17257.0;65680.0
798000;83469.0;17257.0;66212.0
798100;82785.0;17257.0;65528.0
798200;83013.0;17295.0;65718.0
798300;83013.0;17295.0;65718.0
798400;82823.0;17219.0;65604.0
798500;83070.0;17352.0;65718.0
798600;83205.0;17561.0;65644.0
798700;82890.0;17139.5;65750.5
798800;83040.5;17290.0;65750.5
798900;83033.0;17247.0;65786.0
799000;82791.0;17182.5;65608.5
799100;83011.5;17225.5;65786.0
799200;83132.0;17204.0;65928.0
799300;83025.5;17204.0;65821.5
799400;83025.5;17204.0;65821.5
799500;83133.0;17311.5;65821.5
799600;83025.5;17204.0;65821.5
799700;82063.0;16774.0;65289.0
799800;83068.5;17247.0;65821.5
799900;83104.0;17247.0;65857.0
800000;83104.0;17247.0;65857.0
800100;83061.0;17204.0;65857.0
800200;83105.0;17354.5;65750.5
800300;82952.5;17060.0;65892.5
800400;82345.0;17198.0;65147.0
800500;83030.0;17244.0;65786.0
800600;82604.0;17244.0;65360.0
800700;83182.5;17290.0;65892.5
800800;83182.5;17290.0;65892.5
800900;83218.0;17290.0;65928.0
801000;83218.0;17290.0;65928.0
801100;83112.0;17042.0;66070.0
801200;83291.5;17328.0;65963.5
801300;83317.5;17354.0;65963.5
801400;83372.0;17302.0;66070.0
801500;83372.0;17302.0;66070.0
801600;83265.5;17302.0;65963.5
801700;83265.5;17302.0;65963.5
801800;83249.0;17250.0;65999.0
801900;83265.5;17302.0;65963.5
802000;82954.5;17097.5;65857.0
802100;83154.0;17297.0;65857.0
802200;83495.0;17354.0;66141.0
802300;83189.5;17297.0;65892.5
802400;83060.0;17025.5;66034.5
802500;83847.5;17813.0;66034.5
802600;83450.0;17309.0;66141.0
802700;83300.0;17372.0;65928.0
802800;83548.5;17372.0;66176.5
802900;83469.5;17435.0;66034.5
803000;83769.5;17309.0;66460.5
803100;83449.5;17344.0;66105.5
803200;82917.0;17344.0;65573.0
803300;83477.0;17123.0;66354.0
803400;83445.5;17340.0;66105.5
803500;83538.5;17433.0;66105.5
803600;83507.5;17402.0;66105.5
803700;83538.5;17433.0;66105.5
803800;83569.5;17464.0;66105.5
803900;83569.5;17464.0;66105.5
804000;83747.0;17464.0;66283.0
804100;83605.0;17464.0;66141.0
804200;83640.5;17464.0;66176.5
804300;83640.5;17464.0;66176.5
804400;83640.5;17464.0;66176.5
804500;83100.0;17030.0;66070.0
804600;83578.5;17402.0;66176.5
804700;83702.5;17526.0;66176.5
804800;83702.5;17526.0;66176.5
804900;83640.5;17464.0;66176.5
805000;84128.5;17526.0;66602.5
805100;83773.5;17526.0;66247.5
805200;83445.5;17198.0;66247.5
805300;83643.5;17538.0;66105.5
805400;83433.5;17186.0;66247.5
805500;83687.0;17546.0;66141.0
805600;83433.5;17186.0;66247.5
805700;83649.5;17402.0;66247.5
805800;83757.0;17474.0;66283.0
805900;83543.0;17402.0;66141.0
806000;83757.0;17474.0;66283.0
806100;83864.5;17546.0;66318.5
806200;83560.5;17455.0;66105.5
806300;83728.0;17492.0;66236.0
806400;84025.0;17492.0;66533.0
806500;83912.5;17492.0;66420.5
806600;83350.0;17492.0;65858.0
806700;84062.5;17492.0;66570.5
806800;83912.5;17492.0;66420.5
806900;83874.0;17566.0;66308.0
807000;84100.0;17492.0;66608.0
807100;83948.5;17603.0;66345.5
807200;83987.5;17492.0;66495.5
807300;84098.5;17603.0;66495.5
807400;84061.5;17566.0;66495.5
807500;84322.0;17714.0;66608.0
807600;84061.5;17566.0;66495.5
807700;84803.5;18158.0;66645.5
807800;84061.5;17566.0;66495.5
807900;84653.5;18158.0;66495.5
808000;84025.0;17492.0;66533.0
808100;83877.5;17307.0;66570.5
808200;84249.0;17566.0;66683.0
808300;83912.5;17492.0;66420.5
808400;84662.0;17529.0;67133.0
808500;84024.0;17566.0;66458.0
808600;84249.0;17566.0;66683.0
808700;83728.0;17270.0;66458.0
808800;84062.5;17492.0;66570.5
808900;84062.5;17492.0;66570.5
809000;84213.0;17455.0;66758.0
809100;84842.0;18084.0;66758.0
809200;84137.5;17492.0;66645.5
809300;84211.5;17566.0;66645.5
809400;84025.0;17492.0;66533.0
809500;83761.5;17116.0;66645.5
809600;84254.0;17496.0;66758.0
809700;84217.5;17572.0;66645.5
809800;84367.5;17572.0;66795.5
809900;84217.5;17572.0;66645.5
810000;85013.0;18180.0;66833.0
810100;83920.0;17762.0;66158.0
810200;84405.0;17572.0;66833.0
810300;84900.5;18180.0;66720.5
810400;84900.5;18180.0;66720.5
810500;85013.0;18180.0;66833.0
810600;84368.5;17648.0;66720.5
810700;84368.5;17648.0;66720.5
810800;83791.0;17648.0;66143.0
810900;84522.0;17779.0;66743.0
811000;84685.0;17742.0;66943.0
811100;84343.0;17520.0;66823.0
811200;84565.0;17742.0;66823.0
811300;84796.0;17853.0;66943.0
811400;84565.0;17742.0;66823.0
811500;84602.0;17779.0;66823.0
811600;84371.0;17668.0;66703.0
811700;84676.0;17853.0;66823.0
811800;85259.0;18556.0;66703.0
811900;84602.0;17779.0;66823.0
812000;84445.0;17742.0;66703.0
812100;84645.0;17742.0;66903.0
812200;84645.0;17742.0;66903.0
812300;84165.0;17742.0;66423.0
812400;84645.0;17742.0;66903.0
812500;84053.0;17150.0;66903.0
812600;85085.0;17742.0;67343.0
812700;84805.0;17742.0;67063.0
812800;84793.0;17890.0;66903.0
812900;84488.0;17705.0;66783.0
813000;84722.0;17779.0;66943.0
813100;84799.0;17816.0;66983.0
813200;84799.0;17816.0;66983.0
813300;84799.0;17816.0;66983.0
813400;84799.0;17816.0;66983.0
813500;84550.0;17927.0;66623.0
813600;84873.0;17890.0;66983.0
813700;84688.0;17705.0;66983.0
813800;85140.0;17557.0;67583.0
813900;84799.0;17816.0;66983.0
814000;84605.0;17742.0;66863.0
814100;84879.0;17816.0;67063.0
814200;84682.0;17779.0;66903.0
814300;84879.0;17816.0;67063.0
814400;84768.0;17705.0;67063.0
814500;84879.0;17816.0;67063.0
814600;84999.0;17816.0;67183.0
814700;84685.0;17742.0;66943.0
814800;84842.0;17779.0;67063.0
814900;84879.0;17816.0;67063.0
815000;84919.0;17816.0;67103.0
815100;84959.0;17816.0;67143.0
815200;85153.0;17890.0;67263.0
815300;84959.0;17816.0;67143.0
815400;85033.0;17890.0;67143.0
815500;85033.0;17890.0;67143.0
815600;85144.0;18001.0;67143.0
815700;85665.0;18482.0;67183.0
815800;84991.0;17848.0;67143.0
815900;85541.0;17918.0;67623.0
816000;84221.0;17918.0;66303.0
816100;84876.0;17813.0;67063.0
816200;85316.0;18093.0;67223.0
816300;85821.0;18478.0;67343.0
816400;85141.0;17918.0;67223.0
816500;85281.0;18058.0;67223.0
816600;85211.0;17988.0;67223.0
816700;85211.0;17988.0;67223.0
816800;85371.0;17988.0;67383.0
816900;85246.0;18023.0;67223.0
817000;85181.0;17918.0;67263.0
817100;85221.0;17918.0;67303.0
817200;84341.0;17638.0;66703.0
817300;84921.0;17778.0;67143.0
817400;85236.0;17813.0;67423.0
817500;85271.0;17848.0;67423.0
817600;85081.0;17778.0;67303.0
817700;85311.0;17848.0;67463.0
817800;85151.0;17848.0;67303.0
817900;85151.0;17848.0;67303.0
818000;85191.0;17848.0;67343.0
818100;85831.0;17848.0;67983.0
818200;85231.0;17848.0;67383.0
818300;85231.0;17848.0;67383.0
818400;85391.0;17848.0;67543.0
818500;85161.0;17778.0;67383.0
818600;85041.0;17778.0;67263.0
818700;85041.0;17778.0;67263.0
818800;84561.0;17778.0;66783.0
818900;85196.0;17813.0;67383.0
819000;85131.0;17708.0;67423.0
819100;85186.0;17883.0;67303.0
819200;85221.0;17638.0;67583.0
819300;85101.0;17638.0;67463.0
819400;85101.0;17638.0;67463.0
819500;84396.0;17533.0;66863.0
819600;85101.0;17638.0;67463.0
819700;85206.0;17743.0;67463.0
819800;85261.0;17638.0;67623.0
819900;85701.0;17638.0;68063.0
820000;85211.0;17708.0;67503.0
820100;85321.0;17778.0;67543.0
820200;85791.0;18408.0;67383.0
820300;85181.0;17638.0;67543.0
820400;85181.0;17638.0;67543.0
820500;85111.0;17568.0;67543.0
820600;85231.0;17568.0;67663.0
820700;85111.0;17568.0;67543.0
820800;85111.0;17568.0;67543.0
820900;85216.0;17673.0;67543.0
821000;85221.0;17638.0;67583.0
821100;85247.0;17624.0;67623.0
821200;85805.0;18182.0;67623.0
821300;84933.0;17190.0;67743.0
821400;85096.0;17593.0;67503.0
821500;85185.0;17562.0;67623.0
821600;85247.0;17624.0;67623.0
821700;85185.0;17562.0;67623.0
821800;85185.0;17562.0;67623.0
821900;85340.0;17717.0;67623.0
822000;85349.0;17686.0;67663.0
822100;85327.0;17624.0;67703.0
822200;85327.0;17624.0;67703.0
822300;85989.0;17686.0;68303.0
822400;85269.0;17686.0;67583.0
822500;85705.0;17562.0;68143.0
822600;85606.0;17903.0;67703.0
822700;85296.0;17593.0;67703.0
822800;85420.0;17717.0;67703.0
822900;85207.0;17624.0;67583.0
823000;85496.0;17593.0;67903.0
823100;85469.0;17686.0;67783.0
823200;85221.0;17438.0;67783.0
823300;85593.0;17810.0;67783.0
823400;85407.0;17624.0;67783.0
823500;85407.0;17624.0;67783.0
823600;85449.0;17666.0;67783.0
823700;85505.0;17722.0;67783.0
823800;85841.0;18058.0;67783.0
823900;85393.0;17610.0;67783.0
824000;85377.0;17554.0;67823.0
824100;85333.0;17470.0;67863.0
824200;85529.0;17666.0;67863.0
824300;85369.0;17666.0;67703.0
824400;85529.0;17666.0;67863.0
824500;85857.0;18114.0;67743.0
824600;86369.0;17666.0;68703.0
824700;85529.0;17666.0;67863.0
824800;86073.0;17610.0;68463.0
824900;85353.0;17610.0;67743.0
825000;85569.0;17666.0;67903.0
825100;85449.0;17666.0;67783.0
825200;85993.0;17610.0;68383.0
825300;85665.0;17722.0;67943.0
825400;85665.0;17722.0;67943.0
825500;85609.0;17666.0;67943.0
825600;86105.0;17722.0;68383.0
825700;86713.0;18170.0;68543.0
825800;85489.0;17666.0;67823.0
825900;85601.0;17778.0;67823.0
826000;85761.0;17778.0;67983.0
826100;85801.0;17778.0;68023.0
826200;85409.0;17386.0;68023.0
826300;85857.0;17834.0;68023.0
826400;85857.0;17834.0;68023.0
826500;85529.0;17386.0;68143.0
826600;85857.0;17834.0;68023.0
826700;85913.0;17890.0;68023.0
826800;86073.0;17890.0;68183.0
826900;85793.0;17890.0;67903.0
827000;86833.0;17890.0;68943.0
827100;85909.0;17806.0;68103.0
827200;86777.0;17834.0;68943.0
827300;85909.0;17806.0;68103.0
827400;86777.0;17834.0;68943.0
827500;85741.0;17638.0;68103.0
827600;85993.0;17890.0;68103.0
827700;85881.0;17778.0;68103.0
827800;85761.0;17778.0;67983.0
827900;86297.0;17834.0;68463.0
828000;85921.0;17778.0;68143.0
828100;86633.0;18450.0;68183.0
828200;86129.0;17946.0;68183.0
828300;86193.0;17890.0;68303.0
828400;86137.0;17834.0;68303.0
828500;86017.0;17834.0;68183.0
828600;86017.0;17834.0;68183.0
828700;85953.0;17890.0;68063.0
828800;86177.0;17834.0;68343.0
828900;85989.0;17806.0;68183.0
829000;86001.0;17778.0;68223.0
829100;86113.0;17890.0;68223.0
829200;86209.0;17946.0;68263.0
829300;85993.0;17890.0;68103.0
829400;86153.0;17890.0;68263.0
829500;86273.0;17890.0;68383.0
829600;86153.0;17890.0;68263.0
829700;86313.0;17890.0;68423.0
829800;86593.0;17890.0;68703.0
829900;86353.0;17890.0;68463.0
830000;86353.0;17890.0;68463.0
830100;86177.0;17834.0;68343.0
830200;86017.0;17834.0;68183.0
830300;86233.0;17890.0;68343.0
830400;86353.0;17890.0;68463.0
830500;85577.0;17834.0;67743.0
830600;86233.0;17890.0;68343.0
830700;86113.0;17890.0;68223.0
830800;86373.0;18030.0;68343.0
830900;86289.0;17946.0;68343.0
831000;86881.0;18338.0;68543.0
831100;86369.0;17946.0;68423.0
831200;86489.0;17946.0;68543.0
831300;86425.0;18002.0;68423.0
831400;86341.0;17918.0;68423.0
831500;86173.0;17750.0;68423.0
831600;86489.0;17946.0;68543.0
831700;86369.0;17946.0;68423.0
831800;86369.0;17946.0;68423.0
831900;85633.0;17330.0;68303.0
832000;86409.0;17946.0;68463.0
832100;86253.0;17750.0;68503.0
832200;86393.0;17890.0;68503.0
832300;86533.0;18030.0;68503.0
832400;87049.0;17946.0;69103.0
832500;86993.0;17890.0;69103.0
832600;85849.0;17946.0;67903.0
832700;86001.0;17498.0;68503.0
832800;86825.0;17722.0;69103.0
832900;86329.0;17946.0;68383.0
833000;86489.0;17946.0;68543.0
833100;86055.5;18072.5;67983.0
833200;86684.0;17981.0;68703.0
833300;86312.5;17889.5;68423.0
833400;86625.0;18042.0;68583.0
833500;86564.0;17981.0;68583.0
833600;86594.5;18011.5;68583.0
833700;86882.0;17859.0;69023.0
833800;85846.0;18103.0;67743.0
833900;86503.0;17920.0;68583.0
834000;86543.0;17920.0;68623.0
834100;86674.5;18011.5;68663.0
834200;86423.0;17920.0;68503.0
834300;86583.0;17920.0;68663.0
834400;86583.0;17920.0;68663.0
834500;86583.0;17920.0;68663.0
834600;86522.0;17859.0;68663.0
834700;86644.0;17981.0;68663.0
834800;86583.0;17920.0;68663.0
834900;86583.0;17920.0;68663.0
835000;86623.0;17920.0;68703.0
835100;86663.0;17920.0;68743.0
835200;86378.5;17635.5;68743.0
835300;86791.0;17928.0;68863.0
835400;86616.0;17993.0;68623.0
835500;86726.0;17863.0;68863.0
835600;86671.0;17928.0;68743.0
835700;86836.5;18093.5;68743.0
835800;86631.0;18008.0;68623.0
835900;86836.5;18093.5;68743.0
836000;86335.0;17552.0;68783.0
836100;86831.0;18008.0;68823.0
836200;86888.0;18065.0;68823.0
836300;86831.0;18008.0;68823.0
836400;86831.0;18008.0;68823.0
836500;86831.0;18008.0;68823.0
836600;86831.0;18008.0;68823.0
836700;86916.5;18093.5;68823.0
836800;86976.0;18153.0;68823.0
836900;87072.0;18249.0;68823.0
837000;86984.0;18121.0;68863.0
837100;87024.0;18121.0;68903.0
837200;86864.0;18121.0;68743.0
837300;87043.5;18121.0;68922.5
837400;86370.0;18025.0;68345.0
837500;87491.5;18569.0;68922.5
837600;86864.0;18057.0;68807.0
837700;86979.5;18057.0;68922.5
837800;86979.5;18057.0;68922.5
837900;86979.5;18057.0;68922.5
838000;86858.0;17897.0;68961.0
838100;87056.5;18057.0;68999.5
838200;87120.5;18121.0;68999.5
838300;86966.5;18121.0;68845.5
838400;87056.5;18057.0;68999.5
838500;87236.0;18121.0;69115.0
838600;87184.5;18185.0;68999.5
838700;86672.5;17673.0;68999.5
838800;87184.5;18185.0;68999.5
838900;87370.5;18217.0;69153.5
839000;87037.0;18153.0;68884.0
839100;87839.0;18185.0;69654.0
839200;86684.0;18185.0;68499.0
839300;87773.5;18697.0;69076.5
839400;87537.0;18345.0;69192.0
839500;87428.5;18313.0;69115.5
839600;87364.5;18249.0;69115.5
839700;87268.5;18153.0;69115.5
839800;87685.0;18569.5;69115.5
839900;87342.5;18227.0;69115.5
840000;87289.0;18280.0;69009.0
840100;87440.0;18253.5;69186.5
840200;87387.0;18200.5;69186.5
840300;87218.5;18174.0;69044.5
840400;88185.5;18253.5;69932.0
840500;87494.5;18308.0;69186.5
840600;87398.5;18212.0;69186.5
840700;87492.5;18164.0;69328.5
840800;87398.5;18212.0;69186.5
840900;86960.5;18212.0;68748.5
841000;87474.0;18212.0;69262.0
841100;87186.0;17924.0;69262.0
841200;87081.5;17780.0;69301.5
841300;86941.0;18548.0;68393.0
841400;87656.0;18236.0;69420.0
841500;87507.5;18206.0;69301.5
841600;87534.5;18233.0;69301.5
841700;87665.5;18206.0;69459.5
841800;87389.0;18206.0;69183.0
841900;87547.0;18206.0;69341.0
842000;87547.0;18206.0;69341.0
842100;86755.5;17612.0;69143.5
842200;87316.5;17936.0;69380.5
842300;87597.0;18098.0;69499.0
842400;87532.5;18152.0;69380.5
842500;87333.0;18071.0;69262.0
842600;87532.5;18152.0;69380.5
842700;87333.0;18071.0;69262.0
842800;87663.5;18125.0;69538.5
842900;87451.5;18071.0;69380.5
843000;87329.0;17909.0;69420.0
843100;87676.0;18098.0;69578.0
843200;87543.5;18084.0;69459.5
843300;87617.0;18157.5;69459.5
843400;87592.5;18133.0;69459.5
843500;87627.5;18168.0;69459.5
843600;88059.5;18600.0;69459.5
843700;87627.5;18168.0;69459.5
843800;87573.5;18114.0;69459.5
843900;87141.5;17682.0;69459.5
844000;87181.0;17682.0;69499.0
844100;88242.5;18546.0;69696.5
844200;87852.0;18195.0;69657.0
844300;88087.0;18114.0;69973.0
844400;87706.5;18168.0;69538.5
844500;87798.0;18141.0;69657.0
844600;87393.0;17736.0;69657.0
844700;87588.0;18168.0;69420.0
844800;87192.0;18249.0;68943.0
844900;87792.0;18249.0;69543.0
845000;87425.0;17682.0;69743.0
845100;87577.0;18114.0;69463.0
845200;87737.0;18114.0;69623.0
845300;87791.0;18168.0;69623.0
845400;87311.0;18168.0;69143.0
845500;87692.0;18189.0;69503.0
845600;87779.0;18036.0;69743.0
845700;87895.5;18112.5;69783.0
845800;87233.0;18210.0;69023.0
845900;87833.0;18210.0;69623.0
846000;87825.0;18162.0;69663.0
846100;87985.0;18162.0;69823.0
846200;87865.0;18162.0;69703.0
846300;87591.0;17888.0;69703.0
846400;87955.0;18252.0;69703.0
846500;87461.0;17758.0;69703.0
846600;87851.0;18148.0;69703.0
846700;87916.0;18174.0;69742.0
846800;87805.0;18174.0;69631.0
846900;87864.0;18122.0;69742.0
847000;87979.0;18200.0;69779.0
847100;88004.0;18188.0;69816.0
847200;87856.0;18188.0;69668.0
847300;87979.0;18163.0;69816.0
847400;87954.0;18138.0;69816.0
847500;88110.0;18294.0;69816.0
847600;88068.0;18252.0;69816.0
847700;88441.0;18625.0;69816.0
847800;88157.0;18341.0;69816.0
847900;88157.0;18341.0;69816.0
848000;88150.0;18297.0;69853.0
848100;88698.0;18253.0;70445.0
848200;88231.0;18341.0;69890.0
848300;88673.0;18376.0;70297.0
848400;88658.0;18768.0;69890.0
848500;88217.0;18327.0;69890.0
848600;88155.0;18376.0;69779.0
848700;88228.5;18449.5;69779.0
848800;88339.5;18449.5;69890.0
848900;88266.0;18376.0;69890.0
849000;88451.0;18376.0;70075.0
849100;88340.0;18376.0;69964.0
849200;88340.0;18376.0;69964.0
849300;88843.0;18768.0;70075.0
849400;88503.0;17984.0;70519.0
849500;88278.0;18425.0;69853.0
849600;88340.0;18376.0;69964.0
849700;88389.0;18425.0;69964.0
849800;88438.0;18474.0;69964.0
849900;88462.5;18498.5;69964.0
850000;88574.0;18425.0;70149.0
850100;88855.0;18817.0;70038.0
850200;88953.0;18915.0;70038.0
850300;88549.5;18659.5;69890.0
850400;88171.0;18133.0;70038.0
850500;88522.0;18484.0;70038.0
850600;88594.0;18445.0;70149.0
850700;88006.0;18523.0;69483.0
850800;88600.0;18562.0;70038.0
850900;88522.0;18484.0;70038.0
851000;88804.5;18581.5;70223.0
851100;88746.0;18523.0;70223.0
851200;88635.0;18523.0;70112.0
851300;88693.5;18581.5;70112.0
851400;88635.0;18523.0;70112.0
851500;88284.0;18172.0;70112.0
851600;88596.0;18484.0;70112.0
851700;88543.5;18542.5;70001.0
851800;88596.0;18484.0;70112.0
851900;88783.0;18523.0;70260.0
852000;88675.0;18526.0;70149.0
852100;88712.0;18526.0;70186.0
852200;88712.0;18526.0;70186.0
852300;88794.5;18608.5;70186.0
852400;88778.0;18592.0;70186.0
852500;88964.0;18667.0;70297.0
852600;88835.0;18649.0;70186.0
852700;88820.0;18634.0;70186.0
852800;88781.0;18595.0;70186.0
852900;88670.0;18595.0;70075.0
853000;88857.0;18634.0;70223.0
853100;88855.0;18595.0;70260.0
853200;88966.0;18595.0;70371.0
853300;88894.0;18634.0;70260.0
853400;88744.0;18595.0;70149.0
853500;88855.0;18595.0;70260.0
853600;88816.0;18556.0;70260.0
853700;88964.0;18556.0;70408.0
853800;88816.0;18556.0;70260.0
853900;88855.0;18595.0;70260.0
854000;88853.0;18556.0;70297.0
854100;88890.0;18556.0;70334.0
854200;88890.0;18556.0;70334.0
854300;88831.5;18497.5;70334.0
854400;88987.5;18653.5;70334.0
854500;88851.0;18517.0;70334.0
854600;89202.0;18868.0;70334.0
854700;88890.0;18556.0;70334.0
854800;88779.0;18556.0;70223.0
854900;88890.0;18556.0;70334.0
855000;88888.0;18517.0;70371.0
855100;88925.0;18517.0;70408.0
855200;88944.5;18536.5;70408.0
855300;88905.5;18497.5;70408.0
855400;88866.5;18458.5;70408.0
855500;88509.0;18212.0;70297.0
855600;88902.0;18494.0;70408.0
855700;88321.0;18024.0;70297.0
855800;89050.0;18494.0;70556.0
855900;88526.0;18118.0;70408.0
856000;88939.0;18494.0;70445.0
856100;88976.0;18494.0;70482.0
856200;89134.0;18541.0;70593.0
856300;88952.5;18470.5;70482.0
856400;88976.0;18494.0;70482.0
856500;89040.0;18447.0;70593.0
856600;88929.0;18447.0;70482.0
856700;88929.0;18447.0;70482.0
856800;89124.0;18494.0;70630.0
856900;89077.0;18447.0;70630.0
857000;88966.0;18447.0;70519.0
857100;88448.0;18447.0;70001.0
857200;89003.0;18447.0;70556.0
857300;89114.0;18447.0;70667.0
857400;88486.0;17930.0;70556.0
857500;88932.5;18376.5;70556.0
857600;89141.0;18400.0;70741.0
857700;89029.0;18447.0;70582.0
857800;88912.0;18447.0;70465.0
857900;89076.0;18494.0;70582.0
858000;89224.0;18447.0;70777.0
858100;89060.0;18400.0;70660.0
858200;89200.5;18423.5;70777.0
858300;89154.0;18494.0;70660.0
858400;89154.0;18494.0;70660.0
858500;89107.0;18447.0;70660.0
858600;89154.0;18494.0;70660.0
858700;88989.5;18329.5;70660.0
858800;88990.0;18447.0;70543.0
858900;89037.0;18494.0;70543.0
859000;89193.0;18494.0;70699.0
859100;89279.0;18541.0;70738.0
859200;89263.5;18564.5;70699.0
859300;89146.5;18564.5;70582.0
859400;89232.0;18494.0;70738.0
859500;89185.0;18447.0;70738.0
859600;89232.0;18494.0;70738.0
859700;89115.0;18494.0;70621.0
859800;89232.0;18494.0;70738.0
859900;89260.0;18522.0;70738.0
860000;89299.0;18522.0;70777.0
860100;89182.0;18522.0;70660.0
860200;89455.0;18522.0;70933.0
860300;89695.0;18879.0;70816.0
860400;89312.5;18496.5;70816.0
860500;89170.0;18471.0;70699.0
860600;89812.0;18879.0;70933.0
860700;88879.0;18063.0;70816.0
860800;89287.0;18471.0;70816.0
860900;89312.5;18496.5;70816.0
861000;89402.5;18547.5;70855.0
861100;89365.0;18471.0;70894.0
861200;89365.0;18471.0;70894.0
861300;89209.0;18471.0;70738.0
861400;89177.5;18283.5;70894.0
861500;89363.0;18469.0;70894.0
861600;89203.0;18192.0;71011.0
861700;89254.0;18477.0;70777.0
861800;89314.0;18420.0;70894.0
861900;89581.0;18687.0;70894.0
862000;89379.0;18446.0;70933.0
862100;89761.0;18789.0;70972.0
862200;89418.0;18446.0;70972.0
862300;89486.0;18397.0;71089.0
862400;89350.0;18495.0;70855.0
862500;89467.0;18495.0;70972.0
862600;89859.0;18887.0;70972.0
862700;89467.0;18495.0;70972.0
862800;89672.0;18544.0;71128.0
862900;89516.0;18544.0;70972.0
863000;89555.0;18544.0;71011.0
863100;89667.5;18617.5;71050.0
863200;90096.5;18617.5;71479.0
863300;89643.0;18593.0;71050.0
863400;89760.0;18593.0;71167.0
863500;89643.0;18593.0;71050.0
863600;89322.0;18272.0;71050.0
863700;89612.0;18562.0;71050.0
863800;89670.0;18620.0;71050.0
863900;89554.0;18504.0;71050.0
864000;88880.0;18649.0;70231.0
864100;89748.0;18620.0;71128.0
864200;89302.0;18330.0;70972.0
864300;89219.0;18562.0;70657.0
864400;89157.0;18620.0;70537.0
864500;89293.0;18156.0;71137.0
864600;89554.0;18417.0;71137.0
864700;88743.0;18446.0;70297.0
864800;89755.0;18618.0;71137.0
864900;89155.0;18618.0;70537.0
865000;89837.0;18660.0;71177.0
865100;89877.0;18660.0;71217.0
865200;89997.0;18660.0;71337.0
865300;90325.0;19108.0;71217.0
865400;89961.0;18744.0;71217.0
865500;89849.0;18632.0;71217.0
865600;89933.0;18716.0;71217.0
865700;89933.0;18716.0;71217.0
865800;89989.0;18772.0;71217.0
865900;89821.0;18604.0;71217.0
866000;89889.0;18632.0;71257.0
866100;89957.0;18660.0;71297.0
866200;90013.0;18716.0;71297.0
866300;89957.0;18660.0;71297.0
866400;90077.0;18660.0;71417.0
866500;89837.0;18660.0;71177.0
866600;89957.0;18660.0;71297.0
866700;90117.0;18660.0;71457.0
866800;90605.0;19108.0;71497.0
866900;90081.0;18744.0;71337.0
867000;89997.0;18660.0;71337.0
867100;89877.0;18660.0;71217.0
867200;90189.0;18212.0;71977.0
867300;90037.0;18660.0;71377.0
867400;90037.0;18660.0;71377.0
867500;90037.0;18660.0;71377.0
867600;90037.0;18660.0;71377.0
867700;90957.0;18660.0;72297.0
867800;89981.0;18604.0;71377.0
867900;90085.0;18548.0;71537.0
868000;90146.0;18569.0;71577.0
868100;90300.0;18843.0;71457.0
868200;89849.0;18392.0;71457.0
868300;90638.0;18581.0;72057.0
868400;90038.0;18581.0;71457.0
868500;90038.0;18581.0;71457.0
868600;89957.0;18500.0;71457.0
868700;90038.0;18581.0;71457.0
868800;90038.0;18581.0;71457.0
868900;90053.0;18716.0;71337.0
869000;90078.0;18581.0;71497.0
869100;89997.0;18500.0;71497.0
869200;90118.0;18581.0;71537.0
869300;90145.0;18608.0;71537.0
869400;89904.0;18527.0;71377.0
869500;90064.0;18527.0;71537.0
869600;89983.0;18446.0;71537.0
869700;90064.0;18527.0;71537.0
869800;90253.0;18716.0;71537.0
869900;90278.0;18581.0;71697.0
870000;90200.0;18581.0;71619.0
870100;90292.0;18527.0;71765.0
870200;90090.5;18581.0;71509.5
870300;90090.5;18581.0;71509.5
870400;90236.5;18581.0;71655.5
870500;90290.5;18635.0;71655.5
870600;90327.0;18635.0;71692.0
870700;90274.5;18473.0;71801.5
870800;90181.0;18635.0;71546.0
870900;90371.5;18716.0;71655.5
871000;89524.0;18635.0;70889.0
871100;90325.0;18596.5;71728.5
871200;89963.0;18380.5;71582.5
871300;90276.5;18694.0;71582.5
871400;90970.0;18694.0;72276.0
871500;89966.5;18238.0;71728.5
871600;90479.5;18751.0;71728.5
871700;90436.5;18708.0;71728.5
871800;90525.0;18796.5;71728.5
871900;90450.5;18722.0;71728.5
872000;90800.5;19035.5;71765.0
872100;90690.0;18779.0;71911.0
872200;90434.5;18779.0;71655.5
872300;90690.0;18779.0;71911.0
872400;90580.5;18779.0;71801.5
872500;90690.0;18779.0;71911.0
872600;90523.5;18722.0;71801.5
872700;90067.5;18266.0;71801.5
872800;90499.5;18807.5;71692.0
872900;90523.5;18722.0;71801.5
873000;90414.0;18722.0;71692.0
873100;89992.0;18665.0;71327.0
873200;90625.0;18750.5;71874.5
873300;90539.5;18665.0;71874.5
873400;90539.5;18665.0;71874.5
873500;90539.5;18665.0;71874.5
873600;90685.5;18665.0;72020.5
873700;90430.0;18665.0;71765.0
873800;90539.5;18665.0;71874.5
873900;89992.0;18665.0;71327.0
874000;90775.5;18864.5;71911.0
874100;90555.5;18608.0;71947.5
874200;90523.5;18722.0;71801.5
874300;90637.5;18836.0;71801.5
874400;90761.5;18814.0;71947.5
874500;90699.5;18752.0;71947.5
874600;90714.0;18876.0;71838.0
874700;90761.5;18814.0;71947.5
874800;90313.0;18814.0;71499.0
874900;90735.0;18876.0;71859.0
875000;90833.0;18814.0;72019.0
875100;90873.0;18814.0;72059.0
875200;91535.0;18876.0;72659.0
875300;91535.0;18876.0;72659.0
875400;90908.0;18849.0;72059.0
875500;90908.0;18849.0;72059.0
875600;90975.0;18916.0;72059.0
875700;91068.0;18849.0;72219.0
875800;90841.0;18782.0;72059.0
875900;90315.0;19096.0;71219.0
876000;90895.0;18796.0;72099.0
876100;90995.0;18856.0;72139.0
876200;91715.0;19456.0;72259.0
876300;91115.0;18856.0;72259.0
876400;90995.0;18856.0;72139.0
876500;90755.0;18736.0;72019.0
876600;91155.0;18856.0;72299.0
876700;90815.0;18796.0;72019.0
876800;90935.0;18796.0;72139.0
876900;90935.0;18796.0;72139.0
877000;91225.0;18886.0;72339.0
877100;90955.0;18736.0;72219.0
877200;91015.0;18796.0;72219.0
877300;91015.0;18796.0;72219.0
877400;90855.0;18796.0;72059.0
877500;91271.0;19052.0;72219.0
877600;91067.0;18688.0;72379.0
877700;90975.0;18716.0;72259.0
877800;91019.0;18800.0;72219.0
877900;91068.0;18849.0;72219.0
878000;90468.0;18849.0;71619.0
878100;91148.0;18849.0;72299.0
878200;90988.0;18849.0;72139.0
878300;91268.0;18849.0;72419.0
878400;91120.0;18821.0;72299.0
878500;90975.0;18676.0;72299.0
878600;91062.0;18763.0;72299.0
878700;90536.0;18357.0;72179.0
878800;91033.0;18734.0;72299.0
878900;91120.0;18821.0;72299.0
879000;91058.0;18879.0;72179.0
879100;90824.0;18445.0;72379.0
879200;90814.0;18315.0;72499.0
879300;91214.0;18835.0;72379.0
879400;91084.0;18705.0;72379.0
879500;91029.0;18770.0;72259.0
879600;90629.0;18250.0;72379.0
879700;91059.0;18520.0;72539.0
879800;91144.0;18765.0;72379.0
879900;91039.0;18660.0;72379.0
880000;91344.0;18765.0;72579.0
880100;91329.0;18870.0;72459.0
880200;91064.0;18765.0;72299.0
880300;91414.0;18835.0;72579.0
880400;91064.0;18765.0;72299.0
880500;91224.0;18765.0;72459.0
880600;91224.0;18765.0;72459.0
880700;91154.0;18695.0;72459.0
880800;91154.0;18695.0;72459.0
880900;91714.0;19255.0;72459.0
881000;91123.0;18624.0;72499.0
881100;91237.0;18698.0;72539.0
881200;91048.0;18069.0;72979.0
881300;92114.0;18735.0;73379.0
881400;91607.0;19068.0;72539.0
881500;91200.0;18661.0;72539.0
881600;91154.0;18735.0;72419.0
881700;91508.0;18809.0;72699.0
881800;91508.0;18809.0;72699.0
881900;90460.0;17921.0;72539.0
882000;91351.0;18772.0;72579.0
882100;91280.0;18661.0;72619.0
882200;91231.0;18772.0;72459.0
882300;91354.0;18735.0;72619.0
882400;91474.0;18735.0;72739.0
882500;91160.0;18661.0;72499.0
882600;91403.0;18624.0;72779.0
882700;90932.0;18313.0;72619.0
882800;90652.0;18633.0;72019.0
882900;91532.0;18753.0;72779.0
883000;91252.0;18753.0;72499.0
883100;91532.0;18833.0;72699.0
883200;91292.0;18753.0;72539.0
883300;91452.0;18753.0;72699.0
883400;91572.0;18753.0;72819.0
883500;91412.0;18713.0;72699.0
883600;92052.0;18753.0;73299.0
883700;91492.0;18793.0;72699.0
883800;91412.0;18833.0;72579.0
883900;92132.0;18833.0;73299.0
884000;92292.0;19713.0;72579.0
884100;91532.0;18753.0;72779.0
884200;91612.0;18833.0;72779.0
884300;91692.0;18913.0;72779.0
884400;92212.0;18833.0;73379.0
884500;91652.0;18873.0;72779.0
884600;91612.0;18833.0;72779.0
884700;91772.0;18833.0;72939.0
884800;91772.0;18833.0;72939.0
884900;91492.0;18833.0;72659.0
885000;91652.0;18833.0;72819.0
885100;91532.0;18833.0;72699.0
885200;91692.0;18833.0;72859.0
885300;91692.0;18833.0;72859.0
885400;91692.0;18833.0;72859.0
885500;91492.0;18753.0;72739.0
885600;91772.0;18913.0;72859.0
885700;91692.0;18833.0;72859.0
885800;91532.0;18673.0;72859.0
885900;91812.0;18953.0;72859.0
886000;92172.0;18833.0;73339.0
886100;91852.0;18913.0;72939.0
886200;91692.0;18913.0;72779.0
886300;91372.0;18593.0;72779.0
886400;91612.0;18833.0;72779.0
886500;91772.0;18953.0;72819.0
886600;90772.0;18433.0;72339.0
886700;91852.0;18753.0;73099.0
886800;91652.0;18833.0;72819.0
886900;92652.0;19713.0;72939.0
887000;92212.0;18793.0;73419.0
887100;91972.0;18833.0;73139.0
887200;91972.0;18953.0;73019.0
887300;91852.0;18833.0;73019.0
887400;91732.0;18713.0;73019.0
887500;91852.0;18953.0;72899.0
887600;91412.0;18993.0;72419.0
887700;92134.0;18955.0;73179.0
887800;92011.0;18992.0;73019.0
887900;91900.0;18881.0;73019.0
888000;91752.0;18533.0;73219.0
888100;91912.0;18973.0;72939.0
888200;91912.0;18973.0;72939.0
888300;91792.0;18693.0;73099.0
888400;92192.0;18973.0;73219.0
888500;91952.0;18853.0;73099.0
888600;91952.0;18973.0;72979.0
888700;91552.0;19053.0;72499.0
888800;92072.0;18973.0;73099.0
888900;92112.0;19133.0;72979.0
889000;92192.0;19053.0;73139.0
889100;91832.0;18653.0;73179.0
889200;92232.0;19053.0;73179.0
889300;92178.0;18973.0;73205.0
889400;92178.0;18973.0;73205.0
889500;91688.0;19053.0;72635.0
889600;92258.0;19053.0;73205.0
889700;92178.0;18973.0;73205.0
889800;92410.0;19053.0;73357.0
889900;91757.5;19013.0;72744.5
890000;92233.0;19133.0;73100.0
890100;92310.5;19013.0;73297.5
890200;92310.5;19013.0;73297.5
890300;92549.0;19133.0;73416.0
890400;93023.0;19133.0;73890.0
890500;92310.5;19013.0;73297.5
890600;92430.5;19133.0;73297.5
890700;92510.5;19213.0;73297.5
890800;92352.0;19173.0;73179.0
890900;92510.5;19213.0;73297.5
891000;92470.0;19133.0;73337.0
891100;92351.5;19133.0;73218.5
891200;92675.0;19253.0;73422.0
891300;92555.0;19133.0;73422.0
891400;92555.0;19133.0;73422.0
891500;93195.0;19773.0;73422.0
891600;92699.0;19133.0;73566.0
891700;91755.0;18333.0;73422.0
891800;92911.0;19093.0;73818.0
891900;92635.0;19213.0;73422.0
892000;92407.0;19093.0;73314.0
892100;92707.0;19213.0;73494.0
892200;93079.0;19333.0;73746.0
892300;92735.0;19133.0;73602.0
892400;92707.0;19213.0;73494.0
892500;92167.0;19213.0;72954.0
892600;92707.0;19213.0;73494.0
892700;92627.0;19133.0;73494.0
892800;92771.0;19133.0;73638.0
892900;93007.0;19189.0;73818.0
893000;92863.0;19189.0;73674.0
893100;92755.0;19189.0;73566.0
893200;93295.0;19189.0;74106.0
893300;92755.0;19081.0;73674.0
893400;92783.0;19217.0;73566.0
893500;92561.0;19103.0;73458.0
893600;92851.0;19141.0;73710.0
893700;93003.0;19293.0;73710.0
893800;92669.0;19103.0;73566.0
893900;92859.0;19293.0;73566.0
894000;92409.0;18951.0;73458.0
894100;92855.0;19217.0;73638.0
894200;92711.0;19217.0;73494.0
894300;92551.0;18913.0;73638.0
894400;92741.0;19103.0;73638.0
894500;92315.0;19217.0;73098.0
894600;92315.0;19217.0;73098.0
894700;92019.0;18381.0;73638.0
894800;92969.0;19331.0;73638.0
894900;93146.5;19688.5;73458.0
895000;92901.0;19227.0;73674.0
895100;92544.5;18978.5;73566.0
895200;92866.0;19156.0;73710.0
895300;92582.0;18872.0;73710.0
895400;92722.0;19156.0;73566.0
895500;92938.5;19120.5;73818.0
895600;92937.0;19227.0;73710.0
895700;92937.0;19227.0;73710.0
895800;92937.0;19227.0;73710.0
895900;92866.0;19156.0;73710.0
896000;92973.0;19227.0;73746.0
896100;93009.0;19227.0;73782.0
896200;93009.0;19227.0;73782.0
896300;92902.5;19120.5;73782.0
896400;93009.0;19227.0;73782.0
896500;93009.0;19227.0;73782.0
896600;92796.0;19014.0;73782.0
896700;93080.0;19298.0;73782.0
896800;93080.0;19298.0;73782.0
896900;93009.0;19227.0;73782.0
897000;93187.0;19369.0;73818.0
897100;93081.0;19227.0;73854.0
897200;93008.0;19298.0;73710.0
897300;93008.0;19298.0;73710.0
897400;93152.0;19298.0;73854.0
897500;93258.5;19404.5;73854.0
897600;93044.0;19298.0;73746.0
897700;93116.5;19262.5;73854.0
897800;93367.0;19369.0;73998.0
897900;93152.5;19262.5;73890.0
898000;93150.5;19404.5;73746.0
898100;92748.0;19298.0;73450.0
898200;93268.0;19298.0;73970.0
898300;93339.0;19369.0;73970.0
898400;93374.5;19404.5;73970.0
898500;93445.5;19475.5;73970.0
898600;92642.0;18872.0;73770.0
898700;93290.0;19440.0;73850.0
898800;93410.0;19440.0;73970.0
898900;93481.0;19511.0;73970.0
899000;93529.0;20079.0;73450.0
899100;93920.0;19870.0;74050.0
899200;93539.0;19489.0;74050.0
899300;93777.0;19607.0;74170.0
899400;93747.5;19577.5;74170.0
899500;93578.0;19489.0;74089.0
899600;93844.0;19607.0;74237.0
899700;93224.0;19135.0;74089.0
899800;93585.0;19607.0;73978.0
899900;93755.0;19666.0;74089.0
900000;93897.0;19253.0;74644.0
900100;93711.0;19548.0;74163.0
900200;93711.0;19548.0;74163.0
900300;93652.0;19489.0;74163.0
900400;93622.5;19459.5;74163.0
900500;93233.0;19518.5;73714.5
900600;93665.5;19489.0;74176.5
900700;93491.0;19430.0;74061.0
900800;93724.5;19548.0;74176.5
900900;93665.5;19489.0;74176.5
901000;93239.0;19489.0;73750.0
901100;93641.0;19371.0;74270.0
901200;93938.0;19548.0;74390.0
901300;93759.0;19489.0;74270.0
901400;93759.0;19489.0;74270.0
901500;94622.0;19752.0;74870.0
901600;93797.0;19527.0;74270.0
901700;93677.0;19527.0;74150.0
901800;93407.0;19617.0;73790.0
901900;93797.0;19527.0;74270.0
902000;93632.0;19482.0;74150.0
902100;93741.0;19551.0;74190.0
902200;94501.0;19551.0;74950.0
902300;93853.0;19503.0;74350.0
902400;94453.0;19503.0;74950.0
902500;93829.0;19479.0;74350.0
902600;94013.0;19503.0;74510.0
902700;93853.0;19503.0;74350.0
902800;93805.0;19455.0;74350.0
902900;93805.0;19455.0;74350.0
903000;93917.0;19527.0;74390.0
903100;94109.0;19839.0;74270.0
903200;93933.0;19503.0;74430.0
903300;93357.0;18927.0;74430.0
903400;93885.0;19455.0;74430.0
903500;93693.0;19383.0;74310.0
903600;93885.0;19455.0;74430.0
903700;93925.0;19455.0;74470.0
903800;94045.0;19455.0;74590.0
903900;93885.0;19455.0;74430.0
904000;94245.0;19455.0;74790.0
904100;93965.0;19455.0;74510.0
904200;93709.0;19359.0;74350.0
904300;93917.0;19407.0;74510.0
904400;93965.0;19455.0;74510.0
904500;93845.0;19455.0;74390.0
904600;93917.0;19407.0;74510.0
904700;93797.0;19407.0;74390.0
904800;94061.0;19551.0;74510.0
904900;93986.0;19476.0;74510.0
905000;94203.5;19493.5;74710.0
905100;93163.5;19493.5;73670.0
905200;94006.0;19576.0;74430.0
905300;94253.0;19663.0;74590.0
905400;94194.0;19604.0;74590.0
905500;94194.0;19604.0;74590.0
905600;94194.0;19604.0;74590.0
905700;94015.0;19545.0;74470.0
905800;94076.0;19486.0;74590.0
905900;94135.0;19545.0;74590.0
906000;94455.0;19825.0;74630.0
906100;94393.0;19123.0;75270.0
906200;94279.0;19609.0;74670.0
906300;94146.0;19636.0;74510.0
906400;94225.0;19555.0;74670.0
906500;94638.0;19528.0;75110.0
906600;94279.0;19609.0;74670.0
906700;94331.0;19501.0;74830.0
906800;94021.0;19351.0;74670.0
906900;94351.0;19681.0;74670.0
907000;94171.0;19621.0;74550.0
907100;94431.0;19681.0;74750.0
907200;94371.0;19621.0;74750.0
907300;94431.0;19681.0;74750.0
907400;94491.0;19621.0;74870.0
907500;94971.0;20101.0;74870.0
907600;94410.0;19621.0;74789.0
907700;94527.5;19531.0;74996.5
907800;94003.5;19141.0;74862.5
907900;94617.5;19621.0;74996.5
908000;94517.0;19621.0;74896.0
908100;94651.0;19621.0;75030.0
908200;94610.5;19681.0;74929.5
908300;94741.0;19711.0;75030.0
908400;94640.5;19711.0;74929.5
908500;95030.5;20101.0;74929.5
908600;94550.5;19621.0;74929.5
908700;94610.5;19681.0;74929.5
908800;94130.5;19201.0;74929.5
908900;94640.5;19711.0;74929.5
909000;94838.0;19741.0;75097.0
909100;94617.5;19621.0;74996.5
909200;94557.5;19561.0;74996.5
909300;94115.0;19621.0;74494.0
909400;94557.5;19561.0;74996.5
909500;94617.5;19621.0;74996.5
909600;94709.5;19713.0;74996.5
909700;94655.0;20161.0;74494.0
909800;94645.5;19649.0;74996.5
909900;94765.5;19769.0;74996.5
910000;94911.0;19881.0;75030.0
910100;94984.0;20054.5;74929.5
910200;-415162.5;-490226.0;75063.5
910300;94601.5;19672.0;74929.5
910400;94258.5;19697.5;74561.0
910500;95065.5;19901.5;75164.0
910600;94711.5;19748.5;74963.0
910700;94888.5;19825.0;75063.5
910800;94837.5;19774.0;75063.5
910900;94971.5;19774.0;75197.5
911000;94952.0;19825.0;75127.0
911100;95426.0;19723.0;75703.0
911200;94937.0;19774.0;75163.0
911300;94844.0;19825.0;75019.0
911400;95059.0;19788.0;75271.0
911500;94867.5;19812.5;75055.0
911600;95000.0;19837.0;75163.0
911700;95000.0;19837.0;75163.0
911800;95632.0;19641.0;75991.0
911900;94892.0;19837.0;75055.0
912000;95180.0;19837.0;75343.0
912100;94532.0;19837.0;74695.0
912200;95180.0;19837.0;75343.0
912300;95072.0;19837.0;75235.0
912400;95612.0;19837.0;75775.0
912500;95023.0;19788.0;75235.0
912600;95122.0;19887.0;75235.0
912700;95053.0;19818.0;75235.0
912800;95007.0;19772.0;75235.0
912900;95053.0;19818.0;75235.0
913000;94945.0;19818.0;75127.0
913100;95307.5;20000.5;75307.0
913200;95132.0;19825.0;75307.0
913300;95096.0;19825.0;75271.0
913400;95027.0;19864.0;75163.0
913500;95181.5;19766.5;75415.0
913600;95276.0;19825.0;75451.0
913700;95132.0;19825.0;75307.0
913800;95024.0;19825.0;75199.0
913900;95132.0;19825.0;75307.0
914000;94985.0;19786.0;75199.0
914100;94892.0;19513.0;75379.0
914200;95060.0;19825.0;75235.0
914300;95312.0;19825.0;75487.0
914400;95243.0;19864.0;75379.0
914500;95312.0;19825.0;75487.0
914600;95600.0;19825.0;75775.0
914700;95243.0;19864.0;75379.0
914800;94931.0;19552.0;75379.0
914900;95251.0;19786.0;75465.0
915000;95290.0;19825.0;75465.0
915100;95502.0;19903.0;75599.0
915200;95362.5;19864.0;75498.5
915300;95167.5;19669.0;75498.5
915400;95401.5;19903.0;75498.5
915500;95262.0;19864.0;75398.0
915600;95362.5;19864.0;75498.5
915700;95535.5;19903.0;75632.5
915800;95362.5;19864.0;75498.5
915900;-836956.5;19883.5;-856840.0
916000;95396.0;19864.0;75532.0
916100;95429.5;19864.0;75565.5
916200;95429.5;19864.0;75565.5
916300;95429.5;19864.0;75565.5
916400;95373.5;19942.0;75431.5
916500;94907.5;19844.5;75063.0
916600;95780.5;20215.0;75565.5
916700;95971.0;19903.0;76068.0
916800;-294609.5;-370175.0;75565.5
916900;95429.5;19864.0;75565.5
917000;95538.5;19805.5;75733.0
917100;95597.0;19864.0;75733.0
917200;95597.0;19864.0;75733.0
917300;95496.5;19864.0;75632.5
917400;95636.0;19903.0;75733.0
917500;95277.5;19645.0;75632.5
917600;95606.5;19974.0;75632.5
917700;95459.0;19927.0;75532.0
917800;95630.0;19997.5;75632.5
917900;95594.5;19962.0;75632.5
918000;95628.0;19962.0;75666.0
918100;96206.0;20004.0;76202.0
918200;95661.5;19962.0;75699.5
918300;95159.0;19962.0;75197.0
918400;95661.5;19962.0;75699.5
918500;95661.5;19962.0;75699.5
918600;95561.0;19962.0;75599.0
918700;95661.5;19962.0;75699.5
918800;95766.0;19698.0;76068.0
918900;95573.0;19974.0;75599.0
919000;95818.0;19951.0;75867.0
919100;95740.5;19974.0;75766.5
919200;95908.0;20041.0;75867.0
919300;95807.5;20041.0;75766.5
919400;95624.5;19992.0;75632.5
919500;95807.5;20041.0;75766.5
919600;95885.5;20119.0;75766.5
919700;95750.5;19984.0;75766.5
919800;95615.5;19849.0;75766.5
919900;95750.5;19984.0;75766.5
920000;95893.0;19624.0;76269.0
920100;95862.5;20029.0;75833.5
920200;95360.0;20029.0;75331.0
920300;95862.5;20029.0;75833.5
920400;96107.5;20173.5;75934.0
920500;95813.5;19980.0;75833.5
920600;96187.0;19851.0;76336.0
920700;96584.0;19980.0;76604.0
920800;96660.0;20324.0;76336.0
920900;95877.5;20044.0;75833.5
921000;95911.0;20044.0;75867.0
921100;95944.5;20044.0;75900.5
921200;96075.0;20074.0;76001.0
921300;95911.0;20044.0;75867.0
921400;95974.5;20074.0;75900.5
921500;96004.5;20104.0;75900.5
921600;95974.5;20074.0;75900.5
921700;96004.5;20104.0;75900.5
921800;95959.5;20059.0;75900.5
921900;95859.0;20059.0;75800.0
922000;96038.0;20104.0;75934.0
922100;96071.5;20104.0;75967.5
922200;96142.0;20074.0;76068.0
922300;96071.5;20104.0;75967.5
922400;96529.0;20059.0;76470.0
922500;96067.0;19999.0;76068.0
922600;95971.0;20104.0;75867.0
922700;96071.5;20104.0;75967.5
922800;96117.0;20104.0;76013.0
922900;96025.0;19864.0;76161.0
923000;96154.0;20104.0;76050.0
923100;96701.0;20059.0;76642.0
923200;96236.0;20149.0;76087.0
923300;96302.0;20104.0;76198.0
923400;96028.0;20089.0;75939.0
923500;96251.0;20164.0;76087.0
923600;96191.0;20104.0;76087.0
923700;96212.0;20125.0;76087.0
923800;96358.5;20271.5;76087.0
923900;96255.0;20168.0;76087.0
924000;96292.0;20168.0;76124.0
924100;95842.0;20168.0;75674.0
924200;96939.0;20145.0;76794.0
924300;96339.0;20145.0;76194.0
924400;95442.0;20168.0;75274.0
924500;96472.0;20398.0;76074.0
924600;96339.0;20145.0;76194.0
924700;96242.0;20168.0;76074.0
924800;96592.0;20398.0;76194.0
924900;96339.0;20145.0;76194.0
925000;96539.0;20145.0;76394.0
925100;96419.0;20145.0;76274.0
925200;96573.5;20179.5;76394.0
925300;96419.0;20145.0;76274.0
925400;96396.0;20122.0;76274.0
925500;96419.0;20145.0;76274.0
925600;96396.0;20122.0;76274.0
925700;96664.0;20230.0;76434.0
925800;96432.5;20158.5;76274.0
925900;96452.0;20178.0;76274.0
926000;96498.5;20184.5;76314.0
926100;96414.0;20100.0;76314.0
926200;96519.0;20165.0;76354.0
926300;95815.0;20061.0;75754.0
926400;96476.0;20282.0;76194.0
926500;96639.0;20165.0;76474.0
926600;96532.0;20178.0;76354.0
926700;96796.0;20282.0;76514.0
926800;96532.0;20178.0;76354.0
926900;96551.5;20197.5;76354.0
927000;96572.0;20178.0;76394.0
927100;96612.0;20178.0;76434.0
927200;97071.5;20197.5;76874.0
927300;96025.0;20191.0;75834.0
927400;96452.0;20178.0;76274.0
927500;96511.5;20197.5;76314.0
927600;96876.0;20282.0;76594.0
927700;96592.5;20158.5;76434.0
927800;96612.0;20178.0;76434.0
927900;96759.0;20165.0;76594.0
928000;96652.0;20178.0;76474.0
928100;96692.0;20178.0;76514.0
928200;96812.0;20178.0;76634.0
928300;96692.0;20178.0;76514.0
928400;96796.0;20282.0;76514.0
928500;96713.0;20199.0;76514.0
928600;96513.0;20119.0;76394.0
928700;96705.0;20191.0;76514.0
928800;96481.0;20087.0;76394.0
928900;96713.0;20199.0;76514.0
929000;96769.0;20215.0;76554.0
929100;96925.0;20211.0;76714.0
929200;96825.0;20231.0;76594.0
929300;96945.0;20231.0;76714.0
929400;96645.0;20211.0;76434.0
929500;96825.0;20231.0;76594.0
929600;96985.0;20231.0;76754.0
929700;96879.0;20245.0;76634.0
929800;96999.0;20245.0;76754.0
929900;97274.0;20200.0;77074.0
930000;96861.0;20227.0;76634.0
930100;96928.0;20254.0;76674.0
930200;96670.0;20236.0;76434.0
930300;96757.0;20083.0;76674.0
930400;96901.0;20227.0;76674.0
930500;96901.0;20227.0;76674.0
930600;96781.0;20227.0;76554.0
930700;96901.0;20227.0;76674.0
930800;97061.0;20227.0;76834.0
930900;96901.0;20227.0;76674.0
931000;96970.0;20256.0;76714.0
931100;96971.0;20217.0;76754.0
931200;96811.0;20217.0;76594.0
931300;96984.0;20230.0;76754.0
931400;97195.0;20321.0;76874.0
931500;96870.5;20236.5;76634.0
931600;96851.0;20217.0;76634.0
931700;96971.0;20217.0;76754.0
931800;96984.0;20230.0;76754.0
931900;96971.0;20217.0;76754.0
932000;96851.0;20217.0;76634.0
932100;97064.0;20230.0;76834.0
932200;97064.0;20230.0;76834.0
932300;97184.0;20230.0;76954.0
932400;97064.0;20230.0;76834.0
932500;96451.0;20217.0;76234.0
932600;97157.0;20323.0;76834.0
932700;97151.0;20317.0;76834.0
932800;97191.0;20317.0;76874.0
932900;97154.0;20320.0;76834.0
933000;97191.0;20317.0;76874.0
933100;97234.0;20320.0;76914.0
933200;96742.0;20308.0;76434.0
933300;97229.5;20315.5;76914.0
933400;97063.5;20309.5;76754.0
933500;97231.0;20317.0;76914.0
933600;97237.0;20323.0;76914.0
933700;97828.0;20320.0;77508.0
933800;97270.0;20317.0;76953.0
933900;97267.0;20314.0;76953.0
934000;97310.0;20320.0;76990.0
934100;97347.0;20320.0;77027.0
934200;97350.0;20323.0;77027.0
934300;96755.0;20341.0;76414.0
934400;97374.0;20320.0;77054.0
934500;97521.0;20347.0;77174.0
934600;97347.0;20413.0;76934.0
934700;97407.0;20353.0;77054.0
934800;97398.0;20344.0;77054.0
934900;97407.0;20353.0;77054.0
935000;97456.0;20362.0;77094.0
935100;97487.0;20353.0;77134.0
935200;97607.0;20353.0;77254.0
935300;97535.0;20401.0;77134.0
935400;97369.0;20395.0;76974.0
935500;97487.0;20353.0;77134.0
935600;97433.0;20299.0;77134.0
935700;97529.0;20395.0;77134.0
935800;97361.0;20347.0;77014.0
935900;97543.0;20409.0;77134.0
936000;97583.0;20409.0;77174.0
936100;97623.0;20409.0;77214.0
936200;97623.0;20409.0;77214.0
936300;97743.0;20409.0;77334.0
936400;97623.0;20409.0;77214.0
936500;97623.0;20409.0;77214.0
936600;97023.0;20409.0;76614.0
936700;97623.0;20409.0;77214.0
936800;97623.0;20409.0;77214.0
936900;97639.0;20425.0;77214.0
937000;97663.0;20409.0;77254.0
937100;97703.0;20409.0;77294.0
937200;97823.0;20409.0;77414.0
937300;97503.0;20409.0;77094.0
937400;97827.0;20413.0;77414.0
937500;97823.0;20409.0;77414.0
937600;97863.0;20409.0;77454.0
937700;97701.0;20407.0;77294.0
937800;97561.0;20387.0;77174.0
937900;97649.0;20355.0;77294.0
938000;97753.0;20419.0;77334.0
938100;97625.0;20411.0;77214.0
938200;97785.0;20411.0;77374.0
938300;97633.0;20419.0;77214.0
938400;97801.0;20427.0;77374.0
938500;97909.0;20415.0;77494.0
938600;97793.0;20419.0;77374.0
938700;97789.0;20415.0;77374.0
938800;98385.0;20411.0;77974.0
938900;97785.0;20411.0;77374.0
939000;97825.0;20411.0;77414.0
939100;97737.0;20443.0;77294.0
939200;97272.0;20418.0;76854.0
939300;97872.0;20418.0;77454.0
939400;97887.0;20433.0;77454.0
939500;97950.0;20496.0;77454.0
939600;97992.0;20538.0;77454.0
939700;97967.0;20513.0;77454.0
939800;98054.5;20600.5;77454.0
939900;97942.0;20488.0;77454.0
940000;98027.0;20373.0;77654.0
940100;98177.0;20523.0;77654.0
940200;98057.0;20523.0;77534.0
940300;97817.0;20283.0;77534.0
940400;98012.0;20478.0;77534.0
940500;97502.0;20568.0;76934.0
940600;98057.0;20523.0;77534.0
940700;98172.0;20478.0;77694.0
940800;98057.0;20523.0;77534.0
940900;97457.0;20523.0;76934.0
941000;98235.0;20661.0;77574.0
941100;98777.0;20323.0;78454.0
941200;98959.0;20505.0;78454.0
941300;98758.0;20544.0;78214.0
941400;98119.0;20505.0;77614.0
941500;98025.0;20531.0;77494.0
941600;97999.0;20505.0;77494.0
941700;98197.0;20583.0;77614.0
941800;98171.0;20557.0;77614.0
941900;98171.0;20557.0;77614.0
942000;98172.0;20518.0;77654.0
942100;98238.0;20544.0;77694.0
942200;97625.0;20531.0;77094.0
942300;98225.0;20531.0;77694.0
942400;97857.0;20323.0;77534.0
942500;98027.0;20453.0;77574.0
942600;98199.0;20505.0;77694.0
942700;97651.0;20557.0;77094.0
942800;98665.0;20531.0;78134.0
942900;98333.0;20479.0;77854.0
943000;98265.0;20531.0;77734.0
943100;98118.0;20344.0;77774.0
943200;98638.0;20584.0;78054.0
943300;98153.0;20539.0;77614.0
943400;98268.0;20494.0;77774.0
943500;98313.0;20539.0;77774.0
943600;97668.0;20494.0;77174.0
943700;98223.0;20569.0;77654.0
943800;98283.0;20509.0;77774.0
943900;98743.0;20809.0;77934.0
944000;98383.0;20569.0;77814.0
944100;98453.0;20599.0;77854.0
944200;98293.0;20599.0;77694.0
944300;98423.0;20569.0;77854.0
944400;97503.0;20569.0;76934.0
944500;98423.0;20569.0;77854.0
944600;98453.0;20599.0;77854.0
944700;98583.0;20569.0;78014.0
944800;98258.0;20524.0;77734.0
944900;98393.0;20539.0;77854.0
945000;98653.0;20599.0;78054.0
945100;98169.0;20395.0;77774.0
945200;97900.0;20566.0;77334.0
945300;99359.0;20585.0;78774.0
945400;98959.0;20585.0;78374.0
945500;98595.0;20661.0;77934.0
945600;98375.0;20281.0;78094.0
945700;98812.0;20718.0;78094.0
945800;98519.0;20585.0;77934.0
945900;98519.0;20585.0;77934.0
946000;98293.0;20319.0;77974.0
946100;98669.0;20655.0;78014.0
946200;98445.0;20431.0;78014.0
946300;98789.0;20655.0;78134.0
946400;98537.0;20683.0;77854.0
946500;98711.0;20697.0;78014.0
946600;98921.0;20907.0;78014.0
946700;98697.0;20683.0;78014.0
946800;98885.0;20711.0;78174.0
946900;98641.0;20627.0;78014.0
947000;98709.0;20655.0;78054.0
947100;97829.0;20655.0;77174.0
947200;98749.0;20655.0;78094.0
947300;98749.0;20655.0;78094.0
947400;98715.0;20501.0;78214.0
947500;98877.0;20663.0;78214.0
947600;98793.0;20699.0;78094.0
947700;98955.0;20861.0;78094.0
947800;98925.0;20951.0;77974.0
947900;98295.0;20681.0;77614.0
948000;98845.0;20711.0;78134.0
948100;98885.0;20711.0;78174.0
948200;98894.0;20681.0;78213.0
948300;99005.0;20681.0;78324.0
948400;98920.0;20707.0;78213.0
948500;99105.0;20892.0;78213.0
948600;99031.0;20818.0;78213.0
948700;99049.5;20836.5;78213.0
948800;99327.0;20707.0;78620.0
948900;98957.0;20744.0;78213.0
949000;98994.0;20744.0;78250.0
949100;99031.0;20744.0;78287.0
949200;99068.0;20781.0;78287.0
949300;99364.0;20966.0;78398.0
949400;98883.0;20485.0;78398.0
949500;99031.0;20744.0;78287.0
949600;98490.0;20758.0;77732.0
949700;99123.0;20836.0;78287.0
949800;99232.0;20797.0;78435.0
949900;99084.0;20797.0;78287.0
950000;99121.0;20797.0;78324.0
950100;99158.0;20797.0;78361.0
950200;98846.0;20485.0;78361.0
950300;98846.0;20485.0;78361.0
950400;99060.5;20699.5;78361.0
950500;99216.5;20855.5;78361.0
950600;99158.0;20797.0;78361.0
950700;99158.0;20797.0;78361.0
950800;99158.0;20797.0;78361.0
950900;99119.0;20758.0;78361.0
951000;99047.0;20797.0;78250.0
951100;99448.0;21013.0;78435.0
951200;99283.0;20848.0;78435.0
951300;99332.5;20897.5;78435.0
951400;99283.0;20848.0;78435.0
951500;99580.0;21145.0;78435.0
951600;99316.0;20881.0;78435.0
951700;99316.0;20881.0;78435.0
951800;99349.0;20914.0;78435.0
951900;99349.0;20914.0;78435.0
952000;99353.0;20881.0;78472.0
952100;99390.0;20881.0;78509.0
952200;99390.0;20881.0;78509.0
952300;99654.0;21145.0;78509.0
952400;99439.5;20930.5;78509.0
952500;99423.0;20914.0;78509.0
952600;99423.0;20914.0;78509.0
952700;99373.5;20864.5;78509.0
952800;99324.0;20815.0;78509.0
952900;99423.0;20914.0;78509.0
953000;99460.0;20914.0;78546.0
953100;99510.5;21075.5;78435.0
953200;99546.0;20963.0;78583.0
953300;99546.0;20963.0;78583.0
953400;100273.0;20913.0;79360.0
953500;99657.0;20963.0;78694.0
953600;99410.0;20938.0;78472.0
953700;99546.0;20963.0;78583.0
953800;99669.0;20938.0;78731.0
953900;99352.0;20769.0;78583.0
954000;99449.0;20977.0;78472.0
954100;99634.0;20977.0;78657.0
954200;99634.0;20977.0;78657.0
954300;99450.0;20793.0;78657.0
954400;99650.0;20993.0;78657.0
954500;99505.0;21033.0;78472.0
954600;99667.0;20973.0;78694.0
954700;99838.0;21033.0;78805.0
954800;99095.0;20993.0;78102.0
954900;99650.0;20993.0;78657.0
955000;99835.0;20993.0;78842.0
955100;99576.0;20993.0;78583.0
955200;99724.0;20993.0;78731.0
955300;99724.0;20993.0;78731.0
955400;99684.0;20953.0;78731.0
955500;99684.0;20953.0;78731.0
955600;99584.0;20853.0;78731.0
955700;99724.0;20993.0;78731.0
955800;99724.0;20993.0;78731.0
955900;99271.0;20993.0;78278.0
956000;99791.0;20993.0;78798.0
956100;99631.0;20953.0;78678.0
956200;99831.0;20993.0;78838.0
956300;99611.0;20933.0;78678.0
956400;99771.0;20933.0;78838.0
956500;99831.0;20993.0;78838.0
956600;99732.0;21014.0;78718.0
956700;99944.5;21106.5;78838.0
956800;100298.0;20860.0;79438.0
956900;99896.0;21058.0;78838.0
957000;99914.0;21036.0;78878.0
957100;99860.0;21102.0;78758.0
957200;100020.0;21102.0;78918.0
957300;100096.0;21058.0;79038.0
957400;100020.0;21102.0;78918.0
957500;100020.0;21102.0;78918.0
957600;100020.0;21102.0;78918.0
957700;100020.0;21102.0;78918.0
957800;100020.0;21102.0;78918.0
957900;100064.0;21146.0;78918.0
958000;100060.0;21102.0;78958.0
958100;100268.0;21102.0;79166.0
958200;100157.0;21102.0;79055.0
958300;100201.0;21146.0;79055.0
958400;100157.0;21102.0;79055.0
958500;100201.0;21146.0;79055.0
958600;99980.0;21036.0;78944.0
958700;100046.0;21102.0;78944.0
958800;100090.0;21146.0;78944.0
958900;100157.0;21102.0;79055.0
959000;100172.0;21080.0;79092.0
959100;100638.0;21102.0;79536.0
959200;100106.0;21014.0;79092.0
959300;100039.0;21058.0;78981.0
959400;100231.0;21102.0;79129.0
959500;100187.0;21058.0;79129.0
959600;100076.0;21058.0;79018.0
959700;100033.0;20904.0;79129.0
959800;100099.0;20970.0;79129.0
959900;100250.0;21121.0;79129.0
960000;100284.0;21118.0;79166.0
960100;100474.0;21271.0;79203.0
960200;100381.0;21067.0;79314.0
960300;100347.0;21033.0;79314.0
960400;99814.0;21061.0;78753.0
960500;100327.0;21106.0;79221.0
960600;100408.0;21031.0;79377.0
960700;100282.0;21061.0;79221.0
960800;100237.0;21016.0;79221.0
960900;100087.0;21061.0;79026.0
961000;100165.0;21061.0;79104.0
961100;100375.0;21076.0;79299.0
961200;100414.0;21271.0;79143.0
961300;99745.0;21031.0;78714.0
961400;100432.0;21016.0;79416.0
961500;100390.0;21091.0;79299.0
961600;100315.0;21016.0;79299.0
961700;100360.0;21061.0;79299.0
961800;100399.0;21061.0;79338.0
961900;100516.0;21061.0;79455.0
962000;100399.0;21061.0;79338.0
962100;100525.0;21031.0;79494.0
962200;100555.0;21061.0;79494.0
962300;100555.0;21061.0;79494.0
962400;100282.0;21061.0;79221.0
962500;100625.0;21131.0;79494.0
962600;100378.0;21001.0;79377.0
962700;100222.0;20845.0;79377.0
962800;100430.0;21053.0;79377.0
962900;100586.0;21053.0;79533.0
963000;100183.0;20767.0;79416.0
963100;100534.0;21079.0;79455.0
963200;100534.0;21079.0;79455.0
963300;100508.0;21053.0;79455.0
963400;100482.0;21027.0;79455.0
963500;100495.0;21040.0;79455.0
963600;100534.0;21079.0;79455.0
963700;101145.0;21105.0;80040.0
963800;100742.0;21131.0;79611.0
963900;100560.0;21105.0;79455.0
964000;100599.0;21105.0;79494.0
964100;100482.0;21105.0;79377.0
964200;100430.0;20897.0;79533.0
964300;100141.0;21079.0;79062.0
964400;100688.5;21146.5;79542.0
964500;100703.0;21161.0;79542.0
964600;100659.5;21117.5;79542.0
964700;100703.0;21161.0;79542.0
964800;100703.0;21161.0;79542.0
964900;100703.0;21161.0;79542.0
965000;100743.0;21161.0;79582.0
965100;100783.0;21161.0;79622.0
965200;100875.5;21253.5;79622.0
965300;100181.0;21159.0;79022.0
965400;100955.0;21213.0;79742.0
965500;100781.0;21159.0;79622.0
965600;100686.5;21064.5;79622.0
965700;100181.0;21159.0;79022.0
965800;100634.0;21132.0;79502.0
965900;100754.0;21132.0;79622.0
966000;100794.0;21132.0;79662.0
966100;100861.0;21159.0;79702.0
966200;100834.0;21132.0;79702.0
966300;100647.0;21105.0;79542.0
966400;100834.0;21132.0;79702.0
966500;100834.0;21132.0;79702.0
966600;100592.5;21010.5;79582.0
966700;100714.0;21132.0;79582.0
966800;100994.0;21132.0;79862.0
966900;100861.0;21159.0;79702.0
967000;100874.0;21132.0;79742.0
967100;101130.0;21348.0;79782.0
967200;100914.0;21132.0;79782.0
967300;100845.0;20943.0;79902.0
967400;101277.0;21375.0;79902.0
967500;100941.0;21159.0;79782.0
967600;100941.0;21159.0;79782.0
967700;100995.0;21213.0;79782.0
967800;101064.0;21402.0;79662.0
967900;100368.0;21186.0;79182.0
968000;101154.5;21172.5;79982.0
968100;101168.0;21186.0;79982.0
968200;100434.5;21172.5;79262.0
968300;100915.0;21213.0;79702.0
968400;100915.0;21213.0;79702.0
968500;101291.0;21429.0;79862.0
968600;101075.0;21213.0;79862.0
968700;101115.5;21253.5;79862.0
968800;101102.0;21240.0;79862.0
968900;101075.0;21213.0;79862.0
969000;100982.0;21240.0;79742.0
969100;101253.0;21311.0;79942.0
969200;101298.0;21236.0;80062.0
969300;101310.5;21248.5;80062.0
969400;101113.0;21211.0;79902.0
969500;101073.0;21011.0;80062.0
969600;101350.5;21248.5;80102.0
969700;101215.5;21273.5;79942.0
969800;101300.5;21358.5;79942.0
969900;101394.0;21292.0;80102.0
970000;101217.0;21235.0;79982.0
970100;101266.5;21244.5;80022.0
970200;101895.0;21273.0;80622.0
970300;101266.5;21244.5;80022.0
970400;101314.0;21292.0;80022.0
970500;101276.0;21254.0;80022.0
970600;101303.0;21121.0;80182.0
970700;101655.0;21193.0;80462.0
970800;101215.0;21193.0;80022.0
970900;101206.0;21184.0;80022.0
971000;101255.0;21193.0;80062.0
971100;101295.0;21193.0;80102.0
971200;101135.0;21193.0;79942.0
971300;101446.0;21224.0;80222.0
971400;101228.0;21126.0;80102.0
971500;101260.0;21158.0;80102.0
971600;101136.0;21154.0;79982.0
971700;101860.0;21158.0;80702.0
971800;101416.0;21154.0;80262.0
971900;101452.0;21190.0;80262.0
972000;101300.0;21158.0;80142.0
972100;101340.0;21158.0;80182.0
972200;101344.0;21162.0;80182.0
972300;101460.0;21158.0;80302.0
972400;101340.0;21158.0;80182.0
972500;101340.0;21158.0;80182.0
972600;101340.0;21158.0;80182.0
972700;101762.0;21140.0;80622.0
972800;101340.0;21158.0;80182.0
972900;101336.0;21154.0;80182.0
973000;141340.0;61118.0;80222.0
973100;101420.0;21158.0;80262.0
973200;101538.0;21156.0;80382.0
973300;101538.0;21156.0;80382.0
973400;101532.0;21150.0;80382.0
973500;101416.0;21154.0;80262.0
973600;101296.0;21154.0;80142.0
973700;101408.0;21146.0;80262.0
973800;101556.0;21134.0;80422.0
973900;101448.5;21154.0;80294.5
974000;101636.0;21154.0;80482.0
974100;101525.5;21156.0;80369.5
974200;101377.5;21158.0;80219.5
974300;101523.5;21154.0;80369.5
974400;101632.0;21150.0;80482.0
974500;101523.5;21154.0;80369.5
974600;101605.0;21148.0;80457.0
974700;101727.0;21150.0;80577.0
974800;101567.0;21150.0;80417.0
974900;101567.0;21150.0;80417.0
975000;101483.0;21186.0;80297.0
975100;101647.0;21190.0;80457.0
975200;101687.0;21190.0;80497.0
975300;101639.0;21182.0;80457.0
975400;101679.0;21182.0;80497.0
975500;101693.0;21196.0;80497.0
975600;101645.0;21148.0;80497.0
975700;100853.0;21196.0;79657.0
975800;101690.0;21193.0;80497.0
975900;101603.0;21226.0;80377.0
976000;101900.5;21203.5;80697.0
976100;101794.0;21217.0;80577.0
976200;101634.0;21217.0;80417.0
976300;101812.0;21235.0;80577.0
976400;101914.0;21217.0;80697.0
976500;101993.0;21256.0;80737.0
976600;101322.5;21260.5;80062.0
976700;101875.5;21251.0;80624.5
976800;101767.0;21255.0;80512.0
976900;101878.0;21253.5;80624.5
977000;101916.0;21254.0;80662.0
977100;101806.0;21256.5;80549.5
977200;101498.0;21256.0;80242.0
977300;102546.0;21224.0;81322.0
977400;101996.0;21274.0;80722.0
977500;101931.0;21329.0;80602.0
977600;101986.0;21264.0;80722.0
977700;101411.0;21289.0;80122.0
977800;101976.0;21254.0;80722.0
977900;101976.0;21254.0;80722.0
978000;102176.0;21254.0;80922.0
978100;102066.0;21264.0;80802.0
978200;102186.0;21264.0;80922.0
978300;102081.0;21279.0;80802.0
978400;102512.0;21264.0;81248.0
978500;102035.0;21194.0;80841.0
978600;102543.0;21295.0;81248.0
978700;102678.0;21282.0;81396.0
978800;102123.0;21282.0;80841.0
978900;102136.0;21295.0;80841.0
979000;102179.5;21301.5;80878.0
979100;102049.0;21282.0;80767.0
979200;101655.0;21295.0;80360.0
979300;102210.0;21295.0;80915.0
979400;101655.0;21295.0;80360.0
979500;102301.0;21386.0;80915.0
979600;102197.0;21282.0;80915.0
979700;102197.0;21282.0;80915.0
979800;102203.5;21288.5;80915.0
979900;102778.0;21308.0;81470.0
980000;102382.0;21282.0;81100.0
980100;102264.5;21275.5;80989.0
980200;102271.0;21282.0;80989.0
980300;102284.0;21295.0;80989.0
980400;102297.0;21308.0;80989.0
980500;102271.0;21282.0;80989.0
980600;102297.0;21308.0;80989.0
980700;102160.0;21282.0;80878.0
980800;102258.0;21269.0;80989.0
980900;102271.0;21282.0;80989.0
981000;102321.0;21295.0;81026.0
981100;102332.0;21269.0;81063.0
981200;101931.5;21317.0;80614.5
981300;102355.0;21317.0;81038.0
981400;102329.5;21253.0;81076.5
981500;102457.5;21381.0;81076.5
981600;102270.0;21309.0;80961.0
981700;102393.5;21317.0;81076.5
981800;102393.5;21317.0;81076.5
981900;102555.5;21325.0;81230.5
982000;101893.0;21317.0;80576.0
982100;102454.5;21301.0;81153.5
982200;102474.5;21321.0;81153.5
982300;102462.5;21309.0;81153.5
982400;102462.5;21309.0;81153.5
982500;102462.5;21309.0;81153.5
982600;102462.5;21309.0;81153.5
982700;102462.5;21309.0;81153.5
982800;102462.5;21309.0;81153.5
982900;102339.0;21301.0;81038.0
983000;102493.0;21301.0;81192.0
983100;102547.5;21317.0;81230.5
983200;102539.5;21309.0;81230.5
983300;102527.5;21297.0;81230.5
983400;102539.5;21309.0;81230.5
983500;102547.5;21317.0;81230.5
983600;102432.0;21317.0;81115.0
983700;102539.5;21309.0;81230.5
983800;102539.5;21309.0;81230.5
983900;102547.5;21317.0;81230.5
984000;102586.0;21317.0;81269.0
984100;102612.5;21305.0;81307.5
984200;102490.5;21337.0;81153.5
984300;102432.0;21317.0;81115.0
984400;102458.5;21305.0;81153.5
984500;101983.0;21253.0;80730.0
984600;102648.5;21341.0;81307.5
984700;102778.5;21317.0;81461.5
984800;102509.0;21317.0;81192.0
984900;102648.5;21341.0;81307.5
985000;102302.0;21341.0;80961.0
985100;102742.0;21341.0;81401.0
985200;102742.0;21341.0;81401.0
985300;102838.0;21317.0;81521.0
985400;102677.0;21276.0;81401.0
985500;102860.0;21339.0;81521.0
985600;102647.0;21366.0;81281.0
985700;102839.0;21438.0;81401.0
985800;102611.0;21330.0;81281.0
985900;102740.0;21339.0;81401.0
986000;102602.0;21321.0;81281.0
986100;102300.0;21339.0;80961.0
986200;102660.0;21339.0;81321.0
986300;102958.0;21357.0;81601.0
986400;102678.0;21357.0;81321.0
986500;102865.0;21384.0;81481.0
986600;102859.0;21378.0;81481.0
986700;102874.0;21393.0;81481.0
986800;102916.0;21435.0;81481.0
986900;102916.0;21435.0;81481.0
987000;102956.0;21435.0;81521.0
987100;103006.5;21445.5;81561.0
987200;102975.0;21414.0;81561.0
987300;103095.0;21414.0;81681.0
987400;103095.0;21414.0;81681.0
987500;102874.5;21433.5;81441.0
987600;102777.0;21336.0;81441.0
987700;103327.0;21606.0;81721.0
987800;103032.0;21471.0;81561.0
987900;103017.0;21456.0;81561.0
988000;102919.5;21478.5;81441.0
988100;103112.0;21471.0;81641.0
988200;103232.0;21471.0;81761.0
988300;103537.0;21456.0;82081.0
988400;103097.0;21456.0;81641.0
988500;102977.0;21456.0;81521.0
988600;103097.0;21456.0;81641.0
988700;102998.0;21357.0;81641.0
988800;103016.0;21495.0;81521.0
988900;103113.0;21472.0;81641.0
989000;103164.5;21483.5;81681.0
989100;103193.0;21472.0;81721.0
989200;103170.0;21449.0;81721.0
989300;103184.0;21463.0;81721.0
989400;103024.0;21463.0;81561.0
989500;103159.0;21438.0;81721.0
989600;103151.5;21550.5;81601.0
989700;103184.0;21463.0;81721.0
989800;103359.0;21638.0;81721.0
989900;103494.0;21613.0;81881.0
990000;103174.0;21413.0;81761.0
990100;103071.0;21270.0;81801.0
990200;103211.0;21410.0;81801.0
990300;103211.0;21410.0;81801.0
990400;103211.0;21410.0;81801.0
990500;103211.0;21410.0;81801.0
990600;103091.0;21410.0;81681.0
990700;103211.0;21410.0;81801.0
990800;102569.0;21368.0;81201.0
990900;103211.0;21410.0;81801.0
991000;103009.0;21368.0;81641.0
991100;103291.0;21410.0;81881.0
991200;103067.0;21186.0;81881.0
991300;103263.0;21382.0;81881.0
991400;103634.0;21473.0;82161.0
991500;103354.0;21473.0;81881.0
991600;103191.0;21510.0;81681.0
991700;103271.0;21510.0;81761.0
991800;103428.0;21547.0;81881.0
991900;103197.0;21436.0;81761.0
992000;103431.0;21510.0;81921.0
992100;103471.0;21510.0;81961.0
992200;103397.0;21436.0;81961.0
992300;103434.0;21473.0;81961.0
992400;103274.0;21473.0;81801.0
992500;103471.0;21510.0;81961.0
992600;103415.5;21454.5;81961.0
992700;103388.0;21547.0;81841.0
992800;103314.0;21473.0;81841.0
992900;103434.0;21473.0;81961.0
993000;103474.0;21473.0;82001.0
993100;103495.5;21454.5;82041.0
993200;103299.0;21258.0;82041.0
993300;103616.0;21575.0;82041.0
993400;103564.0;21523.0;82041.0
993500;103564.0;21523.0;82041.0
993600;104016.0;22095.0;81921.0
993700;104216.0;21575.0;82641.0
993800;103444.0;21523.0;81921.0
993900;103616.0;21575.0;82041.0
994000;103708.0;21627.0;82081.0
994100;103120.0;21159.0;81961.0
994200;103588.0;21627.0;81961.0
994300;103696.0;21575.0;82121.0
994400;103644.0;21523.0;82121.0
994500;103696.0;21575.0;82121.0
994600;103576.0;21575.0;82001.0
994700;103644.0;21523.0;82121.0
994800;103644.0;21523.0;82121.0
994900;103566.0;21445.0;82121.0
995000;103814.0;21653.0;82161.0
995100;104228.0;21601.0;82627.0
995200;102987.0;21601.0;81386.0
995300;104021.0;21248.0;82773.0
995400;103359.5;21134.0;82225.5
995500;104363.0;21590.0;82773.0
995600;103914.5;21689.0;82225.5
995700;103914.5;21689.0;82225.5
995800;103838.0;21612.5;82225.5
995900;103805.0;21689.0;82116.0
996000;104027.5;21765.5;82262.0
996100;103994.5;21842.0;82152.5
996200;103962.0;21663.5;82298.5
996300;103630.5;21332.0;82298.5
996400;104013.0;21714.5;82298.5
996500;103621.5;21765.5;81856.0
996600;104077.5;21765.5;82312.0
996700;104001.0;21689.0;82312.0
996800;104001.0;21689.0;82312.0
996900;103924.5;21612.5;82312.0
997000;104191.0;21689.0;82502.0
997100;103925.0;21689.0;82236.0
997200;103953.0;21717.0;82236.0
997300;104050.0;21662.0;82388.0
997400;103806.5;21570.5;82236.0
997500;104101.0;21713.0;82388.0
997600;104015.5;21627.5;82388.0
997700;104253.0;21713.0;82540.0
997800;104101.0;21713.0;82388.0
997900;103987.0;21713.0;82274.0
998000;104348.0;21770.0;82578.0
998100;104234.0;21770.0;82464.0
998200;104234.0;21770.0;82464.0
998300;104652.0;22226.0;82426.0
998400;104177.0;21713.0;82464.0
998500;104120.0;21656.0;82464.0
998600;104177.0;21713.0;82464.0
998700;104177.0;21713.0;82464.0
998800;104319.5;21855.5;82464.0
998900;104329.0;21713.0;82616.0
999000;104215.0;21713.0;82502.0
999100;104310.0;21770.0;82540.0
999200;104310.0;21770.0;82540.0
999300;104338.5;21798.5;82540.0
999400;103683.0;21143.0;82540.0
999500;104196.0;21770.0;82426.0
999600;104310.0;21770.0;82540.0
999700;104253.0;21713.0;82540.0
999800;104253.0;21713.0;82540.0
999900;104253.0;21713.0;82540.0
