day,timestamp,S,check,strike_a,strike_b,strike_c,lhs,rhs,edge
0,200,5250.5,intrinsic_floor,4500,,,750.0,750.5,0.5
0,300,5250.5,intrinsic_floor,4500,,,750.0,750.5,0.5
0,400,5250.5,intrinsic_floor,4500,,,750.0,750.5,0.5
0,500,5249.5,intrinsic_floor,4500,,,749.0,749.5,0.5
0,600,5248.5,intrinsic_floor,4500,,,748.0,748.5,0.5
0,700,5248.5,intrinsic_floor,4500,,,748.0,748.5,0.5
0,800,5247.5,intrinsic_floor,4500,,,747.0,747.5,0.5
0,900,5246.5,intrinsic_floor,4500,,,746.0,746.5,0.5
0,1000,5247.5,intrinsic_floor,4000,,,1246.5,1247.5,1.0
0,1000,5247.5,intrinsic_floor,4500,,,747.0,747.5,0.5
0,1200,5248.5,intrinsic_floor,4500,,,748.0,748.5,0.5
0,1400,5247.5,intrinsic_floor,4500,,,747.0,747.5,0.5
0,1500,5246.5,intrinsic_floor,4500,,,746.0,746.5,0.5
0,1800,5246.5,intrinsic_floor,4500,,,746.0,746.5,0.5
0,1900,5247.0,intrinsic_floor,4000,,,1246.5,1247.0,0.5
0,2000,5247.5,intrinsic_floor,4500,,,747.0,747.5,0.5
0,2100,5247.0,intrinsic_floor,4000,,,1246.5,1247.0,0.5
0,2200,5247.0,intrinsic_floor,4000,,,1246.5,1247.0,0.5
0,2400,5248.5,intrinsic_floor,4500,,,748.0,748.5,0.5
0,2500,5247.5,intrinsic_floor,4500,,,747.0,747.5,0.5
0,2700,5246.5,intrinsic_floor,4500,,,746.0,746.5,0.5
0,2800,5245.5,intrinsic_floor,4500,,,745.0,745.5,0.5
0,2900,5246.5,intrinsic_floor,4000,,,1241.0,1246.5,5.5
0,2900,5246.5,intrinsic_floor,4500,,,742.5,746.5,4.0
0,3100,5246.5,intrinsic_floor,4500,,,746.0,746.5,0.5
0,3700,5244.5,intrinsic_floor,4500,,,744.0,744.5,0.5
0,4300,5241.5,intrinsic_floor,4500,,,741.0,741.5,0.5
0,4400,5239.5,intrinsic_floor,4500,,,739.0,739.5,0.5
0,4600,5239.5,intrinsic_floor,4500,,,739.0,739.5,0.5
0,4800,5238.5,intrinsic_floor,4500,,,738.0,738.5,0.5
0,4900,5237.5,intrinsic_floor,4500,,,737.0,737.5,0.5
0,5000,5238.5,intrinsic_floor,4500,,,738.0,738.5,0.5
0,5800,5239.0,intrinsic_floor,4000,,,1237.5,1239.0,1.5
0,5800,5239.0,intrinsic_floor,4500,,,738.0,739.0,1.0
0,5900,5239.5,intrinsic_floor,4500,,,739.0,739.5,0.5
0,6000,5239.5,intrinsic_floor,4500,,,739.0,739.5,0.5
0,6400,5235.5,intrinsic_floor,4500,,,735.0,735.5,0.5
0,6500,5234.5,intrinsic_floor,4500,,,734.0,734.5,0.5
0,6900,5235.5,intrinsic_floor,4500,,,735.0,735.5,0.5
0,7500,5237.5,intrinsic_floor,4500,,,737.0,737.5,0.5
0,8000,5233.5,intrinsic_floor,4000,,,1233.0,1233.5,0.5
0,8000,5233.5,intrinsic_floor,4500,,,733.0,733.5,0.5
0,8400,5230.5,intrinsic_floor,4500,,,730.0,730.5,0.5
0,8600,5230.5,intrinsic_floor,4000,,,1229.5,1230.5,1.0
0,8600,5230.5,intrinsic_floor,4500,,,729.5,730.5,1.0
0,8900,5232.5,intrinsic_floor,4000,,,1232.0,1232.5,0.5
0,8900,5232.5,intrinsic_floor,4500,,,732.0,732.5,0.5
0,9200,5233.0,intrinsic_floor,4000,,,1231.5,1233.0,1.5
0,9200,5233.0,intrinsic_floor,4500,,,732.0,733.0,1.0
0,9600,5234.5,intrinsic_floor,4500,,,734.0,734.5,0.5
0,10000,5232.5,intrinsic_floor,4500,,,732.0,732.5,0.5
0,10500,5234.5,intrinsic_floor,4500,,,734.0,734.5,0.5
0,10700,5234.5,intrinsic_floor,4500,,,734.0,734.5,0.5
0,10800,5235.5,intrinsic_floor,4500,,,735.0,735.5,0.5
0,11200,5235.5,intrinsic_floor,4500,,,735.0,735.5,0.5
0,11300,5235.5,intrinsic_floor,4500,,,735.0,735.5,0.5
0,12000,5237.5,intrinsic_floor,4500,,,737.0,737.5,0.5
0,12300,5238.5,intrinsic_floor,4500,,,738.0,738.5,0.5
0,12500,5238.5,intrinsic_floor,4000,,,1237.5,1238.5,1.0
0,12500,5238.5,intrinsic_floor,4500,,,737.5,738.5,1.0
0,12600,5239.5,intrinsic_floor,4000,,,1238.5,1239.5,1.0
0,12600,5239.5,intrinsic_floor,4500,,,738.0,739.5,1.5
0,12700,5239.5,intrinsic_floor,4500,,,739.0,739.5,0.5
0,12800,5238.5,intrinsic_floor,4500,,,738.0,738.5,0.5
0,12900,5238.5,intrinsic_floor,4500,,,738.0,738.5,0.5
0,13000,5238.5,intrinsic_floor,4500,,,738.0,738.5,0.5
0,13700,5242.0,intrinsic_floor,4000,,,1240.5,1242.0,1.5
0,13700,5242.0,intrinsic_floor,4500,,,741.0,742.0,1.0
0,14000,5240.5,intrinsic_floor,4500,,,740.0,740.5,0.5
0,14200,5241.5,intrinsic_floor,4500,,,741.0,741.5,0.5
0,14400,5241.5,intrinsic_floor,4500,,,741.0,741.5,0.5
0,14500,5242.5,intrinsic_floor,4500,,,742.0,742.5,0.5
0,14800,5242.5,intrinsic_floor,4500,,,742.0,742.5,0.5
0,14900,5241.5,intrinsic_floor,4500,,,741.0,741.5,0.5
0,15000,5241.5,intrinsic_floor,4500,,,741.0,741.5,0.5
0,15200,5243.5,intrinsic_floor,4000,,,1238.0,1243.5,5.5
0,15200,5243.5,intrinsic_floor,4500,,,739.5,743.5,4.0
0,15300,5243.5,intrinsic_floor,4500,,,743.0,743.5,0.5
0,15400,5243.5,intrinsic_floor,4000,,,1242.5,1243.5,1.0
0,15400,5243.5,intrinsic_floor,4500,,,742.5,743.5,1.0
0,15600,5243.5,intrinsic_floor,4500,,,743.0,743.5,0.5
0,16000,5242.5,intrinsic_floor,4500,,,742.0,742.5,0.5
0,16300,5242.5,intrinsic_floor,4000,,,1241.5,1242.5,1.0
0,16300,5242.5,intrinsic_floor,4500,,,742.0,742.5,0.5
0,16600,5242.5,intrinsic_floor,4500,,,742.0,742.5,0.5
0,16800,5240.5,intrinsic_floor,4500,,,740.0,740.5,0.5
0,17100,5240.5,intrinsic_floor,4500,,,740.0,740.5,0.5
0,17500,5240.5,intrinsic_floor,4500,,,740.0,740.5,0.5
0,18000,5238.5,intrinsic_floor,4500,,,738.0,738.5,0.5
0,18200,5238.5,intrinsic_floor,4500,,,738.0,738.5,0.5
0,18500,5238.0,intrinsic_floor,4000,,,1237.0,1238.0,1.0
0,18500,5238.0,intrinsic_floor,4500,,,737.0,738.0,1.0
0,18700,5237.5,intrinsic_floor,4000,,,1236.5,1237.5,1.0
0,18700,5237.5,intrinsic_floor,4500,,,736.0,737.5,1.5
0,19300,5238.5,intrinsic_floor,4500,,,738.0,738.5,0.5
0,19500,5238.5,intrinsic_floor,4500,,,738.0,738.5,0.5
0,19700,5237.5,intrinsic_floor,4000,,,1236.0,1237.5,1.5
0,19700,5237.5,intrinsic_floor,4500,,,736.0,737.5,1.5
0,19900,5238.5,intrinsic_floor,4500,,,738.0,738.5,0.5
0,20400,5237.5,intrinsic_floor,4000,,,1236.0,1237.5,1.5
0,20400,5237.5,intrinsic_floor,4500,,,736.0,737.5,1.5
0,20700,5235.5,intrinsic_floor,4500,,,735.0,735.5,0.5
0,20900,5235.5,intrinsic_floor,4500,,,735.0,735.5,0.5
0,21300,5234.5,intrinsic_floor,4500,,,734.0,734.5,0.5
0,21400,5235.5,intrinsic_floor,4000,,,1235.0,1235.5,0.5
0,21400,5235.5,intrinsic_floor,4500,,,735.0,735.5,0.5
0,21500,5236.5,intrinsic_floor,4000,,,1235.5,1236.5,1.0
0,21500,5236.5,intrinsic_floor,4500,,,735.0,736.5,1.5
0,22500,5236.5,intrinsic_floor,4500,,,736.0,736.5,0.5
0,22800,5235.5,intrinsic_floor,4500,,,735.0,735.5,0.5
0,23000,5235.5,intrinsic_floor,4500,,,735.0,735.5,0.5
0,23100,5236.5,intrinsic_floor,4500,,,736.0,736.5,0.5
0,23200,5235.5,intrinsic_floor,4000,,,1234.5,1235.5,1.0
0,23200,5235.5,intrinsic_floor,4500,,,734.5,735.5,1.0
0,23400,5235.5,intrinsic_floor,4500,,,735.0,735.5,0.5
0,24000,5234.5,intrinsic_floor,4500,,,734.0,734.5,0.5
0,24100,5235.5,intrinsic_floor,4500,,,735.0,735.5,0.5
0,24400,5235.5,intrinsic_floor,4500,,,735.0,735.5,0.5
0,25500,5231.5,intrinsic_floor,4000,,,1231.0,1231.5,0.5
0,25500,5231.5,intrinsic_floor,4500,,,731.0,731.5,0.5
0,25700,5231.5,intrinsic_floor,4500,,,731.0,731.5,0.5
0,25900,5230.5,intrinsic_floor,4500,,,730.0,730.5,0.5
0,26200,5227.5,intrinsic_floor,4500,,,727.0,727.5,0.5
0,26600,5229.5,intrinsic_floor,4000,,,1229.0,1229.5,0.5
0,26600,5229.5,intrinsic_floor,4500,,,729.0,729.5,0.5
0,26800,5230.5,intrinsic_floor,4500,,,730.0,730.5,0.5
0,27300,5232.5,intrinsic_floor,4000,,,1232.0,1232.5,0.5
0,27300,5232.5,intrinsic_floor,4500,,,732.0,732.5,0.5
0,27500,5232.5,intrinsic_floor,4500,,,732.0,732.5,0.5
0,27700,5232.5,intrinsic_floor,4500,,,732.0,732.5,0.5
0,28000,5233.5,intrinsic_floor,4500,,,733.0,733.5,0.5
0,28100,5233.5,intrinsic_floor,4500,,,733.0,733.5,0.5
0,28700,5235.5,intrinsic_floor,4000,,,1234.5,1235.5,1.0
0,28700,5235.5,intrinsic_floor,4500,,,734.0,735.5,1.5
0,28900,5233.5,intrinsic_floor,4000,,,1232.5,1233.5,1.0
0,28900,5233.5,intrinsic_floor,4500,,,733.0,733.5,0.5
0,29000,5231.5,intrinsic_floor,4500,,,731.0,731.5,0.5
0,29600,5230.5,intrinsic_floor,4500,,,730.0,730.5,0.5
0,30900,5231.5,intrinsic_floor,4500,,,731.0,731.5,0.5
0,31000,5230.5,intrinsic_floor,4000,,,1230.0,1230.5,0.5
0,31000,5230.5,intrinsic_floor,4500,,,730.0,730.5,0.5
0,31700,5230.5,intrinsic_floor,4000,,,1225.0,1230.5,5.5
0,31700,5230.5,intrinsic_floor,4500,,,726.0,730.5,4.5
0,31800,5228.5,intrinsic_floor,4500,,,728.0,728.5,0.5
0,32000,5228.5,intrinsic_floor,4500,,,728.0,728.5,0.5
0,32800,5228.5,intrinsic_floor,4500,,,728.0,728.5,0.5
0,33100,5231.5,intrinsic_floor,4000,,,1230.5,1231.5,1.0
0,33100,5231.5,intrinsic_floor,4500,,,730.0,731.5,1.5
0,33200,5231.5,intrinsic_floor,4500,,,731.0,731.5,0.5
0,33500,5230.5,intrinsic_floor,4500,,,730.0,730.5,0.5
0,33600,5230.5,intrinsic_floor,4000,,,1230.0,1230.5,0.5
0,33600,5230.5,intrinsic_floor,4500,,,730.0,730.5,0.5
0,33700,5231.5,intrinsic_floor,4000,,,1231.0,1231.5,0.5
0,33700,5231.5,intrinsic_floor,4500,,,731.0,731.5,0.5
0,34100,5228.5,intrinsic_floor,4000,,,1228.0,1228.5,0.5
0,34100,5228.5,intrinsic_floor,4500,,,728.0,728.5,0.5
0,34200,5229.5,intrinsic_floor,4500,,,729.0,729.5,0.5
0,34500,5228.5,intrinsic_floor,4500,,,728.0,728.5,0.5
0,34600,5228.5,intrinsic_floor,4500,,,728.0,728.5,0.5
0,34700,5229.5,intrinsic_floor,4500,,,729.0,729.5,0.5
0,35300,5231.5,intrinsic_floor,4000,,,1230.5,1231.5,1.0
0,35300,5231.5,intrinsic_floor,4500,,,731.0,731.5,0.5
0,36200,5232.5,intrinsic_floor,4500,,,732.0,732.5,0.5
0,36600,5230.5,intrinsic_floor,4500,,,730.0,730.5,0.5
0,37400,5235.5,intrinsic_floor,4500,,,735.0,735.5,0.5
0,38000,5234.5,intrinsic_floor,4500,,,734.0,734.5,0.5
0,38200,5234.5,intrinsic_floor,4500,,,734.0,734.5,0.5
0,38500,5232.5,intrinsic_floor,4000,,,1231.5,1232.5,1.0
0,38500,5232.5,intrinsic_floor,4500,,,731.0,732.5,1.5
0,38700,5233.5,intrinsic_floor,4500,,,733.0,733.5,0.5
0,39200,5231.5,intrinsic_floor,4500,,,731.0,731.5,0.5
0,39300,5231.5,intrinsic_floor,4000,,,1231.0,1231.5,0.5
0,39300,5231.5,intrinsic_floor,4500,,,731.0,731.5,0.5
0,39900,5232.5,intrinsic_floor,4500,,,732.0,732.5,0.5
0,40100,5231.5,intrinsic_floor,4500,,,731.0,731.5,0.5
0,40300,5233.5,intrinsic_floor,4500,,,733.0,733.5,0.5
0,40500,5233.5,intrinsic_floor,4000,,,1232.0,1233.5,1.5
0,40500,5233.5,intrinsic_floor,4500,,,732.0,733.5,1.5
0,41300,5232.0,intrinsic_floor,4000,,,1230.5,1232.0,1.5
0,41300,5232.0,intrinsic_floor,4500,,,731.0,732.0,1.0
0,41500,5231.5,intrinsic_floor,4500,,,731.0,731.5,0.5
0,41600,5230.5,intrinsic_floor,4500,,,730.0,730.5,0.5
0,41800,5230.5,intrinsic_floor,4000,,,1229.0,1230.5,1.5
0,41800,5230.5,intrinsic_floor,4500,,,729.0,730.5,1.5
0,42300,5232.5,intrinsic_floor,4000,,,1232.0,1232.5,0.5
0,42300,5232.5,intrinsic_floor,4500,,,732.0,732.5,0.5
0,42400,5231.5,intrinsic_floor,4000,,,1231.0,1231.5,0.5
0,42400,5231.5,intrinsic_floor,4500,,,731.0,731.5,0.5
0,42800,5231.5,intrinsic_floor,4500,,,731.0,731.5,0.5
0,43200,5233.5,intrinsic_floor,4000,,,1233.0,1233.5,0.5
0,43200,5233.5,intrinsic_floor,4500,,,733.0,733.5,0.5
0,43300,5234.5,intrinsic_floor,4000,,,1234.0,1234.5,0.5
0,43300,5234.5,intrinsic_floor,4500,,,734.0,734.5,0.5
0,43500,5232.5,intrinsic_floor,4500,,,732.0,732.5,0.5
0,44400,5233.5,intrinsic_floor,4500,,,733.0,733.5,0.5
0,44800,5232.5,intrinsic_floor,4500,,,732.0,732.5,0.5
0,44900,5232.5,intrinsic_floor,4500,,,732.0,732.5,0.5
0,45100,5234.5,intrinsic_floor,4000,,,1229.0,1234.5,5.5
0,45100,5234.5,intrinsic_floor,4500,,,730.0,734.5,4.5
0,45300,5235.5,intrinsic_floor,4500,,,735.0,735.5,0.5
0,45400,5234.5,intrinsic_floor,4000,,,1234.0,1234.5,0.5
0,45400,5234.5,intrinsic_floor,4500,,,734.0,734.5,0.5
0,45700,5233.5,intrinsic_floor,4500,,,733.0,733.5,0.5
0,46000,5234.5,intrinsic_floor,4500,,,734.0,734.5,0.5
0,46100,5235.5,intrinsic_floor,4500,,,735.0,735.5,0.5
0,46700,5240.5,intrinsic_floor,4500,,,740.0,740.5,0.5
0,47500,5236.5,intrinsic_floor,4500,,,736.0,736.5,0.5
0,47700,5236.5,intrinsic_floor,4500,,,736.0,736.5,0.5
0,47900,5236.5,intrinsic_floor,4500,,,736.0,736.5,0.5
0,49100,5233.5,intrinsic_floor,4500,,,733.0,733.5,0.5
0,49500,5235.5,intrinsic_floor,4500,,,735.0,735.5,0.5
0,49800,5236.5,intrinsic_floor,4500,,,736.0,736.5,0.5
0,50100,5239.5,intrinsic_floor,4500,,,739.0,739.5,0.5
0,50300,5239.5,intrinsic_floor,4500,,,739.0,739.5,0.5
0,51000,5240.5,intrinsic_floor,4500,,,740.0,740.5,0.5
0,51100,5241.5,intrinsic_floor,4500,,,741.0,741.5,0.5
0,51800,5239.5,intrinsic_floor,4500,,,739.0,739.5,0.5
0,52600,5240.5,intrinsic_floor,4500,,,740.0,740.5,0.5
0,53200,5235.5,intrinsic_floor,4500,,,735.0,735.5,0.5
0,53300,5236.5,intrinsic_floor,4500,,,736.0,736.5,0.5
0,53700,5236.5,intrinsic_floor,4500,,,736.0,736.5,0.5
0,54700,5239.5,intrinsic_floor,4500,,,739.0,739.5,0.5
0,55300,5238.5,intrinsic_floor,4500,,,738.0,738.5,0.5
0,56000,5242.0,intrinsic_floor,4000,,,1241.5,1242.0,0.5
0,56100,5242.5,intrinsic_floor,4500,,,742.0,742.5,0.5
0,56300,5245.5,intrinsic_floor,4500,,,745.0,745.5,0.5
0,56400,5246.5,intrinsic_floor,4500,,,746.0,746.5,0.5
0,56600,5244.5,intrinsic_floor,4500,,,744.0,744.5,0.5
0,56700,5244.5,intrinsic_floor,4000,,,1243.5,1244.5,1.0
0,56700,5244.5,intrinsic_floor,4500,,,744.0,744.5,0.5
0,56800,5244.5,intrinsic_floor,4500,,,744.0,744.5,0.5
0,57000,5245.5,intrinsic_floor,4500,,,745.0,745.5,0.5
0,57800,5244.5,intrinsic_floor,4000,,,1243.5,1244.5,1.0
0,57800,5244.5,intrinsic_floor,4500,,,743.0,744.5,1.5
0,58000,5244.5,intrinsic_floor,4000,,,1243.5,1244.5,1.0
0,58000,5244.5,intrinsic_floor,4500,,,744.0,744.5,0.5
0,58300,5244.5,intrinsic_floor,4500,,,744.0,744.5,0.5
0,58500,5242.5,intrinsic_floor,4500,,,742.0,742.5,0.5
0,58600,5241.5,intrinsic_floor,4500,,,741.0,741.5,0.5
0,58900,5243.5,intrinsic_floor,4000,,,1242.5,1243.5,1.0
0,58900,5243.5,intrinsic_floor,4500,,,742.0,743.5,1.5
0,59000,5244.5,intrinsic_floor,4000,,,1243.0,1244.5,1.5
0,59000,5244.5,intrinsic_floor,4500,,,743.0,744.5,1.5
0,59300,5244.5,intrinsic_floor,4500,,,744.0,744.5,0.5
0,59500,5245.5,intrinsic_floor,4500,,,745.0,745.5,0.5
0,59800,5244.5,intrinsic_floor,4500,,,744.0,744.5,0.5
0,59900,5243.5,intrinsic_floor,4500,,,743.0,743.5,0.5
0,60000,5244.5,intrinsic_floor,4000,,,1243.5,1244.5,1.0
0,60000,5244.5,intrinsic_floor,4500,,,743.0,744.5,1.5
0,60300,5245.5,intrinsic_floor,4500,,,745.0,745.5,0.5
0,60500,5247.0,intrinsic_floor,4000,,,1245.5,1247.0,1.5
0,60500,5247.0,intrinsic_floor,4500,,,746.0,747.0,1.0
0,60600,5243.5,intrinsic_floor,4500,,,743.0,743.5,0.5
0,60700,5241.5,intrinsic_floor,4500,,,741.0,741.5,0.5
0,60800,5241.5,intrinsic_floor,4500,,,741.0,741.5,0.5
0,60900,5241.5,intrinsic_floor,4500,,,741.0,741.5,0.5
0,61300,5241.5,intrinsic_floor,4500,,,741.0,741.5,0.5
0,61400,5239.5,intrinsic_floor,4500,,,739.0,739.5,0.5
0,61600,5240.5,intrinsic_floor,4000,,,1239.5,1240.5,1.0
0,61600,5240.5,intrinsic_floor,4500,,,739.5,740.5,1.0
0,61900,5239.5,intrinsic_floor,4500,,,739.0,739.5,0.5
0,62300,5238.5,intrinsic_floor,4500,,,738.0,738.5,0.5
0,62400,5239.5,intrinsic_floor,4500,,,739.0,739.5,0.5
0,63200,5240.5,intrinsic_floor,4500,,,740.0,740.5,0.5
0,63300,5240.5,intrinsic_floor,4500,,,740.0,740.5,0.5
0,63500,5237.5,intrinsic_floor,4500,,,737.0,737.5,0.5
0,63900,5240.5,intrinsic_floor,4500,,,740.0,740.5,0.5
0,64000,5241.5,intrinsic_floor,4500,,,741.0,741.5,0.5
0,64100,5240.5,intrinsic_floor,4000,,,1239.5,1240.5,1.0
0,64100,5240.5,intrinsic_floor,4500,,,740.0,740.5,0.5
0,65100,5234.5,intrinsic_floor,4000,,,1233.0,1234.5,1.5
0,65100,5234.5,intrinsic_floor,4500,,,733.0,734.5,1.5
0,65200,5232.5,intrinsic_floor,4500,,,732.0,732.5,0.5
0,65600,5235.5,intrinsic_floor,4500,,,735.0,735.5,0.5
0,66400,5237.5,intrinsic_floor,4500,,,737.0,737.5,0.5
0,66900,5239.5,intrinsic_floor,4500,,,739.0,739.5,0.5
0,67000,5238.5,intrinsic_floor,4500,,,738.0,738.5,0.5
0,68100,5233.5,intrinsic_floor,4500,,,733.0,733.5,0.5
0,68400,5232.5,intrinsic_floor,4000,,,1227.0,1232.5,5.5
0,68400,5232.5,intrinsic_floor,4500,,,728.5,732.5,4.0
0,68600,5235.5,intrinsic_floor,4500,,,735.0,735.5,0.5
0,68800,5237.5,intrinsic_floor,4500,,,737.0,737.5,0.5
0,69000,5239.5,intrinsic_floor,4500,,,739.0,739.5,0.5
0,69200,5240.5,intrinsic_floor,4000,,,1239.5,1240.5,1.0
0,69200,5240.5,intrinsic_floor,4500,,,740.0,740.5,0.5
0,69500,5241.5,intrinsic_floor,4000,,,1236.0,1241.5,5.5
0,69500,5241.5,intrinsic_floor,4500,,,737.5,741.5,4.0
0,69600,5242.5,intrinsic_floor,4500,,,742.0,742.5,0.5
0,70100,5240.5,intrinsic_floor,4500,,,740.0,740.5,0.5
0,70300,5239.5,intrinsic_floor,4500,,,739.0,739.5,0.5
0,70800,5240.5,intrinsic_floor,4500,,,740.0,740.5,0.5
0,70900,5240.5,intrinsic_floor,4000,,,1239.0,1240.5,1.5
0,70900,5240.5,intrinsic_floor,4500,,,739.0,740.5,1.5
0,71200,5242.5,intrinsic_floor,4500,,,742.0,742.5,0.5
0,71600,5242.5,intrinsic_floor,4500,,,742.0,742.5,0.5
0,71700,5242.5,intrinsic_floor,4500,,,742.0,742.5,0.5
0,72100,5243.5,intrinsic_floor,4500,,,743.0,743.5,0.5
0,72300,5242.5,intrinsic_floor,4500,,,742.0,742.5,0.5
0,72400,5243.5,intrinsic_floor,4500,,,743.0,743.5,0.5
0,72500,5243.5,intrinsic_floor,4500,,,743.0,743.5,0.5
0,72600,5243.5,intrinsic_floor,4500,,,743.0,743.5,0.5
0,72900,5245.5,intrinsic_floor,4500,,,745.0,745.5,0.5
0,73100,5244.0,intrinsic_floor,4000,,,1243.5,1244.0,0.5
0,73300,5245.5,intrinsic_floor,4500,,,745.0,745.5,0.5
0,73600,5246.5,intrinsic_floor,4500,,,746.0,746.5,0.5
0,73700,5245.5,intrinsic_floor,4500,,,745.0,745.5,0.5
0,73900,5244.5,intrinsic_floor,4500,,,744.0,744.5,0.5
0,74400,5244.5,intrinsic_floor,4500,,,744.0,744.5,0.5
0,74500,5243.5,intrinsic_floor,4500,,,743.0,743.5,0.5
0,74800,5241.5,intrinsic_floor,4500,,,741.0,741.5,0.5
0,74900,5241.5,intrinsic_floor,4500,,,741.0,741.5,0.5
0,75000,5242.5,intrinsic_floor,4500,,,742.0,742.5,0.5
0,75300,5242.5,intrinsic_floor,4500,,,742.0,742.5,0.5
0,75400,5241.5,intrinsic_floor,4500,,,741.0,741.5,0.5
0,75600,5241.5,intrinsic_floor,4500,,,741.0,741.5,0.5
0,75700,5242.5,intrinsic_floor,4500,,,742.0,742.5,0.5
0,76000,5240.5,intrinsic_floor,4500,,,740.0,740.5,0.5
0,76400,5245.5,intrinsic_floor,4500,,,745.0,745.5,0.5
0,76500,5244.5,intrinsic_floor,4500,,,744.0,744.5,0.5
0,76700,5244.5,intrinsic_floor,4500,,,744.0,744.5,0.5
0,77100,5243.5,intrinsic_floor,4500,,,743.0,743.5,0.5
0,77800,5244.5,intrinsic_floor,4500,,,744.0,744.5,0.5
0,77900,5244.5,intrinsic_floor,4500,,,744.0,744.5,0.5
0,78100,5246.0,intrinsic_floor,4000,,,1244.5,1246.0,1.5
0,78100,5246.0,intrinsic_floor,4500,,,745.0,746.0,1.0
0,78200,5244.5,intrinsic_floor,4500,,,744.0,744.5,0.5
0,78400,5244.0,intrinsic_floor,4000,,,1243.5,1244.0,0.5
0,78500,5246.5,intrinsic_floor,4500,,,746.0,746.5,0.5
0,78700,5246.5,intrinsic_floor,4500,,,746.0,746.5,0.5
0,79300,5247.0,intrinsic_floor,4000,,,1246.5,1247.0,0.5
0,79700,5250.5,intrinsic_floor,4500,,,750.0,750.5,0.5
0,79800,5249.5,intrinsic_floor,4500,,,749.0,749.5,0.5
0,79900,5250.5,intrinsic_floor,4500,,,750.0,750.5,0.5
0,80000,5249.5,intrinsic_floor,4500,,,749.0,749.5,0.5
0,80500,5250.5,intrinsic_floor,4500,,,750.0,750.5,0.5
0,80700,5252.5,intrinsic_floor,4500,,,752.0,752.5,0.5
0,80900,5251.5,intrinsic_floor,4500,,,751.0,751.5,0.5
0,81100,5253.5,intrinsic_floor,4500,,,753.0,753.5,0.5
0,81400,5253.5,intrinsic_floor,4500,,,753.0,753.5,0.5
0,81900,5252.5,intrinsic_floor,4500,,,752.0,752.5,0.5
0,82000,5252.5,intrinsic_floor,4500,,,752.0,752.5,0.5
0,82100,5252.0,intrinsic_floor,4000,,,1251.5,1252.0,0.5
0,82200,5251.0,intrinsic_floor,4000,,,1250.5,1251.0,0.5
0,82300,5250.5,intrinsic_floor,4500,,,750.0,750.5,0.5
0,82900,5248.5,intrinsic_floor,4500,,,748.0,748.5,0.5
0,83000,5248.5,intrinsic_floor,4500,,,748.0,748.5,0.5
0,83200,5248.5,intrinsic_floor,4500,,,748.0,748.5,0.5
0,83300,5248.0,intrinsic_floor,4000,,,1247.5,1248.0,0.5
0,83600,5246.5,intrinsic_floor,4500,,,746.0,746.5,0.5
0,83700,5246.0,intrinsic_floor,4000,,,1245.5,1246.0,0.5
0,83800,5247.0,intrinsic_floor,4000,,,1246.5,1247.0,0.5
0,83900,5246.0,intrinsic_floor,4000,,,1245.5,1246.0,0.5
0,84100,5246.5,intrinsic_floor,4500,,,746.0,746.5,0.5
0,84200,5245.5,intrinsic_floor,4500,,,745.0,745.5,0.5
0,84600,5243.5,intrinsic_floor,4500,,,743.0,743.5,0.5
0,84900,5244.5,intrinsic_floor,4500,,,744.0,744.5,0.5
0,85000,5244.5,intrinsic_floor,4000,,,1243.5,1244.5,1.0
0,85000,5244.5,intrinsic_floor,4500,,,743.0,744.5,1.5
0,85300,5242.5,intrinsic_floor,4500,,,742.0,742.5,0.5
0,85400,5241.5,intrinsic_floor,4500,,,741.0,741.5,0.5
0,85500,5240.5,intrinsic_floor,4500,,,740.0,740.5,0.5
0,85600,5240.5,intrinsic_floor,4500,,,740.0,740.5,0.5
0,86100,5241.5,intrinsic_floor,4000,,,1240.0,1241.5,1.5
0,86100,5241.5,intrinsic_floor,4500,,,740.0,741.5,1.5
0,86600,5241.5,intrinsic_floor,4500,,,741.0,741.5,0.5
0,86700,5241.5,intrinsic_floor,4500,,,741.0,741.5,0.5
0,86800,5242.5,intrinsic_floor,4500,,,742.0,742.5,0.5
0,86900,5242.5,intrinsic_floor,4500,,,742.0,742.5,0.5
0,87400,5240.5,intrinsic_floor,4000,,,1235.0,1240.5,5.5
0,87400,5240.5,intrinsic_floor,4500,,,736.5,740.5,4.0
0,87500,5239.5,intrinsic_floor,4500,,,739.0,739.5,0.5
0,87900,5234.5,intrinsic_floor,4000,,,1234.0,1234.5,0.5
0,87900,5234.5,intrinsic_floor,4500,,,734.0,734.5,0.5
0,88000,5236.5,intrinsic_floor,4500,,,736.0,736.5,0.5
0,88900,5236.5,intrinsic_floor,4000,,,1231.5,1236.5,5.0
0,88900,5236.5,intrinsic_floor,4500,,,732.5,736.5,4.0
0,90300,5236.5,intrinsic_floor,4500,,,736.0,736.5,0.5
0,90700,5236.5,intrinsic_floor,4500,,,736.0,736.5,0.5
0,91100,5236.5,intrinsic_floor,4500,,,736.0,736.5,0.5
0,91200,5237.5,intrinsic_floor,4500,,,737.0,737.5,0.5
0,91300,5236.0,intrinsic_floor,4000,,,1235.0,1236.0,1.0
0,91300,5236.0,intrinsic_floor,4500,,,735.0,736.0,1.0
0,91900,5233.0,intrinsic_floor,4000,,,1232.0,1233.0,1.0
0,91900,5233.0,intrinsic_floor,4500,,,732.0,733.0,1.0
0,92600,5230.5,intrinsic_floor,4000,,,1229.5,1230.5,1.0
0,92600,5230.5,intrinsic_floor,4500,,,730.0,730.5,0.5
0,92800,5229.5,intrinsic_floor,4500,,,729.0,729.5,0.5
0,94500,5235.5,intrinsic_floor,4500,,,735.0,735.5,0.5
0,94600,5236.5,intrinsic_floor,4000,,,1235.5,1236.5,1.0
0,94600,5236.5,intrinsic_floor,4500,,,735.0,736.5,1.5
0,94700,5234.5,intrinsic_floor,4500,,,734.0,734.5,0.5
0,94800,5235.5,intrinsic_floor,4500,,,735.0,735.5,0.5
0,95000,5233.5,intrinsic_floor,4500,,,733.0,733.5,0.5
0,95500,5236.5,intrinsic_floor,4500,,,736.0,736.5,0.5
0,95600,5237.5,intrinsic_floor,4000,,,1236.0,1237.5,1.5
0,95600,5237.5,intrinsic_floor,4500,,,736.0,737.5,1.5
0,95700,5236.5,intrinsic_floor,4500,,,736.0,736.5,0.5
0,95800,5238.5,intrinsic_floor,4000,,,1237.0,1238.5,1.5
0,95800,5238.5,intrinsic_floor,4500,,,737.0,738.5,1.5
0,96000,5238.5,intrinsic_floor,4500,,,738.0,738.5,0.5
0,96200,5238.5,intrinsic_floor,4500,,,738.0,738.5,0.5
0,96300,5237.5,intrinsic_floor,4500,,,737.0,737.5,0.5
0,96400,5237.5,intrinsic_floor,4500,,,737.0,737.5,0.5
0,96700,5239.5,intrinsic_floor,4000,,,1238.5,1239.5,1.0
0,96700,5239.5,intrinsic_floor,4500,,,738.0,739.5,1.5
0,97000,5238.5,intrinsic_floor,4500,,,738.0,738.5,0.5
0,97900,5235.5,intrinsic_floor,4500,,,735.0,735.5,0.5
0,98100,5235.5,intrinsic_floor,4000,,,1234.5,1235.5,1.0
0,98100,5235.5,intrinsic_floor,4500,,,734.5,735.5,1.0
0,98500,5237.5,intrinsic_floor,4500,,,737.0,737.5,0.5
0,98700,5240.5,intrinsic_floor,4500,,,740.0,740.5,0.5
0,98800,5240.5,intrinsic_floor,4500,,,740.0,740.5,0.5
0,98900,5241.5,intrinsic_floor,4500,,,741.0,741.5,0.5
0,99100,5240.5,intrinsic_floor,4500,,,740.0,740.5,0.5
0,99300,5241.0,intrinsic_floor,4000,,,1240.5,1241.0,0.5
0,99400,5241.5,intrinsic_floor,4500,,,741.0,741.5,0.5
0,99500,5242.5,intrinsic_floor,4500,,,742.0,742.5,0.5
0,100400,5238.5,intrinsic_floor,4500,,,738.0,738.5,0.5
0,100500,5238.5,intrinsic_floor,4000,,,1237.5,1238.5,1.0
0,100500,5238.5,intrinsic_floor,4500,,,737.5,738.5,1.0
0,101500,5237.5,intrinsic_floor,4500,,,737.0,737.5,0.5
0,101800,5238.5,intrinsic_floor,4500,,,738.0,738.5,0.5
0,102400,5240.5,intrinsic_floor,4500,,,740.0,740.5,0.5
0,102500,5241.5,intrinsic_floor,4500,,,741.0,741.5,0.5
0,103000,5238.5,intrinsic_floor,4500,,,738.0,738.5,0.5
0,103700,5235.5,intrinsic_floor,4500,,,735.0,735.5,0.5
0,103800,5235.5,intrinsic_floor,4500,,,735.0,735.5,0.5
0,104000,5235.5,intrinsic_floor,4500,,,735.0,735.5,0.5
0,104100,5234.5,intrinsic_floor,4500,,,734.0,734.5,0.5
0,104500,5232.5,intrinsic_floor,4500,,,732.0,732.5,0.5
0,105000,5233.5,intrinsic_floor,4500,,,733.0,733.5,0.5
0,105100,5234.5,intrinsic_floor,4500,,,734.0,734.5,0.5
0,105400,5234.5,intrinsic_floor,4500,,,734.0,734.5,0.5
0,105500,5235.5,intrinsic_floor,4500,,,735.0,735.5,0.5
0,106800,5234.5,intrinsic_floor,4500,,,734.0,734.5,0.5
0,107200,5234.5,intrinsic_floor,4000,,,1233.5,1234.5,1.0
0,107200,5234.5,intrinsic_floor,4500,,,733.0,734.5,1.5
0,107300,5232.5,intrinsic_floor,4500,,,732.0,732.5,0.5
0,108500,5228.5,intrinsic_floor,4000,,,1228.0,1228.5,0.5
0,108500,5228.5,intrinsic_floor,4500,,,728.0,728.5,0.5
0,108900,5228.5,intrinsic_floor,4000,,,1228.0,1228.5,0.5
0,108900,5228.5,intrinsic_floor,4500,,,728.0,728.5,0.5
0,109700,5224.5,intrinsic_floor,4000,,,1219.5,1224.5,5.0
0,109700,5224.5,intrinsic_floor,4500,,,720.5,724.5,4.0
0,110200,5225.5,intrinsic_floor,4000,,,1225.0,1225.5,0.5
0,110200,5225.5,intrinsic_floor,4500,,,725.0,725.5,0.5
0,110600,5225.5,intrinsic_floor,4000,,,1220.0,1225.5,5.5
0,110600,5225.5,intrinsic_floor,4500,,,721.0,725.5,4.5
0,111400,5224.5,intrinsic_floor,4000,,,1224.0,1224.5,0.5
0,111400,5224.5,intrinsic_floor,4500,,,724.0,724.5,0.5
0,112500,5222.5,intrinsic_floor,4000,,,1222.0,1222.5,0.5
0,112500,5222.5,intrinsic_floor,4500,,,722.0,722.5,0.5
0,113100,5221.5,intrinsic_floor,4000,,,1221.0,1221.5,0.5
0,113100,5221.5,intrinsic_floor,4500,,,721.0,721.5,0.5
0,113800,5220.5,intrinsic_floor,4000,,,1220.0,1220.5,0.5
0,113800,5220.5,intrinsic_floor,4500,,,720.0,720.5,0.5
0,115000,5221.5,intrinsic_floor,4000,,,1221.0,1221.5,0.5
0,115000,5221.5,intrinsic_floor,4500,,,721.0,721.5,0.5
0,115400,5220.5,intrinsic_floor,4000,,,1220.0,1220.5,0.5
0,115400,5220.5,intrinsic_floor,4500,,,720.0,720.5,0.5
0,115900,5216.5,intrinsic_floor,4000,,,1216.0,1216.5,0.5
0,116100,5217.5,intrinsic_floor,4000,,,1217.0,1217.5,0.5
0,116300,5217.5,intrinsic_floor,4000,,,1217.0,1217.5,0.5
0,116300,5217.5,intrinsic_floor,4500,,,717.0,717.5,0.5
0,116400,5218.5,intrinsic_floor,4000,,,1218.0,1218.5,0.5
0,116400,5218.5,intrinsic_floor,4500,,,718.0,718.5,0.5
0,117700,5220.5,intrinsic_floor,4000,,,1220.0,1220.5,0.5
0,118100,5220.5,intrinsic_floor,4000,,,1220.0,1220.5,0.5
0,118100,5220.5,intrinsic_floor,4500,,,720.0,720.5,0.5
0,118500,5221.5,intrinsic_floor,4000,,,1221.0,1221.5,0.5
0,118500,5221.5,intrinsic_floor,4500,,,721.0,721.5,0.5
0,118900,5221.5,intrinsic_floor,4000,,,1221.0,1221.5,0.5
0,118900,5221.5,intrinsic_floor,4500,,,721.0,721.5,0.5
0,119800,5222.5,intrinsic_floor,4000,,,1222.0,1222.5,0.5
0,119800,5222.5,intrinsic_floor,4500,,,722.0,722.5,0.5
0,120100,5223.0,intrinsic_floor,4000,,,1221.5,1223.0,1.5
0,120100,5223.0,intrinsic_floor,4500,,,721.5,723.0,1.5
0,121400,5221.5,intrinsic_floor,4000,,,1221.0,1221.5,0.5
0,121400,5221.5,intrinsic_floor,4500,,,721.0,721.5,0.5
0,122100,5230.5,intrinsic_floor,4500,,,730.0,730.5,0.5
0,122400,5231.5,intrinsic_floor,4500,,,731.0,731.5,0.5
0,122700,5231.5,intrinsic_floor,4500,,,731.0,731.5,0.5
0,123200,5232.5,intrinsic_floor,4500,,,732.0,732.5,0.5
0,123400,5232.5,intrinsic_floor,4500,,,732.0,732.5,0.5
0,123700,5229.5,intrinsic_floor,4000,,,1229.0,1229.5,0.5
0,123700,5229.5,intrinsic_floor,4500,,,729.0,729.5,0.5
0,123800,5230.5,intrinsic_floor,4000,,,1230.0,1230.5,0.5
0,123800,5230.5,intrinsic_floor,4500,,,730.0,730.5,0.5
0,124100,5230.5,intrinsic_floor,4500,,,730.0,730.5,0.5
0,124500,5231.5,intrinsic_floor,4500,,,731.0,731.5,0.5
0,125200,5236.5,intrinsic_floor,4000,,,1235.5,1236.5,1.0
0,125200,5236.5,intrinsic_floor,4500,,,735.0,736.5,1.5
0,125700,5236.5,intrinsic_floor,4000,,,1231.0,1236.5,5.5
0,125700,5236.5,intrinsic_floor,4500,,,732.0,736.5,4.5
0,125800,5236.5,intrinsic_floor,4500,,,736.0,736.5,0.5
0,125900,5237.5,intrinsic_floor,4500,,,737.0,737.5,0.5
0,126300,5239.5,intrinsic_floor,4500,,,739.0,739.5,0.5
0,126600,5239.5,intrinsic_floor,4500,,,739.0,739.5,0.5
0,126700,5239.5,intrinsic_floor,4500,,,739.0,739.5,0.5
0,127400,5240.5,intrinsic_floor,4500,,,740.0,740.5,0.5
0,127500,5238.5,intrinsic_floor,4500,,,738.0,738.5,0.5
0,127800,5239.5,intrinsic_floor,4500,,,739.0,739.5,0.5
0,127900,5240.5,intrinsic_floor,4500,,,740.0,740.5,0.5
0,128000,5240.5,intrinsic_floor,4500,,,740.0,740.5,0.5
0,128100,5241.5,intrinsic_floor,4500,,,741.0,741.5,0.5
0,128200,5241.5,intrinsic_floor,4500,,,741.0,741.5,0.5
0,128400,5242.5,intrinsic_floor,4500,,,742.0,742.5,0.5
0,128500,5241.5,intrinsic_floor,4500,,,741.0,741.5,0.5
0,128700,5242.5,intrinsic_floor,4500,,,742.0,742.5,0.5
0,128900,5243.5,intrinsic_floor,4500,,,743.0,743.5,0.5
0,129000,5243.5,intrinsic_floor,4500,,,743.0,743.5,0.5
0,129300,5241.5,intrinsic_floor,4500,,,741.0,741.5,0.5
0,129400,5240.5,intrinsic_floor,4500,,,740.0,740.5,0.5
0,129600,5240.5,intrinsic_floor,4500,,,740.0,740.5,0.5
0,130100,5241.5,intrinsic_floor,4500,,,741.0,741.5,0.5
0,130200,5241.5,intrinsic_floor,4500,,,741.0,741.5,0.5
0,130300,5241.5,intrinsic_floor,4500,,,741.0,741.5,0.5
0,130900,5240.5,intrinsic_floor,4500,,,740.0,740.5,0.5
0,131000,5238.5,intrinsic_floor,4500,,,738.0,738.5,0.5
0,131300,5238.5,intrinsic_floor,4500,,,738.0,738.5,0.5
0,131800,5239.5,intrinsic_floor,4500,,,739.0,739.5,0.5
0,132000,5241.5,intrinsic_floor,4500,,,741.0,741.5,0.5
0,132100,5244.5,intrinsic_floor,4000,,,1243.5,1244.5,1.0
0,132100,5244.5,intrinsic_floor,4500,,,743.0,744.5,1.5
0,132700,5244.5,intrinsic_floor,4500,,,744.0,744.5,0.5
0,132800,5246.0,intrinsic_floor,4000,,,1244.5,1246.0,1.5
0,132800,5246.0,intrinsic_floor,4500,,,745.0,746.0,1.0
0,132900,5243.5,intrinsic_floor,4500,,,743.0,743.5,0.5
0,133200,5241.5,intrinsic_floor,4500,,,741.0,741.5,0.5
0,133400,5242.5,intrinsic_floor,4500,,,742.0,742.5,0.5
0,133600,5241.5,intrinsic_floor,4500,,,741.0,741.5,0.5
0,133800,5242.5,intrinsic_floor,4500,,,742.0,742.5,0.5
0,133900,5241.5,intrinsic_floor,4500,,,741.0,741.5,0.5
0,134700,5242.0,intrinsic_floor,4000,,,1241.5,1242.0,0.5
0,135100,5239.5,intrinsic_floor,4500,,,739.0,739.5,0.5
0,136000,5236.5,intrinsic_floor,4500,,,736.0,736.5,0.5
0,136100,5235.5,intrinsic_floor,4500,,,735.0,735.5,0.5
0,136200,5236.5,intrinsic_floor,4500,,,736.0,736.5,0.5
0,136400,5236.5,intrinsic_floor,4500,,,736.0,736.5,0.5
0,136600,5236.5,intrinsic_floor,4500,,,736.0,736.5,0.5
0,136900,5235.5,intrinsic_floor,4000,,,1234.5,1235.5,1.0
0,136900,5235.5,intrinsic_floor,4500,,,735.0,735.5,0.5
0,137300,5233.5,intrinsic_floor,4500,,,733.0,733.5,0.5
0,137700,5228.5,intrinsic_floor,4500,,,728.0,728.5,0.5
0,138000,5227.5,intrinsic_floor,4000,,,1227.0,1227.5,0.5
0,138000,5227.5,intrinsic_floor,4500,,,727.0,727.5,0.5
0,138300,5226.5,intrinsic_floor,4500,,,726.0,726.5,0.5
0,138600,5229.5,intrinsic_floor,4000,,,1228.0,1229.5,1.5
0,138600,5229.5,intrinsic_floor,4500,,,728.0,729.5,1.5
0,138700,5229.5,intrinsic_floor,4500,,,729.0,729.5,0.5
0,138800,5228.5,intrinsic_floor,4500,,,728.0,728.5,0.5
0,139100,5227.5,intrinsic_floor,4000,,,1227.0,1227.5,0.5
0,139100,5227.5,intrinsic_floor,4500,,,727.0,727.5,0.5
0,139200,5227.5,intrinsic_floor,4000,,,1227.0,1227.5,0.5
0,139200,5227.5,intrinsic_floor,4500,,,727.0,727.5,0.5
0,139400,5226.5,intrinsic_floor,4500,,,726.0,726.5,0.5
0,139600,5227.5,intrinsic_floor,4000,,,1226.0,1227.5,1.5
0,139600,5227.5,intrinsic_floor,4500,,,726.0,727.5,1.5
0,139800,5227.5,intrinsic_floor,4000,,,1226.5,1227.5,1.0
0,139800,5227.5,intrinsic_floor,4500,,,726.5,727.5,1.0
0,140000,5227.5,intrinsic_floor,4500,,,727.0,727.5,0.5
0,140700,5230.5,intrinsic_floor,4500,,,730.0,730.5,0.5
0,140900,5232.5,intrinsic_floor,4500,,,732.0,732.5,0.5
0,141100,5233.5,intrinsic_floor,4500,,,733.0,733.5,0.5
0,141800,5232.5,intrinsic_floor,4500,,,732.0,732.5,0.5
0,141900,5233.5,intrinsic_floor,4500,,,733.0,733.5,0.5
0,142100,5233.5,intrinsic_floor,4500,,,733.0,733.5,0.5
0,142200,5233.5,intrinsic_floor,4500,,,733.0,733.5,0.5
0,142300,5233.5,intrinsic_floor,4000,,,1233.0,1233.5,0.5
0,142300,5233.5,intrinsic_floor,4500,,,733.0,733.5,0.5
0,142400,5233.5,intrinsic_floor,4500,,,733.0,733.5,0.5
0,143700,5229.5,intrinsic_floor,4000,,,1229.0,1229.5,0.5
0,143700,5229.5,intrinsic_floor,4500,,,729.0,729.5,0.5
0,144100,5229.5,intrinsic_floor,4500,,,729.0,729.5,0.5
0,144600,5228.5,intrinsic_floor,4500,,,728.0,728.5,0.5
0,144800,5228.5,intrinsic_floor,4000,,,1227.5,1228.5,1.0
0,144800,5228.5,intrinsic_floor,4500,,,727.5,728.5,1.0
0,144900,5227.5,intrinsic_floor,4500,,,727.0,727.5,0.5
0,145400,5229.5,intrinsic_floor,4000,,,1229.0,1229.5,0.5
0,145400,5229.5,intrinsic_floor,4500,,,729.0,729.5,0.5
0,146000,5226.5,intrinsic_floor,4000,,,1225.0,1226.5,1.5
0,146000,5226.5,intrinsic_floor,4500,,,725.0,726.5,1.5
0,146200,5226.5,intrinsic_floor,4500,,,726.0,726.5,0.5
0,146900,5229.5,intrinsic_floor,4000,,,1229.0,1229.5,0.5
0,146900,5229.5,intrinsic_floor,4500,,,729.0,729.5,0.5
0,148000,5225.5,intrinsic_floor,4500,,,725.0,725.5,0.5
0,148100,5225.5,intrinsic_floor,4500,,,725.0,725.5,0.5
0,150900,5230.5,intrinsic_floor,4500,,,730.0,730.5,0.5
0,151000,5231.5,intrinsic_floor,4500,,,731.0,731.5,0.5
0,151300,5231.5,intrinsic_floor,4000,,,1231.0,1231.5,0.5
0,151300,5231.5,intrinsic_floor,4500,,,731.0,731.5,0.5
0,151400,5232.5,intrinsic_floor,4000,,,1231.5,1232.5,1.0
0,151400,5232.5,intrinsic_floor,4500,,,731.5,732.5,1.0
0,151600,5232.5,intrinsic_floor,4500,,,732.0,732.5,0.5
0,152000,5233.5,intrinsic_floor,4500,,,733.0,733.5,0.5
0,152300,5233.5,intrinsic_floor,4500,,,733.0,733.5,0.5
0,153900,5236.5,intrinsic_floor,4500,,,736.0,736.5,0.5
0,154000,5237.5,intrinsic_floor,4500,,,737.0,737.5,0.5
0,154500,5239.5,intrinsic_floor,4500,,,739.0,739.5,0.5
0,154800,5240.5,intrinsic_floor,4500,,,740.0,740.5,0.5
0,155000,5241.5,intrinsic_floor,4500,,,741.0,741.5,0.5
0,155100,5241.5,intrinsic_floor,4500,,,741.0,741.5,0.5
0,156200,5242.0,intrinsic_floor,4000,,,1240.5,1242.0,1.5
0,156200,5242.0,intrinsic_floor,4500,,,741.0,742.0,1.0
0,156400,5241.5,intrinsic_floor,4000,,,1240.5,1241.5,1.0
0,156400,5241.5,intrinsic_floor,4500,,,740.0,741.5,1.5
0,156500,5242.5,intrinsic_floor,4500,,,742.0,742.5,0.5
0,156700,5243.5,intrinsic_floor,4000,,,1242.5,1243.5,1.0
0,156700,5243.5,intrinsic_floor,4500,,,742.0,743.5,1.5
0,157000,5243.5,intrinsic_floor,4500,,,743.0,743.5,0.5
0,157100,5242.5,intrinsic_floor,4500,,,742.0,742.5,0.5
0,157400,5243.5,intrinsic_floor,4000,,,1237.0,1243.5,6.5
0,157400,5243.5,intrinsic_floor,4500,,,738.5,743.5,5.0
0,157900,5245.5,intrinsic_floor,4500,,,745.0,745.5,0.5
0,158000,5245.5,intrinsic_floor,4500,,,745.0,745.5,0.5
0,158100,5245.5,intrinsic_floor,4500,,,745.0,745.5,0.5
0,158600,5244.5,intrinsic_floor,4500,,,744.0,744.5,0.5
0,158800,5246.5,intrinsic_floor,4500,,,746.0,746.5,0.5
0,158900,5246.5,intrinsic_floor,4500,,,746.0,746.5,0.5
0,159100,5248.0,intrinsic_floor,4000,,,1247.5,1248.0,0.5
0,159200,5249.5,intrinsic_floor,4500,,,749.0,749.5,0.5
0,159300,5249.0,intrinsic_floor,4000,,,1248.5,1249.0,0.5
0,159800,5249.5,intrinsic_floor,4500,,,749.0,749.5,0.5
0,159900,5250.0,intrinsic_floor,4000,,,1249.5,1250.0,0.5
0,160600,5251.0,intrinsic_floor,4000,,,1250.5,1251.0,0.5
0,160700,5252.5,intrinsic_floor,4500,,,752.0,752.5,0.5
0,160800,5251.5,intrinsic_floor,4000,,,1246.0,1251.5,5.5
0,160800,5251.5,intrinsic_floor,4500,,,747.5,751.5,4.0
0,161000,5249.5,intrinsic_floor,4500,,,749.0,749.5,0.5
0,161200,5249.5,intrinsic_floor,4500,,,749.0,749.5,0.5
0,161300,5250.0,intrinsic_floor,4000,,,1249.5,1250.0,0.5
0,161700,5249.5,intrinsic_floor,4500,,,749.0,749.5,0.5
0,161900,5251.5,intrinsic_floor,4000,,,1250.5,1251.5,1.0
0,161900,5251.5,intrinsic_floor,4500,,,750.0,751.5,1.5
0,162000,5251.0,intrinsic_floor,4000,,,1250.5,1251.0,0.5
0,162300,5251.5,intrinsic_floor,4500,,,751.0,751.5,0.5
0,162400,5252.5,intrinsic_floor,4500,,,752.0,752.5,0.5
0,162500,5252.5,intrinsic_floor,4500,,,752.0,752.5,0.5
0,162700,5251.5,intrinsic_floor,4500,,,751.0,751.5,0.5
0,162800,5251.0,intrinsic_floor,4000,,,1250.5,1251.0,0.5
0,163100,5252.5,intrinsic_floor,4500,,,752.0,752.5,0.5
0,163200,5254.5,intrinsic_floor,4500,,,754.0,754.5,0.5
0,163300,5254.5,intrinsic_floor,4500,,,754.0,754.5,0.5
0,163400,5255.5,intrinsic_floor,4500,,,755.0,755.5,0.5
0,163500,5253.5,intrinsic_floor,4500,,,753.0,753.5,0.5
0,164000,5251.5,intrinsic_floor,4500,,,751.0,751.5,0.5
0,164100,5251.5,intrinsic_floor,4500,,,751.0,751.5,0.5
0,164200,5250.5,intrinsic_floor,4500,,,750.0,750.5,0.5
0,164600,5251.5,intrinsic_floor,4500,,,751.0,751.5,0.5
0,164800,5249.0,intrinsic_floor,4000,,,1248.5,1249.0,0.5
0,164900,5250.5,intrinsic_floor,4500,,,750.0,750.5,0.5
0,165000,5250.5,intrinsic_floor,4500,,,750.0,750.5,0.5
0,165100,5250.5,intrinsic_floor,4500,,,750.0,750.5,0.5
0,165200,5249.5,intrinsic_floor,4500,,,749.0,749.5,0.5
0,165300,5249.5,intrinsic_floor,4000,,,1248.5,1249.5,1.0
0,165300,5249.5,intrinsic_floor,4500,,,749.0,749.5,0.5
0,165600,5248.5,intrinsic_floor,4500,,,748.0,748.5,0.5
0,165800,5250.5,intrinsic_floor,4500,,,750.0,750.5,0.5
0,165900,5252.5,intrinsic_floor,4000,,,1250.5,1252.5,2.0
0,165900,5252.5,intrinsic_floor,4500,,,751.0,752.5,1.5
0,166000,5250.0,intrinsic_floor,4000,,,1249.5,1250.0,0.5
0,166100,5250.5,intrinsic_floor,4500,,,750.0,750.5,0.5
0,166700,5250.0,intrinsic_floor,4000,,,1249.5,1250.0,0.5
0,166800,5250.0,intrinsic_floor,4000,,,1249.5,1250.0,0.5
0,167000,5248.5,intrinsic_floor,4500,,,748.0,748.5,0.5
0,167200,5250.0,intrinsic_floor,4000,,,1249.5,1250.0,0.5
0,167400,5250.5,intrinsic_floor,4500,,,750.0,750.5,0.5
0,167500,5251.0,intrinsic_floor,4000,,,1250.5,1251.0,0.5
0,167600,5251.5,intrinsic_floor,4500,,,751.0,751.5,0.5
0,167800,5252.5,intrinsic_floor,4500,,,752.0,752.5,0.5
0,168100,5249.5,intrinsic_floor,4500,,,749.0,749.5,0.5
0,168200,5249.5,intrinsic_floor,4500,,,749.0,749.5,0.5
0,168300,5248.5,intrinsic_floor,4500,,,748.0,748.5,0.5
0,168500,5250.0,intrinsic_floor,4000,,,1249.5,1250.0,0.5
0,168600,5249.5,intrinsic_floor,4500,,,749.0,749.5,0.5
0,168900,5251.5,intrinsic_floor,4500,,,751.0,751.5,0.5
0,169000,5250.5,intrinsic_floor,4500,,,750.0,750.5,0.5
0,169100,5249.5,intrinsic_floor,4500,,,749.0,749.5,0.5
0,169300,5251.5,intrinsic_floor,4500,,,751.0,751.5,0.5
0,169500,5252.5,intrinsic_floor,4500,,,752.0,752.5,0.5
0,169700,5254.5,intrinsic_floor,4500,,,754.0,754.5,0.5
0,169900,5254.5,intrinsic_floor,4000,,,1249.0,1254.5,5.5
0,169900,5254.5,intrinsic_floor,4500,,,750.5,754.5,4.0
0,170200,5254.0,intrinsic_floor,4000,,,1253.5,1254.0,0.5
0,170500,5254.0,intrinsic_floor,4000,,,1253.5,1254.0,0.5
0,170800,5253.5,intrinsic_floor,4000,,,1252.5,1253.5,1.0
0,170800,5253.5,intrinsic_floor,4500,,,752.0,753.5,1.5
0,170900,5252.5,intrinsic_floor,4500,,,752.0,752.5,0.5
0,171000,5252.5,intrinsic_floor,4500,,,752.0,752.5,0.5
0,171100,5252.5,intrinsic_floor,4500,,,752.0,752.5,0.5
0,171400,5252.5,intrinsic_floor,4500,,,752.0,752.5,0.5
0,171500,5251.5,intrinsic_floor,4500,,,751.0,751.5,0.5
0,171700,5250.5,intrinsic_floor,4500,,,750.0,750.5,0.5
0,172100,5253.5,intrinsic_floor,4500,,,753.0,753.5,0.5
0,172300,5252.5,intrinsic_floor,4500,,,752.0,752.5,0.5
0,172500,5250.5,intrinsic_floor,4500,,,750.0,750.5,0.5
0,173000,5249.5,intrinsic_floor,4500,,,749.0,749.5,0.5
0,173200,5250.5,intrinsic_floor,4500,,,750.0,750.5,0.5
0,173300,5249.0,intrinsic_floor,4000,,,1248.5,1249.0,0.5
0,173500,5250.5,intrinsic_floor,4500,,,750.0,750.5,0.5
0,173600,5249.5,intrinsic_floor,4500,,,749.0,749.5,0.5
0,173700,5247.5,intrinsic_floor,4000,,,1242.0,1247.5,5.5
0,173700,5247.5,intrinsic_floor,4500,,,743.5,747.5,4.0
0,173800,5248.5,intrinsic_floor,4500,,,748.0,748.5,0.5
0,174400,5244.5,intrinsic_floor,4500,,,744.0,744.5,0.5
0,174600,5245.0,intrinsic_floor,4000,,,1243.5,1245.0,1.5
0,174600,5245.0,intrinsic_floor,4500,,,744.0,745.0,1.0
0,174900,5243.5,intrinsic_floor,4500,,,743.0,743.5,0.5
0,175100,5243.5,intrinsic_floor,4500,,,743.0,743.5,0.5
0,175400,5244.0,intrinsic_floor,4000,,,1243.5,1244.0,0.5
0,175500,5242.5,intrinsic_floor,4500,,,742.0,742.5,0.5
0,175600,5243.0,intrinsic_floor,4000,,,1242.5,1243.0,0.5
0,175700,5243.5,intrinsic_floor,4500,,,743.0,743.5,0.5
0,176000,5241.5,intrinsic_floor,4000,,,1236.0,1241.5,5.5
0,176000,5241.5,intrinsic_floor,4500,,,737.0,741.5,4.5
0,176600,5244.5,intrinsic_floor,4000,,,1243.0,1244.5,1.5
0,176600,5244.5,intrinsic_floor,4500,,,743.0,744.5,1.5
0,177100,5243.5,intrinsic_floor,4500,,,743.0,743.5,0.5
0,177200,5243.5,intrinsic_floor,4000,,,1238.0,1243.5,5.5
0,177200,5243.5,intrinsic_floor,4500,,,739.5,743.5,4.0
0,177300,5245.0,intrinsic_floor,4000,,,1244.5,1245.0,0.5
0,177400,5244.5,intrinsic_floor,4500,,,744.0,744.5,0.5
0,177600,5239.5,intrinsic_floor,4500,,,739.0,739.5,0.5
0,177700,5240.5,intrinsic_floor,4500,,,740.0,740.5,0.5
0,178400,5237.5,intrinsic_floor,4000,,,1237.0,1237.5,0.5
0,178400,5237.5,intrinsic_floor,4500,,,737.0,737.5,0.5
0,178600,5238.5,intrinsic_floor,4500,,,738.0,738.5,0.5
0,179000,5241.5,intrinsic_floor,4500,,,741.0,741.5,0.5
0,179200,5241.5,intrinsic_floor,4500,,,741.0,741.5,0.5
0,179500,5238.5,intrinsic_floor,4500,,,738.0,738.5,0.5
0,179600,5238.5,intrinsic_floor,4500,,,738.0,738.5,0.5
0,179800,5239.5,intrinsic_floor,4000,,,1238.5,1239.5,1.0
0,179800,5239.5,intrinsic_floor,4500,,,739.0,739.5,0.5
0,180000,5238.5,intrinsic_floor,4500,,,738.0,738.5,0.5
0,180500,5237.5,intrinsic_floor,4500,,,737.0,737.5,0.5
0,180900,5236.5,intrinsic_floor,4000,,,1236.0,1236.5,0.5
0,180900,5236.5,intrinsic_floor,4500,,,736.0,736.5,0.5
0,181100,5236.5,intrinsic_floor,4500,,,736.0,736.5,0.5
0,181700,5237.0,intrinsic_floor,4000,,,1232.0,1237.0,5.0
0,181700,5237.0,intrinsic_floor,4500,,,733.0,737.0,4.0
0,182000,5237.5,intrinsic_floor,4500,,,737.0,737.5,0.5
0,182200,5239.0,intrinsic_floor,4000,,,1238.5,1239.0,0.5
0,184500,5238.5,intrinsic_floor,4500,,,738.0,738.5,0.5
0,184800,5237.5,intrinsic_floor,4500,,,737.0,737.5,0.5
0,184900,5237.5,intrinsic_floor,4000,,,1232.0,1237.5,5.5
0,184900,5237.5,intrinsic_floor,4500,,,733.5,737.5,4.0
0,185500,5239.5,intrinsic_floor,4500,,,739.0,739.5,0.5
0,185600,5239.5,intrinsic_floor,4500,,,739.0,739.5,0.5
0,186600,5239.5,intrinsic_floor,4000,,,1234.0,1239.5,5.5
0,186600,5239.5,intrinsic_floor,4500,,,735.0,739.5,4.5
0,186900,5235.5,intrinsic_floor,4500,,,735.0,735.5,0.5
0,187100,5236.5,intrinsic_floor,4500,,,736.0,736.5,0.5
0,187200,5237.5,intrinsic_floor,4500,,,737.0,737.5,0.5
0,187900,5235.5,intrinsic_floor,4500,,,735.0,735.5,0.5
0,188000,5234.5,intrinsic_floor,4500,,,734.0,734.5,0.5
0,188400,5234.5,intrinsic_floor,4500,,,734.0,734.5,0.5
0,189300,5236.5,intrinsic_floor,4500,,,736.0,736.5,0.5
0,189700,5236.5,intrinsic_floor,4500,,,736.0,736.5,0.5
0,189900,5237.5,intrinsic_floor,4000,,,1236.5,1237.5,1.0
0,189900,5237.5,intrinsic_floor,4500,,,736.5,737.5,1.0
0,190100,5237.5,intrinsic_floor,4000,,,1232.0,1237.5,5.5
0,190100,5237.5,intrinsic_floor,4500,,,733.0,737.5,4.5
0,190300,5236.5,intrinsic_floor,4500,,,736.0,736.5,0.5
0,190800,5232.5,intrinsic_floor,4500,,,732.0,732.5,0.5
0,190900,5231.5,intrinsic_floor,4500,,,731.0,731.5,0.5
0,191000,5232.5,intrinsic_floor,4000,,,1232.0,1232.5,0.5
0,191000,5232.5,intrinsic_floor,4500,,,732.0,732.5,0.5
0,191300,5232.5,intrinsic_floor,4500,,,732.0,732.5,0.5
0,191500,5229.5,intrinsic_floor,4500,,,729.0,729.5,0.5
0,192100,5235.5,intrinsic_floor,4000,,,1234.0,1235.5,1.5
0,192100,5235.5,intrinsic_floor,4500,,,734.0,735.5,1.5
0,192300,5233.5,intrinsic_floor,4500,,,733.0,733.5,0.5
0,192700,5233.5,intrinsic_floor,4000,,,1232.5,1233.5,1.0
0,192700,5233.5,intrinsic_floor,4500,,,732.0,733.5,1.5
0,192800,5233.5,intrinsic_floor,4500,,,733.0,733.5,0.5
0,193000,5230.5,intrinsic_floor,4000,,,1225.0,1230.5,5.5
0,193000,5230.5,intrinsic_floor,4500,,,726.5,730.5,4.0
0,193300,5230.5,intrinsic_floor,4500,,,730.0,730.5,0.5
0,193600,5228.5,intrinsic_floor,4000,,,1228.0,1228.5,0.5
0,193600,5228.5,intrinsic_floor,4500,,,728.0,728.5,0.5
0,193800,5229.5,intrinsic_floor,4500,,,729.0,729.5,0.5
0,194000,5230.0,intrinsic_floor,4000,,,1228.5,1230.0,1.5
0,194000,5230.0,intrinsic_floor,4500,,,729.0,730.0,1.0
0,194300,5228.5,intrinsic_floor,4500,,,728.0,728.5,0.5
0,194800,5228.5,intrinsic_floor,4500,,,728.0,728.5,0.5
0,195100,5231.5,intrinsic_floor,4000,,,1231.0,1231.5,0.5
0,195100,5231.5,intrinsic_floor,4500,,,731.0,731.5,0.5
0,195300,5234.5,intrinsic_floor,4000,,,1233.5,1234.5,1.0
0,195300,5234.5,intrinsic_floor,4500,,,733.0,734.5,1.5
0,195900,5232.5,intrinsic_floor,4500,,,732.0,732.5,0.5
0,196200,5232.5,intrinsic_floor,4500,,,732.0,732.5,0.5
0,196300,5231.5,intrinsic_floor,4500,,,731.0,731.5,0.5
0,196600,5228.5,intrinsic_floor,4000,,,1228.0,1228.5,0.5
0,196600,5228.5,intrinsic_floor,4500,,,728.0,728.5,0.5
0,197300,5225.5,intrinsic_floor,4000,,,1225.0,1225.5,0.5
0,197300,5225.5,intrinsic_floor,4500,,,725.0,725.5,0.5
0,197800,5229.5,intrinsic_floor,4000,,,1229.0,1229.5,0.5
0,197800,5229.5,intrinsic_floor,4500,,,729.0,729.5,0.5
0,198200,5228.0,intrinsic_floor,4000,,,1223.0,1228.0,5.0
0,198200,5228.0,intrinsic_floor,4500,,,724.0,728.0,4.0
0,198600,5226.5,intrinsic_floor,4000,,,1226.0,1226.5,0.5
0,198600,5226.5,intrinsic_floor,4500,,,726.0,726.5,0.5
0,199200,5230.5,intrinsic_floor,4000,,,1230.0,1230.5,0.5
0,199200,5230.5,intrinsic_floor,4500,,,730.0,730.5,0.5
0,200400,5233.5,intrinsic_floor,4500,,,733.0,733.5,0.5
0,200500,5233.5,intrinsic_floor,4000,,,1232.5,1233.5,1.0
0,200500,5233.5,intrinsic_floor,4500,,,733.0,733.5,0.5
0,200900,5233.5,intrinsic_floor,4000,,,1232.5,1233.5,1.0
0,200900,5233.5,intrinsic_floor,4500,,,732.0,733.5,1.5
0,201400,5232.5,intrinsic_floor,4500,,,732.0,732.5,0.5
0,202100,5231.5,intrinsic_floor,4000,,,1231.0,1231.5,0.5
0,202100,5231.5,intrinsic_floor,4500,,,731.0,731.5,0.5
0,202600,5231.5,intrinsic_floor,4500,,,731.0,731.5,0.5
0,203000,5231.5,intrinsic_floor,4000,,,1231.0,1231.5,0.5
0,203000,5231.5,intrinsic_floor,4500,,,731.0,731.5,0.5
0,203100,5229.5,intrinsic_floor,4000,,,1229.0,1229.5,0.5
0,203100,5229.5,intrinsic_floor,4500,,,729.0,729.5,0.5
0,203400,5229.5,intrinsic_floor,4000,,,1229.0,1229.5,0.5
0,203400,5229.5,intrinsic_floor,4500,,,729.0,729.5,0.5
0,204100,5227.5,intrinsic_floor,4000,,,1227.0,1227.5,0.5
0,204100,5227.5,intrinsic_floor,4500,,,727.0,727.5,0.5
0,204300,5227.5,intrinsic_floor,4500,,,727.0,727.5,0.5
0,204400,5228.5,intrinsic_floor,4500,,,728.0,728.5,0.5
0,204700,5230.5,intrinsic_floor,4500,,,730.0,730.5,0.5
0,205200,5230.5,intrinsic_floor,4000,,,1229.0,1230.5,1.5
0,205200,5230.5,intrinsic_floor,4500,,,729.0,730.5,1.5
0,205300,5229.5,intrinsic_floor,4500,,,729.0,729.5,0.5
0,205400,5229.5,intrinsic_floor,4500,,,729.0,729.5,0.5
0,205600,5229.5,intrinsic_floor,4000,,,1228.0,1229.5,1.5
0,205600,5229.5,intrinsic_floor,4500,,,728.0,729.5,1.5
0,206700,5223.5,intrinsic_floor,4000,,,1223.0,1223.5,0.5
0,206700,5223.5,intrinsic_floor,4500,,,723.0,723.5,0.5
0,206800,5225.5,intrinsic_floor,4000,,,1225.0,1225.5,0.5
0,206800,5225.5,intrinsic_floor,4500,,,725.0,725.5,0.5
0,208500,5227.5,intrinsic_floor,4000,,,1226.5,1227.5,1.0
0,208500,5227.5,intrinsic_floor,4500,,,727.0,727.5,0.5
0,208700,5228.5,intrinsic_floor,4500,,,728.0,728.5,0.5
0,208800,5230.5,intrinsic_floor,4000,,,1230.0,1230.5,0.5
0,208800,5230.5,intrinsic_floor,4500,,,730.0,730.5,0.5
0,210300,5234.5,intrinsic_floor,4500,,,734.0,734.5,0.5
0,210800,5233.5,intrinsic_floor,4000,,,1233.0,1233.5,0.5
0,210800,5233.5,intrinsic_floor,4500,,,733.0,733.5,0.5
0,211200,5231.5,intrinsic_floor,4000,,,1230.0,1231.5,1.5
0,211200,5231.5,intrinsic_floor,4500,,,730.0,731.5,1.5
0,212200,5223.5,intrinsic_floor,4500,,,723.0,723.5,0.5
0,212400,5220.5,intrinsic_floor,4000,,,1220.0,1220.5,0.5
0,212400,5220.5,intrinsic_floor,4500,,,720.0,720.5,0.5
0,212600,5220.5,intrinsic_floor,4000,,,1220.0,1220.5,0.5
0,212600,5220.5,intrinsic_floor,4500,,,720.0,720.5,0.5
0,212900,5221.5,intrinsic_floor,4000,,,1216.0,1221.5,5.5
0,212900,5221.5,intrinsic_floor,4500,,,717.0,721.5,4.5
0,213500,5221.5,intrinsic_floor,4000,,,1221.0,1221.5,0.5
0,213500,5221.5,intrinsic_floor,4500,,,721.0,721.5,0.5
0,215300,5223.0,intrinsic_floor,4000,,,1222.0,1223.0,1.0
0,215300,5223.0,intrinsic_floor,4500,,,722.0,723.0,1.0
0,215500,5224.5,intrinsic_floor,4000,,,1223.5,1224.5,1.0
0,215500,5224.5,intrinsic_floor,4500,,,723.5,724.5,1.0
0,217100,5225.5,intrinsic_floor,4000,,,1225.0,1225.5,0.5
0,217100,5225.5,intrinsic_floor,4500,,,725.0,725.5,0.5
0,217400,5225.5,intrinsic_floor,4000,,,1224.5,1225.5,1.0
0,217400,5225.5,intrinsic_floor,4500,,,724.5,725.5,1.0
0,217900,5224.5,intrinsic_floor,4000,,,1224.0,1224.5,0.5
0,217900,5224.5,intrinsic_floor,4500,,,724.0,724.5,0.5
0,218600,5221.5,intrinsic_floor,4000,,,1221.0,1221.5,0.5
0,218600,5221.5,intrinsic_floor,4500,,,721.0,721.5,0.5
0,219400,5227.5,intrinsic_floor,4000,,,1227.0,1227.5,0.5
0,219400,5227.5,intrinsic_floor,4500,,,727.0,727.5,0.5
0,219600,5226.5,intrinsic_floor,4000,,,1226.0,1226.5,0.5
0,219600,5226.5,intrinsic_floor,4500,,,726.0,726.5,0.5
0,220100,5225.5,intrinsic_floor,4000,,,1220.0,1225.5,5.5
0,220100,5225.5,intrinsic_floor,4500,,,721.5,725.5,4.0
0,220600,5228.5,intrinsic_floor,4500,,,728.0,728.5,0.5
0,220700,5227.5,intrinsic_floor,4500,,,727.0,727.5,0.5
0,221900,5228.5,intrinsic_floor,4000,,,1228.0,1228.5,0.5
0,221900,5228.5,intrinsic_floor,4500,,,728.0,728.5,0.5
0,222300,5227.5,intrinsic_floor,4000,,,1227.0,1227.5,0.5
0,222300,5227.5,intrinsic_floor,4500,,,727.0,727.5,0.5
0,222400,5227.5,intrinsic_floor,4000,,,1226.5,1227.5,1.0
0,222400,5227.5,intrinsic_floor,4500,,,726.5,727.5,1.0
0,222600,5228.5,intrinsic_floor,4500,,,728.0,728.5,0.5
0,223500,5230.5,intrinsic_floor,4000,,,1230.0,1230.5,0.5
0,223500,5230.5,intrinsic_floor,4500,,,730.0,730.5,0.5
0,223700,5228.5,intrinsic_floor,4500,,,728.0,728.5,0.5
0,224000,5227.5,intrinsic_floor,4000,,,1227.0,1227.5,0.5
0,224000,5227.5,intrinsic_floor,4500,,,727.0,727.5,0.5
0,224300,5228.5,intrinsic_floor,4000,,,1228.0,1228.5,0.5
0,224300,5228.5,intrinsic_floor,4500,,,728.0,728.5,0.5
0,224400,5229.5,intrinsic_floor,4500,,,729.0,729.5,0.5
0,224500,5228.5,intrinsic_floor,4000,,,1228.0,1228.5,0.5
0,224500,5228.5,intrinsic_floor,4500,,,728.0,728.5,0.5
0,224600,5228.5,intrinsic_floor,4500,,,728.0,728.5,0.5
0,224900,5231.5,intrinsic_floor,4000,,,1230.5,1231.5,1.0
0,224900,5231.5,intrinsic_floor,4500,,,730.0,731.5,1.5
0,225500,5231.5,intrinsic_floor,4500,,,731.0,731.5,0.5
0,225700,5232.5,intrinsic_floor,4500,,,732.0,732.5,0.5
0,225800,5232.5,intrinsic_floor,4000,,,1232.0,1232.5,0.5
0,225800,5232.5,intrinsic_floor,4500,,,732.0,732.5,0.5
0,225900,5232.5,intrinsic_floor,4500,,,732.0,732.5,0.5
0,226700,5233.5,intrinsic_floor,4000,,,1232.0,1233.5,1.5
0,226700,5233.5,intrinsic_floor,4500,,,732.0,733.5,1.5
0,226900,5233.5,intrinsic_floor,4000,,,1233.0,1233.5,0.5
0,226900,5233.5,intrinsic_floor,4500,,,733.0,733.5,0.5
0,228000,5236.5,intrinsic_floor,4500,,,736.0,736.5,0.5
0,228200,5236.5,intrinsic_floor,4000,,,1235.5,1236.5,1.0
0,228200,5236.5,intrinsic_floor,4500,,,735.0,736.5,1.5
0,228400,5234.5,intrinsic_floor,4000,,,1233.5,1234.5,1.0
0,228400,5234.5,intrinsic_floor,4500,,,734.0,734.5,0.5
0,229200,5232.5,intrinsic_floor,4500,,,732.0,732.5,0.5
0,229600,5235.5,intrinsic_floor,4500,,,735.0,735.5,0.5
0,229900,5233.5,intrinsic_floor,4500,,,733.0,733.5,0.5
0,230000,5233.5,intrinsic_floor,4000,,,1228.0,1233.5,5.5
0,230000,5233.5,intrinsic_floor,4500,,,729.5,733.5,4.0
0,230300,5235.5,intrinsic_floor,4000,,,1235.0,1235.5,0.5
0,230300,5235.5,intrinsic_floor,4500,,,735.0,735.5,0.5
0,230400,5234.5,intrinsic_floor,4500,,,734.0,734.5,0.5
0,231000,5234.5,intrinsic_floor,4000,,,1231.0,1234.5,3.5
0,231000,5234.5,intrinsic_floor,4500,,,732.0,734.5,2.5
0,231100,5236.5,intrinsic_floor,4500,,,736.0,736.5,0.5
0,231500,5235.5,intrinsic_floor,4500,,,735.0,735.5,0.5
0,231900,5237.5,intrinsic_floor,4500,,,737.0,737.5,0.5
0,232200,5238.5,intrinsic_floor,4500,,,738.0,738.5,0.5
0,232300,5238.5,intrinsic_floor,4500,,,738.0,738.5,0.5
0,232600,5236.5,intrinsic_floor,4500,,,736.0,736.5,0.5
0,233100,5239.5,intrinsic_floor,4500,,,739.0,739.5,0.5
0,233300,5239.5,intrinsic_floor,4500,,,739.0,739.5,0.5
0,233500,5240.5,intrinsic_floor,4500,,,740.0,740.5,0.5
0,233600,5239.5,intrinsic_floor,4500,,,739.0,739.5,0.5
0,234000,5243.5,intrinsic_floor,4500,,,743.0,743.5,0.5
0,234200,5244.5,intrinsic_floor,4500,,,744.0,744.5,0.5
0,234300,5244.5,intrinsic_floor,4500,,,744.0,744.5,0.5
0,234500,5240.5,intrinsic_floor,4500,,,740.0,740.5,0.5
0,234600,5240.5,intrinsic_floor,4500,,,740.0,740.5,0.5
0,235100,5239.5,intrinsic_floor,4000,,,1234.0,1239.5,5.5
0,235100,5239.5,intrinsic_floor,4500,,,735.5,739.5,4.0
0,235700,5234.5,intrinsic_floor,4500,,,734.0,734.5,0.5
0,236000,5233.5,intrinsic_floor,4500,,,733.0,733.5,0.5
0,236200,5234.5,intrinsic_floor,4500,,,734.0,734.5,0.5
0,236300,5233.5,intrinsic_floor,4500,,,733.0,733.5,0.5
0,236500,5233.5,intrinsic_floor,4500,,,733.0,733.5,0.5
0,236700,5232.5,intrinsic_floor,4500,,,732.0,732.5,0.5
0,236800,5231.5,intrinsic_floor,4500,,,731.0,731.5,0.5
0,236900,5231.5,intrinsic_floor,4500,,,731.0,731.5,0.5
0,237700,5230.5,intrinsic_floor,4000,,,1229.5,1230.5,1.0
0,237700,5230.5,intrinsic_floor,4500,,,729.5,730.5,1.0
0,238200,5228.5,intrinsic_floor,4500,,,728.0,728.5,0.5
0,238800,5230.5,intrinsic_floor,4500,,,730.0,730.5,0.5
0,238900,5231.5,intrinsic_floor,4000,,,1231.0,1231.5,0.5
0,238900,5231.5,intrinsic_floor,4500,,,731.0,731.5,0.5
0,239100,5232.5,intrinsic_floor,4000,,,1232.0,1232.5,0.5
0,239100,5232.5,intrinsic_floor,4500,,,732.0,732.5,0.5
0,239300,5232.5,intrinsic_floor,4000,,,1232.0,1232.5,0.5
0,239300,5232.5,intrinsic_floor,4500,,,732.0,732.5,0.5
0,239700,5233.5,intrinsic_floor,4500,,,733.0,733.5,0.5
0,239900,5233.5,intrinsic_floor,4500,,,733.0,733.5,0.5
0,240200,5234.5,intrinsic_floor,4500,,,734.0,734.5,0.5
0,240500,5233.5,intrinsic_floor,4000,,,1232.5,1233.5,1.0
0,240500,5233.5,intrinsic_floor,4500,,,733.0,733.5,0.5
0,241000,5232.5,intrinsic_floor,4000,,,1232.0,1232.5,0.5
0,241000,5232.5,intrinsic_floor,4500,,,732.0,732.5,0.5
0,241100,5231.5,intrinsic_floor,4500,,,731.0,731.5,0.5
0,241400,5233.5,intrinsic_floor,4000,,,1232.5,1233.5,1.0
0,241400,5233.5,intrinsic_floor,4500,,,732.5,733.5,1.0
0,241500,5232.5,intrinsic_floor,4500,,,732.0,732.5,0.5
0,242200,5235.5,intrinsic_floor,4500,,,735.0,735.5,0.5
0,242400,5234.5,intrinsic_floor,4000,,,1234.0,1234.5,0.5
0,242400,5234.5,intrinsic_floor,4500,,,734.0,734.5,0.5
0,242900,5234.5,intrinsic_floor,4500,,,734.0,734.5,0.5
0,243100,5236.5,intrinsic_floor,4000,,,1236.0,1236.5,0.5
0,243100,5236.5,intrinsic_floor,4500,,,736.0,736.5,0.5
0,243300,5239.5,intrinsic_floor,4000,,,1238.5,1239.5,1.0
0,243300,5239.5,intrinsic_floor,4500,,,739.0,739.5,0.5
0,243500,5240.5,intrinsic_floor,4500,,,740.0,740.5,0.5
0,243700,5241.5,intrinsic_floor,4500,,,741.0,741.5,0.5
0,244300,5243.5,intrinsic_floor,4500,,,743.0,743.5,0.5
0,244700,5244.5,intrinsic_floor,4500,,,744.0,744.5,0.5
0,244800,5245.5,intrinsic_floor,4500,,,745.0,745.5,0.5
0,245100,5246.5,intrinsic_floor,4000,,,1245.5,1246.5,1.0
0,245100,5246.5,intrinsic_floor,4500,,,745.0,746.5,1.5
0,245200,5245.5,intrinsic_floor,4500,,,745.0,745.5,0.5
0,245500,5244.5,intrinsic_floor,4500,,,744.0,744.5,0.5
0,245600,5245.5,intrinsic_floor,4500,,,745.0,745.5,0.5
0,245700,5244.5,intrinsic_floor,4500,,,744.0,744.5,0.5
0,246300,5243.5,intrinsic_floor,4500,,,743.0,743.5,0.5
0,246700,5245.5,intrinsic_floor,4500,,,745.0,745.5,0.5
0,246900,5244.0,intrinsic_floor,4000,,,1243.5,1244.0,0.5
0,247100,5244.0,intrinsic_floor,4000,,,1243.5,1244.0,0.5
0,247300,5243.5,intrinsic_floor,4500,,,743.0,743.5,0.5
0,247400,5244.5,intrinsic_floor,4500,,,744.0,744.5,0.5
0,247600,5244.5,intrinsic_floor,4000,,,1243.5,1244.5,1.0
0,247600,5244.5,intrinsic_floor,4500,,,743.5,744.5,1.0
0,247700,5244.5,intrinsic_floor,4500,,,744.0,744.5,0.5
0,247900,5242.5,intrinsic_floor,4500,,,742.0,742.5,0.5
0,248000,5242.5,intrinsic_floor,4500,,,742.0,742.5,0.5
0,248100,5242.5,intrinsic_floor,4500,,,742.0,742.5,0.5
0,248600,5243.5,intrinsic_floor,4500,,,743.0,743.5,0.5
0,248700,5242.5,intrinsic_floor,4500,,,742.0,742.5,0.5
0,248800,5244.5,intrinsic_floor,4500,,,744.0,744.5,0.5
0,249200,5246.5,intrinsic_floor,4500,,,746.0,746.5,0.5
0,249400,5248.0,intrinsic_floor,4000,,,1247.5,1248.0,0.5
0,249500,5247.5,intrinsic_floor,4500,,,747.0,747.5,0.5
0,249700,5246.5,intrinsic_floor,4500,,,746.0,746.5,0.5
0,249800,5246.5,intrinsic_floor,4500,,,746.0,746.5,0.5
0,250000,5247.5,intrinsic_floor,4500,,,747.0,747.5,0.5
0,250100,5247.5,intrinsic_floor,4000,,,1246.5,1247.5,1.0
0,250100,5247.5,intrinsic_floor,4500,,,746.0,747.5,1.5
0,250200,5247.0,intrinsic_floor,4000,,,1246.5,1247.0,0.5
0,250500,5248.0,intrinsic_floor,4000,,,1247.5,1248.0,0.5
0,250600,5248.5,intrinsic_floor,4500,,,748.0,748.5,0.5
0,251000,5246.5,intrinsic_floor,4500,,,746.0,746.5,0.5
0,251100,5246.5,intrinsic_floor,4500,,,746.0,746.5,0.5
0,251200,5245.0,intrinsic_floor,4000,,,1244.5,1245.0,0.5
0,251600,5246.0,intrinsic_floor,4000,,,1245.5,1246.0,0.5
0,251800,5246.5,intrinsic_floor,4500,,,746.0,746.5,0.5
0,252000,5247.5,intrinsic_floor,4000,,,1246.5,1247.5,1.0
0,252000,5247.5,intrinsic_floor,4500,,,747.0,747.5,0.5
0,252100,5247.5,intrinsic_floor,4500,,,747.0,747.5,0.5
0,252200,5247.0,intrinsic_floor,4000,,,1246.5,1247.0,0.5
0,252500,5249.0,intrinsic_floor,4000,,,1248.5,1249.0,0.5
0,252800,5248.0,intrinsic_floor,4000,,,1247.5,1248.0,0.5
0,253100,5250.5,intrinsic_floor,4000,,,1248.5,1250.5,2.0
0,253100,5250.5,intrinsic_floor,4500,,,749.0,750.5,1.5
0,253200,5249.0,intrinsic_floor,4000,,,1248.5,1249.0,0.5
0,253300,5248.5,intrinsic_floor,4500,,,748.0,748.5,0.5
0,253700,5247.5,intrinsic_floor,4500,,,747.0,747.5,0.5
0,253900,5246.5,intrinsic_floor,4500,,,746.0,746.5,0.5
0,254000,5246.5,intrinsic_floor,4500,,,746.0,746.5,0.5
0,254100,5247.5,intrinsic_floor,4500,,,747.0,747.5,0.5
0,254200,5247.0,intrinsic_floor,4000,,,1246.5,1247.0,0.5
0,254400,5247.5,intrinsic_floor,4500,,,747.0,747.5,0.5
0,254500,5246.5,intrinsic_floor,4500,,,746.0,746.5,0.5
0,254800,5245.5,intrinsic_floor,4500,,,745.0,745.5,0.5
0,254900,5245.5,intrinsic_floor,4500,,,745.0,745.5,0.5
0,255000,5246.5,intrinsic_floor,4000,,,1245.5,1246.5,1.0
0,255000,5246.5,intrinsic_floor,4500,,,745.0,746.5,1.5
0,255200,5245.5,intrinsic_floor,4000,,,1244.5,1245.5,1.0
0,255200,5245.5,intrinsic_floor,4500,,,744.0,745.5,1.5
0,255300,5242.5,intrinsic_floor,4500,,,742.0,742.5,0.5
0,255400,5243.0,intrinsic_floor,4000,,,1242.5,1243.0,0.5
0,255600,5243.5,intrinsic_floor,4500,,,743.0,743.5,0.5
0,255800,5242.5,intrinsic_floor,4500,,,742.0,742.5,0.5
0,255900,5242.5,intrinsic_floor,4500,,,742.0,742.5,0.5
0,256100,5240.5,intrinsic_floor,4500,,,740.0,740.5,0.5
0,256500,5238.5,intrinsic_floor,4000,,,1233.0,1238.5,5.5
0,256500,5238.5,intrinsic_floor,4500,,,734.5,738.5,4.0
0,256600,5239.5,intrinsic_floor,4500,,,739.0,739.5,0.5
0,256700,5238.5,intrinsic_floor,4500,,,738.0,738.5,0.5
0,257100,5242.5,intrinsic_floor,4500,,,742.0,742.5,0.5
0,257200,5242.5,intrinsic_floor,4500,,,742.0,742.5,0.5
0,257400,5242.5,intrinsic_floor,4500,,,742.0,742.5,0.5
0,257500,5241.5,intrinsic_floor,4500,,,741.0,741.5,0.5
0,257600,5241.0,intrinsic_floor,4000,,,1240.5,1241.0,0.5
0,257800,5239.0,intrinsic_floor,4000,,,1234.0,1239.0,5.0
0,257800,5239.0,intrinsic_floor,4500,,,735.0,739.0,4.0
0,258000,5238.5,intrinsic_floor,4500,,,738.0,738.5,0.5
0,258200,5238.5,intrinsic_floor,4500,,,738.0,738.5,0.5
0,258900,5236.5,intrinsic_floor,4500,,,736.0,736.5,0.5
0,259000,5236.5,intrinsic_floor,4500,,,736.0,736.5,0.5
0,260100,5236.5,intrinsic_floor,4500,,,736.0,736.5,0.5
0,260500,5237.5,intrinsic_floor,4500,,,737.0,737.5,0.5
0,260900,5236.5,intrinsic_floor,4500,,,736.0,736.5,0.5
0,261300,5238.5,intrinsic_floor,4500,,,738.0,738.5,0.5
0,261500,5240.5,intrinsic_floor,4500,,,740.0,740.5,0.5
0,261600,5240.5,intrinsic_floor,4500,,,740.0,740.5,0.5
0,261700,5240.5,intrinsic_floor,4500,,,740.0,740.5,0.5
0,261800,5240.5,intrinsic_floor,4500,,,740.0,740.5,0.5
0,262100,5242.0,intrinsic_floor,4000,,,1241.5,1242.0,0.5
0,262300,5244.5,intrinsic_floor,4500,,,744.0,744.5,0.5
0,262400,5243.5,intrinsic_floor,4500,,,743.0,743.5,0.5
0,262500,5241.5,intrinsic_floor,4500,,,741.0,741.5,0.5
0,262600,5243.5,intrinsic_floor,4500,,,743.0,743.5,0.5
0,262700,5242.5,intrinsic_floor,4500,,,742.0,742.5,0.5
0,262900,5242.5,intrinsic_floor,4500,,,742.0,742.5,0.5
0,263000,5243.5,intrinsic_floor,4500,,,743.0,743.5,0.5
0,263400,5241.5,intrinsic_floor,4000,,,1236.0,1241.5,5.5
0,263400,5241.5,intrinsic_floor,4500,,,737.5,741.5,4.0
0,263500,5242.5,intrinsic_floor,4500,,,742.0,742.5,0.5
0,264200,5247.5,intrinsic_floor,4500,,,747.0,747.5,0.5
0,264700,5248.5,intrinsic_floor,4500,,,748.0,748.5,0.5
0,264800,5248.5,intrinsic_floor,4500,,,748.0,748.5,0.5
0,264900,5246.5,intrinsic_floor,4500,,,746.0,746.5,0.5
0,265000,5247.5,intrinsic_floor,4500,,,747.0,747.5,0.5
0,265400,5244.5,intrinsic_floor,4500,,,744.0,744.5,0.5
0,265500,5243.5,intrinsic_floor,4500,,,743.0,743.5,0.5
0,265900,5244.5,intrinsic_floor,4500,,,744.0,744.5,0.5
0,266000,5243.5,intrinsic_floor,4500,,,743.0,743.5,0.5
0,266400,5246.0,intrinsic_floor,4000,,,1245.5,1246.0,0.5
0,266600,5245.5,intrinsic_floor,4500,,,745.0,745.5,0.5
0,266700,5244.5,intrinsic_floor,4500,,,744.0,744.5,0.5
0,266800,5243.5,intrinsic_floor,4500,,,743.0,743.5,0.5
0,267800,5242.5,intrinsic_floor,4500,,,742.0,742.5,0.5
0,267900,5243.5,intrinsic_floor,4500,,,743.0,743.5,0.5
0,268600,5242.5,intrinsic_floor,4500,,,742.0,742.5,0.5
0,268700,5243.5,intrinsic_floor,4500,,,743.0,743.5,0.5
0,269000,5241.5,intrinsic_floor,4500,,,741.0,741.5,0.5
0,269100,5242.5,intrinsic_floor,4500,,,742.0,742.5,0.5
0,269400,5246.5,intrinsic_floor,4500,,,746.0,746.5,0.5
0,269700,5247.0,intrinsic_floor,4000,,,1246.5,1247.0,0.5
0,269800,5248.5,intrinsic_floor,4500,,,748.0,748.5,0.5
0,270500,5246.5,intrinsic_floor,4000,,,1245.5,1246.5,1.0
0,270500,5246.5,intrinsic_floor,4500,,,745.0,746.5,1.5
0,270600,5245.0,intrinsic_floor,4000,,,1244.5,1245.0,0.5
0,270800,5245.5,intrinsic_floor,4500,,,745.0,745.5,0.5
0,271000,5244.5,intrinsic_floor,4500,,,744.0,744.5,0.5
0,271300,5244.5,intrinsic_floor,4500,,,744.0,744.5,0.5
0,271700,5245.0,intrinsic_floor,4000,,,1244.5,1245.0,0.5
0,271900,5243.0,intrinsic_floor,4000,,,1242.5,1243.0,0.5
0,272400,5245.5,intrinsic_floor,4500,,,745.0,745.5,0.5
0,272500,5244.5,intrinsic_floor,4500,,,744.0,744.5,0.5
0,272800,5247.5,intrinsic_floor,4500,,,747.0,747.5,0.5
0,272900,5248.5,intrinsic_floor,4500,,,748.0,748.5,0.5
0,273000,5249.5,intrinsic_floor,4500,,,749.0,749.5,0.5
0,273100,5249.5,intrinsic_floor,4500,,,749.0,749.5,0.5
0,273400,5249.5,intrinsic_floor,4500,,,749.0,749.5,0.5
0,273500,5247.5,intrinsic_floor,4500,,,747.0,747.5,0.5
0,273600,5248.5,intrinsic_floor,4500,,,748.0,748.5,0.5
0,274000,5249.5,intrinsic_floor,4500,,,749.0,749.5,0.5
0,274200,5250.5,intrinsic_floor,4500,,,750.0,750.5,0.5
0,274300,5250.5,intrinsic_floor,4500,,,750.0,750.5,0.5
0,274500,5249.5,intrinsic_floor,4500,,,749.0,749.5,0.5
0,274600,5248.0,intrinsic_floor,4000,,,1247.5,1248.0,0.5
0,274700,5248.5,intrinsic_floor,4500,,,748.0,748.5,0.5
0,274800,5248.5,intrinsic_floor,4500,,,748.0,748.5,0.5
0,275000,5249.0,intrinsic_floor,4000,,,1248.5,1249.0,0.5
0,275300,5247.5,intrinsic_floor,4500,,,747.0,747.5,0.5
0,275500,5247.5,intrinsic_floor,4500,,,747.0,747.5,0.5
0,275600,5248.5,intrinsic_floor,4500,,,748.0,748.5,0.5
0,275700,5249.0,intrinsic_floor,4000,,,1248.5,1249.0,0.5
0,275800,5249.5,intrinsic_floor,4500,,,749.0,749.5,0.5
0,275900,5250.5,intrinsic_floor,4000,,,1249.5,1250.5,1.0
0,275900,5250.5,intrinsic_floor,4500,,,749.0,750.5,1.5
0,276300,5250.5,intrinsic_floor,4500,,,750.0,750.5,0.5
0,276400,5253.0,intrinsic_floor,4000,,,1251.5,1253.0,1.5
0,276400,5253.0,intrinsic_floor,4500,,,752.0,753.0,1.0
0,276600,5252.0,intrinsic_floor,4000,,,1251.5,1252.0,0.5
0,276900,5251.0,intrinsic_floor,4000,,,1250.5,1251.0,0.5
0,277000,5251.0,intrinsic_floor,4000,,,1250.5,1251.0,0.5
0,277200,5251.5,intrinsic_floor,4000,,,1246.0,1251.5,5.5
0,277200,5251.5,intrinsic_floor,4500,,,747.5,751.5,4.0
0,277300,5251.5,intrinsic_floor,4500,,,751.0,751.5,0.5
0,277400,5250.0,intrinsic_floor,4000,,,1249.5,1250.0,0.5
0,277600,5251.5,intrinsic_floor,4500,,,751.0,751.5,0.5
0,277800,5250.5,intrinsic_floor,4500,,,750.0,750.5,0.5
0,278300,5248.0,intrinsic_floor,4000,,,1247.5,1248.0,0.5
0,278400,5248.5,intrinsic_floor,4500,,,748.0,748.5,0.5
0,278500,5248.5,intrinsic_floor,4500,,,748.0,748.5,0.5
0,278700,5244.5,intrinsic_floor,4500,,,744.0,744.5,0.5
0,278800,5242.0,intrinsic_floor,4000,,,1241.5,1242.0,0.5
0,279400,5241.5,intrinsic_floor,4000,,,1240.5,1241.5,1.0
0,279400,5241.5,intrinsic_floor,4500,,,740.5,741.5,1.0
0,279500,5240.5,intrinsic_floor,4500,,,740.0,740.5,0.5
0,279700,5239.5,intrinsic_floor,4500,,,739.0,739.5,0.5
0,279900,5238.5,intrinsic_floor,4500,,,738.0,738.5,0.5
0,280300,5239.5,intrinsic_floor,4500,,,739.0,739.5,0.5
0,280600,5240.5,intrinsic_floor,4500,,,740.0,740.5,0.5
0,281300,5240.5,intrinsic_floor,4000,,,1239.5,1240.5,1.0
0,281300,5240.5,intrinsic_floor,4500,,,739.0,740.5,1.5
0,281600,5241.5,intrinsic_floor,4500,,,741.0,741.5,0.5
0,282100,5241.5,intrinsic_floor,4500,,,741.0,741.5,0.5
0,282200,5243.5,intrinsic_floor,4000,,,1242.0,1243.5,1.5
0,282200,5243.5,intrinsic_floor,4500,,,742.0,743.5,1.5
0,283200,5237.5,intrinsic_floor,4500,,,737.0,737.5,0.5
0,283500,5235.5,intrinsic_floor,4500,,,735.0,735.5,0.5
0,283600,5236.5,intrinsic_floor,4500,,,736.0,736.5,0.5
0,283700,5236.5,intrinsic_floor,4500,,,736.0,736.5,0.5
0,284000,5236.5,intrinsic_floor,4000,,,1235.5,1236.5,1.0
0,284000,5236.5,intrinsic_floor,4500,,,735.0,736.5,1.5
0,284200,5236.5,intrinsic_floor,4500,,,736.0,736.5,0.5
0,284400,5235.5,intrinsic_floor,4500,,,735.0,735.5,0.5
0,284500,5236.5,intrinsic_floor,4000,,,1236.0,1236.5,0.5
0,284500,5236.5,intrinsic_floor,4500,,,736.0,736.5,0.5
0,284600,5235.5,intrinsic_floor,4000,,,1235.0,1235.5,0.5
0,284600,5235.5,intrinsic_floor,4500,,,735.0,735.5,0.5
0,284900,5234.5,intrinsic_floor,4500,,,734.0,734.5,0.5
0,285100,5234.5,intrinsic_floor,4500,,,734.0,734.5,0.5
0,285300,5237.5,intrinsic_floor,4000,,,1236.5,1237.5,1.0
0,285300,5237.5,intrinsic_floor,4500,,,736.5,737.5,1.0
0,285400,5236.5,intrinsic_floor,4500,,,736.0,736.5,0.5
0,286000,5237.5,intrinsic_floor,4500,,,737.0,737.5,0.5
0,286300,5238.5,intrinsic_floor,4500,,,738.0,738.5,0.5
0,286600,5237.5,intrinsic_floor,4000,,,1236.5,1237.5,1.0
0,286600,5237.5,intrinsic_floor,4500,,,736.0,737.5,1.5
0,287000,5233.5,intrinsic_floor,4500,,,733.0,733.5,0.5
0,287300,5236.5,intrinsic_floor,4000,,,1235.5,1236.5,1.0
0,287300,5236.5,intrinsic_floor,4500,,,736.0,736.5,0.5
0,287800,5239.5,intrinsic_floor,4500,,,739.0,739.5,0.5
0,288000,5241.5,intrinsic_floor,4500,,,741.0,741.5,0.5
0,288500,5245.5,intrinsic_floor,4500,,,745.0,745.5,0.5
0,288700,5244.5,intrinsic_floor,4500,,,744.0,744.5,0.5
0,288900,5243.5,intrinsic_floor,4500,,,743.0,743.5,0.5
0,289100,5245.5,intrinsic_floor,4500,,,745.0,745.5,0.5
0,289200,5246.5,intrinsic_floor,4000,,,1245.5,1246.5,1.0
0,289200,5246.5,intrinsic_floor,4500,,,746.0,746.5,0.5
0,289300,5246.5,intrinsic_floor,4500,,,746.0,746.5,0.5
0,289400,5247.5,intrinsic_floor,4500,,,747.0,747.5,0.5
0,289600,5247.5,intrinsic_floor,4500,,,747.0,747.5,0.5
0,289700,5247.5,intrinsic_floor,4500,,,747.0,747.5,0.5
0,290000,5247.5,intrinsic_floor,4500,,,747.0,747.5,0.5
0,290200,5248.0,intrinsic_floor,4000,,,1247.5,1248.0,0.5
0,290300,5247.5,intrinsic_floor,4500,,,747.0,747.5,0.5
0,290400,5246.5,intrinsic_floor,4500,,,746.0,746.5,0.5
0,290700,5244.5,intrinsic_floor,4000,,,1239.0,1244.5,5.5
0,290700,5244.5,intrinsic_floor,4500,,,740.5,744.5,4.0
0,291700,5245.0,intrinsic_floor,4000,,,1243.5,1245.0,1.5
0,291700,5245.0,intrinsic_floor,4500,,,743.5,745.0,1.5
0,292300,5242.0,intrinsic_floor,4000,,,1241.5,1242.0,0.5
0,292700,5244.5,intrinsic_floor,4500,,,744.0,744.5,0.5
0,292800,5247.5,intrinsic_floor,4000,,,1241.0,1247.5,6.5
0,292800,5247.5,intrinsic_floor,4500,,,742.0,747.5,5.5
0,293400,5244.5,intrinsic_floor,4000,,,1243.5,1244.5,1.0
0,293400,5244.5,intrinsic_floor,4500,,,744.0,744.5,0.5
0,293600,5244.5,intrinsic_floor,4500,,,744.0,744.5,0.5
0,293700,5243.5,intrinsic_floor,4500,,,743.0,743.5,0.5
0,294500,5243.5,intrinsic_floor,4500,,,743.0,743.5,0.5
0,294700,5244.5,intrinsic_floor,4500,,,744.0,744.5,0.5
0,295000,5242.5,intrinsic_floor,4500,,,742.0,742.5,0.5
0,295100,5242.5,intrinsic_floor,4500,,,742.0,742.5,0.5
0,295400,5243.5,intrinsic_floor,4500,,,743.0,743.5,0.5
0,296000,5243.5,intrinsic_floor,4500,,,743.0,743.5,0.5
0,296600,5249.5,intrinsic_floor,4500,,,749.0,749.5,0.5
0,296700,5249.5,intrinsic_floor,4500,,,749.0,749.5,0.5
0,296900,5250.5,intrinsic_floor,4500,,,750.0,750.5,0.5
0,297100,5250.5,intrinsic_floor,4500,,,750.0,750.5,0.5
0,297200,5249.5,intrinsic_floor,4500,,,749.0,749.5,0.5
0,297400,5247.5,intrinsic_floor,4500,,,747.0,747.5,0.5
0,297600,5247.5,intrinsic_floor,4500,,,747.0,747.5,0.5
0,297700,5247.5,intrinsic_floor,4500,,,747.0,747.5,0.5
0,298100,5249.5,intrinsic_floor,4500,,,749.0,749.5,0.5
0,298400,5249.5,intrinsic_floor,4500,,,749.0,749.5,0.5
0,298800,5255.0,intrinsic_floor,4000,,,1254.5,1255.0,0.5
0,300000,5256.5,intrinsic_floor,4500,,,756.0,756.5,0.5
0,300200,5255.5,intrinsic_floor,4500,,,755.0,755.5,0.5
0,300300,5256.5,intrinsic_floor,4500,,,756.0,756.5,0.5
0,300400,5256.0,intrinsic_floor,4000,,,1255.5,1256.0,0.5
0,300600,5255.5,intrinsic_floor,4500,,,755.0,755.5,0.5
0,300900,5255.5,intrinsic_floor,4500,,,755.0,755.5,0.5
0,301000,5253.5,intrinsic_floor,4500,,,753.0,753.5,0.5
0,301200,5254.5,intrinsic_floor,4500,,,754.0,754.5,0.5
0,301300,5255.5,intrinsic_floor,4500,,,755.0,755.5,0.5
0,301500,5255.5,intrinsic_floor,4500,,,755.0,755.5,0.5
0,302800,5259.5,intrinsic_floor,4000,,,1258.5,1259.5,1.0
0,302800,5259.5,intrinsic_floor,4500,,,759.0,759.5,0.5
0,303200,5258.5,intrinsic_floor,4500,,,758.0,758.5,0.5
0,303500,5257.5,intrinsic_floor,4500,,,757.0,757.5,0.5
0,303600,5256.5,intrinsic_floor,4500,,,756.0,756.5,0.5
0,304100,5256.0,intrinsic_floor,4000,,,1254.5,1256.0,1.5
0,304100,5256.0,intrinsic_floor,4500,,,754.5,756.0,1.5
0,304300,5252.5,intrinsic_floor,4500,,,752.0,752.5,0.5
0,304400,5252.5,intrinsic_floor,4500,,,752.0,752.5,0.5
0,304500,5252.5,intrinsic_floor,4500,,,752.0,752.5,0.5
0,304600,5252.5,intrinsic_floor,4500,,,752.0,752.5,0.5
0,304900,5251.5,intrinsic_floor,4500,,,751.0,751.5,0.5
0,305200,5252.5,intrinsic_floor,4500,,,752.0,752.5,0.5
0,305300,5253.5,intrinsic_floor,4500,,,753.0,753.5,0.5
0,305600,5253.5,intrinsic_floor,4500,,,753.0,753.5,0.5
0,305800,5254.0,intrinsic_floor,4000,,,1253.5,1254.0,0.5
0,306400,5251.0,intrinsic_floor,4000,,,1250.5,1251.0,0.5
0,306600,5252.0,intrinsic_floor,4000,,,1251.5,1252.0,0.5
0,306700,5252.5,intrinsic_floor,4500,,,752.0,752.5,0.5
0,306800,5253.5,intrinsic_floor,4500,,,753.0,753.5,0.5
0,307000,5252.5,intrinsic_floor,4500,,,752.0,752.5,0.5
0,307100,5252.5,intrinsic_floor,4500,,,752.0,752.5,0.5
0,307700,5253.5,intrinsic_floor,4500,,,753.0,753.5,0.5
0,307900,5254.5,intrinsic_floor,4500,,,754.0,754.5,0.5
0,308000,5255.5,intrinsic_floor,4500,,,755.0,755.5,0.5
0,308300,5255.5,intrinsic_floor,4500,,,755.0,755.5,0.5
0,308400,5254.5,intrinsic_floor,4500,,,754.0,754.5,0.5
0,308600,5254.5,intrinsic_floor,4500,,,754.0,754.5,0.5
0,308900,5256.5,intrinsic_floor,4500,,,756.0,756.5,0.5
0,309000,5257.5,intrinsic_floor,4000,,,1256.5,1257.5,1.0
0,309000,5257.5,intrinsic_floor,4500,,,756.0,757.5,1.5
0,309100,5253.5,intrinsic_floor,4500,,,753.0,753.5,0.5
0,309200,5254.5,intrinsic_floor,4500,,,754.0,754.5,0.5
0,309300,5254.5,intrinsic_floor,4500,,,754.0,754.5,0.5
0,309600,5252.5,intrinsic_floor,4500,,,752.0,752.5,0.5
0,309700,5252.5,intrinsic_floor,4500,,,752.0,752.5,0.5
0,309900,5254.5,intrinsic_floor,4500,,,754.0,754.5,0.5
0,310000,5255.5,intrinsic_floor,4500,,,755.0,755.5,0.5
0,310300,5253.5,intrinsic_floor,4500,,,753.0,753.5,0.5
0,310400,5253.5,intrinsic_floor,4500,,,753.0,753.5,0.5
0,310500,5253.5,intrinsic_floor,4500,,,753.0,753.5,0.5
0,310600,5255.5,intrinsic_floor,4500,,,755.0,755.5,0.5
0,311100,5256.5,intrinsic_floor,4500,,,756.0,756.5,0.5
0,311300,5258.5,intrinsic_floor,4500,,,758.0,758.5,0.5
0,311500,5256.5,intrinsic_floor,4500,,,756.0,756.5,0.5
0,311700,5255.5,intrinsic_floor,4500,,,755.0,755.5,0.5
0,312200,5256.0,intrinsic_floor,4000,,,1255.5,1256.0,0.5
0,312600,5257.5,intrinsic_floor,4500,,,757.0,757.5,0.5
0,312800,5256.5,intrinsic_floor,4000,,,1255.5,1256.5,1.0
0,312800,5256.5,intrinsic_floor,4500,,,756.0,756.5,0.5
0,313400,5263.0,intrinsic_floor,4000,,,1262.0,1263.0,1.0
0,313400,5263.0,intrinsic_floor,4500,,,762.0,763.0,1.0
0,313500,5262.5,intrinsic_floor,4500,,,762.0,762.5,0.5
0,313600,5262.5,intrinsic_floor,4500,,,762.0,762.5,0.5
0,313800,5263.5,intrinsic_floor,4500,,,763.0,763.5,0.5
0,314400,5261.5,intrinsic_floor,4500,,,761.0,761.5,0.5
0,314900,5259.5,intrinsic_floor,4500,,,759.0,759.5,0.5
0,315100,5258.5,intrinsic_floor,4500,,,758.0,758.5,0.5
0,315300,5257.5,intrinsic_floor,4500,,,757.0,757.5,0.5
0,315600,5258.5,intrinsic_floor,4500,,,758.0,758.5,0.5
0,315800,5259.5,intrinsic_floor,4000,,,1258.5,1259.5,1.0
0,315800,5259.5,intrinsic_floor,4500,,,758.0,759.5,1.5
0,316400,5260.5,intrinsic_floor,4500,,,760.0,760.5,0.5
0,316700,5263.5,intrinsic_floor,4000,,,1258.0,1263.5,5.5
0,316700,5263.5,intrinsic_floor,4500,,,759.5,763.5,4.0
0,316800,5263.5,intrinsic_floor,4500,,,763.0,763.5,0.5
0,317600,5263.5,intrinsic_floor,4000,,,1258.0,1263.5,5.5
0,317600,5263.5,intrinsic_floor,4500,,,759.5,763.5,4.0
0,317800,5264.5,intrinsic_floor,4000,,,1263.5,1264.5,1.0
0,317800,5264.5,intrinsic_floor,4500,,,764.0,764.5,0.5
0,318300,5264.5,intrinsic_floor,4000,,,1263.5,1264.5,1.0
0,318300,5264.5,intrinsic_floor,4500,,,763.5,764.5,1.0
0,318400,5265.5,intrinsic_floor,4500,,,765.0,765.5,0.5
0,318500,5266.5,intrinsic_floor,4000,,,1265.5,1266.5,1.0
0,318500,5266.5,intrinsic_floor,4500,,,765.0,766.5,1.5
0,318700,5267.5,intrinsic_floor,4000,,,1267.0,1267.5,0.5
0,318700,5267.5,intrinsic_floor,4500,,,767.0,767.5,0.5
0,318800,5267.5,intrinsic_floor,4500,,,767.0,767.5,0.5
0,319000,5266.5,intrinsic_floor,4500,,,766.0,766.5,0.5
0,319400,5267.5,intrinsic_floor,4500,,,767.0,767.5,0.5
0,320100,5267.5,intrinsic_floor,4500,,,767.0,767.5,0.5
0,320700,5262.5,intrinsic_floor,4500,,,762.0,762.5,0.5
0,320800,5262.5,intrinsic_floor,4500,,,762.0,762.5,0.5
0,321400,5257.5,intrinsic_floor,4000,,,1256.5,1257.5,1.0
0,321400,5257.5,intrinsic_floor,4500,,,756.5,757.5,1.0
0,321500,5256.5,intrinsic_floor,4500,,,756.0,756.5,0.5
0,321700,5258.5,intrinsic_floor,4500,,,758.0,758.5,0.5
0,322200,5261.5,intrinsic_floor,4500,,,761.0,761.5,0.5
0,322400,5262.5,intrinsic_floor,4500,,,762.0,762.5,0.5
0,322600,5263.5,intrinsic_floor,4000,,,1262.5,1263.5,1.0
0,322600,5263.5,intrinsic_floor,4500,,,762.0,763.5,1.5
0,323600,5257.5,intrinsic_floor,4500,,,757.0,757.5,0.5
0,323800,5258.5,intrinsic_floor,4500,,,758.0,758.5,0.5
0,324100,5258.5,intrinsic_floor,4500,,,758.0,758.5,0.5
0,324500,5258.5,intrinsic_floor,4500,,,758.0,758.5,0.5
0,325000,5262.5,intrinsic_floor,4500,,,762.0,762.5,0.5
0,325100,5264.5,intrinsic_floor,4500,,,764.0,764.5,0.5
0,325200,5265.5,intrinsic_floor,4500,,,765.0,765.5,0.5
0,326300,5268.5,intrinsic_floor,4500,,,768.0,768.5,0.5
0,326500,5269.5,intrinsic_floor,4500,,,769.0,769.5,0.5
0,327500,5271.5,intrinsic_floor,4500,,,771.0,771.5,0.5
0,327600,5271.5,intrinsic_floor,4000,,,1271.0,1271.5,0.5
0,327600,5271.5,intrinsic_floor,4500,,,771.0,771.5,0.5
0,328200,5269.5,intrinsic_floor,4500,,,769.0,769.5,0.5
0,328400,5268.5,intrinsic_floor,4500,,,768.0,768.5,0.5
0,328700,5267.5,intrinsic_floor,4000,,,1267.0,1267.5,0.5
0,328700,5267.5,intrinsic_floor,4500,,,767.0,767.5,0.5
0,328900,5266.5,intrinsic_floor,4500,,,766.0,766.5,0.5
0,329200,5267.5,intrinsic_floor,4000,,,1267.0,1267.5,0.5
0,329200,5267.5,intrinsic_floor,4500,,,767.0,767.5,0.5
0,329700,5267.5,intrinsic_floor,4500,,,767.0,767.5,0.5
0,329800,5266.5,intrinsic_floor,4500,,,766.0,766.5,0.5
0,329900,5266.5,intrinsic_floor,4500,,,766.0,766.5,0.5
0,330200,5264.5,intrinsic_floor,4500,,,764.0,764.5,0.5
0,331700,5268.5,intrinsic_floor,4000,,,1268.0,1268.5,0.5
0,331700,5268.5,intrinsic_floor,4500,,,768.0,768.5,0.5
0,331800,5269.5,intrinsic_floor,4000,,,1268.5,1269.5,1.0
0,331800,5269.5,intrinsic_floor,4500,,,768.0,769.5,1.5
0,332300,5270.0,intrinsic_floor,4000,,,1264.5,1270.0,5.5
0,332300,5270.0,intrinsic_floor,4500,,,766.0,770.0,4.0
0,332400,5270.5,intrinsic_floor,4500,,,770.0,770.5,0.5
0,334200,5264.5,intrinsic_floor,4500,,,764.0,764.5,0.5
0,334400,5262.5,intrinsic_floor,4500,,,762.0,762.5,0.5
0,334500,5262.5,intrinsic_floor,4500,,,762.0,762.5,0.5
0,334600,5263.5,intrinsic_floor,4500,,,763.0,763.5,0.5
0,334800,5263.5,intrinsic_floor,4500,,,763.0,763.5,0.5
0,335500,5264.5,intrinsic_floor,4500,,,764.0,764.5,0.5
0,336500,5263.5,intrinsic_floor,4500,,,763.0,763.5,0.5
0,336900,5260.5,intrinsic_floor,4500,,,760.0,760.5,0.5
0,337000,5259.5,intrinsic_floor,4500,,,759.0,759.5,0.5
0,337400,5261.5,intrinsic_floor,4500,,,761.0,761.5,0.5
0,337700,5260.5,intrinsic_floor,4500,,,760.0,760.5,0.5
0,337800,5258.5,intrinsic_floor,4500,,,758.0,758.5,0.5
0,337900,5259.5,intrinsic_floor,4500,,,759.0,759.5,0.5
0,338100,5258.5,intrinsic_floor,4500,,,758.0,758.5,0.5
0,338300,5258.5,intrinsic_floor,4500,,,758.0,758.5,0.5
0,338700,5258.5,intrinsic_floor,4500,,,758.0,758.5,0.5
0,339300,5260.5,intrinsic_floor,4500,,,760.0,760.5,0.5
0,339700,5258.5,intrinsic_floor,4500,,,758.0,758.5,0.5
0,340000,5258.5,intrinsic_floor,4000,,,1257.5,1258.5,1.0
0,340000,5258.5,intrinsic_floor,4500,,,758.0,758.5,0.5
0,340200,5255.5,intrinsic_floor,4500,,,755.0,755.5,0.5
0,340900,5259.5,intrinsic_floor,4500,,,759.0,759.5,0.5
0,341000,5259.5,intrinsic_floor,4500,,,759.0,759.5,0.5
0,341100,5257.5,intrinsic_floor,4500,,,757.0,757.5,0.5
0,341200,5257.5,intrinsic_floor,4500,,,757.0,757.5,0.5
0,341800,5256.5,intrinsic_floor,4500,,,756.0,756.5,0.5
0,342200,5256.0,intrinsic_floor,4000,,,1255.5,1256.0,0.5
0,342300,5255.0,intrinsic_floor,4000,,,1254.5,1255.0,0.5
0,342500,5254.5,intrinsic_floor,4500,,,754.0,754.5,0.5
0,342700,5253.5,intrinsic_floor,4500,,,753.0,753.5,0.5
0,343100,5252.5,intrinsic_floor,4500,,,752.0,752.5,0.5
0,343900,5253.5,intrinsic_floor,4500,,,753.0,753.5,0.5
0,344000,5252.5,intrinsic_floor,4500,,,752.0,752.5,0.5
0,344300,5251.5,intrinsic_floor,4500,,,751.0,751.5,0.5
0,344400,5251.0,intrinsic_floor,4000,,,1250.5,1251.0,0.5
0,344800,5250.5,intrinsic_floor,4500,,,750.0,750.5,0.5
0,345100,5253.5,intrinsic_floor,4000,,,1252.5,1253.5,1.0
0,345100,5253.5,intrinsic_floor,4500,,,752.0,753.5,1.5
0,345200,5254.5,intrinsic_floor,4500,,,754.0,754.5,0.5
0,345400,5252.5,intrinsic_floor,4500,,,752.0,752.5,0.5
0,345600,5255.5,intrinsic_floor,4000,,,1254.5,1255.5,1.0
0,345600,5255.5,intrinsic_floor,4500,,,754.0,755.5,1.5
0,345800,5256.5,intrinsic_floor,4500,,,756.0,756.5,0.5
0,346100,5258.5,intrinsic_floor,4500,,,758.0,758.5,0.5
0,346300,5259.5,intrinsic_floor,4500,,,759.0,759.5,0.5
0,347300,5265.5,intrinsic_floor,4500,,,765.0,765.5,0.5
0,348000,5267.5,intrinsic_floor,4000,,,1266.5,1267.5,1.0
0,348000,5267.5,intrinsic_floor,4500,,,767.0,767.5,0.5
0,348100,5268.5,intrinsic_floor,4500,,,768.0,768.5,0.5
0,348300,5270.0,intrinsic_floor,4000,,,1268.5,1270.0,1.5
0,348300,5270.0,intrinsic_floor,4500,,,768.5,770.0,1.5
0,348600,5269.5,intrinsic_floor,4500,,,769.0,769.5,0.5
0,349000,5268.5,intrinsic_floor,4500,,,768.0,768.5,0.5
0,349200,5266.5,intrinsic_floor,4500,,,766.0,766.5,0.5
0,349500,5269.5,intrinsic_floor,4500,,,769.0,769.5,0.5
0,349600,5266.5,intrinsic_floor,4500,,,766.0,766.5,0.5
0,350000,5269.5,intrinsic_floor,4500,,,769.0,769.5,0.5
0,350500,5271.5,intrinsic_floor,4000,,,1271.0,1271.5,0.5
0,350500,5271.5,intrinsic_floor,4500,,,771.0,771.5,0.5
0,350700,5273.5,intrinsic_floor,4000,,,1273.0,1273.5,0.5
0,350700,5273.5,intrinsic_floor,4500,,,773.0,773.5,0.5
0,350900,5273.5,intrinsic_floor,4000,,,1273.0,1273.5,0.5
0,350900,5273.5,intrinsic_floor,4500,,,773.0,773.5,0.5
0,351400,5271.5,intrinsic_floor,4500,,,771.0,771.5,0.5
0,351700,5277.0,intrinsic_floor,4000,,,1276.0,1277.0,1.0
0,351700,5277.0,intrinsic_floor,4500,,,776.0,777.0,1.0
0,351800,5275.5,intrinsic_floor,4500,,,775.0,775.5,0.5
0,351900,5274.5,intrinsic_floor,4000,,,1274.0,1274.5,0.5
0,351900,5274.5,intrinsic_floor,4500,,,774.0,774.5,0.5
0,352000,5273.5,intrinsic_floor,4500,,,773.0,773.5,0.5
0,352700,5271.5,intrinsic_floor,4500,,,771.0,771.5,0.5
0,352800,5272.5,intrinsic_floor,4000,,,1271.5,1272.5,1.0
0,352800,5272.5,intrinsic_floor,4500,,,771.5,772.5,1.0
0,353000,5271.5,intrinsic_floor,4500,,,771.0,771.5,0.5
0,353100,5271.5,intrinsic_floor,4500,,,771.0,771.5,0.5
0,353300,5271.5,intrinsic_floor,4500,,,771.0,771.5,0.5
0,354600,5271.5,intrinsic_floor,4000,,,1271.0,1271.5,0.5
0,354600,5271.5,intrinsic_floor,4500,,,771.0,771.5,0.5
0,354700,5271.5,intrinsic_floor,4000,,,1271.0,1271.5,0.5
0,354700,5271.5,intrinsic_floor,4500,,,771.0,771.5,0.5
0,356100,5273.5,intrinsic_floor,4000,,,1273.0,1273.5,0.5
0,356100,5273.5,intrinsic_floor,4500,,,773.0,773.5,0.5
0,356800,5269.5,intrinsic_floor,4500,,,769.0,769.5,0.5
0,358200,5279.5,intrinsic_floor,4000,,,1279.0,1279.5,0.5
0,358200,5279.5,intrinsic_floor,4500,,,779.0,779.5,0.5
0,358400,5279.5,intrinsic_floor,4000,,,1279.0,1279.5,0.5
0,358400,5279.5,intrinsic_floor,4500,,,779.0,779.5,0.5
0,358500,5279.5,intrinsic_floor,4000,,,1279.0,1279.5,0.5
0,358500,5279.5,intrinsic_floor,4500,,,779.0,779.5,0.5
0,358900,5281.5,intrinsic_floor,4000,,,1281.0,1281.5,0.5
0,358900,5281.5,intrinsic_floor,4500,,,781.0,781.5,0.5
0,359900,5283.5,intrinsic_floor,4000,,,1282.5,1283.5,1.0
0,359900,5283.5,intrinsic_floor,4500,,,782.5,783.5,1.0
0,360000,5283.0,intrinsic_floor,4000,,,1277.0,1283.0,6.0
0,360000,5283.0,intrinsic_floor,4500,,,778.5,783.0,4.5
0,360100,5284.5,intrinsic_floor,4000,,,1283.0,1284.5,1.5
0,360100,5284.5,intrinsic_floor,4500,,,783.0,784.5,1.5
0,360300,5284.5,intrinsic_floor,4000,,,1283.0,1284.5,1.5
0,360300,5284.5,intrinsic_floor,4500,,,783.0,784.5,1.5
0,360400,5282.5,intrinsic_floor,4000,,,1281.0,1282.5,1.5
0,360400,5282.5,intrinsic_floor,4500,,,781.0,782.5,1.5
0,361000,5276.5,intrinsic_floor,4500,,,776.0,776.5,0.5
0,361100,5277.5,intrinsic_floor,4000,,,1277.0,1277.5,0.5
0,361100,5277.5,intrinsic_floor,4500,,,777.0,777.5,0.5
0,361300,5279.5,intrinsic_floor,4000,,,1279.0,1279.5,0.5
0,361300,5279.5,intrinsic_floor,4500,,,779.0,779.5,0.5
0,361700,5281.5,intrinsic_floor,4000,,,1281.0,1281.5,0.5
0,362000,5280.5,intrinsic_floor,4000,,,1280.0,1280.5,0.5
0,362000,5280.5,intrinsic_floor,4500,,,780.0,780.5,0.5
0,362700,5279.5,intrinsic_floor,4000,,,1278.0,1279.5,1.5
0,362700,5279.5,intrinsic_floor,4500,,,778.0,779.5,1.5
0,363400,5278.5,intrinsic_floor,4000,,,1278.0,1278.5,0.5
0,363400,5278.5,intrinsic_floor,4500,,,778.0,778.5,0.5
0,364100,5276.5,intrinsic_floor,4000,,,1276.0,1276.5,0.5
0,364100,5276.5,intrinsic_floor,4500,,,776.0,776.5,0.5
0,364800,5278.5,intrinsic_floor,4000,,,1278.0,1278.5,0.5
0,364800,5278.5,intrinsic_floor,4500,,,778.0,778.5,0.5
0,365100,5277.5,intrinsic_floor,4000,,,1277.0,1277.5,0.5
0,365100,5277.5,intrinsic_floor,4500,,,777.0,777.5,0.5
0,365200,5278.5,intrinsic_floor,4000,,,1277.0,1278.5,1.5
0,365200,5278.5,intrinsic_floor,4500,,,777.0,778.5,1.5
0,365900,5276.5,intrinsic_floor,4500,,,776.0,776.5,0.5
0,366000,5277.5,intrinsic_floor,4000,,,1276.5,1277.5,1.0
0,366000,5277.5,intrinsic_floor,4500,,,776.5,777.5,1.0
0,366400,5280.5,intrinsic_floor,4000,,,1280.0,1280.5,0.5
0,366400,5280.5,intrinsic_floor,4500,,,780.0,780.5,0.5
0,366500,5280.5,intrinsic_floor,4000,,,1280.0,1280.5,0.5
0,366500,5280.5,intrinsic_floor,4500,,,780.0,780.5,0.5
0,366800,5281.5,intrinsic_floor,4000,,,1281.0,1281.5,0.5
0,367700,5280.5,intrinsic_floor,4000,,,1280.0,1280.5,0.5
0,367700,5280.5,intrinsic_floor,4500,,,780.0,780.5,0.5
0,369600,5275.5,intrinsic_floor,4000,,,1275.0,1275.5,0.5
0,369600,5275.5,intrinsic_floor,4500,,,775.0,775.5,0.5
0,370800,5278.5,intrinsic_floor,4000,,,1278.0,1278.5,0.5
0,370800,5278.5,intrinsic_floor,4500,,,778.0,778.5,0.5
0,371000,5279.5,intrinsic_floor,4000,,,1279.0,1279.5,0.5
0,371000,5279.5,intrinsic_floor,4500,,,779.0,779.5,0.5
0,371100,5280.5,intrinsic_floor,4000,,,1280.0,1280.5,0.5
0,371300,5278.5,intrinsic_floor,4000,,,1278.0,1278.5,0.5
0,371300,5278.5,intrinsic_floor,4500,,,778.0,778.5,0.5
0,371400,5279.5,intrinsic_floor,4000,,,1279.0,1279.5,0.5
0,371400,5279.5,intrinsic_floor,4500,,,779.0,779.5,0.5
0,371900,5281.5,intrinsic_floor,4000,,,1280.5,1281.5,1.0
0,371900,5281.5,intrinsic_floor,4500,,,780.5,781.5,1.0
0,374800,5283.5,intrinsic_floor,4000,,,1283.0,1283.5,0.5
0,374800,5283.5,intrinsic_floor,4500,,,783.0,783.5,0.5
0,375300,5282.5,intrinsic_floor,4000,,,1282.0,1282.5,0.5
0,375300,5282.5,intrinsic_floor,4500,,,782.0,782.5,0.5
0,375600,5282.5,intrinsic_floor,4000,,,1282.0,1282.5,0.5
0,375800,5283.5,intrinsic_floor,4000,,,1282.0,1283.5,1.5
0,375800,5283.5,intrinsic_floor,4500,,,782.0,783.5,1.5
0,376900,5283.5,intrinsic_floor,4000,,,1283.0,1283.5,0.5
0,376900,5283.5,intrinsic_floor,4500,,,783.0,783.5,0.5
0,377700,5281.5,intrinsic_floor,4000,,,1281.0,1281.5,0.5
0,377700,5281.5,intrinsic_floor,4500,,,781.0,781.5,0.5
0,378200,5275.5,intrinsic_floor,4500,,,775.0,775.5,0.5
0,378300,5274.5,intrinsic_floor,4500,,,774.0,774.5,0.5
0,379800,5273.5,intrinsic_floor,4500,,,773.0,773.5,0.5
0,380600,5271.5,intrinsic_floor,4500,,,771.0,771.5,0.5
0,381700,5271.5,intrinsic_floor,4000,,,1270.5,1271.5,1.0
0,381700,5271.5,intrinsic_floor,4500,,,770.5,771.5,1.0
0,381900,5270.5,intrinsic_floor,4500,,,770.0,770.5,0.5
0,383300,5274.5,intrinsic_floor,4000,,,1274.0,1274.5,0.5
0,383300,5274.5,intrinsic_floor,4500,,,774.0,774.5,0.5
0,383500,5276.5,intrinsic_floor,4000,,,1275.5,1276.5,1.0
0,383500,5276.5,intrinsic_floor,4500,,,775.5,776.5,1.0
0,384100,5272.5,intrinsic_floor,4000,,,1272.0,1272.5,0.5
0,384100,5272.5,intrinsic_floor,4500,,,772.0,772.5,0.5
0,384300,5273.5,intrinsic_floor,4500,,,773.0,773.5,0.5
0,385000,5272.5,intrinsic_floor,4000,,,1272.0,1272.5,0.5
0,385000,5272.5,intrinsic_floor,4500,,,772.0,772.5,0.5
0,385400,5271.5,intrinsic_floor,4500,,,771.0,771.5,0.5
0,387400,5271.5,intrinsic_floor,4000,,,1271.0,1271.5,0.5
0,387400,5271.5,intrinsic_floor,4500,,,771.0,771.5,0.5
0,387700,5272.5,intrinsic_floor,4500,,,772.0,772.5,0.5
0,388000,5272.5,intrinsic_floor,4500,,,772.0,772.5,0.5
0,389100,5270.5,intrinsic_floor,4500,,,770.0,770.5,0.5
0,389700,5267.5,intrinsic_floor,4500,,,767.0,767.5,0.5
0,390000,5266.5,intrinsic_floor,4500,,,766.0,766.5,0.5
0,390100,5267.5,intrinsic_floor,4500,,,767.0,767.5,0.5
0,390200,5267.5,intrinsic_floor,4500,,,767.0,767.5,0.5
0,390300,5267.5,intrinsic_floor,4000,,,1267.0,1267.5,0.5
0,390300,5267.5,intrinsic_floor,4500,,,767.0,767.5,0.5
0,390400,5266.5,intrinsic_floor,4500,,,766.0,766.5,0.5
0,391200,5266.5,intrinsic_floor,4500,,,766.0,766.5,0.5
0,391300,5266.5,intrinsic_floor,4500,,,766.0,766.5,0.5
0,392600,5263.5,intrinsic_floor,4500,,,763.0,763.5,0.5
0,393000,5262.5,intrinsic_floor,4500,,,762.0,762.5,0.5
0,393500,5262.5,intrinsic_floor,4500,,,762.0,762.5,0.5
0,393800,5264.5,intrinsic_floor,4500,,,764.0,764.5,0.5
0,394100,5264.5,intrinsic_floor,4500,,,764.0,764.5,0.5
0,394300,5261.5,intrinsic_floor,4500,,,761.0,761.5,0.5
0,394600,5261.5,intrinsic_floor,4500,,,761.0,761.5,0.5
0,394800,5260.5,intrinsic_floor,4500,,,760.0,760.5,0.5
0,395000,5261.5,intrinsic_floor,4500,,,761.0,761.5,0.5
0,395400,5264.5,intrinsic_floor,4500,,,764.0,764.5,0.5
0,395700,5263.5,intrinsic_floor,4500,,,763.0,763.5,0.5
0,395800,5263.5,intrinsic_floor,4500,,,763.0,763.5,0.5
0,396200,5262.5,intrinsic_floor,4500,,,762.0,762.5,0.5
0,396300,5262.5,intrinsic_floor,4500,,,762.0,762.5,0.5
0,396400,5262.5,intrinsic_floor,4500,,,762.0,762.5,0.5
0,396600,5262.5,intrinsic_floor,4500,,,762.0,762.5,0.5
0,396800,5263.5,intrinsic_floor,4500,,,763.0,763.5,0.5
0,397300,5261.5,intrinsic_floor,4500,,,761.0,761.5,0.5
0,397600,5262.5,intrinsic_floor,4500,,,762.0,762.5,0.5
0,397800,5264.5,intrinsic_floor,4500,,,764.0,764.5,0.5
0,398100,5261.5,intrinsic_floor,4500,,,761.0,761.5,0.5
0,398700,5263.5,intrinsic_floor,4500,,,763.0,763.5,0.5
0,398800,5264.5,intrinsic_floor,4500,,,764.0,764.5,0.5
0,399000,5263.5,intrinsic_floor,4500,,,763.0,763.5,0.5
0,399100,5263.5,intrinsic_floor,4500,,,763.0,763.5,0.5
0,399300,5264.5,intrinsic_floor,4500,,,764.0,764.5,0.5
0,399500,5263.5,intrinsic_floor,4500,,,763.0,763.5,0.5
0,399900,5259.5,intrinsic_floor,4500,,,759.0,759.5,0.5
0,400000,5259.5,intrinsic_floor,4500,,,759.0,759.5,0.5
0,400200,5260.5,intrinsic_floor,4000,,,1259.5,1260.5,1.0
0,400200,5260.5,intrinsic_floor,4500,,,760.0,760.5,0.5
0,400500,5261.5,intrinsic_floor,4500,,,761.0,761.5,0.5
0,400700,5261.5,intrinsic_floor,4500,,,761.0,761.5,0.5
0,401100,5261.5,intrinsic_floor,4500,,,761.0,761.5,0.5
0,401200,5261.5,intrinsic_floor,4500,,,761.0,761.5,0.5
0,401300,5261.5,intrinsic_floor,4500,,,761.0,761.5,0.5
0,401700,5264.5,intrinsic_floor,4500,,,764.0,764.5,0.5
0,401800,5266.0,intrinsic_floor,4000,,,1265.0,1266.0,1.0
0,401800,5266.0,intrinsic_floor,4500,,,765.0,766.0,1.0
0,402100,5263.0,intrinsic_floor,4000,,,1257.5,1263.0,5.5
0,402100,5263.0,intrinsic_floor,4500,,,759.0,763.0,4.0
0,402200,5264.5,intrinsic_floor,4000,,,1263.5,1264.5,1.0
0,402200,5264.5,intrinsic_floor,4500,,,763.0,764.5,1.5
0,402500,5262.5,intrinsic_floor,4500,,,762.0,762.5,0.5
0,402600,5262.5,intrinsic_floor,4500,,,762.0,762.5,0.5
0,402800,5259.5,intrinsic_floor,4500,,,759.0,759.5,0.5
0,403200,5257.0,intrinsic_floor,4000,,,1256.5,1257.0,0.5
0,403500,5258.5,intrinsic_floor,4500,,,758.0,758.5,0.5
0,403900,5261.5,intrinsic_floor,4500,,,761.0,761.5,0.5
0,404200,5263.5,intrinsic_floor,4500,,,763.0,763.5,0.5
0,404400,5264.5,intrinsic_floor,4000,,,1263.0,1264.5,1.5
0,404400,5264.5,intrinsic_floor,4500,,,763.0,764.5,1.5
0,404800,5262.5,intrinsic_floor,4500,,,762.0,762.5,0.5
0,405200,5263.5,intrinsic_floor,4500,,,763.0,763.5,0.5
0,405400,5263.5,intrinsic_floor,4500,,,763.0,763.5,0.5
0,405700,5262.5,intrinsic_floor,4500,,,762.0,762.5,0.5
0,406600,5265.5,intrinsic_floor,4500,,,765.0,765.5,0.5
0,406700,5265.5,intrinsic_floor,4500,,,765.0,765.5,0.5
0,407000,5268.5,intrinsic_floor,4500,,,768.0,768.5,0.5
0,407600,5270.5,intrinsic_floor,4500,,,770.0,770.5,0.5
0,407700,5272.5,intrinsic_floor,4000,,,1272.0,1272.5,0.5
0,407700,5272.5,intrinsic_floor,4500,,,772.0,772.5,0.5
0,408300,5269.5,intrinsic_floor,4500,,,769.0,769.5,0.5
0,408700,5270.5,intrinsic_floor,4500,,,770.0,770.5,0.5
0,408800,5269.5,intrinsic_floor,4500,,,769.0,769.5,0.5
0,409300,5272.5,intrinsic_floor,4500,,,772.0,772.5,0.5
0,409500,5272.5,intrinsic_floor,4500,,,772.0,772.5,0.5
0,409600,5271.5,intrinsic_floor,4500,,,771.0,771.5,0.5
0,410100,5271.5,intrinsic_floor,4000,,,1271.0,1271.5,0.5
0,410100,5271.5,intrinsic_floor,4500,,,771.0,771.5,0.5
0,410900,5272.5,intrinsic_floor,4500,,,772.0,772.5,0.5
0,411300,5271.5,intrinsic_floor,4500,,,771.0,771.5,0.5
0,413400,5266.5,intrinsic_floor,4500,,,766.0,766.5,0.5
0,413600,5265.5,intrinsic_floor,4500,,,765.0,765.5,0.5
0,413700,5265.5,intrinsic_floor,4500,,,765.0,765.5,0.5
0,414100,5264.5,intrinsic_floor,4500,,,764.0,764.5,0.5
0,414700,5262.5,intrinsic_floor,4500,,,762.0,762.5,0.5
0,414900,5263.5,intrinsic_floor,4000,,,1262.5,1263.5,1.0
0,414900,5263.5,intrinsic_floor,4500,,,763.0,763.5,0.5
0,415200,5265.5,intrinsic_floor,4500,,,765.0,765.5,0.5
0,415600,5263.5,intrinsic_floor,4500,,,763.0,763.5,0.5
0,415900,5263.5,intrinsic_floor,4500,,,763.0,763.5,0.5
0,416100,5263.5,intrinsic_floor,4500,,,763.0,763.5,0.5
0,416500,5265.5,intrinsic_floor,4500,,,765.0,765.5,0.5
0,417600,5265.5,intrinsic_floor,4000,,,1264.5,1265.5,1.0
0,417600,5265.5,intrinsic_floor,4500,,,764.0,765.5,1.5
0,417800,5265.5,intrinsic_floor,4500,,,765.0,765.5,0.5
0,418500,5267.5,intrinsic_floor,4500,,,767.0,767.5,0.5
0,418700,5269.5,intrinsic_floor,4500,,,769.0,769.5,0.5
0,418800,5269.5,intrinsic_floor,4500,,,769.0,769.5,0.5
0,419000,5266.5,intrinsic_floor,4500,,,766.0,766.5,0.5
0,419600,5263.5,intrinsic_floor,4500,,,763.0,763.5,0.5
0,419700,5263.5,intrinsic_floor,4500,,,763.0,763.5,0.5
0,419900,5264.0,intrinsic_floor,4000,,,1262.5,1264.0,1.5
0,419900,5264.0,intrinsic_floor,4500,,,763.0,764.0,1.0
0,420100,5262.5,intrinsic_floor,4500,,,762.0,762.5,0.5
0,420400,5263.5,intrinsic_floor,4000,,,1258.0,1263.5,5.5
0,420400,5263.5,intrinsic_floor,4500,,,759.0,763.5,4.5
0,420700,5264.5,intrinsic_floor,4500,,,764.0,764.5,0.5
0,420800,5263.5,intrinsic_floor,4500,,,763.0,763.5,0.5
0,421600,5265.5,intrinsic_floor,4500,,,765.0,765.5,0.5
0,423100,5266.5,intrinsic_floor,4500,,,766.0,766.5,0.5
0,423200,5265.5,intrinsic_floor,4500,,,765.0,765.5,0.5
0,423600,5264.5,intrinsic_floor,4500,,,764.0,764.5,0.5
0,424000,5263.5,intrinsic_floor,4500,,,763.0,763.5,0.5
0,424200,5264.5,intrinsic_floor,4500,,,764.0,764.5,0.5
0,424300,5266.5,intrinsic_floor,4500,,,766.0,766.5,0.5
0,424500,5267.5,intrinsic_floor,4500,,,767.0,767.5,0.5
0,424700,5265.5,intrinsic_floor,4500,,,765.0,765.5,0.5
0,425100,5265.5,intrinsic_floor,4500,,,765.0,765.5,0.5
0,425600,5264.5,intrinsic_floor,4500,,,764.0,764.5,0.5
0,426300,5263.5,intrinsic_floor,4500,,,763.0,763.5,0.5
0,426500,5262.5,intrinsic_floor,4500,,,762.0,762.5,0.5
0,427300,5257.5,intrinsic_floor,4500,,,757.0,757.5,0.5
0,427400,5256.5,intrinsic_floor,4500,,,756.0,756.5,0.5
0,427700,5258.5,intrinsic_floor,4500,,,758.0,758.5,0.5
0,428100,5259.0,intrinsic_floor,4000,,,1258.5,1259.0,0.5
0,428200,5258.5,intrinsic_floor,4500,,,758.0,758.5,0.5
0,428500,5256.5,intrinsic_floor,4500,,,756.0,756.5,0.5
0,428900,5255.0,intrinsic_floor,4000,,,1254.5,1255.0,0.5
0,429600,5249.5,intrinsic_floor,4500,,,749.0,749.5,0.5
0,429900,5250.0,intrinsic_floor,4000,,,1249.5,1250.0,0.5
0,430400,5250.5,intrinsic_floor,4500,,,750.0,750.5,0.5
0,430700,5250.5,intrinsic_floor,4500,,,750.0,750.5,0.5
0,431000,5250.5,intrinsic_floor,4500,,,750.0,750.5,0.5
0,431300,5253.5,intrinsic_floor,4500,,,753.0,753.5,0.5
0,431400,5253.5,intrinsic_floor,4500,,,753.0,753.5,0.5
0,431600,5251.5,intrinsic_floor,4500,,,751.0,751.5,0.5
0,431800,5249.5,intrinsic_floor,4500,,,749.0,749.5,0.5
0,432200,5248.5,intrinsic_floor,4500,,,748.0,748.5,0.5
0,432300,5249.0,intrinsic_floor,4000,,,1247.5,1249.0,1.5
0,432300,5249.0,intrinsic_floor,4500,,,748.0,749.0,1.0
0,432400,5246.5,intrinsic_floor,4500,,,746.0,746.5,0.5
0,434100,5244.5,intrinsic_floor,4500,,,744.0,744.5,0.5
0,434200,5244.5,intrinsic_floor,4500,,,744.0,744.5,0.5
0,434600,5246.5,intrinsic_floor,4500,,,746.0,746.5,0.5
0,434700,5246.5,intrinsic_floor,4500,,,746.0,746.5,0.5
0,434900,5246.5,intrinsic_floor,4500,,,746.0,746.5,0.5
0,435000,5246.5,intrinsic_floor,4500,,,746.0,746.5,0.5
0,435100,5246.5,intrinsic_floor,4500,,,746.0,746.5,0.5
0,435500,5249.5,intrinsic_floor,4500,,,749.0,749.5,0.5
0,435600,5251.0,intrinsic_floor,4000,,,1250.5,1251.0,0.5
0,435700,5250.5,intrinsic_floor,4500,,,750.0,750.5,0.5
0,436100,5249.5,intrinsic_floor,4500,,,749.0,749.5,0.5
0,437000,5246.5,intrinsic_floor,4500,,,746.0,746.5,0.5
0,437300,5247.5,intrinsic_floor,4500,,,747.0,747.5,0.5
0,437400,5248.5,intrinsic_floor,4500,,,748.0,748.5,0.5
0,437600,5250.0,intrinsic_floor,4000,,,1249.5,1250.0,0.5
0,437800,5248.5,intrinsic_floor,4500,,,748.0,748.5,0.5
0,438100,5246.5,intrinsic_floor,4500,,,746.0,746.5,0.5
0,438400,5246.5,intrinsic_floor,4500,,,746.0,746.5,0.5
0,438600,5244.5,intrinsic_floor,4500,,,744.0,744.5,0.5
0,438900,5244.5,intrinsic_floor,4500,,,744.0,744.5,0.5
0,439000,5245.5,intrinsic_floor,4500,,,745.0,745.5,0.5
0,439600,5243.5,intrinsic_floor,4500,,,743.0,743.5,0.5
0,439700,5243.5,intrinsic_floor,4500,,,743.0,743.5,0.5
0,439800,5244.5,intrinsic_floor,4500,,,744.0,744.5,0.5
0,439900,5243.5,intrinsic_floor,4500,,,743.0,743.5,0.5
0,440300,5247.5,intrinsic_floor,4500,,,747.0,747.5,0.5
0,440400,5246.0,intrinsic_floor,4000,,,1245.5,1246.0,0.5
0,441300,5245.5,intrinsic_floor,4000,,,1244.0,1245.5,1.5
0,441300,5245.5,intrinsic_floor,4500,,,744.0,745.5,1.5
0,441400,5244.5,intrinsic_floor,4500,,,744.0,744.5,0.5
0,442200,5246.5,intrinsic_floor,4500,,,746.0,746.5,0.5
0,442500,5244.5,intrinsic_floor,4500,,,744.0,744.5,0.5
0,443100,5248.5,intrinsic_floor,4500,,,748.0,748.5,0.5
0,443300,5246.5,intrinsic_floor,4500,,,746.0,746.5,0.5
0,443700,5248.5,intrinsic_floor,4000,,,1247.5,1248.5,1.0
0,443700,5248.5,intrinsic_floor,4500,,,748.0,748.5,0.5
0,444000,5249.0,intrinsic_floor,4000,,,1248.5,1249.0,0.5
0,444200,5249.5,intrinsic_floor,4500,,,749.0,749.5,0.5
0,444700,5254.5,intrinsic_floor,4500,,,754.0,754.5,0.5
0,444900,5253.5,intrinsic_floor,4500,,,753.0,753.5,0.5
0,445500,5251.5,intrinsic_floor,4500,,,751.0,751.5,0.5
0,445700,5248.5,intrinsic_floor,4500,,,748.0,748.5,0.5
0,445800,5248.5,intrinsic_floor,4000,,,1247.5,1248.5,1.0
0,445800,5248.5,intrinsic_floor,4500,,,747.0,748.5,1.5
0,445900,5246.5,intrinsic_floor,4500,,,746.0,746.5,0.5
0,446000,5247.5,intrinsic_floor,4500,,,747.0,747.5,0.5
0,446300,5249.5,intrinsic_floor,4500,,,749.0,749.5,0.5
0,447000,5250.5,intrinsic_floor,4500,,,750.0,750.5,0.5
0,447300,5250.5,intrinsic_floor,4500,,,750.0,750.5,0.5
0,447400,5251.5,intrinsic_floor,4500,,,751.0,751.5,0.5
0,447500,5250.5,intrinsic_floor,4500,,,750.0,750.5,0.5
0,447600,5250.5,intrinsic_floor,4500,,,750.0,750.5,0.5
0,447700,5251.0,intrinsic_floor,4000,,,1250.5,1251.0,0.5
0,447800,5250.5,intrinsic_floor,4000,,,1245.0,1250.5,5.5
0,447800,5250.5,intrinsic_floor,4500,,,746.0,750.5,4.5
0,448400,5250.0,intrinsic_floor,4000,,,1249.5,1250.0,0.5
0,448600,5249.5,intrinsic_floor,4500,,,749.0,749.5,0.5
0,448700,5249.5,intrinsic_floor,4500,,,749.0,749.5,0.5
0,448900,5249.5,intrinsic_floor,4500,,,749.0,749.5,0.5
0,449300,5246.5,intrinsic_floor,4500,,,746.0,746.5,0.5
0,449500,5246.5,intrinsic_floor,4500,,,746.0,746.5,0.5
0,449700,5245.5,intrinsic_floor,4000,,,1240.0,1245.5,5.5
0,449700,5245.5,intrinsic_floor,4500,,,741.5,745.5,4.0
0,449900,5245.0,intrinsic_floor,4000,,,1244.5,1245.0,0.5
0,450300,5247.0,intrinsic_floor,4000,,,1245.5,1247.0,1.5
0,450300,5247.0,intrinsic_floor,4500,,,746.0,747.0,1.0
0,450400,5245.5,intrinsic_floor,4500,,,745.0,745.5,0.5
0,451000,5243.5,intrinsic_floor,4500,,,743.0,743.5,0.5
0,451300,5240.5,intrinsic_floor,4500,,,740.0,740.5,0.5
0,451700,5239.5,intrinsic_floor,4500,,,739.0,739.5,0.5
0,452000,5242.5,intrinsic_floor,4000,,,1241.0,1242.5,1.5
0,452000,5242.5,intrinsic_floor,4500,,,741.0,742.5,1.5
0,452400,5238.5,intrinsic_floor,4500,,,738.0,738.5,0.5
0,452500,5238.5,intrinsic_floor,4000,,,1237.5,1238.5,1.0
0,452500,5238.5,intrinsic_floor,4500,,,738.0,738.5,0.5
0,452600,5236.5,intrinsic_floor,4500,,,736.0,736.5,0.5
0,452700,5236.5,intrinsic_floor,4500,,,736.0,736.5,0.5
0,452900,5237.5,intrinsic_floor,4500,,,737.0,737.5,0.5
0,453100,5238.5,intrinsic_floor,4000,,,1233.0,1238.5,5.5
0,453100,5238.5,intrinsic_floor,4500,,,734.5,738.5,4.0
0,453300,5238.5,intrinsic_floor,4500,,,738.0,738.5,0.5
0,453600,5238.5,intrinsic_floor,4500,,,738.0,738.5,0.5
0,454100,5238.5,intrinsic_floor,4500,,,738.0,738.5,0.5
0,454700,5243.5,intrinsic_floor,4500,,,743.0,743.5,0.5
0,454800,5242.5,intrinsic_floor,4500,,,742.0,742.5,0.5
0,455400,5245.0,intrinsic_floor,4000,,,1244.5,1245.0,0.5
0,455700,5244.5,intrinsic_floor,4500,,,744.0,744.5,0.5
0,455900,5244.0,intrinsic_floor,4000,,,1243.5,1244.0,0.5
0,456100,5242.5,intrinsic_floor,4500,,,742.0,742.5,0.5
0,456200,5242.5,intrinsic_floor,4500,,,742.0,742.5,0.5
0,456600,5240.5,intrinsic_floor,4500,,,740.0,740.5,0.5
0,456800,5241.5,intrinsic_floor,4500,,,741.0,741.5,0.5
0,456900,5239.5,intrinsic_floor,4500,,,739.0,739.5,0.5
0,457400,5238.5,intrinsic_floor,4500,,,738.0,738.5,0.5
0,457600,5241.5,intrinsic_floor,4000,,,1240.5,1241.5,1.0
0,457600,5241.5,intrinsic_floor,4500,,,740.0,741.5,1.5
0,457800,5242.5,intrinsic_floor,4500,,,742.0,742.5,0.5
0,457900,5242.5,intrinsic_floor,4500,,,742.0,742.5,0.5
0,458000,5240.5,intrinsic_floor,4500,,,740.0,740.5,0.5
0,458600,5239.5,intrinsic_floor,4500,,,739.0,739.5,0.5
0,458700,5239.5,intrinsic_floor,4500,,,739.0,739.5,0.5
0,458800,5240.0,intrinsic_floor,4000,,,1239.5,1240.0,0.5
0,458900,5239.5,intrinsic_floor,4500,,,739.0,739.5,0.5
0,459500,5236.5,intrinsic_floor,4500,,,736.0,736.5,0.5
0,459900,5236.5,intrinsic_floor,4500,,,736.0,736.5,0.5
0,460100,5237.5,intrinsic_floor,4500,,,737.0,737.5,0.5
0,460400,5236.5,intrinsic_floor,4000,,,1235.5,1236.5,1.0
0,460400,5236.5,intrinsic_floor,4500,,,736.0,736.5,0.5
0,461100,5231.5,intrinsic_floor,4500,,,731.0,731.5,0.5
0,461200,5231.0,intrinsic_floor,4000,,,1229.5,1231.0,1.5
0,461200,5231.0,intrinsic_floor,4500,,,730.0,731.0,1.0
0,462300,5229.5,intrinsic_floor,4000,,,1229.0,1229.5,0.5
0,462300,5229.5,intrinsic_floor,4500,,,729.0,729.5,0.5
0,462500,5231.5,intrinsic_floor,4500,,,731.0,731.5,0.5
0,462800,5231.5,intrinsic_floor,4000,,,1230.5,1231.5,1.0
0,462800,5231.5,intrinsic_floor,4500,,,730.5,731.5,1.0
0,464200,5232.5,intrinsic_floor,4500,,,732.0,732.5,0.5
0,464700,5234.5,intrinsic_floor,4500,,,734.0,734.5,0.5
0,464900,5234.5,intrinsic_floor,4500,,,734.0,734.5,0.5
0,465700,5230.5,intrinsic_floor,4000,,,1230.0,1230.5,0.5
0,465700,5230.5,intrinsic_floor,4500,,,730.0,730.5,0.5
0,466300,5230.0,intrinsic_floor,4000,,,1228.5,1230.0,1.5
0,466300,5230.0,intrinsic_floor,4500,,,729.0,730.0,1.0
0,466700,5229.5,intrinsic_floor,4500,,,729.0,729.5,0.5
0,468500,5229.5,intrinsic_floor,4500,,,729.0,729.5,0.5
0,468600,5229.5,intrinsic_floor,4500,,,729.0,729.5,0.5
0,468800,5229.5,intrinsic_floor,4000,,,1229.0,1229.5,0.5
0,468800,5229.5,intrinsic_floor,4500,,,729.0,729.5,0.5
0,469100,5229.5,intrinsic_floor,4500,,,729.0,729.5,0.5
0,470000,5230.5,intrinsic_floor,4000,,,1230.0,1230.5,0.5
0,470000,5230.5,intrinsic_floor,4500,,,730.0,730.5,0.5
0,470200,5229.5,intrinsic_floor,4500,,,729.0,729.5,0.5
0,470800,5228.5,intrinsic_floor,4500,,,728.0,728.5,0.5
0,471000,5229.5,intrinsic_floor,4000,,,1229.0,1229.5,0.5
0,471000,5229.5,intrinsic_floor,4500,,,729.0,729.5,0.5
0,471200,5229.5,intrinsic_floor,4500,,,729.0,729.5,0.5
0,471800,5234.5,intrinsic_floor,4500,,,734.0,734.5,0.5
0,471900,5234.5,intrinsic_floor,4500,,,734.0,734.5,0.5
0,472000,5234.5,intrinsic_floor,4500,,,734.0,734.5,0.5
0,472100,5234.5,intrinsic_floor,4000,,,1234.0,1234.5,0.5
0,472100,5234.5,intrinsic_floor,4500,,,734.0,734.5,0.5
0,472500,5236.5,intrinsic_floor,4500,,,736.0,736.5,0.5
0,472900,5235.5,intrinsic_floor,4000,,,1235.0,1235.5,0.5
0,472900,5235.5,intrinsic_floor,4500,,,735.0,735.5,0.5
0,473000,5235.5,intrinsic_floor,4500,,,735.0,735.5,0.5
0,473300,5235.5,intrinsic_floor,4500,,,735.0,735.5,0.5
0,474000,5235.5,intrinsic_floor,4000,,,1235.0,1235.5,0.5
0,474000,5235.5,intrinsic_floor,4500,,,735.0,735.5,0.5
0,474100,5233.5,intrinsic_floor,4500,,,733.0,733.5,0.5
0,474500,5233.5,intrinsic_floor,4500,,,733.0,733.5,0.5
0,475000,5235.5,intrinsic_floor,4500,,,735.0,735.5,0.5
0,475100,5234.5,intrinsic_floor,4500,,,734.0,734.5,0.5
0,475400,5232.5,intrinsic_floor,4500,,,732.0,732.5,0.5
0,475800,5230.5,intrinsic_floor,4000,,,1230.0,1230.5,0.5
0,475800,5230.5,intrinsic_floor,4500,,,730.0,730.5,0.5
0,475900,5232.5,intrinsic_floor,4500,,,732.0,732.5,0.5
0,476100,5236.5,intrinsic_floor,4500,,,736.0,736.5,0.5
0,476400,5237.5,intrinsic_floor,4500,,,737.0,737.5,0.5
0,476500,5237.5,intrinsic_floor,4500,,,737.0,737.5,0.5
0,477100,5236.5,intrinsic_floor,4500,,,736.0,736.5,0.5
0,477300,5236.5,intrinsic_floor,4000,,,1236.0,1236.5,0.5
0,477300,5236.5,intrinsic_floor,4500,,,736.0,736.5,0.5
0,477900,5235.5,intrinsic_floor,4000,,,1234.5,1235.5,1.0
0,477900,5235.5,intrinsic_floor,4500,,,734.5,735.5,1.0
0,478400,5234.5,intrinsic_floor,4000,,,1233.5,1234.5,1.0
0,478400,5234.5,intrinsic_floor,4500,,,733.5,734.5,1.0
0,478700,5236.5,intrinsic_floor,4500,,,736.0,736.5,0.5
0,478900,5236.5,intrinsic_floor,4500,,,736.0,736.5,0.5
0,479200,5236.5,intrinsic_floor,4000,,,1231.0,1236.5,5.5
0,479200,5236.5,intrinsic_floor,4500,,,732.5,736.5,4.0
0,479500,5238.5,intrinsic_floor,4500,,,738.0,738.5,0.5
0,479900,5241.5,intrinsic_floor,4500,,,741.0,741.5,0.5
0,480000,5242.5,intrinsic_floor,4500,,,742.0,742.5,0.5
0,480100,5242.5,intrinsic_floor,4500,,,742.0,742.5,0.5
0,480200,5243.5,intrinsic_floor,4500,,,743.0,743.5,0.5
0,480500,5244.5,intrinsic_floor,4500,,,744.0,744.5,0.5
0,480800,5244.0,intrinsic_floor,4000,,,1243.5,1244.0,0.5
0,481000,5244.5,intrinsic_floor,4500,,,744.0,744.5,0.5
0,481300,5243.5,intrinsic_floor,4500,,,743.0,743.5,0.5
0,481400,5242.5,intrinsic_floor,4500,,,742.0,742.5,0.5
0,481600,5244.5,intrinsic_floor,4500,,,744.0,744.5,0.5
0,481700,5244.5,intrinsic_floor,4500,,,744.0,744.5,0.5
0,481900,5246.5,intrinsic_floor,4500,,,746.0,746.5,0.5
0,482000,5246.5,intrinsic_floor,4500,,,746.0,746.5,0.5
0,482200,5247.5,intrinsic_floor,4500,,,747.0,747.5,0.5
0,482300,5247.5,intrinsic_floor,4500,,,747.0,747.5,0.5
0,482500,5248.5,intrinsic_floor,4500,,,748.0,748.5,0.5
0,482800,5250.5,intrinsic_floor,4500,,,750.0,750.5,0.5
0,482900,5250.5,intrinsic_floor,4500,,,750.0,750.5,0.5
0,483000,5250.5,intrinsic_floor,4500,,,750.0,750.5,0.5
0,483100,5249.5,intrinsic_floor,4500,,,749.0,749.5,0.5
0,483300,5249.5,intrinsic_floor,4500,,,749.0,749.5,0.5
0,483400,5248.5,intrinsic_floor,4500,,,748.0,748.5,0.5
0,483800,5246.5,intrinsic_floor,4500,,,746.0,746.5,0.5
0,484700,5242.5,intrinsic_floor,4500,,,742.0,742.5,0.5
0,485200,5243.5,intrinsic_floor,4500,,,743.0,743.5,0.5
0,485300,5244.5,intrinsic_floor,4500,,,744.0,744.5,0.5
0,485500,5245.5,intrinsic_floor,4500,,,745.0,745.5,0.5
0,485700,5245.5,intrinsic_floor,4500,,,745.0,745.5,0.5
0,485800,5246.0,intrinsic_floor,4000,,,1245.5,1246.0,0.5
0,486000,5245.5,intrinsic_floor,4500,,,745.0,745.5,0.5
0,486100,5245.5,intrinsic_floor,4500,,,745.0,745.5,0.5
0,486200,5244.5,intrinsic_floor,4000,,,1239.0,1244.5,5.5
0,486200,5244.5,intrinsic_floor,4500,,,740.5,744.5,4.0
0,486700,5245.5,intrinsic_floor,4000,,,1244.5,1245.5,1.0
0,486700,5245.5,intrinsic_floor,4500,,,745.0,745.5,0.5
0,487000,5243.5,intrinsic_floor,4500,,,743.0,743.5,0.5
0,487300,5243.0,intrinsic_floor,4000,,,1242.5,1243.0,0.5
0,487400,5242.5,intrinsic_floor,4500,,,742.0,742.5,0.5
0,487800,5243.5,intrinsic_floor,4500,,,743.0,743.5,0.5
0,488000,5243.5,intrinsic_floor,4500,,,743.0,743.5,0.5
0,488300,5243.0,intrinsic_floor,4000,,,1242.5,1243.0,0.5
0,488500,5241.5,intrinsic_floor,4500,,,741.0,741.5,0.5
0,488800,5241.0,intrinsic_floor,4000,,,1240.5,1241.0,0.5
0,489500,5241.5,intrinsic_floor,4500,,,741.0,741.5,0.5
0,489600,5240.5,intrinsic_floor,4500,,,740.0,740.5,0.5
0,490100,5238.5,intrinsic_floor,4500,,,738.0,738.5,0.5
0,490300,5238.5,intrinsic_floor,4000,,,1233.0,1238.5,5.5
0,490300,5238.5,intrinsic_floor,4500,,,734.5,738.5,4.0
0,490700,5238.5,intrinsic_floor,4500,,,738.0,738.5,0.5
0,491100,5236.5,intrinsic_floor,4500,,,736.0,736.5,0.5
0,491200,5235.5,intrinsic_floor,4500,,,735.0,735.5,0.5
0,491700,5236.5,intrinsic_floor,4500,,,736.0,736.5,0.5
0,491800,5237.5,intrinsic_floor,4500,,,737.0,737.5,0.5
0,491900,5238.5,intrinsic_floor,4000,,,1237.5,1238.5,1.0
0,491900,5238.5,intrinsic_floor,4500,,,737.0,738.5,1.5
0,492100,5236.5,intrinsic_floor,4500,,,736.0,736.5,0.5
0,492500,5237.5,intrinsic_floor,4500,,,737.0,737.5,0.5
0,493700,5236.5,intrinsic_floor,4500,,,736.0,736.5,0.5
0,493800,5238.5,intrinsic_floor,4500,,,738.0,738.5,0.5
0,494300,5242.0,intrinsic_floor,4000,,,1241.5,1242.0,0.5
0,495600,5239.5,intrinsic_floor,4500,,,739.0,739.5,0.5
0,495700,5241.5,intrinsic_floor,4000,,,1240.5,1241.5,1.0
0,495700,5241.5,intrinsic_floor,4500,,,740.0,741.5,1.5
0,496300,5243.5,intrinsic_floor,4500,,,743.0,743.5,0.5
0,496500,5243.5,intrinsic_floor,4500,,,743.0,743.5,0.5
0,497200,5245.5,intrinsic_floor,4500,,,745.0,745.5,0.5
0,497700,5247.5,intrinsic_floor,4500,,,747.0,747.5,0.5
0,498000,5245.5,intrinsic_floor,4500,,,745.0,745.5,0.5
0,498100,5245.5,intrinsic_floor,4500,,,745.0,745.5,0.5
0,498400,5246.5,intrinsic_floor,4000,,,1245.5,1246.5,1.0
0,498400,5246.5,intrinsic_floor,4500,,,745.0,746.5,1.5
0,498600,5244.5,intrinsic_floor,4500,,,744.0,744.5,0.5
0,499000,5248.5,intrinsic_floor,4500,,,748.0,748.5,0.5
0,499100,5248.0,intrinsic_floor,4000,,,1247.5,1248.0,0.5
0,499200,5248.5,intrinsic_floor,4500,,,748.0,748.5,0.5
0,499400,5250.0,intrinsic_floor,4000,,,1249.5,1250.0,0.5
0,500200,5247.5,intrinsic_floor,4500,,,747.0,747.5,0.5
0,500300,5246.5,intrinsic_floor,4500,,,746.0,746.5,0.5
0,500900,5244.5,intrinsic_floor,4500,,,744.0,744.5,0.5
0,501000,5245.5,intrinsic_floor,4500,,,745.0,745.5,0.5
0,501100,5243.5,intrinsic_floor,4500,,,743.0,743.5,0.5
0,502100,5241.5,intrinsic_floor,4500,,,741.0,741.5,0.5
0,502800,5241.5,intrinsic_floor,4500,,,741.0,741.5,0.5
0,502900,5242.5,intrinsic_floor,4000,,,1241.5,1242.5,1.0
0,502900,5242.5,intrinsic_floor,4500,,,741.0,742.5,1.5
0,503100,5239.5,intrinsic_floor,4500,,,739.0,739.5,0.5
0,503300,5240.5,intrinsic_floor,4500,,,740.0,740.5,0.5
0,503400,5240.5,intrinsic_floor,4500,,,740.0,740.5,0.5
0,503800,5240.5,intrinsic_floor,4500,,,740.0,740.5,0.5
0,504200,5238.5,intrinsic_floor,4500,,,738.0,738.5,0.5
0,504300,5239.5,intrinsic_floor,4500,,,739.0,739.5,0.5
0,505300,5242.5,intrinsic_floor,4000,,,1241.5,1242.5,1.0
0,505300,5242.5,intrinsic_floor,4500,,,741.5,742.5,1.0
0,505700,5239.5,intrinsic_floor,4000,,,1234.0,1239.5,5.5
0,505700,5239.5,intrinsic_floor,4500,,,735.0,739.5,4.5
0,505900,5241.5,intrinsic_floor,4500,,,741.0,741.5,0.5
0,506200,5243.5,intrinsic_floor,4500,,,743.0,743.5,0.5
0,506400,5242.5,intrinsic_floor,4500,,,742.0,742.5,0.5
0,506700,5241.5,intrinsic_floor,4500,,,741.0,741.5,0.5
0,506900,5238.5,intrinsic_floor,4500,,,738.0,738.5,0.5
0,507000,5237.5,intrinsic_floor,4500,,,737.0,737.5,0.5
0,507200,5234.5,intrinsic_floor,4500,,,734.0,734.5,0.5
0,507400,5234.5,intrinsic_floor,4500,,,734.0,734.5,0.5
0,507900,5233.5,intrinsic_floor,4500,,,733.0,733.5,0.5
0,509400,5227.5,intrinsic_floor,4500,,,727.0,727.5,0.5
0,511300,5227.5,intrinsic_floor,4500,,,727.0,727.5,0.5
0,511600,5228.5,intrinsic_floor,4000,,,1227.5,1228.5,1.0
0,511600,5228.5,intrinsic_floor,4500,,,727.5,728.5,1.0
0,512000,5229.5,intrinsic_floor,4000,,,1229.0,1229.5,0.5
0,512000,5229.5,intrinsic_floor,4500,,,729.0,729.5,0.5
0,512700,5229.5,intrinsic_floor,4500,,,729.0,729.5,0.5
0,512800,5228.5,intrinsic_floor,4000,,,1228.0,1228.5,0.5
0,512800,5228.5,intrinsic_floor,4500,,,728.0,728.5,0.5
0,513000,5228.5,intrinsic_floor,4000,,,1227.0,1228.5,1.5
0,513000,5228.5,intrinsic_floor,4500,,,727.0,728.5,1.5
0,513800,5228.5,intrinsic_floor,4500,,,728.0,728.5,0.5
0,514800,5227.5,intrinsic_floor,4500,,,727.0,727.5,0.5
0,514900,5226.5,intrinsic_floor,4500,,,726.0,726.5,0.5
0,515100,5226.5,intrinsic_floor,4500,,,726.0,726.5,0.5
0,515800,5227.0,intrinsic_floor,4000,,,1225.5,1227.0,1.5
0,515800,5227.0,intrinsic_floor,4500,,,725.5,727.0,1.5
0,517200,5230.5,intrinsic_floor,4000,,,1230.0,1230.5,0.5
0,517200,5230.5,intrinsic_floor,4500,,,730.0,730.5,0.5
0,517800,5234.5,intrinsic_floor,4000,,,1233.5,1234.5,1.0
0,517800,5234.5,intrinsic_floor,4500,,,734.0,734.5,0.5
0,518000,5236.5,intrinsic_floor,4500,,,736.0,736.5,0.5
0,518400,5239.5,intrinsic_floor,4500,,,739.0,739.5,0.5
0,518600,5241.5,intrinsic_floor,4000,,,1240.0,1241.5,1.5
0,518600,5241.5,intrinsic_floor,4500,,,740.0,741.5,1.5
0,518700,5241.0,intrinsic_floor,4000,,,1239.5,1241.0,1.5
0,518700,5241.0,intrinsic_floor,4500,,,739.5,741.0,1.5
0,518800,5241.5,intrinsic_floor,4500,,,741.0,741.5,0.5
0,519100,5242.5,intrinsic_floor,4500,,,742.0,742.5,0.5
0,519200,5243.5,intrinsic_floor,4500,,,743.0,743.5,0.5
0,519400,5244.5,intrinsic_floor,4000,,,1243.5,1244.5,1.0
0,519400,5244.5,intrinsic_floor,4500,,,743.5,744.5,1.0
0,519500,5244.5,intrinsic_floor,4000,,,1243.5,1244.5,1.0
0,519500,5244.5,intrinsic_floor,4500,,,744.0,744.5,0.5
0,519900,5245.5,intrinsic_floor,4500,,,745.0,745.5,0.5
0,520000,5244.5,intrinsic_floor,4500,,,744.0,744.5,0.5
0,520100,5243.5,intrinsic_floor,4500,,,743.0,743.5,0.5
0,520200,5245.5,intrinsic_floor,4500,,,745.0,745.5,0.5
0,520300,5246.5,intrinsic_floor,4500,,,746.0,746.5,0.5
0,520500,5246.5,intrinsic_floor,4500,,,746.0,746.5,0.5
0,520700,5247.0,intrinsic_floor,4000,,,1246.5,1247.0,0.5
0,520900,5249.0,intrinsic_floor,4000,,,1248.5,1249.0,0.5
0,521200,5249.5,intrinsic_floor,4500,,,749.0,749.5,0.5
0,521400,5250.5,intrinsic_floor,4500,,,750.0,750.5,0.5
0,521500,5251.0,intrinsic_floor,4000,,,1250.5,1251.0,0.5
0,521700,5250.5,intrinsic_floor,4500,,,750.0,750.5,0.5
0,521900,5251.5,intrinsic_floor,4500,,,751.0,751.5,0.5
0,522100,5251.5,intrinsic_floor,4500,,,751.0,751.5,0.5
0,522300,5252.5,intrinsic_floor,4500,,,752.0,752.5,0.5
0,522400,5251.5,intrinsic_floor,4500,,,751.0,751.5,0.5
0,522500,5251.5,intrinsic_floor,4500,,,751.0,751.5,0.5
0,522600,5252.5,intrinsic_floor,4500,,,752.0,752.5,0.5
0,523100,5253.5,intrinsic_floor,4500,,,753.0,753.5,0.5
0,523300,5252.5,intrinsic_floor,4500,,,752.0,752.5,0.5
0,523700,5251.5,intrinsic_floor,4500,,,751.0,751.5,0.5
0,524000,5250.5,intrinsic_floor,4500,,,750.0,750.5,0.5
0,524200,5252.5,intrinsic_floor,4500,,,752.0,752.5,0.5
0,524400,5251.5,intrinsic_floor,4500,,,751.0,751.5,0.5
0,524800,5255.5,intrinsic_floor,4500,,,755.0,755.5,0.5
0,524900,5255.0,intrinsic_floor,4000,,,1254.5,1255.0,0.5
0,525400,5253.5,intrinsic_floor,4500,,,753.0,753.5,0.5
0,525500,5253.5,intrinsic_floor,4500,,,753.0,753.5,0.5
0,525700,5255.5,intrinsic_floor,4000,,,1254.5,1255.5,1.0
0,525700,5255.5,intrinsic_floor,4500,,,754.0,755.5,1.5
0,525800,5253.5,intrinsic_floor,4500,,,753.0,753.5,0.5
0,525900,5253.5,intrinsic_floor,4500,,,753.0,753.5,0.5
0,526000,5254.5,intrinsic_floor,4500,,,754.0,754.5,0.5
0,526100,5254.5,intrinsic_floor,4500,,,754.0,754.5,0.5
0,526200,5254.5,intrinsic_floor,4500,,,754.0,754.5,0.5
0,526400,5256.5,intrinsic_floor,4500,,,756.0,756.5,0.5
0,526500,5257.5,intrinsic_floor,4500,,,757.0,757.5,0.5
0,526700,5257.5,intrinsic_floor,4500,,,757.0,757.5,0.5
0,526800,5256.5,intrinsic_floor,4500,,,756.0,756.5,0.5
0,527200,5256.0,intrinsic_floor,4000,,,1255.5,1256.0,0.5
0,527300,5255.5,intrinsic_floor,4500,,,755.0,755.5,0.5
0,527400,5255.5,intrinsic_floor,4500,,,755.0,755.5,0.5
0,527500,5255.5,intrinsic_floor,4500,,,755.0,755.5,0.5
0,527900,5257.5,intrinsic_floor,4500,,,757.0,757.5,0.5
0,528000,5257.5,intrinsic_floor,4500,,,757.0,757.5,0.5
0,528100,5258.5,intrinsic_floor,4500,,,758.0,758.5,0.5
0,528200,5258.5,intrinsic_floor,4000,,,1257.5,1258.5,1.0
0,528200,5258.5,intrinsic_floor,4500,,,757.5,758.5,1.0
0,528300,5257.0,intrinsic_floor,4000,,,1256.5,1257.0,0.5
0,528600,5259.5,intrinsic_floor,4000,,,1258.5,1259.5,1.0
0,528600,5259.5,intrinsic_floor,4500,,,759.0,759.5,0.5
0,529100,5260.5,intrinsic_floor,4500,,,760.0,760.5,0.5
0,529800,5258.5,intrinsic_floor,4500,,,758.0,758.5,0.5
0,530100,5259.5,intrinsic_floor,4500,,,759.0,759.5,0.5
0,530400,5260.5,intrinsic_floor,4500,,,760.0,760.5,0.5
0,530800,5259.0,intrinsic_floor,4000,,,1258.5,1259.0,0.5
0,531400,5256.5,intrinsic_floor,4500,,,756.0,756.5,0.5
0,531600,5256.0,intrinsic_floor,4000,,,1255.5,1256.0,0.5
0,531700,5256.5,intrinsic_floor,4500,,,756.0,756.5,0.5
0,532400,5256.5,intrinsic_floor,4500,,,756.0,756.5,0.5
0,532500,5256.5,intrinsic_floor,4500,,,756.0,756.5,0.5
0,532700,5254.0,intrinsic_floor,4000,,,1253.5,1254.0,0.5
0,532900,5254.0,intrinsic_floor,4000,,,1253.5,1254.0,0.5
0,533000,5254.5,intrinsic_floor,4500,,,754.0,754.5,0.5
0,533200,5254.5,intrinsic_floor,4500,,,754.0,754.5,0.5
0,533300,5255.5,intrinsic_floor,4500,,,755.0,755.5,0.5
0,533400,5254.5,intrinsic_floor,4500,,,754.0,754.5,0.5
0,533600,5252.5,intrinsic_floor,4500,,,752.0,752.5,0.5
0,533700,5252.0,intrinsic_floor,4000,,,1251.5,1252.0,0.5
0,534000,5249.5,intrinsic_floor,4500,,,749.0,749.5,0.5
0,534100,5249.5,intrinsic_floor,4500,,,749.0,749.5,0.5
0,534200,5251.5,intrinsic_floor,4500,,,751.0,751.5,0.5
0,534500,5253.5,intrinsic_floor,4500,,,753.0,753.5,0.5
0,534700,5254.0,intrinsic_floor,4000,,,1248.5,1254.0,5.5
0,534700,5254.0,intrinsic_floor,4500,,,750.0,754.0,4.0
0,534800,5252.5,intrinsic_floor,4500,,,752.0,752.5,0.5
0,534900,5252.5,intrinsic_floor,4500,,,752.0,752.5,0.5
0,535300,5252.5,intrinsic_floor,4500,,,752.0,752.5,0.5
0,535500,5254.5,intrinsic_floor,4500,,,754.0,754.5,0.5
0,535600,5254.5,intrinsic_floor,4500,,,754.0,754.5,0.5
0,535700,5254.0,intrinsic_floor,4000,,,1253.5,1254.0,0.5
0,535800,5254.5,intrinsic_floor,4500,,,754.0,754.5,0.5
0,536000,5251.5,intrinsic_floor,4500,,,751.0,751.5,0.5
0,536200,5250.5,intrinsic_floor,4500,,,750.0,750.5,0.5
0,536300,5250.5,intrinsic_floor,4500,,,750.0,750.5,0.5
0,536400,5250.5,intrinsic_floor,4500,,,750.0,750.5,0.5
0,536500,5251.5,intrinsic_floor,4500,,,751.0,751.5,0.5
0,536600,5251.5,intrinsic_floor,4500,,,751.0,751.5,0.5
0,536700,5250.5,intrinsic_floor,4500,,,750.0,750.5,0.5
0,536800,5250.5,intrinsic_floor,4500,,,750.0,750.5,0.5
0,537000,5250.5,intrinsic_floor,4500,,,750.0,750.5,0.5
0,537100,5248.5,intrinsic_floor,4000,,,1247.5,1248.5,1.0
0,537100,5248.5,intrinsic_floor,4500,,,748.0,748.5,0.5
0,537200,5248.5,intrinsic_floor,4500,,,748.0,748.5,0.5
0,537300,5249.5,intrinsic_floor,4500,,,749.0,749.5,0.5
0,537500,5250.0,intrinsic_floor,4000,,,1249.5,1250.0,0.5
0,537600,5250.0,intrinsic_floor,4000,,,1249.5,1250.0,0.5
0,537700,5249.0,intrinsic_floor,4000,,,1248.5,1249.0,0.5
0,538000,5246.5,intrinsic_floor,4500,,,746.0,746.5,0.5
0,538200,5244.5,intrinsic_floor,4500,,,744.0,744.5,0.5
0,538400,5244.5,intrinsic_floor,4500,,,744.0,744.5,0.5
0,538700,5243.0,intrinsic_floor,4000,,,1241.5,1243.0,1.5
0,538700,5243.0,intrinsic_floor,4500,,,742.0,743.0,1.0
0,539600,5239.5,intrinsic_floor,4500,,,739.0,739.5,0.5
0,539700,5241.0,intrinsic_floor,4000,,,1240.5,1241.0,0.5
0,540300,5243.5,intrinsic_floor,4500,,,743.0,743.5,0.5
0,540400,5244.0,intrinsic_floor,4000,,,1243.5,1244.0,0.5
0,540600,5245.5,intrinsic_floor,4500,,,745.0,745.5,0.5
0,541200,5246.0,intrinsic_floor,4000,,,1244.5,1246.0,1.5
0,541200,5246.0,intrinsic_floor,4500,,,745.0,746.0,1.0
0,541300,5243.5,intrinsic_floor,4500,,,743.0,743.5,0.5
0,541700,5245.5,intrinsic_floor,4500,,,745.0,745.5,0.5
0,542200,5245.5,intrinsic_floor,4500,,,745.0,745.5,0.5
0,542600,5246.0,intrinsic_floor,4000,,,1245.5,1246.0,0.5
0,542700,5245.5,intrinsic_floor,4500,,,745.0,745.5,0.5
0,542800,5244.0,intrinsic_floor,4000,,,1243.5,1244.0,0.5
0,543500,5244.5,intrinsic_floor,4500,,,744.0,744.5,0.5
0,543800,5239.5,intrinsic_floor,4000,,,1238.5,1239.5,1.0
0,543800,5239.5,intrinsic_floor,4500,,,739.0,739.5,0.5
0,543900,5239.5,intrinsic_floor,4500,,,739.0,739.5,0.5
0,544500,5238.5,intrinsic_floor,4500,,,738.0,738.5,0.5
0,544900,5237.5,intrinsic_floor,4500,,,737.0,737.5,0.5
0,545800,5238.5,intrinsic_floor,4500,,,738.0,738.5,0.5
0,546100,5240.5,intrinsic_floor,4000,,,1239.0,1240.5,1.5
0,546100,5240.5,intrinsic_floor,4500,,,739.0,740.5,1.5
0,547400,5240.5,intrinsic_floor,4500,,,740.0,740.5,0.5
0,547700,5241.5,intrinsic_floor,4000,,,1240.5,1241.5,1.0
0,547700,5241.5,intrinsic_floor,4500,,,740.0,741.5,1.5
0,547800,5241.5,intrinsic_floor,4500,,,741.0,741.5,0.5
0,548100,5243.5,intrinsic_floor,4500,,,743.0,743.5,0.5
0,548500,5244.0,intrinsic_floor,4000,,,1243.5,1244.0,0.5
0,548700,5243.5,intrinsic_floor,4500,,,743.0,743.5,0.5
0,549100,5243.0,intrinsic_floor,4000,,,1242.5,1243.0,0.5
0,549200,5243.5,intrinsic_floor,4500,,,743.0,743.5,0.5
0,549500,5243.5,intrinsic_floor,4500,,,743.0,743.5,0.5
0,549700,5243.5,intrinsic_floor,4500,,,743.0,743.5,0.5
0,550700,5248.5,intrinsic_floor,4500,,,748.0,748.5,0.5
0,551200,5246.5,intrinsic_floor,4500,,,746.0,746.5,0.5
0,551700,5243.5,intrinsic_floor,4500,,,743.0,743.5,0.5
0,551900,5244.0,intrinsic_floor,4000,,,1243.5,1244.0,0.5
0,552000,5244.0,intrinsic_floor,4000,,,1243.5,1244.0,0.5
0,552400,5246.5,intrinsic_floor,4500,,,746.0,746.5,0.5
0,552600,5246.0,intrinsic_floor,4000,,,1245.5,1246.0,0.5
0,552700,5245.5,intrinsic_floor,4500,,,745.0,745.5,0.5
0,552800,5245.5,intrinsic_floor,4500,,,745.0,745.5,0.5
0,553200,5243.5,intrinsic_floor,4500,,,743.0,743.5,0.5
0,553600,5242.5,intrinsic_floor,4500,,,742.0,742.5,0.5
0,553700,5243.5,intrinsic_floor,4500,,,743.0,743.5,0.5
0,553900,5242.5,intrinsic_floor,4500,,,742.0,742.5,0.5
0,554200,5241.5,intrinsic_floor,4500,,,741.0,741.5,0.5
0,554500,5242.0,intrinsic_floor,4000,,,1236.5,1242.0,5.5
0,554500,5242.0,intrinsic_floor,4500,,,737.5,742.0,4.5
0,554600,5241.5,intrinsic_floor,4500,,,741.0,741.5,0.5
0,555700,5238.5,intrinsic_floor,4500,,,738.0,738.5,0.5
0,555800,5240.5,intrinsic_floor,4000,,,1239.5,1240.5,1.0
0,555800,5240.5,intrinsic_floor,4500,,,739.5,740.5,1.0
0,555900,5241.5,intrinsic_floor,4500,,,741.0,741.5,0.5
0,556000,5241.5,intrinsic_floor,4500,,,741.0,741.5,0.5
0,556300,5240.5,intrinsic_floor,4500,,,740.0,740.5,0.5
0,556400,5241.0,intrinsic_floor,4000,,,1240.5,1241.0,0.5
0,556700,5237.5,intrinsic_floor,4000,,,1236.5,1237.5,1.0
0,556700,5237.5,intrinsic_floor,4500,,,736.5,737.5,1.0
0,558200,5235.5,intrinsic_floor,4500,,,735.0,735.5,0.5
0,558500,5236.5,intrinsic_floor,4500,,,736.0,736.5,0.5
0,558700,5236.5,intrinsic_floor,4000,,,1235.0,1236.5,1.5
0,558700,5236.5,intrinsic_floor,4500,,,735.0,736.5,1.5
0,559000,5237.5,intrinsic_floor,4500,,,737.0,737.5,0.5
0,559900,5235.5,intrinsic_floor,4000,,,1234.5,1235.5,1.0
0,559900,5235.5,intrinsic_floor,4500,,,734.5,735.5,1.0
0,560000,5236.5,intrinsic_floor,4000,,,1235.5,1236.5,1.0
0,560000,5236.5,intrinsic_floor,4500,,,735.5,736.5,1.0
0,560800,5235.5,intrinsic_floor,4500,,,735.0,735.5,0.5
0,561100,5237.5,intrinsic_floor,4500,,,737.0,737.5,0.5
0,561600,5237.5,intrinsic_floor,4500,,,737.0,737.5,0.5
0,561800,5236.5,intrinsic_floor,4500,,,736.0,736.5,0.5
0,562200,5236.5,intrinsic_floor,4500,,,736.0,736.5,0.5
0,562500,5239.5,intrinsic_floor,4500,,,739.0,739.5,0.5
0,562600,5237.5,intrinsic_floor,4500,,,737.0,737.5,0.5
0,562900,5237.5,intrinsic_floor,4500,,,737.0,737.5,0.5
0,563100,5237.5,intrinsic_floor,4500,,,737.0,737.5,0.5
0,563200,5238.5,intrinsic_floor,4500,,,738.0,738.5,0.5
0,563400,5236.5,intrinsic_floor,4500,,,736.0,736.5,0.5
0,564100,5238.5,intrinsic_floor,4500,,,738.0,738.5,0.5
0,564200,5240.5,intrinsic_floor,4000,,,1239.5,1240.5,1.0
0,564200,5240.5,intrinsic_floor,4500,,,739.0,740.5,1.5
0,564300,5239.5,intrinsic_floor,4500,,,739.0,739.5,0.5
0,564400,5239.5,intrinsic_floor,4500,,,739.0,739.5,0.5
0,564500,5238.5,intrinsic_floor,4500,,,738.0,738.5,0.5
0,564600,5238.5,intrinsic_floor,4500,,,738.0,738.5,0.5
0,564800,5238.5,intrinsic_floor,4500,,,738.0,738.5,0.5
0,565000,5240.5,intrinsic_floor,4000,,,1239.5,1240.5,1.0
0,565000,5240.5,intrinsic_floor,4500,,,740.0,740.5,0.5
0,565600,5242.0,intrinsic_floor,4000,,,1241.5,1242.0,0.5
0,566100,5242.5,intrinsic_floor,4500,,,742.0,742.5,0.5
0,566400,5243.0,intrinsic_floor,4000,,,1242.5,1243.0,0.5
0,566500,5244.5,intrinsic_floor,4500,,,744.0,744.5,0.5
0,566600,5244.5,intrinsic_floor,4500,,,744.0,744.5,0.5
0,566900,5246.5,intrinsic_floor,4500,,,746.0,746.5,0.5
0,567100,5246.5,intrinsic_floor,4500,,,746.0,746.5,0.5
0,567500,5247.5,intrinsic_floor,4500,,,747.0,747.5,0.5
0,567800,5248.0,intrinsic_floor,4000,,,1246.5,1248.0,1.5
0,567800,5248.0,intrinsic_floor,4500,,,746.5,748.0,1.5
0,568100,5248.5,intrinsic_floor,4500,,,748.0,748.5,0.5
0,568200,5249.5,intrinsic_floor,4500,,,749.0,749.5,0.5
0,568300,5251.0,intrinsic_floor,4000,,,1250.5,1251.0,0.5
0,568500,5251.5,intrinsic_floor,4500,,,751.0,751.5,0.5
0,568700,5252.5,intrinsic_floor,4500,,,752.0,752.5,0.5
0,568800,5252.0,intrinsic_floor,4000,,,1247.0,1252.0,5.0
0,568800,5252.0,intrinsic_floor,4500,,,748.0,752.0,4.0
0,569000,5251.0,intrinsic_floor,4000,,,1250.5,1251.0,0.5
0,569200,5250.5,intrinsic_floor,4500,,,750.0,750.5,0.5
0,569500,5249.5,intrinsic_floor,4500,,,749.0,749.5,0.5
0,570300,5251.5,intrinsic_floor,4500,,,751.0,751.5,0.5
0,570400,5249.5,intrinsic_floor,4500,,,749.0,749.5,0.5
0,570600,5248.5,intrinsic_floor,4500,,,748.0,748.5,0.5
0,570900,5248.5,intrinsic_floor,4000,,,1247.5,1248.5,1.0
0,570900,5248.5,intrinsic_floor,4500,,,747.0,748.5,1.5
0,571000,5247.5,intrinsic_floor,4500,,,747.0,747.5,0.5
0,571100,5246.5,intrinsic_floor,4500,,,746.0,746.5,0.5
0,571200,5245.5,intrinsic_floor,4500,,,745.0,745.5,0.5
0,571300,5244.5,intrinsic_floor,4500,,,744.0,744.5,0.5
0,571800,5247.5,intrinsic_floor,4500,,,747.0,747.5,0.5
0,572100,5248.5,intrinsic_floor,4500,,,748.0,748.5,0.5
0,572200,5247.5,intrinsic_floor,4500,,,747.0,747.5,0.5
0,572400,5247.5,intrinsic_floor,4500,,,747.0,747.5,0.5
0,572500,5247.5,intrinsic_floor,4500,,,747.0,747.5,0.5
0,572600,5247.5,intrinsic_floor,4500,,,747.0,747.5,0.5
0,572700,5247.5,intrinsic_floor,4500,,,747.0,747.5,0.5
0,572800,5245.5,intrinsic_floor,4500,,,745.0,745.5,0.5
0,572900,5246.5,intrinsic_floor,4500,,,746.0,746.5,0.5
0,573000,5246.0,intrinsic_floor,4000,,,1245.5,1246.0,0.5
0,573100,5245.0,intrinsic_floor,4000,,,1244.5,1245.0,0.5
0,573600,5244.5,intrinsic_floor,4500,,,744.0,744.5,0.5
0,573700,5246.5,intrinsic_floor,4000,,,1245.5,1246.5,1.0
0,573700,5246.5,intrinsic_floor,4500,,,745.0,746.5,1.5
0,573800,5244.0,intrinsic_floor,4000,,,1243.5,1244.0,0.5
0,573900,5244.5,intrinsic_floor,4500,,,744.0,744.5,0.5
0,574000,5242.5,intrinsic_floor,4500,,,742.0,742.5,0.5
0,574400,5241.5,intrinsic_floor,4500,,,741.0,741.5,0.5
0,574600,5240.5,intrinsic_floor,4500,,,740.0,740.5,0.5
0,574800,5240.5,intrinsic_floor,4500,,,740.0,740.5,0.5
0,575000,5241.0,intrinsic_floor,4000,,,1236.0,1241.0,5.0
0,575000,5241.0,intrinsic_floor,4500,,,737.0,741.0,4.0
0,575400,5242.5,intrinsic_floor,4500,,,742.0,742.5,0.5
0,575500,5243.5,intrinsic_floor,4000,,,1242.5,1243.5,1.0
0,575500,5243.5,intrinsic_floor,4500,,,742.5,743.5,1.0
0,576100,5243.5,intrinsic_floor,4500,,,743.0,743.5,0.5
0,576600,5239.5,intrinsic_floor,4000,,,1238.5,1239.5,1.0
0,576600,5239.5,intrinsic_floor,4500,,,739.0,739.5,0.5
0,577000,5240.5,intrinsic_floor,4500,,,740.0,740.5,0.5
0,577100,5240.5,intrinsic_floor,4500,,,740.0,740.5,0.5
0,577200,5240.5,intrinsic_floor,4000,,,1239.5,1240.5,1.0
0,577200,5240.5,intrinsic_floor,4500,,,739.5,740.5,1.0
0,577900,5240.5,intrinsic_floor,4500,,,740.0,740.5,0.5
0,578300,5240.5,intrinsic_floor,4500,,,740.0,740.5,0.5
0,578500,5240.5,intrinsic_floor,4500,,,740.0,740.5,0.5
0,579100,5243.5,intrinsic_floor,4500,,,743.0,743.5,0.5
0,579200,5242.5,intrinsic_floor,4500,,,742.0,742.5,0.5
0,579300,5242.5,intrinsic_floor,4500,,,742.0,742.5,0.5
0,580100,5245.5,intrinsic_floor,4500,,,745.0,745.5,0.5
0,580400,5244.5,intrinsic_floor,4500,,,744.0,744.5,0.5
0,580900,5244.5,intrinsic_floor,4500,,,744.0,744.5,0.5
0,581000,5243.5,intrinsic_floor,4500,,,743.0,743.5,0.5
0,581300,5245.5,intrinsic_floor,4500,,,745.0,745.5,0.5
0,581400,5244.5,intrinsic_floor,4500,,,744.0,744.5,0.5
0,581500,5243.5,intrinsic_floor,4500,,,743.0,743.5,0.5
0,581600,5243.5,intrinsic_floor,4500,,,743.0,743.5,0.5
0,581700,5242.5,intrinsic_floor,4500,,,742.0,742.5,0.5
0,581800,5242.5,intrinsic_floor,4500,,,742.0,742.5,0.5
0,581900,5243.5,intrinsic_floor,4500,,,743.0,743.5,0.5
0,582100,5241.5,intrinsic_floor,4500,,,741.0,741.5,0.5
0,582400,5242.5,intrinsic_floor,4000,,,1241.5,1242.5,1.0
0,582400,5242.5,intrinsic_floor,4500,,,742.0,742.5,0.5
0,583000,5236.5,intrinsic_floor,4500,,,736.0,736.5,0.5
0,583800,5239.5,intrinsic_floor,4000,,,1238.5,1239.5,1.0
0,583800,5239.5,intrinsic_floor,4500,,,738.5,739.5,1.0
0,583900,5239.5,intrinsic_floor,4500,,,739.0,739.5,0.5
0,584200,5240.5,intrinsic_floor,4500,,,740.0,740.5,0.5
0,585000,5242.5,intrinsic_floor,4000,,,1237.0,1242.5,5.5
0,585000,5242.5,intrinsic_floor,4500,,,738.0,742.5,4.5
0,585100,5243.5,intrinsic_floor,4500,,,743.0,743.5,0.5
0,585200,5244.5,intrinsic_floor,4000,,,1243.5,1244.5,1.0
0,585200,5244.5,intrinsic_floor,4500,,,743.0,744.5,1.5
0,585400,5241.0,intrinsic_floor,4000,,,1240.5,1241.0,0.5
0,585600,5238.5,intrinsic_floor,4500,,,738.0,738.5,0.5
0,586200,5238.5,intrinsic_floor,4500,,,738.0,738.5,0.5
0,586500,5239.5,intrinsic_floor,4500,,,739.0,739.5,0.5
0,586600,5239.5,intrinsic_floor,4500,,,739.0,739.5,0.5
0,586700,5239.5,intrinsic_floor,4500,,,739.0,739.5,0.5
0,587600,5240.5,intrinsic_floor,4500,,,740.0,740.5,0.5
0,588200,5242.5,intrinsic_floor,4500,,,742.0,742.5,0.5
0,588800,5244.0,intrinsic_floor,4000,,,1242.5,1244.0,1.5
0,588800,5244.0,intrinsic_floor,4500,,,742.5,744.0,1.5
0,588900,5243.5,intrinsic_floor,4500,,,743.0,743.5,0.5
0,589200,5242.5,intrinsic_floor,4500,,,742.0,742.5,0.5
0,589400,5244.5,intrinsic_floor,4500,,,744.0,744.5,0.5
0,589700,5245.5,intrinsic_floor,4500,,,745.0,745.5,0.5
0,589900,5244.5,intrinsic_floor,4500,,,744.0,744.5,0.5
0,590300,5242.5,intrinsic_floor,4500,,,742.0,742.5,0.5
0,590500,5240.0,intrinsic_floor,4000,,,1239.5,1240.0,0.5
0,590600,5239.5,intrinsic_floor,4500,,,739.0,739.5,0.5
0,591100,5241.5,intrinsic_floor,4000,,,1236.0,1241.5,5.5
0,591100,5241.5,intrinsic_floor,4500,,,737.5,741.5,4.0
0,591300,5240.5,intrinsic_floor,4500,,,740.0,740.5,0.5
0,591500,5243.5,intrinsic_floor,4500,,,743.0,743.5,0.5
0,591600,5244.5,intrinsic_floor,4500,,,744.0,744.5,0.5
0,591800,5246.0,intrinsic_floor,4000,,,1245.5,1246.0,0.5
0,591900,5247.5,intrinsic_floor,4500,,,747.0,747.5,0.5
0,592400,5249.0,intrinsic_floor,4000,,,1248.5,1249.0,0.5
0,592600,5248.5,intrinsic_floor,4500,,,748.0,748.5,0.5
0,593300,5246.5,intrinsic_floor,4000,,,1241.0,1246.5,5.5
0,593300,5246.5,intrinsic_floor,4500,,,742.0,746.5,4.5
0,593700,5246.5,intrinsic_floor,4500,,,746.0,746.5,0.5
0,593800,5247.5,intrinsic_floor,4500,,,747.0,747.5,0.5
0,593900,5248.5,intrinsic_floor,4500,,,748.0,748.5,0.5
0,594000,5247.5,intrinsic_floor,4000,,,1246.5,1247.5,1.0
0,594000,5247.5,intrinsic_floor,4500,,,746.5,747.5,1.0
0,594100,5246.5,intrinsic_floor,4500,,,746.0,746.5,0.5
0,594300,5246.5,intrinsic_floor,4500,,,746.0,746.5,0.5
0,594400,5247.5,intrinsic_floor,4500,,,747.0,747.5,0.5
0,594500,5247.5,intrinsic_floor,4500,,,747.0,747.5,0.5
0,594800,5250.5,intrinsic_floor,4500,,,750.0,750.5,0.5
0,595200,5250.0,intrinsic_floor,4000,,,1249.5,1250.0,0.5
0,595300,5250.0,intrinsic_floor,4000,,,1249.5,1250.0,0.5
0,595400,5249.5,intrinsic_floor,4500,,,749.0,749.5,0.5
0,595600,5249.5,intrinsic_floor,4500,,,749.0,749.5,0.5
0,595900,5249.5,intrinsic_floor,4500,,,749.0,749.5,0.5
0,596000,5249.5,intrinsic_floor,4500,,,749.0,749.5,0.5
0,596100,5248.5,intrinsic_floor,4500,,,748.0,748.5,0.5
0,596200,5249.5,intrinsic_floor,4500,,,749.0,749.5,0.5
0,596300,5248.5,intrinsic_floor,4500,,,748.0,748.5,0.5
0,596500,5246.5,intrinsic_floor,4500,,,746.0,746.5,0.5
0,596900,5248.0,intrinsic_floor,4000,,,1247.5,1248.0,0.5
0,597000,5248.5,intrinsic_floor,4000,,,1247.5,1248.5,1.0
0,597000,5248.5,intrinsic_floor,4500,,,747.0,748.5,1.5
0,597100,5247.5,intrinsic_floor,4500,,,747.0,747.5,0.5
0,597300,5246.5,intrinsic_floor,4500,,,746.0,746.5,0.5
0,597400,5246.5,intrinsic_floor,4500,,,746.0,746.5,0.5
0,597600,5247.5,intrinsic_floor,4500,,,747.0,747.5,0.5
0,598300,5249.0,intrinsic_floor,4000,,,1248.5,1249.0,0.5
0,598500,5247.0,intrinsic_floor,4000,,,1246.5,1247.0,0.5
0,598600,5248.5,intrinsic_floor,4500,,,748.0,748.5,0.5
0,598700,5247.5,intrinsic_floor,4500,,,747.0,747.5,0.5
0,598800,5249.5,intrinsic_floor,4500,,,749.0,749.5,0.5
0,598900,5249.5,intrinsic_floor,4000,,,1248.5,1249.5,1.0
0,598900,5249.5,intrinsic_floor,4500,,,749.0,749.5,0.5
0,599000,5249.5,intrinsic_floor,4500,,,749.0,749.5,0.5
0,599100,5248.5,intrinsic_floor,4500,,,748.0,748.5,0.5
0,599200,5249.5,intrinsic_floor,4500,,,749.0,749.5,0.5
0,599400,5249.0,intrinsic_floor,4000,,,1248.5,1249.0,0.5
0,599500,5249.0,intrinsic_floor,4000,,,1248.5,1249.0,0.5
0,599600,5248.5,intrinsic_floor,4500,,,748.0,748.5,0.5
0,599800,5248.5,intrinsic_floor,4500,,,748.0,748.5,0.5
0,599900,5248.5,intrinsic_floor,4000,,,1247.0,1248.5,1.5
0,599900,5248.5,intrinsic_floor,4500,,,747.0,748.5,1.5
0,600000,5246.0,intrinsic_floor,4000,,,1245.5,1246.0,0.5
0,600100,5246.5,intrinsic_floor,4500,,,746.0,746.5,0.5
0,600500,5246.5,intrinsic_floor,4500,,,746.0,746.5,0.5
0,600600,5246.0,intrinsic_floor,4000,,,1245.5,1246.0,0.5
0,601300,5244.5,intrinsic_floor,4500,,,744.0,744.5,0.5
0,601400,5245.5,intrinsic_floor,4000,,,1244.5,1245.5,1.0
0,601400,5245.5,intrinsic_floor,4500,,,744.0,745.5,1.5
0,601700,5241.5,intrinsic_floor,4500,,,741.0,741.5,0.5
0,602300,5240.5,intrinsic_floor,4500,,,740.0,740.5,0.5
0,602600,5243.5,intrinsic_floor,4500,,,743.0,743.5,0.5
0,602700,5243.5,intrinsic_floor,4500,,,743.0,743.5,0.5
0,602800,5242.5,intrinsic_floor,4500,,,742.0,742.5,0.5
0,603000,5242.5,intrinsic_floor,4000,,,1237.0,1242.5,5.5
0,603000,5242.5,intrinsic_floor,4500,,,738.5,742.5,4.0
0,603700,5240.5,intrinsic_floor,4500,,,740.0,740.5,0.5
0,603900,5239.5,intrinsic_floor,4500,,,739.0,739.5,0.5
0,604100,5239.5,intrinsic_floor,4500,,,739.0,739.5,0.5
0,604200,5239.5,intrinsic_floor,4500,,,739.0,739.5,0.5
0,604500,5240.5,intrinsic_floor,4500,,,740.0,740.5,0.5
0,604600,5240.5,intrinsic_floor,4500,,,740.0,740.5,0.5
0,604800,5239.0,intrinsic_floor,4000,,,1237.5,1239.0,1.5
0,604800,5239.0,intrinsic_floor,4500,,,737.5,739.0,1.5
0,606100,5237.5,intrinsic_floor,4000,,,1236.0,1237.5,1.5
0,606100,5237.5,intrinsic_floor,4500,,,736.0,737.5,1.5
0,606200,5237.5,intrinsic_floor,4500,,,737.0,737.5,0.5
0,606300,5237.5,intrinsic_floor,4500,,,737.0,737.5,0.5
0,607000,5238.5,intrinsic_floor,4500,,,738.0,738.5,0.5
0,607100,5238.5,intrinsic_floor,4500,,,738.0,738.5,0.5
0,607200,5239.5,intrinsic_floor,4500,,,739.0,739.5,0.5
0,608000,5238.5,intrinsic_floor,4500,,,738.0,738.5,0.5
0,608200,5239.5,intrinsic_floor,4500,,,739.0,739.5,0.5
0,608300,5239.5,intrinsic_floor,4500,,,739.0,739.5,0.5
0,608600,5239.5,intrinsic_floor,4500,,,739.0,739.5,0.5
0,609300,5237.5,intrinsic_floor,4500,,,737.0,737.5,0.5
0,609400,5237.5,intrinsic_floor,4500,,,737.0,737.5,0.5
0,609500,5236.5,intrinsic_floor,4500,,,736.0,736.5,0.5
0,609600,5237.5,intrinsic_floor,4500,,,737.0,737.5,0.5
0,609700,5237.5,intrinsic_floor,4500,,,737.0,737.5,0.5
0,610400,5238.5,intrinsic_floor,4500,,,738.0,738.5,0.5
0,610800,5237.5,intrinsic_floor,4500,,,737.0,737.5,0.5
0,610900,5237.5,intrinsic_floor,4500,,,737.0,737.5,0.5
0,611000,5237.5,intrinsic_floor,4500,,,737.0,737.5,0.5
0,611800,5236.5,intrinsic_floor,4500,,,736.0,736.5,0.5
0,611900,5236.5,intrinsic_floor,4000,,,1235.5,1236.5,1.0
0,611900,5236.5,intrinsic_floor,4500,,,735.5,736.5,1.0
0,612200,5235.5,intrinsic_floor,4000,,,1235.0,1235.5,0.5
0,612200,5235.5,intrinsic_floor,4500,,,735.0,735.5,0.5
0,612900,5234.5,intrinsic_floor,4500,,,734.0,734.5,0.5
0,613000,5235.5,intrinsic_floor,4500,,,735.0,735.5,0.5
0,613300,5232.5,intrinsic_floor,4000,,,1227.5,1232.5,5.0
0,613300,5232.5,intrinsic_floor,4500,,,728.5,732.5,4.0
0,613600,5234.5,intrinsic_floor,4500,,,734.0,734.5,0.5
0,613900,5234.5,intrinsic_floor,4500,,,734.0,734.5,0.5
0,614600,5228.5,intrinsic_floor,4000,,,1228.0,1228.5,0.5
0,614600,5228.5,intrinsic_floor,4500,,,728.0,728.5,0.5
0,615300,5228.5,intrinsic_floor,4500,,,728.0,728.5,0.5
0,615700,5228.5,intrinsic_floor,4000,,,1227.5,1228.5,1.0
0,615700,5228.5,intrinsic_floor,4500,,,727.5,728.5,1.0
0,615900,5227.5,intrinsic_floor,4500,,,727.0,727.5,0.5
0,616300,5227.0,intrinsic_floor,4000,,,1225.5,1227.0,1.5
0,616300,5227.0,intrinsic_floor,4500,,,725.5,727.0,1.5
0,617400,5229.5,intrinsic_floor,4000,,,1228.5,1229.5,1.0
0,617400,5229.5,intrinsic_floor,4500,,,728.5,729.5,1.0
0,617900,5230.5,intrinsic_floor,4000,,,1230.0,1230.5,0.5
0,617900,5230.5,intrinsic_floor,4500,,,730.0,730.5,0.5
0,618000,5230.5,intrinsic_floor,4500,,,730.0,730.5,0.5
0,618100,5232.5,intrinsic_floor,4500,,,732.0,732.5,0.5
0,619100,5228.5,intrinsic_floor,4000,,,1228.0,1228.5,0.5
0,619100,5228.5,intrinsic_floor,4500,,,728.0,728.5,0.5
0,619300,5228.5,intrinsic_floor,4500,,,728.0,728.5,0.5
0,620500,5226.5,intrinsic_floor,4000,,,1225.5,1226.5,1.0
0,620500,5226.5,intrinsic_floor,4500,,,726.0,726.5,0.5
0,620900,5224.5,intrinsic_floor,4000,,,1224.0,1224.5,0.5
0,620900,5224.5,intrinsic_floor,4500,,,724.0,724.5,0.5
0,621100,5226.5,intrinsic_floor,4000,,,1225.0,1226.5,1.5
0,621100,5226.5,intrinsic_floor,4500,,,725.0,726.5,1.5
0,621700,5225.5,intrinsic_floor,4000,,,1225.0,1225.5,0.5
0,621700,5225.5,intrinsic_floor,4500,,,725.0,725.5,0.5
0,622100,5224.5,intrinsic_floor,4000,,,1223.0,1224.5,1.5
0,622100,5224.5,intrinsic_floor,4500,,,723.0,724.5,1.5
0,622400,5222.5,intrinsic_floor,4000,,,1222.0,1222.5,0.5
0,622400,5222.5,intrinsic_floor,4500,,,722.0,722.5,0.5
0,623900,5219.5,intrinsic_floor,4000,,,1219.0,1219.5,0.5
0,623900,5219.5,intrinsic_floor,4500,,,719.0,719.5,0.5
0,624100,5219.5,intrinsic_floor,4000,,,1219.0,1219.5,0.5
0,626100,5220.5,intrinsic_floor,4000,,,1220.0,1220.5,0.5
0,626100,5220.5,intrinsic_floor,4500,,,720.0,720.5,0.5
0,626500,5221.5,intrinsic_floor,4000,,,1215.0,1221.5,6.5
0,626500,5221.5,intrinsic_floor,4500,,,716.5,721.5,5.0
0,628500,5222.5,intrinsic_floor,4000,,,1222.0,1222.5,0.5
0,628500,5222.5,intrinsic_floor,4500,,,722.0,722.5,0.5
0,628800,5223.5,intrinsic_floor,4000,,,1222.5,1223.5,1.0
0,628800,5223.5,intrinsic_floor,4500,,,722.5,723.5,1.0
0,629000,5222.5,intrinsic_floor,4000,,,1222.0,1222.5,0.5
0,629000,5222.5,intrinsic_floor,4500,,,722.0,722.5,0.5
0,629300,5222.5,intrinsic_floor,4000,,,1221.0,1222.5,1.5
0,629300,5222.5,intrinsic_floor,4500,,,721.0,722.5,1.5
0,629600,5224.5,intrinsic_floor,4000,,,1223.0,1224.5,1.5
0,629600,5224.5,intrinsic_floor,4500,,,723.0,724.5,1.5
0,629800,5224.5,intrinsic_floor,4500,,,724.0,724.5,0.5
0,631400,5223.5,intrinsic_floor,4000,,,1223.0,1223.5,0.5
0,631400,5223.5,intrinsic_floor,4500,,,723.0,723.5,0.5
0,631500,5224.5,intrinsic_floor,4000,,,1224.0,1224.5,0.5
0,631500,5224.5,intrinsic_floor,4500,,,724.0,724.5,0.5
0,631900,5220.5,intrinsic_floor,4000,,,1215.0,1220.5,5.5
0,631900,5220.5,intrinsic_floor,4500,,,716.5,720.5,4.0
0,632100,5221.5,intrinsic_floor,4000,,,1221.0,1221.5,0.5
0,632100,5221.5,intrinsic_floor,4500,,,721.0,721.5,0.5
0,632700,5218.5,intrinsic_floor,4000,,,1218.0,1218.5,0.5
0,635200,5226.5,intrinsic_floor,4000,,,1226.0,1226.5,0.5
0,635200,5226.5,intrinsic_floor,4500,,,726.0,726.5,0.5
0,635800,5228.5,intrinsic_floor,4000,,,1228.0,1228.5,0.5
0,635800,5228.5,intrinsic_floor,4500,,,728.0,728.5,0.5
0,636200,5226.5,intrinsic_floor,4000,,,1226.0,1226.5,0.5
0,636200,5226.5,intrinsic_floor,4500,,,726.0,726.5,0.5
0,636400,5227.5,intrinsic_floor,4000,,,1227.0,1227.5,0.5
0,636400,5227.5,intrinsic_floor,4500,,,727.0,727.5,0.5
0,636500,5227.5,intrinsic_floor,4000,,,1227.0,1227.5,0.5
0,636500,5227.5,intrinsic_floor,4500,,,727.0,727.5,0.5
0,636900,5228.5,intrinsic_floor,4500,,,728.0,728.5,0.5
0,637300,5230.5,intrinsic_floor,4000,,,1230.0,1230.5,0.5
0,637300,5230.5,intrinsic_floor,4500,,,730.0,730.5,0.5
0,637500,5230.5,intrinsic_floor,4500,,,730.0,730.5,0.5
0,638200,5232.0,intrinsic_floor,4000,,,1231.0,1232.0,1.0
0,638200,5232.0,intrinsic_floor,4500,,,731.0,732.0,1.0
0,638400,5231.5,intrinsic_floor,4000,,,1230.5,1231.5,1.0
0,638400,5231.5,intrinsic_floor,4500,,,730.0,731.5,1.5
0,638500,5230.5,intrinsic_floor,4500,,,730.0,730.5,0.5
0,638700,5230.5,intrinsic_floor,4500,,,730.0,730.5,0.5
0,638900,5230.5,intrinsic_floor,4500,,,730.0,730.5,0.5
0,639700,5231.5,intrinsic_floor,4500,,,731.0,731.5,0.5
0,640300,5231.5,intrinsic_floor,4000,,,1226.0,1231.5,5.5
0,640300,5231.5,intrinsic_floor,4500,,,727.5,731.5,4.0
0,640700,5229.5,intrinsic_floor,4000,,,1229.0,1229.5,0.5
0,640700,5229.5,intrinsic_floor,4500,,,729.0,729.5,0.5
0,641000,5229.5,intrinsic_floor,4500,,,729.0,729.5,0.5
0,641700,5230.5,intrinsic_floor,4000,,,1230.0,1230.5,0.5
0,641700,5230.5,intrinsic_floor,4500,,,730.0,730.5,0.5
0,642100,5231.5,intrinsic_floor,4000,,,1231.0,1231.5,0.5
0,642100,5231.5,intrinsic_floor,4500,,,731.0,731.5,0.5
0,642400,5229.5,intrinsic_floor,4500,,,729.0,729.5,0.5
0,642900,5230.5,intrinsic_floor,4000,,,1230.0,1230.5,0.5
0,642900,5230.5,intrinsic_floor,4500,,,730.0,730.5,0.5
0,643100,5232.0,intrinsic_floor,4000,,,1230.5,1232.0,1.5
0,643100,5232.0,intrinsic_floor,4500,,,730.5,732.0,1.5
0,643900,5230.5,intrinsic_floor,4500,,,730.0,730.5,0.5
0,644000,5229.5,intrinsic_floor,4000,,,1229.0,1229.5,0.5
0,644000,5229.5,intrinsic_floor,4500,,,729.0,729.5,0.5
0,644800,5229.5,intrinsic_floor,4500,,,729.0,729.5,0.5
0,645400,5229.0,intrinsic_floor,4000,,,1228.0,1229.0,1.0
0,645400,5229.0,intrinsic_floor,4500,,,728.0,729.0,1.0
0,646100,5228.5,intrinsic_floor,4000,,,1227.5,1228.5,1.0
0,646100,5228.5,intrinsic_floor,4500,,,728.0,728.5,0.5
0,647000,5229.5,intrinsic_floor,4500,,,729.0,729.5,0.5
0,647500,5228.5,intrinsic_floor,4000,,,1227.5,1228.5,1.0
0,647500,5228.5,intrinsic_floor,4500,,,727.5,728.5,1.0
0,647900,5226.5,intrinsic_floor,4000,,,1226.0,1226.5,0.5
0,647900,5226.5,intrinsic_floor,4500,,,726.0,726.5,0.5
0,648000,5226.5,intrinsic_floor,4500,,,726.0,726.5,0.5
0,648300,5226.5,intrinsic_floor,4500,,,726.0,726.5,0.5
0,649000,5226.5,intrinsic_floor,4000,,,1226.0,1226.5,0.5
0,649000,5226.5,intrinsic_floor,4500,,,726.0,726.5,0.5
0,649300,5226.5,intrinsic_floor,4500,,,726.0,726.5,0.5
0,649500,5228.5,intrinsic_floor,4000,,,1228.0,1228.5,0.5
0,649500,5228.5,intrinsic_floor,4500,,,728.0,728.5,0.5
0,649700,5228.5,intrinsic_floor,4000,,,1228.0,1228.5,0.5
0,649700,5228.5,intrinsic_floor,4500,,,728.0,728.5,0.5
0,649800,5226.5,intrinsic_floor,4500,,,726.0,726.5,0.5
0,649900,5228.5,intrinsic_floor,4500,,,728.0,728.5,0.5
0,650700,5230.5,intrinsic_floor,4500,,,730.0,730.5,0.5
0,651000,5230.5,intrinsic_floor,4000,,,1230.0,1230.5,0.5
0,651000,5230.5,intrinsic_floor,4500,,,730.0,730.5,0.5
0,651100,5230.5,intrinsic_floor,4000,,,1230.0,1230.5,0.5
0,651100,5230.5,intrinsic_floor,4500,,,730.0,730.5,0.5
0,651500,5233.5,intrinsic_floor,4500,,,733.0,733.5,0.5
0,651600,5233.5,intrinsic_floor,4000,,,1232.5,1233.5,1.0
0,651600,5233.5,intrinsic_floor,4500,,,733.0,733.5,0.5
0,651700,5231.5,intrinsic_floor,4000,,,1231.0,1231.5,0.5
0,651700,5231.5,intrinsic_floor,4500,,,731.0,731.5,0.5
0,652200,5233.5,intrinsic_floor,4500,,,733.0,733.5,0.5
0,652300,5232.5,intrinsic_floor,4500,,,732.0,732.5,0.5
0,653700,5232.5,intrinsic_floor,4500,,,732.0,732.5,0.5
0,654200,5233.5,intrinsic_floor,4000,,,1232.5,1233.5,1.0
0,654200,5233.5,intrinsic_floor,4500,,,732.5,733.5,1.0
0,654500,5234.5,intrinsic_floor,4500,,,734.0,734.5,0.5
0,655100,5235.5,intrinsic_floor,4500,,,735.0,735.5,0.5
0,655400,5233.5,intrinsic_floor,4500,,,733.0,733.5,0.5
0,655600,5231.5,intrinsic_floor,4500,,,731.0,731.5,0.5
0,655800,5232.0,intrinsic_floor,4000,,,1227.0,1232.0,5.0
0,655800,5232.0,intrinsic_floor,4500,,,728.0,732.0,4.0
0,655900,5231.5,intrinsic_floor,4000,,,1226.0,1231.5,5.5
0,655900,5231.5,intrinsic_floor,4500,,,727.0,731.5,4.5
0,656200,5233.5,intrinsic_floor,4500,,,733.0,733.5,0.5
0,657000,5234.5,intrinsic_floor,4500,,,734.0,734.5,0.5
0,657300,5236.5,intrinsic_floor,4000,,,1235.5,1236.5,1.0
0,657300,5236.5,intrinsic_floor,4500,,,735.5,736.5,1.0
0,657400,5236.5,intrinsic_floor,4500,,,736.0,736.5,0.5
0,657900,5235.5,intrinsic_floor,4500,,,735.0,735.5,0.5
0,658500,5237.5,intrinsic_floor,4500,,,737.0,737.5,0.5
0,658900,5238.5,intrinsic_floor,4500,,,738.0,738.5,0.5
0,659800,5237.5,intrinsic_floor,4500,,,737.0,737.5,0.5
0,659900,5238.5,intrinsic_floor,4500,,,738.0,738.5,0.5
0,660200,5240.5,intrinsic_floor,4500,,,740.0,740.5,0.5
0,660300,5240.5,intrinsic_floor,4500,,,740.0,740.5,0.5
0,660500,5238.5,intrinsic_floor,4500,,,738.0,738.5,0.5
0,660800,5241.5,intrinsic_floor,4500,,,741.0,741.5,0.5
0,660900,5240.5,intrinsic_floor,4500,,,740.0,740.5,0.5
0,661000,5240.5,intrinsic_floor,4000,,,1239.5,1240.5,1.0
0,661000,5240.5,intrinsic_floor,4500,,,739.0,740.5,1.5
0,661100,5240.5,intrinsic_floor,4500,,,740.0,740.5,0.5
0,661200,5241.0,intrinsic_floor,4000,,,1240.5,1241.0,0.5
0,661300,5241.5,intrinsic_floor,4000,,,1240.5,1241.5,1.0
0,661300,5241.5,intrinsic_floor,4500,,,740.0,741.5,1.5
0,661500,5241.5,intrinsic_floor,4500,,,741.0,741.5,0.5
0,661600,5242.0,intrinsic_floor,4000,,,1241.5,1242.0,0.5
0,661800,5243.0,intrinsic_floor,4000,,,1242.0,1243.0,1.0
0,661800,5243.0,intrinsic_floor,4500,,,742.0,743.0,1.0
0,662100,5245.5,intrinsic_floor,4500,,,745.0,745.5,0.5
0,662400,5246.0,intrinsic_floor,4000,,,1245.5,1246.0,0.5
0,662500,5246.0,intrinsic_floor,4000,,,1245.5,1246.0,0.5
0,662700,5247.5,intrinsic_floor,4500,,,747.0,747.5,0.5
0,662800,5247.5,intrinsic_floor,4500,,,747.0,747.5,0.5
0,663000,5243.5,intrinsic_floor,4500,,,743.0,743.5,0.5
0,663100,5242.5,intrinsic_floor,4500,,,742.0,742.5,0.5
0,663600,5243.5,intrinsic_floor,4000,,,1242.5,1243.5,1.0
0,663600,5243.5,intrinsic_floor,4500,,,743.0,743.5,0.5
0,663700,5242.0,intrinsic_floor,4000,,,1241.5,1242.0,0.5
0,664200,5243.5,intrinsic_floor,4500,,,743.0,743.5,0.5
0,665000,5244.5,intrinsic_floor,4500,,,744.0,744.5,0.5
0,665100,5245.5,intrinsic_floor,4500,,,745.0,745.5,0.5
0,665200,5244.5,intrinsic_floor,4500,,,744.0,744.5,0.5
0,665400,5243.5,intrinsic_floor,4500,,,743.0,743.5,0.5
0,665500,5242.5,intrinsic_floor,4500,,,742.0,742.5,0.5
0,666200,5243.5,intrinsic_floor,4500,,,743.0,743.5,0.5
0,666300,5243.5,intrinsic_floor,4500,,,743.0,743.5,0.5
0,666500,5242.5,intrinsic_floor,4500,,,742.0,742.5,0.5
0,666800,5244.0,intrinsic_floor,4000,,,1243.5,1244.0,0.5
0,667000,5243.5,intrinsic_floor,4500,,,743.0,743.5,0.5
0,667100,5245.5,intrinsic_floor,4500,,,745.0,745.5,0.5
0,667300,5243.0,intrinsic_floor,4000,,,1242.5,1243.0,0.5
0,667400,5241.5,intrinsic_floor,4500,,,741.0,741.5,0.5
0,667700,5242.5,intrinsic_floor,4500,,,742.0,742.5,0.5
0,667800,5243.5,intrinsic_floor,4500,,,743.0,743.5,0.5
0,668500,5242.5,intrinsic_floor,4500,,,742.0,742.5,0.5
0,669100,5240.5,intrinsic_floor,4500,,,740.0,740.5,0.5
0,669500,5240.5,intrinsic_floor,4000,,,1239.5,1240.5,1.0
0,669500,5240.5,intrinsic_floor,4500,,,739.0,740.5,1.5
0,669600,5239.5,intrinsic_floor,4000,,,1238.5,1239.5,1.0
0,669600,5239.5,intrinsic_floor,4500,,,738.0,739.5,1.5
0,669800,5239.5,intrinsic_floor,4500,,,739.0,739.5,0.5
0,670400,5239.5,intrinsic_floor,4500,,,739.0,739.5,0.5
0,670800,5243.5,intrinsic_floor,4500,,,743.0,743.5,0.5
0,671100,5245.5,intrinsic_floor,4500,,,745.0,745.5,0.5
0,671200,5244.5,intrinsic_floor,4500,,,744.0,744.5,0.5
0,671400,5245.5,intrinsic_floor,4500,,,745.0,745.5,0.5
0,671600,5246.5,intrinsic_floor,4000,,,1245.5,1246.5,1.0
0,671600,5246.5,intrinsic_floor,4500,,,745.5,746.5,1.0
0,671700,5246.5,intrinsic_floor,4500,,,746.0,746.5,0.5
0,671900,5246.5,intrinsic_floor,4000,,,1245.5,1246.5,1.0
0,671900,5246.5,intrinsic_floor,4500,,,746.0,746.5,0.5
0,672100,5244.5,intrinsic_floor,4500,,,744.0,744.5,0.5
0,672200,5244.5,intrinsic_floor,4500,,,744.0,744.5,0.5
0,672400,5243.5,intrinsic_floor,4500,,,743.0,743.5,0.5
0,672500,5244.5,intrinsic_floor,4000,,,1243.5,1244.5,1.0
0,672500,5244.5,intrinsic_floor,4500,,,743.5,744.5,1.0
0,672700,5241.5,intrinsic_floor,4500,,,741.0,741.5,0.5
0,672800,5240.5,intrinsic_floor,4500,,,740.0,740.5,0.5
0,672900,5241.5,intrinsic_floor,4000,,,1240.0,1241.5,1.5
0,672900,5241.5,intrinsic_floor,4500,,,740.0,741.5,1.5
0,673100,5241.5,intrinsic_floor,4500,,,741.0,741.5,0.5
0,673300,5241.5,intrinsic_floor,4500,,,741.0,741.5,0.5
0,673400,5241.5,intrinsic_floor,4500,,,741.0,741.5,0.5
0,673800,5239.5,intrinsic_floor,4500,,,739.0,739.5,0.5
0,674200,5237.5,intrinsic_floor,4500,,,737.0,737.5,0.5
0,674300,5237.5,intrinsic_floor,4500,,,737.0,737.5,0.5
0,674500,5237.5,intrinsic_floor,4500,,,737.0,737.5,0.5
0,674600,5236.5,intrinsic_floor,4000,,,1235.5,1236.5,1.0
0,674600,5236.5,intrinsic_floor,4500,,,735.5,736.5,1.0
0,674700,5235.5,intrinsic_floor,4500,,,735.0,735.5,0.5
0,675100,5235.5,intrinsic_floor,4500,,,735.0,735.5,0.5
0,675500,5234.5,intrinsic_floor,4500,,,734.0,734.5,0.5
0,675600,5235.5,intrinsic_floor,4500,,,735.0,735.5,0.5
0,675800,5236.5,intrinsic_floor,4500,,,736.0,736.5,0.5
0,675900,5236.5,intrinsic_floor,4500,,,736.0,736.5,0.5
0,676500,5234.5,intrinsic_floor,4000,,,1234.0,1234.5,0.5
0,676500,5234.5,intrinsic_floor,4500,,,734.0,734.5,0.5
0,676600,5234.5,intrinsic_floor,4500,,,734.0,734.5,0.5
0,676800,5234.5,intrinsic_floor,4500,,,734.0,734.5,0.5
0,676900,5235.5,intrinsic_floor,4500,,,735.0,735.5,0.5
0,677200,5236.5,intrinsic_floor,4500,,,736.0,736.5,0.5
0,677300,5236.5,intrinsic_floor,4500,,,736.0,736.5,0.5
0,677400,5236.5,intrinsic_floor,4500,,,736.0,736.5,0.5
0,678400,5237.5,intrinsic_floor,4500,,,737.0,737.5,0.5
0,678900,5238.5,intrinsic_floor,4500,,,738.0,738.5,0.5
0,679400,5240.5,intrinsic_floor,4500,,,740.0,740.5,0.5
0,679500,5240.5,intrinsic_floor,4500,,,740.0,740.5,0.5
0,679900,5242.5,intrinsic_floor,4500,,,742.0,742.5,0.5
0,680100,5242.0,intrinsic_floor,4000,,,1240.5,1242.0,1.5
0,680100,5242.0,intrinsic_floor,4500,,,741.0,742.0,1.0
0,680700,5239.5,intrinsic_floor,4500,,,739.0,739.5,0.5
0,680800,5240.5,intrinsic_floor,4500,,,740.0,740.5,0.5
0,680900,5240.5,intrinsic_floor,4500,,,740.0,740.5,0.5
0,681000,5241.0,intrinsic_floor,4000,,,1239.5,1241.0,1.5
0,681000,5241.0,intrinsic_floor,4500,,,739.5,741.0,1.5
0,681200,5240.5,intrinsic_floor,4500,,,740.0,740.5,0.5
0,681500,5238.5,intrinsic_floor,4500,,,738.0,738.5,0.5
0,681700,5239.5,intrinsic_floor,4500,,,739.0,739.5,0.5
0,681800,5239.5,intrinsic_floor,4500,,,739.0,739.5,0.5
0,682100,5239.5,intrinsic_floor,4500,,,739.0,739.5,0.5
0,682600,5238.5,intrinsic_floor,4500,,,738.0,738.5,0.5
0,682900,5237.5,intrinsic_floor,4500,,,737.0,737.5,0.5
0,684200,5237.5,intrinsic_floor,4500,,,737.0,737.5,0.5
0,684600,5241.0,intrinsic_floor,4000,,,1240.5,1241.0,0.5
0,684900,5244.5,intrinsic_floor,4500,,,744.0,744.5,0.5
0,685000,5245.0,intrinsic_floor,4000,,,1244.5,1245.0,0.5
0,685200,5245.5,intrinsic_floor,4500,,,745.0,745.5,0.5
0,685300,5245.5,intrinsic_floor,4500,,,745.0,745.5,0.5
0,685400,5246.5,intrinsic_floor,4500,,,746.0,746.5,0.5
0,685600,5244.5,intrinsic_floor,4500,,,744.0,744.5,0.5
0,685700,5245.0,intrinsic_floor,4000,,,1243.5,1245.0,1.5
0,685700,5245.0,intrinsic_floor,4500,,,744.0,745.0,1.0
0,685800,5244.5,intrinsic_floor,4000,,,1243.5,1244.5,1.0
0,685800,5244.5,intrinsic_floor,4500,,,744.0,744.5,0.5
0,686200,5247.5,intrinsic_floor,4000,,,1246.5,1247.5,1.0
0,686200,5247.5,intrinsic_floor,4500,,,746.0,747.5,1.5
0,686700,5245.5,intrinsic_floor,4500,,,745.0,745.5,0.5
0,686800,5247.5,intrinsic_floor,4000,,,1246.0,1247.5,1.5
0,686800,5247.5,intrinsic_floor,4500,,,746.0,747.5,1.5
0,687000,5247.5,intrinsic_floor,4500,,,747.0,747.5,0.5
0,687200,5247.5,intrinsic_floor,4500,,,747.0,747.5,0.5
0,687500,5247.5,intrinsic_floor,4500,,,747.0,747.5,0.5
0,687900,5245.5,intrinsic_floor,4500,,,745.0,745.5,0.5
0,688100,5245.5,intrinsic_floor,4500,,,745.0,745.5,0.5
0,688200,5244.5,intrinsic_floor,4000,,,1243.5,1244.5,1.0
0,688200,5244.5,intrinsic_floor,4500,,,744.0,744.5,0.5
0,688400,5244.0,intrinsic_floor,4000,,,1243.5,1244.0,0.5
0,688500,5244.0,intrinsic_floor,4000,,,1243.0,1244.0,1.0
0,688500,5244.0,intrinsic_floor,4500,,,743.0,744.0,1.0
0,688600,5242.5,intrinsic_floor,4500,,,742.0,742.5,0.5
0,688800,5243.5,intrinsic_floor,4000,,,1242.5,1243.5,1.0
0,688800,5243.5,intrinsic_floor,4500,,,742.5,743.5,1.0
0,688900,5242.5,intrinsic_floor,4500,,,742.0,742.5,0.5
0,689200,5243.0,intrinsic_floor,4000,,,1242.5,1243.0,0.5
0,689700,5245.5,intrinsic_floor,4000,,,1244.5,1245.5,1.0
0,689700,5245.5,intrinsic_floor,4500,,,744.5,745.5,1.0
0,690000,5248.5,intrinsic_floor,4500,,,748.0,748.5,0.5
0,690100,5248.5,intrinsic_floor,4500,,,748.0,748.5,0.5
0,690300,5250.5,intrinsic_floor,4500,,,750.0,750.5,0.5
0,690400,5251.0,intrinsic_floor,4000,,,1250.5,1251.0,0.5
0,690500,5251.5,intrinsic_floor,4500,,,751.0,751.5,0.5
0,690700,5248.5,intrinsic_floor,4000,,,1247.5,1248.5,1.0
0,690700,5248.5,intrinsic_floor,4500,,,747.0,748.5,1.5
0,690800,5246.5,intrinsic_floor,4500,,,746.0,746.5,0.5
0,690900,5248.0,intrinsic_floor,4000,,,1247.5,1248.0,0.5
0,691600,5248.5,intrinsic_floor,4500,,,748.0,748.5,0.5
0,691700,5248.5,intrinsic_floor,4500,,,748.0,748.5,0.5
0,691900,5247.5,intrinsic_floor,4500,,,747.0,747.5,0.5
0,692000,5246.5,intrinsic_floor,4500,,,746.0,746.5,0.5
0,692400,5247.5,intrinsic_floor,4500,,,747.0,747.5,0.5
0,692600,5248.5,intrinsic_floor,4500,,,748.0,748.5,0.5
0,692800,5248.0,intrinsic_floor,4000,,,1247.5,1248.0,0.5
0,692900,5247.5,intrinsic_floor,4500,,,747.0,747.5,0.5
0,693000,5248.0,intrinsic_floor,4000,,,1247.5,1248.0,0.5
0,693200,5248.5,intrinsic_floor,4000,,,1243.0,1248.5,5.5
0,693200,5248.5,intrinsic_floor,4500,,,744.0,748.5,4.5
0,693800,5248.5,intrinsic_floor,4500,,,748.0,748.5,0.5
0,694000,5247.5,intrinsic_floor,4500,,,747.0,747.5,0.5
0,694100,5247.5,intrinsic_floor,4000,,,1246.5,1247.5,1.0
0,694100,5247.5,intrinsic_floor,4500,,,746.0,747.5,1.5
0,694300,5247.5,intrinsic_floor,4500,,,747.0,747.5,0.5
0,694500,5248.5,intrinsic_floor,4000,,,1247.5,1248.5,1.0
0,694500,5248.5,intrinsic_floor,4500,,,748.0,748.5,0.5
0,694800,5248.5,intrinsic_floor,4500,,,748.0,748.5,0.5
0,695000,5248.5,intrinsic_floor,4000,,,1243.0,1248.5,5.5
0,695000,5248.5,intrinsic_floor,4500,,,744.5,748.5,4.0
0,695100,5248.5,intrinsic_floor,4500,,,748.0,748.5,0.5
0,695300,5249.5,intrinsic_floor,4500,,,749.0,749.5,0.5
0,695700,5247.5,intrinsic_floor,4500,,,747.0,747.5,0.5
0,695900,5248.5,intrinsic_floor,4500,,,748.0,748.5,0.5
0,696000,5248.5,intrinsic_floor,4500,,,748.0,748.5,0.5
0,696100,5248.5,intrinsic_floor,4500,,,748.0,748.5,0.5
0,696200,5248.5,intrinsic_floor,4500,,,748.0,748.5,0.5
0,696300,5249.5,intrinsic_floor,4000,,,1248.5,1249.5,1.0
0,696300,5249.5,intrinsic_floor,4500,,,748.0,749.5,1.5
0,696500,5248.0,intrinsic_floor,4000,,,1247.5,1248.0,0.5
0,696600,5248.5,intrinsic_floor,4500,,,748.0,748.5,0.5
0,697000,5248.5,intrinsic_floor,4500,,,748.0,748.5,0.5
0,697200,5250.5,intrinsic_floor,4500,,,750.0,750.5,0.5
0,697300,5250.0,intrinsic_floor,4000,,,1249.5,1250.0,0.5
0,697400,5250.5,intrinsic_floor,4500,,,750.0,750.5,0.5
0,697500,5249.5,intrinsic_floor,4500,,,749.0,749.5,0.5
0,697900,5250.5,intrinsic_floor,4500,,,750.0,750.5,0.5
0,698000,5252.5,intrinsic_floor,4000,,,1251.5,1252.5,1.0
0,698000,5252.5,intrinsic_floor,4500,,,752.0,752.5,0.5
0,698100,5250.0,intrinsic_floor,4000,,,1249.5,1250.0,0.5
0,698200,5251.5,intrinsic_floor,4500,,,751.0,751.5,0.5
0,698400,5252.5,intrinsic_floor,4000,,,1251.5,1252.5,1.0
0,698400,5252.5,intrinsic_floor,4500,,,752.0,752.5,0.5
0,698500,5253.5,intrinsic_floor,4000,,,1252.5,1253.5,1.0
0,698500,5253.5,intrinsic_floor,4500,,,752.0,753.5,1.5
0,698600,5251.5,intrinsic_floor,4500,,,751.0,751.5,0.5
0,699100,5251.5,intrinsic_floor,4500,,,751.0,751.5,0.5
0,699800,5249.5,intrinsic_floor,4500,,,749.0,749.5,0.5
0,699900,5249.0,intrinsic_floor,4000,,,1248.5,1249.0,0.5
0,700000,5250.5,intrinsic_floor,4500,,,750.0,750.5,0.5
0,700100,5251.5,intrinsic_floor,4500,,,751.0,751.5,0.5
0,700200,5250.5,intrinsic_floor,4500,,,750.0,750.5,0.5
0,700300,5250.5,intrinsic_floor,4500,,,750.0,750.5,0.5
0,700600,5250.5,intrinsic_floor,4500,,,750.0,750.5,0.5
0,700700,5252.5,intrinsic_floor,4500,,,752.0,752.5,0.5
0,701000,5253.5,intrinsic_floor,4000,,,1252.5,1253.5,1.0
0,701000,5253.5,intrinsic_floor,4500,,,752.0,753.5,1.5
0,701300,5254.5,intrinsic_floor,4500,,,754.0,754.5,0.5
0,701400,5254.0,intrinsic_floor,4000,,,1252.5,1254.0,1.5
0,701400,5254.0,intrinsic_floor,4500,,,753.0,754.0,1.0
0,701500,5254.5,intrinsic_floor,4500,,,754.0,754.5,0.5
0,702000,5257.5,intrinsic_floor,4500,,,757.0,757.5,0.5
0,702100,5256.5,intrinsic_floor,4500,,,756.0,756.5,0.5
0,702300,5257.5,intrinsic_floor,4500,,,757.0,757.5,0.5
0,702500,5258.5,intrinsic_floor,4000,,,1257.5,1258.5,1.0
0,702500,5258.5,intrinsic_floor,4500,,,757.0,758.5,1.5
0,702600,5256.5,intrinsic_floor,4500,,,756.0,756.5,0.5
0,702900,5256.5,intrinsic_floor,4500,,,756.0,756.5,0.5
0,703000,5257.5,intrinsic_floor,4500,,,757.0,757.5,0.5
0,703200,5258.5,intrinsic_floor,4500,,,758.0,758.5,0.5
0,703600,5257.5,intrinsic_floor,4500,,,757.0,757.5,0.5
0,703800,5257.5,intrinsic_floor,4000,,,1256.5,1257.5,1.0
0,703800,5257.5,intrinsic_floor,4500,,,757.0,757.5,0.5
0,704000,5254.5,intrinsic_floor,4500,,,754.0,754.5,0.5
0,704100,5254.5,intrinsic_floor,4500,,,754.0,754.5,0.5
0,704600,5253.5,intrinsic_floor,4500,,,753.0,753.5,0.5
0,704700,5253.5,intrinsic_floor,4500,,,753.0,753.5,0.5
0,705000,5253.5,intrinsic_floor,4500,,,753.0,753.5,0.5
0,705100,5254.5,intrinsic_floor,4500,,,754.0,754.5,0.5
0,705300,5255.5,intrinsic_floor,4500,,,755.0,755.5,0.5
0,705400,5255.5,intrinsic_floor,4500,,,755.0,755.5,0.5
0,705600,5254.5,intrinsic_floor,4500,,,754.0,754.5,0.5
0,705700,5254.5,intrinsic_floor,4500,,,754.0,754.5,0.5
0,706000,5253.5,intrinsic_floor,4500,,,753.0,753.5,0.5
0,706200,5253.5,intrinsic_floor,4500,,,753.0,753.5,0.5
0,706300,5254.5,intrinsic_floor,4500,,,754.0,754.5,0.5
0,706500,5253.5,intrinsic_floor,4500,,,753.0,753.5,0.5
0,707200,5251.5,intrinsic_floor,4500,,,751.0,751.5,0.5
0,707300,5249.5,intrinsic_floor,4500,,,749.0,749.5,0.5
0,707400,5250.0,intrinsic_floor,4000,,,1249.5,1250.0,0.5
0,707500,5250.0,intrinsic_floor,4000,,,1249.5,1250.0,0.5
0,707600,5250.5,intrinsic_floor,4500,,,750.0,750.5,0.5
0,708000,5250.5,intrinsic_floor,4500,,,750.0,750.5,0.5
0,708100,5249.5,intrinsic_floor,4500,,,749.0,749.5,0.5
0,708200,5250.0,intrinsic_floor,4000,,,1249.5,1250.0,0.5
0,708300,5250.5,intrinsic_floor,4500,,,750.0,750.5,0.5
0,708700,5255.5,intrinsic_floor,4500,,,755.0,755.5,0.5
0,708800,5255.5,intrinsic_floor,4500,,,755.0,755.5,0.5
0,709000,5255.5,intrinsic_floor,4500,,,755.0,755.5,0.5
0,709200,5253.5,intrinsic_floor,4500,,,753.0,753.5,0.5
0,710000,5250.5,intrinsic_floor,4500,,,750.0,750.5,0.5
0,710100,5250.5,intrinsic_floor,4500,,,750.0,750.5,0.5
0,710400,5249.5,intrinsic_floor,4500,,,749.0,749.5,0.5
0,710500,5249.5,intrinsic_floor,4500,,,749.0,749.5,0.5
0,710700,5249.5,intrinsic_floor,4500,,,749.0,749.5,0.5
0,711100,5248.5,intrinsic_floor,4500,,,748.0,748.5,0.5
0,711200,5247.5,intrinsic_floor,4500,,,747.0,747.5,0.5
0,711600,5247.0,intrinsic_floor,4000,,,1241.0,1247.0,6.0
0,711600,5247.0,intrinsic_floor,4500,,,742.5,747.0,4.5
0,711700,5247.0,intrinsic_floor,4000,,,1246.5,1247.0,0.5
0,711900,5248.5,intrinsic_floor,4500,,,748.0,748.5,0.5
0,712200,5249.5,intrinsic_floor,4500,,,749.0,749.5,0.5
0,712400,5245.5,intrinsic_floor,4500,,,745.0,745.5,0.5
0,712500,5246.5,intrinsic_floor,4500,,,746.0,746.5,0.5
0,712600,5247.5,intrinsic_floor,4000,,,1246.0,1247.5,1.5
0,712600,5247.5,intrinsic_floor,4500,,,746.0,747.5,1.5
0,712900,5247.0,intrinsic_floor,4000,,,1246.5,1247.0,0.5
0,713300,5244.5,intrinsic_floor,4500,,,744.0,744.5,0.5
0,713800,5247.5,intrinsic_floor,4000,,,1246.5,1247.5,1.0
0,713800,5247.5,intrinsic_floor,4500,,,746.0,747.5,1.5
0,713900,5246.0,intrinsic_floor,4000,,,1245.5,1246.0,0.5
0,714100,5249.5,intrinsic_floor,4500,,,749.0,749.5,0.5
0,714200,5250.5,intrinsic_floor,4500,,,750.0,750.5,0.5
0,714400,5251.0,intrinsic_floor,4000,,,1250.5,1251.0,0.5
0,714600,5253.5,intrinsic_floor,4500,,,753.0,753.5,0.5
0,714800,5252.5,intrinsic_floor,4500,,,752.0,752.5,0.5
0,715000,5250.0,intrinsic_floor,4000,,,1246.0,1250.0,4.0
0,715000,5250.0,intrinsic_floor,4500,,,747.5,750.0,2.5
0,715100,5251.5,intrinsic_floor,4500,,,751.0,751.5,0.5
0,715600,5251.5,intrinsic_floor,4500,,,751.0,751.5,0.5
0,716000,5251.5,intrinsic_floor,4500,,,751.0,751.5,0.5
0,716100,5252.5,intrinsic_floor,4500,,,752.0,752.5,0.5
0,716400,5253.5,intrinsic_floor,4500,,,753.0,753.5,0.5
0,716500,5255.5,intrinsic_floor,4500,,,755.0,755.5,0.5
0,716600,5255.5,intrinsic_floor,4500,,,755.0,755.5,0.5
0,716900,5255.5,intrinsic_floor,4500,,,755.0,755.5,0.5
0,717000,5256.0,intrinsic_floor,4000,,,1255.5,1256.0,0.5
0,717100,5257.5,intrinsic_floor,4500,,,757.0,757.5,0.5
0,717500,5257.5,intrinsic_floor,4500,,,757.0,757.5,0.5
0,717900,5257.5,intrinsic_floor,4500,,,757.0,757.5,0.5
0,718000,5257.5,intrinsic_floor,4000,,,1256.0,1257.5,1.5
0,718000,5257.5,intrinsic_floor,4500,,,756.0,757.5,1.5
0,718500,5251.5,intrinsic_floor,4500,,,751.0,751.5,0.5
0,718600,5251.5,intrinsic_floor,4500,,,751.0,751.5,0.5
0,718800,5251.5,intrinsic_floor,4500,,,751.0,751.5,0.5
0,718900,5251.5,intrinsic_floor,4500,,,751.0,751.5,0.5
0,719800,5251.5,intrinsic_floor,4500,,,751.0,751.5,0.5
0,720000,5252.5,intrinsic_floor,4500,,,752.0,752.5,0.5
0,720300,5252.5,intrinsic_floor,4500,,,752.0,752.5,0.5
0,720400,5252.5,intrinsic_floor,4500,,,752.0,752.5,0.5
0,720500,5253.0,intrinsic_floor,4000,,,1252.5,1253.0,0.5
0,720600,5253.5,intrinsic_floor,4500,,,753.0,753.5,0.5
0,720800,5252.0,intrinsic_floor,4000,,,1251.5,1252.0,0.5
0,720900,5253.5,intrinsic_floor,4500,,,753.0,753.5,0.5
0,721300,5253.5,intrinsic_floor,4500,,,753.0,753.5,0.5
0,721500,5251.0,intrinsic_floor,4000,,,1250.5,1251.0,0.5
0,721600,5251.5,intrinsic_floor,4500,,,751.0,751.5,0.5
0,721900,5252.5,intrinsic_floor,4500,,,752.0,752.5,0.5
0,722000,5253.5,intrinsic_floor,4000,,,1252.5,1253.5,1.0
0,722000,5253.5,intrinsic_floor,4500,,,753.0,753.5,0.5
0,722100,5254.5,intrinsic_floor,4500,,,754.0,754.5,0.5
0,722200,5255.5,intrinsic_floor,4000,,,1254.5,1255.5,1.0
0,722200,5255.5,intrinsic_floor,4500,,,755.0,755.5,0.5
0,722300,5254.5,intrinsic_floor,4500,,,754.0,754.5,0.5
0,722600,5255.5,intrinsic_floor,4000,,,1250.0,1255.5,5.5
0,722600,5255.5,intrinsic_floor,4500,,,751.0,755.5,4.5
0,722700,5257.5,intrinsic_floor,4500,,,757.0,757.5,0.5
0,722900,5258.5,intrinsic_floor,4500,,,758.0,758.5,0.5
0,723000,5258.5,intrinsic_floor,4500,,,758.0,758.5,0.5
0,723200,5261.5,intrinsic_floor,4500,,,761.0,761.5,0.5
0,723300,5261.5,intrinsic_floor,4500,,,761.0,761.5,0.5
0,723400,5262.5,intrinsic_floor,4500,,,762.0,762.5,0.5
0,723500,5263.5,intrinsic_floor,4500,,,763.0,763.5,0.5
0,723600,5264.5,intrinsic_floor,4500,,,764.0,764.5,0.5
0,723800,5267.5,intrinsic_floor,4500,,,767.0,767.5,0.5
0,724300,5267.5,intrinsic_floor,4500,,,767.0,767.5,0.5
0,724400,5267.5,intrinsic_floor,4500,,,767.0,767.5,0.5
0,724800,5268.5,intrinsic_floor,4500,,,768.0,768.5,0.5
0,725500,5266.5,intrinsic_floor,4500,,,766.0,766.5,0.5
0,725800,5268.5,intrinsic_floor,4000,,,1267.0,1268.5,1.5
0,725800,5268.5,intrinsic_floor,4500,,,767.0,768.5,1.5
0,725900,5268.5,intrinsic_floor,4500,,,768.0,768.5,0.5
0,726100,5272.5,intrinsic_floor,4000,,,1271.5,1272.5,1.0
0,726100,5272.5,intrinsic_floor,4500,,,771.5,772.5,1.0
0,728900,5268.5,intrinsic_floor,4500,,,768.0,768.5,0.5
0,729000,5269.5,intrinsic_floor,4500,,,769.0,769.5,0.5
0,729100,5269.5,intrinsic_floor,4000,,,1264.0,1269.5,5.5
0,729100,5269.5,intrinsic_floor,4500,,,765.0,769.5,4.5
0,729400,5268.5,intrinsic_floor,4500,,,768.0,768.5,0.5
0,730000,5272.5,intrinsic_floor,4500,,,772.0,772.5,0.5
0,730100,5273.5,intrinsic_floor,4500,,,773.0,773.5,0.5
0,730500,5273.5,intrinsic_floor,4000,,,1273.0,1273.5,0.5
0,730500,5273.5,intrinsic_floor,4500,,,773.0,773.5,0.5
0,730800,5272.5,intrinsic_floor,4000,,,1272.0,1272.5,0.5
0,730800,5272.5,intrinsic_floor,4500,,,772.0,772.5,0.5
0,731500,5272.5,intrinsic_floor,4000,,,1272.0,1272.5,0.5
0,731500,5272.5,intrinsic_floor,4500,,,772.0,772.5,0.5
0,733200,5270.5,intrinsic_floor,4500,,,770.0,770.5,0.5
0,734400,5267.5,intrinsic_floor,4500,,,767.0,767.5,0.5
0,734500,5267.5,intrinsic_floor,4500,,,767.0,767.5,0.5
0,734700,5269.5,intrinsic_floor,4000,,,1268.0,1269.5,1.5
0,734700,5269.5,intrinsic_floor,4500,,,768.0,769.5,1.5
0,735100,5268.5,intrinsic_floor,4000,,,1268.0,1268.5,0.5
0,735100,5268.5,intrinsic_floor,4500,,,768.0,768.5,0.5
0,735800,5270.5,intrinsic_floor,4000,,,1269.5,1270.5,1.0
0,735800,5270.5,intrinsic_floor,4500,,,769.5,770.5,1.0
0,735900,5270.5,intrinsic_floor,4500,,,770.0,770.5,0.5
0,736000,5270.5,intrinsic_floor,4000,,,1269.5,1270.5,1.0
0,736000,5270.5,intrinsic_floor,4500,,,770.0,770.5,0.5
0,736100,5269.5,intrinsic_floor,4500,,,769.0,769.5,0.5
0,736200,5269.5,intrinsic_floor,4500,,,769.0,769.5,0.5
0,736500,5271.5,intrinsic_floor,4500,,,771.0,771.5,0.5
0,736700,5269.0,intrinsic_floor,4000,,,1263.5,1269.0,5.5
0,736700,5269.0,intrinsic_floor,4500,,,765.0,769.0,4.0
0,736800,5270.0,intrinsic_floor,4000,,,1264.5,1270.0,5.5
0,736800,5270.0,intrinsic_floor,4500,,,766.0,770.0,4.0
0,737000,5269.5,intrinsic_floor,4000,,,1269.0,1269.5,0.5
0,737000,5269.5,intrinsic_floor,4500,,,769.0,769.5,0.5
0,737600,5268.0,intrinsic_floor,4000,,,1267.0,1268.0,1.0
0,737600,5268.0,intrinsic_floor,4500,,,767.0,768.0,1.0
0,738700,5269.5,intrinsic_floor,4500,,,769.0,769.5,0.5
0,739000,5270.5,intrinsic_floor,4500,,,770.0,770.5,0.5
0,740000,5269.5,intrinsic_floor,4500,,,769.0,769.5,0.5
0,741000,5268.5,intrinsic_floor,4500,,,768.0,768.5,0.5
0,741300,5269.5,intrinsic_floor,4500,,,769.0,769.5,0.5
0,741500,5270.0,intrinsic_floor,4000,,,1268.5,1270.0,1.5
0,741500,5270.0,intrinsic_floor,4500,,,768.5,770.0,1.5
0,742000,5267.5,intrinsic_floor,4000,,,1267.0,1267.5,0.5
0,742000,5267.5,intrinsic_floor,4500,,,767.0,767.5,0.5
0,742100,5267.5,intrinsic_floor,4500,,,767.0,767.5,0.5
0,742500,5265.5,intrinsic_floor,4500,,,765.0,765.5,0.5
0,742800,5266.5,intrinsic_floor,4500,,,766.0,766.5,0.5
0,742900,5266.5,intrinsic_floor,4500,,,766.0,766.5,0.5
0,743300,5266.5,intrinsic_floor,4500,,,766.0,766.5,0.5
0,743500,5267.5,intrinsic_floor,4500,,,767.0,767.5,0.5
0,743600,5267.5,intrinsic_floor,4000,,,1267.0,1267.5,0.5
0,743600,5267.5,intrinsic_floor,4500,,,767.0,767.5,0.5
0,744200,5268.5,intrinsic_floor,4000,,,1267.0,1268.5,1.5
0,744200,5268.5,intrinsic_floor,4500,,,767.0,768.5,1.5
0,744600,5269.5,intrinsic_floor,4500,,,769.0,769.5,0.5
0,744700,5270.5,intrinsic_floor,4000,,,1269.0,1270.5,1.5
0,744700,5270.5,intrinsic_floor,4500,,,769.0,770.5,1.5
0,744800,5269.5,intrinsic_floor,4500,,,769.0,769.5,0.5
0,745000,5269.5,intrinsic_floor,4000,,,1269.0,1269.5,0.5
0,745000,5269.5,intrinsic_floor,4500,,,769.0,769.5,0.5
0,746100,5271.5,intrinsic_floor,4500,,,771.0,771.5,0.5
0,746900,5273.5,intrinsic_floor,4000,,,1273.0,1273.5,0.5
0,746900,5273.5,intrinsic_floor,4500,,,773.0,773.5,0.5
0,747300,5272.5,intrinsic_floor,4000,,,1271.5,1272.5,1.0
0,747300,5272.5,intrinsic_floor,4500,,,771.5,772.5,1.0
0,747600,5272.5,intrinsic_floor,4500,,,772.0,772.5,0.5
0,747700,5274.5,intrinsic_floor,4000,,,1273.0,1274.5,1.5
0,747700,5274.5,intrinsic_floor,4500,,,773.0,774.5,1.5
0,748200,5276.5,intrinsic_floor,4000,,,1275.5,1276.5,1.0
0,748200,5276.5,intrinsic_floor,4500,,,775.5,776.5,1.0
0,748300,5274.5,intrinsic_floor,4500,,,774.0,774.5,0.5
0,748400,5276.5,intrinsic_floor,4000,,,1275.5,1276.5,1.0
0,748400,5276.5,intrinsic_floor,4500,,,775.5,776.5,1.0
0,748600,5274.5,intrinsic_floor,4500,,,774.0,774.5,0.5
0,749700,5277.5,intrinsic_floor,4000,,,1277.0,1277.5,0.5
0,749700,5277.5,intrinsic_floor,4500,,,777.0,777.5,0.5
0,750500,5278.5,intrinsic_floor,4000,,,1278.0,1278.5,0.5
0,750500,5278.5,intrinsic_floor,4500,,,778.0,778.5,0.5
0,751300,5281.5,intrinsic_floor,4000,,,1281.0,1281.5,0.5
0,751300,5281.5,intrinsic_floor,4500,,,781.0,781.5,0.5
0,751500,5282.5,intrinsic_floor,4000,,,1282.0,1282.5,0.5
0,751700,5283.5,intrinsic_floor,4000,,,1282.5,1283.5,1.0
0,751700,5283.5,intrinsic_floor,4500,,,782.5,783.5,1.0
0,751800,5283.5,intrinsic_floor,4000,,,1283.0,1283.5,0.5
0,752000,5284.5,intrinsic_floor,4000,,,1284.0,1284.5,0.5
0,752400,5281.5,intrinsic_floor,4000,,,1281.0,1281.5,0.5
0,752400,5281.5,intrinsic_floor,4500,,,781.0,781.5,0.5
0,752500,5282.5,intrinsic_floor,4000,,,1281.5,1282.5,1.0
0,752500,5282.5,intrinsic_floor,4500,,,781.5,782.5,1.0
0,754000,5272.5,intrinsic_floor,4500,,,772.0,772.5,0.5
0,754700,5270.5,intrinsic_floor,4500,,,770.0,770.5,0.5
0,755400,5268.5,intrinsic_floor,4000,,,1268.0,1268.5,0.5
0,755400,5268.5,intrinsic_floor,4500,,,768.0,768.5,0.5
0,756600,5266.5,intrinsic_floor,4500,,,766.0,766.5,0.5
0,756700,5266.5,intrinsic_floor,4500,,,766.0,766.5,0.5
0,756900,5265.5,intrinsic_floor,4500,,,765.0,765.5,0.5
0,757300,5268.5,intrinsic_floor,4000,,,1263.0,1268.5,5.5
0,757300,5268.5,intrinsic_floor,4500,,,764.0,768.5,4.5
0,757600,5268.5,intrinsic_floor,4000,,,1267.5,1268.5,1.0
0,757600,5268.5,intrinsic_floor,4500,,,767.5,768.5,1.0
0,757900,5268.5,intrinsic_floor,4000,,,1268.0,1268.5,0.5
0,757900,5268.5,intrinsic_floor,4500,,,768.0,768.5,0.5
0,758100,5272.5,intrinsic_floor,4000,,,1271.5,1272.5,1.0
0,758100,5272.5,intrinsic_floor,4500,,,771.0,772.5,1.5
0,758700,5271.5,intrinsic_floor,4500,,,771.0,771.5,0.5
0,758800,5270.5,intrinsic_floor,4500,,,770.0,770.5,0.5
0,759200,5269.5,intrinsic_floor,4500,,,769.0,769.5,0.5
0,760400,5260.5,intrinsic_floor,4500,,,760.0,760.5,0.5
0,760500,5259.5,intrinsic_floor,4500,,,759.0,759.5,0.5
0,761200,5257.5,intrinsic_floor,4500,,,757.0,757.5,0.5
0,761300,5257.5,intrinsic_floor,4500,,,757.0,757.5,0.5
0,761600,5256.0,intrinsic_floor,4000,,,1255.5,1256.0,0.5
0,761800,5258.0,intrinsic_floor,4000,,,1257.5,1258.0,0.5
0,762100,5257.5,intrinsic_floor,4500,,,757.0,757.5,0.5
0,762700,5257.5,intrinsic_floor,4500,,,757.0,757.5,0.5
0,762800,5256.5,intrinsic_floor,4500,,,756.0,756.5,0.5
0,762900,5255.5,intrinsic_floor,4500,,,755.0,755.5,0.5
0,763000,5256.5,intrinsic_floor,4500,,,756.0,756.5,0.5
0,763400,5257.5,intrinsic_floor,4000,,,1256.5,1257.5,1.0
0,763400,5257.5,intrinsic_floor,4500,,,756.0,757.5,1.5
0,764200,5255.5,intrinsic_floor,4500,,,755.0,755.5,0.5
0,764500,5258.5,intrinsic_floor,4500,,,758.0,758.5,0.5
0,764600,5259.0,intrinsic_floor,4000,,,1258.5,1259.0,0.5
0,764800,5258.5,intrinsic_floor,4500,,,758.0,758.5,0.5
0,764900,5257.5,intrinsic_floor,4500,,,757.0,757.5,0.5
0,765100,5259.5,intrinsic_floor,4500,,,759.0,759.5,0.5
0,765200,5260.5,intrinsic_floor,4500,,,760.0,760.5,0.5
0,765400,5261.5,intrinsic_floor,4500,,,761.0,761.5,0.5
0,765500,5262.5,intrinsic_floor,4500,,,762.0,762.5,0.5
0,765600,5262.5,intrinsic_floor,4500,,,762.0,762.5,0.5
0,766200,5261.5,intrinsic_floor,4500,,,761.0,761.5,0.5
0,766600,5259.5,intrinsic_floor,4500,,,759.0,759.5,0.5
0,766900,5258.5,intrinsic_floor,4500,,,758.0,758.5,0.5
0,767700,5258.5,intrinsic_floor,4500,,,758.0,758.5,0.5
0,768000,5256.5,intrinsic_floor,4500,,,756.0,756.5,0.5
0,768200,5256.5,intrinsic_floor,4000,,,1255.5,1256.5,1.0
0,768200,5256.5,intrinsic_floor,4500,,,755.0,756.5,1.5
0,769100,5258.5,intrinsic_floor,4500,,,758.0,758.5,0.5
0,769300,5257.5,intrinsic_floor,4000,,,1252.0,1257.5,5.5
0,769300,5257.5,intrinsic_floor,4500,,,753.0,757.5,4.5
0,769700,5260.5,intrinsic_floor,4500,,,760.0,760.5,0.5
0,770000,5262.5,intrinsic_floor,4500,,,762.0,762.5,0.5
0,770100,5262.5,intrinsic_floor,4500,,,762.0,762.5,0.5
0,770200,5263.5,intrinsic_floor,4500,,,763.0,763.5,0.5
0,770500,5263.5,intrinsic_floor,4500,,,763.0,763.5,0.5
0,770700,5263.5,intrinsic_floor,4500,,,763.0,763.5,0.5
0,770900,5264.0,intrinsic_floor,4000,,,1262.5,1264.0,1.5
0,770900,5264.0,intrinsic_floor,4500,,,763.0,764.0,1.0
0,772500,5260.5,intrinsic_floor,4500,,,760.0,760.5,0.5
0,772600,5261.5,intrinsic_floor,4500,,,761.0,761.5,0.5
0,773200,5260.5,intrinsic_floor,4500,,,760.0,760.5,0.5
0,773300,5261.5,intrinsic_floor,4500,,,761.0,761.5,0.5
0,773800,5262.5,intrinsic_floor,4500,,,762.0,762.5,0.5
0,773900,5262.5,intrinsic_floor,4500,,,762.0,762.5,0.5
0,774100,5264.5,intrinsic_floor,4000,,,1263.5,1264.5,1.0
0,774100,5264.5,intrinsic_floor,4500,,,763.0,764.5,1.5
0,774200,5261.5,intrinsic_floor,4500,,,761.0,761.5,0.5
0,775100,5261.0,intrinsic_floor,4000,,,1260.5,1261.0,0.5
0,775400,5260.5,intrinsic_floor,4500,,,760.0,760.5,0.5
0,776000,5259.5,intrinsic_floor,4000,,,1258.5,1259.5,1.0
0,776000,5259.5,intrinsic_floor,4500,,,758.5,759.5,1.0
0,776600,5253.5,intrinsic_floor,4500,,,753.0,753.5,0.5
0,776900,5252.0,intrinsic_floor,4000,,,1251.5,1252.0,0.5
0,777000,5252.5,intrinsic_floor,4500,,,752.0,752.5,0.5
0,777200,5250.5,intrinsic_floor,4500,,,750.0,750.5,0.5
0,777300,5250.5,intrinsic_floor,4500,,,750.0,750.5,0.5
0,778000,5251.0,intrinsic_floor,4000,,,1250.5,1251.0,0.5
0,778200,5251.5,intrinsic_floor,4500,,,751.0,751.5,0.5
0,778300,5252.5,intrinsic_floor,4500,,,752.0,752.5,0.5
0,778600,5250.5,intrinsic_floor,4500,,,750.0,750.5,0.5
0,778700,5251.5,intrinsic_floor,4500,,,751.0,751.5,0.5
0,778900,5250.5,intrinsic_floor,4500,,,750.0,750.5,0.5
0,779100,5252.5,intrinsic_floor,4500,,,752.0,752.5,0.5
0,779500,5249.5,intrinsic_floor,4500,,,749.0,749.5,0.5
0,779600,5250.5,intrinsic_floor,4000,,,1245.0,1250.5,5.5
0,779600,5250.5,intrinsic_floor,4500,,,746.0,750.5,4.5
0,779700,5249.5,intrinsic_floor,4500,,,749.0,749.5,0.5
0,779800,5250.5,intrinsic_floor,4500,,,750.0,750.5,0.5
0,779900,5250.0,intrinsic_floor,4000,,,1249.5,1250.0,0.5
0,780000,5250.5,intrinsic_floor,4500,,,750.0,750.5,0.5
0,780100,5250.5,intrinsic_floor,4500,,,750.0,750.5,0.5
0,780300,5248.0,intrinsic_floor,4000,,,1247.5,1248.0,0.5
0,780500,5249.0,intrinsic_floor,4000,,,1248.5,1249.0,0.5
0,780800,5248.5,intrinsic_floor,4500,,,748.0,748.5,0.5
0,780900,5248.0,intrinsic_floor,4000,,,1247.5,1248.0,0.5
0,781000,5250.5,intrinsic_floor,4000,,,1249.5,1250.5,1.0
0,781000,5250.5,intrinsic_floor,4500,,,750.0,750.5,0.5
0,781100,5249.0,intrinsic_floor,4000,,,1248.5,1249.0,0.5
0,781200,5249.5,intrinsic_floor,4500,,,749.0,749.5,0.5
0,781900,5250.5,intrinsic_floor,4500,,,750.0,750.5,0.5
0,782100,5251.5,intrinsic_floor,4500,,,751.0,751.5,0.5
0,782300,5251.5,intrinsic_floor,4500,,,751.0,751.5,0.5
0,782500,5250.5,intrinsic_floor,4500,,,750.0,750.5,0.5
0,782900,5247.5,intrinsic_floor,4500,,,747.0,747.5,0.5
0,783100,5249.5,intrinsic_floor,4500,,,749.0,749.5,0.5
0,783800,5245.5,intrinsic_floor,4500,,,745.0,745.5,0.5
0,784100,5246.5,intrinsic_floor,4500,,,746.0,746.5,0.5
0,784300,5248.0,intrinsic_floor,4000,,,1247.5,1248.0,0.5
0,784900,5247.0,intrinsic_floor,4000,,,1246.5,1247.0,0.5
0,785300,5248.5,intrinsic_floor,4500,,,748.0,748.5,0.5
0,785500,5248.0,intrinsic_floor,4000,,,1247.5,1248.0,0.5
0,785600,5248.5,intrinsic_floor,4500,,,748.0,748.5,0.5
0,785800,5249.0,intrinsic_floor,4000,,,1248.5,1249.0,0.5
0,785900,5251.5,intrinsic_floor,4000,,,1250.5,1251.5,1.0
0,785900,5251.5,intrinsic_floor,4500,,,750.0,751.5,1.5
0,786100,5252.5,intrinsic_floor,4500,,,752.0,752.5,0.5
0,786800,5251.5,intrinsic_floor,4500,,,751.0,751.5,0.5
0,786900,5250.0,intrinsic_floor,4000,,,1248.5,1250.0,1.5
0,786900,5250.0,intrinsic_floor,4500,,,749.0,750.0,1.0
0,787100,5247.5,intrinsic_floor,4500,,,747.0,747.5,0.5
0,787300,5247.5,intrinsic_floor,4500,,,747.0,747.5,0.5
0,787600,5246.5,intrinsic_floor,4500,,,746.0,746.5,0.5
0,787900,5248.5,intrinsic_floor,4500,,,748.0,748.5,0.5
0,788100,5247.5,intrinsic_floor,4500,,,747.0,747.5,0.5
0,788300,5247.5,intrinsic_floor,4500,,,747.0,747.5,0.5
0,788600,5247.5,intrinsic_floor,4500,,,747.0,747.5,0.5
0,788700,5247.5,intrinsic_floor,4500,,,747.0,747.5,0.5
0,788800,5247.5,intrinsic_floor,4500,,,747.0,747.5,0.5
0,788900,5247.5,intrinsic_floor,4500,,,747.0,747.5,0.5
0,789500,5242.5,intrinsic_floor,4500,,,742.0,742.5,0.5
0,790000,5241.5,intrinsic_floor,4000,,,1240.5,1241.5,1.0
0,790000,5241.5,intrinsic_floor,4500,,,740.0,741.5,1.5
0,790300,5244.0,intrinsic_floor,4000,,,1243.5,1244.0,0.5
0,790800,5246.0,intrinsic_floor,4000,,,1245.5,1246.0,0.5
0,790900,5245.5,intrinsic_floor,4500,,,745.0,745.5,0.5
0,791300,5243.5,intrinsic_floor,4000,,,1238.0,1243.5,5.5
0,791300,5243.5,intrinsic_floor,4500,,,739.5,743.5,4.0
0,791600,5242.5,intrinsic_floor,4500,,,742.0,742.5,0.5
0,791900,5242.5,intrinsic_floor,4500,,,742.0,742.5,0.5
0,792100,5242.5,intrinsic_floor,4500,,,742.0,742.5,0.5
0,792500,5241.0,intrinsic_floor,4000,,,1240.5,1241.0,0.5
0,792600,5242.5,intrinsic_floor,4500,,,742.0,742.5,0.5
0,793500,5243.5,intrinsic_floor,4500,,,743.0,743.5,0.5
0,793900,5244.0,intrinsic_floor,4000,,,1243.5,1244.0,0.5
0,794000,5244.5,intrinsic_floor,4500,,,744.0,744.5,0.5
0,794700,5239.5,intrinsic_floor,4500,,,739.0,739.5,0.5
0,795100,5239.5,intrinsic_floor,4500,,,739.0,739.5,0.5
0,795300,5240.5,intrinsic_floor,4500,,,740.0,740.5,0.5
0,795400,5239.0,intrinsic_floor,4000,,,1238.0,1239.0,1.0
0,795400,5239.0,intrinsic_floor,4500,,,738.0,739.0,1.0
0,795700,5236.5,intrinsic_floor,4500,,,736.0,736.5,0.5
0,795800,5235.5,intrinsic_floor,4000,,,1235.0,1235.5,0.5
0,795800,5235.5,intrinsic_floor,4500,,,735.0,735.5,0.5
0,796000,5235.5,intrinsic_floor,4500,,,735.0,735.5,0.5
0,796700,5237.5,intrinsic_floor,4500,,,737.0,737.5,0.5
0,796900,5239.5,intrinsic_floor,4500,,,739.0,739.5,0.5
0,797000,5239.5,intrinsic_floor,4500,,,739.0,739.5,0.5
0,797300,5241.5,intrinsic_floor,4500,,,741.0,741.5,0.5
0,797400,5240.5,intrinsic_floor,4500,,,740.0,740.5,0.5
0,798000,5243.5,intrinsic_floor,4500,,,743.0,743.5,0.5
0,798100,5243.5,intrinsic_floor,4000,,,1242.5,1243.5,1.0
0,798100,5243.5,intrinsic_floor,4500,,,742.5,743.5,1.0
0,798200,5242.5,intrinsic_floor,4500,,,742.0,742.5,0.5
0,798500,5241.5,intrinsic_floor,4500,,,741.0,741.5,0.5
0,798700,5243.5,intrinsic_floor,4500,,,743.0,743.5,0.5
0,798800,5242.5,intrinsic_floor,4500,,,742.0,742.5,0.5
0,798900,5243.5,intrinsic_floor,4500,,,743.0,743.5,0.5
0,799100,5243.5,intrinsic_floor,4500,,,743.0,743.5,0.5
0,799400,5247.5,intrinsic_floor,4500,,,747.0,747.5,0.5
0,799500,5248.0,intrinsic_floor,4000,,,1247.5,1248.0,0.5
0,799900,5247.5,intrinsic_floor,4500,,,747.0,747.5,0.5
0,800000,5248.5,intrinsic_floor,4500,,,748.0,748.5,0.5
0,800300,5251.5,intrinsic_floor,4500,,,751.0,751.5,0.5
0,800400,5251.5,intrinsic_floor,4500,,,751.0,751.5,0.5
0,800500,5250.5,intrinsic_floor,4500,,,750.0,750.5,0.5
0,800600,5249.5,intrinsic_floor,4500,,,749.0,749.5,0.5
0,800700,5249.5,intrinsic_floor,4500,,,749.0,749.5,0.5
0,800800,5249.5,intrinsic_floor,4500,,,749.0,749.5,0.5
0,801300,5249.5,intrinsic_floor,4500,,,749.0,749.5,0.5
0,801400,5251.5,intrinsic_floor,4000,,,1250.5,1251.5,1.0
0,801400,5251.5,intrinsic_floor,4500,,,750.0,751.5,1.5
0,801500,5251.5,intrinsic_floor,4500,,,751.0,751.5,0.5
0,801800,5250.5,intrinsic_floor,4500,,,750.0,750.5,0.5
0,802200,5250.5,intrinsic_floor,4500,,,750.0,750.5,0.5
0,802400,5251.5,intrinsic_floor,4500,,,751.0,751.5,0.5
0,802600,5250.5,intrinsic_floor,4500,,,750.0,750.5,0.5
0,802800,5250.5,intrinsic_floor,4500,,,750.0,750.5,0.5
0,802900,5249.5,intrinsic_floor,4500,,,749.0,749.5,0.5
0,803800,5250.5,intrinsic_floor,4500,,,750.0,750.5,0.5
0,804100,5254.0,intrinsic_floor,4000,,,1253.5,1254.0,0.5
0,804200,5255.5,intrinsic_floor,4500,,,755.0,755.5,0.5
0,804400,5256.5,intrinsic_floor,4500,,,756.0,756.5,0.5
0,804500,5256.5,intrinsic_floor,4500,,,756.0,756.5,0.5
0,804700,5255.5,intrinsic_floor,4500,,,755.0,755.5,0.5
0,805100,5252.5,intrinsic_floor,4500,,,752.0,752.5,0.5
0,805200,5253.5,intrinsic_floor,4500,,,753.0,753.5,0.5
0,805400,5252.5,intrinsic_floor,4500,,,752.0,752.5,0.5
0,805800,5252.5,intrinsic_floor,4500,,,752.0,752.5,0.5
0,806100,5252.5,intrinsic_floor,4500,,,752.0,752.5,0.5
0,806200,5251.5,intrinsic_floor,4500,,,751.0,751.5,0.5
0,806300,5250.5,intrinsic_floor,4500,,,750.0,750.5,0.5
0,806400,5250.5,intrinsic_floor,4500,,,750.0,750.5,0.5
0,806600,5247.5,intrinsic_floor,4500,,,747.0,747.5,0.5
0,807400,5245.5,intrinsic_floor,4500,,,745.0,745.5,0.5
0,807600,5245.0,intrinsic_floor,4000,,,1244.5,1245.0,0.5
0,807700,5244.5,intrinsic_floor,4500,,,744.0,744.5,0.5
0,807800,5244.5,intrinsic_floor,4500,,,744.0,744.5,0.5
0,807900,5244.5,intrinsic_floor,4500,,,744.0,744.5,0.5
0,808100,5244.0,intrinsic_floor,4000,,,1242.5,1244.0,1.5
0,808100,5244.0,intrinsic_floor,4500,,,743.0,744.0,1.0
0,808200,5242.5,intrinsic_floor,4500,,,742.0,742.5,0.5
0,808300,5243.5,intrinsic_floor,4500,,,743.0,743.5,0.5
0,808500,5242.5,intrinsic_floor,4500,,,742.0,742.5,0.5
0,808600,5242.5,intrinsic_floor,4000,,,1241.5,1242.5,1.0
0,808600,5242.5,intrinsic_floor,4500,,,741.0,742.5,1.5
0,809000,5241.5,intrinsic_floor,4000,,,1240.5,1241.5,1.0
0,809000,5241.5,intrinsic_floor,4500,,,740.0,741.5,1.5
0,809100,5241.5,intrinsic_floor,4500,,,741.0,741.5,0.5
0,809200,5241.5,intrinsic_floor,4500,,,741.0,741.5,0.5
0,809500,5243.5,intrinsic_floor,4000,,,1242.5,1243.5,1.0
0,809500,5243.5,intrinsic_floor,4500,,,742.5,743.5,1.0
0,809600,5242.5,intrinsic_floor,4500,,,742.0,742.5,0.5
0,809800,5245.0,intrinsic_floor,4000,,,1243.5,1245.0,1.5
0,809800,5245.0,intrinsic_floor,4500,,,744.0,745.0,1.0
0,809900,5245.5,intrinsic_floor,4500,,,745.0,745.5,0.5
0,810000,5246.5,intrinsic_floor,4000,,,1241.0,1246.5,5.5
0,810000,5246.5,intrinsic_floor,4500,,,742.0,746.5,4.5
0,810500,5249.5,intrinsic_floor,4500,,,749.0,749.5,0.5
0,810600,5249.5,intrinsic_floor,4500,,,749.0,749.5,0.5
0,810700,5248.5,intrinsic_floor,4500,,,748.0,748.5,0.5
0,810800,5248.0,intrinsic_floor,4000,,,1247.5,1248.0,0.5
0,810900,5248.5,intrinsic_floor,4500,,,748.0,748.5,0.5
0,811000,5248.5,intrinsic_floor,4500,,,748.0,748.5,0.5
0,811200,5247.5,intrinsic_floor,4500,,,747.0,747.5,0.5
0,811400,5247.5,intrinsic_floor,4500,,,747.0,747.5,0.5
0,812000,5246.5,intrinsic_floor,4500,,,746.0,746.5,0.5
0,812300,5248.0,intrinsic_floor,4000,,,1247.5,1248.0,0.5
0,812400,5248.5,intrinsic_floor,4500,,,748.0,748.5,0.5
0,812600,5247.5,intrinsic_floor,4500,,,747.0,747.5,0.5
0,812700,5247.5,intrinsic_floor,4500,,,747.0,747.5,0.5
0,812800,5247.5,intrinsic_floor,4500,,,747.0,747.5,0.5
0,813200,5248.0,intrinsic_floor,4000,,,1247.5,1248.0,0.5
0,813300,5248.5,intrinsic_floor,4500,,,748.0,748.5,0.5
0,813400,5247.5,intrinsic_floor,4500,,,747.0,747.5,0.5
0,813700,5250.0,intrinsic_floor,4000,,,1249.5,1250.0,0.5
0,813900,5250.5,intrinsic_floor,4500,,,750.0,750.5,0.5
0,814000,5250.5,intrinsic_floor,4500,,,750.0,750.5,0.5
0,814200,5250.0,intrinsic_floor,4000,,,1249.5,1250.0,0.5
0,814300,5251.5,intrinsic_floor,4500,,,751.0,751.5,0.5
0,814400,5250.5,intrinsic_floor,4500,,,750.0,750.5,0.5
0,814600,5250.5,intrinsic_floor,4500,,,750.0,750.5,0.5
0,814900,5249.5,intrinsic_floor,4500,,,749.0,749.5,0.5
0,815100,5249.5,intrinsic_floor,4500,,,749.0,749.5,0.5
0,815300,5251.0,intrinsic_floor,4000,,,1250.5,1251.0,0.5
0,815400,5250.5,intrinsic_floor,4500,,,750.0,750.5,0.5
0,815500,5251.5,intrinsic_floor,4500,,,751.0,751.5,0.5
0,815600,5252.5,intrinsic_floor,4500,,,752.0,752.5,0.5
0,816000,5253.5,intrinsic_floor,4500,,,753.0,753.5,0.5
0,816100,5253.5,intrinsic_floor,4500,,,753.0,753.5,0.5
0,816200,5253.5,intrinsic_floor,4500,,,753.0,753.5,0.5
0,816500,5253.5,intrinsic_floor,4500,,,753.0,753.5,0.5
0,817100,5254.5,intrinsic_floor,4500,,,754.0,754.5,0.5
0,817200,5255.5,intrinsic_floor,4500,,,755.0,755.5,0.5
0,817500,5252.5,intrinsic_floor,4500,,,752.0,752.5,0.5
0,817700,5252.5,intrinsic_floor,4500,,,752.0,752.5,0.5
0,817800,5251.5,intrinsic_floor,4500,,,751.0,751.5,0.5
0,817900,5252.0,intrinsic_floor,4000,,,1251.5,1252.0,0.5
0,818000,5252.0,intrinsic_floor,4000,,,1251.5,1252.0,0.5
0,818600,5254.5,intrinsic_floor,4500,,,754.0,754.5,0.5
0,818800,5253.5,intrinsic_floor,4500,,,753.0,753.5,0.5
0,819000,5252.5,intrinsic_floor,4500,,,752.0,752.5,0.5
0,819100,5253.0,intrinsic_floor,4000,,,1251.5,1253.0,1.5
0,819100,5253.0,intrinsic_floor,4500,,,752.0,753.0,1.0
0,819200,5250.5,intrinsic_floor,4500,,,750.0,750.5,0.5
0,819400,5250.5,intrinsic_floor,4500,,,750.0,750.5,0.5
0,819700,5254.0,intrinsic_floor,4000,,,1253.5,1254.0,0.5
0,820100,5257.5,intrinsic_floor,4500,,,757.0,757.5,0.5
0,820400,5256.5,intrinsic_floor,4500,,,756.0,756.5,0.5
0,820500,5255.5,intrinsic_floor,4500,,,755.0,755.5,0.5
0,820700,5257.5,intrinsic_floor,4500,,,757.0,757.5,0.5
0,820900,5259.5,intrinsic_floor,4500,,,759.0,759.5,0.5
0,821000,5260.5,intrinsic_floor,4500,,,760.0,760.5,0.5
0,821100,5261.5,intrinsic_floor,4000,,,1260.5,1261.5,1.0
0,821100,5261.5,intrinsic_floor,4500,,,760.0,761.5,1.5
0,821200,5257.5,intrinsic_floor,4500,,,757.0,757.5,0.5
0,821300,5257.5,intrinsic_floor,4500,,,757.0,757.5,0.5
0,821500,5254.5,intrinsic_floor,4500,,,754.0,754.5,0.5
0,821600,5253.5,intrinsic_floor,4500,,,753.0,753.5,0.5
0,821700,5254.5,intrinsic_floor,4000,,,1253.5,1254.5,1.0
0,821700,5254.5,intrinsic_floor,4500,,,753.0,754.5,1.5
0,822000,5255.5,intrinsic_floor,4500,,,755.0,755.5,0.5
0,822200,5253.5,intrinsic_floor,4500,,,753.0,753.5,0.5
0,823100,5253.5,intrinsic_floor,4500,,,753.0,753.5,0.5
0,823300,5254.5,intrinsic_floor,4500,,,754.0,754.5,0.5
0,823400,5254.5,intrinsic_floor,4500,,,754.0,754.5,0.5
0,823600,5252.5,intrinsic_floor,4500,,,752.0,752.5,0.5
0,823800,5252.5,intrinsic_floor,4500,,,752.0,752.5,0.5
0,823900,5251.5,intrinsic_floor,4500,,,751.0,751.5,0.5
0,824000,5250.5,intrinsic_floor,4500,,,750.0,750.5,0.5
0,824100,5249.5,intrinsic_floor,4500,,,749.0,749.5,0.5
0,824300,5247.5,intrinsic_floor,4500,,,747.0,747.5,0.5
0,824600,5246.5,intrinsic_floor,4500,,,746.0,746.5,0.5
0,825400,5246.5,intrinsic_floor,4500,,,746.0,746.5,0.5
0,825700,5249.5,intrinsic_floor,4500,,,749.0,749.5,0.5
0,826100,5247.5,intrinsic_floor,4500,,,747.0,747.5,0.5
0,826400,5251.5,intrinsic_floor,4500,,,751.0,751.5,0.5
0,826600,5252.0,intrinsic_floor,4000,,,1251.5,1252.0,0.5
0,826800,5253.5,intrinsic_floor,4000,,,1252.0,1253.5,1.5
0,826800,5253.5,intrinsic_floor,4500,,,752.0,753.5,1.5
0,827200,5255.5,intrinsic_floor,4500,,,755.0,755.5,0.5
0,827500,5254.5,intrinsic_floor,4500,,,754.0,754.5,0.5
0,827700,5253.0,intrinsic_floor,4000,,,1252.5,1253.0,0.5
0,828000,5254.5,intrinsic_floor,4500,,,754.0,754.5,0.5
0,828100,5253.5,intrinsic_floor,4500,,,753.0,753.5,0.5
0,828500,5255.5,intrinsic_floor,4500,,,755.0,755.5,0.5
0,828600,5256.0,intrinsic_floor,4000,,,1254.5,1256.0,1.5
0,828600,5256.0,intrinsic_floor,4500,,,755.0,756.0,1.0
0,829000,5260.5,intrinsic_floor,4500,,,760.0,760.5,0.5
0,829600,5261.5,intrinsic_floor,4500,,,761.0,761.5,0.5
0,830200,5261.5,intrinsic_floor,4500,,,761.0,761.5,0.5
0,830300,5260.5,intrinsic_floor,4500,,,760.0,760.5,0.5
0,830500,5259.5,intrinsic_floor,4500,,,759.0,759.5,0.5
0,831300,5257.5,intrinsic_floor,4500,,,757.0,757.5,0.5
0,831400,5256.5,intrinsic_floor,4000,,,1255.5,1256.5,1.0
0,831400,5256.5,intrinsic_floor,4500,,,756.0,756.5,0.5
0,831500,5256.0,intrinsic_floor,4000,,,1255.5,1256.0,0.5
0,831600,5255.5,intrinsic_floor,4500,,,755.0,755.5,0.5
0,831700,5255.5,intrinsic_floor,4500,,,755.0,755.5,0.5
0,831800,5255.5,intrinsic_floor,4500,,,755.0,755.5,0.5
0,832000,5256.5,intrinsic_floor,4500,,,756.0,756.5,0.5
0,832100,5255.5,intrinsic_floor,4500,,,755.0,755.5,0.5
0,832400,5256.0,intrinsic_floor,4000,,,1255.5,1256.0,0.5
0,832800,5256.5,intrinsic_floor,4000,,,1255.5,1256.5,1.0
0,832800,5256.5,intrinsic_floor,4500,,,756.0,756.5,0.5
0,833000,5255.5,intrinsic_floor,4500,,,755.0,755.5,0.5
0,833400,5256.5,intrinsic_floor,4500,,,756.0,756.5,0.5
0,833800,5257.5,intrinsic_floor,4500,,,757.0,757.5,0.5
0,834100,5254.5,intrinsic_floor,4500,,,754.0,754.5,0.5
0,834300,5252.5,intrinsic_floor,4500,,,752.0,752.5,0.5
0,834600,5253.5,intrinsic_floor,4500,,,753.0,753.5,0.5
0,834700,5252.5,intrinsic_floor,4500,,,752.0,752.5,0.5
0,835400,5254.5,intrinsic_floor,4500,,,754.0,754.5,0.5
0,835500,5254.0,intrinsic_floor,4000,,,1248.0,1254.0,6.0
0,835500,5254.0,intrinsic_floor,4500,,,749.5,754.0,4.5
0,835600,5254.0,intrinsic_floor,4000,,,1253.5,1254.0,0.5
0,835800,5253.5,intrinsic_floor,4500,,,753.0,753.5,0.5
0,836200,5255.0,intrinsic_floor,4000,,,1254.5,1255.0,0.5
0,836400,5255.5,intrinsic_floor,4500,,,755.0,755.5,0.5
0,836500,5255.0,intrinsic_floor,4000,,,1254.5,1255.0,0.5
0,837100,5260.5,intrinsic_floor,4500,,,760.0,760.5,0.5
0,837900,5256.5,intrinsic_floor,4500,,,756.0,756.5,0.5
0,838300,5256.0,intrinsic_floor,4000,,,1255.5,1256.0,0.5
0,838600,5256.5,intrinsic_floor,4500,,,756.0,756.5,0.5
0,838700,5256.5,intrinsic_floor,4500,,,756.0,756.5,0.5
0,838900,5256.5,intrinsic_floor,4500,,,756.0,756.5,0.5
0,839300,5257.5,intrinsic_floor,4500,,,757.0,757.5,0.5
0,839500,5257.5,intrinsic_floor,4500,,,757.0,757.5,0.5
0,840000,5260.5,intrinsic_floor,4500,,,760.0,760.5,0.5
0,840100,5261.5,intrinsic_floor,4500,,,761.0,761.5,0.5
0,840800,5261.5,intrinsic_floor,4500,,,761.0,761.5,0.5
0,841300,5260.5,intrinsic_floor,4500,,,760.0,760.5,0.5
0,841500,5257.5,intrinsic_floor,4500,,,757.0,757.5,0.5
0,841600,5257.0,intrinsic_floor,4000,,,1256.5,1257.0,0.5
0,841700,5256.5,intrinsic_floor,4500,,,756.0,756.5,0.5
0,841800,5257.5,intrinsic_floor,4000,,,1256.5,1257.5,1.0
0,841800,5257.5,intrinsic_floor,4500,,,757.0,757.5,0.5
0,841900,5256.5,intrinsic_floor,4500,,,756.0,756.5,0.5
0,842100,5257.5,intrinsic_floor,4500,,,757.0,757.5,0.5
0,842300,5257.5,intrinsic_floor,4500,,,757.0,757.5,0.5
0,842700,5256.0,intrinsic_floor,4000,,,1254.5,1256.0,1.5
0,842700,5256.0,intrinsic_floor,4500,,,755.0,756.0,1.0
0,842900,5253.5,intrinsic_floor,4000,,,1248.0,1253.5,5.5
0,842900,5253.5,intrinsic_floor,4500,,,749.5,753.5,4.0
0,843000,5253.5,intrinsic_floor,4500,,,753.0,753.5,0.5
0,843100,5253.5,intrinsic_floor,4500,,,753.0,753.5,0.5
0,843700,5251.5,intrinsic_floor,4500,,,751.0,751.5,0.5
0,843900,5250.5,intrinsic_floor,4500,,,750.0,750.5,0.5
0,844100,5252.5,intrinsic_floor,4500,,,752.0,752.5,0.5
0,844500,5256.5,intrinsic_floor,4500,,,756.0,756.5,0.5
0,845000,5255.5,intrinsic_floor,4500,,,755.0,755.5,0.5
0,845100,5255.0,intrinsic_floor,4000,,,1249.5,1255.0,5.5
0,845100,5255.0,intrinsic_floor,4500,,,751.0,755.0,4.0
0,845200,5256.5,intrinsic_floor,4500,,,756.0,756.5,0.5
0,845400,5257.5,intrinsic_floor,4500,,,757.0,757.5,0.5
0,845600,5259.5,intrinsic_floor,4000,,,1258.5,1259.5,1.0
0,845600,5259.5,intrinsic_floor,4500,,,758.5,759.5,1.0
0,845700,5258.5,intrinsic_floor,4500,,,758.0,758.5,0.5
0,845800,5259.5,intrinsic_floor,4500,,,759.0,759.5,0.5
0,846400,5260.5,intrinsic_floor,4500,,,760.0,760.5,0.5
0,846600,5260.5,intrinsic_floor,4500,,,760.0,760.5,0.5
0,846800,5263.5,intrinsic_floor,4500,,,763.0,763.5,0.5
0,847100,5261.5,intrinsic_floor,4500,,,761.0,761.5,0.5
0,847200,5259.5,intrinsic_floor,4500,,,759.0,759.5,0.5
0,847400,5261.5,intrinsic_floor,4500,,,761.0,761.5,0.5
0,847900,5260.0,intrinsic_floor,4000,,,1258.5,1260.0,1.5
0,847900,5260.0,intrinsic_floor,4500,,,758.5,760.0,1.5
0,848000,5259.5,intrinsic_floor,4500,,,759.0,759.5,0.5
0,848100,5260.5,intrinsic_floor,4500,,,760.0,760.5,0.5
0,848400,5258.0,intrinsic_floor,4000,,,1257.5,1258.0,0.5
0,848600,5256.5,intrinsic_floor,4500,,,756.0,756.5,0.5
0,848800,5254.5,intrinsic_floor,4500,,,754.0,754.5,0.5
0,849000,5252.5,intrinsic_floor,4500,,,752.0,752.5,0.5
0,849100,5252.5,intrinsic_floor,4500,,,752.0,752.5,0.5
0,849400,5250.5,intrinsic_floor,4500,,,750.0,750.5,0.5
0,849500,5250.5,intrinsic_floor,4500,,,750.0,750.5,0.5
0,849700,5252.5,intrinsic_floor,4000,,,1251.5,1252.5,1.0
0,849700,5252.5,intrinsic_floor,4500,,,752.0,752.5,0.5
0,849900,5252.5,intrinsic_floor,4000,,,1251.5,1252.5,1.0
0,849900,5252.5,intrinsic_floor,4500,,,751.0,752.5,1.5
0,850000,5252.5,intrinsic_floor,4500,,,752.0,752.5,0.5
0,850100,5252.0,intrinsic_floor,4000,,,1251.5,1252.0,0.5
0,850400,5255.0,intrinsic_floor,4000,,,1253.5,1255.0,1.5
0,850400,5255.0,intrinsic_floor,4500,,,753.5,755.0,1.5
0,850500,5251.5,intrinsic_floor,4500,,,751.0,751.5,0.5
0,850600,5252.5,intrinsic_floor,4500,,,752.0,752.5,0.5
0,850700,5253.5,intrinsic_floor,4500,,,753.0,753.5,0.5
0,851000,5252.5,intrinsic_floor,4500,,,752.0,752.5,0.5
0,851200,5253.5,intrinsic_floor,4500,,,753.0,753.5,0.5
0,851300,5253.5,intrinsic_floor,4500,,,753.0,753.5,0.5
0,851400,5253.5,intrinsic_floor,4500,,,753.0,753.5,0.5
0,851900,5256.5,intrinsic_floor,4000,,,1254.5,1256.5,2.0
0,851900,5256.5,intrinsic_floor,4500,,,755.0,756.5,1.5
0,852400,5253.5,intrinsic_floor,4500,,,753.0,753.5,0.5
0,852500,5253.5,intrinsic_floor,4500,,,753.0,753.5,0.5
0,852600,5253.5,intrinsic_floor,4500,,,753.0,753.5,0.5
0,853400,5253.5,intrinsic_floor,4500,,,753.0,753.5,0.5
0,854100,5256.5,intrinsic_floor,4500,,,756.0,756.5,0.5
0,854200,5258.5,intrinsic_floor,4500,,,758.0,758.5,0.5
0,854400,5258.5,intrinsic_floor,4500,,,758.0,758.5,0.5
0,854500,5257.5,intrinsic_floor,4500,,,757.0,757.5,0.5
0,854600,5257.5,intrinsic_floor,4500,,,757.0,757.5,0.5
0,854700,5257.5,intrinsic_floor,4000,,,1256.5,1257.5,1.0
0,854700,5257.5,intrinsic_floor,4500,,,756.5,757.5,1.0
0,854900,5257.5,intrinsic_floor,4500,,,757.0,757.5,0.5
0,855100,5257.0,intrinsic_floor,4000,,,1256.5,1257.0,0.5
0,855200,5257.5,intrinsic_floor,4500,,,757.0,757.5,0.5
0,855600,5257.5,intrinsic_floor,4500,,,757.0,757.5,0.5
0,856100,5256.5,intrinsic_floor,4500,,,756.0,756.5,0.5
0,856400,5256.5,intrinsic_floor,4500,,,756.0,756.5,0.5
0,856500,5256.5,intrinsic_floor,4000,,,1255.5,1256.5,1.0
0,856500,5256.5,intrinsic_floor,4500,,,756.0,756.5,0.5
0,856600,5258.5,intrinsic_floor,4000,,,1257.5,1258.5,1.0
0,856600,5258.5,intrinsic_floor,4500,,,757.0,758.5,1.5
0,856800,5256.5,intrinsic_floor,4000,,,1255.5,1256.5,1.0
0,856800,5256.5,intrinsic_floor,4500,,,756.0,756.5,0.5
0,857200,5256.5,intrinsic_floor,4500,,,756.0,756.5,0.5
0,857800,5250.5,intrinsic_floor,4500,,,750.0,750.5,0.5
0,858300,5252.5,intrinsic_floor,4500,,,752.0,752.5,0.5
0,858500,5252.0,intrinsic_floor,4000,,,1251.5,1252.0,0.5
0,858600,5251.5,intrinsic_floor,4500,,,751.0,751.5,0.5
0,858800,5250.5,intrinsic_floor,4500,,,750.0,750.5,0.5
0,858900,5251.5,intrinsic_floor,4500,,,751.0,751.5,0.5
0,859000,5253.0,intrinsic_floor,4000,,,1252.5,1253.0,0.5
0,859100,5252.0,intrinsic_floor,4000,,,1246.5,1252.0,5.5
0,859100,5252.0,intrinsic_floor,4500,,,748.0,752.0,4.0
0,859200,5253.5,intrinsic_floor,4500,,,753.0,753.5,0.5
0,859300,5254.5,intrinsic_floor,4000,,,1249.0,1254.5,5.5
0,859300,5254.5,intrinsic_floor,4500,,,750.0,754.5,4.5
0,859500,5253.5,intrinsic_floor,4500,,,753.0,753.5,0.5
0,859600,5254.5,intrinsic_floor,4500,,,754.0,754.5,0.5
0,859700,5254.5,intrinsic_floor,4500,,,754.0,754.5,0.5
0,859800,5255.0,intrinsic_floor,4000,,,1254.5,1255.0,0.5
0,860000,5253.5,intrinsic_floor,4500,,,753.0,753.5,0.5
0,860100,5252.5,intrinsic_floor,4500,,,752.0,752.5,0.5
0,860300,5252.5,intrinsic_floor,4500,,,752.0,752.5,0.5
0,860500,5254.5,intrinsic_floor,4500,,,754.0,754.5,0.5
0,860800,5252.5,intrinsic_floor,4500,,,752.0,752.5,0.5
0,860900,5253.5,intrinsic_floor,4500,,,753.0,753.5,0.5
0,861000,5253.5,intrinsic_floor,4500,,,753.0,753.5,0.5
0,861300,5252.5,intrinsic_floor,4500,,,752.0,752.5,0.5
0,861500,5254.5,intrinsic_floor,4000,,,1253.5,1254.5,1.0
0,861500,5254.5,intrinsic_floor,4500,,,753.0,754.5,1.5
0,861600,5253.5,intrinsic_floor,4500,,,753.0,753.5,0.5
0,861800,5253.5,intrinsic_floor,4500,,,753.0,753.5,0.5
0,861900,5252.5,intrinsic_floor,4500,,,752.0,752.5,0.5
0,862300,5247.5,intrinsic_floor,4500,,,747.0,747.5,0.5
0,862400,5248.5,intrinsic_floor,4500,,,748.0,748.5,0.5
0,862500,5247.5,intrinsic_floor,4000,,,1244.0,1247.5,3.5
0,862500,5247.5,intrinsic_floor,4500,,,745.0,747.5,2.5
0,862600,5250.5,intrinsic_floor,4500,,,750.0,750.5,0.5
0,862700,5249.5,intrinsic_floor,4500,,,749.0,749.5,0.5
0,863000,5245.5,intrinsic_floor,4500,,,745.0,745.5,0.5
0,863300,5248.5,intrinsic_floor,4500,,,748.0,748.5,0.5
0,863600,5250.5,intrinsic_floor,4500,,,750.0,750.5,0.5
0,863700,5252.5,intrinsic_floor,4500,,,752.0,752.5,0.5
0,864100,5252.0,intrinsic_floor,4000,,,1251.5,1252.0,0.5
0,864500,5248.5,intrinsic_floor,4500,,,748.0,748.5,0.5
0,864700,5248.5,intrinsic_floor,4500,,,748.0,748.5,0.5
0,865000,5249.5,intrinsic_floor,4500,,,749.0,749.5,0.5
0,865100,5250.5,intrinsic_floor,4500,,,750.0,750.5,0.5
0,865200,5251.5,intrinsic_floor,4500,,,751.0,751.5,0.5
0,865300,5252.5,intrinsic_floor,4500,,,752.0,752.5,0.5
0,865500,5253.5,intrinsic_floor,4500,,,753.0,753.5,0.5
0,865900,5258.0,intrinsic_floor,4000,,,1257.5,1258.0,0.5
0,866600,5259.5,intrinsic_floor,4500,,,759.0,759.5,0.5
0,866700,5259.5,intrinsic_floor,4500,,,759.0,759.5,0.5
0,868300,5264.0,intrinsic_floor,4000,,,1263.0,1264.0,1.0
0,868300,5264.0,intrinsic_floor,4500,,,763.0,764.0,1.0
0,868500,5263.5,intrinsic_floor,4500,,,763.0,763.5,0.5
0,868600,5263.5,intrinsic_floor,4500,,,763.0,763.5,0.5
0,869000,5267.5,intrinsic_floor,4500,,,767.0,767.5,0.5
0,869100,5269.5,intrinsic_floor,4000,,,1269.0,1269.5,0.5
0,869100,5269.5,intrinsic_floor,4500,,,769.0,769.5,0.5
0,869700,5270.0,intrinsic_floor,4000,,,1269.0,1270.0,1.0
0,869700,5270.0,intrinsic_floor,4500,,,769.0,770.0,1.0
0,870300,5269.5,intrinsic_floor,4000,,,1269.0,1269.5,0.5
0,870300,5269.5,intrinsic_floor,4500,,,769.0,769.5,0.5
0,870600,5269.5,intrinsic_floor,4000,,,1269.0,1269.5,0.5
0,870600,5269.5,intrinsic_floor,4500,,,769.0,769.5,0.5
0,870900,5267.5,intrinsic_floor,4500,,,767.0,767.5,0.5
0,871300,5267.0,intrinsic_floor,4000,,,1266.0,1267.0,1.0
0,871300,5267.0,intrinsic_floor,4500,,,766.0,767.0,1.0
0,871900,5260.5,intrinsic_floor,4500,,,760.0,760.5,0.5
0,873700,5263.0,intrinsic_floor,4000,,,1257.0,1263.0,6.0
0,873700,5263.0,intrinsic_floor,4500,,,758.5,763.0,4.5
0,874200,5265.5,intrinsic_floor,4500,,,765.0,765.5,0.5
0,874300,5263.5,intrinsic_floor,4500,,,763.0,763.5,0.5
0,874400,5263.5,intrinsic_floor,4000,,,1262.5,1263.5,1.0
0,874400,5263.5,intrinsic_floor,4500,,,763.0,763.5,0.5
0,874600,5263.5,intrinsic_floor,4500,,,763.0,763.5,0.5
0,875100,5258.5,intrinsic_floor,4500,,,758.0,758.5,0.5
0,875300,5259.5,intrinsic_floor,4000,,,1258.5,1259.5,1.0
0,875300,5259.5,intrinsic_floor,4500,,,758.5,759.5,1.0
0,875400,5259.5,intrinsic_floor,4500,,,759.0,759.5,0.5
0,875500,5258.5,intrinsic_floor,4500,,,758.0,758.5,0.5
0,875900,5261.5,intrinsic_floor,4500,,,761.0,761.5,0.5
0,876100,5259.5,intrinsic_floor,4500,,,759.0,759.5,0.5
0,876400,5256.0,intrinsic_floor,4000,,,1255.5,1256.0,0.5
0,876600,5256.0,intrinsic_floor,4000,,,1255.5,1256.0,0.5
0,876700,5256.5,intrinsic_floor,4500,,,756.0,756.5,0.5
0,876900,5256.5,intrinsic_floor,4500,,,756.0,756.5,0.5
0,877100,5257.5,intrinsic_floor,4500,,,757.0,757.5,0.5
0,877300,5257.0,intrinsic_floor,4000,,,1256.5,1257.0,0.5
0,877400,5259.5,intrinsic_floor,4000,,,1258.5,1259.5,1.0
0,877400,5259.5,intrinsic_floor,4500,,,759.0,759.5,0.5
0,877500,5257.5,intrinsic_floor,4500,,,757.0,757.5,0.5
0,877700,5258.0,intrinsic_floor,4000,,,1257.5,1258.0,0.5
0,877800,5258.5,intrinsic_floor,4500,,,758.0,758.5,0.5
0,878100,5259.5,intrinsic_floor,4000,,,1258.0,1259.5,1.5
0,878100,5259.5,intrinsic_floor,4500,,,758.0,759.5,1.5
0,878900,5259.5,intrinsic_floor,4500,,,759.0,759.5,0.5
0,879100,5260.0,intrinsic_floor,4000,,,1258.5,1260.0,1.5
0,879100,5260.0,intrinsic_floor,4500,,,759.0,760.0,1.0
0,880100,5255.5,intrinsic_floor,4500,,,755.0,755.5,0.5
0,880200,5256.5,intrinsic_floor,4500,,,756.0,756.5,0.5
0,880300,5257.5,intrinsic_floor,4000,,,1256.5,1257.5,1.0
0,880300,5257.5,intrinsic_floor,4500,,,756.0,757.5,1.5
0,880900,5255.5,intrinsic_floor,4500,,,755.0,755.5,0.5
0,881300,5254.5,intrinsic_floor,4500,,,754.0,754.5,0.5
0,881400,5254.0,intrinsic_floor,4000,,,1253.5,1254.0,0.5
0,881900,5255.5,intrinsic_floor,4500,,,755.0,755.5,0.5
0,882300,5255.5,intrinsic_floor,4500,,,755.0,755.5,0.5
0,882500,5253.0,intrinsic_floor,4000,,,1252.5,1253.0,0.5
0,883100,5249.0,intrinsic_floor,4000,,,1248.5,1249.0,0.5
0,883200,5249.5,intrinsic_floor,4500,,,749.0,749.5,0.5
0,883400,5250.5,intrinsic_floor,4000,,,1249.5,1250.5,1.0
0,883400,5250.5,intrinsic_floor,4500,,,750.0,750.5,0.5
0,883600,5250.5,intrinsic_floor,4500,,,750.0,750.5,0.5
0,883700,5250.5,intrinsic_floor,4500,,,750.0,750.5,0.5
0,884000,5250.5,intrinsic_floor,4000,,,1245.0,1250.5,5.5
0,884000,5250.5,intrinsic_floor,4500,,,746.5,750.5,4.0
0,884200,5252.5,intrinsic_floor,4500,,,752.0,752.5,0.5
0,884400,5251.0,intrinsic_floor,4000,,,1250.5,1251.0,0.5
0,884700,5250.5,intrinsic_floor,4500,,,750.0,750.5,0.5
0,884800,5251.5,intrinsic_floor,4500,,,751.0,751.5,0.5
0,885000,5251.0,intrinsic_floor,4000,,,1250.5,1251.0,0.5
0,885200,5252.5,intrinsic_floor,4500,,,752.0,752.5,0.5
0,885400,5252.5,intrinsic_floor,4500,,,752.0,752.5,0.5
0,885600,5253.5,intrinsic_floor,4500,,,753.0,753.5,0.5
0,885800,5252.5,intrinsic_floor,4500,,,752.0,752.5,0.5
0,885900,5252.5,intrinsic_floor,4500,,,752.0,752.5,0.5
0,886100,5252.5,intrinsic_floor,4500,,,752.0,752.5,0.5
0,886400,5256.0,intrinsic_floor,4000,,,1255.0,1256.0,1.0
0,886400,5256.0,intrinsic_floor,4500,,,755.0,756.0,1.0
0,886800,5252.0,intrinsic_floor,4000,,,1251.5,1252.0,0.5
0,886900,5252.5,intrinsic_floor,4500,,,752.0,752.5,0.5
0,887000,5251.5,intrinsic_floor,4500,,,751.0,751.5,0.5
0,887400,5250.5,intrinsic_floor,4500,,,750.0,750.5,0.5
0,887700,5250.5,intrinsic_floor,4000,,,1249.5,1250.5,1.0
0,887700,5250.5,intrinsic_floor,4500,,,750.0,750.5,0.5
0,887900,5249.5,intrinsic_floor,4500,,,749.0,749.5,0.5
0,888000,5250.0,intrinsic_floor,4000,,,1249.5,1250.0,0.5
0,888200,5250.0,intrinsic_floor,4000,,,1249.5,1250.0,0.5
0,888700,5251.5,intrinsic_floor,4500,,,751.0,751.5,0.5
0,888800,5253.5,intrinsic_floor,4500,,,753.0,753.5,0.5
0,889400,5255.0,intrinsic_floor,4000,,,1254.5,1255.0,0.5
0,890100,5254.5,intrinsic_floor,4500,,,754.0,754.5,0.5
0,890300,5252.5,intrinsic_floor,4500,,,752.0,752.5,0.5
0,890400,5252.5,intrinsic_floor,4500,,,752.0,752.5,0.5
0,890700,5254.5,intrinsic_floor,4500,,,754.0,754.5,0.5
0,890800,5254.0,intrinsic_floor,4000,,,1253.5,1254.0,0.5
0,890900,5253.5,intrinsic_floor,4500,,,753.0,753.5,0.5
0,891000,5254.5,intrinsic_floor,4500,,,754.0,754.5,0.5
0,891400,5257.5,intrinsic_floor,4500,,,757.0,757.5,0.5
0,891500,5259.5,intrinsic_floor,4000,,,1258.5,1259.5,1.0
0,891500,5259.5,intrinsic_floor,4500,,,758.5,759.5,1.0
0,891600,5258.5,intrinsic_floor,4500,,,758.0,758.5,0.5
0,891700,5258.5,intrinsic_floor,4500,,,758.0,758.5,0.5
0,891800,5258.5,intrinsic_floor,4500,,,758.0,758.5,0.5
0,892300,5260.5,intrinsic_floor,4500,,,760.0,760.5,0.5
0,892500,5258.5,intrinsic_floor,4500,,,758.0,758.5,0.5
0,892700,5259.5,intrinsic_floor,4500,,,759.0,759.5,0.5
0,893000,5260.5,intrinsic_floor,4000,,,1259.5,1260.5,1.0
0,893000,5260.5,intrinsic_floor,4500,,,760.0,760.5,0.5
0,893500,5256.5,intrinsic_floor,4500,,,756.0,756.5,0.5
0,893700,5255.5,intrinsic_floor,4500,,,755.0,755.5,0.5
0,894000,5253.5,intrinsic_floor,4500,,,753.0,753.5,0.5
0,894200,5253.5,intrinsic_floor,4500,,,753.0,753.5,0.5
0,894700,5256.5,intrinsic_floor,4500,,,756.0,756.5,0.5
0,895000,5256.5,intrinsic_floor,4500,,,756.0,756.5,0.5
0,895200,5255.5,intrinsic_floor,4500,,,755.0,755.5,0.5
0,895500,5257.0,intrinsic_floor,4000,,,1256.5,1257.0,0.5
0,895800,5260.5,intrinsic_floor,4000,,,1254.0,1260.5,6.5
0,895800,5260.5,intrinsic_floor,4500,,,755.5,760.5,5.0
0,896500,5260.5,intrinsic_floor,4500,,,760.0,760.5,0.5
0,896900,5258.5,intrinsic_floor,4500,,,758.0,758.5,0.5
0,897800,5261.5,intrinsic_floor,4500,,,761.0,761.5,0.5
0,898000,5260.5,intrinsic_floor,4500,,,760.0,760.5,0.5
0,898100,5261.5,intrinsic_floor,4500,,,761.0,761.5,0.5
0,898800,5262.5,intrinsic_floor,4500,,,762.0,762.5,0.5
0,899000,5261.5,intrinsic_floor,4500,,,761.0,761.5,0.5
0,899200,5259.5,intrinsic_floor,4500,,,759.0,759.5,0.5
0,899300,5260.5,intrinsic_floor,4500,,,760.0,760.5,0.5
0,899400,5258.5,intrinsic_floor,4500,,,758.0,758.5,0.5
0,899700,5258.5,intrinsic_floor,4500,,,758.0,758.5,0.5
0,899800,5258.5,intrinsic_floor,4500,,,758.0,758.5,0.5
0,900000,5257.5,intrinsic_floor,4500,,,757.0,757.5,0.5
0,900300,5255.5,intrinsic_floor,4500,,,755.0,755.5,0.5
0,900400,5256.5,intrinsic_floor,4500,,,756.0,756.5,0.5
0,900500,5255.5,intrinsic_floor,4500,,,755.0,755.5,0.5
0,900700,5253.5,intrinsic_floor,4500,,,753.0,753.5,0.5
0,901100,5256.5,intrinsic_floor,4500,,,756.0,756.5,0.5
0,901300,5255.5,intrinsic_floor,4500,,,755.0,755.5,0.5
0,901400,5254.5,intrinsic_floor,4500,,,754.0,754.5,0.5
0,901500,5253.5,intrinsic_floor,4500,,,753.0,753.5,0.5
0,901600,5253.0,intrinsic_floor,4000,,,1252.5,1253.0,0.5
0,902000,5253.5,intrinsic_floor,4000,,,1252.5,1253.5,1.0
0,902000,5253.5,intrinsic_floor,4500,,,752.0,753.5,1.5
0,902400,5250.5,intrinsic_floor,4500,,,750.0,750.5,0.5
0,902500,5251.5,intrinsic_floor,4500,,,751.0,751.5,0.5
0,902900,5248.5,intrinsic_floor,4500,,,748.0,748.5,0.5
0,903300,5246.0,intrinsic_floor,4000,,,1245.5,1246.0,0.5
0,903500,5245.5,intrinsic_floor,4500,,,745.0,745.5,0.5
0,903900,5244.5,intrinsic_floor,4500,,,744.0,744.5,0.5
0,904400,5240.5,intrinsic_floor,4500,,,740.0,740.5,0.5
0,904700,5241.5,intrinsic_floor,4500,,,741.0,741.5,0.5
0,904800,5240.5,intrinsic_floor,4500,,,740.0,740.5,0.5
0,905400,5239.5,intrinsic_floor,4500,,,739.0,739.5,0.5
0,905500,5240.5,intrinsic_floor,4500,,,740.0,740.5,0.5
0,906100,5240.5,intrinsic_floor,4500,,,740.0,740.5,0.5
0,906200,5241.5,intrinsic_floor,4500,,,741.0,741.5,0.5
0,906400,5241.5,intrinsic_floor,4500,,,741.0,741.5,0.5
0,907100,5246.5,intrinsic_floor,4000,,,1245.5,1246.5,1.0
0,907100,5246.5,intrinsic_floor,4500,,,745.0,746.5,1.5
0,907300,5246.5,intrinsic_floor,4000,,,1245.5,1246.5,1.0
0,907300,5246.5,intrinsic_floor,4500,,,745.0,746.5,1.5
0,907700,5245.5,intrinsic_floor,4500,,,745.0,745.5,0.5
0,908000,5244.5,intrinsic_floor,4500,,,744.0,744.5,0.5
0,908100,5245.5,intrinsic_floor,4500,,,745.0,745.5,0.5
0,908300,5246.5,intrinsic_floor,4500,,,746.0,746.5,0.5
0,908400,5244.5,intrinsic_floor,4500,,,744.0,744.5,0.5
0,909100,5245.5,intrinsic_floor,4500,,,745.0,745.5,0.5
0,909600,5247.5,intrinsic_floor,4000,,,1246.5,1247.5,1.0
0,909600,5247.5,intrinsic_floor,4500,,,746.5,747.5,1.0
0,909900,5245.5,intrinsic_floor,4500,,,745.0,745.5,0.5
0,910000,5247.5,intrinsic_floor,4500,,,747.0,747.5,0.5
0,910200,5249.5,intrinsic_floor,4500,,,749.0,749.5,0.5
0,910700,5250.5,intrinsic_floor,4500,,,750.0,750.5,0.5
0,911300,5254.5,intrinsic_floor,4500,,,754.0,754.5,0.5
0,911400,5255.5,intrinsic_floor,4500,,,755.0,755.5,0.5
0,911500,5255.5,intrinsic_floor,4500,,,755.0,755.5,0.5
0,911800,5257.5,intrinsic_floor,4500,,,757.0,757.5,0.5
0,912400,5260.0,intrinsic_floor,4000,,,1254.0,1260.0,6.0
0,912400,5260.0,intrinsic_floor,4500,,,755.5,760.0,4.5
0,913000,5264.0,intrinsic_floor,4000,,,1262.5,1264.0,1.5
0,913000,5264.0,intrinsic_floor,4500,,,763.0,764.0,1.0
0,913200,5265.5,intrinsic_floor,4500,,,765.0,765.5,0.5
0,913600,5264.5,intrinsic_floor,4000,,,1264.0,1264.5,0.5
0,913600,5264.5,intrinsic_floor,4500,,,764.0,764.5,0.5
0,913900,5262.5,intrinsic_floor,4500,,,762.0,762.5,0.5
0,914200,5259.5,intrinsic_floor,4500,,,759.0,759.5,0.5
0,914900,5259.5,intrinsic_floor,4500,,,759.0,759.5,0.5
0,915000,5259.5,intrinsic_floor,4500,,,759.0,759.5,0.5
0,915100,5259.0,intrinsic_floor,4000,,,1258.5,1259.0,0.5
0,915300,5259.0,intrinsic_floor,4000,,,1258.0,1259.0,1.0
0,915300,5259.0,intrinsic_floor,4500,,,758.0,759.0,1.0
0,915400,5257.5,intrinsic_floor,4500,,,757.0,757.5,0.5
0,915500,5256.5,intrinsic_floor,4000,,,1255.5,1256.5,1.0
0,915500,5256.5,intrinsic_floor,4500,,,756.0,756.5,0.5
0,915700,5256.5,intrinsic_floor,4500,,,756.0,756.5,0.5
0,915800,5255.5,intrinsic_floor,4500,,,755.0,755.5,0.5
0,915900,5256.5,intrinsic_floor,4500,,,756.0,756.5,0.5
0,916100,5257.5,intrinsic_floor,4500,,,757.0,757.5,0.5
0,916200,5255.5,intrinsic_floor,4500,,,755.0,755.5,0.5
0,916700,5257.5,intrinsic_floor,4500,,,757.0,757.5,0.5
0,917000,5256.5,intrinsic_floor,4500,,,756.0,756.5,0.5
0,917200,5255.5,intrinsic_floor,4500,,,755.0,755.5,0.5
0,917300,5255.5,intrinsic_floor,4500,,,755.0,755.5,0.5
0,917500,5255.0,intrinsic_floor,4000,,,1254.5,1255.0,0.5
0,917700,5251.5,intrinsic_floor,4500,,,751.0,751.5,0.5
0,917800,5253.5,intrinsic_floor,4000,,,1252.5,1253.5,1.0
0,917800,5253.5,intrinsic_floor,4500,,,753.0,753.5,0.5
0,918500,5252.5,intrinsic_floor,4500,,,752.0,752.5,0.5
0,918900,5254.5,intrinsic_floor,4500,,,754.0,754.5,0.5
0,919200,5253.5,intrinsic_floor,4500,,,753.0,753.5,0.5
0,919300,5255.0,intrinsic_floor,4000,,,1254.5,1255.0,0.5
0,919500,5255.5,intrinsic_floor,4000,,,1250.0,1255.5,5.5
0,919500,5255.5,intrinsic_floor,4500,,,751.0,755.5,4.5
0,919600,5256.5,intrinsic_floor,4500,,,756.0,756.5,0.5
0,919700,5256.5,intrinsic_floor,4500,,,756.0,756.5,0.5
0,919800,5257.5,intrinsic_floor,4500,,,757.0,757.5,0.5
0,920100,5257.5,intrinsic_floor,4500,,,757.0,757.5,0.5
0,920300,5258.0,intrinsic_floor,4000,,,1257.5,1258.0,0.5
0,920400,5257.5,intrinsic_floor,4500,,,757.0,757.5,0.5
0,920500,5257.5,intrinsic_floor,4500,,,757.0,757.5,0.5
0,921700,5261.5,intrinsic_floor,4500,,,761.0,761.5,0.5
0,921900,5260.5,intrinsic_floor,4500,,,760.0,760.5,0.5
0,922300,5264.5,intrinsic_floor,4500,,,764.0,764.5,0.5
0,922400,5263.5,intrinsic_floor,4500,,,763.0,763.5,0.5
0,922900,5268.5,intrinsic_floor,4000,,,1268.0,1268.5,0.5
0,922900,5268.5,intrinsic_floor,4500,,,768.0,768.5,0.5
0,923300,5269.5,intrinsic_floor,4500,,,769.0,769.5,0.5
0,924400,5274.5,intrinsic_floor,4000,,,1274.0,1274.5,0.5
0,924400,5274.5,intrinsic_floor,4500,,,774.0,774.5,0.5
0,924600,5274.5,intrinsic_floor,4000,,,1274.0,1274.5,0.5
0,924600,5274.5,intrinsic_floor,4500,,,774.0,774.5,0.5
0,925400,5275.5,intrinsic_floor,4000,,,1275.0,1275.5,0.5
0,925400,5275.5,intrinsic_floor,4500,,,775.0,775.5,0.5
0,926000,5273.5,intrinsic_floor,4500,,,773.0,773.5,0.5
0,926500,5274.5,intrinsic_floor,4000,,,1274.0,1274.5,0.5
0,926500,5274.5,intrinsic_floor,4500,,,774.0,774.5,0.5
0,926700,5275.5,intrinsic_floor,4000,,,1275.0,1275.5,0.5
0,926700,5275.5,intrinsic_floor,4500,,,775.0,775.5,0.5
0,927700,5277.5,intrinsic_floor,4000,,,1277.0,1277.5,0.5
0,927700,5277.5,intrinsic_floor,4500,,,777.0,777.5,0.5
0,928100,5276.5,intrinsic_floor,4000,,,1276.0,1276.5,0.5
0,928100,5276.5,intrinsic_floor,4500,,,776.0,776.5,0.5
0,928200,5277.5,intrinsic_floor,4000,,,1277.0,1277.5,0.5
0,928200,5277.5,intrinsic_floor,4500,,,777.0,777.5,0.5
0,928700,5275.5,intrinsic_floor,4000,,,1274.5,1275.5,1.0
0,928700,5275.5,intrinsic_floor,4500,,,774.5,775.5,1.0
0,929100,5274.5,intrinsic_floor,4000,,,1274.0,1274.5,0.5
0,929100,5274.5,intrinsic_floor,4500,,,774.0,774.5,0.5
0,929600,5271.5,intrinsic_floor,4000,,,1271.0,1271.5,0.5
0,929600,5271.5,intrinsic_floor,4500,,,771.0,771.5,0.5
0,930700,5266.5,intrinsic_floor,4500,,,766.0,766.5,0.5
0,931100,5266.5,intrinsic_floor,4500,,,766.0,766.5,0.5
0,931500,5266.5,intrinsic_floor,4500,,,766.0,766.5,0.5
0,932600,5263.5,intrinsic_floor,4000,,,1262.5,1263.5,1.0
0,932600,5263.5,intrinsic_floor,4500,,,762.0,763.5,1.5
0,932800,5263.5,intrinsic_floor,4500,,,763.0,763.5,0.5
0,933100,5263.5,intrinsic_floor,4500,,,763.0,763.5,0.5
0,933300,5264.5,intrinsic_floor,4500,,,764.0,764.5,0.5
0,934200,5260.5,intrinsic_floor,4500,,,760.0,760.5,0.5
0,934700,5261.5,intrinsic_floor,4500,,,761.0,761.5,0.5
0,935400,5260.5,intrinsic_floor,4500,,,760.0,760.5,0.5
0,935600,5261.5,intrinsic_floor,4500,,,761.0,761.5,0.5
0,935700,5261.5,intrinsic_floor,4500,,,761.0,761.5,0.5
0,935800,5261.5,intrinsic_floor,4500,,,761.0,761.5,0.5
0,935900,5263.5,intrinsic_floor,4000,,,1262.5,1263.5,1.0
0,935900,5263.5,intrinsic_floor,4500,,,762.0,763.5,1.5
0,937800,5258.5,intrinsic_floor,4500,,,758.0,758.5,0.5
0,937900,5259.5,intrinsic_floor,4500,,,759.0,759.5,0.5
0,938100,5258.5,intrinsic_floor,4500,,,758.0,758.5,0.5
0,938200,5259.0,intrinsic_floor,4000,,,1258.5,1259.0,0.5
0,938300,5257.0,intrinsic_floor,4000,,,1256.5,1257.0,0.5
0,938400,5256.5,intrinsic_floor,4500,,,756.0,756.5,0.5
0,938500,5257.5,intrinsic_floor,4500,,,757.0,757.5,0.5
0,938700,5257.5,intrinsic_floor,4500,,,757.0,757.5,0.5
0,938800,5257.0,intrinsic_floor,4000,,,1256.5,1257.0,0.5
0,938900,5256.5,intrinsic_floor,4500,,,756.0,756.5,0.5
0,939200,5252.5,intrinsic_floor,4500,,,752.0,752.5,0.5
0,939400,5252.5,intrinsic_floor,4500,,,752.0,752.5,0.5
0,939500,5251.5,intrinsic_floor,4500,,,751.0,751.5,0.5
0,939600,5253.0,intrinsic_floor,4000,,,1252.5,1253.0,0.5
0,940500,5253.5,intrinsic_floor,4500,,,753.0,753.5,0.5
0,940800,5251.5,intrinsic_floor,4500,,,751.0,751.5,0.5
0,940900,5250.5,intrinsic_floor,4500,,,750.0,750.5,0.5
0,941000,5251.5,intrinsic_floor,4500,,,751.0,751.5,0.5
0,941200,5250.5,intrinsic_floor,4000,,,1245.0,1250.5,5.5
0,941200,5250.5,intrinsic_floor,4500,,,746.5,750.5,4.0
0,941500,5250.0,intrinsic_floor,4000,,,1249.5,1250.0,0.5
0,941600,5250.5,intrinsic_floor,4500,,,750.0,750.5,0.5
0,941700,5250.0,intrinsic_floor,4000,,,1249.5,1250.0,0.5
0,941900,5249.5,intrinsic_floor,4500,,,749.0,749.5,0.5
0,942000,5249.5,intrinsic_floor,4500,,,749.0,749.5,0.5
0,942100,5249.5,intrinsic_floor,4500,,,749.0,749.5,0.5
0,942300,5251.0,intrinsic_floor,4000,,,1249.5,1251.0,1.5
0,942300,5251.0,intrinsic_floor,4500,,,750.0,751.0,1.0
0,942500,5248.0,intrinsic_floor,4000,,,1247.5,1248.0,0.5
0,942700,5248.5,intrinsic_floor,4000,,,1247.5,1248.5,1.0
0,942700,5248.5,intrinsic_floor,4500,,,747.0,748.5,1.5
0,942800,5249.5,intrinsic_floor,4000,,,1248.5,1249.5,1.0
0,942800,5249.5,intrinsic_floor,4500,,,749.0,749.5,0.5
0,943200,5250.0,intrinsic_floor,4000,,,1249.5,1250.0,0.5
0,943400,5249.5,intrinsic_floor,4500,,,749.0,749.5,0.5
0,943700,5251.5,intrinsic_floor,4500,,,751.0,751.5,0.5
0,943900,5250.5,intrinsic_floor,4500,,,750.0,750.5,0.5
0,944000,5250.5,intrinsic_floor,4500,,,750.0,750.5,0.5
0,944100,5250.5,intrinsic_floor,4500,,,750.0,750.5,0.5
0,944200,5250.5,intrinsic_floor,4500,,,750.0,750.5,0.5
0,944400,5249.5,intrinsic_floor,4500,,,749.0,749.5,0.5
0,944500,5249.5,intrinsic_floor,4500,,,749.0,749.5,0.5
0,944600,5247.5,intrinsic_floor,4500,,,747.0,747.5,0.5
0,944700,5246.0,intrinsic_floor,4000,,,1245.5,1246.0,0.5
0,944800,5245.5,intrinsic_floor,4500,,,745.0,745.5,0.5
0,945000,5246.5,intrinsic_floor,4500,,,746.0,746.5,0.5
0,945300,5245.5,intrinsic_floor,4500,,,745.0,745.5,0.5
0,945600,5244.5,intrinsic_floor,4000,,,1243.5,1244.5,1.0
0,945600,5244.5,intrinsic_floor,4500,,,744.0,744.5,0.5
0,946000,5246.0,intrinsic_floor,4000,,,1245.5,1246.0,0.5
0,946400,5245.0,intrinsic_floor,4000,,,1244.5,1245.0,0.5
0,946500,5242.5,intrinsic_floor,4500,,,742.0,742.5,0.5
0,946600,5242.5,intrinsic_floor,4000,,,1237.0,1242.5,5.5
0,946600,5242.5,intrinsic_floor,4500,,,738.0,742.5,4.5
0,946800,5243.5,intrinsic_floor,4500,,,743.0,743.5,0.5
0,947600,5244.5,intrinsic_floor,4500,,,744.0,744.5,0.5
0,947800,5246.0,intrinsic_floor,4000,,,1241.0,1246.0,5.0
0,947800,5246.0,intrinsic_floor,4500,,,742.0,746.0,4.0
0,947900,5245.5,intrinsic_floor,4500,,,745.0,745.5,0.5
0,948300,5244.5,intrinsic_floor,4000,,,1243.5,1244.5,1.0
0,948300,5244.5,intrinsic_floor,4500,,,743.0,744.5,1.5
0,948600,5243.5,intrinsic_floor,4500,,,743.0,743.5,0.5
0,948900,5242.5,intrinsic_floor,4000,,,1237.0,1242.5,5.5
0,948900,5242.5,intrinsic_floor,4500,,,738.5,742.5,4.0
0,949100,5242.5,intrinsic_floor,4500,,,742.0,742.5,0.5
0,949300,5243.5,intrinsic_floor,4500,,,743.0,743.5,0.5
0,949400,5243.0,intrinsic_floor,4000,,,1242.5,1243.0,0.5
0,949500,5243.5,intrinsic_floor,4500,,,743.0,743.5,0.5
0,949800,5240.5,intrinsic_floor,4500,,,740.0,740.5,0.5
0,950000,5239.0,intrinsic_floor,4000,,,1234.0,1239.0,5.0
0,950000,5239.0,intrinsic_floor,4500,,,735.0,739.0,4.0
0,950400,5244.5,intrinsic_floor,4000,,,1243.5,1244.5,1.0
0,950400,5244.5,intrinsic_floor,4500,,,743.0,744.5,1.5
0,950800,5241.5,intrinsic_floor,4500,,,741.0,741.5,0.5
0,951200,5240.5,intrinsic_floor,4000,,,1239.5,1240.5,1.0
0,951200,5240.5,intrinsic_floor,4500,,,739.5,740.5,1.0
0,951400,5237.5,intrinsic_floor,4500,,,737.0,737.5,0.5
0,951500,5238.5,intrinsic_floor,4500,,,738.0,738.5,0.5
0,951600,5238.5,intrinsic_floor,4500,,,738.0,738.5,0.5
0,952000,5239.5,intrinsic_floor,4500,,,739.0,739.5,0.5
0,952100,5239.5,intrinsic_floor,4500,,,739.0,739.5,0.5
0,952400,5240.5,intrinsic_floor,4500,,,740.0,740.5,0.5
0,952500,5240.5,intrinsic_floor,4500,,,740.0,740.5,0.5
0,952600,5241.5,intrinsic_floor,4500,,,741.0,741.5,0.5
0,952700,5242.5,intrinsic_floor,4000,,,1241.5,1242.5,1.0
0,952700,5242.5,intrinsic_floor,4500,,,741.0,742.5,1.5
0,952800,5240.5,intrinsic_floor,4500,,,740.0,740.5,0.5
0,952900,5240.5,intrinsic_floor,4000,,,1239.5,1240.5,1.0
0,952900,5240.5,intrinsic_floor,4500,,,739.0,740.5,1.5
0,953000,5240.5,intrinsic_floor,4500,,,740.0,740.5,0.5
0,953200,5240.5,intrinsic_floor,4500,,,740.0,740.5,0.5
0,953300,5239.5,intrinsic_floor,4500,,,739.0,739.5,0.5
0,953400,5238.5,intrinsic_floor,4500,,,738.0,738.5,0.5
0,953500,5237.5,intrinsic_floor,4500,,,737.0,737.5,0.5
0,954100,5232.5,intrinsic_floor,4500,,,732.0,732.5,0.5
0,954500,5233.5,intrinsic_floor,4500,,,733.0,733.5,0.5
0,955500,5229.5,intrinsic_floor,4500,,,729.0,729.5,0.5
0,955900,5228.5,intrinsic_floor,4000,,,1228.0,1228.5,0.5
0,955900,5228.5,intrinsic_floor,4500,,,728.0,728.5,0.5
0,956000,5227.5,intrinsic_floor,4500,,,727.0,727.5,0.5
0,957900,5230.5,intrinsic_floor,4000,,,1230.0,1230.5,0.5
0,957900,5230.5,intrinsic_floor,4500,,,730.0,730.5,0.5
0,959000,5232.5,intrinsic_floor,4500,,,732.0,732.5,0.5
0,959100,5232.5,intrinsic_floor,4000,,,1231.5,1232.5,1.0
0,959100,5232.5,intrinsic_floor,4500,,,732.0,732.5,0.5
0,959500,5232.5,intrinsic_floor,4500,,,732.0,732.5,0.5
0,959700,5231.5,intrinsic_floor,4500,,,731.0,731.5,0.5
0,960300,5234.5,intrinsic_floor,4500,,,734.0,734.5,0.5
0,961400,5235.5,intrinsic_floor,4500,,,735.0,735.5,0.5
0,961600,5235.5,intrinsic_floor,4500,,,735.0,735.5,0.5
0,961800,5235.5,intrinsic_floor,4500,,,735.0,735.5,0.5
0,962100,5236.5,intrinsic_floor,4500,,,736.0,736.5,0.5
0,962300,5237.5,intrinsic_floor,4500,,,737.0,737.5,0.5
0,962400,5238.5,intrinsic_floor,4500,,,738.0,738.5,0.5
0,963000,5237.5,intrinsic_floor,4500,,,737.0,737.5,0.5
0,963500,5238.5,intrinsic_floor,4500,,,738.0,738.5,0.5
0,963600,5239.5,intrinsic_floor,4500,,,739.0,739.5,0.5
0,963800,5239.5,intrinsic_floor,4500,,,739.0,739.5,0.5
0,963900,5240.5,intrinsic_floor,4500,,,740.0,740.5,0.5
0,964300,5240.5,intrinsic_floor,4500,,,740.0,740.5,0.5
0,964400,5240.5,intrinsic_floor,4500,,,740.0,740.5,0.5
0,965100,5240.5,intrinsic_floor,4500,,,740.0,740.5,0.5
0,965300,5242.5,intrinsic_floor,4500,,,742.0,742.5,0.5
0,965400,5241.5,intrinsic_floor,4500,,,741.0,741.5,0.5
0,965500,5240.5,intrinsic_floor,4500,,,740.0,740.5,0.5
0,966000,5240.5,intrinsic_floor,4500,,,740.0,740.5,0.5
0,966400,5238.5,intrinsic_floor,4500,,,738.0,738.5,0.5
0,966800,5236.5,intrinsic_floor,4500,,,736.0,736.5,0.5
0,967100,5235.5,intrinsic_floor,4000,,,1235.0,1235.5,0.5
0,967100,5235.5,intrinsic_floor,4500,,,735.0,735.5,0.5
0,967900,5233.5,intrinsic_floor,4000,,,1233.0,1233.5,0.5
0,967900,5233.5,intrinsic_floor,4500,,,733.0,733.5,0.5
0,968000,5233.5,intrinsic_floor,4500,,,733.0,733.5,0.5
0,968100,5233.5,intrinsic_floor,4500,,,733.0,733.5,0.5
0,968500,5231.5,intrinsic_floor,4000,,,1231.0,1231.5,0.5
0,968500,5231.5,intrinsic_floor,4500,,,731.0,731.5,0.5
0,969000,5230.5,intrinsic_floor,4500,,,730.0,730.5,0.5
0,970800,5226.5,intrinsic_floor,4500,,,726.0,726.5,0.5
0,971600,5227.5,intrinsic_floor,4500,,,727.0,727.5,0.5
0,971700,5228.5,intrinsic_floor,4000,,,1228.0,1228.5,0.5
0,971700,5228.5,intrinsic_floor,4500,,,728.0,728.5,0.5
0,971900,5228.5,intrinsic_floor,4000,,,1227.5,1228.5,1.0
0,971900,5228.5,intrinsic_floor,4500,,,728.0,728.5,0.5
0,972500,5229.5,intrinsic_floor,4000,,,1229.0,1229.5,0.5
0,972500,5229.5,intrinsic_floor,4500,,,729.0,729.5,0.5
0,972900,5230.5,intrinsic_floor,4500,,,730.0,730.5,0.5
0,973500,5233.5,intrinsic_floor,4000,,,1233.0,1233.5,0.5
0,973500,5233.5,intrinsic_floor,4500,,,733.0,733.5,0.5
0,974100,5233.5,intrinsic_floor,4500,,,733.0,733.5,0.5
0,975000,5233.5,intrinsic_floor,4000,,,1233.0,1233.5,0.5
0,975000,5233.5,intrinsic_floor,4500,,,733.0,733.5,0.5
0,975800,5235.5,intrinsic_floor,4500,,,735.0,735.5,0.5
0,977200,5235.5,intrinsic_floor,4500,,,735.0,735.5,0.5
0,977900,5235.5,intrinsic_floor,4500,,,735.0,735.5,0.5
0,978200,5236.5,intrinsic_floor,4500,,,736.0,736.5,0.5
0,978300,5238.5,intrinsic_floor,4500,,,738.0,738.5,0.5
0,978800,5239.5,intrinsic_floor,4500,,,739.0,739.5,0.5
0,979200,5237.5,intrinsic_floor,4500,,,737.0,737.5,0.5
0,979500,5239.5,intrinsic_floor,4000,,,1238.5,1239.5,1.0
0,979500,5239.5,intrinsic_floor,4500,,,738.0,739.5,1.5
0,979700,5240.5,intrinsic_floor,4500,,,740.0,740.5,0.5
0,979900,5240.5,intrinsic_floor,4500,,,740.0,740.5,0.5
0,980200,5240.5,intrinsic_floor,4000,,,1239.5,1240.5,1.0
0,980200,5240.5,intrinsic_floor,4500,,,739.0,740.5,1.5
0,980400,5241.5,intrinsic_floor,4500,,,741.0,741.5,0.5
0,980500,5243.5,intrinsic_floor,4500,,,743.0,743.5,0.5
0,980700,5244.5,intrinsic_floor,4500,,,744.0,744.5,0.5
0,980800,5244.5,intrinsic_floor,4500,,,744.0,744.5,0.5
0,980900,5245.5,intrinsic_floor,4500,,,745.0,745.5,0.5
0,981000,5244.5,intrinsic_floor,4500,,,744.0,744.5,0.5
0,981600,5244.5,intrinsic_floor,4500,,,744.0,744.5,0.5
0,981700,5245.5,intrinsic_floor,4500,,,745.0,745.5,0.5
0,981800,5244.5,intrinsic_floor,4500,,,744.0,744.5,0.5
0,981900,5244.5,intrinsic_floor,4500,,,744.0,744.5,0.5
0,982100,5244.5,intrinsic_floor,4500,,,744.0,744.5,0.5
0,982400,5244.0,intrinsic_floor,4000,,,1243.5,1244.0,0.5
0,982600,5244.5,intrinsic_floor,4500,,,744.0,744.5,0.5
0,982700,5243.5,intrinsic_floor,4500,,,743.0,743.5,0.5
0,983000,5244.5,intrinsic_floor,4500,,,744.0,744.5,0.5
0,983100,5244.5,intrinsic_floor,4500,,,744.0,744.5,0.5
0,983300,5242.5,intrinsic_floor,4500,,,742.0,742.5,0.5
0,983400,5243.5,intrinsic_floor,4500,,,743.0,743.5,0.5
0,983500,5241.5,intrinsic_floor,4500,,,741.0,741.5,0.5
0,983600,5241.5,intrinsic_floor,4500,,,741.0,741.5,0.5
0,984100,5243.5,intrinsic_floor,4500,,,743.0,743.5,0.5
0,984200,5242.5,intrinsic_floor,4500,,,742.0,742.5,0.5
0,984300,5242.5,intrinsic_floor,4500,,,742.0,742.5,0.5
0,984400,5242.5,intrinsic_floor,4500,,,742.0,742.5,0.5
0,984800,5242.5,intrinsic_floor,4500,,,742.0,742.5,0.5
0,985000,5241.5,intrinsic_floor,4500,,,741.0,741.5,0.5
0,985100,5242.5,intrinsic_floor,4500,,,742.0,742.5,0.5
0,985200,5242.5,intrinsic_floor,4500,,,742.0,742.5,0.5
0,985600,5242.0,intrinsic_floor,4000,,,1241.5,1242.0,0.5
0,985700,5241.5,intrinsic_floor,4500,,,741.0,741.5,0.5
0,986100,5243.5,intrinsic_floor,4500,,,743.0,743.5,0.5
0,987000,5247.5,intrinsic_floor,4500,,,747.0,747.5,0.5
0,987100,5246.5,intrinsic_floor,4500,,,746.0,746.5,0.5
0,987300,5248.5,intrinsic_floor,4500,,,748.0,748.5,0.5
0,987500,5247.5,intrinsic_floor,4500,,,747.0,747.5,0.5
0,987800,5248.5,intrinsic_floor,4000,,,1247.5,1248.5,1.0
0,987800,5248.5,intrinsic_floor,4500,,,747.0,748.5,1.5
0,987900,5247.5,intrinsic_floor,4500,,,747.0,747.5,0.5
0,988000,5246.0,intrinsic_floor,4000,,,1245.5,1246.0,0.5
0,988200,5245.5,intrinsic_floor,4500,,,745.0,745.5,0.5
0,988600,5246.5,intrinsic_floor,4500,,,746.0,746.5,0.5
0,988700,5247.5,intrinsic_floor,4500,,,747.0,747.5,0.5
0,988900,5245.5,intrinsic_floor,4500,,,745.0,745.5,0.5
0,989100,5244.5,intrinsic_floor,4500,,,744.0,744.5,0.5
0,989400,5246.5,intrinsic_floor,4500,,,746.0,746.5,0.5
0,989600,5245.5,intrinsic_floor,4500,,,745.0,745.5,0.5
0,989700,5244.5,intrinsic_floor,4500,,,744.0,744.5,0.5
0,989900,5243.5,intrinsic_floor,4500,,,743.0,743.5,0.5
0,990000,5242.5,intrinsic_floor,4500,,,742.0,742.5,0.5
0,990200,5245.5,intrinsic_floor,4500,,,745.0,745.5,0.5
0,990300,5245.5,intrinsic_floor,4500,,,745.0,745.5,0.5
0,990400,5244.5,intrinsic_floor,4500,,,744.0,744.5,0.5
0,990800,5243.0,intrinsic_floor,4000,,,1242.5,1243.0,0.5
0,990900,5243.5,intrinsic_floor,4500,,,743.0,743.5,0.5
0,991000,5244.5,intrinsic_floor,4500,,,744.0,744.5,0.5
0,991200,5244.5,intrinsic_floor,4500,,,744.0,744.5,0.5
0,991600,5246.5,intrinsic_floor,4500,,,746.0,746.5,0.5
0,991800,5244.5,intrinsic_floor,4500,,,744.0,744.5,0.5
0,991900,5243.5,intrinsic_floor,4000,,,1242.5,1243.5,1.0
0,991900,5243.5,intrinsic_floor,4500,,,743.0,743.5,0.5
0,992300,5240.5,intrinsic_floor,4500,,,740.0,740.5,0.5
0,992700,5242.5,intrinsic_floor,4500,,,742.0,742.5,0.5
0,993000,5240.5,intrinsic_floor,4500,,,740.0,740.5,0.5
0,993500,5240.5,intrinsic_floor,4500,,,740.0,740.5,0.5
0,993900,5243.5,intrinsic_floor,4000,,,1242.5,1243.5,1.0
0,993900,5243.5,intrinsic_floor,4500,,,742.5,743.5,1.0
0,994300,5244.5,intrinsic_floor,4000,,,1239.0,1244.5,5.5
0,994300,5244.5,intrinsic_floor,4500,,,740.0,744.5,4.5
0,994600,5247.5,intrinsic_floor,4500,,,747.0,747.5,0.5
0,994700,5248.0,intrinsic_floor,4000,,,1247.5,1248.0,0.5
0,994800,5248.5,intrinsic_floor,4500,,,748.0,748.5,0.5
0,994900,5248.5,intrinsic_floor,4500,,,748.0,748.5,0.5
0,995200,5245.5,intrinsic_floor,4500,,,745.0,745.5,0.5
0,995300,5245.5,intrinsic_floor,4500,,,745.0,745.5,0.5
0,995400,5245.5,intrinsic_floor,4500,,,745.0,745.5,0.5
0,995600,5244.5,intrinsic_floor,4000,,,1243.5,1244.5,1.0
0,995600,5244.5,intrinsic_floor,4500,,,743.0,744.5,1.5
0,996400,5243.5,intrinsic_floor,4500,,,743.0,743.5,0.5
0,996500,5242.5,intrinsic_floor,4500,,,742.0,742.5,0.5
0,996800,5243.5,intrinsic_floor,4500,,,743.0,743.5,0.5
0,997400,5245.5,intrinsic_floor,4500,,,745.0,745.5,0.5
0,997800,5245.5,intrinsic_floor,4500,,,745.0,745.5,0.5
0,997900,5244.5,intrinsic_floor,4500,,,744.0,744.5,0.5
0,999000,5242.5,intrinsic_floor,4500,,,742.0,742.5,0.5
0,999700,5245.5,intrinsic_floor,4500,,,745.0,745.5,0.5
0,999800,5245.5,intrinsic_floor,4500,,,745.0,745.5,0.5
1,200,5246.5,intrinsic_floor,4500,,,746.0,746.5,0.5
1,300,5247.5,intrinsic_floor,4500,,,747.0,747.5,0.5
1,400,5247.5,intrinsic_floor,4500,,,747.0,747.5,0.5
1,500,5247.5,intrinsic_floor,4500,,,747.0,747.5,0.5
1,700,5245.5,intrinsic_floor,4500,,,745.0,745.5,0.5
1,900,5245.5,intrinsic_floor,4500,,,745.0,745.5,0.5
1,1000,5247.0,intrinsic_floor,4000,,,1246.5,1247.0,0.5
1,1100,5247.5,intrinsic_floor,4500,,,747.0,747.5,0.5
1,1300,5249.5,intrinsic_floor,4500,,,749.0,749.5,0.5
1,1400,5251.0,intrinsic_floor,4000,,,1250.5,1251.0,0.5
1,1600,5250.5,intrinsic_floor,4500,,,750.0,750.5,0.5
1,1700,5251.5,intrinsic_floor,4500,,,751.0,751.5,0.5
1,2000,5251.5,intrinsic_floor,4000,,,1250.5,1251.5,1.0
1,2000,5251.5,intrinsic_floor,4500,,,750.0,751.5,1.5
1,2100,5250.0,intrinsic_floor,4000,,,1249.5,1250.0,0.5
1,2300,5249.5,intrinsic_floor,4500,,,749.0,749.5,0.5
1,2400,5250.5,intrinsic_floor,4500,,,750.0,750.5,0.5
1,2500,5251.5,intrinsic_floor,4500,,,751.0,751.5,0.5
1,2600,5249.0,intrinsic_floor,4000,,,1248.5,1249.0,0.5
1,2900,5249.5,intrinsic_floor,4500,,,749.0,749.5,0.5
1,3300,5254.0,intrinsic_floor,4000,,,1253.5,1254.0,0.5
1,3600,5253.5,intrinsic_floor,4500,,,753.0,753.5,0.5
1,3700,5252.0,intrinsic_floor,4000,,,1251.5,1252.0,0.5
1,4000,5252.5,intrinsic_floor,4500,,,752.0,752.5,0.5
1,4300,5252.5,intrinsic_floor,4500,,,752.0,752.5,0.5
1,4500,5254.5,intrinsic_floor,4000,,,1249.0,1254.5,5.5
1,4500,5254.5,intrinsic_floor,4500,,,750.0,754.5,4.5
1,4900,5252.5,intrinsic_floor,4500,,,752.0,752.5,0.5
1,5000,5252.0,intrinsic_floor,4000,,,1251.5,1252.0,0.5
1,5500,5254.5,intrinsic_floor,4500,,,754.0,754.5,0.5
1,5800,5253.5,intrinsic_floor,4500,,,753.0,753.5,0.5
1,6100,5252.5,intrinsic_floor,4500,,,752.0,752.5,0.5
1,6200,5252.5,intrinsic_floor,4500,,,752.0,752.5,0.5
1,6300,5252.5,intrinsic_floor,4500,,,752.0,752.5,0.5
1,6400,5252.0,intrinsic_floor,4000,,,1251.5,1252.0,0.5
1,6800,5248.5,intrinsic_floor,4500,,,748.0,748.5,0.5
1,6900,5247.5,intrinsic_floor,4500,,,747.0,747.5,0.5
1,7000,5248.5,intrinsic_floor,4500,,,748.0,748.5,0.5
1,7100,5248.5,intrinsic_floor,4500,,,748.0,748.5,0.5
1,7200,5247.5,intrinsic_floor,4500,,,747.0,747.5,0.5
1,7300,5246.5,intrinsic_floor,4500,,,746.0,746.5,0.5
1,7700,5247.5,intrinsic_floor,4500,,,747.0,747.5,0.5
1,7900,5247.5,intrinsic_floor,4500,,,747.0,747.5,0.5
1,8100,5247.5,intrinsic_floor,4500,,,747.0,747.5,0.5
1,8300,5247.5,intrinsic_floor,4500,,,747.0,747.5,0.5
1,8400,5248.5,intrinsic_floor,4500,,,748.0,748.5,0.5
1,8600,5245.0,intrinsic_floor,4000,,,1244.5,1245.0,0.5
1,8800,5245.5,intrinsic_floor,4500,,,745.0,745.5,0.5
1,9200,5247.0,intrinsic_floor,4000,,,1246.5,1247.0,0.5
1,9600,5246.5,intrinsic_floor,4000,,,1241.0,1246.5,5.5
1,9600,5246.5,intrinsic_floor,4500,,,742.0,746.5,4.5
1,10000,5245.5,intrinsic_floor,4000,,,1244.5,1245.5,1.0
1,10000,5245.5,intrinsic_floor,4500,,,745.0,745.5,0.5
1,10800,5242.5,intrinsic_floor,4500,,,742.0,742.5,0.5
1,10900,5243.5,intrinsic_floor,4500,,,743.0,743.5,0.5
1,11100,5244.5,intrinsic_floor,4500,,,744.0,744.5,0.5
1,11300,5243.5,intrinsic_floor,4500,,,743.0,743.5,0.5
1,11800,5241.5,intrinsic_floor,4000,,,1236.0,1241.5,5.5
1,11800,5241.5,intrinsic_floor,4500,,,737.5,741.5,4.0
1,11900,5242.5,intrinsic_floor,4500,,,742.0,742.5,0.5
1,12200,5241.5,intrinsic_floor,4500,,,741.0,741.5,0.5
1,12400,5241.5,intrinsic_floor,4500,,,741.0,741.5,0.5
1,12500,5240.5,intrinsic_floor,4500,,,740.0,740.5,0.5
1,13000,5240.5,intrinsic_floor,4500,,,740.0,740.5,0.5
1,13200,5239.5,intrinsic_floor,4500,,,739.0,739.5,0.5
1,13700,5238.5,intrinsic_floor,4500,,,738.0,738.5,0.5
1,14300,5235.5,intrinsic_floor,4500,,,735.0,735.5,0.5
1,14800,5234.5,intrinsic_floor,4000,,,1229.0,1234.5,5.5
1,14800,5234.5,intrinsic_floor,4500,,,730.5,734.5,4.0
1,14900,5234.5,intrinsic_floor,4500,,,734.0,734.5,0.5
1,15100,5234.5,intrinsic_floor,4500,,,734.0,734.5,0.5
1,15400,5233.5,intrinsic_floor,4500,,,733.0,733.5,0.5
1,15600,5231.5,intrinsic_floor,4000,,,1231.0,1231.5,0.5
1,15600,5231.5,intrinsic_floor,4500,,,731.0,731.5,0.5
1,16000,5233.5,intrinsic_floor,4500,,,733.0,733.5,0.5
1,16200,5232.5,intrinsic_floor,4500,,,732.0,732.5,0.5
1,16500,5232.5,intrinsic_floor,4500,,,732.0,732.5,0.5
1,16700,5231.5,intrinsic_floor,4000,,,1226.0,1231.5,5.5
1,16700,5231.5,intrinsic_floor,4500,,,727.5,731.5,4.0
1,17200,5232.5,intrinsic_floor,4500,,,732.0,732.5,0.5
1,18200,5231.5,intrinsic_floor,4500,,,731.0,731.5,0.5
1,18600,5229.5,intrinsic_floor,4000,,,1228.0,1229.5,1.5
1,18600,5229.5,intrinsic_floor,4500,,,728.0,729.5,1.5
1,18900,5228.5,intrinsic_floor,4500,,,728.0,728.5,0.5
1,19300,5228.5,intrinsic_floor,4500,,,728.0,728.5,0.5
1,19700,5229.5,intrinsic_floor,4000,,,1229.0,1229.5,0.5
1,19700,5229.5,intrinsic_floor,4500,,,729.0,729.5,0.5
1,19800,5228.5,intrinsic_floor,4000,,,1228.0,1228.5,0.5
1,19800,5228.5,intrinsic_floor,4500,,,728.0,728.5,0.5
1,20300,5226.5,intrinsic_floor,4500,,,726.0,726.5,0.5
1,20700,5227.5,intrinsic_floor,4000,,,1227.0,1227.5,0.5
1,20700,5227.5,intrinsic_floor,4500,,,727.0,727.5,0.5
1,21600,5230.5,intrinsic_floor,4500,,,730.0,730.5,0.5
1,22000,5227.5,intrinsic_floor,4500,,,727.0,727.5,0.5
1,22500,5230.5,intrinsic_floor,4500,,,730.0,730.5,0.5
1,22800,5231.5,intrinsic_floor,4500,,,731.0,731.5,0.5
1,23200,5232.5,intrinsic_floor,4000,,,1232.0,1232.5,0.5
1,23200,5232.5,intrinsic_floor,4500,,,732.0,732.5,0.5
1,23900,5232.5,intrinsic_floor,4500,,,732.0,732.5,0.5
1,24400,5235.5,intrinsic_floor,4500,,,735.0,735.5,0.5
1,24600,5235.5,intrinsic_floor,4500,,,735.0,735.5,0.5
1,24900,5234.5,intrinsic_floor,4000,,,1233.0,1234.5,1.5
1,24900,5234.5,intrinsic_floor,4500,,,733.0,734.5,1.5
1,25100,5231.5,intrinsic_floor,4500,,,731.0,731.5,0.5
1,25300,5233.5,intrinsic_floor,4500,,,733.0,733.5,0.5
1,25700,5231.5,intrinsic_floor,4000,,,1231.0,1231.5,0.5
1,25700,5231.5,intrinsic_floor,4500,,,731.0,731.5,0.5
1,25800,5232.5,intrinsic_floor,4000,,,1232.0,1232.5,0.5
1,25800,5232.5,intrinsic_floor,4500,,,732.0,732.5,0.5
1,26500,5229.5,intrinsic_floor,4500,,,729.0,729.5,0.5
1,26600,5229.5,intrinsic_floor,4500,,,729.0,729.5,0.5
1,27000,5232.5,intrinsic_floor,4000,,,1232.0,1232.5,0.5
1,27000,5232.5,intrinsic_floor,4500,,,732.0,732.5,0.5
1,27300,5235.5,intrinsic_floor,4500,,,735.0,735.5,0.5
1,27400,5236.5,intrinsic_floor,4500,,,736.0,736.5,0.5
1,28200,5239.5,intrinsic_floor,4000,,,1238.5,1239.5,1.0
1,28200,5239.5,intrinsic_floor,4500,,,739.0,739.5,0.5
1,28400,5238.5,intrinsic_floor,4500,,,738.0,738.5,0.5
1,28800,5242.5,intrinsic_floor,4500,,,742.0,742.5,0.5
1,29100,5239.5,intrinsic_floor,4500,,,739.0,739.5,0.5
1,29500,5240.5,intrinsic_floor,4000,,,1239.5,1240.5,1.0
1,29500,5240.5,intrinsic_floor,4500,,,739.5,740.5,1.0
1,29800,5241.5,intrinsic_floor,4500,,,741.0,741.5,0.5
1,29900,5240.5,intrinsic_floor,4500,,,740.0,740.5,0.5
1,30000,5240.5,intrinsic_floor,4000,,,1239.5,1240.5,1.0
1,30000,5240.5,intrinsic_floor,4500,,,740.0,740.5,0.5
1,30400,5236.5,intrinsic_floor,4500,,,736.0,736.5,0.5
1,31700,5234.5,intrinsic_floor,4500,,,734.0,734.5,0.5
1,31900,5236.5,intrinsic_floor,4000,,,1235.5,1236.5,1.0
1,31900,5236.5,intrinsic_floor,4500,,,735.5,736.5,1.0
1,32000,5235.5,intrinsic_floor,4000,,,1235.0,1235.5,0.5
1,32000,5235.5,intrinsic_floor,4500,,,735.0,735.5,0.5
1,32600,5237.5,intrinsic_floor,4500,,,737.0,737.5,0.5
1,33300,5239.5,intrinsic_floor,4500,,,739.0,739.5,0.5
1,34500,5234.5,intrinsic_floor,4500,,,734.0,734.5,0.5
1,35000,5235.5,intrinsic_floor,4000,,,1235.0,1235.5,0.5
1,35000,5235.5,intrinsic_floor,4500,,,735.0,735.5,0.5
1,35100,5235.5,intrinsic_floor,4000,,,1234.5,1235.5,1.0
1,35100,5235.5,intrinsic_floor,4500,,,734.5,735.5,1.0
1,35200,5232.5,intrinsic_floor,4500,,,732.0,732.5,0.5
1,35400,5233.5,intrinsic_floor,4500,,,733.0,733.5,0.5
1,35700,5234.5,intrinsic_floor,4000,,,1234.0,1234.5,0.5
1,35700,5234.5,intrinsic_floor,4500,,,734.0,734.5,0.5
1,35800,5235.5,intrinsic_floor,4000,,,1234.5,1235.5,1.0
1,35800,5235.5,intrinsic_floor,4500,,,734.0,735.5,1.5
1,36500,5233.5,intrinsic_floor,4000,,,1232.5,1233.5,1.0
1,36500,5233.5,intrinsic_floor,4500,,,732.0,733.5,1.5
1,37100,5232.5,intrinsic_floor,4000,,,1232.0,1232.5,0.5
1,37100,5232.5,intrinsic_floor,4500,,,732.0,732.5,0.5
1,37200,5233.5,intrinsic_floor,4500,,,733.0,733.5,0.5
1,37300,5232.5,intrinsic_floor,4500,,,732.0,732.5,0.5
1,38000,5231.5,intrinsic_floor,4500,,,731.0,731.5,0.5
1,38200,5233.0,intrinsic_floor,4000,,,1232.0,1233.0,1.0
1,38200,5233.0,intrinsic_floor,4500,,,732.0,733.0,1.0
1,38300,5232.5,intrinsic_floor,4500,,,732.0,732.5,0.5
1,38400,5231.5,intrinsic_floor,4500,,,731.0,731.5,0.5
1,38500,5231.5,intrinsic_floor,4000,,,1226.5,1231.5,5.0
1,38500,5231.5,intrinsic_floor,4500,,,727.5,731.5,4.0
1,38900,5234.0,intrinsic_floor,4000,,,1232.5,1234.0,1.5
1,38900,5234.0,intrinsic_floor,4500,,,733.0,734.0,1.0
1,39000,5233.5,intrinsic_floor,4500,,,733.0,733.5,0.5
1,39600,5234.5,intrinsic_floor,4500,,,734.0,734.5,0.5
1,40400,5233.5,intrinsic_floor,4000,,,1228.0,1233.5,5.5
1,40400,5233.5,intrinsic_floor,4500,,,729.5,733.5,4.0
1,40500,5233.5,intrinsic_floor,4500,,,733.0,733.5,0.5
1,40600,5233.5,intrinsic_floor,4000,,,1232.5,1233.5,1.0
1,40600,5233.5,intrinsic_floor,4500,,,732.5,733.5,1.0
1,40900,5233.5,intrinsic_floor,4000,,,1232.0,1233.5,1.5
1,40900,5233.5,intrinsic_floor,4500,,,732.0,733.5,1.5
1,41500,5228.5,intrinsic_floor,4500,,,728.0,728.5,0.5
1,42100,5229.5,intrinsic_floor,4000,,,1229.0,1229.5,0.5
1,42100,5229.5,intrinsic_floor,4500,,,729.0,729.5,0.5
1,42300,5232.5,intrinsic_floor,4500,,,732.0,732.5,0.5
1,42900,5231.5,intrinsic_floor,4500,,,731.0,731.5,0.5
1,43100,5231.5,intrinsic_floor,4500,,,731.0,731.5,0.5
1,43400,5231.5,intrinsic_floor,4000,,,1226.0,1231.5,5.5
1,43400,5231.5,intrinsic_floor,4500,,,727.0,731.5,4.5
1,44700,5240.5,intrinsic_floor,4500,,,740.0,740.5,0.5
1,44800,5243.5,intrinsic_floor,4000,,,1242.5,1243.5,1.0
1,44800,5243.5,intrinsic_floor,4500,,,742.0,743.5,1.5
1,45100,5244.5,intrinsic_floor,4500,,,744.0,744.5,0.5
1,45500,5243.5,intrinsic_floor,4500,,,743.0,743.5,0.5
1,45700,5244.5,intrinsic_floor,4500,,,744.0,744.5,0.5
1,46100,5248.5,intrinsic_floor,4500,,,748.0,748.5,0.5
1,46200,5248.5,intrinsic_floor,4500,,,748.0,748.5,0.5
1,46300,5245.5,intrinsic_floor,4500,,,745.0,745.5,0.5
1,46500,5246.5,intrinsic_floor,4500,,,746.0,746.5,0.5
1,46800,5247.5,intrinsic_floor,4500,,,747.0,747.5,0.5
1,47100,5243.5,intrinsic_floor,4500,,,743.0,743.5,0.5
1,47200,5245.5,intrinsic_floor,4500,,,745.0,745.5,0.5
1,47300,5245.5,intrinsic_floor,4500,,,745.0,745.5,0.5
1,47800,5246.5,intrinsic_floor,4500,,,746.0,746.5,0.5
1,48100,5243.5,intrinsic_floor,4500,,,743.0,743.5,0.5
1,48300,5245.5,intrinsic_floor,4500,,,745.0,745.5,0.5
1,48400,5245.5,intrinsic_floor,4500,,,745.0,745.5,0.5
1,48600,5245.5,intrinsic_floor,4500,,,745.0,745.5,0.5
1,48700,5245.5,intrinsic_floor,4500,,,745.0,745.5,0.5
1,48800,5245.5,intrinsic_floor,4000,,,1244.5,1245.5,1.0
1,48800,5245.5,intrinsic_floor,4500,,,744.0,745.5,1.5
1,49100,5244.5,intrinsic_floor,4500,,,744.0,744.5,0.5
1,49400,5243.5,intrinsic_floor,4500,,,743.0,743.5,0.5
1,49500,5244.5,intrinsic_floor,4500,,,744.0,744.5,0.5
1,49700,5245.5,intrinsic_floor,4500,,,745.0,745.5,0.5
1,49900,5247.5,intrinsic_floor,4500,,,747.0,747.5,0.5
1,50000,5247.5,intrinsic_floor,4500,,,747.0,747.5,0.5
1,50400,5246.5,intrinsic_floor,4500,,,746.0,746.5,0.5
1,50500,5245.5,intrinsic_floor,4500,,,745.0,745.5,0.5
1,50700,5244.0,intrinsic_floor,4000,,,1239.0,1244.0,5.0
1,50700,5244.0,intrinsic_floor,4500,,,740.0,744.0,4.0
1,50800,5245.0,intrinsic_floor,4000,,,1243.5,1245.0,1.5
1,50800,5245.0,intrinsic_floor,4500,,,744.0,745.0,1.0
1,51000,5244.5,intrinsic_floor,4000,,,1243.5,1244.5,1.0
1,51000,5244.5,intrinsic_floor,4500,,,743.0,744.5,1.5
1,51100,5244.5,intrinsic_floor,4500,,,744.0,744.5,0.5
1,51300,5245.5,intrinsic_floor,4500,,,745.0,745.5,0.5
1,51400,5246.5,intrinsic_floor,4500,,,746.0,746.5,0.5
1,51500,5246.5,intrinsic_floor,4500,,,746.0,746.5,0.5
1,51600,5244.5,intrinsic_floor,4500,,,744.0,744.5,0.5
1,52300,5247.5,intrinsic_floor,4500,,,747.0,747.5,0.5
1,52400,5245.5,intrinsic_floor,4500,,,745.0,745.5,0.5
1,52800,5247.5,intrinsic_floor,4000,,,1242.0,1247.5,5.5
1,52800,5247.5,intrinsic_floor,4500,,,743.0,747.5,4.5
1,53400,5242.5,intrinsic_floor,4000,,,1239.0,1242.5,3.5
1,53400,5242.5,intrinsic_floor,4500,,,740.0,742.5,2.5
1,53500,5245.5,intrinsic_floor,4000,,,1243.5,1245.5,2.0
1,53500,5245.5,intrinsic_floor,4500,,,744.0,745.5,1.5
1,53700,5245.5,intrinsic_floor,4000,,,1244.5,1245.5,1.0
1,53700,5245.5,intrinsic_floor,4500,,,745.0,745.5,0.5
1,54000,5244.5,intrinsic_floor,4500,,,744.0,744.5,0.5
1,54200,5246.5,intrinsic_floor,4500,,,746.0,746.5,0.5
1,54400,5244.5,intrinsic_floor,4500,,,744.0,744.5,0.5
1,54800,5244.5,intrinsic_floor,4500,,,744.0,744.5,0.5
1,55100,5246.0,intrinsic_floor,4000,,,1245.5,1246.0,0.5
1,55300,5245.5,intrinsic_floor,4500,,,745.0,745.5,0.5
1,55400,5247.5,intrinsic_floor,4500,,,747.0,747.5,0.5
1,55600,5246.0,intrinsic_floor,4000,,,1244.5,1246.0,1.5
1,55600,5246.0,intrinsic_floor,4500,,,745.0,746.0,1.0
1,55900,5246.5,intrinsic_floor,4500,,,746.0,746.5,0.5
1,56000,5246.5,intrinsic_floor,4000,,,1245.5,1246.5,1.0
1,56000,5246.5,intrinsic_floor,4500,,,745.0,746.5,1.5
1,56100,5245.5,intrinsic_floor,4500,,,745.0,745.5,0.5
1,56200,5245.5,intrinsic_floor,4500,,,745.0,745.5,0.5
1,56300,5245.5,intrinsic_floor,4500,,,745.0,745.5,0.5
1,56400,5245.5,intrinsic_floor,4500,,,745.0,745.5,0.5
1,56500,5246.5,intrinsic_floor,4500,,,746.0,746.5,0.5
1,56600,5245.5,intrinsic_floor,4500,,,745.0,745.5,0.5
1,57200,5247.5,intrinsic_floor,4500,,,747.0,747.5,0.5
1,57400,5246.5,intrinsic_floor,4500,,,746.0,746.5,0.5
1,57500,5246.5,intrinsic_floor,4500,,,746.0,746.5,0.5
1,57600,5246.5,intrinsic_floor,4500,,,746.0,746.5,0.5
1,57800,5247.5,intrinsic_floor,4500,,,747.0,747.5,0.5
1,58100,5248.5,intrinsic_floor,4500,,,748.0,748.5,0.5
1,58300,5245.5,intrinsic_floor,4500,,,745.0,745.5,0.5
1,58700,5244.5,intrinsic_floor,4500,,,744.0,744.5,0.5
1,59000,5246.5,intrinsic_floor,4500,,,746.0,746.5,0.5
1,59100,5246.5,intrinsic_floor,4500,,,746.0,746.5,0.5
1,59300,5247.5,intrinsic_floor,4500,,,747.0,747.5,0.5
1,59600,5246.5,intrinsic_floor,4500,,,746.0,746.5,0.5
1,59800,5247.0,intrinsic_floor,4000,,,1246.5,1247.0,0.5
1,60600,5248.5,intrinsic_floor,4500,,,748.0,748.5,0.5
1,60700,5246.5,intrinsic_floor,4500,,,746.0,746.5,0.5
1,60800,5246.5,intrinsic_floor,4500,,,746.0,746.5,0.5
1,61000,5246.5,intrinsic_floor,4500,,,746.0,746.5,0.5
1,61200,5246.5,intrinsic_floor,4500,,,746.0,746.5,0.5
1,61600,5245.5,intrinsic_floor,4500,,,745.0,745.5,0.5
1,61700,5245.5,intrinsic_floor,4000,,,1244.5,1245.5,1.0
1,61700,5245.5,intrinsic_floor,4500,,,745.0,745.5,0.5
1,62100,5245.5,intrinsic_floor,4500,,,745.0,745.5,0.5
1,62300,5243.5,intrinsic_floor,4500,,,743.0,743.5,0.5
1,62500,5243.5,intrinsic_floor,4500,,,743.0,743.5,0.5
1,62600,5243.5,intrinsic_floor,4500,,,743.0,743.5,0.5
1,62900,5242.5,intrinsic_floor,4500,,,742.0,742.5,0.5
1,63000,5242.5,intrinsic_floor,4500,,,742.0,742.5,0.5
1,63200,5242.5,intrinsic_floor,4500,,,742.0,742.5,0.5
1,63400,5243.5,intrinsic_floor,4500,,,743.0,743.5,0.5
1,63500,5244.5,intrinsic_floor,4500,,,744.0,744.5,0.5
1,63600,5245.5,intrinsic_floor,4500,,,745.0,745.5,0.5
1,63800,5242.5,intrinsic_floor,4500,,,742.0,742.5,0.5
1,63900,5243.5,intrinsic_floor,4500,,,743.0,743.5,0.5
1,64100,5241.5,intrinsic_floor,4500,,,741.0,741.5,0.5
1,64200,5242.5,intrinsic_floor,4500,,,742.0,742.5,0.5
1,64500,5243.5,intrinsic_floor,4500,,,743.0,743.5,0.5
1,64700,5243.5,intrinsic_floor,4500,,,743.0,743.5,0.5
1,65100,5244.5,intrinsic_floor,4500,,,744.0,744.5,0.5
1,65400,5243.5,intrinsic_floor,4500,,,743.0,743.5,0.5
1,65500,5243.5,intrinsic_floor,4500,,,743.0,743.5,0.5
1,65600,5243.5,intrinsic_floor,4000,,,1242.5,1243.5,1.0
1,65600,5243.5,intrinsic_floor,4500,,,742.0,743.5,1.5
1,66000,5242.5,intrinsic_floor,4500,,,742.0,742.5,0.5
1,66100,5243.5,intrinsic_floor,4500,,,743.0,743.5,0.5
1,66200,5242.0,intrinsic_floor,4000,,,1241.5,1242.0,0.5
1,66500,5242.5,intrinsic_floor,4500,,,742.0,742.5,0.5
1,66600,5242.5,intrinsic_floor,4500,,,742.0,742.5,0.5
1,66800,5243.5,intrinsic_floor,4500,,,743.0,743.5,0.5
1,67100,5245.0,intrinsic_floor,4000,,,1244.5,1245.0,0.5
1,67400,5248.5,intrinsic_floor,4500,,,748.0,748.5,0.5
1,67600,5246.5,intrinsic_floor,4500,,,746.0,746.5,0.5
1,67700,5248.5,intrinsic_floor,4000,,,1247.5,1248.5,1.0
1,67700,5248.5,intrinsic_floor,4500,,,747.0,748.5,1.5
1,68000,5247.5,intrinsic_floor,4500,,,747.0,747.5,0.5
1,68200,5246.5,intrinsic_floor,4500,,,746.0,746.5,0.5
1,68400,5246.5,intrinsic_floor,4500,,,746.0,746.5,0.5
1,68500,5246.5,intrinsic_floor,4500,,,746.0,746.5,0.5
1,68700,5245.5,intrinsic_floor,4500,,,745.0,745.5,0.5
1,69100,5244.5,intrinsic_floor,4500,,,744.0,744.5,0.5
1,69200,5244.5,intrinsic_floor,4500,,,744.0,744.5,0.5
1,69300,5245.5,intrinsic_floor,4500,,,745.0,745.5,0.5
1,69400,5244.5,intrinsic_floor,4500,,,744.0,744.5,0.5
1,69600,5244.5,intrinsic_floor,4500,,,744.0,744.5,0.5
1,69700,5244.5,intrinsic_floor,4500,,,744.0,744.5,0.5
1,69800,5244.5,intrinsic_floor,4500,,,744.0,744.5,0.5
1,69900,5243.5,intrinsic_floor,4500,,,743.0,743.5,0.5
1,70100,5242.5,intrinsic_floor,4500,,,742.0,742.5,0.5
1,70300,5242.5,intrinsic_floor,4500,,,742.0,742.5,0.5
1,71100,5241.5,intrinsic_floor,4500,,,741.0,741.5,0.5
1,71500,5240.5,intrinsic_floor,4500,,,740.0,740.5,0.5
1,71700,5240.5,intrinsic_floor,4500,,,740.0,740.5,0.5
1,71900,5242.5,intrinsic_floor,4500,,,742.0,742.5,0.5
1,72000,5242.5,intrinsic_floor,4500,,,742.0,742.5,0.5
1,72100,5243.5,intrinsic_floor,4500,,,743.0,743.5,0.5
1,72200,5243.5,intrinsic_floor,4500,,,743.0,743.5,0.5
1,72400,5241.5,intrinsic_floor,4500,,,741.0,741.5,0.5
1,72600,5238.5,intrinsic_floor,4500,,,738.0,738.5,0.5
1,73100,5238.5,intrinsic_floor,4500,,,738.0,738.5,0.5
1,74100,5235.5,intrinsic_floor,4000,,,1230.0,1235.5,5.5
1,74100,5235.5,intrinsic_floor,4500,,,731.5,735.5,4.0
1,74400,5237.5,intrinsic_floor,4500,,,737.0,737.5,0.5
1,74600,5239.5,intrinsic_floor,4500,,,739.0,739.5,0.5
1,75100,5240.5,intrinsic_floor,4000,,,1239.5,1240.5,1.0
1,75100,5240.5,intrinsic_floor,4500,,,740.0,740.5,0.5
1,75300,5240.5,intrinsic_floor,4500,,,740.0,740.5,0.5
1,75700,5237.5,intrinsic_floor,4500,,,737.0,737.5,0.5
1,76300,5239.5,intrinsic_floor,4500,,,739.0,739.5,0.5
1,77000,5236.5,intrinsic_floor,4500,,,736.0,736.5,0.5
1,77200,5238.5,intrinsic_floor,4500,,,738.0,738.5,0.5
1,77400,5238.5,intrinsic_floor,4500,,,738.0,738.5,0.5
1,77500,5238.5,intrinsic_floor,4000,,,1237.5,1238.5,1.0
1,77500,5238.5,intrinsic_floor,4500,,,737.5,738.5,1.0
1,77600,5237.5,intrinsic_floor,4500,,,737.0,737.5,0.5
1,77800,5236.5,intrinsic_floor,4500,,,736.0,736.5,0.5
1,78100,5239.5,intrinsic_floor,4500,,,739.0,739.5,0.5
1,79200,5238.5,intrinsic_floor,4500,,,738.0,738.5,0.5
1,79300,5239.5,intrinsic_floor,4500,,,739.0,739.5,0.5
1,79400,5239.5,intrinsic_floor,4500,,,739.0,739.5,0.5
1,79800,5239.5,intrinsic_floor,4500,,,739.0,739.5,0.5
1,80200,5238.5,intrinsic_floor,4500,,,738.0,738.5,0.5
1,80700,5238.0,intrinsic_floor,4000,,,1236.5,1238.0,1.5
1,80700,5238.0,intrinsic_floor,4500,,,736.5,738.0,1.5
1,80800,5236.5,intrinsic_floor,4500,,,736.0,736.5,0.5
1,80900,5235.5,intrinsic_floor,4500,,,735.0,735.5,0.5
1,81500,5239.5,intrinsic_floor,4000,,,1238.5,1239.5,1.0
1,81500,5239.5,intrinsic_floor,4500,,,738.0,739.5,1.5
1,81600,5237.5,intrinsic_floor,4500,,,737.0,737.5,0.5
1,82000,5237.5,intrinsic_floor,4500,,,737.0,737.5,0.5
1,82100,5237.5,intrinsic_floor,4500,,,737.0,737.5,0.5
1,82800,5235.5,intrinsic_floor,4500,,,735.0,735.5,0.5
1,83100,5233.5,intrinsic_floor,4000,,,1233.0,1233.5,0.5
1,83100,5233.5,intrinsic_floor,4500,,,733.0,733.5,0.5
1,83400,5235.5,intrinsic_floor,4000,,,1234.0,1235.5,1.5
1,83400,5235.5,intrinsic_floor,4500,,,734.0,735.5,1.5
1,84200,5230.5,intrinsic_floor,4500,,,730.0,730.5,0.5
1,84300,5232.5,intrinsic_floor,4500,,,732.0,732.5,0.5
1,84500,5233.5,intrinsic_floor,4500,,,733.0,733.5,0.5
1,84900,5235.5,intrinsic_floor,4500,,,735.0,735.5,0.5
1,85000,5236.5,intrinsic_floor,4500,,,736.0,736.5,0.5
1,85300,5235.0,intrinsic_floor,4000,,,1229.5,1235.0,5.5
1,85300,5235.0,intrinsic_floor,4500,,,730.5,735.0,4.5
1,85500,5236.5,intrinsic_floor,4000,,,1235.0,1236.5,1.5
1,85500,5236.5,intrinsic_floor,4500,,,735.0,736.5,1.5
1,85600,5235.5,intrinsic_floor,4500,,,735.0,735.5,0.5
1,86000,5238.5,intrinsic_floor,4500,,,738.0,738.5,0.5
1,86100,5237.0,intrinsic_floor,4000,,,1231.5,1237.0,5.5
1,86100,5237.0,intrinsic_floor,4500,,,732.5,737.0,4.5
1,86400,5236.5,intrinsic_floor,4500,,,736.0,736.5,0.5
1,87000,5237.5,intrinsic_floor,4500,,,737.0,737.5,0.5
1,87100,5238.5,intrinsic_floor,4500,,,738.0,738.5,0.5
1,87300,5239.5,intrinsic_floor,4500,,,739.0,739.5,0.5
1,87600,5240.5,intrinsic_floor,4500,,,740.0,740.5,0.5
1,87800,5241.5,intrinsic_floor,4500,,,741.0,741.5,0.5
1,87900,5241.5,intrinsic_floor,4500,,,741.0,741.5,0.5
1,88000,5240.5,intrinsic_floor,4500,,,740.0,740.5,0.5
1,88100,5240.5,intrinsic_floor,4500,,,740.0,740.5,0.5
1,88300,5240.5,intrinsic_floor,4500,,,740.0,740.5,0.5
1,88400,5242.5,intrinsic_floor,4500,,,742.0,742.5,0.5
1,88600,5243.0,intrinsic_floor,4000,,,1241.5,1243.0,1.5
1,88600,5243.0,intrinsic_floor,4500,,,742.0,743.0,1.0
1,88700,5242.0,intrinsic_floor,4000,,,1241.5,1242.0,0.5
1,89500,5243.5,intrinsic_floor,4500,,,743.0,743.5,0.5
1,89600,5242.5,intrinsic_floor,4500,,,742.0,742.5,0.5
1,89700,5243.5,intrinsic_floor,4500,,,743.0,743.5,0.5
1,89800,5243.5,intrinsic_floor,4000,,,1238.0,1243.5,5.5
1,89800,5243.5,intrinsic_floor,4500,,,739.0,743.5,4.5
1,90300,5243.5,intrinsic_floor,4500,,,743.0,743.5,0.5
1,90500,5244.5,intrinsic_floor,4500,,,744.0,744.5,0.5
1,90600,5243.5,intrinsic_floor,4000,,,1242.5,1243.5,1.0
1,90600,5243.5,intrinsic_floor,4500,,,742.5,743.5,1.0
1,90700,5242.5,intrinsic_floor,4500,,,742.0,742.5,0.5
1,90800,5242.5,intrinsic_floor,4500,,,742.0,742.5,0.5
1,91200,5242.5,intrinsic_floor,4500,,,742.0,742.5,0.5
1,91300,5241.5,intrinsic_floor,4500,,,741.0,741.5,0.5
1,91600,5241.5,intrinsic_floor,4500,,,741.0,741.5,0.5
1,91800,5241.5,intrinsic_floor,4500,,,741.0,741.5,0.5
1,92500,5243.5,intrinsic_floor,4500,,,743.0,743.5,0.5
1,92600,5243.5,intrinsic_floor,4500,,,743.0,743.5,0.5
1,92700,5243.5,intrinsic_floor,4500,,,743.0,743.5,0.5
1,92800,5241.5,intrinsic_floor,4500,,,741.0,741.5,0.5
1,92900,5242.5,intrinsic_floor,4500,,,742.0,742.5,0.5
1,93000,5244.0,intrinsic_floor,4000,,,1243.5,1244.0,0.5
1,93200,5244.5,intrinsic_floor,4000,,,1243.5,1244.5,1.0
1,93200,5244.5,intrinsic_floor,4500,,,743.0,744.5,1.5
1,93600,5243.5,intrinsic_floor,4500,,,743.0,743.5,0.5
1,93700,5243.5,intrinsic_floor,4500,,,743.0,743.5,0.5
1,93800,5243.5,intrinsic_floor,4500,,,743.0,743.5,0.5
1,93900,5244.5,intrinsic_floor,4500,,,744.0,744.5,0.5
1,94000,5245.5,intrinsic_floor,4000,,,1244.5,1245.5,1.0
1,94000,5245.5,intrinsic_floor,4500,,,745.0,745.5,0.5
1,94100,5246.5,intrinsic_floor,4000,,,1245.0,1246.5,1.5
1,94100,5246.5,intrinsic_floor,4500,,,745.0,746.5,1.5
1,94200,5245.5,intrinsic_floor,4000,,,1244.5,1245.5,1.0
1,94200,5245.5,intrinsic_floor,4500,,,744.0,745.5,1.5
1,95100,5244.5,intrinsic_floor,4500,,,744.0,744.5,0.5
1,95400,5244.5,intrinsic_floor,4000,,,1243.5,1244.5,1.0
1,95400,5244.5,intrinsic_floor,4500,,,743.0,744.5,1.5
1,95800,5241.5,intrinsic_floor,4500,,,741.0,741.5,0.5
1,96100,5241.5,intrinsic_floor,4500,,,741.0,741.5,0.5
1,96400,5243.5,intrinsic_floor,4500,,,743.0,743.5,0.5
1,96700,5243.0,intrinsic_floor,4000,,,1242.5,1243.0,0.5
1,96900,5245.5,intrinsic_floor,4000,,,1244.0,1245.5,1.5
1,96900,5245.5,intrinsic_floor,4500,,,744.0,745.5,1.5
1,97000,5243.5,intrinsic_floor,4500,,,743.0,743.5,0.5
1,97300,5243.5,intrinsic_floor,4500,,,743.0,743.5,0.5
1,97600,5244.5,intrinsic_floor,4500,,,744.0,744.5,0.5
1,98000,5243.5,intrinsic_floor,4500,,,743.0,743.5,0.5
1,98100,5245.5,intrinsic_floor,4500,,,745.0,745.5,0.5
1,98200,5246.5,intrinsic_floor,4500,,,746.0,746.5,0.5
1,98300,5247.5,intrinsic_floor,4500,,,747.0,747.5,0.5
1,98700,5245.5,intrinsic_floor,4500,,,745.0,745.5,0.5
1,98900,5246.5,intrinsic_floor,4000,,,1245.5,1246.5,1.0
1,98900,5246.5,intrinsic_floor,4500,,,746.0,746.5,0.5
1,99200,5245.0,intrinsic_floor,4000,,,1244.5,1245.0,0.5
1,99600,5247.5,intrinsic_floor,4500,,,747.0,747.5,0.5
1,99800,5247.5,intrinsic_floor,4500,,,747.0,747.5,0.5
1,100000,5248.5,intrinsic_floor,4500,,,748.0,748.5,0.5
1,100100,5248.0,intrinsic_floor,4000,,,1247.5,1248.0,0.5
1,100400,5246.5,intrinsic_floor,4500,,,746.0,746.5,0.5
1,100700,5247.5,intrinsic_floor,4500,,,747.0,747.5,0.5
1,100900,5248.5,intrinsic_floor,4500,,,748.0,748.5,0.5
1,101200,5250.5,intrinsic_floor,4500,,,750.0,750.5,0.5
1,101900,5245.0,intrinsic_floor,4000,,,1244.5,1245.0,0.5
1,102400,5245.5,intrinsic_floor,4500,,,745.0,745.5,0.5
1,102600,5246.5,intrinsic_floor,4500,,,746.0,746.5,0.5
1,102800,5247.0,intrinsic_floor,4000,,,1246.5,1247.0,0.5
1,102900,5247.5,intrinsic_floor,4500,,,747.0,747.5,0.5
1,103000,5247.5,intrinsic_floor,4500,,,747.0,747.5,0.5
1,103300,5246.5,intrinsic_floor,4500,,,746.0,746.5,0.5
1,103500,5246.5,intrinsic_floor,4500,,,746.0,746.5,0.5
1,103700,5246.5,intrinsic_floor,4500,,,746.0,746.5,0.5
1,103800,5247.5,intrinsic_floor,4500,,,747.0,747.5,0.5
1,103900,5247.5,intrinsic_floor,4500,,,747.0,747.5,0.5
1,104200,5249.5,intrinsic_floor,4500,,,749.0,749.5,0.5
1,104300,5249.5,intrinsic_floor,4500,,,749.0,749.5,0.5
1,104600,5249.5,intrinsic_floor,4500,,,749.0,749.5,0.5
1,104700,5248.5,intrinsic_floor,4500,,,748.0,748.5,0.5
1,105000,5251.0,intrinsic_floor,4000,,,1250.5,1251.0,0.5
1,105100,5253.5,intrinsic_floor,4500,,,753.0,753.5,0.5
1,105200,5253.5,intrinsic_floor,4500,,,753.0,753.5,0.5
1,105300,5254.5,intrinsic_floor,4500,,,754.0,754.5,0.5
1,105500,5256.5,intrinsic_floor,4500,,,756.0,756.5,0.5
1,105700,5258.0,intrinsic_floor,4000,,,1257.5,1258.0,0.5
1,105800,5258.5,intrinsic_floor,4500,,,758.0,758.5,0.5
1,105900,5257.5,intrinsic_floor,4500,,,757.0,757.5,0.5
1,106100,5257.5,intrinsic_floor,4500,,,757.0,757.5,0.5
1,106200,5258.5,intrinsic_floor,4500,,,758.0,758.5,0.5
1,106600,5260.5,intrinsic_floor,4000,,,1259.0,1260.5,1.5
1,106600,5260.5,intrinsic_floor,4500,,,759.0,760.5,1.5
1,106700,5259.5,intrinsic_floor,4500,,,759.0,759.5,0.5
1,107000,5259.5,intrinsic_floor,4500,,,759.0,759.5,0.5
1,107400,5263.5,intrinsic_floor,4000,,,1262.5,1263.5,1.0
1,107400,5263.5,intrinsic_floor,4500,,,763.0,763.5,0.5
1,107500,5262.5,intrinsic_floor,4500,,,762.0,762.5,0.5
1,107800,5263.5,intrinsic_floor,4500,,,763.0,763.5,0.5
1,108900,5266.5,intrinsic_floor,4500,,,766.0,766.5,0.5
1,109600,5270.5,intrinsic_floor,4000,,,1270.0,1270.5,0.5
1,109600,5270.5,intrinsic_floor,4500,,,770.0,770.5,0.5
1,109800,5271.5,intrinsic_floor,4500,,,771.0,771.5,0.5
1,109900,5270.5,intrinsic_floor,4000,,,1270.0,1270.5,0.5
1,109900,5270.5,intrinsic_floor,4500,,,770.0,770.5,0.5
1,110200,5267.5,intrinsic_floor,4500,,,767.0,767.5,0.5
1,110500,5267.5,intrinsic_floor,4500,,,767.0,767.5,0.5
1,110800,5268.0,intrinsic_floor,4000,,,1266.5,1268.0,1.5
1,110800,5268.0,intrinsic_floor,4500,,,767.0,768.0,1.0
1,110900,5266.5,intrinsic_floor,4500,,,766.0,766.5,0.5
1,111300,5267.5,intrinsic_floor,4500,,,767.0,767.5,0.5
1,111400,5266.5,intrinsic_floor,4500,,,766.0,766.5,0.5
1,111700,5262.5,intrinsic_floor,4500,,,762.0,762.5,0.5
1,112000,5262.5,intrinsic_floor,4500,,,762.0,762.5,0.5
1,112500,5264.5,intrinsic_floor,4000,,,1263.0,1264.5,1.5
1,112500,5264.5,intrinsic_floor,4500,,,763.0,764.5,1.5
1,113100,5260.5,intrinsic_floor,4500,,,760.0,760.5,0.5
1,113300,5261.5,intrinsic_floor,4500,,,761.0,761.5,0.5
1,113800,5263.5,intrinsic_floor,4500,,,763.0,763.5,0.5
1,114000,5264.5,intrinsic_floor,4000,,,1264.0,1264.5,0.5
1,114000,5264.5,intrinsic_floor,4500,,,764.0,764.5,0.5
1,114600,5261.5,intrinsic_floor,4500,,,761.0,761.5,0.5
1,115000,5262.5,intrinsic_floor,4500,,,762.0,762.5,0.5
1,115100,5261.5,intrinsic_floor,4500,,,761.0,761.5,0.5
1,115500,5259.5,intrinsic_floor,4500,,,759.0,759.5,0.5
1,115600,5257.5,intrinsic_floor,4500,,,757.0,757.5,0.5
1,116200,5255.5,intrinsic_floor,4500,,,755.0,755.5,0.5
1,116400,5257.5,intrinsic_floor,4500,,,757.0,757.5,0.5
1,116700,5255.5,intrinsic_floor,4500,,,755.0,755.5,0.5
1,116800,5256.0,intrinsic_floor,4000,,,1255.5,1256.0,0.5
1,116900,5255.5,intrinsic_floor,4500,,,755.0,755.5,0.5
1,117400,5256.0,intrinsic_floor,4000,,,1255.5,1256.0,0.5
1,117800,5258.5,intrinsic_floor,4500,,,758.0,758.5,0.5
1,118100,5256.5,intrinsic_floor,4500,,,756.0,756.5,0.5
1,118400,5256.5,intrinsic_floor,4500,,,756.0,756.5,0.5
1,118500,5257.5,intrinsic_floor,4500,,,757.0,757.5,0.5
1,118800,5259.5,intrinsic_floor,4500,,,759.0,759.5,0.5
1,119200,5257.5,intrinsic_floor,4500,,,757.0,757.5,0.5
1,119500,5258.5,intrinsic_floor,4500,,,758.0,758.5,0.5
1,120100,5258.5,intrinsic_floor,4000,,,1257.5,1258.5,1.0
1,120100,5258.5,intrinsic_floor,4500,,,758.0,758.5,0.5
1,120200,5258.5,intrinsic_floor,4500,,,758.0,758.5,0.5
1,120300,5257.5,intrinsic_floor,4000,,,1252.0,1257.5,5.5
1,120300,5257.5,intrinsic_floor,4500,,,753.0,757.5,4.5
1,120500,5260.5,intrinsic_floor,4000,,,1259.0,1260.5,1.5
1,120500,5260.5,intrinsic_floor,4500,,,759.0,760.5,1.5
1,120600,5259.5,intrinsic_floor,4500,,,759.0,759.5,0.5
1,120700,5262.5,intrinsic_floor,4000,,,1261.0,1262.5,1.5
1,120700,5262.5,intrinsic_floor,4500,,,761.0,762.5,1.5
1,121100,5262.5,intrinsic_floor,4500,,,762.0,762.5,0.5
1,121200,5262.5,intrinsic_floor,4500,,,762.0,762.5,0.5
1,121400,5263.5,intrinsic_floor,4500,,,763.0,763.5,0.5
1,122500,5263.5,intrinsic_floor,4500,,,763.0,763.5,0.5
1,123000,5264.5,intrinsic_floor,4500,,,764.0,764.5,0.5
1,123400,5264.5,intrinsic_floor,4500,,,764.0,764.5,0.5
1,123800,5264.5,intrinsic_floor,4500,,,764.0,764.5,0.5
1,123900,5264.5,intrinsic_floor,4000,,,1264.0,1264.5,0.5
1,123900,5264.5,intrinsic_floor,4500,,,764.0,764.5,0.5
1,124100,5265.5,intrinsic_floor,4000,,,1264.5,1265.5,1.0
1,124100,5265.5,intrinsic_floor,4500,,,764.0,765.5,1.5
1,124400,5261.5,intrinsic_floor,4500,,,761.0,761.5,0.5
1,124500,5261.5,intrinsic_floor,4500,,,761.0,761.5,0.5
1,124800,5264.5,intrinsic_floor,4000,,,1263.5,1264.5,1.0
1,124800,5264.5,intrinsic_floor,4500,,,763.5,764.5,1.0
1,125000,5264.5,intrinsic_floor,4500,,,764.0,764.5,0.5
1,125300,5263.5,intrinsic_floor,4500,,,763.0,763.5,0.5
1,125400,5262.5,intrinsic_floor,4500,,,762.0,762.5,0.5
1,125800,5262.5,intrinsic_floor,4500,,,762.0,762.5,0.5
1,125900,5263.5,intrinsic_floor,4500,,,763.0,763.5,0.5
1,127000,5264.5,intrinsic_floor,4500,,,764.0,764.5,0.5
1,127100,5264.5,intrinsic_floor,4500,,,764.0,764.5,0.5
1,127200,5264.0,intrinsic_floor,4000,,,1258.0,1264.0,6.0
1,127200,5264.0,intrinsic_floor,4500,,,759.5,764.0,4.5
1,127400,5265.5,intrinsic_floor,4500,,,765.0,765.5,0.5
1,128400,5263.5,intrinsic_floor,4500,,,763.0,763.5,0.5
1,128500,5262.5,intrinsic_floor,4500,,,762.0,762.5,0.5
1,128600,5263.5,intrinsic_floor,4500,,,763.0,763.5,0.5
1,128900,5264.5,intrinsic_floor,4500,,,764.0,764.5,0.5
1,129000,5263.5,intrinsic_floor,4500,,,763.0,763.5,0.5
1,129200,5264.5,intrinsic_floor,4500,,,764.0,764.5,0.5
1,129400,5263.5,intrinsic_floor,4500,,,763.0,763.5,0.5
1,129800,5264.5,intrinsic_floor,4500,,,764.0,764.5,0.5
1,131000,5266.5,intrinsic_floor,4500,,,766.0,766.5,0.5
1,131100,5266.5,intrinsic_floor,4000,,,1265.5,1266.5,1.0
1,131100,5266.5,intrinsic_floor,4500,,,766.0,766.5,0.5
1,131300,5266.5,intrinsic_floor,4000,,,1265.5,1266.5,1.0
1,131300,5266.5,intrinsic_floor,4500,,,765.0,766.5,1.5
1,131500,5264.5,intrinsic_floor,4500,,,764.0,764.5,0.5
1,131600,5264.5,intrinsic_floor,4500,,,764.0,764.5,0.5
1,132000,5262.5,intrinsic_floor,4500,,,762.0,762.5,0.5
1,132800,5264.5,intrinsic_floor,4500,,,764.0,764.5,0.5
1,133000,5264.5,intrinsic_floor,4500,,,764.0,764.5,0.5
1,133200,5263.5,intrinsic_floor,4500,,,763.0,763.5,0.5
1,133300,5264.0,intrinsic_floor,4000,,,1263.0,1264.0,1.0
1,133300,5264.0,intrinsic_floor,4500,,,763.0,764.0,1.0
1,133400,5265.5,intrinsic_floor,4500,,,765.0,765.5,0.5
1,133700,5266.5,intrinsic_floor,4500,,,766.0,766.5,0.5
1,133800,5267.5,intrinsic_floor,4500,,,767.0,767.5,0.5
1,134000,5266.5,intrinsic_floor,4500,,,766.0,766.5,0.5
1,134100,5265.5,intrinsic_floor,4000,,,1265.0,1265.5,0.5
1,134100,5265.5,intrinsic_floor,4500,,,765.0,765.5,0.5
1,134500,5261.5,intrinsic_floor,4500,,,761.0,761.5,0.5
1,134600,5261.5,intrinsic_floor,4500,,,761.0,761.5,0.5
1,135000,5261.5,intrinsic_floor,4500,,,761.0,761.5,0.5
1,135100,5263.5,intrinsic_floor,4000,,,1262.0,1263.5,1.5
1,135100,5263.5,intrinsic_floor,4500,,,762.0,763.5,1.5
1,135200,5261.0,intrinsic_floor,4000,,,1260.5,1261.0,0.5
1,135600,5260.5,intrinsic_floor,4500,,,760.0,760.5,0.5
1,135900,5263.0,intrinsic_floor,4000,,,1257.5,1263.0,5.5
1,135900,5263.0,intrinsic_floor,4500,,,759.0,763.0,4.0
1,136200,5264.5,intrinsic_floor,4000,,,1264.0,1264.5,0.5
1,136200,5264.5,intrinsic_floor,4500,,,764.0,764.5,0.5
1,136500,5262.5,intrinsic_floor,4500,,,762.0,762.5,0.5
1,136600,5262.5,intrinsic_floor,4500,,,762.0,762.5,0.5
1,137000,5262.5,intrinsic_floor,4500,,,762.0,762.5,0.5
1,137600,5259.0,intrinsic_floor,4000,,,1258.5,1259.0,0.5
1,137900,5257.5,intrinsic_floor,4500,,,757.0,757.5,0.5
1,138300,5256.5,intrinsic_floor,4500,,,756.0,756.5,0.5
1,138600,5258.5,intrinsic_floor,4500,,,758.0,758.5,0.5
1,139000,5258.5,intrinsic_floor,4500,,,758.0,758.5,0.5
1,139100,5257.5,intrinsic_floor,4500,,,757.0,757.5,0.5
1,139600,5258.5,intrinsic_floor,4500,,,758.0,758.5,0.5
1,140100,5257.5,intrinsic_floor,4500,,,757.0,757.5,0.5
1,140200,5257.5,intrinsic_floor,4500,,,757.0,757.5,0.5
1,140400,5257.5,intrinsic_floor,4500,,,757.0,757.5,0.5
1,140600,5255.5,intrinsic_floor,4500,,,755.0,755.5,0.5
1,141600,5260.5,intrinsic_floor,4000,,,1259.5,1260.5,1.0
1,141600,5260.5,intrinsic_floor,4500,,,759.0,760.5,1.5
1,141700,5259.5,intrinsic_floor,4500,,,759.0,759.5,0.5
1,141800,5259.5,intrinsic_floor,4500,,,759.0,759.5,0.5
1,141900,5259.0,intrinsic_floor,4000,,,1258.5,1259.0,0.5
1,142100,5259.5,intrinsic_floor,4500,,,759.0,759.5,0.5
1,142200,5260.5,intrinsic_floor,4500,,,760.0,760.5,0.5
1,142700,5264.5,intrinsic_floor,4500,,,764.0,764.5,0.5
1,143300,5264.5,intrinsic_floor,4500,,,764.0,764.5,0.5
1,144400,5260.5,intrinsic_floor,4500,,,760.0,760.5,0.5
1,145100,5262.5,intrinsic_floor,4000,,,1261.0,1262.5,1.5
1,145100,5262.5,intrinsic_floor,4500,,,761.0,762.5,1.5
1,145300,5261.5,intrinsic_floor,4500,,,761.0,761.5,0.5
1,145500,5261.5,intrinsic_floor,4000,,,1256.0,1261.5,5.5
1,145500,5261.5,intrinsic_floor,4500,,,757.0,761.5,4.5
1,145600,5262.5,intrinsic_floor,4500,,,762.0,762.5,0.5
1,145800,5263.5,intrinsic_floor,4500,,,763.0,763.5,0.5
1,145900,5262.5,intrinsic_floor,4500,,,762.0,762.5,0.5
1,146300,5262.5,intrinsic_floor,4500,,,762.0,762.5,0.5
1,146400,5263.5,intrinsic_floor,4500,,,763.0,763.5,0.5
1,146700,5262.5,intrinsic_floor,4500,,,762.0,762.5,0.5
1,147100,5264.5,intrinsic_floor,4500,,,764.0,764.5,0.5
1,147300,5267.5,intrinsic_floor,4500,,,767.0,767.5,0.5
1,147900,5268.5,intrinsic_floor,4000,,,1267.0,1268.5,1.5
1,147900,5268.5,intrinsic_floor,4500,,,767.0,768.5,1.5
1,148300,5266.5,intrinsic_floor,4000,,,1265.5,1266.5,1.0
1,148300,5266.5,intrinsic_floor,4500,,,765.5,766.5,1.0
1,148500,5264.5,intrinsic_floor,4000,,,1264.0,1264.5,0.5
1,148500,5264.5,intrinsic_floor,4500,,,764.0,764.5,0.5
1,148700,5264.5,intrinsic_floor,4500,,,764.0,764.5,0.5
1,149000,5265.5,intrinsic_floor,4500,,,765.0,765.5,0.5
1,149500,5265.5,intrinsic_floor,4000,,,1264.5,1265.5,1.0
1,149500,5265.5,intrinsic_floor,4500,,,764.0,765.5,1.5
1,149700,5265.5,intrinsic_floor,4500,,,765.0,765.5,0.5
1,150500,5265.5,intrinsic_floor,4500,,,765.0,765.5,0.5
1,150600,5265.5,intrinsic_floor,4000,,,1260.0,1265.5,5.5
1,150600,5265.5,intrinsic_floor,4500,,,761.5,765.5,4.0
1,150700,5265.5,intrinsic_floor,4000,,,1265.0,1265.5,0.5
1,150700,5265.5,intrinsic_floor,4500,,,765.0,765.5,0.5
1,150900,5265.5,intrinsic_floor,4500,,,765.0,765.5,0.5
1,151000,5265.5,intrinsic_floor,4500,,,765.0,765.5,0.5
1,151700,5260.5,intrinsic_floor,4500,,,760.0,760.5,0.5
1,151800,5261.5,intrinsic_floor,4500,,,761.0,761.5,0.5
1,152200,5259.5,intrinsic_floor,4500,,,759.0,759.5,0.5
1,152900,5257.5,intrinsic_floor,4500,,,757.0,757.5,0.5
1,153000,5256.5,intrinsic_floor,4000,,,1251.0,1256.5,5.5
1,153000,5256.5,intrinsic_floor,4500,,,752.0,756.5,4.5
1,153100,5257.5,intrinsic_floor,4500,,,757.0,757.5,0.5
1,153400,5256.5,intrinsic_floor,4500,,,756.0,756.5,0.5
1,153500,5255.0,intrinsic_floor,4000,,,1254.5,1255.0,0.5
1,153700,5257.0,intrinsic_floor,4000,,,1255.5,1257.0,1.5
1,153700,5257.0,intrinsic_floor,4500,,,755.5,757.0,1.5
1,153900,5253.0,intrinsic_floor,4000,,,1252.5,1253.0,0.5
1,154000,5251.5,intrinsic_floor,4500,,,751.0,751.5,0.5
1,154200,5253.5,intrinsic_floor,4500,,,753.0,753.5,0.5
1,154400,5254.5,intrinsic_floor,4500,,,754.0,754.5,0.5
1,154600,5253.5,intrinsic_floor,4500,,,753.0,753.5,0.5
1,154700,5254.5,intrinsic_floor,4500,,,754.0,754.5,0.5
1,155100,5253.5,intrinsic_floor,4500,,,753.0,753.5,0.5
1,155200,5252.0,intrinsic_floor,4000,,,1251.5,1252.0,0.5
1,155400,5251.5,intrinsic_floor,4500,,,751.0,751.5,0.5
1,155500,5249.5,intrinsic_floor,4000,,,1248.5,1249.5,1.0
1,155500,5249.5,intrinsic_floor,4500,,,749.0,749.5,0.5
1,155800,5249.5,intrinsic_floor,4500,,,749.0,749.5,0.5
1,155900,5249.5,intrinsic_floor,4500,,,749.0,749.5,0.5
1,156300,5248.5,intrinsic_floor,4000,,,1247.5,1248.5,1.0
1,156300,5248.5,intrinsic_floor,4500,,,747.0,748.5,1.5
1,156600,5247.5,intrinsic_floor,4500,,,747.0,747.5,0.5
1,156700,5247.5,intrinsic_floor,4500,,,747.0,747.5,0.5
1,156800,5245.5,intrinsic_floor,4500,,,745.0,745.5,0.5
1,157000,5247.5,intrinsic_floor,4500,,,747.0,747.5,0.5
1,157100,5247.5,intrinsic_floor,4500,,,747.0,747.5,0.5
1,157200,5247.5,intrinsic_floor,4500,,,747.0,747.5,0.5
1,158200,5255.5,intrinsic_floor,4500,,,755.0,755.5,0.5
1,158500,5255.5,intrinsic_floor,4500,,,755.0,755.5,0.5
1,159300,5252.5,intrinsic_floor,4500,,,752.0,752.5,0.5
1,159700,5255.5,intrinsic_floor,4500,,,755.0,755.5,0.5
1,159800,5254.5,intrinsic_floor,4500,,,754.0,754.5,0.5
1,160000,5253.5,intrinsic_floor,4500,,,753.0,753.5,0.5
1,160200,5254.5,intrinsic_floor,4500,,,754.0,754.5,0.5
1,160300,5255.5,intrinsic_floor,4500,,,755.0,755.5,0.5
1,160400,5255.0,intrinsic_floor,4000,,,1254.5,1255.0,0.5
1,160700,5254.5,intrinsic_floor,4500,,,754.0,754.5,0.5
1,161100,5253.5,intrinsic_floor,4500,,,753.0,753.5,0.5
1,161200,5253.5,intrinsic_floor,4500,,,753.0,753.5,0.5
1,161300,5254.5,intrinsic_floor,4500,,,754.0,754.5,0.5
1,161500,5255.5,intrinsic_floor,4500,,,755.0,755.5,0.5
1,161700,5254.5,intrinsic_floor,4500,,,754.0,754.5,0.5
1,161900,5253.5,intrinsic_floor,4500,,,753.0,753.5,0.5
1,162000,5254.5,intrinsic_floor,4500,,,754.0,754.5,0.5
1,162200,5255.5,intrinsic_floor,4500,,,755.0,755.5,0.5
1,163400,5254.5,intrinsic_floor,4500,,,754.0,754.5,0.5
1,163500,5253.5,intrinsic_floor,4500,,,753.0,753.5,0.5
1,163600,5253.5,intrinsic_floor,4500,,,753.0,753.5,0.5
1,164000,5253.5,intrinsic_floor,4500,,,753.0,753.5,0.5
1,164200,5251.5,intrinsic_floor,4500,,,751.0,751.5,0.5
1,164600,5253.5,intrinsic_floor,4500,,,753.0,753.5,0.5
1,164800,5252.5,intrinsic_floor,4500,,,752.0,752.5,0.5
1,164900,5252.5,intrinsic_floor,4500,,,752.0,752.5,0.5
1,165000,5252.5,intrinsic_floor,4500,,,752.0,752.5,0.5
1,165200,5252.5,intrinsic_floor,4500,,,752.0,752.5,0.5
1,165300,5251.5,intrinsic_floor,4500,,,751.0,751.5,0.5
1,165500,5251.0,intrinsic_floor,4000,,,1249.5,1251.0,1.5
1,165500,5251.0,intrinsic_floor,4500,,,750.0,751.0,1.0
1,165600,5250.5,intrinsic_floor,4500,,,750.0,750.5,0.5
1,165700,5251.5,intrinsic_floor,4500,,,751.0,751.5,0.5
1,165800,5251.5,intrinsic_floor,4500,,,751.0,751.5,0.5
1,166000,5250.5,intrinsic_floor,4500,,,750.0,750.5,0.5
1,166200,5251.0,intrinsic_floor,4000,,,1250.5,1251.0,0.5
1,166500,5252.5,intrinsic_floor,4500,,,752.0,752.5,0.5
1,166700,5252.5,intrinsic_floor,4500,,,752.0,752.5,0.5
1,166800,5254.5,intrinsic_floor,4000,,,1253.5,1254.5,1.0
1,166800,5254.5,intrinsic_floor,4500,,,753.0,754.5,1.5
1,167100,5254.5,intrinsic_floor,4500,,,754.0,754.5,0.5
1,167800,5252.5,intrinsic_floor,4500,,,752.0,752.5,0.5
1,167900,5252.5,intrinsic_floor,4500,,,752.0,752.5,0.5
1,168100,5253.5,intrinsic_floor,4500,,,753.0,753.5,0.5
1,168300,5252.0,intrinsic_floor,4000,,,1251.5,1252.0,0.5
1,168400,5250.5,intrinsic_floor,4500,,,750.0,750.5,0.5
1,168700,5249.5,intrinsic_floor,4500,,,749.0,749.5,0.5
1,168800,5249.5,intrinsic_floor,4500,,,749.0,749.5,0.5
1,168900,5249.5,intrinsic_floor,4500,,,749.0,749.5,0.5
1,169000,5252.0,intrinsic_floor,4000,,,1250.5,1252.0,1.5
1,169000,5252.0,intrinsic_floor,4500,,,751.0,752.0,1.0
1,169200,5252.0,intrinsic_floor,4000,,,1250.5,1252.0,1.5
1,169200,5252.0,intrinsic_floor,4500,,,751.0,752.0,1.0
1,169400,5254.5,intrinsic_floor,4500,,,754.0,754.5,0.5
1,169700,5255.5,intrinsic_floor,4000,,,1254.5,1255.5,1.0
1,169700,5255.5,intrinsic_floor,4500,,,754.5,755.5,1.0
1,169900,5251.5,intrinsic_floor,4500,,,751.0,751.5,0.5
1,170000,5250.5,intrinsic_floor,4500,,,750.0,750.5,0.5
1,170300,5249.5,intrinsic_floor,4500,,,749.0,749.5,0.5
1,170400,5249.5,intrinsic_floor,4000,,,1244.0,1249.5,5.5
1,170400,5249.5,intrinsic_floor,4500,,,745.5,749.5,4.0
1,170500,5248.5,intrinsic_floor,4000,,,1243.0,1248.5,5.5
1,170500,5248.5,intrinsic_floor,4500,,,744.5,748.5,4.0
1,170900,5249.5,intrinsic_floor,4500,,,749.0,749.5,0.5
1,171000,5247.0,intrinsic_floor,4000,,,1246.5,1247.0,0.5
1,171300,5250.5,intrinsic_floor,4500,,,750.0,750.5,0.5
1,171500,5251.0,intrinsic_floor,4000,,,1250.5,1251.0,0.5
1,172000,5250.0,intrinsic_floor,4000,,,1249.5,1250.0,0.5
1,172200,5250.5,intrinsic_floor,4500,,,750.0,750.5,0.5
1,172300,5248.5,intrinsic_floor,4500,,,748.0,748.5,0.5
1,172500,5249.5,intrinsic_floor,4000,,,1244.0,1249.5,5.5
1,172500,5249.5,intrinsic_floor,4500,,,745.5,749.5,4.0
1,172600,5248.5,intrinsic_floor,4500,,,748.0,748.5,0.5
1,172800,5249.0,intrinsic_floor,4000,,,1248.5,1249.0,0.5
1,173000,5247.0,intrinsic_floor,4000,,,1246.5,1247.0,0.5
1,173100,5247.5,intrinsic_floor,4500,,,747.0,747.5,0.5
1,173300,5249.0,intrinsic_floor,4000,,,1248.5,1249.0,0.5
1,173400,5247.5,intrinsic_floor,4500,,,747.0,747.5,0.5
1,173700,5248.5,intrinsic_floor,4500,,,748.0,748.5,0.5
1,173900,5247.5,intrinsic_floor,4500,,,747.0,747.5,0.5
1,174000,5249.0,intrinsic_floor,4000,,,1247.5,1249.0,1.5
1,174000,5249.0,intrinsic_floor,4500,,,748.0,749.0,1.0
1,174100,5246.5,intrinsic_floor,4500,,,746.0,746.5,0.5
1,174600,5246.5,intrinsic_floor,4500,,,746.0,746.5,0.5
1,175300,5249.0,intrinsic_floor,4000,,,1248.5,1249.0,0.5
1,175400,5248.5,intrinsic_floor,4500,,,748.0,748.5,0.5
1,175600,5246.5,intrinsic_floor,4500,,,746.0,746.5,0.5
1,175700,5245.5,intrinsic_floor,4500,,,745.0,745.5,0.5
1,175800,5244.5,intrinsic_floor,4500,,,744.0,744.5,0.5
1,175900,5245.5,intrinsic_floor,4500,,,745.0,745.5,0.5
1,176000,5246.5,intrinsic_floor,4000,,,1245.5,1246.5,1.0
1,176000,5246.5,intrinsic_floor,4500,,,745.0,746.5,1.5
1,176200,5248.5,intrinsic_floor,4500,,,748.0,748.5,0.5
1,176400,5248.0,intrinsic_floor,4000,,,1247.5,1248.0,0.5
1,176500,5247.5,intrinsic_floor,4500,,,747.0,747.5,0.5
1,176600,5246.5,intrinsic_floor,4500,,,746.0,746.5,0.5
1,177000,5247.5,intrinsic_floor,4500,,,747.0,747.5,0.5
1,177200,5246.5,intrinsic_floor,4500,,,746.0,746.5,0.5
1,177300,5246.0,intrinsic_floor,4000,,,1245.5,1246.0,0.5
1,177400,5246.5,intrinsic_floor,4500,,,746.0,746.5,0.5
1,177500,5246.5,intrinsic_floor,4000,,,1245.5,1246.5,1.0
1,177500,5246.5,intrinsic_floor,4500,,,746.0,746.5,0.5
1,177600,5245.5,intrinsic_floor,4500,,,745.0,745.5,0.5
1,177700,5244.5,intrinsic_floor,4500,,,744.0,744.5,0.5
1,178100,5248.5,intrinsic_floor,4500,,,748.0,748.5,0.5
1,178200,5250.5,intrinsic_floor,4000,,,1249.5,1250.5,1.0
1,178200,5250.5,intrinsic_floor,4500,,,749.0,750.5,1.5
1,178400,5249.5,intrinsic_floor,4500,,,749.0,749.5,0.5
1,178600,5248.5,intrinsic_floor,4500,,,748.0,748.5,0.5
1,179000,5247.5,intrinsic_floor,4500,,,747.0,747.5,0.5
1,179300,5246.5,intrinsic_floor,4500,,,746.0,746.5,0.5
1,179700,5247.5,intrinsic_floor,4000,,,1246.5,1247.5,1.0
1,179700,5247.5,intrinsic_floor,4500,,,746.0,747.5,1.5
1,179900,5245.5,intrinsic_floor,4500,,,745.0,745.5,0.5
1,180100,5245.5,intrinsic_floor,4500,,,745.0,745.5,0.5
1,180300,5247.5,intrinsic_floor,4500,,,747.0,747.5,0.5
1,180400,5247.0,intrinsic_floor,4000,,,1246.5,1247.0,0.5
1,181000,5247.5,intrinsic_floor,4500,,,747.0,747.5,0.5
1,181100,5248.5,intrinsic_floor,4500,,,748.0,748.5,0.5
1,181400,5248.5,intrinsic_floor,4500,,,748.0,748.5,0.5
1,181700,5245.5,intrinsic_floor,4500,,,745.0,745.5,0.5
1,181800,5244.5,intrinsic_floor,4500,,,744.0,744.5,0.5
1,182100,5243.5,intrinsic_floor,4500,,,743.0,743.5,0.5
1,182300,5243.5,intrinsic_floor,4500,,,743.0,743.5,0.5
1,182500,5245.5,intrinsic_floor,4500,,,745.0,745.5,0.5
1,182700,5245.5,intrinsic_floor,4500,,,745.0,745.5,0.5
1,183000,5246.5,intrinsic_floor,4000,,,1245.5,1246.5,1.0
1,183000,5246.5,intrinsic_floor,4500,,,746.0,746.5,0.5
1,183100,5246.5,intrinsic_floor,4000,,,1245.5,1246.5,1.0
1,183100,5246.5,intrinsic_floor,4500,,,745.0,746.5,1.5
1,183300,5246.5,intrinsic_floor,4500,,,746.0,746.5,0.5
1,183700,5246.5,intrinsic_floor,4500,,,746.0,746.5,0.5
1,183800,5245.0,intrinsic_floor,4000,,,1244.5,1245.0,0.5
1,183900,5244.5,intrinsic_floor,4500,,,744.0,744.5,0.5
1,184000,5242.5,intrinsic_floor,4500,,,742.0,742.5,0.5
1,184100,5241.5,intrinsic_floor,4500,,,741.0,741.5,0.5
1,184200,5240.5,intrinsic_floor,4500,,,740.0,740.5,0.5
1,184900,5239.5,intrinsic_floor,4500,,,739.0,739.5,0.5
1,185000,5241.5,intrinsic_floor,4500,,,741.0,741.5,0.5
1,185100,5239.5,intrinsic_floor,4500,,,739.0,739.5,0.5
1,185200,5241.5,intrinsic_floor,4000,,,1240.5,1241.5,1.0
1,185200,5241.5,intrinsic_floor,4500,,,740.0,741.5,1.5
1,186000,5237.5,intrinsic_floor,4000,,,1236.0,1237.5,1.5
1,186000,5237.5,intrinsic_floor,4500,,,736.0,737.5,1.5
1,186400,5236.5,intrinsic_floor,4500,,,736.0,736.5,0.5
1,186500,5236.5,intrinsic_floor,4500,,,736.0,736.5,0.5
1,186700,5236.5,intrinsic_floor,4500,,,736.0,736.5,0.5
1,186800,5237.5,intrinsic_floor,4000,,,1236.5,1237.5,1.0
1,186800,5237.5,intrinsic_floor,4500,,,736.5,737.5,1.0
1,187500,5231.5,intrinsic_floor,4500,,,731.0,731.5,0.5
1,187900,5231.5,intrinsic_floor,4500,,,731.0,731.5,0.5
1,188300,5231.5,intrinsic_floor,4500,,,731.0,731.5,0.5
1,188500,5233.5,intrinsic_floor,4000,,,1233.0,1233.5,0.5
1,188500,5233.5,intrinsic_floor,4500,,,733.0,733.5,0.5
1,188800,5233.5,intrinsic_floor,4000,,,1232.5,1233.5,1.0
1,188800,5233.5,intrinsic_floor,4500,,,732.5,733.5,1.0
1,188900,5234.5,intrinsic_floor,4500,,,734.0,734.5,0.5
1,189000,5234.5,intrinsic_floor,4000,,,1233.5,1234.5,1.0
1,189000,5234.5,intrinsic_floor,4500,,,734.0,734.5,0.5
1,189300,5237.5,intrinsic_floor,4500,,,737.0,737.5,0.5
1,189600,5240.5,intrinsic_floor,4500,,,740.0,740.5,0.5
1,189900,5239.5,intrinsic_floor,4500,,,739.0,739.5,0.5
1,190000,5238.5,intrinsic_floor,4500,,,738.0,738.5,0.5
1,190100,5238.5,intrinsic_floor,4000,,,1233.0,1238.5,5.5
1,190100,5238.5,intrinsic_floor,4500,,,734.5,738.5,4.0
1,190200,5237.5,intrinsic_floor,4500,,,737.0,737.5,0.5
1,190300,5237.5,intrinsic_floor,4500,,,737.0,737.5,0.5
1,190400,5237.5,intrinsic_floor,4500,,,737.0,737.5,0.5
1,190500,5236.5,intrinsic_floor,4500,,,736.0,736.5,0.5
1,191300,5240.0,intrinsic_floor,4000,,,1239.5,1240.0,0.5
1,191400,5238.5,intrinsic_floor,4500,,,738.0,738.5,0.5
1,191900,5240.5,intrinsic_floor,4000,,,1239.0,1240.5,1.5
1,191900,5240.5,intrinsic_floor,4500,,,739.0,740.5,1.5
1,192400,5234.5,intrinsic_floor,4500,,,734.0,734.5,0.5
1,192500,5233.5,intrinsic_floor,4500,,,733.0,733.5,0.5
1,192900,5236.5,intrinsic_floor,4500,,,736.0,736.5,0.5
1,193600,5237.5,intrinsic_floor,4000,,,1236.5,1237.5,1.0
1,193600,5237.5,intrinsic_floor,4500,,,736.0,737.5,1.5
1,193700,5237.5,intrinsic_floor,4500,,,737.0,737.5,0.5
1,193900,5236.5,intrinsic_floor,4500,,,736.0,736.5,0.5
1,194400,5236.5,intrinsic_floor,4500,,,736.0,736.5,0.5
1,194600,5235.5,intrinsic_floor,4500,,,735.0,735.5,0.5
1,195100,5234.5,intrinsic_floor,4500,,,734.0,734.5,0.5
1,195300,5233.5,intrinsic_floor,4500,,,733.0,733.5,0.5
1,195600,5235.5,intrinsic_floor,4000,,,1230.0,1235.5,5.5
1,195600,5235.5,intrinsic_floor,4500,,,731.0,735.5,4.5
1,196000,5236.5,intrinsic_floor,4500,,,736.0,736.5,0.5
1,196400,5234.5,intrinsic_floor,4500,,,734.0,734.5,0.5
1,196700,5235.5,intrinsic_floor,4500,,,735.0,735.5,0.5
1,197300,5237.5,intrinsic_floor,4000,,,1236.5,1237.5,1.0
1,197300,5237.5,intrinsic_floor,4500,,,737.0,737.5,0.5
1,197800,5239.5,intrinsic_floor,4500,,,739.0,739.5,0.5
1,197900,5238.5,intrinsic_floor,4500,,,738.0,738.5,0.5
1,198200,5239.5,intrinsic_floor,4500,,,739.0,739.5,0.5
1,198600,5243.5,intrinsic_floor,4000,,,1242.5,1243.5,1.0
1,198600,5243.5,intrinsic_floor,4500,,,742.0,743.5,1.5
1,198800,5241.5,intrinsic_floor,4500,,,741.0,741.5,0.5
1,199100,5242.5,intrinsic_floor,4000,,,1241.0,1242.5,1.5
1,199100,5242.5,intrinsic_floor,4500,,,741.0,742.5,1.5
1,199400,5240.5,intrinsic_floor,4500,,,740.0,740.5,0.5
1,199700,5239.5,intrinsic_floor,4500,,,739.0,739.5,0.5
1,200000,5238.5,intrinsic_floor,4500,,,738.0,738.5,0.5
1,201400,5243.5,intrinsic_floor,4500,,,743.0,743.5,0.5
1,201800,5244.5,intrinsic_floor,4500,,,744.0,744.5,0.5
1,201900,5243.5,intrinsic_floor,4500,,,743.0,743.5,0.5
1,202500,5243.5,intrinsic_floor,4500,,,743.0,743.5,0.5
1,202900,5242.0,intrinsic_floor,4000,,,1241.5,1242.0,0.5
1,203400,5241.5,intrinsic_floor,4500,,,741.0,741.5,0.5
1,203600,5241.0,intrinsic_floor,4000,,,1239.5,1241.0,1.5
1,203600,5241.0,intrinsic_floor,4500,,,740.0,741.0,1.0
1,203900,5240.5,intrinsic_floor,4500,,,740.0,740.5,0.5
1,204600,5242.5,intrinsic_floor,4500,,,742.0,742.5,0.5
1,205000,5243.5,intrinsic_floor,4500,,,743.0,743.5,0.5
1,205100,5243.5,intrinsic_floor,4000,,,1242.0,1243.5,1.5
1,205100,5243.5,intrinsic_floor,4500,,,742.0,743.5,1.5
1,205600,5246.5,intrinsic_floor,4500,,,746.0,746.5,0.5
1,205700,5245.5,intrinsic_floor,4500,,,745.0,745.5,0.5
1,206100,5244.5,intrinsic_floor,4500,,,744.0,744.5,0.5
1,206200,5244.5,intrinsic_floor,4000,,,1239.0,1244.5,5.5
1,206200,5244.5,intrinsic_floor,4500,,,740.0,744.5,4.5
1,207000,5245.5,intrinsic_floor,4500,,,745.0,745.5,0.5
1,207200,5246.5,intrinsic_floor,4500,,,746.0,746.5,0.5
1,207500,5248.5,intrinsic_floor,4500,,,748.0,748.5,0.5
1,207600,5248.0,intrinsic_floor,4000,,,1247.5,1248.0,0.5
1,207700,5247.5,intrinsic_floor,4500,,,747.0,747.5,0.5
1,208500,5247.5,intrinsic_floor,4500,,,747.0,747.5,0.5
1,208800,5246.5,intrinsic_floor,4500,,,746.0,746.5,0.5
1,209200,5247.5,intrinsic_floor,4500,,,747.0,747.5,0.5
1,209600,5248.5,intrinsic_floor,4500,,,748.0,748.5,0.5
1,210100,5252.5,intrinsic_floor,4500,,,752.0,752.5,0.5
1,210200,5252.5,intrinsic_floor,4000,,,1251.5,1252.5,1.0
1,210200,5252.5,intrinsic_floor,4500,,,752.0,752.5,0.5
1,210400,5254.5,intrinsic_floor,4000,,,1253.5,1254.5,1.0
1,210400,5254.5,intrinsic_floor,4500,,,753.0,754.5,1.5
1,210500,5253.5,intrinsic_floor,4500,,,753.0,753.5,0.5
1,210800,5251.5,intrinsic_floor,4500,,,751.0,751.5,0.5
1,211000,5254.5,intrinsic_floor,4500,,,754.0,754.5,0.5
1,211100,5253.5,intrinsic_floor,4500,,,753.0,753.5,0.5
1,211300,5253.0,intrinsic_floor,4000,,,1252.5,1253.0,0.5
1,211400,5253.5,intrinsic_floor,4500,,,753.0,753.5,0.5
1,211500,5253.5,intrinsic_floor,4500,,,753.0,753.5,0.5
1,211600,5254.5,intrinsic_floor,4000,,,1253.5,1254.5,1.0
1,211600,5254.5,intrinsic_floor,4500,,,753.0,754.5,1.5
1,211800,5254.5,intrinsic_floor,4500,,,754.0,754.5,0.5
1,211900,5256.5,intrinsic_floor,4500,,,756.0,756.5,0.5
1,212300,5255.5,intrinsic_floor,4500,,,755.0,755.5,0.5
1,212500,5256.5,intrinsic_floor,4500,,,756.0,756.5,0.5
1,213300,5256.5,intrinsic_floor,4500,,,756.0,756.5,0.5
1,213600,5256.5,intrinsic_floor,4500,,,756.0,756.5,0.5
1,213700,5256.5,intrinsic_floor,4500,,,756.0,756.5,0.5
1,213800,5257.5,intrinsic_floor,4000,,,1256.5,1257.5,1.0
1,213800,5257.5,intrinsic_floor,4500,,,756.0,757.5,1.5
1,214000,5255.5,intrinsic_floor,4500,,,755.0,755.5,0.5
1,214100,5254.5,intrinsic_floor,4000,,,1253.5,1254.5,1.0
1,214100,5254.5,intrinsic_floor,4500,,,754.0,754.5,0.5
1,214200,5253.5,intrinsic_floor,4500,,,753.0,753.5,0.5
1,214400,5253.0,intrinsic_floor,4000,,,1252.5,1253.0,0.5
1,214800,5251.5,intrinsic_floor,4500,,,751.0,751.5,0.5
1,215000,5251.5,intrinsic_floor,4500,,,751.0,751.5,0.5
1,215200,5252.5,intrinsic_floor,4500,,,752.0,752.5,0.5
1,215800,5252.0,intrinsic_floor,4000,,,1251.5,1252.0,0.5
1,215900,5252.0,intrinsic_floor,4000,,,1251.5,1252.0,0.5
1,216100,5251.5,intrinsic_floor,4500,,,751.0,751.5,0.5
1,216200,5250.5,intrinsic_floor,4500,,,750.0,750.5,0.5
1,216700,5251.5,intrinsic_floor,4500,,,751.0,751.5,0.5
1,216800,5251.5,intrinsic_floor,4500,,,751.0,751.5,0.5
1,216900,5253.0,intrinsic_floor,4000,,,1252.5,1253.0,0.5
1,217000,5253.0,intrinsic_floor,4000,,,1252.5,1253.0,0.5
1,217100,5254.5,intrinsic_floor,4500,,,754.0,754.5,0.5
1,217200,5253.5,intrinsic_floor,4500,,,753.0,753.5,0.5
1,217300,5253.5,intrinsic_floor,4500,,,753.0,753.5,0.5
1,217400,5254.0,intrinsic_floor,4000,,,1253.5,1254.0,0.5
1,217700,5253.5,intrinsic_floor,4500,,,753.0,753.5,0.5
1,217900,5252.0,intrinsic_floor,4000,,,1251.5,1252.0,0.5
1,218000,5253.5,intrinsic_floor,4500,,,753.0,753.5,0.5
1,218100,5254.5,intrinsic_floor,4500,,,754.0,754.5,0.5
1,218200,5255.5,intrinsic_floor,4000,,,1254.5,1255.5,1.0
1,218200,5255.5,intrinsic_floor,4500,,,754.0,755.5,1.5
1,218400,5252.5,intrinsic_floor,4500,,,752.0,752.5,0.5
1,218600,5252.5,intrinsic_floor,4500,,,752.0,752.5,0.5
1,218700,5253.5,intrinsic_floor,4000,,,1252.5,1253.5,1.0
1,218700,5253.5,intrinsic_floor,4500,,,752.0,753.5,1.5
1,218800,5252.0,intrinsic_floor,4000,,,1251.5,1252.0,0.5
1,218900,5251.5,intrinsic_floor,4500,,,751.0,751.5,0.5
1,219200,5252.5,intrinsic_floor,4500,,,752.0,752.5,0.5
1,219400,5251.5,intrinsic_floor,4500,,,751.0,751.5,0.5
1,219500,5251.5,intrinsic_floor,4500,,,751.0,751.5,0.5
1,219700,5250.5,intrinsic_floor,4500,,,750.0,750.5,0.5
1,219800,5250.0,intrinsic_floor,4000,,,1249.5,1250.0,0.5
1,219900,5249.5,intrinsic_floor,4500,,,749.0,749.5,0.5
1,220400,5246.5,intrinsic_floor,4500,,,746.0,746.5,0.5
1,220500,5246.5,intrinsic_floor,4500,,,746.0,746.5,0.5
1,220700,5244.5,intrinsic_floor,4500,,,744.0,744.5,0.5
1,221000,5243.5,intrinsic_floor,4500,,,743.0,743.5,0.5
1,221600,5242.5,intrinsic_floor,4500,,,742.0,742.5,0.5
1,221700,5243.5,intrinsic_floor,4000,,,1242.5,1243.5,1.0
1,221700,5243.5,intrinsic_floor,4500,,,742.0,743.5,1.5
1,221800,5243.5,intrinsic_floor,4500,,,743.0,743.5,0.5
1,221900,5242.5,intrinsic_floor,4500,,,742.0,742.5,0.5
1,222000,5243.5,intrinsic_floor,4000,,,1242.5,1243.5,1.0
1,222000,5243.5,intrinsic_floor,4500,,,742.0,743.5,1.5
1,222300,5246.5,intrinsic_floor,4500,,,746.0,746.5,0.5
1,222500,5245.5,intrinsic_floor,4500,,,745.0,745.5,0.5
1,222600,5245.5,intrinsic_floor,4500,,,745.0,745.5,0.5
1,222800,5246.0,intrinsic_floor,4000,,,1245.5,1246.0,0.5
1,223300,5246.5,intrinsic_floor,4500,,,746.0,746.5,0.5
1,223600,5248.0,intrinsic_floor,4000,,,1247.5,1248.0,0.5
1,223900,5248.5,intrinsic_floor,4500,,,748.0,748.5,0.5
1,224300,5248.5,intrinsic_floor,4500,,,748.0,748.5,0.5
1,224500,5249.0,intrinsic_floor,4000,,,1248.5,1249.0,0.5
1,224600,5249.0,intrinsic_floor,4000,,,1248.5,1249.0,0.5
1,224800,5250.0,intrinsic_floor,4000,,,1249.5,1250.0,0.5
1,225400,5250.5,intrinsic_floor,4500,,,750.0,750.5,0.5
1,225500,5250.5,intrinsic_floor,4500,,,750.0,750.5,0.5
1,225600,5250.5,intrinsic_floor,4500,,,750.0,750.5,0.5
1,225700,5250.5,intrinsic_floor,4500,,,750.0,750.5,0.5
1,226200,5254.5,intrinsic_floor,4500,,,754.0,754.5,0.5
1,226300,5253.5,intrinsic_floor,4500,,,753.0,753.5,0.5
1,226400,5254.0,intrinsic_floor,4000,,,1253.5,1254.0,0.5
1,226500,5254.5,intrinsic_floor,4500,,,754.0,754.5,0.5
1,226900,5254.5,intrinsic_floor,4500,,,754.0,754.5,0.5
1,227000,5254.0,intrinsic_floor,4000,,,1253.5,1254.0,0.5
1,227600,5255.5,intrinsic_floor,4500,,,755.0,755.5,0.5
1,227700,5255.5,intrinsic_floor,4500,,,755.0,755.5,0.5
1,227900,5254.5,intrinsic_floor,4500,,,754.0,754.5,0.5
1,228400,5251.0,intrinsic_floor,4000,,,1250.5,1251.0,0.5
1,228700,5249.5,intrinsic_floor,4500,,,749.0,749.5,0.5
1,228800,5247.5,intrinsic_floor,4500,,,747.0,747.5,0.5
1,228900,5246.5,intrinsic_floor,4500,,,746.0,746.5,0.5
1,229200,5248.5,intrinsic_floor,4500,,,748.0,748.5,0.5
1,229400,5248.0,intrinsic_floor,4000,,,1247.5,1248.0,0.5
1,229500,5247.5,intrinsic_floor,4500,,,747.0,747.5,0.5
1,230000,5245.5,intrinsic_floor,4500,,,745.0,745.5,0.5
1,230200,5246.5,intrinsic_floor,4000,,,1245.5,1246.5,1.0
1,230200,5246.5,intrinsic_floor,4500,,,745.0,746.5,1.5
1,230300,5246.5,intrinsic_floor,4000,,,1245.5,1246.5,1.0
1,230300,5246.5,intrinsic_floor,4500,,,746.0,746.5,0.5
1,230500,5244.5,intrinsic_floor,4500,,,744.0,744.5,0.5
1,230600,5244.5,intrinsic_floor,4500,,,744.0,744.5,0.5
1,230800,5242.5,intrinsic_floor,4500,,,742.0,742.5,0.5
1,231200,5242.5,intrinsic_floor,4500,,,742.0,742.5,0.5
1,231300,5242.0,intrinsic_floor,4000,,,1241.5,1242.0,0.5
1,231500,5244.5,intrinsic_floor,4500,,,744.0,744.5,0.5
1,232100,5244.0,intrinsic_floor,4000,,,1243.5,1244.0,0.5
1,232300,5244.5,intrinsic_floor,4500,,,744.0,744.5,0.5
1,232700,5245.5,intrinsic_floor,4000,,,1244.5,1245.5,1.0
1,232700,5245.5,intrinsic_floor,4500,,,744.0,745.5,1.5
1,232800,5244.5,intrinsic_floor,4500,,,744.0,744.5,0.5
1,233200,5243.5,intrinsic_floor,4500,,,743.0,743.5,0.5
1,233300,5242.5,intrinsic_floor,4500,,,742.0,742.5,0.5
1,233600,5243.5,intrinsic_floor,4500,,,743.0,743.5,0.5
1,233800,5244.5,intrinsic_floor,4500,,,744.0,744.5,0.5
1,234100,5244.0,intrinsic_floor,4000,,,1243.5,1244.0,0.5
1,234400,5246.5,intrinsic_floor,4500,,,746.0,746.5,0.5
1,235000,5246.5,intrinsic_floor,4500,,,746.0,746.5,0.5
1,235100,5247.0,intrinsic_floor,4000,,,1246.5,1247.0,0.5
1,235200,5247.0,intrinsic_floor,4000,,,1245.5,1247.0,1.5
1,235200,5247.0,intrinsic_floor,4500,,,746.0,747.0,1.0
1,235300,5245.5,intrinsic_floor,4000,,,1240.0,1245.5,5.5
1,235300,5245.5,intrinsic_floor,4500,,,741.5,745.5,4.0
1,235400,5246.5,intrinsic_floor,4500,,,746.0,746.5,0.5
1,235700,5247.0,intrinsic_floor,4000,,,1246.5,1247.0,0.5
1,235900,5247.5,intrinsic_floor,4500,,,747.0,747.5,0.5
1,236400,5245.0,intrinsic_floor,4000,,,1244.5,1245.0,0.5
1,236900,5247.5,intrinsic_floor,4500,,,747.0,747.5,0.5
1,237000,5250.0,intrinsic_floor,4000,,,1249.5,1250.0,0.5
1,237200,5250.5,intrinsic_floor,4500,,,750.0,750.5,0.5
1,237300,5250.5,intrinsic_floor,4500,,,750.0,750.5,0.5
1,237500,5250.5,intrinsic_floor,4500,,,750.0,750.5,0.5
1,237900,5251.0,intrinsic_floor,4000,,,1250.5,1251.0,0.5
1,238000,5252.0,intrinsic_floor,4000,,,1250.5,1252.0,1.5
1,238000,5252.0,intrinsic_floor,4500,,,751.0,752.0,1.0
1,238800,5251.5,intrinsic_floor,4500,,,751.0,751.5,0.5
1,239100,5253.5,intrinsic_floor,4500,,,753.0,753.5,0.5
1,239400,5253.5,intrinsic_floor,4500,,,753.0,753.5,0.5
1,239700,5254.5,intrinsic_floor,4500,,,754.0,754.5,0.5
1,239800,5255.5,intrinsic_floor,4500,,,755.0,755.5,0.5
1,239900,5255.5,intrinsic_floor,4500,,,755.0,755.5,0.5
1,240000,5254.5,intrinsic_floor,4500,,,754.0,754.5,0.5
1,240400,5254.5,intrinsic_floor,4500,,,754.0,754.5,0.5
1,240600,5256.5,intrinsic_floor,4500,,,756.0,756.5,0.5
1,240700,5257.5,intrinsic_floor,4500,,,757.0,757.5,0.5
1,240800,5257.0,intrinsic_floor,4000,,,1256.5,1257.0,0.5
1,241100,5259.5,intrinsic_floor,4500,,,759.0,759.5,0.5
1,241500,5258.0,intrinsic_floor,4000,,,1257.5,1258.0,0.5
1,241900,5260.5,intrinsic_floor,4500,,,760.0,760.5,0.5
1,242100,5261.5,intrinsic_floor,4500,,,761.0,761.5,0.5
1,242400,5259.5,intrinsic_floor,4500,,,759.0,759.5,0.5
1,243000,5255.5,intrinsic_floor,4500,,,755.0,755.5,0.5
1,243100,5254.5,intrinsic_floor,4500,,,754.0,754.5,0.5
1,243700,5255.5,intrinsic_floor,4500,,,755.0,755.5,0.5
1,244100,5255.5,intrinsic_floor,4500,,,755.0,755.5,0.5
1,244300,5256.5,intrinsic_floor,4000,,,1255.5,1256.5,1.0
1,244300,5256.5,intrinsic_floor,4500,,,756.0,756.5,0.5
1,244600,5256.5,intrinsic_floor,4500,,,756.0,756.5,0.5
1,244900,5256.5,intrinsic_floor,4500,,,756.0,756.5,0.5
1,245100,5254.5,intrinsic_floor,4500,,,754.0,754.5,0.5
1,245700,5253.5,intrinsic_floor,4500,,,753.0,753.5,0.5
1,245900,5254.5,intrinsic_floor,4500,,,754.0,754.5,0.5
1,246000,5256.5,intrinsic_floor,4000,,,1255.5,1256.5,1.0
1,246000,5256.5,intrinsic_floor,4500,,,755.0,756.5,1.5
1,246200,5256.0,intrinsic_floor,4000,,,1255.5,1256.0,0.5
1,246800,5253.5,intrinsic_floor,4500,,,753.0,753.5,0.5
1,247700,5257.5,intrinsic_floor,4500,,,757.0,757.5,0.5
1,248100,5257.5,intrinsic_floor,4500,,,757.0,757.5,0.5
1,248800,5263.5,intrinsic_floor,4500,,,763.0,763.5,0.5
1,249600,5265.5,intrinsic_floor,4000,,,1265.0,1265.5,0.5
1,249600,5265.5,intrinsic_floor,4500,,,765.0,765.5,0.5
1,250000,5266.5,intrinsic_floor,4500,,,766.0,766.5,0.5
1,250100,5266.5,intrinsic_floor,4500,,,766.0,766.5,0.5
1,251500,5263.5,intrinsic_floor,4500,,,763.0,763.5,0.5
1,251600,5264.5,intrinsic_floor,4500,,,764.0,764.5,0.5
1,252300,5264.5,intrinsic_floor,4500,,,764.0,764.5,0.5
1,252500,5264.5,intrinsic_floor,4000,,,1259.0,1264.5,5.5
1,252500,5264.5,intrinsic_floor,4500,,,760.5,764.5,4.0
1,252600,5267.5,intrinsic_floor,4000,,,1267.0,1267.5,0.5
1,252600,5267.5,intrinsic_floor,4500,,,767.0,767.5,0.5
1,252700,5266.5,intrinsic_floor,4500,,,766.0,766.5,0.5
1,252900,5265.5,intrinsic_floor,4500,,,765.0,765.5,0.5
1,253500,5263.5,intrinsic_floor,4500,,,763.0,763.5,0.5
1,253600,5264.5,intrinsic_floor,4500,,,764.0,764.5,0.5
1,254800,5265.5,intrinsic_floor,4500,,,765.0,765.5,0.5
1,255700,5264.5,intrinsic_floor,4500,,,764.0,764.5,0.5
1,256700,5265.5,intrinsic_floor,4000,,,1265.0,1265.5,0.5
1,256700,5265.5,intrinsic_floor,4500,,,765.0,765.5,0.5
1,257100,5264.5,intrinsic_floor,4500,,,764.0,764.5,0.5
1,257200,5264.5,intrinsic_floor,4500,,,764.0,764.5,0.5
1,258300,5258.5,intrinsic_floor,4500,,,758.0,758.5,0.5
1,258500,5257.5,intrinsic_floor,4500,,,757.0,757.5,0.5
1,258600,5257.5,intrinsic_floor,4500,,,757.0,757.5,0.5
1,259100,5258.5,intrinsic_floor,4500,,,758.0,758.5,0.5
1,259500,5259.5,intrinsic_floor,4500,,,759.0,759.5,0.5
1,259700,5256.5,intrinsic_floor,4500,,,756.0,756.5,0.5
1,260200,5254.5,intrinsic_floor,4500,,,754.0,754.5,0.5
1,260300,5253.5,intrinsic_floor,4500,,,753.0,753.5,0.5
1,260800,5258.5,intrinsic_floor,4000,,,1257.5,1258.5,1.0
1,260800,5258.5,intrinsic_floor,4500,,,758.0,758.5,0.5
1,261100,5257.5,intrinsic_floor,4500,,,757.0,757.5,0.5
1,261400,5258.5,intrinsic_floor,4000,,,1257.5,1258.5,1.0
1,261400,5258.5,intrinsic_floor,4500,,,757.0,758.5,1.5
1,261700,5255.0,intrinsic_floor,4000,,,1254.5,1255.0,0.5
1,262100,5253.5,intrinsic_floor,4500,,,753.0,753.5,0.5
1,262300,5254.5,intrinsic_floor,4500,,,754.0,754.5,0.5
1,262400,5253.0,intrinsic_floor,4000,,,1252.5,1253.0,0.5
1,262700,5257.5,intrinsic_floor,4500,,,757.0,757.5,0.5
1,262900,5257.5,intrinsic_floor,4500,,,757.0,757.5,0.5
1,263200,5256.5,intrinsic_floor,4500,,,756.0,756.5,0.5
1,263300,5256.5,intrinsic_floor,4500,,,756.0,756.5,0.5
1,263400,5255.5,intrinsic_floor,4500,,,755.0,755.5,0.5
1,263500,5254.5,intrinsic_floor,4500,,,754.0,754.5,0.5
1,263700,5255.5,intrinsic_floor,4500,,,755.0,755.5,0.5
1,263800,5253.5,intrinsic_floor,4500,,,753.0,753.5,0.5
1,263900,5254.5,intrinsic_floor,4500,,,754.0,754.5,0.5
1,264100,5253.5,intrinsic_floor,4000,,,1252.5,1253.5,1.0
1,264100,5253.5,intrinsic_floor,4500,,,752.5,753.5,1.0
1,264200,5252.5,intrinsic_floor,4500,,,752.0,752.5,0.5
1,264300,5252.5,intrinsic_floor,4500,,,752.0,752.5,0.5
1,264400,5252.5,intrinsic_floor,4500,,,752.0,752.5,0.5
1,264600,5253.5,intrinsic_floor,4500,,,753.0,753.5,0.5
1,264700,5251.5,intrinsic_floor,4500,,,751.0,751.5,0.5
1,265000,5253.5,intrinsic_floor,4500,,,753.0,753.5,0.5
1,265200,5252.5,intrinsic_floor,4500,,,752.0,752.5,0.5
1,265300,5251.0,intrinsic_floor,4000,,,1250.5,1251.0,0.5
1,265500,5250.5,intrinsic_floor,4500,,,750.0,750.5,0.5
1,265600,5250.5,intrinsic_floor,4500,,,750.0,750.5,0.5
1,265900,5250.5,intrinsic_floor,4500,,,750.0,750.5,0.5
1,266000,5251.5,intrinsic_floor,4500,,,751.0,751.5,0.5
1,266300,5252.5,intrinsic_floor,4500,,,752.0,752.5,0.5
1,266400,5250.5,intrinsic_floor,4500,,,750.0,750.5,0.5
1,266500,5250.0,intrinsic_floor,4000,,,1249.5,1250.0,0.5
1,266800,5249.5,intrinsic_floor,4000,,,1248.5,1249.5,1.0
1,266800,5249.5,intrinsic_floor,4500,,,749.0,749.5,0.5
1,267000,5250.5,intrinsic_floor,4500,,,750.0,750.5,0.5
1,267100,5251.0,intrinsic_floor,4000,,,1250.5,1251.0,0.5
1,267300,5251.5,intrinsic_floor,4500,,,751.0,751.5,0.5
1,267700,5248.5,intrinsic_floor,4500,,,748.0,748.5,0.5
1,267800,5247.5,intrinsic_floor,4500,,,747.0,747.5,0.5
1,267900,5247.5,intrinsic_floor,4000,,,1246.5,1247.5,1.0
1,267900,5247.5,intrinsic_floor,4500,,,747.0,747.5,0.5
1,268000,5246.5,intrinsic_floor,4500,,,746.0,746.5,0.5
1,268100,5246.0,intrinsic_floor,4000,,,1245.5,1246.0,0.5
1,268200,5245.5,intrinsic_floor,4500,,,745.0,745.5,0.5
1,268300,5246.5,intrinsic_floor,4500,,,746.0,746.5,0.5
1,268400,5246.5,intrinsic_floor,4500,,,746.0,746.5,0.5
1,268700,5248.5,intrinsic_floor,4500,,,748.0,748.5,0.5
1,269000,5249.5,intrinsic_floor,4500,,,749.0,749.5,0.5
1,269100,5250.0,intrinsic_floor,4000,,,1249.5,1250.0,0.5
1,269200,5250.0,intrinsic_floor,4000,,,1249.5,1250.0,0.5
1,269400,5250.5,intrinsic_floor,4500,,,750.0,750.5,0.5
1,269500,5250.0,intrinsic_floor,4000,,,1249.5,1250.0,0.5
1,269700,5250.5,intrinsic_floor,4500,,,750.0,750.5,0.5
1,270000,5253.5,intrinsic_floor,4500,,,753.0,753.5,0.5
1,270100,5253.5,intrinsic_floor,4500,,,753.0,753.5,0.5
1,270300,5254.0,intrinsic_floor,4000,,,1253.5,1254.0,0.5
1,271300,5257.5,intrinsic_floor,4500,,,757.0,757.5,0.5
1,271600,5259.0,intrinsic_floor,4000,,,1258.5,1259.0,0.5
1,271900,5259.5,intrinsic_floor,4500,,,759.0,759.5,0.5
1,272000,5259.0,intrinsic_floor,4000,,,1258.5,1259.0,0.5
1,272100,5259.5,intrinsic_floor,4500,,,759.0,759.5,0.5
1,272200,5259.5,intrinsic_floor,4500,,,759.0,759.5,0.5
1,272300,5260.5,intrinsic_floor,4500,,,760.0,760.5,0.5
1,272700,5261.5,intrinsic_floor,4500,,,761.0,761.5,0.5
1,274100,5259.5,intrinsic_floor,4500,,,759.0,759.5,0.5
1,274500,5258.5,intrinsic_floor,4000,,,1257.5,1258.5,1.0
1,274500,5258.5,intrinsic_floor,4500,,,757.0,758.5,1.5
1,274600,5258.5,intrinsic_floor,4500,,,758.0,758.5,0.5
1,275200,5256.5,intrinsic_floor,4500,,,756.0,756.5,0.5
1,275300,5257.5,intrinsic_floor,4000,,,1256.5,1257.5,1.0
1,275300,5257.5,intrinsic_floor,4500,,,756.0,757.5,1.5
1,275400,5258.5,intrinsic_floor,4500,,,758.0,758.5,0.5
1,275600,5259.5,intrinsic_floor,4500,,,759.0,759.5,0.5
1,275700,5259.5,intrinsic_floor,4500,,,759.0,759.5,0.5
1,275800,5258.5,intrinsic_floor,4500,,,758.0,758.5,0.5
1,275900,5257.5,intrinsic_floor,4500,,,757.0,757.5,0.5
1,276100,5255.5,intrinsic_floor,4500,,,755.0,755.5,0.5
1,276400,5253.5,intrinsic_floor,4500,,,753.0,753.5,0.5
1,276500,5254.0,intrinsic_floor,4000,,,1252.5,1254.0,1.5
1,276500,5254.0,intrinsic_floor,4500,,,753.0,754.0,1.0
1,276800,5251.5,intrinsic_floor,4500,,,751.0,751.5,0.5
1,277100,5252.5,intrinsic_floor,4500,,,752.0,752.5,0.5
1,277200,5251.5,intrinsic_floor,4500,,,751.0,751.5,0.5
1,277700,5251.5,intrinsic_floor,4500,,,751.0,751.5,0.5
1,277800,5252.0,intrinsic_floor,4000,,,1251.5,1252.0,0.5
1,278200,5256.5,intrinsic_floor,4000,,,1255.5,1256.5,1.0
1,278200,5256.5,intrinsic_floor,4500,,,756.0,756.5,0.5
1,278300,5255.5,intrinsic_floor,4500,,,755.0,755.5,0.5
1,279200,5256.0,intrinsic_floor,4000,,,1255.5,1256.0,0.5
1,279600,5257.0,intrinsic_floor,4000,,,1256.5,1257.0,0.5
1,279700,5258.5,intrinsic_floor,4000,,,1257.5,1258.5,1.0
1,279700,5258.5,intrinsic_floor,4500,,,758.0,758.5,0.5
1,281100,5254.5,intrinsic_floor,4500,,,754.0,754.5,0.5
1,281700,5257.0,intrinsic_floor,4000,,,1256.5,1257.0,0.5
1,281800,5256.5,intrinsic_floor,4500,,,756.0,756.5,0.5
1,282200,5262.5,intrinsic_floor,4500,,,762.0,762.5,0.5
1,282400,5260.5,intrinsic_floor,4500,,,760.0,760.5,0.5
1,282600,5261.5,intrinsic_floor,4500,,,761.0,761.5,0.5
1,282700,5260.0,intrinsic_floor,4000,,,1259.5,1260.0,0.5
1,282800,5261.0,intrinsic_floor,4000,,,1259.5,1261.0,1.5
1,282800,5261.0,intrinsic_floor,4500,,,760.0,761.0,1.0
1,283500,5256.5,intrinsic_floor,4500,,,756.0,756.5,0.5
1,283600,5256.5,intrinsic_floor,4500,,,756.0,756.5,0.5
1,283900,5260.5,intrinsic_floor,4500,,,760.0,760.5,0.5
1,284200,5261.5,intrinsic_floor,4500,,,761.0,761.5,0.5
1,284800,5262.5,intrinsic_floor,4500,,,762.0,762.5,0.5
1,285100,5265.5,intrinsic_floor,4500,,,765.0,765.5,0.5
1,285300,5264.5,intrinsic_floor,4500,,,764.0,764.5,0.5
1,285400,5264.5,intrinsic_floor,4500,,,764.0,764.5,0.5
1,285500,5265.5,intrinsic_floor,4000,,,1265.0,1265.5,0.5
1,285500,5265.5,intrinsic_floor,4500,,,765.0,765.5,0.5
1,285700,5264.5,intrinsic_floor,4500,,,764.0,764.5,0.5
1,286300,5263.0,intrinsic_floor,4000,,,1262.5,1263.0,0.5
1,286600,5266.5,intrinsic_floor,4500,,,766.0,766.5,0.5
1,286900,5267.5,intrinsic_floor,4500,,,767.0,767.5,0.5
1,287100,5267.5,intrinsic_floor,4500,,,767.0,767.5,0.5
1,287200,5267.5,intrinsic_floor,4000,,,1266.0,1267.5,1.5
1,287200,5267.5,intrinsic_floor,4500,,,766.0,767.5,1.5
1,288000,5265.5,intrinsic_floor,4500,,,765.0,765.5,0.5
1,288200,5266.5,intrinsic_floor,4500,,,766.0,766.5,0.5
1,288500,5269.5,intrinsic_floor,4000,,,1268.0,1269.5,1.5
1,288500,5269.5,intrinsic_floor,4500,,,768.0,769.5,1.5
1,289500,5266.5,intrinsic_floor,4500,,,766.0,766.5,0.5
1,289900,5269.5,intrinsic_floor,4500,,,769.0,769.5,0.5
1,291100,5273.5,intrinsic_floor,4000,,,1272.5,1273.5,1.0
1,291100,5273.5,intrinsic_floor,4500,,,772.5,773.5,1.0
1,291500,5274.5,intrinsic_floor,4000,,,1274.0,1274.5,0.5
1,291500,5274.5,intrinsic_floor,4500,,,774.0,774.5,0.5
1,291900,5271.5,intrinsic_floor,4000,,,1271.0,1271.5,0.5
1,291900,5271.5,intrinsic_floor,4500,,,771.0,771.5,0.5
1,292200,5272.5,intrinsic_floor,4500,,,772.0,772.5,0.5
1,292700,5273.5,intrinsic_floor,4500,,,773.0,773.5,0.5
1,292900,5272.5,intrinsic_floor,4000,,,1272.0,1272.5,0.5
1,292900,5272.5,intrinsic_floor,4500,,,772.0,772.5,0.5
1,293200,5272.5,intrinsic_floor,4500,,,772.0,772.5,0.5
1,294300,5274.5,intrinsic_floor,4000,,,1274.0,1274.5,0.5
1,294300,5274.5,intrinsic_floor,4500,,,774.0,774.5,0.5
1,294500,5277.5,intrinsic_floor,4000,,,1277.0,1277.5,0.5
1,294500,5277.5,intrinsic_floor,4500,,,777.0,777.5,0.5
1,295200,5275.5,intrinsic_floor,4000,,,1275.0,1275.5,0.5
1,295200,5275.5,intrinsic_floor,4500,,,775.0,775.5,0.5
1,295700,5274.5,intrinsic_floor,4000,,,1274.0,1274.5,0.5
1,295700,5274.5,intrinsic_floor,4500,,,774.0,774.5,0.5
1,296000,5276.5,intrinsic_floor,4000,,,1276.0,1276.5,0.5
1,296000,5276.5,intrinsic_floor,4500,,,776.0,776.5,0.5
1,296400,5275.5,intrinsic_floor,4000,,,1275.0,1275.5,0.5
1,296400,5275.5,intrinsic_floor,4500,,,775.0,775.5,0.5
1,297000,5273.5,intrinsic_floor,4000,,,1273.0,1273.5,0.5
1,297000,5273.5,intrinsic_floor,4500,,,773.0,773.5,0.5
1,298900,5268.5,intrinsic_floor,4500,,,768.0,768.5,0.5
1,299400,5272.0,intrinsic_floor,4000,,,1270.5,1272.0,1.5
1,299400,5272.0,intrinsic_floor,4500,,,771.0,772.0,1.0
1,300200,5267.5,intrinsic_floor,4000,,,1267.0,1267.5,0.5
1,300200,5267.5,intrinsic_floor,4500,,,767.0,767.5,0.5
1,300500,5269.5,intrinsic_floor,4500,,,769.0,769.5,0.5
1,300700,5271.5,intrinsic_floor,4500,,,771.0,771.5,0.5
1,301000,5270.5,intrinsic_floor,4500,,,770.0,770.5,0.5
1,301300,5271.5,intrinsic_floor,4500,,,771.0,771.5,0.5
1,301700,5270.5,intrinsic_floor,4500,,,770.0,770.5,0.5
1,302100,5268.5,intrinsic_floor,4500,,,768.0,768.5,0.5
1,302800,5270.5,intrinsic_floor,4000,,,1269.5,1270.5,1.0
1,302800,5270.5,intrinsic_floor,4500,,,769.5,770.5,1.0
1,303000,5268.5,intrinsic_floor,4000,,,1267.5,1268.5,1.0
1,303000,5268.5,intrinsic_floor,4500,,,768.0,768.5,0.5
1,303300,5266.5,intrinsic_floor,4500,,,766.0,766.5,0.5
1,304000,5266.0,intrinsic_floor,4000,,,1260.5,1266.0,5.5
1,304000,5266.0,intrinsic_floor,4500,,,762.0,766.0,4.0
1,304100,5267.5,intrinsic_floor,4500,,,767.0,767.5,0.5
1,304300,5265.5,intrinsic_floor,4500,,,765.0,765.5,0.5
1,304400,5265.5,intrinsic_floor,4500,,,765.0,765.5,0.5
1,305200,5262.5,intrinsic_floor,4500,,,762.0,762.5,0.5
1,305600,5264.5,intrinsic_floor,4500,,,764.0,764.5,0.5
1,305700,5265.5,intrinsic_floor,4500,,,765.0,765.5,0.5
1,305900,5265.5,intrinsic_floor,4500,,,765.0,765.5,0.5
1,306100,5266.5,intrinsic_floor,4500,,,766.0,766.5,0.5
1,307400,5271.5,intrinsic_floor,4500,,,771.0,771.5,0.5
1,307600,5271.5,intrinsic_floor,4000,,,1271.0,1271.5,0.5
1,307600,5271.5,intrinsic_floor,4500,,,771.0,771.5,0.5
1,307700,5270.5,intrinsic_floor,4500,,,770.0,770.5,0.5
1,308300,5271.5,intrinsic_floor,4000,,,1270.5,1271.5,1.0
1,308300,5271.5,intrinsic_floor,4500,,,771.0,771.5,0.5
1,309100,5267.5,intrinsic_floor,4000,,,1267.0,1267.5,0.5
1,309100,5267.5,intrinsic_floor,4500,,,767.0,767.5,0.5
1,309300,5265.5,intrinsic_floor,4500,,,765.0,765.5,0.5
1,309700,5266.5,intrinsic_floor,4500,,,766.0,766.5,0.5
1,309800,5266.5,intrinsic_floor,4500,,,766.0,766.5,0.5
1,310100,5268.5,intrinsic_floor,4000,,,1263.0,1268.5,5.5
1,310100,5268.5,intrinsic_floor,4500,,,764.0,768.5,4.5
1,310900,5265.5,intrinsic_floor,4500,,,765.0,765.5,0.5
1,311500,5264.5,intrinsic_floor,4500,,,764.0,764.5,0.5
1,311800,5266.5,intrinsic_floor,4000,,,1266.0,1266.5,0.5
1,311800,5266.5,intrinsic_floor,4500,,,766.0,766.5,0.5
1,312700,5264.5,intrinsic_floor,4500,,,764.0,764.5,0.5
1,312800,5264.5,intrinsic_floor,4500,,,764.0,764.5,0.5
1,313000,5264.5,intrinsic_floor,4500,,,764.0,764.5,0.5
1,313200,5262.5,intrinsic_floor,4500,,,762.0,762.5,0.5
1,313800,5260.5,intrinsic_floor,4500,,,760.0,760.5,0.5
1,314000,5257.5,intrinsic_floor,4500,,,757.0,757.5,0.5
1,314200,5256.0,intrinsic_floor,4000,,,1255.5,1256.0,0.5
1,314300,5254.5,intrinsic_floor,4500,,,754.0,754.5,0.5
1,314400,5253.5,intrinsic_floor,4500,,,753.0,753.5,0.5
1,314500,5253.5,intrinsic_floor,4500,,,753.0,753.5,0.5
1,314700,5252.5,intrinsic_floor,4000,,,1251.5,1252.5,1.0
1,314700,5252.5,intrinsic_floor,4500,,,751.0,752.5,1.5
1,314800,5250.0,intrinsic_floor,4000,,,1249.5,1250.0,0.5
1,315100,5250.0,intrinsic_floor,4000,,,1249.5,1250.0,0.5
1,315500,5251.5,intrinsic_floor,4500,,,751.0,751.5,0.5
1,315600,5250.0,intrinsic_floor,4000,,,1249.5,1250.0,0.5
1,315700,5249.5,intrinsic_floor,4500,,,749.0,749.5,0.5
1,315900,5248.0,intrinsic_floor,4000,,,1247.5,1248.0,0.5
1,316100,5247.5,intrinsic_floor,4500,,,747.0,747.5,0.5
1,316200,5247.0,intrinsic_floor,4000,,,1246.5,1247.0,0.5
1,316300,5248.5,intrinsic_floor,4500,,,748.0,748.5,0.5
1,316500,5247.5,intrinsic_floor,4500,,,747.0,747.5,0.5
1,317300,5246.5,intrinsic_floor,4500,,,746.0,746.5,0.5
1,317400,5247.5,intrinsic_floor,4500,,,747.0,747.5,0.5
1,317500,5247.5,intrinsic_floor,4500,,,747.0,747.5,0.5
1,317900,5248.5,intrinsic_floor,4500,,,748.0,748.5,0.5
1,318100,5247.5,intrinsic_floor,4500,,,747.0,747.5,0.5
1,318200,5248.5,intrinsic_floor,4500,,,748.0,748.5,0.5
1,318400,5249.5,intrinsic_floor,4500,,,749.0,749.5,0.5
1,318500,5249.5,intrinsic_floor,4500,,,749.0,749.5,0.5
1,318700,5248.0,intrinsic_floor,4000,,,1247.5,1248.0,0.5
1,319000,5247.5,intrinsic_floor,4500,,,747.0,747.5,0.5
1,319400,5248.5,intrinsic_floor,4500,,,748.0,748.5,0.5
1,320100,5243.5,intrinsic_floor,4500,,,743.0,743.5,0.5
1,320200,5243.5,intrinsic_floor,4500,,,743.0,743.5,0.5
1,320400,5244.5,intrinsic_floor,4500,,,744.0,744.5,0.5
1,320700,5247.5,intrinsic_floor,4500,,,747.0,747.5,0.5
1,320900,5248.5,intrinsic_floor,4500,,,748.0,748.5,0.5
1,321000,5245.5,intrinsic_floor,4500,,,745.0,745.5,0.5
1,321100,5245.5,intrinsic_floor,4500,,,745.0,745.5,0.5
1,321500,5249.5,intrinsic_floor,4500,,,749.0,749.5,0.5
1,321700,5249.5,intrinsic_floor,4500,,,749.0,749.5,0.5
1,321800,5250.0,intrinsic_floor,4000,,,1249.5,1250.0,0.5
1,322000,5252.5,intrinsic_floor,4000,,,1247.0,1252.5,5.5
1,322000,5252.5,intrinsic_floor,4500,,,748.5,752.5,4.0
1,322100,5253.5,intrinsic_floor,4500,,,753.0,753.5,0.5
1,322200,5252.5,intrinsic_floor,4500,,,752.0,752.5,0.5
1,322300,5252.5,intrinsic_floor,4500,,,752.0,752.5,0.5
1,322400,5253.5,intrinsic_floor,4500,,,753.0,753.5,0.5
1,322600,5253.5,intrinsic_floor,4000,,,1248.0,1253.5,5.5
1,322600,5253.5,intrinsic_floor,4500,,,749.0,753.5,4.5
1,322700,5253.5,intrinsic_floor,4500,,,753.0,753.5,0.5
1,322800,5253.5,intrinsic_floor,4500,,,753.0,753.5,0.5
1,323100,5254.5,intrinsic_floor,4000,,,1253.5,1254.5,1.0
1,323100,5254.5,intrinsic_floor,4500,,,754.0,754.5,0.5
1,323200,5252.5,intrinsic_floor,4500,,,752.0,752.5,0.5
1,323500,5253.5,intrinsic_floor,4000,,,1252.5,1253.5,1.0
1,323500,5253.5,intrinsic_floor,4500,,,753.0,753.5,0.5
1,323700,5252.5,intrinsic_floor,4500,,,752.0,752.5,0.5
1,323800,5252.5,intrinsic_floor,4500,,,752.0,752.5,0.5
1,324000,5254.5,intrinsic_floor,4000,,,1253.5,1254.5,1.0
1,324000,5254.5,intrinsic_floor,4500,,,753.0,754.5,1.5
1,324200,5251.5,intrinsic_floor,4500,,,751.0,751.5,0.5
1,324400,5250.5,intrinsic_floor,4500,,,750.0,750.5,0.5
1,324500,5250.5,intrinsic_floor,4500,,,750.0,750.5,0.5
1,325000,5250.5,intrinsic_floor,4500,,,750.0,750.5,0.5
1,325100,5250.5,intrinsic_floor,4500,,,750.0,750.5,0.5
1,325200,5249.5,intrinsic_floor,4000,,,1248.5,1249.5,1.0
1,325200,5249.5,intrinsic_floor,4500,,,748.0,749.5,1.5
1,325500,5249.5,intrinsic_floor,4500,,,749.0,749.5,0.5
1,325800,5250.5,intrinsic_floor,4500,,,750.0,750.5,0.5
1,325900,5250.5,intrinsic_floor,4500,,,750.0,750.5,0.5
1,326100,5251.5,intrinsic_floor,4500,,,751.0,751.5,0.5
1,326200,5250.5,intrinsic_floor,4500,,,750.0,750.5,0.5
1,326300,5250.5,intrinsic_floor,4500,,,750.0,750.5,0.5
1,326400,5249.5,intrinsic_floor,4500,,,749.0,749.5,0.5
1,326500,5250.5,intrinsic_floor,4500,,,750.0,750.5,0.5
1,326800,5253.0,intrinsic_floor,4000,,,1252.5,1253.0,0.5
1,326900,5253.5,intrinsic_floor,4500,,,753.0,753.5,0.5
1,327100,5252.5,intrinsic_floor,4500,,,752.0,752.5,0.5
1,327200,5253.5,intrinsic_floor,4500,,,753.0,753.5,0.5
1,327400,5252.5,intrinsic_floor,4500,,,752.0,752.5,0.5
1,327500,5252.0,intrinsic_floor,4000,,,1251.5,1252.0,0.5
1,328100,5252.5,intrinsic_floor,4500,,,752.0,752.5,0.5
1,328400,5250.5,intrinsic_floor,4500,,,750.0,750.5,0.5
1,328500,5251.5,intrinsic_floor,4500,,,751.0,751.5,0.5
1,328600,5250.5,intrinsic_floor,4500,,,750.0,750.5,0.5
1,328700,5251.5,intrinsic_floor,4500,,,751.0,751.5,0.5
1,328800,5250.5,intrinsic_floor,4500,,,750.0,750.5,0.5
1,329100,5248.5,intrinsic_floor,4500,,,748.0,748.5,0.5
1,329200,5247.5,intrinsic_floor,4500,,,747.0,747.5,0.5
1,329300,5246.5,intrinsic_floor,4500,,,746.0,746.5,0.5
1,329400,5244.5,intrinsic_floor,4500,,,744.0,744.5,0.5
1,329500,5244.5,intrinsic_floor,4500,,,744.0,744.5,0.5
1,329700,5246.5,intrinsic_floor,4500,,,746.0,746.5,0.5
1,329800,5246.5,intrinsic_floor,4500,,,746.0,746.5,0.5
1,329900,5246.5,intrinsic_floor,4500,,,746.0,746.5,0.5
1,330300,5245.5,intrinsic_floor,4500,,,745.0,745.5,0.5
1,330500,5245.5,intrinsic_floor,4500,,,745.0,745.5,0.5
1,330600,5247.0,intrinsic_floor,4000,,,1246.5,1247.0,0.5
1,331300,5243.5,intrinsic_floor,4500,,,743.0,743.5,0.5
1,331800,5241.5,intrinsic_floor,4500,,,741.0,741.5,0.5
1,331900,5241.5,intrinsic_floor,4500,,,741.0,741.5,0.5
1,332300,5241.5,intrinsic_floor,4000,,,1240.5,1241.5,1.0
1,332300,5241.5,intrinsic_floor,4500,,,741.0,741.5,0.5
1,332400,5240.5,intrinsic_floor,4500,,,740.0,740.5,0.5
1,332500,5240.5,intrinsic_floor,4500,,,740.0,740.5,0.5
1,332800,5238.5,intrinsic_floor,4500,,,738.0,738.5,0.5
1,333500,5244.5,intrinsic_floor,4500,,,744.0,744.5,0.5
1,333700,5244.5,intrinsic_floor,4500,,,744.0,744.5,0.5
1,333900,5246.5,intrinsic_floor,4500,,,746.0,746.5,0.5
1,334200,5244.5,intrinsic_floor,4500,,,744.0,744.5,0.5
1,334400,5245.0,intrinsic_floor,4000,,,1243.5,1245.0,1.5
1,334400,5245.0,intrinsic_floor,4500,,,744.0,745.0,1.0
1,334700,5247.5,intrinsic_floor,4500,,,747.0,747.5,0.5
1,335100,5249.5,intrinsic_floor,4500,,,749.0,749.5,0.5
1,335200,5248.5,intrinsic_floor,4500,,,748.0,748.5,0.5
1,335400,5250.0,intrinsic_floor,4000,,,1248.5,1250.0,1.5
1,335400,5250.0,intrinsic_floor,4500,,,749.0,750.0,1.0
1,335800,5248.5,intrinsic_floor,4500,,,748.0,748.5,0.5
1,335900,5250.5,intrinsic_floor,4500,,,750.0,750.5,0.5
1,336800,5254.5,intrinsic_floor,4500,,,754.0,754.5,0.5
1,337000,5253.5,intrinsic_floor,4000,,,1252.5,1253.5,1.0
1,337000,5253.5,intrinsic_floor,4500,,,753.0,753.5,0.5
1,337100,5254.5,intrinsic_floor,4500,,,754.0,754.5,0.5
1,337300,5251.5,intrinsic_floor,4500,,,751.0,751.5,0.5
1,337500,5252.5,intrinsic_floor,4500,,,752.0,752.5,0.5
1,337600,5252.0,intrinsic_floor,4000,,,1251.5,1252.0,0.5
1,337900,5252.5,intrinsic_floor,4500,,,752.0,752.5,0.5
1,338100,5251.5,intrinsic_floor,4500,,,751.0,751.5,0.5
1,338500,5248.5,intrinsic_floor,4500,,,748.0,748.5,0.5
1,338900,5248.5,intrinsic_floor,4500,,,748.0,748.5,0.5
1,339300,5250.0,intrinsic_floor,4000,,,1248.5,1250.0,1.5
1,339300,5250.0,intrinsic_floor,4500,,,749.0,750.0,1.0
1,340100,5250.0,intrinsic_floor,4000,,,1249.5,1250.0,0.5
1,340200,5249.5,intrinsic_floor,4500,,,749.0,749.5,0.5
1,340300,5251.5,intrinsic_floor,4500,,,751.0,751.5,0.5
1,340600,5250.5,intrinsic_floor,4500,,,750.0,750.5,0.5
1,340700,5251.0,intrinsic_floor,4000,,,1250.5,1251.0,0.5
1,340800,5251.0,intrinsic_floor,4000,,,1250.5,1251.0,0.5
1,340900,5252.5,intrinsic_floor,4500,,,752.0,752.5,0.5
1,341000,5250.5,intrinsic_floor,4500,,,750.0,750.5,0.5
1,341600,5250.0,intrinsic_floor,4000,,,1249.5,1250.0,0.5
1,342000,5251.5,intrinsic_floor,4500,,,751.0,751.5,0.5
1,342700,5251.0,intrinsic_floor,4000,,,1250.5,1251.0,0.5
1,342800,5252.5,intrinsic_floor,4500,,,752.0,752.5,0.5
1,343000,5251.5,intrinsic_floor,4500,,,751.0,751.5,0.5
1,343200,5251.5,intrinsic_floor,4500,,,751.0,751.5,0.5
1,343300,5251.5,intrinsic_floor,4500,,,751.0,751.5,0.5
1,343600,5251.5,intrinsic_floor,4500,,,751.0,751.5,0.5
1,343800,5253.5,intrinsic_floor,4000,,,1252.5,1253.5,1.0
1,343800,5253.5,intrinsic_floor,4500,,,752.0,753.5,1.5
1,343900,5251.5,intrinsic_floor,4500,,,751.0,751.5,0.5
1,344000,5250.0,intrinsic_floor,4000,,,1249.5,1250.0,0.5
1,344100,5249.5,intrinsic_floor,4500,,,749.0,749.5,0.5
1,344200,5250.5,intrinsic_floor,4500,,,750.0,750.5,0.5
1,344400,5247.0,intrinsic_floor,4000,,,1246.5,1247.0,0.5
1,344500,5247.5,intrinsic_floor,4500,,,747.0,747.5,0.5
1,344600,5247.5,intrinsic_floor,4500,,,747.0,747.5,0.5
1,344700,5247.5,intrinsic_floor,4500,,,747.0,747.5,0.5
1,345000,5245.5,intrinsic_floor,4500,,,745.0,745.5,0.5
1,345100,5247.0,intrinsic_floor,4000,,,1246.0,1247.0,1.0
1,345100,5247.0,intrinsic_floor,4500,,,746.0,747.0,1.0
1,345200,5245.5,intrinsic_floor,4500,,,745.0,745.5,0.5
1,345300,5245.5,intrinsic_floor,4500,,,745.0,745.5,0.5
1,345400,5245.5,intrinsic_floor,4500,,,745.0,745.5,0.5
1,345700,5247.5,intrinsic_floor,4500,,,747.0,747.5,0.5
1,345900,5246.5,intrinsic_floor,4500,,,746.0,746.5,0.5
1,346000,5247.5,intrinsic_floor,4500,,,747.0,747.5,0.5
1,346400,5247.5,intrinsic_floor,4500,,,747.0,747.5,0.5
1,346600,5247.5,intrinsic_floor,4500,,,747.0,747.5,0.5
1,346800,5247.5,intrinsic_floor,4500,,,747.0,747.5,0.5
1,347000,5246.5,intrinsic_floor,4500,,,746.0,746.5,0.5
1,347200,5248.5,intrinsic_floor,4000,,,1247.5,1248.5,1.0
1,347200,5248.5,intrinsic_floor,4500,,,748.0,748.5,0.5
1,347300,5247.5,intrinsic_floor,4500,,,747.0,747.5,0.5
1,347400,5246.0,intrinsic_floor,4000,,,1245.5,1246.0,0.5
1,347600,5248.5,intrinsic_floor,4500,,,748.0,748.5,0.5
1,347800,5246.5,intrinsic_floor,4500,,,746.0,746.5,0.5
1,348000,5246.5,intrinsic_floor,4500,,,746.0,746.5,0.5
1,348200,5249.5,intrinsic_floor,4000,,,1248.5,1249.5,1.0
1,348200,5249.5,intrinsic_floor,4500,,,748.0,749.5,1.5
1,348400,5250.0,intrinsic_floor,4000,,,1249.5,1250.0,0.5
1,348700,5248.5,intrinsic_floor,4500,,,748.0,748.5,0.5
1,349000,5244.5,intrinsic_floor,4500,,,744.0,744.5,0.5
1,350100,5248.5,intrinsic_floor,4500,,,748.0,748.5,0.5
1,350200,5247.5,intrinsic_floor,4500,,,747.0,747.5,0.5
1,350300,5246.5,intrinsic_floor,4000,,,1241.0,1246.5,5.5
1,350300,5246.5,intrinsic_floor,4500,,,742.5,746.5,4.0
1,350400,5248.0,intrinsic_floor,4000,,,1247.5,1248.0,0.5
1,350700,5247.5,intrinsic_floor,4500,,,747.0,747.5,0.5
1,350800,5245.5,intrinsic_floor,4500,,,745.0,745.5,0.5
1,350900,5245.5,intrinsic_floor,4500,,,745.0,745.5,0.5
1,351100,5245.5,intrinsic_floor,4500,,,745.0,745.5,0.5
1,351200,5245.5,intrinsic_floor,4500,,,745.0,745.5,0.5
1,351800,5245.5,intrinsic_floor,4500,,,745.0,745.5,0.5
1,352000,5244.5,intrinsic_floor,4500,,,744.0,744.5,0.5
1,352200,5245.5,intrinsic_floor,4500,,,745.0,745.5,0.5
1,352400,5245.5,intrinsic_floor,4500,,,745.0,745.5,0.5
1,352700,5244.5,intrinsic_floor,4500,,,744.0,744.5,0.5
1,352900,5244.5,intrinsic_floor,4500,,,744.0,744.5,0.5
1,353100,5244.5,intrinsic_floor,4500,,,744.0,744.5,0.5
1,353400,5245.0,intrinsic_floor,4000,,,1244.5,1245.0,0.5
1,353800,5245.5,intrinsic_floor,4500,,,745.0,745.5,0.5
1,354000,5245.5,intrinsic_floor,4500,,,745.0,745.5,0.5
1,354300,5243.5,intrinsic_floor,4500,,,743.0,743.5,0.5
1,354500,5243.5,intrinsic_floor,4500,,,743.0,743.5,0.5
1,355200,5242.0,intrinsic_floor,4000,,,1241.5,1242.0,0.5
1,355300,5241.5,intrinsic_floor,4500,,,741.0,741.5,0.5
1,355500,5242.0,intrinsic_floor,4000,,,1241.5,1242.0,0.5
1,355700,5240.5,intrinsic_floor,4500,,,740.0,740.5,0.5
1,356200,5242.5,intrinsic_floor,4500,,,742.0,742.5,0.5
1,356400,5243.5,intrinsic_floor,4500,,,743.0,743.5,0.5
1,356600,5243.5,intrinsic_floor,4500,,,743.0,743.5,0.5
1,356800,5245.5,intrinsic_floor,4000,,,1244.5,1245.5,1.0
1,356800,5245.5,intrinsic_floor,4500,,,744.0,745.5,1.5
1,357000,5245.5,intrinsic_floor,4500,,,745.0,745.5,0.5
1,357600,5246.5,intrinsic_floor,4000,,,1245.5,1246.5,1.0
1,357600,5246.5,intrinsic_floor,4500,,,746.0,746.5,0.5
1,357700,5246.5,intrinsic_floor,4500,,,746.0,746.5,0.5
1,357900,5246.5,intrinsic_floor,4500,,,746.0,746.5,0.5
1,358100,5247.5,intrinsic_floor,4500,,,747.0,747.5,0.5
1,358200,5247.5,intrinsic_floor,4500,,,747.0,747.5,0.5
1,358400,5248.0,intrinsic_floor,4000,,,1247.5,1248.0,0.5
1,358500,5248.5,intrinsic_floor,4000,,,1247.5,1248.5,1.0
1,358500,5248.5,intrinsic_floor,4500,,,747.0,748.5,1.5
1,358700,5247.5,intrinsic_floor,4500,,,747.0,747.5,0.5
1,359200,5249.5,intrinsic_floor,4500,,,749.0,749.5,0.5
1,359800,5249.5,intrinsic_floor,4500,,,749.0,749.5,0.5
1,360500,5248.5,intrinsic_floor,4500,,,748.0,748.5,0.5
1,360800,5249.5,intrinsic_floor,4500,,,749.0,749.5,0.5
1,360900,5248.5,intrinsic_floor,4500,,,748.0,748.5,0.5
1,361000,5248.5,intrinsic_floor,4500,,,748.0,748.5,0.5
1,361200,5248.5,intrinsic_floor,4500,,,748.0,748.5,0.5
1,361400,5248.5,intrinsic_floor,4500,,,748.0,748.5,0.5
1,361500,5249.0,intrinsic_floor,4000,,,1248.5,1249.0,0.5
1,361800,5251.5,intrinsic_floor,4500,,,751.0,751.5,0.5
1,362300,5252.0,intrinsic_floor,4000,,,1251.5,1252.0,0.5
1,362500,5251.5,intrinsic_floor,4500,,,751.0,751.5,0.5
1,362600,5250.5,intrinsic_floor,4500,,,750.0,750.5,0.5
1,362700,5250.5,intrinsic_floor,4500,,,750.0,750.5,0.5
1,362900,5251.5,intrinsic_floor,4500,,,751.0,751.5,0.5
1,363300,5253.5,intrinsic_floor,4500,,,753.0,753.5,0.5
1,363600,5257.5,intrinsic_floor,4500,,,757.0,757.5,0.5
1,363700,5257.0,intrinsic_floor,4000,,,1256.5,1257.0,0.5
1,363900,5256.5,intrinsic_floor,4500,,,756.0,756.5,0.5
1,364100,5254.5,intrinsic_floor,4500,,,754.0,754.5,0.5
1,364200,5254.0,intrinsic_floor,4000,,,1253.5,1254.0,0.5
1,364500,5252.0,intrinsic_floor,4000,,,1251.5,1252.0,0.5
1,364800,5253.5,intrinsic_floor,4500,,,753.0,753.5,0.5
1,364900,5253.5,intrinsic_floor,4500,,,753.0,753.5,0.5
1,365000,5252.5,intrinsic_floor,4500,,,752.0,752.5,0.5
1,365100,5252.5,intrinsic_floor,4500,,,752.0,752.5,0.5
1,365400,5253.5,intrinsic_floor,4500,,,753.0,753.5,0.5
1,365600,5252.5,intrinsic_floor,4500,,,752.0,752.5,0.5
1,365700,5251.5,intrinsic_floor,4500,,,751.0,751.5,0.5
1,365900,5252.5,intrinsic_floor,4500,,,752.0,752.5,0.5
1,366200,5253.5,intrinsic_floor,4000,,,1252.5,1253.5,1.0
1,366200,5253.5,intrinsic_floor,4500,,,752.0,753.5,1.5
1,366300,5252.5,intrinsic_floor,4500,,,752.0,752.5,0.5
1,366600,5251.0,intrinsic_floor,4000,,,1250.5,1251.0,0.5
1,366900,5251.5,intrinsic_floor,4500,,,751.0,751.5,0.5
1,367000,5250.5,intrinsic_floor,4500,,,750.0,750.5,0.5
1,367600,5250.0,intrinsic_floor,4000,,,1249.5,1250.0,0.5
1,367700,5250.5,intrinsic_floor,4500,,,750.0,750.5,0.5
1,368000,5250.0,intrinsic_floor,4000,,,1249.5,1250.0,0.5
1,368100,5250.5,intrinsic_floor,4500,,,750.0,750.5,0.5
1,368400,5252.0,intrinsic_floor,4000,,,1251.5,1252.0,0.5
1,368700,5251.5,intrinsic_floor,4500,,,751.0,751.5,0.5
1,369600,5251.0,intrinsic_floor,4000,,,1249.5,1251.0,1.5
1,369600,5251.0,intrinsic_floor,4500,,,750.0,751.0,1.0
1,369700,5250.5,intrinsic_floor,4500,,,750.0,750.5,0.5
1,369900,5251.5,intrinsic_floor,4500,,,751.0,751.5,0.5
1,370000,5253.5,intrinsic_floor,4500,,,753.0,753.5,0.5
1,370300,5251.5,intrinsic_floor,4000,,,1250.5,1251.5,1.0
1,370300,5251.5,intrinsic_floor,4500,,,751.0,751.5,0.5
1,370400,5249.5,intrinsic_floor,4500,,,749.0,749.5,0.5
1,370500,5250.5,intrinsic_floor,4500,,,750.0,750.5,0.5
1,371100,5253.5,intrinsic_floor,4000,,,1252.5,1253.5,1.0
1,371100,5253.5,intrinsic_floor,4500,,,753.0,753.5,0.5
1,371200,5251.5,intrinsic_floor,4500,,,751.0,751.5,0.5
1,371400,5251.5,intrinsic_floor,4500,,,751.0,751.5,0.5
1,371800,5249.5,intrinsic_floor,4000,,,1248.5,1249.5,1.0
1,371800,5249.5,intrinsic_floor,4500,,,749.0,749.5,0.5
1,371900,5249.5,intrinsic_floor,4500,,,749.0,749.5,0.5
1,372000,5251.5,intrinsic_floor,4500,,,751.0,751.5,0.5
1,372100,5253.0,intrinsic_floor,4000,,,1252.5,1253.0,0.5
1,372300,5254.0,intrinsic_floor,4000,,,1253.5,1254.0,0.5
1,372400,5252.5,intrinsic_floor,4500,,,752.0,752.5,0.5
1,372500,5251.5,intrinsic_floor,4500,,,751.0,751.5,0.5
1,373000,5254.5,intrinsic_floor,4500,,,754.0,754.5,0.5
1,373200,5253.5,intrinsic_floor,4500,,,753.0,753.5,0.5
1,373300,5254.5,intrinsic_floor,4500,,,754.0,754.5,0.5
1,373600,5256.0,intrinsic_floor,4000,,,1255.5,1256.0,0.5
1,374100,5255.5,intrinsic_floor,4500,,,755.0,755.5,0.5
1,374200,5255.5,intrinsic_floor,4500,,,755.0,755.5,0.5
1,374700,5253.5,intrinsic_floor,4500,,,753.0,753.5,0.5
1,374800,5252.5,intrinsic_floor,4500,,,752.0,752.5,0.5
1,374900,5251.5,intrinsic_floor,4500,,,751.0,751.5,0.5
1,375000,5252.0,intrinsic_floor,4000,,,1251.5,1252.0,0.5
1,375300,5252.0,intrinsic_floor,4000,,,1251.5,1252.0,0.5
1,375400,5252.5,intrinsic_floor,4500,,,752.0,752.5,0.5
1,375600,5249.5,intrinsic_floor,4500,,,749.0,749.5,0.5
1,375700,5249.0,intrinsic_floor,4000,,,1248.5,1249.0,0.5
1,376100,5247.5,intrinsic_floor,4500,,,747.0,747.5,0.5
1,376200,5246.0,intrinsic_floor,4000,,,1245.5,1246.0,0.5
1,376400,5247.5,intrinsic_floor,4500,,,747.0,747.5,0.5
1,376600,5246.5,intrinsic_floor,4000,,,1241.0,1246.5,5.5
1,376600,5246.5,intrinsic_floor,4500,,,742.5,746.5,4.0
1,377100,5250.0,intrinsic_floor,4000,,,1249.5,1250.0,0.5
1,377300,5247.5,intrinsic_floor,4500,,,747.0,747.5,0.5
1,377400,5248.0,intrinsic_floor,4000,,,1247.5,1248.0,0.5
1,377800,5249.0,intrinsic_floor,4000,,,1248.5,1249.0,0.5
1,377900,5248.5,intrinsic_floor,4000,,,1243.0,1248.5,5.5
1,377900,5248.5,intrinsic_floor,4500,,,744.0,748.5,4.5
1,378200,5249.5,intrinsic_floor,4500,,,749.0,749.5,0.5
1,378500,5250.5,intrinsic_floor,4500,,,750.0,750.5,0.5
1,378600,5248.5,intrinsic_floor,4500,,,748.0,748.5,0.5
1,378700,5249.5,intrinsic_floor,4500,,,749.0,749.5,0.5
1,378800,5249.5,intrinsic_floor,4500,,,749.0,749.5,0.5
1,378900,5249.0,intrinsic_floor,4000,,,1248.5,1249.0,0.5
1,379000,5248.0,intrinsic_floor,4000,,,1247.5,1248.0,0.5
1,379200,5251.0,intrinsic_floor,4000,,,1249.5,1251.0,1.5
1,379200,5251.0,intrinsic_floor,4500,,,750.0,751.0,1.0
1,379300,5251.5,intrinsic_floor,4500,,,751.0,751.5,0.5
1,379500,5252.5,intrinsic_floor,4500,,,752.0,752.5,0.5
1,379600,5251.5,intrinsic_floor,4500,,,751.0,751.5,0.5
1,379900,5251.5,intrinsic_floor,4500,,,751.0,751.5,0.5
1,380000,5251.0,intrinsic_floor,4000,,,1250.5,1251.0,0.5
1,380200,5252.5,intrinsic_floor,4500,,,752.0,752.5,0.5
1,380600,5252.0,intrinsic_floor,4000,,,1251.5,1252.0,0.5
1,380800,5253.5,intrinsic_floor,4500,,,753.0,753.5,0.5
1,381400,5254.5,intrinsic_floor,4000,,,1253.0,1254.5,1.5
1,381400,5254.5,intrinsic_floor,4500,,,753.0,754.5,1.5
1,381500,5252.5,intrinsic_floor,4500,,,752.0,752.5,0.5
1,381800,5251.5,intrinsic_floor,4500,,,751.0,751.5,0.5
1,382200,5252.5,intrinsic_floor,4500,,,752.0,752.5,0.5
1,382300,5252.5,intrinsic_floor,4500,,,752.0,752.5,0.5
1,382400,5253.5,intrinsic_floor,4500,,,753.0,753.5,0.5
1,382500,5251.5,intrinsic_floor,4500,,,751.0,751.5,0.5
1,382700,5249.5,intrinsic_floor,4500,,,749.0,749.5,0.5
1,382800,5250.5,intrinsic_floor,4500,,,750.0,750.5,0.5
1,383000,5250.5,intrinsic_floor,4500,,,750.0,750.5,0.5
1,383100,5250.5,intrinsic_floor,4500,,,750.0,750.5,0.5
1,383300,5249.5,intrinsic_floor,4500,,,749.0,749.5,0.5
1,383400,5248.5,intrinsic_floor,4500,,,748.0,748.5,0.5
1,383700,5248.5,intrinsic_floor,4500,,,748.0,748.5,0.5
1,384000,5250.5,intrinsic_floor,4500,,,750.0,750.5,0.5
1,384300,5249.0,intrinsic_floor,4000,,,1247.5,1249.0,1.5
1,384300,5249.0,intrinsic_floor,4500,,,748.0,749.0,1.0
1,384500,5248.5,intrinsic_floor,4500,,,748.0,748.5,0.5
1,384700,5248.0,intrinsic_floor,4000,,,1247.5,1248.0,0.5
1,385000,5248.5,intrinsic_floor,4500,,,748.0,748.5,0.5
1,385100,5248.5,intrinsic_floor,4500,,,748.0,748.5,0.5
1,385300,5248.5,intrinsic_floor,4500,,,748.0,748.5,0.5
1,385500,5249.5,intrinsic_floor,4500,,,749.0,749.5,0.5
1,385600,5249.5,intrinsic_floor,4500,,,749.0,749.5,0.5
1,385900,5247.5,intrinsic_floor,4500,,,747.0,747.5,0.5
1,386000,5246.5,intrinsic_floor,4500,,,746.0,746.5,0.5
1,386100,5245.5,intrinsic_floor,4500,,,745.0,745.5,0.5
1,386200,5246.0,intrinsic_floor,4000,,,1244.5,1246.0,1.5
1,386200,5246.0,intrinsic_floor,4500,,,745.0,746.0,1.0
1,386700,5245.5,intrinsic_floor,4500,,,745.0,745.5,0.5
1,386800,5246.5,intrinsic_floor,4500,,,746.0,746.5,0.5
1,386900,5245.5,intrinsic_floor,4500,,,745.0,745.5,0.5
1,387200,5246.5,intrinsic_floor,4500,,,746.0,746.5,0.5
1,387300,5246.5,intrinsic_floor,4500,,,746.0,746.5,0.5
1,387600,5247.5,intrinsic_floor,4500,,,747.0,747.5,0.5
1,387800,5246.5,intrinsic_floor,4500,,,746.0,746.5,0.5
1,387900,5246.5,intrinsic_floor,4500,,,746.0,746.5,0.5
1,388000,5246.5,intrinsic_floor,4500,,,746.0,746.5,0.5
1,388500,5248.0,intrinsic_floor,4000,,,1247.5,1248.0,0.5
1,388600,5247.5,intrinsic_floor,4500,,,747.0,747.5,0.5
1,388700,5245.5,intrinsic_floor,4500,,,745.0,745.5,0.5
1,388800,5245.5,intrinsic_floor,4500,,,745.0,745.5,0.5
1,388900,5244.5,intrinsic_floor,4500,,,744.0,744.5,0.5
1,389200,5243.5,intrinsic_floor,4000,,,1242.5,1243.5,1.0
1,389200,5243.5,intrinsic_floor,4500,,,743.0,743.5,0.5
1,389700,5245.5,intrinsic_floor,4000,,,1244.5,1245.5,1.0
1,389700,5245.5,intrinsic_floor,4500,,,744.0,745.5,1.5
1,390600,5244.5,intrinsic_floor,4500,,,744.0,744.5,0.5
1,390800,5243.5,intrinsic_floor,4500,,,743.0,743.5,0.5
1,390900,5245.5,intrinsic_floor,4500,,,745.0,745.5,0.5
1,391400,5246.0,intrinsic_floor,4000,,,1244.5,1246.0,1.5
1,391400,5246.0,intrinsic_floor,4500,,,745.0,746.0,1.0
1,392300,5244.5,intrinsic_floor,4500,,,744.0,744.5,0.5
1,392400,5244.5,intrinsic_floor,4500,,,744.0,744.5,0.5
1,393100,5244.0,intrinsic_floor,4000,,,1243.5,1244.0,0.5
1,393300,5246.5,intrinsic_floor,4500,,,746.0,746.5,0.5
1,393400,5247.5,intrinsic_floor,4500,,,747.0,747.5,0.5
1,393600,5245.0,intrinsic_floor,4000,,,1243.5,1245.0,1.5
1,393600,5245.0,intrinsic_floor,4500,,,744.0,745.0,1.0
1,393800,5243.5,intrinsic_floor,4500,,,743.0,743.5,0.5
1,394300,5239.5,intrinsic_floor,4500,,,739.0,739.5,0.5
1,394700,5239.5,intrinsic_floor,4500,,,739.0,739.5,0.5
1,395700,5242.5,intrinsic_floor,4500,,,742.0,742.5,0.5
1,395800,5242.5,intrinsic_floor,4500,,,742.0,742.5,0.5
1,396000,5243.5,intrinsic_floor,4500,,,743.0,743.5,0.5
1,396100,5243.5,intrinsic_floor,4500,,,743.0,743.5,0.5
1,396300,5242.5,intrinsic_floor,4500,,,742.0,742.5,0.5
1,396700,5242.5,intrinsic_floor,4500,,,742.0,742.5,0.5
1,396800,5241.5,intrinsic_floor,4500,,,741.0,741.5,0.5
1,396900,5240.5,intrinsic_floor,4500,,,740.0,740.5,0.5
1,397200,5242.5,intrinsic_floor,4500,,,742.0,742.5,0.5
1,397400,5240.5,intrinsic_floor,4500,,,740.0,740.5,0.5
1,397600,5240.5,intrinsic_floor,4500,,,740.0,740.5,0.5
1,397800,5239.5,intrinsic_floor,4500,,,739.0,739.5,0.5
1,397900,5239.5,intrinsic_floor,4500,,,739.0,739.5,0.5
1,398000,5240.5,intrinsic_floor,4500,,,740.0,740.5,0.5
1,398200,5238.5,intrinsic_floor,4500,,,738.0,738.5,0.5
1,398600,5238.5,intrinsic_floor,4500,,,738.0,738.5,0.5
1,398700,5238.5,intrinsic_floor,4500,,,738.0,738.5,0.5
1,399100,5240.5,intrinsic_floor,4500,,,740.0,740.5,0.5
1,399300,5240.5,intrinsic_floor,4500,,,740.0,740.5,0.5
1,399400,5239.5,intrinsic_floor,4500,,,739.0,739.5,0.5
1,399500,5239.5,intrinsic_floor,4500,,,739.0,739.5,0.5
1,399700,5240.5,intrinsic_floor,4000,,,1235.0,1240.5,5.5
1,399700,5240.5,intrinsic_floor,4500,,,736.5,740.5,4.0
1,400100,5242.5,intrinsic_floor,4500,,,742.0,742.5,0.5
1,400300,5243.5,intrinsic_floor,4000,,,1242.5,1243.5,1.0
1,400300,5243.5,intrinsic_floor,4500,,,743.0,743.5,0.5
1,400500,5243.5,intrinsic_floor,4500,,,743.0,743.5,0.5
1,400700,5246.5,intrinsic_floor,4500,,,746.0,746.5,0.5
1,400800,5245.5,intrinsic_floor,4500,,,745.0,745.5,0.5
1,400900,5245.5,intrinsic_floor,4500,,,745.0,745.5,0.5
1,401000,5243.5,intrinsic_floor,4500,,,743.0,743.5,0.5
1,401100,5242.5,intrinsic_floor,4500,,,742.0,742.5,0.5
1,401400,5243.5,intrinsic_floor,4500,,,743.0,743.5,0.5
1,401500,5243.5,intrinsic_floor,4500,,,743.0,743.5,0.5
1,401700,5245.5,intrinsic_floor,4500,,,745.0,745.5,0.5
1,402100,5243.5,intrinsic_floor,4500,,,743.0,743.5,0.5
1,402300,5240.5,intrinsic_floor,4500,,,740.0,740.5,0.5
1,402400,5242.5,intrinsic_floor,4500,,,742.0,742.5,0.5
1,402600,5241.5,intrinsic_floor,4500,,,741.0,741.5,0.5
1,402900,5244.0,intrinsic_floor,4000,,,1242.5,1244.0,1.5
1,402900,5244.0,intrinsic_floor,4500,,,743.0,744.0,1.0
1,403000,5243.5,intrinsic_floor,4500,,,743.0,743.5,0.5
1,403400,5241.5,intrinsic_floor,4500,,,741.0,741.5,0.5
1,403600,5242.5,intrinsic_floor,4500,,,742.0,742.5,0.5
1,403700,5242.5,intrinsic_floor,4500,,,742.0,742.5,0.5
1,403900,5243.5,intrinsic_floor,4500,,,743.0,743.5,0.5
1,404300,5243.5,intrinsic_floor,4500,,,743.0,743.5,0.5
1,404900,5245.5,intrinsic_floor,4500,,,745.0,745.5,0.5
1,405100,5245.5,intrinsic_floor,4500,,,745.0,745.5,0.5
1,405300,5242.0,intrinsic_floor,4000,,,1241.5,1242.0,0.5
1,405400,5242.5,intrinsic_floor,4500,,,742.0,742.5,0.5
1,405700,5243.5,intrinsic_floor,4500,,,743.0,743.5,0.5
1,405800,5244.5,intrinsic_floor,4000,,,1243.5,1244.5,1.0
1,405800,5244.5,intrinsic_floor,4500,,,743.0,744.5,1.5
1,406200,5242.5,intrinsic_floor,4500,,,742.0,742.5,0.5
1,406300,5244.0,intrinsic_floor,4000,,,1243.5,1244.0,0.5
1,406400,5243.5,intrinsic_floor,4500,,,743.0,743.5,0.5
1,406800,5244.5,intrinsic_floor,4500,,,744.0,744.5,0.5
1,406900,5243.0,intrinsic_floor,4000,,,1242.5,1243.0,0.5
1,407300,5243.5,intrinsic_floor,4000,,,1242.5,1243.5,1.0
1,407300,5243.5,intrinsic_floor,4500,,,742.5,743.5,1.0
1,407500,5241.5,intrinsic_floor,4500,,,741.0,741.5,0.5
1,407700,5240.0,intrinsic_floor,4000,,,1239.5,1240.0,0.5
1,407800,5240.5,intrinsic_floor,4500,,,740.0,740.5,0.5
1,408300,5239.5,intrinsic_floor,4500,,,739.0,739.5,0.5
1,408600,5237.5,intrinsic_floor,4500,,,737.0,737.5,0.5
1,408700,5236.5,intrinsic_floor,4500,,,736.0,736.5,0.5
1,409200,5236.5,intrinsic_floor,4500,,,736.0,736.5,0.5
1,409300,5237.5,intrinsic_floor,4500,,,737.0,737.5,0.5
1,409600,5236.5,intrinsic_floor,4000,,,1235.5,1236.5,1.0
1,409600,5236.5,intrinsic_floor,4500,,,735.5,736.5,1.0
1,409900,5234.5,intrinsic_floor,4500,,,734.0,734.5,0.5
1,410100,5236.5,intrinsic_floor,4500,,,736.0,736.5,0.5
1,410200,5235.5,intrinsic_floor,4500,,,735.0,735.5,0.5
1,410400,5235.5,intrinsic_floor,4000,,,1230.0,1235.5,5.5
1,410400,5235.5,intrinsic_floor,4500,,,731.5,735.5,4.0
1,411200,5233.5,intrinsic_floor,4500,,,733.0,733.5,0.5
1,411300,5233.5,intrinsic_floor,4500,,,733.0,733.5,0.5
1,411700,5233.5,intrinsic_floor,4000,,,1233.0,1233.5,0.5
1,411700,5233.5,intrinsic_floor,4500,,,733.0,733.5,0.5
1,411900,5233.5,intrinsic_floor,4500,,,733.0,733.5,0.5
1,412000,5234.5,intrinsic_floor,4000,,,1233.5,1234.5,1.0
1,412000,5234.5,intrinsic_floor,4500,,,733.0,734.5,1.5
1,412200,5234.5,intrinsic_floor,4500,,,734.0,734.5,0.5
1,412400,5235.5,intrinsic_floor,4500,,,735.0,735.5,0.5
1,412500,5235.5,intrinsic_floor,4500,,,735.0,735.5,0.5
1,413000,5237.5,intrinsic_floor,4500,,,737.0,737.5,0.5
1,413100,5236.5,intrinsic_floor,4500,,,736.0,736.5,0.5
1,413600,5234.5,intrinsic_floor,4500,,,734.0,734.5,0.5
1,413800,5235.5,intrinsic_floor,4500,,,735.0,735.5,0.5
1,414000,5235.5,intrinsic_floor,4500,,,735.0,735.5,0.5
1,414400,5235.5,intrinsic_floor,4500,,,735.0,735.5,0.5
1,414500,5237.5,intrinsic_floor,4500,,,737.0,737.5,0.5
1,414600,5236.5,intrinsic_floor,4500,,,736.0,736.5,0.5
1,415300,5234.5,intrinsic_floor,4500,,,734.0,734.5,0.5
1,415400,5234.5,intrinsic_floor,4500,,,734.0,734.5,0.5
1,415900,5233.5,intrinsic_floor,4500,,,733.0,733.5,0.5
1,416000,5233.5,intrinsic_floor,4500,,,733.0,733.5,0.5
1,416600,5231.5,intrinsic_floor,4000,,,1231.0,1231.5,0.5
1,416600,5231.5,intrinsic_floor,4500,,,731.0,731.5,0.5
1,416700,5233.5,intrinsic_floor,4000,,,1232.5,1233.5,1.0
1,416700,5233.5,intrinsic_floor,4500,,,732.0,733.5,1.5
1,417000,5234.5,intrinsic_floor,4500,,,734.0,734.5,0.5
1,417700,5231.5,intrinsic_floor,4500,,,731.0,731.5,0.5
1,417800,5232.5,intrinsic_floor,4500,,,732.0,732.5,0.5
1,417900,5231.5,intrinsic_floor,4500,,,731.0,731.5,0.5
1,418000,5233.5,intrinsic_floor,4000,,,1232.0,1233.5,1.5
1,418000,5233.5,intrinsic_floor,4500,,,732.0,733.5,1.5
1,418100,5232.5,intrinsic_floor,4000,,,1232.0,1232.5,0.5
1,418100,5232.5,intrinsic_floor,4500,,,732.0,732.5,0.5
1,418200,5232.5,intrinsic_floor,4000,,,1231.0,1232.5,1.5
1,418200,5232.5,intrinsic_floor,4500,,,731.0,732.5,1.5
1,418300,5232.5,intrinsic_floor,4000,,,1232.0,1232.5,0.5
1,418300,5232.5,intrinsic_floor,4500,,,732.0,732.5,0.5
1,419400,5232.5,intrinsic_floor,4000,,,1232.0,1232.5,0.5
1,419400,5232.5,intrinsic_floor,4500,,,732.0,732.5,0.5
1,419500,5232.5,intrinsic_floor,4500,,,732.0,732.5,0.5
1,420300,5227.5,intrinsic_floor,4500,,,727.0,727.5,0.5
1,421100,5228.5,intrinsic_floor,4500,,,728.0,728.5,0.5
1,421700,5228.5,intrinsic_floor,4500,,,728.0,728.5,0.5
1,421800,5229.5,intrinsic_floor,4000,,,1228.5,1229.5,1.0
1,421800,5229.5,intrinsic_floor,4500,,,728.5,729.5,1.0
1,422800,5228.5,intrinsic_floor,4000,,,1227.5,1228.5,1.0
1,422800,5228.5,intrinsic_floor,4500,,,728.0,728.5,0.5
1,423500,5229.5,intrinsic_floor,4000,,,1229.0,1229.5,0.5
1,423500,5229.5,intrinsic_floor,4500,,,729.0,729.5,0.5
1,423800,5233.5,intrinsic_floor,4500,,,733.0,733.5,0.5
1,424200,5233.5,intrinsic_floor,4500,,,733.0,733.5,0.5
1,424300,5231.5,intrinsic_floor,4500,,,731.0,731.5,0.5
1,425500,5234.5,intrinsic_floor,4500,,,734.0,734.5,0.5
1,426100,5234.5,intrinsic_floor,4500,,,734.0,734.5,0.5
1,426300,5235.5,intrinsic_floor,4500,,,735.0,735.5,0.5
1,426600,5237.0,intrinsic_floor,4000,,,1235.5,1237.0,1.5
1,426600,5237.0,intrinsic_floor,4500,,,736.0,737.0,1.0
1,426800,5234.5,intrinsic_floor,4500,,,734.0,734.5,0.5
1,427800,5232.5,intrinsic_floor,4000,,,1232.0,1232.5,0.5
1,427800,5232.5,intrinsic_floor,4500,,,732.0,732.5,0.5
1,428000,5232.5,intrinsic_floor,4000,,,1227.0,1232.5,5.5
1,428000,5232.5,intrinsic_floor,4500,,,728.5,732.5,4.0
1,428300,5232.5,intrinsic_floor,4500,,,732.0,732.5,0.5
1,429000,5232.5,intrinsic_floor,4000,,,1232.0,1232.5,0.5
1,429000,5232.5,intrinsic_floor,4500,,,732.0,732.5,0.5
1,429300,5230.5,intrinsic_floor,4500,,,730.0,730.5,0.5
1,429800,5231.5,intrinsic_floor,4500,,,731.0,731.5,0.5
1,429900,5230.5,intrinsic_floor,4500,,,730.0,730.5,0.5
1,430800,5227.5,intrinsic_floor,4000,,,1227.0,1227.5,0.5
1,430800,5227.5,intrinsic_floor,4500,,,727.0,727.5,0.5
1,431000,5230.5,intrinsic_floor,4000,,,1230.0,1230.5,0.5
1,431000,5230.5,intrinsic_floor,4500,,,730.0,730.5,0.5
1,431100,5230.5,intrinsic_floor,4500,,,730.0,730.5,0.5
1,431200,5230.5,intrinsic_floor,4500,,,730.0,730.5,0.5
1,431900,5230.5,intrinsic_floor,4500,,,730.0,730.5,0.5
1,432800,5229.5,intrinsic_floor,4500,,,729.0,729.5,0.5
1,433000,5231.5,intrinsic_floor,4500,,,731.0,731.5,0.5
1,433500,5231.5,intrinsic_floor,4000,,,1230.0,1231.5,1.5
1,433500,5231.5,intrinsic_floor,4500,,,730.0,731.5,1.5
1,433700,5231.5,intrinsic_floor,4000,,,1230.0,1231.5,1.5
1,433700,5231.5,intrinsic_floor,4500,,,730.0,731.5,1.5
1,434200,5231.5,intrinsic_floor,4500,,,731.0,731.5,0.5
1,434300,5232.5,intrinsic_floor,4500,,,732.0,732.5,0.5
1,434400,5232.5,intrinsic_floor,4000,,,1231.5,1232.5,1.0
1,434400,5232.5,intrinsic_floor,4500,,,731.5,732.5,1.0
1,435500,5230.5,intrinsic_floor,4000,,,1230.0,1230.5,0.5
1,435500,5230.5,intrinsic_floor,4500,,,730.0,730.5,0.5
1,436600,5234.5,intrinsic_floor,4500,,,734.0,734.5,0.5
1,437100,5233.5,intrinsic_floor,4000,,,1228.0,1233.5,5.5
1,437100,5233.5,intrinsic_floor,4500,,,729.5,733.5,4.0
1,437400,5232.5,intrinsic_floor,4500,,,732.0,732.5,0.5
1,438200,5236.0,intrinsic_floor,4000,,,1234.5,1236.0,1.5
1,438200,5236.0,intrinsic_floor,4500,,,734.5,736.0,1.5
1,438300,5236.5,intrinsic_floor,4500,,,736.0,736.5,0.5
1,438400,5235.5,intrinsic_floor,4500,,,735.0,735.5,0.5
1,438800,5236.5,intrinsic_floor,4500,,,736.0,736.5,0.5
1,439000,5238.5,intrinsic_floor,4500,,,738.0,738.5,0.5
1,439300,5238.5,intrinsic_floor,4000,,,1237.5,1238.5,1.0
1,439300,5238.5,intrinsic_floor,4500,,,738.0,738.5,0.5
1,439400,5237.5,intrinsic_floor,4500,,,737.0,737.5,0.5
1,439500,5238.5,intrinsic_floor,4500,,,738.0,738.5,0.5
1,440300,5234.5,intrinsic_floor,4500,,,734.0,734.5,0.5
1,440400,5233.5,intrinsic_floor,4500,,,733.0,733.5,0.5
1,441100,5236.5,intrinsic_floor,4500,,,736.0,736.5,0.5
1,441400,5234.5,intrinsic_floor,4000,,,1234.0,1234.5,0.5
1,441400,5234.5,intrinsic_floor,4500,,,734.0,734.5,0.5
1,442100,5233.5,intrinsic_floor,4500,,,733.0,733.5,0.5
1,442900,5235.5,intrinsic_floor,4000,,,1234.5,1235.5,1.0
1,442900,5235.5,intrinsic_floor,4500,,,734.5,735.5,1.0
1,443600,5238.5,intrinsic_floor,4500,,,738.0,738.5,0.5
1,443800,5239.5,intrinsic_floor,4500,,,739.0,739.5,0.5
1,444100,5240.5,intrinsic_floor,4500,,,740.0,740.5,0.5
1,444500,5241.5,intrinsic_floor,4500,,,741.0,741.5,0.5
1,445200,5244.5,intrinsic_floor,4500,,,744.0,744.5,0.5
1,445300,5244.5,intrinsic_floor,4500,,,744.0,744.5,0.5
1,445900,5246.5,intrinsic_floor,4500,,,746.0,746.5,0.5
1,446000,5247.5,intrinsic_floor,4500,,,747.0,747.5,0.5
1,446100,5247.5,intrinsic_floor,4500,,,747.0,747.5,0.5
1,446400,5248.5,intrinsic_floor,4500,,,748.0,748.5,0.5
1,446500,5249.5,intrinsic_floor,4500,,,749.0,749.5,0.5
1,446600,5251.5,intrinsic_floor,4500,,,751.0,751.5,0.5
1,446700,5251.5,intrinsic_floor,4500,,,751.0,751.5,0.5
1,446800,5252.5,intrinsic_floor,4500,,,752.0,752.5,0.5
1,446900,5252.5,intrinsic_floor,4500,,,752.0,752.5,0.5
1,447000,5252.5,intrinsic_floor,4500,,,752.0,752.5,0.5
1,447100,5252.5,intrinsic_floor,4500,,,752.0,752.5,0.5
1,447300,5251.5,intrinsic_floor,4500,,,751.0,751.5,0.5
1,447600,5252.5,intrinsic_floor,4500,,,752.0,752.5,0.5
1,447900,5253.5,intrinsic_floor,4500,,,753.0,753.5,0.5
1,448100,5251.5,intrinsic_floor,4500,,,751.0,751.5,0.5
1,448600,5250.0,intrinsic_floor,4000,,,1248.5,1250.0,1.5
1,448600,5250.0,intrinsic_floor,4500,,,749.0,750.0,1.0
1,448800,5249.5,intrinsic_floor,4500,,,749.0,749.5,0.5
1,448900,5248.5,intrinsic_floor,4500,,,748.0,748.5,0.5
1,449100,5246.5,intrinsic_floor,4500,,,746.0,746.5,0.5
1,449200,5245.5,intrinsic_floor,4500,,,745.0,745.5,0.5
1,449300,5244.5,intrinsic_floor,4500,,,744.0,744.5,0.5
1,449700,5246.5,intrinsic_floor,4500,,,746.0,746.5,0.5
1,449900,5246.0,intrinsic_floor,4000,,,1245.5,1246.0,0.5
1,450100,5246.5,intrinsic_floor,4500,,,746.0,746.5,0.5
1,450300,5249.5,intrinsic_floor,4500,,,749.0,749.5,0.5
1,450400,5249.5,intrinsic_floor,4500,,,749.0,749.5,0.5
1,450800,5248.5,intrinsic_floor,4500,,,748.0,748.5,0.5
1,451100,5249.5,intrinsic_floor,4500,,,749.0,749.5,0.5
1,451200,5249.5,intrinsic_floor,4500,,,749.0,749.5,0.5
1,451500,5248.0,intrinsic_floor,4000,,,1247.5,1248.0,0.5
1,451600,5248.5,intrinsic_floor,4500,,,748.0,748.5,0.5
1,451700,5249.5,intrinsic_floor,4500,,,749.0,749.5,0.5
1,451900,5247.5,intrinsic_floor,4500,,,747.0,747.5,0.5
1,452000,5247.0,intrinsic_floor,4000,,,1246.5,1247.0,0.5
1,452100,5248.5,intrinsic_floor,4500,,,748.0,748.5,0.5
1,452300,5248.5,intrinsic_floor,4500,,,748.0,748.5,0.5
1,452400,5249.0,intrinsic_floor,4000,,,1248.5,1249.0,0.5
1,452700,5248.5,intrinsic_floor,4500,,,748.0,748.5,0.5
1,452900,5247.5,intrinsic_floor,4500,,,747.0,747.5,0.5
1,453000,5247.5,intrinsic_floor,4500,,,747.0,747.5,0.5
1,453100,5248.0,intrinsic_floor,4000,,,1247.5,1248.0,0.5
1,453200,5249.0,intrinsic_floor,4000,,,1248.5,1249.0,0.5
1,453300,5248.5,intrinsic_floor,4500,,,748.0,748.5,0.5
1,453400,5248.5,intrinsic_floor,4500,,,748.0,748.5,0.5
1,453600,5249.5,intrinsic_floor,4500,,,749.0,749.5,0.5
1,453700,5250.5,intrinsic_floor,4000,,,1249.5,1250.5,1.0
1,453700,5250.5,intrinsic_floor,4500,,,749.0,750.5,1.5
1,453800,5249.5,intrinsic_floor,4500,,,749.0,749.5,0.5
1,453900,5249.5,intrinsic_floor,4500,,,749.0,749.5,0.5
1,454000,5251.5,intrinsic_floor,4000,,,1250.5,1251.5,1.0
1,454000,5251.5,intrinsic_floor,4500,,,750.0,751.5,1.5
1,454100,5249.5,intrinsic_floor,4500,,,749.0,749.5,0.5
1,454200,5249.5,intrinsic_floor,4500,,,749.0,749.5,0.5
1,454300,5249.5,intrinsic_floor,4500,,,749.0,749.5,0.5
1,455200,5247.0,intrinsic_floor,4000,,,1246.5,1247.0,0.5
1,455400,5246.5,intrinsic_floor,4500,,,746.0,746.5,0.5
1,455700,5247.5,intrinsic_floor,4000,,,1242.0,1247.5,5.5
1,455700,5247.5,intrinsic_floor,4500,,,743.0,747.5,4.5
1,456000,5246.0,intrinsic_floor,4000,,,1245.5,1246.0,0.5
1,456300,5246.5,intrinsic_floor,4500,,,746.0,746.5,0.5
1,456400,5246.5,intrinsic_floor,4500,,,746.0,746.5,0.5
1,456500,5245.5,intrinsic_floor,4500,,,745.0,745.5,0.5
1,456700,5243.5,intrinsic_floor,4500,,,743.0,743.5,0.5
1,457000,5241.5,intrinsic_floor,4500,,,741.0,741.5,0.5
1,457500,5243.5,intrinsic_floor,4000,,,1242.5,1243.5,1.0
1,457500,5243.5,intrinsic_floor,4500,,,743.0,743.5,0.5
1,457600,5242.5,intrinsic_floor,4500,,,742.0,742.5,0.5
1,457900,5243.5,intrinsic_floor,4500,,,743.0,743.5,0.5
1,458000,5244.5,intrinsic_floor,4500,,,744.0,744.5,0.5
1,458700,5245.5,intrinsic_floor,4500,,,745.0,745.5,0.5
1,458800,5245.5,intrinsic_floor,4500,,,745.0,745.5,0.5
1,458900,5246.0,intrinsic_floor,4000,,,1245.5,1246.0,0.5
1,459000,5246.5,intrinsic_floor,4500,,,746.0,746.5,0.5
1,459100,5246.5,intrinsic_floor,4500,,,746.0,746.5,0.5
1,459400,5246.0,intrinsic_floor,4000,,,1245.5,1246.0,0.5
1,459700,5247.5,intrinsic_floor,4500,,,747.0,747.5,0.5
1,459800,5249.5,intrinsic_floor,4000,,,1248.5,1249.5,1.0
1,459800,5249.5,intrinsic_floor,4500,,,748.0,749.5,1.5
1,459900,5249.5,intrinsic_floor,4500,,,749.0,749.5,0.5
1,460000,5250.5,intrinsic_floor,4000,,,1249.5,1250.5,1.0
1,460000,5250.5,intrinsic_floor,4500,,,750.0,750.5,0.5
1,460100,5249.5,intrinsic_floor,4500,,,749.0,749.5,0.5
1,460200,5250.5,intrinsic_floor,4500,,,750.0,750.5,0.5
1,460300,5249.5,intrinsic_floor,4500,,,749.0,749.5,0.5
1,460400,5250.5,intrinsic_floor,4000,,,1245.0,1250.5,5.5
1,460400,5250.5,intrinsic_floor,4500,,,746.0,750.5,4.5
1,460500,5250.0,intrinsic_floor,4000,,,1249.5,1250.0,0.5
1,460600,5250.5,intrinsic_floor,4500,,,750.0,750.5,0.5
1,460700,5251.5,intrinsic_floor,4500,,,751.0,751.5,0.5
1,461100,5251.5,intrinsic_floor,4500,,,751.0,751.5,0.5
1,461200,5252.0,intrinsic_floor,4000,,,1251.5,1252.0,0.5
1,461300,5254.0,intrinsic_floor,4000,,,1253.5,1254.0,0.5
1,461700,5254.5,intrinsic_floor,4500,,,754.0,754.5,0.5
1,461900,5255.5,intrinsic_floor,4500,,,755.0,755.5,0.5
1,462100,5255.5,intrinsic_floor,4500,,,755.0,755.5,0.5
1,462500,5255.5,intrinsic_floor,4500,,,755.0,755.5,0.5
1,463000,5252.5,intrinsic_floor,4500,,,752.0,752.5,0.5
1,463200,5253.5,intrinsic_floor,4500,,,753.0,753.5,0.5
1,463400,5250.5,intrinsic_floor,4500,,,750.0,750.5,0.5
1,463600,5252.5,intrinsic_floor,4500,,,752.0,752.5,0.5
1,463800,5252.5,intrinsic_floor,4000,,,1251.5,1252.5,1.0
1,463800,5252.5,intrinsic_floor,4500,,,752.0,752.5,0.5
1,463900,5253.0,intrinsic_floor,4000,,,1252.5,1253.0,0.5
1,464000,5254.5,intrinsic_floor,4500,,,754.0,754.5,0.5
1,464100,5252.5,intrinsic_floor,4500,,,752.0,752.5,0.5
1,464300,5253.0,intrinsic_floor,4000,,,1252.5,1253.0,0.5
1,464700,5254.0,intrinsic_floor,4000,,,1253.5,1254.0,0.5
1,464800,5253.0,intrinsic_floor,4000,,,1252.5,1253.0,0.5
1,465000,5251.5,intrinsic_floor,4500,,,751.0,751.5,0.5
1,465100,5251.5,intrinsic_floor,4500,,,751.0,751.5,0.5
1,465200,5250.5,intrinsic_floor,4500,,,750.0,750.5,0.5
1,465300,5252.5,intrinsic_floor,4500,,,752.0,752.5,0.5
1,466300,5254.5,intrinsic_floor,4500,,,754.0,754.5,0.5
1,466400,5253.5,intrinsic_floor,4500,,,753.0,753.5,0.5
1,466500,5252.0,intrinsic_floor,4000,,,1251.5,1252.0,0.5
1,466800,5252.0,intrinsic_floor,4000,,,1251.5,1252.0,0.5
1,466900,5251.5,intrinsic_floor,4500,,,751.0,751.5,0.5
1,467200,5252.5,intrinsic_floor,4500,,,752.0,752.5,0.5
1,467300,5250.5,intrinsic_floor,4500,,,750.0,750.5,0.5
1,467500,5249.5,intrinsic_floor,4500,,,749.0,749.5,0.5
1,467700,5250.5,intrinsic_floor,4500,,,750.0,750.5,0.5
1,467800,5251.5,intrinsic_floor,4500,,,751.0,751.5,0.5
1,468200,5251.5,intrinsic_floor,4500,,,751.0,751.5,0.5
1,468300,5250.5,intrinsic_floor,4500,,,750.0,750.5,0.5
1,468500,5250.5,intrinsic_floor,4500,,,750.0,750.5,0.5
1,468600,5251.5,intrinsic_floor,4500,,,751.0,751.5,0.5
1,468700,5250.5,intrinsic_floor,4500,,,750.0,750.5,0.5
1,469200,5255.5,intrinsic_floor,4500,,,755.0,755.5,0.5
1,470100,5254.5,intrinsic_floor,4500,,,754.0,754.5,0.5
1,470600,5254.5,intrinsic_floor,4500,,,754.0,754.5,0.5
1,470900,5250.5,intrinsic_floor,4500,,,750.0,750.5,0.5
1,471000,5249.0,intrinsic_floor,4000,,,1248.5,1249.0,0.5
1,471200,5250.5,intrinsic_floor,4000,,,1249.5,1250.5,1.0
1,471200,5250.5,intrinsic_floor,4500,,,750.0,750.5,0.5
1,471600,5250.5,intrinsic_floor,4500,,,750.0,750.5,0.5
1,471700,5250.5,intrinsic_floor,4500,,,750.0,750.5,0.5
1,471800,5250.5,intrinsic_floor,4500,,,750.0,750.5,0.5
1,471900,5251.0,intrinsic_floor,4000,,,1250.5,1251.0,0.5
1,472000,5251.5,intrinsic_floor,4500,,,751.0,751.5,0.5
1,472100,5252.5,intrinsic_floor,4500,,,752.0,752.5,0.5
1,472200,5251.5,intrinsic_floor,4500,,,751.0,751.5,0.5
1,472300,5251.5,intrinsic_floor,4500,,,751.0,751.5,0.5
1,472400,5252.5,intrinsic_floor,4500,,,752.0,752.5,0.5
1,472600,5251.5,intrinsic_floor,4500,,,751.0,751.5,0.5
1,472700,5252.5,intrinsic_floor,4500,,,752.0,752.5,0.5
1,472800,5253.5,intrinsic_floor,4000,,,1252.5,1253.5,1.0
1,472800,5253.5,intrinsic_floor,4500,,,752.0,753.5,1.5
1,473000,5251.5,intrinsic_floor,4500,,,751.0,751.5,0.5
1,473200,5251.5,intrinsic_floor,4500,,,751.0,751.5,0.5
1,473500,5252.5,intrinsic_floor,4500,,,752.0,752.5,0.5
1,473900,5253.5,intrinsic_floor,4500,,,753.0,753.5,0.5
1,474100,5254.5,intrinsic_floor,4500,,,754.0,754.5,0.5
1,474300,5254.5,intrinsic_floor,4500,,,754.0,754.5,0.5
1,474400,5254.5,intrinsic_floor,4500,,,754.0,754.5,0.5
1,474900,5252.0,intrinsic_floor,4000,,,1251.5,1252.0,0.5
1,475100,5253.0,intrinsic_floor,4000,,,1252.5,1253.0,0.5
1,475700,5255.5,intrinsic_floor,4500,,,755.0,755.5,0.5
1,475900,5256.5,intrinsic_floor,4500,,,756.0,756.5,0.5
1,476000,5257.0,intrinsic_floor,4000,,,1256.5,1257.0,0.5
1,476200,5256.5,intrinsic_floor,4500,,,756.0,756.5,0.5
1,476500,5256.5,intrinsic_floor,4000,,,1251.0,1256.5,5.5
1,476500,5256.5,intrinsic_floor,4500,,,752.0,756.5,4.5
1,476900,5255.5,intrinsic_floor,4500,,,755.0,755.5,0.5
1,477400,5258.5,intrinsic_floor,4500,,,758.0,758.5,0.5
1,477800,5256.5,intrinsic_floor,4500,,,756.0,756.5,0.5
1,477900,5255.0,intrinsic_floor,4000,,,1254.5,1255.0,0.5
1,478000,5255.5,intrinsic_floor,4500,,,755.0,755.5,0.5
1,478200,5253.5,intrinsic_floor,4500,,,753.0,753.5,0.5
1,478400,5252.5,intrinsic_floor,4500,,,752.0,752.5,0.5
1,478600,5254.5,intrinsic_floor,4500,,,754.0,754.5,0.5
1,478700,5254.5,intrinsic_floor,4500,,,754.0,754.5,0.5
1,478900,5252.5,intrinsic_floor,4500,,,752.0,752.5,0.5
1,479000,5252.5,intrinsic_floor,4500,,,752.0,752.5,0.5
1,479100,5250.5,intrinsic_floor,4500,,,750.0,750.5,0.5
1,479200,5249.5,intrinsic_floor,4500,,,749.0,749.5,0.5
1,479400,5249.5,intrinsic_floor,4500,,,749.0,749.5,0.5
1,479700,5249.0,intrinsic_floor,4000,,,1248.5,1249.0,0.5
1,479800,5249.5,intrinsic_floor,4500,,,749.0,749.5,0.5
1,480200,5251.5,intrinsic_floor,4500,,,751.0,751.5,0.5
1,480300,5250.0,intrinsic_floor,4000,,,1249.5,1250.0,0.5
1,480400,5249.5,intrinsic_floor,4500,,,749.0,749.5,0.5
1,480500,5249.0,intrinsic_floor,4000,,,1248.5,1249.0,0.5
1,480700,5249.0,intrinsic_floor,4000,,,1248.5,1249.0,0.5
1,480800,5250.0,intrinsic_floor,4000,,,1249.5,1250.0,0.5
1,481000,5249.5,intrinsic_floor,4500,,,749.0,749.5,0.5
1,481100,5248.5,intrinsic_floor,4500,,,748.0,748.5,0.5
1,482100,5243.5,intrinsic_floor,4500,,,743.0,743.5,0.5
1,482200,5243.0,intrinsic_floor,4000,,,1242.5,1243.0,0.5
1,482500,5244.5,intrinsic_floor,4500,,,744.0,744.5,0.5
1,482700,5245.5,intrinsic_floor,4500,,,745.0,745.5,0.5
1,482900,5242.5,intrinsic_floor,4500,,,742.0,742.5,0.5
1,483000,5242.5,intrinsic_floor,4500,,,742.0,742.5,0.5
1,483300,5240.5,intrinsic_floor,4500,,,740.0,740.5,0.5
1,483400,5239.5,intrinsic_floor,4500,,,739.0,739.5,0.5
1,483900,5242.5,intrinsic_floor,4500,,,742.0,742.5,0.5
1,484000,5242.5,intrinsic_floor,4500,,,742.0,742.5,0.5
1,484200,5243.5,intrinsic_floor,4500,,,743.0,743.5,0.5
1,484500,5242.5,intrinsic_floor,4500,,,742.0,742.5,0.5
1,484700,5243.0,intrinsic_floor,4000,,,1242.5,1243.0,0.5
1,485000,5242.5,intrinsic_floor,4500,,,742.0,742.5,0.5
1,485400,5243.5,intrinsic_floor,4500,,,743.0,743.5,0.5
1,485900,5243.5,intrinsic_floor,4500,,,743.0,743.5,0.5
1,486000,5242.5,intrinsic_floor,4500,,,742.0,742.5,0.5
1,486200,5243.0,intrinsic_floor,4000,,,1242.5,1243.0,0.5
1,486500,5241.5,intrinsic_floor,4500,,,741.0,741.5,0.5
1,486800,5239.5,intrinsic_floor,4500,,,739.0,739.5,0.5
1,487300,5239.5,intrinsic_floor,4500,,,739.0,739.5,0.5
1,488000,5239.5,intrinsic_floor,4500,,,739.0,739.5,0.5
1,488300,5241.5,intrinsic_floor,4500,,,741.0,741.5,0.5
1,488400,5240.5,intrinsic_floor,4500,,,740.0,740.5,0.5
1,489300,5241.5,intrinsic_floor,4500,,,741.0,741.5,0.5
1,489700,5239.5,intrinsic_floor,4000,,,1234.0,1239.5,5.5
1,489700,5239.5,intrinsic_floor,4500,,,735.5,739.5,4.0
1,489800,5241.5,intrinsic_floor,4500,,,741.0,741.5,0.5
1,489900,5244.5,intrinsic_floor,4000,,,1243.5,1244.5,1.0
1,489900,5244.5,intrinsic_floor,4500,,,743.0,744.5,1.5
1,490000,5242.5,intrinsic_floor,4500,,,742.0,742.5,0.5
1,490100,5242.5,intrinsic_floor,4500,,,742.0,742.5,0.5
1,490300,5240.5,intrinsic_floor,4500,,,740.0,740.5,0.5
1,490800,5242.5,intrinsic_floor,4500,,,742.0,742.5,0.5
1,491000,5243.5,intrinsic_floor,4500,,,743.0,743.5,0.5
1,491100,5243.5,intrinsic_floor,4500,,,743.0,743.5,0.5
1,491500,5244.0,intrinsic_floor,4000,,,1243.5,1244.0,0.5
1,491800,5245.0,intrinsic_floor,4000,,,1244.5,1245.0,0.5
1,491900,5244.5,intrinsic_floor,4500,,,744.0,744.5,0.5
1,492000,5243.5,intrinsic_floor,4500,,,743.0,743.5,0.5
1,492100,5243.5,intrinsic_floor,4500,,,743.0,743.5,0.5
1,492200,5244.5,intrinsic_floor,4500,,,744.0,744.5,0.5
1,492300,5244.5,intrinsic_floor,4500,,,744.0,744.5,0.5
1,492500,5244.5,intrinsic_floor,4500,,,744.0,744.5,0.5
1,492700,5244.5,intrinsic_floor,4500,,,744.0,744.5,0.5
1,493000,5242.5,intrinsic_floor,4500,,,742.0,742.5,0.5
1,493200,5241.5,intrinsic_floor,4500,,,741.0,741.5,0.5
1,493500,5241.5,intrinsic_floor,4500,,,741.0,741.5,0.5
1,493600,5241.0,intrinsic_floor,4000,,,1240.5,1241.0,0.5
1,493800,5240.0,intrinsic_floor,4000,,,1239.5,1240.0,0.5
1,494100,5240.5,intrinsic_floor,4500,,,740.0,740.5,0.5
1,494400,5239.5,intrinsic_floor,4500,,,739.0,739.5,0.5
1,494700,5238.5,intrinsic_floor,4500,,,738.0,738.5,0.5
1,495300,5239.5,intrinsic_floor,4000,,,1238.0,1239.5,1.5
1,495300,5239.5,intrinsic_floor,4500,,,738.0,739.5,1.5
1,495400,5238.5,intrinsic_floor,4500,,,738.0,738.5,0.5
1,496000,5240.5,intrinsic_floor,4500,,,740.0,740.5,0.5
1,496300,5240.5,intrinsic_floor,4500,,,740.0,740.5,0.5
1,496600,5240.5,intrinsic_floor,4500,,,740.0,740.5,0.5
1,497100,5241.5,intrinsic_floor,4500,,,741.0,741.5,0.5
1,497300,5241.5,intrinsic_floor,4500,,,741.0,741.5,0.5
1,497500,5240.5,intrinsic_floor,4500,,,740.0,740.5,0.5
1,497900,5241.5,intrinsic_floor,4500,,,741.0,741.5,0.5
1,498000,5242.5,intrinsic_floor,4500,,,742.0,742.5,0.5
1,498100,5242.5,intrinsic_floor,4500,,,742.0,742.5,0.5
1,498300,5241.5,intrinsic_floor,4500,,,741.0,741.5,0.5
1,498700,5242.5,intrinsic_floor,4000,,,1241.5,1242.5,1.0
1,498700,5242.5,intrinsic_floor,4500,,,741.5,742.5,1.0
1,498900,5242.5,intrinsic_floor,4500,,,742.0,742.5,0.5
1,499000,5241.5,intrinsic_floor,4500,,,741.0,741.5,0.5
1,499100,5242.5,intrinsic_floor,4500,,,742.0,742.5,0.5
1,499500,5242.5,intrinsic_floor,4500,,,742.0,742.5,0.5
1,499900,5243.5,intrinsic_floor,4500,,,743.0,743.5,0.5
1,500000,5243.5,intrinsic_floor,4500,,,743.0,743.5,0.5
1,500300,5243.5,intrinsic_floor,4000,,,1242.5,1243.5,1.0
1,500300,5243.5,intrinsic_floor,4500,,,743.0,743.5,0.5
1,500900,5245.5,intrinsic_floor,4500,,,745.0,745.5,0.5
1,501200,5245.5,intrinsic_floor,4500,,,745.0,745.5,0.5
1,501500,5245.5,intrinsic_floor,4500,,,745.0,745.5,0.5
1,501600,5246.5,intrinsic_floor,4500,,,746.0,746.5,0.5
1,501800,5248.5,intrinsic_floor,4000,,,1247.5,1248.5,1.0
1,501800,5248.5,intrinsic_floor,4500,,,748.0,748.5,0.5
1,501900,5249.5,intrinsic_floor,4000,,,1247.5,1249.5,2.0
1,501900,5249.5,intrinsic_floor,4500,,,748.0,749.5,1.5
1,502100,5250.5,intrinsic_floor,4500,,,750.0,750.5,0.5
1,502300,5251.5,intrinsic_floor,4500,,,751.0,751.5,0.5
1,502600,5251.5,intrinsic_floor,4500,,,751.0,751.5,0.5
1,502700,5249.5,intrinsic_floor,4000,,,1244.0,1249.5,5.5
1,502700,5249.5,intrinsic_floor,4500,,,745.5,749.5,4.0
1,503000,5252.5,intrinsic_floor,4500,,,752.0,752.5,0.5
1,503200,5252.5,intrinsic_floor,4500,,,752.0,752.5,0.5
1,503600,5250.5,intrinsic_floor,4500,,,750.0,750.5,0.5
1,503700,5250.5,intrinsic_floor,4500,,,750.0,750.5,0.5
1,503900,5249.5,intrinsic_floor,4500,,,749.0,749.5,0.5
1,504000,5250.0,intrinsic_floor,4000,,,1249.5,1250.0,0.5
1,504300,5251.5,intrinsic_floor,4500,,,751.0,751.5,0.5
1,504400,5253.5,intrinsic_floor,4500,,,753.0,753.5,0.5
1,504500,5254.5,intrinsic_floor,4500,,,754.0,754.5,0.5
1,504700,5254.5,intrinsic_floor,4500,,,754.0,754.5,0.5
1,505000,5254.5,intrinsic_floor,4500,,,754.0,754.5,0.5
1,505100,5254.5,intrinsic_floor,4500,,,754.0,754.5,0.5
1,505200,5254.5,intrinsic_floor,4500,,,754.0,754.5,0.5
1,505400,5257.5,intrinsic_floor,4500,,,757.0,757.5,0.5
1,505500,5257.5,intrinsic_floor,4500,,,757.0,757.5,0.5
1,505800,5257.5,intrinsic_floor,4500,,,757.0,757.5,0.5
1,506900,5259.5,intrinsic_floor,4500,,,759.0,759.5,0.5
1,507200,5262.5,intrinsic_floor,4500,,,762.0,762.5,0.5
1,507500,5260.5,intrinsic_floor,4500,,,760.0,760.5,0.5
1,507600,5260.5,intrinsic_floor,4500,,,760.0,760.5,0.5
1,507800,5262.5,intrinsic_floor,4500,,,762.0,762.5,0.5
1,507900,5262.5,intrinsic_floor,4500,,,762.0,762.5,0.5
1,508000,5263.5,intrinsic_floor,4500,,,763.0,763.5,0.5
1,508400,5262.5,intrinsic_floor,4500,,,762.0,762.5,0.5
1,508500,5261.5,intrinsic_floor,4500,,,761.0,761.5,0.5
1,508800,5260.5,intrinsic_floor,4000,,,1259.5,1260.5,1.0
1,508800,5260.5,intrinsic_floor,4500,,,760.0,760.5,0.5
1,508900,5260.5,intrinsic_floor,4500,,,760.0,760.5,0.5
1,509200,5262.5,intrinsic_floor,4500,,,762.0,762.5,0.5
1,511600,5266.5,intrinsic_floor,4500,,,766.0,766.5,0.5
1,511700,5265.5,intrinsic_floor,4500,,,765.0,765.5,0.5
1,511800,5268.5,intrinsic_floor,4000,,,1267.5,1268.5,1.0
1,511800,5268.5,intrinsic_floor,4500,,,767.0,768.5,1.5
1,512100,5266.5,intrinsic_floor,4500,,,766.0,766.5,0.5
1,512500,5266.5,intrinsic_floor,4500,,,766.0,766.5,0.5
1,513600,5263.5,intrinsic_floor,4500,,,763.0,763.5,0.5
1,514100,5264.5,intrinsic_floor,4000,,,1263.5,1264.5,1.0
1,514100,5264.5,intrinsic_floor,4500,,,763.0,764.5,1.5
1,514500,5267.5,intrinsic_floor,4500,,,767.0,767.5,0.5
1,514700,5268.5,intrinsic_floor,4500,,,768.0,768.5,0.5
1,515800,5267.5,intrinsic_floor,4000,,,1267.0,1267.5,0.5
1,515800,5267.5,intrinsic_floor,4500,,,767.0,767.5,0.5
1,516400,5267.5,intrinsic_floor,4500,,,767.0,767.5,0.5
1,517800,5259.5,intrinsic_floor,4500,,,759.0,759.5,0.5
1,518500,5260.0,intrinsic_floor,4000,,,1258.5,1260.0,1.5
1,518500,5260.0,intrinsic_floor,4500,,,759.0,760.0,1.0
1,518800,5260.5,intrinsic_floor,4500,,,760.0,760.5,0.5
1,519200,5256.5,intrinsic_floor,4500,,,756.0,756.5,0.5
1,519400,5257.5,intrinsic_floor,4500,,,757.0,757.5,0.5
1,519500,5258.5,intrinsic_floor,4000,,,1253.0,1258.5,5.5
1,519500,5258.5,intrinsic_floor,4500,,,754.5,758.5,4.0
1,519600,5258.5,intrinsic_floor,4500,,,758.0,758.5,0.5
1,519800,5259.5,intrinsic_floor,4500,,,759.0,759.5,0.5
1,520000,5260.5,intrinsic_floor,4000,,,1259.5,1260.5,1.0
1,520000,5260.5,intrinsic_floor,4500,,,759.0,760.5,1.5
1,520600,5260.5,intrinsic_floor,4500,,,760.0,760.5,0.5
1,520700,5261.5,intrinsic_floor,4500,,,761.0,761.5,0.5
1,520800,5261.5,intrinsic_floor,4500,,,761.0,761.5,0.5
1,520900,5260.5,intrinsic_floor,4500,,,760.0,760.5,0.5
1,521000,5259.5,intrinsic_floor,4500,,,759.0,759.5,0.5
1,521100,5259.0,intrinsic_floor,4000,,,1258.5,1259.0,0.5
1,521400,5258.5,intrinsic_floor,4500,,,758.0,758.5,0.5
1,521900,5262.5,intrinsic_floor,4500,,,762.0,762.5,0.5
1,522100,5262.5,intrinsic_floor,4500,,,762.0,762.5,0.5
1,522800,5258.5,intrinsic_floor,4500,,,758.0,758.5,0.5
1,523800,5260.5,intrinsic_floor,4500,,,760.0,760.5,0.5
1,524000,5259.5,intrinsic_floor,4000,,,1254.0,1259.5,5.5
1,524000,5259.5,intrinsic_floor,4500,,,755.0,759.5,4.5
1,524100,5258.5,intrinsic_floor,4500,,,758.0,758.5,0.5
1,524700,5259.0,intrinsic_floor,4000,,,1257.5,1259.0,1.5
1,524700,5259.0,intrinsic_floor,4500,,,758.0,759.0,1.0
1,524900,5258.5,intrinsic_floor,4500,,,758.0,758.5,0.5
1,525200,5258.5,intrinsic_floor,4500,,,758.0,758.5,0.5
1,525400,5257.5,intrinsic_floor,4500,,,757.0,757.5,0.5
1,525700,5256.5,intrinsic_floor,4500,,,756.0,756.5,0.5
1,525800,5256.0,intrinsic_floor,4000,,,1255.5,1256.0,0.5
1,526000,5254.5,intrinsic_floor,4500,,,754.0,754.5,0.5
1,526100,5254.5,intrinsic_floor,4500,,,754.0,754.5,0.5
1,526300,5253.5,intrinsic_floor,4500,,,753.0,753.5,0.5
1,526400,5253.5,intrinsic_floor,4500,,,753.0,753.5,0.5
1,526500,5254.5,intrinsic_floor,4500,,,754.0,754.5,0.5
1,526600,5255.0,intrinsic_floor,4000,,,1254.5,1255.0,0.5
1,526900,5253.5,intrinsic_floor,4500,,,753.0,753.5,0.5
1,527000,5252.0,intrinsic_floor,4000,,,1251.5,1252.0,0.5
1,527200,5250.5,intrinsic_floor,4500,,,750.0,750.5,0.5
1,527300,5252.5,intrinsic_floor,4000,,,1251.0,1252.5,1.5
1,527300,5252.5,intrinsic_floor,4500,,,751.0,752.5,1.5
1,527500,5250.0,intrinsic_floor,4000,,,1249.5,1250.0,0.5
1,527600,5251.5,intrinsic_floor,4500,,,751.0,751.5,0.5
1,527700,5252.5,intrinsic_floor,4500,,,752.0,752.5,0.5
1,527900,5252.5,intrinsic_floor,4500,,,752.0,752.5,0.5
1,528200,5252.5,intrinsic_floor,4500,,,752.0,752.5,0.5
1,528800,5253.5,intrinsic_floor,4500,,,753.0,753.5,0.5
1,529100,5253.5,intrinsic_floor,4500,,,753.0,753.5,0.5
1,529300,5252.5,intrinsic_floor,4500,,,752.0,752.5,0.5
1,529500,5253.5,intrinsic_floor,4500,,,753.0,753.5,0.5
1,529600,5253.5,intrinsic_floor,4500,,,753.0,753.5,0.5
1,529800,5252.5,intrinsic_floor,4500,,,752.0,752.5,0.5
1,529900,5251.5,intrinsic_floor,4500,,,751.0,751.5,0.5
1,530100,5253.0,intrinsic_floor,4000,,,1252.5,1253.0,0.5
1,530200,5253.5,intrinsic_floor,4500,,,753.0,753.5,0.5
1,530300,5253.5,intrinsic_floor,4500,,,753.0,753.5,0.5
1,530500,5251.5,intrinsic_floor,4500,,,751.0,751.5,0.5
1,530600,5252.5,intrinsic_floor,4500,,,752.0,752.5,0.5
1,530700,5252.5,intrinsic_floor,4500,,,752.0,752.5,0.5
1,530900,5252.5,intrinsic_floor,4500,,,752.0,752.5,0.5
1,531500,5252.5,intrinsic_floor,4500,,,752.0,752.5,0.5
1,531700,5252.5,intrinsic_floor,4000,,,1251.5,1252.5,1.0
1,531700,5252.5,intrinsic_floor,4500,,,751.0,752.5,1.5
1,532200,5249.5,intrinsic_floor,4500,,,749.0,749.5,0.5
1,532400,5250.5,intrinsic_floor,4500,,,750.0,750.5,0.5
1,532500,5251.0,intrinsic_floor,4000,,,1250.5,1251.0,0.5
1,532800,5249.5,intrinsic_floor,4500,,,749.0,749.5,0.5
1,532900,5249.0,intrinsic_floor,4000,,,1248.5,1249.0,0.5
1,533000,5247.5,intrinsic_floor,4500,,,747.0,747.5,0.5
1,533100,5248.5,intrinsic_floor,4500,,,748.0,748.5,0.5
1,533800,5246.5,intrinsic_floor,4500,,,746.0,746.5,0.5
1,534400,5246.5,intrinsic_floor,4500,,,746.0,746.5,0.5
1,534500,5245.5,intrinsic_floor,4500,,,745.0,745.5,0.5
1,534600,5245.5,intrinsic_floor,4500,,,745.0,745.5,0.5
1,534900,5244.5,intrinsic_floor,4500,,,744.0,744.5,0.5
1,535200,5244.5,intrinsic_floor,4500,,,744.0,744.5,0.5
1,535300,5244.5,intrinsic_floor,4500,,,744.0,744.5,0.5
1,535800,5242.5,intrinsic_floor,4500,,,742.0,742.5,0.5
1,536200,5242.5,intrinsic_floor,4500,,,742.0,742.5,0.5
1,536400,5241.5,intrinsic_floor,4500,,,741.0,741.5,0.5
1,536600,5241.5,intrinsic_floor,4500,,,741.0,741.5,0.5
1,536700,5240.5,intrinsic_floor,4500,,,740.0,740.5,0.5
1,537200,5237.5,intrinsic_floor,4500,,,737.0,737.5,0.5
1,537500,5238.5,intrinsic_floor,4500,,,738.0,738.5,0.5
1,537700,5237.5,intrinsic_floor,4500,,,737.0,737.5,0.5
1,537800,5239.5,intrinsic_floor,4000,,,1238.5,1239.5,1.0
1,537800,5239.5,intrinsic_floor,4500,,,738.0,739.5,1.5
1,537900,5240.5,intrinsic_floor,4000,,,1239.5,1240.5,1.0
1,537900,5240.5,intrinsic_floor,4500,,,739.0,740.5,1.5
1,538200,5238.5,intrinsic_floor,4500,,,738.0,738.5,0.5
1,538400,5236.5,intrinsic_floor,4500,,,736.0,736.5,0.5
1,539100,5237.5,intrinsic_floor,4500,,,737.0,737.5,0.5
1,539400,5237.5,intrinsic_floor,4000,,,1236.5,1237.5,1.0
1,539400,5237.5,intrinsic_floor,4500,,,736.0,737.5,1.5
1,540100,5237.5,intrinsic_floor,4500,,,737.0,737.5,0.5
1,540300,5238.5,intrinsic_floor,4500,,,738.0,738.5,0.5
1,540900,5238.5,intrinsic_floor,4500,,,738.0,738.5,0.5
1,541000,5238.5,intrinsic_floor,4500,,,738.0,738.5,0.5
1,541400,5237.5,intrinsic_floor,4000,,,1237.0,1237.5,0.5
1,541400,5237.5,intrinsic_floor,4500,,,737.0,737.5,0.5
1,541500,5238.5,intrinsic_floor,4500,,,738.0,738.5,0.5
1,542000,5239.0,intrinsic_floor,4000,,,1237.5,1239.0,1.5
1,542000,5239.0,intrinsic_floor,4500,,,737.5,739.0,1.5
1,542500,5237.5,intrinsic_floor,4500,,,737.0,737.5,0.5
1,543100,5235.5,intrinsic_floor,4500,,,735.0,735.5,0.5
1,543200,5237.5,intrinsic_floor,4000,,,1236.5,1237.5,1.0
1,543200,5237.5,intrinsic_floor,4500,,,736.5,737.5,1.0
1,543500,5237.5,intrinsic_floor,4500,,,737.0,737.5,0.5
1,543900,5238.5,intrinsic_floor,4000,,,1237.5,1238.5,1.0
1,543900,5238.5,intrinsic_floor,4500,,,738.0,738.5,0.5
1,544100,5238.5,intrinsic_floor,4500,,,738.0,738.5,0.5
1,544300,5238.5,intrinsic_floor,4500,,,738.0,738.5,0.5
1,544400,5237.5,intrinsic_floor,4500,,,737.0,737.5,0.5
1,544800,5237.5,intrinsic_floor,4500,,,737.0,737.5,0.5
1,545700,5237.5,intrinsic_floor,4500,,,737.0,737.5,0.5
1,546000,5236.0,intrinsic_floor,4000,,,1234.5,1236.0,1.5
1,546000,5236.0,intrinsic_floor,4500,,,734.5,736.0,1.5
1,546100,5235.5,intrinsic_floor,4000,,,1235.0,1235.5,0.5
1,546100,5235.5,intrinsic_floor,4500,,,735.0,735.5,0.5
1,546400,5234.5,intrinsic_floor,4500,,,734.0,734.5,0.5
1,546700,5233.5,intrinsic_floor,4500,,,733.0,733.5,0.5
1,547100,5231.5,intrinsic_floor,4500,,,731.0,731.5,0.5
1,547400,5233.5,intrinsic_floor,4500,,,733.0,733.5,0.5
1,547600,5231.5,intrinsic_floor,4000,,,1228.0,1231.5,3.5
1,547600,5231.5,intrinsic_floor,4500,,,729.0,731.5,2.5
1,548000,5234.5,intrinsic_floor,4500,,,734.0,734.5,0.5
1,548400,5232.5,intrinsic_floor,4000,,,1227.0,1232.5,5.5
1,548400,5232.5,intrinsic_floor,4500,,,728.5,732.5,4.0
1,548600,5230.5,intrinsic_floor,4500,,,730.0,730.5,0.5
1,550600,5233.5,intrinsic_floor,4000,,,1232.5,1233.5,1.0
1,550600,5233.5,intrinsic_floor,4500,,,732.5,733.5,1.0
1,550700,5234.5,intrinsic_floor,4500,,,734.0,734.5,0.5
1,550900,5231.5,intrinsic_floor,4500,,,731.0,731.5,0.5
1,551000,5233.5,intrinsic_floor,4500,,,733.0,733.5,0.5
1,551100,5235.5,intrinsic_floor,4000,,,1234.5,1235.5,1.0
1,551100,5235.5,intrinsic_floor,4500,,,734.0,735.5,1.5
1,551500,5234.5,intrinsic_floor,4500,,,734.0,734.5,0.5
1,552500,5233.5,intrinsic_floor,4000,,,1232.5,1233.5,1.0
1,552500,5233.5,intrinsic_floor,4500,,,732.5,733.5,1.0
1,552900,5231.5,intrinsic_floor,4500,,,731.0,731.5,0.5
1,553100,5229.5,intrinsic_floor,4000,,,1224.0,1229.5,5.5
1,553100,5229.5,intrinsic_floor,4500,,,725.0,729.5,4.5
1,553600,5227.5,intrinsic_floor,4000,,,1227.0,1227.5,0.5
1,553600,5227.5,intrinsic_floor,4500,,,727.0,727.5,0.5
1,554100,5229.5,intrinsic_floor,4500,,,729.0,729.5,0.5
1,554300,5230.5,intrinsic_floor,4500,,,730.0,730.5,0.5
1,555100,5231.5,intrinsic_floor,4500,,,731.0,731.5,0.5
1,555300,5232.5,intrinsic_floor,4500,,,732.0,732.5,0.5
1,556000,5227.5,intrinsic_floor,4500,,,727.0,727.5,0.5
1,557600,5226.5,intrinsic_floor,4000,,,1226.0,1226.5,0.5
1,557600,5226.5,intrinsic_floor,4500,,,726.0,726.5,0.5
1,557800,5225.5,intrinsic_floor,4500,,,725.0,725.5,0.5
1,558000,5223.5,intrinsic_floor,4000,,,1223.0,1223.5,0.5
1,558000,5223.5,intrinsic_floor,4500,,,723.0,723.5,0.5
1,558300,5223.5,intrinsic_floor,4000,,,1223.0,1223.5,0.5
1,558300,5223.5,intrinsic_floor,4500,,,723.0,723.5,0.5
1,558500,5225.5,intrinsic_floor,4000,,,1225.0,1225.5,0.5
1,558500,5225.5,intrinsic_floor,4500,,,725.0,725.5,0.5
1,558700,5226.5,intrinsic_floor,4000,,,1226.0,1226.5,0.5
1,558700,5226.5,intrinsic_floor,4500,,,726.0,726.5,0.5
1,559000,5227.5,intrinsic_floor,4500,,,727.0,727.5,0.5
1,559200,5228.5,intrinsic_floor,4500,,,728.0,728.5,0.5
1,559600,5230.5,intrinsic_floor,4000,,,1229.0,1230.5,1.5
1,559600,5230.5,intrinsic_floor,4500,,,729.0,730.5,1.5
1,560000,5230.5,intrinsic_floor,4500,,,730.0,730.5,0.5
1,560300,5232.5,intrinsic_floor,4500,,,732.0,732.5,0.5
1,561100,5231.5,intrinsic_floor,4500,,,731.0,731.5,0.5
1,561200,5231.5,intrinsic_floor,4000,,,1230.0,1231.5,1.5
1,561200,5231.5,intrinsic_floor,4500,,,730.0,731.5,1.5
1,561400,5231.5,intrinsic_floor,4500,,,731.0,731.5,0.5
1,562100,5232.5,intrinsic_floor,4500,,,732.0,732.5,0.5
1,562300,5230.5,intrinsic_floor,4500,,,730.0,730.5,0.5
1,562500,5229.5,intrinsic_floor,4500,,,729.0,729.5,0.5
1,563300,5230.5,intrinsic_floor,4000,,,1229.0,1230.5,1.5
1,563300,5230.5,intrinsic_floor,4500,,,729.0,730.5,1.5
1,563900,5232.5,intrinsic_floor,4000,,,1232.0,1232.5,0.5
1,563900,5232.5,intrinsic_floor,4500,,,732.0,732.5,0.5
1,564100,5233.5,intrinsic_floor,4500,,,733.0,733.5,0.5
1,564300,5232.0,intrinsic_floor,4000,,,1226.5,1232.0,5.5
1,564300,5232.0,intrinsic_floor,4500,,,727.5,732.0,4.5
1,565500,5236.5,intrinsic_floor,4500,,,736.0,736.5,0.5
1,566100,5236.5,intrinsic_floor,4000,,,1235.5,1236.5,1.0
1,566100,5236.5,intrinsic_floor,4500,,,736.0,736.5,0.5
1,566200,5237.5,intrinsic_floor,4000,,,1236.5,1237.5,1.0
1,566200,5237.5,intrinsic_floor,4500,,,736.0,737.5,1.5
1,566800,5235.5,intrinsic_floor,4500,,,735.0,735.5,0.5
1,566900,5236.5,intrinsic_floor,4500,,,736.0,736.5,0.5
1,567200,5234.0,intrinsic_floor,4000,,,1230.5,1234.0,3.5
1,567200,5234.0,intrinsic_floor,4500,,,731.5,734.0,2.5
1,567400,5235.5,intrinsic_floor,4500,,,735.0,735.5,0.5
1,568700,5238.5,intrinsic_floor,4500,,,738.0,738.5,0.5
1,568800,5240.5,intrinsic_floor,4000,,,1239.5,1240.5,1.0
1,568800,5240.5,intrinsic_floor,4500,,,739.0,740.5,1.5
1,568900,5240.5,intrinsic_floor,4000,,,1235.0,1240.5,5.5
1,568900,5240.5,intrinsic_floor,4500,,,736.0,740.5,4.5
1,569000,5239.5,intrinsic_floor,4000,,,1238.5,1239.5,1.0
1,569000,5239.5,intrinsic_floor,4500,,,739.0,739.5,0.5
1,569200,5238.5,intrinsic_floor,4500,,,738.0,738.5,0.5
1,569300,5238.5,intrinsic_floor,4500,,,738.0,738.5,0.5
1,569900,5237.5,intrinsic_floor,4500,,,737.0,737.5,0.5
1,570500,5236.5,intrinsic_floor,4500,,,736.0,736.5,0.5
1,570800,5238.5,intrinsic_floor,4000,,,1237.5,1238.5,1.0
1,570800,5238.5,intrinsic_floor,4500,,,737.0,738.5,1.5
1,570900,5238.5,intrinsic_floor,4500,,,738.0,738.5,0.5
1,571200,5237.5,intrinsic_floor,4500,,,737.0,737.5,0.5
1,571700,5238.5,intrinsic_floor,4500,,,738.0,738.5,0.5
1,572000,5238.5,intrinsic_floor,4500,,,738.0,738.5,0.5
1,572100,5238.5,intrinsic_floor,4500,,,738.0,738.5,0.5
1,572200,5236.5,intrinsic_floor,4500,,,736.0,736.5,0.5
1,572400,5237.5,intrinsic_floor,4000,,,1236.5,1237.5,1.0
1,572400,5237.5,intrinsic_floor,4500,,,736.0,737.5,1.5
1,572500,5235.5,intrinsic_floor,4500,,,735.0,735.5,0.5
1,572600,5235.5,intrinsic_floor,4500,,,735.0,735.5,0.5
1,572800,5234.5,intrinsic_floor,4500,,,734.0,734.5,0.5
1,572900,5235.5,intrinsic_floor,4500,,,735.0,735.5,0.5
1,573500,5236.5,intrinsic_floor,4500,,,736.0,736.5,0.5
1,574200,5235.5,intrinsic_floor,4500,,,735.0,735.5,0.5
1,574500,5233.5,intrinsic_floor,4500,,,733.0,733.5,0.5
1,574700,5233.5,intrinsic_floor,4500,,,733.0,733.5,0.5
1,574800,5233.0,intrinsic_floor,4000,,,1228.0,1233.0,5.0
1,574800,5233.0,intrinsic_floor,4500,,,729.0,733.0,4.0
1,575500,5235.5,intrinsic_floor,4500,,,735.0,735.5,0.5
1,575700,5237.5,intrinsic_floor,4500,,,737.0,737.5,0.5
1,575800,5234.0,intrinsic_floor,4000,,,1230.0,1234.0,4.0
1,575800,5234.0,intrinsic_floor,4500,,,731.5,734.0,2.5
1,576600,5236.5,intrinsic_floor,4500,,,736.0,736.5,0.5
1,577400,5236.5,intrinsic_floor,4500,,,736.0,736.5,0.5
1,577700,5236.5,intrinsic_floor,4500,,,736.0,736.5,0.5
1,577800,5237.5,intrinsic_floor,4000,,,1236.0,1237.5,1.5
1,577800,5237.5,intrinsic_floor,4500,,,736.0,737.5,1.5
1,578200,5237.5,intrinsic_floor,4000,,,1236.5,1237.5,1.0
1,578200,5237.5,intrinsic_floor,4500,,,737.0,737.5,0.5
1,578500,5236.5,intrinsic_floor,4500,,,736.0,736.5,0.5
1,578600,5235.5,intrinsic_floor,4500,,,735.0,735.5,0.5
1,578800,5236.5,intrinsic_floor,4500,,,736.0,736.5,0.5
1,578900,5236.5,intrinsic_floor,4500,,,736.0,736.5,0.5
1,579900,5234.5,intrinsic_floor,4500,,,734.0,734.5,0.5
1,580100,5234.5,intrinsic_floor,4000,,,1234.0,1234.5,0.5
1,580100,5234.5,intrinsic_floor,4500,,,734.0,734.5,0.5
1,580600,5235.5,intrinsic_floor,4500,,,735.0,735.5,0.5
1,580800,5236.5,intrinsic_floor,4500,,,736.0,736.5,0.5
1,582600,5236.5,intrinsic_floor,4500,,,736.0,736.5,0.5
1,582700,5237.5,intrinsic_floor,4500,,,737.0,737.5,0.5
1,583300,5238.5,intrinsic_floor,4500,,,738.0,738.5,0.5
1,583900,5239.5,intrinsic_floor,4500,,,739.0,739.5,0.5
1,584000,5239.5,intrinsic_floor,4500,,,739.0,739.5,0.5
1,584400,5236.5,intrinsic_floor,4000,,,1236.0,1236.5,0.5
1,584400,5236.5,intrinsic_floor,4500,,,736.0,736.5,0.5
1,585100,5236.5,intrinsic_floor,4500,,,736.0,736.5,0.5
1,585800,5238.5,intrinsic_floor,4500,,,738.0,738.5,0.5
1,586500,5241.5,intrinsic_floor,4500,,,741.0,741.5,0.5
1,586700,5243.5,intrinsic_floor,4500,,,743.0,743.5,0.5
1,586800,5243.5,intrinsic_floor,4500,,,743.0,743.5,0.5
1,587200,5245.0,intrinsic_floor,4000,,,1244.5,1245.0,0.5
1,587300,5247.0,intrinsic_floor,4000,,,1246.5,1247.0,0.5
1,587400,5247.5,intrinsic_floor,4500,,,747.0,747.5,0.5
1,587600,5245.5,intrinsic_floor,4500,,,745.0,745.5,0.5
1,587700,5247.0,intrinsic_floor,4000,,,1245.5,1247.0,1.5
1,587700,5247.0,intrinsic_floor,4500,,,746.0,747.0,1.0
1,587800,5245.5,intrinsic_floor,4500,,,745.0,745.5,0.5
1,588100,5247.5,intrinsic_floor,4500,,,747.0,747.5,0.5
1,588200,5245.5,intrinsic_floor,4000,,,1240.0,1245.5,5.5
1,588200,5245.5,intrinsic_floor,4500,,,741.5,745.5,4.0
1,588300,5245.5,intrinsic_floor,4500,,,745.0,745.5,0.5
1,588600,5246.5,intrinsic_floor,4000,,,1245.5,1246.5,1.0
1,588600,5246.5,intrinsic_floor,4500,,,745.0,746.5,1.5
1,588700,5245.5,intrinsic_floor,4500,,,745.0,745.5,0.5
1,588800,5244.5,intrinsic_floor,4500,,,744.0,744.5,0.5
1,589000,5245.5,intrinsic_floor,4500,,,745.0,745.5,0.5
1,589100,5245.0,intrinsic_floor,4000,,,1244.5,1245.0,0.5
1,589600,5243.5,intrinsic_floor,4500,,,743.0,743.5,0.5
1,589700,5243.5,intrinsic_floor,4500,,,743.0,743.5,0.5
1,590000,5244.0,intrinsic_floor,4000,,,1243.5,1244.0,0.5
1,590100,5241.5,intrinsic_floor,4500,,,741.0,741.5,0.5
1,590200,5241.5,intrinsic_floor,4500,,,741.0,741.5,0.5
1,590300,5240.5,intrinsic_floor,4500,,,740.0,740.5,0.5
1,590600,5239.5,intrinsic_floor,4500,,,739.0,739.5,0.5
1,591000,5240.5,intrinsic_floor,4500,,,740.0,740.5,0.5
1,591400,5242.5,intrinsic_floor,4500,,,742.0,742.5,0.5
1,591500,5241.5,intrinsic_floor,4500,,,741.0,741.5,0.5
1,591700,5243.0,intrinsic_floor,4000,,,1242.5,1243.0,0.5
1,592000,5246.0,intrinsic_floor,4000,,,1244.5,1246.0,1.5
1,592000,5246.0,intrinsic_floor,4500,,,744.5,746.0,1.5
1,592100,5244.5,intrinsic_floor,4500,,,744.0,744.5,0.5
1,592200,5244.5,intrinsic_floor,4500,,,744.0,744.5,0.5
1,592800,5241.5,intrinsic_floor,4500,,,741.0,741.5,0.5
1,592900,5241.5,intrinsic_floor,4500,,,741.0,741.5,0.5
1,593000,5241.5,intrinsic_floor,4500,,,741.0,741.5,0.5
1,593300,5239.5,intrinsic_floor,4500,,,739.0,739.5,0.5
1,593600,5239.0,intrinsic_floor,4000,,,1238.0,1239.0,1.0
1,593600,5239.0,intrinsic_floor,4500,,,738.0,739.0,1.0
1,593800,5239.5,intrinsic_floor,4500,,,739.0,739.5,0.5
1,594100,5239.5,intrinsic_floor,4500,,,739.0,739.5,0.5
1,594200,5240.5,intrinsic_floor,4000,,,1239.0,1240.5,1.5
1,594200,5240.5,intrinsic_floor,4500,,,739.0,740.5,1.5
1,594600,5239.5,intrinsic_floor,4500,,,739.0,739.5,0.5
1,594900,5240.5,intrinsic_floor,4000,,,1239.5,1240.5,1.0
1,594900,5240.5,intrinsic_floor,4500,,,739.0,740.5,1.5
1,595200,5240.5,intrinsic_floor,4500,,,740.0,740.5,0.5
1,595600,5243.0,intrinsic_floor,4000,,,1241.5,1243.0,1.5
1,595600,5243.0,intrinsic_floor,4500,,,742.0,743.0,1.0
1,595900,5241.5,intrinsic_floor,4500,,,741.0,741.5,0.5
1,596000,5242.5,intrinsic_floor,4500,,,742.0,742.5,0.5
1,596100,5242.5,intrinsic_floor,4500,,,742.0,742.5,0.5
1,596200,5241.5,intrinsic_floor,4500,,,741.0,741.5,0.5
1,596400,5243.5,intrinsic_floor,4500,,,743.0,743.5,0.5
1,596700,5243.5,intrinsic_floor,4500,,,743.0,743.5,0.5
1,596800,5242.5,intrinsic_floor,4500,,,742.0,742.5,0.5
1,597200,5239.5,intrinsic_floor,4500,,,739.0,739.5,0.5
1,597300,5238.5,intrinsic_floor,4500,,,738.0,738.5,0.5
1,597400,5239.5,intrinsic_floor,4500,,,739.0,739.5,0.5
1,597500,5240.5,intrinsic_floor,4500,,,740.0,740.5,0.5
1,598100,5239.5,intrinsic_floor,4500,,,739.0,739.5,0.5
1,599200,5239.5,intrinsic_floor,4500,,,739.0,739.5,0.5
1,600000,5234.5,intrinsic_floor,4500,,,734.0,734.5,0.5
1,600600,5232.5,intrinsic_floor,4000,,,1232.0,1232.5,0.5
1,600600,5232.5,intrinsic_floor,4500,,,732.0,732.5,0.5
1,600900,5231.5,intrinsic_floor,4500,,,731.0,731.5,0.5
1,601000,5231.5,intrinsic_floor,4500,,,731.0,731.5,0.5
1,601200,5233.5,intrinsic_floor,4500,,,733.0,733.5,0.5
1,601600,5233.5,intrinsic_floor,4500,,,733.0,733.5,0.5
1,602200,5229.5,intrinsic_floor,4000,,,1229.0,1229.5,0.5
1,602200,5229.5,intrinsic_floor,4500,,,729.0,729.5,0.5
1,602400,5229.5,intrinsic_floor,4000,,,1229.0,1229.5,0.5
1,602400,5229.5,intrinsic_floor,4500,,,729.0,729.5,0.5
1,602800,5230.5,intrinsic_floor,4500,,,730.0,730.5,0.5
1,603000,5231.5,intrinsic_floor,4000,,,1231.0,1231.5,0.5
1,603000,5231.5,intrinsic_floor,4500,,,731.0,731.5,0.5
1,603100,5231.5,intrinsic_floor,4000,,,1231.0,1231.5,0.5
1,603100,5231.5,intrinsic_floor,4500,,,731.0,731.5,0.5
1,603900,5230.5,intrinsic_floor,4500,,,730.0,730.5,0.5
1,604600,5229.0,intrinsic_floor,4000,,,1224.0,1229.0,5.0
1,604600,5229.0,intrinsic_floor,4500,,,725.0,729.0,4.0
1,604900,5230.5,intrinsic_floor,4500,,,730.0,730.5,0.5
1,605000,5229.5,intrinsic_floor,4000,,,1229.0,1229.5,0.5
1,605000,5229.5,intrinsic_floor,4500,,,729.0,729.5,0.5
1,605200,5228.5,intrinsic_floor,4500,,,728.0,728.5,0.5
1,605900,5230.5,intrinsic_floor,4500,,,730.0,730.5,0.5
1,606400,5227.5,intrinsic_floor,4500,,,727.0,727.5,0.5
1,607500,5225.5,intrinsic_floor,4000,,,1225.0,1225.5,0.5
1,607500,5225.5,intrinsic_floor,4500,,,725.0,725.5,0.5
1,608200,5220.5,intrinsic_floor,4000,,,1220.0,1220.5,0.5
1,608200,5220.5,intrinsic_floor,4500,,,720.0,720.5,0.5
1,608300,5220.5,intrinsic_floor,4000,,,1220.0,1220.5,0.5
1,608300,5220.5,intrinsic_floor,4500,,,720.0,720.5,0.5
1,609300,5223.5,intrinsic_floor,4000,,,1223.0,1223.5,0.5
1,609300,5223.5,intrinsic_floor,4500,,,723.0,723.5,0.5
1,609700,5225.5,intrinsic_floor,4000,,,1225.0,1225.5,0.5
1,609700,5225.5,intrinsic_floor,4500,,,725.0,725.5,0.5
1,610000,5223.5,intrinsic_floor,4000,,,1223.0,1223.5,0.5
1,610000,5223.5,intrinsic_floor,4500,,,723.0,723.5,0.5
1,610300,5223.5,intrinsic_floor,4000,,,1223.0,1223.5,0.5
1,610300,5223.5,intrinsic_floor,4500,,,723.0,723.5,0.5
1,610700,5222.5,intrinsic_floor,4000,,,1222.0,1222.5,0.5
1,610700,5222.5,intrinsic_floor,4500,,,722.0,722.5,0.5
1,610800,5222.5,intrinsic_floor,4000,,,1222.0,1222.5,0.5
1,610800,5222.5,intrinsic_floor,4500,,,722.0,722.5,0.5
1,611400,5226.0,intrinsic_floor,4000,,,1224.5,1226.0,1.5
1,611400,5226.0,intrinsic_floor,4500,,,725.0,726.0,1.0
1,611500,5224.5,intrinsic_floor,4000,,,1224.0,1224.5,0.5
1,611500,5224.5,intrinsic_floor,4500,,,724.0,724.5,0.5
1,612800,5225.5,intrinsic_floor,4000,,,1225.0,1225.5,0.5
1,612800,5225.5,intrinsic_floor,4500,,,725.0,725.5,0.5
1,613000,5227.0,intrinsic_floor,4000,,,1226.0,1227.0,1.0
1,613000,5227.0,intrinsic_floor,4500,,,726.0,727.0,1.0
1,614800,5232.5,intrinsic_floor,4000,,,1232.0,1232.5,0.5
1,614800,5232.5,intrinsic_floor,4500,,,732.0,732.5,0.5
1,615000,5233.5,intrinsic_floor,4500,,,733.0,733.5,0.5
1,615700,5229.5,intrinsic_floor,4000,,,1229.0,1229.5,0.5
1,615700,5229.5,intrinsic_floor,4500,,,729.0,729.5,0.5
1,615900,5228.5,intrinsic_floor,4500,,,728.0,728.5,0.5
1,616300,5230.5,intrinsic_floor,4000,,,1230.0,1230.5,0.5
1,616300,5230.5,intrinsic_floor,4500,,,730.0,730.5,0.5
1,616600,5232.5,intrinsic_floor,4000,,,1231.5,1232.5,1.0
1,616600,5232.5,intrinsic_floor,4500,,,731.5,732.5,1.0
1,616800,5232.5,intrinsic_floor,4500,,,732.0,732.5,0.5
1,616900,5232.5,intrinsic_floor,4500,,,732.0,732.5,0.5
1,617200,5232.5,intrinsic_floor,4500,,,732.0,732.5,0.5
1,617600,5233.5,intrinsic_floor,4500,,,733.0,733.5,0.5
1,617700,5233.5,intrinsic_floor,4500,,,733.0,733.5,0.5
1,617900,5234.0,intrinsic_floor,4000,,,1228.5,1234.0,5.5
1,617900,5234.0,intrinsic_floor,4500,,,729.5,734.0,4.5
1,618300,5233.0,intrinsic_floor,4000,,,1228.0,1233.0,5.0
1,618300,5233.0,intrinsic_floor,4500,,,729.0,733.0,4.0
1,618700,5232.5,intrinsic_floor,4500,,,732.0,732.5,0.5
1,619300,5231.5,intrinsic_floor,4500,,,731.0,731.5,0.5
1,619400,5231.5,intrinsic_floor,4500,,,731.0,731.5,0.5
1,619700,5233.5,intrinsic_floor,4500,,,733.0,733.5,0.5
1,620000,5234.5,intrinsic_floor,4500,,,734.0,734.5,0.5
1,620400,5232.5,intrinsic_floor,4500,,,732.0,732.5,0.5
1,621100,5231.5,intrinsic_floor,4500,,,731.0,731.5,0.5
1,621300,5234.5,intrinsic_floor,4000,,,1234.0,1234.5,0.5
1,621300,5234.5,intrinsic_floor,4500,,,734.0,734.5,0.5
1,621700,5234.5,intrinsic_floor,4500,,,734.0,734.5,0.5
1,622100,5235.5,intrinsic_floor,4500,,,735.0,735.5,0.5
1,622500,5237.5,intrinsic_floor,4500,,,737.0,737.5,0.5
1,623800,5240.5,intrinsic_floor,4000,,,1239.5,1240.5,1.0
1,623800,5240.5,intrinsic_floor,4500,,,739.0,740.5,1.5
1,624000,5239.5,intrinsic_floor,4500,,,739.0,739.5,0.5
1,624100,5239.5,intrinsic_floor,4500,,,739.0,739.5,0.5
1,624200,5237.5,intrinsic_floor,4500,,,737.0,737.5,0.5
1,624400,5238.5,intrinsic_floor,4000,,,1233.0,1238.5,5.5
1,624400,5238.5,intrinsic_floor,4500,,,734.5,738.5,4.0
1,624600,5240.0,intrinsic_floor,4000,,,1239.5,1240.0,0.5
1,625100,5237.5,intrinsic_floor,4500,,,737.0,737.5,0.5
1,625200,5236.5,intrinsic_floor,4000,,,1235.5,1236.5,1.0
1,625200,5236.5,intrinsic_floor,4500,,,735.5,736.5,1.0
1,625600,5236.5,intrinsic_floor,4500,,,736.0,736.5,0.5
1,625800,5235.5,intrinsic_floor,4000,,,1235.0,1235.5,0.5
1,625800,5235.5,intrinsic_floor,4500,,,735.0,735.5,0.5
1,628100,5228.5,intrinsic_floor,4500,,,728.0,728.5,0.5
1,631700,5220.5,intrinsic_floor,4000,,,1215.0,1220.5,5.5
1,631700,5220.5,intrinsic_floor,4500,,,716.5,720.5,4.0
1,631800,5220.5,intrinsic_floor,4000,,,1220.0,1220.5,0.5
1,631800,5220.5,intrinsic_floor,4500,,,720.0,720.5,0.5
1,633000,5215.5,intrinsic_floor,4000,,,1215.0,1215.5,0.5
1,633100,5216.5,intrinsic_floor,4000,,,1215.5,1216.5,1.0
1,633100,5216.5,intrinsic_floor,4500,,,715.5,716.5,1.0
1,633200,5217.0,intrinsic_floor,4000,,,1216.0,1217.0,1.0
1,633200,5217.0,intrinsic_floor,4500,,,716.0,717.0,1.0
1,633900,5218.5,intrinsic_floor,4000,,,1218.0,1218.5,0.5
1,633900,5218.5,intrinsic_floor,4500,,,718.0,718.5,0.5
1,634400,5216.5,intrinsic_floor,4000,,,1216.0,1216.5,0.5
1,634900,5216.5,intrinsic_floor,4000,,,1216.0,1216.5,0.5
1,635100,5217.5,intrinsic_floor,4000,,,1217.0,1217.5,0.5
1,635200,5215.5,intrinsic_floor,4000,,,1215.0,1215.5,0.5
1,635200,5215.5,intrinsic_floor,4500,,,715.0,715.5,0.5
1,635500,5217.5,intrinsic_floor,4000,,,1217.0,1217.5,0.5
1,635500,5217.5,intrinsic_floor,4500,,,717.0,717.5,0.5
1,635900,5223.5,intrinsic_floor,4500,,,723.0,723.5,0.5
1,636000,5223.5,intrinsic_floor,4000,,,1223.0,1223.5,0.5
1,636000,5223.5,intrinsic_floor,4500,,,723.0,723.5,0.5
1,636100,5223.5,intrinsic_floor,4000,,,1218.0,1223.5,5.5
1,636100,5223.5,intrinsic_floor,4500,,,719.5,723.5,4.0
1,636200,5223.5,intrinsic_floor,4000,,,1223.0,1223.5,0.5
1,636200,5223.5,intrinsic_floor,4500,,,723.0,723.5,0.5
1,636300,5221.5,intrinsic_floor,4000,,,1221.0,1221.5,0.5
1,637200,5217.5,intrinsic_floor,4000,,,1217.0,1217.5,0.5
1,637400,5218.5,intrinsic_floor,4000,,,1218.0,1218.5,0.5
1,637400,5218.5,intrinsic_floor,4500,,,718.0,718.5,0.5
1,637700,5217.5,intrinsic_floor,4000,,,1216.5,1217.5,1.0
1,637700,5217.5,intrinsic_floor,4500,,,716.5,717.5,1.0
1,637800,5214.5,intrinsic_floor,4000,,,1214.0,1214.5,0.5
1,637800,5214.5,intrinsic_floor,4500,,,714.0,714.5,0.5
1,638500,5214.5,intrinsic_floor,4000,,,1214.0,1214.5,0.5
1,638800,5215.5,intrinsic_floor,4000,,,1214.5,1215.5,1.0
1,638800,5215.5,intrinsic_floor,4500,,,714.5,715.5,1.0
1,638900,5214.5,intrinsic_floor,4000,,,1214.0,1214.5,0.5
1,638900,5214.5,intrinsic_floor,4500,,,714.0,714.5,0.5
1,639200,5216.5,intrinsic_floor,4000,,,1216.0,1216.5,0.5
1,639600,5215.5,intrinsic_floor,4000,,,1215.0,1215.5,0.5
1,639600,5215.5,intrinsic_floor,4500,,,715.0,715.5,0.5
1,639800,5216.5,intrinsic_floor,4000,,,1216.0,1216.5,0.5
1,639800,5216.5,intrinsic_floor,4500,,,716.0,716.5,0.5
1,641200,5212.5,intrinsic_floor,4000,,,1212.0,1212.5,0.5
1,641300,5213.5,intrinsic_floor,4000,,,1213.0,1213.5,0.5
1,641500,5212.5,intrinsic_floor,4000,,,1212.0,1212.5,0.5
1,642100,5214.5,intrinsic_floor,4000,,,1209.0,1214.5,5.5
1,642100,5214.5,intrinsic_floor,4500,,,710.5,714.5,4.0
1,642400,5214.5,intrinsic_floor,4000,,,1214.0,1214.5,0.5
1,642400,5214.5,intrinsic_floor,4500,,,714.0,714.5,0.5
1,642500,5213.5,intrinsic_floor,4000,,,1213.0,1213.5,0.5
1,642700,5213.5,intrinsic_floor,4000,,,1213.0,1213.5,0.5
1,642800,5212.5,intrinsic_floor,4000,,,1212.0,1212.5,0.5
1,643100,5214.5,intrinsic_floor,4000,,,1214.0,1214.5,0.5
1,643300,5213.5,intrinsic_floor,4000,,,1213.0,1213.5,0.5
1,643300,5213.5,intrinsic_floor,4500,,,713.0,713.5,0.5
1,643500,5209.5,intrinsic_floor,4000,,,1209.0,1209.5,0.5
1,644400,5209.5,intrinsic_floor,4000,,,1209.0,1209.5,0.5
1,644600,5208.5,intrinsic_floor,4000,,,1208.0,1208.5,0.5
1,644700,5208.0,intrinsic_floor,4500,,,707.5,708.0,0.5
1,645000,5208.5,intrinsic_floor,4000,,,1208.0,1208.5,0.5
1,645400,5209.5,intrinsic_floor,4000,,,1209.0,1209.5,0.5
1,645700,5209.5,intrinsic_floor,4000,,,1209.0,1209.5,0.5
1,645800,5210.5,intrinsic_floor,4000,,,1210.0,1210.5,0.5
1,645900,5208.5,intrinsic_floor,4000,,,1208.0,1208.5,0.5
1,646600,5206.5,intrinsic_floor,4000,,,1206.0,1206.5,0.5
1,646600,5206.5,intrinsic_floor,4500,,,705.5,706.5,1.0
1,646800,5206.5,intrinsic_floor,4000,,,1206.0,1206.5,0.5
1,647500,5205.5,intrinsic_floor,4000,,,1205.0,1205.5,0.5
1,647600,5206.5,intrinsic_floor,4000,,,1206.0,1206.5,0.5
1,647700,5206.5,intrinsic_floor,4000,,,1206.0,1206.5,0.5
1,647900,5206.5,intrinsic_floor,4000,,,1206.0,1206.5,0.5
1,648500,5205.5,intrinsic_floor,4000,,,1205.0,1205.5,0.5
1,648600,5204.0,intrinsic_floor,4500,,,703.5,704.0,0.5
1,649000,5202.5,intrinsic_floor,4000,,,1202.0,1202.5,0.5
1,649100,5200.5,intrinsic_floor,4000,,,1200.0,1200.5,0.5
1,649300,5199.5,intrinsic_floor,4000,,,1199.0,1199.5,0.5
1,649400,5200.0,intrinsic_floor,4500,,,699.5,700.0,0.5
1,649900,5201.5,intrinsic_floor,4000,,,1201.0,1201.5,0.5
1,650300,5200.5,intrinsic_floor,4000,,,1200.0,1200.5,0.5
1,650500,5202.5,intrinsic_floor,4000,,,1201.0,1202.5,1.5
1,650500,5202.5,intrinsic_floor,4500,,,701.5,702.5,1.0
1,650800,5201.0,intrinsic_floor,4500,,,700.5,701.0,0.5
1,651300,5200.0,intrinsic_floor,4500,,,699.5,700.0,0.5
1,651800,5199.5,intrinsic_floor,4000,,,1199.0,1199.5,0.5
1,651900,5200.5,intrinsic_floor,4000,,,1200.0,1200.5,0.5
1,652200,5200.5,intrinsic_floor,4000,,,1200.0,1200.5,0.5
1,652300,5200.5,intrinsic_floor,4000,,,1200.0,1200.5,0.5
1,652400,5200.5,intrinsic_floor,4000,,,1200.0,1200.5,0.5
1,652500,5200.0,intrinsic_floor,4500,,,699.5,700.0,0.5
1,652900,5202.5,intrinsic_floor,4000,,,1202.0,1202.5,0.5
1,653100,5202.5,intrinsic_floor,4000,,,1202.0,1202.5,0.5
1,653800,5206.0,intrinsic_floor,4500,,,705.5,706.0,0.5
1,654100,5205.5,intrinsic_floor,4000,,,1205.0,1205.5,0.5
1,654200,5206.5,intrinsic_floor,4000,,,1201.0,1206.5,5.5
1,654200,5206.5,intrinsic_floor,4500,,,702.5,706.5,4.0
1,655000,5207.5,intrinsic_floor,4000,,,1207.0,1207.5,0.5
1,655200,5206.5,intrinsic_floor,4000,,,1206.0,1206.5,0.5
1,655400,5205.5,intrinsic_floor,4000,,,1205.0,1205.5,0.5
1,655600,5205.5,intrinsic_floor,4000,,,1205.0,1205.5,0.5
1,656900,5208.5,intrinsic_floor,4000,,,1208.0,1208.5,0.5
1,657100,5210.5,intrinsic_floor,4000,,,1210.0,1210.5,0.5
1,657100,5210.5,intrinsic_floor,4500,,,710.0,710.5,0.5
1,657200,5209.5,intrinsic_floor,4000,,,1209.0,1209.5,0.5
1,657500,5212.5,intrinsic_floor,4000,,,1211.0,1212.5,1.5
1,657500,5212.5,intrinsic_floor,4500,,,711.0,712.5,1.5
1,657600,5212.5,intrinsic_floor,4000,,,1212.0,1212.5,0.5
1,657800,5210.5,intrinsic_floor,4000,,,1210.0,1210.5,0.5
1,658100,5211.0,intrinsic_floor,4000,,,1210.0,1211.0,1.0
1,658100,5211.0,intrinsic_floor,4500,,,709.5,711.0,1.5
1,658200,5208.5,intrinsic_floor,4000,,,1208.0,1208.5,0.5
1,658700,5210.5,intrinsic_floor,4000,,,1210.0,1210.5,0.5
1,658800,5209.5,intrinsic_floor,4000,,,1209.0,1209.5,0.5
1,658900,5211.5,intrinsic_floor,4000,,,1211.0,1211.5,0.5
1,659800,5213.5,intrinsic_floor,4000,,,1213.0,1213.5,0.5
1,659800,5213.5,intrinsic_floor,4500,,,712.5,713.5,1.0
1,660000,5211.5,intrinsic_floor,4000,,,1211.0,1211.5,0.5
1,660700,5214.5,intrinsic_floor,4000,,,1214.0,1214.5,0.5
1,660700,5214.5,intrinsic_floor,4500,,,714.0,714.5,0.5
1,661500,5216.5,intrinsic_floor,4000,,,1215.0,1216.5,1.5
1,661500,5216.5,intrinsic_floor,4500,,,715.5,716.5,1.0
1,661900,5215.5,intrinsic_floor,4000,,,1215.0,1215.5,0.5
1,662100,5216.5,intrinsic_floor,4000,,,1216.0,1216.5,0.5
1,662200,5215.5,intrinsic_floor,4000,,,1215.0,1215.5,0.5
1,663000,5212.5,intrinsic_floor,4000,,,1212.0,1212.5,0.5
1,663400,5215.5,intrinsic_floor,4000,,,1215.0,1215.5,0.5
1,663700,5218.5,intrinsic_floor,4000,,,1217.5,1218.5,1.0
1,663700,5218.5,intrinsic_floor,4500,,,717.5,718.5,1.0
1,663900,5215.5,intrinsic_floor,4000,,,1215.0,1215.5,0.5
1,664500,5215.5,intrinsic_floor,4000,,,1214.5,1215.5,1.0
1,664500,5215.5,intrinsic_floor,4500,,,714.5,715.5,1.0
1,664800,5216.5,intrinsic_floor,4000,,,1216.0,1216.5,0.5
1,665400,5221.5,intrinsic_floor,4000,,,1220.5,1221.5,1.0
1,665400,5221.5,intrinsic_floor,4500,,,720.5,721.5,1.0
1,665600,5221.5,intrinsic_floor,4000,,,1221.0,1221.5,0.5
1,665600,5221.5,intrinsic_floor,4500,,,721.0,721.5,0.5
1,665700,5222.5,intrinsic_floor,4000,,,1222.0,1222.5,0.5
1,665700,5222.5,intrinsic_floor,4500,,,722.0,722.5,0.5
1,666200,5223.5,intrinsic_floor,4000,,,1222.5,1223.5,1.0
1,666200,5223.5,intrinsic_floor,4500,,,722.5,723.5,1.0
1,666300,5224.5,intrinsic_floor,4000,,,1224.0,1224.5,0.5
1,666300,5224.5,intrinsic_floor,4500,,,724.0,724.5,0.5
1,666600,5223.5,intrinsic_floor,4000,,,1223.0,1223.5,0.5
1,666600,5223.5,intrinsic_floor,4500,,,723.0,723.5,0.5
1,667300,5225.5,intrinsic_floor,4000,,,1224.5,1225.5,1.0
1,667300,5225.5,intrinsic_floor,4500,,,724.5,725.5,1.0
1,668500,5218.5,intrinsic_floor,4000,,,1218.0,1218.5,0.5
1,668500,5218.5,intrinsic_floor,4500,,,718.0,718.5,0.5
1,668700,5218.5,intrinsic_floor,4000,,,1218.0,1218.5,0.5
1,668700,5218.5,intrinsic_floor,4500,,,718.0,718.5,0.5
1,668800,5220.5,intrinsic_floor,4000,,,1219.0,1220.5,1.5
1,668800,5220.5,intrinsic_floor,4500,,,719.0,720.5,1.5
1,669300,5220.5,intrinsic_floor,4000,,,1220.0,1220.5,0.5
1,669300,5220.5,intrinsic_floor,4500,,,720.0,720.5,0.5
1,670600,5218.5,intrinsic_floor,4000,,,1218.0,1218.5,0.5
1,670700,5218.5,intrinsic_floor,4000,,,1218.0,1218.5,0.5
1,670700,5218.5,intrinsic_floor,4500,,,718.0,718.5,0.5
1,670800,5218.5,intrinsic_floor,4000,,,1218.0,1218.5,0.5
1,670800,5218.5,intrinsic_floor,4500,,,718.0,718.5,0.5
1,671200,5219.5,intrinsic_floor,4000,,,1219.0,1219.5,0.5
1,671200,5219.5,intrinsic_floor,4500,,,719.0,719.5,0.5
1,672000,5219.5,intrinsic_floor,4000,,,1219.0,1219.5,0.5
1,672000,5219.5,intrinsic_floor,4500,,,719.0,719.5,0.5
1,672100,5220.5,intrinsic_floor,4000,,,1219.5,1220.5,1.0
1,672100,5220.5,intrinsic_floor,4500,,,719.5,720.5,1.0
1,672900,5221.5,intrinsic_floor,4000,,,1220.5,1221.5,1.0
1,672900,5221.5,intrinsic_floor,4500,,,720.5,721.5,1.0
1,673000,5221.5,intrinsic_floor,4000,,,1221.0,1221.5,0.5
1,673000,5221.5,intrinsic_floor,4500,,,721.0,721.5,0.5
1,674000,5223.5,intrinsic_floor,4000,,,1218.0,1223.5,5.5
1,674000,5223.5,intrinsic_floor,4500,,,719.0,723.5,4.5
1,674600,5226.5,intrinsic_floor,4000,,,1226.0,1226.5,0.5
1,674600,5226.5,intrinsic_floor,4500,,,726.0,726.5,0.5
1,675800,5228.5,intrinsic_floor,4500,,,728.0,728.5,0.5
1,677300,5228.5,intrinsic_floor,4000,,,1228.0,1228.5,0.5
1,677300,5228.5,intrinsic_floor,4500,,,728.0,728.5,0.5
1,678500,5225.5,intrinsic_floor,4000,,,1225.0,1225.5,0.5
1,678500,5225.5,intrinsic_floor,4500,,,725.0,725.5,0.5
1,678600,5226.5,intrinsic_floor,4000,,,1226.0,1226.5,0.5
1,678600,5226.5,intrinsic_floor,4500,,,726.0,726.5,0.5
1,679200,5227.0,intrinsic_floor,4000,,,1226.0,1227.0,1.0
1,679200,5227.0,intrinsic_floor,4500,,,726.0,727.0,1.0
1,679700,5224.5,intrinsic_floor,4000,,,1224.0,1224.5,0.5
1,679700,5224.5,intrinsic_floor,4500,,,724.0,724.5,0.5
1,680000,5224.5,intrinsic_floor,4500,,,724.0,724.5,0.5
1,680600,5222.5,intrinsic_floor,4000,,,1222.0,1222.5,0.5
1,680600,5222.5,intrinsic_floor,4500,,,722.0,722.5,0.5
1,680900,5221.5,intrinsic_floor,4000,,,1221.0,1221.5,0.5
1,680900,5221.5,intrinsic_floor,4500,,,721.0,721.5,0.5
1,681300,5223.5,intrinsic_floor,4500,,,723.0,723.5,0.5
1,681400,5222.5,intrinsic_floor,4000,,,1222.0,1222.5,0.5
1,681400,5222.5,intrinsic_floor,4500,,,722.0,722.5,0.5
1,682000,5224.5,intrinsic_floor,4000,,,1223.5,1224.5,1.0
1,682000,5224.5,intrinsic_floor,4500,,,723.5,724.5,1.0
1,683300,5225.5,intrinsic_floor,4000,,,1225.0,1225.5,0.5
1,683300,5225.5,intrinsic_floor,4500,,,725.0,725.5,0.5
1,684000,5229.0,intrinsic_floor,4000,,,1224.0,1229.0,5.0
1,684000,5229.0,intrinsic_floor,4500,,,725.0,729.0,4.0
1,685000,5227.5,intrinsic_floor,4500,,,727.0,727.5,0.5
1,685700,5232.5,intrinsic_floor,4000,,,1231.5,1232.5,1.0
1,685700,5232.5,intrinsic_floor,4500,,,732.0,732.5,0.5
1,686100,5231.5,intrinsic_floor,4000,,,1231.0,1231.5,0.5
1,686100,5231.5,intrinsic_floor,4500,,,731.0,731.5,0.5
1,687400,5233.5,intrinsic_floor,4500,,,733.0,733.5,0.5
1,687800,5233.5,intrinsic_floor,4000,,,1233.0,1233.5,0.5
1,687800,5233.5,intrinsic_floor,4500,,,733.0,733.5,0.5
1,688100,5231.5,intrinsic_floor,4500,,,731.0,731.5,0.5
1,688200,5233.5,intrinsic_floor,4500,,,733.0,733.5,0.5
1,688300,5233.5,intrinsic_floor,4000,,,1233.0,1233.5,0.5
1,688300,5233.5,intrinsic_floor,4500,,,733.0,733.5,0.5
1,688400,5234.5,intrinsic_floor,4000,,,1233.5,1234.5,1.0
1,688400,5234.5,intrinsic_floor,4500,,,734.0,734.5,0.5
1,688500,5234.5,intrinsic_floor,4500,,,734.0,734.5,0.5
1,688800,5236.5,intrinsic_floor,4500,,,736.0,736.5,0.5
1,689400,5235.5,intrinsic_floor,4000,,,1234.5,1235.5,1.0
1,689400,5235.5,intrinsic_floor,4500,,,735.0,735.5,0.5
1,689500,5236.5,intrinsic_floor,4000,,,1235.5,1236.5,1.0
1,689500,5236.5,intrinsic_floor,4500,,,736.0,736.5,0.5
1,689600,5237.5,intrinsic_floor,4500,,,737.0,737.5,0.5
1,689800,5238.5,intrinsic_floor,4500,,,738.0,738.5,0.5
1,689900,5237.5,intrinsic_floor,4500,,,737.0,737.5,0.5
1,690500,5239.5,intrinsic_floor,4500,,,739.0,739.5,0.5
1,691700,5240.5,intrinsic_floor,4000,,,1239.5,1240.5,1.0
1,691700,5240.5,intrinsic_floor,4500,,,740.0,740.5,0.5
1,691900,5236.5,intrinsic_floor,4500,,,736.0,736.5,0.5
1,692100,5235.5,intrinsic_floor,4500,,,735.0,735.5,0.5
1,692300,5236.5,intrinsic_floor,4000,,,1236.0,1236.5,0.5
1,692300,5236.5,intrinsic_floor,4500,,,736.0,736.5,0.5
1,692800,5234.5,intrinsic_floor,4500,,,734.0,734.5,0.5
1,692900,5235.0,intrinsic_floor,4000,,,1233.5,1235.0,1.5
1,692900,5235.0,intrinsic_floor,4500,,,734.0,735.0,1.0
1,693300,5234.5,intrinsic_floor,4500,,,734.0,734.5,0.5
1,693700,5235.5,intrinsic_floor,4500,,,735.0,735.5,0.5
1,693900,5238.0,intrinsic_floor,4000,,,1237.0,1238.0,1.0
1,693900,5238.0,intrinsic_floor,4500,,,737.0,738.0,1.0
1,694200,5238.5,intrinsic_floor,4500,,,738.0,738.5,0.5
1,694300,5238.5,intrinsic_floor,4500,,,738.0,738.5,0.5
1,694500,5238.5,intrinsic_floor,4500,,,738.0,738.5,0.5
1,694600,5239.5,intrinsic_floor,4500,,,739.0,739.5,0.5
1,695300,5243.5,intrinsic_floor,4500,,,743.0,743.5,0.5
1,695400,5243.5,intrinsic_floor,4500,,,743.0,743.5,0.5
1,696000,5239.0,intrinsic_floor,4000,,,1237.5,1239.0,1.5
1,696000,5239.0,intrinsic_floor,4500,,,738.0,739.0,1.0
1,696200,5238.5,intrinsic_floor,4500,,,738.0,738.5,0.5
1,696600,5238.5,intrinsic_floor,4500,,,738.0,738.5,0.5
1,697400,5237.5,intrinsic_floor,4500,,,737.0,737.5,0.5
1,697600,5237.5,intrinsic_floor,4500,,,737.0,737.5,0.5
1,698500,5233.5,intrinsic_floor,4500,,,733.0,733.5,0.5
1,698600,5235.5,intrinsic_floor,4500,,,735.0,735.5,0.5
1,699100,5232.5,intrinsic_floor,4000,,,1232.0,1232.5,0.5
1,699100,5232.5,intrinsic_floor,4500,,,732.0,732.5,0.5
1,699200,5233.5,intrinsic_floor,4500,,,733.0,733.5,0.5
1,699400,5235.5,intrinsic_floor,4500,,,735.0,735.5,0.5
1,699900,5238.5,intrinsic_floor,4500,,,738.0,738.5,0.5
1,700100,5237.5,intrinsic_floor,4000,,,1236.5,1237.5,1.0
1,700100,5237.5,intrinsic_floor,4500,,,737.0,737.5,0.5
1,700200,5237.5,intrinsic_floor,4500,,,737.0,737.5,0.5
1,700300,5239.5,intrinsic_floor,4500,,,739.0,739.5,0.5
1,700400,5241.5,intrinsic_floor,4500,,,741.0,741.5,0.5
1,701000,5241.5,intrinsic_floor,4500,,,741.0,741.5,0.5
1,701100,5243.0,intrinsic_floor,4000,,,1242.5,1243.0,0.5
1,701200,5242.5,intrinsic_floor,4000,,,1237.0,1242.5,5.5
1,701200,5242.5,intrinsic_floor,4500,,,738.0,742.5,4.5
1,701300,5243.0,intrinsic_floor,4000,,,1242.5,1243.0,0.5
1,701400,5243.5,intrinsic_floor,4500,,,743.0,743.5,0.5
1,701500,5243.5,intrinsic_floor,4500,,,743.0,743.5,0.5
1,701600,5242.5,intrinsic_floor,4500,,,742.0,742.5,0.5
1,701900,5243.0,intrinsic_floor,4000,,,1242.5,1243.0,0.5
1,702100,5243.5,intrinsic_floor,4500,,,743.0,743.5,0.5
1,702200,5244.0,intrinsic_floor,4000,,,1243.5,1244.0,0.5
1,702300,5245.5,intrinsic_floor,4500,,,745.0,745.5,0.5
1,702500,5245.5,intrinsic_floor,4500,,,745.0,745.5,0.5
1,702900,5250.5,intrinsic_floor,4500,,,750.0,750.5,0.5
1,703200,5250.5,intrinsic_floor,4000,,,1245.0,1250.5,5.5
1,703200,5250.5,intrinsic_floor,4500,,,746.0,750.5,4.5
1,703500,5251.5,intrinsic_floor,4500,,,751.0,751.5,0.5
1,703600,5252.5,intrinsic_floor,4500,,,752.0,752.5,0.5
1,703700,5253.5,intrinsic_floor,4500,,,753.0,753.5,0.5
1,703800,5254.5,intrinsic_floor,4500,,,754.0,754.5,0.5
1,704200,5256.5,intrinsic_floor,4500,,,756.0,756.5,0.5
1,704400,5255.5,intrinsic_floor,4500,,,755.0,755.5,0.5
1,704700,5254.5,intrinsic_floor,4500,,,754.0,754.5,0.5
1,705000,5252.5,intrinsic_floor,4500,,,752.0,752.5,0.5
1,705100,5254.5,intrinsic_floor,4000,,,1253.5,1254.5,1.0
1,705100,5254.5,intrinsic_floor,4500,,,753.0,754.5,1.5
1,705900,5256.5,intrinsic_floor,4000,,,1255.5,1256.5,1.0
1,705900,5256.5,intrinsic_floor,4500,,,756.0,756.5,0.5
1,706000,5258.0,intrinsic_floor,4000,,,1256.5,1258.0,1.5
1,706000,5258.0,intrinsic_floor,4500,,,756.5,758.0,1.5
1,706200,5258.5,intrinsic_floor,4500,,,758.0,758.5,0.5
1,706300,5258.5,intrinsic_floor,4500,,,758.0,758.5,0.5
1,707000,5258.5,intrinsic_floor,4500,,,758.0,758.5,0.5
1,707100,5257.5,intrinsic_floor,4500,,,757.0,757.5,0.5
1,707200,5259.0,intrinsic_floor,4000,,,1257.5,1259.0,1.5
1,707200,5259.0,intrinsic_floor,4500,,,758.0,759.0,1.0
1,707300,5256.5,intrinsic_floor,4500,,,756.0,756.5,0.5
1,707400,5257.5,intrinsic_floor,4500,,,757.0,757.5,0.5
1,707500,5256.5,intrinsic_floor,4500,,,756.0,756.5,0.5
1,708000,5251.5,intrinsic_floor,4500,,,751.0,751.5,0.5
1,708200,5253.0,intrinsic_floor,4000,,,1252.5,1253.0,0.5
1,708300,5252.5,intrinsic_floor,4500,,,752.0,752.5,0.5
1,708500,5252.5,intrinsic_floor,4500,,,752.0,752.5,0.5
1,708700,5252.5,intrinsic_floor,4500,,,752.0,752.5,0.5
1,708800,5251.0,intrinsic_floor,4000,,,1250.5,1251.0,0.5
1,709000,5253.5,intrinsic_floor,4500,,,753.0,753.5,0.5
1,709100,5253.5,intrinsic_floor,4500,,,753.0,753.5,0.5
1,709200,5254.5,intrinsic_floor,4500,,,754.0,754.5,0.5
1,709300,5254.5,intrinsic_floor,4500,,,754.0,754.5,0.5
1,709700,5252.5,intrinsic_floor,4500,,,752.0,752.5,0.5
1,710400,5257.5,intrinsic_floor,4500,,,757.0,757.5,0.5
1,710500,5256.5,intrinsic_floor,4000,,,1251.0,1256.5,5.5
1,710500,5256.5,intrinsic_floor,4500,,,752.5,756.5,4.0
1,710900,5259.5,intrinsic_floor,4500,,,759.0,759.5,0.5
1,711000,5258.5,intrinsic_floor,4500,,,758.0,758.5,0.5
1,711200,5258.5,intrinsic_floor,4500,,,758.0,758.5,0.5
1,711300,5260.5,intrinsic_floor,4500,,,760.0,760.5,0.5
1,712500,5262.5,intrinsic_floor,4500,,,762.0,762.5,0.5
1,712800,5263.5,intrinsic_floor,4500,,,763.0,763.5,0.5
1,712900,5264.5,intrinsic_floor,4500,,,764.0,764.5,0.5
1,714500,5271.5,intrinsic_floor,4500,,,771.0,771.5,0.5
1,714800,5269.5,intrinsic_floor,4500,,,769.0,769.5,0.5
1,715000,5269.5,intrinsic_floor,4000,,,1264.0,1269.5,5.5
1,715000,5269.5,intrinsic_floor,4500,,,765.0,769.5,4.5
1,715300,5270.5,intrinsic_floor,4000,,,1270.0,1270.5,0.5
1,715300,5270.5,intrinsic_floor,4500,,,770.0,770.5,0.5
1,715800,5272.5,intrinsic_floor,4000,,,1272.0,1272.5,0.5
1,715800,5272.5,intrinsic_floor,4500,,,772.0,772.5,0.5
1,716200,5273.5,intrinsic_floor,4500,,,773.0,773.5,0.5
1,716300,5273.5,intrinsic_floor,4000,,,1273.0,1273.5,0.5
1,716300,5273.5,intrinsic_floor,4500,,,773.0,773.5,0.5
1,717000,5271.5,intrinsic_floor,4500,,,771.0,771.5,0.5
1,717500,5270.5,intrinsic_floor,4500,,,770.0,770.5,0.5
1,718000,5268.5,intrinsic_floor,4500,,,768.0,768.5,0.5
1,718100,5266.5,intrinsic_floor,4000,,,1266.0,1266.5,0.5
1,718100,5266.5,intrinsic_floor,4500,,,766.0,766.5,0.5
1,718800,5268.0,intrinsic_floor,4000,,,1267.0,1268.0,1.0
1,718800,5268.0,intrinsic_floor,4500,,,767.0,768.0,1.0
1,718900,5267.5,intrinsic_floor,4500,,,767.0,767.5,0.5
1,719200,5267.5,intrinsic_floor,4500,,,767.0,767.5,0.5
1,719700,5266.5,intrinsic_floor,4500,,,766.0,766.5,0.5
1,720300,5266.5,intrinsic_floor,4000,,,1265.5,1266.5,1.0
1,720300,5266.5,intrinsic_floor,4500,,,766.0,766.5,0.5
1,720400,5267.5,intrinsic_floor,4000,,,1266.5,1267.5,1.0
1,720400,5267.5,intrinsic_floor,4500,,,766.5,767.5,1.0
1,720500,5266.5,intrinsic_floor,4000,,,1261.0,1266.5,5.5
1,720500,5266.5,intrinsic_floor,4500,,,762.0,766.5,4.5
1,720700,5266.5,intrinsic_floor,4500,,,766.0,766.5,0.5
1,721000,5265.5,intrinsic_floor,4500,,,765.0,765.5,0.5
1,721200,5265.5,intrinsic_floor,4500,,,765.0,765.5,0.5
1,721700,5264.5,intrinsic_floor,4500,,,764.0,764.5,0.5
1,722000,5262.5,intrinsic_floor,4500,,,762.0,762.5,0.5
1,722500,5263.5,intrinsic_floor,4500,,,763.0,763.5,0.5
1,722700,5265.5,intrinsic_floor,4500,,,765.0,765.5,0.5
1,722800,5265.5,intrinsic_floor,4500,,,765.0,765.5,0.5
1,723000,5265.5,intrinsic_floor,4500,,,765.0,765.5,0.5
1,724000,5270.5,intrinsic_floor,4000,,,1269.5,1270.5,1.0
1,724000,5270.5,intrinsic_floor,4500,,,769.0,770.5,1.5
1,724200,5269.5,intrinsic_floor,4500,,,769.0,769.5,0.5
1,724500,5270.5,intrinsic_floor,4000,,,1269.0,1270.5,1.5
1,724500,5270.5,intrinsic_floor,4500,,,769.0,770.5,1.5
1,725000,5266.5,intrinsic_floor,4000,,,1261.0,1266.5,5.5
1,725000,5266.5,intrinsic_floor,4500,,,762.0,766.5,4.5
1,725300,5266.5,intrinsic_floor,4500,,,766.0,766.5,0.5
1,726000,5261.5,intrinsic_floor,4500,,,761.0,761.5,0.5
1,726100,5263.5,intrinsic_floor,4500,,,763.0,763.5,0.5
1,726700,5258.5,intrinsic_floor,4500,,,758.0,758.5,0.5
1,727300,5260.0,intrinsic_floor,4000,,,1259.0,1260.0,1.0
1,727300,5260.0,intrinsic_floor,4500,,,759.0,760.0,1.0
1,727600,5257.5,intrinsic_floor,4500,,,757.0,757.5,0.5
1,727800,5258.5,intrinsic_floor,4500,,,758.0,758.5,0.5
1,727900,5259.5,intrinsic_floor,4500,,,759.0,759.5,0.5
1,728500,5259.5,intrinsic_floor,4500,,,759.0,759.5,0.5
1,728800,5260.5,intrinsic_floor,4500,,,760.0,760.5,0.5
1,729000,5260.5,intrinsic_floor,4500,,,760.0,760.5,0.5
1,729300,5261.0,intrinsic_floor,4000,,,1260.5,1261.0,0.5
1,729500,5264.5,intrinsic_floor,4000,,,1264.0,1264.5,0.5
1,729500,5264.5,intrinsic_floor,4500,,,764.0,764.5,0.5
1,730500,5268.5,intrinsic_floor,4500,,,768.0,768.5,0.5
1,732200,5280.5,intrinsic_floor,4000,,,1280.0,1280.5,0.5
1,732200,5280.5,intrinsic_floor,4500,,,780.0,780.5,0.5
1,732400,5282.5,intrinsic_floor,4000,,,1281.5,1282.5,1.0
1,732400,5282.5,intrinsic_floor,4500,,,781.5,782.5,1.0
1,732700,5279.5,intrinsic_floor,4000,,,1279.0,1279.5,0.5
1,732700,5279.5,intrinsic_floor,4500,,,779.0,779.5,0.5
1,733000,5278.5,intrinsic_floor,4000,,,1278.0,1278.5,0.5
1,733000,5278.5,intrinsic_floor,4500,,,778.0,778.5,0.5
1,733100,5279.5,intrinsic_floor,4000,,,1279.0,1279.5,0.5
1,733100,5279.5,intrinsic_floor,4500,,,779.0,779.5,0.5
1,733200,5280.5,intrinsic_floor,4000,,,1280.0,1280.5,0.5
1,733400,5280.5,intrinsic_floor,4000,,,1280.0,1280.5,0.5
1,733400,5280.5,intrinsic_floor,4500,,,780.0,780.5,0.5
1,733700,5280.5,intrinsic_floor,4000,,,1280.0,1280.5,0.5
1,733700,5280.5,intrinsic_floor,4500,,,780.0,780.5,0.5
1,733800,5282.5,intrinsic_floor,4000,,,1282.0,1282.5,0.5
1,733800,5282.5,intrinsic_floor,4500,,,782.0,782.5,0.5
1,735100,5281.5,intrinsic_floor,4000,,,1276.0,1281.5,5.5
1,735100,5281.5,intrinsic_floor,4500,,,777.0,781.5,4.5
1,735800,5279.5,intrinsic_floor,4000,,,1279.0,1279.5,0.5
1,735800,5279.5,intrinsic_floor,4500,,,779.0,779.5,0.5
1,737100,5273.5,intrinsic_floor,4500,,,773.0,773.5,0.5
1,737300,5273.5,intrinsic_floor,4500,,,773.0,773.5,0.5
1,738300,5271.5,intrinsic_floor,4000,,,1271.0,1271.5,0.5
1,738300,5271.5,intrinsic_floor,4500,,,771.0,771.5,0.5
1,738700,5271.5,intrinsic_floor,4000,,,1271.0,1271.5,0.5
1,738700,5271.5,intrinsic_floor,4500,,,771.0,771.5,0.5
1,739100,5270.5,intrinsic_floor,4500,,,770.0,770.5,0.5
1,739200,5271.5,intrinsic_floor,4500,,,771.0,771.5,0.5
1,739500,5268.5,intrinsic_floor,4500,,,768.0,768.5,0.5
1,739600,5267.5,intrinsic_floor,4500,,,767.0,767.5,0.5
1,739800,5265.5,intrinsic_floor,4500,,,765.0,765.5,0.5
1,740000,5264.5,intrinsic_floor,4500,,,764.0,764.5,0.5
1,740100,5262.5,intrinsic_floor,4500,,,762.0,762.5,0.5
1,740600,5262.5,intrinsic_floor,4500,,,762.0,762.5,0.5
1,741600,5265.5,intrinsic_floor,4500,,,765.0,765.5,0.5
1,741700,5265.5,intrinsic_floor,4500,,,765.0,765.5,0.5
1,741900,5265.5,intrinsic_floor,4000,,,1260.0,1265.5,5.5
1,741900,5265.5,intrinsic_floor,4500,,,761.5,765.5,4.0
1,742200,5265.5,intrinsic_floor,4000,,,1264.5,1265.5,1.0
1,742200,5265.5,intrinsic_floor,4500,,,764.5,765.5,1.0
1,743000,5266.5,intrinsic_floor,4500,,,766.0,766.5,0.5
1,743100,5266.5,intrinsic_floor,4000,,,1266.0,1266.5,0.5
1,743100,5266.5,intrinsic_floor,4500,,,766.0,766.5,0.5
1,743600,5269.5,intrinsic_floor,4500,,,769.0,769.5,0.5
1,743700,5268.5,intrinsic_floor,4500,,,768.0,768.5,0.5
1,744300,5274.5,intrinsic_floor,4000,,,1274.0,1274.5,0.5
1,744300,5274.5,intrinsic_floor,4500,,,774.0,774.5,0.5
1,744500,5275.5,intrinsic_floor,4000,,,1274.5,1275.5,1.0
1,744500,5275.5,intrinsic_floor,4500,,,774.5,775.5,1.0
1,744600,5277.0,intrinsic_floor,4000,,,1275.5,1277.0,1.5
1,744600,5277.0,intrinsic_floor,4500,,,775.5,777.0,1.5
1,744700,5276.5,intrinsic_floor,4000,,,1276.0,1276.5,0.5
1,744700,5276.5,intrinsic_floor,4500,,,776.0,776.5,0.5
1,745100,5278.5,intrinsic_floor,4000,,,1278.0,1278.5,0.5
1,745100,5278.5,intrinsic_floor,4500,,,778.0,778.5,0.5
1,745300,5279.5,intrinsic_floor,4000,,,1279.0,1279.5,0.5
1,745300,5279.5,intrinsic_floor,4500,,,779.0,779.5,0.5
1,746300,5277.0,intrinsic_floor,4000,,,1271.0,1277.0,6.0
1,746300,5277.0,intrinsic_floor,4500,,,772.5,777.0,4.5
1,746600,5278.5,intrinsic_floor,4000,,,1278.0,1278.5,0.5
1,746600,5278.5,intrinsic_floor,4500,,,778.0,778.5,0.5
1,747200,5276.5,intrinsic_floor,4000,,,1276.0,1276.5,0.5
1,747200,5276.5,intrinsic_floor,4500,,,776.0,776.5,0.5
1,747500,5273.5,intrinsic_floor,4500,,,773.0,773.5,0.5
1,747600,5273.5,intrinsic_floor,4000,,,1272.5,1273.5,1.0
1,747600,5273.5,intrinsic_floor,4500,,,772.5,773.5,1.0
1,750500,5270.5,intrinsic_floor,4000,,,1270.0,1270.5,0.5
1,750500,5270.5,intrinsic_floor,4500,,,770.0,770.5,0.5
1,750900,5269.5,intrinsic_floor,4500,,,769.0,769.5,0.5
1,751200,5268.5,intrinsic_floor,4500,,,768.0,768.5,0.5
1,751400,5267.5,intrinsic_floor,4500,,,767.0,767.5,0.5
1,751800,5269.5,intrinsic_floor,4000,,,1269.0,1269.5,0.5
1,751800,5269.5,intrinsic_floor,4500,,,769.0,769.5,0.5
1,751900,5269.5,intrinsic_floor,4000,,,1269.0,1269.5,0.5
1,751900,5269.5,intrinsic_floor,4500,,,769.0,769.5,0.5
1,752000,5270.5,intrinsic_floor,4000,,,1269.5,1270.5,1.0
1,752000,5270.5,intrinsic_floor,4500,,,769.5,770.5,1.0
1,752300,5270.5,intrinsic_floor,4500,,,770.0,770.5,0.5
1,753000,5265.5,intrinsic_floor,4500,,,765.0,765.5,0.5
1,754200,5260.5,intrinsic_floor,4000,,,1255.0,1260.5,5.5
1,754200,5260.5,intrinsic_floor,4500,,,756.0,760.5,4.5
1,754500,5261.5,intrinsic_floor,4500,,,761.0,761.5,0.5
1,754900,5263.5,intrinsic_floor,4500,,,763.0,763.5,0.5
1,755100,5262.5,intrinsic_floor,4500,,,762.0,762.5,0.5
1,755200,5262.5,intrinsic_floor,4000,,,1261.5,1262.5,1.0
1,755200,5262.5,intrinsic_floor,4500,,,761.0,762.5,1.5
1,755900,5263.5,intrinsic_floor,4500,,,763.0,763.5,0.5
1,756200,5265.5,intrinsic_floor,4000,,,1264.5,1265.5,1.0
1,756200,5265.5,intrinsic_floor,4500,,,764.5,765.5,1.0
1,756700,5264.5,intrinsic_floor,4500,,,764.0,764.5,0.5
1,756800,5265.5,intrinsic_floor,4500,,,765.0,765.5,0.5
1,757500,5269.5,intrinsic_floor,4500,,,769.0,769.5,0.5
1,758000,5271.5,intrinsic_floor,4000,,,1271.0,1271.5,0.5
1,758000,5271.5,intrinsic_floor,4500,,,771.0,771.5,0.5
1,758100,5273.5,intrinsic_floor,4000,,,1273.0,1273.5,0.5
1,758100,5273.5,intrinsic_floor,4500,,,773.0,773.5,0.5
1,759000,5274.5,intrinsic_floor,4000,,,1274.0,1274.5,0.5
1,759000,5274.5,intrinsic_floor,4500,,,774.0,774.5,0.5
1,759500,5277.5,intrinsic_floor,4000,,,1277.0,1277.5,0.5
1,759500,5277.5,intrinsic_floor,4500,,,777.0,777.5,0.5
1,759800,5276.5,intrinsic_floor,4000,,,1276.0,1276.5,0.5
1,759800,5276.5,intrinsic_floor,4500,,,776.0,776.5,0.5
1,760000,5276.5,intrinsic_floor,4000,,,1271.0,1276.5,5.5
1,760000,5276.5,intrinsic_floor,4500,,,772.0,776.5,4.5
1,761000,5272.5,intrinsic_floor,4500,,,772.0,772.5,0.5
1,761800,5274.5,intrinsic_floor,4000,,,1273.5,1274.5,1.0
1,761800,5274.5,intrinsic_floor,4500,,,773.0,774.5,1.5
1,762900,5272.5,intrinsic_floor,4000,,,1272.0,1272.5,0.5
1,762900,5272.5,intrinsic_floor,4500,,,772.0,772.5,0.5
1,763100,5270.5,intrinsic_floor,4500,,,770.0,770.5,0.5
1,763500,5270.5,intrinsic_floor,4500,,,770.0,770.5,0.5
1,764300,5269.5,intrinsic_floor,4000,,,1269.0,1269.5,0.5
1,764300,5269.5,intrinsic_floor,4500,,,769.0,769.5,0.5
1,765600,5269.5,intrinsic_floor,4500,,,769.0,769.5,0.5
1,766200,5271.5,intrinsic_floor,4500,,,771.0,771.5,0.5
1,767100,5274.5,intrinsic_floor,4000,,,1274.0,1274.5,0.5
1,767100,5274.5,intrinsic_floor,4500,,,774.0,774.5,0.5
1,768700,5272.5,intrinsic_floor,4000,,,1272.0,1272.5,0.5
1,768700,5272.5,intrinsic_floor,4500,,,772.0,772.5,0.5
1,769700,5269.5,intrinsic_floor,4500,,,769.0,769.5,0.5
1,770000,5267.5,intrinsic_floor,4000,,,1267.0,1267.5,0.5
1,770000,5267.5,intrinsic_floor,4500,,,767.0,767.5,0.5
1,770300,5269.5,intrinsic_floor,4000,,,1269.0,1269.5,0.5
1,770300,5269.5,intrinsic_floor,4500,,,769.0,769.5,0.5
1,770400,5268.5,intrinsic_floor,4500,,,768.0,768.5,0.5
1,770600,5267.5,intrinsic_floor,4000,,,1267.0,1267.5,0.5
1,770600,5267.5,intrinsic_floor,4500,,,767.0,767.5,0.5
1,770800,5268.5,intrinsic_floor,4000,,,1268.0,1268.5,0.5
1,770800,5268.5,intrinsic_floor,4500,,,768.0,768.5,0.5
1,770900,5269.5,intrinsic_floor,4000,,,1268.5,1269.5,1.0
1,770900,5269.5,intrinsic_floor,4500,,,768.5,769.5,1.0
1,771200,5265.5,intrinsic_floor,4500,,,765.0,765.5,0.5
1,771300,5264.5,intrinsic_floor,4500,,,764.0,764.5,0.5
1,771600,5262.5,intrinsic_floor,4500,,,762.0,762.5,0.5
1,772000,5262.5,intrinsic_floor,4500,,,762.0,762.5,0.5
1,772200,5263.5,intrinsic_floor,4500,,,763.0,763.5,0.5
1,772800,5260.5,intrinsic_floor,4500,,,760.0,760.5,0.5
1,773100,5261.5,intrinsic_floor,4500,,,761.0,761.5,0.5
1,773300,5259.5,intrinsic_floor,4500,,,759.0,759.5,0.5
1,773800,5261.5,intrinsic_floor,4000,,,1260.5,1261.5,1.0
1,773800,5261.5,intrinsic_floor,4500,,,760.0,761.5,1.5
1,774200,5262.0,intrinsic_floor,4000,,,1261.5,1262.0,0.5
1,774800,5262.5,intrinsic_floor,4500,,,762.0,762.5,0.5
1,775200,5260.5,intrinsic_floor,4500,,,760.0,760.5,0.5
1,775300,5260.5,intrinsic_floor,4500,,,760.0,760.5,0.5
1,775700,5261.5,intrinsic_floor,4500,,,761.0,761.5,0.5
1,775800,5261.5,intrinsic_floor,4500,,,761.0,761.5,0.5
1,776100,5262.5,intrinsic_floor,4500,,,762.0,762.5,0.5
1,776300,5264.5,intrinsic_floor,4500,,,764.0,764.5,0.5
1,776500,5266.5,intrinsic_floor,4000,,,1266.0,1266.5,0.5
1,776500,5266.5,intrinsic_floor,4500,,,766.0,766.5,0.5
1,776700,5267.5,intrinsic_floor,4500,,,767.0,767.5,0.5
1,776800,5267.5,intrinsic_floor,4500,,,767.0,767.5,0.5
1,776900,5266.5,intrinsic_floor,4000,,,1265.5,1266.5,1.0
1,776900,5266.5,intrinsic_floor,4500,,,766.0,766.5,0.5
1,777600,5267.5,intrinsic_floor,4500,,,767.0,767.5,0.5
1,778400,5268.5,intrinsic_floor,4000,,,1268.0,1268.5,0.5
1,778400,5268.5,intrinsic_floor,4500,,,768.0,768.5,0.5
1,780900,5258.5,intrinsic_floor,4500,,,758.0,758.5,0.5
1,781300,5259.5,intrinsic_floor,4500,,,759.0,759.5,0.5
1,781400,5258.5,intrinsic_floor,4500,,,758.0,758.5,0.5
1,781500,5258.5,intrinsic_floor,4500,,,758.0,758.5,0.5
1,781700,5256.5,intrinsic_floor,4500,,,756.0,756.5,0.5
1,781800,5258.5,intrinsic_floor,4000,,,1257.5,1258.5,1.0
1,781800,5258.5,intrinsic_floor,4500,,,758.0,758.5,0.5
1,782100,5260.5,intrinsic_floor,4500,,,760.0,760.5,0.5
1,782600,5259.5,intrinsic_floor,4500,,,759.0,759.5,0.5
1,784000,5259.5,intrinsic_floor,4500,,,759.0,759.5,0.5
1,784100,5261.0,intrinsic_floor,4000,,,1259.5,1261.0,1.5
1,784100,5261.0,intrinsic_floor,4500,,,760.0,761.0,1.0
1,784500,5257.5,intrinsic_floor,4500,,,757.0,757.5,0.5
1,784800,5256.0,intrinsic_floor,4000,,,1255.5,1256.0,0.5
1,785100,5255.5,intrinsic_floor,4500,,,755.0,755.5,0.5
1,785300,5254.5,intrinsic_floor,4500,,,754.0,754.5,0.5
1,785400,5254.5,intrinsic_floor,4500,,,754.0,754.5,0.5
1,785800,5254.5,intrinsic_floor,4000,,,1249.0,1254.5,5.5
1,785800,5254.5,intrinsic_floor,4500,,,750.5,754.5,4.0
1,785900,5255.5,intrinsic_floor,4500,,,755.0,755.5,0.5
1,786300,5253.0,intrinsic_floor,4000,,,1252.5,1253.0,0.5
1,786400,5254.5,intrinsic_floor,4500,,,754.0,754.5,0.5
1,786500,5255.5,intrinsic_floor,4500,,,755.0,755.5,0.5
1,787400,5258.0,intrinsic_floor,4000,,,1257.5,1258.0,0.5
1,787600,5259.5,intrinsic_floor,4000,,,1258.5,1259.5,1.0
1,787600,5259.5,intrinsic_floor,4500,,,758.0,759.5,1.5
1,787800,5258.5,intrinsic_floor,4500,,,758.0,758.5,0.5
1,788100,5259.5,intrinsic_floor,4500,,,759.0,759.5,0.5
1,789100,5260.5,intrinsic_floor,4000,,,1259.5,1260.5,1.0
1,789100,5260.5,intrinsic_floor,4500,,,760.0,760.5,0.5
1,789400,5261.5,intrinsic_floor,4500,,,761.0,761.5,0.5
1,789700,5263.5,intrinsic_floor,4500,,,763.0,763.5,0.5
1,789900,5265.5,intrinsic_floor,4500,,,765.0,765.5,0.5
1,790600,5263.5,intrinsic_floor,4500,,,763.0,763.5,0.5
1,790800,5263.5,intrinsic_floor,4500,,,763.0,763.5,0.5
1,790900,5262.5,intrinsic_floor,4500,,,762.0,762.5,0.5
1,791100,5262.5,intrinsic_floor,4500,,,762.0,762.5,0.5
1,791500,5259.5,intrinsic_floor,4500,,,759.0,759.5,0.5
1,791600,5259.5,intrinsic_floor,4500,,,759.0,759.5,0.5
1,792200,5261.0,intrinsic_floor,4000,,,1260.0,1261.0,1.0
1,792200,5261.0,intrinsic_floor,4500,,,760.0,761.0,1.0
1,792500,5255.5,intrinsic_floor,4500,,,755.0,755.5,0.5
1,792600,5257.5,intrinsic_floor,4000,,,1256.5,1257.5,1.0
1,792600,5257.5,intrinsic_floor,4500,,,756.0,757.5,1.5
1,792800,5256.5,intrinsic_floor,4500,,,756.0,756.5,0.5
1,792900,5257.0,intrinsic_floor,4000,,,1256.5,1257.0,0.5
1,794000,5254.0,intrinsic_floor,4000,,,1253.5,1254.0,0.5
1,794300,5254.5,intrinsic_floor,4500,,,754.0,754.5,0.5
1,794400,5253.5,intrinsic_floor,4000,,,1252.5,1253.5,1.0
1,794400,5253.5,intrinsic_floor,4500,,,752.0,753.5,1.5
1,794500,5253.5,intrinsic_floor,4500,,,753.0,753.5,0.5
1,794600,5254.0,intrinsic_floor,4000,,,1253.5,1254.0,0.5
1,794700,5255.0,intrinsic_floor,4000,,,1254.5,1255.0,0.5
1,794800,5256.5,intrinsic_floor,4000,,,1255.5,1256.5,1.0
1,794800,5256.5,intrinsic_floor,4500,,,755.0,756.5,1.5
1,794900,5253.5,intrinsic_floor,4500,,,753.0,753.5,0.5
1,795100,5253.0,intrinsic_floor,4000,,,1252.5,1253.0,0.5
1,795300,5253.5,intrinsic_floor,4500,,,753.0,753.5,0.5
1,796100,5253.5,intrinsic_floor,4500,,,753.0,753.5,0.5
1,796200,5254.5,intrinsic_floor,4500,,,754.0,754.5,0.5
1,796300,5253.5,intrinsic_floor,4500,,,753.0,753.5,0.5
1,796400,5254.5,intrinsic_floor,4500,,,754.0,754.5,0.5
1,796500,5252.5,intrinsic_floor,4500,,,752.0,752.5,0.5
1,796600,5253.5,intrinsic_floor,4500,,,753.0,753.5,0.5
1,796800,5254.5,intrinsic_floor,4500,,,754.0,754.5,0.5
1,796900,5252.5,intrinsic_floor,4500,,,752.0,752.5,0.5
1,797100,5254.5,intrinsic_floor,4500,,,754.0,754.5,0.5
1,797200,5254.0,intrinsic_floor,4000,,,1253.5,1254.0,0.5
1,797900,5254.5,intrinsic_floor,4500,,,754.0,754.5,0.5
1,798100,5255.5,intrinsic_floor,4000,,,1250.0,1255.5,5.5
1,798100,5255.5,intrinsic_floor,4500,,,751.0,755.5,4.5
1,798200,5255.5,intrinsic_floor,4500,,,755.0,755.5,0.5
1,798300,5255.5,intrinsic_floor,4500,,,755.0,755.5,0.5
1,798400,5255.5,intrinsic_floor,4500,,,755.0,755.5,0.5
1,798500,5256.5,intrinsic_floor,4500,,,756.0,756.5,0.5
1,798600,5256.5,intrinsic_floor,4000,,,1255.5,1256.5,1.0
1,798600,5256.5,intrinsic_floor,4500,,,755.0,756.5,1.5
1,798900,5252.5,intrinsic_floor,4500,,,752.0,752.5,0.5
1,799100,5253.5,intrinsic_floor,4500,,,753.0,753.5,0.5
1,799300,5252.5,intrinsic_floor,4500,,,752.0,752.5,0.5
1,799500,5253.5,intrinsic_floor,4500,,,753.0,753.5,0.5
1,799600,5253.5,intrinsic_floor,4500,,,753.0,753.5,0.5
1,799900,5251.5,intrinsic_floor,4500,,,751.0,751.5,0.5
1,800100,5251.5,intrinsic_floor,4500,,,751.0,751.5,0.5
1,800200,5251.5,intrinsic_floor,4000,,,1250.5,1251.5,1.0
1,800200,5251.5,intrinsic_floor,4500,,,750.0,751.5,1.5
1,800300,5250.5,intrinsic_floor,4500,,,750.0,750.5,0.5
1,800400,5249.5,intrinsic_floor,4000,,,1244.0,1249.5,5.5
1,800400,5249.5,intrinsic_floor,4500,,,745.0,749.5,4.5
1,800500,5248.0,intrinsic_floor,4000,,,1247.5,1248.0,0.5
1,800600,5248.5,intrinsic_floor,4500,,,748.0,748.5,0.5
1,800700,5248.5,intrinsic_floor,4500,,,748.0,748.5,0.5
1,800800,5248.5,intrinsic_floor,4500,,,748.0,748.5,0.5
1,800900,5249.5,intrinsic_floor,4000,,,1248.5,1249.5,1.0
1,800900,5249.5,intrinsic_floor,4500,,,749.0,749.5,0.5
1,801200,5248.5,intrinsic_floor,4500,,,748.0,748.5,0.5
1,801300,5249.5,intrinsic_floor,4000,,,1248.5,1249.5,1.0
1,801300,5249.5,intrinsic_floor,4500,,,748.0,749.5,1.5
1,801500,5249.5,intrinsic_floor,4500,,,749.0,749.5,0.5
1,801600,5249.5,intrinsic_floor,4500,,,749.0,749.5,0.5
1,801800,5247.5,intrinsic_floor,4000,,,1242.0,1247.5,5.5
1,801800,5247.5,intrinsic_floor,4500,,,743.5,747.5,4.0
1,801900,5245.5,intrinsic_floor,4500,,,745.0,745.5,0.5
1,802200,5245.5,intrinsic_floor,4500,,,745.0,745.5,0.5
1,802700,5239.5,intrinsic_floor,4500,,,739.0,739.5,0.5
1,803100,5238.5,intrinsic_floor,4500,,,738.0,738.5,0.5
1,803200,5239.5,intrinsic_floor,4500,,,739.0,739.5,0.5
1,804400,5241.5,intrinsic_floor,4000,,,1239.5,1241.5,2.0
1,804400,5241.5,intrinsic_floor,4500,,,740.0,741.5,1.5
1,804600,5242.0,intrinsic_floor,4000,,,1241.0,1242.0,1.0
1,804600,5242.0,intrinsic_floor,4500,,,741.0,742.0,1.0
1,804800,5240.5,intrinsic_floor,4500,,,740.0,740.5,0.5
1,805200,5240.5,intrinsic_floor,4500,,,740.0,740.5,0.5
1,805400,5241.5,intrinsic_floor,4500,,,741.0,741.5,0.5
1,805500,5244.0,intrinsic_floor,4000,,,1243.5,1244.0,0.5
1,805900,5247.5,intrinsic_floor,4500,,,747.0,747.5,0.5
1,806000,5247.5,intrinsic_floor,4500,,,747.0,747.5,0.5
1,806500,5247.0,intrinsic_floor,4000,,,1246.5,1247.0,0.5
1,806900,5249.5,intrinsic_floor,4500,,,749.0,749.5,0.5
1,807300,5251.5,intrinsic_floor,4500,,,751.0,751.5,0.5
1,807700,5249.5,intrinsic_floor,4500,,,749.0,749.5,0.5
1,807800,5249.0,intrinsic_floor,4000,,,1244.0,1249.0,5.0
1,807800,5249.0,intrinsic_floor,4500,,,745.0,749.0,4.0
1,808000,5248.5,intrinsic_floor,4500,,,748.0,748.5,0.5
1,808100,5249.5,intrinsic_floor,4500,,,749.0,749.5,0.5
1,808200,5251.5,intrinsic_floor,4500,,,751.0,751.5,0.5
1,808300,5250.5,intrinsic_floor,4500,,,750.0,750.5,0.5
1,808500,5251.5,intrinsic_floor,4500,,,751.0,751.5,0.5
1,808600,5250.5,intrinsic_floor,4500,,,750.0,750.5,0.5
1,808800,5250.5,intrinsic_floor,4500,,,750.0,750.5,0.5
1,808900,5249.5,intrinsic_floor,4500,,,749.0,749.5,0.5
1,809000,5250.5,intrinsic_floor,4500,,,750.0,750.5,0.5
1,809200,5249.5,intrinsic_floor,4500,,,749.0,749.5,0.5
1,809300,5248.5,intrinsic_floor,4500,,,748.0,748.5,0.5
1,809600,5247.5,intrinsic_floor,4500,,,747.0,747.5,0.5
1,809800,5244.5,intrinsic_floor,4500,,,744.0,744.5,0.5
1,809900,5244.5,intrinsic_floor,4500,,,744.0,744.5,0.5
1,810000,5243.0,intrinsic_floor,4000,,,1242.5,1243.0,0.5
1,810700,5241.5,intrinsic_floor,4500,,,741.0,741.5,0.5
1,811000,5237.5,intrinsic_floor,4500,,,737.0,737.5,0.5
1,811500,5236.5,intrinsic_floor,4500,,,736.0,736.5,0.5
1,811700,5237.5,intrinsic_floor,4000,,,1236.5,1237.5,1.0
1,811700,5237.5,intrinsic_floor,4500,,,736.5,737.5,1.0
1,811800,5237.5,intrinsic_floor,4000,,,1236.5,1237.5,1.0
1,811800,5237.5,intrinsic_floor,4500,,,736.5,737.5,1.0
1,812100,5236.5,intrinsic_floor,4500,,,736.0,736.5,0.5
1,812200,5234.5,intrinsic_floor,4500,,,734.0,734.5,0.5
1,812400,5235.5,intrinsic_floor,4500,,,735.0,735.5,0.5
1,812600,5235.0,intrinsic_floor,4000,,,1229.5,1235.0,5.5
1,812600,5235.0,intrinsic_floor,4500,,,730.5,735.0,4.5
1,813000,5231.5,intrinsic_floor,4000,,,1226.0,1231.5,5.5
1,813000,5231.5,intrinsic_floor,4500,,,727.5,731.5,4.0
1,813200,5231.5,intrinsic_floor,4500,,,731.0,731.5,0.5
1,813900,5229.5,intrinsic_floor,4000,,,1229.0,1229.5,0.5
1,813900,5229.5,intrinsic_floor,4500,,,729.0,729.5,0.5
1,814000,5228.5,intrinsic_floor,4500,,,728.0,728.5,0.5
1,814100,5229.5,intrinsic_floor,4000,,,1229.0,1229.5,0.5
1,814100,5229.5,intrinsic_floor,4500,,,729.0,729.5,0.5
1,814200,5229.5,intrinsic_floor,4000,,,1229.0,1229.5,0.5
1,814200,5229.5,intrinsic_floor,4500,,,729.0,729.5,0.5
1,814700,5230.5,intrinsic_floor,4500,,,730.0,730.5,0.5
1,815300,5228.5,intrinsic_floor,4500,,,728.0,728.5,0.5
1,815400,5229.5,intrinsic_floor,4000,,,1229.0,1229.5,0.5
1,815400,5229.5,intrinsic_floor,4500,,,729.0,729.5,0.5
1,815900,5232.5,intrinsic_floor,4500,,,732.0,732.5,0.5
1,816500,5230.5,intrinsic_floor,4000,,,1229.5,1230.5,1.0
1,816500,5230.5,intrinsic_floor,4500,,,729.5,730.5,1.0
1,816600,5232.5,intrinsic_floor,4500,,,732.0,732.5,0.5
1,816900,5233.5,intrinsic_floor,4500,,,733.0,733.5,0.5
1,818800,5234.5,intrinsic_floor,4000,,,1233.5,1234.5,1.0
1,818800,5234.5,intrinsic_floor,4500,,,733.0,734.5,1.5
1,819000,5230.5,intrinsic_floor,4500,,,730.0,730.5,0.5
1,819200,5232.5,intrinsic_floor,4500,,,732.0,732.5,0.5
1,819500,5233.5,intrinsic_floor,4500,,,733.0,733.5,0.5
1,819800,5237.5,intrinsic_floor,4000,,,1236.0,1237.5,1.5
1,819800,5237.5,intrinsic_floor,4500,,,736.0,737.5,1.5
1,819900,5235.5,intrinsic_floor,4500,,,735.0,735.5,0.5
1,820300,5238.5,intrinsic_floor,4000,,,1237.5,1238.5,1.0
1,820300,5238.5,intrinsic_floor,4500,,,737.5,738.5,1.0
1,820800,5243.5,intrinsic_floor,4500,,,743.0,743.5,0.5
1,821000,5241.5,intrinsic_floor,4500,,,741.0,741.5,0.5
1,821200,5243.0,intrinsic_floor,4000,,,1242.5,1243.0,0.5
1,821300,5243.5,intrinsic_floor,4500,,,743.0,743.5,0.5
1,821500,5244.5,intrinsic_floor,4000,,,1243.5,1244.5,1.0
1,821500,5244.5,intrinsic_floor,4500,,,743.5,744.5,1.0
1,821700,5245.5,intrinsic_floor,4500,,,745.0,745.5,0.5
1,821800,5245.5,intrinsic_floor,4500,,,745.0,745.5,0.5
1,822000,5242.5,intrinsic_floor,4500,,,742.0,742.5,0.5
1,822100,5242.5,intrinsic_floor,4500,,,742.0,742.5,0.5
1,822200,5243.5,intrinsic_floor,4500,,,743.0,743.5,0.5
1,822400,5243.5,intrinsic_floor,4500,,,743.0,743.5,0.5
1,822900,5245.5,intrinsic_floor,4500,,,745.0,745.5,0.5
1,823000,5246.5,intrinsic_floor,4500,,,746.0,746.5,0.5
1,823200,5246.5,intrinsic_floor,4500,,,746.0,746.5,0.5
1,823300,5248.5,intrinsic_floor,4500,,,748.0,748.5,0.5
1,823600,5248.5,intrinsic_floor,4500,,,748.0,748.5,0.5
1,823900,5249.5,intrinsic_floor,4500,,,749.0,749.5,0.5
1,824100,5250.5,intrinsic_floor,4500,,,750.0,750.5,0.5
1,824300,5249.0,intrinsic_floor,4000,,,1248.5,1249.0,0.5
1,824400,5249.5,intrinsic_floor,4500,,,749.0,749.5,0.5
1,824500,5250.5,intrinsic_floor,4500,,,750.0,750.5,0.5
1,824600,5250.5,intrinsic_floor,4500,,,750.0,750.5,0.5
1,824700,5251.5,intrinsic_floor,4500,,,751.0,751.5,0.5
1,824800,5250.5,intrinsic_floor,4000,,,1245.0,1250.5,5.5
1,824800,5250.5,intrinsic_floor,4500,,,746.0,750.5,4.5
1,824900,5250.5,intrinsic_floor,4500,,,750.0,750.5,0.5
1,825000,5250.5,intrinsic_floor,4500,,,750.0,750.5,0.5
1,825200,5249.5,intrinsic_floor,4500,,,749.0,749.5,0.5
1,825300,5250.5,intrinsic_floor,4500,,,750.0,750.5,0.5
1,825500,5250.0,intrinsic_floor,4000,,,1249.5,1250.0,0.5
1,825600,5248.5,intrinsic_floor,4500,,,748.0,748.5,0.5
1,826000,5249.5,intrinsic_floor,4500,,,749.0,749.5,0.5
1,826100,5248.5,intrinsic_floor,4500,,,748.0,748.5,0.5
1,826200,5248.5,intrinsic_floor,4500,,,748.0,748.5,0.5
1,826300,5249.0,intrinsic_floor,4000,,,1247.5,1249.0,1.5
1,826300,5249.0,intrinsic_floor,4500,,,748.0,749.0,1.0
1,826400,5247.5,intrinsic_floor,4500,,,747.0,747.5,0.5
1,826600,5246.5,intrinsic_floor,4500,,,746.0,746.5,0.5
1,826800,5246.5,intrinsic_floor,4500,,,746.0,746.5,0.5
1,827500,5244.5,intrinsic_floor,4500,,,744.0,744.5,0.5
1,827600,5243.5,intrinsic_floor,4500,,,743.0,743.5,0.5
1,829100,5238.5,intrinsic_floor,4000,,,1237.5,1238.5,1.0
1,829100,5238.5,intrinsic_floor,4500,,,737.0,738.5,1.5
1,829300,5240.5,intrinsic_floor,4500,,,740.0,740.5,0.5
1,829400,5241.5,intrinsic_floor,4500,,,741.0,741.5,0.5
1,829700,5239.5,intrinsic_floor,4500,,,739.0,739.5,0.5
1,829800,5239.5,intrinsic_floor,4500,,,739.0,739.5,0.5
1,829900,5240.5,intrinsic_floor,4000,,,1239.5,1240.5,1.0
1,829900,5240.5,intrinsic_floor,4500,,,739.0,740.5,1.5
1,830400,5239.5,intrinsic_floor,4500,,,739.0,739.5,0.5
1,830700,5241.5,intrinsic_floor,4500,,,741.0,741.5,0.5
1,830800,5241.5,intrinsic_floor,4500,,,741.0,741.5,0.5
1,830900,5241.5,intrinsic_floor,4000,,,1240.5,1241.5,1.0
1,830900,5241.5,intrinsic_floor,4500,,,740.0,741.5,1.5
1,831300,5242.5,intrinsic_floor,4500,,,742.0,742.5,0.5
1,831500,5242.5,intrinsic_floor,4500,,,742.0,742.5,0.5
1,831600,5242.5,intrinsic_floor,4500,,,742.0,742.5,0.5
1,831700,5241.5,intrinsic_floor,4000,,,1240.5,1241.5,1.0
1,831700,5241.5,intrinsic_floor,4500,,,740.5,741.5,1.0
1,832300,5241.5,intrinsic_floor,4500,,,741.0,741.5,0.5
1,832600,5242.5,intrinsic_floor,4500,,,742.0,742.5,0.5
1,832800,5240.5,intrinsic_floor,4500,,,740.0,740.5,0.5
1,833000,5241.5,intrinsic_floor,4500,,,741.0,741.5,0.5
1,833600,5246.5,intrinsic_floor,4500,,,746.0,746.5,0.5
1,833800,5247.5,intrinsic_floor,4000,,,1246.5,1247.5,1.0
1,833800,5247.5,intrinsic_floor,4500,,,746.0,747.5,1.5
1,834000,5245.5,intrinsic_floor,4500,,,745.0,745.5,0.5
1,834400,5248.0,intrinsic_floor,4000,,,1247.5,1248.0,0.5
1,834600,5246.5,intrinsic_floor,4500,,,746.0,746.5,0.5
1,834700,5245.5,intrinsic_floor,4500,,,745.0,745.5,0.5
1,834800,5245.5,intrinsic_floor,4500,,,745.0,745.5,0.5
1,835000,5246.5,intrinsic_floor,4500,,,746.0,746.5,0.5
1,835100,5247.5,intrinsic_floor,4500,,,747.0,747.5,0.5
1,835200,5249.5,intrinsic_floor,4000,,,1248.5,1249.5,1.0
1,835200,5249.5,intrinsic_floor,4500,,,748.0,749.5,1.5
1,835400,5249.5,intrinsic_floor,4500,,,749.0,749.5,0.5
1,835700,5248.0,intrinsic_floor,4000,,,1247.5,1248.0,0.5
1,835800,5247.5,intrinsic_floor,4500,,,747.0,747.5,0.5
1,835900,5247.5,intrinsic_floor,4500,,,747.0,747.5,0.5
1,836100,5247.5,intrinsic_floor,4500,,,747.0,747.5,0.5
1,836400,5249.5,intrinsic_floor,4500,,,749.0,749.5,0.5
1,836600,5248.5,intrinsic_floor,4500,,,748.0,748.5,0.5
1,836700,5249.5,intrinsic_floor,4500,,,749.0,749.5,0.5
1,836800,5249.0,intrinsic_floor,4000,,,1248.5,1249.0,0.5
1,837000,5251.5,intrinsic_floor,4500,,,751.0,751.5,0.5
1,837100,5252.5,intrinsic_floor,4500,,,752.0,752.5,0.5
1,837200,5252.5,intrinsic_floor,4500,,,752.0,752.5,0.5
1,837300,5253.0,intrinsic_floor,4000,,,1252.5,1253.0,0.5
1,837400,5253.5,intrinsic_floor,4500,,,753.0,753.5,0.5
1,837600,5254.5,intrinsic_floor,4500,,,754.0,754.5,0.5
1,837700,5254.0,intrinsic_floor,4000,,,1253.5,1254.0,0.5
1,838000,5253.0,intrinsic_floor,4000,,,1252.5,1253.0,0.5
1,838200,5252.5,intrinsic_floor,4500,,,752.0,752.5,0.5
1,838400,5251.5,intrinsic_floor,4500,,,751.0,751.5,0.5
1,838600,5253.0,intrinsic_floor,4000,,,1252.5,1253.0,0.5
1,839400,5253.5,intrinsic_floor,4500,,,753.0,753.5,0.5
1,839500,5253.5,intrinsic_floor,4500,,,753.0,753.5,0.5
1,840000,5254.5,intrinsic_floor,4500,,,754.0,754.5,0.5
1,840100,5253.5,intrinsic_floor,4500,,,753.0,753.5,0.5
1,840200,5253.5,intrinsic_floor,4500,,,753.0,753.5,0.5
1,840400,5255.5,intrinsic_floor,4500,,,755.0,755.5,0.5
1,840900,5255.0,intrinsic_floor,4000,,,1254.5,1255.0,0.5
1,841000,5253.5,intrinsic_floor,4500,,,753.0,753.5,0.5
1,841300,5255.5,intrinsic_floor,4500,,,755.0,755.5,0.5
1,841400,5256.5,intrinsic_floor,4500,,,756.0,756.5,0.5
1,841500,5257.5,intrinsic_floor,4500,,,757.0,757.5,0.5
1,841600,5257.5,intrinsic_floor,4500,,,757.0,757.5,0.5
1,841700,5258.0,intrinsic_floor,4000,,,1257.5,1258.0,0.5
1,842000,5258.0,intrinsic_floor,4000,,,1257.5,1258.0,0.5
1,842300,5256.5,intrinsic_floor,4500,,,756.0,756.5,0.5
1,842500,5257.5,intrinsic_floor,4500,,,757.0,757.5,0.5
1,842700,5257.5,intrinsic_floor,4500,,,757.0,757.5,0.5
1,842800,5258.5,intrinsic_floor,4500,,,758.0,758.5,0.5
1,842900,5257.0,intrinsic_floor,4000,,,1256.5,1257.0,0.5
1,843000,5259.5,intrinsic_floor,4000,,,1258.0,1259.5,1.5
1,843000,5259.5,intrinsic_floor,4500,,,758.0,759.5,1.5
1,843100,5257.5,intrinsic_floor,4500,,,757.0,757.5,0.5
1,843200,5258.5,intrinsic_floor,4500,,,758.0,758.5,0.5
1,843400,5257.5,intrinsic_floor,4500,,,757.0,757.5,0.5
1,844100,5260.5,intrinsic_floor,4500,,,760.0,760.5,0.5
1,844500,5258.5,intrinsic_floor,4500,,,758.0,758.5,0.5
1,844700,5257.5,intrinsic_floor,4500,,,757.0,757.5,0.5
1,845300,5257.5,intrinsic_floor,4500,,,757.0,757.5,0.5
1,846100,5262.5,intrinsic_floor,4500,,,762.0,762.5,0.5
1,846200,5261.5,intrinsic_floor,4500,,,761.0,761.5,0.5
1,846300,5262.5,intrinsic_floor,4500,,,762.0,762.5,0.5
1,846400,5261.5,intrinsic_floor,4500,,,761.0,761.5,0.5
1,846700,5260.5,intrinsic_floor,4500,,,760.0,760.5,0.5
1,846800,5262.0,intrinsic_floor,4000,,,1261.5,1262.0,0.5
1,847500,5260.5,intrinsic_floor,4500,,,760.0,760.5,0.5
1,847600,5260.5,intrinsic_floor,4500,,,760.0,760.5,0.5
1,848900,5264.5,intrinsic_floor,4000,,,1259.0,1264.5,5.5
1,848900,5264.5,intrinsic_floor,4500,,,760.0,764.5,4.5
1,849000,5265.5,intrinsic_floor,4500,,,765.0,765.5,0.5
1,849200,5266.5,intrinsic_floor,4500,,,766.0,766.5,0.5
1,849300,5267.5,intrinsic_floor,4500,,,767.0,767.5,0.5
1,849600,5267.5,intrinsic_floor,4500,,,767.0,767.5,0.5
1,849800,5264.5,intrinsic_floor,4500,,,764.0,764.5,0.5
1,850200,5263.5,intrinsic_floor,4500,,,763.0,763.5,0.5
1,850700,5262.5,intrinsic_floor,4500,,,762.0,762.5,0.5
1,850800,5262.5,intrinsic_floor,4500,,,762.0,762.5,0.5
1,851100,5261.5,intrinsic_floor,4000,,,1260.5,1261.5,1.0
1,851100,5261.5,intrinsic_floor,4500,,,760.5,761.5,1.0
1,851200,5260.5,intrinsic_floor,4000,,,1255.0,1260.5,5.5
1,851200,5260.5,intrinsic_floor,4500,,,756.0,760.5,4.5
1,851600,5261.5,intrinsic_floor,4500,,,761.0,761.5,0.5
1,851700,5262.5,intrinsic_floor,4500,,,762.0,762.5,0.5
1,852100,5267.5,intrinsic_floor,4500,,,767.0,767.5,0.5
1,853200,5269.5,intrinsic_floor,4000,,,1269.0,1269.5,0.5
1,853200,5269.5,intrinsic_floor,4500,,,769.0,769.5,0.5
1,854000,5274.5,intrinsic_floor,4000,,,1274.0,1274.5,0.5
1,854000,5274.5,intrinsic_floor,4500,,,774.0,774.5,0.5
1,856200,5272.5,intrinsic_floor,4500,,,772.0,772.5,0.5
1,856500,5271.5,intrinsic_floor,4000,,,1271.0,1271.5,0.5
1,856500,5271.5,intrinsic_floor,4500,,,771.0,771.5,0.5
1,856600,5271.5,intrinsic_floor,4000,,,1271.0,1271.5,0.5
1,856600,5271.5,intrinsic_floor,4500,,,771.0,771.5,0.5
1,856900,5272.5,intrinsic_floor,4000,,,1272.0,1272.5,0.5
1,856900,5272.5,intrinsic_floor,4500,,,772.0,772.5,0.5
1,857200,5270.5,intrinsic_floor,4500,,,770.0,770.5,0.5
1,857300,5268.5,intrinsic_floor,4500,,,768.0,768.5,0.5
1,857400,5267.5,intrinsic_floor,4500,,,767.0,767.5,0.5
1,857500,5265.5,intrinsic_floor,4500,,,765.0,765.5,0.5
1,857800,5263.5,intrinsic_floor,4500,,,763.0,763.5,0.5
1,858300,5263.5,intrinsic_floor,4500,,,763.0,763.5,0.5
1,859100,5263.5,intrinsic_floor,4500,,,763.0,763.5,0.5
1,859200,5262.5,intrinsic_floor,4500,,,762.0,762.5,0.5
1,859300,5262.5,intrinsic_floor,4500,,,762.0,762.5,0.5
1,859900,5263.5,intrinsic_floor,4500,,,763.0,763.5,0.5
1,860300,5261.5,intrinsic_floor,4500,,,761.0,761.5,0.5
1,860900,5259.5,intrinsic_floor,4500,,,759.0,759.5,0.5
1,861000,5259.5,intrinsic_floor,4500,,,759.0,759.5,0.5
1,861100,5258.5,intrinsic_floor,4500,,,758.0,758.5,0.5
1,861200,5257.5,intrinsic_floor,4500,,,757.0,757.5,0.5
1,861300,5258.5,intrinsic_floor,4500,,,758.0,758.5,0.5
1,861400,5257.5,intrinsic_floor,4500,,,757.0,757.5,0.5
1,861600,5259.5,intrinsic_floor,4500,,,759.0,759.5,0.5
1,862000,5257.5,intrinsic_floor,4000,,,1256.5,1257.5,1.0
1,862000,5257.5,intrinsic_floor,4500,,,756.5,757.5,1.0
1,862300,5255.5,intrinsic_floor,4500,,,755.0,755.5,0.5
1,863000,5255.5,intrinsic_floor,4500,,,755.0,755.5,0.5
1,863400,5255.5,intrinsic_floor,4500,,,755.0,755.5,0.5
1,864100,5254.5,intrinsic_floor,4500,,,754.0,754.5,0.5
1,864800,5258.5,intrinsic_floor,4000,,,1257.5,1258.5,1.0
1,864800,5258.5,intrinsic_floor,4500,,,757.5,758.5,1.0
1,864900,5255.5,intrinsic_floor,4500,,,755.0,755.5,0.5
1,865000,5255.5,intrinsic_floor,4500,,,755.0,755.5,0.5
1,865300,5254.5,intrinsic_floor,4500,,,754.0,754.5,0.5
1,865400,5254.0,intrinsic_floor,4000,,,1248.5,1254.0,5.5
1,865400,5254.0,intrinsic_floor,4500,,,750.0,754.0,4.0
1,866000,5254.0,intrinsic_floor,4000,,,1253.5,1254.0,0.5
1,866300,5253.5,intrinsic_floor,4500,,,753.0,753.5,0.5
1,866500,5253.5,intrinsic_floor,4500,,,753.0,753.5,0.5
1,866800,5251.0,intrinsic_floor,4000,,,1250.5,1251.0,0.5
1,866900,5250.5,intrinsic_floor,4500,,,750.0,750.5,0.5
1,867000,5250.0,intrinsic_floor,4000,,,1249.5,1250.0,0.5
1,867100,5250.5,intrinsic_floor,4500,,,750.0,750.5,0.5
1,867200,5249.0,intrinsic_floor,4000,,,1248.5,1249.0,0.5
1,867400,5248.5,intrinsic_floor,4500,,,748.0,748.5,0.5
1,867700,5249.5,intrinsic_floor,4500,,,749.0,749.5,0.5
1,868100,5251.0,intrinsic_floor,4000,,,1249.5,1251.0,1.5
1,868100,5251.0,intrinsic_floor,4500,,,750.0,751.0,1.0
1,868300,5250.5,intrinsic_floor,4500,,,750.0,750.5,0.5
1,868400,5250.0,intrinsic_floor,4000,,,1249.5,1250.0,0.5
1,868500,5249.5,intrinsic_floor,4500,,,749.0,749.5,0.5
1,868800,5248.5,intrinsic_floor,4000,,,1243.0,1248.5,5.5
1,868800,5248.5,intrinsic_floor,4500,,,744.5,748.5,4.0
1,869000,5245.5,intrinsic_floor,4500,,,745.0,745.5,0.5
1,869200,5244.5,intrinsic_floor,4500,,,744.0,744.5,0.5
1,869500,5244.5,intrinsic_floor,4500,,,744.0,744.5,0.5
1,869700,5246.5,intrinsic_floor,4500,,,746.0,746.5,0.5
1,869900,5246.5,intrinsic_floor,4500,,,746.0,746.5,0.5
1,870000,5246.5,intrinsic_floor,4500,,,746.0,746.5,0.5
1,870100,5246.5,intrinsic_floor,4500,,,746.0,746.5,0.5
1,870400,5245.0,intrinsic_floor,4000,,,1244.5,1245.0,0.5
1,870500,5243.5,intrinsic_floor,4500,,,743.0,743.5,0.5
1,870800,5244.5,intrinsic_floor,4500,,,744.0,744.5,0.5
1,871000,5244.5,intrinsic_floor,4500,,,744.0,744.5,0.5
1,871300,5242.5,intrinsic_floor,4500,,,742.0,742.5,0.5
1,871600,5244.5,intrinsic_floor,4500,,,744.0,744.5,0.5
1,871700,5244.5,intrinsic_floor,4500,,,744.0,744.5,0.5
1,871800,5244.5,intrinsic_floor,4000,,,1243.5,1244.5,1.0
1,871800,5244.5,intrinsic_floor,4500,,,743.0,744.5,1.5
1,872000,5243.5,intrinsic_floor,4500,,,743.0,743.5,0.5
1,872100,5244.5,intrinsic_floor,4500,,,744.0,744.5,0.5
1,872300,5245.5,intrinsic_floor,4000,,,1244.5,1245.5,1.0
1,872300,5245.5,intrinsic_floor,4500,,,744.0,745.5,1.5
1,872700,5242.5,intrinsic_floor,4500,,,742.0,742.5,0.5
1,873200,5243.5,intrinsic_floor,4500,,,743.0,743.5,0.5
1,873400,5242.5,intrinsic_floor,4500,,,742.0,742.5,0.5
1,873700,5241.5,intrinsic_floor,4500,,,741.0,741.5,0.5
1,874200,5243.5,intrinsic_floor,4500,,,743.0,743.5,0.5
1,874400,5243.5,intrinsic_floor,4500,,,743.0,743.5,0.5
1,874700,5241.5,intrinsic_floor,4500,,,741.0,741.5,0.5
1,874800,5243.5,intrinsic_floor,4500,,,743.0,743.5,0.5
1,875100,5239.5,intrinsic_floor,4500,,,739.0,739.5,0.5
1,875400,5239.5,intrinsic_floor,4500,,,739.0,739.5,0.5
1,875600,5238.5,intrinsic_floor,4500,,,738.0,738.5,0.5
1,875700,5240.5,intrinsic_floor,4000,,,1239.0,1240.5,1.5
1,875700,5240.5,intrinsic_floor,4500,,,739.0,740.5,1.5
1,876100,5240.5,intrinsic_floor,4000,,,1239.5,1240.5,1.0
1,876100,5240.5,intrinsic_floor,4500,,,740.0,740.5,0.5
1,876500,5239.5,intrinsic_floor,4500,,,739.0,739.5,0.5
1,876800,5237.5,intrinsic_floor,4500,,,737.0,737.5,0.5
1,877000,5237.5,intrinsic_floor,4000,,,1236.5,1237.5,1.0
1,877000,5237.5,intrinsic_floor,4500,,,737.0,737.5,0.5
1,877100,5237.5,intrinsic_floor,4000,,,1236.5,1237.5,1.0
1,877100,5237.5,intrinsic_floor,4500,,,736.0,737.5,1.5
1,877300,5237.5,intrinsic_floor,4500,,,737.0,737.5,0.5
1,877700,5236.5,intrinsic_floor,4500,,,736.0,736.5,0.5
1,877800,5238.5,intrinsic_floor,4500,,,738.0,738.5,0.5
1,878200,5235.5,intrinsic_floor,4500,,,735.0,735.5,0.5
1,878700,5238.5,intrinsic_floor,4500,,,738.0,738.5,0.5
1,879600,5239.5,intrinsic_floor,4500,,,739.0,739.5,0.5
1,879900,5239.5,intrinsic_floor,4500,,,739.0,739.5,0.5
1,880200,5239.5,intrinsic_floor,4500,,,739.0,739.5,0.5
1,880600,5238.5,intrinsic_floor,4500,,,738.0,738.5,0.5
1,881300,5239.5,intrinsic_floor,4500,,,739.0,739.5,0.5
1,881400,5241.0,intrinsic_floor,4000,,,1239.5,1241.0,1.5
1,881400,5241.0,intrinsic_floor,4500,,,740.0,741.0,1.0
1,881500,5243.5,intrinsic_floor,4500,,,743.0,743.5,0.5
1,881700,5244.5,intrinsic_floor,4500,,,744.0,744.5,0.5
1,881800,5246.5,intrinsic_floor,4500,,,746.0,746.5,0.5
1,881900,5246.0,intrinsic_floor,4000,,,1245.5,1246.0,0.5
1,882100,5246.5,intrinsic_floor,4500,,,746.0,746.5,0.5
1,882300,5247.5,intrinsic_floor,4500,,,747.0,747.5,0.5
1,883000,5246.5,intrinsic_floor,4500,,,746.0,746.5,0.5
1,883200,5248.5,intrinsic_floor,4000,,,1247.5,1248.5,1.0
1,883200,5248.5,intrinsic_floor,4500,,,747.0,748.5,1.5
1,883400,5248.5,intrinsic_floor,4500,,,748.0,748.5,0.5
1,883500,5250.5,intrinsic_floor,4500,,,750.0,750.5,0.5
1,883600,5250.0,intrinsic_floor,4000,,,1249.5,1250.0,0.5
1,883900,5253.5,intrinsic_floor,4500,,,753.0,753.5,0.5
1,884000,5254.5,intrinsic_floor,4500,,,754.0,754.5,0.5
1,884200,5255.5,intrinsic_floor,4500,,,755.0,755.5,0.5
1,884500,5256.5,intrinsic_floor,4500,,,756.0,756.5,0.5
1,885200,5255.5,intrinsic_floor,4500,,,755.0,755.5,0.5
1,885300,5256.5,intrinsic_floor,4500,,,756.0,756.5,0.5
1,885400,5256.5,intrinsic_floor,4500,,,756.0,756.5,0.5
1,885600,5256.5,intrinsic_floor,4500,,,756.0,756.5,0.5
1,885700,5254.5,intrinsic_floor,4500,,,754.0,754.5,0.5
1,885900,5254.5,intrinsic_floor,4500,,,754.0,754.5,0.5
1,886300,5256.5,intrinsic_floor,4500,,,756.0,756.5,0.5
1,886400,5257.5,intrinsic_floor,4500,,,757.0,757.5,0.5
1,886600,5256.0,intrinsic_floor,4000,,,1255.5,1256.0,0.5
1,886700,5255.5,intrinsic_floor,4500,,,755.0,755.5,0.5
1,887100,5256.5,intrinsic_floor,4500,,,756.0,756.5,0.5
1,887700,5254.5,intrinsic_floor,4500,,,754.0,754.5,0.5
1,887800,5253.5,intrinsic_floor,4000,,,1252.5,1253.5,1.0
1,887800,5253.5,intrinsic_floor,4500,,,752.0,753.5,1.5
1,888300,5251.0,intrinsic_floor,4000,,,1250.5,1251.0,0.5
1,888400,5250.5,intrinsic_floor,4500,,,750.0,750.5,0.5
1,888700,5250.5,intrinsic_floor,4500,,,750.0,750.5,0.5
1,888900,5250.5,intrinsic_floor,4500,,,750.0,750.5,0.5
1,889000,5249.5,intrinsic_floor,4500,,,749.0,749.5,0.5
1,889100,5249.5,intrinsic_floor,4500,,,749.0,749.5,0.5
1,889200,5249.5,intrinsic_floor,4500,,,749.0,749.5,0.5
1,889500,5248.5,intrinsic_floor,4500,,,748.0,748.5,0.5
1,889700,5247.5,intrinsic_floor,4000,,,1246.5,1247.5,1.0
1,889700,5247.5,intrinsic_floor,4500,,,747.0,747.5,0.5
1,889900,5246.5,intrinsic_floor,4500,,,746.0,746.5,0.5
1,890000,5245.5,intrinsic_floor,4000,,,1244.5,1245.5,1.0
1,890000,5245.5,intrinsic_floor,4500,,,745.0,745.5,0.5
1,891000,5247.5,intrinsic_floor,4500,,,747.0,747.5,0.5
1,891100,5248.5,intrinsic_floor,4500,,,748.0,748.5,0.5
1,891200,5249.5,intrinsic_floor,4500,,,749.0,749.5,0.5
1,891400,5249.5,intrinsic_floor,4500,,,749.0,749.5,0.5
1,891500,5249.5,intrinsic_floor,4500,,,749.0,749.5,0.5
1,891600,5250.5,intrinsic_floor,4500,,,750.0,750.5,0.5
1,891700,5251.5,intrinsic_floor,4500,,,751.0,751.5,0.5
1,892100,5250.5,intrinsic_floor,4500,,,750.0,750.5,0.5
1,892400,5250.5,intrinsic_floor,4500,,,750.0,750.5,0.5
1,892500,5250.5,intrinsic_floor,4500,,,750.0,750.5,0.5
1,892600,5250.5,intrinsic_floor,4500,,,750.0,750.5,0.5
1,892700,5250.5,intrinsic_floor,4500,,,750.0,750.5,0.5
1,892800,5250.5,intrinsic_floor,4500,,,750.0,750.5,0.5
1,893100,5251.5,intrinsic_floor,4500,,,751.0,751.5,0.5
1,893200,5249.5,intrinsic_floor,4500,,,749.0,749.5,0.5
1,893400,5252.5,intrinsic_floor,4500,,,752.0,752.5,0.5
1,893500,5255.5,intrinsic_floor,4500,,,755.0,755.5,0.5
1,893700,5255.0,intrinsic_floor,4000,,,1253.5,1255.0,1.5
1,893700,5255.0,intrinsic_floor,4500,,,754.0,755.0,1.0
1,893800,5254.5,intrinsic_floor,4500,,,754.0,754.5,0.5
1,894100,5253.5,intrinsic_floor,4500,,,753.0,753.5,0.5
1,894200,5254.5,intrinsic_floor,4500,,,754.0,754.5,0.5
1,894500,5255.5,intrinsic_floor,4500,,,755.0,755.5,0.5
1,894800,5252.0,intrinsic_floor,4000,,,1251.5,1252.0,0.5
1,894900,5252.5,intrinsic_floor,4000,,,1251.5,1252.5,1.0
1,894900,5252.5,intrinsic_floor,4500,,,751.0,752.5,1.5
1,895200,5252.0,intrinsic_floor,4000,,,1251.5,1252.0,0.5
1,895300,5251.5,intrinsic_floor,4500,,,751.0,751.5,0.5
1,895700,5249.5,intrinsic_floor,4500,,,749.0,749.5,0.5
1,896200,5251.5,intrinsic_floor,4500,,,751.0,751.5,0.5
1,896400,5250.5,intrinsic_floor,4500,,,750.0,750.5,0.5
1,896500,5249.5,intrinsic_floor,4500,,,749.0,749.5,0.5
1,896700,5250.0,intrinsic_floor,4000,,,1249.5,1250.0,0.5
1,897000,5249.5,intrinsic_floor,4000,,,1248.5,1249.5,1.0
1,897000,5249.5,intrinsic_floor,4500,,,749.0,749.5,0.5
1,897100,5249.5,intrinsic_floor,4000,,,1248.5,1249.5,1.0
1,897100,5249.5,intrinsic_floor,4500,,,748.0,749.5,1.5
1,897300,5249.5,intrinsic_floor,4500,,,749.0,749.5,0.5
1,897600,5248.5,intrinsic_floor,4500,,,748.0,748.5,0.5
1,898000,5248.0,intrinsic_floor,4000,,,1247.5,1248.0,0.5
1,898100,5248.5,intrinsic_floor,4500,,,748.0,748.5,0.5
1,898200,5247.5,intrinsic_floor,4500,,,747.0,747.5,0.5
1,898500,5248.0,intrinsic_floor,4000,,,1247.5,1248.0,0.5
1,898900,5248.5,intrinsic_floor,4500,,,748.0,748.5,0.5
1,899100,5249.0,intrinsic_floor,4000,,,1248.5,1249.0,0.5
1,899400,5250.5,intrinsic_floor,4500,,,750.0,750.5,0.5
1,899600,5250.5,intrinsic_floor,4500,,,750.0,750.5,0.5
1,900100,5250.5,intrinsic_floor,4500,,,750.0,750.5,0.5
1,900200,5251.5,intrinsic_floor,4500,,,751.0,751.5,0.5
1,900500,5251.5,intrinsic_floor,4500,,,751.0,751.5,0.5
1,900600,5251.0,intrinsic_floor,4000,,,1250.5,1251.0,0.5
1,900800,5250.5,intrinsic_floor,4500,,,750.0,750.5,0.5
1,901000,5252.5,intrinsic_floor,4500,,,752.0,752.5,0.5
1,901100,5251.0,intrinsic_floor,4000,,,1247.0,1251.0,4.0
1,901100,5251.0,intrinsic_floor,4500,,,748.0,751.0,3.0
1,901300,5252.5,intrinsic_floor,4500,,,752.0,752.5,0.5
1,901800,5254.5,intrinsic_floor,4500,,,754.0,754.5,0.5
1,901900,5255.5,intrinsic_floor,4500,,,755.0,755.5,0.5
1,902300,5255.5,intrinsic_floor,4500,,,755.0,755.5,0.5
1,903300,5259.0,intrinsic_floor,4000,,,1258.5,1259.0,0.5
1,903400,5261.5,intrinsic_floor,4000,,,1260.0,1261.5,1.5
1,903400,5261.5,intrinsic_floor,4500,,,760.0,761.5,1.5
1,904000,5258.5,intrinsic_floor,4500,,,758.0,758.5,0.5
1,904100,5258.5,intrinsic_floor,4500,,,758.0,758.5,0.5
1,904400,5259.5,intrinsic_floor,4500,,,759.0,759.5,0.5
1,904900,5258.5,intrinsic_floor,4500,,,758.0,758.5,0.5
1,905300,5258.5,intrinsic_floor,4000,,,1257.5,1258.5,1.0
1,905300,5258.5,intrinsic_floor,4500,,,757.0,758.5,1.5
1,905400,5257.5,intrinsic_floor,4500,,,757.0,757.5,0.5
1,905800,5256.5,intrinsic_floor,4500,,,756.0,756.5,0.5
1,906000,5257.5,intrinsic_floor,4500,,,757.0,757.5,0.5
1,906400,5254.5,intrinsic_floor,4500,,,754.0,754.5,0.5
1,906600,5251.5,intrinsic_floor,4500,,,751.0,751.5,0.5
1,906700,5250.5,intrinsic_floor,4500,,,750.0,750.5,0.5
1,906800,5250.5,intrinsic_floor,4500,,,750.0,750.5,0.5
1,907100,5253.5,intrinsic_floor,4500,,,753.0,753.5,0.5
1,907300,5254.5,intrinsic_floor,4500,,,754.0,754.5,0.5
1,907400,5254.5,intrinsic_floor,4500,,,754.0,754.5,0.5
1,907500,5253.5,intrinsic_floor,4500,,,753.0,753.5,0.5
1,907600,5254.5,intrinsic_floor,4500,,,754.0,754.5,0.5
1,907700,5255.0,intrinsic_floor,4000,,,1254.5,1255.0,0.5
1,907800,5255.0,intrinsic_floor,4000,,,1254.5,1255.0,0.5
1,907900,5256.5,intrinsic_floor,4500,,,756.0,756.5,0.5
1,908000,5256.0,intrinsic_floor,4000,,,1255.5,1256.0,0.5
1,908300,5255.0,intrinsic_floor,4000,,,1254.5,1255.0,0.5
1,908700,5258.0,intrinsic_floor,4000,,,1257.5,1258.0,0.5
1,909700,5261.5,intrinsic_floor,4500,,,761.0,761.5,0.5
1,910000,5260.5,intrinsic_floor,4500,,,760.0,760.5,0.5
1,910500,5262.5,intrinsic_floor,4500,,,762.0,762.5,0.5
1,910800,5262.5,intrinsic_floor,4000,,,1261.5,1262.5,1.0
1,910800,5262.5,intrinsic_floor,4500,,,761.5,762.5,1.0
1,911000,5262.5,intrinsic_floor,4500,,,762.0,762.5,0.5
1,911200,5262.5,intrinsic_floor,4500,,,762.0,762.5,0.5
1,911400,5261.5,intrinsic_floor,4500,,,761.0,761.5,0.5
1,911600,5261.5,intrinsic_floor,4500,,,761.0,761.5,0.5
1,912300,5264.5,intrinsic_floor,4500,,,764.0,764.5,0.5
1,912500,5264.5,intrinsic_floor,4500,,,764.0,764.5,0.5
1,912600,5263.5,intrinsic_floor,4500,,,763.0,763.5,0.5
1,913400,5263.5,intrinsic_floor,4500,,,763.0,763.5,0.5
1,913600,5263.5,intrinsic_floor,4500,,,763.0,763.5,0.5
1,913700,5264.5,intrinsic_floor,4500,,,764.0,764.5,0.5
1,915000,5265.5,intrinsic_floor,4000,,,1265.0,1265.5,0.5
1,915000,5265.5,intrinsic_floor,4500,,,765.0,765.5,0.5
1,915100,5265.5,intrinsic_floor,4000,,,1264.5,1265.5,1.0
1,915100,5265.5,intrinsic_floor,4500,,,764.5,765.5,1.0
1,915400,5265.5,intrinsic_floor,4500,,,765.0,765.5,0.5
1,915900,5265.5,intrinsic_floor,4500,,,765.0,765.5,0.5
1,916400,5261.5,intrinsic_floor,4500,,,761.0,761.5,0.5
1,917100,5261.5,intrinsic_floor,4500,,,761.0,761.5,0.5
1,917600,5263.5,intrinsic_floor,4500,,,763.0,763.5,0.5
1,917700,5263.5,intrinsic_floor,4500,,,763.0,763.5,0.5
1,918100,5266.5,intrinsic_floor,4500,,,766.0,766.5,0.5
1,918200,5265.5,intrinsic_floor,4500,,,765.0,765.5,0.5
1,919600,5270.5,intrinsic_floor,4500,,,770.0,770.5,0.5
1,920000,5270.5,intrinsic_floor,4000,,,1270.0,1270.5,0.5
1,920000,5270.5,intrinsic_floor,4500,,,770.0,770.5,0.5
1,920100,5271.5,intrinsic_floor,4000,,,1270.5,1271.5,1.0
1,920100,5271.5,intrinsic_floor,4500,,,770.5,771.5,1.0
1,920500,5272.0,intrinsic_floor,4000,,,1270.5,1272.0,1.5
1,920500,5272.0,intrinsic_floor,4500,,,770.5,772.0,1.5
1,920700,5271.5,intrinsic_floor,4500,,,771.0,771.5,0.5
1,920800,5271.5,intrinsic_floor,4500,,,771.0,771.5,0.5
1,921000,5269.5,intrinsic_floor,4000,,,1264.0,1269.5,5.5
1,921000,5269.5,intrinsic_floor,4500,,,765.0,769.5,4.5
1,921500,5272.5,intrinsic_floor,4500,,,772.0,772.5,0.5
1,921900,5275.5,intrinsic_floor,4000,,,1274.0,1275.5,1.5
1,921900,5275.5,intrinsic_floor,4500,,,774.0,775.5,1.5
1,922000,5273.5,intrinsic_floor,4000,,,1272.5,1273.5,1.0
1,922000,5273.5,intrinsic_floor,4500,,,772.5,773.5,1.0
1,922500,5272.5,intrinsic_floor,4000,,,1272.0,1272.5,0.5
1,922500,5272.5,intrinsic_floor,4500,,,772.0,772.5,0.5
1,922900,5271.5,intrinsic_floor,4000,,,1271.0,1271.5,0.5
1,922900,5271.5,intrinsic_floor,4500,,,771.0,771.5,0.5
1,923200,5275.5,intrinsic_floor,4000,,,1274.0,1275.5,1.5
1,923200,5275.5,intrinsic_floor,4500,,,774.0,775.5,1.5
1,923700,5271.5,intrinsic_floor,4500,,,771.0,771.5,0.5
1,923900,5272.5,intrinsic_floor,4000,,,1271.5,1272.5,1.0
1,923900,5272.5,intrinsic_floor,4500,,,771.5,772.5,1.0
1,924100,5273.5,intrinsic_floor,4000,,,1273.0,1273.5,0.5
1,924100,5273.5,intrinsic_floor,4500,,,773.0,773.5,0.5
1,924600,5274.5,intrinsic_floor,4000,,,1274.0,1274.5,0.5
1,924600,5274.5,intrinsic_floor,4500,,,774.0,774.5,0.5
1,924800,5274.5,intrinsic_floor,4000,,,1273.5,1274.5,1.0
1,924800,5274.5,intrinsic_floor,4500,,,773.5,774.5,1.0
1,925100,5275.5,intrinsic_floor,4000,,,1275.0,1275.5,0.5
1,925100,5275.5,intrinsic_floor,4500,,,775.0,775.5,0.5
1,925300,5274.5,intrinsic_floor,4500,,,774.0,774.5,0.5
1,927200,5277.5,intrinsic_floor,4000,,,1277.0,1277.5,0.5
1,927200,5277.5,intrinsic_floor,4500,,,777.0,777.5,0.5
1,928400,5280.5,intrinsic_floor,4000,,,1275.0,1280.5,5.5
1,928400,5280.5,intrinsic_floor,4500,,,776.0,780.5,4.5
1,930900,5273.5,intrinsic_floor,4000,,,1272.0,1273.5,1.5
1,930900,5273.5,intrinsic_floor,4500,,,772.0,773.5,1.5
1,931000,5272.5,intrinsic_floor,4000,,,1272.0,1272.5,0.5
1,931000,5272.5,intrinsic_floor,4500,,,772.0,772.5,0.5
1,931700,5275.5,intrinsic_floor,4000,,,1275.0,1275.5,0.5
1,931700,5275.5,intrinsic_floor,4500,,,775.0,775.5,0.5
1,932100,5273.5,intrinsic_floor,4000,,,1273.0,1273.5,0.5
1,932100,5273.5,intrinsic_floor,4500,,,773.0,773.5,0.5
1,932800,5273.5,intrinsic_floor,4500,,,773.0,773.5,0.5
1,933100,5272.5,intrinsic_floor,4500,,,772.0,772.5,0.5
1,933200,5270.5,intrinsic_floor,4500,,,770.0,770.5,0.5
1,933300,5271.5,intrinsic_floor,4500,,,771.0,771.5,0.5
1,933800,5268.5,intrinsic_floor,4500,,,768.0,768.5,0.5
1,934000,5266.5,intrinsic_floor,4500,,,766.0,766.5,0.5
1,934200,5265.5,intrinsic_floor,4500,,,765.0,765.5,0.5
1,934700,5264.5,intrinsic_floor,4000,,,1263.5,1264.5,1.0
1,934700,5264.5,intrinsic_floor,4500,,,763.5,764.5,1.0
1,934900,5264.5,intrinsic_floor,4500,,,764.0,764.5,0.5
1,935000,5266.5,intrinsic_floor,4000,,,1266.0,1266.5,0.5
1,935000,5266.5,intrinsic_floor,4500,,,766.0,766.5,0.5
1,935100,5265.5,intrinsic_floor,4500,,,765.0,765.5,0.5
1,935200,5265.5,intrinsic_floor,4500,,,765.0,765.5,0.5
1,935400,5267.5,intrinsic_floor,4500,,,767.0,767.5,0.5
1,936000,5263.5,intrinsic_floor,4500,,,763.0,763.5,0.5
1,936600,5264.5,intrinsic_floor,4500,,,764.0,764.5,0.5
1,936800,5263.5,intrinsic_floor,4500,,,763.0,763.5,0.5
1,937100,5263.0,intrinsic_floor,4000,,,1261.5,1263.0,1.5
1,937100,5263.0,intrinsic_floor,4500,,,762.0,763.0,1.0
1,937300,5260.0,intrinsic_floor,4000,,,1254.5,1260.0,5.5
1,937300,5260.0,intrinsic_floor,4500,,,756.0,760.0,4.0
1,937600,5259.5,intrinsic_floor,4500,,,759.0,759.5,0.5
1,937800,5262.0,intrinsic_floor,4000,,,1261.5,1262.0,0.5
1,937900,5262.5,intrinsic_floor,4500,,,762.0,762.5,0.5
1,938500,5263.5,intrinsic_floor,4000,,,1262.5,1263.5,1.0
1,938500,5263.5,intrinsic_floor,4500,,,762.5,763.5,1.0
1,938600,5262.0,intrinsic_floor,4000,,,1261.0,1262.0,1.0
1,938600,5262.0,intrinsic_floor,4500,,,761.0,762.0,1.0
1,938700,5262.5,intrinsic_floor,4500,,,762.0,762.5,0.5
1,939000,5261.5,intrinsic_floor,4500,,,761.0,761.5,0.5
1,939200,5264.5,intrinsic_floor,4500,,,764.0,764.5,0.5
1,940200,5262.5,intrinsic_floor,4000,,,1261.5,1262.5,1.0
1,940200,5262.5,intrinsic_floor,4500,,,761.0,762.5,1.5
1,940700,5262.5,intrinsic_floor,4500,,,762.0,762.5,0.5
1,940900,5259.5,intrinsic_floor,4500,,,759.0,759.5,0.5
1,941300,5256.5,intrinsic_floor,4500,,,756.0,756.5,0.5
1,941400,5256.5,intrinsic_floor,4500,,,756.0,756.5,0.5
1,941800,5253.5,intrinsic_floor,4500,,,753.0,753.5,0.5
1,942100,5254.5,intrinsic_floor,4000,,,1253.5,1254.5,1.0
1,942100,5254.5,intrinsic_floor,4500,,,753.0,754.5,1.5
1,943100,5246.5,intrinsic_floor,4000,,,1241.0,1246.5,5.5
1,943100,5246.5,intrinsic_floor,4500,,,742.5,746.5,4.0
1,943400,5244.5,intrinsic_floor,4500,,,744.0,744.5,0.5
1,943600,5244.5,intrinsic_floor,4500,,,744.0,744.5,0.5
1,943700,5244.5,intrinsic_floor,4500,,,744.0,744.5,0.5
1,943900,5241.5,intrinsic_floor,4500,,,741.0,741.5,0.5
1,944200,5241.5,intrinsic_floor,4500,,,741.0,741.5,0.5
1,944500,5242.5,intrinsic_floor,4000,,,1241.5,1242.5,1.0
1,944500,5242.5,intrinsic_floor,4500,,,741.0,742.5,1.5
1,945000,5243.5,intrinsic_floor,4500,,,743.0,743.5,0.5
1,945100,5245.5,intrinsic_floor,4500,,,745.0,745.5,0.5
1,945500,5245.5,intrinsic_floor,4500,,,745.0,745.5,0.5
1,945600,5245.5,intrinsic_floor,4500,,,745.0,745.5,0.5
1,946100,5244.5,intrinsic_floor,4500,,,744.0,744.5,0.5
1,946900,5244.5,intrinsic_floor,4500,,,744.0,744.5,0.5
1,947000,5244.5,intrinsic_floor,4500,,,744.0,744.5,0.5
1,947600,5249.0,intrinsic_floor,4000,,,1248.5,1249.0,0.5
1,947700,5249.0,intrinsic_floor,4000,,,1248.5,1249.0,0.5
1,947800,5249.0,intrinsic_floor,4000,,,1248.5,1249.0,0.5
1,947900,5248.5,intrinsic_floor,4500,,,748.0,748.5,0.5
1,948000,5248.5,intrinsic_floor,4500,,,748.0,748.5,0.5
1,948500,5249.5,intrinsic_floor,4000,,,1244.0,1249.5,5.5
1,948500,5249.5,intrinsic_floor,4500,,,745.0,749.5,4.5
1,948600,5249.5,intrinsic_floor,4500,,,749.0,749.5,0.5
1,948800,5249.5,intrinsic_floor,4500,,,749.0,749.5,0.5
1,949000,5250.5,intrinsic_floor,4500,,,750.0,750.5,0.5
1,949300,5249.0,intrinsic_floor,4000,,,1248.5,1249.0,0.5
1,949600,5250.5,intrinsic_floor,4500,,,750.0,750.5,0.5
1,950100,5253.5,intrinsic_floor,4500,,,753.0,753.5,0.5
1,950300,5253.5,intrinsic_floor,4000,,,1248.0,1253.5,5.5
1,950300,5253.5,intrinsic_floor,4500,,,749.0,753.5,4.5
1,950400,5252.5,intrinsic_floor,4500,,,752.0,752.5,0.5
1,950700,5253.5,intrinsic_floor,4500,,,753.0,753.5,0.5
1,951100,5256.0,intrinsic_floor,4000,,,1255.5,1256.0,0.5
1,951300,5257.5,intrinsic_floor,4500,,,757.0,757.5,0.5
1,951500,5259.5,intrinsic_floor,4500,,,759.0,759.5,0.5
1,951600,5259.5,intrinsic_floor,4500,,,759.0,759.5,0.5
1,951700,5259.5,intrinsic_floor,4500,,,759.0,759.5,0.5
1,951800,5258.5,intrinsic_floor,4500,,,758.0,758.5,0.5
1,952300,5260.5,intrinsic_floor,4500,,,760.0,760.5,0.5
1,952600,5259.5,intrinsic_floor,4500,,,759.0,759.5,0.5
1,953000,5257.0,intrinsic_floor,4000,,,1256.5,1257.0,0.5
1,953400,5259.5,intrinsic_floor,4500,,,759.0,759.5,0.5
1,953900,5260.5,intrinsic_floor,4500,,,760.0,760.5,0.5
1,954200,5261.5,intrinsic_floor,4500,,,761.0,761.5,0.5
1,955300,5264.5,intrinsic_floor,4500,,,764.0,764.5,0.5
1,955600,5264.5,intrinsic_floor,4500,,,764.0,764.5,0.5
1,956100,5266.5,intrinsic_floor,4000,,,1266.0,1266.5,0.5
1,956100,5266.5,intrinsic_floor,4500,,,766.0,766.5,0.5
1,956600,5264.5,intrinsic_floor,4500,,,764.0,764.5,0.5
1,956700,5263.5,intrinsic_floor,4500,,,763.0,763.5,0.5
1,956800,5263.5,intrinsic_floor,4500,,,763.0,763.5,0.5
1,956900,5263.5,intrinsic_floor,4500,,,763.0,763.5,0.5
1,958400,5265.5,intrinsic_floor,4500,,,765.0,765.5,0.5
1,959200,5261.5,intrinsic_floor,4500,,,761.0,761.5,0.5
1,959300,5261.5,intrinsic_floor,4500,,,761.0,761.5,0.5
1,959400,5261.5,intrinsic_floor,4500,,,761.0,761.5,0.5
1,959500,5262.5,intrinsic_floor,4500,,,762.0,762.5,0.5
1,961700,5263.5,intrinsic_floor,4500,,,763.0,763.5,0.5
1,962300,5266.5,intrinsic_floor,4500,,,766.0,766.5,0.5
1,963100,5267.5,intrinsic_floor,4500,,,767.0,767.5,0.5
1,963200,5268.5,intrinsic_floor,4000,,,1267.5,1268.5,1.0
1,963200,5268.5,intrinsic_floor,4500,,,767.0,768.5,1.5
1,963300,5269.5,intrinsic_floor,4000,,,1269.0,1269.5,0.5
1,963300,5269.5,intrinsic_floor,4500,,,769.0,769.5,0.5
1,964400,5275.0,intrinsic_floor,4000,,,1273.5,1275.0,1.5
1,964400,5275.0,intrinsic_floor,4500,,,773.5,775.0,1.5
1,965700,5272.5,intrinsic_floor,4000,,,1272.0,1272.5,0.5
1,965700,5272.5,intrinsic_floor,4500,,,772.0,772.5,0.5
1,966700,5273.5,intrinsic_floor,4500,,,773.0,773.5,0.5
1,966900,5275.5,intrinsic_floor,4000,,,1274.0,1275.5,1.5
1,966900,5275.5,intrinsic_floor,4500,,,774.0,775.5,1.5
1,967500,5274.5,intrinsic_floor,4000,,,1273.0,1274.5,1.5
1,967500,5274.5,intrinsic_floor,4500,,,773.0,774.5,1.5
1,968000,5271.5,intrinsic_floor,4500,,,771.0,771.5,0.5
1,968400,5270.5,intrinsic_floor,4500,,,770.0,770.5,0.5
1,968500,5271.5,intrinsic_floor,4000,,,1271.0,1271.5,0.5
1,968500,5271.5,intrinsic_floor,4500,,,771.0,771.5,0.5
1,969400,5270.5,intrinsic_floor,4500,,,770.0,770.5,0.5
1,970100,5266.5,intrinsic_floor,4500,,,766.0,766.5,0.5
1,970800,5267.5,intrinsic_floor,4500,,,767.0,767.5,0.5
1,971600,5266.5,intrinsic_floor,4500,,,766.0,766.5,0.5
1,971800,5267.5,intrinsic_floor,4500,,,767.0,767.5,0.5
1,972700,5260.5,intrinsic_floor,4500,,,760.0,760.5,0.5
1,973100,5259.5,intrinsic_floor,4500,,,759.0,759.5,0.5
1,973300,5258.5,intrinsic_floor,4500,,,758.0,758.5,0.5
1,973700,5256.5,intrinsic_floor,4500,,,756.0,756.5,0.5
1,974200,5259.5,intrinsic_floor,4500,,,759.0,759.5,0.5
1,974300,5259.5,intrinsic_floor,4500,,,759.0,759.5,0.5
1,974400,5259.5,intrinsic_floor,4500,,,759.0,759.5,0.5
1,974600,5260.5,intrinsic_floor,4500,,,760.0,760.5,0.5
1,974900,5260.5,intrinsic_floor,4500,,,760.0,760.5,0.5
1,975000,5258.5,intrinsic_floor,4500,,,758.0,758.5,0.5
1,975500,5256.5,intrinsic_floor,4500,,,756.0,756.5,0.5
1,975800,5258.5,intrinsic_floor,4500,,,758.0,758.5,0.5
1,975900,5258.0,intrinsic_floor,4000,,,1257.5,1258.0,0.5
1,976300,5257.5,intrinsic_floor,4500,,,757.0,757.5,0.5
1,976600,5259.5,intrinsic_floor,4500,,,759.0,759.5,0.5
1,976900,5259.5,intrinsic_floor,4000,,,1258.5,1259.5,1.0
1,976900,5259.5,intrinsic_floor,4500,,,758.0,759.5,1.5
1,977000,5257.5,intrinsic_floor,4500,,,757.0,757.5,0.5
1,977200,5256.5,intrinsic_floor,4500,,,756.0,756.5,0.5
1,977500,5258.5,intrinsic_floor,4500,,,758.0,758.5,0.5
1,977800,5258.5,intrinsic_floor,4500,,,758.0,758.5,0.5
1,978000,5259.5,intrinsic_floor,4500,,,759.0,759.5,0.5
1,978300,5260.5,intrinsic_floor,4500,,,760.0,760.5,0.5
1,978600,5260.5,intrinsic_floor,4500,,,760.0,760.5,0.5
1,979400,5260.5,intrinsic_floor,4500,,,760.0,760.5,0.5
1,979800,5260.5,intrinsic_floor,4500,,,760.0,760.5,0.5
1,980200,5260.5,intrinsic_floor,4500,,,760.0,760.5,0.5
1,980300,5258.5,intrinsic_floor,4500,,,758.0,758.5,0.5
1,980600,5258.5,intrinsic_floor,4500,,,758.0,758.5,0.5
1,980700,5257.0,intrinsic_floor,4000,,,1256.5,1257.0,0.5
1,981000,5257.5,intrinsic_floor,4500,,,757.0,757.5,0.5
1,981200,5257.5,intrinsic_floor,4500,,,757.0,757.5,0.5
1,981600,5254.5,intrinsic_floor,4500,,,754.0,754.5,0.5
1,981800,5254.5,intrinsic_floor,4500,,,754.0,754.5,0.5
1,982000,5254.5,intrinsic_floor,4500,,,754.0,754.5,0.5
1,982100,5254.5,intrinsic_floor,4500,,,754.0,754.5,0.5
1,982600,5252.5,intrinsic_floor,4500,,,752.0,752.5,0.5
1,982900,5255.5,intrinsic_floor,4500,,,755.0,755.5,0.5
1,983100,5254.0,intrinsic_floor,4000,,,1253.5,1254.0,0.5
1,983200,5253.5,intrinsic_floor,4500,,,753.0,753.5,0.5
1,983300,5255.5,intrinsic_floor,4500,,,755.0,755.5,0.5
1,983500,5254.5,intrinsic_floor,4500,,,754.0,754.5,0.5
1,983600,5254.5,intrinsic_floor,4500,,,754.0,754.5,0.5
1,983800,5253.5,intrinsic_floor,4500,,,753.0,753.5,0.5
1,983900,5252.5,intrinsic_floor,4500,,,752.0,752.5,0.5
1,984000,5250.5,intrinsic_floor,4500,,,750.0,750.5,0.5
1,984100,5249.5,intrinsic_floor,4500,,,749.0,749.5,0.5
1,984200,5249.5,intrinsic_floor,4500,,,749.0,749.5,0.5
1,984400,5251.5,intrinsic_floor,4500,,,751.0,751.5,0.5
1,984500,5251.5,intrinsic_floor,4500,,,751.0,751.5,0.5
1,984600,5252.5,intrinsic_floor,4500,,,752.0,752.5,0.5
1,985000,5251.5,intrinsic_floor,4500,,,751.0,751.5,0.5
1,985200,5253.5,intrinsic_floor,4500,,,753.0,753.5,0.5
1,985300,5253.5,intrinsic_floor,4500,,,753.0,753.5,0.5
1,985400,5252.5,intrinsic_floor,4500,,,752.0,752.5,0.5
1,985700,5253.5,intrinsic_floor,4500,,,753.0,753.5,0.5
1,985800,5254.5,intrinsic_floor,4500,,,754.0,754.5,0.5
1,985900,5253.5,intrinsic_floor,4500,,,753.0,753.5,0.5
1,986000,5254.0,intrinsic_floor,4000,,,1253.5,1254.0,0.5
1,986500,5254.5,intrinsic_floor,4500,,,754.0,754.5,0.5
1,986800,5256.5,intrinsic_floor,4500,,,756.0,756.5,0.5
1,987200,5256.5,intrinsic_floor,4500,,,756.0,756.5,0.5
1,987600,5253.5,intrinsic_floor,4500,,,753.0,753.5,0.5
1,987800,5253.5,intrinsic_floor,4500,,,753.0,753.5,0.5
1,988000,5253.5,intrinsic_floor,4500,,,753.0,753.5,0.5
1,988100,5253.5,intrinsic_floor,4000,,,1248.0,1253.5,5.5
1,988100,5253.5,intrinsic_floor,4500,,,749.0,753.5,4.5
1,988300,5253.0,intrinsic_floor,4000,,,1252.5,1253.0,0.5
1,988500,5252.5,intrinsic_floor,4500,,,752.0,752.5,0.5
1,988600,5253.0,intrinsic_floor,4000,,,1252.5,1253.0,0.5
1,988700,5251.5,intrinsic_floor,4500,,,751.0,751.5,0.5
1,989100,5255.5,intrinsic_floor,4500,,,755.0,755.5,0.5
1,989200,5254.5,intrinsic_floor,4500,,,754.0,754.5,0.5
1,989700,5258.0,intrinsic_floor,4000,,,1256.5,1258.0,1.5
1,989700,5258.0,intrinsic_floor,4500,,,757.0,758.0,1.0
1,990100,5257.5,intrinsic_floor,4500,,,757.0,757.5,0.5
1,990300,5258.5,intrinsic_floor,4000,,,1253.0,1258.5,5.5
1,990300,5258.5,intrinsic_floor,4500,,,754.0,758.5,4.5
1,990400,5258.5,intrinsic_floor,4500,,,758.0,758.5,0.5
1,990500,5260.5,intrinsic_floor,4500,,,760.0,760.5,0.5
1,990600,5262.5,intrinsic_floor,4000,,,1261.0,1262.5,1.5
1,990600,5262.5,intrinsic_floor,4500,,,761.0,762.5,1.5
1,990800,5261.5,intrinsic_floor,4500,,,761.0,761.5,0.5
1,991500,5262.5,intrinsic_floor,4500,,,762.0,762.5,0.5
1,991600,5262.5,intrinsic_floor,4500,,,762.0,762.5,0.5
1,991700,5262.5,intrinsic_floor,4000,,,1261.5,1262.5,1.0
1,991700,5262.5,intrinsic_floor,4500,,,762.0,762.5,0.5
1,992400,5263.5,intrinsic_floor,4500,,,763.0,763.5,0.5
1,992600,5263.5,intrinsic_floor,4500,,,763.0,763.5,0.5
1,992700,5263.5,intrinsic_floor,4500,,,763.0,763.5,0.5
1,992800,5264.5,intrinsic_floor,4500,,,764.0,764.5,0.5
1,992900,5262.5,intrinsic_floor,4500,,,762.0,762.5,0.5
1,993200,5261.5,intrinsic_floor,4500,,,761.0,761.5,0.5
1,993400,5261.5,intrinsic_floor,4500,,,761.0,761.5,0.5
1,993500,5261.5,intrinsic_floor,4500,,,761.0,761.5,0.5
1,993800,5262.5,intrinsic_floor,4500,,,762.0,762.5,0.5
1,994200,5265.5,intrinsic_floor,4500,,,765.0,765.5,0.5
1,994500,5264.5,intrinsic_floor,4500,,,764.0,764.5,0.5
1,995300,5267.5,intrinsic_floor,4000,,,1266.5,1267.5,1.0
1,995300,5267.5,intrinsic_floor,4500,,,766.0,767.5,1.5
1,995800,5267.5,intrinsic_floor,4500,,,767.0,767.5,0.5
1,996000,5265.5,intrinsic_floor,4500,,,765.0,765.5,0.5
1,996600,5266.5,intrinsic_floor,4500,,,766.0,766.5,0.5
1,996900,5268.5,intrinsic_floor,4000,,,1267.5,1268.5,1.0
1,996900,5268.5,intrinsic_floor,4500,,,767.5,768.5,1.0
1,997600,5269.5,intrinsic_floor,4500,,,769.0,769.5,0.5
1,998500,5269.5,intrinsic_floor,4500,,,769.0,769.5,0.5
1,998700,5268.5,intrinsic_floor,4500,,,768.0,768.5,0.5
1,999100,5269.5,intrinsic_floor,4000,,,1269.0,1269.5,0.5
1,999100,5269.5,intrinsic_floor,4500,,,769.0,769.5,0.5
1,999700,5268.5,intrinsic_floor,4500,,,768.0,768.5,0.5
2,0,5267.5,intrinsic_floor,4500,,,767.0,767.5,0.5
2,300,5266.5,intrinsic_floor,4500,,,766.0,766.5,0.5
2,500,5263.5,intrinsic_floor,4500,,,763.0,763.5,0.5
2,1200,5262.5,intrinsic_floor,4500,,,762.0,762.5,0.5
2,2000,5268.5,intrinsic_floor,4500,,,768.0,768.5,0.5
2,2200,5268.5,intrinsic_floor,4500,,,768.0,768.5,0.5
2,2400,5270.5,intrinsic_floor,4500,,,770.0,770.5,0.5
2,2500,5272.5,intrinsic_floor,4500,,,772.0,772.5,0.5
2,3100,5272.5,intrinsic_floor,4500,,,772.0,772.5,0.5
2,4500,5272.5,intrinsic_floor,4500,,,772.0,772.5,0.5
2,5900,5276.0,intrinsic_floor,4000,,,1275.0,1276.0,1.0
2,5900,5276.0,intrinsic_floor,4500,,,775.0,776.0,1.0
2,6100,5276.5,intrinsic_floor,4000,,,1275.0,1276.5,1.5
2,6100,5276.5,intrinsic_floor,4500,,,775.0,776.5,1.5
2,6300,5276.0,intrinsic_floor,4000,,,1274.5,1276.0,1.5
2,6300,5276.0,intrinsic_floor,4500,,,774.5,776.0,1.5
2,7600,5272.5,intrinsic_floor,4000,,,1272.0,1272.5,0.5
2,7600,5272.5,intrinsic_floor,4500,,,772.0,772.5,0.5
2,8000,5272.0,intrinsic_floor,4000,,,1270.5,1272.0,1.5
2,8000,5272.0,intrinsic_floor,4500,,,771.0,772.0,1.0
2,8500,5272.0,intrinsic_floor,4000,,,1270.5,1272.0,1.5
2,8500,5272.0,intrinsic_floor,4500,,,770.5,772.0,1.5
2,9000,5267.5,intrinsic_floor,4000,,,1267.0,1267.5,0.5
2,9000,5267.5,intrinsic_floor,4500,,,767.0,767.5,0.5
2,9400,5264.5,intrinsic_floor,4500,,,764.0,764.5,0.5
2,9500,5263.5,intrinsic_floor,4500,,,763.0,763.5,0.5
2,9900,5263.0,intrinsic_floor,4000,,,1262.0,1263.0,1.0
2,9900,5263.0,intrinsic_floor,4500,,,762.0,763.0,1.0
2,10500,5261.5,intrinsic_floor,4500,,,761.0,761.5,0.5
2,11300,5265.5,intrinsic_floor,4000,,,1265.0,1265.5,0.5
2,11300,5265.5,intrinsic_floor,4500,,,765.0,765.5,0.5
2,11500,5267.5,intrinsic_floor,4500,,,767.0,767.5,0.5
2,12500,5267.5,intrinsic_floor,4500,,,767.0,767.5,0.5
2,12900,5266.5,intrinsic_floor,4500,,,766.0,766.5,0.5
2,13100,5266.0,intrinsic_floor,4000,,,1260.0,1266.0,6.0
2,13100,5266.0,intrinsic_floor,4500,,,761.5,766.0,4.5
2,13200,5267.5,intrinsic_floor,4500,,,767.0,767.5,0.5
2,13700,5265.5,intrinsic_floor,4500,,,765.0,765.5,0.5
2,14000,5266.5,intrinsic_floor,4500,,,766.0,766.5,0.5
2,14700,5266.5,intrinsic_floor,4500,,,766.0,766.5,0.5
2,14900,5267.5,intrinsic_floor,4000,,,1266.5,1267.5,1.0
2,14900,5267.5,intrinsic_floor,4500,,,766.5,767.5,1.0
2,15100,5268.5,intrinsic_floor,4000,,,1268.0,1268.5,0.5
2,15100,5268.5,intrinsic_floor,4500,,,768.0,768.5,0.5
2,15400,5268.5,intrinsic_floor,4500,,,768.0,768.5,0.5
2,15500,5268.5,intrinsic_floor,4000,,,1268.0,1268.5,0.5
2,15500,5268.5,intrinsic_floor,4500,,,768.0,768.5,0.5
2,16000,5272.0,intrinsic_floor,4000,,,1270.5,1272.0,1.5
2,16000,5272.0,intrinsic_floor,4500,,,771.0,772.0,1.0
2,16300,5272.5,intrinsic_floor,4000,,,1272.0,1272.5,0.5
2,16300,5272.5,intrinsic_floor,4500,,,772.0,772.5,0.5
2,16500,5273.5,intrinsic_floor,4000,,,1272.5,1273.5,1.0
2,16500,5273.5,intrinsic_floor,4500,,,772.0,773.5,1.5
2,16600,5273.5,intrinsic_floor,4000,,,1273.0,1273.5,0.5
2,16600,5273.5,intrinsic_floor,4500,,,773.0,773.5,0.5
2,17500,5276.5,intrinsic_floor,4500,,,776.0,776.5,0.5
2,18000,5275.5,intrinsic_floor,4500,,,775.0,775.5,0.5
2,18400,5273.5,intrinsic_floor,4500,,,773.0,773.5,0.5
2,18700,5271.5,intrinsic_floor,4500,,,771.0,771.5,0.5
2,18900,5272.5,intrinsic_floor,4000,,,1271.0,1272.5,1.5
2,18900,5272.5,intrinsic_floor,4500,,,771.0,772.5,1.5
2,19400,5269.5,intrinsic_floor,4500,,,769.0,769.5,0.5
2,20200,5270.5,intrinsic_floor,4000,,,1269.5,1270.5,1.0
2,20200,5270.5,intrinsic_floor,4500,,,769.0,770.5,1.5
2,20400,5269.5,intrinsic_floor,4500,,,769.0,769.5,0.5
2,20700,5268.5,intrinsic_floor,4500,,,768.0,768.5,0.5
2,20900,5270.5,intrinsic_floor,4000,,,1265.0,1270.5,5.5
2,20900,5270.5,intrinsic_floor,4500,,,766.0,770.5,4.5
2,22200,5270.5,intrinsic_floor,4500,,,770.0,770.5,0.5
2,22300,5271.5,intrinsic_floor,4000,,,1270.0,1271.5,1.5
2,22300,5271.5,intrinsic_floor,4500,,,770.0,771.5,1.5
2,23000,5267.5,intrinsic_floor,4000,,,1267.0,1267.5,0.5
2,23000,5267.5,intrinsic_floor,4500,,,767.0,767.5,0.5
2,23400,5263.5,intrinsic_floor,4500,,,763.0,763.5,0.5
2,23500,5264.0,intrinsic_floor,4000,,,1258.0,1264.0,6.0
2,23500,5264.0,intrinsic_floor,4500,,,759.5,764.0,4.5
2,24000,5265.5,intrinsic_floor,4500,,,765.0,765.5,0.5
2,24200,5265.5,intrinsic_floor,4500,,,765.0,765.5,0.5
2,24300,5266.5,intrinsic_floor,4000,,,1265.0,1266.5,1.5
2,24300,5266.5,intrinsic_floor,4500,,,765.0,766.5,1.5
2,24400,5266.5,intrinsic_floor,4000,,,1266.0,1266.5,0.5
2,24400,5266.5,intrinsic_floor,4500,,,766.0,766.5,0.5
2,24500,5266.5,intrinsic_floor,4500,,,766.0,766.5,0.5
2,24900,5267.0,intrinsic_floor,4000,,,1266.0,1267.0,1.0
2,24900,5267.0,intrinsic_floor,4500,,,766.0,767.0,1.0
2,25500,5266.5,intrinsic_floor,4500,,,766.0,766.5,0.5
2,25700,5266.5,intrinsic_floor,4500,,,766.0,766.5,0.5
2,27000,5266.5,intrinsic_floor,4500,,,766.0,766.5,0.5
2,27300,5265.5,intrinsic_floor,4500,,,765.0,765.5,0.5
2,29000,5265.5,intrinsic_floor,4500,,,765.0,765.5,0.5
2,29100,5266.5,intrinsic_floor,4000,,,1266.0,1266.5,0.5
2,29100,5266.5,intrinsic_floor,4500,,,766.0,766.5,0.5
2,29400,5266.5,intrinsic_floor,4500,,,766.0,766.5,0.5
2,29500,5266.5,intrinsic_floor,4000,,,1261.0,1266.5,5.5
2,29500,5266.5,intrinsic_floor,4500,,,762.0,766.5,4.5
2,29900,5265.5,intrinsic_floor,4500,,,765.0,765.5,0.5
2,30000,5264.5,intrinsic_floor,4000,,,1264.0,1264.5,0.5
2,30000,5264.5,intrinsic_floor,4500,,,764.0,764.5,0.5
2,30100,5264.5,intrinsic_floor,4500,,,764.0,764.5,0.5
2,30200,5263.5,intrinsic_floor,4500,,,763.0,763.5,0.5
2,30600,5261.5,intrinsic_floor,4500,,,761.0,761.5,0.5
2,30800,5259.5,intrinsic_floor,4500,,,759.0,759.5,0.5
2,31500,5261.5,intrinsic_floor,4500,,,761.0,761.5,0.5
2,32300,5266.5,intrinsic_floor,4500,,,766.0,766.5,0.5
2,32400,5266.5,intrinsic_floor,4500,,,766.0,766.5,0.5
2,32700,5266.5,intrinsic_floor,4500,,,766.0,766.5,0.5
2,33300,5268.5,intrinsic_floor,4500,,,768.0,768.5,0.5
2,33900,5270.5,intrinsic_floor,4500,,,770.0,770.5,0.5
2,34000,5270.5,intrinsic_floor,4500,,,770.0,770.5,0.5
2,34700,5270.5,intrinsic_floor,4500,,,770.0,770.5,0.5
2,34900,5268.5,intrinsic_floor,4500,,,768.0,768.5,0.5
2,35000,5266.5,intrinsic_floor,4500,,,766.0,766.5,0.5
2,35600,5270.0,intrinsic_floor,4000,,,1269.0,1270.0,1.0
2,35600,5270.0,intrinsic_floor,4500,,,769.0,770.0,1.0
2,35800,5266.5,intrinsic_floor,4500,,,766.0,766.5,0.5
2,35900,5268.0,intrinsic_floor,4000,,,1267.0,1268.0,1.0
2,35900,5268.0,intrinsic_floor,4500,,,767.0,768.0,1.0
2,36100,5268.5,intrinsic_floor,4000,,,1268.0,1268.5,0.5
2,36100,5268.5,intrinsic_floor,4500,,,768.0,768.5,0.5
2,36200,5268.5,intrinsic_floor,4500,,,768.0,768.5,0.5
2,36400,5268.5,intrinsic_floor,4500,,,768.0,768.5,0.5
2,36500,5268.5,intrinsic_floor,4500,,,768.0,768.5,0.5
2,37300,5267.5,intrinsic_floor,4500,,,767.0,767.5,0.5
2,37500,5266.5,intrinsic_floor,4500,,,766.0,766.5,0.5
2,37600,5265.5,intrinsic_floor,4500,,,765.0,765.5,0.5
2,37700,5269.0,intrinsic_floor,4000,,,1267.5,1269.0,1.5
2,37700,5269.0,intrinsic_floor,4500,,,768.0,769.0,1.0
2,38400,5267.5,intrinsic_floor,4500,,,767.0,767.5,0.5
2,38900,5268.5,intrinsic_floor,4000,,,1267.0,1268.5,1.5
2,38900,5268.5,intrinsic_floor,4500,,,767.0,768.5,1.5
2,39000,5268.0,intrinsic_floor,4000,,,1267.0,1268.0,1.0
2,39000,5268.0,intrinsic_floor,4500,,,767.0,768.0,1.0
2,39500,5264.5,intrinsic_floor,4500,,,764.0,764.5,0.5
2,40000,5261.5,intrinsic_floor,4500,,,761.0,761.5,0.5
2,40100,5260.5,intrinsic_floor,4500,,,760.0,760.5,0.5
2,40300,5259.5,intrinsic_floor,4500,,,759.0,759.5,0.5
2,40900,5253.5,intrinsic_floor,4500,,,753.0,753.5,0.5
2,41000,5254.5,intrinsic_floor,4500,,,754.0,754.5,0.5
2,41300,5253.5,intrinsic_floor,4500,,,753.0,753.5,0.5
2,41600,5251.0,intrinsic_floor,4000,,,1250.5,1251.0,0.5
2,41700,5251.5,intrinsic_floor,4500,,,751.0,751.5,0.5
2,41900,5250.5,intrinsic_floor,4000,,,1245.0,1250.5,5.5
2,41900,5250.5,intrinsic_floor,4500,,,746.0,750.5,4.5
2,42000,5249.5,intrinsic_floor,4500,,,749.0,749.5,0.5
2,42300,5254.5,intrinsic_floor,4500,,,754.0,754.5,0.5
2,42600,5254.5,intrinsic_floor,4500,,,754.0,754.5,0.5
2,42700,5253.0,intrinsic_floor,4000,,,1252.5,1253.0,0.5
2,42900,5253.5,intrinsic_floor,4000,,,1248.0,1253.5,5.5
2,42900,5253.5,intrinsic_floor,4500,,,749.0,753.5,4.5
2,43100,5253.0,intrinsic_floor,4000,,,1252.5,1253.0,0.5
2,43400,5254.5,intrinsic_floor,4000,,,1253.5,1254.5,1.0
2,43400,5254.5,intrinsic_floor,4500,,,754.0,754.5,0.5
2,43500,5252.0,intrinsic_floor,4000,,,1251.5,1252.0,0.5
2,43800,5250.5,intrinsic_floor,4500,,,750.0,750.5,0.5
2,44000,5251.5,intrinsic_floor,4500,,,751.0,751.5,0.5
2,44300,5254.5,intrinsic_floor,4500,,,754.0,754.5,0.5
2,44400,5255.0,intrinsic_floor,4000,,,1254.5,1255.0,0.5
2,45100,5258.0,intrinsic_floor,4000,,,1253.0,1258.0,5.0
2,45100,5258.0,intrinsic_floor,4500,,,754.0,758.0,4.0
2,45200,5257.5,intrinsic_floor,4500,,,757.0,757.5,0.5
2,45500,5256.5,intrinsic_floor,4500,,,756.0,756.5,0.5
2,45600,5256.5,intrinsic_floor,4500,,,756.0,756.5,0.5
2,45800,5255.5,intrinsic_floor,4500,,,755.0,755.5,0.5
2,46000,5255.5,intrinsic_floor,4500,,,755.0,755.5,0.5
2,46500,5258.5,intrinsic_floor,4000,,,1257.5,1258.5,1.0
2,46500,5258.5,intrinsic_floor,4500,,,757.0,758.5,1.5
2,46700,5258.0,intrinsic_floor,4000,,,1257.5,1258.0,0.5
2,46800,5258.5,intrinsic_floor,4500,,,758.0,758.5,0.5
2,46900,5258.5,intrinsic_floor,4500,,,758.0,758.5,0.5
2,47100,5259.5,intrinsic_floor,4500,,,759.0,759.5,0.5
2,47200,5260.5,intrinsic_floor,4000,,,1259.5,1260.5,1.0
2,47200,5260.5,intrinsic_floor,4500,,,759.0,760.5,1.5
2,47600,5260.0,intrinsic_floor,4000,,,1259.5,1260.0,0.5
2,47700,5259.0,intrinsic_floor,4000,,,1258.5,1259.0,0.5
2,48100,5258.5,intrinsic_floor,4500,,,758.0,758.5,0.5
2,48500,5259.5,intrinsic_floor,4500,,,759.0,759.5,0.5
2,48600,5259.5,intrinsic_floor,4500,,,759.0,759.5,0.5
2,48700,5259.5,intrinsic_floor,4500,,,759.0,759.5,0.5
2,49600,5258.5,intrinsic_floor,4500,,,758.0,758.5,0.5
2,49900,5260.5,intrinsic_floor,4500,,,760.0,760.5,0.5
2,50000,5260.5,intrinsic_floor,4500,,,760.0,760.5,0.5
2,50200,5259.5,intrinsic_floor,4500,,,759.0,759.5,0.5
2,50400,5260.5,intrinsic_floor,4500,,,760.0,760.5,0.5
2,50600,5261.5,intrinsic_floor,4500,,,761.0,761.5,0.5
2,50900,5265.5,intrinsic_floor,4500,,,765.0,765.5,0.5
2,51400,5264.5,intrinsic_floor,4500,,,764.0,764.5,0.5
2,51600,5264.5,intrinsic_floor,4500,,,764.0,764.5,0.5
2,52100,5262.5,intrinsic_floor,4500,,,762.0,762.5,0.5
2,52300,5262.5,intrinsic_floor,4500,,,762.0,762.5,0.5
2,52400,5262.0,intrinsic_floor,4000,,,1261.5,1262.0,0.5
2,52900,5261.0,intrinsic_floor,4000,,,1254.0,1261.0,7.0
2,52900,5261.0,intrinsic_floor,4500,,,755.0,761.0,6.0
2,53200,5261.5,intrinsic_floor,4500,,,761.0,761.5,0.5
2,53900,5258.5,intrinsic_floor,4500,,,758.0,758.5,0.5
2,54300,5259.5,intrinsic_floor,4500,,,759.0,759.5,0.5
2,54400,5259.5,intrinsic_floor,4500,,,759.0,759.5,0.5
2,55200,5257.5,intrinsic_floor,4500,,,757.0,757.5,0.5
2,55300,5256.5,intrinsic_floor,4000,,,1255.5,1256.5,1.0
2,55300,5256.5,intrinsic_floor,4500,,,756.0,756.5,0.5
2,55500,5256.5,intrinsic_floor,4500,,,756.0,756.5,0.5
2,55900,5255.5,intrinsic_floor,4500,,,755.0,755.5,0.5
2,56200,5253.5,intrinsic_floor,4500,,,753.0,753.5,0.5
2,56400,5252.5,intrinsic_floor,4000,,,1251.5,1252.5,1.0
2,56400,5252.5,intrinsic_floor,4500,,,752.0,752.5,0.5
2,56500,5252.5,intrinsic_floor,4500,,,752.0,752.5,0.5
2,56800,5253.5,intrinsic_floor,4000,,,1251.5,1253.5,2.0
2,56800,5253.5,intrinsic_floor,4500,,,752.0,753.5,1.5
2,57000,5251.5,intrinsic_floor,4500,,,751.0,751.5,0.5
2,57200,5250.5,intrinsic_floor,4000,,,1249.5,1250.5,1.0
2,57200,5250.5,intrinsic_floor,4500,,,750.0,750.5,0.5
2,57500,5249.5,intrinsic_floor,4500,,,749.0,749.5,0.5
2,57600,5248.5,intrinsic_floor,4500,,,748.0,748.5,0.5
2,57800,5249.5,intrinsic_floor,4000,,,1248.5,1249.5,1.0
2,57800,5249.5,intrinsic_floor,4500,,,749.0,749.5,0.5
2,58300,5249.5,intrinsic_floor,4000,,,1248.5,1249.5,1.0
2,58300,5249.5,intrinsic_floor,4500,,,749.0,749.5,0.5
2,58400,5248.5,intrinsic_floor,4000,,,1247.5,1248.5,1.0
2,58400,5248.5,intrinsic_floor,4500,,,747.0,748.5,1.5
2,58500,5247.5,intrinsic_floor,4500,,,747.0,747.5,0.5
2,58600,5247.5,intrinsic_floor,4500,,,747.0,747.5,0.5
2,58700,5245.5,intrinsic_floor,4500,,,745.0,745.5,0.5
2,58800,5243.5,intrinsic_floor,4500,,,743.0,743.5,0.5
2,59100,5242.5,intrinsic_floor,4500,,,742.0,742.5,0.5
2,59200,5241.5,intrinsic_floor,4500,,,741.0,741.5,0.5
2,59600,5241.5,intrinsic_floor,4500,,,741.0,741.5,0.5
2,59700,5241.5,intrinsic_floor,4500,,,741.0,741.5,0.5
2,59800,5242.5,intrinsic_floor,4500,,,742.0,742.5,0.5
2,60000,5243.5,intrinsic_floor,4500,,,743.0,743.5,0.5
2,60300,5242.5,intrinsic_floor,4500,,,742.0,742.5,0.5
2,60500,5244.5,intrinsic_floor,4500,,,744.0,744.5,0.5
2,60600,5245.5,intrinsic_floor,4500,,,745.0,745.5,0.5
2,60700,5245.5,intrinsic_floor,4500,,,745.0,745.5,0.5
2,60800,5246.5,intrinsic_floor,4500,,,746.0,746.5,0.5
2,60900,5246.5,intrinsic_floor,4500,,,746.0,746.5,0.5
2,61000,5246.5,intrinsic_floor,4500,,,746.0,746.5,0.5
2,61600,5247.5,intrinsic_floor,4500,,,747.0,747.5,0.5
2,61800,5249.0,intrinsic_floor,4000,,,1248.5,1249.0,0.5
2,62200,5248.5,intrinsic_floor,4500,,,748.0,748.5,0.5
2,62300,5248.0,intrinsic_floor,4000,,,1247.5,1248.0,0.5
2,62500,5248.5,intrinsic_floor,4500,,,748.0,748.5,0.5
2,62600,5249.0,intrinsic_floor,4000,,,1248.5,1249.0,0.5
2,62800,5249.5,intrinsic_floor,4500,,,749.0,749.5,0.5
2,62900,5249.5,intrinsic_floor,4500,,,749.0,749.5,0.5
2,63000,5249.5,intrinsic_floor,4500,,,749.0,749.5,0.5
2,63200,5253.0,intrinsic_floor,4000,,,1251.5,1253.0,1.5
2,63200,5253.0,intrinsic_floor,4500,,,752.0,753.0,1.0
2,63500,5252.5,intrinsic_floor,4500,,,752.0,752.5,0.5
2,63600,5252.5,intrinsic_floor,4500,,,752.0,752.5,0.5
2,63700,5251.0,intrinsic_floor,4000,,,1250.5,1251.0,0.5
2,64100,5252.0,intrinsic_floor,4000,,,1251.5,1252.0,0.5
2,64500,5253.5,intrinsic_floor,4500,,,753.0,753.5,0.5
2,64700,5252.5,intrinsic_floor,4500,,,752.0,752.5,0.5
2,64900,5251.5,intrinsic_floor,4500,,,751.0,751.5,0.5
2,65400,5251.5,intrinsic_floor,4500,,,751.0,751.5,0.5
2,65700,5253.5,intrinsic_floor,4500,,,753.0,753.5,0.5
2,66000,5251.5,intrinsic_floor,4500,,,751.0,751.5,0.5
2,66500,5251.5,intrinsic_floor,4500,,,751.0,751.5,0.5
2,66600,5253.5,intrinsic_floor,4500,,,753.0,753.5,0.5
2,66800,5255.5,intrinsic_floor,4500,,,755.0,755.5,0.5
2,67200,5256.5,intrinsic_floor,4500,,,756.0,756.5,0.5
2,67600,5259.5,intrinsic_floor,4500,,,759.0,759.5,0.5
2,67800,5259.5,intrinsic_floor,4500,,,759.0,759.5,0.5
2,67900,5259.5,intrinsic_floor,4500,,,759.0,759.5,0.5
2,68100,5259.5,intrinsic_floor,4500,,,759.0,759.5,0.5
2,68300,5258.5,intrinsic_floor,4500,,,758.0,758.5,0.5
2,68700,5255.5,intrinsic_floor,4500,,,755.0,755.5,0.5
2,68900,5253.5,intrinsic_floor,4500,,,753.0,753.5,0.5
2,69100,5254.5,intrinsic_floor,4500,,,754.0,754.5,0.5
2,69400,5253.5,intrinsic_floor,4500,,,753.0,753.5,0.5
2,69500,5255.5,intrinsic_floor,4500,,,755.0,755.5,0.5
2,70200,5256.5,intrinsic_floor,4500,,,756.0,756.5,0.5
2,70600,5256.5,intrinsic_floor,4500,,,756.0,756.5,0.5
2,71400,5252.0,intrinsic_floor,4000,,,1251.5,1252.0,0.5
2,71500,5253.0,intrinsic_floor,4000,,,1251.5,1253.0,1.5
2,71500,5253.0,intrinsic_floor,4500,,,752.0,753.0,1.0
2,71600,5252.5,intrinsic_floor,4500,,,752.0,752.5,0.5
2,71700,5252.5,intrinsic_floor,4500,,,752.0,752.5,0.5
2,71800,5254.5,intrinsic_floor,4500,,,754.0,754.5,0.5
2,71900,5253.0,intrinsic_floor,4000,,,1252.5,1253.0,0.5
2,72200,5257.5,intrinsic_floor,4500,,,757.0,757.5,0.5
2,72500,5258.5,intrinsic_floor,4500,,,758.0,758.5,0.5
2,73300,5256.5,intrinsic_floor,4500,,,756.0,756.5,0.5
2,73800,5256.5,intrinsic_floor,4500,,,756.0,756.5,0.5
2,74100,5256.5,intrinsic_floor,4500,,,756.0,756.5,0.5
2,74200,5256.5,intrinsic_floor,4500,,,756.0,756.5,0.5
2,74500,5256.5,intrinsic_floor,4500,,,756.0,756.5,0.5
2,74600,5256.5,intrinsic_floor,4500,,,756.0,756.5,0.5
2,75000,5256.5,intrinsic_floor,4500,,,756.0,756.5,0.5
2,75200,5255.5,intrinsic_floor,4000,,,1250.0,1255.5,5.5
2,75200,5255.5,intrinsic_floor,4500,,,751.0,755.5,4.5
2,75300,5254.5,intrinsic_floor,4500,,,754.0,754.5,0.5
2,75400,5256.5,intrinsic_floor,4500,,,756.0,756.5,0.5
2,75500,5256.5,intrinsic_floor,4500,,,756.0,756.5,0.5
2,75600,5256.5,intrinsic_floor,4500,,,756.0,756.5,0.5
2,75700,5255.5,intrinsic_floor,4500,,,755.0,755.5,0.5
2,75800,5255.5,intrinsic_floor,4500,,,755.0,755.5,0.5
2,76200,5254.5,intrinsic_floor,4000,,,1253.5,1254.5,1.0
2,76200,5254.5,intrinsic_floor,4500,,,753.5,754.5,1.0
2,76800,5254.0,intrinsic_floor,4000,,,1253.5,1254.0,0.5
2,76900,5253.5,intrinsic_floor,4500,,,753.0,753.5,0.5
2,77000,5253.5,intrinsic_floor,4500,,,753.0,753.5,0.5
2,77100,5252.5,intrinsic_floor,4500,,,752.0,752.5,0.5
2,77200,5252.5,intrinsic_floor,4500,,,752.0,752.5,0.5
2,77300,5252.5,intrinsic_floor,4000,,,1251.5,1252.5,1.0
2,77300,5252.5,intrinsic_floor,4500,,,751.0,752.5,1.5
2,77500,5253.5,intrinsic_floor,4500,,,753.0,753.5,0.5
2,77600,5253.5,intrinsic_floor,4500,,,753.0,753.5,0.5
2,77700,5253.5,intrinsic_floor,4500,,,753.0,753.5,0.5
2,77900,5255.5,intrinsic_floor,4500,,,755.0,755.5,0.5
2,78100,5256.5,intrinsic_floor,4500,,,756.0,756.5,0.5
2,78300,5255.5,intrinsic_floor,4000,,,1254.5,1255.5,1.0
2,78300,5255.5,intrinsic_floor,4500,,,754.0,755.5,1.5
2,78400,5254.5,intrinsic_floor,4500,,,754.0,754.5,0.5
2,78600,5253.5,intrinsic_floor,4500,,,753.0,753.5,0.5
2,79200,5256.5,intrinsic_floor,4500,,,756.0,756.5,0.5
2,79300,5257.5,intrinsic_floor,4000,,,1252.0,1257.5,5.5
2,79300,5257.5,intrinsic_floor,4500,,,753.5,757.5,4.0
2,79500,5257.0,intrinsic_floor,4000,,,1256.5,1257.0,0.5
2,79600,5258.5,intrinsic_floor,4500,,,758.0,758.5,0.5
2,80400,5262.5,intrinsic_floor,4500,,,762.0,762.5,0.5
2,80700,5262.5,intrinsic_floor,4500,,,762.0,762.5,0.5
2,81700,5266.5,intrinsic_floor,4000,,,1265.5,1266.5,1.0
2,81700,5266.5,intrinsic_floor,4500,,,765.5,766.5,1.0
2,81900,5267.5,intrinsic_floor,4500,,,767.0,767.5,0.5
2,82000,5269.5,intrinsic_floor,4500,,,769.0,769.5,0.5
2,82400,5272.5,intrinsic_floor,4000,,,1272.0,1272.5,0.5
2,82400,5272.5,intrinsic_floor,4500,,,772.0,772.5,0.5
2,83200,5266.5,intrinsic_floor,4500,,,766.0,766.5,0.5
2,83400,5267.5,intrinsic_floor,4500,,,767.0,767.5,0.5
2,83500,5268.5,intrinsic_floor,4500,,,768.0,768.5,0.5
2,83800,5269.5,intrinsic_floor,4000,,,1268.5,1269.5,1.0
2,83800,5269.5,intrinsic_floor,4500,,,768.5,769.5,1.0
2,84000,5268.5,intrinsic_floor,4500,,,768.0,768.5,0.5
2,84200,5270.5,intrinsic_floor,4000,,,1269.0,1270.5,1.5
2,84200,5270.5,intrinsic_floor,4500,,,769.0,770.5,1.5
2,84300,5270.5,intrinsic_floor,4000,,,1269.5,1270.5,1.0
2,84300,5270.5,intrinsic_floor,4500,,,769.0,770.5,1.5
2,85100,5268.5,intrinsic_floor,4500,,,768.0,768.5,0.5
2,85400,5268.5,intrinsic_floor,4500,,,768.0,768.5,0.5
2,85500,5270.5,intrinsic_floor,4500,,,770.0,770.5,0.5
2,85600,5270.5,intrinsic_floor,4500,,,770.0,770.5,0.5
2,85900,5268.5,intrinsic_floor,4500,,,768.0,768.5,0.5
2,86500,5271.5,intrinsic_floor,4000,,,1270.5,1271.5,1.0
2,86500,5271.5,intrinsic_floor,4500,,,770.0,771.5,1.5
2,87800,5270.5,intrinsic_floor,4500,,,770.0,770.5,0.5
2,87900,5272.5,intrinsic_floor,4000,,,1271.0,1272.5,1.5
2,87900,5272.5,intrinsic_floor,4500,,,771.0,772.5,1.5
2,88000,5270.5,intrinsic_floor,4500,,,770.0,770.5,0.5
2,89000,5270.5,intrinsic_floor,4000,,,1269.5,1270.5,1.0
2,89000,5270.5,intrinsic_floor,4500,,,769.0,770.5,1.5
2,89600,5268.5,intrinsic_floor,4500,,,768.0,768.5,0.5
2,90100,5269.5,intrinsic_floor,4000,,,1268.5,1269.5,1.0
2,90100,5269.5,intrinsic_floor,4500,,,768.0,769.5,1.5
2,90700,5267.5,intrinsic_floor,4500,,,767.0,767.5,0.5
2,90900,5266.5,intrinsic_floor,4500,,,766.0,766.5,0.5
2,91100,5265.5,intrinsic_floor,4500,,,765.0,765.5,0.5
2,91200,5265.5,intrinsic_floor,4500,,,765.0,765.5,0.5
2,91400,5268.5,intrinsic_floor,4500,,,768.0,768.5,0.5
2,92100,5267.5,intrinsic_floor,4500,,,767.0,767.5,0.5
2,92200,5268.5,intrinsic_floor,4000,,,1268.0,1268.5,0.5
2,92200,5268.5,intrinsic_floor,4500,,,768.0,768.5,0.5
2,92400,5267.5,intrinsic_floor,4000,,,1267.0,1267.5,0.5
2,92400,5267.5,intrinsic_floor,4500,,,767.0,767.5,0.5
2,92600,5268.5,intrinsic_floor,4500,,,768.0,768.5,0.5
2,93400,5268.5,intrinsic_floor,4000,,,1268.0,1268.5,0.5
2,93400,5268.5,intrinsic_floor,4500,,,768.0,768.5,0.5
2,94600,5267.5,intrinsic_floor,4500,,,767.0,767.5,0.5
2,94800,5264.5,intrinsic_floor,4500,,,764.0,764.5,0.5
2,96100,5262.0,intrinsic_floor,4000,,,1261.5,1262.0,0.5
2,96500,5264.5,intrinsic_floor,4500,,,764.0,764.5,0.5
2,96900,5264.5,intrinsic_floor,4500,,,764.0,764.5,0.5
2,97700,5261.5,intrinsic_floor,4500,,,761.0,761.5,0.5
2,97900,5261.5,intrinsic_floor,4500,,,761.0,761.5,0.5
2,99000,5265.5,intrinsic_floor,4500,,,765.0,765.5,0.5
2,99100,5264.5,intrinsic_floor,4500,,,764.0,764.5,0.5
2,100100,5263.5,intrinsic_floor,4500,,,763.0,763.5,0.5
2,100400,5261.0,intrinsic_floor,4000,,,1260.5,1261.0,0.5
2,100500,5260.5,intrinsic_floor,4500,,,760.0,760.5,0.5
2,100600,5259.5,intrinsic_floor,4500,,,759.0,759.5,0.5
2,100700,5259.0,intrinsic_floor,4000,,,1258.5,1259.0,0.5
2,101000,5257.5,intrinsic_floor,4500,,,757.0,757.5,0.5
2,101700,5263.5,intrinsic_floor,4500,,,763.0,763.5,0.5
2,101900,5262.5,intrinsic_floor,4500,,,762.0,762.5,0.5
2,102100,5262.5,intrinsic_floor,4500,,,762.0,762.5,0.5
2,102600,5265.0,intrinsic_floor,4000,,,1259.0,1265.0,6.0
2,102600,5265.0,intrinsic_floor,4500,,,760.5,765.0,4.5
2,103000,5264.5,intrinsic_floor,4500,,,764.0,764.5,0.5
2,103100,5264.5,intrinsic_floor,4500,,,764.0,764.5,0.5
2,103200,5265.5,intrinsic_floor,4500,,,765.0,765.5,0.5
2,103300,5264.5,intrinsic_floor,4500,,,764.0,764.5,0.5
2,103900,5262.5,intrinsic_floor,4000,,,1261.5,1262.5,1.0
2,103900,5262.5,intrinsic_floor,4500,,,761.0,762.5,1.5
2,104300,5263.5,intrinsic_floor,4500,,,763.0,763.5,0.5
2,104500,5263.5,intrinsic_floor,4500,,,763.0,763.5,0.5
2,104600,5261.5,intrinsic_floor,4500,,,761.0,761.5,0.5
2,105100,5261.5,intrinsic_floor,4500,,,761.0,761.5,0.5
2,105200,5260.5,intrinsic_floor,4500,,,760.0,760.5,0.5
2,105300,5260.5,intrinsic_floor,4500,,,760.0,760.5,0.5
2,105400,5260.5,intrinsic_floor,4000,,,1259.5,1260.5,1.0
2,105400,5260.5,intrinsic_floor,4500,,,759.5,760.5,1.0
2,105500,5258.5,intrinsic_floor,4000,,,1253.0,1258.5,5.5
2,105500,5258.5,intrinsic_floor,4500,,,754.5,758.5,4.0
2,105600,5259.5,intrinsic_floor,4500,,,759.0,759.5,0.5
2,106100,5261.5,intrinsic_floor,4000,,,1260.5,1261.5,1.0
2,106100,5261.5,intrinsic_floor,4500,,,760.0,761.5,1.5
2,106700,5260.5,intrinsic_floor,4500,,,760.0,760.5,0.5
2,107600,5262.5,intrinsic_floor,4500,,,762.0,762.5,0.5
2,107700,5262.5,intrinsic_floor,4500,,,762.0,762.5,0.5
2,108100,5263.5,intrinsic_floor,4500,,,763.0,763.5,0.5
2,108200,5263.5,intrinsic_floor,4500,,,763.0,763.5,0.5
2,108300,5263.5,intrinsic_floor,4500,,,763.0,763.5,0.5
2,108600,5261.5,intrinsic_floor,4500,,,761.0,761.5,0.5
2,108700,5260.5,intrinsic_floor,4500,,,760.0,760.5,0.5
2,108900,5261.5,intrinsic_floor,4500,,,761.0,761.5,0.5
2,109000,5263.5,intrinsic_floor,4500,,,763.0,763.5,0.5
2,109500,5262.5,intrinsic_floor,4500,,,762.0,762.5,0.5
2,109600,5262.5,intrinsic_floor,4500,,,762.0,762.5,0.5
2,109700,5263.5,intrinsic_floor,4500,,,763.0,763.5,0.5
2,110200,5259.5,intrinsic_floor,4500,,,759.0,759.5,0.5
2,110400,5259.5,intrinsic_floor,4500,,,759.0,759.5,0.5
2,110800,5258.5,intrinsic_floor,4500,,,758.0,758.5,0.5
2,110900,5258.5,intrinsic_floor,4500,,,758.0,758.5,0.5
2,111200,5259.5,intrinsic_floor,4500,,,759.0,759.5,0.5
2,111300,5260.5,intrinsic_floor,4500,,,760.0,760.5,0.5
2,111400,5260.5,intrinsic_floor,4500,,,760.0,760.5,0.5
2,111600,5260.5,intrinsic_floor,4500,,,760.0,760.5,0.5
2,111700,5262.5,intrinsic_floor,4500,,,762.0,762.5,0.5
2,112400,5257.5,intrinsic_floor,4500,,,757.0,757.5,0.5
2,112500,5257.5,intrinsic_floor,4500,,,757.0,757.5,0.5
2,112900,5258.5,intrinsic_floor,4500,,,758.0,758.5,0.5
2,113300,5256.5,intrinsic_floor,4500,,,756.0,756.5,0.5
2,113600,5256.5,intrinsic_floor,4000,,,1255.5,1256.5,1.0
2,113600,5256.5,intrinsic_floor,4500,,,755.5,756.5,1.0
2,113800,5257.5,intrinsic_floor,4500,,,757.0,757.5,0.5
2,114100,5258.0,intrinsic_floor,4000,,,1257.5,1258.0,0.5
2,114500,5258.5,intrinsic_floor,4500,,,758.0,758.5,0.5
2,114600,5257.5,intrinsic_floor,4500,,,757.0,757.5,0.5
2,114700,5258.5,intrinsic_floor,4500,,,758.0,758.5,0.5
2,115800,5253.5,intrinsic_floor,4500,,,753.0,753.5,0.5
2,116000,5253.5,intrinsic_floor,4500,,,753.0,753.5,0.5
2,116900,5258.5,intrinsic_floor,4500,,,758.0,758.5,0.5
2,117100,5260.5,intrinsic_floor,4500,,,760.0,760.5,0.5
2,117400,5261.5,intrinsic_floor,4500,,,761.0,761.5,0.5
2,117500,5260.5,intrinsic_floor,4500,,,760.0,760.5,0.5
2,117600,5259.5,intrinsic_floor,4500,,,759.0,759.5,0.5
2,117800,5259.5,intrinsic_floor,4500,,,759.0,759.5,0.5
2,117900,5259.5,intrinsic_floor,4500,,,759.0,759.5,0.5
2,118000,5260.5,intrinsic_floor,4000,,,1259.5,1260.5,1.0
2,118000,5260.5,intrinsic_floor,4500,,,759.0,760.5,1.5
2,118100,5257.5,intrinsic_floor,4500,,,757.0,757.5,0.5
2,118200,5257.0,intrinsic_floor,4000,,,1256.5,1257.0,0.5
2,118300,5255.5,intrinsic_floor,4500,,,755.0,755.5,0.5
2,118400,5253.5,intrinsic_floor,4500,,,753.0,753.5,0.5
2,119000,5252.5,intrinsic_floor,4500,,,752.0,752.5,0.5
2,119200,5250.5,intrinsic_floor,4500,,,750.0,750.5,0.5
2,119800,5251.5,intrinsic_floor,4500,,,751.0,751.5,0.5
2,119900,5252.5,intrinsic_floor,4500,,,752.0,752.5,0.5
2,120000,5253.0,intrinsic_floor,4000,,,1252.5,1253.0,0.5
2,120500,5256.0,intrinsic_floor,4000,,,1255.5,1256.0,0.5
2,120700,5257.5,intrinsic_floor,4000,,,1256.5,1257.5,1.0
2,120700,5257.5,intrinsic_floor,4500,,,756.0,757.5,1.5
2,121000,5255.5,intrinsic_floor,4500,,,755.0,755.5,0.5
2,121200,5258.0,intrinsic_floor,4000,,,1257.0,1258.0,1.0
2,121200,5258.0,intrinsic_floor,4500,,,757.0,758.0,1.0
2,121400,5258.5,intrinsic_floor,4500,,,758.0,758.5,0.5
2,121600,5259.5,intrinsic_floor,4500,,,759.0,759.5,0.5
2,121700,5259.5,intrinsic_floor,4500,,,759.0,759.5,0.5
2,121800,5259.5,intrinsic_floor,4500,,,759.0,759.5,0.5
2,122200,5260.5,intrinsic_floor,4000,,,1259.5,1260.5,1.0
2,122200,5260.5,intrinsic_floor,4500,,,760.0,760.5,0.5
2,122400,5260.5,intrinsic_floor,4500,,,760.0,760.5,0.5
2,122600,5261.5,intrinsic_floor,4500,,,761.0,761.5,0.5
2,122700,5262.5,intrinsic_floor,4500,,,762.0,762.5,0.5
2,123400,5264.5,intrinsic_floor,4500,,,764.0,764.5,0.5
2,123600,5264.5,intrinsic_floor,4500,,,764.0,764.5,0.5
2,123700,5264.5,intrinsic_floor,4500,,,764.0,764.5,0.5
2,123800,5264.5,intrinsic_floor,4500,,,764.0,764.5,0.5
2,124200,5261.5,intrinsic_floor,4500,,,761.0,761.5,0.5
2,124300,5262.5,intrinsic_floor,4500,,,762.0,762.5,0.5
2,124400,5262.5,intrinsic_floor,4500,,,762.0,762.5,0.5
2,124500,5261.5,intrinsic_floor,4500,,,761.0,761.5,0.5
2,124700,5261.5,intrinsic_floor,4500,,,761.0,761.5,0.5
2,125900,5266.0,intrinsic_floor,4000,,,1264.5,1266.0,1.5
2,125900,5266.0,intrinsic_floor,4500,,,764.5,766.0,1.5
2,126100,5263.5,intrinsic_floor,4500,,,763.0,763.5,0.5
2,126400,5262.5,intrinsic_floor,4500,,,762.0,762.5,0.5
2,127400,5259.5,intrinsic_floor,4500,,,759.0,759.5,0.5
2,127500,5258.5,intrinsic_floor,4000,,,1257.5,1258.5,1.0
2,127500,5258.5,intrinsic_floor,4500,,,757.0,758.5,1.5
2,128000,5256.5,intrinsic_floor,4500,,,756.0,756.5,0.5
2,128100,5257.5,intrinsic_floor,4500,,,757.0,757.5,0.5
2,128300,5257.5,intrinsic_floor,4500,,,757.0,757.5,0.5
2,128400,5257.5,intrinsic_floor,4500,,,757.0,757.5,0.5
2,128600,5258.5,intrinsic_floor,4500,,,758.0,758.5,0.5
2,128900,5257.5,intrinsic_floor,4500,,,757.0,757.5,0.5
2,129700,5255.0,intrinsic_floor,4000,,,1251.0,1255.0,4.0
2,129700,5255.0,intrinsic_floor,4500,,,752.5,755.0,2.5
2,130200,5255.5,intrinsic_floor,4500,,,755.0,755.5,0.5
2,130400,5254.5,intrinsic_floor,4500,,,754.0,754.5,0.5
2,130500,5254.0,intrinsic_floor,4000,,,1252.5,1254.0,1.5
2,130500,5254.0,intrinsic_floor,4500,,,753.0,754.0,1.0
2,130600,5254.5,intrinsic_floor,4500,,,754.0,754.5,0.5
2,130800,5256.5,intrinsic_floor,4500,,,756.0,756.5,0.5
2,131500,5257.5,intrinsic_floor,4500,,,757.0,757.5,0.5
2,131700,5257.5,intrinsic_floor,4500,,,757.0,757.5,0.5
2,131900,5257.5,intrinsic_floor,4000,,,1256.5,1257.5,1.0
2,131900,5257.5,intrinsic_floor,4500,,,756.0,757.5,1.5
2,132200,5256.5,intrinsic_floor,4500,,,756.0,756.5,0.5
2,132700,5255.5,intrinsic_floor,4500,,,755.0,755.5,0.5
2,132800,5256.5,intrinsic_floor,4500,,,756.0,756.5,0.5
2,133000,5257.5,intrinsic_floor,4500,,,757.0,757.5,0.5
2,133200,5256.5,intrinsic_floor,4500,,,756.0,756.5,0.5
2,133300,5256.5,intrinsic_floor,4500,,,756.0,756.5,0.5
2,133800,5256.5,intrinsic_floor,4500,,,756.0,756.5,0.5
2,134200,5256.5,intrinsic_floor,4500,,,756.0,756.5,0.5
2,134500,5255.5,intrinsic_floor,4500,,,755.0,755.5,0.5
2,135400,5256.5,intrinsic_floor,4500,,,756.0,756.5,0.5
2,135500,5256.5,intrinsic_floor,4500,,,756.0,756.5,0.5
2,136000,5255.5,intrinsic_floor,4500,,,755.0,755.5,0.5
2,136200,5256.0,intrinsic_floor,4000,,,1255.5,1256.0,0.5
2,136600,5258.5,intrinsic_floor,4500,,,758.0,758.5,0.5
2,136800,5258.5,intrinsic_floor,4500,,,758.0,758.5,0.5
2,136900,5258.5,intrinsic_floor,4500,,,758.0,758.5,0.5
2,137100,5258.5,intrinsic_floor,4500,,,758.0,758.5,0.5
2,137400,5263.5,intrinsic_floor,4000,,,1262.5,1263.5,1.0
2,137400,5263.5,intrinsic_floor,4500,,,762.0,763.5,1.5
2,137500,5260.5,intrinsic_floor,4500,,,760.0,760.5,0.5
2,137700,5259.5,intrinsic_floor,4500,,,759.0,759.5,0.5
2,137800,5259.5,intrinsic_floor,4500,,,759.0,759.5,0.5
2,139000,5255.5,intrinsic_floor,4500,,,755.0,755.5,0.5
2,139100,5255.5,intrinsic_floor,4500,,,755.0,755.5,0.5
2,139400,5254.5,intrinsic_floor,4500,,,754.0,754.5,0.5
2,139700,5257.5,intrinsic_floor,4000,,,1256.5,1257.5,1.0
2,139700,5257.5,intrinsic_floor,4500,,,757.0,757.5,0.5
2,140000,5256.5,intrinsic_floor,4500,,,756.0,756.5,0.5
2,140400,5257.5,intrinsic_floor,4500,,,757.0,757.5,0.5
2,140700,5258.5,intrinsic_floor,4500,,,758.0,758.5,0.5
2,140800,5258.0,intrinsic_floor,4000,,,1257.5,1258.0,0.5
2,141000,5257.5,intrinsic_floor,4500,,,757.0,757.5,0.5
2,141300,5258.5,intrinsic_floor,4500,,,758.0,758.5,0.5
2,141700,5258.5,intrinsic_floor,4500,,,758.0,758.5,0.5
2,141800,5258.5,intrinsic_floor,4500,,,758.0,758.5,0.5
2,142000,5258.5,intrinsic_floor,4500,,,758.0,758.5,0.5
2,142500,5258.5,intrinsic_floor,4000,,,1257.5,1258.5,1.0
2,142500,5258.5,intrinsic_floor,4500,,,757.5,758.5,1.0
2,142900,5257.5,intrinsic_floor,4500,,,757.0,757.5,0.5
2,143000,5258.5,intrinsic_floor,4500,,,758.0,758.5,0.5
2,143200,5259.5,intrinsic_floor,4000,,,1258.5,1259.5,1.0
2,143200,5259.5,intrinsic_floor,4500,,,758.0,759.5,1.5
2,143500,5261.5,intrinsic_floor,4500,,,761.0,761.5,0.5
2,144100,5263.5,intrinsic_floor,4500,,,763.0,763.5,0.5
2,144700,5265.5,intrinsic_floor,4000,,,1265.0,1265.5,0.5
2,144700,5265.5,intrinsic_floor,4500,,,765.0,765.5,0.5
2,144900,5267.0,intrinsic_floor,4000,,,1266.0,1267.0,1.0
2,144900,5267.0,intrinsic_floor,4500,,,766.0,767.0,1.0
2,145100,5269.0,intrinsic_floor,4000,,,1268.0,1269.0,1.0
2,145100,5269.0,intrinsic_floor,4500,,,768.0,769.0,1.0
2,145300,5270.0,intrinsic_floor,4000,,,1269.0,1270.0,1.0
2,145300,5270.0,intrinsic_floor,4500,,,769.0,770.0,1.0
2,146000,5268.5,intrinsic_floor,4500,,,768.0,768.5,0.5
2,147000,5263.5,intrinsic_floor,4500,,,763.0,763.5,0.5
2,147300,5261.5,intrinsic_floor,4500,,,761.0,761.5,0.5
2,147400,5262.5,intrinsic_floor,4500,,,762.0,762.5,0.5
2,147600,5263.5,intrinsic_floor,4500,,,763.0,763.5,0.5
2,147700,5263.5,intrinsic_floor,4500,,,763.0,763.5,0.5
2,147900,5265.5,intrinsic_floor,4500,,,765.0,765.5,0.5
2,148000,5266.5,intrinsic_floor,4500,,,766.0,766.5,0.5
2,148100,5266.5,intrinsic_floor,4000,,,1265.5,1266.5,1.0
2,148100,5266.5,intrinsic_floor,4500,,,765.0,766.5,1.5
2,148300,5266.5,intrinsic_floor,4500,,,766.0,766.5,0.5
2,148700,5264.5,intrinsic_floor,4500,,,764.0,764.5,0.5
2,148800,5265.5,intrinsic_floor,4000,,,1264.5,1265.5,1.0
2,148800,5265.5,intrinsic_floor,4500,,,764.5,765.5,1.0
2,149000,5265.5,intrinsic_floor,4500,,,765.0,765.5,0.5
2,149400,5267.5,intrinsic_floor,4500,,,767.0,767.5,0.5
2,149600,5269.5,intrinsic_floor,4000,,,1269.0,1269.5,0.5
2,149600,5269.5,intrinsic_floor,4500,,,769.0,769.5,0.5
2,149900,5269.5,intrinsic_floor,4500,,,769.0,769.5,0.5
2,151000,5272.5,intrinsic_floor,4000,,,1272.0,1272.5,0.5
2,151000,5272.5,intrinsic_floor,4500,,,772.0,772.5,0.5
2,152200,5273.5,intrinsic_floor,4500,,,773.0,773.5,0.5
2,152500,5274.5,intrinsic_floor,4000,,,1274.0,1274.5,0.5
2,152500,5274.5,intrinsic_floor,4500,,,774.0,774.5,0.5
2,152900,5274.5,intrinsic_floor,4000,,,1274.0,1274.5,0.5
2,152900,5274.5,intrinsic_floor,4500,,,774.0,774.5,0.5
2,153000,5273.5,intrinsic_floor,4500,,,773.0,773.5,0.5
2,153500,5271.5,intrinsic_floor,4500,,,771.0,771.5,0.5
2,155200,5275.5,intrinsic_floor,4000,,,1275.0,1275.5,0.5
2,155200,5275.5,intrinsic_floor,4500,,,775.0,775.5,0.5
2,155800,5276.5,intrinsic_floor,4500,,,776.0,776.5,0.5
2,156700,5276.5,intrinsic_floor,4000,,,1276.0,1276.5,0.5
2,156700,5276.5,intrinsic_floor,4500,,,776.0,776.5,0.5
2,158000,5275.5,intrinsic_floor,4500,,,775.0,775.5,0.5
2,158200,5275.5,intrinsic_floor,4500,,,775.0,775.5,0.5
2,158500,5274.5,intrinsic_floor,4000,,,1274.0,1274.5,0.5
2,158500,5274.5,intrinsic_floor,4500,,,774.0,774.5,0.5
2,158700,5275.5,intrinsic_floor,4000,,,1275.0,1275.5,0.5
2,158700,5275.5,intrinsic_floor,4500,,,775.0,775.5,0.5
2,158800,5275.5,intrinsic_floor,4500,,,775.0,775.5,0.5
2,159500,5273.5,intrinsic_floor,4500,,,773.0,773.5,0.5
2,159700,5273.5,intrinsic_floor,4500,,,773.0,773.5,0.5
2,160200,5274.5,intrinsic_floor,4000,,,1274.0,1274.5,0.5
2,160200,5274.5,intrinsic_floor,4500,,,774.0,774.5,0.5
2,160700,5270.5,intrinsic_floor,4000,,,1270.0,1270.5,0.5
2,160700,5270.5,intrinsic_floor,4500,,,770.0,770.5,0.5
2,161100,5273.5,intrinsic_floor,4500,,,773.0,773.5,0.5
2,161400,5273.0,intrinsic_floor,4000,,,1271.5,1273.0,1.5
2,161400,5273.0,intrinsic_floor,4500,,,771.5,773.0,1.5
2,161900,5268.5,intrinsic_floor,4500,,,768.0,768.5,0.5
2,162000,5267.5,intrinsic_floor,4500,,,767.0,767.5,0.5
2,162600,5270.5,intrinsic_floor,4500,,,770.0,770.5,0.5
2,163300,5276.5,intrinsic_floor,4000,,,1276.0,1276.5,0.5
2,163300,5276.5,intrinsic_floor,4500,,,776.0,776.5,0.5
2,163400,5278.5,intrinsic_floor,4000,,,1277.5,1278.5,1.0
2,163400,5278.5,intrinsic_floor,4500,,,777.5,778.5,1.0
2,163900,5278.5,intrinsic_floor,4000,,,1277.5,1278.5,1.0
2,163900,5278.5,intrinsic_floor,4500,,,777.5,778.5,1.0
2,164500,5281.5,intrinsic_floor,4000,,,1281.0,1281.5,0.5
2,164700,5280.5,intrinsic_floor,4000,,,1280.0,1280.5,0.5
2,165400,5277.5,intrinsic_floor,4000,,,1277.0,1277.5,0.5
2,165400,5277.5,intrinsic_floor,4500,,,777.0,777.5,0.5
2,167800,5270.5,intrinsic_floor,4000,,,1270.0,1270.5,0.5
2,167800,5270.5,intrinsic_floor,4500,,,770.0,770.5,0.5
2,169000,5271.5,intrinsic_floor,4000,,,1266.0,1271.5,5.5
2,169000,5271.5,intrinsic_floor,4500,,,767.0,771.5,4.5
2,169300,5270.5,intrinsic_floor,4500,,,770.0,770.5,0.5
2,169400,5270.5,intrinsic_floor,4500,,,770.0,770.5,0.5
2,171500,5273.5,intrinsic_floor,4500,,,773.0,773.5,0.5
2,171600,5273.5,intrinsic_floor,4500,,,773.0,773.5,0.5
2,171800,5272.5,intrinsic_floor,4000,,,1267.0,1272.5,5.5
2,171800,5272.5,intrinsic_floor,4500,,,768.5,772.5,4.0
2,172400,5273.0,intrinsic_floor,4000,,,1271.5,1273.0,1.5
2,172400,5273.0,intrinsic_floor,4500,,,771.5,773.0,1.5
2,172600,5273.5,intrinsic_floor,4500,,,773.0,773.5,0.5
2,173200,5276.5,intrinsic_floor,4000,,,1276.0,1276.5,0.5
2,173200,5276.5,intrinsic_floor,4500,,,776.0,776.5,0.5
2,173400,5275.5,intrinsic_floor,4000,,,1274.5,1275.5,1.0
2,173400,5275.5,intrinsic_floor,4500,,,774.5,775.5,1.0
2,173800,5275.5,intrinsic_floor,4000,,,1275.0,1275.5,0.5
2,173800,5275.5,intrinsic_floor,4500,,,775.0,775.5,0.5
2,174400,5278.5,intrinsic_floor,4000,,,1278.0,1278.5,0.5
2,174400,5278.5,intrinsic_floor,4500,,,778.0,778.5,0.5
2,175000,5276.5,intrinsic_floor,4500,,,776.0,776.5,0.5
2,175800,5277.5,intrinsic_floor,4000,,,1277.0,1277.5,0.5
2,175800,5277.5,intrinsic_floor,4500,,,777.0,777.5,0.5
2,176400,5279.5,intrinsic_floor,4000,,,1279.0,1279.5,0.5
2,176600,5280.5,intrinsic_floor,4000,,,1280.0,1280.5,0.5
2,176600,5280.5,intrinsic_floor,4500,,,780.0,780.5,0.5
2,178800,5272.5,intrinsic_floor,4500,,,772.0,772.5,0.5
2,179500,5270.5,intrinsic_floor,4000,,,1269.5,1270.5,1.0
2,179500,5270.5,intrinsic_floor,4500,,,769.5,770.5,1.0
2,179800,5270.5,intrinsic_floor,4000,,,1270.0,1270.5,0.5
2,179800,5270.5,intrinsic_floor,4500,,,770.0,770.5,0.5
2,180000,5268.5,intrinsic_floor,4000,,,1268.0,1268.5,0.5
2,180000,5268.5,intrinsic_floor,4500,,,768.0,768.5,0.5
2,181000,5268.5,intrinsic_floor,4000,,,1268.0,1268.5,0.5
2,181000,5268.5,intrinsic_floor,4500,,,768.0,768.5,0.5
2,181300,5266.5,intrinsic_floor,4500,,,766.0,766.5,0.5
2,181400,5265.5,intrinsic_floor,4500,,,765.0,765.5,0.5
2,181900,5266.5,intrinsic_floor,4500,,,766.0,766.5,0.5
2,182000,5266.5,intrinsic_floor,4500,,,766.0,766.5,0.5
2,183000,5265.5,intrinsic_floor,4500,,,765.0,765.5,0.5
2,183600,5265.5,intrinsic_floor,4500,,,765.0,765.5,0.5
2,183700,5265.5,intrinsic_floor,4500,,,765.0,765.5,0.5
2,183800,5265.5,intrinsic_floor,4500,,,765.0,765.5,0.5
2,184400,5261.5,intrinsic_floor,4500,,,761.0,761.5,0.5
2,184600,5261.5,intrinsic_floor,4500,,,761.0,761.5,0.5
2,184800,5262.5,intrinsic_floor,4500,,,762.0,762.5,0.5
2,185300,5262.5,intrinsic_floor,4500,,,762.0,762.5,0.5
2,185400,5261.5,intrinsic_floor,4500,,,761.0,761.5,0.5
2,185600,5261.0,intrinsic_floor,4000,,,1260.0,1261.0,1.0
2,185600,5261.0,intrinsic_floor,4500,,,760.0,761.0,1.0
2,185700,5262.5,intrinsic_floor,4000,,,1261.0,1262.5,1.5
2,185700,5262.5,intrinsic_floor,4500,,,761.0,762.5,1.5
2,185800,5262.5,intrinsic_floor,4000,,,1261.5,1262.5,1.0
2,185800,5262.5,intrinsic_floor,4500,,,761.5,762.5,1.0
2,186000,5263.5,intrinsic_floor,4000,,,1262.5,1263.5,1.0
2,186000,5263.5,intrinsic_floor,4500,,,763.0,763.5,0.5
2,186400,5259.5,intrinsic_floor,4500,,,759.0,759.5,0.5
2,186600,5257.5,intrinsic_floor,4500,,,757.0,757.5,0.5
2,186700,5257.5,intrinsic_floor,4000,,,1256.5,1257.5,1.0
2,186700,5257.5,intrinsic_floor,4500,,,756.0,757.5,1.5
2,187000,5256.5,intrinsic_floor,4500,,,756.0,756.5,0.5
2,187300,5256.5,intrinsic_floor,4500,,,756.0,756.5,0.5
2,187400,5258.5,intrinsic_floor,4000,,,1257.5,1258.5,1.0
2,187400,5258.5,intrinsic_floor,4500,,,757.5,758.5,1.0
2,188200,5258.0,intrinsic_floor,4000,,,1257.5,1258.0,0.5
2,188300,5259.5,intrinsic_floor,4500,,,759.0,759.5,0.5
2,188500,5258.5,intrinsic_floor,4500,,,758.0,758.5,0.5
2,188800,5260.5,intrinsic_floor,4500,,,760.0,760.5,0.5
2,189000,5259.0,intrinsic_floor,4000,,,1258.5,1259.0,0.5
2,189100,5259.0,intrinsic_floor,4000,,,1253.5,1259.0,5.5
2,189100,5259.0,intrinsic_floor,4500,,,755.0,759.0,4.0
2,189200,5259.5,intrinsic_floor,4500,,,759.0,759.5,0.5
2,189300,5260.5,intrinsic_floor,4500,,,760.0,760.5,0.5
2,189400,5261.5,intrinsic_floor,4500,,,761.0,761.5,0.5
2,189500,5260.5,intrinsic_floor,4500,,,760.0,760.5,0.5
2,189600,5260.5,intrinsic_floor,4500,,,760.0,760.5,0.5
2,190000,5260.5,intrinsic_floor,4500,,,760.0,760.5,0.5
2,190300,5258.0,intrinsic_floor,4000,,,1257.5,1258.0,0.5
2,190400,5257.5,intrinsic_floor,4500,,,757.0,757.5,0.5
2,191600,5259.5,intrinsic_floor,4500,,,759.0,759.5,0.5
2,191800,5259.5,intrinsic_floor,4500,,,759.0,759.5,0.5
2,192000,5259.0,intrinsic_floor,4000,,,1258.5,1259.0,0.5
2,192100,5261.5,intrinsic_floor,4000,,,1260.5,1261.5,1.0
2,192100,5261.5,intrinsic_floor,4500,,,760.0,761.5,1.5
2,192300,5261.5,intrinsic_floor,4500,,,761.0,761.5,0.5
2,193200,5261.5,intrinsic_floor,4500,,,761.0,761.5,0.5
2,193500,5261.5,intrinsic_floor,4500,,,761.0,761.5,0.5
2,193600,5261.5,intrinsic_floor,4500,,,761.0,761.5,0.5
2,193700,5263.5,intrinsic_floor,4500,,,763.0,763.5,0.5
2,194200,5263.5,intrinsic_floor,4500,,,763.0,763.5,0.5
2,194500,5264.5,intrinsic_floor,4500,,,764.0,764.5,0.5
2,195200,5259.5,intrinsic_floor,4500,,,759.0,759.5,0.5
2,195600,5262.5,intrinsic_floor,4500,,,762.0,762.5,0.5
2,195700,5263.5,intrinsic_floor,4500,,,763.0,763.5,0.5
2,195900,5264.5,intrinsic_floor,4500,,,764.0,764.5,0.5
2,196100,5265.5,intrinsic_floor,4500,,,765.0,765.5,0.5
2,196200,5266.5,intrinsic_floor,4000,,,1265.5,1266.5,1.0
2,196200,5266.5,intrinsic_floor,4500,,,765.5,766.5,1.0
2,196600,5263.5,intrinsic_floor,4500,,,763.0,763.5,0.5
2,197200,5261.5,intrinsic_floor,4500,,,761.0,761.5,0.5
2,197500,5263.5,intrinsic_floor,4500,,,763.0,763.5,0.5
2,198100,5264.5,intrinsic_floor,4500,,,764.0,764.5,0.5
2,198200,5265.5,intrinsic_floor,4500,,,765.0,765.5,0.5
2,198500,5264.5,intrinsic_floor,4500,,,764.0,764.5,0.5
2,198700,5263.5,intrinsic_floor,4500,,,763.0,763.5,0.5
2,199300,5263.5,intrinsic_floor,4500,,,763.0,763.5,0.5
2,199800,5263.5,intrinsic_floor,4500,,,763.0,763.5,0.5
2,200100,5261.5,intrinsic_floor,4500,,,761.0,761.5,0.5
2,200400,5262.5,intrinsic_floor,4500,,,762.0,762.5,0.5
2,200500,5262.5,intrinsic_floor,4500,,,762.0,762.5,0.5
2,200700,5262.5,intrinsic_floor,4500,,,762.0,762.5,0.5
2,201000,5260.5,intrinsic_floor,4000,,,1259.5,1260.5,1.0
2,201000,5260.5,intrinsic_floor,4500,,,760.0,760.5,0.5
2,201300,5260.5,intrinsic_floor,4000,,,1259.5,1260.5,1.0
2,201300,5260.5,intrinsic_floor,4500,,,759.5,760.5,1.0
2,201800,5257.5,intrinsic_floor,4500,,,757.0,757.5,0.5
2,202200,5259.5,intrinsic_floor,4500,,,759.0,759.5,0.5
2,202300,5260.5,intrinsic_floor,4000,,,1259.5,1260.5,1.0
2,202300,5260.5,intrinsic_floor,4500,,,759.5,760.5,1.0
2,202600,5262.0,intrinsic_floor,4000,,,1260.5,1262.0,1.5
2,202600,5262.0,intrinsic_floor,4500,,,761.0,762.0,1.0
2,202700,5261.5,intrinsic_floor,4500,,,761.0,761.5,0.5
2,202800,5260.5,intrinsic_floor,4500,,,760.0,760.5,0.5
2,203000,5259.5,intrinsic_floor,4500,,,759.0,759.5,0.5
2,203200,5261.5,intrinsic_floor,4500,,,761.0,761.5,0.5
2,203400,5261.5,intrinsic_floor,4000,,,1260.5,1261.5,1.0
2,203400,5261.5,intrinsic_floor,4500,,,760.0,761.5,1.5
2,203900,5260.5,intrinsic_floor,4500,,,760.0,760.5,0.5
2,204100,5260.5,intrinsic_floor,4500,,,760.0,760.5,0.5
2,204400,5260.5,intrinsic_floor,4000,,,1255.0,1260.5,5.5
2,204400,5260.5,intrinsic_floor,4500,,,756.0,760.5,4.5
2,204500,5260.5,intrinsic_floor,4500,,,760.0,760.5,0.5
2,204600,5262.5,intrinsic_floor,4000,,,1261.5,1262.5,1.0
2,204600,5262.5,intrinsic_floor,4500,,,761.5,762.5,1.0
2,204700,5263.5,intrinsic_floor,4000,,,1262.5,1263.5,1.0
2,204700,5263.5,intrinsic_floor,4500,,,762.5,763.5,1.0
2,205000,5265.0,intrinsic_floor,4000,,,1263.5,1265.0,1.5
2,205000,5265.0,intrinsic_floor,4500,,,763.5,765.0,1.5
2,205700,5262.5,intrinsic_floor,4500,,,762.0,762.5,0.5
2,206000,5265.5,intrinsic_floor,4500,,,765.0,765.5,0.5
2,207100,5270.5,intrinsic_floor,4000,,,1269.0,1270.5,1.5
2,207100,5270.5,intrinsic_floor,4500,,,769.0,770.5,1.5
2,208000,5270.5,intrinsic_floor,4500,,,770.0,770.5,0.5
2,208300,5268.5,intrinsic_floor,4500,,,768.0,768.5,0.5
2,208700,5266.5,intrinsic_floor,4500,,,766.0,766.5,0.5
2,208800,5267.5,intrinsic_floor,4500,,,767.0,767.5,0.5
2,209300,5269.0,intrinsic_floor,4000,,,1268.0,1269.0,1.0
2,209300,5269.0,intrinsic_floor,4500,,,768.0,769.0,1.0
2,210000,5267.5,intrinsic_floor,4000,,,1267.0,1267.5,0.5
2,210000,5267.5,intrinsic_floor,4500,,,767.0,767.5,0.5
2,210500,5263.5,intrinsic_floor,4500,,,763.0,763.5,0.5
2,210900,5265.5,intrinsic_floor,4500,,,765.0,765.5,0.5
2,211900,5265.5,intrinsic_floor,4500,,,765.0,765.5,0.5
2,213200,5268.5,intrinsic_floor,4000,,,1268.0,1268.5,0.5
2,213200,5268.5,intrinsic_floor,4500,,,768.0,768.5,0.5
2,213500,5267.5,intrinsic_floor,4500,,,767.0,767.5,0.5
2,214400,5267.5,intrinsic_floor,4500,,,767.0,767.5,0.5
2,214600,5267.5,intrinsic_floor,4000,,,1266.5,1267.5,1.0
2,214600,5267.5,intrinsic_floor,4500,,,766.5,767.5,1.0
2,215100,5265.5,intrinsic_floor,4500,,,765.0,765.5,0.5
2,215200,5264.5,intrinsic_floor,4500,,,764.0,764.5,0.5
2,215400,5265.5,intrinsic_floor,4500,,,765.0,765.5,0.5
2,215600,5264.5,intrinsic_floor,4500,,,764.0,764.5,0.5
2,216200,5266.5,intrinsic_floor,4500,,,766.0,766.5,0.5
2,216300,5266.5,intrinsic_floor,4500,,,766.0,766.5,0.5
2,216400,5266.5,intrinsic_floor,4500,,,766.0,766.5,0.5
2,216600,5265.5,intrinsic_floor,4500,,,765.0,765.5,0.5
2,216900,5264.5,intrinsic_floor,4500,,,764.0,764.5,0.5
2,217000,5264.5,intrinsic_floor,4500,,,764.0,764.5,0.5
2,217200,5264.5,intrinsic_floor,4500,,,764.0,764.5,0.5
2,217400,5262.5,intrinsic_floor,4500,,,762.0,762.5,0.5
2,217500,5261.5,intrinsic_floor,4500,,,761.0,761.5,0.5
2,217900,5263.5,intrinsic_floor,4500,,,763.0,763.5,0.5
2,218000,5264.5,intrinsic_floor,4500,,,764.0,764.5,0.5
2,218100,5264.5,intrinsic_floor,4500,,,764.0,764.5,0.5
2,218400,5264.5,intrinsic_floor,4500,,,764.0,764.5,0.5
2,218500,5264.5,intrinsic_floor,4500,,,764.0,764.5,0.5
2,219100,5262.5,intrinsic_floor,4500,,,762.0,762.5,0.5
2,219200,5263.5,intrinsic_floor,4500,,,763.0,763.5,0.5
2,219300,5263.5,intrinsic_floor,4500,,,763.0,763.5,0.5
2,220100,5264.5,intrinsic_floor,4500,,,764.0,764.5,0.5
2,220200,5265.5,intrinsic_floor,4500,,,765.0,765.5,0.5
2,220500,5264.5,intrinsic_floor,4000,,,1264.0,1264.5,0.5
2,220500,5264.5,intrinsic_floor,4500,,,764.0,764.5,0.5
2,220800,5262.5,intrinsic_floor,4500,,,762.0,762.5,0.5
2,221100,5263.5,intrinsic_floor,4000,,,1262.0,1263.5,1.5
2,221100,5263.5,intrinsic_floor,4500,,,762.0,763.5,1.5
2,221200,5261.5,intrinsic_floor,4500,,,761.0,761.5,0.5
2,222100,5258.5,intrinsic_floor,4500,,,758.0,758.5,0.5
2,222200,5259.5,intrinsic_floor,4500,,,759.0,759.5,0.5
2,222600,5262.0,intrinsic_floor,4000,,,1261.0,1262.0,1.0
2,222600,5262.0,intrinsic_floor,4500,,,761.0,762.0,1.0
2,222800,5260.5,intrinsic_floor,4500,,,760.0,760.5,0.5
2,223000,5260.5,intrinsic_floor,4500,,,760.0,760.5,0.5
2,223700,5259.5,intrinsic_floor,4000,,,1258.5,1259.5,1.0
2,223700,5259.5,intrinsic_floor,4500,,,758.5,759.5,1.0
2,223900,5261.5,intrinsic_floor,4500,,,761.0,761.5,0.5
2,225500,5267.5,intrinsic_floor,4000,,,1262.0,1267.5,5.5
2,225500,5267.5,intrinsic_floor,4500,,,763.0,767.5,4.5
2,225700,5264.5,intrinsic_floor,4500,,,764.0,764.5,0.5
2,226100,5264.5,intrinsic_floor,4500,,,764.0,764.5,0.5
2,226600,5264.5,intrinsic_floor,4500,,,764.0,764.5,0.5
2,226700,5265.5,intrinsic_floor,4000,,,1264.0,1265.5,1.5
2,226700,5265.5,intrinsic_floor,4500,,,764.0,765.5,1.5
2,227500,5263.5,intrinsic_floor,4500,,,763.0,763.5,0.5
2,228200,5258.5,intrinsic_floor,4500,,,758.0,758.5,0.5
2,228400,5256.5,intrinsic_floor,4500,,,756.0,756.5,0.5
2,228600,5260.5,intrinsic_floor,4500,,,760.0,760.5,0.5
2,228700,5262.5,intrinsic_floor,4500,,,762.0,762.5,0.5
2,228800,5262.5,intrinsic_floor,4500,,,762.0,762.5,0.5
2,230800,5267.5,intrinsic_floor,4000,,,1267.0,1267.5,0.5
2,230800,5267.5,intrinsic_floor,4500,,,767.0,767.5,0.5
2,231900,5264.5,intrinsic_floor,4500,,,764.0,764.5,0.5
2,232000,5264.5,intrinsic_floor,4500,,,764.0,764.5,0.5
2,232100,5264.5,intrinsic_floor,4500,,,764.0,764.5,0.5
2,232300,5261.5,intrinsic_floor,4500,,,761.0,761.5,0.5
2,233100,5264.5,intrinsic_floor,4500,,,764.0,764.5,0.5
2,233600,5266.5,intrinsic_floor,4500,,,766.0,766.5,0.5
2,233700,5266.5,intrinsic_floor,4500,,,766.0,766.5,0.5
2,233800,5266.5,intrinsic_floor,4500,,,766.0,766.5,0.5
2,234000,5265.5,intrinsic_floor,4500,,,765.0,765.5,0.5
2,234100,5266.5,intrinsic_floor,4000,,,1265.5,1266.5,1.0
2,234100,5266.5,intrinsic_floor,4500,,,765.0,766.5,1.5
2,234400,5266.5,intrinsic_floor,4500,,,766.0,766.5,0.5
2,234800,5270.5,intrinsic_floor,4000,,,1270.0,1270.5,0.5
2,234800,5270.5,intrinsic_floor,4500,,,770.0,770.5,0.5
2,235000,5270.5,intrinsic_floor,4000,,,1269.5,1270.5,1.0
2,235000,5270.5,intrinsic_floor,4500,,,769.5,770.5,1.0
2,235100,5271.5,intrinsic_floor,4000,,,1271.0,1271.5,0.5
2,235100,5271.5,intrinsic_floor,4500,,,771.0,771.5,0.5
2,235200,5271.5,intrinsic_floor,4000,,,1271.0,1271.5,0.5
2,235200,5271.5,intrinsic_floor,4500,,,771.0,771.5,0.5
2,235400,5272.5,intrinsic_floor,4500,,,772.0,772.5,0.5
2,236300,5271.5,intrinsic_floor,4000,,,1271.0,1271.5,0.5
2,236300,5271.5,intrinsic_floor,4500,,,771.0,771.5,0.5
2,237100,5270.0,intrinsic_floor,4000,,,1268.5,1270.0,1.5
2,237100,5270.0,intrinsic_floor,4500,,,768.5,770.0,1.5
2,237300,5271.5,intrinsic_floor,4500,,,771.0,771.5,0.5
2,238300,5266.5,intrinsic_floor,4500,,,766.0,766.5,0.5
2,238800,5263.5,intrinsic_floor,4500,,,763.0,763.5,0.5
2,238900,5263.5,intrinsic_floor,4500,,,763.0,763.5,0.5
2,239200,5261.5,intrinsic_floor,4500,,,761.0,761.5,0.5
2,239400,5261.5,intrinsic_floor,4000,,,1256.0,1261.5,5.5
2,239400,5261.5,intrinsic_floor,4500,,,757.0,761.5,4.5
2,239500,5263.5,intrinsic_floor,4500,,,763.0,763.5,0.5
2,239600,5264.5,intrinsic_floor,4000,,,1263.0,1264.5,1.5
2,239600,5264.5,intrinsic_floor,4500,,,763.0,764.5,1.5
2,239700,5264.5,intrinsic_floor,4000,,,1263.5,1264.5,1.0
2,239700,5264.5,intrinsic_floor,4500,,,763.5,764.5,1.0
2,240200,5266.5,intrinsic_floor,4500,,,766.0,766.5,0.5
2,240700,5270.5,intrinsic_floor,4000,,,1269.0,1270.5,1.5
2,240700,5270.5,intrinsic_floor,4500,,,769.0,770.5,1.5
2,240900,5270.5,intrinsic_floor,4000,,,1270.0,1270.5,0.5
2,240900,5270.5,intrinsic_floor,4500,,,770.0,770.5,0.5
2,241000,5270.5,intrinsic_floor,4500,,,770.0,770.5,0.5
2,241600,5276.5,intrinsic_floor,4000,,,1276.0,1276.5,0.5
2,241600,5276.5,intrinsic_floor,4500,,,776.0,776.5,0.5
2,242200,5273.5,intrinsic_floor,4000,,,1273.0,1273.5,0.5
2,242200,5273.5,intrinsic_floor,4500,,,773.0,773.5,0.5
2,242600,5275.5,intrinsic_floor,4000,,,1274.0,1275.5,1.5
2,242600,5275.5,intrinsic_floor,4500,,,774.0,775.5,1.5
2,242700,5274.5,intrinsic_floor,4000,,,1273.5,1274.5,1.0
2,242700,5274.5,intrinsic_floor,4500,,,774.0,774.5,0.5
2,242800,5274.5,intrinsic_floor,4000,,,1274.0,1274.5,0.5
2,242800,5274.5,intrinsic_floor,4500,,,774.0,774.5,0.5
2,244000,5275.5,intrinsic_floor,4000,,,1275.0,1275.5,0.5
2,244000,5275.5,intrinsic_floor,4500,,,775.0,775.5,0.5
2,244600,5274.0,intrinsic_floor,4000,,,1273.0,1274.0,1.0
2,244600,5274.0,intrinsic_floor,4500,,,773.0,774.0,1.0
2,245600,5271.5,intrinsic_floor,4500,,,771.0,771.5,0.5
2,246400,5278.5,intrinsic_floor,4000,,,1278.0,1278.5,0.5
2,246400,5278.5,intrinsic_floor,4500,,,778.0,778.5,0.5
2,246900,5279.5,intrinsic_floor,4000,,,1278.5,1279.5,1.0
2,246900,5279.5,intrinsic_floor,4500,,,778.5,779.5,1.0
2,247400,5277.5,intrinsic_floor,4000,,,1277.0,1277.5,0.5
2,247400,5277.5,intrinsic_floor,4500,,,777.0,777.5,0.5
2,247500,5278.5,intrinsic_floor,4000,,,1278.0,1278.5,0.5
2,247500,5278.5,intrinsic_floor,4500,,,778.0,778.5,0.5
2,247900,5278.5,intrinsic_floor,4000,,,1278.0,1278.5,0.5
2,247900,5278.5,intrinsic_floor,4500,,,778.0,778.5,0.5
2,248000,5279.5,intrinsic_floor,4000,,,1278.0,1279.5,1.5
2,248000,5279.5,intrinsic_floor,4500,,,778.0,779.5,1.5
2,248300,5276.5,intrinsic_floor,4500,,,776.0,776.5,0.5
2,249400,5276.5,intrinsic_floor,4000,,,1275.5,1276.5,1.0
2,249400,5276.5,intrinsic_floor,4500,,,775.5,776.5,1.0
2,249800,5278.5,intrinsic_floor,4000,,,1278.0,1278.5,0.5
2,250000,5277.5,intrinsic_floor,4000,,,1277.0,1277.5,0.5
2,250000,5277.5,intrinsic_floor,4500,,,777.0,777.5,0.5
2,251300,5274.5,intrinsic_floor,4000,,,1273.5,1274.5,1.0
2,251300,5274.5,intrinsic_floor,4500,,,774.0,774.5,0.5
2,253000,5267.5,intrinsic_floor,4000,,,1262.0,1267.5,5.5
2,253000,5267.5,intrinsic_floor,4500,,,763.5,767.5,4.0
2,253400,5266.5,intrinsic_floor,4500,,,766.0,766.5,0.5
2,254500,5269.5,intrinsic_floor,4500,,,769.0,769.5,0.5
2,255000,5265.5,intrinsic_floor,4500,,,765.0,765.5,0.5
2,255400,5269.5,intrinsic_floor,4500,,,769.0,769.5,0.5
2,255800,5268.5,intrinsic_floor,4500,,,768.0,768.5,0.5
2,256000,5268.5,intrinsic_floor,4500,,,768.0,768.5,0.5
2,256100,5268.5,intrinsic_floor,4500,,,768.0,768.5,0.5
2,257000,5266.5,intrinsic_floor,4000,,,1266.0,1266.5,0.5
2,257000,5266.5,intrinsic_floor,4500,,,766.0,766.5,0.5
2,258500,5274.5,intrinsic_floor,4500,,,774.0,774.5,0.5
2,258700,5274.5,intrinsic_floor,4500,,,774.0,774.5,0.5
2,259100,5275.5,intrinsic_floor,4000,,,1275.0,1275.5,0.5
2,259100,5275.5,intrinsic_floor,4500,,,775.0,775.5,0.5
2,259400,5276.5,intrinsic_floor,4000,,,1276.0,1276.5,0.5
2,259400,5276.5,intrinsic_floor,4500,,,776.0,776.5,0.5
2,260400,5277.5,intrinsic_floor,4500,,,777.0,777.5,0.5
2,260500,5278.5,intrinsic_floor,4000,,,1278.0,1278.5,0.5
2,260500,5278.5,intrinsic_floor,4500,,,778.0,778.5,0.5
2,261700,5280.5,intrinsic_floor,4000,,,1280.0,1280.5,0.5
2,261700,5280.5,intrinsic_floor,4500,,,780.0,780.5,0.5
2,262900,5279.5,intrinsic_floor,4000,,,1279.0,1279.5,0.5
2,262900,5279.5,intrinsic_floor,4500,,,779.0,779.5,0.5
2,263300,5281.5,intrinsic_floor,4000,,,1281.0,1281.5,0.5
2,263500,5282.5,intrinsic_floor,4000,,,1281.0,1282.5,1.5
2,263500,5282.5,intrinsic_floor,4500,,,781.0,782.5,1.5
2,264100,5284.5,intrinsic_floor,4000,,,1284.0,1284.5,0.5
2,264200,5286.5,intrinsic_floor,4000,,,1286.0,1286.5,0.5
2,264300,5286.5,intrinsic_floor,4000,,,1286.0,1286.5,0.5
2,264300,5286.5,intrinsic_floor,4500,,,786.0,786.5,0.5
2,265300,5287.5,intrinsic_floor,4000,,,1287.0,1287.5,0.5
2,265900,5289.5,intrinsic_floor,4000,,,1288.0,1289.5,1.5
2,265900,5289.5,intrinsic_floor,4500,,,788.5,789.5,1.0
2,267400,5285.5,intrinsic_floor,4000,,,1285.0,1285.5,0.5
2,268000,5283.5,intrinsic_floor,4000,,,1283.0,1283.5,0.5
2,268000,5283.5,intrinsic_floor,4500,,,783.0,783.5,0.5
2,268900,5280.5,intrinsic_floor,4000,,,1275.0,1280.5,5.5
2,268900,5280.5,intrinsic_floor,4500,,,776.0,780.5,4.5
2,269300,5279.5,intrinsic_floor,4000,,,1279.0,1279.5,0.5
2,269300,5279.5,intrinsic_floor,4500,,,779.0,779.5,0.5
2,271300,5277.5,intrinsic_floor,4000,,,1277.0,1277.5,0.5
2,271300,5277.5,intrinsic_floor,4500,,,777.0,777.5,0.5
2,271600,5280.5,intrinsic_floor,4000,,,1280.0,1280.5,0.5
2,271900,5280.5,intrinsic_floor,4000,,,1280.0,1280.5,0.5
2,272000,5279.5,intrinsic_floor,4000,,,1274.0,1279.5,5.5
2,272000,5279.5,intrinsic_floor,4500,,,775.5,779.5,4.0
2,272100,5278.5,intrinsic_floor,4000,,,1278.0,1278.5,0.5
2,272100,5278.5,intrinsic_floor,4500,,,778.0,778.5,0.5
2,273400,5279.5,intrinsic_floor,4000,,,1279.0,1279.5,0.5
2,273400,5279.5,intrinsic_floor,4500,,,779.0,779.5,0.5
2,274000,5279.5,intrinsic_floor,4000,,,1279.0,1279.5,0.5
2,274000,5279.5,intrinsic_floor,4500,,,779.0,779.5,0.5
2,274100,5280.5,intrinsic_floor,4000,,,1280.0,1280.5,0.5
2,274100,5280.5,intrinsic_floor,4500,,,780.0,780.5,0.5
2,274900,5276.5,intrinsic_floor,4000,,,1276.0,1276.5,0.5
2,274900,5276.5,intrinsic_floor,4500,,,776.0,776.5,0.5
2,275200,5276.5,intrinsic_floor,4000,,,1271.0,1276.5,5.5
2,275200,5276.5,intrinsic_floor,4500,,,772.0,776.5,4.5
2,275300,5275.5,intrinsic_floor,4500,,,775.0,775.5,0.5
2,275500,5274.5,intrinsic_floor,4000,,,1274.0,1274.5,0.5
2,275500,5274.5,intrinsic_floor,4500,,,774.0,774.5,0.5
2,275600,5273.5,intrinsic_floor,4500,,,773.0,773.5,0.5
2,275700,5273.5,intrinsic_floor,4500,,,773.0,773.5,0.5
2,276200,5274.5,intrinsic_floor,4000,,,1274.0,1274.5,0.5
2,276200,5274.5,intrinsic_floor,4500,,,774.0,774.5,0.5
2,276800,5273.5,intrinsic_floor,4000,,,1273.0,1273.5,0.5
2,276800,5273.5,intrinsic_floor,4500,,,773.0,773.5,0.5
2,277000,5274.0,intrinsic_floor,4000,,,1273.0,1274.0,1.0
2,277000,5274.0,intrinsic_floor,4500,,,773.0,774.0,1.0
2,278000,5269.5,intrinsic_floor,4500,,,769.0,769.5,0.5
2,278700,5271.5,intrinsic_floor,4500,,,771.0,771.5,0.5
2,279100,5273.5,intrinsic_floor,4000,,,1273.0,1273.5,0.5
2,279100,5273.5,intrinsic_floor,4500,,,773.0,773.5,0.5
2,279900,5268.5,intrinsic_floor,4500,,,768.0,768.5,0.5
2,280000,5267.5,intrinsic_floor,4500,,,767.0,767.5,0.5
2,280100,5268.5,intrinsic_floor,4500,,,768.0,768.5,0.5
2,280200,5270.5,intrinsic_floor,4000,,,1270.0,1270.5,0.5
2,280200,5270.5,intrinsic_floor,4500,,,770.0,770.5,0.5
2,280500,5273.5,intrinsic_floor,4000,,,1273.0,1273.5,0.5
2,280500,5273.5,intrinsic_floor,4500,,,773.0,773.5,0.5
2,280700,5270.5,intrinsic_floor,4500,,,770.0,770.5,0.5
2,281700,5267.5,intrinsic_floor,4500,,,767.0,767.5,0.5
2,282600,5270.5,intrinsic_floor,4000,,,1269.0,1270.5,1.5
2,282600,5270.5,intrinsic_floor,4500,,,769.0,770.5,1.5
2,283000,5270.5,intrinsic_floor,4500,,,770.0,770.5,0.5
2,283300,5272.5,intrinsic_floor,4500,,,772.0,772.5,0.5
2,284500,5274.5,intrinsic_floor,4000,,,1274.0,1274.5,0.5
2,284500,5274.5,intrinsic_floor,4500,,,774.0,774.5,0.5
2,285000,5274.5,intrinsic_floor,4000,,,1274.0,1274.5,0.5
2,285000,5274.5,intrinsic_floor,4500,,,774.0,774.5,0.5
2,285700,5275.5,intrinsic_floor,4000,,,1275.0,1275.5,0.5
2,285700,5275.5,intrinsic_floor,4500,,,775.0,775.5,0.5
2,286000,5279.5,intrinsic_floor,4000,,,1279.0,1279.5,0.5
2,286000,5279.5,intrinsic_floor,4500,,,779.0,779.5,0.5
2,286100,5279.5,intrinsic_floor,4000,,,1278.0,1279.5,1.5
2,286100,5279.5,intrinsic_floor,4500,,,778.0,779.5,1.5
2,286200,5278.5,intrinsic_floor,4000,,,1278.0,1278.5,0.5
2,286200,5278.5,intrinsic_floor,4500,,,778.0,778.5,0.5
2,286400,5276.5,intrinsic_floor,4000,,,1276.0,1276.5,0.5
2,286400,5276.5,intrinsic_floor,4500,,,776.0,776.5,0.5
2,286500,5277.5,intrinsic_floor,4000,,,1276.0,1277.5,1.5
2,286500,5277.5,intrinsic_floor,4500,,,776.0,777.5,1.5
2,286600,5275.5,intrinsic_floor,4000,,,1275.0,1275.5,0.5
2,286600,5275.5,intrinsic_floor,4500,,,775.0,775.5,0.5
2,286700,5277.5,intrinsic_floor,4000,,,1277.0,1277.5,0.5
2,286700,5277.5,intrinsic_floor,4500,,,777.0,777.5,0.5
2,287100,5276.5,intrinsic_floor,4000,,,1271.0,1276.5,5.5
2,287100,5276.5,intrinsic_floor,4500,,,772.5,776.5,4.0
2,287200,5278.5,intrinsic_floor,4000,,,1278.0,1278.5,0.5
2,287200,5278.5,intrinsic_floor,4500,,,778.0,778.5,0.5
2,287500,5278.5,intrinsic_floor,4000,,,1278.0,1278.5,0.5
2,287500,5278.5,intrinsic_floor,4500,,,778.0,778.5,0.5
2,287600,5277.5,intrinsic_floor,4000,,,1272.0,1277.5,5.5
2,287600,5277.5,intrinsic_floor,4500,,,773.0,777.5,4.5
2,287800,5276.5,intrinsic_floor,4000,,,1276.0,1276.5,0.5
2,287800,5276.5,intrinsic_floor,4500,,,776.0,776.5,0.5
2,288800,5275.5,intrinsic_floor,4000,,,1275.0,1275.5,0.5
2,288800,5275.5,intrinsic_floor,4500,,,775.0,775.5,0.5
2,289100,5273.5,intrinsic_floor,4000,,,1272.5,1273.5,1.0
2,289100,5273.5,intrinsic_floor,4500,,,772.5,773.5,1.0
2,289200,5274.5,intrinsic_floor,4000,,,1273.0,1274.5,1.5
2,289200,5274.5,intrinsic_floor,4500,,,773.0,774.5,1.5
2,289300,5273.5,intrinsic_floor,4000,,,1268.0,1273.5,5.5
2,289300,5273.5,intrinsic_floor,4500,,,769.0,773.5,4.5
2,290100,5272.5,intrinsic_floor,4500,,,772.0,772.5,0.5
2,290300,5272.5,intrinsic_floor,4000,,,1271.5,1272.5,1.0
2,290300,5272.5,intrinsic_floor,4500,,,772.0,772.5,0.5
2,291000,5271.5,intrinsic_floor,4500,,,771.0,771.5,0.5
2,291300,5272.5,intrinsic_floor,4000,,,1272.0,1272.5,0.5
2,291300,5272.5,intrinsic_floor,4500,,,772.0,772.5,0.5
2,291700,5270.5,intrinsic_floor,4500,,,770.0,770.5,0.5
2,291900,5271.5,intrinsic_floor,4500,,,771.0,771.5,0.5
2,292800,5270.5,intrinsic_floor,4500,,,770.0,770.5,0.5
2,293300,5271.5,intrinsic_floor,4500,,,771.0,771.5,0.5
2,293800,5271.5,intrinsic_floor,4500,,,771.0,771.5,0.5
2,294200,5268.5,intrinsic_floor,4500,,,768.0,768.5,0.5
2,294300,5268.5,intrinsic_floor,4500,,,768.0,768.5,0.5
2,294600,5268.0,intrinsic_floor,4000,,,1262.0,1268.0,6.0
2,294600,5268.0,intrinsic_floor,4500,,,763.5,768.0,4.5
2,295200,5272.5,intrinsic_floor,4500,,,772.0,772.5,0.5
2,295300,5272.5,intrinsic_floor,4500,,,772.0,772.5,0.5
2,296000,5272.5,intrinsic_floor,4500,,,772.0,772.5,0.5
2,296200,5272.5,intrinsic_floor,4000,,,1272.0,1272.5,0.5
2,296200,5272.5,intrinsic_floor,4500,,,772.0,772.5,0.5
2,296500,5273.5,intrinsic_floor,4500,,,773.0,773.5,0.5
2,297900,5269.5,intrinsic_floor,4500,,,769.0,769.5,0.5
2,298300,5273.5,intrinsic_floor,4000,,,1272.5,1273.5,1.0
2,298300,5273.5,intrinsic_floor,4500,,,772.5,773.5,1.0
2,298500,5274.5,intrinsic_floor,4000,,,1273.5,1274.5,1.0
2,298500,5274.5,intrinsic_floor,4500,,,773.5,774.5,1.0
2,299300,5274.5,intrinsic_floor,4000,,,1274.0,1274.5,0.5
2,299300,5274.5,intrinsic_floor,4500,,,774.0,774.5,0.5
2,299600,5272.5,intrinsic_floor,4000,,,1272.0,1272.5,0.5
2,299600,5272.5,intrinsic_floor,4500,,,772.0,772.5,0.5
2,299900,5272.5,intrinsic_floor,4000,,,1272.0,1272.5,0.5
2,299900,5272.5,intrinsic_floor,4500,,,772.0,772.5,0.5
2,300000,5270.5,intrinsic_floor,4500,,,770.0,770.5,0.5
2,300400,5270.5,intrinsic_floor,4500,,,770.0,770.5,0.5
2,300700,5269.5,intrinsic_floor,4500,,,769.0,769.5,0.5
2,300800,5270.5,intrinsic_floor,4000,,,1269.5,1270.5,1.0
2,300800,5270.5,intrinsic_floor,4500,,,769.5,770.5,1.0
2,300900,5269.5,intrinsic_floor,4000,,,1269.0,1269.5,0.5
2,300900,5269.5,intrinsic_floor,4500,,,769.0,769.5,0.5
2,301100,5268.5,intrinsic_floor,4500,,,768.0,768.5,0.5
2,301300,5265.5,intrinsic_floor,4500,,,765.0,765.5,0.5
2,301500,5267.5,intrinsic_floor,4500,,,767.0,767.5,0.5
2,301800,5265.5,intrinsic_floor,4500,,,765.0,765.5,0.5
2,302400,5264.5,intrinsic_floor,4500,,,764.0,764.5,0.5
2,303000,5266.5,intrinsic_floor,4000,,,1265.5,1266.5,1.0
2,303000,5266.5,intrinsic_floor,4500,,,765.0,766.5,1.5
2,303400,5268.5,intrinsic_floor,4000,,,1267.0,1268.5,1.5
2,303400,5268.5,intrinsic_floor,4500,,,767.0,768.5,1.5
2,303600,5268.5,intrinsic_floor,4000,,,1268.0,1268.5,0.5
2,303600,5268.5,intrinsic_floor,4500,,,768.0,768.5,0.5
2,304600,5269.5,intrinsic_floor,4000,,,1268.0,1269.5,1.5
2,304600,5269.5,intrinsic_floor,4500,,,768.0,769.5,1.5
2,305200,5267.5,intrinsic_floor,4500,,,767.0,767.5,0.5
2,305300,5265.5,intrinsic_floor,4500,,,765.0,765.5,0.5
2,305400,5266.5,intrinsic_floor,4500,,,766.0,766.5,0.5
2,306300,5271.5,intrinsic_floor,4500,,,771.0,771.5,0.5
2,306500,5270.5,intrinsic_floor,4500,,,770.0,770.5,0.5
2,306600,5271.5,intrinsic_floor,4500,,,771.0,771.5,0.5
2,307000,5272.5,intrinsic_floor,4500,,,772.0,772.5,0.5
2,307200,5271.5,intrinsic_floor,4000,,,1271.0,1271.5,0.5
2,307200,5271.5,intrinsic_floor,4500,,,771.0,771.5,0.5
2,307400,5270.5,intrinsic_floor,4500,,,770.0,770.5,0.5
2,307500,5270.5,intrinsic_floor,4500,,,770.0,770.5,0.5
2,308500,5273.5,intrinsic_floor,4000,,,1273.0,1273.5,0.5
2,308500,5273.5,intrinsic_floor,4500,,,773.0,773.5,0.5
2,308900,5273.5,intrinsic_floor,4000,,,1273.0,1273.5,0.5
2,308900,5273.5,intrinsic_floor,4500,,,773.0,773.5,0.5
2,309200,5274.5,intrinsic_floor,4000,,,1273.5,1274.5,1.0
2,309200,5274.5,intrinsic_floor,4500,,,773.5,774.5,1.0
2,309300,5273.5,intrinsic_floor,4500,,,773.0,773.5,0.5
2,310100,5274.5,intrinsic_floor,4000,,,1274.0,1274.5,0.5
2,310100,5274.5,intrinsic_floor,4500,,,774.0,774.5,0.5
2,310200,5275.5,intrinsic_floor,4000,,,1274.0,1275.5,1.5
2,310200,5275.5,intrinsic_floor,4500,,,774.0,775.5,1.5
2,310300,5274.5,intrinsic_floor,4000,,,1273.5,1274.5,1.0
2,310300,5274.5,intrinsic_floor,4500,,,773.5,774.5,1.0
2,311000,5269.5,intrinsic_floor,4500,,,769.0,769.5,0.5
2,311200,5267.5,intrinsic_floor,4500,,,767.0,767.5,0.5
2,311300,5268.5,intrinsic_floor,4500,,,768.0,768.5,0.5
2,311600,5269.5,intrinsic_floor,4500,,,769.0,769.5,0.5
2,311700,5271.5,intrinsic_floor,4000,,,1270.0,1271.5,1.5
2,311700,5271.5,intrinsic_floor,4500,,,770.0,771.5,1.5
2,311800,5268.5,intrinsic_floor,4500,,,768.0,768.5,0.5
2,312400,5271.5,intrinsic_floor,4000,,,1271.0,1271.5,0.5
2,312400,5271.5,intrinsic_floor,4500,,,771.0,771.5,0.5
2,312500,5272.5,intrinsic_floor,4500,,,772.0,772.5,0.5
2,312900,5272.5,intrinsic_floor,4000,,,1272.0,1272.5,0.5
2,312900,5272.5,intrinsic_floor,4500,,,772.0,772.5,0.5
2,313000,5271.5,intrinsic_floor,4500,,,771.0,771.5,0.5
2,313100,5271.5,intrinsic_floor,4500,,,771.0,771.5,0.5
2,313200,5271.5,intrinsic_floor,4000,,,1271.0,1271.5,0.5
2,313200,5271.5,intrinsic_floor,4500,,,771.0,771.5,0.5
2,313400,5270.5,intrinsic_floor,4000,,,1269.5,1270.5,1.0
2,313400,5270.5,intrinsic_floor,4500,,,769.5,770.5,1.0
2,314600,5271.5,intrinsic_floor,4500,,,771.0,771.5,0.5
2,314800,5273.5,intrinsic_floor,4000,,,1273.0,1273.5,0.5
2,314800,5273.5,intrinsic_floor,4500,,,773.0,773.5,0.5
2,315100,5272.5,intrinsic_floor,4000,,,1272.0,1272.5,0.5
2,315100,5272.5,intrinsic_floor,4500,,,772.0,772.5,0.5
2,315200,5272.5,intrinsic_floor,4500,,,772.0,772.5,0.5
2,315300,5272.5,intrinsic_floor,4500,,,772.0,772.5,0.5
2,315400,5273.5,intrinsic_floor,4000,,,1273.0,1273.5,0.5
2,315400,5273.5,intrinsic_floor,4500,,,773.0,773.5,0.5
2,316700,5275.5,intrinsic_floor,4000,,,1270.0,1275.5,5.5
2,316700,5275.5,intrinsic_floor,4500,,,771.0,775.5,4.5
2,317000,5275.5,intrinsic_floor,4000,,,1275.0,1275.5,0.5
2,317000,5275.5,intrinsic_floor,4500,,,775.0,775.5,0.5
2,317100,5274.5,intrinsic_floor,4500,,,774.0,774.5,0.5
2,317500,5275.5,intrinsic_floor,4000,,,1269.5,1275.5,6.0
2,317500,5275.5,intrinsic_floor,4500,,,771.0,775.5,4.5
2,318000,5273.5,intrinsic_floor,4000,,,1273.0,1273.5,0.5
2,318000,5273.5,intrinsic_floor,4500,,,773.0,773.5,0.5
2,318400,5270.5,intrinsic_floor,4500,,,770.0,770.5,0.5
2,318500,5270.5,intrinsic_floor,4000,,,1270.0,1270.5,0.5
2,318500,5270.5,intrinsic_floor,4500,,,770.0,770.5,0.5
2,318700,5269.5,intrinsic_floor,4500,,,769.0,769.5,0.5
2,319900,5282.0,intrinsic_floor,4000,,,1280.5,1282.0,1.5
2,319900,5282.0,intrinsic_floor,4500,,,780.5,782.0,1.5
2,320100,5278.5,intrinsic_floor,4000,,,1278.0,1278.5,0.5
2,320100,5278.5,intrinsic_floor,4500,,,778.0,778.5,0.5
2,320600,5276.5,intrinsic_floor,4000,,,1276.0,1276.5,0.5
2,320600,5276.5,intrinsic_floor,4500,,,776.0,776.5,0.5
2,320800,5274.5,intrinsic_floor,4000,,,1269.0,1274.5,5.5
2,320800,5274.5,intrinsic_floor,4500,,,770.0,774.5,4.5
2,321000,5274.5,intrinsic_floor,4000,,,1273.0,1274.5,1.5
2,321000,5274.5,intrinsic_floor,4500,,,773.0,774.5,1.5
2,321300,5273.5,intrinsic_floor,4000,,,1272.0,1273.5,1.5
2,321300,5273.5,intrinsic_floor,4500,,,772.0,773.5,1.5
2,321600,5270.5,intrinsic_floor,4000,,,1265.0,1270.5,5.5
2,321600,5270.5,intrinsic_floor,4500,,,766.0,770.5,4.5
2,321900,5271.5,intrinsic_floor,4500,,,771.0,771.5,0.5
2,322300,5272.5,intrinsic_floor,4000,,,1271.5,1272.5,1.0
2,322300,5272.5,intrinsic_floor,4500,,,772.0,772.5,0.5
2,322700,5274.5,intrinsic_floor,4000,,,1274.0,1274.5,0.5
2,322700,5274.5,intrinsic_floor,4500,,,774.0,774.5,0.5
2,323400,5271.5,intrinsic_floor,4500,,,771.0,771.5,0.5
2,323800,5270.5,intrinsic_floor,4500,,,770.0,770.5,0.5
2,324500,5270.5,intrinsic_floor,4500,,,770.0,770.5,0.5
2,324700,5271.5,intrinsic_floor,4500,,,771.0,771.5,0.5
2,325900,5265.5,intrinsic_floor,4500,,,765.0,765.5,0.5
2,326000,5266.5,intrinsic_floor,4500,,,766.0,766.5,0.5
2,326800,5262.5,intrinsic_floor,4500,,,762.0,762.5,0.5
2,327300,5264.5,intrinsic_floor,4500,,,764.0,764.5,0.5
2,327900,5266.5,intrinsic_floor,4500,,,766.0,766.5,0.5
2,328800,5265.5,intrinsic_floor,4500,,,765.0,765.5,0.5
2,329900,5263.5,intrinsic_floor,4500,,,763.0,763.5,0.5
2,330300,5262.5,intrinsic_floor,4500,,,762.0,762.5,0.5
2,330500,5263.5,intrinsic_floor,4000,,,1262.5,1263.5,1.0
2,330500,5263.5,intrinsic_floor,4500,,,762.0,763.5,1.5
2,330600,5264.5,intrinsic_floor,4000,,,1263.0,1264.5,1.5
2,330600,5264.5,intrinsic_floor,4500,,,763.0,764.5,1.5
2,331000,5269.0,intrinsic_floor,4000,,,1267.5,1269.0,1.5
2,331000,5269.0,intrinsic_floor,4500,,,767.5,769.0,1.5
2,331900,5269.5,intrinsic_floor,4500,,,769.0,769.5,0.5
2,332200,5270.5,intrinsic_floor,4500,,,770.0,770.5,0.5
2,332500,5270.5,intrinsic_floor,4000,,,1269.5,1270.5,1.0
2,332500,5270.5,intrinsic_floor,4500,,,769.5,770.5,1.0
2,332900,5272.5,intrinsic_floor,4000,,,1272.0,1272.5,0.5
2,332900,5272.5,intrinsic_floor,4500,,,772.0,772.5,0.5
2,334300,5270.5,intrinsic_floor,4500,,,770.0,770.5,0.5
2,335600,5271.5,intrinsic_floor,4500,,,771.0,771.5,0.5
2,336500,5271.5,intrinsic_floor,4500,,,771.0,771.5,0.5
2,336700,5271.5,intrinsic_floor,4500,,,771.0,771.5,0.5
2,337300,5272.5,intrinsic_floor,4000,,,1272.0,1272.5,0.5
2,337300,5272.5,intrinsic_floor,4500,,,772.0,772.5,0.5
2,339400,5269.0,intrinsic_floor,4000,,,1267.5,1269.0,1.5
2,339400,5269.0,intrinsic_floor,4500,,,767.5,769.0,1.5
2,339500,5268.5,intrinsic_floor,4500,,,768.0,768.5,0.5
2,339800,5269.0,intrinsic_floor,4000,,,1267.5,1269.0,1.5
2,339800,5269.0,intrinsic_floor,4500,,,767.5,769.0,1.5
2,339900,5267.5,intrinsic_floor,4500,,,767.0,767.5,0.5
2,340100,5265.5,intrinsic_floor,4500,,,765.0,765.5,0.5
2,340600,5268.5,intrinsic_floor,4500,,,768.0,768.5,0.5
2,340800,5269.5,intrinsic_floor,4000,,,1269.0,1269.5,0.5
2,340800,5269.5,intrinsic_floor,4500,,,769.0,769.5,0.5
2,340900,5269.5,intrinsic_floor,4500,,,769.0,769.5,0.5
2,341400,5270.5,intrinsic_floor,4000,,,1265.0,1270.5,5.5
2,341400,5270.5,intrinsic_floor,4500,,,766.5,770.5,4.0
2,341900,5269.5,intrinsic_floor,4000,,,1269.0,1269.5,0.5
2,341900,5269.5,intrinsic_floor,4500,,,769.0,769.5,0.5
2,342100,5272.5,intrinsic_floor,4000,,,1272.0,1272.5,0.5
2,342100,5272.5,intrinsic_floor,4500,,,772.0,772.5,0.5
2,342200,5272.5,intrinsic_floor,4000,,,1272.0,1272.5,0.5
2,342200,5272.5,intrinsic_floor,4500,,,772.0,772.5,0.5
2,343500,5273.5,intrinsic_floor,4500,,,773.0,773.5,0.5
2,345300,5267.5,intrinsic_floor,4500,,,767.0,767.5,0.5
2,345800,5265.5,intrinsic_floor,4500,,,765.0,765.5,0.5
2,345900,5265.5,intrinsic_floor,4500,,,765.0,765.5,0.5
2,346400,5264.5,intrinsic_floor,4500,,,764.0,764.5,0.5
2,346700,5265.5,intrinsic_floor,4500,,,765.0,765.5,0.5
2,346800,5265.5,intrinsic_floor,4500,,,765.0,765.5,0.5
2,347500,5267.5,intrinsic_floor,4500,,,767.0,767.5,0.5
2,347700,5265.5,intrinsic_floor,4000,,,1265.0,1265.5,0.5
2,347700,5265.5,intrinsic_floor,4500,,,765.0,765.5,0.5
2,347800,5265.0,intrinsic_floor,4000,,,1259.0,1265.0,6.0
2,347800,5265.0,intrinsic_floor,4500,,,760.5,765.0,4.5
2,348800,5265.5,intrinsic_floor,4500,,,765.0,765.5,0.5
2,349200,5267.5,intrinsic_floor,4500,,,767.0,767.5,0.5
2,349400,5265.5,intrinsic_floor,4500,,,765.0,765.5,0.5
2,349500,5266.0,intrinsic_floor,4000,,,1264.5,1266.0,1.5
2,349500,5266.0,intrinsic_floor,4500,,,765.0,766.0,1.0
2,349600,5264.5,intrinsic_floor,4500,,,764.0,764.5,0.5
2,349900,5264.5,intrinsic_floor,4500,,,764.0,764.5,0.5
2,350400,5264.5,intrinsic_floor,4500,,,764.0,764.5,0.5
2,350500,5264.5,intrinsic_floor,4500,,,764.0,764.5,0.5
2,350700,5263.0,intrinsic_floor,4000,,,1257.0,1263.0,6.0
2,350700,5263.0,intrinsic_floor,4500,,,758.5,763.0,4.5
2,351000,5258.5,intrinsic_floor,4500,,,758.0,758.5,0.5
2,351500,5256.5,intrinsic_floor,4500,,,756.0,756.5,0.5
2,351800,5255.5,intrinsic_floor,4500,,,755.0,755.5,0.5
2,352000,5255.5,intrinsic_floor,4500,,,755.0,755.5,0.5
2,352100,5254.5,intrinsic_floor,4500,,,754.0,754.5,0.5
2,352200,5255.0,intrinsic_floor,4000,,,1254.5,1255.0,0.5
2,352400,5254.5,intrinsic_floor,4500,,,754.0,754.5,0.5
2,352600,5256.0,intrinsic_floor,4000,,,1255.5,1256.0,0.5
2,353000,5255.5,intrinsic_floor,4500,,,755.0,755.5,0.5
2,353700,5258.5,intrinsic_floor,4500,,,758.0,758.5,0.5
2,353800,5259.5,intrinsic_floor,4500,,,759.0,759.5,0.5
2,353900,5258.5,intrinsic_floor,4500,,,758.0,758.5,0.5
2,354200,5260.0,intrinsic_floor,4000,,,1259.5,1260.0,0.5
2,354700,5262.5,intrinsic_floor,4000,,,1261.5,1262.5,1.0
2,354700,5262.5,intrinsic_floor,4500,,,761.0,762.5,1.5
2,355200,5262.5,intrinsic_floor,4500,,,762.0,762.5,0.5
2,355300,5263.5,intrinsic_floor,4000,,,1262.5,1263.5,1.0
2,355300,5263.5,intrinsic_floor,4500,,,762.0,763.5,1.5
2,355700,5262.5,intrinsic_floor,4500,,,762.0,762.5,0.5
2,356000,5260.5,intrinsic_floor,4500,,,760.0,760.5,0.5
2,356100,5262.0,intrinsic_floor,4000,,,1260.5,1262.0,1.5
2,356100,5262.0,intrinsic_floor,4500,,,761.0,762.0,1.0
2,356200,5259.5,intrinsic_floor,4500,,,759.0,759.5,0.5
2,356500,5260.5,intrinsic_floor,4500,,,760.0,760.5,0.5
2,356800,5260.5,intrinsic_floor,4500,,,760.0,760.5,0.5
2,357600,5266.5,intrinsic_floor,4500,,,766.0,766.5,0.5
2,358000,5266.5,intrinsic_floor,4000,,,1265.5,1266.5,1.0
2,358000,5266.5,intrinsic_floor,4500,,,765.0,766.5,1.5
2,358100,5265.5,intrinsic_floor,4000,,,1265.0,1265.5,0.5
2,358100,5265.5,intrinsic_floor,4500,,,765.0,765.5,0.5
2,358500,5263.0,intrinsic_floor,4000,,,1257.5,1263.0,5.5
2,358500,5263.0,intrinsic_floor,4500,,,759.0,763.0,4.0
2,358600,5261.5,intrinsic_floor,4500,,,761.0,761.5,0.5
2,359500,5262.5,intrinsic_floor,4500,,,762.0,762.5,0.5
2,359600,5261.5,intrinsic_floor,4500,,,761.0,761.5,0.5
2,359900,5264.5,intrinsic_floor,4500,,,764.0,764.5,0.5
2,360000,5264.5,intrinsic_floor,4500,,,764.0,764.5,0.5
2,360100,5263.5,intrinsic_floor,4500,,,763.0,763.5,0.5
2,360200,5262.5,intrinsic_floor,4500,,,762.0,762.5,0.5
2,360400,5263.5,intrinsic_floor,4500,,,763.0,763.5,0.5
2,360500,5266.5,intrinsic_floor,4000,,,1265.5,1266.5,1.0
2,360500,5266.5,intrinsic_floor,4500,,,765.0,766.5,1.5
2,361100,5266.5,intrinsic_floor,4500,,,766.0,766.5,0.5
2,361200,5265.5,intrinsic_floor,4500,,,765.0,765.5,0.5
2,361500,5264.5,intrinsic_floor,4500,,,764.0,764.5,0.5
2,362000,5262.5,intrinsic_floor,4500,,,762.0,762.5,0.5
2,362100,5262.5,intrinsic_floor,4500,,,762.0,762.5,0.5
2,362600,5262.5,intrinsic_floor,4000,,,1257.0,1262.5,5.5
2,362600,5262.5,intrinsic_floor,4500,,,758.5,762.5,4.0
2,362700,5264.5,intrinsic_floor,4500,,,764.0,764.5,0.5
2,363100,5263.5,intrinsic_floor,4500,,,763.0,763.5,0.5
2,363200,5262.5,intrinsic_floor,4500,,,762.0,762.5,0.5
2,363400,5262.5,intrinsic_floor,4500,,,762.0,762.5,0.5
2,364100,5258.5,intrinsic_floor,4500,,,758.0,758.5,0.5
2,364200,5260.5,intrinsic_floor,4500,,,760.0,760.5,0.5
2,364800,5259.5,intrinsic_floor,4000,,,1258.0,1259.5,1.5
2,364800,5259.5,intrinsic_floor,4500,,,758.0,759.5,1.5
2,365600,5258.5,intrinsic_floor,4000,,,1253.0,1258.5,5.5
2,365600,5258.5,intrinsic_floor,4500,,,754.0,758.5,4.5
2,365800,5258.5,intrinsic_floor,4500,,,758.0,758.5,0.5
2,366700,5259.5,intrinsic_floor,4500,,,759.0,759.5,0.5
2,367300,5261.5,intrinsic_floor,4000,,,1260.5,1261.5,1.0
2,367300,5261.5,intrinsic_floor,4500,,,760.0,761.5,1.5
2,367500,5260.5,intrinsic_floor,4500,,,760.0,760.5,0.5
2,367700,5261.5,intrinsic_floor,4500,,,761.0,761.5,0.5
2,367900,5260.5,intrinsic_floor,4500,,,760.0,760.5,0.5
2,368100,5258.5,intrinsic_floor,4500,,,758.0,758.5,0.5
2,368400,5259.5,intrinsic_floor,4500,,,759.0,759.5,0.5
2,368500,5259.5,intrinsic_floor,4000,,,1258.5,1259.5,1.0
2,368500,5259.5,intrinsic_floor,4500,,,758.5,759.5,1.0
2,368800,5258.0,intrinsic_floor,4000,,,1257.5,1258.0,0.5
2,369000,5257.5,intrinsic_floor,4000,,,1256.5,1257.5,1.0
2,369000,5257.5,intrinsic_floor,4500,,,756.0,757.5,1.5
2,369100,5256.5,intrinsic_floor,4500,,,756.0,756.5,0.5
2,369300,5256.5,intrinsic_floor,4500,,,756.0,756.5,0.5
2,370000,5252.5,intrinsic_floor,4500,,,752.0,752.5,0.5
2,370300,5250.5,intrinsic_floor,4500,,,750.0,750.5,0.5
2,370600,5250.5,intrinsic_floor,4500,,,750.0,750.5,0.5
2,370800,5253.5,intrinsic_floor,4500,,,753.0,753.5,0.5
2,370900,5253.5,intrinsic_floor,4500,,,753.0,753.5,0.5
2,371000,5252.0,intrinsic_floor,4000,,,1251.5,1252.0,0.5
2,371500,5252.5,intrinsic_floor,4500,,,752.0,752.5,0.5
2,371600,5254.0,intrinsic_floor,4000,,,1253.5,1254.0,0.5
2,371700,5253.0,intrinsic_floor,4000,,,1252.5,1253.0,0.5
2,371900,5251.5,intrinsic_floor,4500,,,751.0,751.5,0.5
2,372000,5252.5,intrinsic_floor,4500,,,752.0,752.5,0.5
2,372200,5253.5,intrinsic_floor,4500,,,753.0,753.5,0.5
2,372400,5253.0,intrinsic_floor,4000,,,1252.5,1253.0,0.5
2,372800,5255.5,intrinsic_floor,4500,,,755.0,755.5,0.5
2,373600,5251.5,intrinsic_floor,4500,,,751.0,751.5,0.5
2,373800,5251.0,intrinsic_floor,4000,,,1246.0,1251.0,5.0
2,373800,5251.0,intrinsic_floor,4500,,,747.0,751.0,4.0
2,374000,5251.5,intrinsic_floor,4500,,,751.0,751.5,0.5
2,374300,5252.5,intrinsic_floor,4500,,,752.0,752.5,0.5
2,374800,5251.5,intrinsic_floor,4500,,,751.0,751.5,0.5
2,375100,5251.5,intrinsic_floor,4500,,,751.0,751.5,0.5
2,375200,5253.5,intrinsic_floor,4500,,,753.0,753.5,0.5
2,375300,5254.5,intrinsic_floor,4500,,,754.0,754.5,0.5
2,375400,5253.5,intrinsic_floor,4500,,,753.0,753.5,0.5
2,375800,5254.0,intrinsic_floor,4000,,,1253.5,1254.0,0.5
2,376000,5253.5,intrinsic_floor,4500,,,753.0,753.5,0.5
2,376100,5255.0,intrinsic_floor,4000,,,1254.0,1255.0,1.0
2,376100,5255.0,intrinsic_floor,4500,,,754.0,755.0,1.0
2,376300,5254.5,intrinsic_floor,4000,,,1249.0,1254.5,5.5
2,376300,5254.5,intrinsic_floor,4500,,,750.0,754.5,4.5
2,376400,5253.5,intrinsic_floor,4500,,,753.0,753.5,0.5
2,376700,5252.5,intrinsic_floor,4500,,,752.0,752.5,0.5
2,376800,5251.5,intrinsic_floor,4500,,,751.0,751.5,0.5
2,377100,5254.5,intrinsic_floor,4000,,,1253.5,1254.5,1.0
2,377100,5254.5,intrinsic_floor,4500,,,753.0,754.5,1.5
2,377200,5251.0,intrinsic_floor,4000,,,1250.5,1251.0,0.5
2,377300,5251.0,intrinsic_floor,4000,,,1250.5,1251.0,0.5
2,377400,5253.5,intrinsic_floor,4000,,,1252.5,1253.5,1.0
2,377400,5253.5,intrinsic_floor,4500,,,752.0,753.5,1.5
2,377600,5251.5,intrinsic_floor,4000,,,1250.5,1251.5,1.0
2,377600,5251.5,intrinsic_floor,4500,,,750.0,751.5,1.5
2,377800,5250.0,intrinsic_floor,4000,,,1249.5,1250.0,0.5
2,378200,5250.0,intrinsic_floor,4000,,,1249.5,1250.0,0.5
2,378300,5249.5,intrinsic_floor,4500,,,749.0,749.5,0.5
2,378500,5250.5,intrinsic_floor,4500,,,750.0,750.5,0.5
2,378800,5253.5,intrinsic_floor,4500,,,753.0,753.5,0.5
2,379100,5252.0,intrinsic_floor,4000,,,1251.5,1252.0,0.5
2,379300,5250.5,intrinsic_floor,4500,,,750.0,750.5,0.5
2,379500,5251.5,intrinsic_floor,4500,,,751.0,751.5,0.5
2,379600,5253.0,intrinsic_floor,4000,,,1252.0,1253.0,1.0
2,379600,5253.0,intrinsic_floor,4500,,,752.0,753.0,1.0
2,379700,5251.0,intrinsic_floor,4000,,,1250.5,1251.0,0.5
2,379800,5250.5,intrinsic_floor,4500,,,750.0,750.5,0.5
2,380100,5252.5,intrinsic_floor,4500,,,752.0,752.5,0.5
2,380300,5252.0,intrinsic_floor,4000,,,1251.5,1252.0,0.5
2,380600,5251.5,intrinsic_floor,4500,,,751.0,751.5,0.5
2,381000,5250.5,intrinsic_floor,4500,,,750.0,750.5,0.5
2,381100,5250.0,intrinsic_floor,4000,,,1249.5,1250.0,0.5
2,381200,5251.5,intrinsic_floor,4000,,,1250.5,1251.5,1.0
2,381200,5251.5,intrinsic_floor,4500,,,750.0,751.5,1.5
2,381400,5250.5,intrinsic_floor,4500,,,750.0,750.5,0.5
2,381600,5249.5,intrinsic_floor,4500,,,749.0,749.5,0.5
2,381700,5248.5,intrinsic_floor,4500,,,748.0,748.5,0.5
2,381800,5248.5,intrinsic_floor,4500,,,748.0,748.5,0.5
2,382000,5250.0,intrinsic_floor,4000,,,1249.5,1250.0,0.5
2,382200,5250.5,intrinsic_floor,4500,,,750.0,750.5,0.5
2,382600,5252.5,intrinsic_floor,4500,,,752.0,752.5,0.5
2,382700,5252.5,intrinsic_floor,4500,,,752.0,752.5,0.5
2,382900,5251.0,intrinsic_floor,4000,,,1250.5,1251.0,0.5
2,383000,5251.0,intrinsic_floor,4000,,,1250.5,1251.0,0.5
2,383200,5252.5,intrinsic_floor,4500,,,752.0,752.5,0.5
2,383400,5251.5,intrinsic_floor,4500,,,751.0,751.5,0.5
2,383600,5253.0,intrinsic_floor,4000,,,1252.5,1253.0,0.5
2,383800,5250.5,intrinsic_floor,4000,,,1249.5,1250.5,1.0
2,383800,5250.5,intrinsic_floor,4500,,,750.0,750.5,0.5
2,384200,5252.5,intrinsic_floor,4500,,,752.0,752.5,0.5
2,384500,5252.5,intrinsic_floor,4500,,,752.0,752.5,0.5
2,384800,5251.5,intrinsic_floor,4500,,,751.0,751.5,0.5
2,384900,5250.0,intrinsic_floor,4000,,,1249.5,1250.0,0.5
2,385000,5248.0,intrinsic_floor,4000,,,1247.5,1248.0,0.5
2,385600,5247.0,intrinsic_floor,4000,,,1245.5,1247.0,1.5
2,385600,5247.0,intrinsic_floor,4500,,,746.0,747.0,1.0
2,385900,5246.5,intrinsic_floor,4500,,,746.0,746.5,0.5
2,386000,5245.5,intrinsic_floor,4500,,,745.0,745.5,0.5
2,386400,5243.0,intrinsic_floor,4000,,,1242.5,1243.0,0.5
2,386700,5243.5,intrinsic_floor,4500,,,743.0,743.5,0.5
2,386800,5243.5,intrinsic_floor,4000,,,1242.5,1243.5,1.0
2,386800,5243.5,intrinsic_floor,4500,,,742.5,743.5,1.0
2,387300,5240.0,intrinsic_floor,4000,,,1239.5,1240.0,0.5
2,387700,5240.5,intrinsic_floor,4500,,,740.0,740.5,0.5
2,387900,5240.5,intrinsic_floor,4500,,,740.0,740.5,0.5
2,388400,5239.5,intrinsic_floor,4500,,,739.0,739.5,0.5
2,389000,5239.0,intrinsic_floor,4000,,,1234.0,1239.0,5.0
2,389000,5239.0,intrinsic_floor,4500,,,735.0,739.0,4.0
2,389300,5238.5,intrinsic_floor,4500,,,738.0,738.5,0.5
2,389600,5239.5,intrinsic_floor,4000,,,1238.5,1239.5,1.0
2,389600,5239.5,intrinsic_floor,4500,,,738.5,739.5,1.0
2,390000,5239.5,intrinsic_floor,4500,,,739.0,739.5,0.5
2,390100,5239.5,intrinsic_floor,4500,,,739.0,739.5,0.5
2,390300,5239.5,intrinsic_floor,4000,,,1234.0,1239.5,5.5
2,390300,5239.5,intrinsic_floor,4500,,,735.5,739.5,4.0
2,390700,5242.0,intrinsic_floor,4000,,,1241.5,1242.0,0.5
2,391300,5242.5,intrinsic_floor,4500,,,742.0,742.5,0.5
2,391800,5244.5,intrinsic_floor,4500,,,744.0,744.5,0.5
2,392000,5245.5,intrinsic_floor,4500,,,745.0,745.5,0.5
2,392100,5245.5,intrinsic_floor,4500,,,745.0,745.5,0.5
2,392700,5243.5,intrinsic_floor,4500,,,743.0,743.5,0.5
2,393000,5242.5,intrinsic_floor,4500,,,742.0,742.5,0.5
2,393300,5245.5,intrinsic_floor,4000,,,1244.5,1245.5,1.0
2,393300,5245.5,intrinsic_floor,4500,,,745.0,745.5,0.5
2,393400,5243.5,intrinsic_floor,4500,,,743.0,743.5,0.5
2,393500,5243.0,intrinsic_floor,4000,,,1242.5,1243.0,0.5
2,393600,5242.5,intrinsic_floor,4500,,,742.0,742.5,0.5
2,393900,5243.5,intrinsic_floor,4500,,,743.0,743.5,0.5
2,394100,5242.5,intrinsic_floor,4500,,,742.0,742.5,0.5
2,394500,5246.5,intrinsic_floor,4500,,,746.0,746.5,0.5
2,394600,5246.5,intrinsic_floor,4500,,,746.0,746.5,0.5
2,394800,5244.5,intrinsic_floor,4500,,,744.0,744.5,0.5
2,395100,5245.5,intrinsic_floor,4500,,,745.0,745.5,0.5
2,395200,5244.5,intrinsic_floor,4500,,,744.0,744.5,0.5
2,395300,5243.5,intrinsic_floor,4500,,,743.0,743.5,0.5
2,395400,5242.5,intrinsic_floor,4500,,,742.0,742.5,0.5
2,395500,5243.0,intrinsic_floor,4000,,,1242.5,1243.0,0.5
2,395600,5243.5,intrinsic_floor,4500,,,743.0,743.5,0.5
2,395800,5242.5,intrinsic_floor,4500,,,742.0,742.5,0.5
2,395900,5243.5,intrinsic_floor,4500,,,743.0,743.5,0.5
2,396300,5244.5,intrinsic_floor,4500,,,744.0,744.5,0.5
2,396500,5242.5,intrinsic_floor,4500,,,742.0,742.5,0.5
2,396700,5241.5,intrinsic_floor,4500,,,741.0,741.5,0.5
2,396800,5241.5,intrinsic_floor,4500,,,741.0,741.5,0.5
2,396900,5240.5,intrinsic_floor,4500,,,740.0,740.5,0.5
2,397000,5239.5,intrinsic_floor,4500,,,739.0,739.5,0.5
2,397100,5239.5,intrinsic_floor,4000,,,1238.0,1239.5,1.5
2,397100,5239.5,intrinsic_floor,4500,,,738.0,739.5,1.5
2,397300,5237.5,intrinsic_floor,4000,,,1236.0,1237.5,1.5
2,397300,5237.5,intrinsic_floor,4500,,,736.0,737.5,1.5
2,397800,5234.5,intrinsic_floor,4000,,,1233.0,1234.5,1.5
2,397800,5234.5,intrinsic_floor,4500,,,733.0,734.5,1.5
2,398200,5234.0,intrinsic_floor,4000,,,1228.5,1234.0,5.5
2,398200,5234.0,intrinsic_floor,4500,,,729.5,734.0,4.5
2,398300,5234.5,intrinsic_floor,4500,,,734.0,734.5,0.5
2,398900,5232.5,intrinsic_floor,4500,,,732.0,732.5,0.5
2,399200,5234.5,intrinsic_floor,4500,,,734.0,734.5,0.5
2,399600,5237.5,intrinsic_floor,4500,,,737.0,737.5,0.5
2,400100,5237.5,intrinsic_floor,4500,,,737.0,737.5,0.5
2,400500,5233.5,intrinsic_floor,4000,,,1233.0,1233.5,0.5
2,400500,5233.5,intrinsic_floor,4500,,,733.0,733.5,0.5
2,400600,5234.5,intrinsic_floor,4500,,,734.0,734.5,0.5
2,401700,5228.5,intrinsic_floor,4500,,,728.0,728.5,0.5
2,402300,5227.5,intrinsic_floor,4500,,,727.0,727.5,0.5
2,403800,5232.5,intrinsic_floor,4500,,,732.0,732.5,0.5
2,403900,5233.5,intrinsic_floor,4500,,,733.0,733.5,0.5
2,404000,5233.5,intrinsic_floor,4500,,,733.0,733.5,0.5
2,404100,5234.5,intrinsic_floor,4500,,,734.0,734.5,0.5
2,404300,5233.5,intrinsic_floor,4000,,,1233.0,1233.5,0.5
2,404300,5233.5,intrinsic_floor,4500,,,733.0,733.5,0.5
2,404500,5233.5,intrinsic_floor,4500,,,733.0,733.5,0.5
2,404600,5234.5,intrinsic_floor,4000,,,1233.0,1234.5,1.5
2,404600,5234.5,intrinsic_floor,4500,,,733.0,734.5,1.5
2,404800,5234.5,intrinsic_floor,4500,,,734.0,734.5,0.5
2,405300,5235.5,intrinsic_floor,4500,,,735.0,735.5,0.5
2,405700,5232.5,intrinsic_floor,4500,,,732.0,732.5,0.5
2,406100,5233.5,intrinsic_floor,4000,,,1233.0,1233.5,0.5
2,406100,5233.5,intrinsic_floor,4500,,,733.0,733.5,0.5
2,408200,5226.5,intrinsic_floor,4000,,,1226.0,1226.5,0.5
2,408200,5226.5,intrinsic_floor,4500,,,726.0,726.5,0.5
2,408700,5225.5,intrinsic_floor,4500,,,725.0,725.5,0.5
2,408900,5225.5,intrinsic_floor,4000,,,1225.0,1225.5,0.5
2,408900,5225.5,intrinsic_floor,4500,,,725.0,725.5,0.5
2,409700,5226.5,intrinsic_floor,4000,,,1226.0,1226.5,0.5
2,409700,5226.5,intrinsic_floor,4500,,,726.0,726.5,0.5
2,409800,5225.5,intrinsic_floor,4000,,,1225.0,1225.5,0.5
2,409800,5225.5,intrinsic_floor,4500,,,725.0,725.5,0.5
2,410100,5228.5,intrinsic_floor,4000,,,1228.0,1228.5,0.5
2,410100,5228.5,intrinsic_floor,4500,,,728.0,728.5,0.5
2,410200,5228.5,intrinsic_floor,4000,,,1223.0,1228.5,5.5
2,410200,5228.5,intrinsic_floor,4500,,,724.5,728.5,4.0
2,410500,5227.5,intrinsic_floor,4500,,,727.0,727.5,0.5
2,410600,5227.5,intrinsic_floor,4500,,,727.0,727.5,0.5
2,411100,5227.5,intrinsic_floor,4000,,,1226.5,1227.5,1.0
2,411100,5227.5,intrinsic_floor,4500,,,726.5,727.5,1.0
2,411200,5226.5,intrinsic_floor,4000,,,1226.0,1226.5,0.5
2,411200,5226.5,intrinsic_floor,4500,,,726.0,726.5,0.5
2,411400,5225.5,intrinsic_floor,4000,,,1225.0,1225.5,0.5
2,411400,5225.5,intrinsic_floor,4500,,,725.0,725.5,0.5
2,411700,5225.5,intrinsic_floor,4000,,,1225.0,1225.5,0.5
2,411700,5225.5,intrinsic_floor,4500,,,725.0,725.5,0.5
2,411800,5226.5,intrinsic_floor,4000,,,1225.0,1226.5,1.5
2,411800,5226.5,intrinsic_floor,4500,,,725.0,726.5,1.5
2,414300,5223.5,intrinsic_floor,4000,,,1223.0,1223.5,0.5
2,414300,5223.5,intrinsic_floor,4500,,,723.0,723.5,0.5
2,414600,5224.5,intrinsic_floor,4000,,,1224.0,1224.5,0.5
2,414600,5224.5,intrinsic_floor,4500,,,724.0,724.5,0.5
2,414900,5226.5,intrinsic_floor,4000,,,1221.5,1226.5,5.0
2,414900,5226.5,intrinsic_floor,4500,,,722.5,726.5,4.0
2,415300,5227.5,intrinsic_floor,4000,,,1227.0,1227.5,0.5
2,415300,5227.5,intrinsic_floor,4500,,,727.0,727.5,0.5
2,415500,5228.5,intrinsic_floor,4000,,,1223.0,1228.5,5.5
2,415500,5228.5,intrinsic_floor,4500,,,724.0,728.5,4.5
2,415800,5228.5,intrinsic_floor,4000,,,1227.5,1228.5,1.0
2,415800,5228.5,intrinsic_floor,4500,,,727.0,728.5,1.5
2,416100,5230.5,intrinsic_floor,4000,,,1230.0,1230.5,0.5
2,416100,5230.5,intrinsic_floor,4500,,,730.0,730.5,0.5
2,416200,5232.5,intrinsic_floor,4500,,,732.0,732.5,0.5
2,416600,5235.5,intrinsic_floor,4000,,,1234.5,1235.5,1.0
2,416600,5235.5,intrinsic_floor,4500,,,735.0,735.5,0.5
2,417000,5234.5,intrinsic_floor,4500,,,734.0,734.5,0.5
2,417100,5235.5,intrinsic_floor,4500,,,735.0,735.5,0.5
2,417200,5235.5,intrinsic_floor,4500,,,735.0,735.5,0.5
2,417500,5233.5,intrinsic_floor,4500,,,733.0,733.5,0.5
2,417600,5233.5,intrinsic_floor,4500,,,733.0,733.5,0.5
2,418200,5233.5,intrinsic_floor,4000,,,1233.0,1233.5,0.5
2,418200,5233.5,intrinsic_floor,4500,,,733.0,733.5,0.5
2,418700,5232.5,intrinsic_floor,4500,,,732.0,732.5,0.5
2,418900,5233.5,intrinsic_floor,4000,,,1233.0,1233.5,0.5
2,418900,5233.5,intrinsic_floor,4500,,,733.0,733.5,0.5
2,419000,5232.5,intrinsic_floor,4000,,,1232.0,1232.5,0.5
2,419000,5232.5,intrinsic_floor,4500,,,732.0,732.5,0.5
2,419100,5231.5,intrinsic_floor,4500,,,731.0,731.5,0.5
2,419600,5233.5,intrinsic_floor,4500,,,733.0,733.5,0.5
2,419700,5232.5,intrinsic_floor,4500,,,732.0,732.5,0.5
2,420200,5233.5,intrinsic_floor,4500,,,733.0,733.5,0.5
2,420300,5233.5,intrinsic_floor,4000,,,1233.0,1233.5,0.5
2,420300,5233.5,intrinsic_floor,4500,,,733.0,733.5,0.5
2,420400,5233.5,intrinsic_floor,4000,,,1233.0,1233.5,0.5
2,420400,5233.5,intrinsic_floor,4500,,,733.0,733.5,0.5
2,420500,5231.5,intrinsic_floor,4500,,,731.0,731.5,0.5
2,421600,5229.5,intrinsic_floor,4500,,,729.0,729.5,0.5
2,421700,5229.5,intrinsic_floor,4500,,,729.0,729.5,0.5
2,421800,5229.5,intrinsic_floor,4500,,,729.0,729.5,0.5
2,421900,5229.5,intrinsic_floor,4500,,,729.0,729.5,0.5
2,422300,5231.5,intrinsic_floor,4500,,,731.0,731.5,0.5
2,423000,5232.5,intrinsic_floor,4500,,,732.0,732.5,0.5
2,423400,5231.5,intrinsic_floor,4500,,,731.0,731.5,0.5
2,423700,5233.5,intrinsic_floor,4000,,,1232.5,1233.5,1.0
2,423700,5233.5,intrinsic_floor,4500,,,732.0,733.5,1.5
2,423800,5232.5,intrinsic_floor,4000,,,1227.0,1232.5,5.5
2,423800,5232.5,intrinsic_floor,4500,,,728.5,732.5,4.0
2,424200,5235.0,intrinsic_floor,4000,,,1233.5,1235.0,1.5
2,424200,5235.0,intrinsic_floor,4500,,,733.5,735.0,1.5
2,424800,5233.5,intrinsic_floor,4000,,,1233.0,1233.5,0.5
2,424800,5233.5,intrinsic_floor,4500,,,733.0,733.5,0.5
2,425000,5234.5,intrinsic_floor,4500,,,734.0,734.5,0.5
2,425800,5237.5,intrinsic_floor,4000,,,1236.5,1237.5,1.0
2,425800,5237.5,intrinsic_floor,4500,,,736.5,737.5,1.0
2,426200,5235.5,intrinsic_floor,4000,,,1234.5,1235.5,1.0
2,426200,5235.5,intrinsic_floor,4500,,,734.0,735.5,1.5
2,426600,5237.5,intrinsic_floor,4500,,,737.0,737.5,0.5
2,426800,5238.5,intrinsic_floor,4000,,,1237.5,1238.5,1.0
2,426800,5238.5,intrinsic_floor,4500,,,737.0,738.5,1.5
2,427600,5237.5,intrinsic_floor,4500,,,737.0,737.5,0.5
2,428400,5237.5,intrinsic_floor,4500,,,737.0,737.5,0.5
2,428500,5237.5,intrinsic_floor,4500,,,737.0,737.5,0.5
2,429000,5234.5,intrinsic_floor,4500,,,734.0,734.5,0.5
2,429400,5235.5,intrinsic_floor,4500,,,735.0,735.5,0.5
2,429700,5236.5,intrinsic_floor,4500,,,736.0,736.5,0.5
2,429900,5236.5,intrinsic_floor,4500,,,736.0,736.5,0.5
2,430000,5236.5,intrinsic_floor,4500,,,736.0,736.5,0.5
2,430100,5239.5,intrinsic_floor,4500,,,739.0,739.5,0.5
2,430300,5237.5,intrinsic_floor,4500,,,737.0,737.5,0.5
2,430700,5238.5,intrinsic_floor,4500,,,738.0,738.5,0.5
2,430800,5237.5,intrinsic_floor,4500,,,737.0,737.5,0.5
2,431100,5234.5,intrinsic_floor,4500,,,734.0,734.5,0.5
2,431800,5235.5,intrinsic_floor,4500,,,735.0,735.5,0.5
2,431900,5236.5,intrinsic_floor,4500,,,736.0,736.5,0.5
2,432900,5239.5,intrinsic_floor,4500,,,739.0,739.5,0.5
2,433000,5240.5,intrinsic_floor,4500,,,740.0,740.5,0.5
2,433100,5239.0,intrinsic_floor,4000,,,1234.0,1239.0,5.0
2,433100,5239.0,intrinsic_floor,4500,,,735.0,739.0,4.0
2,433200,5240.5,intrinsic_floor,4500,,,740.0,740.5,0.5
2,433400,5239.5,intrinsic_floor,4500,,,739.0,739.5,0.5
2,434000,5237.5,intrinsic_floor,4500,,,737.0,737.5,0.5
2,434300,5239.5,intrinsic_floor,4000,,,1238.5,1239.5,1.0
2,434300,5239.5,intrinsic_floor,4500,,,738.5,739.5,1.0
2,434500,5238.5,intrinsic_floor,4500,,,738.0,738.5,0.5
2,434600,5238.5,intrinsic_floor,4500,,,738.0,738.5,0.5
2,435000,5238.5,intrinsic_floor,4500,,,738.0,738.5,0.5
2,435300,5240.5,intrinsic_floor,4000,,,1239.0,1240.5,1.5
2,435300,5240.5,intrinsic_floor,4500,,,739.0,740.5,1.5
2,435400,5240.0,intrinsic_floor,4000,,,1239.5,1240.0,0.5
2,436000,5240.5,intrinsic_floor,4500,,,740.0,740.5,0.5
2,436100,5239.5,intrinsic_floor,4500,,,739.0,739.5,0.5
2,436400,5239.5,intrinsic_floor,4500,,,739.0,739.5,0.5
2,437100,5238.5,intrinsic_floor,4500,,,738.0,738.5,0.5
2,437600,5238.5,intrinsic_floor,4500,,,738.0,738.5,0.5
2,437700,5237.5,intrinsic_floor,4500,,,737.0,737.5,0.5
2,438600,5238.5,intrinsic_floor,4500,,,738.0,738.5,0.5
2,438800,5240.5,intrinsic_floor,4500,,,740.0,740.5,0.5
2,439300,5239.5,intrinsic_floor,4500,,,739.0,739.5,0.5
2,439400,5239.5,intrinsic_floor,4000,,,1238.5,1239.5,1.0
2,439400,5239.5,intrinsic_floor,4500,,,739.0,739.5,0.5
2,440100,5238.5,intrinsic_floor,4000,,,1237.5,1238.5,1.0
2,440100,5238.5,intrinsic_floor,4500,,,737.5,738.5,1.0
2,440200,5237.5,intrinsic_floor,4500,,,737.0,737.5,0.5
2,440300,5238.5,intrinsic_floor,4500,,,738.0,738.5,0.5
2,440500,5237.5,intrinsic_floor,4500,,,737.0,737.5,0.5
2,441100,5238.5,intrinsic_floor,4500,,,738.0,738.5,0.5
2,441400,5237.5,intrinsic_floor,4500,,,737.0,737.5,0.5
2,441600,5238.0,intrinsic_floor,4000,,,1237.0,1238.0,1.0
2,441600,5238.0,intrinsic_floor,4500,,,737.0,738.0,1.0
2,441700,5237.5,intrinsic_floor,4500,,,737.0,737.5,0.5
2,441800,5239.0,intrinsic_floor,4000,,,1237.5,1239.0,1.5
2,441800,5239.0,intrinsic_floor,4500,,,738.0,739.0,1.0
2,441900,5239.5,intrinsic_floor,4000,,,1238.5,1239.5,1.0
2,441900,5239.5,intrinsic_floor,4500,,,738.0,739.5,1.5
2,442300,5239.5,intrinsic_floor,4500,,,739.0,739.5,0.5
2,443000,5235.5,intrinsic_floor,4500,,,735.0,735.5,0.5
2,443200,5235.5,intrinsic_floor,4000,,,1235.0,1235.5,0.5
2,443200,5235.5,intrinsic_floor,4500,,,735.0,735.5,0.5
2,443500,5236.5,intrinsic_floor,4500,,,736.0,736.5,0.5
2,443600,5237.5,intrinsic_floor,4000,,,1232.0,1237.5,5.5
2,443600,5237.5,intrinsic_floor,4500,,,733.5,737.5,4.0
2,443900,5239.5,intrinsic_floor,4500,,,739.0,739.5,0.5
2,444200,5241.5,intrinsic_floor,4500,,,741.0,741.5,0.5
2,444400,5240.5,intrinsic_floor,4500,,,740.0,740.5,0.5
2,444600,5242.5,intrinsic_floor,4500,,,742.0,742.5,0.5
2,444800,5243.5,intrinsic_floor,4500,,,743.0,743.5,0.5
2,445000,5244.0,intrinsic_floor,4000,,,1243.5,1244.0,0.5
2,445100,5245.5,intrinsic_floor,4500,,,745.0,745.5,0.5
2,445300,5247.5,intrinsic_floor,4500,,,747.0,747.5,0.5
2,445400,5247.5,intrinsic_floor,4500,,,747.0,747.5,0.5
2,445500,5248.5,intrinsic_floor,4500,,,748.0,748.5,0.5
2,446000,5248.5,intrinsic_floor,4500,,,748.0,748.5,0.5
2,446200,5249.5,intrinsic_floor,4500,,,749.0,749.5,0.5
2,446300,5250.5,intrinsic_floor,4500,,,750.0,750.5,0.5
2,446500,5250.5,intrinsic_floor,4500,,,750.0,750.5,0.5
2,446600,5250.5,intrinsic_floor,4500,,,750.0,750.5,0.5
2,446800,5249.5,intrinsic_floor,4500,,,749.0,749.5,0.5
2,447100,5248.0,intrinsic_floor,4000,,,1247.5,1248.0,0.5
2,447200,5247.5,intrinsic_floor,4500,,,747.0,747.5,0.5
2,447400,5248.5,intrinsic_floor,4500,,,748.0,748.5,0.5
2,447500,5248.5,intrinsic_floor,4500,,,748.0,748.5,0.5
2,447600,5248.5,intrinsic_floor,4500,,,748.0,748.5,0.5
2,447900,5247.5,intrinsic_floor,4500,,,747.0,747.5,0.5
2,448600,5249.5,intrinsic_floor,4500,,,749.0,749.5,0.5
2,448700,5248.5,intrinsic_floor,4500,,,748.0,748.5,0.5
2,448800,5248.5,intrinsic_floor,4500,,,748.0,748.5,0.5
2,449000,5248.0,intrinsic_floor,4000,,,1247.5,1248.0,0.5
2,449100,5248.5,intrinsic_floor,4500,,,748.0,748.5,0.5
2,449300,5250.5,intrinsic_floor,4500,,,750.0,750.5,0.5
2,449700,5249.5,intrinsic_floor,4500,,,749.0,749.5,0.5
2,449800,5249.0,intrinsic_floor,4000,,,1248.5,1249.0,0.5
2,450100,5248.0,intrinsic_floor,4000,,,1247.5,1248.0,0.5
2,450300,5246.5,intrinsic_floor,4500,,,746.0,746.5,0.5
2,450400,5245.5,intrinsic_floor,4500,,,745.0,745.5,0.5
2,450800,5245.5,intrinsic_floor,4500,,,745.0,745.5,0.5
2,451500,5239.5,intrinsic_floor,4500,,,739.0,739.5,0.5
2,451600,5241.0,intrinsic_floor,4000,,,1240.5,1241.0,0.5
2,451800,5241.5,intrinsic_floor,4500,,,741.0,741.5,0.5
2,452000,5240.5,intrinsic_floor,4500,,,740.0,740.5,0.5
2,452800,5240.5,intrinsic_floor,4500,,,740.0,740.5,0.5
2,453100,5237.5,intrinsic_floor,4500,,,737.0,737.5,0.5
2,453400,5237.5,intrinsic_floor,4500,,,737.0,737.5,0.5
2,453800,5239.5,intrinsic_floor,4500,,,739.0,739.5,0.5
2,454100,5237.5,intrinsic_floor,4500,,,737.0,737.5,0.5
2,454500,5239.0,intrinsic_floor,4000,,,1237.5,1239.0,1.5
2,454500,5239.0,intrinsic_floor,4500,,,737.5,739.0,1.5
2,454700,5236.5,intrinsic_floor,4500,,,736.0,736.5,0.5
2,454900,5235.5,intrinsic_floor,4500,,,735.0,735.5,0.5
2,455000,5234.5,intrinsic_floor,4500,,,734.0,734.5,0.5
2,455300,5238.5,intrinsic_floor,4500,,,738.0,738.5,0.5
2,455700,5239.5,intrinsic_floor,4500,,,739.0,739.5,0.5
2,456000,5241.5,intrinsic_floor,4500,,,741.0,741.5,0.5
2,456200,5237.5,intrinsic_floor,4000,,,1232.0,1237.5,5.5
2,456200,5237.5,intrinsic_floor,4500,,,733.5,737.5,4.0
2,456300,5240.0,intrinsic_floor,4000,,,1239.5,1240.0,0.5
2,456900,5238.5,intrinsic_floor,4000,,,1237.5,1238.5,1.0
2,456900,5238.5,intrinsic_floor,4500,,,737.0,738.5,1.5
2,457100,5237.5,intrinsic_floor,4500,,,737.0,737.5,0.5
2,457400,5238.5,intrinsic_floor,4500,,,738.0,738.5,0.5
2,457700,5241.5,intrinsic_floor,4000,,,1240.5,1241.5,1.0
2,457700,5241.5,intrinsic_floor,4500,,,740.0,741.5,1.5
2,458000,5241.5,intrinsic_floor,4000,,,1240.5,1241.5,1.0
2,458000,5241.5,intrinsic_floor,4500,,,740.0,741.5,1.5
2,458500,5241.5,intrinsic_floor,4500,,,741.0,741.5,0.5
2,458700,5241.5,intrinsic_floor,4500,,,741.0,741.5,0.5
2,458800,5240.5,intrinsic_floor,4500,,,740.0,740.5,0.5
2,459300,5240.5,intrinsic_floor,4500,,,740.0,740.5,0.5
2,459400,5240.5,intrinsic_floor,4500,,,740.0,740.5,0.5
2,459900,5239.5,intrinsic_floor,4500,,,739.0,739.5,0.5
2,460000,5238.5,intrinsic_floor,4500,,,738.0,738.5,0.5
2,460400,5236.5,intrinsic_floor,4500,,,736.0,736.5,0.5
2,460600,5237.5,intrinsic_floor,4500,,,737.0,737.5,0.5
2,460800,5237.5,intrinsic_floor,4500,,,737.0,737.5,0.5
2,461100,5236.5,intrinsic_floor,4500,,,736.0,736.5,0.5
2,461200,5235.5,intrinsic_floor,4000,,,1230.0,1235.5,5.5
2,461200,5235.5,intrinsic_floor,4500,,,731.5,735.5,4.0
2,461700,5238.5,intrinsic_floor,4500,,,738.0,738.5,0.5
2,462100,5236.5,intrinsic_floor,4500,,,736.0,736.5,0.5
2,462700,5238.5,intrinsic_floor,4500,,,738.0,738.5,0.5
2,462900,5237.5,intrinsic_floor,4000,,,1237.0,1237.5,0.5
2,462900,5237.5,intrinsic_floor,4500,,,737.0,737.5,0.5
2,463200,5240.0,intrinsic_floor,4000,,,1239.0,1240.0,1.0
2,463200,5240.0,intrinsic_floor,4500,,,739.0,740.0,1.0
2,463300,5239.5,intrinsic_floor,4000,,,1238.0,1239.5,1.5
2,463300,5239.5,intrinsic_floor,4500,,,738.0,739.5,1.5
2,463400,5238.5,intrinsic_floor,4500,,,738.0,738.5,0.5
2,464000,5239.5,intrinsic_floor,4500,,,739.0,739.5,0.5
2,464800,5239.5,intrinsic_floor,4500,,,739.0,739.5,0.5
2,464900,5239.5,intrinsic_floor,4000,,,1238.5,1239.5,1.0
2,464900,5239.5,intrinsic_floor,4500,,,738.0,739.5,1.5
2,465100,5239.5,intrinsic_floor,4000,,,1238.5,1239.5,1.0
2,465100,5239.5,intrinsic_floor,4500,,,738.5,739.5,1.0
2,466200,5234.5,intrinsic_floor,4500,,,734.0,734.5,0.5
2,466700,5234.5,intrinsic_floor,4500,,,734.0,734.5,0.5
2,467400,5233.5,intrinsic_floor,4500,,,733.0,733.5,0.5
2,467500,5233.5,intrinsic_floor,4500,,,733.0,733.5,0.5
2,467700,5232.5,intrinsic_floor,4500,,,732.0,732.5,0.5
2,467900,5233.5,intrinsic_floor,4500,,,733.0,733.5,0.5
2,468100,5233.5,intrinsic_floor,4500,,,733.0,733.5,0.5
2,468300,5236.5,intrinsic_floor,4500,,,736.0,736.5,0.5
2,468400,5236.5,intrinsic_floor,4500,,,736.0,736.5,0.5
2,468600,5236.5,intrinsic_floor,4500,,,736.0,736.5,0.5
2,468700,5238.5,intrinsic_floor,4500,,,738.0,738.5,0.5
2,469000,5236.5,intrinsic_floor,4000,,,1235.5,1236.5,1.0
2,469000,5236.5,intrinsic_floor,4500,,,735.0,736.5,1.5
2,469100,5235.5,intrinsic_floor,4500,,,735.0,735.5,0.5
2,469200,5235.5,intrinsic_floor,4500,,,735.0,735.5,0.5
2,469300,5235.5,intrinsic_floor,4500,,,735.0,735.5,0.5
2,469600,5237.5,intrinsic_floor,4500,,,737.0,737.5,0.5
2,469800,5237.5,intrinsic_floor,4500,,,737.0,737.5,0.5
2,472000,5237.5,intrinsic_floor,4500,,,737.0,737.5,0.5
2,472500,5237.5,intrinsic_floor,4500,,,737.0,737.5,0.5
2,473000,5235.5,intrinsic_floor,4500,,,735.0,735.5,0.5
2,473400,5235.5,intrinsic_floor,4500,,,735.0,735.5,0.5
2,473500,5234.5,intrinsic_floor,4500,,,734.0,734.5,0.5
2,473600,5234.5,intrinsic_floor,4500,,,734.0,734.5,0.5
2,473700,5234.5,intrinsic_floor,4000,,,1234.0,1234.5,0.5
2,473700,5234.5,intrinsic_floor,4500,,,734.0,734.5,0.5
2,473900,5235.5,intrinsic_floor,4500,,,735.0,735.5,0.5
2,474400,5235.5,intrinsic_floor,4500,,,735.0,735.5,0.5
2,474700,5236.5,intrinsic_floor,4500,,,736.0,736.5,0.5
2,474800,5236.5,intrinsic_floor,4500,,,736.0,736.5,0.5
2,474900,5239.5,intrinsic_floor,4000,,,1238.5,1239.5,1.0
2,474900,5239.5,intrinsic_floor,4500,,,738.0,739.5,1.5
2,475000,5240.5,intrinsic_floor,4500,,,740.0,740.5,0.5
2,475200,5240.0,intrinsic_floor,4000,,,1239.5,1240.0,0.5
2,475600,5242.5,intrinsic_floor,4500,,,742.0,742.5,0.5
2,475900,5244.5,intrinsic_floor,4500,,,744.0,744.5,0.5
2,476100,5244.5,intrinsic_floor,4500,,,744.0,744.5,0.5
2,476300,5242.5,intrinsic_floor,4500,,,742.0,742.5,0.5
2,476800,5246.5,intrinsic_floor,4500,,,746.0,746.5,0.5
2,477000,5247.5,intrinsic_floor,4500,,,747.0,747.5,0.5
2,477600,5247.5,intrinsic_floor,4500,,,747.0,747.5,0.5
2,477900,5247.5,intrinsic_floor,4500,,,747.0,747.5,0.5
2,478200,5244.5,intrinsic_floor,4500,,,744.0,744.5,0.5
2,478500,5246.5,intrinsic_floor,4000,,,1245.5,1246.5,1.0
2,478500,5246.5,intrinsic_floor,4500,,,746.0,746.5,0.5
2,478600,5246.5,intrinsic_floor,4500,,,746.0,746.5,0.5
2,478900,5245.5,intrinsic_floor,4500,,,745.0,745.5,0.5
2,479000,5243.5,intrinsic_floor,4500,,,743.0,743.5,0.5
2,479200,5241.5,intrinsic_floor,4500,,,741.0,741.5,0.5
2,479500,5241.5,intrinsic_floor,4500,,,741.0,741.5,0.5
2,479900,5243.5,intrinsic_floor,4500,,,743.0,743.5,0.5
2,480200,5242.5,intrinsic_floor,4500,,,742.0,742.5,0.5
2,480300,5241.5,intrinsic_floor,4500,,,741.0,741.5,0.5
2,480400,5242.5,intrinsic_floor,4500,,,742.0,742.5,0.5
2,480500,5242.5,intrinsic_floor,4500,,,742.0,742.5,0.5
2,481400,5246.5,intrinsic_floor,4500,,,746.0,746.5,0.5
2,481700,5247.5,intrinsic_floor,4500,,,747.0,747.5,0.5
2,481800,5246.5,intrinsic_floor,4500,,,746.0,746.5,0.5
2,482500,5250.0,intrinsic_floor,4000,,,1249.5,1250.0,0.5
2,482600,5249.0,intrinsic_floor,4000,,,1248.5,1249.0,0.5
2,482900,5249.0,intrinsic_floor,4000,,,1248.5,1249.0,0.5
2,483000,5248.5,intrinsic_floor,4500,,,748.0,748.5,0.5
2,483300,5246.5,intrinsic_floor,4500,,,746.0,746.5,0.5
2,483400,5246.0,intrinsic_floor,4000,,,1241.0,1246.0,5.0
2,483400,5246.0,intrinsic_floor,4500,,,742.0,746.0,4.0
2,483600,5245.5,intrinsic_floor,4500,,,745.0,745.5,0.5
2,483800,5244.5,intrinsic_floor,4500,,,744.0,744.5,0.5
2,484700,5243.5,intrinsic_floor,4500,,,743.0,743.5,0.5
2,484900,5244.5,intrinsic_floor,4500,,,744.0,744.5,0.5
2,485200,5242.5,intrinsic_floor,4500,,,742.0,742.5,0.5
2,485500,5242.5,intrinsic_floor,4500,,,742.0,742.5,0.5
2,486300,5240.0,intrinsic_floor,4000,,,1238.5,1240.0,1.5
2,486300,5240.0,intrinsic_floor,4500,,,738.5,740.0,1.5
2,486400,5238.5,intrinsic_floor,4500,,,738.0,738.5,0.5
2,486500,5238.5,intrinsic_floor,4500,,,738.0,738.5,0.5
2,486600,5238.5,intrinsic_floor,4500,,,738.0,738.5,0.5
2,486700,5238.5,intrinsic_floor,4500,,,738.0,738.5,0.5
2,486800,5237.5,intrinsic_floor,4500,,,737.0,737.5,0.5
2,487200,5237.5,intrinsic_floor,4500,,,737.0,737.5,0.5
2,487300,5236.5,intrinsic_floor,4500,,,736.0,736.5,0.5
2,488200,5235.5,intrinsic_floor,4500,,,735.0,735.5,0.5
2,488400,5235.5,intrinsic_floor,4500,,,735.0,735.5,0.5
2,488500,5236.5,intrinsic_floor,4500,,,736.0,736.5,0.5
2,488600,5236.5,intrinsic_floor,4500,,,736.0,736.5,0.5
2,488900,5237.5,intrinsic_floor,4500,,,737.0,737.5,0.5
2,489200,5236.5,intrinsic_floor,4500,,,736.0,736.5,0.5
2,489600,5236.5,intrinsic_floor,4500,,,736.0,736.5,0.5
2,490200,5240.5,intrinsic_floor,4500,,,740.0,740.5,0.5
2,490300,5239.5,intrinsic_floor,4500,,,739.0,739.5,0.5
2,490700,5241.5,intrinsic_floor,4500,,,741.0,741.5,0.5
2,491200,5241.5,intrinsic_floor,4500,,,741.0,741.5,0.5
2,491500,5242.0,intrinsic_floor,4000,,,1240.5,1242.0,1.5
2,491500,5242.0,intrinsic_floor,4500,,,740.5,742.0,1.5
2,491600,5242.5,intrinsic_floor,4000,,,1241.5,1242.5,1.0
2,491600,5242.5,intrinsic_floor,4500,,,742.0,742.5,0.5
2,491800,5243.5,intrinsic_floor,4500,,,743.0,743.5,0.5
2,492100,5243.5,intrinsic_floor,4500,,,743.0,743.5,0.5
2,492500,5242.5,intrinsic_floor,4500,,,742.0,742.5,0.5
2,492800,5240.5,intrinsic_floor,4500,,,740.0,740.5,0.5
2,492900,5241.5,intrinsic_floor,4000,,,1240.5,1241.5,1.0
2,492900,5241.5,intrinsic_floor,4500,,,740.5,741.5,1.0
2,493200,5241.0,intrinsic_floor,4000,,,1240.5,1241.0,0.5
2,493300,5243.5,intrinsic_floor,4000,,,1242.5,1243.5,1.0
2,493300,5243.5,intrinsic_floor,4500,,,743.0,743.5,0.5
2,493400,5241.5,intrinsic_floor,4500,,,741.0,741.5,0.5
2,493600,5243.0,intrinsic_floor,4000,,,1241.5,1243.0,1.5
2,493600,5243.0,intrinsic_floor,4500,,,742.0,743.0,1.0
2,493800,5241.5,intrinsic_floor,4500,,,741.0,741.5,0.5
2,493900,5242.5,intrinsic_floor,4500,,,742.0,742.5,0.5
2,494000,5241.5,intrinsic_floor,4500,,,741.0,741.5,0.5
2,494100,5240.5,intrinsic_floor,4500,,,740.0,740.5,0.5
2,494400,5240.5,intrinsic_floor,4000,,,1239.5,1240.5,1.0
2,494400,5240.5,intrinsic_floor,4500,,,740.0,740.5,0.5
2,494500,5240.5,intrinsic_floor,4500,,,740.0,740.5,0.5
2,495100,5245.5,intrinsic_floor,4000,,,1244.5,1245.5,1.0
2,495100,5245.5,intrinsic_floor,4500,,,744.0,745.5,1.5
2,495400,5244.5,intrinsic_floor,4500,,,744.0,744.5,0.5
2,495700,5242.5,intrinsic_floor,4000,,,1237.0,1242.5,5.5
2,495700,5242.5,intrinsic_floor,4500,,,738.5,742.5,4.0
2,495900,5243.5,intrinsic_floor,4500,,,743.0,743.5,0.5
2,496000,5243.0,intrinsic_floor,4000,,,1242.5,1243.0,0.5
2,496700,5245.0,intrinsic_floor,4000,,,1244.5,1245.0,0.5
2,496800,5245.5,intrinsic_floor,4500,,,745.0,745.5,0.5
2,497300,5245.5,intrinsic_floor,4500,,,745.0,745.5,0.5
2,497400,5244.5,intrinsic_floor,4500,,,744.0,744.5,0.5
2,497500,5243.5,intrinsic_floor,4500,,,743.0,743.5,0.5
2,497600,5243.5,intrinsic_floor,4500,,,743.0,743.5,0.5
2,497700,5243.0,intrinsic_floor,4000,,,1242.5,1243.0,0.5
2,497800,5245.5,intrinsic_floor,4000,,,1244.5,1245.5,1.0
2,497800,5245.5,intrinsic_floor,4500,,,744.0,745.5,1.5
2,497900,5243.5,intrinsic_floor,4500,,,743.0,743.5,0.5
2,498800,5246.5,intrinsic_floor,4000,,,1245.5,1246.5,1.0
2,498800,5246.5,intrinsic_floor,4500,,,745.0,746.5,1.5
2,498900,5243.5,intrinsic_floor,4500,,,743.0,743.5,0.5
2,499400,5246.5,intrinsic_floor,4500,,,746.0,746.5,0.5
2,499600,5245.5,intrinsic_floor,4500,,,745.0,745.5,0.5
2,499800,5246.5,intrinsic_floor,4500,,,746.0,746.5,0.5
2,500200,5246.5,intrinsic_floor,4500,,,746.0,746.5,0.5
2,500400,5248.5,intrinsic_floor,4500,,,748.0,748.5,0.5
2,500700,5248.5,intrinsic_floor,4500,,,748.0,748.5,0.5
2,500800,5247.5,intrinsic_floor,4500,,,747.0,747.5,0.5
2,500900,5247.5,intrinsic_floor,4500,,,747.0,747.5,0.5
2,501900,5242.0,intrinsic_floor,4000,,,1236.5,1242.0,5.5
2,501900,5242.0,intrinsic_floor,4500,,,737.5,742.0,4.5
2,502000,5244.0,intrinsic_floor,4000,,,1243.5,1244.0,0.5
2,502100,5244.5,intrinsic_floor,4500,,,744.0,744.5,0.5
2,502400,5243.5,intrinsic_floor,4500,,,743.0,743.5,0.5
2,502500,5243.5,intrinsic_floor,4500,,,743.0,743.5,0.5
2,502800,5241.5,intrinsic_floor,4500,,,741.0,741.5,0.5
2,503100,5241.5,intrinsic_floor,4500,,,741.0,741.5,0.5
2,503200,5241.0,intrinsic_floor,4000,,,1240.5,1241.0,0.5
2,503300,5240.5,intrinsic_floor,4000,,,1239.5,1240.5,1.0
2,503300,5240.5,intrinsic_floor,4500,,,739.0,740.5,1.5
2,504100,5237.5,intrinsic_floor,4500,,,737.0,737.5,0.5
2,504300,5237.5,intrinsic_floor,4500,,,737.0,737.5,0.5
2,504600,5235.5,intrinsic_floor,4000,,,1234.5,1235.5,1.0
2,504600,5235.5,intrinsic_floor,4500,,,735.0,735.5,0.5
2,504700,5235.5,intrinsic_floor,4500,,,735.0,735.5,0.5
2,504800,5235.5,intrinsic_floor,4500,,,735.0,735.5,0.5
2,506500,5237.5,intrinsic_floor,4000,,,1236.5,1237.5,1.0
2,506500,5237.5,intrinsic_floor,4500,,,737.0,737.5,0.5
2,506600,5236.5,intrinsic_floor,4500,,,736.0,736.5,0.5
2,507300,5237.5,intrinsic_floor,4500,,,737.0,737.5,0.5
2,507500,5237.5,intrinsic_floor,4500,,,737.0,737.5,0.5
2,507800,5236.5,intrinsic_floor,4500,,,736.0,736.5,0.5
2,507900,5237.5,intrinsic_floor,4500,,,737.0,737.5,0.5
2,508100,5239.5,intrinsic_floor,4500,,,739.0,739.5,0.5
2,508200,5239.5,intrinsic_floor,4500,,,739.0,739.5,0.5
2,508800,5235.5,intrinsic_floor,4000,,,1230.0,1235.5,5.5
2,508800,5235.5,intrinsic_floor,4500,,,731.5,735.5,4.0
2,509100,5235.5,intrinsic_floor,4500,,,735.0,735.5,0.5
2,510700,5235.5,intrinsic_floor,4500,,,735.0,735.5,0.5
2,511700,5233.5,intrinsic_floor,4500,,,733.0,733.5,0.5
2,512700,5241.5,intrinsic_floor,4500,,,741.0,741.5,0.5
2,512900,5241.5,intrinsic_floor,4500,,,741.0,741.5,0.5
2,513000,5241.5,intrinsic_floor,4500,,,741.0,741.5,0.5
2,513100,5242.5,intrinsic_floor,4500,,,742.0,742.5,0.5
2,513300,5241.5,intrinsic_floor,4500,,,741.0,741.5,0.5
2,513800,5246.5,intrinsic_floor,4500,,,746.0,746.5,0.5
2,514100,5244.5,intrinsic_floor,4500,,,744.0,744.5,0.5
2,514200,5244.5,intrinsic_floor,4500,,,744.0,744.5,0.5
2,514400,5244.5,intrinsic_floor,4500,,,744.0,744.5,0.5
2,514700,5246.0,intrinsic_floor,4000,,,1245.5,1246.0,0.5
2,514900,5245.5,intrinsic_floor,4500,,,745.0,745.5,0.5
2,515000,5246.5,intrinsic_floor,4500,,,746.0,746.5,0.5
2,515200,5246.5,intrinsic_floor,4500,,,746.0,746.5,0.5
2,515600,5245.5,intrinsic_floor,4500,,,745.0,745.5,0.5
2,516000,5246.5,intrinsic_floor,4500,,,746.0,746.5,0.5
2,516100,5246.5,intrinsic_floor,4500,,,746.0,746.5,0.5
2,516200,5248.5,intrinsic_floor,4500,,,748.0,748.5,0.5
2,516400,5249.5,intrinsic_floor,4500,,,749.0,749.5,0.5
2,516500,5251.0,intrinsic_floor,4000,,,1250.5,1251.0,0.5
2,516700,5250.0,intrinsic_floor,4000,,,1249.5,1250.0,0.5
2,517300,5246.5,intrinsic_floor,4500,,,746.0,746.5,0.5
2,517400,5245.5,intrinsic_floor,4500,,,745.0,745.5,0.5
2,518200,5248.5,intrinsic_floor,4500,,,748.0,748.5,0.5
2,518300,5249.5,intrinsic_floor,4500,,,749.0,749.5,0.5
2,518800,5246.0,intrinsic_floor,4000,,,1245.5,1246.0,0.5
2,518900,5246.0,intrinsic_floor,4000,,,1245.5,1246.0,0.5
2,519600,5247.5,intrinsic_floor,4000,,,1242.0,1247.5,5.5
2,519600,5247.5,intrinsic_floor,4500,,,743.0,747.5,4.5
2,520300,5245.5,intrinsic_floor,4500,,,745.0,745.5,0.5
2,520900,5246.5,intrinsic_floor,4000,,,1245.5,1246.5,1.0
2,520900,5246.5,intrinsic_floor,4500,,,745.0,746.5,1.5
2,521200,5246.5,intrinsic_floor,4500,,,746.0,746.5,0.5
2,521500,5247.5,intrinsic_floor,4000,,,1245.5,1247.5,2.0
2,521500,5247.5,intrinsic_floor,4500,,,746.0,747.5,1.5
2,522000,5245.5,intrinsic_floor,4500,,,745.0,745.5,0.5
2,522100,5245.5,intrinsic_floor,4500,,,745.0,745.5,0.5
2,522300,5248.5,intrinsic_floor,4500,,,748.0,748.5,0.5
2,522500,5248.0,intrinsic_floor,4000,,,1247.5,1248.0,0.5
2,522800,5247.5,intrinsic_floor,4500,,,747.0,747.5,0.5
2,522900,5248.0,intrinsic_floor,4000,,,1247.5,1248.0,0.5
2,523000,5249.5,intrinsic_floor,4000,,,1248.5,1249.5,1.0
2,523000,5249.5,intrinsic_floor,4500,,,748.0,749.5,1.5
2,523100,5248.5,intrinsic_floor,4500,,,748.0,748.5,0.5
2,523300,5249.5,intrinsic_floor,4000,,,1248.5,1249.5,1.0
2,523300,5249.5,intrinsic_floor,4500,,,748.0,749.5,1.5
2,524000,5248.5,intrinsic_floor,4500,,,748.0,748.5,0.5
2,524100,5249.0,intrinsic_floor,4000,,,1247.5,1249.0,1.5
2,524100,5249.0,intrinsic_floor,4500,,,748.0,749.0,1.0
2,524400,5246.5,intrinsic_floor,4500,,,746.0,746.5,0.5
2,524700,5246.5,intrinsic_floor,4500,,,746.0,746.5,0.5
2,524900,5247.5,intrinsic_floor,4500,,,747.0,747.5,0.5
2,525700,5249.5,intrinsic_floor,4500,,,749.0,749.5,0.5
2,525800,5248.5,intrinsic_floor,4500,,,748.0,748.5,0.5
2,525900,5247.5,intrinsic_floor,4500,,,747.0,747.5,0.5
2,526200,5248.5,intrinsic_floor,4500,,,748.0,748.5,0.5
2,526300,5249.5,intrinsic_floor,4500,,,749.0,749.5,0.5
2,526400,5250.5,intrinsic_floor,4500,,,750.0,750.5,0.5
2,526700,5249.0,intrinsic_floor,4000,,,1248.5,1249.0,0.5
2,527000,5244.5,intrinsic_floor,4500,,,744.0,744.5,0.5
2,527200,5246.5,intrinsic_floor,4500,,,746.0,746.5,0.5
2,527400,5248.0,intrinsic_floor,4000,,,1246.5,1248.0,1.5
2,527400,5248.0,intrinsic_floor,4500,,,747.0,748.0,1.0
2,527500,5245.5,intrinsic_floor,4500,,,745.0,745.5,0.5
2,527600,5246.5,intrinsic_floor,4500,,,746.0,746.5,0.5
2,527800,5246.5,intrinsic_floor,4500,,,746.0,746.5,0.5
2,528000,5245.5,intrinsic_floor,4500,,,745.0,745.5,0.5
2,528300,5245.5,intrinsic_floor,4500,,,745.0,745.5,0.5
2,528600,5245.5,intrinsic_floor,4500,,,745.0,745.5,0.5
2,529000,5245.5,intrinsic_floor,4500,,,745.0,745.5,0.5
2,529200,5246.5,intrinsic_floor,4500,,,746.0,746.5,0.5
2,529400,5245.5,intrinsic_floor,4500,,,745.0,745.5,0.5
2,529600,5247.5,intrinsic_floor,4500,,,747.0,747.5,0.5
2,529700,5246.5,intrinsic_floor,4500,,,746.0,746.5,0.5
2,529900,5247.0,intrinsic_floor,4000,,,1246.5,1247.0,0.5
2,530000,5248.5,intrinsic_floor,4000,,,1247.5,1248.5,1.0
2,530000,5248.5,intrinsic_floor,4500,,,747.0,748.5,1.5
2,530500,5247.5,intrinsic_floor,4500,,,747.0,747.5,0.5
2,530800,5246.5,intrinsic_floor,4500,,,746.0,746.5,0.5
2,531200,5246.5,intrinsic_floor,4500,,,746.0,746.5,0.5
2,531300,5247.5,intrinsic_floor,4500,,,747.0,747.5,0.5
2,531400,5247.5,intrinsic_floor,4500,,,747.0,747.5,0.5
2,531500,5247.5,intrinsic_floor,4500,,,747.0,747.5,0.5
2,531800,5247.5,intrinsic_floor,4500,,,747.0,747.5,0.5
2,532100,5245.5,intrinsic_floor,4500,,,745.0,745.5,0.5
2,532200,5245.5,intrinsic_floor,4500,,,745.0,745.5,0.5
2,532400,5244.5,intrinsic_floor,4500,,,744.0,744.5,0.5
2,532900,5243.5,intrinsic_floor,4500,,,743.0,743.5,0.5
2,533000,5244.5,intrinsic_floor,4500,,,744.0,744.5,0.5
2,533400,5242.5,intrinsic_floor,4500,,,742.0,742.5,0.5
2,533500,5241.5,intrinsic_floor,4500,,,741.0,741.5,0.5
2,533600,5242.5,intrinsic_floor,4500,,,742.0,742.5,0.5
2,533700,5242.5,intrinsic_floor,4500,,,742.0,742.5,0.5
2,533800,5241.5,intrinsic_floor,4500,,,741.0,741.5,0.5
2,534400,5239.5,intrinsic_floor,4500,,,739.0,739.5,0.5
2,535100,5241.5,intrinsic_floor,4500,,,741.0,741.5,0.5
2,535200,5243.5,intrinsic_floor,4500,,,743.0,743.5,0.5
2,535300,5243.0,intrinsic_floor,4000,,,1242.5,1243.0,0.5
2,535400,5243.5,intrinsic_floor,4500,,,743.0,743.5,0.5
2,535500,5242.5,intrinsic_floor,4500,,,742.0,742.5,0.5
2,536200,5241.5,intrinsic_floor,4500,,,741.0,741.5,0.5
2,536400,5241.5,intrinsic_floor,4500,,,741.0,741.5,0.5
2,537100,5246.0,intrinsic_floor,4000,,,1245.5,1246.0,0.5
2,537200,5245.5,intrinsic_floor,4500,,,745.0,745.5,0.5
2,537300,5246.5,intrinsic_floor,4000,,,1245.5,1246.5,1.0
2,537300,5246.5,intrinsic_floor,4500,,,745.0,746.5,1.5
2,537400,5244.5,intrinsic_floor,4500,,,744.0,744.5,0.5
2,537600,5243.5,intrinsic_floor,4500,,,743.0,743.5,0.5
2,538200,5242.5,intrinsic_floor,4500,,,742.0,742.5,0.5
2,538300,5242.5,intrinsic_floor,4500,,,742.0,742.5,0.5
2,538400,5243.5,intrinsic_floor,4500,,,743.0,743.5,0.5
2,538500,5244.5,intrinsic_floor,4000,,,1243.5,1244.5,1.0
2,538500,5244.5,intrinsic_floor,4500,,,743.0,744.5,1.5
2,538600,5244.5,intrinsic_floor,4500,,,744.0,744.5,0.5
2,538700,5244.5,intrinsic_floor,4500,,,744.0,744.5,0.5
2,539000,5241.5,intrinsic_floor,4500,,,741.0,741.5,0.5
2,539800,5240.5,intrinsic_floor,4500,,,740.0,740.5,0.5
2,540000,5241.5,intrinsic_floor,4500,,,741.0,741.5,0.5
2,540200,5243.0,intrinsic_floor,4000,,,1242.5,1243.0,0.5
2,540400,5242.5,intrinsic_floor,4500,,,742.0,742.5,0.5
2,540500,5242.0,intrinsic_floor,4000,,,1241.5,1242.0,0.5
2,540700,5243.5,intrinsic_floor,4500,,,743.0,743.5,0.5
2,540800,5243.5,intrinsic_floor,4500,,,743.0,743.5,0.5
2,542100,5240.5,intrinsic_floor,4500,,,740.0,740.5,0.5
2,542200,5240.5,intrinsic_floor,4500,,,740.0,740.5,0.5
2,542300,5238.5,intrinsic_floor,4500,,,738.0,738.5,0.5
2,542900,5239.0,intrinsic_floor,4000,,,1238.5,1239.0,0.5
2,543000,5238.5,intrinsic_floor,4500,,,738.0,738.5,0.5
2,543200,5238.5,intrinsic_floor,4500,,,738.0,738.5,0.5
2,544100,5241.5,intrinsic_floor,4500,,,741.0,741.5,0.5
2,544200,5243.5,intrinsic_floor,4000,,,1242.5,1243.5,1.0
2,544200,5243.5,intrinsic_floor,4500,,,742.0,743.5,1.5
2,544700,5240.5,intrinsic_floor,4500,,,740.0,740.5,0.5
2,544800,5239.5,intrinsic_floor,4500,,,739.0,739.5,0.5
2,545100,5240.5,intrinsic_floor,4500,,,740.0,740.5,0.5
2,545200,5240.5,intrinsic_floor,4500,,,740.0,740.5,0.5
2,545700,5237.5,intrinsic_floor,4500,,,737.0,737.5,0.5
2,545800,5236.5,intrinsic_floor,4500,,,736.0,736.5,0.5
2,546100,5236.5,intrinsic_floor,4500,,,736.0,736.5,0.5
2,546300,5239.5,intrinsic_floor,4500,,,739.0,739.5,0.5
2,546400,5238.5,intrinsic_floor,4500,,,738.0,738.5,0.5
2,546500,5238.5,intrinsic_floor,4000,,,1237.5,1238.5,1.0
2,546500,5238.5,intrinsic_floor,4500,,,738.0,738.5,0.5
2,546600,5240.5,intrinsic_floor,4000,,,1239.5,1240.5,1.0
2,546600,5240.5,intrinsic_floor,4500,,,739.0,740.5,1.5
2,547200,5238.5,intrinsic_floor,4500,,,738.0,738.5,0.5
2,547300,5240.5,intrinsic_floor,4500,,,740.0,740.5,0.5
2,547400,5238.5,intrinsic_floor,4500,,,738.0,738.5,0.5
2,547900,5238.5,intrinsic_floor,4500,,,738.0,738.5,0.5
2,548600,5238.0,intrinsic_floor,4000,,,1232.5,1238.0,5.5
2,548600,5238.0,intrinsic_floor,4500,,,733.5,738.0,4.5
2,548700,5238.5,intrinsic_floor,4500,,,738.0,738.5,0.5
2,548800,5238.5,intrinsic_floor,4500,,,738.0,738.5,0.5
2,549000,5237.5,intrinsic_floor,4500,,,737.0,737.5,0.5
2,549400,5236.5,intrinsic_floor,4500,,,736.0,736.5,0.5
2,549800,5236.0,intrinsic_floor,4000,,,1235.0,1236.0,1.0
2,549800,5236.0,intrinsic_floor,4500,,,735.0,736.0,1.0
2,550200,5232.5,intrinsic_floor,4500,,,732.0,732.5,0.5
2,550500,5235.5,intrinsic_floor,4000,,,1235.0,1235.5,0.5
2,550500,5235.5,intrinsic_floor,4500,,,735.0,735.5,0.5
2,551400,5241.5,intrinsic_floor,4500,,,741.0,741.5,0.5
2,551600,5240.5,intrinsic_floor,4500,,,740.0,740.5,0.5
2,552200,5239.5,intrinsic_floor,4500,,,739.0,739.5,0.5
2,552600,5238.5,intrinsic_floor,4000,,,1237.0,1238.5,1.5
2,552600,5238.5,intrinsic_floor,4500,,,737.0,738.5,1.5
2,552900,5236.0,intrinsic_floor,4000,,,1234.5,1236.0,1.5
2,552900,5236.0,intrinsic_floor,4500,,,735.0,736.0,1.0
2,553200,5238.5,intrinsic_floor,4500,,,738.0,738.5,0.5
2,553500,5239.5,intrinsic_floor,4500,,,739.0,739.5,0.5
2,553900,5239.5,intrinsic_floor,4500,,,739.0,739.5,0.5
2,554300,5240.5,intrinsic_floor,4500,,,740.0,740.5,0.5
2,554600,5242.5,intrinsic_floor,4000,,,1237.0,1242.5,5.5
2,554600,5242.5,intrinsic_floor,4500,,,738.0,742.5,4.5
2,554700,5242.5,intrinsic_floor,4500,,,742.0,742.5,0.5
2,554800,5243.0,intrinsic_floor,4000,,,1242.5,1243.0,0.5
2,555500,5242.5,intrinsic_floor,4500,,,742.0,742.5,0.5
2,555600,5242.5,intrinsic_floor,4500,,,742.0,742.5,0.5
2,555700,5241.5,intrinsic_floor,4000,,,1236.0,1241.5,5.5
2,555700,5241.5,intrinsic_floor,4500,,,737.5,741.5,4.0
2,555900,5240.5,intrinsic_floor,4500,,,740.0,740.5,0.5
2,556000,5242.5,intrinsic_floor,4500,,,742.0,742.5,0.5
2,556200,5243.5,intrinsic_floor,4500,,,743.0,743.5,0.5
2,556400,5243.5,intrinsic_floor,4500,,,743.0,743.5,0.5
2,556500,5242.5,intrinsic_floor,4500,,,742.0,742.5,0.5
2,556600,5241.5,intrinsic_floor,4500,,,741.0,741.5,0.5
2,556800,5241.0,intrinsic_floor,4000,,,1239.5,1241.0,1.5
2,556800,5241.0,intrinsic_floor,4500,,,739.5,741.0,1.5
2,557300,5241.5,intrinsic_floor,4500,,,741.0,741.5,0.5
2,557500,5239.5,intrinsic_floor,4000,,,1238.5,1239.5,1.0
2,557500,5239.5,intrinsic_floor,4500,,,738.0,739.5,1.5
2,558100,5238.5,intrinsic_floor,4500,,,738.0,738.5,0.5
2,559000,5239.5,intrinsic_floor,4500,,,739.0,739.5,0.5
2,559300,5239.5,intrinsic_floor,4500,,,739.0,739.5,0.5
2,559500,5240.5,intrinsic_floor,4500,,,740.0,740.5,0.5
2,559600,5239.5,intrinsic_floor,4500,,,739.0,739.5,0.5
2,559800,5239.5,intrinsic_floor,4500,,,739.0,739.5,0.5
2,560000,5239.5,intrinsic_floor,4500,,,739.0,739.5,0.5
2,560200,5237.5,intrinsic_floor,4500,,,737.0,737.5,0.5
2,560600,5236.5,intrinsic_floor,4500,,,736.0,736.5,0.5
2,561300,5236.5,intrinsic_floor,4500,,,736.0,736.5,0.5
2,561500,5237.5,intrinsic_floor,4500,,,737.0,737.5,0.5
2,561800,5236.5,intrinsic_floor,4500,,,736.0,736.5,0.5
2,562100,5236.5,intrinsic_floor,4500,,,736.0,736.5,0.5
2,562400,5237.5,intrinsic_floor,4500,,,737.0,737.5,0.5
2,562500,5237.5,intrinsic_floor,4500,,,737.0,737.5,0.5
2,562700,5239.5,intrinsic_floor,4500,,,739.0,739.5,0.5
2,562800,5239.5,intrinsic_floor,4500,,,739.0,739.5,0.5
2,563900,5236.5,intrinsic_floor,4500,,,736.0,736.5,0.5
2,564000,5237.5,intrinsic_floor,4500,,,737.0,737.5,0.5
2,564200,5237.5,intrinsic_floor,4500,,,737.0,737.5,0.5
2,564900,5235.5,intrinsic_floor,4000,,,1235.0,1235.5,0.5
2,564900,5235.5,intrinsic_floor,4500,,,735.0,735.5,0.5
2,565000,5234.5,intrinsic_floor,4500,,,734.0,734.5,0.5
2,565300,5236.5,intrinsic_floor,4500,,,736.0,736.5,0.5
2,565700,5236.5,intrinsic_floor,4500,,,736.0,736.5,0.5
2,566300,5232.5,intrinsic_floor,4000,,,1232.0,1232.5,0.5
2,566300,5232.5,intrinsic_floor,4500,,,732.0,732.5,0.5
2,566700,5231.0,intrinsic_floor,4000,,,1226.0,1231.0,5.0
2,566700,5231.0,intrinsic_floor,4500,,,727.0,731.0,4.0
2,567000,5231.5,intrinsic_floor,4000,,,1231.0,1231.5,0.5
2,567000,5231.5,intrinsic_floor,4500,,,731.0,731.5,0.5
2,567100,5231.5,intrinsic_floor,4000,,,1231.0,1231.5,0.5
2,567100,5231.5,intrinsic_floor,4500,,,731.0,731.5,0.5
2,567300,5231.5,intrinsic_floor,4500,,,731.0,731.5,0.5
2,567500,5231.5,intrinsic_floor,4500,,,731.0,731.5,0.5
2,567700,5231.5,intrinsic_floor,4000,,,1231.0,1231.5,0.5
2,567700,5231.5,intrinsic_floor,4500,,,731.0,731.5,0.5
2,567900,5230.5,intrinsic_floor,4000,,,1229.5,1230.5,1.0
2,567900,5230.5,intrinsic_floor,4500,,,729.0,730.5,1.5
2,569000,5228.5,intrinsic_floor,4500,,,728.0,728.5,0.5
2,569200,5226.5,intrinsic_floor,4000,,,1226.0,1226.5,0.5
2,569200,5226.5,intrinsic_floor,4500,,,726.0,726.5,0.5
2,569900,5228.5,intrinsic_floor,4000,,,1228.0,1228.5,0.5
2,569900,5228.5,intrinsic_floor,4500,,,728.0,728.5,0.5
2,570000,5229.5,intrinsic_floor,4000,,,1229.0,1229.5,0.5
2,570000,5229.5,intrinsic_floor,4500,,,729.0,729.5,0.5
2,570300,5229.5,intrinsic_floor,4500,,,729.0,729.5,0.5
2,570700,5226.5,intrinsic_floor,4000,,,1226.0,1226.5,0.5
2,570700,5226.5,intrinsic_floor,4500,,,726.0,726.5,0.5
2,571200,5229.5,intrinsic_floor,4500,,,729.0,729.5,0.5
2,572300,5236.5,intrinsic_floor,4500,,,736.0,736.5,0.5
2,572400,5237.5,intrinsic_floor,4000,,,1237.0,1237.5,0.5
2,572400,5237.5,intrinsic_floor,4500,,,737.0,737.5,0.5
2,572500,5236.5,intrinsic_floor,4500,,,736.0,736.5,0.5
2,572700,5234.5,intrinsic_floor,4000,,,1234.0,1234.5,0.5
2,572700,5234.5,intrinsic_floor,4500,,,734.0,734.5,0.5
2,572900,5233.5,intrinsic_floor,4500,,,733.0,733.5,0.5
2,573000,5234.5,intrinsic_floor,4000,,,1233.5,1234.5,1.0
2,573000,5234.5,intrinsic_floor,4500,,,733.0,734.5,1.5
2,573200,5233.5,intrinsic_floor,4500,,,733.0,733.5,0.5
2,573300,5233.5,intrinsic_floor,4500,,,733.0,733.5,0.5
2,573600,5235.5,intrinsic_floor,4500,,,735.0,735.5,0.5
2,573900,5235.5,intrinsic_floor,4500,,,735.0,735.5,0.5
2,574100,5235.5,intrinsic_floor,4500,,,735.0,735.5,0.5
2,574200,5233.5,intrinsic_floor,4500,,,733.0,733.5,0.5
2,574900,5234.5,intrinsic_floor,4000,,,1234.0,1234.5,0.5
2,574900,5234.5,intrinsic_floor,4500,,,734.0,734.5,0.5
2,575100,5231.5,intrinsic_floor,4000,,,1226.0,1231.5,5.5
2,575100,5231.5,intrinsic_floor,4500,,,727.5,731.5,4.0
2,575200,5231.5,intrinsic_floor,4000,,,1231.0,1231.5,0.5
2,575200,5231.5,intrinsic_floor,4500,,,731.0,731.5,0.5
2,575300,5231.5,intrinsic_floor,4500,,,731.0,731.5,0.5
2,576400,5229.5,intrinsic_floor,4000,,,1228.5,1229.5,1.0
2,576400,5229.5,intrinsic_floor,4500,,,728.0,729.5,1.5
2,577700,5225.5,intrinsic_floor,4000,,,1225.0,1225.5,0.5
2,577700,5225.5,intrinsic_floor,4500,,,725.0,725.5,0.5
2,579000,5218.5,intrinsic_floor,4000,,,1218.0,1218.5,0.5
2,579100,5217.5,intrinsic_floor,4000,,,1217.0,1217.5,0.5
2,579100,5217.5,intrinsic_floor,4500,,,717.0,717.5,0.5
2,580400,5222.0,intrinsic_floor,4000,,,1221.0,1222.0,1.0
2,580400,5222.0,intrinsic_floor,4500,,,721.0,722.0,1.0
2,580700,5223.5,intrinsic_floor,4000,,,1222.5,1223.5,1.0
2,580700,5223.5,intrinsic_floor,4500,,,722.5,723.5,1.0
2,581700,5224.5,intrinsic_floor,4000,,,1224.0,1224.5,0.5
2,581700,5224.5,intrinsic_floor,4500,,,724.0,724.5,0.5
2,581900,5225.5,intrinsic_floor,4000,,,1224.5,1225.5,1.0
2,581900,5225.5,intrinsic_floor,4500,,,724.5,725.5,1.0
2,582000,5225.5,intrinsic_floor,4000,,,1225.0,1225.5,0.5
2,582000,5225.5,intrinsic_floor,4500,,,725.0,725.5,0.5
2,582100,5226.0,intrinsic_floor,4000,,,1224.5,1226.0,1.5
2,582100,5226.0,intrinsic_floor,4500,,,724.5,726.0,1.5
2,582400,5227.5,intrinsic_floor,4000,,,1226.0,1227.5,1.5
2,582400,5227.5,intrinsic_floor,4500,,,726.0,727.5,1.5
2,582900,5222.5,intrinsic_floor,4000,,,1222.0,1222.5,0.5
2,582900,5222.5,intrinsic_floor,4500,,,722.0,722.5,0.5
2,583000,5221.5,intrinsic_floor,4000,,,1221.0,1221.5,0.5
2,583800,5218.5,intrinsic_floor,4000,,,1218.0,1218.5,0.5
2,585400,5217.5,intrinsic_floor,4000,,,1216.5,1217.5,1.0
2,585400,5217.5,intrinsic_floor,4500,,,716.5,717.5,1.0
2,585800,5212.5,intrinsic_floor,4000,,,1212.0,1212.5,0.5
2,586500,5214.5,intrinsic_floor,4000,,,1214.0,1214.5,0.5
2,586900,5212.5,intrinsic_floor,4000,,,1212.0,1212.5,0.5
2,587100,5212.5,intrinsic_floor,4000,,,1207.0,1212.5,5.5
2,587100,5212.5,intrinsic_floor,4500,,,708.5,712.5,4.0
2,587300,5212.5,intrinsic_floor,4000,,,1212.0,1212.5,0.5
2,587300,5212.5,intrinsic_floor,4500,,,712.0,712.5,0.5
2,588000,5213.5,intrinsic_floor,4000,,,1213.0,1213.5,0.5
2,588300,5215.5,intrinsic_floor,4000,,,1214.5,1215.5,1.0
2,588300,5215.5,intrinsic_floor,4500,,,714.5,715.5,1.0
2,588500,5214.5,intrinsic_floor,4000,,,1209.5,1214.5,5.0
2,588500,5214.5,intrinsic_floor,4500,,,710.5,714.5,4.0
2,589800,5215.0,intrinsic_floor,4000,,,1214.0,1215.0,1.0
2,589800,5215.0,intrinsic_floor,4500,,,714.0,715.0,1.0
2,589900,5212.5,intrinsic_floor,4000,,,1212.0,1212.5,0.5
2,590600,5216.5,intrinsic_floor,4000,,,1215.0,1216.5,1.5
2,590600,5216.5,intrinsic_floor,4500,,,715.0,716.5,1.5
2,590900,5214.5,intrinsic_floor,4000,,,1214.0,1214.5,0.5
2,591300,5216.5,intrinsic_floor,4000,,,1216.0,1216.5,0.5
2,591900,5218.5,intrinsic_floor,4000,,,1217.5,1218.5,1.0
2,591900,5218.5,intrinsic_floor,4500,,,717.5,718.5,1.0
2,592000,5220.5,intrinsic_floor,4000,,,1220.0,1220.5,0.5
2,592600,5220.5,intrinsic_floor,4000,,,1220.0,1220.5,0.5
2,592600,5220.5,intrinsic_floor,4500,,,720.0,720.5,0.5
2,593000,5219.5,intrinsic_floor,4000,,,1214.0,1219.5,5.5
2,593000,5219.5,intrinsic_floor,4500,,,715.5,719.5,4.0
2,593100,5219.5,intrinsic_floor,4000,,,1219.0,1219.5,0.5
2,593100,5219.5,intrinsic_floor,4500,,,719.0,719.5,0.5
2,593900,5220.5,intrinsic_floor,4000,,,1219.0,1220.5,1.5
2,593900,5220.5,intrinsic_floor,4500,,,719.0,720.5,1.5
2,594600,5218.5,intrinsic_floor,4000,,,1218.0,1218.5,0.5
2,594600,5218.5,intrinsic_floor,4500,,,718.0,718.5,0.5
2,594700,5219.5,intrinsic_floor,4000,,,1219.0,1219.5,0.5
2,594900,5221.5,intrinsic_floor,4000,,,1221.0,1221.5,0.5
2,594900,5221.5,intrinsic_floor,4500,,,721.0,721.5,0.5
2,595300,5224.5,intrinsic_floor,4000,,,1224.0,1224.5,0.5
2,595300,5224.5,intrinsic_floor,4500,,,724.0,724.5,0.5
2,595600,5224.5,intrinsic_floor,4000,,,1224.0,1224.5,0.5
2,595600,5224.5,intrinsic_floor,4500,,,724.0,724.5,0.5
2,597200,5231.5,intrinsic_floor,4500,,,731.0,731.5,0.5
2,597300,5232.5,intrinsic_floor,4000,,,1232.0,1232.5,0.5
2,597300,5232.5,intrinsic_floor,4500,,,732.0,732.5,0.5
2,597500,5234.5,intrinsic_floor,4000,,,1233.0,1234.5,1.5
2,597500,5234.5,intrinsic_floor,4500,,,733.0,734.5,1.5
2,597600,5233.5,intrinsic_floor,4500,,,733.0,733.5,0.5
2,597900,5235.5,intrinsic_floor,4500,,,735.0,735.5,0.5
2,598200,5236.5,intrinsic_floor,4500,,,736.0,736.5,0.5
2,598500,5236.5,intrinsic_floor,4500,,,736.0,736.5,0.5
2,599200,5240.5,intrinsic_floor,4500,,,740.0,740.5,0.5
2,599400,5241.5,intrinsic_floor,4500,,,741.0,741.5,0.5
2,599600,5244.5,intrinsic_floor,4500,,,744.0,744.5,0.5
2,599700,5243.5,intrinsic_floor,4500,,,743.0,743.5,0.5
2,599800,5242.5,intrinsic_floor,4500,,,742.0,742.5,0.5
2,599900,5242.5,intrinsic_floor,4500,,,742.0,742.5,0.5
2,600100,5242.5,intrinsic_floor,4500,,,742.0,742.5,0.5
2,600300,5243.5,intrinsic_floor,4500,,,743.0,743.5,0.5
2,600600,5245.0,intrinsic_floor,4000,,,1244.5,1245.0,0.5
2,600900,5246.5,intrinsic_floor,4500,,,746.0,746.5,0.5
2,601000,5246.5,intrinsic_floor,4500,,,746.0,746.5,0.5
2,601300,5247.5,intrinsic_floor,4000,,,1246.5,1247.5,1.0
2,601300,5247.5,intrinsic_floor,4500,,,747.0,747.5,0.5
2,601500,5247.0,intrinsic_floor,4000,,,1245.5,1247.0,1.5
2,601500,5247.0,intrinsic_floor,4500,,,746.0,747.0,1.0
2,601700,5246.5,intrinsic_floor,4500,,,746.0,746.5,0.5
2,601800,5247.5,intrinsic_floor,4500,,,747.0,747.5,0.5
2,601900,5247.5,intrinsic_floor,4500,,,747.0,747.5,0.5
2,602000,5247.0,intrinsic_floor,4000,,,1246.5,1247.0,0.5
2,602300,5246.5,intrinsic_floor,4500,,,746.0,746.5,0.5
2,602900,5246.5,intrinsic_floor,4500,,,746.0,746.5,0.5
2,603100,5245.5,intrinsic_floor,4500,,,745.0,745.5,0.5
2,603500,5245.5,intrinsic_floor,4500,,,745.0,745.5,0.5
2,603900,5245.5,intrinsic_floor,4000,,,1244.5,1245.5,1.0
2,603900,5245.5,intrinsic_floor,4500,,,744.0,745.5,1.5
2,604100,5243.5,intrinsic_floor,4000,,,1238.0,1243.5,5.5
2,604100,5243.5,intrinsic_floor,4500,,,739.5,743.5,4.0
2,604200,5244.5,intrinsic_floor,4000,,,1243.5,1244.5,1.0
2,604200,5244.5,intrinsic_floor,4500,,,744.0,744.5,0.5
2,605100,5243.5,intrinsic_floor,4500,,,743.0,743.5,0.5
2,605200,5241.5,intrinsic_floor,4500,,,741.0,741.5,0.5
2,605400,5242.5,intrinsic_floor,4500,,,742.0,742.5,0.5
2,605900,5248.0,intrinsic_floor,4000,,,1247.0,1248.0,1.0
2,605900,5248.0,intrinsic_floor,4500,,,747.0,748.0,1.0
2,606100,5250.5,intrinsic_floor,4500,,,750.0,750.5,0.5
2,606300,5249.0,intrinsic_floor,4000,,,1248.5,1249.0,0.5
2,606900,5249.0,intrinsic_floor,4000,,,1248.5,1249.0,0.5
2,607000,5248.5,intrinsic_floor,4500,,,748.0,748.5,0.5
2,607100,5249.5,intrinsic_floor,4500,,,749.0,749.5,0.5
2,607200,5250.5,intrinsic_floor,4000,,,1249.5,1250.5,1.0
2,607200,5250.5,intrinsic_floor,4500,,,749.0,750.5,1.5
2,607600,5248.5,intrinsic_floor,4500,,,748.0,748.5,0.5
2,607800,5248.5,intrinsic_floor,4500,,,748.0,748.5,0.5
2,608000,5249.5,intrinsic_floor,4500,,,749.0,749.5,0.5
2,608200,5251.5,intrinsic_floor,4500,,,751.0,751.5,0.5
2,608400,5250.5,intrinsic_floor,4500,,,750.0,750.5,0.5
2,608500,5251.0,intrinsic_floor,4000,,,1250.5,1251.0,0.5
2,608600,5250.5,intrinsic_floor,4500,,,750.0,750.5,0.5
2,608800,5252.5,intrinsic_floor,4500,,,752.0,752.5,0.5
2,608900,5252.5,intrinsic_floor,4500,,,752.0,752.5,0.5
2,609200,5251.5,intrinsic_floor,4500,,,751.0,751.5,0.5
2,609400,5252.5,intrinsic_floor,4500,,,752.0,752.5,0.5
2,610000,5251.5,intrinsic_floor,4500,,,751.0,751.5,0.5
2,610200,5249.5,intrinsic_floor,4500,,,749.0,749.5,0.5
2,610600,5251.5,intrinsic_floor,4500,,,751.0,751.5,0.5
2,610700,5252.0,intrinsic_floor,4000,,,1250.5,1252.0,1.5
2,610700,5252.0,intrinsic_floor,4500,,,751.0,752.0,1.0
2,610900,5249.5,intrinsic_floor,4500,,,749.0,749.5,0.5
2,611200,5245.5,intrinsic_floor,4500,,,745.0,745.5,0.5
2,611700,5243.5,intrinsic_floor,4500,,,743.0,743.5,0.5
2,612100,5244.5,intrinsic_floor,4500,,,744.0,744.5,0.5
2,612200,5244.5,intrinsic_floor,4500,,,744.0,744.5,0.5
2,612800,5242.5,intrinsic_floor,4500,,,742.0,742.5,0.5
2,613000,5244.0,intrinsic_floor,4000,,,1242.5,1244.0,1.5
2,613000,5244.0,intrinsic_floor,4500,,,743.0,744.0,1.0
2,613500,5243.5,intrinsic_floor,4500,,,743.0,743.5,0.5
2,613700,5245.5,intrinsic_floor,4500,,,745.0,745.5,0.5
2,613800,5245.5,intrinsic_floor,4000,,,1244.5,1245.5,1.0
2,613800,5245.5,intrinsic_floor,4500,,,744.5,745.5,1.0
2,614400,5243.5,intrinsic_floor,4500,,,743.0,743.5,0.5
2,614800,5242.5,intrinsic_floor,4500,,,742.0,742.5,0.5
2,615000,5241.5,intrinsic_floor,4500,,,741.0,741.5,0.5
2,615300,5241.5,intrinsic_floor,4500,,,741.0,741.5,0.5
2,615400,5242.5,intrinsic_floor,4000,,,1241.5,1242.5,1.0
2,615400,5242.5,intrinsic_floor,4500,,,741.0,742.5,1.5
2,615800,5236.5,intrinsic_floor,4500,,,736.0,736.5,0.5
2,616000,5235.5,intrinsic_floor,4500,,,735.0,735.5,0.5
2,616100,5234.5,intrinsic_floor,4500,,,734.0,734.5,0.5
2,616200,5235.5,intrinsic_floor,4000,,,1235.0,1235.5,0.5
2,616200,5235.5,intrinsic_floor,4500,,,735.0,735.5,0.5
2,617100,5233.5,intrinsic_floor,4500,,,733.0,733.5,0.5
2,617200,5234.5,intrinsic_floor,4500,,,734.0,734.5,0.5
2,617700,5234.5,intrinsic_floor,4500,,,734.0,734.5,0.5
2,618400,5237.5,intrinsic_floor,4500,,,737.0,737.5,0.5
2,618500,5237.5,intrinsic_floor,4500,,,737.0,737.5,0.5
2,619200,5240.5,intrinsic_floor,4500,,,740.0,740.5,0.5
2,619400,5239.5,intrinsic_floor,4500,,,739.0,739.5,0.5
2,620700,5233.5,intrinsic_floor,4000,,,1232.5,1233.5,1.0
2,620700,5233.5,intrinsic_floor,4500,,,732.0,733.5,1.5
2,621600,5227.5,intrinsic_floor,4500,,,727.0,727.5,0.5
2,621700,5227.5,intrinsic_floor,4500,,,727.0,727.5,0.5
2,622400,5231.5,intrinsic_floor,4000,,,1231.0,1231.5,0.5
2,622400,5231.5,intrinsic_floor,4500,,,731.0,731.5,0.5
2,622600,5234.5,intrinsic_floor,4000,,,1229.0,1234.5,5.5
2,622600,5234.5,intrinsic_floor,4500,,,730.0,734.5,4.5
2,623100,5237.5,intrinsic_floor,4500,,,737.0,737.5,0.5
2,623200,5236.5,intrinsic_floor,4500,,,736.0,736.5,0.5
2,623300,5236.5,intrinsic_floor,4000,,,1235.5,1236.5,1.0
2,623300,5236.5,intrinsic_floor,4500,,,736.0,736.5,0.5
2,623500,5237.5,intrinsic_floor,4000,,,1237.0,1237.5,0.5
2,623500,5237.5,intrinsic_floor,4500,,,737.0,737.5,0.5
2,623800,5238.0,intrinsic_floor,4000,,,1236.5,1238.0,1.5
2,623800,5238.0,intrinsic_floor,4500,,,737.0,738.0,1.0
2,624300,5237.5,intrinsic_floor,4500,,,737.0,737.5,0.5
2,624400,5237.5,intrinsic_floor,4500,,,737.0,737.5,0.5
2,624700,5238.5,intrinsic_floor,4500,,,738.0,738.5,0.5
2,625300,5238.5,intrinsic_floor,4500,,,738.0,738.5,0.5
2,625500,5244.0,intrinsic_floor,4000,,,1242.5,1244.0,1.5
2,625500,5244.0,intrinsic_floor,4500,,,743.0,744.0,1.0
2,625700,5244.5,intrinsic_floor,4500,,,744.0,744.5,0.5
2,625900,5243.0,intrinsic_floor,4000,,,1242.5,1243.0,0.5
2,626000,5242.5,intrinsic_floor,4500,,,742.0,742.5,0.5
2,626100,5243.5,intrinsic_floor,4500,,,743.0,743.5,0.5
2,626400,5244.5,intrinsic_floor,4500,,,744.0,744.5,0.5
2,626500,5244.5,intrinsic_floor,4500,,,744.0,744.5,0.5
2,626600,5244.5,intrinsic_floor,4500,,,744.0,744.5,0.5
2,627100,5243.5,intrinsic_floor,4500,,,743.0,743.5,0.5
2,627500,5244.5,intrinsic_floor,4500,,,744.0,744.5,0.5
2,627600,5246.5,intrinsic_floor,4000,,,1245.5,1246.5,1.0
2,627600,5246.5,intrinsic_floor,4500,,,745.0,746.5,1.5
2,627800,5246.0,intrinsic_floor,4000,,,1245.5,1246.0,0.5
2,627900,5247.5,intrinsic_floor,4500,,,747.0,747.5,0.5
2,628200,5248.5,intrinsic_floor,4500,,,748.0,748.5,0.5
2,628400,5248.5,intrinsic_floor,4500,,,748.0,748.5,0.5
2,628500,5247.5,intrinsic_floor,4500,,,747.0,747.5,0.5
2,628700,5247.5,intrinsic_floor,4500,,,747.0,747.5,0.5
2,628800,5246.5,intrinsic_floor,4500,,,746.0,746.5,0.5
2,629200,5246.0,intrinsic_floor,4000,,,1245.5,1246.0,0.5
2,629400,5243.5,intrinsic_floor,4500,,,743.0,743.5,0.5
2,629500,5243.0,intrinsic_floor,4000,,,1242.5,1243.0,0.5
2,630000,5245.0,intrinsic_floor,4000,,,1244.5,1245.0,0.5
2,630700,5243.5,intrinsic_floor,4500,,,743.0,743.5,0.5
2,630900,5244.5,intrinsic_floor,4500,,,744.0,744.5,0.5
2,631100,5245.5,intrinsic_floor,4500,,,745.0,745.5,0.5
2,631200,5244.5,intrinsic_floor,4500,,,744.0,744.5,0.5
2,631300,5246.5,intrinsic_floor,4000,,,1245.5,1246.5,1.0
2,631300,5246.5,intrinsic_floor,4500,,,745.0,746.5,1.5
2,631400,5246.5,intrinsic_floor,4500,,,746.0,746.5,0.5
2,631500,5245.0,intrinsic_floor,4000,,,1244.5,1245.0,0.5
2,632100,5246.0,intrinsic_floor,4000,,,1245.5,1246.0,0.5
2,632200,5246.5,intrinsic_floor,4000,,,1245.5,1246.5,1.0
2,632200,5246.5,intrinsic_floor,4500,,,745.0,746.5,1.5
2,632300,5246.5,intrinsic_floor,4500,,,746.0,746.5,0.5
2,632900,5248.0,intrinsic_floor,4000,,,1247.5,1248.0,0.5
2,633200,5248.5,intrinsic_floor,4500,,,748.0,748.5,0.5
2,633300,5247.5,intrinsic_floor,4500,,,747.0,747.5,0.5
2,633400,5247.5,intrinsic_floor,4500,,,747.0,747.5,0.5
2,633700,5243.5,intrinsic_floor,4500,,,743.0,743.5,0.5
2,633900,5242.5,intrinsic_floor,4500,,,742.0,742.5,0.5
2,634000,5243.0,intrinsic_floor,4000,,,1242.5,1243.0,0.5
2,634400,5242.0,intrinsic_floor,4000,,,1241.5,1242.0,0.5
2,634500,5243.5,intrinsic_floor,4500,,,743.0,743.5,0.5
2,634600,5244.5,intrinsic_floor,4500,,,744.0,744.5,0.5
2,635000,5244.5,intrinsic_floor,4500,,,744.0,744.5,0.5
2,635200,5245.5,intrinsic_floor,4500,,,745.0,745.5,0.5
2,635700,5247.5,intrinsic_floor,4500,,,747.0,747.5,0.5
2,636100,5247.5,intrinsic_floor,4500,,,747.0,747.5,0.5
2,636400,5245.5,intrinsic_floor,4500,,,745.0,745.5,0.5
2,636600,5247.5,intrinsic_floor,4000,,,1246.5,1247.5,1.0
2,636600,5247.5,intrinsic_floor,4500,,,746.0,747.5,1.5
2,637000,5244.5,intrinsic_floor,4500,,,744.0,744.5,0.5
2,637100,5244.5,intrinsic_floor,4500,,,744.0,744.5,0.5
2,637200,5246.0,intrinsic_floor,4000,,,1245.5,1246.0,0.5
2,637400,5246.5,intrinsic_floor,4500,,,746.0,746.5,0.5
2,637500,5246.0,intrinsic_floor,4000,,,1245.5,1246.0,0.5
2,637600,5247.5,intrinsic_floor,4500,,,747.0,747.5,0.5
2,638000,5246.5,intrinsic_floor,4500,,,746.0,746.5,0.5
2,638700,5246.5,intrinsic_floor,4500,,,746.0,746.5,0.5
2,638800,5247.5,intrinsic_floor,4500,,,747.0,747.5,0.5
2,638900,5249.5,intrinsic_floor,4500,,,749.0,749.5,0.5
2,639000,5248.5,intrinsic_floor,4500,,,748.0,748.5,0.5
2,639200,5248.5,intrinsic_floor,4500,,,748.0,748.5,0.5
2,639400,5247.0,intrinsic_floor,4000,,,1246.5,1247.0,0.5
2,639600,5246.5,intrinsic_floor,4500,,,746.0,746.5,0.5
2,639800,5246.5,intrinsic_floor,4500,,,746.0,746.5,0.5
2,640100,5247.5,intrinsic_floor,4500,,,747.0,747.5,0.5
2,640200,5246.5,intrinsic_floor,4500,,,746.0,746.5,0.5
2,640400,5245.0,intrinsic_floor,4000,,,1244.5,1245.0,0.5
2,640800,5245.0,intrinsic_floor,4000,,,1243.5,1245.0,1.5
2,640800,5245.0,intrinsic_floor,4500,,,744.0,745.0,1.0
2,640900,5243.5,intrinsic_floor,4500,,,743.0,743.5,0.5
2,641100,5245.5,intrinsic_floor,4500,,,745.0,745.5,0.5
2,641200,5246.5,intrinsic_floor,4500,,,746.0,746.5,0.5
2,641400,5246.5,intrinsic_floor,4500,,,746.0,746.5,0.5
2,641800,5244.5,intrinsic_floor,4500,,,744.0,744.5,0.5
2,642200,5245.5,intrinsic_floor,4500,,,745.0,745.5,0.5
2,642400,5243.5,intrinsic_floor,4000,,,1238.0,1243.5,5.5
2,642400,5243.5,intrinsic_floor,4500,,,739.5,743.5,4.0
2,642600,5243.5,intrinsic_floor,4500,,,743.0,743.5,0.5
2,642700,5243.5,intrinsic_floor,4500,,,743.0,743.5,0.5
2,642900,5241.5,intrinsic_floor,4500,,,741.0,741.5,0.5
2,643000,5241.5,intrinsic_floor,4500,,,741.0,741.5,0.5
2,643600,5243.5,intrinsic_floor,4500,,,743.0,743.5,0.5
2,643700,5242.5,intrinsic_floor,4500,,,742.0,742.5,0.5
2,643900,5243.5,intrinsic_floor,4500,,,743.0,743.5,0.5
2,644200,5245.5,intrinsic_floor,4500,,,745.0,745.5,0.5
2,644300,5245.5,intrinsic_floor,4500,,,745.0,745.5,0.5
2,644500,5246.0,intrinsic_floor,4000,,,1240.5,1246.0,5.5
2,644500,5246.0,intrinsic_floor,4500,,,741.5,746.0,4.5
2,644900,5246.5,intrinsic_floor,4000,,,1245.5,1246.5,1.0
2,644900,5246.5,intrinsic_floor,4500,,,746.0,746.5,0.5
2,645200,5245.5,intrinsic_floor,4500,,,745.0,745.5,0.5
2,645900,5246.5,intrinsic_floor,4500,,,746.0,746.5,0.5
2,646000,5247.5,intrinsic_floor,4500,,,747.0,747.5,0.5
2,646300,5247.5,intrinsic_floor,4500,,,747.0,747.5,0.5
2,647000,5249.5,intrinsic_floor,4500,,,749.0,749.5,0.5
2,647100,5249.5,intrinsic_floor,4500,,,749.0,749.5,0.5
2,647200,5249.5,intrinsic_floor,4500,,,749.0,749.5,0.5
2,647400,5249.5,intrinsic_floor,4500,,,749.0,749.5,0.5
2,647800,5246.0,intrinsic_floor,4000,,,1244.5,1246.0,1.5
2,647800,5246.0,intrinsic_floor,4500,,,745.0,746.0,1.0
2,648200,5247.0,intrinsic_floor,4000,,,1246.5,1247.0,0.5
2,648500,5245.5,intrinsic_floor,4500,,,745.0,745.5,0.5
2,648600,5245.5,intrinsic_floor,4500,,,745.0,745.5,0.5
2,648900,5244.5,intrinsic_floor,4500,,,744.0,744.5,0.5
2,649000,5244.5,intrinsic_floor,4500,,,744.0,744.5,0.5
2,649500,5243.5,intrinsic_floor,4500,,,743.0,743.5,0.5
2,649600,5245.5,intrinsic_floor,4500,,,745.0,745.5,0.5
2,649700,5244.0,intrinsic_floor,4000,,,1243.5,1244.0,0.5
2,649900,5243.5,intrinsic_floor,4500,,,743.0,743.5,0.5
2,650000,5242.5,intrinsic_floor,4500,,,742.0,742.5,0.5
2,650100,5244.5,intrinsic_floor,4500,,,744.0,744.5,0.5
2,650200,5243.5,intrinsic_floor,4500,,,743.0,743.5,0.5
2,650300,5243.0,intrinsic_floor,4000,,,1242.5,1243.0,0.5
2,650500,5244.5,intrinsic_floor,4500,,,744.0,744.5,0.5
2,651300,5244.5,intrinsic_floor,4500,,,744.0,744.5,0.5
2,651500,5246.5,intrinsic_floor,4500,,,746.0,746.5,0.5
2,651600,5247.5,intrinsic_floor,4500,,,747.0,747.5,0.5
2,652000,5242.5,intrinsic_floor,4500,,,742.0,742.5,0.5
2,652100,5244.5,intrinsic_floor,4000,,,1243.5,1244.5,1.0
2,652100,5244.5,intrinsic_floor,4500,,,743.0,744.5,1.5
2,652200,5243.0,intrinsic_floor,4000,,,1242.5,1243.0,0.5
2,652300,5244.5,intrinsic_floor,4500,,,744.0,744.5,0.5
2,652500,5245.5,intrinsic_floor,4500,,,745.0,745.5,0.5
2,652600,5247.5,intrinsic_floor,4000,,,1246.5,1247.5,1.0
2,652600,5247.5,intrinsic_floor,4500,,,746.0,747.5,1.5
2,653000,5246.5,intrinsic_floor,4500,,,746.0,746.5,0.5
2,653100,5247.0,intrinsic_floor,4000,,,1246.5,1247.0,0.5
2,653300,5249.5,intrinsic_floor,4500,,,749.0,749.5,0.5
2,653500,5250.0,intrinsic_floor,4000,,,1249.5,1250.0,0.5
2,653600,5248.5,intrinsic_floor,4500,,,748.0,748.5,0.5
2,653900,5249.5,intrinsic_floor,4500,,,749.0,749.5,0.5
2,654100,5251.5,intrinsic_floor,4500,,,751.0,751.5,0.5
2,654300,5251.5,intrinsic_floor,4500,,,751.0,751.5,0.5
2,654400,5251.5,intrinsic_floor,4500,,,751.0,751.5,0.5
2,654500,5252.5,intrinsic_floor,4000,,,1251.5,1252.5,1.0
2,654500,5252.5,intrinsic_floor,4500,,,751.0,752.5,1.5
2,654700,5251.5,intrinsic_floor,4500,,,751.0,751.5,0.5
2,655000,5250.0,intrinsic_floor,4000,,,1249.5,1250.0,0.5
2,655200,5252.5,intrinsic_floor,4500,,,752.0,752.5,0.5
2,655500,5251.5,intrinsic_floor,4500,,,751.0,751.5,0.5
2,655600,5252.0,intrinsic_floor,4000,,,1251.5,1252.0,0.5
2,655800,5252.5,intrinsic_floor,4500,,,752.0,752.5,0.5
2,655900,5252.5,intrinsic_floor,4500,,,752.0,752.5,0.5
2,656000,5253.5,intrinsic_floor,4500,,,753.0,753.5,0.5
2,656200,5252.5,intrinsic_floor,4500,,,752.0,752.5,0.5
2,656300,5253.0,intrinsic_floor,4000,,,1251.5,1253.0,1.5
2,656300,5253.0,intrinsic_floor,4500,,,752.0,753.0,1.0
2,656500,5252.5,intrinsic_floor,4500,,,752.0,752.5,0.5
2,656700,5254.5,intrinsic_floor,4500,,,754.0,754.5,0.5
2,657100,5252.5,intrinsic_floor,4500,,,752.0,752.5,0.5
2,657500,5250.5,intrinsic_floor,4500,,,750.0,750.5,0.5
2,657600,5252.5,intrinsic_floor,4500,,,752.0,752.5,0.5
2,657700,5252.0,intrinsic_floor,4000,,,1251.5,1252.0,0.5
2,658300,5251.5,intrinsic_floor,4500,,,751.0,751.5,0.5
2,658600,5252.0,intrinsic_floor,4000,,,1251.5,1252.0,0.5
2,658900,5252.5,intrinsic_floor,4500,,,752.0,752.5,0.5
2,659000,5254.0,intrinsic_floor,4000,,,1253.5,1254.0,0.5
2,659100,5255.5,intrinsic_floor,4500,,,755.0,755.5,0.5
2,659200,5255.5,intrinsic_floor,4500,,,755.0,755.5,0.5
2,659300,5256.5,intrinsic_floor,4500,,,756.0,756.5,0.5
2,659700,5257.5,intrinsic_floor,4500,,,757.0,757.5,0.5
2,660200,5257.5,intrinsic_floor,4500,,,757.0,757.5,0.5
2,660300,5257.5,intrinsic_floor,4500,,,757.0,757.5,0.5
2,660400,5257.5,intrinsic_floor,4500,,,757.0,757.5,0.5
2,660600,5257.5,intrinsic_floor,4500,,,757.0,757.5,0.5
2,660800,5255.5,intrinsic_floor,4500,,,755.0,755.5,0.5
2,661200,5252.5,intrinsic_floor,4500,,,752.0,752.5,0.5
2,661300,5251.0,intrinsic_floor,4000,,,1250.5,1251.0,0.5
2,661600,5250.0,intrinsic_floor,4000,,,1249.5,1250.0,0.5
2,662000,5252.5,intrinsic_floor,4500,,,752.0,752.5,0.5
2,662100,5251.5,intrinsic_floor,4500,,,751.0,751.5,0.5
2,662200,5251.5,intrinsic_floor,4500,,,751.0,751.5,0.5
2,662400,5250.5,intrinsic_floor,4500,,,750.0,750.5,0.5
2,662600,5248.0,intrinsic_floor,4000,,,1247.5,1248.0,0.5
2,663200,5250.0,intrinsic_floor,4000,,,1249.5,1250.0,0.5
2,663400,5253.0,intrinsic_floor,4000,,,1252.5,1253.0,0.5
2,663500,5252.0,intrinsic_floor,4000,,,1251.5,1252.0,0.5
2,663700,5253.5,intrinsic_floor,4000,,,1252.5,1253.5,1.0
2,663700,5253.5,intrinsic_floor,4500,,,753.0,753.5,0.5
2,664200,5252.5,intrinsic_floor,4000,,,1251.5,1252.5,1.0
2,664200,5252.5,intrinsic_floor,4500,,,751.0,752.5,1.5
2,664300,5251.5,intrinsic_floor,4500,,,751.0,751.5,0.5
2,665300,5258.5,intrinsic_floor,4500,,,758.0,758.5,0.5
2,665600,5256.5,intrinsic_floor,4500,,,756.0,756.5,0.5
2,665700,5256.5,intrinsic_floor,4500,,,756.0,756.5,0.5
2,666500,5255.0,intrinsic_floor,4000,,,1249.5,1255.0,5.5
2,666500,5255.0,intrinsic_floor,4500,,,751.0,755.0,4.0
2,666700,5254.5,intrinsic_floor,4500,,,754.0,754.5,0.5
2,667000,5255.0,intrinsic_floor,4000,,,1254.5,1255.0,0.5
2,667200,5256.5,intrinsic_floor,4500,,,756.0,756.5,0.5
2,667400,5257.0,intrinsic_floor,4000,,,1256.5,1257.0,0.5
2,667800,5259.5,intrinsic_floor,4500,,,759.0,759.5,0.5
2,668100,5261.5,intrinsic_floor,4500,,,761.0,761.5,0.5
2,668300,5260.5,intrinsic_floor,4500,,,760.0,760.5,0.5
2,668500,5260.5,intrinsic_floor,4000,,,1259.5,1260.5,1.0
2,668500,5260.5,intrinsic_floor,4500,,,760.0,760.5,0.5
2,668700,5261.5,intrinsic_floor,4500,,,761.0,761.5,0.5
2,669200,5263.5,intrinsic_floor,4500,,,763.0,763.5,0.5
2,669300,5262.5,intrinsic_floor,4500,,,762.0,762.5,0.5
2,669700,5266.5,intrinsic_floor,4000,,,1265.5,1266.5,1.0
2,669700,5266.5,intrinsic_floor,4500,,,765.0,766.5,1.5
2,670000,5265.5,intrinsic_floor,4500,,,765.0,765.5,0.5
2,670200,5265.5,intrinsic_floor,4500,,,765.0,765.5,0.5
2,670700,5266.5,intrinsic_floor,4500,,,766.0,766.5,0.5
2,671700,5265.5,intrinsic_floor,4500,,,765.0,765.5,0.5
2,673200,5273.5,intrinsic_floor,4000,,,1272.5,1273.5,1.0
2,673200,5273.5,intrinsic_floor,4500,,,772.5,773.5,1.0
2,673600,5272.5,intrinsic_floor,4000,,,1272.0,1272.5,0.5
2,673600,5272.5,intrinsic_floor,4500,,,772.0,772.5,0.5
2,674200,5271.5,intrinsic_floor,4500,,,771.0,771.5,0.5
2,674300,5271.5,intrinsic_floor,4000,,,1271.0,1271.5,0.5
2,674300,5271.5,intrinsic_floor,4500,,,771.0,771.5,0.5
2,675700,5269.5,intrinsic_floor,4500,,,769.0,769.5,0.5
2,675900,5267.5,intrinsic_floor,4500,,,767.0,767.5,0.5
2,676400,5270.5,intrinsic_floor,4000,,,1270.0,1270.5,0.5
2,676400,5270.5,intrinsic_floor,4500,,,770.0,770.5,0.5
2,676800,5269.0,intrinsic_floor,4000,,,1268.0,1269.0,1.0
2,676800,5269.0,intrinsic_floor,4500,,,768.0,769.0,1.0
2,677100,5269.5,intrinsic_floor,4500,,,769.0,769.5,0.5
2,677200,5268.5,intrinsic_floor,4500,,,768.0,768.5,0.5
2,677600,5264.5,intrinsic_floor,4500,,,764.0,764.5,0.5
2,679100,5274.5,intrinsic_floor,4000,,,1274.0,1274.5,0.5
2,679100,5274.5,intrinsic_floor,4500,,,774.0,774.5,0.5
2,679400,5276.5,intrinsic_floor,4000,,,1276.0,1276.5,0.5
2,679400,5276.5,intrinsic_floor,4500,,,776.0,776.5,0.5
2,680100,5275.5,intrinsic_floor,4500,,,775.0,775.5,0.5
2,680700,5275.5,intrinsic_floor,4000,,,1275.0,1275.5,0.5
2,680700,5275.5,intrinsic_floor,4500,,,775.0,775.5,0.5
2,680900,5275.5,intrinsic_floor,4000,,,1275.0,1275.5,0.5
2,680900,5275.5,intrinsic_floor,4500,,,775.0,775.5,0.5
2,681100,5276.5,intrinsic_floor,4000,,,1276.0,1276.5,0.5
2,681100,5276.5,intrinsic_floor,4500,,,776.0,776.5,0.5
2,681900,5278.5,intrinsic_floor,4000,,,1278.0,1278.5,0.5
2,681900,5278.5,intrinsic_floor,4500,,,778.0,778.5,0.5
2,682500,5278.5,intrinsic_floor,4000,,,1278.0,1278.5,0.5
2,682500,5278.5,intrinsic_floor,4500,,,778.0,778.5,0.5
2,682700,5280.5,intrinsic_floor,4000,,,1280.0,1280.5,0.5
2,682700,5280.5,intrinsic_floor,4500,,,780.0,780.5,0.5
2,683100,5281.5,intrinsic_floor,4000,,,1280.5,1281.5,1.0
2,683100,5281.5,intrinsic_floor,4500,,,780.5,781.5,1.0
2,683900,5280.5,intrinsic_floor,4000,,,1280.0,1280.5,0.5
2,683900,5280.5,intrinsic_floor,4500,,,780.0,780.5,0.5
2,684000,5281.5,intrinsic_floor,4000,,,1280.5,1281.5,1.0
2,684000,5281.5,intrinsic_floor,4500,,,780.5,781.5,1.0
2,684100,5281.5,intrinsic_floor,4000,,,1281.0,1281.5,0.5
2,684100,5281.5,intrinsic_floor,4500,,,781.0,781.5,0.5
2,684200,5279.5,intrinsic_floor,4000,,,1279.0,1279.5,0.5
2,685400,5277.5,intrinsic_floor,4000,,,1277.0,1277.5,0.5
2,685400,5277.5,intrinsic_floor,4500,,,777.0,777.5,0.5
2,686000,5274.5,intrinsic_floor,4000,,,1274.0,1274.5,0.5
2,686000,5274.5,intrinsic_floor,4500,,,774.0,774.5,0.5
2,686600,5274.5,intrinsic_floor,4000,,,1274.0,1274.5,0.5
2,686600,5274.5,intrinsic_floor,4500,,,774.0,774.5,0.5
2,687300,5271.5,intrinsic_floor,4000,,,1271.0,1271.5,0.5
2,687300,5271.5,intrinsic_floor,4500,,,771.0,771.5,0.5
2,687600,5271.5,intrinsic_floor,4500,,,771.0,771.5,0.5
2,687900,5271.5,intrinsic_floor,4500,,,771.0,771.5,0.5
2,688600,5274.5,intrinsic_floor,4000,,,1268.5,1274.5,6.0
2,688600,5274.5,intrinsic_floor,4500,,,770.0,774.5,4.5
2,688700,5275.5,intrinsic_floor,4000,,,1274.5,1275.5,1.0
2,688700,5275.5,intrinsic_floor,4500,,,774.0,775.5,1.5
2,689100,5275.5,intrinsic_floor,4500,,,775.0,775.5,0.5
2,689500,5273.5,intrinsic_floor,4500,,,773.0,773.5,0.5
2,689700,5275.5,intrinsic_floor,4000,,,1274.5,1275.5,1.0
2,689700,5275.5,intrinsic_floor,4500,,,774.5,775.5,1.0
2,689800,5274.5,intrinsic_floor,4000,,,1274.0,1274.5,0.5
2,689800,5274.5,intrinsic_floor,4500,,,774.0,774.5,0.5
2,690100,5274.5,intrinsic_floor,4000,,,1273.0,1274.5,1.5
2,690100,5274.5,intrinsic_floor,4500,,,773.0,774.5,1.5
2,691100,5271.5,intrinsic_floor,4000,,,1266.0,1271.5,5.5
2,691100,5271.5,intrinsic_floor,4500,,,767.0,771.5,4.5
2,691200,5273.5,intrinsic_floor,4000,,,1273.0,1273.5,0.5
2,691200,5273.5,intrinsic_floor,4500,,,773.0,773.5,0.5
2,692300,5268.5,intrinsic_floor,4500,,,768.0,768.5,0.5
2,692600,5269.5,intrinsic_floor,4000,,,1269.0,1269.5,0.5
2,692600,5269.5,intrinsic_floor,4500,,,769.0,769.5,0.5
2,693000,5273.5,intrinsic_floor,4000,,,1272.5,1273.5,1.0
2,693000,5273.5,intrinsic_floor,4500,,,772.0,773.5,1.5
2,693400,5272.5,intrinsic_floor,4000,,,1272.0,1272.5,0.5
2,693400,5272.5,intrinsic_floor,4500,,,772.0,772.5,0.5
2,693800,5271.5,intrinsic_floor,4000,,,1270.0,1271.5,1.5
2,693800,5271.5,intrinsic_floor,4500,,,770.0,771.5,1.5
2,694200,5267.5,intrinsic_floor,4500,,,767.0,767.5,0.5
2,694700,5266.5,intrinsic_floor,4000,,,1266.0,1266.5,0.5
2,694700,5266.5,intrinsic_floor,4500,,,766.0,766.5,0.5
2,694800,5268.5,intrinsic_floor,4500,,,768.0,768.5,0.5
2,695000,5267.5,intrinsic_floor,4000,,,1267.0,1267.5,0.5
2,695000,5267.5,intrinsic_floor,4500,,,767.0,767.5,0.5
2,695200,5268.0,intrinsic_floor,4000,,,1266.5,1268.0,1.5
2,695200,5268.0,intrinsic_floor,4500,,,766.5,768.0,1.5
2,695300,5267.5,intrinsic_floor,4500,,,767.0,767.5,0.5
2,695800,5268.5,intrinsic_floor,4000,,,1262.0,1268.5,6.5
2,695800,5268.5,intrinsic_floor,4500,,,763.0,768.5,5.5
2,695800,5268.5,intrinsic_floor,5000,,,268.0,268.5,0.5
2,696100,5268.5,intrinsic_floor,4500,,,768.0,768.5,0.5
2,696300,5269.0,intrinsic_floor,4000,,,1268.0,1269.0,1.0
2,696300,5269.0,intrinsic_floor,4500,,,768.0,769.0,1.0
2,696800,5271.5,intrinsic_floor,4000,,,1270.5,1271.5,1.0
2,696800,5271.5,intrinsic_floor,4500,,,770.5,771.5,1.0
2,697300,5276.0,intrinsic_floor,4000,,,1275.0,1276.0,1.0
2,697300,5276.0,intrinsic_floor,4500,,,775.0,776.0,1.0
2,698100,5276.5,intrinsic_floor,4000,,,1275.0,1276.5,1.5
2,698100,5276.5,intrinsic_floor,4500,,,775.0,776.5,1.5
2,699600,5270.5,intrinsic_floor,4500,,,770.0,770.5,0.5
2,700100,5270.5,intrinsic_floor,4500,,,770.0,770.5,0.5
2,700200,5268.5,intrinsic_floor,4500,,,768.0,768.5,0.5
2,700600,5265.5,intrinsic_floor,4500,,,765.0,765.5,0.5
2,700700,5266.5,intrinsic_floor,4500,,,766.0,766.5,0.5
2,700900,5266.5,intrinsic_floor,4000,,,1265.5,1266.5,1.0
2,700900,5266.5,intrinsic_floor,4500,,,766.0,766.5,0.5
2,701000,5265.5,intrinsic_floor,4500,,,765.0,765.5,0.5
2,701400,5265.5,intrinsic_floor,4500,,,765.0,765.5,0.5
2,701800,5259.5,intrinsic_floor,4500,,,759.0,759.5,0.5
2,702000,5261.5,intrinsic_floor,4500,,,761.0,761.5,0.5
2,702200,5262.5,intrinsic_floor,4500,,,762.0,762.5,0.5
2,702400,5262.5,intrinsic_floor,4500,,,762.0,762.5,0.5
2,702600,5263.5,intrinsic_floor,4500,,,763.0,763.5,0.5
2,702800,5263.5,intrinsic_floor,4500,,,763.0,763.5,0.5
2,703100,5265.5,intrinsic_floor,4500,,,765.0,765.5,0.5
2,703200,5264.5,intrinsic_floor,4500,,,764.0,764.5,0.5
2,703500,5262.5,intrinsic_floor,4500,,,762.0,762.5,0.5
2,703900,5262.5,intrinsic_floor,4500,,,762.0,762.5,0.5
2,704100,5264.5,intrinsic_floor,4500,,,764.0,764.5,0.5
2,704200,5263.5,intrinsic_floor,4500,,,763.0,763.5,0.5
2,704500,5262.5,intrinsic_floor,4500,,,762.0,762.5,0.5
2,704600,5262.5,intrinsic_floor,4500,,,762.0,762.5,0.5
2,705100,5264.5,intrinsic_floor,4500,,,764.0,764.5,0.5
2,706000,5263.5,intrinsic_floor,4500,,,763.0,763.5,0.5
2,706100,5262.5,intrinsic_floor,4500,,,762.0,762.5,0.5
2,707000,5264.5,intrinsic_floor,4000,,,1263.0,1264.5,1.5
2,707000,5264.5,intrinsic_floor,4500,,,763.0,764.5,1.5
2,707600,5261.5,intrinsic_floor,4500,,,761.0,761.5,0.5
2,708400,5261.0,intrinsic_floor,4000,,,1260.5,1261.0,0.5
2,708800,5263.5,intrinsic_floor,4500,,,763.0,763.5,0.5
2,709200,5260.5,intrinsic_floor,4500,,,760.0,760.5,0.5
2,709300,5260.5,intrinsic_floor,4500,,,760.0,760.5,0.5
2,709400,5259.5,intrinsic_floor,4500,,,759.0,759.5,0.5
2,709600,5260.5,intrinsic_floor,4500,,,760.0,760.5,0.5
2,709700,5258.5,intrinsic_floor,4500,,,758.0,758.5,0.5
2,709800,5259.5,intrinsic_floor,4500,,,759.0,759.5,0.5
2,709900,5257.0,intrinsic_floor,4000,,,1256.5,1257.0,0.5
2,710000,5257.5,intrinsic_floor,4500,,,757.0,757.5,0.5
2,710400,5259.5,intrinsic_floor,4000,,,1258.5,1259.5,1.0
2,710400,5259.5,intrinsic_floor,4500,,,758.0,759.5,1.5
2,710600,5259.0,intrinsic_floor,4000,,,1258.5,1259.0,0.5
2,710700,5258.5,intrinsic_floor,4500,,,758.0,758.5,0.5
2,710900,5259.5,intrinsic_floor,4500,,,759.0,759.5,0.5
2,711000,5259.5,intrinsic_floor,4500,,,759.0,759.5,0.5
2,711100,5258.5,intrinsic_floor,4500,,,758.0,758.5,0.5
2,711200,5258.5,intrinsic_floor,4500,,,758.0,758.5,0.5
2,711500,5259.5,intrinsic_floor,4000,,,1258.5,1259.5,1.0
2,711500,5259.5,intrinsic_floor,4500,,,758.0,759.5,1.5
2,711800,5259.5,intrinsic_floor,4000,,,1258.5,1259.5,1.0
2,711800,5259.5,intrinsic_floor,4500,,,758.0,759.5,1.5
2,711900,5258.5,intrinsic_floor,4000,,,1253.0,1258.5,5.5
2,711900,5258.5,intrinsic_floor,4500,,,754.0,758.5,4.5
2,712000,5257.5,intrinsic_floor,4500,,,757.0,757.5,0.5
2,712300,5254.5,intrinsic_floor,4500,,,754.0,754.5,0.5
2,712400,5254.5,intrinsic_floor,4500,,,754.0,754.5,0.5
2,712500,5254.5,intrinsic_floor,4500,,,754.0,754.5,0.5
2,712600,5255.5,intrinsic_floor,4500,,,755.0,755.5,0.5
2,712800,5252.5,intrinsic_floor,4500,,,752.0,752.5,0.5
2,713000,5252.5,intrinsic_floor,4500,,,752.0,752.5,0.5
2,713200,5251.5,intrinsic_floor,4500,,,751.0,751.5,0.5
2,713500,5252.5,intrinsic_floor,4500,,,752.0,752.5,0.5
2,713600,5251.5,intrinsic_floor,4500,,,751.0,751.5,0.5
2,713900,5251.5,intrinsic_floor,4500,,,751.0,751.5,0.5
2,714200,5248.5,intrinsic_floor,4500,,,748.0,748.5,0.5
2,714400,5248.5,intrinsic_floor,4500,,,748.0,748.5,0.5
2,714600,5247.0,intrinsic_floor,4000,,,1246.5,1247.0,0.5
2,715200,5246.0,intrinsic_floor,4000,,,1245.5,1246.0,0.5
2,715900,5247.5,intrinsic_floor,4500,,,747.0,747.5,0.5
2,716400,5250.5,intrinsic_floor,4500,,,750.0,750.5,0.5
2,716500,5249.5,intrinsic_floor,4500,,,749.0,749.5,0.5
2,716600,5250.5,intrinsic_floor,4000,,,1249.5,1250.5,1.0
2,716600,5250.5,intrinsic_floor,4500,,,749.0,750.5,1.5
2,717000,5247.0,intrinsic_floor,4000,,,1246.0,1247.0,1.0
2,717000,5247.0,intrinsic_floor,4500,,,746.0,747.0,1.0
2,717100,5245.5,intrinsic_floor,4500,,,745.0,745.5,0.5
2,717200,5246.5,intrinsic_floor,4500,,,746.0,746.5,0.5
2,717500,5246.5,intrinsic_floor,4500,,,746.0,746.5,0.5
2,718300,5243.5,intrinsic_floor,4500,,,743.0,743.5,0.5
2,718700,5245.5,intrinsic_floor,4500,,,745.0,745.5,0.5
2,718900,5243.5,intrinsic_floor,4500,,,743.0,743.5,0.5
2,719500,5244.5,intrinsic_floor,4500,,,744.0,744.5,0.5
2,719800,5243.5,intrinsic_floor,4500,,,743.0,743.5,0.5
2,720000,5242.5,intrinsic_floor,4500,,,742.0,742.5,0.5
2,720400,5239.5,intrinsic_floor,4500,,,739.0,739.5,0.5
2,720800,5238.5,intrinsic_floor,4500,,,738.0,738.5,0.5
2,720900,5240.0,intrinsic_floor,4000,,,1238.5,1240.0,1.5
2,720900,5240.0,intrinsic_floor,4500,,,738.5,740.0,1.5
2,721200,5240.5,intrinsic_floor,4000,,,1239.5,1240.5,1.0
2,721200,5240.5,intrinsic_floor,4500,,,739.0,740.5,1.5
2,721300,5240.0,intrinsic_floor,4000,,,1239.5,1240.0,0.5
2,721500,5240.5,intrinsic_floor,4500,,,740.0,740.5,0.5
2,721800,5239.5,intrinsic_floor,4500,,,739.0,739.5,0.5
2,721900,5237.5,intrinsic_floor,4500,,,737.0,737.5,0.5
2,722100,5238.5,intrinsic_floor,4500,,,738.0,738.5,0.5
2,722300,5239.5,intrinsic_floor,4500,,,739.0,739.5,0.5
2,722500,5238.5,intrinsic_floor,4500,,,738.0,738.5,0.5
2,722700,5239.5,intrinsic_floor,4500,,,739.0,739.5,0.5
2,722900,5238.5,intrinsic_floor,4500,,,738.0,738.5,0.5
2,723000,5239.5,intrinsic_floor,4500,,,739.0,739.5,0.5
2,723100,5239.5,intrinsic_floor,4500,,,739.0,739.5,0.5
2,723400,5238.5,intrinsic_floor,4500,,,738.0,738.5,0.5
2,723500,5237.5,intrinsic_floor,4500,,,737.0,737.5,0.5
2,723600,5236.5,intrinsic_floor,4000,,,1235.5,1236.5,1.0
2,723600,5236.5,intrinsic_floor,4500,,,736.0,736.5,0.5
2,723800,5235.5,intrinsic_floor,4500,,,735.0,735.5,0.5
2,724100,5234.5,intrinsic_floor,4500,,,734.0,734.5,0.5
2,724800,5235.5,intrinsic_floor,4500,,,735.0,735.5,0.5
2,725000,5236.5,intrinsic_floor,4500,,,736.0,736.5,0.5
2,725300,5236.5,intrinsic_floor,4500,,,736.0,736.5,0.5
2,725900,5233.5,intrinsic_floor,4000,,,1233.0,1233.5,0.5
2,725900,5233.5,intrinsic_floor,4500,,,733.0,733.5,0.5
2,726000,5234.5,intrinsic_floor,4000,,,1233.5,1234.5,1.0
2,726000,5234.5,intrinsic_floor,4500,,,733.0,734.5,1.5
2,726100,5233.5,intrinsic_floor,4500,,,733.0,733.5,0.5
2,726400,5230.5,intrinsic_floor,4000,,,1230.0,1230.5,0.5
2,726400,5230.5,intrinsic_floor,4500,,,730.0,730.5,0.5
2,726600,5230.0,intrinsic_floor,4000,,,1224.5,1230.0,5.5
2,726600,5230.0,intrinsic_floor,4500,,,725.5,730.0,4.5
2,726800,5231.5,intrinsic_floor,4000,,,1230.5,1231.5,1.0
2,726800,5231.5,intrinsic_floor,4500,,,730.5,731.5,1.0
2,727000,5231.5,intrinsic_floor,4500,,,731.0,731.5,0.5
2,727100,5231.5,intrinsic_floor,4500,,,731.0,731.5,0.5
2,727400,5232.5,intrinsic_floor,4000,,,1231.0,1232.5,1.5
2,727400,5232.5,intrinsic_floor,4500,,,731.0,732.5,1.5
2,727800,5231.5,intrinsic_floor,4000,,,1231.0,1231.5,0.5
2,727800,5231.5,intrinsic_floor,4500,,,731.0,731.5,0.5
2,728200,5233.5,intrinsic_floor,4500,,,733.0,733.5,0.5
2,728300,5233.5,intrinsic_floor,4500,,,733.0,733.5,0.5
2,728800,5232.5,intrinsic_floor,4000,,,1232.0,1232.5,0.5
2,728800,5232.5,intrinsic_floor,4500,,,732.0,732.5,0.5
2,729500,5227.5,intrinsic_floor,4000,,,1227.0,1227.5,0.5
2,729500,5227.5,intrinsic_floor,4500,,,727.0,727.5,0.5
2,730500,5223.5,intrinsic_floor,4000,,,1223.0,1223.5,0.5
2,730500,5223.5,intrinsic_floor,4500,,,723.0,723.5,0.5
2,731800,5231.5,intrinsic_floor,4500,,,731.0,731.5,0.5
2,731900,5233.5,intrinsic_floor,4000,,,1232.5,1233.5,1.0
2,731900,5233.5,intrinsic_floor,4500,,,732.5,733.5,1.0
2,732100,5233.5,intrinsic_floor,4500,,,733.0,733.5,0.5
2,733200,5230.5,intrinsic_floor,4000,,,1225.0,1230.5,5.5
2,733200,5230.5,intrinsic_floor,4500,,,726.0,730.5,4.5
2,733400,5230.5,intrinsic_floor,4500,,,730.0,730.5,0.5
2,733700,5230.5,intrinsic_floor,4000,,,1230.0,1230.5,0.5
2,733700,5230.5,intrinsic_floor,4500,,,730.0,730.5,0.5
2,734400,5231.5,intrinsic_floor,4000,,,1230.5,1231.5,1.0
2,734400,5231.5,intrinsic_floor,4500,,,731.0,731.5,0.5
2,734500,5232.0,intrinsic_floor,4000,,,1230.5,1232.0,1.5
2,734500,5232.0,intrinsic_floor,4500,,,730.5,732.0,1.5
2,735100,5229.5,intrinsic_floor,4500,,,729.0,729.5,0.5
2,735600,5229.5,intrinsic_floor,4500,,,729.0,729.5,0.5
2,735700,5229.5,intrinsic_floor,4500,,,729.0,729.5,0.5
2,736000,5230.5,intrinsic_floor,4000,,,1230.0,1230.5,0.5
2,736000,5230.5,intrinsic_floor,4500,,,730.0,730.5,0.5
2,736200,5227.5,intrinsic_floor,4500,,,727.0,727.5,0.5
2,736300,5227.5,intrinsic_floor,4000,,,1227.0,1227.5,0.5
2,736300,5227.5,intrinsic_floor,4500,,,727.0,727.5,0.5
2,737200,5226.5,intrinsic_floor,4000,,,1226.0,1226.5,0.5
2,737200,5226.5,intrinsic_floor,4500,,,726.0,726.5,0.5
2,738100,5223.5,intrinsic_floor,4000,,,1222.5,1223.5,1.0
2,738100,5223.5,intrinsic_floor,4500,,,722.5,723.5,1.0
2,738200,5223.5,intrinsic_floor,4000,,,1223.0,1223.5,0.5
2,738200,5223.5,intrinsic_floor,4500,,,723.0,723.5,0.5
2,739000,5219.5,intrinsic_floor,4000,,,1219.0,1219.5,0.5
2,739000,5219.5,intrinsic_floor,4500,,,719.0,719.5,0.5
2,739300,5218.5,intrinsic_floor,4000,,,1218.0,1218.5,0.5
2,739300,5218.5,intrinsic_floor,4500,,,718.0,718.5,0.5
2,739600,5217.5,intrinsic_floor,4000,,,1217.0,1217.5,0.5
2,739600,5217.5,intrinsic_floor,4500,,,717.0,717.5,0.5
2,740100,5213.5,intrinsic_floor,4000,,,1213.0,1213.5,0.5
2,740100,5213.5,intrinsic_floor,4500,,,713.0,713.5,0.5
2,740300,5215.0,intrinsic_floor,4000,,,1214.0,1215.0,1.0
2,740300,5215.0,intrinsic_floor,4500,,,714.0,715.0,1.0
2,740600,5212.5,intrinsic_floor,4000,,,1212.0,1212.5,0.5
2,741000,5211.5,intrinsic_floor,4000,,,1211.0,1211.5,0.5
2,741100,5212.5,intrinsic_floor,4000,,,1212.0,1212.5,0.5
2,741100,5212.5,intrinsic_floor,4500,,,711.5,712.5,1.0
2,741400,5215.5,intrinsic_floor,4000,,,1215.0,1215.5,0.5
2,741700,5216.5,intrinsic_floor,4000,,,1216.0,1216.5,0.5
2,741800,5216.5,intrinsic_floor,4000,,,1216.0,1216.5,0.5
2,742500,5213.5,intrinsic_floor,4000,,,1213.0,1213.5,0.5
2,742500,5213.5,intrinsic_floor,4500,,,712.5,713.5,1.0
2,742900,5215.5,intrinsic_floor,4000,,,1215.0,1215.5,0.5
2,742900,5215.5,intrinsic_floor,4500,,,715.0,715.5,0.5
2,743400,5213.5,intrinsic_floor,4000,,,1213.0,1213.5,0.5
2,743500,5212.5,intrinsic_floor,4000,,,1212.0,1212.5,0.5
2,743700,5213.5,intrinsic_floor,4000,,,1213.0,1213.5,0.5
2,743700,5213.5,intrinsic_floor,4500,,,713.0,713.5,0.5
2,744100,5209.5,intrinsic_floor,4000,,,1209.0,1209.5,0.5
2,744800,5209.5,intrinsic_floor,4000,,,1209.0,1209.5,0.5
2,745000,5211.5,intrinsic_floor,4000,,,1211.0,1211.5,0.5
2,745000,5211.5,intrinsic_floor,4500,,,711.0,711.5,0.5
2,745100,5211.5,intrinsic_floor,4000,,,1211.0,1211.5,0.5
2,745300,5210.5,intrinsic_floor,4000,,,1210.0,1210.5,0.5
2,746200,5216.0,intrinsic_floor,4000,,,1214.5,1216.0,1.5
2,746200,5216.0,intrinsic_floor,4500,,,714.5,716.0,1.5
2,746300,5213.5,intrinsic_floor,4000,,,1213.0,1213.5,0.5
2,747500,5212.5,intrinsic_floor,4000,,,1212.0,1212.5,0.5
2,747600,5213.5,intrinsic_floor,4000,,,1213.0,1213.5,0.5
2,748200,5211.5,intrinsic_floor,4000,,,1211.0,1211.5,0.5
2,748500,5214.5,intrinsic_floor,4000,,,1209.0,1214.5,5.5
2,748500,5214.5,intrinsic_floor,4500,,,710.5,714.5,4.0
2,749000,5217.5,intrinsic_floor,4000,,,1217.0,1217.5,0.5
2,749000,5217.5,intrinsic_floor,4500,,,717.0,717.5,0.5
2,749600,5216.5,intrinsic_floor,4000,,,1216.0,1216.5,0.5
2,749800,5215.5,intrinsic_floor,4000,,,1215.0,1215.5,0.5
2,749800,5215.5,intrinsic_floor,4500,,,715.0,715.5,0.5
2,749900,5215.5,intrinsic_floor,4000,,,1215.0,1215.5,0.5
2,750200,5217.5,intrinsic_floor,4000,,,1216.5,1217.5,1.0
2,750200,5217.5,intrinsic_floor,4500,,,716.5,717.5,1.0
2,750400,5217.5,intrinsic_floor,4000,,,1217.0,1217.5,0.5
2,750800,5215.5,intrinsic_floor,4000,,,1215.0,1215.5,0.5
2,751100,5216.5,intrinsic_floor,4000,,,1215.0,1216.5,1.5
2,751100,5216.5,intrinsic_floor,4500,,,715.0,716.5,1.5
2,751900,5217.5,intrinsic_floor,4000,,,1217.0,1217.5,0.5
2,752600,5219.5,intrinsic_floor,4000,,,1219.0,1219.5,0.5
2,752600,5219.5,intrinsic_floor,4500,,,719.0,719.5,0.5
2,752900,5219.5,intrinsic_floor,4000,,,1219.0,1219.5,0.5
2,754100,5222.5,intrinsic_floor,4000,,,1222.0,1222.5,0.5
2,754100,5222.5,intrinsic_floor,4500,,,722.0,722.5,0.5
2,754300,5221.5,intrinsic_floor,4000,,,1221.0,1221.5,0.5
2,754300,5221.5,intrinsic_floor,4500,,,721.0,721.5,0.5
2,754400,5221.5,intrinsic_floor,4000,,,1221.0,1221.5,0.5
2,754400,5221.5,intrinsic_floor,4500,,,721.0,721.5,0.5
2,754700,5223.5,intrinsic_floor,4000,,,1222.5,1223.5,1.0
2,754700,5223.5,intrinsic_floor,4500,,,722.5,723.5,1.0
2,755700,5222.5,intrinsic_floor,4000,,,1222.0,1222.5,0.5
2,755700,5222.5,intrinsic_floor,4500,,,722.0,722.5,0.5
2,756000,5226.0,intrinsic_floor,4000,,,1224.5,1226.0,1.5
2,756000,5226.0,intrinsic_floor,4500,,,725.0,726.0,1.0
2,756300,5224.5,intrinsic_floor,4500,,,724.0,724.5,0.5
2,757500,5219.5,intrinsic_floor,4000,,,1219.0,1219.5,0.5
2,757500,5219.5,intrinsic_floor,4500,,,719.0,719.5,0.5
2,757700,5218.5,intrinsic_floor,4000,,,1218.0,1218.5,0.5
2,757700,5218.5,intrinsic_floor,4500,,,718.0,718.5,0.5
2,758100,5215.5,intrinsic_floor,4000,,,1215.0,1215.5,0.5
2,758200,5215.5,intrinsic_floor,4000,,,1215.0,1215.5,0.5
2,758700,5215.5,intrinsic_floor,4000,,,1215.0,1215.5,0.5
2,759100,5214.5,intrinsic_floor,4000,,,1214.0,1214.5,0.5
2,759400,5213.5,intrinsic_floor,4000,,,1213.0,1213.5,0.5
2,759500,5214.5,intrinsic_floor,4000,,,1214.0,1214.5,0.5
2,759600,5215.5,intrinsic_floor,4000,,,1215.0,1215.5,0.5
2,759800,5218.5,intrinsic_floor,4000,,,1217.5,1218.5,1.0
2,759800,5218.5,intrinsic_floor,4500,,,717.5,718.5,1.0
2,760100,5219.5,intrinsic_floor,4000,,,1219.0,1219.5,0.5
2,760700,5221.5,intrinsic_floor,4000,,,1221.0,1221.5,0.5
2,760700,5221.5,intrinsic_floor,4500,,,721.0,721.5,0.5
2,760900,5222.5,intrinsic_floor,4000,,,1221.0,1222.5,1.5
2,760900,5222.5,intrinsic_floor,4500,,,721.0,722.5,1.5
2,761300,5224.5,intrinsic_floor,4000,,,1223.0,1224.5,1.5
2,761300,5224.5,intrinsic_floor,4500,,,723.0,724.5,1.5
2,761600,5225.5,intrinsic_floor,4000,,,1225.0,1225.5,0.5
2,761600,5225.5,intrinsic_floor,4500,,,725.0,725.5,0.5
2,762300,5227.5,intrinsic_floor,4500,,,727.0,727.5,0.5
2,762400,5227.5,intrinsic_floor,4500,,,727.0,727.5,0.5
2,762900,5226.5,intrinsic_floor,4500,,,726.0,726.5,0.5
2,763200,5225.5,intrinsic_floor,4500,,,725.0,725.5,0.5
2,763500,5222.5,intrinsic_floor,4000,,,1217.5,1222.5,5.0
2,763500,5222.5,intrinsic_floor,4500,,,718.5,722.5,4.0
2,763600,5224.5,intrinsic_floor,4000,,,1224.0,1224.5,0.5
2,763600,5224.5,intrinsic_floor,4500,,,724.0,724.5,0.5
2,764000,5227.5,intrinsic_floor,4000,,,1222.0,1227.5,5.5
2,764000,5227.5,intrinsic_floor,4500,,,723.0,727.5,4.5
2,764400,5226.5,intrinsic_floor,4500,,,726.0,726.5,0.5
2,764800,5225.5,intrinsic_floor,4000,,,1225.0,1225.5,0.5
2,764800,5225.5,intrinsic_floor,4500,,,725.0,725.5,0.5
2,765600,5227.5,intrinsic_floor,4500,,,727.0,727.5,0.5
2,765700,5226.5,intrinsic_floor,4500,,,726.0,726.5,0.5
2,767800,5230.5,intrinsic_floor,4000,,,1230.0,1230.5,0.5
2,767800,5230.5,intrinsic_floor,4500,,,730.0,730.5,0.5
2,768200,5234.5,intrinsic_floor,4500,,,734.0,734.5,0.5
2,768300,5234.5,intrinsic_floor,4000,,,1233.5,1234.5,1.0
2,768300,5234.5,intrinsic_floor,4500,,,733.0,734.5,1.5
2,768400,5234.5,intrinsic_floor,4000,,,1233.0,1234.5,1.5
2,768400,5234.5,intrinsic_floor,4500,,,733.0,734.5,1.5
2,768500,5232.5,intrinsic_floor,4500,,,732.0,732.5,0.5
2,769100,5236.0,intrinsic_floor,4000,,,1234.5,1236.0,1.5
2,769100,5236.0,intrinsic_floor,4500,,,734.5,736.0,1.5
2,769800,5235.5,intrinsic_floor,4500,,,735.0,735.5,0.5
2,770000,5237.5,intrinsic_floor,4500,,,737.0,737.5,0.5
2,770400,5236.5,intrinsic_floor,4500,,,736.0,736.5,0.5
2,770800,5234.5,intrinsic_floor,4500,,,734.0,734.5,0.5
2,772500,5232.5,intrinsic_floor,4500,,,732.0,732.5,0.5
2,773000,5233.5,intrinsic_floor,4500,,,733.0,733.5,0.5
2,773100,5232.5,intrinsic_floor,4500,,,732.0,732.5,0.5
2,773200,5233.5,intrinsic_floor,4000,,,1233.0,1233.5,0.5
2,773200,5233.5,intrinsic_floor,4500,,,733.0,733.5,0.5
2,773300,5232.5,intrinsic_floor,4500,,,732.0,732.5,0.5
2,774100,5233.5,intrinsic_floor,4500,,,733.0,733.5,0.5
2,774300,5232.5,intrinsic_floor,4500,,,732.0,732.5,0.5
2,774400,5233.5,intrinsic_floor,4500,,,733.0,733.5,0.5
2,774700,5234.5,intrinsic_floor,4500,,,734.0,734.5,0.5
2,774900,5235.5,intrinsic_floor,4500,,,735.0,735.5,0.5
2,775200,5237.5,intrinsic_floor,4500,,,737.0,737.5,0.5
2,775300,5238.5,intrinsic_floor,4500,,,738.0,738.5,0.5
2,775900,5240.5,intrinsic_floor,4500,,,740.0,740.5,0.5
2,776100,5243.5,intrinsic_floor,4500,,,743.0,743.5,0.5
2,776200,5243.5,intrinsic_floor,4500,,,743.0,743.5,0.5
2,776300,5243.5,intrinsic_floor,4000,,,1242.0,1243.5,1.5
2,776300,5243.5,intrinsic_floor,4500,,,742.0,743.5,1.5
2,776400,5240.5,intrinsic_floor,4500,,,740.0,740.5,0.5
2,776800,5238.5,intrinsic_floor,4500,,,738.0,738.5,0.5
2,777500,5240.5,intrinsic_floor,4000,,,1239.5,1240.5,1.0
2,777500,5240.5,intrinsic_floor,4500,,,739.0,740.5,1.5
2,777700,5239.5,intrinsic_floor,4500,,,739.0,739.5,0.5
2,779200,5243.5,intrinsic_floor,4000,,,1238.0,1243.5,5.5
2,779200,5243.5,intrinsic_floor,4500,,,739.5,743.5,4.0
2,779300,5245.5,intrinsic_floor,4500,,,745.0,745.5,0.5
2,779800,5242.5,intrinsic_floor,4500,,,742.0,742.5,0.5
2,780900,5239.5,intrinsic_floor,4500,,,739.0,739.5,0.5
2,781000,5240.5,intrinsic_floor,4500,,,740.0,740.5,0.5
2,781900,5236.5,intrinsic_floor,4000,,,1235.0,1236.5,1.5
2,781900,5236.5,intrinsic_floor,4500,,,735.0,736.5,1.5
2,782000,5236.5,intrinsic_floor,4500,,,736.0,736.5,0.5
2,782100,5236.5,intrinsic_floor,4000,,,1236.0,1236.5,0.5
2,782100,5236.5,intrinsic_floor,4500,,,736.0,736.5,0.5
2,782200,5235.5,intrinsic_floor,4500,,,735.0,735.5,0.5
2,782600,5236.5,intrinsic_floor,4500,,,736.0,736.5,0.5
2,783000,5238.5,intrinsic_floor,4500,,,738.0,738.5,0.5
2,783300,5240.5,intrinsic_floor,4500,,,740.0,740.5,0.5
2,783600,5241.5,intrinsic_floor,4500,,,741.0,741.5,0.5
2,784000,5243.5,intrinsic_floor,4500,,,743.0,743.5,0.5
2,784300,5242.5,intrinsic_floor,4500,,,742.0,742.5,0.5
2,784400,5244.5,intrinsic_floor,4500,,,744.0,744.5,0.5
2,784500,5244.5,intrinsic_floor,4500,,,744.0,744.5,0.5
2,785000,5243.0,intrinsic_floor,4000,,,1242.5,1243.0,0.5
2,785800,5243.5,intrinsic_floor,4500,,,743.0,743.5,0.5
2,786000,5244.5,intrinsic_floor,4500,,,744.0,744.5,0.5
2,786500,5245.5,intrinsic_floor,4500,,,745.0,745.5,0.5
2,786800,5248.5,intrinsic_floor,4500,,,748.0,748.5,0.5
2,786900,5248.5,intrinsic_floor,4500,,,748.0,748.5,0.5
2,787000,5248.0,intrinsic_floor,4000,,,1247.5,1248.0,0.5
2,787400,5248.0,intrinsic_floor,4000,,,1247.5,1248.0,0.5
2,788600,5244.5,intrinsic_floor,4500,,,744.0,744.5,0.5
2,789200,5241.5,intrinsic_floor,4500,,,741.0,741.5,0.5
2,789300,5241.5,intrinsic_floor,4500,,,741.0,741.5,0.5
2,789500,5242.5,intrinsic_floor,4500,,,742.0,742.5,0.5
2,789600,5242.5,intrinsic_floor,4500,,,742.0,742.5,0.5
2,790000,5241.5,intrinsic_floor,4500,,,741.0,741.5,0.5
2,790200,5242.5,intrinsic_floor,4500,,,742.0,742.5,0.5
2,790300,5242.5,intrinsic_floor,4500,,,742.0,742.5,0.5
2,790400,5241.5,intrinsic_floor,4500,,,741.0,741.5,0.5
2,790600,5243.5,intrinsic_floor,4500,,,743.0,743.5,0.5
2,791200,5243.5,intrinsic_floor,4500,,,743.0,743.5,0.5
2,791300,5244.5,intrinsic_floor,4500,,,744.0,744.5,0.5
2,791500,5244.5,intrinsic_floor,4500,,,744.0,744.5,0.5
2,792000,5243.5,intrinsic_floor,4500,,,743.0,743.5,0.5
2,792300,5244.5,intrinsic_floor,4500,,,744.0,744.5,0.5
2,792400,5244.5,intrinsic_floor,4500,,,744.0,744.5,0.5
2,792500,5243.5,intrinsic_floor,4500,,,743.0,743.5,0.5
2,793100,5244.5,intrinsic_floor,4000,,,1243.5,1244.5,1.0
2,793100,5244.5,intrinsic_floor,4500,,,744.0,744.5,0.5
2,793200,5242.5,intrinsic_floor,4500,,,742.0,742.5,0.5
2,793900,5242.0,intrinsic_floor,4000,,,1238.0,1242.0,4.0
2,793900,5242.0,intrinsic_floor,4500,,,739.5,742.0,2.5
2,794000,5245.5,intrinsic_floor,4500,,,745.0,745.5,0.5
2,794100,5245.5,intrinsic_floor,4500,,,745.0,745.5,0.5
2,794500,5240.5,intrinsic_floor,4500,,,740.0,740.5,0.5
2,795000,5237.5,intrinsic_floor,4500,,,737.0,737.5,0.5
2,795100,5236.5,intrinsic_floor,4500,,,736.0,736.5,0.5
2,795600,5241.5,intrinsic_floor,4500,,,741.0,741.5,0.5
2,795800,5240.5,intrinsic_floor,4500,,,740.0,740.5,0.5
2,796100,5242.5,intrinsic_floor,4500,,,742.0,742.5,0.5
2,796200,5240.5,intrinsic_floor,4500,,,740.0,740.5,0.5
2,796900,5239.5,intrinsic_floor,4500,,,739.0,739.5,0.5
2,797300,5239.5,intrinsic_floor,4500,,,739.0,739.5,0.5
2,797400,5238.5,intrinsic_floor,4500,,,738.0,738.5,0.5
2,798100,5238.5,intrinsic_floor,4500,,,738.0,738.5,0.5
2,798200,5239.5,intrinsic_floor,4500,,,739.0,739.5,0.5
2,798400,5240.5,intrinsic_floor,4500,,,740.0,740.5,0.5
2,798500,5240.5,intrinsic_floor,4500,,,740.0,740.5,0.5
2,798900,5242.5,intrinsic_floor,4500,,,742.0,742.5,0.5
2,799000,5241.5,intrinsic_floor,4500,,,741.0,741.5,0.5
2,799400,5243.5,intrinsic_floor,4000,,,1242.5,1243.5,1.0
2,799400,5243.5,intrinsic_floor,4500,,,743.0,743.5,0.5
2,799500,5244.5,intrinsic_floor,4500,,,744.0,744.5,0.5
2,799700,5245.5,intrinsic_floor,4500,,,745.0,745.5,0.5
2,800000,5249.5,intrinsic_floor,4500,,,749.0,749.5,0.5
2,800100,5249.5,intrinsic_floor,4500,,,749.0,749.5,0.5
2,800200,5248.5,intrinsic_floor,4500,,,748.0,748.5,0.5
2,800300,5249.5,intrinsic_floor,4500,,,749.0,749.5,0.5
2,800400,5250.5,intrinsic_floor,4500,,,750.0,750.5,0.5
2,800500,5251.5,intrinsic_floor,4500,,,751.0,751.5,0.5
2,800700,5252.0,intrinsic_floor,4000,,,1251.5,1252.0,0.5
2,801100,5254.5,intrinsic_floor,4500,,,754.0,754.5,0.5
2,801200,5254.5,intrinsic_floor,4500,,,754.0,754.5,0.5
2,801300,5254.5,intrinsic_floor,4500,,,754.0,754.5,0.5
2,801800,5252.5,intrinsic_floor,4500,,,752.0,752.5,0.5
2,801900,5252.5,intrinsic_floor,4500,,,752.0,752.5,0.5
2,802100,5254.5,intrinsic_floor,4500,,,754.0,754.5,0.5
2,802400,5254.5,intrinsic_floor,4500,,,754.0,754.5,0.5
2,802600,5254.5,intrinsic_floor,4500,,,754.0,754.5,0.5
2,802700,5254.5,intrinsic_floor,4500,,,754.0,754.5,0.5
2,802900,5253.5,intrinsic_floor,4500,,,753.0,753.5,0.5
2,803000,5254.0,intrinsic_floor,4000,,,1253.5,1254.0,0.5
2,803400,5255.5,intrinsic_floor,4500,,,755.0,755.5,0.5
2,804800,5257.5,intrinsic_floor,4500,,,757.0,757.5,0.5
2,804900,5256.5,intrinsic_floor,4500,,,756.0,756.5,0.5
2,805000,5256.5,intrinsic_floor,4500,,,756.0,756.5,0.5
2,805200,5257.5,intrinsic_floor,4500,,,757.0,757.5,0.5
2,805400,5256.5,intrinsic_floor,4500,,,756.0,756.5,0.5
2,805600,5256.5,intrinsic_floor,4500,,,756.0,756.5,0.5
2,805900,5257.5,intrinsic_floor,4500,,,757.0,757.5,0.5
2,806000,5260.5,intrinsic_floor,4500,,,760.0,760.5,0.5
2,806200,5262.5,intrinsic_floor,4500,,,762.0,762.5,0.5
2,806500,5263.5,intrinsic_floor,4500,,,763.0,763.5,0.5
2,806700,5265.5,intrinsic_floor,4500,,,765.0,765.5,0.5
2,806900,5261.5,intrinsic_floor,4500,,,761.0,761.5,0.5
2,807000,5263.0,intrinsic_floor,4000,,,1262.0,1263.0,1.0
2,807000,5263.0,intrinsic_floor,4500,,,762.0,763.0,1.0
2,807200,5261.5,intrinsic_floor,4500,,,761.0,761.5,0.5
2,807400,5259.5,intrinsic_floor,4500,,,759.0,759.5,0.5
2,807800,5260.5,intrinsic_floor,4500,,,760.0,760.5,0.5
2,808000,5263.5,intrinsic_floor,4500,,,763.0,763.5,0.5
2,808100,5263.5,intrinsic_floor,4500,,,763.0,763.5,0.5
2,808300,5263.5,intrinsic_floor,4000,,,1262.5,1263.5,1.0
2,808300,5263.5,intrinsic_floor,4500,,,763.0,763.5,0.5
2,808500,5261.5,intrinsic_floor,4500,,,761.0,761.5,0.5
2,808800,5260.0,intrinsic_floor,4000,,,1254.5,1260.0,5.5
2,808800,5260.0,intrinsic_floor,4500,,,756.0,760.0,4.0
2,809000,5258.5,intrinsic_floor,4500,,,758.0,758.5,0.5
2,809200,5257.5,intrinsic_floor,4500,,,757.0,757.5,0.5
2,809300,5255.5,intrinsic_floor,4500,,,755.0,755.5,0.5
2,809600,5254.5,intrinsic_floor,4000,,,1253.5,1254.5,1.0
2,809600,5254.5,intrinsic_floor,4500,,,754.0,754.5,0.5
2,810000,5254.5,intrinsic_floor,4000,,,1253.5,1254.5,1.0
2,810000,5254.5,intrinsic_floor,4500,,,753.0,754.5,1.5
2,810100,5254.0,intrinsic_floor,4000,,,1253.5,1254.0,0.5
2,810200,5255.0,intrinsic_floor,4000,,,1254.5,1255.0,0.5
2,810500,5257.0,intrinsic_floor,4000,,,1255.5,1257.0,1.5
2,810500,5257.0,intrinsic_floor,4500,,,755.5,757.0,1.5
2,810900,5252.5,intrinsic_floor,4500,,,752.0,752.5,0.5
2,811100,5252.5,intrinsic_floor,4500,,,752.0,752.5,0.5
2,811900,5247.5,intrinsic_floor,4500,,,747.0,747.5,0.5
2,812100,5245.5,intrinsic_floor,4500,,,745.0,745.5,0.5
2,812500,5248.5,intrinsic_floor,4500,,,748.0,748.5,0.5
2,812600,5248.0,intrinsic_floor,4000,,,1247.5,1248.0,0.5
2,812700,5247.5,intrinsic_floor,4500,,,747.0,747.5,0.5
2,812900,5246.5,intrinsic_floor,4000,,,1245.5,1246.5,1.0
2,812900,5246.5,intrinsic_floor,4500,,,745.0,746.5,1.5
2,813200,5242.5,intrinsic_floor,4500,,,742.0,742.5,0.5
2,813900,5242.5,intrinsic_floor,4500,,,742.0,742.5,0.5
2,814000,5243.5,intrinsic_floor,4500,,,743.0,743.5,0.5
2,814200,5243.5,intrinsic_floor,4500,,,743.0,743.5,0.5
2,814300,5242.5,intrinsic_floor,4500,,,742.0,742.5,0.5
2,814700,5243.5,intrinsic_floor,4500,,,743.0,743.5,0.5
2,815000,5242.5,intrinsic_floor,4500,,,742.0,742.5,0.5
2,815400,5243.5,intrinsic_floor,4500,,,743.0,743.5,0.5
2,815500,5244.5,intrinsic_floor,4500,,,744.0,744.5,0.5
2,815800,5243.5,intrinsic_floor,4500,,,743.0,743.5,0.5
2,816300,5244.5,intrinsic_floor,4500,,,744.0,744.5,0.5
2,816400,5243.5,intrinsic_floor,4500,,,743.0,743.5,0.5
2,816500,5244.5,intrinsic_floor,4500,,,744.0,744.5,0.5
2,816900,5245.0,intrinsic_floor,4000,,,1244.5,1245.0,0.5
2,817200,5245.0,intrinsic_floor,4000,,,1244.5,1245.0,0.5
2,817400,5243.5,intrinsic_floor,4500,,,743.0,743.5,0.5
2,817500,5243.5,intrinsic_floor,4500,,,743.0,743.5,0.5
2,818100,5245.0,intrinsic_floor,4000,,,1244.5,1245.0,0.5
2,818200,5244.5,intrinsic_floor,4500,,,744.0,744.5,0.5
2,818600,5246.5,intrinsic_floor,4500,,,746.0,746.5,0.5
2,818700,5246.5,intrinsic_floor,4500,,,746.0,746.5,0.5
2,818800,5246.0,intrinsic_floor,4000,,,1245.5,1246.0,0.5
2,819700,5251.5,intrinsic_floor,4500,,,751.0,751.5,0.5
2,819900,5251.5,intrinsic_floor,4500,,,751.0,751.5,0.5
2,820100,5252.5,intrinsic_floor,4500,,,752.0,752.5,0.5
2,820200,5254.0,intrinsic_floor,4000,,,1253.5,1254.0,0.5
2,820300,5254.5,intrinsic_floor,4500,,,754.0,754.5,0.5
2,820600,5253.0,intrinsic_floor,4000,,,1252.5,1253.0,0.5
2,820800,5253.0,intrinsic_floor,4000,,,1252.5,1253.0,0.5
2,820900,5254.5,intrinsic_floor,4500,,,754.0,754.5,0.5
2,821200,5256.5,intrinsic_floor,4500,,,756.0,756.5,0.5
2,821500,5255.5,intrinsic_floor,4500,,,755.0,755.5,0.5
2,821600,5253.5,intrinsic_floor,4500,,,753.0,753.5,0.5
2,821700,5255.0,intrinsic_floor,4000,,,1253.5,1255.0,1.5
2,821700,5255.0,intrinsic_floor,4500,,,754.0,755.0,1.0
2,821900,5254.5,intrinsic_floor,4500,,,754.0,754.5,0.5
2,822300,5252.5,intrinsic_floor,4500,,,752.0,752.5,0.5
2,822500,5252.5,intrinsic_floor,4500,,,752.0,752.5,0.5
2,822700,5253.5,intrinsic_floor,4000,,,1252.5,1253.5,1.0
2,822700,5253.5,intrinsic_floor,4500,,,753.0,753.5,0.5
2,823000,5253.5,intrinsic_floor,4500,,,753.0,753.5,0.5
2,823100,5252.0,intrinsic_floor,4000,,,1251.5,1252.0,0.5
2,823400,5251.5,intrinsic_floor,4500,,,751.0,751.5,0.5
2,823500,5251.5,intrinsic_floor,4500,,,751.0,751.5,0.5
2,823800,5253.0,intrinsic_floor,4000,,,1252.5,1253.0,0.5
2,824200,5254.5,intrinsic_floor,4500,,,754.0,754.5,0.5
2,824400,5254.5,intrinsic_floor,4500,,,754.0,754.5,0.5
2,825100,5254.5,intrinsic_floor,4500,,,754.0,754.5,0.5
2,825700,5256.5,intrinsic_floor,4500,,,756.0,756.5,0.5
2,825800,5257.5,intrinsic_floor,4500,,,757.0,757.5,0.5
2,825900,5256.5,intrinsic_floor,4000,,,1251.0,1256.5,5.5
2,825900,5256.5,intrinsic_floor,4500,,,752.0,756.5,4.5
2,826000,5255.5,intrinsic_floor,4500,,,755.0,755.5,0.5
2,826100,5255.5,intrinsic_floor,4500,,,755.0,755.5,0.5
2,826300,5255.5,intrinsic_floor,4500,,,755.0,755.5,0.5
2,826400,5255.5,intrinsic_floor,4000,,,1250.0,1255.5,5.5
2,826400,5255.5,intrinsic_floor,4500,,,751.0,755.5,4.5
2,826600,5252.5,intrinsic_floor,4500,,,752.0,752.5,0.5
2,826800,5253.5,intrinsic_floor,4500,,,753.0,753.5,0.5
2,827200,5253.5,intrinsic_floor,4500,,,753.0,753.5,0.5
2,827300,5253.5,intrinsic_floor,4500,,,753.0,753.5,0.5
2,827500,5254.0,intrinsic_floor,4000,,,1253.5,1254.0,0.5
2,828000,5253.0,intrinsic_floor,4000,,,1252.5,1253.0,0.5
2,828100,5253.5,intrinsic_floor,4000,,,1252.5,1253.5,1.0
2,828100,5253.5,intrinsic_floor,4500,,,753.0,753.5,0.5
2,828200,5253.5,intrinsic_floor,4500,,,753.0,753.5,0.5
2,828300,5254.5,intrinsic_floor,4500,,,754.0,754.5,0.5
2,828500,5255.5,intrinsic_floor,4500,,,755.0,755.5,0.5
2,829600,5252.5,intrinsic_floor,4500,,,752.0,752.5,0.5
2,829900,5252.5,intrinsic_floor,4500,,,752.0,752.5,0.5
2,830300,5251.5,intrinsic_floor,4500,,,751.0,751.5,0.5
2,830600,5254.5,intrinsic_floor,4500,,,754.0,754.5,0.5
2,830800,5256.0,intrinsic_floor,4000,,,1255.5,1256.0,0.5
2,831100,5255.5,intrinsic_floor,4000,,,1254.5,1255.5,1.0
2,831100,5255.5,intrinsic_floor,4500,,,754.0,755.5,1.5
2,831800,5255.5,intrinsic_floor,4500,,,755.0,755.5,0.5
2,832400,5257.5,intrinsic_floor,4000,,,1256.0,1257.5,1.5
2,832400,5257.5,intrinsic_floor,4500,,,756.0,757.5,1.5
2,832500,5255.5,intrinsic_floor,4500,,,755.0,755.5,0.5
2,832800,5256.5,intrinsic_floor,4500,,,756.0,756.5,0.5
2,833200,5256.5,intrinsic_floor,4500,,,756.0,756.5,0.5
2,833300,5254.5,intrinsic_floor,4500,,,754.0,754.5,0.5
2,833400,5253.5,intrinsic_floor,4500,,,753.0,753.5,0.5
2,833500,5254.5,intrinsic_floor,4500,,,754.0,754.5,0.5
2,833900,5256.5,intrinsic_floor,4500,,,756.0,756.5,0.5
2,834400,5255.0,intrinsic_floor,4000,,,1254.5,1255.0,0.5
2,834600,5256.5,intrinsic_floor,4500,,,756.0,756.5,0.5
2,834800,5257.0,intrinsic_floor,4000,,,1256.5,1257.0,0.5
2,835100,5257.5,intrinsic_floor,4500,,,757.0,757.5,0.5
2,835200,5256.5,intrinsic_floor,4500,,,756.0,756.5,0.5
2,835500,5256.5,intrinsic_floor,4500,,,756.0,756.5,0.5
2,835700,5255.5,intrinsic_floor,4000,,,1254.5,1255.5,1.0
2,835700,5255.5,intrinsic_floor,4500,,,755.0,755.5,0.5
2,835800,5254.5,intrinsic_floor,4500,,,754.0,754.5,0.5
2,836100,5253.0,intrinsic_floor,4000,,,1252.5,1253.0,0.5
2,836200,5255.5,intrinsic_floor,4500,,,755.0,755.5,0.5
2,836300,5256.5,intrinsic_floor,4000,,,1251.0,1256.5,5.5
2,836300,5256.5,intrinsic_floor,4500,,,752.0,756.5,4.5
2,836500,5258.5,intrinsic_floor,4500,,,758.0,758.5,0.5
2,837300,5255.5,intrinsic_floor,4500,,,755.0,755.5,0.5
2,837500,5258.5,intrinsic_floor,4500,,,758.0,758.5,0.5
2,838100,5257.5,intrinsic_floor,4500,,,757.0,757.5,0.5
2,838200,5257.0,intrinsic_floor,4000,,,1256.5,1257.0,0.5
2,838500,5257.5,intrinsic_floor,4500,,,757.0,757.5,0.5
2,838600,5257.5,intrinsic_floor,4500,,,757.0,757.5,0.5
2,838800,5256.5,intrinsic_floor,4500,,,756.0,756.5,0.5
2,839500,5255.5,intrinsic_floor,4500,,,755.0,755.5,0.5
2,839800,5254.5,intrinsic_floor,4500,,,754.0,754.5,0.5
2,840200,5258.5,intrinsic_floor,4000,,,1257.5,1258.5,1.0
2,840200,5258.5,intrinsic_floor,4500,,,757.0,758.5,1.5
2,840300,5257.5,intrinsic_floor,4500,,,757.0,757.5,0.5
2,840400,5257.5,intrinsic_floor,4500,,,757.0,757.5,0.5
2,840600,5257.5,intrinsic_floor,4500,,,757.0,757.5,0.5
2,840700,5257.5,intrinsic_floor,4500,,,757.0,757.5,0.5
2,841100,5259.5,intrinsic_floor,4500,,,759.0,759.5,0.5
2,841200,5259.5,intrinsic_floor,4500,,,759.0,759.5,0.5
2,841300,5259.5,intrinsic_floor,4500,,,759.0,759.5,0.5
2,841400,5259.5,intrinsic_floor,4000,,,1258.5,1259.5,1.0
2,841400,5259.5,intrinsic_floor,4500,,,759.0,759.5,0.5
2,841600,5258.5,intrinsic_floor,4500,,,758.0,758.5,0.5
2,841700,5258.5,intrinsic_floor,4500,,,758.0,758.5,0.5
2,841800,5259.5,intrinsic_floor,4000,,,1258.5,1259.5,1.0
2,841800,5259.5,intrinsic_floor,4500,,,759.0,759.5,0.5
2,842700,5257.5,intrinsic_floor,4000,,,1256.5,1257.5,1.0
2,842700,5257.5,intrinsic_floor,4500,,,757.0,757.5,0.5
2,843100,5258.5,intrinsic_floor,4000,,,1257.5,1258.5,1.0
2,843100,5258.5,intrinsic_floor,4500,,,757.0,758.5,1.5
2,843200,5257.5,intrinsic_floor,4500,,,757.0,757.5,0.5
2,843400,5257.5,intrinsic_floor,4500,,,757.0,757.5,0.5
2,843500,5257.5,intrinsic_floor,4500,,,757.0,757.5,0.5
2,843600,5257.5,intrinsic_floor,4500,,,757.0,757.5,0.5
2,844400,5261.5,intrinsic_floor,4500,,,761.0,761.5,0.5
2,844600,5263.5,intrinsic_floor,4500,,,763.0,763.5,0.5
2,845100,5263.5,intrinsic_floor,4500,,,763.0,763.5,0.5
2,845300,5263.5,intrinsic_floor,4500,,,763.0,763.5,0.5
2,846500,5259.5,intrinsic_floor,4500,,,759.0,759.5,0.5
2,846700,5261.5,intrinsic_floor,4000,,,1260.5,1261.5,1.0
2,846700,5261.5,intrinsic_floor,4500,,,760.0,761.5,1.5
2,846800,5260.5,intrinsic_floor,4500,,,760.0,760.5,0.5
2,847000,5262.5,intrinsic_floor,4500,,,762.0,762.5,0.5
2,847200,5260.5,intrinsic_floor,4500,,,760.0,760.5,0.5
2,847300,5260.5,intrinsic_floor,4500,,,760.0,760.5,0.5
2,847500,5261.5,intrinsic_floor,4500,,,761.0,761.5,0.5
2,847700,5259.5,intrinsic_floor,4500,,,759.0,759.5,0.5
2,848100,5259.5,intrinsic_floor,4500,,,759.0,759.5,0.5
2,848600,5256.5,intrinsic_floor,4500,,,756.0,756.5,0.5
2,849100,5254.5,intrinsic_floor,4000,,,1253.5,1254.5,1.0
2,849100,5254.5,intrinsic_floor,4500,,,753.5,754.5,1.0
2,849800,5254.5,intrinsic_floor,4500,,,754.0,754.5,0.5
2,849900,5256.5,intrinsic_floor,4000,,,1255.5,1256.5,1.0
2,849900,5256.5,intrinsic_floor,4500,,,755.0,756.5,1.5
2,850400,5256.0,intrinsic_floor,4000,,,1255.5,1256.0,0.5
2,850600,5258.5,intrinsic_floor,4500,,,758.0,758.5,0.5
2,850700,5258.5,intrinsic_floor,4500,,,758.0,758.5,0.5
2,850900,5257.5,intrinsic_floor,4000,,,1256.5,1257.5,1.0
2,850900,5257.5,intrinsic_floor,4500,,,757.0,757.5,0.5
2,851000,5258.5,intrinsic_floor,4000,,,1257.0,1258.5,1.5
2,851000,5258.5,intrinsic_floor,4500,,,757.0,758.5,1.5
2,851100,5257.5,intrinsic_floor,4500,,,757.0,757.5,0.5
2,851400,5255.5,intrinsic_floor,4500,,,755.0,755.5,0.5
2,851500,5254.0,intrinsic_floor,4000,,,1253.5,1254.0,0.5
2,851600,5254.5,intrinsic_floor,4500,,,754.0,754.5,0.5
2,851800,5255.5,intrinsic_floor,4500,,,755.0,755.5,0.5
2,852100,5256.5,intrinsic_floor,4500,,,756.0,756.5,0.5
2,852500,5256.5,intrinsic_floor,4500,,,756.0,756.5,0.5
2,852600,5256.5,intrinsic_floor,4500,,,756.0,756.5,0.5
2,852700,5257.5,intrinsic_floor,4500,,,757.0,757.5,0.5
2,852800,5256.5,intrinsic_floor,4500,,,756.0,756.5,0.5
2,853000,5257.5,intrinsic_floor,4500,,,757.0,757.5,0.5
2,853600,5258.5,intrinsic_floor,4500,,,758.0,758.5,0.5
2,853700,5258.5,intrinsic_floor,4500,,,758.0,758.5,0.5
2,853900,5258.5,intrinsic_floor,4500,,,758.0,758.5,0.5
2,854200,5256.5,intrinsic_floor,4500,,,756.0,756.5,0.5
2,854400,5257.5,intrinsic_floor,4500,,,757.0,757.5,0.5
2,854600,5256.5,intrinsic_floor,4500,,,756.0,756.5,0.5
2,854800,5255.5,intrinsic_floor,4500,,,755.0,755.5,0.5
2,854900,5253.5,intrinsic_floor,4500,,,753.0,753.5,0.5
2,855500,5256.5,intrinsic_floor,4500,,,756.0,756.5,0.5
2,855700,5257.5,intrinsic_floor,4500,,,757.0,757.5,0.5
2,856000,5257.5,intrinsic_floor,4500,,,757.0,757.5,0.5
2,856100,5257.5,intrinsic_floor,4500,,,757.0,757.5,0.5
2,856200,5257.5,intrinsic_floor,4500,,,757.0,757.5,0.5
2,856400,5259.5,intrinsic_floor,4500,,,759.0,759.5,0.5
2,858200,5260.0,intrinsic_floor,4000,,,1258.5,1260.0,1.5
2,858200,5260.0,intrinsic_floor,4500,,,759.0,760.0,1.0
2,858400,5258.5,intrinsic_floor,4500,,,758.0,758.5,0.5
2,858700,5258.5,intrinsic_floor,4000,,,1257.0,1258.5,1.5
2,858700,5258.5,intrinsic_floor,4500,,,757.0,758.5,1.5
2,858800,5257.5,intrinsic_floor,4500,,,757.0,757.5,0.5
2,858900,5258.0,intrinsic_floor,4000,,,1257.5,1258.0,0.5
2,859100,5256.5,intrinsic_floor,4500,,,756.0,756.5,0.5
2,859300,5255.0,intrinsic_floor,4000,,,1254.5,1255.0,0.5
2,859400,5255.5,intrinsic_floor,4500,,,755.0,755.5,0.5
2,859600,5256.5,intrinsic_floor,4000,,,1255.5,1256.5,1.0
2,859600,5256.5,intrinsic_floor,4500,,,755.0,756.5,1.5
2,859800,5254.5,intrinsic_floor,4500,,,754.0,754.5,0.5
2,860000,5256.5,intrinsic_floor,4500,,,756.0,756.5,0.5
2,860200,5254.5,intrinsic_floor,4500,,,754.0,754.5,0.5
2,860300,5255.5,intrinsic_floor,4500,,,755.0,755.5,0.5
2,860500,5255.0,intrinsic_floor,4000,,,1254.5,1255.0,0.5
2,860600,5254.5,intrinsic_floor,4500,,,754.0,754.5,0.5
2,860800,5254.5,intrinsic_floor,4500,,,754.0,754.5,0.5
2,860900,5254.5,intrinsic_floor,4500,,,754.0,754.5,0.5
2,861000,5254.5,intrinsic_floor,4500,,,754.0,754.5,0.5
2,861200,5254.5,intrinsic_floor,4500,,,754.0,754.5,0.5
2,861500,5253.5,intrinsic_floor,4500,,,753.0,753.5,0.5
2,861700,5253.0,intrinsic_floor,4000,,,1252.5,1253.0,0.5
2,861800,5254.5,intrinsic_floor,4000,,,1253.5,1254.5,1.0
2,861800,5254.5,intrinsic_floor,4500,,,753.0,754.5,1.5
2,861900,5254.5,intrinsic_floor,4500,,,754.0,754.5,0.5
2,862000,5254.5,intrinsic_floor,4500,,,754.0,754.5,0.5
2,862200,5255.5,intrinsic_floor,4500,,,755.0,755.5,0.5
2,862300,5255.5,intrinsic_floor,4500,,,755.0,755.5,0.5
2,862600,5255.5,intrinsic_floor,4500,,,755.0,755.5,0.5
2,862700,5256.5,intrinsic_floor,4500,,,756.0,756.5,0.5
2,863300,5253.5,intrinsic_floor,4500,,,753.0,753.5,0.5
2,863600,5255.0,intrinsic_floor,4000,,,1254.5,1255.0,0.5
2,864100,5255.5,intrinsic_floor,4500,,,755.0,755.5,0.5
2,864200,5256.5,intrinsic_floor,4500,,,756.0,756.5,0.5
2,864300,5258.5,intrinsic_floor,4000,,,1257.5,1258.5,1.0
2,864300,5258.5,intrinsic_floor,4500,,,757.0,758.5,1.5
2,864400,5256.5,intrinsic_floor,4500,,,756.0,756.5,0.5
2,864700,5252.5,intrinsic_floor,4500,,,752.0,752.5,0.5
2,864800,5254.5,intrinsic_floor,4500,,,754.0,754.5,0.5
2,865300,5253.5,intrinsic_floor,4500,,,753.0,753.5,0.5
2,866000,5257.5,intrinsic_floor,4500,,,757.0,757.5,0.5
2,866100,5258.5,intrinsic_floor,4500,,,758.0,758.5,0.5
2,866200,5258.5,intrinsic_floor,4500,,,758.0,758.5,0.5
2,867300,5257.5,intrinsic_floor,4500,,,757.0,757.5,0.5
2,867400,5255.5,intrinsic_floor,4500,,,755.0,755.5,0.5
2,867600,5256.5,intrinsic_floor,4500,,,756.0,756.5,0.5
2,868500,5252.5,intrinsic_floor,4500,,,752.0,752.5,0.5
2,868600,5251.5,intrinsic_floor,4500,,,751.0,751.5,0.5
2,869000,5248.5,intrinsic_floor,4500,,,748.0,748.5,0.5
2,869200,5247.5,intrinsic_floor,4000,,,1246.5,1247.5,1.0
2,869200,5247.5,intrinsic_floor,4500,,,747.0,747.5,0.5
2,869400,5249.5,intrinsic_floor,4500,,,749.0,749.5,0.5
2,869500,5248.5,intrinsic_floor,4500,,,748.0,748.5,0.5
2,869600,5248.5,intrinsic_floor,4500,,,748.0,748.5,0.5
2,870000,5246.5,intrinsic_floor,4500,,,746.0,746.5,0.5
2,870100,5246.5,intrinsic_floor,4500,,,746.0,746.5,0.5
2,870200,5246.5,intrinsic_floor,4500,,,746.0,746.5,0.5
2,870300,5246.0,intrinsic_floor,4000,,,1245.5,1246.0,0.5
2,870400,5246.0,intrinsic_floor,4000,,,1245.5,1246.0,0.5
2,870600,5249.5,intrinsic_floor,4500,,,749.0,749.5,0.5
2,870700,5250.5,intrinsic_floor,4500,,,750.0,750.5,0.5
2,870800,5249.5,intrinsic_floor,4500,,,749.0,749.5,0.5
2,871100,5248.5,intrinsic_floor,4500,,,748.0,748.5,0.5
2,871500,5249.5,intrinsic_floor,4500,,,749.0,749.5,0.5
2,871900,5252.5,intrinsic_floor,4500,,,752.0,752.5,0.5
2,872000,5253.5,intrinsic_floor,4000,,,1252.5,1253.5,1.0
2,872000,5253.5,intrinsic_floor,4500,,,752.0,753.5,1.5
2,872100,5252.5,intrinsic_floor,4500,,,752.0,752.5,0.5
2,872600,5248.5,intrinsic_floor,4000,,,1243.0,1248.5,5.5
2,872600,5248.5,intrinsic_floor,4500,,,744.0,748.5,4.5
2,872700,5249.0,intrinsic_floor,4000,,,1248.5,1249.0,0.5
2,872800,5249.5,intrinsic_floor,4500,,,749.0,749.5,0.5
2,873300,5248.5,intrinsic_floor,4500,,,748.0,748.5,0.5
2,873400,5247.5,intrinsic_floor,4500,,,747.0,747.5,0.5
2,873900,5246.5,intrinsic_floor,4500,,,746.0,746.5,0.5
2,874000,5247.5,intrinsic_floor,4500,,,747.0,747.5,0.5
2,874300,5246.5,intrinsic_floor,4500,,,746.0,746.5,0.5
2,874500,5248.5,intrinsic_floor,4500,,,748.0,748.5,0.5
2,874600,5247.5,intrinsic_floor,4500,,,747.0,747.5,0.5
2,874700,5249.5,intrinsic_floor,4500,,,749.0,749.5,0.5
2,875400,5249.5,intrinsic_floor,4500,,,749.0,749.5,0.5
2,875600,5248.5,intrinsic_floor,4500,,,748.0,748.5,0.5
2,876200,5247.5,intrinsic_floor,4500,,,747.0,747.5,0.5
2,876500,5244.5,intrinsic_floor,4000,,,1239.0,1244.5,5.5
2,876500,5244.5,intrinsic_floor,4500,,,740.5,744.5,4.0
2,876600,5246.0,intrinsic_floor,4000,,,1245.5,1246.0,0.5
2,876700,5246.0,intrinsic_floor,4000,,,1245.5,1246.0,0.5
2,876800,5247.5,intrinsic_floor,4500,,,747.0,747.5,0.5
2,876900,5245.5,intrinsic_floor,4500,,,745.0,745.5,0.5
2,877400,5246.5,intrinsic_floor,4500,,,746.0,746.5,0.5
2,878500,5251.5,intrinsic_floor,4000,,,1250.5,1251.5,1.0
2,878500,5251.5,intrinsic_floor,4500,,,750.0,751.5,1.5
2,878800,5249.5,intrinsic_floor,4000,,,1248.5,1249.5,1.0
2,878800,5249.5,intrinsic_floor,4500,,,748.0,749.5,1.5
2,879200,5248.0,intrinsic_floor,4000,,,1247.5,1248.0,0.5
2,879300,5249.0,intrinsic_floor,4000,,,1248.5,1249.0,0.5
2,879500,5249.5,intrinsic_floor,4500,,,749.0,749.5,0.5
2,879600,5251.5,intrinsic_floor,4500,,,751.0,751.5,0.5
2,879700,5251.5,intrinsic_floor,4500,,,751.0,751.5,0.5
2,880000,5252.5,intrinsic_floor,4500,,,752.0,752.5,0.5
2,880200,5253.5,intrinsic_floor,4500,,,753.0,753.5,0.5
2,880300,5254.5,intrinsic_floor,4500,,,754.0,754.5,0.5
2,880500,5253.5,intrinsic_floor,4500,,,753.0,753.5,0.5
2,880600,5252.5,intrinsic_floor,4500,,,752.0,752.5,0.5
2,880700,5252.5,intrinsic_floor,4500,,,752.0,752.5,0.5
2,880900,5252.5,intrinsic_floor,4500,,,752.0,752.5,0.5
2,881700,5251.5,intrinsic_floor,4500,,,751.0,751.5,0.5
2,881800,5250.5,intrinsic_floor,4500,,,750.0,750.5,0.5
2,882000,5250.5,intrinsic_floor,4500,,,750.0,750.5,0.5
2,882300,5252.0,intrinsic_floor,4000,,,1250.5,1252.0,1.5
2,882300,5252.0,intrinsic_floor,4500,,,750.0,752.0,2.0
2,882400,5251.5,intrinsic_floor,4500,,,751.0,751.5,0.5
2,882800,5254.0,intrinsic_floor,4000,,,1253.5,1254.0,0.5
2,883300,5252.5,intrinsic_floor,4500,,,752.0,752.5,0.5
2,883400,5253.5,intrinsic_floor,4500,,,753.0,753.5,0.5
2,883800,5255.5,intrinsic_floor,4500,,,755.0,755.5,0.5
2,884100,5256.5,intrinsic_floor,4500,,,756.0,756.5,0.5
2,884300,5255.5,intrinsic_floor,4500,,,755.0,755.5,0.5
2,884500,5254.0,intrinsic_floor,4000,,,1253.5,1254.0,0.5
2,884600,5255.5,intrinsic_floor,4500,,,755.0,755.5,0.5
2,884700,5255.5,intrinsic_floor,4500,,,755.0,755.5,0.5
2,885000,5256.5,intrinsic_floor,4500,,,756.0,756.5,0.5
2,885400,5258.5,intrinsic_floor,4500,,,758.0,758.5,0.5
2,885900,5262.5,intrinsic_floor,4500,,,762.0,762.5,0.5
2,886400,5263.5,intrinsic_floor,4500,,,763.0,763.5,0.5
2,886600,5263.5,intrinsic_floor,4500,,,763.0,763.5,0.5
2,886800,5264.5,intrinsic_floor,4500,,,764.0,764.5,0.5
2,887200,5269.0,intrinsic_floor,4000,,,1268.0,1269.0,1.0
2,887200,5269.0,intrinsic_floor,4500,,,768.0,769.0,1.0
2,887500,5268.5,intrinsic_floor,4000,,,1267.5,1268.5,1.0
2,887500,5268.5,intrinsic_floor,4500,,,767.0,768.5,1.5
2,887800,5270.5,intrinsic_floor,4000,,,1269.5,1270.5,1.0
2,887800,5270.5,intrinsic_floor,4500,,,769.5,770.5,1.0
2,888300,5267.5,intrinsic_floor,4500,,,767.0,767.5,0.5
2,888600,5265.5,intrinsic_floor,4500,,,765.0,765.5,0.5
2,889100,5267.5,intrinsic_floor,4500,,,767.0,767.5,0.5
2,889300,5266.5,intrinsic_floor,4500,,,766.0,766.5,0.5
2,889400,5268.0,intrinsic_floor,4000,,,1267.0,1268.0,1.0
2,889400,5268.0,intrinsic_floor,4500,,,767.0,768.0,1.0
2,889500,5266.5,intrinsic_floor,4500,,,766.0,766.5,0.5
2,890000,5265.5,intrinsic_floor,4500,,,765.0,765.5,0.5
2,890400,5265.5,intrinsic_floor,4500,,,765.0,765.5,0.5
2,890500,5265.5,intrinsic_floor,4500,,,765.0,765.5,0.5
2,890600,5264.5,intrinsic_floor,4500,,,764.0,764.5,0.5
2,890800,5264.5,intrinsic_floor,4500,,,764.0,764.5,0.5
2,891100,5264.5,intrinsic_floor,4500,,,764.0,764.5,0.5
2,891200,5266.5,intrinsic_floor,4500,,,766.0,766.5,0.5
2,891900,5269.5,intrinsic_floor,4500,,,769.0,769.5,0.5
2,892200,5271.5,intrinsic_floor,4000,,,1270.0,1271.5,1.5
2,892200,5271.5,intrinsic_floor,4500,,,770.0,771.5,1.5
2,893000,5274.5,intrinsic_floor,4000,,,1274.0,1274.5,0.5
2,893000,5274.5,intrinsic_floor,4500,,,774.0,774.5,0.5
2,893700,5274.5,intrinsic_floor,4000,,,1274.0,1274.5,0.5
2,893700,5274.5,intrinsic_floor,4500,,,774.0,774.5,0.5
2,894300,5276.5,intrinsic_floor,4000,,,1276.0,1276.5,0.5
2,894300,5276.5,intrinsic_floor,4500,,,776.0,776.5,0.5
2,895200,5269.5,intrinsic_floor,4000,,,1269.0,1269.5,0.5
2,895200,5269.5,intrinsic_floor,4500,,,769.0,769.5,0.5
2,895400,5268.5,intrinsic_floor,4000,,,1268.0,1268.5,0.5
2,895400,5268.5,intrinsic_floor,4500,,,768.0,768.5,0.5
2,895900,5273.5,intrinsic_floor,4000,,,1272.5,1273.5,1.0
2,895900,5273.5,intrinsic_floor,4500,,,772.5,773.5,1.0
2,896700,5273.5,intrinsic_floor,4500,,,773.0,773.5,0.5
2,896900,5272.5,intrinsic_floor,4000,,,1272.0,1272.5,0.5
2,896900,5272.5,intrinsic_floor,4500,,,772.0,772.5,0.5
2,897100,5273.5,intrinsic_floor,4500,,,773.0,773.5,0.5
2,897400,5274.5,intrinsic_floor,4000,,,1274.0,1274.5,0.5
2,897400,5274.5,intrinsic_floor,4500,,,774.0,774.5,0.5
2,897500,5275.5,intrinsic_floor,4000,,,1274.5,1275.5,1.0
2,897500,5275.5,intrinsic_floor,4500,,,774.5,775.5,1.0
2,898000,5277.5,intrinsic_floor,4000,,,1277.0,1277.5,0.5
2,898000,5277.5,intrinsic_floor,4500,,,777.0,777.5,0.5
2,898100,5279.5,intrinsic_floor,4000,,,1279.0,1279.5,0.5
2,898100,5279.5,intrinsic_floor,4500,,,779.0,779.5,0.5
2,898600,5280.5,intrinsic_floor,4000,,,1275.0,1280.5,5.5
2,898600,5280.5,intrinsic_floor,4500,,,776.5,780.5,4.0
2,898700,5281.5,intrinsic_floor,4000,,,1281.0,1281.5,0.5
2,898700,5281.5,intrinsic_floor,4500,,,781.0,781.5,0.5
2,898800,5280.5,intrinsic_floor,4000,,,1280.0,1280.5,0.5
2,899200,5281.5,intrinsic_floor,4000,,,1281.0,1281.5,0.5
2,899200,5281.5,intrinsic_floor,4500,,,781.0,781.5,0.5
2,900000,5286.5,intrinsic_floor,4000,,,1286.0,1286.5,0.5
2,900500,5284.5,intrinsic_floor,4000,,,1284.0,1284.5,0.5
2,900500,5284.5,intrinsic_floor,4500,,,784.0,784.5,0.5
2,901200,5283.5,intrinsic_floor,4000,,,1283.0,1283.5,0.5
2,901600,5281.5,intrinsic_floor,4000,,,1281.0,1281.5,0.5
2,901600,5281.5,intrinsic_floor,4500,,,781.0,781.5,0.5
2,901700,5281.5,intrinsic_floor,4000,,,1281.0,1281.5,0.5
2,902900,5284.5,intrinsic_floor,4000,,,1284.0,1284.5,0.5
2,903900,5282.5,intrinsic_floor,4000,,,1282.0,1282.5,0.5
2,905700,5276.5,intrinsic_floor,4500,,,776.0,776.5,0.5
2,906300,5277.5,intrinsic_floor,4000,,,1277.0,1277.5,0.5
2,906300,5277.5,intrinsic_floor,4500,,,777.0,777.5,0.5
2,906400,5276.5,intrinsic_floor,4000,,,1276.0,1276.5,0.5
2,906400,5276.5,intrinsic_floor,4500,,,776.0,776.5,0.5
2,906500,5277.5,intrinsic_floor,4000,,,1277.0,1277.5,0.5
2,906500,5277.5,intrinsic_floor,4500,,,777.0,777.5,0.5
2,906700,5277.5,intrinsic_floor,4500,,,777.0,777.5,0.5
2,906900,5276.5,intrinsic_floor,4000,,,1276.0,1276.5,0.5
2,906900,5276.5,intrinsic_floor,4500,,,776.0,776.5,0.5
2,907300,5278.5,intrinsic_floor,4000,,,1278.0,1278.5,0.5
2,907300,5278.5,intrinsic_floor,4500,,,778.0,778.5,0.5
2,907700,5278.5,intrinsic_floor,4000,,,1278.0,1278.5,0.5
2,907700,5278.5,intrinsic_floor,4500,,,778.0,778.5,0.5
2,908500,5278.5,intrinsic_floor,4000,,,1278.0,1278.5,0.5
2,908500,5278.5,intrinsic_floor,4500,,,778.0,778.5,0.5
2,908800,5278.5,intrinsic_floor,4000,,,1278.0,1278.5,0.5
2,908800,5278.5,intrinsic_floor,4500,,,778.0,778.5,0.5
2,909400,5280.5,intrinsic_floor,4000,,,1280.0,1280.5,0.5
2,909400,5280.5,intrinsic_floor,4500,,,780.0,780.5,0.5
2,909900,5276.5,intrinsic_floor,4500,,,776.0,776.5,0.5
2,910000,5276.5,intrinsic_floor,4000,,,1276.0,1276.5,0.5
2,910000,5276.5,intrinsic_floor,4500,,,776.0,776.5,0.5
2,910900,5277.5,intrinsic_floor,4000,,,1272.0,1277.5,5.5
2,910900,5277.5,intrinsic_floor,4500,,,773.0,777.5,4.5
2,914100,5281.5,intrinsic_floor,4000,,,1281.0,1281.5,0.5
2,914100,5281.5,intrinsic_floor,4500,,,781.0,781.5,0.5
2,915000,5285.5,intrinsic_floor,4000,,,1285.0,1285.5,0.5
2,915800,5287.5,intrinsic_floor,4000,,,1287.0,1287.5,0.5
2,916100,5287.5,intrinsic_floor,4000,,,1287.0,1287.5,0.5
2,916400,5286.5,intrinsic_floor,4000,,,1286.0,1286.5,0.5
2,917000,5285.5,intrinsic_floor,4000,,,1285.0,1285.5,0.5
2,917500,5284.5,intrinsic_floor,4000,,,1284.0,1284.5,0.5
2,917600,5285.5,intrinsic_floor,4000,,,1284.5,1285.5,1.0
2,917600,5285.5,intrinsic_floor,4500,,,784.5,785.5,1.0
2,918100,5286.5,intrinsic_floor,4000,,,1286.0,1286.5,0.5
2,919000,5286.5,intrinsic_floor,4000,,,1285.0,1286.5,1.5
2,919000,5286.5,intrinsic_floor,4500,,,785.0,786.5,1.5
2,919200,5286.0,intrinsic_floor,4000,,,1285.0,1286.0,1.0
2,919200,5286.0,intrinsic_floor,4500,,,784.5,786.0,1.5
2,919300,5284.5,intrinsic_floor,4000,,,1284.0,1284.5,0.5
2,919300,5284.5,intrinsic_floor,4500,,,784.0,784.5,0.5
2,920700,5284.5,intrinsic_floor,4000,,,1284.0,1284.5,0.5
2,920800,5282.5,intrinsic_floor,4000,,,1282.0,1282.5,0.5
2,920900,5284.5,intrinsic_floor,4000,,,1283.5,1284.5,1.0
2,920900,5284.5,intrinsic_floor,4500,,,783.5,784.5,1.0
2,921000,5284.5,intrinsic_floor,4000,,,1283.5,1284.5,1.0
2,921000,5284.5,intrinsic_floor,4500,,,783.5,784.5,1.0
2,921100,5283.5,intrinsic_floor,4000,,,1283.0,1283.5,0.5
2,921300,5283.5,intrinsic_floor,4000,,,1283.0,1283.5,0.5
2,921600,5286.5,intrinsic_floor,4000,,,1286.0,1286.5,0.5
2,922400,5286.5,intrinsic_floor,4000,,,1286.0,1286.5,0.5
2,923600,5284.5,intrinsic_floor,4000,,,1284.0,1284.5,0.5
2,924200,5286.5,intrinsic_floor,4000,,,1281.0,1286.5,5.5
2,924200,5286.5,intrinsic_floor,4500,,,782.0,786.5,4.5
2,924400,5286.5,intrinsic_floor,4000,,,1286.0,1286.5,0.5
2,925800,5280.5,intrinsic_floor,4000,,,1279.5,1280.5,1.0
2,925800,5280.5,intrinsic_floor,4500,,,779.5,780.5,1.0
2,926700,5277.5,intrinsic_floor,4000,,,1277.0,1277.5,0.5
2,926700,5277.5,intrinsic_floor,4500,,,777.0,777.5,0.5
2,927100,5280.5,intrinsic_floor,4000,,,1279.5,1280.5,1.0
2,927100,5280.5,intrinsic_floor,4500,,,779.5,780.5,1.0
2,927500,5281.0,intrinsic_floor,4000,,,1279.5,1281.0,1.5
2,927500,5281.0,intrinsic_floor,4500,,,779.5,781.0,1.5
2,928000,5278.5,intrinsic_floor,4000,,,1278.0,1278.5,0.5
2,928000,5278.5,intrinsic_floor,4500,,,778.0,778.5,0.5
2,928300,5278.5,intrinsic_floor,4000,,,1278.0,1278.5,0.5
2,928300,5278.5,intrinsic_floor,4500,,,778.0,778.5,0.5
2,929600,5280.5,intrinsic_floor,4000,,,1280.0,1280.5,0.5
2,929600,5280.5,intrinsic_floor,4500,,,780.0,780.5,0.5
2,931600,5274.5,intrinsic_floor,4500,,,774.0,774.5,0.5
2,932700,5278.5,intrinsic_floor,4000,,,1278.0,1278.5,0.5
2,932700,5278.5,intrinsic_floor,4500,,,778.0,778.5,0.5
2,934600,5280.5,intrinsic_floor,4000,,,1280.0,1280.5,0.5
2,934600,5280.5,intrinsic_floor,4500,,,780.0,780.5,0.5
2,934900,5279.5,intrinsic_floor,4000,,,1274.0,1279.5,5.5
2,934900,5279.5,intrinsic_floor,4500,,,775.0,779.5,4.5
2,935400,5277.5,intrinsic_floor,4000,,,1277.0,1277.5,0.5
2,935400,5277.5,intrinsic_floor,4500,,,777.0,777.5,0.5
2,936800,5272.5,intrinsic_floor,4000,,,1272.0,1272.5,0.5
2,936800,5272.5,intrinsic_floor,4500,,,772.0,772.5,0.5
2,936900,5273.5,intrinsic_floor,4000,,,1272.5,1273.5,1.0
2,936900,5273.5,intrinsic_floor,4500,,,772.5,773.5,1.0
2,937800,5274.5,intrinsic_floor,4000,,,1274.0,1274.5,0.5
2,937800,5274.5,intrinsic_floor,4500,,,774.0,774.5,0.5
2,937900,5276.0,intrinsic_floor,4000,,,1275.0,1276.0,1.0
2,937900,5276.0,intrinsic_floor,4500,,,775.0,776.0,1.0
2,938400,5277.5,intrinsic_floor,4000,,,1277.0,1277.5,0.5
2,938400,5277.5,intrinsic_floor,4500,,,777.0,777.5,0.5
2,938500,5277.5,intrinsic_floor,4000,,,1277.0,1277.5,0.5
2,938500,5277.5,intrinsic_floor,4500,,,777.0,777.5,0.5
2,940200,5274.5,intrinsic_floor,4000,,,1273.5,1274.5,1.0
2,940200,5274.5,intrinsic_floor,4500,,,773.5,774.5,1.0
2,940900,5275.5,intrinsic_floor,4500,,,775.0,775.5,0.5
2,941200,5275.5,intrinsic_floor,4000,,,1275.0,1275.5,0.5
2,941200,5275.5,intrinsic_floor,4500,,,775.0,775.5,0.5
2,942200,5271.5,intrinsic_floor,4500,,,771.0,771.5,0.5
2,942400,5271.5,intrinsic_floor,4000,,,1271.0,1271.5,0.5
2,942400,5271.5,intrinsic_floor,4500,,,771.0,771.5,0.5
2,943200,5271.5,intrinsic_floor,4500,,,771.0,771.5,0.5
2,944100,5272.5,intrinsic_floor,4500,,,772.0,772.5,0.5
2,944200,5273.5,intrinsic_floor,4500,,,773.0,773.5,0.5
2,944600,5273.5,intrinsic_floor,4000,,,1273.0,1273.5,0.5
2,944600,5273.5,intrinsic_floor,4500,,,773.0,773.5,0.5
2,944800,5274.5,intrinsic_floor,4000,,,1274.0,1274.5,0.5
2,944800,5274.5,intrinsic_floor,4500,,,774.0,774.5,0.5
2,945100,5275.5,intrinsic_floor,4500,,,775.0,775.5,0.5
2,945300,5277.5,intrinsic_floor,4000,,,1276.5,1277.5,1.0
2,945300,5277.5,intrinsic_floor,4500,,,776.5,777.5,1.0
2,945600,5277.5,intrinsic_floor,4000,,,1276.0,1277.5,1.5
2,945600,5277.5,intrinsic_floor,4500,,,776.0,777.5,1.5
2,946600,5277.5,intrinsic_floor,4000,,,1277.0,1277.5,0.5
2,946600,5277.5,intrinsic_floor,4500,,,777.0,777.5,0.5
2,947600,5278.5,intrinsic_floor,4000,,,1278.0,1278.5,0.5
2,947600,5278.5,intrinsic_floor,4500,,,778.0,778.5,0.5
2,947800,5279.5,intrinsic_floor,4000,,,1279.0,1279.5,0.5
2,948000,5276.5,intrinsic_floor,4000,,,1271.0,1276.5,5.5
2,948000,5276.5,intrinsic_floor,4500,,,772.0,776.5,4.5
2,948500,5275.5,intrinsic_floor,4000,,,1269.5,1275.5,6.0
2,948500,5275.5,intrinsic_floor,4500,,,771.0,775.5,4.5
2,948500,5275.5,intrinsic_floor,5000,,,275.0,275.5,0.5
2,949600,5277.5,intrinsic_floor,4000,,,1277.0,1277.5,0.5
2,949600,5277.5,intrinsic_floor,4500,,,777.0,777.5,0.5
2,950000,5274.5,intrinsic_floor,4000,,,1274.0,1274.5,0.5
2,950000,5274.5,intrinsic_floor,4500,,,774.0,774.5,0.5
2,950500,5273.5,intrinsic_floor,4000,,,1273.0,1273.5,0.5
2,950500,5273.5,intrinsic_floor,4500,,,773.0,773.5,0.5
2,950900,5276.5,intrinsic_floor,4000,,,1275.5,1276.5,1.0
2,950900,5276.5,intrinsic_floor,4500,,,775.0,776.5,1.5
2,951500,5275.5,intrinsic_floor,4000,,,1275.0,1275.5,0.5
2,951500,5275.5,intrinsic_floor,4500,,,775.0,775.5,0.5
2,951600,5277.5,intrinsic_floor,4500,,,777.0,777.5,0.5
2,952100,5277.5,intrinsic_floor,4000,,,1276.5,1277.5,1.0
2,952100,5277.5,intrinsic_floor,4500,,,776.5,777.5,1.0
2,952300,5276.5,intrinsic_floor,4000,,,1276.0,1276.5,0.5
2,952300,5276.5,intrinsic_floor,4500,,,776.0,776.5,0.5
2,952500,5277.5,intrinsic_floor,4000,,,1277.0,1277.5,0.5
2,952500,5277.5,intrinsic_floor,4500,,,777.0,777.5,0.5
2,953400,5277.5,intrinsic_floor,4000,,,1277.0,1277.5,0.5
2,953400,5277.5,intrinsic_floor,4500,,,777.0,777.5,0.5
2,953600,5277.5,intrinsic_floor,4000,,,1277.0,1277.5,0.5
2,953600,5277.5,intrinsic_floor,4500,,,777.0,777.5,0.5
2,954200,5275.5,intrinsic_floor,4000,,,1274.0,1275.5,1.5
2,954200,5275.5,intrinsic_floor,4500,,,774.0,775.5,1.5
2,954600,5272.5,intrinsic_floor,4000,,,1272.0,1272.5,0.5
2,954600,5272.5,intrinsic_floor,4500,,,772.0,772.5,0.5
2,954800,5272.5,intrinsic_floor,4000,,,1272.0,1272.5,0.5
2,954800,5272.5,intrinsic_floor,4500,,,772.0,772.5,0.5
2,955300,5275.5,intrinsic_floor,4000,,,1274.5,1275.5,1.0
2,955300,5275.5,intrinsic_floor,4500,,,774.5,775.5,1.0
2,955600,5275.5,intrinsic_floor,4000,,,1275.0,1275.5,0.5
2,955600,5275.5,intrinsic_floor,4500,,,775.0,775.5,0.5
2,956500,5277.5,intrinsic_floor,4000,,,1277.0,1277.5,0.5
2,956500,5277.5,intrinsic_floor,4500,,,777.0,777.5,0.5
2,956700,5277.5,intrinsic_floor,4000,,,1277.0,1277.5,0.5
2,956700,5277.5,intrinsic_floor,4500,,,777.0,777.5,0.5
2,957200,5279.0,intrinsic_floor,4000,,,1277.5,1279.0,1.5
2,957200,5279.0,intrinsic_floor,4500,,,777.5,779.0,1.5
2,957500,5277.5,intrinsic_floor,4000,,,1276.5,1277.5,1.0
2,957500,5277.5,intrinsic_floor,4500,,,776.5,777.5,1.0
2,957600,5276.5,intrinsic_floor,4500,,,776.0,776.5,0.5
2,957900,5275.5,intrinsic_floor,4000,,,1275.0,1275.5,0.5
2,957900,5275.5,intrinsic_floor,4500,,,775.0,775.5,0.5
2,958100,5273.5,intrinsic_floor,4500,,,773.0,773.5,0.5
2,958400,5273.5,intrinsic_floor,4500,,,773.0,773.5,0.5
2,959200,5272.5,intrinsic_floor,4000,,,1272.0,1272.5,0.5
2,959200,5272.5,intrinsic_floor,4500,,,772.0,772.5,0.5
2,959300,5272.5,intrinsic_floor,4500,,,772.0,772.5,0.5
2,960000,5270.5,intrinsic_floor,4500,,,770.0,770.5,0.5
2,960600,5269.5,intrinsic_floor,4500,,,769.0,769.5,0.5
2,961300,5268.5,intrinsic_floor,4000,,,1267.0,1268.5,1.5
2,961300,5268.5,intrinsic_floor,4500,,,767.0,768.5,1.5
2,962000,5266.5,intrinsic_floor,4500,,,766.0,766.5,0.5
2,962400,5264.5,intrinsic_floor,4000,,,1263.5,1264.5,1.0
2,962400,5264.5,intrinsic_floor,4500,,,764.0,764.5,0.5
2,962600,5264.5,intrinsic_floor,4500,,,764.0,764.5,0.5
2,962800,5263.5,intrinsic_floor,4500,,,763.0,763.5,0.5
2,962900,5262.5,intrinsic_floor,4500,,,762.0,762.5,0.5
2,963000,5262.5,intrinsic_floor,4500,,,762.0,762.5,0.5
2,963200,5262.5,intrinsic_floor,4500,,,762.0,762.5,0.5
2,963300,5263.5,intrinsic_floor,4500,,,763.0,763.5,0.5
2,963900,5267.5,intrinsic_floor,4500,,,767.0,767.5,0.5
2,964800,5267.5,intrinsic_floor,4500,,,767.0,767.5,0.5
2,965100,5269.5,intrinsic_floor,4500,,,769.0,769.5,0.5
2,965900,5263.5,intrinsic_floor,4500,,,763.0,763.5,0.5
2,969000,5264.5,intrinsic_floor,4500,,,764.0,764.5,0.5
2,969100,5264.5,intrinsic_floor,4500,,,764.0,764.5,0.5
2,969800,5262.5,intrinsic_floor,4500,,,762.0,762.5,0.5
2,970100,5262.5,intrinsic_floor,4500,,,762.0,762.5,0.5
2,970200,5261.5,intrinsic_floor,4500,,,761.0,761.5,0.5
2,970600,5261.5,intrinsic_floor,4500,,,761.0,761.5,0.5
2,970900,5260.5,intrinsic_floor,4500,,,760.0,760.5,0.5
2,971200,5259.5,intrinsic_floor,4500,,,759.0,759.5,0.5
2,971300,5260.5,intrinsic_floor,4500,,,760.0,760.5,0.5
2,971500,5259.5,intrinsic_floor,4500,,,759.0,759.5,0.5
2,971600,5261.0,intrinsic_floor,4000,,,1260.5,1261.0,0.5
2,971700,5263.5,intrinsic_floor,4500,,,763.0,763.5,0.5
2,972400,5268.5,intrinsic_floor,4500,,,768.0,768.5,0.5
2,972800,5269.5,intrinsic_floor,4000,,,1264.0,1269.5,5.5
2,972800,5269.5,intrinsic_floor,4500,,,765.0,769.5,4.5
2,972900,5269.5,intrinsic_floor,4000,,,1268.5,1269.5,1.0
2,972900,5269.5,intrinsic_floor,4500,,,769.0,769.5,0.5
2,973500,5270.5,intrinsic_floor,4500,,,770.0,770.5,0.5
2,974200,5269.5,intrinsic_floor,4500,,,769.0,769.5,0.5
2,974300,5268.5,intrinsic_floor,4500,,,768.0,768.5,0.5
2,974700,5268.5,intrinsic_floor,4500,,,768.0,768.5,0.5
2,974800,5269.5,intrinsic_floor,4500,,,769.0,769.5,0.5
2,974900,5271.5,intrinsic_floor,4500,,,771.0,771.5,0.5
2,975000,5271.5,intrinsic_floor,4000,,,1271.0,1271.5,0.5
2,975000,5271.5,intrinsic_floor,4500,,,771.0,771.5,0.5
2,975300,5272.5,intrinsic_floor,4500,,,772.0,772.5,0.5
2,976000,5272.5,intrinsic_floor,4500,,,772.0,772.5,0.5
2,976100,5272.5,intrinsic_floor,4000,,,1271.5,1272.5,1.0
2,976100,5272.5,intrinsic_floor,4500,,,771.5,772.5,1.0
2,976700,5270.5,intrinsic_floor,4500,,,770.0,770.5,0.5
2,976800,5272.5,intrinsic_floor,4000,,,1271.5,1272.5,1.0
2,976800,5272.5,intrinsic_floor,4500,,,771.5,772.5,1.0
2,976900,5270.5,intrinsic_floor,4500,,,770.0,770.5,0.5
2,977300,5269.5,intrinsic_floor,4000,,,1264.0,1269.5,5.5
2,977300,5269.5,intrinsic_floor,4500,,,765.0,769.5,4.5
2,977400,5269.5,intrinsic_floor,4500,,,769.0,769.5,0.5
2,977500,5269.5,intrinsic_floor,4000,,,1264.0,1269.5,5.5
2,977500,5269.5,intrinsic_floor,4500,,,765.5,769.5,4.0
2,977600,5270.5,intrinsic_floor,4500,,,770.0,770.5,0.5
2,978000,5270.5,intrinsic_floor,4500,,,770.0,770.5,0.5
2,978700,5271.5,intrinsic_floor,4000,,,1270.5,1271.5,1.0
2,978700,5271.5,intrinsic_floor,4500,,,770.5,771.5,1.0
2,978900,5270.5,intrinsic_floor,4000,,,1270.0,1270.5,0.5
2,978900,5270.5,intrinsic_floor,4500,,,770.0,770.5,0.5
2,979100,5270.5,intrinsic_floor,4000,,,1269.0,1270.5,1.5
2,979100,5270.5,intrinsic_floor,4500,,,769.0,770.5,1.5
2,979200,5271.5,intrinsic_floor,4500,,,771.0,771.5,0.5
2,979300,5270.5,intrinsic_floor,4500,,,770.0,770.5,0.5
2,979400,5269.5,intrinsic_floor,4500,,,769.0,769.5,0.5
2,979800,5274.5,intrinsic_floor,4500,,,774.0,774.5,0.5
2,980100,5275.5,intrinsic_floor,4000,,,1275.0,1275.5,0.5
2,980100,5275.5,intrinsic_floor,4500,,,775.0,775.5,0.5
2,980600,5275.5,intrinsic_floor,4000,,,1275.0,1275.5,0.5
2,980600,5275.5,intrinsic_floor,4500,,,775.0,775.5,0.5
2,981100,5274.5,intrinsic_floor,4000,,,1274.0,1274.5,0.5
2,981100,5274.5,intrinsic_floor,4500,,,774.0,774.5,0.5
2,981400,5274.0,intrinsic_floor,4000,,,1272.5,1274.0,1.5
2,981400,5274.0,intrinsic_floor,4500,,,772.5,774.0,1.5
2,981700,5273.5,intrinsic_floor,4000,,,1272.0,1273.5,1.5
2,981700,5273.5,intrinsic_floor,4500,,,772.0,773.5,1.5
2,981800,5274.0,intrinsic_floor,4000,,,1272.5,1274.0,1.5
2,981800,5274.0,intrinsic_floor,4500,,,772.5,774.0,1.5
2,982300,5272.5,intrinsic_floor,4500,,,772.0,772.5,0.5
2,983000,5272.5,intrinsic_floor,4500,,,772.0,772.5,0.5
2,983100,5272.5,intrinsic_floor,4000,,,1272.0,1272.5,0.5
2,983100,5272.5,intrinsic_floor,4500,,,772.0,772.5,0.5
2,983800,5272.5,intrinsic_floor,4500,,,772.0,772.5,0.5
2,985500,5276.5,intrinsic_floor,4000,,,1276.0,1276.5,0.5
2,985500,5276.5,intrinsic_floor,4500,,,776.0,776.5,0.5
2,985800,5278.5,intrinsic_floor,4000,,,1278.0,1278.5,0.5
2,985800,5278.5,intrinsic_floor,4500,,,778.0,778.5,0.5
2,986000,5279.5,intrinsic_floor,4000,,,1279.0,1279.5,0.5
2,986000,5279.5,intrinsic_floor,4500,,,779.0,779.5,0.5
2,986300,5279.5,intrinsic_floor,4000,,,1279.0,1279.5,0.5
2,986300,5279.5,intrinsic_floor,4500,,,779.0,779.5,0.5
2,986500,5281.5,intrinsic_floor,4000,,,1281.0,1281.5,0.5
2,986900,5283.5,intrinsic_floor,4000,,,1283.0,1283.5,0.5
2,986900,5283.5,intrinsic_floor,4500,,,783.0,783.5,0.5
2,987100,5284.5,intrinsic_floor,4000,,,1284.0,1284.5,0.5
2,987200,5283.5,intrinsic_floor,4000,,,1283.0,1283.5,0.5
2,988100,5286.5,intrinsic_floor,4000,,,1286.0,1286.5,0.5
2,988500,5285.5,intrinsic_floor,4000,,,1285.0,1285.5,0.5
2,988500,5285.5,intrinsic_floor,4500,,,785.0,785.5,0.5
2,988600,5285.5,intrinsic_floor,4000,,,1285.0,1285.5,0.5
2,989400,5289.5,intrinsic_floor,4000,,,1289.0,1289.5,0.5
2,989600,5288.5,intrinsic_floor,4000,,,1288.0,1288.5,0.5
2,990200,5289.5,intrinsic_floor,4000,,,1289.0,1289.5,0.5
2,990600,5288.5,intrinsic_floor,4000,,,1288.0,1288.5,0.5
2,990900,5287.5,intrinsic_floor,4000,,,1287.0,1287.5,0.5
2,991600,5290.5,intrinsic_floor,4000,,,1290.0,1290.5,0.5
2,992500,5286.5,intrinsic_floor,4000,,,1286.0,1286.5,0.5
2,992600,5286.5,intrinsic_floor,4000,,,1286.0,1286.5,0.5
2,992700,5286.5,intrinsic_floor,4000,,,1286.0,1286.5,0.5
2,992800,5286.5,intrinsic_floor,4000,,,1286.0,1286.5,0.5
2,992900,5286.0,intrinsic_floor,4000,,,1284.5,1286.0,1.5
2,992900,5286.0,intrinsic_floor,4500,,,784.5,786.0,1.5
2,993300,5281.5,intrinsic_floor,4000,,,1281.0,1281.5,0.5
2,993400,5280.5,intrinsic_floor,4000,,,1280.0,1280.5,0.5
2,993800,5280.5,intrinsic_floor,4000,,,1274.5,1280.5,6.0
2,993800,5280.5,intrinsic_floor,4500,,,776.0,780.5,4.5
2,993800,5280.5,intrinsic_floor,5000,,,280.0,280.5,0.5
2,994900,5286.5,intrinsic_floor,4000,,,1286.0,1286.5,0.5
2,994900,5286.5,intrinsic_floor,4500,,,786.0,786.5,0.5
2,995200,5285.5,intrinsic_floor,4000,,,1285.0,1285.5,0.5
2,995300,5286.5,intrinsic_floor,4000,,,1285.5,1286.5,1.0
2,995300,5286.5,intrinsic_floor,4500,,,785.5,786.5,1.0
2,996300,5292.5,intrinsic_floor,4000,,,1292.0,1292.5,0.5
2,996500,5293.5,intrinsic_floor,4000,,,1293.0,1293.5,0.5
2,996600,5294.5,intrinsic_floor,4000,,,1294.0,1294.5,0.5
2,996700,5296.5,intrinsic_floor,4000,,,1296.0,1296.5,0.5
2,996700,5296.5,intrinsic_floor,4500,,,795.5,796.5,1.0
2,996900,5296.5,intrinsic_floor,4000,,,1296.0,1296.5,0.5
2,997000,5298.5,intrinsic_floor,4000,,,1297.0,1298.5,1.5
2,997000,5298.5,intrinsic_floor,4500,,,797.5,798.5,1.0
2,997100,5298.0,intrinsic_floor,4500,,,797.5,798.0,0.5
2,997300,5296.5,intrinsic_floor,4000,,,1296.0,1296.5,0.5
2,997400,5297.5,intrinsic_floor,4000,,,1297.0,1297.5,0.5
2,997600,5299.0,intrinsic_floor,4500,,,798.5,799.0,0.5
2,997700,5299.5,intrinsic_floor,4000,,,1299.0,1299.5,0.5
2,997900,5300.0,intrinsic_floor,4000,,,1299.0,1300.0,1.0
2,997900,5300.0,intrinsic_floor,4500,,,798.5,800.0,1.5
2,998400,5298.5,intrinsic_floor,4000,,,1298.0,1298.5,0.5
2,998700,5296.5,intrinsic_floor,4000,,,1296.0,1296.5,0.5
2,999100,5296.5,intrinsic_floor,4000,,,1296.0,1296.5,0.5
2,999200,5295.5,intrinsic_floor,4000,,,1295.0,1295.5,0.5
2,999400,5296.0,intrinsic_floor,4500,,,795.5,796.0,0.5
2,999700,5297.5,intrinsic_floor,4000,,,1297.0,1297.5,0.5
2,999900,5295.5,intrinsic_floor,4000,,,1295.0,1295.5,0.5
