timestamp;total;ASH_COATED_OSMIUM;INTARIAN_PEPPER_ROOT
0;-58.5;0.0;-58.5
100;-101.0;0.0;-101.0
200;-211.0;0.0;-211.0
300;-31.0;0.0;-31.0
400;-465.0;0.0;-465.0
500;-438.0;0.0;-438.0
600;-369.0;0.0;-369.0
700;-460.5;28.5;-489.0
800;-536.0;33.0;-569.0
900;-495.5;-6.5;-489.0
1000;-451.5;37.5;-489.0
1100;-235.0;54.0;-289.0
1200;-387.0;142.0;-529.0
1300;-338.5;70.5;-409.0
1400;-355.0;54.0;-409.0
1500;-344.0;65.0;-409.0
1600;-512.0;-23.0;-489.0
1700;-316.5;92.5;-409.0
1800;-344.0;65.0;-409.0
1900;-224.0;65.0;-289.0
2000;-400.5;48.5;-449.0
2100;-184.0;65.0;-249.0
2200;-384.0;65.0;-449.0
2300;-345.5;103.5;-449.0
2400;-269.5;59.5;-329.0
2500;-235.5;93.5;-329.0
2600;-305.0;104.0;-409.0
2700;-98.0;111.0;-209.0
2800;-225.0;104.0;-329.0
2900;-225.0;104.0;-329.0
3000;-192.0;97.0;-289.0
3100;-58.0;111.0;-169.0
3200;-171.0;118.0;-289.0
3300;-138.0;111.0;-249.0
3400;-138.0;111.0;-249.0
3500;-28.5;100.5;-129.0
3600;-138.0;111.0;-249.0
3700;-152.0;97.0;-249.0
3800;-25.0;104.0;-129.0
3900;-145.0;104.0;-249.0
4000;251.5;111.0;140.5
4100;-445.5;107.5;-553.0
4200;-129.5;114.5;-244.0
4300;361.0;125.0;236.0
4400;-199.0;125.0;-324.0
4500;-86.0;118.0;-204.0
4600;-75.5;128.5;-204.0
4700;90.0;174.0;-84.0
4800;-114.0;90.0;-204.0
4900;-166.0;118.0;-284.0
5000;-46.0;118.0;-164.0
5100;-166.0;118.0;-284.0
5200;-376.5;107.5;-484.0
5300;8.0;132.0;-124.0
5400;-16.5;107.5;-124.0
5500;-133.0;111.0;-244.0
5600;-69.0;55.0;-124.0
5700;-13.0;111.0;-124.0
5800;-435.5;128.5;-564.0
5900;-2.5;121.5;-124.0
6000;-74.0;90.0;-164.0
6100;102.0;146.0;-44.0
6200;102.0;146.0;-44.0
6300;99.0;143.0;-44.0
6400;99.0;143.0;-44.0
6500;66.0;110.0;-44.0
6600;19.0;143.0;-124.0
6700;539.0;143.0;396.0
6800;99.0;143.0;-44.0
6900;100.5;144.5;-44.0
7000;136.0;140.0;-4.0
7100;176.0;140.0;36.0
7200;174.5;138.5;36.0
7300;179.0;143.0;36.0
7400;259.0;143.0;116.0
7500;622.0;146.0;476.0
7600;185.0;149.0;36.0
7700;177.5;141.5;36.0
7800;192.5;156.5;36.0
7900;179.0;143.0;36.0
8000;694.5;138.5;556.0
8100;148.0;152.0;-4.0
8200;269.5;153.5;116.0
8300;265.0;149.0;116.0
8400;268.0;152.0;116.0
8500;268.0;152.0;116.0
8600;391.0;155.0;236.0
8700;268.0;152.0;116.0
8800;268.0;152.0;116.0
8900;259.0;143.0;116.0
9000;-175.0;149.0;-324.0
9100;343.5;147.5;196.0
9200;425.0;149.0;276.0
9300;345.0;149.0;196.0
9400;-93.5;150.5;-244.0
9500;222.0;146.0;76.0
9600;262.0;146.0;116.0
9700;339.0;143.0;196.0
9800;339.0;143.0;196.0
9900;779.0;143.0;636.0
10000;383.5;147.5;236.0
10100;419.0;143.0;276.0
10200;419.0;143.0;276.0
10300;496.0;140.0;356.0
10400;527.0;131.0;396.0
10500;725.5;137.0;588.5
10600;396.5;135.5;261.0
10700;407.0;146.0;261.0
10800;524.0;143.0;381.0
10900;518.0;137.0;381.0
11000;441.0;140.0;301.0
11100;481.0;140.0;341.0
11200;481.0;140.0;341.0
11300;124.0;143.0;-19.0
11400;564.0;143.0;421.0
11500;478.0;137.0;341.0
11600;473.5;132.5;341.0
11700;460.0;119.0;341.0
11800;484.0;143.0;341.0
11900;604.0;143.0;461.0
12000;528.5;147.5;381.0
12100;562.5;141.5;421.0
12200;564.0;143.0;421.0
12300;564.0;143.0;421.0
12400;435.0;134.0;301.0
12500;999.5;138.5;861.0
12600;559.5;138.5;421.0
12700;1004.0;143.0;861.0
12800;561.0;140.0;421.0
12900;505.0;164.0;341.0
13000;601.0;140.0;461.0
13100;633.5;132.5;501.0
13200;724.0;143.0;581.0
13300;641.0;140.0;501.0
13400;524.0;143.0;381.0
13500;641.0;140.0;501.0
13600;641.0;140.0;501.0
13700;641.0;140.0;501.0
13800;662.5;161.5;501.0
13900;575.0;154.0;421.0
14000;775.0;154.0;621.0
14100;725.0;144.0;581.0
14200;735.0;154.0;581.0
14300;735.0;154.0;581.0
14400;695.0;154.0;541.0
14500;815.0;114.0;701.0
14600;730.0;149.0;581.0
14700;340.0;199.0;141.0
14800;740.0;159.0;581.0
14900;867.5;166.5;701.0
15000;794.0;173.0;621.0
15100;848.0;187.0;661.0
15200;857.0;196.0;661.0
15300;430.5;209.5;221.0
15400;857.0;196.0;661.0
15500;857.0;196.0;661.0
15600;866.0;205.0;661.0
15700;866.0;205.0;661.0
15800;866.0;205.0;661.0
15900;913.5;252.5;661.0
16000;856.0;235.0;621.0
16100;986.0;245.0;741.0
16200;866.0;245.0;621.0
16300;986.0;245.0;741.0
16400;871.0;250.0;621.0
16500;986.0;245.0;741.0
16600;983.5;242.5;741.0
16700;1421.0;240.0;1181.0
16800;981.0;240.0;741.0
16900;988.5;247.5;741.0
17000;1031.0;250.0;781.0
17100;1066.0;245.0;821.0
17200;1058.5;237.5;821.0
17300;1058.5;237.5;821.0
17400;1080.0;259.0;821.0
17500;1200.0;259.0;941.0
17600;1024.0;203.0;821.0
17700;1509.5;248.5;1261.0
17800;1080.0;259.0;821.0
17900;1024.0;203.0;821.0
18000;1200.0;259.0;941.0
18100;1216.0;315.0;901.0
18200;1033.0;252.0;781.0
18300;1142.5;241.5;901.0
18400;1159.5;258.5;901.0
18500;1173.0;272.0;901.0
18600;1173.0;272.0;901.0
18700;1173.0;272.0;901.0
18800;1164.0;263.0;901.0
18900;1093.0;272.0;821.0
19000;1213.0;272.0;941.0
19100;1261.0;200.0;1061.0
19200;1253.0;272.0;981.0
19300;1253.0;272.0;981.0
19400;1324.0;263.0;1061.0
19500;1172.0;191.0;981.0
19600;1257.5;276.5;981.0
19700;1253.0;272.0;981.0
19800;1382.0;281.0;1101.0
19900;1257.5;276.5;981.0
20000;1320.0;299.0;1021.0
20100;1342.0;281.0;1061.0
20200;1342.0;281.0;1061.0
20300;1782.0;281.0;1501.0
20400;893.0;272.0;621.0
20500;1342.0;281.0;1061.0
20600;1342.0;281.0;1061.0
20700;1462.0;281.0;1181.0
20800;1262.0;281.0;981.0
20900;1342.0;281.0;1061.0
21000;1462.0;281.0;1181.0
21100;1413.0;272.0;1141.0
21200;1422.0;281.0;1141.0
21300;1844.0;263.0;1581.0
21400;1458.0;317.0;1141.0
21500;1413.0;272.0;1141.0
21600;1426.5;285.5;1141.0
21700;1605.0;344.0;1261.0
21800;1302.5;321.5;981.0
21900;1533.0;272.0;1261.0
22000;1462.0;281.0;1181.0
22100;1502.0;281.0;1221.0
22200;1502.0;281.0;1221.0
22300;1515.5;294.5;1221.0
22400;1591.0;290.0;1301.0
22500;1493.0;272.0;1221.0
22600;1133.0;272.0;861.0
22700;1533.0;272.0;1261.0
22800;2014.0;353.0;1661.0
22900;1422.0;281.0;1141.0
23000;1595.0;254.0;1341.0
23100;1561.0;380.0;1181.0
23200;1582.0;281.0;1301.0
23300;1654.0;353.0;1301.0
23400;1662.0;281.0;1381.0
23500;1582.0;281.0;1301.0
23600;1595.5;294.5;1301.0
23700;1711.0;290.0;1421.0
23800;1636.0;335.0;1301.0
23900;1151.0;290.0;861.0
24000;1012.0;311.0;701.0
24100;1772.0;311.0;1461.0
24200;1710.0;329.0;1381.0
24300;1692.0;311.0;1381.0
24400;1704.0;323.0;1381.0
24500;1704.0;323.0;1381.0
24600;1704.0;323.0;1381.0
24700;1252.0;311.0;941.0
24800;1692.0;311.0;1381.0
24900;1544.0;243.0;1301.0
25000;1896.0;315.0;1581.0
25100;1760.0;299.0;1461.0
25200;1776.0;315.0;1461.0
25300;1768.0;307.0;1461.0
25400;2232.0;331.0;1901.0
25500;1792.0;331.0;1461.0
25600;1776.0;315.0;1461.0
25700;1776.0;315.0;1461.0
25800;1696.0;315.0;1381.0
25900;1776.0;315.0;1461.0
26000;1704.0;203.0;1501.0
26100;1872.0;331.0;1541.0
26200;1752.0;331.0;1421.0
26300;1872.0;331.0;1541.0
26400;1872.0;331.0;1541.0
26500;1872.0;331.0;1541.0
26600;1872.0;331.0;1541.0
26700;1888.0;347.0;1541.0
26800;1992.0;331.0;1661.0
26900;1920.0;459.0;1461.0
27000;1992.0;331.0;1661.0
27100;1856.0;155.0;1701.0
27200;1504.0;323.0;1181.0
27300;1512.0;331.0;1181.0
27400;2048.0;347.0;1701.0
27500;1832.0;331.0;1501.0
27600;1952.0;331.0;1621.0
27700;1952.0;331.0;1621.0
27800;1968.0;347.0;1621.0
27900;1968.0;347.0;1621.0
28000;1992.0;331.0;1661.0
28100;2256.0;475.0;1781.0
28200;2040.0;459.0;1581.0
28300;2048.0;347.0;1701.0
28400;1560.0;299.0;1261.0
28500;2024.0;323.0;1701.0
28600;1920.0;219.0;1701.0
28700;2012.5;311.5;1701.0
28800;2010.0;389.0;1621.0
28900;2530.0;389.0;2141.0
29000;2386.0;565.0;1821.0
29100;2181.0;400.0;1781.0
29200;2170.0;389.0;1781.0
29300;2061.0;400.0;1661.0
29400;2170.0;389.0;1781.0
29500;2346.0;565.0;1781.0
29600;2170.0;389.0;1781.0
29700;2346.0;565.0;1781.0
29800;2214.0;433.0;1781.0
29900;2148.0;367.0;1781.0
30000;2210.0;389.0;1821.0
30100;2330.0;389.0;1941.0
30200;2668.0;367.0;2301.0
30300;2250.0;389.0;1861.0
30400;2130.0;389.0;1741.0
30500;2370.0;389.0;1981.0
30600;2250.0;389.0;1861.0
30700;2169.0;388.0;1781.0
30800;2394.0;413.0;1981.0
30900;2714.0;413.0;2301.0
31000;2039.0;138.0;1901.0
31100;1714.0;213.0;1501.0
31200;1889.0;388.0;1501.0
31300;2794.0;413.0;2381.0
31400;2354.0;413.0;1941.0
31500;2329.0;388.0;1941.0
31600;2304.0;363.0;1941.0
31700;2354.0;413.0;1941.0
31800;2354.0;413.0;1941.0
31900;2329.0;388.0;1941.0
32000;2394.0;413.0;1981.0
32100;2279.0;258.0;2021.0
32200;2419.0;398.0;2021.0
32300;2499.0;398.0;2101.0
32400;2666.5;205.5;2461.0
32500;2429.0;408.0;2021.0
32600;2361.5;340.5;2021.0
32700;2744.0;723.0;2021.0
32800;2384.0;363.0;2021.0
32900;2526.5;385.5;2141.0
33000;2452.0;391.0;2061.0
33100;2467.5;366.5;2101.0
33200;2492.0;391.0;2101.0
33300;2225.0;244.0;1981.0
33400;2345.0;244.0;2101.0
33500;2565.5;464.5;2101.0
33600;2541.0;440.0;2101.0
33700;2381.0;440.0;1941.0
33800;492737.0;490636.0;2101.0
33900;1892.0;391.0;1501.0
34000;2581.0;440.0;2141.0
34100;2181.0;440.0;1741.0
34200;2670.0;489.0;2181.0
34300;3061.0;440.0;2621.0
34400;2701.0;440.0;2261.0
34500;2427.5;366.5;2061.0
34600;2692.0;391.0;2301.0
34700;2467.5;366.5;2101.0
34800;2670.0;489.0;2181.0
34900;2516.5;415.5;2101.0
35000;2612.0;391.0;2221.0
35100;2292.0;391.0;1901.0
35200;2292.0;391.0;1901.0
35300;2612.0;391.0;2221.0
35400;2652.0;391.0;2261.0
35500;3071.0;930.0;2141.0
35600;3263.5;562.5;2701.0
35700;2772.0;391.0;2381.0
35800;2645.5;464.5;2181.0
35900;2772.0;391.0;2381.0
36000;2436.5;135.5;2301.0
36100;2742.0;401.0;2341.0
36200;2653.5;312.5;2341.0
36300;2742.0;401.0;2341.0
36400;2830.5;489.5;2341.0
36500;2830.5;489.5;2341.0
36600;2707.0;366.0;2341.0
36700;2774.0;513.0;2261.0
36800;2915.0;574.0;2341.0
36900;2854.0;513.0;2341.0
37000;2894.0;513.0;2381.0
37100;2875.0;574.0;2301.0
37200;2814.0;513.0;2301.0
37300;2934.0;513.0;2421.0
37400;2720.5;299.5;2421.0
37500;2873.0;452.0;2421.0
37600;2873.0;452.0;2421.0
37700;3313.0;452.0;2861.0
37800;2812.0;391.0;2421.0
37900;3614.0;879.0;2735.0
38000;2829.5;360.5;2469.0
38100;2817.0;452.0;2365.0
38200;2449.0;-36.0;2485.0
38300;3061.0;696.0;2365.0
38400;2878.0;513.0;2365.0
38500;2998.0;513.0;2485.0
38600;3606.0;1001.0;2605.0
38700;2876.0;391.0;2485.0
38800;2876.0;391.0;2485.0
38900;2967.5;482.5;2485.0
39000;3038.0;513.0;2525.0
39100;3078.0;513.0;2565.0
39200;2150.0;25.0;2125.0
39300;2710.0;25.0;2685.0
39400;3078.0;513.0;2565.0
39500;3017.0;452.0;2565.0
39600;2864.5;299.5;2565.0
39700;3017.0;452.0;2565.0
39800;3198.0;513.0;2685.0
39900;3328.0;452.0;2876.0
40000;3143.0;452.0;2691.0
40100;2699.0;452.0;2247.0
40200;3045.0;391.0;2654.0
40300;2997.0;269.0;2728.0
40400;3513.0;452.0;3061.0
40500;3113.0;459.0;2654.0
40600;3053.0;399.0;2654.0
40700;3173.0;519.0;2654.0
40800;3173.0;519.0;2654.0
40900;3143.0;489.0;2654.0
41000;3465.0;774.0;2691.0
41100;3652.0;369.0;3283.0
41200;3376.0;801.0;2575.0
41300;3226.0;531.0;2695.0
41400;3666.0;531.0;3135.0
41500;3226.0;531.0;2695.0
41600;3226.0;531.0;2695.0
41700;3146.0;531.0;2615.0
41800;3334.0;639.0;2695.0
41900;3220.0;525.0;2695.0
42000;3431.0;696.0;2735.0
42100;3483.5;268.5;3215.0
42200;2667.0;12.0;2655.0
42300;3323.0;468.0;2855.0
42400;3380.0;525.0;2855.0
42500;3648.0;753.0;2895.0
42600;3420.0;525.0;2895.0
42700;3357.0;582.0;2775.0
42800;3357.0;582.0;2775.0
42900;3357.0;582.0;2775.0
43000;3397.0;582.0;2815.0
43100;3437.0;582.0;2855.0
43200;2981.0;126.0;2855.0
43300;3437.0;582.0;2855.0
43400;3437.0;582.0;2855.0
43500;3557.0;582.0;2975.0
43600;3747.0;892.0;2855.0
43700;3453.0;598.0;2855.0
43800;493600.0;490745.0;2855.0
43900;2914.0;59.0;2855.0
44000;3983.0;1088.0;2895.0
44100;3564.0;549.0;3015.0
44200;3468.0;533.0;2935.0
44300;3448.0;633.0;2815.0
44400;3548.0;533.0;3015.0
44500;3543.0;608.0;2935.0
44600;3463.0;608.0;2855.0
44700;3103.0;608.0;2495.0
44800;3568.0;633.0;2935.0
44900;3063.0;208.0;2855.0
45000;3758.0;783.0;2975.0
45100;3937.0;608.0;3329.0
45200;3633.0;608.0;3025.0
45300;3491.0;608.0;2883.0
45400;3611.0;608.0;3003.0
45500;3536.0;533.0;3003.0
45600;3545.0;622.0;2923.0
45700;3625.0;622.0;3003.0
45800;3703.0;700.0;3003.0
45900;3441.0;518.0;2923.0
46000;3455.0;492.0;2963.0
46100;3322.0;239.0;3083.0
46200;3161.0;518.0;2643.0
46300;3663.0;580.0;3083.0
46400;3915.0;518.0;3397.0
46500;3611.0;518.0;3093.0
46600;3611.0;518.0;3093.0
46700;4339.0;828.0;3511.0
46800;3673.0;580.0;3093.0
46900;3673.0;580.0;3093.0
47000;3711.0;580.0;3131.0
47100;3749.0;580.0;3169.0
47200;4245.0;1076.0;3169.0
47300;3635.0;580.0;3055.0
47400;3635.0;580.0;3055.0
47500;3863.0;580.0;3283.0
47600;3611.0;518.0;3093.0
47700;3832.0;549.0;3283.0
47800;3625.0;456.0;3169.0
47900;3625.0;456.0;3169.0
48000;3698.0;491.0;3207.0
48100;3803.0;558.0;3245.0
48200;3200.0;-45.0;3245.0
48300;3803.0;558.0;3245.0
48400;3803.0;558.0;3245.0
48500;3736.0;491.0;3245.0
48600;3736.0;491.0;3245.0
48700;3736.0;491.0;3245.0
48800;3217.5;390.5;2827.0
48900;3593.0;424.0;3169.0
49000;3774.0;491.0;3283.0
49100;3778.5;457.5;3321.0
49200;3698.0;491.0;3207.0
49300;3765.0;558.0;3207.0
49400;3879.0;558.0;3321.0
49500;4046.5;725.5;3321.0
49600;3736.0;491.0;3245.0
49700;3711.5;390.5;3321.0
49800;3635.5;390.5;3245.0
49900;3209.0;-112.0;3321.0
50000;3050.0;147.0;2903.0
50100;3336.0;357.0;2979.0
50200;3929.0;532.0;3397.0
50300;3824.0;427.0;3397.0
50400;3824.0;427.0;3397.0
50500;3509.0;112.0;3397.0
50600;3824.0;427.0;3397.0
50700;3938.0;427.0;3511.0
50800;3838.0;441.0;3397.0
50900;3802.0;405.0;3397.0
51000;3876.0;441.0;3435.0
51100;3172.0;117.0;3055.0
51200;3842.0;369.0;3473.0
51300;3914.0;441.0;3473.0
51400;3688.0;329.0;3359.0
51500;3878.0;405.0;3473.0
51600;3916.0;443.0;3473.0
51700;3308.0;-203.0;3511.0
51800;3916.0;519.0;3397.0
51900;3916.0;443.0;3473.0
52000;3916.0;405.0;3511.0
52100;4030.0;481.0;3549.0
52200;3954.0;405.0;3549.0
52300;4334.0;367.0;3967.0
52400;4030.0;481.0;3549.0
52500;4182.0;519.0;3663.0
52600;3954.0;481.0;3473.0
52700;3878.0;405.0;3473.0
52800;4144.0;595.0;3549.0
52900;3292.0;89.0;3203.0
53000;3772.0;489.0;3283.0
53100;3972.0;369.0;3603.0
53200;3492.0;-151.0;3643.0
53300;4212.0;609.0;3603.0
53400;4012.0;489.0;3523.0
53500;4252.0;609.0;3643.0
53600;4012.0;369.0;3643.0
53700;3492.0;-151.0;3643.0
53800;4092.0;449.0;3643.0
53900;4167.0;524.0;3643.0
54000;4207.0;524.0;3683.0
54100;4132.0;449.0;3683.0
54200;3807.0;524.0;3283.0
54300;4247.0;524.0;3723.0
54400;4397.0;674.0;3723.0
54500;4247.0;524.0;3723.0
54600;3722.0;599.0;3123.0
54700;4367.0;524.0;3843.0
54800;4172.0;449.0;3723.0
54900;4397.0;674.0;3723.0
55000;4362.0;599.0;3763.0
55100;4407.0;524.0;3883.0
55200;3989.5;186.5;3803.0
55300;3967.0;524.0;3443.0
55400;4327.0;524.0;3803.0
55500;3962.0;599.0;3363.0
55600;4402.0;599.0;3803.0
55700;754852.0;751049.0;3803.0
55800;5227.0;1424.0;3803.0
55900;4576.0;773.0;3803.0
56000;4538.0;695.0;3843.0
56100;4578.0;695.0;3883.0
56200;4522.0;1319.0;3203.0
56300;4617.0;734.0;3883.0
56400;4578.0;695.0;3883.0
56500;4383.0;500.0;3883.0
56600;4498.0;695.0;3803.0
56700;4060.0;617.0;3443.0
56800;4578.0;695.0;3883.0
56900;4461.0;578.0;3883.0
57000;4540.0;617.0;3923.0
57100;4658.0;695.0;3963.0
57200;5005.0;734.0;4271.0
57300;4600.0;617.0;3983.0
57400;4436.0;617.0;3819.0
57500;4478.0;539.0;3939.0
57600;4497.0;638.0;3859.0
57700;4697.0;638.0;4059.0
57800;4572.0;713.0;3859.0
57900;4692.0;713.0;3979.0
58000;4692.0;713.0;3979.0
58100;4807.0;788.0;4019.0
58200;5332.0;1313.0;4019.0
58300;5434.5;975.5;4459.0
58400;4292.0;713.0;3579.0
58500;5107.0;1088.0;4019.0
58600;4694.5;675.5;4019.0
58700;4132.0;113.0;4019.0
58800;4732.0;713.0;4019.0
58900;3907.0;-112.0;4019.0
59000;4697.0;638.0;4059.0
59100;4057.0;638.0;3419.0
59200;5012.0;713.0;4299.0
59300;4812.0;713.0;4099.0
59400;4924.5;825.5;4099.0
59500;4692.0;713.0;3979.0
59600;4887.0;788.0;4099.0
59700;5007.0;788.0;4219.0
59800;4999.5;900.5;4099.0
59900;4887.0;788.0;4099.0
60000;4997.0;938.0;4059.0
60100;5002.0;863.0;4139.0
60200;4602.0;863.0;3739.0
60300;4852.0;713.0;4139.0
60400;4967.0;788.0;4179.0
60500;5042.0;863.0;4179.0
60600;5042.0;863.0;4179.0
60700;5042.0;863.0;4179.0
60800;5042.0;863.0;4179.0
60900;5117.0;938.0;4179.0
61000;5682.0;1463.0;4219.0
61100;4969.5;750.5;4219.0
61200;5562.0;863.0;4699.0
61300;5197.0;938.0;4259.0
61400;5202.0;863.0;4339.0
61500;6162.0;1463.0;4699.0
61600;5122.0;863.0;4259.0
61700;4909.5;338.0;4571.5
61800;5209.5;938.0;4271.5
61900;5102.0;938.0;4164.0
62000;5334.5;1050.5;4284.0
62100;4512.0;188.0;4324.0
62200;5337.0;1013.0;4324.0
62300;5337.0;1013.0;4324.0
62400;5192.0;788.0;4404.0
62500;5262.0;938.0;4324.0
62600;4632.0;188.0;4444.0
62700;5777.0;1333.0;4444.0
62800;5203.0;959.0;4244.0
62900;5215.0;891.0;4324.0
63000;5459.0;1095.0;4364.0
63100;5787.0;1503.0;4284.0
63200;5635.0;1231.0;4404.0
63300;5987.0;1503.0;4484.0
63400;5295.0;891.0;4404.0
63500;5823.0;1299.0;4524.0
63600;5261.0;857.0;4404.0
63700;4819.0;415.0;4404.0
63800;5181.0;857.0;4324.0
63900;5363.0;959.0;4404.0
64000;5391.0;1027.0;4364.0
64100;5511.0;1027.0;4484.0
64200;5675.0;1231.0;4444.0
64300;5151.0;1027.0;4124.0
64400;5511.0;1027.0;4484.0
64500;5443.0;959.0;4484.0
64600;5511.0;1027.0;4484.0
64700;5511.0;1027.0;4484.0
64800;5631.0;1027.0;4604.0
64900;5579.0;1095.0;4484.0
65000;5619.0;1095.0;4524.0
65100;5489.0;925.0;4564.0
65200;5807.0;1163.0;4644.0
65300;5909.0;1265.0;4644.0
65400;5875.0;1231.0;4644.0
65500;5795.0;1231.0;4564.0
65600;5715.0;1231.0;4484.0
65700;5659.0;1095.0;4564.0
65800;5915.0;1231.0;4684.0
65900;5795.0;1231.0;4564.0
66000;5755.0;1231.0;4524.0
66100;5773.0;1129.0;4644.0
66200;5989.0;1265.0;4724.0
66300;5875.0;1231.0;4644.0
66400;5875.0;1231.0;4644.0
66500;5995.0;1231.0;4764.0
66600;5875.0;1231.0;4644.0
66700;5275.0;1231.0;4044.0
66800;6095.0;1451.0;4644.0
66900;5991.0;1227.0;4764.0
67000;5991.0;1387.0;4604.0
67100;6015.0;1291.0;4724.0
67200;6015.0;1291.0;4724.0
67300;6003.0;1319.0;4684.0
67400;5683.0;1319.0;4364.0
67500;6103.0;1379.0;4724.0
67600;6073.0;1349.0;4724.0
67700;6191.0;1547.0;4644.0
67800;6039.0;1315.0;4724.0
67900;6039.0;1315.0;4724.0
68000;6079.0;1315.0;4764.0
68100;6119.0;1315.0;4804.0
68200;6199.0;1315.0;4884.0
68300;6177.0;1373.0;4804.0
68400;6177.0;1373.0;4804.0
68500;6119.0;1315.0;4804.0
68600;6090.0;1286.0;4804.0
68700;5679.0;1315.0;4364.0
68800;6177.0;1373.0;4804.0
68900;6326.0;1402.0;4924.0
69000;6217.0;1373.0;4844.0
69100;6257.0;1373.0;4884.0
69200;6228.0;1344.0;4884.0
69300;6344.0;1460.0;4884.0
69400;6329.0;1445.0;4884.0
69500;6449.0;1445.0;5004.0
69600;6385.0;1501.0;4884.0
69700;6329.0;1445.0;4884.0
69800;6393.0;1389.0;5004.0
69900;6193.0;1389.0;4804.0
70000;6229.0;1305.0;4924.0
70100;5857.0;1333.0;4524.0
70200;6321.0;1277.0;5044.0
70300;6297.0;1333.0;4964.0
70400;6353.0;1389.0;4964.0
70500;6297.0;1333.0;4964.0
70600;6297.0;1333.0;4964.0
70700;6297.0;1333.0;4964.0
70800;5969.0;885.0;5084.0
70900;6297.0;1333.0;4964.0
71000;6417.0;1333.0;5084.0
71100;6457.0;1333.0;5124.0
71200;6293.0;1249.0;5044.0
71300;6265.0;1221.0;5044.0
71400;6485.0;1361.0;5124.0
71500;6761.0;1277.0;5484.0
71600;6572.0;1109.0;5463.0
71700;6366.5;1305.0;5061.5
71800;6300.0;1357.0;4943.0
71900;6328.0;1305.0;5023.0
72000;6368.0;1305.0;5063.0
72100;6356.0;1253.0;5103.0
72200;6408.0;1305.0;5103.0
72300;6460.0;1357.0;5103.0
72400;6330.0;1227.0;5103.0
72500;6356.0;1253.0;5103.0
72600;6356.0;1253.0;5103.0
72700;6122.0;1019.0;5103.0
72800;6459.0;1436.0;5023.0
72900;6866.0;1323.0;5543.0
73000;6429.0;1366.0;5063.0
73100;6162.0;979.0;5183.0
73200;6398.5;1215.5;5183.0
73300;6903.0;1280.0;5623.0
73400;6420.0;1237.0;5183.0
73500;6321.5;1258.5;5063.0
73600;6426.0;1323.0;5103.0
73700;6426.0;1323.0;5103.0
73800;6506.0;1323.0;5183.0
73900;6411.0;1308.0;5103.0
74000;6492.0;1269.0;5223.0
74100;7050.0;1347.0;5703.0
74200;6532.0;1269.0;5263.0
74300;6189.5;1366.5;4823.0
74400;6571.0;1308.0;5263.0
74500;6599.0;1336.0;5263.0
74600;6771.0;1508.0;5263.0
74700;6599.0;1336.0;5263.0
74800;6599.0;1336.0;5263.0
74900;6642.0;1379.0;5263.0
75000;6654.5;1271.5;5383.0
75100;6454.5;1271.5;5183.0
75200;6657.5;1314.5;5343.0
75300;6688.0;1465.0;5223.0
75400;7109.0;1766.0;5343.0
75500;6636.0;1293.0;5343.0
75600;6786.5;1443.5;5343.0
75700;6799.0;1336.0;5463.0
75800;6679.0;1336.0;5343.0
75900;6679.0;1336.0;5343.0
76000;6248.0;945.0;5303.0
76100;6744.0;1321.0;5423.0
76200;6744.0;1321.0;5423.0
76300;6767.5;1344.5;5423.0
76400;6744.0;1321.0;5423.0
76500;6767.5;1344.5;5423.0
76600;6558.0;1015.0;5543.0
76700;6713.0;1290.0;5423.0
76800;6273.0;850.0;5423.0
76900;6768.0;1345.0;5423.0
77000;6698.0;1235.0;5463.0
77100;7178.0;1675.0;5503.0
77200;6793.0;1290.0;5503.0
77300;6353.0;850.0;5503.0
77400;6848.0;1345.0;5503.0
77500;6459.0;956.0;5503.0
77600;6435.0;1372.0;5063.0
77700;6488.0;865.0;5623.0
77800;6406.5;903.5;5503.0
77900;6322.0;1259.0;5063.0
78000;6203.5;1140.5;5063.0
78100;6843.0;1180.0;5663.0
78200;6842.0;1259.0;5583.0
78300;6842.0;1259.0;5583.0
78400;6922.0;1259.0;5663.0
78500;7237.0;1654.0;5583.0
78600;6921.0;1338.0;5583.0
78700;6842.0;1259.0;5583.0
78800;7594.0;1891.0;5703.0
78900;6962.0;1259.0;5703.0
79000;6882.0;1259.0;5623.0
79100;6882.0;1259.0;5623.0
79200;6922.0;1259.0;5663.0
79300;6489.0;706.0;5783.0
79400;7040.0;1417.0;5623.0
79500;7200.0;1417.0;5783.0
79600;7087.0;1424.0;5663.0
79700;7087.0;1424.0;5663.0
79800;6967.0;1384.0;5583.0
79900;6727.0;1064.0;5663.0
80000;7127.0;1424.0;5703.0
80100;7167.0;1424.0;5743.0
80200;7167.0;1424.0;5743.0
80300;7247.0;1504.0;5743.0
80400;7247.0;1504.0;5743.0
80500;7167.0;1424.0;5743.0
80600;7287.0;1424.0;5863.0
80700;7167.0;1424.0;5743.0
80800;7127.0;1384.0;5743.0
80900;7367.0;1504.0;5863.0
81000;7167.0;1384.0;5783.0
81100;7367.0;1544.0;5823.0
81200;7348.0;1525.0;5823.0
81300;7428.0;1525.0;5903.0
81400;7271.0;1448.0;5823.0
81500;7232.5;1409.5;5823.0
81600;7348.0;1525.0;5823.0
81700;7391.0;1448.0;5943.0
81800;6852.0;909.0;5943.0
81900;7232.5;1409.5;5823.0
82000;7868.0;1525.0;6343.0
82100;7543.5;1640.5;5903.0
82200;7508.0;1525.0;5983.0
82300;7269.5;1486.5;5783.0
82400;8124.0;2141.0;5983.0
82500;7945.0;1602.0;6343.0
82600;7543.5;1640.5;5903.0
82700;7183.5;1640.5;5543.0
82800;7351.0;1448.0;5903.0
82900;8121.0;2218.0;5903.0
83000;7388.0;1525.0;5863.0
83100;7431.0;1448.0;5983.0
83200;6852.0;909.0;5943.0
83300;7508.0;1525.0;5983.0
83400;7431.0;1448.0;5983.0
83500;7311.0;1448.0;5863.0
83600;7508.0;1525.0;5983.0
83700;7508.0;1525.0;5983.0
83800;7628.0;1525.0;6103.0
83900;7508.0;1525.0;5983.0
84000;8164.0;2141.0;6023.0
84100;7588.0;1525.0;6063.0
84200;7588.0;1525.0;6063.0
84300;7588.0;1525.0;6063.0
84400;7129.0;986.0;6143.0
84500;7785.0;1602.0;6183.0
84600;7232.0;1609.0;5623.0
84700;7906.0;1723.0;6183.0
84800;7672.0;1609.0;6063.0
84900;7592.0;1609.0;5983.0
85000;7712.0;1609.0;6103.0
85100;7676.0;1533.0;6143.0
85200;7866.0;1723.0;6143.0
85300;7712.0;1609.0;6103.0
85400;7752.0;1609.0;6143.0
85500;7524.0;1381.0;6143.0
85600;7676.0;1533.0;6143.0
85700;7676.0;1533.0;6143.0
85800;7676.0;1533.0;6143.0
85900;8284.0;2141.0;6143.0
86000;7640.0;1457.0;6183.0
86100;7777.0;1554.0;6223.0
86200;7675.5;1452.5;6223.0
86300;7791.0;1568.0;6223.0
86400;7794.0;1491.0;6303.0
86500;8278.0;1935.0;6343.0
86600;7443.0;1580.0;5863.0
86700;7803.0;1580.0;6223.0
86800;7723.0;1580.0;6143.0
86900;7461.5;1118.5;6343.0
87000;7843.0;1580.0;6263.0
87100;7883.0;1580.0;6303.0
87200;7883.0;1580.0;6303.0
87300;8252.0;1509.0;6743.0
87400;7883.0;1580.0;6303.0
87500;7869.5;1686.5;6183.0
87600;8527.5;1544.5;6983.0
87700;7585.0;1722.0;5863.0
87800;7781.0;1438.0;6343.0
87900;8563.0;1580.0;6983.0
88000;8411.0;2148.0;6263.0
88100;7963.0;1580.0;6383.0
88200;8034.0;1651.0;6383.0
88300;8634.0;1651.0;6983.0
88400;7927.5;1544.5;6383.0
88500;8034.0;1651.0;6383.0
88600;7954.0;1651.0;6303.0
88700;8545.0;1722.0;6823.0
88800;8176.0;1793.0;6383.0
88900;8176.0;1793.0;6383.0
89000;8571.5;1793.0;6778.5
89100;8334.5;1864.0;6470.5
89200;8841.0;1793.0;7048.0
89300;8263.5;1793.0;6470.5
89400;8405.5;1935.0;6470.5
89500;8494.5;1793.0;6701.5
89600;8263.5;1793.0;6470.5
89700;8263.5;1793.0;6470.5
89800;8370.0;1899.5;6470.5
89900;8247.0;1793.0;6454.0
90000;8393.5;1899.5;6494.0
90100;8327.0;1793.0;6534.0
90200;8398.0;1864.0;6534.0
90300;8398.0;1864.0;6534.0
90400;8398.0;1864.0;6534.0
90500;8136.0;1722.0;6414.0
90600;8398.0;1864.0;6534.0
90700;8327.0;1793.0;6534.0
90800;7967.0;1793.0;6174.0
90900;7679.0;1225.0;6454.0
91000;9113.5;1899.5;7214.0
91100;8407.0;1793.0;6614.0
91200;8407.0;1793.0;6614.0
91300;8322.5;1828.5;6494.0
91400;8442.5;1828.5;6614.0
91500;8549.0;1935.0;6614.0
91600;8469.0;1935.0;6534.0
91700;8437.0;2263.0;6174.0
91800;8567.0;1953.0;6614.0
91900;9165.0;2511.0;6654.0
92000;8447.0;1953.0;6494.0
92100;8647.0;1953.0;6694.0
92200;8194.0;1860.0;6334.0
92300;8607.0;1953.0;6654.0
92400;8554.0;1860.0;6694.0
92500;8585.0;1891.0;6694.0
92600;8647.0;1953.0;6694.0
92700;8585.0;1891.0;6694.0
92800;8585.0;1891.0;6694.0
92900;8492.0;1798.0;6694.0
93000;8656.0;1922.0;6734.0
93100;8665.0;1891.0;6774.0
93200;8324.0;1550.0;6774.0
93300;9037.0;2263.0;6774.0
93400;8045.0;1271.0;6774.0
93500;8421.0;1767.0;6654.0
93600;8603.0;1829.0;6774.0
93700;8541.0;1767.0;6774.0
93800;8541.0;1767.0;6774.0
93900;8603.0;1829.0;6774.0
94000;8191.0;1857.0;6334.0
94100;8591.0;1857.0;6734.0
94200;8612.0;1758.0;6854.0
94300;8711.0;1857.0;6854.0
94400;8725.0;1871.0;6854.0
94500;8793.0;1939.0;6854.0
94600;9393.0;2619.0;6774.0
94700;9269.0;2415.0;6854.0
94800;8845.0;1871.0;6974.0
94900;8725.0;1871.0;6854.0
95000;8845.0;1871.0;6974.0
95100;8873.0;1939.0;6934.0
95200;9161.0;2347.0;6814.0
95300;9417.0;2483.0;6934.0
95400;8057.0;1803.0;6254.0
95500;8245.0;1191.0;7054.0
95600;8931.0;1997.0;6934.0
95700;8799.0;1865.0;6934.0
95800;8733.0;1799.0;6934.0
95900;8826.0;1972.0;6854.0
96000;8069.5;1575.5;6494.0
96100;9182.0;1728.0;7454.0
96200;8742.0;1728.0;7014.0
96300;8650.0;1756.0;6894.0
96400;8835.0;1821.0;7014.0
96500;8835.0;1821.0;7014.0
96600;9020.0;1886.0;7134.0
96700;8835.0;1821.0;7014.0
96800;8235.0;1821.0;6414.0
96900;8900.0;1886.0;7014.0
97000;8502.5;1528.5;6974.0
97100;8395.0;1301.0;7094.0
97200;9340.0;2166.0;7174.0
97300;8930.0;1836.0;7094.0
97400;8930.0;1836.0;7094.0
97500;8930.0;1836.0;7094.0
97600;9272.0;2058.0;7214.0
97700;8838.5;1744.5;7094.0
97800;9518.5;1744.5;7774.0
97900;8844.5;1630.5;7214.0
98000;8884.0;1830.0;7054.0
98100;8941.0;1887.0;7054.0
98200;8961.0;1787.0;7174.0
98300;-798919.0;1787.0;-800706.0
98400;8961.0;1787.0;7174.0
98500;9071.0;1897.0;7174.0
98600;9331.5;1842.0;7489.5
98700;9007.0;1842.0;7165.0
98800;9102.0;1897.0;7205.0
98900;9007.0;1842.0;7165.0
99000;9047.0;1842.0;7205.0
99100;9022.0;1897.0;7125.0
99200;8782.0;1457.0;7325.0
99300;9142.0;1897.0;7245.0
99400;9224.5;1979.5;7245.0
99500;9022.0;1897.0;7125.0
99600;9142.0;1897.0;7245.0
99700;9224.5;1979.5;7245.0
99800;9197.0;1952.0;7245.0
99900;9197.0;1952.0;7245.0
100000;9237.0;1952.0;7285.0
100100;9112.0;1787.0;7325.0
100200;9277.0;1952.0;7325.0
100300;9332.0;2007.0;7325.0
100400;9475.0;2270.0;7205.0
100500;8874.5;1989.5;6885.0
100600;9652.5;1887.5;7765.0
100700;9340.0;2015.0;7325.0
100800;9460.0;2015.0;7445.0
100900;9340.0;2015.0;7325.0
101000;9380.0;2015.0;7365.0
101100;9420.0;2015.0;7405.0
101200;9220.0;2015.0;7205.0
101300;9369.0;1964.0;7405.0
101400;9190.5;1785.5;7405.0
101500;9471.0;2066.0;7405.0
101600;9522.0;2117.0;7405.0
101700;9485.0;2080.0;7405.0
101800;9432.0;2027.0;7405.0
101900;9856.0;2451.0;7405.0
102000;9445.5;2000.5;7445.0
102100;9512.0;2027.0;7485.0
102200;9300.0;1815.0;7485.0
102300;9989.0;2504.0;7485.0
102400;9740.5;1947.5;7793.0
102500;9421.0;2080.0;7341.0
102600;9541.0;2080.0;7461.0
102700;9302.5;1841.5;7461.0
102800;9594.0;2133.0;7461.0
102900;9714.0;2133.0;7581.0
103000;9661.0;2080.0;7581.0
103100;9144.0;1603.0;7541.0
103200;9488.5;1947.5;7541.0
103300;9806.0;2265.0;7541.0
103400;9762.5;2141.5;7621.0
103500;9498.0;1957.0;7541.0
103600;9498.0;1957.0;7541.0
103700;9313.5;1772.5;7541.0
103800;9498.0;1957.0;7541.0
103900;9512.0;1971.0;7541.0
104000;9896.0;2315.0;7581.0
104100;9592.0;1971.0;7621.0
104200;9592.0;1971.0;7621.0
104300;9592.0;1971.0;7621.0
104400;9328.0;1627.0;7701.0
104500;9549.0;1928.0;7621.0
104600;9549.0;1928.0;7621.0
104700;9549.0;1928.0;7621.0
104800;9549.0;1928.0;7621.0
104900;9549.0;1928.0;7621.0
105000;9245.0;1584.0;7661.0
105100;9614.0;1913.0;7701.0
105200;9708.0;2007.0;7701.0
105300;9544.0;1843.0;7701.0
105400;9708.0;2007.0;7701.0
105500;9995.0;2294.0;7701.0
105600;9667.0;1966.0;7701.0
105700;9667.0;1966.0;7701.0
105800;9361.5;1740.5;7621.0
105900;9667.0;1966.0;7701.0
106000;9662.5;1921.5;7741.0
106100;9780.5;1999.5;7781.0
106200;9418.5;2077.5;7341.0
106300;9342.5;1921.5;7421.0
106400;9722.0;1941.0;7781.0
106500;9722.0;1941.0;7781.0
106600;9761.0;1980.0;7781.0
106700;9642.0;1941.0;7701.0
106800;9603.0;1902.0;7701.0
106900;9921.5;2140.5;7781.0
107000;9516.0;1695.0;7821.0
107100;10293.0;1992.0;8301.0
107200;9380.0;1959.0;7421.0
107300;9476.5;1975.5;7501.0
107400;9820.0;1959.0;7861.0
107500;9787.0;1926.0;7861.0
107600;9770.5;1909.5;7861.0
107700;9754.0;1893.0;7861.0
107800;9676.0;1695.0;7981.0
107900;9728.0;1947.0;7781.0
108000;9863.0;1962.0;7901.0
108100;9933.0;1992.0;7941.0
108200;9946.5;1992.0;7954.5
108300;9901.5;1947.0;7954.5
108400;9946.5;1992.0;7954.5
108500;9885.0;1947.0;7938.0
108600;9885.0;1947.0;7938.0
108700;10065.0;2007.0;8058.0
108800;10021.0;2083.0;7938.0
108900;9544.0;1966.0;7578.0
109000;10191.0;2213.0;7978.0
109100;10437.0;1979.0;8458.0
109200;10077.0;1979.0;8098.0
109300;10077.0;1979.0;8098.0
109400;9997.0;1979.0;8018.0
109500;9877.0;1979.0;7898.0
109600;9958.0;1940.0;8018.0
109700;-798555.0;2187.0;-800742.0
109800;9711.0;1693.0;8018.0
109900;9971.0;1953.0;8018.0
110000;10011.0;1953.0;8058.0
110100;10064.0;1966.0;8098.0
110200;10051.0;1953.0;8098.0
110300;10051.0;1953.0;8098.0
110400;10210.0;1992.0;8218.0
110500;10283.0;1745.0;8538.0
110600;10197.0;1979.0;8218.0
110700;10051.0;1953.0;8098.0
110800;9989.0;1771.0;8218.0
110900;10051.0;1953.0;8098.0
111000;10117.0;1979.0;8138.0
111100;10131.0;1953.0;8178.0
111200;10157.0;1979.0;8178.0
111300;10757.0;1979.0;8778.0
111400;10157.0;1979.0;8178.0
111500;10079.0;1901.0;8178.0
111600;10277.0;1979.0;8298.0
111700;10183.0;2005.0;8178.0
111800;10635.5;2017.5;8618.0
111900;10161.0;1983.0;8178.0
112000;10143.5;1925.5;8218.0
112100;9965.0;1707.0;8258.0
112200;10218.0;1960.0;8258.0
112300;10252.0;1914.0;8338.0
112400;10075.0;1937.0;8138.0
112500;10295.0;2037.0;8258.0
112600;10205.0;1947.0;8258.0
112700;10107.0;1929.0;8178.0
112800;10187.0;1929.0;8258.0
112900;10262.0;1884.0;8378.0
113000;9767.0;2109.0;7658.0
113100;10267.0;1929.0;8338.0
113200;10707.0;1929.0;8778.0
113300;10265.0;1927.0;8338.0
113400;10345.0;2007.0;8338.0
113500;10191.0;1973.0;8218.0
113600;10311.0;1973.0;8338.0
113700;10311.0;1973.0;8338.0
113800;10751.0;1973.0;8778.0
113900;10495.0;2117.0;8378.0
114000;10350.0;1892.0;8458.0
114100;10408.0;1990.0;8418.0
114200;10408.0;1990.0;8418.0
114300;9968.0;1990.0;7978.0
114400;10431.0;2013.0;8418.0
114500;10417.0;1990.0;8427.0
114600;10545.5;2001.5;8544.0
114700;10349.0;2013.0;8336.0
114800;9989.0;2013.0;7976.0
114900;10452.0;2036.0;8416.0
115000;10457.5;2001.5;8456.0
115100;10325.0;1829.0;8496.0
115200;10596.0;2220.0;8376.0
115300;10532.0;2036.0;8496.0
115400;10589.0;2013.0;8576.0
115500;10583.0;1967.0;8616.0
115600;10566.5;2070.5;8496.0
115700;10532.0;2036.0;8496.0
115800;10578.0;2082.0;8496.0
115900;10652.0;2036.0;8616.0
116000;10595.0;2059.0;8536.0
116100;10646.5;2070.5;8576.0
116200;10635.0;2059.0;8576.0
116300;10635.0;2059.0;8576.0
116400;10819.0;2243.0;8576.0
116500;10382.0;1806.0;8576.0
116600;10778.0;2082.0;8696.0
116700;10635.0;2059.0;8576.0
116800;10635.0;2059.0;8576.0
116900;10612.0;2036.0;8576.0
117000;10652.0;2036.0;8616.0
117100;10692.0;2036.0;8656.0
117200;10692.0;2036.0;8656.0
117300;10319.0;1783.0;8536.0
117400;10756.0;2220.0;8536.0
117500;10572.0;2036.0;8536.0
117600;10611.5;1955.5;8656.0
117700;10343.5;2047.5;8296.0
117800;10973.0;2197.0;8776.0
117900;10061.5;1845.5;8216.0
118000;10744.0;2048.0;8696.0
118100;10784.0;2048.0;8736.0
118200;10784.0;2048.0;8736.0
118300;10784.0;2048.0;8736.0
118400;10664.0;2048.0;8616.0
118500;10770.5;2034.5;8736.0
118600;10931.0;2075.0;8856.0
118700;10784.0;2048.0;8736.0
118800;10824.5;2088.5;8736.0
118900;10798.0;2062.0;8736.0
119000;10813.0;2037.0;8776.0
119100;10867.0;2051.0;8816.0
119200;10920.0;2024.0;8896.0
119300;10800.0;2024.0;8776.0
119400;10774.0;2078.0;8696.0
119500;10855.0;2159.0;8696.0
119600;10867.0;2051.0;8816.0
119700;10921.0;2105.0;8816.0
119800;10787.0;2051.0;8736.0
119900;10961.5;2145.5;8816.0
120000;10535.0;2079.0;8456.0
120100;11223.0;2327.0;8896.0
120200;10824.0;2048.0;8776.0
120300;10535.0;2079.0;8456.0
120400;10855.0;2079.0;8776.0
120500;10975.0;2079.0;8896.0
120600;10784.0;2048.0;8736.0
120700;10975.0;2079.0;8896.0
120800;10944.0;2048.0;8896.0
120900;11116.0;2100.0;9016.0
121000;11002.0;2066.0;8936.0
121100;10956.0;2100.0;8856.0
121200;11516.0;2100.0;9416.0
121300;11042.0;2066.0;8976.0
121400;11076.0;2100.0;8976.0
121500;11076.0;2100.0;8976.0
121600;10442.0;2066.0;8376.0
121700;11076.0;2100.0;8976.0
121800;11042.0;2066.0;8976.0
121900;11076.0;2100.0;8976.0
122000;11471.5;2100.0;9371.5
122100;11129.5;2066.0;9063.5
122200;11197.5;2134.0;9063.5
122300;11197.5;2134.0;9063.5
122400;11146.5;2083.0;9063.5
122500;11129.5;2066.0;9063.5
122600;11163.5;2100.0;9063.5
122700;10814.0;2100.0;8714.0
122800;11140.0;2066.0;9074.0
122900;11378.0;2184.0;9194.0
123000;11298.0;2184.0;9114.0
123100;11186.0;2152.0;9034.0
123200;11290.0;2136.0;9154.0
123300;11443.0;2280.0;9163.0
123400;11457.0;2216.0;9241.0
123500;11379.0;2216.0;9163.0
123600;11776.0;2184.0;9592.0
123700;10918.0;2184.0;8734.0
123800;11347.0;2184.0;9163.0
123900;11347.0;2184.0;9163.0
124000;11863.0;2232.0;9631.0
124100;11489.0;2248.0;9241.0
124200;11425.0;2184.0;9241.0
124300;11450.0;2248.0;9202.0
124400;11535.0;2216.0;9319.0
124500;11441.0;2200.0;9241.0
124600;11622.0;2264.0;9358.0
124700;11427.0;2264.0;9163.0
124800;11457.0;2216.0;9241.0
124900;11457.0;2216.0;9241.0
125000;11240.0;1960.0;9280.0
125100;11613.0;2216.0;9397.0
125200;11627.0;2230.0;9397.0
125300;11549.0;2230.0;9319.0
125400;11675.0;2278.0;9397.0
125500;11597.0;2278.0;9319.0
125600;11636.0;2278.0;9358.0
125700;11519.0;2278.0;9241.0
125800;11565.0;2246.0;9319.0
125900;11597.0;2278.0;9319.0
126000;11668.0;2310.0;9358.0
126100;11785.0;2310.0;9475.0
126200;11355.0;1958.0;9397.0
126300;11558.0;2278.0;9280.0
126400;11558.0;2278.0;9280.0
126500;11322.0;2278.0;9044.0
126600;11714.0;2310.0;9404.0
126700;11242.0;2278.0;8964.0
126800;11682.0;2278.0;9404.0
126900;11242.0;2278.0;8964.0
127000;11770.0;2326.0;9444.0
127100;11794.0;2310.0;9484.0
127200;11762.0;2278.0;9484.0
127300;11730.0;2246.0;9484.0
127400;11762.0;2278.0;9484.0
127500;11642.0;2278.0;9364.0
127600;11794.0;2310.0;9484.0
127700;11794.0;2310.0;9484.0
127800;11914.0;2310.0;9604.0
127900;11794.0;2310.0;9484.0
128000;11866.0;2342.0;9524.0
128100;11706.0;2262.0;9444.0
128200;11874.0;2310.0;9564.0
128300;11874.0;2310.0;9564.0
128400;11906.0;2342.0;9564.0
128500;11754.0;2310.0;9444.0
128600;11826.0;2262.0;9564.0
128700;11874.0;2310.0;9564.0
128800;11986.0;2422.0;9564.0
128900;11874.0;2310.0;9564.0
129000;12026.0;2342.0;9684.0
129100;12034.0;2390.0;9644.0
129200;11986.0;2342.0;9644.0
129300;12122.0;2598.0;9524.0
129400;12234.5;2278.0;9956.5
129500;11851.0;2342.0;9509.0
129600;11715.0;2086.0;9629.0
129700;12019.0;2390.0;9629.0
129800;11923.0;2294.0;9629.0
129900;11515.0;2326.0;9189.0
130000;11979.0;2310.0;9669.0
130100;12019.0;2310.0;9709.0
130200;12443.0;2294.0;10149.0
130300;12099.0;2310.0;9789.0
130400;12019.0;2310.0;9709.0
130500;12275.0;2566.0;9709.0
130600;12139.0;2310.0;9829.0
130700;11987.0;2278.0;9709.0
130800;12427.0;2598.0;9829.0
130900;12107.0;2278.0;9829.0
131000;11947.0;2278.0;9669.0
131100;12099.0;2310.0;9789.0
131200;12067.0;2278.0;9789.0
131300;12019.0;2230.0;9789.0
131400;12158.0;2278.0;9880.0
131500;12080.0;2278.0;9802.0
131600;12000.0;2198.0;9802.0
131700;12309.0;2390.0;9919.0
131800;12112.0;2310.0;9802.0
131900;12229.0;2310.0;9919.0
132000;12073.0;2310.0;9763.0
132100;12094.0;2214.0;9880.0
132200;12094.0;2214.0;9880.0
132300;12126.0;2246.0;9880.0
132400;12126.0;2246.0;9880.0
132500;12174.0;2294.0;9880.0
132600;12438.0;2246.0;10192.0
132700;12243.0;2246.0;9997.0
132800;12211.0;2214.0;9997.0
132900;12126.0;2246.0;9880.0
133000;12181.0;2262.0;9919.0
133100;12204.0;2246.0;9958.0
133200;12204.0;2246.0;9958.0
133300;12204.0;2246.0;9958.0
133400;12282.0;2246.0;10036.0
133500;12148.0;2190.0;9958.0
133600;12232.0;2274.0;9958.0
133700;12204.0;2246.0;9958.0
133800;12232.0;2274.0;9958.0
133900;12204.0;2246.0;9958.0
134000;12739.0;2274.0;10465.0
134100;12086.0;2050.0;10036.0
134200;12086.0;2050.0;10036.0
134300;12416.0;2302.0;10114.0
134400;12413.0;2260.0;10153.0
134500;13001.0;2302.0;10699.0
134600;12282.0;2246.0;10036.0
134700;12310.0;2274.0;10036.0
134800;12310.0;2274.0;10036.0
134900;12377.0;2302.0;10075.0
135000;12629.0;2554.0;10075.0
135100;12360.0;2246.0;10114.0
135200;12477.0;2246.0;10231.0
135300;12360.0;2246.0;10114.0
135400;12477.0;2246.0;10231.0
135500;12332.0;2218.0;10114.0
135600;12449.0;2218.0;10231.0
135700;12332.0;2218.0;10114.0
135800;12367.0;2253.0;10114.0
135900;12394.0;2280.0;10114.0
136000;12419.5;2266.5;10153.0
136100;12301.0;2226.0;10075.0
136200;12730.0;2226.0;10504.0
136300;12445.0;2253.0;10192.0
136400;12445.0;2253.0;10192.0
136500;12485.5;2293.5;10192.0
136600;12445.0;2253.0;10192.0
136700;12445.0;2253.0;10192.0
136800;12757.0;2253.0;10504.0
136900;12472.0;2280.0;10192.0
137000;12092.0;2253.0;9839.0
137100;12412.0;2253.0;10159.0
137200;12572.5;2293.5;10279.0
137300;12532.0;2253.0;10279.0
137400;12611.5;2212.5;10399.0
137500;12426.0;2267.0;10159.0
137600;12666.0;2267.0;10399.0
137700;12546.0;2267.0;10279.0
137800;12846.0;2127.0;10719.0
137900;12476.0;2277.0;10199.0
138000;13076.0;2277.0;10799.0
138100;12636.0;2277.0;10359.0
138200;11956.0;2277.0;9679.0
138300;12516.0;2277.0;10239.0
138400;13106.0;2307.0;10799.0
138500;12666.0;2307.0;10359.0
138600;12636.0;2277.0;10359.0
138700;12586.0;2307.0;10279.0
138800;12666.0;2307.0;10359.0
138900;12771.0;2292.0;10479.0
139000;12749.5;2350.5;10399.0
139100;12656.0;2337.0;10319.0
139200;12803.0;2364.0;10439.0
139300;12816.5;2377.5;10439.0
139400;12683.0;2364.0;10319.0
139500;12776.0;2337.0;10439.0
139600;12773.0;2454.0;10319.0
139700;12645.0;2286.0;10359.0
139800;12687.0;2328.0;10359.0
139900;12687.0;2328.0;10359.0
140000;13159.5;2328.0;10831.5
140100;12859.5;2328.0;10531.5
140200;12859.5;2328.0;10531.5
140300;12912.0;2380.5;10531.5
140400;12838.5;2307.0;10531.5
140500;12817.5;2286.0;10531.5
140600;12870.0;2338.5;10531.5
140700;12650.0;2286.0;10364.0
140800;12831.0;2307.0;10524.0
140900;13026.0;2382.0;10644.0
141000;12858.0;2294.0;10564.0
141100;12920.0;2316.0;10604.0
141200;12864.0;2260.0;10604.0
141300;13034.0;2350.0;10684.0
141400;12939.0;2335.0;10604.0
141500;12924.0;2320.0;10604.0
141600;12901.5;2297.5;10604.0
141700;12924.0;2200.0;10724.0
141800;12924.0;2320.0;10604.0
141900;12924.0;2320.0;10604.0
142000;12934.0;2290.0;10644.0
142100;13019.0;2335.0;10684.0
142200;13019.0;2335.0;10684.0
142300;12891.5;2327.5;10564.0
142400;13034.0;2350.0;10684.0
142500;12989.0;2305.0;10684.0
142600;13034.0;2350.0;10684.0
142700;13094.0;2410.0;10684.0
142800;13034.0;2350.0;10684.0
142900;13019.0;2335.0;10684.0
143000;13074.0;2350.0;10724.0
143100;13194.0;2350.0;10844.0
143200;13179.0;2335.0;10844.0
143300;13099.0;2335.0;10764.0
143400;13099.0;2335.0;10764.0
143500;12979.0;2335.0;10644.0
143600;13219.0;2455.0;10764.0
143700;13019.0;2335.0;10684.0
143800;12964.0;2200.0;10764.0
143900;13136.5;2372.5;10764.0
144000;13139.0;2335.0;10804.0
144100;13059.0;2335.0;10724.0
144200;13059.0;2215.0;10844.0
144300;12716.5;2312.5;10404.0
144400;13619.0;2335.0;11284.0
144500;13164.0;2320.0;10844.0
144600;13634.0;2350.0;11284.0
144700;13619.0;2335.0;11284.0
144800;13179.0;2335.0;10844.0
144900;13179.0;2335.0;10844.0
145000;13196.5;2312.5;10884.0
145100;13281.5;2357.5;10924.0
145200;13219.0;2335.0;10884.0
145300;13154.0;2350.0;10804.0
145400;12899.0;2335.0;10564.0
145500;13281.5;2357.5;10924.0
145600;13154.0;2350.0;10804.0
145700;13394.0;2350.0;11044.0
145800;13266.5;2342.5;10924.0
145900;13281.5;2357.5;10924.0
146000;13299.0;2335.0;10964.0
146100;13324.0;2320.0;11004.0
146200;13284.0;2320.0;10964.0
146300;13419.0;2335.0;11084.0
146400;13339.0;2335.0;11004.0
146500;13339.0;2335.0;11004.0
146600;13219.0;2335.0;10884.0
146700;13361.5;2357.5;11004.0
146800;13259.0;2335.0;10924.0
146900;13354.0;2350.0;11004.0
147000;13261.5;2297.5;10964.0
147100;13434.0;2350.0;11084.0
147200;13434.0;2350.0;11084.0
147300;13329.0;2365.0;10964.0
147400;13389.0;2305.0;11084.0
147500;13419.0;2335.0;11084.0
147600;13569.0;2485.0;11084.0
147700;13539.0;2335.0;11204.0
147800;13434.0;2350.0;11084.0
147900;13434.0;2350.0;11084.0
148000;13554.0;2350.0;11204.0
148100;13394.0;2350.0;11044.0
148200;13514.0;2350.0;11164.0
148300;13529.0;2365.0;11164.0
148400;13649.0;2365.0;11284.0
148500;13089.0;2365.0;10724.0
148600;13547.0;2365.0;11182.0
148700;13528.5;2357.5;11171.0
148800;13536.0;2365.0;11171.0
148900;13588.5;2417.5;11171.0
149000;13695.0;2485.0;11210.0
149100;13614.0;2365.0;11249.0
149200;13629.0;2380.0;11249.0
149300;13599.0;2350.0;11249.0
149400;13599.0;2350.0;11249.0
149500;13629.0;2380.0;11249.0
149600;13614.0;2365.0;11249.0
149700;13614.0;2365.0;11249.0
149800;13752.0;2386.0;11366.0
149900;13635.0;2386.0;11249.0
150000;13752.0;2386.0;11366.0
150100;13695.0;2368.0;11327.0
150200;13560.0;2350.0;11210.0
150300;13773.0;2368.0;11405.0
150400;14124.0;2368.0;11756.0
150500;13713.0;2386.0;11327.0
150600;13695.0;2368.0;11327.0
150700;13695.0;2368.0;11327.0
150800;13695.0;2368.0;11327.0
150900;13698.0;2332.0;11366.0
151000;13716.0;2350.0;11366.0
151100;13755.0;2350.0;11405.0
151200;13755.0;2350.0;11405.0
151300;13899.0;2494.0;11405.0
151400;13755.0;2350.0;11405.0
151500;13872.0;2350.0;11522.0
151600;13755.0;2350.0;11405.0
151700;13755.0;2350.0;11405.0
151800;13677.0;2350.0;11327.0
151900;13755.0;2350.0;11405.0
152000;13812.0;2368.0;11444.0
152100;13851.0;2368.0;11483.0
152200;13815.0;2332.0;11483.0
152300;13860.0;2377.0;11483.0
152400;13860.0;2377.0;11483.0
152500;13833.0;2350.0;11483.0
152600;13905.0;2422.0;11483.0
152700;14280.0;2368.0;11912.0
152800;13851.0;2368.0;11483.0
152900;13851.0;2368.0;11483.0
153000;13890.0;2368.0;11522.0
153100;13998.0;2359.0;11639.0
153200;13947.0;2386.0;11561.0
153300;14043.0;2404.0;11639.0
153400;13929.0;2368.0;11561.0
153500;14091.0;2413.0;11678.0
153600;14091.0;2530.0;11561.0
153700;13878.0;2395.0;11483.0
153800;13518.0;2386.0;11132.0
153900;13947.0;2386.0;11561.0
154000;14037.0;2359.0;11678.0
154100;14067.0;2350.0;11717.0
154200;14007.0;2368.0;11639.0
154300;14025.0;2386.0;11639.0
154400;14025.0;2386.0;11639.0
154500;14043.0;2404.0;11639.0
154600;13890.0;2368.0;11522.0
154700;14034.0;2395.0;11639.0
154800;13947.0;2386.0;11561.0
154900;14070.0;2431.0;11639.0
155000;14046.0;2368.0;11678.0
155100;13941.0;2224.0;11717.0
155200;14103.0;2386.0;11717.0
155300;14166.0;2449.0;11717.0
155400;14532.0;2386.0;12146.0
155500;13759.0;2395.0;11364.0
155600;13741.0;2377.0;11364.0
155700;14128.0;2404.0;11724.0
155800;14230.0;2386.0;11844.0
155900;14562.0;2422.0;12140.0
156000;14256.0;2404.0;11852.0
156100;14220.0;2404.0;11816.0
156200;14238.0;2422.0;11816.0
156300;14265.0;2440.0;11825.0
156400;14067.0;2395.0;11672.0
156500;14013.0;2341.0;11672.0
156600;14148.0;2476.0;11672.0
156700;14334.0;2422.0;11912.0
156800;14547.5;2440.0;12107.5
156900;14203.5;2404.0;11799.5
157000;14176.0;2436.0;11740.0
157100;14176.0;2436.0;11740.0
157200;14296.0;2436.0;11860.0
157300;14096.0;2236.0;11860.0
157400;14306.0;2446.0;11860.0
157500;14416.0;2436.0;11980.0
157600;14296.0;2436.0;11860.0
157700;14216.0;2436.0;11780.0
157800;14296.0;2436.0;11860.0
157900;14296.0;2436.0;11860.0
158000;14416.0;2436.0;11980.0
158100;14346.0;2446.0;11900.0
158200;14376.0;2436.0;11940.0
158300;14376.0;2436.0;11940.0
158400;14396.0;2456.0;11940.0
158500;14396.0;2456.0;11940.0
158600;14396.0;2456.0;11940.0
158700;14166.0;2466.0;11700.0
158800;14486.0;2426.0;12060.0
158900;14396.0;2456.0;11940.0
159000;14516.0;2456.0;12060.0
159100;14356.0;2456.0;11900.0
159200;14476.0;2456.0;12020.0
159300;14476.0;2456.0;12020.0
159400;14456.0;2436.0;12020.0
159500;14496.0;2476.0;12020.0
159600;14436.0;2416.0;12020.0
159700;14096.0;2436.0;11660.0
159800;14396.0;2456.0;11940.0
159900;14376.0;2436.0;11940.0
160000;14466.0;2406.0;12060.0
160100;14636.0;2456.0;12180.0
160200;14616.0;2436.0;12180.0
160300;14570.0;2470.0;12100.0
160400;13954.0;2294.0;11660.0
160500;14647.0;2547.0;12100.0
160600;14790.0;2250.0;12540.0
160700;14570.0;2470.0;12100.0
160800;14668.0;2448.0;12220.0
160900;14031.0;2371.0;11660.0
161000;14764.0;2624.0;12140.0
161100;14628.0;2448.0;12180.0
161200;14606.0;2426.0;12180.0
161300;14595.0;2415.0;12180.0
161400;14748.0;2448.0;12300.0
161500;14628.0;2448.0;12180.0
161600;14635.0;2455.0;12180.0
161700;14755.0;2455.0;12300.0
161800;14985.0;2685.0;12300.0
161900;14589.0;2409.0;12180.0
162000;14652.0;2432.0;12220.0
162100;14703.5;2443.5;12260.0
162200;14726.5;2466.5;12260.0
162300;14388.0;2248.0;12140.0
162400;14876.0;2616.0;12260.0
162500;14692.0;2432.0;12260.0
162600;14835.0;2455.0;12380.0
162700;14462.0;2202.0;12260.0
162800;14612.0;2432.0;12180.0
162900;14715.0;2455.0;12260.0
163000;14663.5;2443.5;12220.0
163100;14795.0;2455.0;12340.0
163200;14806.5;2466.5;12340.0
163300;14640.5;2420.5;12220.0
163400;14772.0;2432.0;12340.0
163500;14772.0;2432.0;12340.0
163600;14772.0;2432.0;12340.0
163700;14772.0;2432.0;12340.0
163800;14772.0;2432.0;12340.0
163900;14926.5;2466.5;12460.0
164000;14812.0;2432.0;12380.0
164100;14840.5;2420.5;12420.0
164200;14875.0;2455.0;12420.0
164300;14875.0;2455.0;12420.0
164400;14875.0;2455.0;12420.0
164500;14435.0;2455.0;11980.0
164600;14840.5;2420.5;12420.0
164700;14852.0;2432.0;12420.0
164800;14852.0;2432.0;12420.0
164900;14932.5;2512.5;12420.0
165000;14835.0;2455.0;12380.0
165100;15035.0;2455.0;12580.0
165200;14795.0;2455.0;12340.0
165300;14920.5;2420.5;12500.0
165400;14964.0;2455.0;12509.0
165500;244895.0;232386.0;12509.0
165600;14998.5;2489.5;12509.0
165700;14702.0;2271.0;12431.0
165800;15081.0;2455.0;12626.0
165900;14987.0;2478.0;12509.0
166000;15104.0;2478.0;12626.0
166100;15030.5;2443.5;12587.0
166200;15065.0;2478.0;12587.0
166300;14925.0;2455.0;12470.0
166400;15076.5;2489.5;12587.0
166500;15042.0;2455.0;12587.0
166600;15076.5;2489.5;12587.0
166700;15007.5;2420.5;12587.0
166800;15226.0;2639.0;12587.0
166900;15042.0;2455.0;12587.0
167000;15058.0;2432.0;12626.0
167100;15186.5;2443.5;12743.0
167200;14936.0;2271.0;12665.0
167300;15209.5;2466.5;12743.0
167400;15097.0;2432.0;12665.0
167500;14913.0;2248.0;12665.0
167600;15097.0;2432.0;12665.0
167700;15214.0;2432.0;12782.0
167800;15237.0;2455.0;12782.0
167900;15097.0;2432.0;12665.0
168000;15136.0;2432.0;12704.0
168100;15175.0;2432.0;12743.0
168200;15569.5;2397.5;13172.0
168300;15152.0;2409.0;12743.0
168400;15083.0;2340.0;12743.0
168500;15581.0;2409.0;13172.0
168600;15211.5;2351.5;12860.0
168700;15110.5;2328.5;12782.0
168800;15175.0;2432.0;12743.0
168900;15074.0;2409.0;12665.0
169000;15156.5;2374.5;12782.0
169100;15195.5;2374.5;12821.0
169200;15230.0;2409.0;12821.0
169300;15230.0;2409.0;12821.0
169400;15230.0;2409.0;12821.0
169500;15230.0;2409.0;12821.0
169600;15324.0;2386.0;12938.0
169700;15230.0;2409.0;12821.0
169800;15230.0;2409.0;12821.0
169900;15207.0;2386.0;12821.0
170000;15191.0;2409.0;12782.0
170100;15285.0;2386.0;12899.0
170200;15308.0;2409.0;12899.0
170300;15296.5;2397.5;12899.0
170400;15308.0;2409.0;12899.0
170500;14879.0;2409.0;12470.0
170600;15308.0;2409.0;12899.0
170700;15331.0;2432.0;12899.0
170800;15342.5;2443.5;12899.0
170900;15342.5;2443.5;12899.0
171000;15347.0;2409.0;12938.0
171100;15792.0;2386.0;13406.0
171200;15443.5;2466.5;12977.0
171300;15231.5;2254.5;12977.0
171400;15371.0;2394.0;12977.0
171500;15147.0;2053.0;13094.0
171600;15371.0;2394.0;12977.0
171700;15488.0;2394.0;13094.0
171800;15457.0;2363.0;13094.0
171900;15464.0;2487.0;12977.0
172000;15410.0;2394.0;13016.0
172100;16002.0;2518.0;13484.0
172200;15558.0;2425.0;13133.0
172300;15363.0;2425.0;12938.0
172400;15449.0;2394.0;13055.0
172500;15387.0;2332.0;13055.0
172600;15480.0;2425.0;13055.0
172700;15511.0;2456.0;13055.0
172800;15588.5;2533.5;13055.0
172900;15511.0;2456.0;13055.0
173000;16049.0;2487.0;13562.0
173100;15589.0;2456.0;13133.0
173200;15636.0;2425.0;13211.0
173300;15558.0;2425.0;13133.0
173400;15534.0;2518.0;13016.0
173500;15356.5;2223.5;13133.0
173600;15541.0;2408.0;13133.0
173700;305658.0;292408.0;13250.0
173800;15584.5;2451.5;13133.0
173900;15112.0;2408.0;12704.0
174000;15609.0;2437.0;13172.0
174100;15648.0;2437.0;13211.0
174200;15189.0;2451.0;12738.0
174300;15638.0;2420.0;13218.0
174400;15638.0;2420.0;13218.0
174500;15518.0;2420.0;13098.0
174600;15669.0;2451.0;13218.0
174700;15647.0;2389.0;13258.0
174800;15576.0;2358.0;13218.0
174900;15638.0;2420.0;13218.0
175000;15595.0;2327.0;13268.0
175100;15846.5;2539.5;13307.0
175200;15743.0;2436.0;13307.0
175300;16305.0;2413.0;13892.0
175400;15713.0;2406.0;13307.0
175500;15621.0;2431.0;13190.0
175600;15775.5;2468.5;13307.0
175700;15488.0;2181.0;13307.0
175800;15735.0;2506.0;13229.0
175900;15763.0;2456.0;13307.0
176000;15802.0;2456.0;13346.0
176100;15841.0;2456.0;13385.0
176200;15816.0;2431.0;13385.0
176300;15487.0;2531.0;12956.0
176400;15699.0;2431.0;13268.0
176500;15841.0;2456.0;13385.0
176600;16008.0;2506.0;13502.0
176700;15905.0;2481.0;13424.0
176800;15791.0;2406.0;13385.0
176900;15983.0;2481.0;13502.0
177000;15437.0;2481.0;12956.0
177100;16360.5;2468.5;13892.0
177200;15917.5;2493.5;13424.0
177300;15789.5;2443.5;13346.0
177400;15802.0;2456.0;13346.0
177500;15814.5;2468.5;13346.0
177600;15894.0;2431.0;13463.0
177700;15919.0;2456.0;13463.0
177800;15919.0;2456.0;13463.0
177900;16323.0;2431.0;13892.0
178000;15986.0;2406.0;13580.0
178100;16401.0;2431.0;13970.0
178200;15855.0;2431.0;13424.0
178300;16075.0;2456.0;13619.0
178400;15972.0;2431.0;13541.0
178500;15772.0;2231.0;13541.0
178600;15299.0;2231.0;13068.0
178700;15899.0;2431.0;13468.0
178800;15966.5;2418.5;13548.0
178900;15979.0;2431.0;13548.0
179000;16019.0;2431.0;13588.0
179100;16059.0;2431.0;13628.0
179200;15939.0;2431.0;13508.0
179300;16059.0;2431.0;13628.0
179400;15619.0;2431.0;13188.0
179500;16059.0;2431.0;13628.0
179600;16094.0;2466.0;13628.0
179700;16014.0;2466.0;13548.0
179800;16094.0;2466.0;13628.0
179900;16014.0;2466.0;13548.0
180000;16319.0;2571.0;13748.0
180100;16174.0;2466.0;13708.0
180200;16219.0;2511.0;13708.0
180300;16204.0;2496.0;13708.0
180400;16009.0;2421.0;13588.0
180500;16294.0;2466.0;13828.0
180600;16144.0;2436.0;13708.0
180700;16144.0;2436.0;13708.0
180800;16174.0;2466.0;13708.0
180900;15704.0;2436.0;13268.0
181000;15974.0;2226.0;13748.0
181100;16254.0;2466.0;13788.0
181200;16379.0;2511.0;13868.0
181300;16224.0;2436.0;13788.0
181400;16284.0;2496.0;13788.0
181500;16134.0;2466.0;13668.0
181600;16314.0;2526.0;13788.0
181700;16389.0;2601.0;13788.0
181800;16194.0;2406.0;13788.0
181900;16284.0;2496.0;13788.0
182000;15859.0;2511.0;13348.0
182100;16364.0;2496.0;13868.0
182200;16214.0;2466.0;13748.0
182300;16334.0;2466.0;13868.0
182400;16409.0;2421.0;13988.0
182500;16349.0;2481.0;13868.0
182600;16454.0;2466.0;13988.0
182700;16274.0;2406.0;13868.0
182800;16454.0;2466.0;13988.0
182900;16254.0;2466.0;13788.0
183000;16454.0;2466.0;13988.0
183100;16414.0;2466.0;13948.0
183200;16369.0;2421.0;13948.0
183300;16504.0;2436.0;14068.0
183400;16384.0;2436.0;13948.0
183500;16384.0;2436.0;13948.0
183600;16539.0;2471.0;14068.0
183700;16339.0;2471.0;13868.0
183800;16419.0;2471.0;13948.0
183900;16419.0;2471.0;13948.0
184000;16109.0;2121.0;13988.0
184100;16499.0;2471.0;14028.0
184200;16579.0;2471.0;14108.0
184300;16551.5;2523.5;14028.0
184400;16513.0;2485.0;14028.0
184500;16494.0;2448.0;14046.0
184600;16750.0;2818.0;13932.0
184700;16150.0;2522.0;13628.0
184800;16575.0;2529.0;14046.0
184900;16445.0;2475.0;13970.0
185000;17069.0;2529.0;14540.0
185100;16651.0;2529.0;14122.0
185200;16705.0;2583.0;14122.0
185300;16687.0;2565.0;14122.0
185400;16537.0;2529.0;14008.0
185500;16651.0;2529.0;14122.0
185600;16372.0;2241.0;14131.0
185700;16660.0;2529.0;14131.0
185800;16660.0;2529.0;14131.0
185900;16367.0;2349.0;14018.0
186000;16613.0;2475.0;14138.0
186100;16787.0;2529.0;14258.0
186200;16823.0;2565.0;14258.0
186300;16743.0;2565.0;14178.0
186400;17197.0;2579.0;14618.0
186500;17149.0;2851.0;14298.0
186600;16723.0;2545.0;14178.0
186700;16877.0;2579.0;14298.0
186800;16757.0;2579.0;14178.0
186900;16592.0;2494.0;14098.0
187000;16831.0;2613.0;14218.0
187100;16837.0;2579.0;14258.0
187200;16837.0;2579.0;14258.0
187300;16735.0;2477.0;14258.0
187400;16837.0;2579.0;14258.0
187500;16837.0;2579.0;14258.0
187600;16803.0;2545.0;14258.0
187700;16872.0;2494.0;14378.0
187800;16803.0;2545.0;14258.0
187900;17162.0;2596.0;14566.0
188000;16859.0;2545.0;14314.0
188100;16859.0;2545.0;14314.0
188200;16623.0;2273.0;14350.0
188300;16893.0;2579.0;14314.0
188400;16929.0;2579.0;14350.0
188500;16929.0;2579.0;14350.0
188600;16895.0;2545.0;14350.0
188700;16566.0;2545.0;14021.0
188800;16912.5;2545.0;14367.5
188900;16946.5;2579.0;14367.5
189000;-767602.0;2545.0;-770147.0
189100;16640.0;2545.0;14095.0
189200;17051.0;2596.0;14455.0
189300;17000.0;2545.0;14455.0
189400;17680.0;2545.0;15135.0
189500;17017.0;2562.0;14455.0
189600;17000.0;2545.0;14455.0
189700;17472.0;2817.0;14655.0
189800;17049.0;2579.0;14470.0
189900;17049.0;2579.0;14470.0
190000;16987.0;2596.0;14391.0
190100;17070.0;2559.0;14511.0
190200;17115.0;2595.0;14520.0
190300;17115.0;2595.0;14520.0
190400;17232.0;2595.0;14637.0
190500;17115.0;2595.0;14520.0
190600;17034.0;2631.0;14403.0
190700;17061.0;2541.0;14520.0
190800;17172.0;2652.0;14520.0
190900;17139.0;2619.0;14520.0
191000;17161.5;2602.5;14559.0
191100;17133.0;2652.0;14481.0
191200;17200.5;2602.5;14598.0
191300;17166.0;2685.0;14481.0
191400;17217.0;2619.0;14598.0
191500;17266.5;2668.5;14598.0
191600;17133.0;2652.0;14481.0
191700;17217.0;2619.0;14598.0
191800;17206.5;2569.5;14637.0
191900;17172.0;2652.0;14520.0
192000;17272.5;2635.5;14637.0
192100;17377.5;2701.5;14676.0
192200;17487.0;2811.0;14676.0
192300;16926.0;2679.0;14247.0
192400;17331.0;2655.0;14676.0
192500;17355.0;2679.0;14676.0
192600;17391.0;2715.0;14676.0
192700;17355.0;2679.0;14676.0
192800;17432.0;2717.0;14715.0
192900;17393.0;2717.0;14676.0
193000;17510.0;2717.0;14793.0
193100;17380.0;2626.0;14754.0
193200;17471.0;2717.0;14754.0
193300;17341.0;2509.0;14832.0
193400;17471.0;2717.0;14754.0
193500;17380.0;2509.0;14871.0
193600;17354.0;2717.0;14637.0
193700;17679.0;2925.0;14754.0
193800;17445.0;2652.0;14793.0
193900;17484.5;2717.0;14767.5
194000;17597.0;2717.0;14880.0
194100;17660.5;2743.0;14917.5
194200;17611.5;2769.0;14842.5
194300;17559.5;2717.0;14842.5
194400;17559.5;2717.0;14842.5
194500;17711.0;2756.0;14955.0
194600;16948.0;2743.0;14205.0
194700;17629.0;2749.0;14880.0
194800;17613.5;2771.0;14842.5
194900;17591.5;2749.0;14842.5
195000;17179.0;2749.0;14430.0
195100;17666.5;2749.0;14917.5
195200;17688.5;2771.0;14917.5
195300;17688.5;2771.0;14917.5
195400;17442.0;2672.0;14770.0
195500;17541.0;2771.0;14770.0
195600;17661.0;2771.0;14890.0
195700;17570.0;2760.0;14810.0
195800;17683.0;2793.0;14890.0
195900;17803.0;2793.0;15010.0
196000;17723.0;2793.0;14930.0
196100;17668.0;2738.0;14930.0
196200;17865.0;2815.0;15050.0
196300;17632.0;2782.0;14850.0
196400;17905.0;2815.0;15090.0
196500;17785.0;2815.0;14970.0
196600;17785.0;2815.0;14970.0
196700;17705.0;2815.0;14890.0
196800;17752.0;2782.0;14970.0
196900;17785.0;2815.0;14970.0
197000;17825.0;2815.0;15010.0
197100;17879.0;2829.0;15050.0
197200;17959.0;2909.0;15050.0
197300;17919.0;2869.0;15050.0
197400;17899.0;2849.0;15050.0
197500;17899.0;2849.0;15050.0
197600;17899.0;2849.0;15050.0
197700;17879.0;2909.0;14970.0
197800;17819.0;2849.0;14970.0
197900;17899.0;2849.0;15050.0
198000;18099.0;3009.0;15090.0
198100;17869.0;2859.0;15010.0
198200;17959.0;2829.0;15130.0
198300;18059.0;2849.0;15210.0
198400;17979.0;2849.0;15130.0
198500;17979.0;2849.0;15130.0
198600;18169.0;2919.0;15250.0
198700;17999.0;2869.0;15130.0
198800;17919.0;2869.0;15050.0
198900;17999.0;2869.0;15130.0
199000;18059.0;2889.0;15170.0
199100;18239.0;3029.0;15210.0
199200;18079.0;2869.0;15210.0
199300;18199.0;2909.0;15290.0
199400;18069.0;2859.0;15210.0
199500;18171.5;2961.5;15210.0
199600;18100.0;2890.0;15210.0
199700;17994.0;2864.0;15130.0
199800;18020.0;2810.0;15210.0
199900;18131.0;2801.0;15330.0
200000;18060.0;2810.0;15250.0
200100;18132.0;2882.0;15250.0
200200;18172.0;2882.0;15290.0
200300;18181.0;2891.0;15290.0
200400;18181.0;2891.0;15290.0
200500;18181.0;2891.0;15290.0
200600;18522.0;2912.0;15610.0
200700;18220.0;2930.0;15290.0
200800;18214.0;2924.0;15290.0
200900;18208.0;2918.0;15290.0
201000;18242.0;2912.0;15330.0
201100;18254.0;2924.0;15330.0
201200;18282.0;2912.0;15370.0
201300;18282.0;2912.0;15370.0
201400;18162.0;2912.0;15250.0
201500;18698.0;2888.0;15810.0
201600;18294.0;2924.0;15370.0
201700;18294.0;2924.0;15370.0
201800;18728.0;2918.0;15810.0
201900;18322.0;2912.0;15410.0
202000;18292.0;2882.0;15410.0
202100;18310.0;2900.0;15410.0
202200;18742.5;2900.0;15842.5
202300;18339.5;2882.0;15457.5
202400;18350.0;2888.0;15462.0
202500;18350.0;2888.0;15462.0
202600;18332.0;2870.0;15462.0
202700;18345.0;2883.0;15462.0
202800;18345.0;2883.0;15462.0
202900;18394.0;2971.0;15423.0
203000;18384.0;2883.0;15501.0
203100;18384.0;2883.0;15501.0
203200;18423.0;2883.0;15540.0
203300;18423.0;2883.0;15540.0
203400;18540.0;2883.0;15657.0
203500;18467.0;2927.0;15540.0
203600;18317.0;2894.0;15423.0
203700;18445.0;2905.0;15540.0
203800;18260.0;2883.0;15377.0
203900;18708.0;2971.0;15737.0
204000;18477.0;2894.0;15583.0
204100;18482.5;2899.5;15583.0
204200;18455.0;2833.5;15621.5
204300;18515.5;2894.0;15621.5
204400;18922.5;2877.5;16045.0
204500;18149.5;2877.5;15272.0
204600;18504.0;2872.0;15632.0
204700;18086.0;2894.0;15192.0
204800;18526.0;2894.0;15632.0
204900;18475.0;2883.0;15592.0
205000;18395.0;2883.0;15512.0
205100;18613.0;2861.0;15752.0
205200;18600.5;2888.5;15712.0
205300;18600.5;2888.5;15712.0
205400;18584.0;2872.0;15712.0
205500;18584.0;2872.0;15712.0
205600;18595.0;2883.0;15712.0
205700;18584.0;2872.0;15712.0
205800;18584.0;2872.0;15712.0
205900;18635.0;2883.0;15752.0
206000;18635.0;2883.0;15752.0
206100;18275.0;2883.0;15392.0
206200;18653.0;2861.0;15792.0
206300;18675.0;2883.0;15792.0
206400;18315.0;2883.0;15432.0
206500;18702.0;2910.0;15792.0
206600;18817.5;2905.5;15912.0
206700;18684.0;2892.0;15792.0
206800;18684.0;2892.0;15792.0
206900;18796.0;2964.0;15832.0
207000;18724.0;2892.0;15832.0
207100;18733.0;2901.0;15832.0
207200;18674.0;2802.0;15872.0
207300;18701.0;2829.0;15872.0
207400;18773.0;2901.0;15872.0
207500;18773.0;2901.0;15872.0
207600;18900.0;2908.0;15992.0
207700;18820.0;2908.0;15912.0
207800;18780.0;2908.0;15872.0
207900;18855.0;2943.0;15912.0
208000;18820.0;2908.0;15912.0
208100;18820.0;2908.0;15912.0
208200;18940.0;2908.0;16032.0
208300;18840.0;2888.0;15952.0
208400;18965.0;2893.0;16072.0
208500;18902.0;2950.0;15952.0
208600;18754.0;2922.0;15832.0
208700;18448.0;2936.0;15512.0
208800;18874.0;2922.0;15952.0
208900;18980.0;2908.0;16072.0
209000;18865.0;2873.0;15992.0
209100;18914.0;2922.0;15992.0
209200;18692.0;3020.0;15672.0
209300;19094.0;3062.0;16032.0
209400;18968.0;2936.0;16032.0
209500;18954.0;2922.0;16032.0
209600;18954.0;2922.0;16032.0
209700;18954.0;2922.0;16032.0
209800;18940.0;2908.0;16032.0
209900;19015.0;2943.0;16072.0
210000;19001.0;2929.0;16072.0
210100;18914.0;2922.0;15992.0
210200;19020.0;2908.0;16112.0
210300;19029.0;2908.0;16121.0
210400;19092.0;2971.0;16121.0
210500;19057.0;2936.0;16121.0
210600;19057.0;2936.0;16121.0
210700;19099.0;2978.0;16121.0
210800;19043.0;2922.0;16121.0
210900;19174.0;2936.0;16238.0
211000;19103.0;2943.0;16160.0
211100;19090.0;2930.0;16160.0
211200;19129.0;2930.0;16199.0
211300;18841.0;2995.0;15846.0
211400;19288.5;2962.5;16326.0
211500;19282.0;2956.0;16326.0
211600;19269.0;2943.0;16326.0
211700;19149.0;2943.0;16206.0
211800;19149.0;2943.0;16206.0
211900;19122.0;2956.0;16166.0
212000;19208.5;2962.5;16246.0
212100;19202.0;2956.0;16246.0
212200;19242.0;2956.0;16286.0
212300;19242.5;2943.0;16299.5
212400;19133.0;2839.0;16294.0
212500;19237.0;2943.0;16294.0
212600;19120.0;2943.0;16177.0
212700;19289.0;2956.0;16333.0
212800;19237.0;2943.0;16294.0
212900;19295.5;2962.5;16333.0
213000;19263.0;2930.0;16333.0
213100;19276.0;2943.0;16333.0
213200;19510.0;2826.0;16684.0
213300;19757.0;2956.0;16801.0
213400;19315.0;2943.0;16372.0
213500;19438.5;2949.5;16489.0
213600;19302.0;2930.0;16372.0
213700;19302.0;2930.0;16372.0
213800;19302.0;2930.0;16372.0
213900;19471.0;3060.0;16411.0
214000;19328.0;2917.0;16411.0
214100;19952.0;2917.0;17035.0
214200;19263.0;2930.0;16333.0
214300;19360.5;2910.5;16450.0
214400;19367.0;2917.0;16450.0
214500;19386.5;2936.5;16450.0
214600;19367.0;2917.0;16450.0
214700;19386.5;2936.5;16450.0
214800;19289.0;2917.0;16372.0
214900;19406.0;2917.0;16489.0
215000;19406.0;2917.0;16489.0
215100;19484.0;2917.0;16567.0
215200;19308.5;2897.5;16411.0
215300;19445.0;2917.0;16528.0
215400;19562.0;2917.0;16645.0
215500;19445.0;2917.0;16528.0
215600;19328.0;2917.0;16411.0
215700;19425.5;2897.5;16528.0
215800;19497.0;3047.0;16450.0
215900;19471.0;2904.0;16567.0
216000;19570.0;2925.0;16645.0
216100;19492.0;2925.0;16567.0
216200;19531.0;2925.0;16606.0
216300;19414.0;2925.0;16489.0
216400;19546.0;2940.0;16606.0
216500;19541.0;2935.0;16606.0
216600;19545.0;2939.0;16606.0
216700;19545.0;2939.0;16606.0
216800;19986.0;2951.0;17035.0
216900;19640.0;2995.0;16645.0
217000;19682.0;2959.0;16723.0
217100;19682.0;2959.0;16723.0
217200;19526.0;2959.0;16567.0
217300;19631.0;2947.0;16684.0
217400;19643.0;2959.0;16684.0
217500;19635.0;2951.0;16684.0
217600;19647.0;2963.0;16684.0
217700;19635.0;2951.0;16684.0
217800;19635.0;2951.0;16684.0
217900;19674.0;2951.0;16723.0
218000;19674.0;2951.0;16723.0
218100;19658.0;2935.0;16723.0
218200;19596.0;2951.0;16645.0
218300;19713.0;2951.0;16762.0
218400;19689.0;2927.0;16762.0
218500;19793.0;3031.0;16762.0
218600;19742.0;2863.0;16879.0
218700;19717.0;2955.0;16762.0
218800;19709.0;2947.0;16762.0
218900;19744.0;2943.0;16801.0
219000;19732.0;2931.0;16801.0
219100;19744.0;2943.0;16801.0
219200;19791.0;2951.0;16840.0
219300;19791.0;2951.0;16840.0
219400;19791.0;2951.0;16840.0
219500;19783.0;2943.0;16840.0
219600;19783.0;2943.0;16840.0
219700;19792.0;2943.0;16849.0
219800;19780.0;2931.0;16849.0
219900;19918.0;2943.0;16975.0
220000;20296.0;2931.0;17365.0
220100;19762.0;2943.0;16819.0
220200;19879.0;2943.0;16936.0
220300;19400.0;2893.0;16507.0
220400;19454.0;2947.0;16507.0
220500;19859.0;2923.0;16936.0
220600;19736.0;2917.0;16819.0
220700;20324.0;2959.0;17365.0
220800;19871.0;2935.0;16936.0
220900;19690.0;2917.0;16773.0
221000;19827.0;2854.0;16973.0
221100;19850.0;2797.0;17053.0
221200;19675.5;3022.5;16653.0
221300;19936.0;2963.0;16973.0
221400;20035.5;3022.5;17013.0
221500;20049.0;3036.0;17013.0
221600;19997.5;2971.0;17026.5
221700;19635.0;2958.0;16677.0
221800;20008.0;2971.0;17037.0
221900;20048.0;2971.0;17077.0
222000;20048.0;2971.0;17077.0
222100;19968.0;2971.0;16997.0
222200;20101.0;2984.0;17117.0
222300;20101.0;2984.0;17117.0
222400;20127.0;3010.0;17117.0
222500;20042.5;2925.5;17117.0
222600;19997.0;2880.0;17117.0
222700;20101.0;2984.0;17117.0
222800;20094.5;2977.5;17117.0
222900;20141.0;2984.0;17157.0
223000;19998.0;2841.0;17157.0
223100;20128.0;2971.0;17157.0
223200;20248.0;2971.0;17277.0
223300;20168.0;2971.0;17197.0
223400;20048.0;2971.0;17077.0
223500;20168.0;2971.0;17197.0
223600;20168.0;2971.0;17197.0
223700;20168.0;2971.0;17197.0
223800;20142.0;2945.0;17197.0
223900;20208.0;2971.0;17237.0
224000;20195.0;2958.0;17237.0
224100;20195.0;2958.0;17237.0
224200;19569.0;2972.0;16597.0
224300;20211.5;2934.5;17277.0
224400;20264.0;2987.0;17277.0
224500;20144.0;2987.0;17157.0
224600;20384.0;2987.0;17397.0
224700;19824.0;2987.0;16837.0
224800;20264.0;2987.0;17277.0
224900;20319.0;3002.0;17317.0
225000;20319.0;3002.0;17317.0
225100;20754.0;2957.0;17797.0
225200;20366.5;3009.5;17357.0
225300;20296.5;2979.5;17317.0
225400;20674.5;3002.0;17672.5
225500;-767019.5;2979.5;-769999.0
225600;20366.5;3002.0;17364.5
225700;20397.5;3033.0;17364.5
225800;20380.5;3016.0;17364.5
225900;20402.0;2999.0;17403.0
226000;20479.0;2999.0;17480.0
226100;20444.5;3041.5;17403.0
226200;20117.5;3099.5;17018.0
226300;20469.5;3028.0;17441.5
226400;20498.0;3047.5;17450.5
226500;20491.5;3041.0;17450.5
226600;20604.0;3041.0;17563.0
226700;20491.5;3041.0;17450.5
226800;20338.5;2995.5;17343.0
226900;20569.0;3106.0;17463.0
227000;20504.0;3041.0;17463.0
227100;20530.0;3067.0;17463.0
227200;20544.0;3041.0;17503.0
227300;20544.0;3041.0;17503.0
227400;20544.0;3041.0;17503.0
227500;20544.0;3041.0;17503.0
227600;20557.0;3054.0;17503.0
227700;20670.5;3047.5;17623.0
227800;20451.0;3028.0;17423.0
227900;20571.0;3028.0;17543.0
228000;20638.0;3015.0;17623.0
228100;21090.0;3067.0;18023.0
228200;20611.0;3028.0;17583.0
228300;20730.0;3067.0;17663.0
228400;20617.0;3034.0;17583.0
228500;20512.0;3049.0;17463.0
228600;20632.0;3049.0;17583.0
228700;20632.0;3049.0;17583.0
228800;20632.0;3049.0;17583.0
228900;20606.0;2983.0;17623.0
229000;21146.0;3043.0;18103.0
229100;20651.0;3028.0;17623.0
229200;20592.0;3049.0;17543.0
229300;20580.0;3037.0;17543.0
229400;20592.0;3049.0;17543.0
229500;20712.0;3049.0;17663.0
229600;20706.0;3043.0;17663.0
229700;20674.0;3091.0;17583.0
229800;20706.0;3043.0;17663.0
229900;20746.0;3043.0;17703.0
230000;20746.0;3043.0;17703.0
230100;20294.0;3031.0;17263.0
230200;20792.0;3049.0;17743.0
230300;20325.0;3022.0;17303.0
230400;20792.0;3049.0;17743.0
230500;20783.0;3040.0;17743.0
230600;20792.0;3049.0;17743.0
230700;20694.0;3031.0;17663.0
230800;20792.0;3049.0;17743.0
230900;20832.0;3049.0;17783.0
231000;20826.0;3043.0;17783.0
231100;20805.0;3022.0;17783.0
231200;20872.0;3049.0;17823.0
231300;21260.5;3055.0;18205.5
231400;20689.0;3007.0;17682.0
231500;20809.0;3007.0;17802.0
231600;20755.0;3073.0;17682.0
231700;20791.0;2989.0;17802.0
231800;20777.0;3055.0;17722.0
231900;20903.0;3061.0;17842.0
232000;20911.0;3069.0;17842.0
232100;20939.0;3097.0;17842.0
232200;20951.0;3069.0;17882.0
232300;20895.0;3013.0;17882.0
232400;20831.0;3069.0;17762.0
232500;20671.0;3069.0;17602.0
232600;20295.5;3093.5;17202.0
232700;21071.0;3069.0;18002.0
232800;20998.0;3076.0;17922.0
232900;20998.0;3076.0;17922.0
233000;21005.0;3083.0;17922.0
233100;20998.0;3076.0;17922.0
233200;21118.0;3076.0;18042.0
233300;20918.0;3076.0;17842.0
233400;21038.0;3076.0;17962.0
233500;20765.0;3083.0;17682.0
233600;21052.0;3090.0;17962.0
233700;21122.0;3160.0;17962.0
233800;21165.0;3083.0;18082.0
233900;21593.0;3111.0;18482.0
234000;21092.0;3090.0;18002.0
234100;21172.0;3090.0;18082.0
234200;21139.0;3097.0;18042.0
234300;21139.0;3097.0;18042.0
234400;21540.5;3058.5;18482.0
234500;21121.5;3079.5;18042.0
234600;21139.0;3097.0;18042.0
234700;21252.0;3090.0;18162.0
234800;21076.0;3034.0;18042.0
234900;21172.0;3090.0;18082.0
235000;21252.0;3090.0;18162.0
235100;20692.0;3090.0;17602.0
235200;21212.0;3090.0;18122.0
235300;21652.0;3090.0;18562.0
235400;21092.0;3090.0;18002.0
235500;21092.0;3090.0;18002.0
235600;21212.0;3090.0;18122.0
235700;21132.0;3090.0;18042.0
235800;21125.0;3083.0;18042.0
235900;21346.5;3086.5;18260.0
236000;21266.0;3083.0;18183.0
236100;21266.0;3083.0;18183.0
236200;21304.5;3083.0;18221.5
236300;20881.0;3083.0;17798.0
236400;21325.5;3104.0;18221.5
236500;20902.0;3104.0;17798.0
236600;21360.5;3139.0;18221.5
236700;21366.5;3145.0;18221.5
236800;21367.5;3146.0;18221.5
236900;21406.0;3146.0;18260.0
237000;21339.5;3156.5;18183.0
237100;21483.0;3146.0;18337.0
237200;21105.5;3156.5;17949.0
237300;21448.0;3139.0;18309.0
237400;21015.0;3146.0;17869.0
237500;21455.0;3146.0;18309.0
237600;21575.0;3146.0;18429.0
237700;21015.0;3146.0;17869.0
237800;21448.0;3139.0;18309.0
237900;21488.0;3139.0;18349.0
238000;21495.0;3146.0;18349.0
238100;21415.0;3146.0;18269.0
238200;21563.0;3174.0;18389.0
238300;21542.0;3153.0;18389.0
238400;21425.5;3156.5;18269.0
238500;21662.0;3153.0;18509.0
238600;21422.0;3153.0;18269.0
238700;21542.0;3153.0;18389.0
238800;21542.0;3153.0;18389.0
238900;21582.0;3153.0;18429.0
239000;21725.0;3176.0;18549.0
239100;21590.0;3161.0;18429.0
239200;21627.0;3158.0;18469.0
239300;21621.0;3152.0;18469.0
239400;21627.0;3158.0;18469.0
239500;21505.5;3156.5;18349.0
239600;21654.0;3185.0;18469.0
239700;21627.0;3158.0;18469.0
239800;21627.0;3158.0;18469.0
239900;21650.5;3141.5;18509.0
240000;21700.0;3191.0;18509.0
240100;21670.0;3161.0;18509.0
240200;21790.0;3161.0;18629.0
240300;21714.5;3165.5;18549.0
240400;21590.0;3161.0;18429.0
240500;21710.0;3161.0;18549.0
240600;21273.0;3164.0;18109.0
240700;21707.0;3158.0;18549.0
240800;21737.0;3188.0;18549.0
240900;21753.0;3164.0;18589.0
241000;21673.0;3164.0;18509.0
241100;21753.0;3164.0;18589.0
241200;21676.0;3167.0;18509.0
241300;21873.0;3164.0;18709.0
241400;21913.0;3164.0;18749.0
241500;21637.5;3168.5;18469.0
241600;21806.5;3159.5;18647.0
241700;21890.0;3137.0;18753.0
241800;21800.0;3164.0;18636.0
241900;21839.0;3164.0;18675.0
242000;21912.5;3159.5;18753.0
242100;21755.0;3158.0;18597.0
242200;22451.0;3152.0;19299.0
242300;21875.0;3161.0;18714.0
242400;22004.5;3173.5;18831.0
242500;21890.0;3176.0;18714.0
242600;21929.0;3215.0;18714.0
242700;21924.5;3210.5;18714.0
242800;22056.5;3225.5;18831.0
242900;21965.0;3212.0;18753.0
243000;21965.0;3212.0;18753.0
243100;21611.0;3212.0;18399.0
243200;22011.0;3212.0;18799.0
243300;22328.0;3215.0;19113.0
243400;21910.0;3215.0;18695.0
243500;22051.0;3242.0;18809.0
243600;22030.0;3221.0;18809.0
243700;21678.0;3215.0;18463.0
243800;22038.0;3215.0;18823.0
243900;21441.0;3218.0;18223.0
244000;22083.0;3220.0;18863.0
244100;22085.0;3222.0;18863.0
244200;22128.0;3225.0;18903.0
244300;22127.0;3224.0;18903.0
244400;22127.0;3224.0;18903.0
244500;22127.0;3224.0;18903.0
244600;22007.0;3224.0;18783.0
244700;22049.0;3226.0;18823.0
244800;22127.0;3224.0;18903.0
244900;22167.0;3224.0;18943.0
245000;22248.0;3225.0;19023.0
245100;22249.0;3226.0;19023.0
245200;22207.0;3224.0;18983.0
245300;22216.0;3233.0;18983.0
245400;22887.0;3224.0;19663.0
245500;22209.0;3226.0;18983.0
245600;22207.0;3224.0;18983.0
245700;2211.0;-16772.0;18983.0
245800;22327.0;3224.0;19103.0
245900;22187.0;3244.0;18943.0
246000;22267.0;3244.0;19023.0
246100;22261.0;3238.0;19023.0
246200;21857.0;3234.0;18623.0
246300;22301.0;3238.0;19063.0
246400;22421.0;3238.0;19183.0
246500;22418.5;3235.5;19183.0
246600;22322.5;3259.5;19063.0
246700;22310.5;3247.5;19063.0
246800;22411.0;3228.0;19183.0
246900;22352.0;3249.0;19103.0
247000;22352.0;3249.0;19103.0
247100;22352.0;3249.0;19103.0
247200;21962.5;3259.5;18703.0
247300;22387.5;3244.5;19143.0
247400;22515.0;3252.0;19263.0
247500;22392.0;3249.0;19143.0
247600;22387.5;3244.5;19143.0
247700;22039.5;3256.5;18783.0
247800;22392.0;3249.0;19143.0
247900;22436.5;3253.5;19183.0
248000;22352.0;3249.0;19103.0
248100;22429.0;3246.0;19183.0
248200;22469.0;3246.0;19223.0
248300;22475.0;3252.0;19223.0
248400;22619.0;3252.0;19367.0
248500;22502.0;3249.0;19253.0
248600;22505.0;3252.0;19253.0
248700;22168.0;3261.0;18907.0
248800;22439.0;3252.0;19187.0
248900;22479.0;3252.0;19227.0
249000;22559.0;3252.0;19307.0
249100;22642.0;3255.0;19387.0
249200;22579.5;3232.5;19347.0
249300;22596.0;3249.0;19347.0
249400;22599.0;3252.0;19347.0
249500;22602.0;3255.0;19347.0
249600;22599.0;3252.0;19347.0
249700;22173.0;3266.0;18907.0
249800;22614.0;3267.0;19347.0
249900;22732.0;3265.0;19467.0
250000;22650.5;3263.5;19387.0
250100;22733.5;3266.5;19467.0
250200;22690.5;3263.5;19427.0
250300;22772.0;3265.0;19507.0
250400;22540.0;3273.0;19267.0
250500;22250.0;3263.0;18987.0
250600;22690.5;3263.5;19427.0
250700;22692.0;3265.0;19427.0
250800;22695.0;3268.0;19427.0
250900;22752.0;3265.0;19487.0
251000;22753.0;3266.0;19487.0
251100;22752.0;3265.0;19487.0
251200;22786.5;3261.5;19525.0
251300;22865.0;3264.0;19601.0
251400;23208.0;3265.0;19943.0
251500;22790.0;3265.0;19525.0
251600;22789.0;3264.0;19525.0
251700;22687.0;3264.0;19423.0
251800;22887.0;3264.0;19623.0
251900;22806.0;3263.0;19543.0
252000;22807.0;3264.0;19543.0
252100;23156.5;3264.0;19892.5
252200;22864.5;3264.0;19600.5
252300;22864.5;3264.0;19600.5
252400;22982.0;3272.0;19710.0
252500;22706.0;3264.0;19442.0
252600;22826.0;3264.0;19562.0
252700;22866.0;3264.0;19602.0
252800;22819.0;3257.0;19562.0
252900;22787.0;3265.0;19522.0
253000;22396.0;3274.0;19122.0
253100;22874.0;3272.0;19602.0
253200;22992.0;3270.0;19722.0
253300;22912.0;3270.0;19642.0
253400;22914.0;3272.0;19642.0
253500;22472.0;3270.0;19202.0
253600;23034.0;3272.0;19762.0
253700;22834.0;3272.0;19562.0
253800;22954.0;3272.0;19682.0
253900;22954.0;3272.0;19682.0
254000;22954.0;3272.0;19682.0
254100;22940.0;3258.0;19682.0
254200;22996.0;3274.0;19722.0
254300;22968.0;3246.0;19722.0
254400;22990.0;3268.0;19722.0
254500;22996.0;3274.0;19722.0
254600;23444.0;3282.0;20162.0
254700;23122.0;3280.0;19842.0
254800;23012.0;3290.0;19722.0
254900;23048.0;3286.0;19762.0
255000;22640.0;3278.0;19362.0
255100;23044.0;3282.0;19762.0
255200;23091.0;3289.0;19802.0
255300;23091.0;3289.0;19802.0
255400;22968.0;3286.0;19682.0
255500;23088.0;3286.0;19802.0
255600;23526.5;3284.5;20242.0
255700;23211.0;3289.0;19922.0
255800;23014.0;3292.0;19722.0
255900;23129.5;3287.5;19842.0
256000;23211.0;3289.0;19922.0
256100;23214.0;3292.0;19922.0
256200;23254.0;3292.0;19962.0
256300;23051.0;3289.0;19762.0
256400;23171.0;3289.0;19882.0
256500;23171.0;3289.0;19882.0
256600;23174.0;3292.0;19882.0
256700;23175.5;3293.5;19882.0
256800;23168.0;3286.0;19882.0
256900;23131.0;3289.0;19842.0
257000;23131.0;3289.0;19842.0
257100;23291.0;3289.0;20002.0
257200;23251.0;3289.0;19962.0
257300;23131.0;3289.0;19842.0
257400;23158.0;3316.0;19842.0
257500;22828.0;3306.0;19522.0
257600;23260.5;3298.5;19962.0
257700;23393.0;3311.0;20082.0
257800;23268.0;3306.0;19962.0
257900;23303.0;3301.0;20002.0
258000;23213.0;3291.0;19922.0
258100;23233.0;3311.0;19922.0
258200;23343.0;3301.0;20042.0
258300;23383.0;3341.0;20042.0
258400;23308.0;3266.0;20042.0
258500;23468.0;3306.0;20162.0
258600;23388.0;3346.0;20042.0
258700;23348.0;3306.0;20042.0
258800;23348.0;3306.0;20042.0
258900;23308.0;3306.0;20002.0
259000;23388.0;3306.0;20082.0
259100;23388.0;3306.0;20082.0
259200;23440.5;3318.5;20122.0
259300;23444.0;3322.0;20122.0
259400;23445.0;3323.0;20122.0
259500;23565.0;3323.0;20242.0
259600;23445.0;3323.0;20122.0
259700;23445.0;3323.0;20122.0
259800;23565.0;3323.0;20242.0
259900;23482.0;3320.0;20162.0
260000;22873.0;3351.0;19522.0
260100;23513.0;3351.0;20162.0
260200;24002.0;3360.0;20642.0
260300;23433.0;3351.0;20082.0
260400;23673.0;3351.0;20322.0
260500;23769.0;3327.0;20442.0
260600;23433.0;3351.0;20082.0
260700;23556.0;3354.0;20202.0
260800;23687.0;3365.0;20322.0
260900;23525.5;3363.5;20162.0
261000;23687.0;3365.0;20322.0
261100;23607.0;3365.0;20242.0
261200;23647.0;3365.0;20282.0
261300;23214.0;3372.0;19842.0
261400;23766.0;3364.0;20402.0
261500;23648.0;3366.0;20282.0
261600;23664.0;3382.0;20282.0
261700;23578.0;3376.0;20202.0
261800;23578.0;3376.0;20202.0
261900;23701.0;3379.0;20322.0
262000;23698.0;3376.0;20322.0
262100;23701.0;3379.0;20322.0
262200;23818.0;3376.0;20442.0
262300;23738.0;3376.0;20362.0
262400;23301.0;3379.0;19922.0
262500;23621.0;3379.0;20242.0
262600;23621.0;3379.0;20242.0
262700;23908.0;3346.0;20562.0
262800;23671.5;3379.0;20292.5
262900;23787.0;3379.0;20408.0
263000;23782.5;3374.5;20408.0
263100;23787.0;3379.0;20408.0
263200;23825.5;3379.0;20446.5
263300;23825.5;3379.0;20446.5
263400;23831.5;3385.0;20446.5
263500;23842.5;3396.0;20446.5
263600;23956.5;3394.5;20562.0
263700;23769.0;3399.5;20369.5
263800;23844.5;3398.0;20446.5
263900;23882.0;3397.0;20485.0
264000;23490.5;3393.5;20097.0
264100;23894.0;3397.0;20497.0
264200;23493.0;3396.0;20097.0
264300;24016.0;3399.0;20617.0
264400;24054.0;3397.0;20657.0
264500;23573.0;3396.0;20177.0
264600;23935.0;3398.0;20537.0
264700;23931.0;3394.0;20537.0
264800;23934.0;3397.0;20537.0
264900;23975.0;3398.0;20577.0
265000;23974.0;3397.0;20577.0
265100;23894.0;3397.0;20497.0
265200;24013.0;3396.0;20617.0
265300;24012.5;3395.5;20617.0
265400;23335.5;3398.5;19937.0
265500;24131.5;3394.5;20737.0
265600;24014.0;3397.0;20617.0
265700;24067.0;3396.0;20671.0
265800;24033.0;3401.0;20632.0
265900;24067.0;3396.0;20671.0
266000;24068.0;3397.0;20671.0
266100;24062.5;3391.5;20671.0
266200;24115.0;3405.0;20710.0
266300;24115.0;3405.0;20710.0
266400;24105.5;3395.5;20710.0
266500;23677.0;3396.0;20281.0
266600;23678.5;3397.5;20281.0
266700;24086.5;3376.5;20710.0
266800;24799.0;3426.0;21373.0
266900;24166.0;3417.0;20749.0
267000;24088.0;3417.0;20671.0
267100;24175.0;3426.0;20749.0
267200;24205.0;3417.0;20788.0
267300;24589.0;3489.0;21100.0
267400;24353.5;3448.5;20905.0
267500;24268.0;3480.0;20788.0
267600;24196.0;3408.0;20788.0
267700;24322.0;3417.0;20905.0
267800;24322.0;3417.0;20905.0
267900;24257.5;3430.5;20827.0
268000;24868.0;3417.0;21451.0
268100;24244.0;3417.0;20827.0
268200;24289.0;3345.0;20944.0
268300;24301.0;3435.0;20866.0
268400;24646.5;3351.5;21295.0
268500;24322.0;3456.0;20866.0
268600;24322.0;3456.0;20866.0
268700;23969.0;3456.0;20513.0
268800;24329.0;3456.0;20873.0
268900;24369.0;3456.0;20913.0
269000;24298.5;3465.5;20833.0
269100;24350.0;3437.0;20913.0
269200;24447.0;3494.0;20953.0
269300;24390.0;3437.0;20953.0
269400;24371.0;3418.0;20953.0
269500;24398.0;3445.0;20953.0
269600;24491.0;3418.0;21073.0
269700;24482.0;3409.0;21073.0
269800;24398.0;3445.0;20953.0
269900;24500.0;3427.0;21073.0
270000;24447.0;3454.0;20993.0
270100;24340.0;3427.0;20913.0
270200;24478.0;3445.0;21033.0
270300;24451.0;3418.0;21033.0
270400;24478.0;3445.0;21033.0
270500;24478.0;3445.0;21033.0
270600;24478.0;3445.0;21033.0
270700;24358.0;3445.0;20913.0
270800;24407.0;3454.0;20953.0
270900;24590.0;3517.0;21073.0
271000;24456.0;3463.0;20993.0
271100;24616.0;3463.0;21153.0
271200;24558.0;3445.0;21113.0
271300;24585.0;3472.0;21113.0
271400;24438.0;3445.0;20993.0
271500;24456.0;3463.0;20993.0
271600;24258.0;3265.0;20993.0
271700;24576.0;3463.0;21113.0
271800;25016.0;3463.0;21553.0
271900;24616.0;3463.0;21153.0
272000;24598.0;3445.0;21153.0
272100;24634.0;3481.0;21153.0
272200;24656.0;3463.0;21193.0
272300;24440.0;3607.0;20833.0
272400;24746.0;3553.0;21193.0
272500;24971.5;3463.0;21508.5
272600;24663.5;3463.0;21200.5
272700;24663.5;3463.0;21200.5
272800;24663.5;3463.0;21200.5
272900;24729.0;3490.0;21239.0
273000;24779.0;3463.0;21316.0
273100;24797.0;3481.0;21316.0
273200;24884.5;3607.0;21277.5
273300;24629.0;3351.5;21277.5
273400;24995.0;3294.0;21701.0
273500;24124.0;3501.0;20623.0
273600;24686.5;3409.0;21277.5
273700;24755.5;3478.0;21277.5
273800;25156.0;3455.0;21701.0
273900;25210.0;3432.0;21778.0
274000;24794.0;3478.0;21316.0
274100;24648.0;3409.0;21239.0
274200;24855.5;3501.0;21354.5
274300;24848.5;3494.0;21354.5
274400;24758.0;3519.0;21239.0
274500;24898.5;3544.0;21354.5
274600;24873.5;3519.0;21354.5
274700;24873.5;3519.0;21354.5
274800;24898.5;3544.0;21354.5
274900;24296.0;3519.0;20777.0
275000;24912.0;3519.0;21393.0
275100;25374.0;3519.0;21855.0
275200;24950.5;3519.0;21431.5
275300;24950.5;3519.0;21431.5
275400;25091.0;3544.0;21547.0
275500;24488.5;3481.5;21007.0
275600;25072.0;3519.0;21553.0
275700;25059.5;3506.5;21553.0
275800;24955.0;3519.0;21436.0
275900;24994.0;3519.0;21475.0
276000;24994.0;3519.0;21475.0
276100;25072.0;3519.0;21553.0
276200;25108.0;3594.0;21514.0
276300;24629.0;3544.0;21085.0
276400;25350.0;3719.0;21631.0
276500;24916.0;3519.0;21397.0
276600;25150.0;3519.0;21631.0
276700;24878.5;3481.5;21397.0
276800;25058.0;3544.0;21514.0
276900;25150.0;3519.0;21631.0
277000;25047.0;3494.0;21553.0
277100;24566.5;3481.5;21085.0
277200;25164.0;3494.0;21670.0
277300;25086.0;3494.0;21592.0
277400;24969.0;3494.0;21475.0
277500;25086.0;3494.0;21592.0
277600;25123.5;3531.5;21592.0
277700;25086.0;3494.0;21592.0
277800;25098.5;3506.5;21592.0
277900;25282.5;3456.5;21826.0
278000;25178.0;3469.0;21709.0
278100;25300.0;3669.0;21631.0
278200;25126.5;3456.5;21670.0
278300;25114.0;3444.0;21670.0
278400;25139.0;3469.0;21670.0
278500;25114.0;3444.0;21670.0
278600;25089.0;3419.0;21670.0
278700;25001.5;3331.5;21670.0
278800;25364.0;3694.0;21670.0
278900;25206.0;3419.0;21787.0
279000;25128.0;3419.0;21709.0
279100;25053.0;3344.0;21709.0
279200;25207.5;3381.5;21826.0
279300;25167.0;3419.0;21748.0
279400;25167.0;3419.0;21748.0
279500;25259.0;3394.0;21865.0
279600;25142.0;3394.0;21748.0
279700;25167.0;3419.0;21748.0
279800;25454.0;3394.0;22060.0
279900;25218.5;3431.5;21787.0
280000;25569.5;3431.5;22138.0
280100;25259.0;3394.0;21865.0
280200;25245.0;3419.0;21826.0
280300;25245.0;3419.0;21826.0
280400;25245.0;3419.0;21826.0
280500;25090.5;3381.5;21709.0
280600;25207.5;3381.5;21826.0
280700;25474.0;3219.0;22255.0
280800;25562.0;3619.0;21943.0
280900;25284.0;3419.0;21865.0
281000;25284.0;3419.0;21865.0
281100;25284.0;3419.0;21865.0
281200;25337.0;3433.0;21904.0
281300;25234.0;3447.0;21787.0
281400;25380.0;3476.0;21904.0
281500;26043.0;3476.0;22567.0
281600;25394.0;3490.0;21904.0
281700;25394.0;3490.0;21904.0
281800;25637.0;3733.0;21904.0
281900;25460.0;3517.0;21943.0
282000;25595.0;3652.0;21943.0
282100;25457.0;3436.0;22021.0
282200;25499.0;3517.0;21982.0
282300;25539.5;3557.5;21982.0
282400;25539.5;3557.5;21982.0
282500;25620.5;3638.5;21982.0
282600;25394.0;3529.0;21865.0
282700;25547.0;3565.0;21982.0
282800;25118.0;3565.0;21553.0
282900;25586.0;3565.0;22021.0
283000;25560.0;3529.0;22031.0
283100;25608.0;3577.0;22031.0
283200;25658.0;3589.0;22069.0
283300;25688.0;3505.0;22183.0
283400;25240.0;3589.0;21651.0
283500;25796.0;3613.0;22183.0
283600;25658.0;3589.0;22069.0
283700;25658.0;3589.0;22069.0
283800;25622.0;3553.0;22069.0
283900;25720.0;3613.0;22107.0
284000;25696.0;3589.0;22107.0
284100;25592.0;3589.0;22003.0
284200;25712.0;3589.0;22123.0
284300;25592.0;3589.0;22003.0
284400;25712.0;3589.0;22123.0
284500;25712.0;3589.0;22123.0
284600;25712.0;3589.0;22123.0
284700;25856.0;3613.0;22243.0
284800;25632.0;3589.0;22043.0
284900;25776.0;3613.0;22163.0
285000;25776.0;3613.0;22163.0
285100;25752.0;3589.0;22163.0
285200;25672.0;3589.0;22083.0
285300;25756.0;3553.0;22203.0
285400;25856.0;3653.0;22203.0
285500;25827.0;3624.0;22203.0
285600;25696.0;3653.0;22043.0
285700;25481.5;3638.5;21843.0
285800;25769.0;3566.0;22203.0
285900;25881.5;3638.5;22243.0
286000;25838.0;3595.0;22243.0
286100;25758.0;3595.0;22163.0
286200;25887.0;3595.0;22292.0
286300;25887.0;3595.0;22292.0
286400;26090.0;3798.0;22292.0
286500;25755.5;3580.5;22175.0
286600;25887.0;3595.0;22292.0
286700;25887.0;3595.0;22292.0
286800;26018.5;3609.5;22409.0
286900;25940.5;3609.5;22331.0
287000;25853.5;3522.5;22331.0
287100;25897.0;3566.0;22331.0
287200;26014.0;3566.0;22448.0
287300;25907.0;3537.0;22370.0
287400;26168.0;3798.0;22370.0
287500;25936.0;3566.0;22370.0
287600;25819.0;3566.0;22253.0
287700;25892.5;3522.5;22370.0
287800;25965.0;3595.0;22370.0
287900;25897.0;3566.0;22331.0
288000;25931.5;3522.5;22409.0
288100;25975.0;3566.0;22409.0
288200;25985.0;3537.0;22448.0
288300;25925.0;3594.0;22331.0
288400;26042.0;3594.0;22448.0
288500;26042.0;3594.0;22448.0
288600;26029.5;3581.5;22448.0
288700;26067.0;3619.0;22448.0
288800;25867.0;3419.0;22448.0
288900;26081.0;3594.0;22487.0
289000;26457.0;3619.0;22838.0
289100;26356.0;3869.0;22487.0
289200;26028.0;3619.0;22409.0
289300;26145.0;3619.0;22526.0
289400;25737.0;3640.0;22097.0
289500;26236.0;3710.0;22526.0
289600;25709.0;3612.0;22097.0
289700;26595.0;3640.0;22955.0
289800;26166.0;3640.0;22526.0
289900;26255.0;3612.0;22643.0
290000;26253.0;3766.0;22487.0
290100;25875.0;3388.0;22487.0
290200;26076.0;3472.0;22604.0
290300;26244.0;3640.0;22604.0
290400;26216.0;3612.0;22604.0
290500;26216.0;3612.0;22604.0
290600;26244.0;3640.0;22604.0
290700;26244.0;3640.0;22604.0
290800;26468.0;3864.0;22604.0
290900;26311.0;3668.0;22643.0
291000;26241.0;3598.0;22643.0
291100;26119.0;3640.0;22479.0
291200;26275.0;3716.0;22559.0
291300;26363.0;3684.0;22679.0
291400;26347.0;3668.0;22679.0
291500;26347.0;3668.0;22679.0
291600;26347.0;3668.0;22679.0
291700;26427.0;3748.0;22679.0
291800;26315.0;3636.0;22679.0
291900;26451.0;3732.0;22719.0
292000;26206.0;3487.0;22719.0
292100;26401.0;3682.0;22719.0
292200;26448.0;3689.0;22759.0
292300;26760.5;3689.0;23071.5
292400;26460.5;3689.0;22771.5
292500;26500.5;3729.0;22771.5
292600;26173.0;3289.0;22884.0
292700;26460.5;3689.0;22771.5
292800;26500.5;3729.0;22771.5
292900;26948.0;3689.0;23259.0
293000;26538.0;3729.0;22809.0
293100;26538.0;3729.0;22809.0
293200;26575.5;3729.0;22846.5
293300;26575.5;3729.0;22846.5
293400;26688.0;3729.0;22959.0
293500;26748.0;3789.0;22959.0
293600;26575.5;3729.0;22846.5
293700;26655.5;3809.0;22846.5
293800;26615.5;3769.0;22846.5
293900;26408.0;3449.0;22959.0
294000;26653.0;3769.0;22884.0
294100;26653.0;3769.0;22884.0
294200;26650.5;3729.0;22921.5
294300;26503.0;3729.0;22774.0
294400;26503.0;3729.0;22774.0
294500;26623.0;3729.0;22894.0
294600;26743.0;3729.0;23014.0
294700;27323.0;3989.0;23334.0
294800;26663.0;3729.0;22934.0
294900;26723.0;3789.0;22934.0
295000;26603.0;3669.0;22934.0
295100;26303.0;3729.0;22574.0
295200;26863.0;3809.0;23054.0
295300;26703.0;3729.0;22974.0
295400;26755.0;3781.0;22974.0
295500;26635.0;3781.0;22854.0
295600;27100.0;3707.0;23393.0
295700;27100.0;3707.0;23393.0
295800;26698.5;3707.0;22991.5
295900;26698.0;3670.0;23028.0
296000;27031.0;4003.0;23028.0
296100;26735.0;3707.0;23028.0
296200;26864.5;3836.5;23028.0
296300;26771.5;3707.0;23064.5
296400;26512.5;3448.0;23064.5
296500;26938.0;3873.5;23064.5
296600;26845.5;3781.0;23064.5
296700;26808.5;3744.0;23064.5
296800;26512.5;3448.0;23064.5
296900;26845.0;3744.0;23101.0
297000;26937.5;3836.5;23101.0
297100;26845.0;3744.0;23101.0
297200;26918.5;3781.0;23137.5
297300;26723.0;3744.0;22979.0
297400;26769.0;3670.0;23099.0
297500;27043.0;3744.0;23299.0
297600;26874.0;3765.0;23109.0
297700;26988.0;3765.0;23223.0
297800;26988.0;3765.0;23223.0
297900;26946.0;3799.0;23147.0
298000;27317.0;3714.0;23603.0
298100;26428.0;3629.0;22799.0
298200;27275.0;3765.0;23510.0
298300;26451.0;3574.0;22877.0
298400;27124.0;3779.0;23345.0
298500;27007.0;3779.0;23228.0
298600;26960.0;3849.0;23111.0
298700;26900.0;3789.0;23111.0
298800;27017.0;3789.0;23228.0
298900;26990.0;3789.0;23201.0
299000;27419.5;3789.0;23630.5
299100;26989.0;3809.0;23180.0
299200;27049.0;3749.0;23300.0
299300;26929.0;3749.0;23180.0
299400;27109.0;3689.0;23420.0
299500;27169.0;3749.0;23420.0
299600;26889.0;3709.0;23180.0
299700;27049.0;3749.0;23300.0
299800;26529.0;3669.0;22860.0
299900;27089.0;3669.0;23420.0
300000;27030.0;3690.0;23340.0
300100;27030.0;3690.0;23340.0
300200;27070.0;3690.0;23380.0
300300;27070.0;3690.0;23380.0
300400;27070.0;3690.0;23380.0
300500;26913.0;3653.0;23260.0
300600;26913.0;3653.0;23260.0
300700;26959.0;3579.0;23380.0
300800;26996.0;3616.0;23380.0
300900;27134.0;3714.0;23420.0
301000;27551.0;3651.0;23900.0
301100;27113.0;3693.0;23420.0
301200;27527.0;3987.0;23540.0
301300;26841.0;3501.0;23340.0
301400;27015.0;3555.0;23460.0
301500;26934.0;3474.0;23460.0
301600;27015.0;3555.0;23460.0
301700;27015.0;3555.0;23460.0
301800;27015.0;3555.0;23460.0
301900;27159.0;3555.0;23604.0
302000;-756358.0;3066.0;-759424.0
302100;27050.0;3522.0;23528.0
302200;27145.0;3579.0;23566.0
302300;27715.0;4149.0;23566.0
302400;27202.0;3636.0;23566.0
302500;27088.0;3522.0;23566.0
302600;26742.0;3522.0;23220.0
302700;27102.0;3522.0;23580.0
302800;26605.0;3465.0;23140.0
302900;27336.0;3636.0;23700.0
303000;27199.0;3579.0;23620.0
303100;27199.0;3579.0;23620.0
303200;27210.5;3550.5;23660.0
303300;27296.0;3636.0;23660.0
303400;27176.0;3636.0;23540.0
303500;27381.5;3721.5;23660.0
303600;27473.0;3693.0;23780.0
303700;27367.0;3707.0;23660.0
303800;27394.5;3734.5;23660.0
303900;27709.5;4009.5;23700.0
304000;26941.0;3721.0;23220.0
304100;27421.0;3721.0;23700.0
304200;27261.5;3641.5;23620.0
304300;27288.0;3668.0;23620.0
304400;27288.0;3668.0;23620.0
304500;27701.0;3721.0;23980.0
304600;27408.0;3668.0;23740.0
304700;27461.0;3721.0;23740.0
304800;27991.0;4251.0;23740.0
304900;27501.0;3721.0;23780.0
305000;27501.0;3721.0;23780.0
305100;27580.5;3800.5;23780.0
305200;27541.0;3721.0;23820.0
305300;27740.5;3800.5;23940.0
305400;27541.0;3721.0;23820.0
305500;27541.0;3721.0;23820.0
305600;27647.0;3827.0;23820.0
305700;27594.0;3774.0;23820.0
305800;27981.0;3721.0;24260.0
305900;27554.0;3774.0;23780.0
306000;27634.0;3774.0;23860.0
306100;27662.0;3802.0;23860.0
306200;28158.0;4258.0;23900.0
306300;27616.5;3716.5;23900.0
306400;27730.0;3830.0;23900.0
306500;27730.0;3830.0;23900.0
306600;27650.5;3750.5;23900.0
306700;27557.0;3777.0;23780.0
306800;27717.5;3697.5;24020.0
306900;27717.0;3777.0;23940.0
307000;27770.0;3830.0;23940.0
307100;27797.0;3777.0;24020.0
307200;27757.0;3777.0;23980.0
307300;27718.0;3618.0;24100.0
307400;27778.0;3798.0;23980.0
307500;27718.0;3858.0;23860.0
307600;27898.0;3798.0;24100.0
307700;27838.0;3858.0;23980.0
307800;27778.0;3798.0;23980.0
307900;27758.0;3738.0;24020.0
308000;27818.0;3798.0;24020.0
308100;27758.0;3738.0;24020.0
308200;27798.0;3738.0;24060.0
308300;27888.0;3828.0;24060.0
308400;27798.0;3738.0;24060.0
308500;27858.0;3798.0;24060.0
308600;28038.0;3858.0;24180.0
308700;27888.0;3828.0;24060.0
308800;27858.0;3798.0;24060.0
308900;27898.0;3798.0;24100.0
309000;27758.0;3738.0;24020.0
309100;27838.0;3738.0;24100.0
309200;27838.0;3738.0;24100.0
309300;27878.0;3858.0;24020.0
309400;27938.0;3798.0;24140.0
309500;28418.0;4278.0;24140.0
309600;27938.0;3798.0;24140.0
309700;27938.0;3798.0;24140.0
309800;27918.0;3738.0;24180.0
309900;27838.0;3738.0;24100.0
310000;27918.0;3738.0;24180.0
310100;27858.0;3678.0;24180.0
310200;27778.0;3678.0;24100.0
310300;27958.0;3738.0;24220.0
310400;27958.0;3738.0;24220.0
310500;28578.0;3678.0;24900.0
310600;28108.0;3888.0;24220.0
310700;27798.0;3738.0;24060.0
310800;28198.0;3858.0;24340.0
310900;27698.0;3438.0;24260.0
311000;27938.0;3678.0;24260.0
311100;27848.0;3588.0;24260.0
311200;28328.0;3588.0;24740.0
311300;27978.0;3678.0;24300.0
311400;27918.0;3618.0;24300.0
311500;27918.0;3618.0;24300.0
311600;27918.0;3618.0;24300.0
311700;27456.0;3138.0;24318.0
311800;27800.0;3558.0;24242.0
311900;28430.0;3618.0;24812.0
312000;27974.0;3618.0;24356.0
312100;27974.0;3618.0;24356.0
312200;28012.0;3618.0;24394.0
312300;28012.0;3618.0;24394.0
312400;28102.0;3708.0;24394.0
312500;28102.0;3708.0;24394.0
312600;28132.0;3738.0;24394.0
312700;28492.0;4098.0;24394.0
312800;28201.5;3769.5;24432.0
312900;27909.5;3477.5;24432.0
313000;28019.0;3587.0;24432.0
313100;28019.0;3587.0;24432.0
313200;28133.0;3587.0;24546.0
313300;28130.0;3660.0;24470.0
313400;28130.0;3660.0;24470.0
313500;28349.0;3879.0;24470.0
313600;27973.5;3769.5;24204.0
313700;28458.0;3747.0;24711.0
313800;28270.0;3676.0;24594.0
313900;28369.5;3853.5;24516.0
314000;28614.0;3747.0;24867.0
314100;28263.0;3747.0;24516.0
314200;28316.0;3761.0;24555.0
314300;27887.0;3761.0;24126.0
314400;28316.0;3761.0;24555.0
314500;28316.0;3761.0;24555.0
314600;28191.5;3519.5;24672.0
314700;28316.0;3761.0;24555.0
314800;27963.0;3761.0;24202.0
314900;28915.0;4313.0;24602.0
315000;28432.0;3830.0;24602.0
315100;28363.0;3761.0;24602.0
315200;28403.0;3761.0;24642.0
315300;28424.0;3782.0;24642.0
315400;28325.0;3683.0;24642.0
315500;27698.0;3056.0;24642.0
315600;28370.0;3848.0;24522.0
315700;28358.0;3716.0;24642.0
315800;28358.0;3716.0;24642.0
315900;28252.0;3650.0;24602.0
316000;28464.0;3782.0;24682.0
316100;28464.0;3782.0;24682.0
316200;28430.0;3828.0;24602.0
316300;28464.0;3862.0;24602.0
316400;28532.0;3930.0;24602.0
316500;28516.0;3794.0;24722.0
316600;28652.0;3930.0;24722.0
316700;28652.0;3930.0;24722.0
316800;28584.0;3862.0;24722.0
316900;28636.0;3794.0;24842.0
317000;29100.0;4338.0;24762.0
317100;28772.0;3930.0;24842.0
317200;28664.0;3862.0;24802.0
317300;29276.0;4474.0;24802.0
317400;28596.0;3794.0;24802.0
317500;28800.0;3998.0;24802.0
317600;28766.0;3964.0;24802.0
317700;28852.0;3930.0;24922.0
317800;28732.0;3930.0;24802.0
317900;28772.0;3930.0;24842.0
318000;28772.0;3930.0;24842.0
318100;28704.0;3862.0;24842.0
318200;28948.0;4066.0;24882.0
318300;28744.0;3862.0;24882.0
318400;28676.0;3794.0;24882.0
318500;28726.0;3964.0;24762.0
318600;28744.0;3862.0;24882.0
318700;28710.0;3828.0;24882.0
318800;29352.0;4030.0;25322.0
318900;28880.0;3958.0;24922.0
319000;28880.0;3958.0;24922.0
319100;28880.0;3958.0;24922.0
319200;28800.0;3958.0;24842.0
319300;28728.0;3886.0;24842.0
319400;28848.0;3886.0;24962.0
319500;28920.0;3958.0;24962.0
319600;29040.0;3958.0;25082.0
319700;29148.0;4066.0;25082.0
319800;29028.0;4066.0;24962.0
319900;28480.0;3958.0;24522.0
320000;28960.0;3958.0;25002.0
320100;28960.0;3958.0;25002.0
320200;28964.0;3922.0;25042.0
320300;28544.0;3382.0;25162.0
320400;28748.0;3706.0;25042.0
320500;28880.0;3958.0;24922.0
320600;29000.0;3958.0;25042.0
320700;29048.0;3886.0;25162.0
320800;28632.0;4030.0;24602.0
320900;29004.0;3922.0;25082.0
321000;28712.0;4030.0;24682.0
321100;29061.0;3979.0;25082.0
321200;29170.0;4048.0;25122.0
321300;29239.0;4117.0;25122.0
321400;29170.0;4048.0;25122.0
321500;28618.0;3496.0;25122.0
321600;29239.0;4117.0;25122.0
321700;29170.0;4048.0;25122.0
321800;29228.0;4186.0;25042.0
321900;28913.5;4151.5;24762.0
322000;29359.0;4117.0;25242.0
322100;29210.0;4048.0;25162.0
322200;29250.0;4048.0;25202.0
322300;29181.0;3979.0;25202.0
322400;29301.0;3979.0;25322.0
322500;29181.0;3979.0;25202.0
322600;29319.0;4117.0;25202.0
322700;29250.0;4048.0;25202.0
322800;29250.0;4048.0;25202.0
322900;29290.0;4048.0;25242.0
323000;29290.0;4048.0;25242.0
323100;29210.0;4048.0;25162.0
323200;29192.0;3910.0;25282.0
323300;28821.0;3979.0;24842.0
323400;29450.0;4048.0;25402.0
323500;29330.0;4048.0;25282.0
323600;29330.0;4048.0;25282.0
323700;29226.5;3944.5;25282.0
323800;29330.0;4048.0;25282.0
323900;29232.0;3910.0;25322.0
324000;29301.0;3979.0;25322.0
324100;29381.0;3979.0;25402.0
324200;28789.0;3427.0;25362.0
324300;29272.0;3910.0;25362.0
324400;29324.5;4082.5;25242.0
324500;29461.0;3979.0;25482.0
324600;29296.0;3934.0;25362.0
324700;29659.0;4297.0;25362.0
324800;29362.0;4000.0;25362.0
324900;29714.0;4000.0;25714.0
325000;29410.0;4000.0;25410.0
325100;29476.0;4066.0;25410.0
325200;29491.0;3967.0;25524.0
325300;29448.0;4000.0;25448.0
325400;29892.0;4330.0;25562.0
325500;29976.0;4528.0;25448.0
325600;29448.0;4000.0;25448.0
325700;29448.0;4000.0;25448.0
325800;29448.0;4000.0;25448.0
325900;30602.0;4660.0;25942.0
326000;29420.0;3934.0;25486.0
326100;28816.0;3406.0;25410.0
326200;29458.0;3934.0;25524.0
326300;29533.0;4000.0;25533.0
326400;29434.0;3901.0;25533.0
326500;29500.0;3967.0;25533.0
326600;29665.0;4132.0;25533.0
326700;29533.0;4000.0;25533.0
326800;29533.0;4000.0;25533.0
326900;28948.0;4000.0;24948.0
327000;29638.0;4066.0;25572.0
327100;29671.0;4099.0;25572.0
327200;29677.0;4066.0;25611.0
327300;30172.0;4132.0;26040.0
327400;30205.0;4594.0;25611.0
327500;29611.0;4000.0;25611.0
327600;29677.0;4066.0;25611.0
327700;29743.0;4132.0;25611.0
327800;29794.0;4066.0;25728.0
327900;29794.0;4066.0;25728.0
328000;30244.0;4594.0;25650.0
328100;29716.0;4066.0;25650.0
328200;29755.0;4066.0;25689.0
328300;29656.0;3967.0;25689.0
328400;29755.0;4066.0;25689.0
328500;29755.0;4066.0;25689.0
328600;29572.0;4000.0;25572.0
328700;29920.0;4231.0;25689.0
328800;29755.0;4066.0;25689.0
328900;29584.0;3934.0;25650.0
329000;29728.0;4000.0;25728.0
329100;30145.0;4066.0;26079.0
329200;29734.0;3967.0;25767.0
329300;29833.0;4066.0;25767.0
329400;30142.0;4375.0;25767.0
329500;29847.0;4080.0;25767.0
329600;29671.0;4021.0;25650.0
329700;29788.0;4021.0;25767.0
329800;29570.5;3814.5;25756.0
329900;29227.0;3431.0;25796.0
330000;29817.0;4021.0;25796.0
330100;29905.5;4109.5;25796.0
330200;29857.0;4021.0;25836.0
330300;29768.5;3932.5;25836.0
330400;29768.5;3932.5;25836.0
330500;29798.0;3962.0;25836.0
330600;29798.0;3962.0;25836.0
330700;29798.0;3962.0;25836.0
330800;29797.0;3961.0;25836.0
330900;30410.0;4054.0;26356.0
331000;29744.0;3868.0;25876.0
331100;29886.0;3930.0;25956.0
331200;29784.0;3868.0;25916.0
331300;29846.0;3930.0;25916.0
331400;29846.0;3930.0;25916.0
331500;29784.0;3868.0;25916.0
331600;29784.0;3868.0;25916.0
331700;29784.0;3868.0;25916.0
331800;29660.0;3744.0;25916.0
331900;29793.0;3837.0;25956.0
332000;29824.0;3868.0;25956.0
332100;29966.0;3930.0;26036.0
332200;29802.0;3806.0;25996.0
332300;29306.0;3310.0;25996.0
332400;29802.0;3806.0;25996.0
332500;29922.0;3806.0;26116.0
332600;29860.0;3744.0;26116.0
332700;29558.0;3682.0;25876.0
332800;29802.0;3806.0;25996.0
332900;29561.0;3445.0;26116.0
333000;29866.0;3830.0;26036.0
333100;29866.0;3830.0;26036.0
333200;30381.0;3865.0;26516.0
333300;29906.0;3830.0;26076.0
333400;30011.0;3935.0;26076.0
333500;29936.0;3860.0;26076.0
333600;29795.5;3839.5;25956.0
333700;29759.0;3803.0;25956.0
333800;29872.0;3876.0;25996.0
333900;29955.5;3839.5;26116.0
334000;30649.0;4533.0;26116.0
334100;30065.0;3949.0;26116.0
334200;30018.0;4022.0;25996.0
334300;29959.0;3803.0;26156.0
334400;30032.0;3876.0;26156.0
334500;29672.0;3876.0;25796.0
334600;29922.5;3766.5;26156.0
334700;29959.0;3803.0;26156.0
334800;29959.0;3803.0;26156.0
334900;29926.0;3730.0;26196.0
335000;29999.0;3803.0;26196.0
335100;30072.0;3876.0;26196.0
335200;29992.0;3876.0;26116.0
335300;30232.0;3876.0;26356.0
335400;30221.5;3985.5;26236.0
335500;30185.0;3949.0;26236.0
335600;29879.0;3803.0;26076.0
335700;30112.0;3876.0;26236.0
335800;30112.0;3876.0;26236.0
335900;30152.0;3876.0;26276.0
336000;30736.0;4460.0;26276.0
336100;30016.0;3820.0;26196.0
336200;30016.0;3700.0;26316.0
336300;30056.0;3740.0;26316.0
336400;30865.0;4540.0;26325.0
336500;30748.0;4540.0;26208.0
336600;30214.0;3900.0;26314.0
336700;30214.0;3900.0;26314.0
336800;29894.0;3580.0;26314.0
336900;30454.0;4100.0;26354.0
337000;30254.0;3980.0;26274.0
337100;30134.0;3860.0;26274.0
337200;30254.0;3980.0;26274.0
337300;30294.0;3900.0;26394.0
337400;29974.0;3580.0;26394.0
337500;30414.0;3900.0;26514.0
337600;30374.0;3980.0;26394.0
337700;30294.0;3900.0;26394.0
337800;30683.5;3980.0;26703.5
337900;31148.0;4700.0;26448.0
338000;30348.0;3900.0;26448.0
338100;29644.0;3780.0;25864.0
338200;30384.5;3900.0;26484.5
338300;30384.5;3900.0;26484.5
338400;30384.5;3900.0;26484.5
338500;30424.5;3940.0;26484.5
338600;30184.5;3700.0;26484.5
338700;30346.0;3900.0;26446.0
338800;30186.0;3820.0;26366.0
338900;30306.0;3820.0;26486.0
339000;30146.0;3660.0;26486.0
339100;30266.0;3780.0;26486.0
339200;30866.0;4460.0;26406.0
339300;30466.0;3940.0;26526.0
339400;29986.0;3820.0;26166.0
339500;30346.0;3820.0;26526.0
339600;30346.0;3820.0;26526.0
339700;30266.0;3740.0;26526.0
339800;30826.0;4380.0;26446.0
339900;30386.0;3740.0;26646.0
340000;30306.0;3740.0;26566.0
340100;30306.0;3740.0;26566.0
340200;30477.0;3780.0;26697.0
340300;30439.0;3820.0;26619.0
340400;30479.0;3860.0;26619.0
340500;31022.0;3740.0;27282.0
340600;30359.0;3740.0;26619.0
340700;30788.0;3740.0;27048.0
340800;30281.0;3740.0;26541.0
340900;30476.0;3740.0;26736.0
341000;30320.0;3740.0;26580.0
341100;30398.0;3740.0;26658.0
341200;30557.0;3860.0;26697.0
341300;30437.0;3740.0;26697.0
341400;30437.0;3740.0;26697.0
341500;30946.0;3820.0;27126.0
341600;30434.0;3620.0;26814.0
341700;30517.0;3820.0;26697.0
341800;30554.0;3740.0;26814.0
341900;30476.0;3740.0;26736.0
342000;30554.0;3740.0;26814.0
342100;29852.0;3740.0;26112.0
342200;30495.0;3620.0;26875.0
342300;30461.0;3660.0;26801.0
342400;30239.0;3460.0;26779.0
342500;30402.0;3740.0;26662.0
342600;30599.0;3820.0;26779.0
342700;30246.0;3820.0;26426.0
342800;30526.0;3740.0;26786.0
342900;30366.0;3820.0;26546.0
343000;30566.0;3820.0;26746.0
343100;30486.0;3660.0;26826.0
343200;30486.0;3740.0;26746.0
343300;30446.0;3580.0;26866.0
343400;31046.0;3740.0;27306.0
343500;30606.0;3740.0;26866.0
343600;30686.0;3820.0;26866.0
343700;30686.0;3820.0;26866.0
343800;30686.0;3820.0;26866.0
343900;30086.0;3180.0;26906.0
344000;30086.0;3180.0;26906.0
344100;30646.0;3820.0;26826.0
344200;30766.0;3820.0;26946.0
344300;30646.0;3820.0;26826.0
344400;30766.0;3820.0;26946.0
344500;30526.0;3940.0;26586.0
344600;30646.0;3700.0;26946.0
344700;30646.0;3820.0;26826.0
344800;30766.0;3820.0;26946.0
344900;30726.0;3740.0;26986.0
345000;30806.0;3820.0;26986.0
345100;30686.0;3700.0;26986.0
345200;30206.0;3100.0;27106.0
345300;30926.0;3900.0;27026.0
345400;30926.0;3900.0;27026.0
345500;30966.0;3820.0;27146.0
345600;30966.0;3940.0;27026.0
345700;30806.0;3780.0;27026.0
345800;30846.0;3820.0;27026.0
345900;30966.0;3900.0;27066.0
346000;30886.0;3820.0;27066.0
346100;30806.0;3820.0;26986.0
346200;31234.0;3820.0;27414.0
346300;30706.0;3580.0;27126.0
346400;30826.0;3700.0;27126.0
346500;30946.0;3820.0;27126.0
346600;31262.0;3740.0;27522.0
346700;30662.0;3700.0;26962.0
346800;30902.0;3820.0;27082.0
346900;30942.0;3820.0;27122.0
347000;31022.0;3820.0;27202.0
347100;31046.0;3820.0;27226.0
347200;31248.0;4060.0;27188.0
347300;30866.0;3820.0;27046.0
347400;31066.0;3780.0;27286.0
347500;30986.0;3820.0;27166.0
347600;31226.0;3940.0;27286.0
347700;30906.0;3740.0;27166.0
347800;31106.0;3820.0;27286.0
347900;31106.0;3900.0;27206.0
348000;31380.0;3820.0;27560.0
348100;30998.0;3780.0;27218.0
348200;30916.0;3660.0;27256.0
348300;31076.0;3820.0;27256.0
348400;30836.0;3580.0;27256.0
348500;31334.0;3660.0;27674.0
348600;31482.0;3580.0;27902.0
348700;30996.0;3740.0;27256.0
348800;31036.0;3780.0;27256.0
348900;30798.0;3580.0;27218.0
349000;30874.0;3580.0;27294.0
349100;31110.0;3740.0;27370.0
349200;31188.0;3780.0;27408.0
349300;31272.0;3940.0;27332.0
349400;30912.0;3580.0;27332.0
349500;31146.5;3805.5;27341.0
349600;31262.0;3921.0;27341.0
349700;31339.0;3998.0;27341.0
349800;31030.0;3767.0;27263.0
349900;31378.0;3998.0;27380.0
350000;31301.0;3921.0;27380.0
350100;31223.0;3921.0;27302.0
350200;31349.0;3921.0;27428.0
350300;31503.0;4075.0;27428.0
350400;31426.0;3998.0;27428.0
350500;31732.5;4190.5;27542.0
350600;31361.0;4075.0;27286.0
350700;31404.0;3998.0;27406.0
350800;31404.0;3998.0;27406.0
350900;31867.5;4421.5;27446.0
351000;31521.0;4075.0;27446.0
351100;32078.0;4152.0;27926.0
351200;31638.0;4152.0;27486.0
351300;31758.0;4152.0;27606.0
351400;31561.0;4075.0;27486.0
351500;31758.0;4152.0;27606.0
351600;31753.5;4267.5;27486.0
351700;31715.0;4229.0;27486.0
351800;31729.0;4243.0;27486.0
351900;31849.0;4243.0;27606.0
352000;32117.0;4243.0;27874.0
352100;31793.0;4243.0;27550.0
352200;31901.0;4243.0;27658.0
352300;32012.0;4318.0;27694.0
352400;31904.0;4318.0;27586.0
352500;32091.5;4505.5;27586.0
352600;31304.0;3718.0;27586.0
352700;31433.0;4243.0;27190.0
352800;31229.0;3643.0;27586.0
352900;31115.0;3493.0;27622.0
353000;31865.0;4243.0;27622.0
353100;31943.0;4393.0;27550.0
353200;31976.0;4318.0;27658.0
353300;32013.5;4355.5;27658.0
353400;31901.0;4243.0;27658.0
353500;31788.5;4130.5;27658.0
353600;31737.0;4243.0;27494.0
353700;31894.5;4280.5;27614.0
353800;31782.0;4168.0;27614.0
353900;31977.0;4243.0;27734.0
354000;31897.0;4243.0;27654.0
354100;32014.5;4280.5;27734.0
354200;31883.0;4189.0;27694.0
354300;31443.0;4189.0;27254.0
354400;31685.0;4111.0;27574.0
354500;32081.0;4267.0;27814.0
354600;32039.0;4345.0;27694.0
354700;31855.0;4281.0;27574.0
354800;31861.0;4167.0;27694.0
354900;32353.0;4699.0;27654.0
355000;32015.0;4281.0;27734.0
355100;31977.0;4243.0;27734.0
355200;31983.0;4129.0;27854.0
355300;32099.0;4205.0;27894.0
355400;31447.0;3673.0;27774.0
355500;-796651.0;4015.0;-800666.0
355600;32131.0;4357.0;27774.0
355700;32131.0;4357.0;27774.0
355800;32131.0;4357.0;27774.0
355900;32271.0;4457.0;27814.0
356000;32278.0;4384.0;27894.0
356100;32271.0;4457.0;27814.0
356200;31805.0;4311.0;27494.0
356300;32358.0;4384.0;27974.0
356400;32201.5;4347.5;27854.0
356500;32311.0;4457.0;27854.0
356600;32311.0;4457.0;27854.0
356700;32118.0;4384.0;27734.0
356800;32311.0;4457.0;27854.0
356900;32526.5;4712.5;27814.0
357000;32278.0;4384.0;27894.0
357100;32278.0;4384.0;27894.0
357200;32318.0;4384.0;27934.0
357300;32438.0;4384.0;28054.0
357400;32307.5;4493.5;27814.0
357500;32558.0;4384.0;28174.0
357600;32198.0;4384.0;27814.0
357700;32307.5;4493.5;27814.0
357800;32318.0;4384.0;27934.0
357900;31774.0;3800.0;27974.0
358000;32474.5;4420.5;28054.0
358100;32198.0;4384.0;27814.0
358200;32942.0;4968.0;27974.0
358300;32257.0;4603.0;27654.0
358400;32471.0;4457.0;28014.0
358500;32471.0;4457.0;28014.0
358600;32361.5;4347.5;28014.0
358700;32398.0;4384.0;28014.0
358800;-795625.0;5041.0;-800666.0
358900;32518.0;4384.0;28134.0
359000;32790.5;4384.0;28406.5
359100;32453.0;4384.0;28069.0
359200;32927.0;4968.0;27959.0
359300;31783.0;4384.0;27399.0
359400;32343.0;4384.0;27959.0
359500;32463.0;4384.0;28079.0
359600;32463.0;4384.0;28079.0
359700;32536.0;4457.0;28079.0
359800;32096.0;4457.0;27639.0
359900;32838.5;4639.5;28199.0
360000;32576.0;4457.0;28119.0
360100;33056.0;4457.0;28599.0
360200;32176.0;4457.0;27719.0
360300;32736.0;4457.0;28279.0
360400;32944.5;4785.5;28159.0
360500;32772.5;4493.5;28279.0
360600;32689.0;4530.0;28159.0
360700;32689.0;4530.0;28159.0
360800;32178.0;4019.0;28159.0
360900;32649.0;4530.0;28119.0
361000;32991.5;4712.5;28279.0
361100;32838.5;4639.5;28199.0
361200;32769.0;4530.0;28239.0
361300;32769.0;4530.0;28239.0
361400;32769.0;4530.0;28239.0
361500;32732.5;4493.5;28239.0
361600;32769.0;4530.0;28239.0
361700;32631.0;4392.0;28239.0
361800;32703.0;4464.0;28239.0
361900;32959.0;4680.0;28279.0
362000;32591.0;4392.0;28199.0
362100;32779.0;4500.0;28279.0
362200;33359.0;5040.0;28319.0
362300;32555.0;4356.0;28199.0
362400;32819.0;4500.0;28319.0
362500;32567.0;4248.0;28319.0
362600;32675.0;4356.0;28319.0
362700;32831.0;4392.0;28439.0
362800;32639.0;4320.0;28319.0
362900;32751.0;4392.0;28359.0
363000;32751.0;4392.0;28359.0
363100;32715.0;4356.0;28359.0
363200;32943.0;4464.0;28479.0
363300;33675.0;4968.0;28707.0
363400;32654.5;4392.0;28262.5
363500;32694.0;4392.0;28302.0
363600;32884.5;4464.0;28420.5
363700;32776.5;4356.0;28420.5
363800;32812.5;4392.0;28420.5
363900;32852.0;4392.0;28460.0
364000;33198.0;4738.0;28460.0
364100;33504.0;5044.0;28460.0
364200;33067.5;4568.0;28499.5
364300;33067.5;4568.0;28499.5
364400;32999.5;4500.0;28499.5
364500;32999.5;4500.0;28499.5
364600;33033.5;4534.0;28499.5
364700;32881.0;4500.0;28381.0
364800;33118.0;4500.0;28618.0
364900;33513.0;4500.0;29013.0
365000;32801.0;4262.0;28539.0
365100;33107.0;4568.0;28539.0
365200;32576.0;4432.0;28144.0
365300;32738.5;4160.0;28578.5
365400;33078.5;4500.0;28578.5
365500;33197.0;4500.0;28697.0
365600;33146.5;4568.0;28578.5
365700;33180.5;4602.0;28578.5
365800;32931.5;4432.0;28499.5
365900;33265.0;4568.0;28697.0
366000;33728.0;4636.0;29092.0
366100;33322.0;4704.0;28618.0
366200;33236.5;4500.0;28736.5
366300;33225.5;4568.0;28657.5
366400;33412.0;4636.0;28776.0
366500;33225.5;4568.0;28657.5
366600;33225.5;4568.0;28657.5
366700;33157.5;4500.0;28657.5
366800;33248.5;4670.0;28578.5
366900;32585.0;3888.0;28697.0
367000;33265.0;4568.0;28697.0
367100;33347.0;4650.0;28697.0
367200;33452.5;4716.0;28736.5
367300;33386.5;4650.0;28736.5
367400;33452.5;4716.0;28736.5
367500;33400.0;4782.0;28618.0
367600;33018.0;4716.0;28302.0
367700;33400.0;4782.0;28618.0
367800;33373.5;4716.0;28657.5
367900;33492.0;4716.0;28776.0
368000;32951.0;4254.0;28697.0
368100;33500.0;4803.0;28697.0
368200;33184.0;4803.0;28381.0
368300;33618.5;4803.0;28815.5
368400;33618.5;4803.0;28815.5
368500;34293.0;5043.0;29250.0
368600;33563.5;4748.0;28815.5
368700;33563.5;4748.0;28815.5
368800;33846.5;5031.0;28815.5
368900;33666.0;4811.0;28855.0
369000;33721.0;4866.0;28855.0
369100;33583.5;4728.5;28855.0
369200;33705.5;4811.0;28894.5
369300;33265.5;4371.0;28894.5
369400;33595.5;4701.0;28894.5
369500;33650.5;4756.0;28894.5
369600;33650.5;4756.0;28894.5
369700;33504.5;4728.5;28776.0
369800;33705.5;4811.0;28894.5
369900;33745.0;4811.0;28934.0
370000;33271.0;4811.0;28460.0
370100;33690.0;4756.0;28934.0
370200;33784.5;4811.0;28973.5
370300;33922.0;4948.5;28973.5
370400;33863.5;4890.0;28973.5
370500;33805.5;4832.0;28973.5
370600;33924.0;4832.0;29092.0
370700;33833.5;4860.0;28973.5
370800;33771.5;4798.0;28973.5
370900;33873.0;4860.0;29013.0
371000;33399.0;4860.0;28539.0
371100;33811.0;4798.0;29013.0
371200;33819.5;4767.0;29052.5
371300;33912.5;4860.0;29052.5
371400;33938.0;4767.0;29171.0
371500;33912.5;4860.0;29052.5
371600;33298.0;4364.0;28934.0
371700;34031.0;4860.0;29171.0
371800;33974.5;4922.0;29052.5
371900;33890.0;4798.0;29092.0
372000;33873.0;4860.0;29013.0
372100;33591.0;4499.0;29092.0
372200;33827.0;4814.0;29013.0
372300;34085.5;4954.0;29131.5
372400;33854.0;4604.0;29250.0
372500;34204.0;4954.0;29250.0
372600;33936.0;4804.5;29131.5
372700;33927.0;4914.0;29013.0
372800;33972.5;4841.0;29131.5
372900;34006.0;4914.0;29092.0
373000;34012.0;4841.0;29171.0
373100;34006.0;4914.0;29092.0
373200;34203.5;4914.0;29289.5
373300;34197.5;4987.0;29210.5
373400;34197.5;4987.0;29210.5
373500;34124.5;4914.0;29210.5
373600;34708.5;5498.0;29210.5
373700;34051.5;4841.0;29210.5
373800;34124.5;4914.0;29210.5
373900;34164.0;4914.0;29250.0
374000;34002.0;4914.0;29088.0
374100;34162.0;4914.0;29248.0
374200;34129.0;4841.0;29288.0
374300;34129.0;4841.0;29288.0
374400;34202.0;4914.0;29288.0
374500;34202.0;4914.0;29288.0
374600;34202.0;4914.0;29288.0
374700;34311.5;5023.5;29288.0
374800;34322.0;4914.0;29408.0
374900;34162.0;4914.0;29248.0
375000;-795831.0;4841.0;-800672.0
375100;34169.0;4841.0;29328.0
375200;34136.0;4768.0;29368.0
375300;34099.5;4731.5;29368.0
375400;34063.0;4695.0;29368.0
375500;34136.0;4768.0;29368.0
375600;34136.0;4768.0;29368.0
375700;34209.0;4841.0;29368.0
375800;34282.0;4914.0;29368.0
375900;34656.0;4768.0;29888.0
376000;34169.0;4841.0;29328.0
376100;34322.0;4914.0;29408.0
376200;34619.5;4731.5;29888.0
376300;33992.5;4424.5;29568.0
376400;34307.0;4859.0;29448.0
376500;34747.0;4859.0;29888.0
376600;34187.0;4859.0;29328.0
376700;34427.0;4859.0;29568.0
376800;34427.0;4859.0;29568.0
376900;34347.0;4859.0;29488.0
377000;34031.0;4543.0;29488.0
377100;34347.0;4859.0;29488.0
377200;34387.0;4859.0;29528.0
377300;34426.5;4898.5;29528.0
377400;34586.0;4938.0;29648.0
377500;33989.0;4461.0;29528.0
377600;34349.0;4941.0;29408.0
377700;34322.5;4781.0;29541.5
377800;34338.0;4813.0;29525.0
377900;34568.0;5003.0;29565.0
378000;34454.0;4889.0;29565.0
378100;34050.0;4965.0;29085.0
378200;34564.0;5079.0;29485.0
378300;34054.0;4889.0;29165.0
378400;34570.0;4965.0;29605.0
378500;34684.0;5079.0;29605.0
378600;35010.0;4965.0;30045.0
378700;34450.0;4965.0;29485.0
378800;34414.0;4889.0;29525.0
378900;34206.0;5041.0;29165.0
379000;34686.0;5041.0;29645.0
379100;34686.0;5041.0;29645.0
379200;34806.0;5041.0;29765.0
379300;35166.0;5041.0;30125.0
379400;34612.0;4927.0;29685.0
379500;35214.0;5649.0;29565.0
379600;34253.0;5048.0;29205.0
379700;34579.0;4894.0;29685.0
379800;35272.0;5587.0;29685.0
379900;35253.0;5048.0;30205.0
380000;34696.0;4971.0;29725.0
380100;35413.0;5048.0;30365.0
380200;34931.5;5086.5;29845.0
380300;34697.5;4932.5;29765.0
380400;34856.0;4971.0;29885.0
380500;34219.0;4894.0;29325.0
380600;35082.5;5317.5;29765.0
380700;34736.0;4971.0;29765.0
380800;34213.0;5048.0;29165.0
380900;34373.0;5048.0;29325.0
381000;34853.0;5048.0;29805.0
381100;34477.0;4432.0;30045.0
381200;34893.0;5048.0;29845.0
381300;35333.0;5048.0;30285.0
381400;34893.0;5048.0;29845.0
381500;34213.0;5048.0;29165.0
381600;34097.5;4932.5;29165.0
381700;34773.0;5048.0;29725.0
381800;34890.0;5125.0;29765.0
381900;35010.0;5125.0;29885.0
382000;35087.0;5202.0;29885.0
382100;35125.5;5240.5;29885.0
382200;35130.0;5125.0;30005.0
382300;34896.0;4971.0;29925.0
382400;35084.0;5279.0;29805.0
382500;35242.5;5317.5;29925.0
382600;35204.0;5279.0;29925.0
382700;35281.0;5356.0;29925.0
382800;35127.0;5202.0;29925.0
382900;35244.0;5279.0;29965.0
383000;34687.0;5202.0;29485.0
383100;35647.0;5202.0;30445.0
383200;34767.0;5202.0;29565.0
383300;35647.0;5202.0;30445.0
383400;34690.0;5125.0;29565.0
383500;35087.0;5202.0;29885.0
383600;34770.0;5125.0;29645.0
383700;35245.5;5240.5;30005.0
383800;35130.0;5125.0;30005.0
383900;34739.0;4694.0;30045.0
384000;35179.0;5134.0;30045.0
384100;35179.0;5134.0;30045.0
384200;35299.0;5134.0;30165.0
384300;34699.0;4494.0;30205.0
384400;35299.0;5214.0;30085.0
384500;35219.0;5134.0;30085.0
384600;35299.0;5214.0;30085.0
384700;34939.0;4854.0;30085.0
384800;35088.0;5443.0;29645.0
384900;35813.0;5688.0;30125.0
385000;35043.0;4918.0;30125.0
385100;34693.0;4568.0;30125.0
385200;35188.0;5023.0;30165.0
385300;34783.0;5058.0;29725.0
385400;35033.0;4988.0;30045.0
385500;35223.0;5058.0;30165.0
385600;35223.0;5058.0;30165.0
385700;35223.0;5058.0;30165.0
385800;35783.0;5618.0;30165.0
385900;35263.0;5058.0;30205.0
386000;35593.0;5268.0;30325.0
386100;35263.0;5058.0;30205.0
386200;35408.0;5163.0;30245.0
386300;35303.0;5058.0;30245.0
386400;35408.0;5163.0;30245.0
386500;35183.0;5058.0;30125.0
386600;35303.0;5058.0;30245.0
386700;-664837.0;-695082.0;30245.0
386800;35303.0;5058.0;30245.0
386900;35343.0;5058.0;30285.0
387000;35273.0;4988.0;30285.0
387100;34891.0;5086.0;29805.0
387200;34731.0;4526.0;30205.0
387300;35481.0;5156.0;30325.0
387400;35531.0;5086.0;30445.0
387500;35686.0;5121.0;30565.0
387600;35446.0;5121.0;30325.0
387700;35221.0;5016.0;30205.0
387800;35341.0;5016.0;30325.0
387900;35381.0;5016.0;30365.0
388000;34821.0;4456.0;30365.0
388100;35371.0;5086.0;30285.0
388200;34931.0;4526.0;30405.0
388300;35421.0;5016.0;30405.0
388400;35406.0;5121.0;30285.0
388500;35491.0;5086.0;30405.0
388600;35491.0;5086.0;30405.0
388700;35681.0;5156.0;30525.0
388800;35561.0;5156.0;30405.0
388900;35626.0;5261.0;30365.0
389000;35601.0;5156.0;30445.0
389100;35891.0;5086.0;30805.0
389200;35081.0;4596.0;30485.0
389300;35970.0;5485.0;30485.0
389400;35623.5;5138.5;30485.0
389500;36221.0;5296.0;30925.0
389600;36158.0;5233.0;30925.0
389700;35495.0;5170.0;30325.0
389800;35655.0;5170.0;30485.0
389900;35586.0;4981.0;30605.0
390000;35709.0;5184.0;30525.0
390100;35709.0;5184.0;30525.0
390200;35814.0;5249.0;30565.0
390300;35651.5;5086.5;30565.0
390400;35749.0;5184.0;30565.0
390500;35749.0;5184.0;30565.0
390600;35749.0;5184.0;30565.0
390700;35629.0;5184.0;30445.0
390800;35669.0;5184.0;30485.0
390900;35724.0;5119.0;30605.0
391000;36429.0;5184.0;31245.0
391100;35789.0;5184.0;30605.0
391200;35774.0;5249.0;30525.0
391300;36137.0;5184.0;30953.0
391400;36128.0;5184.0;30944.0
391500;35741.5;5120.5;30621.0
391600;36181.5;5120.5;31061.0
391700;35845.0;5224.0;30621.0
391800;35776.0;5155.0;30621.0
391900;35816.0;5155.0;30661.0
392000;36192.5;5051.5;31141.0
392100;35816.0;5155.0;30661.0
392200;35856.0;5155.0;30701.0
392300;36365.0;5224.0;31141.0
392400;35959.5;5258.5;30701.0
392500;36536.0;5155.0;31381.0
392600;35787.0;5086.0;30701.0
392700;35925.0;5224.0;30701.0
392800;36045.0;5224.0;30821.0
392900;36206.5;5465.5;30741.0
393000;36045.0;5224.0;30821.0
393100;36289.0;5548.0;30741.0
393200;35979.0;5238.0;30741.0
393300;36201.0;5300.0;30901.0
393400;36081.0;5300.0;30781.0
393500;36143.0;5362.0;30781.0
393600;35703.0;5362.0;30341.0
393700;36143.0;5362.0;30781.0
393800;36459.0;5238.0;31221.0
393900;36679.0;5858.0;30821.0
394000;36276.0;5455.0;30821.0
394100;36153.0;5332.0;30821.0
394200;36379.5;5518.5;30861.0
394300;36242.0;5381.0;30861.0
394400;36242.0;5381.0;30861.0
394500;36242.0;5381.0;30861.0
394600;36297.0;5436.0;30861.0
394700;36297.0;5436.0;30861.0
394800;36189.5;5408.5;30781.0
394900;36257.0;5436.0;30821.0
395000;36417.0;5436.0;30981.0
395100;35857.0;5436.0;30421.0
395200;36457.0;5436.0;31021.0
395300;36442.0;5381.0;31061.0
395400;36631.5;5381.0;31250.5
395500;35576.0;4776.0;30800.0
395600;36476.0;5436.0;31040.0
395700;36338.5;5298.5;31040.0
395800;36328.5;5408.5;30920.0
395900;36380.0;5340.0;31040.0
396000;36300.0;5340.0;30960.0
396100;36300.0;5340.0;30960.0
396200;36425.5;5425.5;31000.0
396300;36220.0;5340.0;30880.0
396400;36368.0;5368.0;31000.0
396500;36063.0;5063.0;31000.0
396600;35880.0;4880.0;31000.0
396700;36309.0;5429.0;30880.0
396800;36368.0;5368.0;31000.0
396900;36408.0;5368.0;31040.0
397000;36469.0;5429.0;31040.0
397100;36450.0;5490.0;30960.0
397200;36387.0;5307.0;31080.0
397300;36491.0;5531.0;30960.0
397400;36377.0;5417.0;30960.0
397500;36041.0;4961.0;31080.0
397600;36440.0;5360.0;31080.0
397700;36440.0;5360.0;31080.0
397800;36440.0;5360.0;31080.0
397900;36480.0;5360.0;31120.0
398000;36565.5;5445.5;31120.0
398100;36051.5;5331.5;30720.0
398200;36491.5;5331.5;31160.0
398300;36520.0;5360.0;31160.0
398400;36577.0;5417.0;31160.0
398500;36520.0;5360.0;31160.0
398600;36640.0;5360.0;31280.0
398700;36577.0;5417.0;31160.0
398800;36520.0;5360.0;31160.0
398900;36503.0;5303.0;31200.0
399000;36817.0;5417.0;31400.0
399100;36503.0;5303.0;31200.0
399200;36571.5;5331.5;31240.0
399300;36600.0;5360.0;31240.0
399400;36857.0;5303.0;31554.0
399500;36885.5;5217.5;31668.0
399600;36496.0;5246.0;31250.0
399700;36439.0;5303.0;31136.0
399800;36971.0;5303.0;31668.0
399900;36543.0;5331.0;31212.0
400000;36235.0;5331.0;30904.0
400100;36635.0;5331.0;31304.0
400200;36755.0;5331.0;31424.0
400300;36675.0;5331.0;31344.0
400400;36223.5;5239.5;30984.0
400500;37031.0;5687.0;31344.0
400600;36511.0;5167.0;31344.0
400700;36641.0;5297.0;31344.0
400800;36641.0;5297.0;31344.0
400900;36681.0;5297.0;31384.0
401000;36601.0;5297.0;31304.0
401100;37017.0;5713.0;31304.0
401200;36879.0;5375.0;31504.0
401300;36145.0;5401.0;30744.0
401400;36794.0;5370.0;31424.0
401500;36739.0;5315.0;31424.0
401600;36914.0;5370.0;31544.0
401700;36914.0;5370.0;31544.0
401800;37179.0;5315.0;31864.0
401900;36834.0;5370.0;31464.0
402000;36834.0;5370.0;31464.0
402100;37329.0;5865.0;31464.0
402200;36944.0;5480.0;31464.0
402300;36896.0;5512.0;31384.0
402400;36990.5;5486.5;31504.0
402500;36914.0;5410.0;31504.0
402600;36386.0;5002.0;31384.0
402700;36914.0;5410.0;31504.0
402800;36903.0;5359.0;31544.0
402900;36826.5;5282.5;31544.0
403000;36903.0;5359.0;31544.0
403100;37311.0;5767.0;31544.0
403200;37030.5;5486.5;31544.0
403300;36943.0;5359.0;31584.0
403400;36866.5;5282.5;31584.0
403500;36943.0;5359.0;31584.0
403600;36943.0;5359.0;31584.0
403700;36772.0;5308.0;31464.0
403800;36983.0;5359.0;31624.0
403900;37463.0;5359.0;32104.0
404000;36983.0;5359.0;31624.0
404100;36750.0;5206.0;31544.0
404200;37148.0;5524.0;31624.0
404300;37164.0;5500.0;31664.0
404400;37412.0;5308.0;32104.0
404500;37044.0;5380.0;31664.0
404600;36924.0;5380.0;31544.0
404700;37044.0;5380.0;31664.0
404800;37012.0;5308.0;31704.0
404900;37036.0;5332.0;31704.0
405000;37084.0;5380.0;31704.0
405100;37004.0;5380.0;31624.0
405200;-795700.0;4996.0;-800696.0
405300;37124.0;5380.0;31744.0
405400;37124.0;5380.0;31744.0
405500;37124.0;5380.0;31744.0
405600;37124.0;5380.0;31744.0
405700;37028.0;5404.0;31624.0
405800;37188.0;5404.0;31784.0
405900;37164.0;5380.0;31784.0
406000;37188.0;5404.0;31784.0
406100;37084.0;5380.0;31704.0
406200;37212.0;5428.0;31784.0
406300;36860.0;5476.0;31384.0
406400;37300.0;5476.0;31824.0
406500;37108.0;5284.0;31824.0
406600;37692.0;5428.0;32264.0
406700;37180.0;5356.0;31824.0
406800;37340.0;5476.0;31864.0
406900;37292.0;5428.0;31864.0
407000;37436.0;5092.0;32344.0
407100;37372.0;5428.0;31944.0
407200;36884.0;5380.0;31504.0
407300;37796.0;5452.0;32344.0
407400;37476.0;5452.0;32024.0
407500;37341.0;5428.0;31913.0
407600;37178.0;5428.0;31750.0
407700;37242.0;5332.0;31910.0
407800;37411.0;5461.0;31950.0
407900;37411.0;5461.0;31950.0
408000;37395.5;5525.5;31870.0
408100;37411.0;5461.0;31950.0
408200;37325.0;5375.0;31950.0
408300;37472.5;5482.5;31990.0
408400;37408.0;5418.0;31990.0
408500;37571.0;5461.0;32110.0
408600;37451.0;5461.0;31990.0
408700;37451.0;5461.0;31990.0
408800;37614.0;5504.0;32110.0
408900;37692.5;5662.5;32030.0
409000;37544.0;5514.0;32030.0
409100;37673.5;5563.5;32110.0
409200;37544.0;5514.0;32030.0
409300;37402.5;5332.5;32070.0
409400;37551.0;5481.0;32070.0
409500;37617.0;5547.0;32070.0
409600;37513.5;5563.5;31950.0
409700;37605.0;5415.0;32190.0
409800;37673.5;5563.5;32110.0
409900;37577.0;5547.0;32030.0
410000;37657.0;5547.0;32110.0
410100;37657.0;5547.0;32110.0
410200;37657.0;5547.0;32110.0
410300;37257.0;5547.0;31710.0
410400;37961.0;5811.0;32150.0
410500;37313.0;5283.0;32030.0
410600;37544.0;5514.0;32030.0
410700;37224.0;5514.0;31710.0
410800;37671.0;5481.0;32190.0
410900;37714.0;5514.0;32200.0
411000;37714.0;5514.0;32200.0
411100;37417.0;5217.0;32200.0
411200;37831.0;5514.0;32317.0
411300;37753.0;5514.0;32239.0
411400;37837.0;5481.0;32356.0
411500;37324.0;5514.0;31810.0
411600;37753.0;5514.0;32239.0
411700;37636.0;5514.0;32122.0
411800;37792.0;5514.0;32278.0
411900;37792.0;5514.0;32278.0
412000;37792.0;5514.0;32278.0
412100;37792.0;5514.0;32278.0
412200;37799.0;5521.0;32278.0
412300;37989.0;5555.0;32434.0
412400;37906.0;5589.0;32317.0
412500;37634.0;5317.0;32317.0
412600;38025.0;5708.0;32317.0
412700;37906.0;5589.0;32317.0
412800;38057.0;5623.0;32434.0
412900;37511.0;5623.0;31888.0
413000;38262.0;5555.0;32707.0
413100;37945.0;5589.0;32356.0
413200;37911.0;5555.0;32356.0
413300;37950.0;5555.0;32395.0
413400;37678.0;5283.0;32395.0
413500;38222.0;5827.0;32395.0
413600;38067.0;5555.0;32512.0
413700;38328.0;5504.0;32824.0
413800;38067.0;5555.0;32512.0
413900;37989.0;5555.0;32434.0
414000;37989.0;5555.0;32434.0
414100;37989.0;5555.0;32434.0
414200;37911.0;5555.0;32356.0
414300;37756.0;5283.0;32473.0
414400;38028.0;5555.0;32473.0
414500;38079.0;5606.0;32473.0
414600;38028.0;5555.0;32473.0
414700;38028.0;5555.0;32473.0
414800;37880.0;5368.0;32512.0
414900;38095.0;5583.0;32512.0
415000;38095.0;5583.0;32512.0
415100;38093.0;5659.0;32434.0
415200;38133.0;5621.0;32512.0
415300;38484.0;5621.0;32863.0
415400;37941.0;5507.0;32434.0
415500;38601.0;5621.0;32980.0
415600;38172.0;5621.0;32551.0
415700;38289.0;5621.0;32668.0
415800;38211.0;5621.0;32590.0
415900;38289.0;5621.0;32668.0
416000;38327.0;5659.0;32668.0
416100;38249.0;5659.0;32590.0
416200;38211.0;5621.0;32590.0
416300;38095.0;5583.0;32512.0
416400;38212.0;5583.0;32629.0
416500;38250.0;5621.0;32629.0
416600;38136.0;5507.0;32629.0
416700;38250.0;5621.0;32629.0
416800;38397.0;5729.0;32668.0
416900;38714.0;5695.0;33019.0
417000;38244.0;5576.0;32668.0
417100;38780.0;5644.0;33136.0
417200;38380.0;5712.0;32668.0
417300;38402.0;5695.0;32707.0
417400;37929.0;5695.0;32234.0
417500;38409.0;5695.0;32714.0
417600;38561.0;5967.0;32594.0
417700;38375.0;5661.0;32714.0
417800;38449.0;5695.0;32754.0
417900;38449.0;5695.0;32754.0
418000;38571.5;5737.5;32834.0
418100;38367.5;5613.5;32754.0
418200;38476.0;5722.0;32754.0
418300;38423.0;5629.0;32794.0
418400;38940.5;5706.5;33234.0
418500;38547.0;5753.0;32794.0
418600;38516.0;5722.0;32794.0
418700;38547.0;5753.0;32794.0
418800;38602.5;5768.5;32834.0
418900;38667.0;5753.0;32914.0
419000;38602.5;5768.5;32834.0
419100;38556.0;5722.0;32834.0
419200;38525.0;5691.0;32834.0
419300;38348.0;5474.0;32874.0
419400;38500.0;5626.0;32874.0
419500;38513.5;5626.0;32887.5
419600;38513.5;5626.0;32887.5
419700;38447.0;5559.5;32887.5
419800;38552.0;5626.0;32926.0
419900;38704.0;5778.0;32926.0
420000;39033.0;5645.0;33388.0
420100;38571.0;5645.0;32926.0
420200;38419.0;5493.0;32926.0
420300;38945.0;5557.0;33388.0
420400;38573.0;5493.0;33080.0
420500;38945.0;5557.0;33388.0
420600;38521.5;5557.0;32964.5
420700;38521.5;5557.0;32964.5
420800;38552.0;5549.0;33003.0
420900;38552.0;5549.0;33003.0
421000;38552.0;5549.0;33003.0
421100;38419.0;5493.0;32926.0
421200;38560.0;5557.0;33003.0
421300;38598.5;5557.0;33041.5
421400;38598.5;5557.0;33041.5
421500;39022.0;5557.0;33465.0
421600;38598.5;5557.0;33041.5
421700;38586.5;5545.0;33041.5
421800;38641.0;5561.0;33080.0
421900;38868.0;5557.0;33311.0
422000;38983.5;5557.0;33426.5
422100;38791.0;5557.0;33234.0
422200;38629.0;5549.0;33080.0
422300;38663.5;5545.0;33118.5
422400;38675.5;5557.0;33118.5
422500;38675.5;5557.0;33118.5
422600;38675.5;5557.0;33118.5
422700;38675.5;5557.0;33118.5
422800;38702.0;5545.0;33157.0
422900;38714.0;5557.0;33157.0
423000;38682.0;5525.0;33157.0
423100;38876.0;5565.0;33311.0
423200;38714.0;5557.0;33157.0
423300;38403.0;5557.0;32846.0
423400;38643.0;5557.0;33086.0
423500;38755.0;5549.0;33206.0
423600;38771.0;5565.0;33206.0
423700;38763.0;5557.0;33206.0
423800;38679.0;5553.0;33126.0
423900;38791.0;5545.0;33246.0
424000;38803.0;5557.0;33246.0
424100;38799.0;5553.0;33246.0
424200;38803.0;5557.0;33246.0
424300;38843.0;5557.0;33286.0
424400;38843.0;5557.0;33286.0
424500;38851.0;5565.0;33286.0
424600;38843.0;5557.0;33286.0
424700;38835.0;5549.0;33286.0
424800;38875.0;5549.0;33326.0
424900;38883.0;5557.0;33326.0
425000;38963.0;5557.0;33406.0
425100;38899.0;5493.0;33406.0
425200;38883.0;5557.0;33326.0
425300;38851.0;5485.0;33366.0
425400;38487.0;5561.0;32926.0
425500;38555.0;5549.0;33006.0
425600;38539.0;5613.0;32926.0
425700;38923.0;5557.0;33366.0
425800;38947.0;5541.0;33406.0
425900;38967.0;5561.0;33406.0
426000;38955.0;5549.0;33406.0
426100;39039.0;5553.0;33486.0
426200;38967.0;5561.0;33406.0
426300;39087.0;5521.0;33566.0
426400;39023.0;5577.0;33446.0
426500;38987.0;5541.0;33446.0
426600;39419.0;5533.0;33886.0
426700;38987.0;5541.0;33446.0
426800;39027.0;5541.0;33486.0
426900;39027.0;5541.0;33486.0
427000;39027.0;5541.0;33486.0
427100;39027.0;5541.0;33486.0
427200;39035.0;5549.0;33486.0
427300;39515.0;5549.0;33966.0
427400;39131.0;5605.0;33526.0
427500;39063.0;5537.0;33526.0
427600;38955.0;5549.0;33406.0
427700;39075.0;5549.0;33526.0
427800;39115.0;5549.0;33566.0
427900;39203.0;5637.0;33566.0
428000;39115.0;5549.0;33566.0
428100;39187.0;5541.0;33646.0
428200;39243.0;5557.0;33686.0
428300;39151.0;5545.0;33606.0
428400;39043.0;5557.0;33486.0
428500;39163.0;5557.0;33606.0
428600;39147.0;5541.0;33606.0
428700;39143.0;5537.0;33606.0
428800;39267.0;5541.0;33726.0
428900;39107.0;5541.0;33566.0
429000;39667.0;5541.0;34126.0
429100;39187.0;5541.0;33646.0
429200;39171.0;5525.0;33646.0
429300;38771.0;5525.0;33246.0
429400;39211.0;5525.0;33686.0
429500;39223.0;5537.0;33686.0
429600;39027.0;5461.0;33566.0
429700;39331.0;5525.0;33806.0
429800;39131.0;5525.0;33606.0
429900;39323.0;5517.0;33806.0
430000;39243.0;5517.0;33726.0
430100;39243.0;5517.0;33726.0
430200;39231.0;5505.0;33726.0
430300;39275.0;5509.0;33766.0
430400;39163.0;5517.0;33646.0
430500;39275.0;5509.0;33766.0
430600;39395.0;5509.0;33886.0
430700;39395.0;5509.0;33886.0
430800;39323.0;5517.0;33806.0
430900;39403.0;5517.0;33886.0
431000;39311.0;5505.0;33806.0
431100;39323.0;5517.0;33806.0
431200;39319.0;5513.0;33806.0
431300;39363.0;5517.0;33846.0
431400;39507.0;5541.0;33966.0
431500;39379.0;5533.0;33846.0
431600;39363.0;5517.0;33846.0
431700;39391.0;5545.0;33846.0
431800;39411.0;5525.0;33886.0
431900;39427.0;5461.0;33966.0
432000;39407.0;5521.0;33886.0
432100;39411.0;5525.0;33886.0
432200;39403.0;5517.0;33886.0
432300;39443.0;5517.0;33926.0
432400;39443.0;5517.0;33926.0
432500;39451.0;5525.0;33926.0
432600;39559.0;5513.0;34046.0
432700;39331.0;5525.0;33806.0
432800;39491.0;5525.0;33966.0
432900;39499.0;5533.0;33966.0
433000;38999.0;5513.0;33486.0
433100;39491.0;5525.0;33966.0
433200;39511.0;5525.0;33986.0
433300;39663.0;5525.0;34138.0
433400;39549.0;5525.0;34024.0
433500;39549.0;5525.0;34024.0
433600;39687.0;5525.0;34162.0
433700;39975.0;5525.0;34450.0
433800;40061.0;5533.0;34528.0
433900;39601.0;5541.0;34060.0
434000;39671.0;5533.0;34138.0
434100;39429.0;5533.0;33896.0
434200;39501.0;5525.0;33976.0
434300;39741.0;5525.0;34216.0
434400;39509.0;5533.0;33976.0
434500;39701.0;5605.0;34096.0
434600;39613.0;5517.0;34096.0
434700;39733.0;5517.0;34216.0
434800;39663.0;5517.0;34146.0
434900;39663.0;5517.0;34146.0
435000;39585.0;5517.0;34068.0
435100;39597.0;5451.0;34146.0
435200;39681.0;5535.0;34146.0
435300;39589.0;5521.0;34068.0
435400;39755.0;5570.0;34185.0
435500;39610.0;5542.0;34068.0
435600;39734.0;5549.0;34185.0
435700;39734.0;5549.0;34185.0
435800;39333.0;5577.0;33756.0
435900;39709.0;5563.0;34146.0
436000;39787.0;5563.0;34224.0
436100;39787.0;5563.0;34224.0
436200;39801.0;5577.0;34224.0
436300;39737.0;5591.0;34146.0
436400;39830.0;5567.0;34263.0
436500;39987.0;5607.0;34380.0
436600;39830.0;5567.0;34263.0
436700;39710.0;5447.0;34263.0
436800;39760.0;5575.0;34185.0
436900;39901.0;5599.0;34302.0
437000;39799.0;5575.0;34224.0
437100;39893.0;5591.0;34302.0
437200;39877.0;5575.0;34302.0
437300;39916.0;5575.0;34341.0
437400;39900.0;5559.0;34341.0
437500;39455.0;5543.0;33912.0
437600;39767.0;5543.0;34224.0
437700;40001.0;5543.0;34458.0
437800;39907.0;5527.0;34380.0
437900;40001.0;5543.0;34458.0
438000;39923.0;5543.0;34380.0
438100;39907.0;5527.0;34380.0
438200;39907.0;5527.0;34380.0
438300;39818.0;5399.0;34419.0
438400;39962.0;5543.0;34419.0
438500;39962.0;5543.0;34419.0
438600;39967.0;5548.0;34419.0
438700;39850.0;5548.0;34302.0
438800;40006.0;5548.0;34458.0
438900;39937.5;5557.5;34380.0
439000;40025.0;5567.0;34458.0
439100;40006.0;5548.0;34458.0
439200;39928.0;5548.0;34380.0
439300;40059.0;5562.0;34497.0
439400;39742.0;5598.0;34144.0
439500;40042.0;5658.0;34384.0
439600;40126.0;5622.0;34504.0
439700;39638.0;5574.0;34064.0
439800;40222.0;5598.0;34624.0
439900;40106.0;5562.0;34544.0
440000;40334.0;5790.0;34544.0
440100;40142.0;5598.0;34544.0
440200;40166.0;5622.0;34544.0
440300;40158.0;5574.0;34584.0
440400;40182.0;5598.0;34584.0
440500;39978.0;5514.0;34464.0
440600;40490.0;5598.0;34892.0
440700;40014.0;5574.0;34440.0
440800;40114.0;5514.0;34600.0
440900;40174.0;5574.0;34600.0
441000;39982.0;5622.0;34360.0
441100;40018.0;5418.0;34600.0
441200;40210.0;5610.0;34600.0
441300;40250.0;5610.0;34640.0
441400;40226.0;5586.0;34640.0
441500;40346.0;5586.0;34760.0
441600;40018.0;5538.0;34480.0
441700;40078.0;5598.0;34480.0
441800;40242.0;5562.0;34680.0
441900;40242.0;5562.0;34680.0
442000;40138.0;5538.0;34600.0
442100;40102.0;5502.0;34600.0
442200;40266.0;5586.0;34680.0
442300;40330.0;5610.0;34720.0
442400;39946.0;5586.0;34360.0
442500;39542.0;5502.0;34040.0
442600;40186.0;5586.0;34600.0
442700;40270.0;5550.0;34720.0
442800;40346.0;5586.0;34760.0
442900;40182.0;5502.0;34680.0
443000;40322.0;5562.0;34760.0
443100;40371.0;5691.0;34680.0
443200;40463.0;5583.0;34880.0
443300;40356.0;5556.0;34800.0
443400;40014.0;5574.0;34440.0
443500;40356.0;5556.0;34800.0
443600;40356.0;5556.0;34800.0
443700;40428.0;5628.0;34800.0
443800;40414.0;5574.0;34840.0
443900;40414.0;5574.0;34840.0
444000;40432.0;5592.0;34840.0
444100;40428.0;5588.0;34840.0
444200;40412.0;5572.0;34840.0
444300;40468.0;5588.0;34880.0
444400;41172.0;5612.0;35560.0
444500;40468.0;5588.0;34880.0
444600;40444.0;5564.0;34880.0
444700;40468.0;5588.0;34880.0
444800;40308.0;5588.0;34720.0
444900;40588.0;5588.0;35000.0
445000;41012.0;5612.0;35400.0
445100;40508.0;5588.0;34920.0
445200;40508.0;5588.0;34920.0
445300;40516.0;5556.0;34960.0
445400;40540.0;5460.0;35080.0
445500;40548.0;5588.0;34960.0
445600;40572.0;5612.0;34960.0
445700;40452.0;5612.0;34840.0
445800;40484.0;5604.0;34880.0
445900;40684.0;5604.0;35080.0
446000;40684.0;5604.0;35080.0
446100;40604.0;5604.0;35000.0
446200;40524.0;5604.0;34920.0
446300;40628.0;5588.0;35040.0
446400;41316.0;5596.0;35720.0
446500;40508.0;5588.0;34920.0
446600;40628.0;5588.0;35040.0
446700;40612.0;5572.0;35040.0
446800;40684.0;5604.0;35080.0
446900;40668.0;5588.0;35080.0
447000;40662.0;5662.0;35000.0
447100;40694.0;5614.0;35080.0
447200;40620.0;5620.0;35000.0
447300;40740.0;5620.0;35120.0
447400;40722.0;5602.0;35120.0
447500;40728.0;5608.0;35120.0
447600;40288.0;5608.0;34680.0
447700;40608.0;5608.0;35000.0
447800;40944.0;5704.0;35240.0
447900;40756.0;5596.0;35160.0
448000;40715.0;5635.0;35080.0
448100;40855.0;5615.0;35240.0
448200;40775.0;5615.0;35160.0
448300;40775.0;5575.0;35200.0
448400;41121.0;5610.0;35511.0
448500;40830.0;5615.0;35215.0
448600;40827.5;5612.5;35215.0
448700;40677.0;5615.0;35062.0
448800;40917.0;5615.0;35302.0
448900;40837.0;5615.0;35222.0
449000;40842.0;5620.0;35222.0
449100;40842.0;5620.0;35222.0
449200;40957.0;5615.0;35342.0
449300;40877.0;5615.0;35262.0
449400;40884.5;5622.5;35262.0
449500;40877.0;5615.0;35262.0
449600;40877.0;5615.0;35262.0
449700;40877.0;5615.0;35262.0
449800;40931.5;5629.5;35302.0
449900;40855.0;5633.0;35222.0
450000;40935.0;5633.0;35302.0
450100;40931.5;5629.5;35302.0
450200;40966.5;5664.5;35302.0
450300;40975.0;5633.0;35342.0
450400;40975.0;5633.0;35342.0
450500;40830.5;5608.5;35222.0
450600;40985.5;5643.5;35342.0
450700;40996.0;5654.0;35342.0
450800;41036.0;5654.0;35382.0
450900;41036.0;5654.0;35382.0
451000;41036.0;5654.0;35382.0
451100;40948.0;5646.0;35302.0
451200;41117.0;5615.0;35502.0
451300;41082.0;5660.0;35422.0
451400;41095.5;5673.5;35422.0
451500;40993.5;5691.5;35302.0
451600;41055.0;5633.0;35422.0
451700;41091.0;5669.0;35422.0
451800;41197.5;5655.5;35542.0
451900;41593.0;5651.0;35942.0
452000;41129.0;5667.0;35462.0
452100;41137.0;5675.0;35462.0
452200;41129.0;5667.0;35462.0
452300;41161.0;5659.0;35502.0
452400;40737.0;5675.0;35062.0
452500;41177.0;5675.0;35502.0
452600;41417.0;5675.0;35742.0
452700;41177.0;5675.0;35502.0
452800;41225.0;5683.0;35542.0
452900;41233.0;5691.0;35542.0
453000;41129.0;5667.0;35462.0
453100;41145.0;5683.0;35462.0
453200;41065.0;5683.0;35382.0
453300;41265.0;5683.0;35582.0
453400;41265.0;5683.0;35582.0
453500;40837.0;5695.0;35142.0
453600;41084.0;5622.0;35462.0
453700;41279.0;5697.0;35582.0
453800;41319.0;5697.0;35622.0
453900;41326.0;5704.0;35622.0
454000;40902.0;5680.0;35222.0
454100;41411.0;5709.0;35702.0
454200;41370.0;5748.0;35622.0
454300;41384.0;5722.0;35662.0
454400;41384.0;5722.0;35662.0
454500;41608.0;5826.0;35782.0
454600;41397.0;5735.0;35662.0
454700;41397.0;5735.0;35662.0
454800;41466.0;5764.0;35702.0
454900;41501.0;5719.0;35782.0
455000;41436.0;5734.0;35702.0
455100;40999.0;5777.0;35222.0
455200;41599.0;5777.0;35822.0
455300;41399.0;5777.0;35622.0
455400;41490.5;5748.5;35742.0
455500;41519.0;5777.0;35742.0
455600;41519.0;5777.0;35742.0
455700;41519.0;5777.0;35742.0
455800;41573.0;5791.0;35782.0
455900;41573.0;5791.0;35782.0
456000;41716.0;5854.0;35862.0
456100;41510.0;5728.0;35782.0
456200;42032.0;5770.0;36262.0
456300;42032.0;5770.0;36262.0
456400;41613.0;5791.0;35822.0
456500;41613.0;5791.0;35822.0
456600;41592.0;5770.0;35822.0
456700;41592.0;5770.0;35822.0
456800;41464.0;5602.0;35862.0
456900;41653.0;5791.0;35862.0
457000;41653.0;5791.0;35862.0
457100;41653.0;5791.0;35862.0
457200;41653.0;5791.0;35862.0
457300;41813.0;5791.0;36022.0
457400;41813.0;5791.0;36022.0
457500;41714.0;5812.0;35902.0
457600;41693.0;5791.0;35902.0
457700;41886.5;5864.5;36022.0
457800;41613.0;5791.0;35822.0
457900;41565.0;5623.0;35942.0
458000;41865.5;5843.5;36022.0
458100;41733.0;5791.0;35942.0
458200;41663.5;5801.5;35862.0
458300;41773.0;5791.0;35982.0
458400;41392.0;5770.0;35622.0
458500;41731.0;5749.0;35982.0
458600;41245.0;5623.0;35622.0
458700;41653.0;5791.0;35862.0
458800;41834.0;5812.0;36022.0
458900;41712.0;5770.0;35942.0
459000;41813.0;5791.0;36022.0
459100;41750.0;5728.0;36022.0
459200;41813.0;5791.0;36022.0
459300;41874.0;5812.0;36062.0
459400;41895.0;5833.0;36062.0
459500;41874.0;5812.0;36062.0
459600;41874.0;5812.0;36062.0
459700;42335.0;5833.0;36502.0
459800;41434.0;5812.0;35622.0
459900;42415.0;5833.0;36582.0
460000;41914.0;5812.0;36102.0
460100;41855.0;5833.0;36022.0
460200;41865.5;5843.5;36022.0
460300;41891.0;5749.0;36142.0
460400;41954.0;5812.0;36142.0
460500;42074.0;5812.0;36262.0
460600;41975.0;5833.0;36142.0
460700;41975.0;5833.0;36142.0
460800;42015.0;5833.0;36182.0
460900;41935.0;5833.0;36102.0
461000;42025.0;5833.0;36192.0
461100;42097.0;5905.0;36192.0
461200;42154.0;5845.0;36309.0
461300;42076.0;5845.0;36231.0
461400;42076.0;5845.0;36231.0
461500;42064.0;5833.0;36231.0
461600;42217.0;5869.0;36348.0
461700;42727.0;5833.0;36894.0
461800;41998.0;5845.0;36153.0
461900;42115.0;5845.0;36270.0
462000;42091.0;5821.0;36270.0
462100;42103.0;5833.0;36270.0
462200;42121.0;5851.0;36270.0
462300;42037.0;5845.0;36192.0
462400;42175.0;5866.0;36309.0
462500;42175.0;5866.0;36309.0
462600;42103.0;5794.0;36309.0
462700;42130.0;5938.0;36192.0
462800;42205.0;5857.0;36348.0
462900;41746.0;5866.0;35880.0
463000;42118.0;5848.0;36270.0
463100;42169.0;5821.0;36348.0
463200;42219.0;5871.0;36348.0
463300;42302.0;5798.0;36504.0
463400;42387.0;5883.0;36504.0
463500;42287.0;5900.0;36387.0
463600;42134.0;5747.0;36387.0
463700;42270.0;5883.0;36387.0
463800;42209.0;5900.0;36309.0
463900;42326.0;5900.0;36426.0
464000;42540.0;6036.0;36504.0
464100;42445.0;6019.0;36426.0
464200;42309.0;5883.0;36426.0
464300;42348.0;5883.0;36465.0
464400;42348.0;5883.0;36465.0
464500;42490.5;5908.5;36582.0
464600;42214.0;5866.0;36348.0
464700;42465.0;5883.0;36582.0
464800;42370.0;5866.0;36504.0
464900;42574.0;6070.0;36504.0
465000;42429.5;5925.5;36504.0
465100;42404.0;5900.0;36504.0
465200;42404.0;5900.0;36504.0
465300;42014.0;5900.0;36114.0
465400;42307.0;5764.0;36543.0
465500;42426.0;5883.0;36543.0
465600;42307.0;5764.0;36543.0
465700;42307.0;5764.0;36543.0
465800;42465.0;5883.0;36582.0
465900;42482.0;5900.0;36582.0
466000;42482.0;5900.0;36582.0
466100;42499.0;5917.0;36582.0
466200;42482.0;5900.0;36582.0
466300;42255.0;5917.0;36338.0
466400;42543.5;5925.5;36618.0
466500;42518.0;5900.0;36618.0
466600;42112.0;5934.0;36178.0
466700;42535.0;5917.0;36618.0
466800;42558.0;5900.0;36658.0
466900;42558.0;5900.0;36658.0
467000;42403.0;5730.0;36673.0
467100;42633.0;5883.0;36750.0
467200;42556.0;5883.0;36673.0
467300;42620.0;5908.5;36711.5
467400;42628.5;5917.0;36711.5
467500;42594.5;5883.0;36711.5
467600;42594.5;5883.0;36711.5
467700;42611.5;5900.0;36711.5
467800;42650.0;5900.0;36750.0
467900;42667.0;5917.0;36750.0
468000;42684.0;5934.0;36750.0
468100;42650.0;5900.0;36750.0
468200;42650.0;5900.0;36750.0
468300;42705.5;5917.0;36788.5
468400;42677.0;6053.0;36624.0
468500;42541.0;5917.0;36624.0
468600;42675.5;5891.5;36784.0
468700;42701.0;5917.0;36784.0
468800;42707.0;5883.0;36824.0
468900;42821.0;5917.0;36904.0
469000;42741.0;5917.0;36824.0
469100;42741.0;5917.0;36824.0
469200;42715.5;5891.5;36824.0
469300;42789.5;5925.5;36864.0
469400;42747.0;5883.0;36864.0
469500;42764.0;5900.0;36864.0
469600;42764.0;5900.0;36864.0
469700;41948.0;5764.0;36184.0
469800;42795.5;5891.5;36904.0
469900;42875.0;5891.0;36984.0
470000;42315.0;5891.0;36424.0
470100;42813.0;5909.0;36904.0
470200;42813.0;5909.0;36904.0
470300;42917.0;5973.0;36944.0
470400;43001.0;5937.0;37064.0
470500;42869.0;5925.0;36944.0
470600;42889.0;5945.0;36944.0
470700;42873.0;5929.0;36944.0
470800;42913.0;5929.0;36984.0
470900;42433.0;5929.0;36504.0
471000;42421.0;5917.0;36504.0
471100;42925.0;5941.0;36984.0
471200;42913.0;5929.0;36984.0
471300;42953.0;5929.0;37024.0
471400;42953.0;5929.0;37024.0
471500;42685.0;5941.0;36744.0
471600;43053.0;5909.0;37144.0
471700;43137.0;5993.0;37144.0
471800;42993.0;5929.0;37064.0
471900;42937.0;5873.0;37064.0
472000;43633.0;5929.0;37704.0
472100;42945.0;5881.0;37064.0
472200;43021.0;5957.0;37064.0
472300;43033.0;5929.0;37104.0
472400;43153.0;5929.0;37224.0
472500;43047.0;5943.0;37104.0
472600;43487.0;5943.0;37544.0
472700;43047.0;5943.0;37104.0
472800;43097.0;5953.0;37144.0
472900;43097.0;5953.0;37144.0
473000;43581.0;5957.0;37624.0
473100;43101.0;5957.0;37144.0
473200;43037.0;5893.0;37144.0
473300;43021.0;5957.0;37064.0
473400;42981.0;5957.0;37024.0
473500;43141.0;5957.0;37184.0
473600;43021.0;5957.0;37064.0
473700;43080.0;5896.0;37184.0
473800;43217.5;5993.5;37224.0
473900;43290.0;5986.0;37304.0
474000;43210.0;5986.0;37224.0
474100;43232.5;6008.5;37224.0
474200;43187.5;5963.5;37224.0
474300;43235.0;5971.0;37264.0
474400;43100.0;5956.0;37144.0
474500;43220.0;5956.0;37264.0
474600;43197.5;5933.5;37264.0
474700;43235.0;5971.0;37264.0
474800;43355.0;5971.0;37384.0
474900;43275.0;5971.0;37304.0
475000;42852.5;5948.5;36904.0
475100;43355.0;5971.0;37384.0
475200;43275.0;5971.0;37304.0
475300;42835.0;5851.0;36984.0
475400;43315.0;5971.0;37344.0
475500;43318.0;5956.0;37362.0
475600;43340.5;5978.5;37362.0
475700;43432.0;5956.0;37476.0
475800;43356.0;5956.0;37400.0
475900;43357.0;5957.0;37400.0
476000;43357.0;5957.0;37400.0
476100;43370.0;5970.0;37400.0
476200;43383.0;5983.0;37400.0
476300;43356.0;5918.0;37438.0
476400;43408.0;5970.0;37438.0
476500;43421.0;5983.0;37438.0
476600;43307.0;5983.0;37324.0
476700;42968.0;5996.0;36972.0
476800;43475.0;5983.0;37492.0
476900;43475.0;5983.0;37492.0
477000;43388.5;5896.5;37492.0
477100;43493.0;6001.0;37492.0
477200;43493.0;6001.0;37492.0
477300;43653.0;6001.0;37652.0
477400;43514.0;5982.0;37532.0
477500;43653.0;6001.0;37652.0
477600;43552.0;6020.0;37532.0
477700;43093.0;6001.0;37092.0
477800;43525.5;5953.5;37572.0
477900;43672.0;6020.0;37652.0
478000;43540.5;6048.5;37492.0
478100;43611.0;6039.0;37572.0
478200;43810.0;5887.0;37923.0
478300;43777.0;6039.0;37738.0
478400;43647.0;6020.0;37627.0
478500;43647.0;6020.0;37627.0
478600;43758.0;6020.0;37738.0
478700;43536.0;6020.0;37516.0
478800;43532.0;5868.0;37664.0
478900;43684.0;6020.0;37664.0
479000;43739.0;6001.0;37738.0
479100;43705.0;6041.0;37664.0
479200;43895.0;6231.0;37664.0
479300;43712.0;6011.0;37701.0
479400;43699.0;5887.0;37812.0
479500;43742.0;6041.0;37701.0
479600;43742.0;6041.0;37701.0
479700;43755.0;6054.0;37701.0
479800;43779.0;6041.0;37738.0
479900;44345.0;6015.0;38330.0
480000;43705.0;6041.0;37664.0
480100;43814.0;6002.0;37812.0
480200;43779.0;6041.0;37738.0
480300;43816.0;6041.0;37775.0
480400;43816.0;6041.0;37775.0
480500;44102.0;6327.0;37775.0
480600;43816.0;6041.0;37775.0
480700;43637.0;6015.0;37622.0
480800;43823.0;6041.0;37782.0
480900;43784.0;6002.0;37782.0
481000;43615.0;5833.0;37782.0
481100;43863.0;6081.0;37782.0
481200;43835.0;6053.0;37782.0
481300;44007.0;6053.0;37954.0
481400;43911.0;6074.0;37837.0
481500;43880.0;6043.0;37837.0
481600;43269.0;5861.0;37408.0
481700;44055.0;6101.0;37954.0
481800;43997.0;6121.0;37876.0
481900;44608.0;6381.0;38227.0
482000;-356103.0;-393979.0;37876.0
482100;43817.0;5941.0;37876.0
482200;44054.0;6061.0;37993.0
482300;43956.0;6041.0;37915.0
482400;43859.0;6061.0;37798.0
482500;43859.0;6061.0;37798.0
482600;44093.0;6061.0;38032.0
482700;44113.0;6081.0;38032.0
482800;43975.0;6021.0;37954.0
482900;43995.0;6041.0;37954.0
483000;43975.0;6021.0;37954.0
483100;44493.0;6461.0;38032.0
483200;44071.0;6117.0;37954.0
483300;44208.0;6098.0;38110.0
483400;44151.0;6041.0;38110.0
483500;44034.0;6041.0;37993.0
483600;43898.0;6022.0;37876.0
483700;44189.0;6079.0;38110.0
483800;44149.0;6117.0;38032.0
483900;44073.0;6041.0;38032.0
484000;44415.0;6383.0;38032.0
484100;44111.0;6079.0;38032.0
484200;44187.0;6155.0;38032.0
484300;44063.0;6421.0;37642.0
484400;44033.0;6079.0;37954.0
484500;44454.0;6383.0;38071.0
484600;44033.0;6079.0;37954.0
484700;43995.0;6041.0;37954.0
484800;44813.0;6079.0;38734.0
484900;44657.0;6079.0;38578.0
485000;44189.0;6079.0;38110.0
485100;44111.0;6079.0;38032.0
485200;44263.0;6153.0;38110.0
485300;44329.0;6063.0;38266.0
485400;44167.0;6135.0;38032.0
485500;44059.0;6027.0;38032.0
485600;44167.0;6135.0;38032.0
485700;44212.0;6063.0;38149.0
485800;44251.0;6063.0;38188.0
485900;44251.0;6063.0;38188.0
486000;44187.0;6077.0;38110.0
486100;44265.0;6077.0;38188.0
486200;43835.0;6115.0;37720.0
486300;44443.5;6216.5;38227.0
486400;44313.0;6086.0;38227.0
486500;44313.0;6086.0;38227.0
486600;44430.0;6086.0;38344.0
486700;44313.0;6086.0;38227.0
486800;43960.0;6086.0;37874.0
486900;44374.5;6100.5;38274.0
487000;44273.0;5999.0;38274.0
487100;44309.0;6115.0;38194.0
487200;44480.0;6086.0;38394.0
487300;44371.0;6057.0;38314.0
487400;44428.0;6100.5;38327.5
487500;44269.0;6057.0;38212.0
487600;44456.5;6013.5;38443.0
487700;44529.0;6086.0;38443.0
487800;44394.0;6028.0;38366.0
487900;44423.0;6057.0;38366.0
488000;44315.0;6115.0;38200.0
488100;44620.0;6260.0;38360.0
488200;44876.0;5796.0;39080.0
488300;43988.0;6028.0;37960.0
488400;44562.5;6042.5;38520.0
488500;44519.0;5999.0;38520.0
488600;44428.0;6028.0;38400.0
488700;43847.0;6127.0;37720.0
488800;44717.0;6197.0;38520.0
488900;44497.0;6057.0;38440.0
489000;44397.0;5957.0;38440.0
489100;44487.0;6047.0;38440.0
489200;44467.0;6027.0;38440.0
489300;44497.0;6017.0;38480.0
489400;44094.5;5894.5;38200.0
489500;44594.5;5994.5;38600.0
489600;44127.0;6007.0;38120.0
489700;44487.0;6007.0;38480.0
489800;44607.0;6007.0;38600.0
489900;44327.0;5807.0;38520.0
490000;44047.0;6007.0;38040.0
490100;44502.0;5982.0;38520.0
490200;44527.0;6007.0;38520.0
490300;44567.0;6007.0;38560.0
490400;44592.0;6032.0;38560.0
490500;44567.0;6007.0;38560.0
490600;44567.0;6007.0;38560.0
490700;44472.0;6032.0;38440.0
490800;44682.0;6082.0;38600.0
490900;44607.0;6007.0;38600.0
491000;44607.0;6007.0;38600.0
491100;44589.0;5989.0;38600.0
491200;44589.0;5989.0;38600.0
491300;44629.0;5989.0;38640.0
491400;44629.0;5989.0;38640.0
491500;44485.0;5965.0;38520.0
491600;44565.0;5805.0;38760.0
491700;44921.0;6281.0;38640.0
491800;44497.0;5737.0;38760.0
491900;45063.0;6383.0;38680.0
492000;44672.0;5992.0;38680.0
492100;44655.0;5975.0;38680.0
492200;44677.0;6077.0;38600.0
492300;44729.0;6009.0;38720.0
492400;44729.0;6009.0;38720.0
492500;44882.0;6162.0;38720.0
492600;44678.0;5958.0;38720.0
492700;44695.0;5975.0;38720.0
492800;44849.0;6009.0;38840.0
492900;44769.0;6009.0;38760.0
493000;44769.0;6009.0;38760.0
493100;44735.0;5975.0;38760.0
493200;45181.0;5941.0;39240.0
493300;44655.0;5975.0;38680.0
493400;45167.0;6247.0;38920.0
493500;44946.0;6026.0;38920.0
493600;44385.0;6025.0;38360.0
493700;44663.0;5863.0;38800.0
493800;44793.0;5953.0;38840.0
493900;44385.0;6025.0;38360.0
494000;44901.0;6061.0;38840.0
494100;44865.0;6025.0;38840.0
494200;44421.0;6061.0;38360.0
494300;44653.0;5773.0;38880.0
494400;44785.0;6025.0;38760.0
494500;44941.0;6061.0;38880.0
494600;45061.0;6061.0;39000.0
494700;44941.0;6061.0;38880.0
494800;44981.0;6061.0;38920.0
494900;45497.0;6097.0;39400.0
495000;45017.0;6097.0;38920.0
495100;45017.0;6097.0;38920.0
495200;44981.0;6061.0;38920.0
495300;45003.0;6043.0;38960.0
495400;44951.0;6111.0;38840.0
495500;45071.0;6111.0;38960.0
495600;45105.0;6145.0;38960.0
495700;45071.0;6111.0;38960.0
495800;44591.0;6111.0;38480.0
495900;45111.0;6111.0;39000.0
496000;45111.0;6111.0;39000.0
496100;44919.0;5839.0;39080.0
496200;44997.0;6077.0;38920.0
496300;44837.0;6077.0;38760.0
496400;45066.0;6026.0;39040.0
496500;44997.0;6077.0;38920.0
496600;44660.0;6060.0;38600.0
496700;45131.0;6091.0;39040.0
496800;45015.0;6055.0;38960.0
496900;45055.0;6055.0;39000.0
497000;45019.0;6019.0;39000.0
497100;45109.0;6109.0;39000.0
497200;45019.0;6019.0;39000.0
497300;45027.0;5787.0;39240.0
497400;45147.0;6027.0;39120.0
497500;45147.0;6027.0;39120.0
497600;45107.0;5987.0;39120.0
497700;45207.0;6087.0;39120.0
497800;45267.0;6027.0;39240.0
497900;45127.0;5967.0;39160.0
498000;45147.0;5987.0;39160.0
498100;45147.0;5987.0;39160.0
498200;45127.0;6047.0;39080.0
498300;45667.0;6027.0;39640.0
498400;45321.0;6001.0;39320.0
498500;45180.0;5980.0;39200.0
498600;45300.0;5980.0;39320.0
498700;45201.0;6001.0;39200.0
498800;45283.0;6043.0;39240.0
498900;45346.0;6106.0;39240.0
499000;45619.0;6379.0;39240.0
499100;45283.0;6043.0;39240.0
499200;45403.0;6043.0;39360.0
499300;45323.0;6043.0;39280.0
499400;45323.0;6043.0;39280.0
499500;45763.0;6043.0;39720.0
499600;44963.0;6043.0;38920.0
499700;45666.5;6071.0;39595.5
499800;45297.0;6109.0;39188.0
499900;44899.0;6071.0;38828.0
500000;45261.0;6033.0;39228.0
500100;44937.0;6109.0;38828.0
500200;45455.0;6147.0;39308.0
500300;45457.0;6109.0;39348.0
500400;45017.0;6109.0;38908.0
500500;45457.0;6109.0;39348.0
500600;45457.0;6109.0;39348.0
500700;45495.0;6147.0;39348.0
500800;45577.0;6109.0;39468.0
500900;45497.0;6109.0;39388.0
501000;45379.0;6071.0;39308.0
501100;45516.0;6128.0;39388.0
501200;45673.0;5805.0;39868.0
501300;45499.0;6071.0;39428.0
501400;45499.0;6071.0;39428.0
501500;45537.0;6109.0;39428.0
501600;45195.0;5767.0;39428.0
501700;45499.0;6071.0;39428.0
501800;46019.0;6071.0;39948.0
501900;45615.0;6147.0;39468.0
502000;45097.0;6109.0;38988.0
502100;45881.0;6413.0;39468.0
502200;45520.0;6052.0;39468.0
502300;45617.0;6109.0;39508.0
502400;45579.0;6071.0;39508.0
502500;46019.0;6071.0;39948.0
502600;45541.0;6033.0;39508.0
502700;45680.0;6052.0;39628.0
502800;45461.0;6033.0;39428.0
502900;45581.0;6033.0;39548.0
503000;45973.0;6071.0;39902.0
503100;45489.0;6033.0;39456.0
503200;45618.0;6242.0;39376.0
503300;45707.0;6011.0;39696.0
503400;45627.0;6051.0;39576.0
503500;45627.0;6051.0;39576.0
503600;45627.0;6051.0;39576.0
503700;45667.0;6091.0;39576.0
503800;45667.0;6051.0;39616.0
503900;45547.0;6011.0;39536.0
504000;45667.0;6051.0;39616.0
504100;45667.0;6051.0;39616.0
504200;45768.0;6112.0;39656.0
504300;45811.0;6155.0;39656.0
504400;45285.0;6069.0;39216.0
504500;45424.0;5768.0;39656.0
504600;45768.0;6112.0;39656.0
504700;45066.5;5850.5;39216.0
504800;45838.0;6142.0;39696.0
504900;45838.0;6142.0;39696.0
505000;46262.0;6566.0;39696.0
505100;45838.0;6142.0;39696.0
505200;45958.0;6142.0;39816.0
505300;45758.0;6142.0;39616.0
505400;45945.0;6089.0;39856.0
505500;45834.0;6089.0;39745.0
505600;45834.0;6089.0;39745.0
505700;45796.5;6168.5;39628.0
505800;46030.5;6168.5;39862.0
505900;45848.0;6142.0;39706.0
506000;46160.0;6142.0;40018.0
506100;45926.0;6142.0;39784.0
506200;45458.0;6142.0;39316.0
506300;45912.0;6089.0;39823.0
506400;45965.0;6142.0;39823.0
506500;45965.0;6142.0;39823.0
506600;45944.0;6121.0;39823.0
506700;46118.0;6178.0;39940.0
506800;46118.0;6178.0;39940.0
506900;46203.5;6263.5;39940.0
507000;46275.5;6491.5;39784.0
507100;45983.0;6121.0;39862.0
507200;46496.0;6634.0;39862.0
507300;46079.0;6178.0;39901.0
507400;45962.0;6178.0;39784.0
507500;46766.0;6748.0;40018.0
507600;45905.0;6121.0;39784.0
507700;46164.5;6263.5;39901.0
507800;46061.0;6121.0;39940.0
507900;46068.5;6206.5;39862.0
508000;46146.5;6206.5;39940.0
508100;46469.0;6178.0;40291.0
508200;46118.0;6178.0;39940.0
508300;46185.5;6206.5;39979.0
508400;46100.0;6121.0;39979.0
508500;45356.0;5494.0;39862.0
508600;46100.0;6121.0;39979.0
508700;46100.0;6121.0;39979.0
508800;46079.0;6178.0;39901.0
508900;46110.5;6092.5;40018.0
509000;46196.0;6178.0;40018.0
509100;46217.0;6121.0;40096.0
509200;46139.0;6121.0;40018.0
509300;46121.0;6064.0;40057.0
509400;46224.0;6520.0;39704.0
509500;46099.5;6035.5;40064.0
509600;46065.0;6121.0;39944.0
509700;46156.5;6092.5;40064.0
509800;46225.0;6121.0;40104.0
509900;46248.0;6064.0;40184.0
510000;45792.0;5608.0;40184.0
510100;46168.0;6064.0;40104.0
510200;45712.0;5608.0;40104.0
510300;46208.0;6064.0;40144.0
510400;46293.5;6149.5;40144.0
510500;46784.0;6520.0;40264.0
510600;46208.0;6064.0;40144.0
510700;46293.5;6149.5;40144.0
510800;46333.5;6149.5;40184.0
510900;46248.0;6064.0;40184.0
511000;46305.0;6121.0;40184.0
511100;46248.0;6064.0;40184.0
511200;46305.0;6121.0;40184.0
511300;46288.0;6064.0;40224.0
511400;46070.5;6206.5;39864.0
511500;46544.5;6320.5;40224.0
511600;46418.0;6634.0;39784.0
511700;46345.0;6121.0;40224.0
511800;45791.0;6007.0;39784.0
511900;46248.0;6064.0;40184.0
512000;46328.0;6064.0;40264.0
512100;46328.0;6064.0;40264.0
512200;47048.0;6064.0;40984.0
512300;46368.0;6064.0;40304.0
512400;46396.0;6092.0;40304.0
512500;46516.0;6092.0;40424.0
512600;46184.0;5880.0;40304.0
512700;46396.0;6092.0;40304.0
512800;46289.5;6065.5;40224.0
512900;46436.0;6092.0;40344.0
513000;46489.0;6145.0;40344.0
513100;46436.0;6092.0;40344.0
513200;46436.0;6092.0;40344.0
513300;46164.5;5780.5;40384.0
513400;46439.0;6055.0;40384.0
513500;46500.0;6116.0;40384.0
513600;46288.5;6024.5;40264.0
513700;46012.0;5628.0;40384.0
513800;46328.5;6024.5;40304.0
513900;46479.0;6055.0;40424.0
514000;46399.0;6055.0;40344.0
514100;46460.0;6116.0;40344.0
514200;46540.0;6116.0;40424.0
514300;46580.0;6116.0;40464.0
514400;46628.0;6604.0;40024.0
514500;46580.0;6116.0;40464.0
514600;46399.0;6055.0;40344.0
514700;46580.0;6116.0;40464.0
514800;46559.0;6055.0;40504.0
514900;46498.0;5994.0;40504.0
515000;47100.0;6116.0;40984.0
515100;46721.0;6137.0;40584.0
515200;46673.0;6169.0;40504.0
515300;46105.0;5561.0;40544.0
515400;46393.0;5849.0;40544.0
515500;46737.0;6073.0;40664.0
515600;46553.0;6009.0;40544.0
515700;47193.0;6649.0;40544.0
515800;46134.0;6030.0;40104.0
515900;46033.5;5929.5;40104.0
516000;46614.0;6030.0;40584.0
516100;46534.0;6030.0;40504.0
516200;47083.0;6499.0;40584.0
516300;46683.0;5939.0;40744.0
516400;46483.0;5859.0;40624.0
516500;46923.0;5859.0;41064.0
516600;46523.0;5779.0;40744.0
516700;46483.0;5859.0;40624.0
516800;45803.0;5659.0;40144.0
516900;46603.0;5939.0;40664.0
517000;46617.0;5953.0;40664.0
517100;46617.0;5953.0;40664.0
517200;46812.0;6148.0;40664.0
517300;46696.0;5992.0;40704.0
517400;46540.0;5836.0;40704.0
517500;46657.0;5953.0;40704.0
517600;46777.0;5953.0;40824.0
517700;46657.0;5953.0;40704.0
517800;46697.0;5953.0;40744.0
517900;46775.0;6031.0;40744.0
518000;46736.0;5992.0;40744.0
518100;46775.0;6031.0;40744.0
518200;46697.0;5953.0;40744.0
518300;46815.0;6031.0;40784.0
518400;46815.0;6031.0;40784.0
518500;46815.0;6031.0;40784.0
518600;46695.0;6031.0;40664.0
518700;46815.0;6031.0;40784.0
518800;46777.0;5953.0;40824.0
518900;46695.0;6031.0;40664.0
519000;47612.0;6148.0;41464.0
519100;46231.0;5407.0;40824.0
519200;47011.0;6187.0;40824.0
519300;46970.0;6226.0;40744.0
519400;47051.0;6187.0;40864.0
519500;47249.0;6265.0;40984.0
519600;46973.0;6109.0;40864.0
519700;47374.0;6070.0;41304.0
519800;47091.0;6187.0;40904.0
519900;47091.0;6187.0;40904.0
520000;47091.0;6187.0;40904.0
520100;46974.0;6070.0;40904.0
520200;47091.0;6187.0;40904.0
520300;47493.0;6109.0;41384.0
520400;47677.0;6733.0;40944.0
520500;47053.0;6109.0;40944.0
520600;47053.0;6109.0;40944.0
520700;47053.0;6109.0;40944.0
520800;46859.0;5875.0;40984.0
520900;47093.0;6109.0;40984.0
521000;47573.0;6109.0;41464.0
521100;47093.0;6109.0;40984.0
521200;47171.0;6187.0;40984.0
521300;47133.0;6109.0;41024.0
521400;47484.0;6460.0;41024.0
521500;47133.0;6109.0;41024.0
521600;47133.0;6109.0;41024.0
521700;47130.0;6226.0;40904.0
521800;47329.0;6265.0;41064.0
521900;47173.0;6109.0;41064.0
522000;46771.0;6187.0;40584.0
522100;47449.0;6265.0;41184.0
522200;47251.0;6187.0;41064.0
522300;47369.0;6265.0;41104.0
522400;47369.0;6265.0;41104.0
522500;47369.0;6265.0;41104.0
522600;47369.0;6265.0;41104.0
522700;47369.0;6265.0;41104.0
522800;47331.0;6187.0;41144.0
522900;47604.0;6460.0;41144.0
523000;46931.0;6187.0;40744.0
523100;47331.0;6187.0;41144.0
523200;47772.0;6148.0;41624.0
523300;46825.0;5641.0;41184.0
523400;47449.0;6265.0;41184.0
523500;47488.0;6304.0;41184.0
523600;48115.0;6811.0;41304.0
523700;47059.0;5875.0;41184.0
523800;47528.0;6304.0;41224.0
523900;47331.0;6187.0;41144.0
524000;46865.0;5641.0;41224.0
524100;46787.0;5563.0;41224.0
524200;47567.0;6343.0;41224.0
524300;47451.0;6187.0;41264.0
524400;47331.0;6187.0;41144.0
524500;47451.0;6187.0;41264.0
524600;47451.0;6187.0;41264.0
524700;47373.0;6109.0;41264.0
524800;47296.0;5992.0;41304.0
524900;47023.0;5639.0;41384.0
525000;47583.0;6279.0;41304.0
525100;47743.0;6919.0;40824.0
525200;47583.0;6279.0;41304.0
525300;47343.0;5999.0;41344.0
525400;47183.0;5839.0;41344.0
525500;47623.0;6279.0;41344.0
525600;46983.0;5639.0;41344.0
525700;47623.0;6279.0;41344.0
525800;47663.0;6279.0;41384.0
525900;47583.0;6199.0;41384.0
526000;47743.0;6439.0;41304.0
526100;47743.0;6359.0;41384.0
526200;47503.0;6359.0;41144.0
526300;47903.0;6359.0;41544.0
526400;47920.0;6496.0;41424.0
526500;47686.0;6262.0;41424.0
526600;47725.0;6301.0;41424.0
526700;47881.0;6457.0;41424.0
526800;47726.0;6262.0;41464.0
526900;47779.0;6315.0;41464.0
527000;47779.0;6315.0;41464.0
527100;47779.0;6235.0;41544.0
527200;47699.0;6235.0;41464.0
527300;47819.0;6315.0;41504.0
527400;47939.0;6315.0;41624.0
527500;47819.0;6315.0;41504.0
527600;48059.0;6555.0;41504.0
527700;47899.0;6395.0;41504.0
527800;47139.0;6315.0;40824.0
527900;47859.0;6315.0;41544.0
528000;47459.0;6315.0;41144.0
528100;47859.0;6315.0;41544.0
528200;47939.0;6395.0;41544.0
528300;47979.0;6395.0;41584.0
528400;47920.0;6336.0;41584.0
528500;47800.0;6336.0;41464.0
528600;47920.0;6336.0;41584.0
528700;48536.0;6952.0;41584.0
528800;48191.0;6567.0;41624.0
528900;47960.0;6336.0;41624.0
529000;47883.0;6259.0;41624.0
529100;47960.0;6336.0;41624.0
529200;47883.0;6259.0;41624.0
529300;48000.0;6336.0;41664.0
529400;48077.0;6413.0;41664.0
529500;48098.0;6434.0;41664.0
529600;48098.0;6434.0;41664.0
529700;47978.0;6434.0;41544.0
529800;47738.0;6514.0;41224.0
529900;48138.0;6434.0;41704.0
530000;48603.0;6819.0;41784.0
530100;48536.5;6481.5;42055.0
530200;48497.5;6331.5;42166.0
530300;48203.0;6444.0;41759.0
530400;48053.0;6294.0;41759.0
530500;48217.0;6458.0;41759.0
530600;48217.0;6458.0;41759.0
530700;48648.0;7042.0;41606.0
530800;48224.0;6458.0;41766.0
530900;48888.0;7042.0;41846.0
531000;48363.0;6677.0;41686.0
531100;48224.0;6458.0;41766.0
531200;47640.0;5874.0;41766.0
531300;48139.0;6213.0;41926.0
531400;48601.0;6555.0;42046.0
531500;48241.0;6555.0;41686.0
531600;48405.0;6479.0;41926.0
531700;48595.0;6669.0;41926.0
531800;48319.0;6593.0;41726.0
531900;47717.0;5871.0;41846.0
532000;48325.0;6479.0;41846.0
532100;48401.0;6555.0;41846.0
532200;48401.0;6555.0;41846.0
532300;48365.0;6479.0;41886.0
532400;48365.0;6479.0;41886.0
532500;48005.0;6479.0;41526.0
532600;48365.0;6479.0;41886.0
532700;48523.0;6517.0;42006.0
532800;48557.0;6631.0;41926.0
532900;48823.0;6417.0;42406.0
533000;48676.0;6750.0;41926.0
533100;48343.0;6417.0;41926.0
533200;48343.0;6417.0;41926.0
533300;48263.0;6417.0;41846.0
533400;48383.0;6417.0;41966.0
533500;48383.0;6417.0;41966.0
533600;48457.0;6491.0;41966.0
533700;48013.0;6047.0;41966.0
533800;48179.0;6158.0;42021.0
533900;48340.0;6417.0;41923.0
534000;48568.0;6565.0;42003.0
534100;48155.0;6232.0;41923.0
534200;48921.0;6438.0;42483.0
534300;48442.5;6399.5;42043.0
534400;48481.0;6438.0;42043.0
534500;48481.0;6438.0;42043.0
534600;48442.5;6399.5;42043.0
534700;48438.0;6515.0;41923.0
534800;48524.0;6361.0;42163.0
534900;48444.0;6361.0;42083.0
535000;48598.0;6515.0;42083.0
535100;48361.0;6438.0;41923.0
535200;48521.0;6438.0;42083.0
535300;48561.0;6438.0;42123.0
535400;48676.5;6553.5;42123.0
535500;47945.0;5822.0;42123.0
535600;48441.0;6438.0;42003.0
535700;48201.0;6438.0;41763.0
535800;48601.0;6438.0;42163.0
535900;48485.5;6322.5;42163.0
536000;48601.0;6438.0;42163.0
536100;48601.0;6438.0;42163.0
536200;48479.5;6476.5;42003.0
536300;48602.5;6399.5;42203.0
536400;48718.0;6515.0;42203.0
536500;48371.5;6168.5;42203.0
536600;48641.0;6438.0;42203.0
536700;48641.0;6438.0;42203.0
536800;48681.0;6438.0;42243.0
536900;49107.5;6784.5;42323.0
537000;48681.0;6438.0;42243.0
537100;48681.0;6438.0;42243.0
537200;49469.0;6746.0;42723.0
537300;48127.0;6284.0;41843.0
537400;48644.0;6361.0;42283.0
537500;48605.5;6322.5;42283.0
537600;48567.0;6284.0;42283.0
537700;48524.0;6361.0;42163.0
537800;48761.0;6438.0;42323.0
537900;48545.0;6382.0;42163.0
538000;48745.0;6422.0;42323.0
538100;48465.0;6142.0;42323.0
538200;-794815.0;5902.0;-800717.0
538300;48465.0;6102.0;42363.0
538400;48985.0;6622.0;42363.0
538500;48865.0;6382.0;42483.0
538600;48745.0;6382.0;42363.0
538700;48745.0;6382.0;42363.0
538800;48785.0;6382.0;42403.0
538900;48745.0;6382.0;42363.0
539000;48785.0;6382.0;42403.0
539100;48625.0;6222.0;42403.0
539200;48505.0;6102.0;42403.0
539300;48937.0;6494.0;42443.0
539400;48785.0;6342.0;42443.0
539500;49013.0;6570.0;42443.0
539600;48665.0;6342.0;42323.0
539700;48785.0;6342.0;42443.0
539800;48901.0;6418.0;42483.0
539900;48825.0;6342.0;42483.0
540000;48749.0;6266.0;42483.0
540100;48783.0;6380.0;42403.0
540200;48901.0;6418.0;42483.0
540300;48865.0;6342.0;42523.0
540400;49175.0;6532.0;42643.0
540500;48745.0;6342.0;42403.0
540600;48865.0;6342.0;42523.0
540700;48865.0;6342.0;42523.0
540800;48905.0;6342.0;42563.0
540900;49025.0;6342.0;42683.0
541000;49513.0;6950.0;42563.0
541100;48981.0;6418.0;42563.0
541200;48825.0;6342.0;42483.0
541300;49065.0;6342.0;42723.0
541400;48825.0;6342.0;42483.0
541500;48989.0;6266.0;42723.0
541600;49141.0;6418.0;42723.0
541700;48945.0;6342.0;42603.0
541800;49745.0;7102.0;42643.0
541900;48985.0;6342.0;42643.0
542000;48947.0;6304.0;42643.0
542100;48909.0;6266.0;42643.0
542200;48909.0;6266.0;42643.0
542300;48873.0;6190.0;42683.0
542400;48949.0;6266.0;42683.0
542500;48949.0;6266.0;42683.0
542600;48993.0;6190.0;42803.0
542700;48721.0;6038.0;42683.0
542800;48869.0;6266.0;42603.0
542900;48597.0;5874.0;42723.0
543000;50157.0;6994.0;43163.0
543100;48197.0;5474.0;42723.0
543200;48597.0;6354.0;42243.0
543300;48717.0;5954.0;42763.0
543400;49117.0;6354.0;42763.0
543500;49117.0;6354.0;42763.0
543600;49277.0;6394.0;42883.0
543700;49117.0;6354.0;42763.0
543800;49157.0;6354.0;42803.0
543900;49157.0;6354.0;42803.0
544000;49237.0;6354.0;42883.0
544100;48957.0;6234.0;42723.0
544200;49157.0;6354.0;42803.0
544300;49277.0;6434.0;42843.0
544400;48557.0;5714.0;42843.0
544500;49197.0;6354.0;42843.0
544600;49277.0;6434.0;42843.0
544700;49237.0;6394.0;42843.0
544800;49237.0;6354.0;42883.0
544900;49237.0;6354.0;42883.0
545000;49177.0;6274.0;42903.0
545100;49137.0;6234.0;42903.0
545200;49215.0;6274.0;42941.0
545300;49249.0;6194.0;43055.0
545400;48909.0;6314.0;42595.0
545500;49589.0;6634.0;42955.0
545600;49229.0;6274.0;42955.0
545700;48509.0;5554.0;42955.0
545800;49669.0;6194.0;43475.0
545900;49429.0;6354.0;43075.0
546000;49189.0;6194.0;42995.0
546100;49429.0;5954.0;43475.0
546200;48669.0;5554.0;43115.0
546300;49806.0;6331.0;43475.0
546400;49369.0;6214.0;43155.0
546500;49249.0;6214.0;43035.0
546600;49123.0;6448.0;42675.0
546700;49689.0;6214.0;43475.0
546800;49309.0;6214.0;43095.0
546900;49231.0;6136.0;43095.0
547000;49385.0;6214.0;43171.0
547100;48847.0;6136.0;42711.0
547200;49325.0;6214.0;43111.0
547300;49365.0;6214.0;43151.0
547400;49365.0;6214.0;43151.0
547500;49379.0;6228.0;43151.0
547600;49379.0;6228.0;43151.0
547700;48517.0;5348.0;43169.0
547800;49475.0;6268.0;43207.0
547900;50075.0;6868.0;43207.0
548000;49515.0;6308.0;43207.0
548100;49331.0;6228.0;43103.0
548200;49291.0;6108.0;43183.0
548300;49491.0;6148.0;43343.0
548400;49531.0;6188.0;43343.0
548500;49371.0;6148.0;43223.0
548600;49371.0;6028.0;43343.0
548700;49371.0;6148.0;43223.0
548800;49571.0;6228.0;43343.0
548900;49531.0;6268.0;43263.0
549000;49411.0;6148.0;43263.0
549100;49571.0;6308.0;43263.0
549200;49491.0;6228.0;43263.0
549300;49531.0;6228.0;43303.0
549400;50365.0;6748.0;43617.0
549500;49541.0;6228.0;43313.0
549600;50485.0;6868.0;43617.0
549700;49501.0;6188.0;43313.0
549800;49579.0;6228.0;43351.0
549900;49579.0;6228.0;43351.0
550000;49579.0;6228.0;43351.0
550100;49579.0;6228.0;43351.0
550200;49435.0;6188.0;43247.0
550300;49475.0;6228.0;43247.0
550400;49819.0;6308.0;43511.0
550500;49785.0;6388.0;43397.0
550600;50539.0;7028.0;43511.0
550700;49785.0;6388.0;43397.0
550800;49823.0;6388.0;43435.0
550900;49823.0;6388.0;43435.0
551000;49823.0;6388.0;43435.0
551100;49823.0;6388.0;43435.0
551200;49903.0;6468.0;43435.0
551300;49861.0;6388.0;43473.0
551400;49443.0;6388.0;43055.0
551500;50055.0;6468.0;43587.0
551600;49901.0;6428.0;43473.0
551700;49895.0;6308.0;43587.0
551800;50219.0;6708.0;43511.0
551900;49705.0;6308.0;43397.0
552000;49819.0;6308.0;43511.0
552100;49819.0;6308.0;43511.0
552200;49179.0;5668.0;43511.0
552300;49977.0;6428.0;43549.0
552400;49857.0;6308.0;43549.0
552500;49971.0;6308.0;43663.0
552600;49971.0;6308.0;43663.0
552700;49974.0;6428.0;43546.0
552800;50053.0;6468.0;43585.0
552900;50333.0;6748.0;43585.0
553000;49973.0;6388.0;43585.0
553100;49973.0;6388.0;43585.0
553200;49895.0;6388.0;43507.0
553300;49423.0;6228.0;43195.0
553400;49932.0;6308.0;43624.0
553500;50049.0;6308.0;43741.0
553600;49815.0;6308.0;43507.0
553700;50089.0;6348.0;43741.0
553800;49969.0;6228.0;43741.0
553900;50251.0;6588.0;43663.0
554000;49891.0;6228.0;43663.0
554100;49888.0;6108.0;43780.0
554200;49771.0;6108.0;43663.0
554300;49490.0;5788.0;43702.0
554400;49930.0;6228.0;43702.0
554500;49570.0;5868.0;43702.0
554600;49930.0;6228.0;43702.0
554700;50047.0;6228.0;43819.0
554800;49976.0;6235.0;43741.0
554900;49938.0;6314.0;43624.0
555000;49858.5;6195.5;43663.0
555100;49423.0;5682.0;43741.0
555200;50055.0;6314.0;43741.0
555300;49902.0;6551.0;43351.0
555400;50095.5;6432.5;43663.0
555500;50528.5;6748.5;43780.0
555600;50173.0;6393.0;43780.0
555700;50211.0;6314.0;43897.0
555800;50212.0;6393.0;43819.0
555900;50290.0;6393.0;43897.0
556000;50290.0;6393.0;43897.0
556100;50567.5;6748.5;43819.0
556200;50212.0;6393.0;43819.0
556300;49898.0;6393.0;43505.0
556400;50258.0;6393.0;43865.0
556500;50698.0;6393.0;44305.0
556600;50179.0;6314.0;43865.0
556700;50265.0;6400.0;43865.0
556800;50265.0;6480.0;43785.0
556900;49745.0;5760.0;43985.0
557000;50225.0;6320.0;43905.0
557100;50305.0;6400.0;43905.0
557200;50225.0;6320.0;43905.0
557300;51145.0;7200.0;43945.0
557400;50657.5;6400.0;44257.5
557500;50277.5;6320.0;43957.5
557600;50291.5;6334.0;43957.5
557700;50144.0;6334.0;43810.0
557800;50382.0;6412.0;43970.0
557900;50262.0;6412.0;43850.0
558000;50462.0;6412.0;44050.0
558100;50382.0;6412.0;43970.0
558200;50382.0;6412.0;43970.0
558300;50422.0;6412.0;44010.0
558400;50422.0;6412.0;44010.0
558500;50464.0;6334.0;44130.0
558600;49798.0;5788.0;44010.0
558700;50425.0;6295.0;44130.0
558800;50462.0;6412.0;44050.0
558900;50462.0;6412.0;44050.0
559000;50657.0;6607.0;44050.0
559100;50304.0;6334.0;43970.0
559200;50267.0;6217.0;44050.0
559300;50544.0;6334.0;44210.0
559400;50424.0;6334.0;44090.0
559500;50346.0;6256.0;44090.0
559600;50466.0;6256.0;44210.0
559700;50466.0;6256.0;44210.0
559800;51010.0;6880.0;44130.0
559900;51010.0;6240.0;44770.0
560000;50450.0;6240.0;44210.0
560100;50290.0;6160.0;44130.0
560200;50530.0;6880.0;43650.0
560300;49610.0;6120.0;43490.0
560400;50410.0;6240.0;44170.0
560500;50450.0;6160.0;44290.0
560600;50290.0;6240.0;44050.0
560700;50410.0;6240.0;44170.0
560800;50450.0;6360.0;44090.0
560900;50350.0;6120.0;44230.0
561000;50550.0;6320.0;44230.0
561100;50390.0;6160.0;44230.0
561200;50470.0;6240.0;44230.0
561300;50582.0;6200.0;44382.0
561400;50622.0;6240.0;44382.0
561500;50428.0;6160.0;44268.0
561600;50486.0;6240.0;44246.0
561700;50446.0;6320.0;44126.0
561800;51166.0;6880.0;44286.0
561900;50606.0;6320.0;44286.0
562000;50606.0;6320.0;44286.0
562100;50526.0;6320.0;44206.0
562200;50606.0;6320.0;44286.0
562300;50646.0;6320.0;44326.0
562400;50806.0;6360.0;44446.0
562500;50606.0;6400.0;44206.0
562600;50766.0;6440.0;44326.0
562700;50726.0;6400.0;44326.0
562800;50766.0;6400.0;44366.0
562900;50766.0;6400.0;44366.0
563000;50846.0;6400.0;44446.0
563100;50766.0;6400.0;44366.0
563200;51646.0;7280.0;44366.0
563300;50926.0;6400.0;44526.0
563400;51446.0;7040.0;44406.0
563500;50886.0;6360.0;44526.0
563600;50846.0;6440.0;44406.0
563700;50806.0;6520.0;44286.0
563800;50846.0;6320.0;44526.0
563900;50966.0;6520.0;44446.0
564000;50846.0;6400.0;44446.0
564100;50886.0;6440.0;44446.0
564200;50686.0;6240.0;44446.0
564300;50166.0;5680.0;44486.0
564400;49566.0;5520.0;44046.0
564500;50686.0;6200.0;44486.0
564600;50806.0;6320.0;44486.0
564700;50806.0;6320.0;44486.0
564800;51486.0;6960.0;44526.0
564900;50646.0;6240.0;44406.0
565000;50940.0;6334.0;44606.0
565100;51640.0;7114.0;44526.0
565200;51484.0;6958.0;44526.0
565300;50900.0;6334.0;44566.0
565400;50900.0;6334.0;44566.0
565500;50783.0;6217.0;44566.0
565600;50276.0;5710.0;44566.0
565700;50783.0;6217.0;44566.0
565800;51018.0;6412.0;44606.0
565900;51658.0;6412.0;45246.0
566000;50979.0;6373.0;44606.0
566100;51018.0;6412.0;44606.0
566200;50954.0;6348.0;44606.0
566300;50754.0;6228.0;44526.0
566400;51354.0;6268.0;45086.0
566500;51034.0;6388.0;44646.0
566600;50914.0;6268.0;44646.0
566700;50874.0;6348.0;44526.0
566800;51674.0;6988.0;44686.0
566900;51514.0;6348.0;45166.0
567000;51034.0;6348.0;44686.0
567100;51034.0;6348.0;44686.0
567200;51074.0;6388.0;44686.0
567300;51874.0;7148.0;44726.0
567400;50834.0;6108.0;44726.0
567500;51114.0;6268.0;44846.0
567600;50994.0;6268.0;44726.0
567700;51274.0;6548.0;44726.0
567800;51114.0;6348.0;44766.0
567900;51834.0;6988.0;44846.0
568000;51474.0;6628.0;44846.0
568100;51114.0;6348.0;44766.0
568200;51114.0;6348.0;44766.0
568300;51234.0;6428.0;44806.0
568400;51234.0;6428.0;44806.0
568500;50954.0;6508.0;44446.0
568600;50674.0;5868.0;44806.0
568700;51314.0;6508.0;44806.0
568800;51074.0;6228.0;44846.0
568900;51434.0;6588.0;44846.0
569000;51434.0;6588.0;44846.0
569100;51234.0;6468.0;44766.0
569200;51394.0;6548.0;44846.0
569300;51474.0;6588.0;44886.0
569400;51354.0;6588.0;44766.0
569500;51394.0;6508.0;44886.0
569600;51394.0;6508.0;44886.0
569700;51394.0;6508.0;44886.0
569800;51634.0;6708.0;44926.0
569900;51434.0;6508.0;44926.0
570000;52114.0;6708.0;45406.0
570100;51634.0;6588.0;45046.0
570200;52154.0;6748.0;45406.0
570300;51274.0;6308.0;44966.0
570400;51474.0;6508.0;44966.0
570500;51474.0;6508.0;44966.0
570600;51474.0;6508.0;44966.0
570700;51914.0;6508.0;45406.0
570800;51674.0;6668.0;45006.0
570900;51674.0;6668.0;45006.0
571000;51594.0;6588.0;45006.0
571100;51594.0;6588.0;45006.0
571200;51994.0;6508.0;45486.0
571300;51634.0;6588.0;45046.0
571400;52074.0;6588.0;45486.0
571500;51634.0;6588.0;45046.0
571600;51634.0;6588.0;45046.0
571700;51754.0;6588.0;45166.0
571800;51988.0;6588.0;45400.0
571900;51760.0;6668.0;45092.0
572000;51760.0;6668.0;45092.0
572100;51235.5;6028.0;45207.5
572200;51760.0;6668.0;45092.0
572300;51798.5;6668.0;45130.5
572400;51834.0;6588.0;45246.0
572500;51914.0;6668.0;45246.0
572600;51683.0;6668.0;45015.0
572700;51798.5;6668.0;45130.5
572800;52065.0;6588.0;45477.0
572900;51489.0;6708.0;44781.0
573000;52569.0;7388.0;45181.0
573100;51849.0;6668.0;45181.0
573200;51849.0;6748.0;45101.0
573300;52609.0;7388.0;45221.0
573400;52089.0;6748.0;45341.0
573500;51969.0;6748.0;45221.0
573600;51689.0;6748.0;44941.0
573700;51609.0;6748.0;44861.0
573800;51889.0;6748.0;45141.0
573900;52026.0;6885.0;45141.0
574000;52263.0;7002.0;45261.0
574100;52146.0;6885.0;45261.0
574200;52266.0;6885.0;45381.0
574300;51949.0;6768.0;45181.0
574400;52497.0;6885.0;45612.0
574500;52264.0;6948.0;45316.0
574600;52262.5;6835.5;45427.0
574700;52189.0;6873.0;45316.0
574800;52226.0;6873.0;45353.0
574900;52226.0;6873.0;45353.0
575000;52226.0;6873.0;45353.0
575100;52110.0;6873.0;45237.0
575200;52190.0;6873.0;45317.0
575300;52155.0;6798.0;45357.0
575400;52557.0;7320.0;45237.0
575500;52086.0;7089.0;44997.0
575600;52182.0;6825.0;45357.0
575700;52479.0;7122.0;45357.0
575800;52354.0;6957.0;45397.0
575900;52354.0;6957.0;45397.0
576000;52354.0;6957.0;45397.0
576100;52354.0;6957.0;45397.0
576200;52308.0;7551.0;44757.0
576300;52460.0;7023.0;45437.0
576400;52526.0;7089.0;45437.0
576500;52625.0;7188.0;45437.0
576600;52460.0;7023.0;45437.0
576700;52559.0;7122.0;45437.0
576800;52460.0;7023.0;45437.0
576900;52566.0;7089.0;45477.0
577000;52599.0;7122.0;45477.0
577100;52500.0;7023.0;45477.0
577200;52486.0;7089.0;45397.0
577300;52540.0;7023.0;45517.0
577400;52660.0;7023.0;45637.0
577500;52606.0;7089.0;45517.0
577600;52248.0;6891.0;45357.0
577700;52957.0;7320.0;45637.0
577800;52672.0;7155.0;45517.0
577900;52712.0;7155.0;45557.0
578000;52298.0;7221.0;45077.0
578100;52778.0;7221.0;45557.0
578200;52832.0;7155.0;45677.0
578300;52752.0;7155.0;45597.0
578400;52851.0;7254.0;45597.0
578500;52752.0;7155.0;45597.0
578600;52872.0;7155.0;45717.0
578700;52646.0;7169.0;45477.0
578800;52926.0;7169.0;45757.0
578900;52806.0;7169.0;45637.0
579000;52806.0;7169.0;45637.0
579100;52726.0;7169.0;45557.0
579200;52806.0;7169.0;45637.0
579300;52778.0;7101.0;45677.0
579400;52846.0;7169.0;45677.0
579500;52778.0;7101.0;45677.0
579600;52778.0;7101.0;45677.0
579700;52778.0;7101.0;45677.0
579800;53294.0;7577.0;45717.0
579900;52830.0;7033.0;45797.0
580000;53294.0;7577.0;45717.0
580100;52648.0;6931.0;45717.0
580200;52580.0;6863.0;45717.0
580300;52602.0;6965.0;45637.0
580400;52654.0;6897.0;45757.0
580500;52654.0;6897.0;45757.0
580600;52586.0;6829.0;45757.0
580700;52654.0;6897.0;45757.0
580800;52762.0;6965.0;45797.0
580900;52302.0;6625.0;45677.0
581000;52740.0;6863.0;45877.0
581100;52218.0;6421.0;45797.0
581200;52218.0;6421.0;45797.0
581300;52614.0;6897.0;45717.0
581400;52614.0;6897.0;45717.0
581500;52734.0;6897.0;45837.0
581600;52982.0;7145.0;45837.0
581700;52682.0;6845.0;45837.0
581800;52802.0;6845.0;45957.0
581900;52662.0;6785.0;45877.0
582000;52662.0;6785.0;45877.0
582100;52662.0;6785.0;45877.0
582200;52149.5;6432.5;45717.0
582300;52745.5;6708.5;46037.0
582400;53217.0;6881.0;46336.0
582500;52746.5;6812.0;45934.5
582600;52588.0;6812.0;45776.0
582700;52708.0;6812.0;45896.0
582800;52058.0;6122.0;45936.0
582900;52897.0;6881.0;46016.0
583000;52748.0;6812.0;45936.0
583100;52758.0;6812.0;45946.0
583200;52999.5;7053.5;45946.0
583300;52701.0;6833.0;45868.0
583400;52665.0;6797.0;45868.0
583500;53427.0;7013.0;46414.0
583600;52818.0;6833.0;45985.0
583700;52402.0;6417.0;45985.0
583800;52881.0;6857.0;46024.0
583900;52959.0;6857.0;46102.0
584000;52881.0;6857.0;46024.0
584100;52998.0;6857.0;46141.0
584200;52881.0;6857.0;46024.0
584300;52800.0;6737.0;46063.0
584400;52723.0;6777.0;45946.0
584500;53077.0;6897.0;46180.0
584600;52603.0;6657.0;45946.0
584700;52563.0;6617.0;45946.0
584800;52879.0;6777.0;46102.0
584900;52837.0;6657.0;46180.0
585000;52879.0;6777.0;46102.0
585100;53587.0;7017.0;46570.0
585200;53116.0;6897.0;46219.0
585300;52998.0;6857.0;46141.0
585400;52315.0;6057.0;46258.0
585500;53478.0;7337.0;46141.0
585600;52838.0;6697.0;46141.0
585700;53081.0;7057.0;46024.0
585800;52955.0;6697.0;46258.0
585900;53465.0;6817.0;46648.0
586000;52799.0;6697.0;46102.0
586100;53465.0;6817.0;46648.0
586200;52957.0;6777.0;46180.0
586300;52639.0;6537.0;46102.0
586400;52836.0;6617.0;46219.0
586500;52836.0;6617.0;46219.0
586600;52790.0;6337.0;46453.0
586700;52873.0;6537.0;46336.0
586800;52795.0;6537.0;46258.0
586900;52795.0;6537.0;46258.0
587000;52816.0;6558.0;46258.0
587100;53010.0;6635.0;46375.0
587200;52777.5;6519.5;46258.0
587300;52855.0;6558.0;46297.0
587400;52316.0;6019.0;46297.0
587500;52815.0;6635.0;46180.0
587600;53548.0;7251.0;46297.0
587700;53047.5;6750.5;46297.0
587800;53356.0;7020.0;46336.0
587900;52892.5;6673.5;46219.0
588000;53126.0;6712.0;46414.0
588100;53008.5;6750.5;46258.0
588200;53741.0;7405.0;46336.0
588300;52933.0;6558.0;46375.0
588400;52856.0;6481.0;46375.0
588500;52934.5;6442.5;46492.0
588600;53050.0;6558.0;46492.0
588700;52931.5;6673.5;46258.0
588800;52972.0;6558.0;46414.0
588900;53164.5;6750.5;46414.0
589000;52894.0;6558.0;46336.0
589100;52972.0;6558.0;46414.0
589200;52972.0;6558.0;46414.0
589300;53128.0;6558.0;46570.0
589400;53128.0;6558.0;46570.0
589500;53165.0;6712.0;46453.0
589600;52472.0;6019.0;46453.0
589700;53086.5;6750.5;46336.0
589800;53672.0;6712.0;46960.0
589900;53358.0;6866.0;46492.0
590000;53205.0;6635.0;46570.0
590100;53321.0;6712.0;46609.0
590200;53049.0;6635.0;46414.0
590300;53243.0;6712.0;46531.0
590400;53243.0;6712.0;46531.0
590500;-716218.0;-762749.0;46531.0
590600;53098.0;6558.0;46540.0
590700;53136.5;6596.5;46540.0
590800;53212.0;6558.0;46654.0
590900;53251.5;6673.5;46578.0
591000;53097.5;6519.5;46578.0
591100;53592.0;6558.0;47034.0
591200;53367.0;6789.0;46578.0
591300;53592.0;6558.0;47034.0
591400;52983.0;6481.0;46502.0
591500;53211.0;6481.0;46730.0
591600;53060.0;6558.0;46502.0
591700;53098.5;6596.5;46502.0
591800;53212.0;6558.0;46654.0
591900;53059.5;6519.5;46540.0
592000;53058.0;6404.0;46654.0
592100;53096.5;6442.5;46654.0
592200;53400.0;6404.0;46996.0
592300;53210.0;6404.0;46806.0
592400;52982.0;6404.0;46578.0
592500;52982.0;6404.0;46578.0
592600;53211.5;6519.5;46692.0
592700;52979.0;6173.0;46806.0
592800;53248.5;6442.5;46806.0
592900;53133.0;6327.0;46806.0
593000;53288.0;6558.0;46730.0
593100;53480.5;6750.5;46730.0
593200;53325.0;6481.0;46844.0
593300;53258.0;6481.0;46777.0
593400;53258.0;6481.0;46777.0
593500;53527.5;6750.5;46777.0
593600;53104.0;6327.0;46777.0
593700;53375.0;6481.0;46894.0
593800;53375.0;6481.0;46894.0
593900;53220.0;6404.0;46816.0
594000;53220.0;6404.0;46816.0
594100;53260.0;6327.0;46933.0
594200;53836.0;7020.0;46816.0
594300;53315.0;6460.0;46855.0
594400;53315.0;6460.0;46855.0
594500;53078.0;6340.0;46738.0
594600;53315.0;6460.0;46855.0
594700;53195.0;6340.0;46855.0
594800;53552.0;6580.0;46972.0
594900;53274.0;6380.0;46894.0
595000;53354.0;6460.0;46894.0
595100;54111.0;7100.0;47011.0
595200;53434.0;6540.0;46894.0
595300;53120.0;6540.0;46580.0
595400;53680.0;6620.0;47060.0
595500;53480.0;6540.0;46940.0
595600;53360.0;6420.0;46940.0
595700;53400.0;6460.0;46940.0
595800;53440.0;6460.0;46980.0
595900;53320.0;6820.0;46500.0
596000;53560.0;6580.0;46980.0
596100;53560.0;6460.0;47100.0
596200;53360.0;6380.0;46980.0
596300;53480.0;6460.0;47020.0
596400;54120.0;7100.0;47020.0
596500;53640.0;6620.0;47020.0
596600;53320.0;6420.0;46900.0
596700;53560.0;6540.0;47020.0
596800;53680.0;6540.0;47140.0
596900;53520.0;6460.0;47060.0
597000;53520.0;6460.0;47060.0
597100;53440.0;6380.0;47060.0
597200;53600.0;6540.0;47060.0
597300;53520.0;6540.0;46980.0
597400;53360.0;6620.0;46740.0
597500;53640.0;6540.0;47100.0
597600;53760.0;6660.0;47100.0
597700;53400.0;6300.0;47100.0
597800;53720.0;6620.0;47100.0
597900;54680.0;7060.0;47620.0
598000;53120.0;5980.0;47140.0
598100;53840.0;6700.0;47140.0
598200;53840.0;6700.0;47140.0
598300;53560.0;6500.0;47060.0
598400;53520.0;6780.0;46740.0
598500;53960.0;6780.0;47180.0
598600;53720.0;6980.0;46740.0
598700;53480.0;6780.0;46700.0
598800;54000.0;6780.0;47220.0
598900;54080.0;6780.0;47300.0
599000;54000.0;6780.0;47220.0
599100;53360.0;6140.0;47220.0
599200;54320.0;7180.0;47140.0
599300;54120.0;6860.0;47260.0
599400;53960.0;6700.0;47260.0
599500;53800.0;6540.0;47260.0
599600;54120.0;6860.0;47260.0
599700;54040.0;6780.0;47260.0
599800;53960.0;6780.0;47180.0
599900;54080.0;6780.0;47300.0
600000;54080.0;6780.0;47300.0
600100;54200.0;6900.0;47300.0
600200;53440.0;6140.0;47300.0
600300;54000.0;6700.0;47300.0
600400;54040.0;6700.0;47340.0
600500;54120.0;6780.0;47340.0
600600;54120.0;6780.0;47340.0
600700;54040.0;6700.0;47340.0
600800;-745840.0;-792740.0;46900.0
600900;54160.0;6780.0;47380.0
601000;54440.0;6980.0;47460.0
601100;54160.0;6780.0;47380.0
601200;54080.0;6780.0;47300.0
601300;54160.0;6780.0;47380.0
601400;54240.0;6700.0;47540.0
601500;54200.0;6780.0;47420.0
601600;54360.0;6940.0;47420.0
601700;54332.0;6780.0;47552.0
601800;54254.0;6780.0;47474.0
601900;54374.0;6900.0;47474.0
602000;54332.0;6780.0;47552.0
602100;54996.0;6820.0;48176.0
602200;55036.0;6860.0;48176.0
602300;54174.0;6700.0;47474.0
602400;54410.0;6780.0;47630.0
602500;54176.0;6780.0;47396.0
602600;54410.0;6780.0;47630.0
602700;54010.0;6780.0;47230.0
602800;54330.0;6780.0;47550.0
602900;54330.0;6780.0;47550.0
603000;54330.0;6780.0;47550.0
603100;54330.0;6780.0;47550.0
603200;54250.0;6780.0;47470.0
603300;54330.0;6780.0;47550.0
603400;54490.0;6780.0;47710.0
603500;55010.0;7420.0;47590.0
603600;54370.0;6780.0;47590.0
603700;54410.0;6780.0;47630.0
603800;54450.0;6820.0;47630.0
603900;53930.0;6780.0;47150.0
604000;54410.0;6780.0;47630.0
604100;54650.0;6900.0;47750.0
604200;53930.0;6300.0;47630.0
604300;55050.0;7420.0;47630.0
604400;54330.0;6780.0;47550.0
604500;53730.0;6740.0;46990.0
604600;54410.0;6860.0;47550.0
604700;54610.0;6900.0;47710.0
604800;54450.0;6780.0;47670.0
604900;54570.0;6860.0;47710.0
605000;53930.0;6140.0;47790.0
605100;54490.0;6780.0;47710.0
605200;54610.0;6780.0;47830.0
605300;54490.0;6780.0;47710.0
605400;54290.0;6900.0;47390.0
605500;54090.0;6780.0;47310.0
605600;54530.0;6780.0;47750.0
605700;54450.0;6780.0;47670.0
605800;54450.0;6780.0;47670.0
605900;53970.0;6660.0;47310.0
606000;54570.0;6780.0;47790.0
606100;54450.0;6660.0;47790.0
606200;53850.0;6060.0;47790.0
606300;54410.0;6700.0;47710.0
606400;53850.0;6700.0;47150.0
606500;54610.0;6780.0;47830.0
606600;54610.0;6780.0;47830.0
606700;54730.0;6860.0;47870.0
606800;54530.0;6660.0;47870.0
606900;54570.0;6700.0;47870.0
607000;54490.0;6700.0;47790.0
607100;54490.0;6620.0;47870.0
607200;54490.0;6620.0;47870.0
607300;54410.0;6540.0;47870.0
607400;54490.0;6580.0;47910.0
607500;54530.0;6620.0;47910.0
607600;54450.0;6700.0;47750.0
607700;54690.0;6780.0;47910.0
607800;54690.0;6660.0;48030.0
607900;54610.0;6700.0;47910.0
608000;54650.0;6700.0;47950.0
608100;54050.0;6060.0;47990.0
608200;54770.0;6820.0;47950.0
608300;54730.0;6780.0;47950.0
608400;54650.0;6780.0;47870.0
608500;54770.0;6780.0;47990.0
608600;54770.0;6780.0;47990.0
608700;54250.0;6220.0;48030.0
608800;54010.0;5980.0;48030.0
608900;55130.0;7020.0;48110.0
609000;54850.0;6820.0;48030.0
609100;54810.0;6780.0;48030.0
609200;54785.0;6700.0;48085.0
609300;54666.0;6620.0;48046.0
609400;54588.0;6620.0;47968.0
609500;54945.0;6860.0;48085.0
609600;54785.0;6700.0;48085.0
609700;55136.0;6700.0;48436.0
609800;54785.0;6700.0;48085.0
609900;54865.0;6780.0;48085.0
610000;54904.0;6780.0;48124.0
610100;55452.0;6860.0;48592.0
610200;54864.0;6740.0;48124.0
610300;54904.0;6780.0;48124.0
610400;55255.0;6780.0;48475.0
610500;54586.0;6540.0;48046.0
610600;54943.0;6780.0;48163.0
610700;54865.0;6780.0;48085.0
610800;54865.0;6780.0;48085.0
610900;54514.0;6780.0;47734.0
611000;54982.0;6780.0;48202.0
611100;54904.0;6780.0;48124.0
611200;54548.0;6780.0;47768.0
611300;54988.0;6780.0;48208.0
611400;55028.0;6780.0;48248.0
611500;54508.0;6140.0;48368.0
611600;55188.0;6820.0;48368.0
611700;54988.0;6700.0;48288.0
611800;54348.0;6060.0;48288.0
611900;-793932.0;6740.0;-800672.0
612000;55068.0;6780.0;48288.0
612100;54468.0;6060.0;48408.0
612200;55479.0;7071.0;48408.0
612300;55086.0;6798.0;48288.0
612400;55006.0;6798.0;48208.0
612500;55126.0;6798.0;48328.0
612600;55006.0;6798.0;48208.0
612700;55166.0;6798.0;48368.0
612800;55404.0;6876.0;48528.0
612900;55256.0;6876.0;48380.0
613000;55342.0;6876.0;48466.0
613100;55270.0;6876.0;48394.0
613200;55192.0;6798.0;48394.0
613300;55378.0;6876.0;48502.0
613400;55220.0;6954.0;48266.0
613500;55184.0;6798.0;48386.0
613600;55184.0;6798.0;48386.0
613700;55302.0;6876.0;48426.0
613800;55224.0;6798.0;48426.0
613900;55312.0;6876.0;48436.0
614000;55390.0;6876.0;48514.0
614100;54920.0;6876.0;48044.0
614200;55320.0;6876.0;48444.0
614300;54696.0;6252.0;48444.0
614400;55636.0;7032.0;48604.0
614500;55321.0;6837.0;48484.0
614600;55438.0;6954.0;48484.0
614700;55358.0;6954.0;48404.0
614800;55709.0;7305.0;48404.0
614900;55078.0;6954.0;48124.0
615000;55478.0;6954.0;48524.0
615100;55518.0;6954.0;48564.0
615200;55478.0;6954.0;48524.0
615300;55518.0;6954.0;48564.0
615400;55596.0;7032.0;48564.0
615500;55716.0;7032.0;48684.0
615600;55958.0;6954.0;49004.0
615700;55558.0;6954.0;48604.0
615800;55438.0;6954.0;48484.0
615900;55558.0;6954.0;48604.0
616000;55638.0;6954.0;48684.0
616100;55558.0;6954.0;48604.0
616200;55558.0;6954.0;48604.0
616300;56182.0;7578.0;48604.0
616400;55676.0;7032.0;48644.0
616500;55520.0;6876.0;48644.0
616600;55086.0;6442.0;48644.0
616700;55646.0;6962.0;48684.0
616800;55566.0;6882.0;48684.0
616900;55646.0;6962.0;48684.0
617000;56406.0;7242.0;49164.0
617100;55566.0;6882.0;48684.0
617200;55486.0;6882.0;48604.0
617300;55686.0;6882.0;48804.0
617400;55526.0;6802.0;48724.0
617500;55526.0;6802.0;48724.0
617600;55686.0;6962.0;48724.0
617700;55686.0;6802.0;48884.0
617800;55286.0;6562.0;48724.0
617900;55566.0;6802.0;48764.0
618000;55486.0;6722.0;48764.0
618100;55606.0;6842.0;48764.0
618200;55566.0;6802.0;48764.0
618300;55646.0;6882.0;48764.0
618400;55566.0;6882.0;48684.0
618500;56446.0;7522.0;48924.0
618600;55846.0;7042.0;48804.0
618700;55806.0;6962.0;48844.0
618800;55086.0;6242.0;48844.0
618900;55686.0;6882.0;48804.0
619000;55726.0;6882.0;48844.0
619100;55726.0;6882.0;48844.0
619200;56206.0;6882.0;49324.0
619300;55686.0;6842.0;48844.0
619400;55646.0;6882.0;48764.0
619500;56126.0;6802.0;49324.0
619600;55886.0;7002.0;48884.0
619700;55806.0;6882.0;48924.0
619800;55886.0;6962.0;48924.0
619900;55766.0;6762.0;49004.0
620000;55726.0;6802.0;48924.0
620100;55726.0;6802.0;48924.0
620200;55646.0;6722.0;48924.0
620300;55646.0;6802.0;48844.0
620400;55966.0;6882.0;49084.0
620500;55966.0;6882.0;49084.0
620600;55886.0;6802.0;49084.0
620700;55886.0;6882.0;49004.0
620800;55966.0;6882.0;49084.0
620900;55966.0;6962.0;49004.0
621000;55886.0;6882.0;49004.0
621100;55806.0;6802.0;49004.0
621200;55886.0;6882.0;49004.0
621300;55846.0;6802.0;49044.0
621400;55846.0;6802.0;49044.0
621500;55486.0;6442.0;49044.0
621600;55926.0;6882.0;49044.0
621700;56046.0;6962.0;49084.0
621800;56046.0;6962.0;49084.0
621900;56046.0;6882.0;49164.0
622000;55966.0;6882.0;49084.0
622100;55886.0;6762.0;49124.0
622200;56086.0;6882.0;49204.0
622300;56726.0;6922.0;49804.0
622400;55926.0;6802.0;49124.0
622500;56366.0;6802.0;49564.0
622600;56046.0;6802.0;49244.0
622700;55638.0;6162.0;49476.0
622800;56050.0;6802.0;49248.0
622900;55854.0;6682.0;49172.0
623000;55930.0;6682.0;49248.0
623100;56252.0;7042.0;49210.0
623200;55818.0;6722.0;49096.0
623300;55974.0;6802.0;49172.0
623400;56172.0;6962.0;49210.0
623500;56092.0;6882.0;49210.0
623600;56092.0;6882.0;49210.0
623700;56130.0;6882.0;49248.0
623800;56144.0;6896.0;49248.0
623900;56144.0;6896.0;49248.0
624000;56768.0;7520.0;49248.0
624100;56158.0;6910.0;49248.0
624200;56038.0;6790.0;49248.0
624300;56202.0;7030.0;49172.0
624400;56236.0;6950.0;49286.0
624500;56196.0;6910.0;49286.0
624600;56196.0;6910.0;49286.0
624700;56328.0;7004.0;49324.0
624800;56328.0;7004.0;49324.0
624900;56445.0;7121.0;49324.0
625000;56277.0;7121.0;49156.0
625100;56320.0;7004.0;49316.0
625200;56440.0;7004.0;49436.0
625300;56398.0;7082.0;49316.0
625400;56321.0;6965.0;49356.0
625500;55967.0;6731.0;49236.0
625600;56438.0;7082.0;49356.0
625700;56397.0;7121.0;49276.0
625800;56478.0;7082.0;49396.0
625900;56280.0;7004.0;49276.0
626000;56400.0;7004.0;49396.0
626100;56400.0;7004.0;49396.0
626200;56400.0;7004.0;49396.0
626300;56320.0;7004.0;49316.0
626400;56440.0;7004.0;49436.0
626500;55816.0;6380.0;49436.0
626600;56078.0;7082.0;48996.0
626700;56558.0;7082.0;49476.0
626800;56401.0;6965.0;49436.0
626900;56477.0;7121.0;49356.0
627000;56597.0;7121.0;49476.0
627100;56402.0;6926.0;49476.0
627200;56004.0;6608.0;49396.0
627300;56484.0;7008.0;49476.0
627400;56524.0;7008.0;49516.0
627500;56524.0;7008.0;49516.0
627600;56524.0;7008.0;49516.0
627700;56644.0;7008.0;49636.0
627800;56484.0;6928.0;49556.0
627900;56444.0;7008.0;49436.0
628000;56164.0;7008.0;49156.0
628100;58004.0;7728.0;50276.0
628200;56764.0;7088.0;49676.0
628300;56644.0;7088.0;49556.0
628400;56644.0;7168.0;49476.0
628500;56524.0;6928.0;49596.0
628600;56604.0;7008.0;49596.0
628700;57594.0;7648.0;49946.0
628800;56654.0;7008.0;49646.0
628900;56729.0;7008.0;49721.0
629000;56654.0;7008.0;49646.0
629100;56654.0;7008.0;49646.0
629200;56846.5;7088.0;49758.5
629300;56654.0;7008.0;49646.0
629400;56691.5;7008.0;49683.5
629500;56684.0;6888.0;49796.0
629600;56691.5;7008.0;49683.5
629700;56804.0;7008.0;49796.0
629800;56729.0;7008.0;49721.0
629900;56559.0;7008.0;49551.0
630000;56879.0;7168.0;49711.0
630100;56919.0;7208.0;49711.0
630200;56799.0;7088.0;49711.0
630300;56879.0;7168.0;49711.0
630400;56799.0;7168.0;49631.0
630500;57479.0;7048.0;50431.0
630600;56279.0;6528.0;49751.0
630700;56959.0;7168.0;49791.0
630800;56839.0;7048.0;49791.0
630900;56879.0;7088.0;49791.0
631000;56879.0;7168.0;49711.0
631100;57439.0;7168.0;50271.0
631200;56319.0;6528.0;49791.0
631300;56799.0;7088.0;49711.0
631400;56928.0;7088.0;49840.0
631500;57045.0;7088.0;49957.0
631600;57301.0;7461.0;49840.0
631700;56985.0;7106.0;49879.0
631800;56868.0;7106.0;49762.0
631900;56985.0;7106.0;49879.0
632000;56914.0;7035.0;49879.0
632100;56985.0;7106.0;49879.0
632200;56985.0;7106.0;49879.0
632300;56907.0;7106.0;49801.0
632400;56339.0;6538.0;49801.0
632500;56385.0;6467.0;49918.0
632600;57141.0;7106.0;50035.0
632700;57063.0;7106.0;49957.0
632800;57063.0;7106.0;49957.0
632900;56946.0;7106.0;49840.0
633000;57553.0;7674.0;49879.0
633100;56985.0;7106.0;49879.0
633200;56992.0;7035.0;49957.0
633300;57276.0;7319.0;49957.0
633400;57208.5;7212.5;49996.0
633500;57244.0;7248.0;49996.0
633600;57173.0;7177.0;49996.0
633700;56749.0;7106.0;49643.0
633800;57220.0;7177.0;50043.0
633900;57051.5;6928.5;50123.0
634000;57033.5;7070.5;49963.0
634100;57220.0;7177.0;50043.0
634200;57291.0;7248.0;50043.0
634300;57220.0;7177.0;50043.0
634400;57948.0;7745.0;50203.0
634500;57189.0;7106.0;50083.0
634600;57913.0;7390.0;50523.0
634700;56607.0;6964.0;49643.0
634800;57748.0;7745.0;50003.0
634900;56803.0;6680.0;50123.0
635000;57298.5;7175.5;50123.0
635100;57539.5;7376.5;50163.0
635200;57399.0;7276.0;50123.0
635300;56863.0;6740.0;50123.0
635400;57975.0;7812.0;50163.0
635500;57606.5;7443.5;50163.0
635600;57171.0;7008.0;50163.0
635700;57372.0;7209.0;50163.0
635800;57412.0;7209.0;50203.0
635900;57512.5;7309.5;50203.0
636000;56876.0;6673.0;50203.0
636100;57432.5;7309.5;50123.0
636200;57412.0;7209.0;50203.0
636300;57552.5;7309.5;50243.0
636400;57394.0;7142.0;50252.0
636500;57394.0;7142.0;50252.0
636600;57394.0;7142.0;50252.0
636700;57433.0;7142.0;50291.0
636800;58036.0;7745.0;50291.0
636900;57433.0;7142.0;50291.0
637000;57433.0;7142.0;50291.0
637100;57500.0;7209.0;50291.0
637200;57533.5;7242.5;50291.0
637300;57433.0;7142.0;50291.0
637400;57581.0;7251.0;50330.0
637500;57479.0;7149.0;50330.0
637600;58344.0;7897.0;50447.0
637700;57596.0;7149.0;50447.0
637800;57986.0;7149.0;50837.0
637900;57518.0;7149.0;50369.0
638000;57482.0;7113.0;50369.0
638100;57554.0;7185.0;50369.0
638200;57482.0;7113.0;50369.0
638300;58094.0;7257.0;50837.0
638400;57629.0;7221.0;50408.0
638500;57332.0;7041.0;50291.0
638600;58022.0;7185.0;50837.0
638700;57560.0;7113.0;50447.0
638800;56867.0;6537.0;50330.0
638900;57632.0;7185.0;50447.0
639000;57704.0;7257.0;50447.0
639100;57524.0;7077.0;50447.0
639200;57446.0;7077.0;50369.0
639300;57632.0;7185.0;50447.0
639400;57554.0;7185.0;50369.0
639500;57671.0;7185.0;50486.0
639600;57662.0;7293.0;50369.0
639700;57710.0;7185.0;50525.0
639800;58142.0;7617.0;50525.0
639900;57726.0;7201.0;50525.0
640000;57334.0;7201.0;50133.0
640100;57734.0;7201.0;50533.0
640200;57254.0;7201.0;50053.0
640300;57638.0;7265.0;50373.0
640400;58190.0;7201.0;50989.0
640500;57812.0;7201.0;50611.0
640600;57762.5;7201.0;50561.5
640700;57663.0;7201.0;50462.0
640800;58775.0;7713.0;51062.0
640900;57687.0;7105.0;50582.0
641000;57783.0;7201.0;50582.0
641100;57903.0;7201.0;50702.0
641200;57783.0;7201.0;50582.0
641300;58231.0;7649.0;50582.0
641400;57759.0;7137.0;50622.0
641500;57759.0;7137.0;50622.0
641600;57567.0;6945.0;50622.0
641700;57679.0;7137.0;50542.0
641800;57799.0;7137.0;50662.0
641900;57799.0;7137.0;50662.0
642000;57655.0;7073.0;50582.0
642100;57919.0;7137.0;50782.0
642200;57799.0;7137.0;50662.0
642300;58247.0;7585.0;50662.0
642400;57871.0;7169.0;50702.0
642500;57263.0;6561.0;50702.0
642600;57831.0;7009.0;50822.0
642700;57959.0;7137.0;50822.0
642800;57980.0;7158.0;50822.0
642900;57933.5;7191.5;50742.0
643000;58447.0;7225.0;51222.0
643100;57567.0;7225.0;50342.0
643200;58423.0;7761.0;50662.0
643300;57967.0;7225.0;50742.0
643400;57710.0;6488.0;51222.0
643500;57940.0;7158.0;50782.0
643600;57940.0;7158.0;50782.0
643700;57980.0;7158.0;50822.0
643800;58348.5;7526.5;50822.0
643900;57879.5;7057.5;50822.0
644000;58214.5;7392.5;50822.0
644100;57833.0;7091.0;50742.0
644200;57980.0;7158.0;50822.0
644300;57987.0;7165.0;50822.0
644400;58147.0;7165.0;50982.0
644500;58027.0;7165.0;50862.0
644600;57928.0;7066.0;50862.0
644700;57968.0;7066.0;50902.0
644800;57539.0;6637.0;50902.0
644900;58081.0;7099.0;50982.0
645000;58547.0;7165.0;51382.0
645100;57954.0;7132.0;50822.0
645200;58100.0;7198.0;50902.0
645300;58067.0;7165.0;50902.0
645400;57427.0;7165.0;50262.0
645500;58107.0;7165.0;50942.0
645600;57645.0;6703.0;50942.0
645700;57830.0;6848.0;50982.0
645800;58944.0;7842.0;51102.0
645900;58152.0;7290.0;50862.0
646000;58168.5;7186.5;50982.0
646100;58272.0;7290.0;50982.0
646200;58392.0;7290.0;51102.0
646300;58116.0;7014.0;51102.0
646400;58312.0;7290.0;51022.0
646500;58243.0;7221.0;51022.0
646600;58683.0;7221.0;51462.0
646700;58283.0;7221.0;51062.0
646800;58283.0;7221.0;51062.0
646900;58294.0;7152.0;51142.0
647000;58352.0;7290.0;51062.0
647100;59231.0;8049.0;51182.0
647200;-631441.0;-682503.0;51062.0
647300;58596.5;7186.5;51410.0
647400;58179.0;7221.0;50958.0
647500;58488.0;7290.0;51198.0
647600;58488.0;7290.0;51198.0
647700;58288.0;7290.0;50998.0
647800;58488.0;7290.0;51198.0
647900;58373.5;7255.5;51118.0
648000;58715.5;7117.5;51598.0
648100;58323.5;7205.5;51118.0
648200;58558.0;7440.0;51118.0
648300;58392.0;7274.0;51118.0
648400;58624.0;7346.0;51278.0
648500;58384.0;7346.0;51038.0
648600;58432.0;7274.0;51158.0
648700;58952.0;7274.0;51678.0
648800;58558.0;7360.0;51198.0
648900;58638.0;7360.0;51278.0
649000;58488.0;7290.0;51198.0
649100;57998.0;6800.0;51198.0
649200;58492.0;7374.0;51118.0
649300;58828.0;7510.0;51318.0
649400;58680.0;7442.0;51238.0
649500;58852.0;7374.0;51478.0
649600;58612.0;7374.0;51238.0
649700;58686.0;7408.0;51278.0
649800;58652.0;7374.0;51278.0
649900;58652.0;7374.0;51278.0
650000;58584.0;7306.0;51278.0
650100;58652.0;7374.0;51278.0
650200;58516.0;7238.0;51278.0
650300;58584.0;7306.0;51278.0
650400;58511.0;6762.0;51749.0
650500;58631.5;7306.0;51325.5
650600;58482.0;7272.0;51210.0
650700;58747.0;7306.0;51441.0
650800;58670.0;7306.0;51364.0
650900;58670.0;7306.0;51364.0
651000;58670.0;7306.0;51364.0
651100;58232.5;6830.0;51402.5
651200;58785.5;7306.0;51479.5
651300;58470.0;7204.0;51266.0
651400;58692.0;7306.0;51386.0
651500;59068.0;7374.0;51694.0
651600;59018.0;7612.0;51406.0
651700;59180.0;7306.0;51874.0
651800;58816.0;7374.0;51442.0
651900;58580.0;7306.0;51274.0
652000;58700.0;7306.0;51394.0
652100;58632.0;7238.0;51394.0
652200;58768.0;7374.0;51394.0
652300;58700.0;7306.0;51394.0
652400;58740.0;7306.0;51434.0
652500;58740.0;7306.0;51434.0
652600;58808.0;7374.0;51434.0
652700;58712.0;7238.0;51474.0
652800;58164.0;7170.0;50994.0
652900;58722.0;7238.0;51484.0
653000;58722.0;7238.0;51484.0
653100;58804.0;7320.0;51484.0
653200;58726.0;7320.0;51406.0
653300;59206.0;7254.0;51952.0
653400;58777.0;7254.0;51523.0
653500;58711.0;7188.0;51523.0
653600;58777.0;7254.0;51523.0
653700;58750.0;7188.0;51562.0
653800;58816.0;7254.0;51562.0
653900;58816.0;7254.0;51562.0
654000;58672.0;7188.0;51484.0
654100;58651.0;7155.0;51496.0
654200;58840.0;7254.0;51586.0
654300;58828.0;7320.0;51508.0
654400;59029.0;7287.0;51742.0
654500;58516.0;7320.0;51196.0
654600;58879.0;7254.0;51625.0
654700;59062.0;7320.0;51742.0
654800;58933.0;7386.0;51547.0
654900;59863.0;7848.0;52015.0
655000;58996.0;7254.0;51742.0
655100;58786.0;7122.0;51664.0
655200;58984.0;7320.0;51664.0
655300;59083.0;7419.0;51664.0
655400;59140.0;7320.0;51820.0
655500;59132.0;7782.0;51350.0
655600;58931.0;7221.0;51710.0
655700;58344.0;6594.0;51750.0
655800;58670.0;7320.0;51350.0
655900;59096.0;7386.0;51710.0
656000;59169.0;7419.0;51750.0
656100;59202.0;7452.0;51750.0
656200;59122.0;7452.0;51670.0
656300;59235.0;7485.0;51750.0
656400;58978.0;7188.0;51790.0
656500;59270.0;7480.0;51790.0
656600;59270.0;7480.0;51790.0
656700;59295.0;7585.0;51710.0
656800;59580.0;7550.0;52030.0
656900;59380.0;7550.0;51830.0
657000;59460.0;7550.0;51910.0
657100;59300.0;7550.0;51750.0
657200;59380.0;7550.0;51830.0
657300;59520.0;7690.0;51830.0
657400;59420.0;7550.0;51870.0
657500;59540.0;7550.0;51990.0
657600;59490.0;7620.0;51870.0
657700;59155.0;7725.0;51430.0
657800;59390.0;7480.0;51910.0
657900;59390.0;7480.0;51910.0
658000;59495.0;7585.0;51910.0
658100;59460.0;7550.0;51910.0
658200;59215.0;7305.0;51910.0
658300;59580.0;7550.0;52030.0
658400;59535.0;7585.0;51950.0
658500;59870.0;7480.0;52390.0
658600;59437.0;7487.0;51950.0
658700;59477.0;7487.0;51990.0
658800;59373.5;7383.5;51990.0
658900;59477.0;7487.0;51990.0
659000;59397.0;7487.0;51910.0
659100;59306.0;7556.0;51750.0
659200;59546.0;7556.0;51990.0
659300;59546.0;7556.0;51990.0
659400;58594.0;7004.0;51590.0
659500;59508.0;7478.0;52030.0
659600;59799.0;7889.0;51910.0
659700;59636.0;7606.0;52030.0
659800;59644.0;7574.0;52070.0
659900;59676.0;7606.0;52070.0
660000;59500.0;7510.0;51990.0
660100;59612.0;7542.0;52070.0
660200;59420.0;7350.0;52070.0
660300;59676.0;7606.0;52070.0
660400;59652.0;7542.0;52110.0
660500;59652.0;7542.0;52110.0
660600;59659.0;7549.0;52110.0
660700;59699.0;7549.0;52150.0
660800;59699.0;7549.0;52150.0
660900;59699.0;7549.0;52150.0
661000;59006.0;6856.0;52150.0
661100;59819.0;7549.0;52270.0
661200;59636.0;7486.0;52150.0
661300;60014.0;7864.0;52150.0
661400;59682.0;7612.0;52070.0
661500;59739.0;7549.0;52190.0
661600;59739.0;7549.0;52190.0
661700;59890.5;7580.5;52310.0
661800;59596.0;7486.0;52110.0
661900;60700.0;7990.0;52710.0
662000;59810.5;7580.5;52230.0
662100;59899.0;7549.0;52350.0
662200;59936.5;7706.5;52230.0
662300;60085.5;7500.0;52585.5
662400;59662.0;7500.0;52162.0
662500;59716.5;7439.0;52277.5
662600;59519.5;7591.5;51928.0
662700;59464.0;7256.0;52208.0
662800;59828.0;7500.0;52328.0
662900;59708.0;7500.0;52208.0
663000;59828.0;7500.0;52328.0
663100;59889.0;7561.0;52328.0
663200;59889.0;7561.0;52328.0
663300;59797.5;7469.5;52328.0
663400;59769.0;7561.0;52208.0
663500;59929.0;7561.0;52368.0
663600;59929.0;7561.0;52368.0
663700;59708.0;7500.0;52208.0
663800;60479.5;7591.5;52888.0
663900;59969.0;7561.0;52408.0
664000;59847.0;7439.0;52408.0
664100;60119.5;7591.5;52528.0
664200;59889.0;7561.0;52328.0
664300;58757.0;6829.0;51928.0
664400;60039.5;7591.5;52448.0
664500;59948.0;7500.0;52448.0
664600;59948.0;7500.0;52448.0
664700;59868.0;7500.0;52368.0
664800;59941.0;7453.0;52488.0
664900;60004.0;7516.0;52488.0
665000;59468.0;6980.0;52488.0
665100;59715.0;7107.0;52608.0
665200;60203.0;7715.0;52488.0
665300;60255.0;7487.0;52768.0
665400;60623.0;8095.0;52528.0
665500;59651.0;7563.0;52088.0
665600;59575.0;7487.0;52088.0
665700;59979.0;7411.0;52568.0
665800;59979.0;7411.0;52568.0
665900;60173.0;7525.0;52648.0
666000;60131.0;7563.0;52568.0
666100;60131.0;7563.0;52568.0
666200;60051.0;7563.0;52488.0
666300;60093.0;7525.0;52568.0
666400;60057.0;7449.0;52608.0
666500;60291.0;7563.0;52728.0
666600;60003.0;6955.0;53048.0
666700;60215.0;7487.0;52728.0
666800;60139.0;7411.0;52728.0
666900;60135.0;7487.0;52648.0
667000;60211.0;7563.0;52648.0
667100;59723.0;6955.0;52768.0
667200;60211.0;7563.0;52648.0
667300;60739.0;8171.0;52568.0
667400;60251.0;7563.0;52688.0
667500;59495.0;7487.0;52008.0
667600;59979.0;7411.0;52568.0
667700;60447.0;7639.0;52808.0
667800;60215.0;7487.0;52728.0
667900;60899.0;8171.0;52728.0
668000;-699481.0;-752209.0;52728.0
668100;60253.0;7525.0;52728.0
668200;60211.0;7563.0;52648.0
668300;60291.0;7563.0;52728.0
668400;60255.0;7487.0;52768.0
668500;60407.0;7639.0;52768.0
668600;60527.0;7639.0;52888.0
668700;60327.0;7639.0;52688.0
668800;60251.0;7563.0;52688.0
668900;59967.0;7639.0;52328.0
669000;60441.0;7753.0;52688.0
669100;60371.0;7563.0;52808.0
669200;60561.0;7753.0;52808.0
669300;60447.0;7639.0;52808.0
669400;60373.0;7525.0;52848.0
669500;60500.5;7639.0;52861.5
669600;59664.5;6803.0;52861.5
669700;60960.0;7598.0;53362.0
669800;61208.0;8308.0;52900.0
669900;60498.0;7598.0;52900.0
670000;60613.5;7598.0;53015.5
670100;60720.0;7704.5;53015.5
670200;60391.5;7491.5;52900.0
670300;60613.5;7598.0;53015.5
670400;60421.0;7598.0;52823.0
670500;60607.5;7669.0;52938.5
670600;60853.5;7491.5;53362.0
670700;60504.0;7527.0;52977.0
670800;60504.0;7527.0;52977.0
670900;60832.0;7855.0;52977.0
671000;60522.0;7545.0;52977.0
671100;60259.0;7359.0;52900.0
671200;60491.0;7514.0;52977.0
671300;60171.0;7545.0;52626.0
671400;60571.0;7545.0;53026.0
671500;60691.0;7545.0;53146.0
671600;60509.0;7483.0;53026.0
671700;60487.0;7421.0;53066.0
671800;61045.0;7979.0;53066.0
671900;60353.0;7407.0;52946.0
672000;61081.0;8015.0;53066.0
672100;60633.0;7567.0;53066.0
672200;60537.0;7471.0;53066.0
672300;60817.0;7631.0;53186.0
672400;60793.0;7567.0;53226.0
672500;60673.0;7567.0;53106.0
672600;60553.0;7567.0;52986.0
672700;59721.0;7055.0;52666.0
672800;60841.0;7695.0;53146.0
672900;60309.0;7163.0;53146.0
673000;60603.0;7577.0;53026.0
673100;60843.0;7577.0;53266.0
673200;60946.5;7680.5;53266.0
673300;60171.0;7025.0;53146.0
673400;60883.0;7577.0;53306.0
673500;60763.0;7577.0;53186.0
673600;60325.0;7139.0;53186.0
673700;60942.5;7716.5;53226.0
673800;60750.0;7524.0;53226.0
673900;59876.0;7130.0;52746.0
674000;60756.0;7530.0;53226.0
674100;60916.0;7690.0;53226.0
674200;60836.0;7610.0;53226.0
674300;60236.0;7490.0;52746.0
674400;60876.0;7610.0;53266.0
674500;61516.0;8250.0;53266.0
674600;60796.0;7530.0;53266.0
674700;60850.0;7544.0;53306.0
674800;61168.0;7622.0;53546.0
674900;60937.0;7622.0;53315.0
675000;60937.0;7622.0;53315.0
675100;61052.5;7622.0;53430.5
675200;60475.0;7622.0;52853.0
675300;60859.0;7544.0;53315.0
675400;60975.5;7622.0;53353.5
675500;61091.0;7622.0;53469.0
675600;60548.0;7544.0;53004.0
675700;61104.0;7700.0;53404.0
675800;61026.0;7622.0;53404.0
675900;60906.0;7622.0;53284.0
676000;60906.0;7622.0;53284.0
676100;61416.0;8012.0;53404.0
676200;61143.0;7739.0;53404.0
676300;61026.0;7622.0;53404.0
676400;61066.0;7622.0;53444.0
676500;61144.0;7700.0;53444.0
676600;61584.0;7700.0;53884.0
676700;61808.0;8324.0;53484.0
676800;61184.0;7700.0;53484.0
676900;61184.0;7700.0;53484.0
677000;61064.0;7700.0;53364.0
677100;61184.0;7700.0;53484.0
677200;61184.0;7700.0;53484.0
677300;61067.0;7583.0;53484.0
677400;61848.0;8324.0;53524.0
677500;61146.0;7622.0;53524.0
677600;61146.0;7622.0;53524.0
677700;61266.0;7622.0;53644.0
677800;61186.0;7622.0;53564.0
677900;60952.0;7388.0;53564.0
678000;61066.0;7622.0;53444.0
678100;61108.0;7544.0;53564.0
678200;61225.0;7661.0;53564.0
678300;61028.0;7544.0;53484.0
678400;61265.0;7661.0;53604.0
678500;61304.0;7700.0;53604.0
678600;61588.0;7544.0;54044.0
678700;62292.0;8168.0;54124.0
678800;61668.0;7544.0;54124.0
678900;61305.0;7661.0;53644.0
679000;61890.0;8246.0;53644.0
679100;61386.0;7622.0;53764.0
679200;60886.0;7242.0;53644.0
679300;61286.0;7642.0;53644.0
679400;61486.0;7802.0;53684.0
679500;61326.0;7642.0;53684.0
679600;61246.0;7562.0;53684.0
679700;61286.0;7562.0;53724.0
679800;61446.0;7642.0;53804.0
679900;61206.0;7482.0;53724.0
680000;61430.0;7586.0;53844.0
680100;61867.0;7663.0;54204.0
680200;61387.0;7663.0;53724.0
680300;61427.0;7663.0;53764.0
680400;61504.0;7740.0;53764.0
680500;61542.5;7778.5;53764.0
680600;61427.0;7663.0;53764.0
680700;61154.5;7470.5;53684.0
680800;61544.0;7740.0;53804.0
680900;61624.0;7740.0;53884.0
681000;61741.0;7817.0;53924.0
681100;61464.0;7740.0;53724.0
681200;-708225.0;-762029.0;53804.0
681300;61627.0;7663.0;53964.0
681400;61584.0;7740.0;53844.0
681500;61545.5;7701.5;53844.0
681600;62101.0;7817.0;54284.0
681700;61778.0;7894.0;53884.0
681800;61701.0;7817.0;53884.0
681900;61624.0;7740.0;53884.0
682000;61701.0;7817.0;53884.0
682100;61662.5;7778.5;53884.0
682200;61816.5;7932.5;53884.0
682300;61816.5;7932.5;53884.0
682400;61741.0;7817.0;53924.0
682500;62070.0;8146.0;53924.0
682600;61306.0;7822.0;53484.0
682700;61786.0;7822.0;53964.0
682800;61858.0;7894.0;53964.0
682900;61558.0;8074.0;53484.0
683000;61906.0;7822.0;54084.0
683100;61858.0;7894.0;53964.0
683200;61930.0;7966.0;53964.0
683300;61822.0;7858.0;53964.0
683400;62042.0;8038.0;54004.0
683500;61898.0;7894.0;54004.0
683600;61970.0;7966.0;54004.0
683700;61466.0;7822.0;53644.0
683800;61946.0;7822.0;54124.0
683900;61866.0;7822.0;54044.0
684000;61974.0;7930.0;54044.0
684100;62042.0;8398.0;53644.0
684200;61986.0;7822.0;54164.0
684300;61938.0;7894.0;54044.0
684400;61906.0;7822.0;54084.0
684500;62602.0;8398.0;54204.0
684600;61834.0;7750.0;54084.0
684700;61874.0;7750.0;54124.0
684800;61874.0;7750.0;54124.0
684900;61874.0;7750.0;54124.0
685000;61586.0;7462.0;54124.0
685100;62018.0;7894.0;54124.0
685200;61874.0;7750.0;54124.0
685300;62522.0;8398.0;54124.0
685400;62426.0;7822.0;54604.0
685500;61866.0;7822.0;54044.0
685600;61986.0;7822.0;54164.0
685700;62026.0;7822.0;54204.0
685800;61882.0;7678.0;54204.0
685900;61546.0;7822.0;53724.0
686000;61954.0;7750.0;54204.0
686100;61954.0;7750.0;54204.0
686200;61954.0;7750.0;54204.0
686300;61954.0;7750.0;54204.0
686400;61994.0;7750.0;54244.0
686500;61418.0;7174.0;54244.0
686600;61994.0;7750.0;54244.0
686700;61962.0;7678.0;54284.0
686800;62106.0;7822.0;54284.0
686900;61914.0;7750.0;54164.0
687000;62182.0;7778.0;54404.0
687100;62102.0;7778.0;54324.0
687200;62062.0;7778.0;54284.0
687300;62222.0;7778.0;54444.0
687400;62222.0;7778.0;54444.0
687500;61662.0;7778.0;53884.0
687600;62238.0;7914.0;54324.0
687700;62210.0;7846.0;54364.0
687800;62739.5;7948.0;54791.5
687900;62239.0;7860.0;54379.0
688000;62351.5;7860.0;54491.5
688100;62364.5;7860.0;54504.5
688200;62203.0;7930.0;54273.0
688300;62843.0;8490.0;54353.0
688400;62323.0;7930.0;54393.0
688500;62393.0;8000.0;54393.0
688600;62393.0;8000.0;54393.0
688700;62293.0;7860.0;54433.0
688800;62363.0;7930.0;54433.0
688900;62538.0;8105.0;54433.0
689000;62483.0;7930.0;54553.0
689100;62283.0;7930.0;54353.0
689200;62653.5;8220.5;54433.0
689300;62490.0;7937.0;54553.0
689400;61906.0;7433.0;54473.0
689500;62530.0;7937.0;54593.0
689600;62473.0;8000.0;54473.0
689700;62450.0;7937.0;54513.0
689800;62450.0;7937.0;54513.0
689900;62108.0;7595.0;54513.0
690000;62972.0;8459.0;54513.0
690100;62396.0;7883.0;54513.0
690200;62576.0;8063.0;54513.0
690300;61820.0;7307.0;54513.0
690400;62436.0;7883.0;54553.0
690500;62876.0;7883.0;54993.0
690600;62556.0;7883.0;54673.0
690700;62512.0;7919.0;54593.0
690800;62364.0;7811.0;54553.0
690900;62296.0;7703.0;54593.0
691000;62140.0;7667.0;54473.0
691100;62368.0;7775.0;54593.0
691200;62404.0;7811.0;54593.0
691300;62332.0;7739.0;54593.0
691400;61764.0;7811.0;53953.0
691500;62324.0;7811.0;54513.0
691600;62516.0;7883.0;54633.0
691700;62964.0;7811.0;55153.0
691800;62564.0;7811.0;54753.0
691900;62564.0;7811.0;54753.0
692000;-657300.0;-711973.0;54673.0
692100;62412.0;7739.0;54673.0
692200;62084.0;7811.0;54273.0
692300;62628.0;7955.0;54673.0
692400;62476.0;7883.0;54593.0
692500;62156.0;7883.0;54273.0
692600;62548.0;7955.0;54593.0
692700;62516.0;7883.0;54633.0
692800;62236.0;7883.0;54353.0
692900;62636.0;7883.0;54753.0
693000;63260.0;8027.0;55233.0
693100;62808.0;8135.0;54673.0
693200;62156.0;7883.0;54273.0
693300;62708.0;7955.0;54753.0
693400;62640.0;7847.0;54793.0
693500;62820.0;8027.0;54793.0
693600;62748.0;7955.0;54793.0
693700;62740.0;8027.0;54713.0
693800;63436.0;8603.0;54833.0
693900;62380.0;8027.0;54353.0
694000;62860.0;8027.0;54833.0
694100;63340.0;8027.0;55313.0
694200;62874.0;8041.0;54833.0
694300;63354.0;8041.0;55313.0
694400;63145.0;8152.0;54993.0
694500;62914.0;8041.0;54873.0
694600;62914.0;8041.0;54873.0
694700;62954.0;8041.0;54913.0
694800;62954.0;8041.0;54913.0
694900;62954.0;8041.0;54913.0
695000;63111.0;8078.0;55033.0
695100;62991.0;8078.0;54913.0
695200;62880.0;7967.0;54913.0
695300;62880.0;7967.0;54913.0
695400;62809.0;7856.0;54953.0
695500;62920.0;7967.0;54953.0
695600;62846.0;7893.0;54953.0
695700;62914.0;8041.0;54873.0
695800;62960.0;7967.0;54993.0
695900;62914.0;8041.0;54873.0
696000;63182.0;8189.0;54993.0
696100;63228.0;8115.0;55113.0
696200;63219.0;8226.0;54993.0
696300;63774.0;8781.0;54993.0
696400;62362.0;7449.0;54913.0
696500;63194.0;8041.0;55153.0
696600;62634.0;8041.0;54593.0
696700;63114.0;8041.0;55073.0
696800;63114.0;8041.0;55073.0
696900;63040.0;7967.0;55073.0
697000;63114.0;8041.0;55073.0
697100;63145.0;8152.0;54993.0
697200;62634.0;8041.0;54593.0
697300;63706.0;8633.0;55073.0
697400;63376.0;8263.0;55113.0
697500;63052.0;7819.0;55233.0
697600;62932.0;7819.0;55113.0
697700;63148.0;8115.0;55033.0
697800;62328.0;7375.0;54953.0
697900;63200.0;7967.0;55233.0
698000;62380.0;7227.0;55153.0
698100;62647.0;7974.0;54673.0
698200;63127.0;7974.0;55153.0
698300;63174.5;8011.5;55163.0
698400;62711.0;7509.0;55202.0
698500;63191.0;7989.0;55202.0
698600;63191.0;7989.0;55202.0
698700;63350.0;8109.0;55241.0
698800;63230.0;7989.0;55241.0
698900;63310.0;8069.0;55241.0
699000;63347.0;7989.0;55358.0
699100;63150.0;7909.0;55241.0
699200;63110.0;7869.0;55241.0
699300;63387.0;8029.0;55358.0
699400;63269.0;7989.0;55280.0
699500;63269.0;7989.0;55280.0
699600;63269.0;7989.0;55280.0
699700;63188.0;7869.0;55319.0
699800;63191.0;7989.0;55202.0
699900;63311.0;8109.0;55202.0
700000;63308.0;7989.0;55319.0
700100;62840.0;7989.0;54851.0
700200;63308.0;7989.0;55319.0
700300;63308.0;7989.0;55319.0
700400;63467.0;8109.0;55358.0
700500;63347.0;7989.0;55358.0
700600;63347.0;7989.0;55358.0
700700;63386.0;7989.0;55397.0
700800;63184.0;7709.0;55475.0
700900;63189.0;7909.0;55280.0
701000;63226.0;7829.0;55397.0
701100;62666.0;7269.0;55397.0
701200;63266.0;7869.0;55397.0
701300;63462.0;7909.0;55553.0
701400;63308.0;7989.0;55319.0
701500;63425.0;7989.0;55436.0
701600;63388.0;8069.0;55319.0
701700;63464.0;7989.0;55475.0
701800;63227.0;7869.0;55358.0
701900;63384.0;7909.0;55475.0
702000;63384.0;7909.0;55475.0
702100;63384.0;7909.0;55475.0
702200;63384.0;7909.0;55475.0
702300;63384.0;7909.0;55475.0
702400;63620.0;7989.0;55631.0
702500;63423.0;7909.0;55514.0
702600;63540.0;7909.0;55631.0
702700;63190.0;8029.0;55161.0
702800;63550.0;7909.0;55641.0
702900;63510.0;7949.0;55561.0
703000;64110.0;8549.0;55561.0
703100;63590.0;8029.0;55561.0
703200;64350.0;8789.0;55561.0
703300;63470.0;7909.0;55561.0
703400;63510.0;7909.0;55601.0
703500;63510.0;7909.0;55601.0
703600;63510.0;7909.0;55601.0
703700;63790.0;8149.0;55641.0
703800;63670.0;8029.0;55641.0
703900;63550.0;7909.0;55641.0
704000;63430.0;7789.0;55641.0
704100;63630.0;7989.0;55641.0
704200;63550.0;7909.0;55641.0
704300;64550.0;8789.0;55761.0
704400;63950.0;8149.0;55801.0
704500;63710.0;7909.0;55801.0
704600;63470.0;7909.0;55561.0
704700;63630.0;7909.0;55721.0
704800;63630.0;7909.0;55721.0
704900;63710.0;7909.0;55801.0
705000;63430.0;7829.0;55601.0
705100;63630.0;7909.0;55721.0
705200;63790.0;8069.0;55721.0
705300;63830.0;7989.0;55841.0
705400;64390.0;8629.0;55761.0
705500;63630.0;7869.0;55761.0
705600;63590.0;7829.0;55761.0
705700;63790.0;7909.0;55881.0
705800;63470.0;7669.0;55801.0
705900;63350.0;7469.0;55881.0
706000;64190.0;7909.0;56281.0
706100;63910.0;8109.0;55801.0
706200;63790.0;7989.0;55801.0
706300;63790.0;7989.0;55801.0
706400;64230.0;8269.0;55961.0
706500;63910.0;8189.0;55721.0
706600;64184.0;8223.0;55961.0
706700;63990.0;8109.0;55881.0
706800;63648.0;7767.0;55881.0
706900;64066.0;8185.0;55881.0
707000;64142.0;8261.0;55881.0
707100;64066.0;8185.0;55881.0
707200;64470.0;8109.0;56361.0
707300;64066.0;8185.0;55881.0
707400;63758.0;7957.0;55801.0
707500;64106.0;8185.0;55921.0
707600;64302.0;8261.0;56041.0
707700;64222.0;8261.0;55961.0
707800;64492.0;8451.0;56041.0
707900;64222.0;8261.0;55961.0
708000;64146.0;8185.0;55961.0
708100;63462.0;7501.0;55961.0
708200;64184.0;8223.0;55961.0
708300;64142.0;8261.0;55881.0
708400;64870.0;8869.0;56001.0
708500;64066.0;8185.0;55881.0
708600;64186.0;8185.0;56001.0
708700;64106.0;8185.0;55921.0
708800;64226.0;8185.0;56041.0
708900;64226.0;8185.0;56041.0
709000;64226.0;8185.0;56041.0
709100;64098.0;7577.0;56521.0
709200;64342.0;8261.0;56081.0
709300;64236.0;8185.0;56051.0
709400;64351.0;8261.0;56090.0
709500;64275.0;8185.0;56090.0
709600;64158.0;8185.0;55973.0
709700;64314.0;8185.0;56129.0
709800;64392.0;8185.0;56207.0
709900;64314.0;8185.0;56129.0
710000;64162.0;8033.0;56129.0
710100;64252.0;8123.0;56129.0
710200;64408.0;8279.0;56129.0
710300;64213.0;8045.0;56168.0
710400;64174.0;8123.0;56051.0
710500;64429.0;8144.0;56285.0
710600;64912.0;8744.0;56168.0
710700;64234.0;8144.0;56090.0
710800;64429.0;8144.0;56285.0
710900;64900.0;8069.0;56831.0
711000;64468.0;8144.0;56324.0
711100;64951.0;8744.0;56207.0
711200;64276.0;8069.0;56207.0
711300;64315.0;8069.0;56246.0
711400;64390.0;8144.0;56246.0
711500;64390.0;8144.0;56246.0
711600;64390.0;8144.0;56246.0
711700;64429.0;8144.0;56285.0
711800;64507.0;8144.0;56363.0
711900;64429.0;8144.0;56285.0
712000;63829.0;7544.0;56285.0
712100;64747.0;7994.0;56753.0
712200;64279.0;7994.0;56285.0
712300;64129.0;7844.0;56285.0
712400;64407.0;8083.0;56324.0
712500;64407.0;8083.0;56324.0
712600;64213.0;8006.0;56207.0
712700;64292.0;7929.0;56363.0
712800;63901.0;8006.0;55895.0
712900;64292.0;7929.0;56363.0
713000;64422.5;8044.5;56378.0
713100;63768.0;7390.0;56378.0
713200;64384.0;8006.0;56378.0
713300;64274.0;8006.0;56268.0
713400;64394.0;8006.0;56388.0
713500;64398.5;7890.5;56508.0
713600;64317.0;7929.0;56388.0
713700;64448.0;8020.0;56428.0
713800;64370.0;7862.0;56508.0
713900;64369.0;7941.0;56428.0
714000;64318.0;7890.0;56428.0
714100;64318.0;7890.0;56428.0
714200;64468.0;8040.0;56428.0
714300;64243.0;7815.0;56428.0
714400;64478.0;7890.0;56588.0
714500;64448.0;7540.0;56908.0
714600;63568.0;7100.0;56468.0
714700;64288.0;7900.0;56388.0
714800;64168.0;8140.0;56028.0
714900;64688.0;7980.0;56708.0
715000;64488.0;7980.0;56508.0
715100;63848.0;7340.0;56508.0
715200;64608.0;7980.0;56628.0
715300;64488.0;7980.0;56508.0
715400;64528.0;7980.0;56548.0
715500;64408.0;7980.0;56428.0
715600;64528.0;7980.0;56548.0
715700;64128.0;7580.0;56548.0
715800;64568.0;7980.0;56588.0
715900;64448.0;7860.0;56588.0
716000;64568.0;7980.0;56588.0
716100;65208.0;8620.0;56588.0
716200;64448.0;7860.0;56588.0
716300;64488.0;7900.0;56588.0
716400;64488.0;7980.0;56508.0
716500;64608.0;7980.0;56628.0
716600;65248.0;8620.0;56628.0
716700;64488.0;7860.0;56628.0
716800;64728.0;8060.0;56668.0
716900;64528.0;7860.0;56668.0
717000;64648.0;7980.0;56668.0
717100;64248.0;7980.0;56268.0
717200;64728.0;8060.0;56668.0
717300;64248.0;8060.0;56188.0
717400;64888.0;8060.0;56828.0
717500;64768.0;8060.0;56708.0
717600;64888.0;8060.0;56828.0
717700;65408.0;8180.0;57228.0
717800;64808.0;8060.0;56748.0
717900;64688.0;8060.0;56628.0
718000;64688.0;8060.0;56628.0
718100;64888.0;8140.0;56748.0
718200;64168.0;7420.0;56748.0
718300;64728.0;8060.0;56668.0
718400;64848.0;8060.0;56788.0
718500;64848.0;8060.0;56788.0
718600;64768.0;7980.0;56788.0
718700;64968.0;8140.0;56828.0
718800;64248.0;7340.0;56908.0
718900;64408.0;8060.0;56348.0
719000;65088.0;8260.0;56828.0
719100;64888.0;8060.0;56828.0
719200;64888.0;8060.0;56828.0
719300;64968.0;8140.0;56828.0
719400;65048.0;8180.0;56868.0
719500;64928.0;8060.0;56868.0
719600;65048.0;8180.0;56868.0
719700;64488.0;8060.0;56428.0
719800;64968.0;8060.0;56908.0
719900;64968.0;8060.0;56908.0
720000;65048.0;8140.0;56908.0
720100;65088.0;8060.0;57028.0
720200;64808.0;7980.0;56828.0
720300;65243.5;7980.0;57263.5
720400;65163.5;7900.0;57263.5
720500;65051.0;7980.0;57071.0
720600;65359.0;7980.0;57379.0
720700;64414.0;7420.0;56994.0
720800;65054.0;8060.0;56994.0
720900;64916.0;8060.0;56856.0
721000;65116.0;8140.0;56976.0
721100;64956.0;7980.0;56976.0
721200;65036.0;8060.0;56976.0
721300;65596.0;8620.0;56976.0
721400;65156.0;8140.0;57016.0
721500;65076.0;8060.0;57016.0
721600;64730.0;8074.0;56656.0
721700;65532.0;7996.0;57536.0
721800;65091.0;8035.0;57056.0
721900;65130.0;8074.0;57056.0
722000;65088.0;8152.0;56936.0
722100;64738.0;7762.0;56976.0
722200;65130.0;8074.0;57056.0
722300;64616.0;7640.0;56976.0
722400;65376.0;8280.0;57096.0
722500;65136.0;8040.0;57096.0
722600;65256.0;8160.0;57096.0
722700;65216.0;8080.0;57136.0
722800;65344.5;8208.5;57136.0
722900;65226.0;8090.0;57136.0
723000;64436.0;7300.0;57136.0
723100;65384.0;8248.0;57136.0
723200;65346.0;8090.0;57256.0
723300;65226.0;8090.0;57136.0
723400;65225.0;8169.0;57056.0
723500;65544.0;8248.0;57296.0
723600;64992.0;8176.0;56816.0
723700;64832.0;7616.0;57216.0
723800;66032.0;8336.0;57696.0
723900;65552.0;8336.0;57216.0
724000;65552.0;8336.0;57216.0
724100;65152.0;8336.0;56816.0
724200;65392.0;8336.0;57056.0
724300;65112.0;7896.0;57216.0
724400;65832.0;8336.0;57496.0
724500;65632.0;8376.0;57256.0
724600;64872.0;7616.0;57256.0
724700;65312.0;8136.0;57176.0
724800;-734448.0;-791744.0;57296.0
724900;66072.0;8896.0;57176.0
725000;65512.0;8216.0;57296.0
725100;65672.0;8256.0;57416.0
725200;65552.0;8256.0;57296.0
725300;65552.0;8136.0;57416.0
725400;65512.0;8176.0;57336.0
725500;64952.0;7616.0;57336.0
725600;65032.0;7696.0;57336.0
725700;65632.0;8256.0;57376.0
725800;65592.0;8216.0;57376.0
725900;65872.0;8416.0;57456.0
726000;65632.0;8256.0;57376.0
726100;65632.0;8256.0;57376.0
726200;65632.0;8256.0;57376.0
726300;65632.0;8256.0;57376.0
726400;65672.0;8256.0;57416.0
726500;65752.0;8336.0;57416.0
726600;65872.0;8336.0;57536.0
726700;65712.0;8256.0;57456.0
726800;65872.0;8336.0;57536.0
726900;65712.0;8256.0;57456.0
727000;65632.0;8176.0;57456.0
727100;65712.0;8256.0;57456.0
727200;65712.0;8256.0;57456.0
727300;65925.0;8629.0;57296.0
727400;-644230.0;-701726.0;57496.0
727500;65792.0;8416.0;57376.0
727600;65925.5;8416.0;57509.5
727700;65466.5;8380.5;57086.0
727800;65573.5;8025.5;57548.0
727900;65822.0;8274.0;57548.0
728000;65822.0;8274.0;57548.0
728100;65893.0;8345.0;57548.0
728200;65964.0;8416.0;57548.0
728300;65751.0;8203.0;57548.0
728400;65718.5;8132.0;57586.5
728500;65896.0;8309.5;57586.5
728600;65582.0;8345.0;57237.0
728700;65791.0;8274.0;57517.0
728800;65800.0;8203.0;57597.0
728900;65850.0;8203.0;57647.0
729000;65733.0;8203.0;57530.0
729100;65967.0;8203.0;57764.0
729200;65885.5;8238.5;57647.0
729300;65850.0;8203.0;57647.0
729400;65935.0;8132.0;57803.0
729500;65818.0;8132.0;57686.0
729600;65818.0;8132.0;57686.0
729700;65944.0;8219.0;57725.0
729800;65953.0;8150.0;57803.0
729900;65875.0;8150.0;57725.0
730000;65888.5;8046.5;57842.0
730100;65728.0;8081.0;57647.0
730200;65702.5;7977.5;57725.0
730300;66358.0;8633.0;57725.0
730400;65845.0;8081.0;57764.0
730500;65728.0;8081.0;57647.0
730600;65845.0;8081.0;57764.0
730700;65780.5;7977.5;57803.0
730800;65884.0;8081.0;57803.0
730900;65780.5;7977.5;57803.0
731000;65332.0;7529.0;57803.0
731100;65935.5;8132.5;57803.0
731200;65864.5;8061.5;57803.0
731300;66297.0;8026.0;58271.0
731400;65868.0;8026.0;57842.0
731500;66553.0;8594.0;57959.0
731600;65868.0;8026.0;57842.0
731700;66475.0;8594.0;57881.0
731800;65896.5;8132.5;57764.0
731900;65439.0;8026.0;57413.0
732000;65942.5;8061.5;57881.0
732100;65368.0;7955.0;57413.0
732200;65836.0;7955.0;57881.0
732300;65907.0;8026.0;57881.0
732400;65946.0;8026.0;57920.0
732500;66375.0;8026.0;58349.0
732600;65875.0;7955.0;57920.0
732700;65914.0;7955.0;57959.0
732800;66020.5;8061.5;57959.0
732900;66482.0;8523.0;57959.0
733000;65985.0;8026.0;57959.0
733100;66091.5;8132.5;57959.0
733200;66102.0;8026.0;58076.0
733300;66127.0;8168.0;57959.0
733400;66093.0;8095.0;57998.0
733500;66166.0;8168.0;57998.0
733600;66093.0;8095.0;57998.0
733700;65548.0;7511.0;58037.0
733800;66210.0;8095.0;58115.0
733900;66205.0;8168.0;58037.0
734000;65664.0;8095.0;57569.0
734100;66205.0;8168.0;58037.0
734200;66132.0;8095.0;58037.0
734300;66132.0;8095.0;58037.0
734400;66127.0;8168.0;57959.0
734500;66171.0;8095.0;58076.0
734600;66600.0;8095.0;58505.0
734700;66551.0;8436.0;58115.0
734800;66031.0;7916.0;58115.0
734900;66408.0;8176.0;58232.0
735000;66226.0;8111.0;58115.0
735100;66421.0;8306.0;58115.0
735200;66291.0;8176.0;58115.0
735300;66746.0;8631.0;58115.0
735400;66286.0;8132.0;58154.0
735500;66184.0;8030.0;58154.0
735600;66320.0;8166.0;58154.0
735700;66155.0;7962.0;58193.0
735800;66140.0;8064.0;58076.0
735900;66325.0;8132.0;58193.0
736000;66140.0;8064.0;58076.0
736100;66272.0;7962.0;58310.0
736200;66646.0;8336.0;58310.0
736300;66155.0;7962.0;58193.0
736400;66145.0;8030.0;58115.0
736500;65990.0;7758.0;58232.0
736600;66228.0;7996.0;58232.0
736700;66199.0;7928.0;58271.0
736800;66150.0;7996.0;58154.0
736900;66150.0;7996.0;58154.0
737000;66811.0;8540.0;58271.0
737100;65915.0;7644.0;58271.0
737200;66533.0;8340.0;58193.0
737300;66291.0;8020.0;58271.0
737400;66394.0;8084.0;58310.0
737500;66394.0;8084.0;58310.0
737600;67098.0;8788.0;58310.0
737700;66433.0;8084.0;58349.0
737800;66497.0;8148.0;58349.0
737900;66465.0;8116.0;58349.0
738000;66497.0;8148.0;58349.0
738100;66561.0;8212.0;58349.0
738200;66561.0;8212.0;58349.0
738300;66483.0;8212.0;58271.0
738400;67125.0;8308.0;58817.0
738500;66483.0;8212.0;58271.0
738600;66728.0;8340.0;58388.0
738700;66607.0;8180.0;58427.0
738800;66586.0;8276.0;58310.0
738900;67215.0;8788.0;58427.0
739000;66831.0;8404.0;58427.0
739100;66575.0;8148.0;58427.0
739200;66639.0;8212.0;58427.0
739300;66639.0;8212.0;58427.0
739400;66678.0;8212.0;58466.0
739500;66561.0;8212.0;58349.0
739600;66646.0;8180.0;58466.0
739700;66653.0;8148.0;58505.0
739800;66249.0;8212.0;58037.0
739900;66614.0;8148.0;58466.0
740000;67068.0;8212.0;58856.0
740100;66717.0;8212.0;58505.0
740200;66717.0;8212.0;58505.0
740300;66781.0;8276.0;58505.0
740400;66639.0;8212.0;58427.0
740500;66735.0;8308.0;58427.0
740600;66735.0;8308.0;58427.0
740700;66795.0;8212.0;58583.0
740800;66795.0;8212.0;58583.0
740900;66634.0;7700.0;58934.0
741000;66912.0;8212.0;58700.0
741100;66795.0;8212.0;58583.0
741200;66731.0;8148.0;58583.0
741300;66482.0;7899.0;58583.0
741400;66476.0;8010.0;58466.0
741500;66499.0;8306.0;58193.0
741600;66928.0;8306.0;58622.0
741700;66708.0;8047.0;58661.0
741800;67152.0;8491.0;58661.0
741900;67041.0;8380.0;58661.0
742000;66967.0;8306.0;58661.0
742100;66967.0;8306.0;58661.0
742200;66967.0;8306.0;58661.0
742300;67084.0;8306.0;58778.0
742400;67598.0;8898.0;58700.0
742500;67228.0;8528.0;58700.0
742600;66858.0;8158.0;58700.0
742700;66897.0;8158.0;58739.0
742800;67363.5;8614.5;58749.0
742900;66713.5;8078.5;58635.0
743000;67062.0;8313.0;58749.0
743100;67162.5;8413.5;58749.0
743200;67142.0;8849.0;58293.0
743300;66961.5;8212.5;58749.0
743400;67100.0;8313.0;58787.0
743500;66749.0;8380.0;58369.0
743600;67147.0;8246.0;58901.0
743700;67607.0;8782.0;58825.0
743800;66923.5;8212.5;58711.0
743900;67138.0;8313.0;58825.0
744000;67138.0;8313.0;58825.0
744100;67138.0;8313.0;58825.0
744200;67205.0;8380.0;58825.0
744300;67252.0;8313.0;58939.0
744400;67109.0;8246.0;58863.0
744500;67109.0;8246.0;58863.0
744600;67142.5;8279.5;58863.0
744700;67147.0;8246.0;58901.0
744800;67683.0;8782.0;58901.0
744900;67247.5;8346.5;58901.0
745000;67810.0;8782.0;59028.0
745100;67023.0;8112.0;58911.0
745200;67129.0;8179.0;58950.0
745300;66420.0;7509.0;58911.0
745400;67196.0;8246.0;58950.0
745500;66660.0;7710.0;58950.0
745600;67086.0;8253.0;58833.0
745700;66840.0;8319.0;58521.0
745800;67242.0;8253.0;58989.0
745900;67320.0;8253.0;59067.0
746000;67176.0;8187.0;58989.0
746100;67242.0;8253.0;58989.0
746200;67176.0;8187.0;58989.0
746300;67176.0;8187.0;58989.0
746400;67332.0;8187.0;59145.0
746500;67182.0;8154.0;59028.0
746600;67215.0;8187.0;59028.0
746700;66939.0;7989.0;58950.0
746800;67254.0;8187.0;59067.0
746900;67215.0;8187.0;59028.0
747000;67656.0;8121.0;59535.0
747100;67110.0;8121.0;58989.0
747200;67254.0;8187.0;59067.0
747300;67254.0;8187.0;59067.0
747400;67542.0;8319.0;59223.0
747500;67293.0;8187.0;59106.0
747600;67260.0;8154.0;59106.0
747700;68022.0;8253.0;59769.0
747800;67332.0;8187.0;59145.0
747900;67431.0;8286.0;59145.0
748000;67149.0;8121.0;59028.0
748100;67530.0;8385.0;59145.0
748200;66726.0;7659.0;59067.0
748300;67233.0;8088.0;59145.0
748400;67371.0;8187.0;59184.0
748500;67371.0;8187.0;59184.0
748600;67404.0;8220.0;59184.0
748700;67542.0;8319.0;59223.0
748800;67422.0;8121.0;59301.0
748900;67146.0;7923.0;59223.0
749000;67344.0;8121.0;59223.0
749100;67344.0;8121.0;59223.0
749200;67311.0;8088.0;59223.0
749300;67167.0;8022.0;59145.0
749400;67500.0;8121.0;59379.0
749500;67911.0;8220.0;59691.0
749600;67680.0;8418.0;59262.0
749700;66762.0;7461.0;59301.0
749800;67833.0;8649.0;59184.0
749900;67356.0;8055.0;59301.0
750000;67520.0;8219.0;59301.0
750100;67450.0;8149.0;59301.0
750200;67450.0;8149.0;59301.0
750300;67567.0;8149.0;59418.0
750400;66929.0;7589.0;59340.0
750500;67136.0;8149.0;58987.0
750600;67446.0;8219.0;59227.0
750700;67606.0;8219.0;59387.0
750800;67536.0;8149.0;59387.0
750900;67616.0;8149.0;59467.0
751000;67536.0;8149.0;59387.0
751100;67456.0;8149.0;59307.0
751200;67456.0;8149.0;59307.0
751300;67536.0;8149.0;59387.0
751400;67576.0;8149.0;59427.0
751500;67506.0;8079.0;59427.0
751600;67506.0;8079.0;59427.0
751700;67426.0;8079.0;59347.0
751800;67476.0;8009.0;59467.0
751900;67546.0;8079.0;59467.0
752000;67666.0;8079.0;59587.0
752100;67686.0;8219.0;59467.0
752200;-792544.0;8149.0;-800693.0
752300;67666.0;8079.0;59587.0
752400;67586.0;8079.0;59507.0
752500;67516.0;8009.0;59507.0
752600;67607.0;8100.0;59507.0
752700;67794.0;8167.0;59627.0
752800;67794.0;8167.0;59627.0
752900;67831.5;8284.5;59547.0
753000;67677.0;8250.0;59427.0
753100;67847.5;8180.5;59667.0
753200;67680.0;8213.0;59467.0
753300;67760.0;8213.0;59547.0
753400;67927.0;8220.0;59707.0
753500;67687.0;8220.0;59467.0
753600;67807.0;8220.0;59587.0
753700;67727.0;8220.0;59507.0
753800;67751.0;8124.0;59627.0
753900;68263.0;8156.0;60107.0
754000;67751.0;8124.0;59627.0
754100;67847.0;8220.0;59627.0
754200;67847.0;8220.0;59627.0
754300;67847.0;8220.0;59627.0
754400;67951.0;8284.0;59667.0
754500;67951.0;8284.0;59667.0
754600;67951.0;8284.0;59667.0
754700;67991.0;8284.0;59707.0
754800;67991.0;8284.0;59707.0
754900;68087.0;8380.0;59707.0
755000;68175.0;8348.0;59827.0
755100;67991.0;8284.0;59707.0
755200;68103.0;8476.0;59627.0
755300;68111.0;8284.0;59827.0
755400;67999.0;8252.0;59747.0
755500;68031.0;8284.0;59747.0
755600;68087.0;8220.0;59867.0
755700;68281.0;8494.0;59787.0
755800;68221.0;8434.0;59787.0
755900;68971.0;8704.0;60267.0
756000;68131.0;8224.0;59907.0
756100;68011.0;8224.0;59787.0
756200;68431.0;8644.0;59787.0
756300;67951.0;8164.0;59787.0
756400;67991.0;8164.0;59827.0
756500;68051.0;8224.0;59827.0
756600;68491.0;8224.0;60267.0
756700;68220.0;8273.0;59947.0
756800;68140.0;8273.0;59867.0
756900;68193.0;8326.0;59867.0
757000;68233.5;8246.5;59987.0
757100;68060.0;8273.0;59787.0
757200;68140.0;8273.0;59867.0
757300;68087.0;8220.0;59867.0
757400;68353.0;8326.0;60027.0
757500;68033.5;8246.5;59787.0
757600;68542.5;8326.0;60216.5
757700;68080.0;8326.0;59754.0
757800;67856.0;7902.0;59954.0
757900;68360.0;8326.0;60034.0
758000;68200.5;8246.5;59954.0
758100;68200.5;8246.5;59954.0
758200;67800.0;8326.0;59474.0
758300;68227.0;8273.0;59954.0
758400;68320.0;8326.0;59994.0
758500;68452.5;8458.5;59994.0
758600;68320.0;8326.0;59994.0
758700;68280.5;8246.5;60034.0
758800;68387.0;8273.0;60114.0
758900;68654.5;8140.5;60514.0
759000;68163.5;8009.5;60154.0
759100;68295.5;8261.5;60034.0
759200;68397.0;8363.0;60034.0
759300;68411.0;8377.0;60034.0
759400;68451.0;8377.0;60074.0
759500;68451.0;8377.0;60074.0
759600;68451.0;8377.0;60074.0
759700;68435.0;8441.0;59994.0
759800;68507.0;8153.0;60354.0
759900;68570.0;8441.0;60129.0
760000;68602.0;8473.0;60129.0
760100;68506.0;8377.0;60129.0
760200;67994.0;7865.0;60129.0
760300;68506.0;8377.0;60129.0
760400;68817.5;8651.0;60166.5
760500;68660.0;8381.0;60279.0
760600;68414.0;8395.0;60019.0
760700;68422.0;8163.0;60259.0
760800;68516.0;8337.0;60179.0
760900;68458.0;8279.0;60179.0
761000;68516.0;8337.0;60179.0
761100;68574.0;8395.0;60179.0
761200;68574.0;8395.0;60179.0
761300;68487.0;8308.0;60179.0
761400;68643.0;8424.0;60219.0
761500;68254.0;8395.0;59859.0
761600;68527.0;8308.0;60219.0
761700;68596.0;8337.0;60259.0
761800;68476.0;8337.0;60139.0
761900;68654.0;8395.0;60259.0
762000;68571.0;8192.0;60379.0
762100;68654.0;8395.0;60259.0
762200;68495.5;8316.5;60179.0
762300;69141.0;8402.0;60739.0
762400;68261.0;8402.0;59859.0
762500;69141.0;8402.0;60739.0
762600;69141.0;8402.0;60739.0
762700;69197.0;8858.0;60339.0
762800;68741.0;8402.0;60339.0
762900;68912.0;8573.0;60339.0
763000;69221.0;8402.0;60819.0
763100;68946.5;8487.5;60459.0
763200;68741.0;8402.0;60339.0
763300;68655.5;8316.5;60339.0
763400;68788.0;8409.0;60379.0
763500;68788.0;8409.0;60379.0
763600;68498.0;8119.0;60379.0
763700;69235.0;8496.0;60739.0
763800;68828.0;8409.0;60419.0
763900;68828.0;8409.0;60419.0
764000;69308.0;8409.0;60899.0
764100;68668.0;8409.0;60259.0
764200;68948.0;8409.0;60539.0
764300;68857.0;8438.0;60419.0
764400;68810.0;8351.0;60459.0
764500;68690.0;8351.0;60339.0
764600;68607.0;8148.0;60459.0
764700;68850.0;8351.0;60499.0
764800;68878.0;8379.0;60499.0
764900;68878.0;8379.0;60499.0
765000;68936.0;8317.0;60619.0
765100;68674.0;8255.0;60419.0
765200;69010.0;8511.0;60499.0
765300;68830.0;8331.0;60499.0
765400;68870.0;8331.0;60539.0
765500;68990.0;8331.0;60659.0
765600;69184.0;8331.0;60853.0
765700;68918.0;8331.0;60587.0
765800;68918.0;8331.0;60587.0
765900;68918.0;8331.0;60587.0
766000;69182.0;8481.0;60701.0
766100;68918.0;8331.0;60587.0
766200;68978.0;8391.0;60587.0
766300;68918.0;8331.0;60587.0
766400;68490.0;8331.0;60159.0
766500;68880.0;8241.0;60639.0
766600;68970.0;8331.0;60639.0
766700;69100.0;8421.0;60679.0
766800;68980.0;8301.0;60679.0
766900;68950.0;8391.0;60559.0
767000;69130.0;8451.0;60679.0
767100;69160.0;8481.0;60679.0
767200;68990.0;8391.0;60599.0
767300;69130.0;8451.0;60679.0
767400;69110.0;8391.0;60719.0
767500;69392.0;8673.0;60719.0
767600;69122.0;8403.0;60719.0
767700;69242.0;8403.0;60839.0
767800;69216.0;8457.0;60759.0
767900;69243.0;8484.0;60759.0
768000;69162.0;8403.0;60759.0
768100;69405.0;8646.0;60759.0
768200;69561.0;8322.0;61239.0
768300;69216.0;8457.0;60759.0
768400;69121.0;8322.0;60799.0
768500;69350.0;8431.0;60919.0
768600;69180.0;8381.0;60799.0
768700;69300.0;8381.0;60919.0
768800;68700.0;7981.0;60719.0
768900;69325.0;8406.0;60919.0
769000;69150.0;8431.0;60719.0
769100;69590.0;8831.0;60759.0
769200;69295.0;8456.0;60839.0
769300;69340.0;8381.0;60959.0
769400;69710.0;8831.0;60879.0
769500;69190.0;8431.0;60759.0
769600;69380.0;8381.0;60999.0
769700;69480.0;8481.0;60999.0
769800;69350.0;8431.0;60919.0
769900;69350.0;8431.0;60919.0
770000;69425.0;8506.0;60919.0
770100;69450.0;8531.0;60919.0
770200;69400.0;8481.0;60919.0
770300;69400.0;8481.0;60919.0
770400;69205.0;8606.0;60599.0
770500;69535.0;8456.0;61079.0
770600;69560.0;8481.0;61079.0
770700;69510.0;8431.0;61079.0
770800;69165.0;8406.0;60759.0
770900;69360.0;8481.0;60879.0
771000;69160.0;8481.0;60679.0
771100;69831.0;8481.0;61350.0
771200;69423.0;8406.0;61017.0
771300;69448.0;8431.0;61017.0
771400;69535.0;8481.0;61054.0
771500;69460.0;8406.0;61054.0
771600;69535.0;8481.0;61054.0
771700;69422.0;8331.0;61091.0
771800;69721.0;8556.0;61165.0
771900;69416.0;8481.0;60935.0
772000;69586.0;8531.0;61055.0
772100;69406.0;8431.0;60975.0
772200;69606.0;8431.0;61175.0
772300;69606.0;8431.0;61175.0
772400;69526.0;8431.0;61095.0
772500;69126.0;8031.0;61095.0
772600;69086.0;8431.0;60655.0
772700;69471.0;8456.0;61015.0
772800;68736.0;8081.0;60655.0
772900;70016.0;8881.0;61135.0
773000;69496.0;8481.0;61015.0
773100;69637.0;8502.0;61135.0
773200;69637.0;8502.0;61135.0
773300;69637.0;8502.0;61135.0
773400;70053.0;8878.0;61175.0
773500;69677.0;8502.0;61175.0
773600;69677.0;8502.0;61175.0
773700;69740.5;8525.5;61215.0
773800;69679.5;8384.5;61295.0
773900;69717.0;8502.0;61215.0
774000;69811.0;8596.0;61215.0
774100;69693.5;8478.5;61215.0
774200;69778.0;8563.0;61215.0
774300;69582.0;8367.0;61215.0
774400;69867.0;8612.0;61255.0
774500;69698.0;8563.0;61135.0
774600;69818.0;8563.0;61255.0
774700;69858.0;8563.0;61295.0
774800;69466.0;8171.0;61295.0
774900;69938.0;8563.0;61375.0
775000;70201.0;8906.0;61295.0
775100;69907.0;8612.0;61295.0
775200;69809.0;8514.0;61295.0
775300;69823.0;8528.0;61295.0
775400;69863.0;8528.0;61335.0
775500;69910.0;8575.0;61335.0
775600;69886.5;8551.5;61335.0
775700;69903.0;8528.0;61375.0
775800;69973.5;8598.5;61375.0
775900;69903.0;8528.0;61375.0
776000;69762.0;8387.0;61375.0
776100;69527.0;8152.0;61375.0
776200;69917.0;8622.0;61295.0
776300;69870.0;8575.0;61295.0
776400;70117.0;8582.0;61535.0
776500;69997.0;8582.0;61415.0
776600;70069.0;8534.0;61535.0
776700;69890.0;8555.0;61335.0
776800;69890.0;8555.0;61335.0
776900;69632.0;8657.0;60975.0
777000;70112.0;8657.0;61455.0
777100;69632.0;8057.0;61575.0
777200;69992.0;8537.0;61455.0
777300;70376.0;8921.0;61455.0
777400;69864.0;8489.0;61375.0
777500;69800.0;8585.0;61215.0
777600;69960.0;8585.0;61375.0
777700;70000.0;8585.0;61415.0
777800;70120.0;8585.0;61535.0
777900;69736.0;8201.0;61535.0
778000;70120.0;8585.0;61535.0
778100;69704.0;8249.0;61455.0
778200;69976.0;8441.0;61535.0
778300;69751.0;8201.0;61550.0
778400;70065.5;8361.5;61704.0
778500;70115.0;8642.0;61473.0
778600;70230.5;8642.0;61588.5
778700;70204.5;8693.0;61511.5
778800;70269.0;8642.0;61627.0
778900;70345.5;8718.5;61627.0
779000;70269.0;8642.0;61627.0
779100;70269.0;8642.0;61627.0
779200;70008.5;8769.5;61239.0
779300;70401.0;8642.0;61759.0
779400;70593.0;8234.0;62359.0
779500;70270.0;8591.0;61679.0
779600;70321.0;8642.0;61679.0
779700;70190.0;8591.0;61599.0
779800;70310.0;8591.0;61719.0
779900;70790.0;8591.0;62199.0
780000;70310.0;8591.0;61719.0
780100;70718.0;8999.0;61719.0
780200;70310.0;8591.0;61719.0
780300;70150.0;8591.0;61559.0
780400;69990.0;8591.0;61399.0
780500;70299.0;8540.0;61759.0
780600;69822.0;8183.0;61639.0
780700;70550.5;8871.5;61679.0
780800;70339.0;8540.0;61799.0
780900;70219.0;8540.0;61679.0
781000;-439457.0;-501256.0;61799.0
781100;70288.0;8489.0;61799.0
781200;70211.5;8412.5;61799.0
781300;70288.0;8489.0;61799.0
781400;70328.0;8489.0;61839.0
781500;70404.5;8565.5;61839.0
781600;70353.5;8514.5;61839.0
781700;69720.5;8361.5;61359.0
781800;70495.5;8616.5;61879.0
781900;70419.0;8540.0;61879.0
782000;70327.0;8438.0;61889.0
782100;70468.0;8540.0;61928.0
782200;70429.0;8540.0;61889.0
782300;70351.0;8540.0;61811.0
782400;70585.0;8540.0;62045.0
782500;70544.5;8616.5;61928.0
782600;70876.0;8948.0;61928.0
782700;70585.0;8540.0;62045.0
782800;70099.0;8132.0;61967.0
782900;70636.0;8591.0;62045.0
783000;71068.0;9101.0;61967.0
783100;70456.0;8489.0;61967.0
783200;70144.0;8255.0;61889.0
783300;70644.0;8560.0;62084.0
783400;70566.0;8560.0;62006.0
783500;70683.0;8560.0;62123.0
783600;70566.0;8560.0;62006.0
783700;70622.0;8499.0;62123.0
783800;70683.0;8560.0;62123.0
783900;70117.0;8072.0;62045.0
784000;70513.5;8468.5;62045.0
784100;70357.5;8468.5;61889.0
784200;70117.0;8072.0;62045.0
784300;70588.0;8621.0;61967.0
784400;70588.0;8621.0;61967.0
784500;70705.0;8621.0;62084.0
784600;70705.0;8621.0;62084.0
784700;70306.5;8651.5;61655.0
784800;70583.0;8499.0;62084.0
784900;71151.0;8560.0;62591.0
785000;70683.0;8560.0;62123.0
785100;70739.0;8499.0;62240.0
785200;70683.0;8560.0;62123.0
785300;70683.0;8560.0;62123.0
785400;70605.0;8560.0;62045.0
785500;70722.0;8560.0;62162.0
785600;70627.0;8621.0;62006.0
785700;70822.0;8621.0;62201.0
785800;70694.0;8493.0;62201.0
785900;70918.0;8717.0;62201.0
786000;70758.0;8557.0;62201.0
786100;70758.0;8557.0;62201.0
786200;70859.0;8190.0;62669.0
786300;70776.0;8575.0;62201.0
786400;70815.0;8575.0;62240.0
786500;70850.0;8610.0;62240.0
786600;70892.0;8652.0;62240.0
786700;71311.0;9149.0;62162.0
786800;70860.0;8581.0;62279.0
786900;70860.0;8581.0;62279.0
787000;70292.0;8013.0;62279.0
787100;70931.0;8652.0;62279.0
787200;70356.5;8545.5;61811.0
787300;70966.5;8687.5;62279.0
787400;70899.0;8581.0;62318.0
787500;71005.5;8687.5;62318.0
787600;70899.0;8581.0;62318.0
787700;70938.0;8581.0;62357.0
787800;71406.0;8581.0;62825.0
787900;71019.0;8652.0;62367.0
788000;71054.5;8687.5;62367.0
788100;71133.0;8652.0;62481.0
788200;70877.0;8510.0;62367.0
788300;71014.0;8723.0;62291.0
788400;70929.0;8524.0;62405.0
788500;70929.0;8524.0;62405.0
788600;71291.0;8886.0;62405.0
788700;70977.0;8534.0;62443.0
788800;70977.0;8534.0;62443.0
788900;70617.0;8630.0;61987.0
789000;70863.0;8534.0;62329.0
789100;70997.0;8630.0;62367.0
789200;70913.0;8470.0;62443.0
789300;70913.0;8470.0;62443.0
789400;71079.0;8598.0;62481.0
789500;70901.0;8534.0;62367.0
789600;71079.0;8598.0;62481.0
789700;71100.0;8566.0;62534.0
789800;71356.0;8822.0;62534.0
789900;71570.0;8598.0;62972.0
790000;71132.0;8598.0;62534.0
790100;71090.0;8598.0;62492.0
790200;71323.0;8711.0;62612.0
790300;71323.0;8711.0;62612.0
790400;71078.0;8546.0;62532.0
790500;71111.0;8579.0;62532.0
790600;70916.0;8744.0;62172.0
790700;71184.0;8612.0;62572.0
790800;71330.0;8678.0;62652.0
790900;71330.0;8678.0;62652.0
791000;71184.0;8612.0;62572.0
791100;71118.0;8546.0;62572.0
791200;71184.0;8612.0;62572.0
791300;71304.0;8612.0;62692.0
791400;71158.0;8546.0;62612.0
791500;71224.0;8612.0;62612.0
791600;71224.0;8612.0;62612.0
791700;71305.5;8653.5;62652.0
791800;71205.0;8553.0;62652.0
791900;71085.0;8553.0;62532.0
792000;71104.5;8452.5;62652.0
792100;71559.0;8553.0;63006.0
792200;71532.0;8754.0;62778.0
792300;71217.0;8553.0;62664.0
792400;70508.5;8452.5;62056.0
792500;71255.0;8553.0;62702.0
792600;71268.5;8452.5;62816.0
792700;71226.0;8486.0;62740.0
792800;71246.5;8620.5;62626.0
792900;71329.0;8589.0;62740.0
793000;71443.0;8589.0;62854.0
793100;72068.5;8872.5;63196.0
793200;71474.5;8620.5;62854.0
793300;71266.0;8526.0;62740.0
793400;71367.0;8589.0;62778.0
793500;71304.0;8526.0;62778.0
793600;71304.0;8526.0;62778.0
793700;71405.0;8589.0;62816.0
793800;71070.5;8368.5;62702.0
793900;71405.0;8589.0;62816.0
794000;71519.0;8589.0;62930.0
794100;71405.0;8589.0;62816.0
794200;71688.5;8872.5;62816.0
794300;71468.0;8652.0;62816.0
794400;71557.0;8589.0;62968.0
794500;71443.0;8589.0;62854.0
794600;71557.0;8589.0;62968.0
794700;71601.0;9093.0;62508.0
794800;71434.0;8526.0;62908.0
794900;71497.0;8589.0;62908.0
795000;70954.0;8526.0;62428.0
795100;71860.5;8603.0;63257.5
795200;71490.0;8603.0;62887.0
795300;71774.5;8538.0;63236.5
795400;71722.0;8668.0;63054.0
795500;71385.0;8538.0;62847.0
795600;71595.0;8635.5;62959.5
795700;71835.0;8538.0;63297.0
795800;71610.0;8538.0;63072.0
795900;71545.0;8538.0;63007.0
796000;72238.0;8538.0;63700.0
796100;71083.0;8538.0;62545.0
796200;71468.0;8538.0;62930.0
796300;71545.0;8538.0;63007.0
796400;71518.5;8473.0;63045.5
796500;71597.5;8552.0;63045.5
796600;71281.5;8585.5;62696.0
796700;71761.5;8585.5;63176.0
796800;71179.0;8083.0;63096.0
796900;71648.0;8552.0;63096.0
797000;71648.0;8552.0;63096.0
797100;71681.5;8585.5;63096.0
797200;71715.0;8619.0;63096.0
797300;71715.0;8619.0;63096.0
797400;71420.0;8284.0;63136.0
797500;71755.0;8619.0;63136.0
797600;71654.5;8518.5;63136.0
797700;71795.0;8619.0;63176.0
797800;71795.0;8619.0;63176.0
797900;71893.0;8619.0;63274.0
798000;71831.0;8518.5;63312.5
798100;71816.0;8619.0;63197.0
798200;71267.0;8686.0;62581.0
798300;71816.0;8619.0;63197.0
798400;71434.0;8083.0;63351.0
798500;71836.0;8485.0;63351.0
798600;71970.0;8619.0;63351.0
798700;71926.5;8652.5;63274.0
798800;71859.5;8585.5;63274.0
798900;71787.5;8552.0;63235.5
799000;71960.0;8686.0;63274.0
799100;71625.0;8351.0;63274.0
799200;71826.0;8552.0;63274.0
799300;71357.0;8083.0;63274.0
799400;71582.0;8619.0;62963.0
799500;72009.0;8686.0;63323.0
799600;72196.5;8753.5;63443.0
799700;71933.5;8690.5;63243.0
799800;72022.0;8659.0;63363.0
799900;72022.0;8659.0;63363.0
800000;71959.0;8596.0;63363.0
800100;71991.5;8508.5;63483.0
800200;72131.5;8768.5;63363.0
800300;72154.0;8671.0;63483.0
800400;72139.0;8736.0;63403.0
800500;72031.5;8508.5;63523.0
800600;72084.0;8801.0;63283.0
800700;72179.0;8736.0;63443.0
800800;72324.0;8801.0;63523.0
800900;72081.5;8638.5;63443.0
801000;72146.5;8703.5;63443.0
801100;72299.0;8736.0;63563.0
801200;72114.0;8671.0;63443.0
801300;72099.0;8736.0;63363.0
801400;72179.0;8736.0;63443.0
801500;72164.0;8801.0;63363.0
801600;71819.0;8216.0;63603.0
801700;72194.0;8671.0;63523.0
801800;72081.0;8678.0;63403.0
801900;72015.0;8612.0;63403.0
802000;72201.0;8678.0;63523.0
802100;72135.0;8612.0;63523.0
802200;72135.0;8612.0;63523.0
802300;72069.0;8546.0;63523.0
802400;72333.0;8810.0;63523.0
802500;72550.5;8678.0;63872.5
802600;72253.0;8678.0;63575.0
802700;71725.0;8150.0;63575.0
802800;72121.0;8546.0;63575.0
802900;72187.0;8612.0;63575.0
803000;72253.0;8678.0;63575.0
803100;72067.0;8612.0;63455.0
803200;72187.0;8612.0;63575.0
803300;72088.0;8513.0;63575.0
803400;72715.0;9140.0;63575.0
803500;72227.0;8612.0;63615.0
803600;72347.0;8612.0;63735.0
803700;72333.0;8678.0;63655.0
803800;71739.0;8084.0;63655.0
803900;72154.0;8619.0;63535.0
804000;72274.0;8619.0;63655.0
804100;72743.0;9088.0;63655.0
804200;72341.0;8686.0;63655.0
804300;72173.5;8518.5;63655.0
804400;72274.0;8619.0;63655.0
804500;72314.0;8619.0;63695.0
804600;72364.0;8619.0;63745.0
804700;72364.0;8619.0;63745.0
804800;72364.0;8619.0;63745.0
804900;72445.0;8700.0;63745.0
805000;72380.0;8635.0;63745.0
805100;72828.5;8732.5;64096.0
805200;72302.0;8635.0;63667.0
805300;72445.0;8700.0;63745.0
805400;72419.0;8635.0;63784.0
805500;72419.0;8635.0;63784.0
805600;72471.0;8570.0;63901.0
805700;72393.0;8570.0;63823.0
805800;72555.5;8732.5;63823.0
805900;72458.0;8635.0;63823.0
806000;72458.0;8635.0;63823.0
806100;72458.0;8635.0;63823.0
806200;72458.0;8635.0;63823.0
806300;72575.0;8635.0;63940.0
806400;72347.5;8602.5;63745.0
806500;72282.5;8537.5;63745.0
806600;72536.0;8635.0;63901.0
806700;72783.0;8570.0;64213.0
806800;72939.0;8570.0;64369.0
806900;72588.0;8570.0;64018.0
807000;72536.0;8635.0;63901.0
807100;72536.0;8635.0;63901.0
807200;72536.0;8635.0;63901.0
807300;72471.0;8570.0;63901.0
807400;72471.0;8570.0;63901.0
807500;-770475.0;8570.0;-779045.0
807600;72724.5;8862.5;63862.0
807700;72529.5;8472.5;64057.0
807800;72484.0;8505.0;63979.0
807900;72484.0;8505.0;63979.0
808000;72601.0;8505.0;64096.0
808100;72432.0;8570.0;63862.0
808200;72549.0;8570.0;63979.0
808300;72549.0;8570.0;63979.0
808400;72729.5;8750.5;63979.0
808500;72646.5;8628.5;64018.0
808600;72477.0;8537.0;63940.0
808700;72555.0;8537.0;64018.0
808800;72594.0;8537.0;64057.0
808900;73082.0;9025.0;64057.0
809000;72156.5;8567.5;63589.0
809100;72594.0;8537.0;64057.0
809200;72594.0;8537.0;64057.0
809300;72126.0;8537.0;63589.0
809400;72655.0;8598.0;64057.0
809500;72604.0;8490.0;64114.0
809600;72937.0;8490.0;64447.0
809700;72966.5;8519.5;64447.0
809800;72700.0;8549.0;64151.0
809900;72611.5;8460.5;64151.0
810000;72523.0;8372.0;64151.0
810100;71954.0;7959.0;63995.0
810200;72546.0;8431.0;64115.0
810300;72546.0;8431.0;64115.0
810400;72723.0;8608.0;64115.0
810500;72674.5;8519.5;64155.0
810600;72763.0;8608.0;64155.0
810700;72744.0;8549.0;64195.0
810800;72744.0;8549.0;64195.0
810900;72891.5;8696.5;64195.0
811000;73099.5;8549.0;64550.5
811100;72812.0;8608.0;64204.0
811200;72646.5;8519.5;64127.0
811300;72528.5;8401.5;64127.0
811400;72927.5;8608.0;64319.5
811500;72427.0;8608.0;63819.0
811600;72800.5;8519.5;64281.0
811700;72889.0;8608.0;64281.0
811800;72889.0;8608.0;64281.0
811900;72889.0;8608.0;64281.0
812000;72773.5;8608.0;64165.5
812100;73095.5;8814.5;64281.0
812200;72889.0;8608.0;64281.0
812300;73380.5;8637.5;64743.0
812400;73410.0;8667.0;64743.0
812500;73016.0;8696.5;64319.5
812600;73172.5;8814.5;64358.0
812700;73054.5;8696.5;64358.0
812800;73084.0;8726.0;64358.0
812900;73025.0;8667.0;64358.0
813000;73199.5;8726.0;64473.5
813100;72909.5;8667.0;64242.5
813200;73025.0;8667.0;64358.0
813300;72553.0;8195.0;64358.0
813400;73025.0;8667.0;64358.0
813500;73063.5;8667.0;64396.5
813600;73469.0;8726.0;64743.0
813700;73013.5;8578.5;64435.0
813800;73102.0;8667.0;64435.0
813900;73102.0;8667.0;64435.0
814000;73102.0;8667.0;64435.0
814100;73306.0;8755.5;64550.5
814200;73505.0;8608.0;64897.0
814300;73324.0;8966.0;64358.0
814400;73096.0;8738.0;64358.0
814500;73069.0;8595.5;64473.5
814600;73163.0;8766.5;64396.5
814700;73278.5;8766.5;64512.0
814800;73193.0;8681.0;64512.0
814900;73193.0;8681.0;64512.0
815000;73250.0;8738.0;64512.0
815100;73821.5;9194.0;64627.5
815200;74052.5;9194.0;64858.5
815300;72935.0;8423.0;64512.0
815400;72808.0;8758.0;64050.0
815500;73193.0;8758.0;64435.0
815600;73347.0;8758.0;64589.0
815700;73424.0;8758.0;64666.0
815800;73432.5;8959.0;64473.5
815900;73447.5;8858.5;64589.0
816000;73414.0;8825.0;64589.0
816100;73596.5;8892.0;64704.5
816200;73529.5;8825.0;64704.5
816300;73136.0;8624.0;64512.0
816400;73414.0;8825.0;64589.0
816500;73337.0;8825.0;64512.0
816600;73434.0;8691.0;64743.0
816700;73886.0;8758.0;65128.0
816800;73390.5;8724.5;64666.0
816900;73424.0;8758.0;64666.0
817000;73424.0;8758.0;64666.0
817100;73424.0;8758.0;64666.0
817200;73424.0;8758.0;64666.0
817300;72962.0;8758.0;64204.0
817400;73424.0;8758.0;64666.0
817500;73496.0;8791.5;64704.5
817600;73501.0;8758.0;64743.0
817700;73578.0;8758.0;64820.0
817800;73501.0;8758.0;64743.0
817900;73105.0;8824.0;64281.0
818000;73495.0;8752.0;64743.0
818100;73675.0;8932.0;64743.0
818200;73603.0;8860.0;64743.0
818300;73387.0;8644.0;64743.0
818400;73603.0;8860.0;64743.0
818500;73569.5;8788.0;64781.5
818600;73708.5;9004.0;64704.5
818700;73644.0;8824.0;64820.0
818800;73757.0;8860.0;64897.0
818900;73564.5;8860.0;64704.5
819000;74256.0;9436.0;64820.0
819100;73680.0;8860.0;64820.0
819200;74026.5;8860.0;65166.5
819300;73680.0;8860.0;64820.0
819400;73795.5;8860.0;64935.5
819500;73142.5;8284.0;64858.5
819600;73757.0;8860.0;64897.0
819700;74289.5;9508.0;64781.5
819800;73829.0;8932.0;64897.0
819900;73829.0;8932.0;64897.0
820000;73944.5;8932.0;65012.5
820100;73800.5;8788.0;65012.5
820200;73757.0;8860.0;64897.0
820300;73497.5;8485.0;65012.5
820400;73767.0;8870.0;64897.0
820500;74152.0;9216.5;64935.5
820600;73921.0;8870.0;65051.0
820700;74614.0;9640.0;64974.0
820800;73228.0;8254.0;64974.0
820900;73959.5;8870.0;65089.5
821000;74229.0;9255.0;64974.0
821100;73921.0;8947.0;64974.0
821200;74036.5;9062.5;64974.0
821300;74113.5;8677.5;65436.0
821400;73921.0;8947.0;64974.0
821500;73959.5;8947.0;65012.5
821600;73305.0;8254.0;65051.0
821700;73805.5;8754.5;65051.0
821800;73998.0;8870.0;65128.0
821900;73921.0;8870.0;65051.0
822000;73805.5;8870.0;64935.5
822100;74036.5;8985.5;65051.0
822200;73767.0;8793.0;64974.0
822300;73921.0;8870.0;65051.0
822400;73998.0;8947.0;65051.0
822500;73959.5;8870.0;65089.5
822600;73959.5;8870.0;65089.5
822700;73641.0;8975.0;64666.0
822800;73957.0;8829.0;65128.0
822900;73847.5;8719.5;65128.0
823000;74145.5;8902.0;65243.5
823100;74419.0;8829.0;65590.0
823200;73953.0;8902.0;65051.0
823300;74103.0;8975.0;65128.0
823400;74030.0;8902.0;65128.0
823500;74141.5;8975.0;65166.5
823600;73924.5;8719.5;65205.0
823700;73061.0;8318.0;64743.0
823800;74184.0;8902.0;65282.0
823900;73888.0;8683.0;65205.0
824000;74034.0;8829.0;65205.0
824100;74070.5;8865.5;65205.0
824200;74103.0;8975.0;65128.0
824300;74180.0;8975.0;65205.0
824400;74107.0;8902.0;65205.0
824500;73991.5;8902.0;65089.5
824600;74261.0;8902.0;65359.0
824700;73765.0;8483.0;65282.0
824800;74125.0;8843.0;65282.0
824900;74485.0;9203.0;65282.0
825000;74045.0;8763.0;65282.0
825100;74765.0;9483.0;65282.0
825200;73800.5;8403.0;65397.5
825300;74205.0;8923.0;65282.0
825400;74168.0;8963.0;65205.0
825500;74243.5;8923.0;65320.5
825600;74402.0;9043.0;65359.0
825700;74504.0;8683.0;65821.0
825800;74282.0;8923.0;65359.0
825900;74282.0;8923.0;65359.0
826000;74397.5;8923.0;65474.5
826100;74282.0;8923.0;65359.0
826200;74205.0;8923.0;65282.0
826300;74242.0;8883.0;65359.0
826400;74362.0;9003.0;65359.0
826500;74405.0;9003.0;65402.0
826600;74912.0;9003.0;65909.0
826700;74444.0;9003.0;65441.0
826800;74524.0;9083.0;65441.0
826900;74795.0;9003.0;65792.0
827000;74444.0;9003.0;65441.0
827100;73896.0;8923.0;64973.0
827200;74164.0;8723.0;65441.0
827300;74444.0;9003.0;65441.0
827400;74366.0;9003.0;65363.0
827500;74483.0;9003.0;65480.0
827600;74522.0;9003.0;65519.0
827700;74522.0;9003.0;65519.0
827800;74522.0;9003.0;65519.0
827900;74522.0;9003.0;65519.0
828000;74522.0;9003.0;65519.0
828100;74522.0;9003.0;65519.0
828200;74522.0;9003.0;65519.0
828300;74444.0;9003.0;65441.0
828400;74559.0;8923.0;65636.0
828500;74758.0;9083.0;65675.0
828600;74880.0;9283.0;65597.0
828700;74800.0;9203.0;65597.0
828800;74517.0;8803.0;65714.0
828900;74560.0;8963.0;65597.0
829000;74563.0;9083.0;65480.0
829100;74680.0;9083.0;65597.0
829200;74680.0;9083.0;65597.0
829300;74799.0;9163.0;65636.0
829400;74682.0;9163.0;65519.0
829500;74879.0;9243.0;65636.0
829600;75478.0;9803.0;65675.0
829700;74958.0;9283.0;65675.0
829800;74798.0;9123.0;65675.0
829900;75035.0;9243.0;65792.0
830000;75506.0;9363.0;66143.0
830100;74838.0;9163.0;65675.0
830200;74760.0;9163.0;65597.0
830300;74678.0;9003.0;65675.0
830400;75038.0;9363.0;65675.0
830500;75791.0;9960.0;65831.0
830600;75097.0;9344.0;65753.0
830700;75084.0;9331.0;65753.0
830800;75007.0;9371.0;65636.0
830900;75124.0;9371.0;65753.0
831000;74764.0;9011.0;65753.0
831100;75007.0;9371.0;65636.0
831200;75361.0;9491.0;65870.0
831300;75484.0;9731.0;65753.0
831400;75204.0;9451.0;65753.0
831500;75126.0;9451.0;65675.0
831600;74525.0;8811.0;65714.0
831700;74722.0;8891.0;65831.0
831800;75252.0;9538.0;65714.0
831900;75369.0;9538.0;65831.0
832000;75290.0;9459.0;65831.0
832100;75252.5;9577.5;65675.0
832200;75093.5;9340.5;65753.0
832300;75227.0;9396.0;65831.0
832400;74688.0;8857.0;65831.0
832500;75352.0;9473.0;65879.0
832600;75543.0;9550.0;65993.0
832700;75467.0;9550.0;65917.0
832800;75468.5;9665.5;65803.0
832900;75581.0;9550.0;66031.0
833000;75582.5;9665.5;65917.0
833100;75011.0;9550.0;65461.0
833200;75696.5;9665.5;66031.0
833300;75109.0;9648.0;65461.0
833400;75743.0;9826.0;65917.0
833500;75591.0;9636.0;65955.0
833600;75667.0;9674.0;65993.0
833700;75553.0;9560.0;65993.0
833800;75477.0;9484.0;65993.0
833900;75439.0;9446.0;65993.0
834000;75553.0;9560.0;65993.0
834100;75553.0;9560.0;65993.0
834200;75895.0;9560.0;66335.0
834300;75567.0;9574.0;65993.0
834400;75567.0;9574.0;65993.0
834500;75383.0;9352.0;66031.0
834600;75643.0;9574.0;66069.0
834700;75455.0;9500.0;65955.0
834800;75640.0;9685.0;65955.0
834900;76016.0;9833.0;66183.0
835000;75569.0;9500.0;66069.0
835100;75757.0;9574.0;66183.0
835200;76106.0;9581.0;66525.0
835300;75613.5;9544.5;66069.0
835400;75723.0;9654.0;66069.0
835500;75501.0;9508.0;65993.0
835600;75653.0;9508.0;66145.0
835700;75648.5;9617.5;66031.0
835800;75726.0;9581.0;66145.0
835900;75853.0;10092.0;65761.0
836000;75742.0;9581.0;66161.0
836100;75559.5;9398.5;66161.0
836200;75570.0;9289.0;66281.0
836300;75669.0;9508.0;66161.0
836400;75789.0;9508.0;66281.0
836500;75589.0;9508.0;66081.0
836600;75629.0;9508.0;66121.0
836700;75636.0;9435.0;66201.0
836800;75749.0;9508.0;66241.0
836900;75116.0;9595.0;65521.0
837000;76002.0;9761.0;66241.0
837100;75856.0;9615.0;66241.0
837200;75776.0;9615.0;66161.0
837300;75856.0;9615.0;66241.0
837400;75856.0;9615.0;66241.0
837500;75896.0;9615.0;66281.0
837600;75352.0;9031.0;66321.0
837700;76016.0;9615.0;66401.0
837800;75736.0;9615.0;66121.0
837900;75972.5;9651.5;66321.0
838000;75863.0;9542.0;66321.0
838100;75743.0;9542.0;66201.0
838200;75936.0;9615.0;66321.0
838300;75936.0;9615.0;66321.0
838400;75936.0;9615.0;66321.0
838500;76049.0;9688.0;66361.0
838600;75969.0;9688.0;66281.0
838700;76089.0;9688.0;66401.0
838800;75903.0;9542.0;66361.0
838900;75359.0;8958.0;66401.0
839000;75943.0;9542.0;66401.0
839100;75943.0;9542.0;66401.0
839200;75696.0;9615.0;66081.0
839300;75833.5;9432.5;66401.0
839400;75444.0;9123.0;66321.0
839500;75924.0;9483.0;66441.0
839600;75804.0;9443.0;66361.0
839700;75924.0;9563.0;66361.0
839800;76204.0;9723.0;66481.0
839900;76044.0;9563.0;66481.0
840000;76058.0;9577.0;66481.0
840100;75938.0;9577.0;66361.0
840200;76095.0;9694.0;66401.0
840300;76350.0;9869.0;66481.0
840400;76720.0;10239.0;66481.0
840500;76168.0;9647.0;66521.0
840600;76171.0;9610.0;66561.0
840700;76800.0;10239.0;66561.0
840800;76208.0;9647.0;66561.0
840900;76208.0;9647.0;66561.0
841000;76208.0;9647.0;66561.0
841100;76222.0;9661.0;66561.0
841200;76469.0;9775.0;66694.0
841300;76314.0;9737.0;66577.0
841400;76355.0;9661.0;66694.0
841500;76353.0;9737.0;66616.0
841600;76392.0;9737.0;66655.0
841700;75804.0;9129.0;66675.0
841800;76410.0;9661.0;66749.0
841900;76447.0;9661.0;66786.0
842000;76412.0;9737.0;66675.0
842100;76412.0;9737.0;66675.0
842200;76426.0;9751.0;66675.0
842300;76352.0;9751.0;66601.0
842400;77494.0;10375.0;67119.0
842500;76463.0;9751.0;66712.0
842600;76500.0;9751.0;66749.0
842700;76578.0;9829.0;66749.0
842800;76500.0;9751.0;66749.0
842900;76389.0;9751.0;66638.0
843000;76046.0;9673.0;66373.0
843100;76446.0;9673.0;66773.0
843200;77148.0;10375.0;66773.0
843300;76566.0;9673.0;66893.0
843400;76050.0;9277.0;66773.0
843500;76370.0;9677.0;66693.0
843600;77250.0;10317.0;66933.0
843700;76690.0;9757.0;66933.0
843800;76610.0;9757.0;66853.0
843900;76610.0;9757.0;66853.0
844000;76610.0;9757.0;66853.0
844100;76610.0;9757.0;66853.0
844200;76530.0;9677.0;66853.0
844300;76530.0;9677.0;66853.0
844400;76170.0;9677.0;66493.0
844500;76570.0;9677.0;66893.0
844600;75970.0;9037.0;66933.0
844700;76530.0;9597.0;66933.0
844800;76872.0;10059.0;66813.0
844900;76696.0;9763.0;66933.0
845000;76659.0;9726.0;66933.0
845100;76502.0;9689.0;66813.0
845200;-790978.0;9689.0;-800667.0
845300;76622.0;9689.0;66933.0
845400;77085.0;10152.0;66933.0
845500;76180.0;9207.0;66973.0
845600;76710.0;9697.0;67013.0
845700;76790.0;9697.0;67093.0
845800;76345.0;9452.0;66893.0
845900;76430.0;9697.0;66733.0
846000;76300.0;9767.0;66533.0
846100;76590.0;9697.0;66893.0
846200;77036.0;10023.0;67013.0
846300;-791030.0;9637.0;-800667.0
846400;76830.0;9817.0;67013.0
846500;76630.0;9697.0;66933.0
846600;76880.0;9787.0;67093.0
846700;76880.0;9787.0;67093.0
846800;76480.0;9307.0;67173.0
846900;77000.0;9787.0;67213.0
847000;76880.0;9787.0;67093.0
847100;76880.0;9787.0;67093.0
847200;77235.5;9787.0;67448.5
847300;76979.0;9877.0;67102.0
847400;76889.0;9787.0;67102.0
847500;76867.5;9727.0;67140.5
847600;77026.0;9847.0;67179.0
847700;77026.0;9847.0;67179.0
847800;76850.5;9787.0;67063.5
847900;77301.5;10007.0;67294.5
848000;77046.0;9867.0;67179.0
848100;76934.0;9755.0;67179.0
848200;77049.5;9755.0;67294.5
848300;77077.5;9783.0;67294.5
848400;76962.0;9783.0;67179.0
848500;77000.5;9783.0;67217.5
848600;77228.0;9895.0;67333.0
848700;77095.0;9839.0;67256.0
848800;76811.5;9671.0;67140.5
848900;77210.5;9839.0;67371.5
849000;76983.0;9727.0;67256.0
849100;77154.5;9783.0;67371.5
849200;77154.5;9783.0;67371.5
849300;76990.0;9811.0;67179.0
849400;76521.0;9727.0;66794.0
849500;76654.0;9783.0;66871.0
849600;77564.0;10231.0;67333.0
849700;77200.0;9867.0;67333.0
849800;77116.0;9783.0;67333.0
849900;77270.0;9783.0;67487.0
850000;77151.0;9818.0;67333.0
850100;77266.5;9818.0;67448.5
850200;77876.5;10428.0;67448.5
850300;77189.5;9818.0;67371.5
850400;76719.5;9848.5;66871.0
850500;77244.0;9757.0;67487.0
850600;76900.0;9682.5;67217.5
850700;77085.5;9714.0;67371.5
850800;77124.0;9714.0;67410.0
850900;77124.0;9714.0;67410.0
851000;77407.5;9997.5;67410.0
851100;77155.5;9745.5;67410.0
851200;77041.0;9708.0;67333.0
851300;77178.0;9768.0;67410.0
851400;77551.0;10218.0;67333.0
851500;77522.0;9958.0;67564.0
851600;77105.5;9734.0;67371.5
851700;77361.0;9874.0;67487.0
851800;77893.0;9790.0;68103.0
851900;77277.0;9790.0;67487.0
852000;77161.5;9790.0;67371.5
852100;77221.0;9734.0;67487.0
852200;77221.0;9734.0;67487.0
852300;77053.0;9566.0;67487.0
852400;77144.0;9734.0;67410.0
852500;77315.5;9790.0;67525.5
852600;77431.0;9790.0;67641.0
852700;77354.0;9790.0;67564.0
852800;77298.0;9734.0;67564.0
852900;77298.0;9734.0;67564.0
853000;77382.0;9818.0;67564.0
853100;77298.0;9734.0;67564.0
853200;77298.0;9734.0;67564.0
853300;76891.0;9678.0;67213.0
853400;77265.0;9692.0;67573.0
853500;77185.0;9692.0;67493.0
853600;77345.0;9692.0;67653.0
853700;77345.0;9692.0;67653.0
853800;76881.0;9228.0;67653.0
853900;77465.0;9692.0;67773.0
854000;77345.0;9692.0;67653.0
854100;77465.0;9692.0;67773.0
854200;77323.0;9750.0;67573.0
854300;77432.0;9779.0;67653.0
854400;77287.0;9634.0;67653.0
854500;77505.0;9692.0;67813.0
854600;77425.0;9692.0;67733.0
854700;77505.0;9692.0;67813.0
854800;77385.0;9692.0;67693.0
854900;77425.0;9692.0;67733.0
855000;77203.0;9750.0;67453.0
855100;77425.0;9692.0;67733.0
855200;77483.0;9750.0;67733.0
855300;77059.0;9286.0;67773.0
855400;77425.0;9692.0;67733.0
855500;77465.0;9692.0;67773.0
855600;77563.0;9750.0;67813.0
855700;77581.0;9808.0;67773.0
855800;77621.0;9808.0;67813.0
855900;77650.0;9837.0;67813.0
856000;77767.0;10074.0;67693.0
856100;77167.0;9474.0;67693.0
856200;77637.0;9824.0;67813.0
856300;77557.0;9824.0;67733.0
856400;77762.0;9949.0;67813.0
856500;77727.0;9874.0;67853.0
856600;77767.0;9874.0;67893.0
856700;77692.0;9799.0;67893.0
856800;77717.0;9824.0;67893.0
856900;77717.0;9824.0;67893.0
857000;77717.0;9824.0;67893.0
857100;77817.0;9924.0;67893.0
857200;77717.0;9824.0;67893.0
857300;77717.0;9824.0;67893.0
857400;77950.5;10017.5;67933.0
857500;77766.0;9833.0;67933.0
857600;77785.5;9812.5;67973.0
857700;77927.0;9874.0;68053.0
857800;78216.0;10243.0;67973.0
857900;77765.0;9792.0;67973.0
858000;77765.0;9792.0;67973.0
858100;77621.5;9648.5;67973.0
858200;77765.0;9792.0;67973.0
858300;77724.0;9751.0;67973.0
858400;77738.0;9765.0;67973.0
858500;78458.0;9765.0;68693.0
858600;77846.0;9793.0;68053.0
858700;77646.0;9793.0;67853.0
858800;77366.0;9793.0;67573.0
858900;76990.0;9417.0;67573.0
859000;78396.5;9863.5;68533.0
859100;77846.0;9793.0;68053.0
859200;77893.0;9840.0;68053.0
859300;77799.0;9746.0;68053.0
859400;77766.0;9793.0;67973.0
859500;77886.0;9793.0;68093.0
859600;77926.0;9793.0;68133.0
859700;77759.0;9746.0;68013.0
859800;77782.5;9769.5;68013.0
859900;77973.0;9840.0;68133.0
860000;77973.0;9840.0;68133.0
860100;78093.0;9840.0;68253.0
860200;78020.0;9887.0;68133.0
860300;78020.0;9887.0;68133.0
860400;78020.0;9887.0;68133.0
860500;77987.0;9934.0;68053.0
860600;77935.5;9722.5;68213.0
860700;78147.0;9934.0;68213.0
860800;78053.0;9840.0;68213.0
860900;78196.5;9863.5;68333.0
861000;78053.0;9840.0;68213.0
861100;78053.0;9840.0;68213.0
861200;78025.0;9464.0;68561.0
861300;77933.0;9840.0;68093.0
861400;77840.5;9675.5;68165.0
861500;78315.0;9934.0;68381.0
861600;78604.5;9863.5;68741.0
861700;78055.0;9746.0;68309.0
861800;78268.0;9887.0;68381.0
861900;78304.0;9887.0;68417.0
862000;78196.0;9887.0;68309.0
862100;78243.0;9934.0;68309.0
862200;78219.5;9910.5;68309.0
862300;77787.5;9910.5;67877.0
862400;78210.0;9793.0;68417.0
862500;78340.0;9887.0;68453.0
862600;78221.0;9840.0;68381.0
862700;78293.0;9840.0;68453.0
862800;78340.0;9887.0;68453.0
862900;78785.0;10404.0;68381.0
863000;78338.5;9957.5;68381.0
863100;78338.5;9957.5;68381.0
863200;78243.0;9934.0;68309.0
863300;78290.0;9981.0;68309.0
863400;78315.0;9934.0;68381.0
863500;78398.0;9981.0;68417.0
863600;78363.5;9910.5;68453.0
863700;78913.0;10028.0;68885.0
863800;78434.0;9981.0;68453.0
863900;78434.0;9981.0;68453.0
864000;78058.0;9605.0;68453.0
864100;78434.0;9981.0;68453.0
864200;78495.0;9934.0;68561.0
864300;78785.0;10404.0;68381.0
864400;78410.5;9957.5;68453.0
864500;78625.0;10028.0;68597.0
864600;78563.0;10028.0;68535.0
864700;78140.0;9605.0;68535.0
864800;78573.0;10075.0;68498.0
864900;78563.0;10028.0;68535.0
865000;78492.5;9957.5;68535.0
865100;78492.5;9957.5;68535.0
865200;78469.0;9934.0;68535.0
865300;78516.0;9981.0;68535.0
865400;78516.0;9981.0;68535.0
865500;78482.5;9910.5;68572.0
865600;78590.0;9981.0;68609.0
865700;78543.0;9934.0;68609.0
865800;78617.0;9934.0;68683.0
865900;79034.0;9981.0;69053.0
866000;78590.0;9981.0;68609.0
866100;78479.0;9981.0;68498.0
866200;78469.0;9934.0;68535.0
866300;78516.0;9981.0;68535.0
866400;78193.0;10028.0;68165.0
866500;78674.0;10028.0;68646.0
866600;78664.0;9981.0;68683.0
866700;79108.0;9981.0;69127.0
866800;78220.0;9981.0;68239.0
866900;78149.5;9910.5;68239.0
867000;78993.0;10310.0;68683.0
867100;78892.5;10098.5;68794.0
867200;78775.0;9981.0;68794.0
867300;79187.0;10060.0;69127.0
867400;78930.5;10136.5;68794.0
867500;78322.0;10009.0;68313.0
867600;78740.5;9983.5;68757.0
867700;78840.0;10009.0;68831.0
867800;78766.0;10009.0;68757.0
867900;78689.5;9932.5;68757.0
868000;78277.5;10009.0;68268.5
868100;78778.0;10009.0;68769.0
868200;78867.5;10060.0;68807.5
868300;78650.0;9958.0;68692.0
868400;77972.0;9665.0;68307.0
868500;78703.0;9777.0;68926.0
868600;78815.0;9889.0;68926.0
868700;78205.0;9357.0;68848.0
868800;78709.0;9861.0;68848.0
868900;78821.0;9973.0;68848.0
869000;78821.0;9973.0;68848.0
869100;78704.0;9973.0;68731.0
869200;78951.0;9973.0;68978.0
869300;78789.0;10001.0;68788.0
869400;78893.0;10029.0;68864.0
869500;78875.0;9973.0;68902.0
869600;78799.0;9973.0;68826.0
869700;78913.0;9973.0;68940.0
869800;79305.0;10365.0;68940.0
869900;78971.0;9917.0;69054.0
870000;78473.0;9917.0;68556.0
870100;78809.0;9973.0;68836.0
870200;78849.0;9973.0;68876.0
870300;78933.0;10057.0;68876.0
870400;78929.0;9973.0;68956.0
870500;78849.0;9973.0;68876.0
870600;79145.0;10029.0;69116.0
870700;79226.0;10190.0;69036.0
870800;78899.0;9983.0;68916.0
870900;79341.0;10305.0;69036.0
871000;79093.0;9937.0;69156.0
871100;78605.0;9569.0;69036.0
871200;79621.0;10305.0;69316.0
871300;79019.0;9983.0;69036.0
871400;79019.0;9983.0;69036.0
871500;78939.0;9983.0;68956.0
871600;79002.0;10006.0;68996.0
871700;79421.0;10305.0;69116.0
871800;78956.0;9960.0;68996.0
871900;79301.0;10305.0;68996.0
872000;78933.0;9937.0;68996.0
872100;78731.0;9615.0;69116.0
872200;79019.0;9983.0;69036.0
872300;79099.0;9983.0;69116.0
872400;79099.0;9983.0;69116.0
872500;78676.0;9960.0;68716.0
872600;79236.0;9960.0;69276.0
872700;79305.0;10029.0;69276.0
872800;79573.0;10029.0;69544.0
872900;79095.0;9983.0;69112.0
873000;79203.0;9983.0;69220.0
873100;79233.0;10121.0;69112.0
873200;79203.0;9983.0;69220.0
873300;79131.0;9983.0;69148.0
873400;79177.0;10029.0;69148.0
873500;79308.0;10052.0;69256.0
873600;79098.0;9914.0;69184.0
873700;79347.0;9983.0;69364.0
873800;79508.0;10144.0;69364.0
873900;79275.0;9983.0;69292.0
874000;79275.0;9983.0;69292.0
874100;79275.0;9983.0;69292.0
874200;79229.0;9937.0;69292.0
874300;79203.0;9983.0;69220.0
874400;79341.0;10121.0;69220.0
874500;79311.0;9983.0;69328.0
874600;79393.0;10029.0;69364.0
874700;79393.0;10029.0;69364.0
874800;79760.0;10396.0;69364.0
874900;79355.0;9991.0;69364.0
875000;79211.0;9991.0;69220.0
875100;79355.0;9991.0;69364.0
875200;79400.0;10036.0;69364.0
875300;79377.5;10013.5;69364.0
875400;79415.0;10036.0;69379.0
875500;79405.5;10036.0;69369.5
875600;79511.5;10103.5;69408.0
875700;79399.0;9991.0;69408.0
875800;79444.0;10036.0;69408.0
875900;79559.5;10036.0;69523.5
876000;79399.0;9991.0;69408.0
876100;79328.5;10036.0;69292.5
876200;78982.0;10036.0;68946.0
876300;79367.0;10036.0;69331.0
876400;79451.0;10043.0;69408.0
876500;79539.0;9977.0;69562.0
876600;79836.0;10043.0;69793.0
876700;79429.0;9867.0;69562.0
876800;79528.0;10043.0;69485.0
876900;79484.0;9999.0;69485.0
877000;79462.0;9977.0;69485.0
877100;79528.0;10043.0;69485.0
877200;79396.0;9911.0;69485.0
877300;79484.0;9999.0;69485.0
877400;79550.0;10065.0;69485.0
877500;79522.5;9999.0;69523.5
877600;79561.0;9999.0;69562.0
877700;79561.0;9999.0;69562.0
877800;79561.0;9999.0;69562.0
877900;80155.0;10131.0;70024.0
878000;79005.5;9559.0;69446.5
878100;79575.0;10013.0;69562.0
878200;79575.0;10013.0;69562.0
878300;79617.0;10055.0;69562.0
878400;80037.0;10013.0;70024.0
878500;79927.0;10211.0;69716.0
878600;79660.0;10021.0;69639.0
878700;79774.0;10135.0;69639.0
878800;79242.0;9603.0;69639.0
878900;79908.5;10154.0;69754.5
879000;79660.0;10021.0;69639.0
879100;79622.0;9983.0;69639.0
879200;79964.0;10325.0;69639.0
879300;79660.0;10021.0;69639.0
879400;79964.0;10325.0;69639.0
879500;79621.0;10059.0;69562.0
879600;79680.0;9964.0;69716.0
879700;79814.0;10021.0;69793.0
879800;79736.5;10059.0;69677.5
879900;79640.5;10040.0;69600.5
880000;79699.0;9983.0;69716.0
880100;79775.0;10059.0;69716.0
880200;79699.0;9983.0;69716.0
880300;79775.0;10059.0;69716.0
880400;79737.0;10021.0;69716.0
880500;79660.0;10021.0;69639.0
880600;79814.0;10021.0;69793.0
880700;79853.0;9983.0;69870.0
880800;79852.0;10059.0;69793.0
880900;79814.0;10021.0;69793.0
881000;79698.5;10021.0;69677.5
881100;79776.0;9983.0;69793.0
881200;79814.0;10021.0;69793.0
881300;79814.0;10021.0;69793.0
881400;79814.0;10021.0;69793.0
881500;79968.0;10021.0;69947.0
881600;79471.5;9717.0;69754.5
881700;79775.5;10021.0;69754.5
881800;79891.0;10021.0;69870.0
881900;79929.0;10059.0;69870.0
882000;79910.0;10040.0;69870.0
882100;79968.5;9983.0;69985.5
882200;79815.0;9945.0;69870.0
882300;79199.0;9945.0;69254.0
882400;79853.0;9983.0;69870.0
882500;79796.5;9888.0;69908.5
882600;79892.0;9945.0;69947.0
882700;79854.0;9907.0;69947.0
882800;79854.0;9907.0;69947.0
882900;80158.0;10211.0;69947.0
883000;79854.0;9907.0;69947.0
883100;79738.5;9907.0;69831.5
883200;79892.0;9945.0;69947.0
883300;79969.5;9907.0;70062.5
883400;79740.0;9793.0;69947.0
883500;79930.5;9945.0;69985.5
883600;80431.0;9945.0;70486.0
883700;79665.0;9641.0;70024.0
883800;79969.0;9945.0;70024.0
883900;80119.5;10211.0;69908.5
884000;79969.0;9945.0;70024.0
884100;79853.5;9945.0;69908.5
884200;79969.0;9945.0;70024.0
884300;79931.0;9907.0;70024.0
884400;80084.5;9945.0;70139.5
884500;79990.0;9812.0;70178.0
884600;79353.0;9945.0;69408.0
884700;80008.0;9907.0;70101.0
884800;80008.0;9907.0;70101.0
884900;80123.5;9907.0;70216.5
885000;80008.0;9907.0;70101.0
885100;80008.0;9907.0;70101.0
885200;80180.5;9964.0;70216.5
885300;80008.0;9907.0;70101.0
885400;80028.5;9812.0;70216.5
885500;80143.0;9888.0;70255.0
885600;80009.0;9831.0;70178.0
885700;79952.0;9774.0;70178.0
885800;80009.0;9831.0;70178.0
885900;80123.0;9945.0;70178.0
886000;80028.0;9850.0;70178.0
886100;80313.0;10135.0;70178.0
886200;79970.0;9869.0;70101.0
886300;80010.5;9717.0;70293.5
886400;80528.0;9888.0;70640.0
886500;80085.5;9869.0;70216.5
886600;80008.5;9869.0;70139.5
886700;80143.0;9888.0;70255.0
886800;80201.0;9869.0;70332.0
886900;79679.0;9812.0;69867.0
887000;79912.0;9645.0;70267.0
887100;79758.0;9491.0;70267.0
887200;80230.0;9843.0;70387.0
887300;80096.0;9909.0;70187.0
887400;80154.0;9887.0;70267.0
887500;80194.0;9887.0;70307.0
887600;80114.0;9887.0;70227.0
887700;80234.0;9887.0;70347.0
887800;80190.0;9843.0;70347.0
887900;80278.0;9931.0;70347.0
888000;80278.0;9931.0;70347.0
888100;80322.0;9975.0;70347.0
888200;80398.0;9931.0;70467.0
888300;80824.0;9997.0;70827.0
888400;80677.5;9975.0;70702.5
888500;80254.0;9975.0;70279.0
888600;80292.5;9975.0;70317.5
888700;80408.0;9975.0;70433.0
888800;80408.0;9975.0;70433.0
888900;80418.0;9975.0;70443.0
889000;80418.0;9975.0;70443.0
889100;80330.0;9887.0;70443.0
889200;80440.0;9997.0;70443.0
889300;80692.0;9799.0;70893.0
889400;80022.0;9579.0;70443.0
889500;79999.0;9931.0;70068.0
889600;80449.0;9931.0;70518.0
889700;80449.0;9931.0;70518.0
889800;80027.0;9887.0;70140.0
889900;80417.0;9887.0;70530.0
890000;80505.0;9975.0;70530.0
890100;80417.0;9887.0;70530.0
890200;80417.0;9887.0;70530.0
890300;80390.0;9821.0;70569.0
890400;80461.0;9931.0;70530.0
890500;80456.0;9887.0;70569.0
890600;80451.0;9843.0;70608.0
890700;80617.0;9931.0;70686.0
890800;80378.0;9887.0;70491.0
890900;80539.0;9931.0;70608.0
891000;80612.0;9887.0;70725.0
891100;80495.0;9887.0;70608.0
891200;80612.0;9887.0;70725.0
891300;80998.0;9922.0;71076.0
891400;80452.0;9922.0;70530.0
891500;80608.0;9961.0;70647.0
891600;80647.0;9961.0;70686.0
891700;80237.5;10019.5;70218.0
891800;80530.0;9844.0;70686.0
891900;80491.0;9961.0;70530.0
892000;80257.0;9571.0;70686.0
892100;80647.0;9961.0;70686.0
892200;80647.0;9961.0;70686.0
892300;80569.0;9883.0;70686.0
892400;80686.0;10000.0;70686.0
892500;80686.0;9961.0;70725.0
892600;80686.0;9922.0;70764.0
892700;80647.0;9922.0;70725.0
892800;80778.0;9936.0;70842.0
892900;80441.0;9677.0;70764.0
893000;80996.0;10232.0;70764.0
893100;80755.5;9991.5;70764.0
893200;80866.5;10102.5;70764.0
893300;80700.0;9936.0;70764.0
893400;80700.0;9936.0;70764.0
893500;80776.0;9973.0;70803.0
893600;80685.5;9843.5;70842.0
893700;80788.0;9936.0;70852.0
893800;80902.0;9936.0;70966.0
893900;80674.0;9936.0;70738.0
894000;80788.0;9936.0;70852.0
894100;80840.0;9973.0;70867.0
894200;80840.0;9973.0;70867.0
894300;80877.0;10010.0;70867.0
894400;80711.5;9917.5;70794.0
894500;80821.0;9917.5;70903.5
894600;80876.0;9936.0;70940.0
894700;80913.0;9973.0;70940.0
894800;80875.0;9862.0;71013.0
894900;80475.0;9973.0;70502.0
895000;80913.0;9973.0;70940.0
895100;80803.5;9973.0;70830.5
895200;80913.0;9973.0;70940.0
895300;80913.0;9973.0;70940.0
895400;81059.5;10010.0;71049.5
895500;80579.5;9603.0;70976.5
895600;81096.0;10010.0;71086.0
895700;80984.5;9971.5;71013.0
895800;80667.0;10024.0;70643.0
895900;81109.5;10076.5;71033.0
896000;81162.0;10129.0;71033.0
896100;81525.0;10024.0;71501.0
896200;81057.0;10024.0;71033.0
896300;81092.0;10059.0;71033.0
896400;81057.0;10024.0;71033.0
896500;81096.0;10024.0;71072.0
896600;81603.0;10024.0;71579.0
896700;81170.0;10059.0;71111.0
896800;81100.0;9989.0;71111.0
896900;81187.5;10076.5;71111.0
897000;81187.5;10076.5;71111.0
897100;81070.5;10076.5;70994.0
897200;81135.0;10024.0;71111.0
897300;81170.0;10059.0;71111.0
897400;81187.5;10076.5;71111.0
897500;81057.0;10024.0;71033.0
897600;81247.0;10175.0;71072.0
897700;81013.0;9824.0;71189.0
897800;81256.0;10067.0;71189.0
897900;81256.0;10067.0;71189.0
898000;81269.5;10080.5;71189.0
898100;81256.0;10067.0;71189.0
898200;81283.0;10094.0;71189.0
898300;81724.0;10067.0;71657.0
898400;81284.0;10095.0;71189.0
898500;81385.0;10157.0;71228.0
898600;81486.0;10219.0;71267.0
898700;81502.0;10157.0;71345.0
898800;81471.0;10126.0;71345.0
898900;81322.5;10172.5;71150.0
899000;81362.0;10095.0;71267.0
899100;81362.0;10095.0;71267.0
899200;81253.0;10064.0;71189.0
899300;81418.5;10141.5;71277.0
899400;81486.0;10095.0;71391.0
899500;81617.0;10188.0;71429.0
899600;81479.0;10126.0;71353.0
899700;81334.0;10095.0;71239.0
899800;81448.0;10095.0;71353.0
899900;81241.0;10002.0;71239.0
900000;81448.0;10095.0;71353.0
900100;81935.0;10126.0;71809.0
900200;81525.5;10172.5;71353.0
900300;81403.0;10126.0;71277.0
900400;81479.0;10126.0;71353.0
900500;81594.5;10203.5;71391.0
900600;81584.5;10079.5;71505.0
900700;81582.0;10343.0;71239.0
900800;81276.0;9847.0;71429.0
900900;81524.0;10095.0;71429.0
901000;81866.0;10095.0;71771.0
901100;81410.0;10095.0;71315.0
901200;81555.0;10126.0;71429.0
901300;81524.0;10095.0;71429.0
901400;81866.0;10095.0;71771.0
901500;81639.5;10172.5;71467.0
901600;81631.0;10126.0;71505.0
901700;81634.5;10129.5;71505.0
901800;81618.0;10113.0;71505.0
901900;81666.0;10047.0;71619.0
902000;81522.0;10131.0;71391.0
902100;81722.0;10103.0;71619.0
902200;81694.0;10075.0;71619.0
902300;81608.0;10103.0;71505.0
902400;81950.0;10103.0;71847.0
902500;81632.0;10089.0;71543.0
902600;81214.0;10089.0;71125.0
902700;82170.0;10133.0;72037.0
902800;81258.0;10133.0;71125.0
902900;82398.0;10133.0;72265.0
903000;81714.0;10133.0;71581.0
903100;81762.0;10181.0;71581.0
903200;81714.0;10133.0;71581.0
903300;81624.0;10101.0;71523.0
903400;81821.5;10101.0;71720.5
903500;81322.0;10115.0;71207.0
903600;81796.0;10115.0;71681.0
903700;81796.0;10115.0;71681.0
903800;81796.0;10115.0;71681.0
903900;81914.5;10115.0;71799.5
904000;81796.0;10115.0;71681.0
904100;81656.5;10081.0;71575.5
904200;81772.0;10081.0;71691.0
904300;81840.0;10149.0;71691.0
904400;81378.0;10149.0;71229.0
904500;81572.5;9843.0;71729.5
904600;-258185.0;-329953.0;71768.0
904700;81917.0;10149.0;71768.0
904800;81883.0;10115.0;71768.0
904900;81883.0;10115.0;71768.0
905000;81998.5;10115.0;71883.5
905100;81883.0;10115.0;71768.0
905200;81896.5;10013.0;71883.5
905300;81900.0;10132.0;71768.0
905400;81645.0;9877.0;71768.0
905500;81955.5;10149.0;71806.5
905600;81994.0;10149.0;71845.0
905700;81994.0;10149.0;71845.0
905800;82078.0;10156.0;71922.0
905900;82001.0;10156.0;71845.0
906000;82148.0;9841.0;72307.0
906100;81939.0;10094.0;71845.0
906200;82648.0;10110.0;72538.0
906300;82134.5;10174.0;71960.5
906400;81955.0;10110.0;71845.0
906500;82025.5;10142.0;71883.5
906600;81808.0;9886.0;71922.0
906700;82542.0;10158.0;72384.0
906800;82526.0;10142.0;72384.0
906900;82064.0;10142.0;71922.0
907000;81554.0;10094.0;71460.0
907100;82064.0;10142.0;71922.0
907200;82211.5;10174.0;72037.5
907300;82032.0;10110.0;71922.0
907400;82000.0;10078.0;71922.0
907500;82063.5;10094.0;71969.5
907600;81699.0;10142.0;71557.0
907700;82149.0;10142.0;72007.0
907800;82036.5;10142.0;71894.5
907900;82213.5;10094.0;72119.5
908000;82486.5;10142.0;72344.5
908100;82085.0;10078.0;72007.0
908200;82261.5;10142.0;72119.5
908300;82037.0;10030.0;72007.0
908400;82181.0;10174.0;72007.0
908500;82186.5;10142.0;72044.5
908600;82256.0;10174.0;72082.0
908700;82304.0;10222.0;72082.0
908800;82143.5;10174.0;71969.5
908900;82160.0;10078.0;72082.0
909000;82192.0;10110.0;72082.0
909100;82095.5;10126.0;71969.5
909200;82080.0;9998.0;72082.0
909300;82117.0;10110.0;72007.0
909400;82117.0;10110.0;72007.0
909500;82229.5;10110.0;72119.5
909600;82299.0;10142.0;72157.0
909700;82299.0;10142.0;72157.0
909800;82299.0;10142.0;72157.0
909900;82299.0;10142.0;72157.0
910000;82251.0;10094.0;72157.0
910100;81817.0;10110.0;71707.0
910200;81919.0;10142.0;71777.0
910300;82319.0;10142.0;72177.0
910400;82319.0;10142.0;72177.0
910500;82391.0;10174.0;72217.0
910600;82427.0;10170.0;72257.0
910700;82427.0;10170.0;72257.0
910800;82427.0;10170.0;72257.0
910900;82427.0;10170.0;72257.0
911000;82547.0;10170.0;72377.0
911100;82427.0;10170.0;72257.0
911200;82427.0;10170.0;72257.0
911300;82481.0;10224.0;72257.0
911400;82067.0;10170.0;71897.0
911500;82623.0;10206.0;72417.0
911600;82587.0;10170.0;72417.0
911700;82623.0;10206.0;72417.0
911800;82507.0;10170.0;72337.0
911900;82759.0;10422.0;72337.0
912000;82525.0;10188.0;72337.0
912100;82435.0;10098.0;72337.0
912200;82471.0;10134.0;72337.0
912300;82471.0;10134.0;72337.0
912400;82355.0;10098.0;72257.0
912500;82391.0;10134.0;72257.0
912600;82551.0;10134.0;72417.0
912700;82475.0;10098.0;72377.0
912800;82467.0;10170.0;72297.0
912900;82899.0;10134.0;72765.0
913000;81855.0;9846.0;72009.0
913100;82827.0;10386.0;72441.0
913200;82539.0;10098.0;72441.0
913300;82647.0;10098.0;72549.0
913400;82971.0;10422.0;72549.0
913500;82665.0;10188.0;72477.0
913600;82593.0;10080.0;72513.0
913700;82719.0;10134.0;72585.0
913800;82719.0;10134.0;72585.0
913900;83043.0;10098.0;72945.0
914000;82665.0;10152.0;72513.0
914100;82647.0;10134.0;72513.0
914200;82521.0;10008.0;72513.0
914300;82661.0;10148.0;72513.0
914400;82604.0;10091.0;72513.0
914500;82792.0;10243.0;72549.0
914600;82543.0;9958.0;72585.0
914700;82733.0;10148.0;72585.0
914800;83000.0;10091.0;72909.0
914900;82695.0;10110.0;72585.0
915000;82733.0;10148.0;72585.0
915100;82861.0;9844.0;73017.0
915200;82733.0;10148.0;72585.0
915300;82733.0;10148.0;72585.0
915400;82407.0;9882.0;72525.0
915500;82784.0;10148.0;72636.0
915600;82821.0;10148.0;72673.0
915700;83413.0;10148.0;73265.0
915800;82821.0;10148.0;72673.0
915900;82707.0;10034.0;72673.0
916000;82802.0;10129.0;72673.0
916100;82710.0;10148.0;72562.0
916200;82783.0;10110.0;72673.0
916300;83154.0;10148.0;73006.0
916400;82804.0;10205.0;72599.0
916500;82747.0;10148.0;72599.0
916600;83009.0;10262.0;72747.0
916700;82822.0;10186.0;72636.0
916800;83266.0;10186.0;73080.0
916900;83044.0;10186.0;72858.0
917000;82933.0;10186.0;72747.0
917100;82784.0;10148.0;72636.0
917200;82451.0;10148.0;72303.0
917300;82933.0;10186.0;72747.0
917400;83391.0;10200.0;73191.0
917500;82964.0;10180.0;72784.0
917600;83021.0;10200.0;72821.0
917700;83021.0;10200.0;72821.0
917800;83394.0;10240.0;73154.0
917900;83021.0;10200.0;72821.0
918000;82701.0;9880.0;72821.0
918100;83001.0;10180.0;72821.0
918200;83061.0;10240.0;72821.0
918300;83727.0;10240.0;73487.0
918400;82987.0;10240.0;72747.0
918500;83349.0;10380.0;72969.0
918600;83135.0;10240.0;72895.0
918700;83135.0;10240.0;72895.0
918800;83249.0;10280.0;72969.0
918900;83115.0;10220.0;72895.0
919000;83115.0;10220.0;72895.0
919100;83175.0;10280.0;72895.0
919200;83175.0;10280.0;72895.0
919300;83055.0;10160.0;72895.0
919400;83175.0;10280.0;72895.0
919500;83272.0;10340.0;72932.0
919600;83249.0;10280.0;72969.0
919700;83249.0;10280.0;72969.0
919800;83209.0;10240.0;72969.0
919900;83209.0;10240.0;72969.0
920000;83000.0;9920.0;73080.0
920100;82818.0;9960.0;72858.0
920200;83109.0;10140.0;72969.0
920300;83289.0;10320.0;72969.0
920400;83360.0;10280.0;73080.0
920500;83426.0;10420.0;73006.0
920600;83323.0;10280.0;73043.0
920700;83263.0;10220.0;73043.0
920800;83363.0;10320.0;73043.0
920900;83283.0;10240.0;73043.0
921000;83323.0;10280.0;73043.0
921100;82977.0;10045.0;72932.0
921200;83341.0;10298.0;73043.0
921300;83341.0;10298.0;73043.0
921400;83295.0;10252.0;73043.0
921500;83378.0;10298.0;73080.0
921600;82971.0;10298.0;72673.0
921700;83369.0;10252.0;73117.0
921800;83656.0;10206.0;73450.0
921900;83369.0;10252.0;73117.0
922000;83323.0;10206.0;73117.0
922100;83277.0;10160.0;73117.0
922200;83300.0;10183.0;73117.0
922300;83369.0;10252.0;73117.0
922400;83249.0;10206.0;73043.0
922500;83471.0;10206.0;73265.0
922600;83397.0;10206.0;73191.0
922700;83443.0;10252.0;73191.0
922800;83332.0;10252.0;73080.0
922900;83489.0;10298.0;73191.0
923000;83489.0;10298.0;73191.0
923100;83443.0;10252.0;73191.0
923200;83558.0;10367.0;73191.0
923300;83351.0;10160.0;73191.0
923400;83558.0;10367.0;73191.0
923500;83637.0;10298.0;73339.0
923600;83563.0;10298.0;73265.0
923700;83544.0;10390.0;73154.0
923800;83563.0;10298.0;73265.0
923900;83452.0;10298.0;73154.0
924000;83452.0;10298.0;73154.0
924100;82751.0;9930.0;72821.0
924200;83558.0;10367.0;73191.0
924300;83578.0;10298.0;73280.0
924400;83578.0;10298.0;73280.0
924500;83267.0;10298.0;72969.0
924600;83561.0;10312.0;73249.0
924700;83561.0;10312.0;73249.0
924800;83729.0;10360.0;73369.0
924900;83801.0;10312.0;73489.0
925000;83681.0;10312.0;73369.0
925100;83633.0;10264.0;73369.0
925200;83457.0;9928.0;73529.0
925300;83729.0;10360.0;73369.0
925400;83649.0;10360.0;73289.0
925500;83329.0;10360.0;72969.0
925600;83617.0;10288.0;73329.0
925700;83881.0;10432.0;73449.0
925800;83809.0;10360.0;73449.0
925900;83689.0;10360.0;73329.0
926000;83641.0;10312.0;73329.0
926100;83665.0;10336.0;73329.0
926200;83977.0;10408.0;73569.0
926300;84175.5;10606.5;73569.0
926400;83969.5;10520.5;73449.0
926500;83966.5;10477.5;73489.0
926600;83966.5;10477.5;73489.0
926700;84028.0;10499.0;73529.0
926800;84465.0;10456.0;74009.0
926900;83419.0;10370.0;73049.0
927000;83555.0;10026.0;73529.0
927100;83899.0;10370.0;73529.0
927200;83899.0;10370.0;73529.0
927300;84286.0;10757.0;73529.0
927400;84062.0;10413.0;73649.0
927500;84210.0;10327.0;73883.0
927600;84030.0;10413.0;73617.0
927700;83775.5;10348.5;73427.0
927800;84051.5;10434.5;73617.0
927900;84101.0;10370.0;73731.0
928000;83980.5;10477.5;73503.0
928100;84331.0;10714.0;73617.0
928200;83987.0;10370.0;73617.0
928300;83987.0;10370.0;73617.0
928400;84030.0;10413.0;73617.0
928500;84068.0;10413.0;73655.0
928600;84041.5;10348.5;73693.0
928700;84106.0;10413.0;73693.0
928800;83676.0;9983.0;73693.0
928900;84106.0;10413.0;73693.0
929000;84106.0;10413.0;73693.0
929100;84106.0;10413.0;73693.0
929200;84106.0;10413.0;73693.0
929300;84106.0;10413.0;73693.0
929400;83729.0;10112.0;73617.0
929500;84187.0;10456.0;73731.0
929600;84225.0;10456.0;73769.0
929700;84268.0;10499.0;73769.0
929800;84225.0;10456.0;73769.0
929900;83726.0;10413.0;73313.0
930000;84182.0;10413.0;73769.0
930100;84182.0;10413.0;73769.0
930200;84268.0;10499.0;73769.0
930300;83726.0;10413.0;73313.0
930400;84681.0;10456.0;74225.0
930500;84263.0;10456.0;73807.0
930600;83866.5;10477.5;73389.0
930700;83914.0;10069.0;73845.0
930800;84258.0;10413.0;73845.0
930900;84258.0;10413.0;73845.0
931000;84258.0;10413.0;73845.0
931100;84258.0;10413.0;73845.0
931200;84258.0;10413.0;73845.0
931300;84243.0;10398.0;73845.0
931400;84282.0;10437.0;73845.0
931500;84281.0;10398.0;73883.0
931600;84319.0;10398.0;73921.0
931700;84395.0;10398.0;73997.0
931800;83863.0;10398.0;73465.0
931900;84700.0;10437.0;74263.0
932000;84358.0;10437.0;73921.0
932100;84397.0;10476.0;73921.0
932200;84013.0;10476.0;73537.0
932300;84354.5;10417.5;73937.0
932400;84374.0;10437.0;73937.0
932500;84432.5;10455.5;73977.0
932600;84331.0;10434.0;73897.0
932700;84451.0;10434.0;74017.0
932800;84300.5;10283.5;74017.0
932900;84107.0;10090.0;74017.0
933000;84601.5;10584.5;74017.0
933100;84451.0;10434.0;74017.0
933200;84451.0;10434.0;74017.0
933300;84515.5;10498.5;74017.0
933400;84795.0;10778.0;74017.0
933500;84519.0;10462.0;74057.0
933600;84580.5;10403.5;74177.0
933700;84849.0;10444.0;74405.0
933800;84553.0;10444.0;74109.0
933900;84442.0;10444.0;73998.0
934000;84563.0;10444.0;74119.0
934100;84563.0;10444.0;74119.0
934200;84485.0;10480.0;74005.0
934300;84523.0;10480.0;74043.0
934400;84563.0;10444.0;74119.0
934500;84601.0;10444.0;74157.0
934600;84639.0;10444.0;74195.0
934700;84540.5;10269.5;74271.0
934800;84306.0;10495.0;73811.0
934900;84665.0;10454.0;74211.0
935000;84706.0;10495.0;74211.0
935100;84867.0;10536.0;74331.0
935200;84267.0;10536.0;73731.0
935300;84908.0;10577.0;74331.0
935400;84747.0;10536.0;74211.0
935500;84828.0;10577.0;74251.0
935600;85182.0;10577.0;74605.0
935700;84915.0;10618.0;74297.0
935800;84792.0;10495.0;74297.0
935900;84792.0;10495.0;74297.0
936000;84676.5;10495.0;74181.5
936100;84831.5;10534.5;74297.0
936200;85269.5;10857.0;74412.5
936300;84853.0;10556.0;74297.0
936400;84968.5;10556.0;74412.5
936500;84999.0;10663.5;74335.5
936600;84844.0;10470.0;74374.0
936700;84951.5;10577.5;74374.0
936800;85231.0;10857.0;74374.0
936900;84403.5;10491.5;73912.0
937000;84930.0;10556.0;74374.0
937100;84844.0;10470.0;74374.0
937200;84930.0;10556.0;74374.0
937300;84629.0;10255.0;74374.0
937400;84887.0;10513.0;74374.0
937500;84357.0;10599.0;73758.0
937600;84770.5;10319.5;74451.0
937700;85469.0;10556.0;74913.0
937800;84459.0;10470.0;73989.0
937900;85028.5;10577.5;74451.0
938000;85195.0;10513.0;74682.0
938100;85079.5;10513.0;74566.5
938200;85007.0;10556.0;74451.0
938300;85007.0;10556.0;74451.0
938400;84629.0;10255.0;74374.0
938500;85110.0;10620.5;74489.5
938600;85062.5;10534.5;74528.0
938700;85127.0;10599.0;74528.0
938800;85170.0;10642.0;74528.0
938900;85170.0;10642.0;74528.0
939000;85170.0;10642.0;74528.0
939100;85170.0;10642.0;74528.0
939200;85170.0;10642.0;74528.0
939300;85170.0;10642.0;74528.0
939400;85863.0;10642.0;75221.0
939500;84837.5;10620.5;74217.0
939600;84736.0;10599.0;74137.0
939700;85259.0;10642.0;74617.0
939800;85173.0;10556.0;74617.0
939900;84872.0;10255.0;74617.0
940000;85216.0;10599.0;74617.0
940100;84771.0;10634.0;74137.0
940200;85131.0;10634.0;74497.0
940300;85323.0;10706.0;74617.0
940400;85371.0;10754.0;74617.0
940500;85411.0;10634.0;74777.0
940600;85428.5;10731.5;74697.0
940700;85381.0;10604.0;74777.0
940800;85370.0;10553.0;74817.0
940900;85301.0;10604.0;74697.0
941000;85301.0;10604.0;74697.0
941100;85709.0;11012.0;74697.0
941200;85181.0;10604.0;74577.0
941300;85461.0;10604.0;74857.0
941400;85275.5;10578.5;74697.0
941500;85698.0;10961.0;74737.0
941600;85543.0;10686.0;74857.0
941700;85392.5;10615.5;74777.0
941800;85272.5;10615.5;74657.0
941900;85322.0;10545.0;74777.0
942000;84889.0;10592.0;74297.0
942100;85322.0;10545.0;74777.0
942200;85202.0;10545.0;74657.0
942300;85322.0;10545.0;74777.0
942400;85369.0;10592.0;74777.0
942500;85482.0;10545.0;74937.0
942600;85449.0;10592.0;74857.0
942700;85496.0;10639.0;74857.0
942800;85425.5;10568.5;74857.0
942900;85073.0;10216.0;74857.0
943000;85519.5;10662.5;74857.0
943100;85517.0;10660.0;74857.0
943200;85467.0;10610.0;74857.0
943300;85542.0;10685.0;74857.0
943400;85542.0;10685.0;74857.0
943500;85507.0;10610.0;74897.0
943600;85682.0;10745.0;74937.0
943700;85588.0;10651.0;74937.0
943800;85541.0;10604.0;74937.0
943900;85400.0;10463.0;74937.0
944000;85541.0;10604.0;74937.0
944100;85892.0;10604.0;75288.0
944200;85606.0;10651.0;74955.0
944300;85606.0;10651.0;74955.0
944400;85676.5;10721.5;74955.0
944500;85596.0;10604.0;74992.0
944600;85037.5;10674.5;74363.0
944700;85260.0;10604.0;74656.0
944800;85972.0;10815.5;75156.5
944900;85645.0;10604.0;75041.0
945000;86021.0;10980.0;75041.0
945100;85762.5;10721.5;75041.0
945200;85257.0;10604.0;74653.0
945300;85657.0;10604.0;75053.0
945400;85657.0;10604.0;75053.0
945500;85697.0;10604.0;75093.0
945600;85737.0;10604.0;75133.0
945700;85737.0;10604.0;75133.0
945800;85737.0;10604.0;75133.0
945900;86217.0;10604.0;75613.0
946000;85631.0;10618.0;75013.0
946100;85751.0;10618.0;75133.0
946200;85751.0;10618.0;75133.0
946300;85751.0;10618.0;75133.0
946400;85751.0;10618.0;75133.0
946500;85742.0;10569.0;75173.0
946600;85390.0;10177.0;75213.0
946700;85935.5;10642.5;75293.0
946800;85522.5;10789.5;74733.0
946900;85637.5;10544.5;75093.0
947000;85831.0;10618.0;75213.0
947100;86213.0;10520.0;75693.0
947200;85831.0;10618.0;75213.0
947300;85926.5;10593.5;75333.0
947400;86122.5;10789.5;75333.0
947500;85702.0;10569.0;75133.0
947600;85690.5;10397.5;75293.0
947700;85592.5;10299.5;75293.0
947800;85911.0;10618.0;75293.0
947900;85453.0;10640.0;74813.0
948000;86175.0;10882.0;75293.0
948100;85889.0;10596.0;75293.0
948200;85867.0;10574.0;75293.0
948300;85845.0;10552.0;75293.0
948400;85867.0;10574.0;75293.0
948500;85743.0;10530.0;75213.0
948600;86383.0;10530.0;75853.0
948700;86013.0;10640.0;75373.0
948800;85903.0;10530.0;75373.0
948900;85071.0;10178.0;74893.0
949000;85859.0;10486.0;75373.0
949100;85739.0;10486.0;75253.0
949200;85859.0;10486.0;75373.0
949300;85991.0;10618.0;75373.0
949400;85903.0;10530.0;75373.0
949500;85987.0;10574.0;75413.0
949600;86419.0;10486.0;75933.0
949700;85459.0;10486.0;74973.0
949800;85939.0;10486.0;75453.0
949900;86331.0;10398.0;75933.0
950000;85851.0;10398.0;75453.0
950100;85983.0;10530.0;75453.0
950200;85779.0;10486.0;75293.0
950300;85939.0;10486.0;75453.0
950400;86059.0;10486.0;75573.0
950500;86419.0;10486.0;75933.0
950600;86019.0;10486.0;75533.0
950700;86019.0;10486.0;75533.0
950800;86019.0;10486.0;75533.0
950900;85997.0;10464.0;75533.0
951000;85887.0;10354.0;75533.0
951100;86019.0;10486.0;75533.0
951200;86063.0;10530.0;75533.0
951300;86520.0;10507.0;76013.0
951400;86087.0;10554.0;75533.0
951500;86080.0;10507.0;75573.0
951600;86390.0;10977.0;75413.0
951700;86073.0;10460.0;75613.0
951800;86120.0;10507.0;75613.0
951900;86120.0;10507.0;75613.0
952000;86073.0;10460.0;75613.0
952100;87070.0;10977.0;76093.0
952200;86073.0;10460.0;75613.0
952300;86120.0;10507.0;75613.0
952400;86240.0;10507.0;75733.0
952500;85706.0;10413.0;75293.0
952600;86106.0;10413.0;75693.0
952700;86139.0;10366.0;75773.0
952800;86106.0;10413.0;75693.0
952900;86106.0;10413.0;75693.0
953000;86106.0;10413.0;75693.0
953100;86059.0;10366.0;75693.0
953200;85386.0;10413.0;74973.0
953300;86106.0;10413.0;75693.0
953400;85932.0;10319.0;75613.0
953500;86146.0;10413.0;75733.0
953600;85706.0;10413.0;75293.0
953700;86186.0;10413.0;75773.0
953800;86233.0;10460.0;75773.0
953900;86186.0;10413.0;75773.0
954000;86186.0;10413.0;75773.0
954100;86186.0;10413.0;75773.0
954200;86186.0;10413.0;75773.0
954300;86233.0;10460.0;75773.0
954400;85636.0;9943.0;75693.0
954500;86004.5;10191.5;75813.0
954600;86682.0;10829.0;75853.0
954700;86095.5;10242.5;75853.0
954800;86230.5;10497.5;75733.0
954900;85819.5;10446.5;75373.0
955000;86274.0;10421.0;75853.0
955100;86325.0;10472.0;75853.0
955200;85743.0;10370.0;75373.0
955300;86223.0;10370.0;75853.0
955400;86274.0;10421.0;75853.0
955500;86263.0;10370.0;75893.0
955600;86252.0;10319.0;75933.0
955700;86328.5;10395.5;75933.0
955800;86783.0;10370.0;76413.0
955900;86303.0;10370.0;75933.0
956000;86226.5;10293.5;75933.0
956100;86354.0;10421.0;75933.0
956200;86354.0;10301.0;76053.0
956300;86282.0;10349.0;75933.0
956400;86154.0;10301.0;75853.0
956500;86322.0;10349.0;75973.0
956600;86362.0;10349.0;76013.0
956700;86314.0;10301.0;76013.0
956800;86074.0;10061.0;76013.0
956900;86314.0;10301.0;76013.0
957000;86386.0;10253.0;76133.0
957100;86314.0;10301.0;76013.0
957200;86266.0;10253.0;76013.0
957300;86314.0;10301.0;76013.0
957400;86328.0;10315.0;76013.0
957500;86414.0;10361.0;76053.0
957600;86288.0;10315.0;75973.0
957700;86316.0;10223.0;76093.0
957800;86242.0;10269.0;75973.0
957900;86362.0;10269.0;76093.0
958000;86316.0;10223.0;76093.0
958100;86362.0;10269.0;76093.0
958200;86362.0;10269.0;76093.0
958300;86282.0;10269.0;76013.0
958400;86328.0;10315.0;76013.0
958500;86540.0;10407.0;76133.0
958600;86442.0;10269.0;76173.0
958700;86322.0;10269.0;76053.0
958800;86419.0;10246.0;76173.0
958900;86488.0;10315.0;76173.0
959000;86368.0;10315.0;76053.0
959100;86442.0;10269.0;76173.0
959200;86488.0;10315.0;76173.0
959300;87083.0;10430.0;76653.0
959400;86502.0;10329.0;76173.0
959500;86542.0;10329.0;76213.0
959600;86648.0;10395.0;76253.0
959700;86582.0;10329.0;76253.0
959800;86230.0;9977.0;76253.0
959900;86374.0;10241.0;76133.0
960000;86462.0;10329.0;76133.0
960100;86538.0;10285.0;76253.0
960200;86439.0;10306.0;76133.0
960300;86606.0;10353.0;76253.0
960400;86479.0;10306.0;76173.0
960500;86646.0;10353.0;76293.0
960600;86742.5;10329.5;76413.0
960700;86766.0;10353.0;76413.0
960800;86686.0;10353.0;76333.0
960900;86310.0;9977.0;76333.0
961000;86639.0;10306.0;76333.0
961100;86615.5;10282.5;76333.0
961200;86639.0;10306.0;76333.0
961300;86806.0;10353.0;76453.0
961400;86686.0;10353.0;76333.0
961500;86726.0;10353.0;76373.0
961600;86766.0;10353.0;76413.0
961700;86693.0;10400.0;76293.0
961800;86813.0;10400.0;76413.0
961900;86886.0;10353.0;76533.0
962000;86886.0;10353.0;76533.0
962100;86599.0;10306.0;76293.0
962200;86886.0;10353.0;76533.0
962300;86686.0;10353.0;76333.0
962400;86766.0;10353.0;76413.0
962500;86876.5;10423.5;76453.0
962600;86726.0;10353.0;76373.0
962700;86846.0;10353.0;76493.0
962800;86693.0;10400.0;76293.0
962900;87222.0;10729.0;76493.0
963000;86846.0;10353.0;76493.0
963100;87060.0;10447.0;76613.0
963200;86776.0;10283.0;76493.0
963300;86740.0;10327.0;76413.0
963400;86798.0;10305.0;76493.0
963500;86860.0;10327.0;76533.0
963600;86900.0;10327.0;76573.0
963700;86834.0;10261.0;76573.0
963800;86348.0;9975.0;76373.0
963900;86780.0;10327.0;76453.0
964000;86900.0;10327.0;76573.0
964100;86856.0;10283.0;76573.0
964200;86856.0;10283.0;76573.0
964300;86790.0;10217.0;76573.0
964400;86900.0;10327.0;76573.0
964500;86896.0;10283.0;76613.0
964600;86980.0;10327.0;76653.0
964700;87016.0;10283.0;76733.0
964800;87373.0;10720.0;76653.0
964900;86963.0;10310.0;76653.0
965000;86799.0;10146.0;76653.0
965100;86922.0;10269.0;76653.0
965200;86881.0;10228.0;76653.0
965300;86635.0;9982.0;76653.0
965400;86963.0;10310.0;76653.0
965500;87023.5;10330.5;76693.0
965600;87330.0;10597.0;76733.0
965700;87002.0;10269.0;76733.0
965800;86674.0;9941.0;76733.0
965900;86882.0;10269.0;76613.0
966000;87023.0;10290.0;76733.0
966100;87023.0;10290.0;76733.0
966200;87067.0;10334.0;76733.0
966300;86943.0;10290.0;76653.0
966400;86979.0;10246.0;76733.0
966500;87063.0;10290.0;76773.0
966600;87103.0;10290.0;76813.0
966700;86751.0;9938.0;76813.0
966800;87169.0;10356.0;76813.0
966900;87103.0;10290.0;76813.0
967000;86695.0;10362.0;76333.0
967100;87135.0;10322.0;76813.0
967200;87175.0;10362.0;76813.0
967300;87015.0;10202.0;76813.0
967400;87135.0;10322.0;76813.0
967500;86535.0;10362.0;76173.0
967600;87255.0;10362.0;76893.0
967700;87535.0;10762.0;76773.0
967800;87255.0;10362.0;76893.0
967900;87255.0;10362.0;76893.0
968000;87155.0;10262.0;76893.0
968100;87175.0;10402.0;76773.0
968200;87255.0;10362.0;76893.0
968300;86815.0;10402.0;76413.0
968400;87815.0;10442.0;77373.0
968500;87375.0;10442.0;76933.0
968600;87415.0;10442.0;76973.0
968700;87735.0;10762.0;76973.0
968800;87791.0;10362.0;77429.0
968900;87339.0;10342.0;76997.0
969000;87831.0;10402.0;77429.0
969100;87831.0;10402.0;77429.0
969200;87339.0;10342.0;76997.0
969300;87007.0;10082.0;76925.0
969400;87399.0;10402.0;76997.0
969500;88047.0;10402.0;77645.0
969600;87471.0;10402.0;77069.0
969700;87583.0;10442.0;77141.0
969800;87511.0;10442.0;77069.0
969900;87431.0;10362.0;77069.0
970000;87471.0;10402.0;77069.0
970100;87751.0;10682.0;77069.0
970200;87431.0;10362.0;77069.0
970300;87467.0;10362.0;77105.0
970400;87327.0;10402.0;76925.0
970500;88079.0;10362.0;77717.0
970600;87435.0;10402.0;77033.0
970700;87543.0;10402.0;77141.0
970800;87111.0;10402.0;76709.0
970900;87075.0;10042.0;77033.0
971000;87435.0;10402.0;77033.0
971100;87503.0;10362.0;77141.0
971200;87463.0;10322.0;77141.0
971300;87423.0;10282.0;77141.0
971400;87143.0;10002.0;77141.0
971500;87439.0;10262.0;77177.0
971600;87535.0;10322.0;77213.0
971700;87215.0;10002.0;77213.0
971800;87575.0;10362.0;77213.0
971900;88007.0;10362.0;77645.0
972000;87535.0;10322.0;77213.0
972100;87927.0;10282.0;77645.0
972200;87643.0;10322.0;77321.0
972300;87823.0;10502.0;77321.0
972400;87595.0;10382.0;77213.0
972500;87771.0;10522.0;77249.0
972600;87607.0;10322.0;77285.0
972700;87999.0;10282.0;77717.0
972800;87627.0;10342.0;77285.0
972900;87439.0;10262.0;77177.0
973000;87215.0;10362.0;76853.0
973100;87999.0;10282.0;77717.0
973200;87895.0;9962.0;77933.0
973300;87675.0;10282.0;77393.0
973400;87595.0;10310.0;77285.0
973500;88243.0;10310.0;77933.0
973600;87667.0;10310.0;77357.0
973700;87609.5;10252.5;77357.0
973800;87674.0;10317.0;77357.0
973900;88106.0;10317.0;77789.0
974000;87523.0;10274.0;77249.0
974100;87370.0;10661.0;76709.0
974200;87674.0;10317.0;77357.0
974300;87674.0;10317.0;77357.0
974400;87674.0;10317.0;77357.0
974500;87710.0;10317.0;77393.0
974600;87746.0;10317.0;77429.0
974700;87746.0;10317.0;77429.0
974800;87746.0;10317.0;77429.0
974900;87767.0;10338.0;77429.0
975000;87698.0;10269.0;77429.0
975100;87767.0;10338.0;77429.0
975200;87767.0;10338.0;77429.0
975300;87767.0;10338.0;77429.0
975400;88415.0;10338.0;78077.0
975500;87849.0;10384.0;77465.0
975600;87839.0;10338.0;77501.0
975700;87662.0;10269.0;77393.0
975800;87793.0;10292.0;77501.0
975900;87472.0;10338.0;77134.0
976000;87416.0;10361.0;77055.0
976100;87821.0;10292.0;77529.0
976200;87633.5;10223.0;77410.5
976300;87906.5;10338.0;77568.5
976400;87949.0;10499.0;77450.0
976500;87881.5;10313.0;77568.5
976600;87921.0;10313.0;77608.0
976700;87753.5;10264.0;77489.5
976800;87872.0;10264.0;77608.0
976900;87921.0;10313.0;77608.0
977000;87970.0;10362.0;77608.0
977100;87830.5;10341.0;77489.5
977200;87904.0;10296.0;77608.0
977300;87971.5;10363.5;77608.0
977400;87904.0;10296.0;77608.0
977500;88056.0;10408.5;77647.5
977600;88028.0;10341.0;77687.0
977700;87915.5;10228.5;77687.0
977800;88208.0;10521.0;77687.0
977900;87983.0;10296.0;77687.0
978000;87938.0;10251.0;77687.0
978100;87848.0;10161.0;77687.0
978200;87983.0;10296.0;77687.0
978300;87983.0;10296.0;77687.0
978400;87673.0;9986.0;77687.0
978500;88042.5;10316.0;77726.5
978600;87686.0;10316.0;77370.0
978700;88086.0;10316.0;77770.0
978800;88031.0;10261.0;77770.0
978900;87735.0;9965.0;77770.0
979000;88045.0;10275.0;77770.0
979100;87983.0;10213.0;77770.0
979200;87983.0;10213.0;77770.0
979300;88138.0;10368.0;77770.0
979400;87983.0;10213.0;77770.0
979500;87219.0;10089.0;77130.0
979600;88094.0;10244.0;77850.0
979700;87943.0;10213.0;77730.0
979800;88183.0;10213.0;77970.0
979900;88125.0;10275.0;77850.0
980000;89000.0;10430.0;78570.0
980100;88187.0;10337.0;77850.0
980200;88125.0;10275.0;77850.0
980300;88667.0;10337.0;78330.0
980400;88169.0;10399.0;77770.0
980500;88227.0;10337.0;77890.0
980600;-790213.0;10337.0;-800550.0
980700;88205.0;10275.0;77930.0
980800;88191.0;10261.0;77930.0
980900;88401.0;10471.0;77930.0
981000;88221.0;10291.0;77930.0
981100;88281.0;10351.0;77930.0
981200;88161.0;10351.0;77810.0
981300;88341.0;10291.0;78050.0
981400;88491.0;10561.0;77930.0
981500;88261.0;10291.0;77970.0
981600;88301.0;10291.0;78010.0
981700;88151.0;10261.0;77890.0
981800;88161.0;10351.0;77810.0
981900;88656.5;10291.0;78365.5
982000;88250.0;10231.0;78019.0
982100;88310.0;10291.0;78019.0
982200;88250.0;10231.0;78019.0
982300;88310.0;10291.0;78019.0
982400;88490.0;10471.0;78019.0
982500;88348.5;10291.0;78057.5
982600;88338.0;10351.0;77987.0
982700;88395.0;10291.0;78104.0
982800;88395.0;10291.0;78104.0
982900;88758.0;10771.0;77987.0
983000;88395.0;10291.0;78104.0
983100;88185.0;10081.0;78104.0
983200;88185.0;10081.0;78104.0
983300;88287.0;10261.0;78026.0
983400;88395.0;10291.0;78104.0
983500;88005.0;10291.0;77714.0
983600;88551.0;10291.0;78260.0
983700;88533.0;10351.0;78182.0
983800;88593.0;10411.0;78182.0
983900;88476.0;10411.0;78065.0
984000;88476.0;10411.0;78065.0
984100;88593.0;10411.0;78182.0
984200;88476.0;10411.0;78065.0
984300;88593.0;10411.0;78182.0
984400;88515.0;10411.0;78104.0
984500;88605.0;10501.0;78104.0
984600;88554.0;10411.0;78143.0
984700;88749.0;10411.0;78338.0
984800;88671.0;10411.0;78260.0
984900;88581.0;10321.0;78260.0
985000;88611.0;10351.0;78260.0
985100;88683.0;10891.0;77792.0
985200;88788.0;10411.0;78377.0
985300;88611.0;10351.0;78260.0
985400;88728.0;10351.0;78377.0
985500;89079.0;10351.0;78728.0
985600;88767.0;10351.0;78416.0
985700;88689.0;10351.0;78338.0
985800;88866.0;10411.0;78455.0
985900;89217.0;10411.0;78806.0
986000;89481.0;10441.0;79040.0
986100;88689.0;10351.0;78338.0
986200;88689.0;10351.0;78338.0
986300;88689.0;10351.0;78338.0
986400;88479.0;10141.0;78338.0
986500;89091.0;10831.0;78260.0
986600;88857.0;10441.0;78416.0
986700;88620.0;10321.0;78299.0
986800;88827.0;10411.0;78416.0
986900;88827.0;10411.0;78416.0
987000;88857.0;10441.0;78416.0
987100;89190.0;10891.0;78299.0
987200;88710.0;10411.0;78299.0
987300;88827.0;10411.0;78416.0
987400;88827.0;10411.0;78416.0
987500;88866.0;10411.0;78455.0
987600;88905.0;10411.0;78494.0
987700;88788.0;10411.0;78377.0
987800;89055.0;10561.0;78494.0
987900;88728.0;10351.0;78377.0
988000;88741.0;10247.0;78494.0
988100;88593.0;10216.0;78377.0
988200;89271.0;10309.0;78962.0
988300;88245.0;9751.0;78494.0
988400;88741.0;10247.0;78494.0
988500;88566.0;9916.0;78650.0
988600;88833.0;10261.0;78572.0
988700;88876.5;10226.5;78650.0
988800;88902.0;10330.0;78572.0
988900;89157.0;10468.0;78689.0
989000;88950.0;10261.0;78689.0
989100;88729.0;10261.0;78468.0
989200;88849.0;10261.0;78588.0
989300;88400.0;9892.0;78508.0
989400;88939.0;10431.0;78508.0
989500;88986.5;10238.5;78748.0
989600;88902.0;10354.0;78548.0
989700;89099.0;10431.0;78668.0
989800;88945.0;10277.0;78668.0
989900;88945.0;10277.0;78668.0
990000;88671.0;9883.0;78788.0
990100;88951.0;10283.0;78668.0
990200;88951.0;10283.0;78668.0
990300;88991.0;10323.0;78668.0
990400;88831.0;10243.0;78588.0
990500;88711.0;10003.0;78708.0
990600;89031.0;10283.0;78748.0
990700;89031.0;10283.0;78748.0
990800;89031.0;10283.0;78748.0
990900;89191.0;10443.0;78748.0
991000;88991.0;10363.0;78628.0
991100;89111.0;10363.0;78748.0
991200;89111.0;10363.0;78748.0
991300;89111.0;10363.0;78748.0
991400;89111.0;10363.0;78748.0
991500;89031.0;10363.0;78668.0
991600;89111.0;10283.0;78828.0
991700;89311.0;10403.0;78908.0
991800;89191.0;10363.0;78828.0
991900;89831.0;11003.0;78828.0
992000;89191.0;10363.0;78828.0
992100;89391.0;10443.0;78948.0
992200;89351.0;10523.0;78828.0
992300;89351.0;10523.0;78828.0
992400;89271.0;10523.0;78748.0
992500;90071.0;10523.0;79548.0
992600;89231.0;10443.0;78788.0
992700;89951.0;10563.0;79388.0
992800;89551.0;10523.0;79028.0
992900;89431.0;10523.0;78908.0
993000;89431.0;10523.0;78908.0
993100;89351.0;10443.0;78908.0
993200;89351.0;10443.0;78908.0
993300;89271.0;10243.0;79028.0
993400;89471.0;10523.0;78948.0
993500;89311.0;10523.0;78788.0
993600;89511.0;10523.0;78988.0
993700;89511.0;10523.0;78988.0
993800;89071.0;10083.0;78988.0
993900;89871.0;10763.0;79108.0
994000;89751.0;10643.0;79108.0
994100;89471.0;10643.0;78828.0
994200;89598.0;10610.0;78988.0
994300;89718.0;10610.0;79108.0
994400;89479.5;10491.5;78988.0
994500;89638.0;10610.0;79028.0
994600;89201.0;10133.0;79068.0
994700;89601.0;10533.0;79068.0
994800;89601.0;10533.0;79068.0
994900;89601.0;10533.0;79068.0
995000;89601.0;10533.0;79068.0
995100;89001.0;10413.0;78588.0
995200;89681.0;10613.0;79068.0
995300;89542.0;10554.0;78988.0
995400;89545.0;10477.0;79068.0
995500;88905.0;10477.0;78428.0
995600;89509.5;10361.5;79148.0
995700;90010.0;10862.0;79148.0
995800;89625.0;10477.0;79148.0
995900;89505.0;10477.0;79028.0
996000;89745.0;10477.0;79268.0
996100;89702.0;10554.0;79148.0
996200;89582.0;10554.0;79028.0
996300;89702.0;10554.0;79148.0
996400;89860.5;10592.5;79268.0
996500;89511.0;10323.0;79188.0
996600;90069.5;10361.5;79708.0
996700;89585.0;10477.0;79108.0
996800;89820.5;10592.5;79228.0
996900;89705.0;10477.0;79228.0
997000;90321.0;11093.0;79228.0
997100;90244.0;11016.0;79228.0
997200;88532.0;9784.0;78748.0
997300;89748.0;10400.0;79348.0
997400;89551.0;10323.0;79228.0
997500;89745.0;10477.0;79268.0
997600;89708.0;10400.0;79308.0
997700;89788.0;10400.0;79388.0
997800;89751.0;10323.0;79428.0
997900;89092.0;9784.0;79308.0
998000;89708.0;10400.0;79308.0
998100;89708.0;10400.0;79308.0
998200;89592.5;10284.5;79308.0
998300;89592.5;10284.5;79308.0
998400;89631.0;10323.0;79308.0
998500;89671.0;10323.0;79348.0
998600;89791.0;10323.0;79468.0
998700;89788.0;10400.0;79388.0
998800;89788.0;10400.0;79388.0
998900;90062.0;10554.0;79508.0
999000;90481.0;11093.0;79388.0
999100;90177.5;10669.5;79508.0
999200;89980.5;10592.5;79388.0
999300;90062.0;10554.0;79508.0
999400;89865.0;10477.0;79388.0
999500;89905.0;10477.0;79428.0
999600;89945.0;10477.0;79468.0
999700;90025.0;10477.0;79548.0
999800;88849.0;9861.0;78988.0
999900;90180.5;10592.5;79588.0
