day,ts,symbol,side,qty,price,mid_at,spread,imb_k1,tick_idx,pnl_h10,exit_mid_h10,pnl_h50,exit_mid_h50,pnl_h100,exit_mid_h100,pnl_h500,exit_mid_h500,pnl_h1000,exit_mid_h1000,pnl_h5000,exit_mid_h5000,final_mid,pnl_final,fill_class,ve_micro,tte_days,iv_market,smile_fair,smile_iv,intrinsic
0,1900,VEV_5400,-1,20.0,22.0,22.5,1.0,0.0,19,-10.0,22.5,40.0,20.0,40.0,20.0,30.0,20.5,40.0,20.0,100.0,17.0,16.5,110.0,AGG_SELL,,,,,,
0,2000,VEV_5400,-1,20.0,22.0,22.5,1.0,0.0,20,-10.0,22.5,40.0,20.0,30.0,20.5,30.0,20.5,40.0,20.0,110.0,16.5,16.5,110.0,AGG_SELL,,,,,,
0,2100,VEV_5400,-1,20.0,22.0,22.5,1.0,0.0,21,-10.0,22.5,40.0,20.0,30.0,20.5,40.0,20.0,40.0,20.0,110.0,16.5,16.5,110.0,AGG_SELL,,,,,,
0,2200,VEV_5400,-1,20.0,22.0,22.5,1.0,0.0,22,-0.0,22.0,40.0,20.0,30.0,20.5,30.0,20.5,30.0,20.5,110.0,16.5,16.5,110.0,AGG_SELL,,,,,,
0,2300,VEV_5400,-1,20.0,22.0,22.5,1.0,0.6,23,-0.0,22.0,30.0,20.5,30.0,20.5,20.0,21.0,30.0,20.5,110.0,16.5,16.5,110.0,AGG_SELL,,,,,,
0,2400,VEV_5400,-1,20.0,22.0,23.0,2.0,0.0,24,-0.0,22.0,30.0,20.5,30.0,20.5,20.0,21.0,30.0,20.5,110.0,16.5,16.5,110.0,AGG_SELL,,,,,,
0,2500,VELVETFRUIT_EXTRACT,-1,4.0,5249.0,5247.5,5.0,-0.5,25,18.0,5244.5,46.0,5237.5,42.0,5238.5,34.0,5240.5,30.0,5241.5,42.0,5238.5,5244.0,20.0,PASS_SELL,,,,,,
0,2500,VEV_5400,-1,20.0,22.0,22.5,1.0,0.0,25,-0.0,22.0,30.0,20.5,30.0,20.5,20.0,21.0,30.0,20.5,110.0,16.5,16.5,110.0,AGG_SELL,,,,,,
0,2600,VEV_5400,-1,20.0,22.0,22.5,1.0,0.0,26,10.0,21.5,40.0,20.0,30.0,20.5,20.0,21.0,30.0,20.5,120.0,16.0,16.5,110.0,AGG_SELL,,,,,,
0,2700,VEV_5400,-1,10.0,22.0,22.5,1.0,-0.4594594594594595,27,-0.0,22.0,20.0,20.0,15.0,20.5,15.0,20.5,15.0,20.5,55.0,16.5,16.5,55.0,AGG_SELL,,,,,,
0,2800,VEV_5400,-1,20.0,21.0,22.0,2.0,0.0,28,-20.0,22.0,20.0,20.0,10.0,20.5,10.0,20.5,10.0,20.5,90.0,16.5,16.5,90.0,AGG_SELL,,,,,,
0,2900,VEV_4000,1,3.0,1246.0,1241.0,10.0,0.625,29,-7.5,1243.5,-37.5,1233.5,-22.5,1238.5,-19.5,1239.5,-19.5,1239.5,-13.5,1241.5,1244.0,-6.0,AGG_BUY,,,,,,
0,2900,VEV_4500,1,3.0,746.0,742.5,7.0,0.5384615384615384,29,-9.0,743.0,-36.0,734.0,-24.0,738.0,-19.5,739.5,-19.5,739.5,-15.0,741.0,744.0,-6.0,AGG_BUY,,,,,,
0,2900,VEV_5000,1,3.0,254.0,252.5,3.0,0.5384615384615384,29,-9.0,251.0,-36.0,242.0,-24.0,246.0,-21.0,247.0,-21.0,247.0,-18.0,248.0,250.0,-12.0,AGG_BUY,,,,,,
0,2900,VEV_5100,1,3.0,169.0,168.0,2.0,0.8181818181818182,29,-7.5,166.5,-30.0,159.0,-19.5,162.5,-16.5,163.5,-18.0,163.0,-15.0,164.0,164.0,-15.0,AGG_BUY,5247.797468354431,7.9971,0.2321080247845594,171.50666889820968,0.24797371171700372,147.79746835443075
0,2900,VEV_5200,1,3.0,99.0,98.5,1.0,0.8181818181818182,29,-4.5,97.5,-21.0,92.0,-13.5,94.5,-13.5,94.5,-16.5,93.5,-13.5,94.5,95.5,-10.5,AGG_BUY,,,,,,
0,2900,VEV_5300,1,3.0,51.0,50.5,1.0,0.7857142857142857,29,-3.0,50.0,-12.0,47.0,-9.0,48.0,-9.0,48.0,-12.0,47.0,-12.0,47.0,47.0,-12.0,AGG_BUY,,,,,,
0,2900,VEV_5400,-1,20.0,22.0,22.5,1.0,-0.06382978723404255,29,10.0,21.5,50.0,19.5,30.0,20.5,30.0,20.5,30.0,20.5,110.0,16.5,16.5,110.0,AGG_SELL,,,,,,
0,3000,VEV_5400,-1,7.0,22.0,22.5,1.0,-0.48148148148148145,30,3.5,21.5,17.5,19.5,10.5,20.5,10.5,20.5,14.0,20.0,38.5,16.5,16.5,38.5,AGG_SELL,,,,,,
0,3100,VEV_5400,-1,20.0,22.0,22.5,1.0,0.0,31,20.0,21.0,50.0,19.5,30.0,20.5,40.0,20.0,40.0,20.0,110.0,16.5,16.5,110.0,AGG_SELL,,,,,,
0,3200,VEV_5400,-1,19.0,21.0,22.0,2.0,0.0,32,-0.0,21.0,28.5,19.5,-0.0,21.0,28.5,19.5,28.5,19.5,85.5,16.5,16.5,85.5,AGG_SELL,,,,,,
0,3300,VEV_5400,-1,15.0,21.0,22.0,2.0,0.0,33,-0.0,21.0,30.0,19.0,7.5,20.5,15.0,20.0,22.5,19.5,67.5,16.5,16.5,67.5,AGG_SELL,,,,,,
0,3400,VEV_5400,-1,17.0,21.0,22.0,2.0,0.0,34,-0.0,21.0,34.0,19.0,-0.0,21.0,17.0,20.0,25.5,19.5,76.5,16.5,16.5,76.5,AGG_SELL,,,,,,
0,3500,VEV_5400,-1,12.0,21.0,22.0,2.0,0.0,35,6.0,20.5,24.0,19.0,-6.0,21.5,12.0,20.0,12.0,20.0,54.0,16.5,16.5,54.0,AGG_SELL,,,,,,
0,3800,VELVETFRUIT_EXTRACT,1,11.0,5243.0,5242.5,1.0,0.2903225806451613,38,-49.5,5238.5,-137.5,5230.5,-27.5,5240.5,-66.0,5237.0,-82.5,5235.5,-27.5,5240.5,5244.0,11.0,AGG_BUY,,,,,,
0,5200,VELVETFRUIT_EXTRACT,1,3.0,5237.0,5238.5,5.0,0.38461538461538464,52,-1.5,5236.5,-13.5,5232.5,19.5,5243.5,4.5,5238.5,-15.0,5232.0,10.5,5240.5,5244.0,21.0,PASS_BUY,,,,,,
0,5500,VELVETFRUIT_EXTRACT,-1,8.0,5240.0,5238.5,5.0,0.0,55,44.0,5234.5,44.0,5234.5,-28.0,5243.5,4.0,5239.5,36.0,5235.5,8.0,5239.0,5244.0,-32.0,PASS_SELL,,,,,,
0,8000,HYDROGEL_PACK,-1,7.0,10010.0,10014.0,8.0,-0.3,80,35.0,10005.0,-21.0,10013.0,21.0,10007.0,126.0,9992.0,448.0,9946.0,371.0,9957.0,9958.0,364.0,AGG_SELL,,,,,,
0,8000,HYDROGEL_PACK,-1,6.0,10017.0,10014.0,8.0,-0.3,80,72.0,10005.0,24.0,10013.0,60.0,10007.0,150.0,9992.0,426.0,9946.0,360.0,9957.0,9958.0,354.0,PASS_SELL,,,,,,
0,9300,VELVETFRUIT_EXTRACT,1,7.0,5231.0,5230.0,2.0,0.36363636363636365,93,14.0,5233.0,70.0,5241.0,52.5,5238.5,94.5,5244.5,-31.5,5226.5,-24.5,5227.5,5244.0,91.0,AGG_BUY,,,,,,
0,9300,VELVETFRUIT_EXTRACT,1,6.0,5230.0,5230.0,2.0,0.36363636363636365,93,18.0,5233.0,66.0,5241.0,51.0,5238.5,87.0,5244.5,-21.0,5226.5,-15.0,5227.5,5244.0,84.0,PASS_BUY,,,,,,
0,10100,HYDROGEL_PACK,-1,5.0,10013.0,10006.0,16.0,0.0,101,35.0,10006.0,-15.0,10016.0,5.0,10012.0,85.0,9996.0,365.0,9940.0,305.0,9952.0,9958.0,275.0,PASS_SELL,,,,,,
0,12600,VELVETFRUIT_EXTRACT,-1,9.0,5238.0,5239.5,3.0,-0.7313432835820896,126,-27.0,5241.0,-13.5,5239.5,36.0,5234.0,-4.5,5238.5,157.5,5220.5,94.5,5227.5,5244.0,-54.0,AGG_SELL,,,,,,
0,13000,HYDROGEL_PACK,-1,9.0,10009.0,10013.0,8.0,-0.05263157894736842,130,-63.0,10016.0,18.0,10007.0,126.0,9995.0,234.0,9983.0,567.0,9946.0,576.0,9945.0,9958.0,459.0,AGG_SELL,,,,,,
0,13700,VELVETFRUIT_EXTRACT,-1,11.0,5241.0,5242.0,2.0,-0.35294117647058826,137,-16.5,5242.5,38.5,5237.5,38.5,5237.5,16.5,5239.5,236.5,5219.5,148.5,5227.5,5244.0,-33.0,AGG_SELL,,,,,,
0,14000,VELVETFRUIT_EXTRACT,-1,7.0,5242.0,5240.5,5.0,-0.5238095238095238,140,3.5,5241.5,38.5,5236.5,52.5,5234.5,3.5,5241.5,157.5,5219.5,91.0,5229.0,5244.0,-14.0,PASS_SELL,,,,,,
0,15200,VEV_4000,1,5.0,1243.0,1238.0,10.0,0.4117647058823529,152,-10.0,1241.0,-27.5,1237.5,-47.5,1233.5,-52.5,1232.5,-107.5,1221.5,-82.5,1226.5,1244.0,5.0,AGG_BUY,,,,,,
0,15200,VEV_4500,1,5.0,743.0,739.5,7.0,0.2857142857142857,152,-10.0,741.0,-25.0,738.0,-47.5,733.5,-55.0,732.0,-107.5,721.5,-82.5,726.5,744.0,5.0,AGG_BUY,,,,,,
0,15200,VEV_5000,1,5.0,251.0,249.5,3.0,0.7297297297297297,152,-10.0,249.0,-25.0,246.0,-45.0,242.0,-50.0,241.0,-100.0,231.0,-80.0,235.0,250.0,-5.0,AGG_BUY,,,,,,
0,15200,VEV_5100,1,5.0,166.0,165.5,1.0,0.2857142857142857,152,-5.0,165.0,-20.0,162.0,-35.0,159.0,-45.0,157.0,-85.0,149.0,-70.0,152.0,164.0,-10.0,AGG_BUY,5244.770491803279,7.9848,0.2319232038565912,169.0387306368898,0.24776067984991873,144.77049180327867
0,15200,VEV_5200,1,5.0,98.0,97.5,1.0,0.2857142857142857,152,-7.5,96.5,-17.5,94.5,-32.5,91.5,-40.0,90.0,-72.5,83.5,-57.5,86.5,95.5,-12.5,AGG_BUY,,,,,,
0,15200,VEV_5300,1,5.0,50.0,49.5,1.0,0.5238095238095238,152,-5.0,49.0,-10.0,48.0,-20.0,46.0,-25.0,45.0,-45.0,41.0,-40.0,42.0,47.0,-15.0,AGG_BUY,,,,,,
0,15300,HYDROGEL_PACK,-1,3.0,10025.0,10017.5,17.0,0.0,153,30.0,10015.0,45.0,10010.0,78.0,9999.0,123.0,9984.0,237.0,9946.0,261.0,9938.0,9958.0,201.0,PASS_SELL,,,,,,
0,15400,VELVETFRUIT_EXTRACT,-1,6.0,5242.0,5243.5,3.0,-0.6,154,-3.0,5242.5,27.0,5237.5,54.0,5233.0,51.0,5233.5,129.0,5220.5,96.0,5226.0,5244.0,-12.0,AGG_SELL,,,,,,
0,16500,HYDROGEL_PACK,-1,5.0,10018.0,10022.0,8.0,-0.47368421052631576,165,65.0,10005.0,65.0,10005.0,115.0,9995.0,145.0,9989.0,420.0,9934.0,360.0,9946.0,9958.0,300.0,AGG_SELL,,,,,,
0,17000,VELVETFRUIT_EXTRACT,1,6.0,5239.0,5238.0,2.0,0.8235294117647058,170,-3.0,5238.5,-27.0,5234.5,-54.0,5230.0,-3.0,5238.5,-117.0,5219.5,-57.0,5229.5,5244.0,30.0,AGG_BUY,,,,,,
0,19100,VEV_5300,1,20.0,49.0,48.0,2.0,0.0,191,-20.0,48.0,-40.0,47.0,-60.0,46.0,-20.0,48.0,-160.0,41.0,-40.0,47.0,47.0,-40.0,AGG_BUY,,,,,,
0,19700,HYDROGEL_PACK,-1,6.0,10012.0,10016.0,8.0,-0.3684210526315789,197,12.0,10010.0,66.0,10001.0,165.0,9984.5,192.0,9980.0,381.0,9948.5,381.0,9948.5,9958.0,324.0,AGG_SELL,,,,,,
0,20300,HYDROGEL_PACK,1,5.0,10003.0,10010.0,16.0,0.0,203,17.5,10006.5,-20.0,9999.0,-35.0,9996.0,-170.0,9969.0,-215.0,9960.0,-252.5,9952.5,9958.0,-225.0,PASS_BUY,,,,,,
0,20500,HYDROGEL_PACK,1,3.0,10001.0,10008.0,16.0,0.0,205,12.0,10005.0,-6.0,9999.0,-15.0,9996.0,-72.0,9977.0,-114.0,9963.0,-135.0,9956.0,9958.0,-129.0,PASS_BUY,,,,,,
0,21200,VELVETFRUIT_EXTRACT,1,5.0,5234.0,5232.5,3.0,0.8387096774193549,212,7.5,5235.5,-32.5,5227.5,-27.5,5228.5,42.5,5242.5,-62.5,5221.5,77.5,5249.5,5244.0,50.0,AGG_BUY,,,,,,
0,21500,VELVETFRUIT_EXTRACT,-1,10.0,5235.0,5236.5,3.0,-0.7368421052631579,215,-15.0,5236.5,65.0,5228.5,45.0,5230.5,-75.0,5242.5,135.0,5221.5,-160.0,5251.0,5244.0,-90.0,AGG_SELL,,,,,,
0,21700,VELVETFRUIT_EXTRACT,1,9.0,5234.0,5233.0,2.0,0.7096774193548387,217,4.5,5234.5,-40.5,5229.5,-31.5,5230.5,76.5,5242.5,-67.5,5226.5,148.5,5250.5,5244.0,90.0,AGG_BUY,,,,,,
0,22500,VELVETFRUIT_EXTRACT,1,4.0,5235.0,5236.5,5.0,-0.5616438356164384,225,4.0,5236.0,-10.0,5232.5,-22.0,5229.5,34.0,5243.5,-18.0,5230.5,66.0,5251.5,5244.0,36.0,PASS_BUY,,,,,,
0,23200,VELVETFRUIT_EXTRACT,-1,8.0,5234.0,5235.5,3.0,-0.30434782608695654,232,-4.0,5234.5,4.0,5233.5,20.0,5231.5,-76.0,5243.5,12.0,5232.5,-148.0,5252.5,5244.0,-80.0,AGG_SELL,,,,,,
0,23300,VEV_5300,1,5.0,47.0,46.0,2.0,0.5,233,0.0,47.0,-2.5,46.5,-10.0,45.0,15.0,50.0,-15.0,44.0,20.0,51.0,47.0,0.0,AGG_BUY,,,,,,
0,24100,HYDROGEL_PACK,1,5.0,9995.0,9991.5,7.0,0.47368421052631576,241,10.0,9997.0,-70.0,9981.0,-140.0,9967.0,20.0,9999.0,-155.0,9964.0,-100.0,9975.0,9958.0,-185.0,AGG_BUY,,,,,,
0,26100,VELVETFRUIT_EXTRACT,1,5.0,5227.0,5226.0,2.0,0.8148148148148148,261,22.5,5231.5,10.0,5229.0,27.5,5232.5,70.0,5241.0,52.5,5237.5,137.5,5254.5,5244.0,85.0,AGG_BUY,,,,,,
0,26400,VEV_5300,1,18.0,45.0,44.0,2.0,0.0,264,18.0,46.0,0.0,45.0,18.0,46.0,90.0,50.0,27.0,46.5,144.0,53.0,47.0,36.0,AGG_BUY,,,,,,
0,26900,VEV_5300,1,7.0,46.0,45.0,2.0,0.44,269,7.0,47.0,-14.0,44.0,0.0,46.0,21.0,49.0,3.5,46.5,49.0,53.0,47.0,7.0,AGG_BUY,,,,,,
0,27800,VEV_5200,1,8.0,92.0,91.0,2.0,0.0,278,-12.0,90.5,-28.0,88.5,0.0,92.0,36.0,96.5,12.0,93.5,92.0,103.5,95.5,28.0,AGG_BUY,,,,,,
0,28400,VELVETFRUIT_EXTRACT,1,8.0,5231.0,5233.0,6.0,0.0,284,-4.0,5230.5,-12.0,5229.5,12.0,5232.5,104.0,5244.0,92.0,5242.5,208.0,5257.0,5244.0,104.0,PASS_BUY,,,,,,
0,28500,VEV_5200,1,9.0,92.0,91.0,2.0,0.0,285,-22.5,89.5,-22.5,89.5,-18.0,90.0,49.5,97.5,22.5,94.5,112.5,104.5,95.5,31.5,AGG_BUY,,,,,,
0,28700,VELVETFRUIT_EXTRACT,-1,5.0,5234.0,5235.5,3.0,-0.8571428571428571,287,25.0,5229.0,12.5,5231.5,2.5,5233.5,-62.5,5246.5,-42.5,5242.5,-130.0,5260.0,5244.0,-50.0,AGG_SELL,,,,,,
0,29100,HYDROGEL_PACK,1,6.0,9974.0,9981.0,16.0,0.0,291,102.0,9991.0,-42.0,9967.0,42.0,9981.0,30.0,9979.0,-114.0,9955.0,24.0,9978.0,9958.0,-96.0,PASS_BUY,,,,,,
0,31200,HYDROGEL_PACK,1,8.0,9989.0,9985.5,7.0,0.2727272727272727,312,-64.0,9981.0,-176.0,9967.0,-80.0,9979.0,-160.0,9969.0,-264.0,9956.0,-160.0,9969.0,9958.0,-248.0,AGG_BUY,,,,,,
0,31700,VEV_4000,1,5.0,1230.0,1225.0,10.0,0.2857142857142857,317,-7.5,1228.5,-2.5,1229.5,2.5,1230.5,117.5,1253.5,45.0,1239.0,132.5,1256.5,1244.0,70.0,AGG_BUY,,,,,,
0,31700,VEV_4500,1,5.0,730.0,726.0,8.0,0.3333333333333333,317,-7.5,728.5,0.0,730.0,2.5,730.5,120.0,754.0,45.0,739.0,130.0,756.0,744.0,70.0,AGG_BUY,,,,,,
0,31700,VEV_5200,1,5.0,89.0,88.5,1.0,0.6551724137931034,317,-2.5,88.5,2.5,89.5,2.5,89.5,67.5,102.5,20.0,93.0,75.0,104.0,95.5,32.5,AGG_BUY,,,,,,
0,31700,VEV_5300,1,5.0,45.0,44.5,1.0,0.6875,317,0.0,45.0,0.0,45.0,0.0,45.0,40.0,53.0,10.0,47.0,40.0,53.0,47.0,10.0,AGG_BUY,,,,,,
0,32300,HYDROGEL_PACK,1,13.0,9985.0,9977.0,16.0,0.0,323,-208.0,9969.0,-52.0,9981.0,-143.0,9974.0,-299.0,9962.0,-312.0,9961.0,-208.0,9969.0,9958.0,-351.0,AGG_BUY,,,,,,
0,32400,HYDROGEL_PACK,1,15.0,9984.0,9976.0,16.0,0.0,324,-247.5,9967.5,-15.0,9983.0,-105.0,9977.0,-315.0,9963.0,-345.0,9961.0,-240.0,9968.0,9958.0,-390.0,AGG_BUY,,,,,,
0,32500,HYDROGEL_PACK,1,13.0,9982.0,9974.0,16.0,0.0,325,-91.0,9975.0,13.0,9983.0,-78.0,9976.0,-234.0,9964.0,-260.0,9962.0,-208.0,9966.0,9958.0,-312.0,AGG_BUY,,,,,,
0,32600,HYDROGEL_PACK,1,10.0,9982.0,9974.0,16.0,0.0,326,-60.0,9976.0,10.0,9983.0,-60.0,9976.0,-210.0,9961.0,-200.0,9962.0,-150.0,9967.0,9958.0,-240.0,AGG_BUY,,,,,,
0,33000,HYDROGEL_PACK,1,12.0,9981.0,9973.0,16.0,0.0,330,-120.0,9971.0,0.0,9981.0,-54.0,9976.5,-300.0,9956.0,-216.0,9963.0,-180.0,9966.0,9958.0,-276.0,AGG_BUY,,,,,,
0,33100,HYDROGEL_PACK,1,12.0,9978.0,9970.0,16.0,0.0,331,-132.0,9967.0,60.0,9983.0,-36.0,9975.0,-312.0,9952.0,-216.0,9960.0,-132.0,9967.0,9958.0,-240.0,AGG_BUY,,,,,,
0,33100,VELVETFRUIT_EXTRACT,-1,5.0,5230.0,5231.5,3.0,-0.855072463768116,331,7.5,5228.5,-20.0,5234.0,-17.5,5233.5,-85.0,5247.0,-65.0,5243.0,-117.5,5253.5,5244.0,-70.0,AGG_SELL,,,,,,
0,33200,HYDROGEL_PACK,1,13.0,9978.0,9970.0,16.0,0.0,332,-104.0,9970.0,-6.5,9977.5,45.5,9981.5,-299.0,9955.0,-247.0,9959.0,-143.0,9967.0,9958.0,-260.0,AGG_BUY,,,,,,
0,33300,HYDROGEL_PACK,1,10.0,9977.0,9969.0,16.0,0.0,333,-90.0,9968.0,30.0,9980.0,0.0,9977.0,-230.0,9954.0,-140.0,9963.0,-130.0,9964.0,9958.0,-190.0,AGG_BUY,,,,,,
0,33300,VELVETFRUIT_EXTRACT,-1,6.0,5232.0,5230.5,5.0,0.0,333,27.0,5227.5,-9.0,5233.5,-15.0,5234.5,-96.0,5248.0,-57.0,5241.5,-141.0,5255.5,5244.0,-72.0,PASS_SELL,,,,,,
0,33400,HYDROGEL_PACK,1,5.0,9971.0,9967.5,7.0,0.375,334,-25.0,9966.0,50.0,9981.0,40.0,9979.0,-90.0,9953.0,-35.0,9964.0,-25.0,9966.0,9958.0,-65.0,AGG_BUY,,,,,,
0,34000,HYDROGEL_PACK,1,12.0,9979.0,9971.0,16.0,0.0,340,-120.0,9969.0,0.0,9979.0,12.0,9980.0,-318.0,9952.5,-312.0,9953.0,-204.0,9962.0,9958.0,-252.0,AGG_BUY,,,,,,
0,34100,HYDROGEL_PACK,1,14.0,9975.0,9967.0,16.0,0.0,341,-42.0,9972.0,84.0,9981.0,126.0,9984.0,-350.0,9950.0,-266.0,9956.0,-84.0,9969.0,9958.0,-238.0,AGG_BUY,,,,,,
0,34200,HYDROGEL_PACK,1,10.0,9974.0,9970.0,8.0,-0.05263157894736842,342,0.0,9974.0,30.0,9977.0,120.0,9986.0,-240.0,9950.0,-160.0,9958.0,-110.0,9963.0,9958.0,-160.0,AGG_BUY,,,,,,
0,34300,HYDROGEL_PACK,1,12.0,9976.0,9968.0,16.0,0.0,343,-24.0,9974.0,12.0,9977.0,168.0,9990.0,-312.0,9950.0,-264.0,9954.0,-132.0,9965.0,9958.0,-216.0,AGG_BUY,,,,,,
0,34400,HYDROGEL_PACK,1,11.0,9974.0,9966.0,16.0,0.0,344,-44.0,9970.0,49.5,9978.5,165.0,9989.0,-242.0,9952.0,-231.0,9953.0,-88.0,9966.0,9958.0,-176.0,AGG_BUY,,,,,,
0,34500,HYDROGEL_PACK,1,10.0,9975.0,9967.0,16.0,0.0,345,-50.0,9970.0,40.0,9979.0,140.0,9989.0,-210.0,9954.0,-205.0,9954.5,-100.0,9965.0,9958.0,-170.0,AGG_BUY,,,,,,
0,34600,HYDROGEL_PACK,1,11.0,9973.0,9965.0,16.0,0.0,346,-55.0,9968.0,44.0,9977.0,198.0,9991.0,-187.0,9956.0,-220.0,9953.0,-99.0,9964.0,9958.0,-165.0,AGG_BUY,,,,,,
0,34700,HYDROGEL_PACK,1,12.0,9973.0,9965.0,16.0,0.0,347,-36.0,9970.0,84.0,9980.0,192.0,9989.0,-216.0,9955.0,-252.0,9952.0,-120.0,9963.0,9958.0,-180.0,AGG_BUY,,,,,,
0,34800,HYDROGEL_PACK,1,15.0,9974.0,9966.0,16.0,0.0,348,-90.0,9968.0,75.0,9979.0,195.0,9987.0,-315.0,9953.0,-330.0,9952.0,-180.0,9962.0,9958.0,-240.0,AGG_BUY,,,,,,
0,34900,HYDROGEL_PACK,1,4.0,9974.0,9966.0,16.0,0.0,349,-28.0,9967.0,28.0,9981.0,40.0,9984.0,-74.0,9955.5,-80.0,9954.0,-48.0,9962.0,9958.0,-64.0,AGG_BUY,,,,,,
0,35200,VEV_5300,1,20.0,46.0,45.0,2.0,0.0,352,0.0,46.0,0.0,46.0,0.0,46.0,40.0,48.0,10.0,46.5,100.0,51.0,47.0,20.0,AGG_BUY,,,,,,
0,35500,VEV_5300,1,9.0,47.0,46.0,2.0,0.5,355,-9.0,46.0,-9.0,46.0,0.0,47.0,9.0,48.0,-9.0,46.0,45.0,52.0,47.0,0.0,AGG_BUY,,,,,,
0,36000,VEV_5200,1,11.0,92.0,91.0,2.0,0.0,360,-16.5,90.5,-27.5,89.5,-5.5,91.5,27.5,94.5,-5.5,91.5,93.5,100.5,95.5,38.5,AGG_BUY,,,,,,
0,36500,VELVETFRUIT_EXTRACT,1,7.0,5230.0,5231.5,5.0,0.5342465753424658,365,38.5,5235.5,10.5,5231.5,59.5,5238.5,87.5,5242.5,45.5,5236.5,150.5,5251.5,5244.0,98.0,PASS_BUY,,,,,,
0,36800,VELVETFRUIT_EXTRACT,1,7.0,5229.0,5230.5,5.0,0.4358974358974359,368,42.0,5235.0,10.5,5230.5,73.5,5239.5,94.5,5242.5,38.5,5234.5,150.5,5250.5,5244.0,105.0,PASS_BUY,,,,,,
0,37700,VEV_5200,1,10.0,93.0,92.0,2.0,0.0,377,-20.0,91.0,-40.0,89.0,-5.0,92.5,-5.0,92.5,-65.0,86.5,65.0,99.5,95.5,25.0,AGG_BUY,,,,,,
0,38200,VELVETFRUIT_EXTRACT,1,5.0,5233.0,5234.5,5.0,-0.4482758620689655,382,-7.5,5231.5,2.5,5233.5,7.5,5234.5,20.0,5237.0,-37.5,5225.5,57.5,5244.5,5244.0,55.0,PASS_BUY,,,,,,
0,38700,VELVETFRUIT_EXTRACT,-1,6.0,5235.0,5233.5,5.0,-0.6097560975609756,387,33.0,5229.5,9.0,5233.5,9.0,5233.5,-18.0,5238.0,33.0,5229.5,-48.0,5243.0,5244.0,-54.0,PASS_SELL,,,,,,
0,39100,VELVETFRUIT_EXTRACT,1,6.0,5231.0,5230.0,2.0,0.8,391,3.0,5231.5,12.0,5233.0,15.0,5233.5,30.0,5236.0,-21.0,5227.5,39.0,5237.5,5244.0,78.0,AGG_BUY,,,,,,
0,39400,VELVETFRUIT_EXTRACT,1,9.0,5231.0,5230.0,2.0,0.47058823529411764,394,18.0,5233.0,22.5,5233.5,27.0,5234.0,22.5,5233.5,-40.5,5226.5,49.5,5236.5,5244.0,117.0,AGG_BUY,,,,,,
0,40700,VEV_5300,1,20.0,46.0,45.0,2.0,0.0,407,-20.0,45.0,0.0,46.0,40.0,48.0,0.0,46.0,-50.0,43.5,50.0,48.5,47.0,20.0,AGG_BUY,,,,,,
0,40800,VEV_5200,1,11.0,90.0,89.0,2.0,0.12,408,-16.5,88.5,16.5,91.5,55.0,95.0,16.5,91.5,-16.5,88.5,77.0,97.0,95.5,60.5,AGG_BUY,,,,,,
0,40900,VEV_5200,1,7.0,90.0,89.0,2.0,0.0,409,-7.0,89.0,10.5,91.5,31.5,94.5,10.5,91.5,-10.5,88.5,52.5,97.5,95.5,38.5,AGG_BUY,,,,,,
0,41400,VEV_5200,1,8.0,91.0,90.0,2.0,0.0,414,-12.0,89.5,20.0,93.5,36.0,95.5,-4.0,90.5,-20.0,88.5,44.0,96.5,95.5,36.0,AGG_BUY,,,,,,
0,41900,VEV_5200,1,12.0,90.0,89.0,2.0,0.0,419,6.0,90.5,54.0,94.5,42.0,93.5,-6.0,89.5,-6.0,89.5,66.0,95.5,95.5,66.0,AGG_BUY,,,,,,
0,42600,VEV_5200,1,12.0,90.0,89.0,2.0,0.0,426,6.0,90.5,42.0,93.5,54.0,94.5,-30.0,87.5,-6.0,89.5,90.0,97.5,95.5,66.0,AGG_BUY,,,,,,
0,42700,VEV_5200,1,9.0,90.0,89.0,2.0,0.0,427,9.0,91.0,22.5,92.5,40.5,94.5,-13.5,88.5,-4.5,89.5,58.5,96.5,95.5,49.5,AGG_BUY,,,,,,
0,43100,VEV_5300,1,5.0,47.0,46.0,2.0,0.5652173913043478,431,-5.0,46.0,0.0,47.0,0.0,47.0,-15.0,44.0,-15.0,44.0,5.0,48.0,47.0,0.0,AGG_BUY,,,,,,
0,43600,VEV_5200,1,20.0,92.0,90.5,3.0,0.0,436,-30.0,90.5,-10.0,91.5,10.0,92.5,-60.0,89.0,-110.0,86.5,50.0,94.5,95.5,70.0,AGG_BUY,,,,,,
0,43900,VEV_5200,1,7.0,91.0,90.0,2.0,0.0,439,-3.5,90.5,-3.5,90.5,17.5,93.5,-3.5,90.5,-28.0,87.0,17.5,93.5,95.5,31.5,AGG_BUY,,,,,,
0,44700,VEV_5200,1,8.0,91.0,90.0,2.0,0.0,447,-4.0,90.5,12.0,92.5,28.0,94.5,-4.0,90.5,-44.0,85.5,4.0,91.5,95.5,36.0,AGG_BUY,,,,,,
0,45100,VEV_4000,1,2.0,1234.0,1229.0,10.0,0.75,451,3.0,1235.5,11.0,1239.5,9.0,1238.5,-1.0,1233.5,-11.0,1228.5,9.0,1238.5,1244.0,20.0,AGG_BUY,,,,,,
0,45100,VEV_4500,1,2.0,734.0,730.0,8.0,0.7142857142857143,451,2.0,735.0,10.0,739.0,9.0,738.5,-1.0,733.5,-10.0,729.0,10.0,739.0,744.0,20.0,AGG_BUY,,,,,,
0,45100,VEV_5200,1,2.0,91.0,90.5,1.0,0.8620689655172413,451,1.0,91.5,7.0,94.5,5.0,93.5,-2.0,90.0,-9.0,86.5,4.0,93.0,95.5,9.0,AGG_BUY,,,,,,
0,45100,VEV_5300,1,2.0,46.0,45.5,1.0,0.8666666666666667,451,2.0,47.0,4.0,48.0,4.0,48.0,-2.0,45.0,-6.0,43.0,0.0,46.0,47.0,2.0,AGG_BUY,,,,,,
0,45600,VEV_5300,1,6.0,47.0,46.0,2.0,0.5862068965517241,456,6.0,48.0,6.0,48.0,6.0,48.0,-6.0,46.0,-24.0,43.0,-12.0,45.0,47.0,0.0,AGG_BUY,,,,,,
0,46500,VEV_5200,1,10.0,95.0,94.0,2.0,0.0,465,-25.0,92.5,5.0,95.5,25.0,97.5,-35.0,91.5,-90.0,86.0,-5.0,94.5,95.5,5.0,AGG_BUY,,,,,,
0,46800,VEV_5300,1,6.0,49.0,48.0,2.0,0.625,468,-12.0,47.0,-6.0,48.0,6.0,50.0,-15.0,46.5,-36.0,43.0,-12.0,47.0,47.0,-12.0,AGG_BUY,,,,,,
0,47200,VEV_5200,1,20.0,94.0,92.5,3.0,0.0,472,-50.0,91.5,-10.0,93.5,70.0,97.5,-50.0,91.5,-160.0,86.0,10.0,94.5,95.5,30.0,AGG_BUY,,,,,,
0,47200,VEV_5300,1,20.0,48.0,47.0,2.0,0.0,472,-30.0,46.5,-10.0,47.5,40.0,50.0,-60.0,45.0,-120.0,42.0,-20.0,47.0,47.0,-20.0,AGG_BUY,,,,,,
0,47900,VELVETFRUIT_EXTRACT,1,4.0,5235.0,5236.5,5.0,-0.494949494949495,479,-10.0,5232.5,18.0,5239.5,30.0,5242.5,2.0,5235.5,-38.0,5225.5,26.0,5241.5,5244.0,36.0,PASS_BUY,,,,,,
0,48200,VEV_5200,1,20.0,93.0,91.5,3.0,0.0,482,-30.0,91.5,-20.0,92.0,70.0,96.5,-30.0,91.5,-170.0,84.5,70.0,96.5,95.5,50.0,AGG_BUY,,,,,,
0,48300,VEV_5200,1,20.0,93.0,91.5,3.0,0.0,483,-30.0,91.5,-10.0,92.5,90.0,97.5,0.0,93.0,-170.0,84.5,70.0,96.5,95.5,50.0,AGG_BUY,,,,,,
0,48800,VEV_5200,1,8.0,92.0,91.5,1.0,-0.23076923076923078,488,4.0,92.5,8.0,93.0,28.0,95.5,20.0,94.5,-60.0,84.5,28.0,95.5,95.5,28.0,AGG_BUY,,,,,,
0,48800,VEV_5300,1,18.0,47.0,46.5,1.0,-0.5652173913043478,488,0.0,47.0,0.0,47.0,18.0,48.0,0.0,47.0,-90.0,42.0,0.0,47.0,47.0,0.0,AGG_BUY,,,,,,
0,48900,VEV_5200,1,20.0,92.0,90.5,3.0,0.0,489,40.0,94.0,30.0,93.5,90.0,96.5,50.0,94.5,-150.0,84.5,50.0,94.5,95.5,70.0,AGG_BUY,,,,,,
0,49300,VEV_5300,1,20.0,47.0,46.0,2.0,0.0,493,20.0,48.0,40.0,49.0,50.0,49.5,20.0,48.0,-100.0,42.0,0.0,47.0,47.0,0.0,AGG_BUY,,,,,,
0,49700,VEV_5200,1,12.0,94.0,92.5,3.0,0.4782608695652174,497,6.0,94.5,6.0,94.5,42.0,97.5,0.0,94.0,-90.0,86.5,18.0,95.5,95.5,18.0,AGG_BUY,,,,,,
0,49700,VEV_5300,1,20.0,48.0,47.0,2.0,0.0,497,0.0,48.0,0.0,48.0,40.0,50.0,-20.0,47.0,-100.0,43.0,-10.0,47.5,47.0,-20.0,AGG_BUY,,,,,,
0,49900,VEV_5200,1,10.0,95.0,94.0,2.0,0.0,499,-5.0,94.5,-15.0,93.5,15.0,96.5,-15.0,93.5,-85.0,86.5,15.0,96.5,95.5,5.0,AGG_BUY,,,,,,
0,50400,VEV_5200,1,20.0,96.0,94.5,3.0,0.0,504,-10.0,95.5,-50.0,93.5,50.0,98.5,-70.0,92.5,-150.0,88.5,10.0,96.5,95.5,-10.0,AGG_BUY,,,,,,
0,50400,VEV_5300,1,7.0,49.0,48.0,2.0,0.5333333333333333,504,0.0,49.0,-10.5,47.5,7.0,50.0,-14.0,47.0,-35.0,44.0,-7.0,48.0,47.0,-14.0,AGG_BUY,,,,,,
0,50600,VEV_5300,1,20.0,49.0,48.0,2.0,0.0,506,0.0,49.0,-20.0,48.0,0.0,49.0,-60.0,46.0,-100.0,44.0,0.0,49.0,47.0,-40.0,AGG_BUY,,,,,,
0,50700,VEV_5200,1,13.0,96.0,94.5,3.0,0.0,507,-32.5,93.5,-19.5,94.5,-6.5,95.5,-58.5,91.5,-91.0,89.0,45.5,99.5,95.5,-6.5,AGG_BUY,,,,,,
0,50700,VEV_5300,1,8.0,49.0,48.0,2.0,0.4838709677419355,507,-8.0,48.0,-8.0,48.0,-8.0,48.0,-24.0,46.0,-40.0,44.0,4.0,49.5,47.0,-16.0,AGG_BUY,,,,,,
0,51300,VEV_5300,1,6.0,50.0,49.0,2.0,0.6129032258064516,513,-9.0,48.5,0.0,50.0,-9.0,48.5,-24.0,46.0,-36.0,44.0,-12.0,48.0,47.0,-18.0,AGG_BUY,,,,,,
0,52700,VELVETFRUIT_EXTRACT,1,10.0,5239.0,5238.0,2.0,0.3548387096774194,527,-25.0,5236.5,40.0,5243.0,-5.0,5238.5,5.0,5239.5,-35.0,5235.5,65.0,5245.5,5244.0,50.0,AGG_BUY,,,,,,
0,53900,VEV_5300,1,6.0,48.0,47.0,2.0,0.5862068965517241,539,-6.0,47.0,6.0,49.0,0.0,48.0,-18.0,45.0,-12.0,46.0,-6.0,47.0,47.0,-6.0,AGG_BUY,,,,,,
0,54100,VEV_5300,1,16.0,49.0,48.0,2.0,0.0,541,-16.0,48.0,0.0,49.0,-16.0,48.0,-64.0,45.0,-32.0,47.0,-32.0,47.0,47.0,-32.0,AGG_BUY,,,,,,
0,54300,VEV_5300,1,20.0,50.0,49.0,2.0,0.0,543,-50.0,47.5,-10.0,49.5,-60.0,47.0,-100.0,45.0,-60.0,47.0,-60.0,47.0,47.0,-60.0,AGG_BUY,,,,,,
0,54400,VEV_5300,1,7.0,49.0,48.0,2.0,0.5172413793103449,544,-10.5,47.5,3.5,49.5,-21.0,46.0,-35.0,44.0,-14.0,47.0,-14.0,47.0,47.0,-14.0,AGG_BUY,,,,,,
0,54500,VEV_5300,1,1.0,49.0,48.0,2.0,0.6,545,-1.0,48.0,1.0,50.0,-3.0,46.0,-5.0,44.0,-2.0,47.0,-2.5,46.5,47.0,-2.0,AGG_BUY,,,,,,
0,55000,VELVETFRUIT_EXTRACT,1,8.0,5237.0,5236.0,2.0,0.3333333333333333,550,40.0,5242.0,60.0,5244.5,-28.0,5233.5,-28.0,5233.5,36.0,5241.5,28.0,5240.5,5244.0,56.0,AGG_BUY,,,,,,
0,56400,VELVETFRUIT_EXTRACT,-1,21.0,5244.0,5246.5,5.0,-0.4246575342465753,564,21.0,5243.0,94.5,5239.5,136.5,5237.5,199.5,5234.5,52.5,5241.5,63.0,5241.0,5244.0,-0.0,AGG_SELL,,,,,,
0,60000,VELVETFRUIT_EXTRACT,-1,9.0,5243.0,5244.5,3.0,-0.7428571428571429,600,13.5,5241.5,85.5,5233.5,22.5,5240.5,189.0,5222.0,-63.0,5250.0,58.5,5236.5,5244.0,-9.0,AGG_SELL,,,,,,
0,60500,VELVETFRUIT_EXTRACT,-1,9.0,5246.0,5247.0,2.0,-0.3793103448275862,605,58.5,5239.5,103.5,5234.5,67.5,5238.5,193.5,5224.5,-31.5,5249.5,112.5,5233.5,5244.0,18.0,AGG_SELL,,,,,,
0,64700,VELVETFRUIT_EXTRACT,1,5.0,5233.0,5232.0,2.0,0.8387096774193549,647,12.5,5235.5,47.5,5242.5,37.5,5240.5,-62.5,5220.5,90.0,5251.0,25.0,5238.0,5244.0,55.0,AGG_BUY,,,,,,
0,65600,VELVETFRUIT_EXTRACT,-1,8.0,5237.0,5235.5,5.0,-0.5106382978723404,656,-8.0,5238.0,-12.0,5238.5,-36.0,5241.5,148.0,5218.5,-92.0,5248.5,-40.0,5242.0,5244.0,-56.0,PASS_SELL,,,,,,
0,68400,VEV_4000,1,5.0,1232.0,1227.0,10.0,0.47368421052631576,684,40.0,1240.0,67.5,1245.5,57.5,1243.5,-55.0,1221.0,87.5,1249.5,92.5,1250.5,1244.0,60.0,AGG_BUY,,,,,,
0,68400,VEV_4500,1,5.0,732.0,728.5,7.0,0.16666666666666666,684,40.0,740.0,70.0,746.0,60.0,744.0,-55.0,721.0,90.0,750.0,90.0,750.0,744.0,60.0,AGG_BUY,,,,,,
0,68400,VEV_5000,1,5.0,241.0,239.5,3.0,0.6666666666666666,684,35.0,248.0,60.0,253.0,50.0,251.0,-52.5,230.5,77.5,256.5,75.0,256.0,250.0,45.0,AGG_BUY,,,,,,
0,68400,VEV_5100,1,5.0,157.0,156.0,2.0,0.6666666666666666,684,30.0,163.0,52.5,167.5,45.0,166.0,-40.0,149.0,70.0,171.0,67.5,170.5,164.0,35.0,AGG_BUY,5233.75,7.9316,0.22915384222903845,160.13822153548972,0.24703976576746026,133.75
0,68400,VEV_5500,1,5.0,7.0,6.5,1.0,0.5454545454545454,684,2.5,7.5,7.5,8.5,5.0,8.0,-2.5,6.5,7.5,8.5,7.5,8.5,7.5,2.5,AGG_BUY,,,,,,
0,69200,VELVETFRUIT_EXTRACT,-1,1.0,5239.0,5240.5,3.0,-0.9166666666666666,692,-0.0,5239.0,-6.5,5245.5,-7.5,5246.5,17.5,5221.5,-8.0,5247.0,-11.5,5250.5,5244.0,-5.0,AGG_SELL,,,,,,
0,69500,VEV_4000,1,5.0,1241.0,1236.0,10.0,0.2857142857142857,695,-12.5,1238.5,12.5,1243.5,37.5,1248.5,-92.5,1222.5,57.5,1252.5,42.5,1249.5,1244.0,15.0,AGG_BUY,,,,,,
0,69500,VEV_4500,1,5.0,741.0,737.5,7.0,0.16666666666666666,695,-10.0,739.0,10.0,743.0,40.0,749.0,-92.5,722.5,55.0,752.0,40.0,749.0,744.0,15.0,AGG_BUY,,,,,,
0,76300,VELVETFRUIT_EXTRACT,-1,8.0,5246.0,5244.0,6.0,0.0,763,24.0,5243.0,-52.0,5252.5,36.0,5241.5,52.0,5239.5,44.0,5240.5,44.0,5240.5,5244.0,16.0,PASS_SELL,,,,,,
0,82600,VELVETFRUIT_EXTRACT,1,10.0,5246.0,5245.0,2.0,0.3103448275862069,826,5.0,5246.5,-75.0,5238.5,-155.0,5230.5,-15.0,5244.5,-75.0,5238.5,-65.0,5239.5,5244.0,-20.0,AGG_BUY,,,,,,
0,85800,VELVETFRUIT_EXTRACT,1,4.0,5239.0,5241.0,6.0,0.0,858,14.0,5242.5,-14.0,5235.5,-2.0,5238.5,-10.0,5236.5,-8.0,5237.0,-12.0,5236.0,5244.0,20.0,PASS_BUY,,,,,,
0,86300,VELVETFRUIT_EXTRACT,-1,7.0,5243.0,5241.5,5.0,0.0,863,10.5,5241.5,49.0,5236.0,38.5,5237.5,45.5,5236.5,38.5,5237.5,35.0,5238.0,5244.0,-7.0,PASS_SELL,,,,,,
0,86800,VELVETFRUIT_EXTRACT,-1,6.0,5244.0,5242.5,5.0,-0.4246575342465753,868,51.0,5235.5,69.0,5232.5,33.0,5238.5,57.0,5234.5,51.0,5235.5,27.0,5239.5,5244.0,-0.0,PASS_SELL,,,,,,
0,87400,VEV_4000,1,3.0,1240.0,1235.0,10.0,0.625,874,-10.5,1236.5,-27.0,1231.0,-12.0,1236.0,-25.5,1231.5,-10.5,1236.5,1.5,1240.5,1244.0,12.0,AGG_BUY,,,,,,
0,87400,VEV_4500,1,3.0,740.0,736.5,7.0,0.5384615384615384,874,-10.5,736.5,-27.0,731.0,-12.0,736.0,-25.5,731.5,-9.0,737.0,1.5,740.5,744.0,12.0,AGG_BUY,,,,,,
0,88900,VEV_4000,1,4.0,1236.0,1231.5,9.0,0.3333333333333333,889,-6.0,1234.5,-8.0,1234.0,22.0,1241.5,-36.0,1227.0,-6.0,1234.5,30.0,1243.5,1244.0,32.0,AGG_BUY,,,,,,
0,88900,VEV_4500,1,4.0,736.0,732.5,7.0,0.3333333333333333,889,-4.0,735.0,-8.0,734.0,20.0,741.0,-36.0,727.0,-6.0,734.5,28.0,743.0,744.0,32.0,AGG_BUY,,,,,,
0,88900,VEV_5000,1,4.0,244.0,243.0,2.0,0.3333333333333333,889,-4.0,243.0,-8.0,242.0,20.0,249.0,-34.0,235.5,-4.0,243.0,24.0,250.0,250.0,24.0,AGG_BUY,,,,,,
0,88900,VEV_5100,1,4.0,160.0,159.0,2.0,0.7333333333333333,889,-4.0,159.0,-8.0,158.0,16.0,164.0,-28.0,153.0,-4.0,159.0,20.0,165.0,164.0,16.0,AGG_BUY,5237.888888888889,7.9111,0.22829685799372573,163.32570767851212,0.24735617544388563,137.8888888888887
0,93700,VELVETFRUIT_EXTRACT,1,9.0,5232.0,5231.0,2.0,0.45454545454545453,937,22.5,5234.5,76.5,5240.5,31.5,5235.5,-22.5,5229.5,-31.5,5228.5,130.5,5246.5,5244.0,108.0,AGG_BUY,,,,,,
0,94600,VELVETFRUIT_EXTRACT,-1,5.0,5235.0,5236.5,3.0,-0.8591549295774648,946,-12.5,5237.5,-22.5,5239.5,10.0,5233.0,32.5,5228.5,22.5,5230.5,-67.5,5248.5,5244.0,-45.0,AGG_SELL,,,,,,
0,95800,VELVETFRUIT_EXTRACT,-1,9.0,5237.0,5238.5,3.0,-0.76,958,-13.5,5238.5,13.5,5235.5,13.5,5235.5,85.5,5227.5,49.5,5231.5,-112.5,5249.5,5244.0,-63.0,AGG_SELL,,,,,,
0,96700,VELVETFRUIT_EXTRACT,-1,6.0,5238.0,5239.5,3.0,-0.8333333333333334,967,9.0,5236.5,-6.0,5239.0,27.0,5233.5,60.0,5228.0,63.0,5227.5,-57.0,5247.5,5244.0,-36.0,AGG_SELL,,,,,,
0,101800,VELVETFRUIT_EXTRACT,-1,4.0,5240.0,5238.5,5.0,-0.5,1018,2.0,5239.5,22.0,5234.5,74.0,5221.5,30.0,5232.5,32.0,5232.0,-10.0,5242.5,5244.0,-16.0,PASS_SELL,,,,,,
0,102600,VELVETFRUIT_EXTRACT,1,4.0,5237.0,5239.0,6.0,0.0,1026,-2.0,5236.5,-26.0,5230.5,-66.0,5220.5,-6.0,5235.5,-22.0,5231.5,26.0,5243.5,5244.0,28.0,PASS_BUY,,,,,,
0,104200,VELVETFRUIT_EXTRACT,1,11.0,5233.0,5232.0,2.0,0.7027027027027027,1042,-11.0,5232.0,-71.5,5226.5,-143.0,5220.0,66.0,5239.0,-55.0,5228.0,71.5,5239.5,5244.0,121.0,AGG_BUY,,,,,,
0,105200,VELVETFRUIT_EXTRACT,1,5.0,5233.0,5232.0,2.0,0.84375,1052,7.5,5234.5,-37.5,5225.5,-57.5,5221.5,42.5,5241.5,-12.5,5230.5,17.5,5236.5,5244.0,55.0,AGG_BUY,,,,,,
0,107200,VELVETFRUIT_EXTRACT,-1,5.0,5233.0,5234.5,3.0,-0.8507462686567164,1072,12.5,5230.5,52.5,5222.5,57.5,5221.5,-37.5,5240.5,27.5,5227.5,-32.5,5239.5,5244.0,-55.0,AGG_SELL,,,,,,
0,109700,VEV_4000,1,4.0,1224.0,1219.5,9.0,0.38461538461538464,1097,2.0,1224.5,-14.0,1220.5,-2.0,1223.5,102.0,1249.5,16.0,1228.0,54.0,1237.5,1244.0,80.0,AGG_BUY,,,,,,
0,109700,VEV_4500,1,4.0,724.0,720.5,7.0,0.3333333333333333,1097,2.0,724.5,-14.0,720.5,-2.0,723.5,104.0,750.0,16.0,728.0,52.0,737.0,744.0,80.0,AGG_BUY,,,,,,
0,109700,VEV_5000,1,4.0,234.0,232.5,3.0,0.7419354838709677,1097,0.0,234.0,-16.0,230.0,-4.0,233.0,88.0,256.0,10.0,236.5,44.0,245.0,250.0,64.0,AGG_BUY,,,,,,
0,109700,VEV_5100,1,4.0,151.0,150.0,2.0,0.7419354838709677,1097,0.0,151.0,-12.0,148.0,-4.0,150.0,80.0,171.0,12.0,154.0,38.0,160.5,164.0,52.0,AGG_BUY,5225.589743589743,7.8903,0.23118713320695797,153.65930367004103,0.24655377792200878,125.5897435897432
0,110000,VELVETFRUIT_EXTRACT,1,8.0,5223.0,5222.0,2.0,0.75,1100,-8.0,5222.0,-12.0,5221.5,-8.0,5222.0,216.0,5250.0,68.0,5231.5,116.0,5237.5,5244.0,168.0,AGG_BUY,,,,,,
0,110600,VEV_4000,1,3.0,1225.0,1220.0,10.0,0.5714285714285714,1106,-4.5,1223.5,-19.5,1218.5,-12.0,1221.0,76.5,1250.5,31.5,1235.5,37.5,1237.5,1244.0,57.0,AGG_BUY,,,,,,
0,110600,VEV_4500,1,3.0,725.0,721.0,8.0,0.3333333333333333,1106,-4.5,723.5,-19.5,718.5,-12.0,721.0,78.0,751.0,31.5,735.5,39.0,738.0,744.0,57.0,AGG_BUY,,,,,,
0,111300,VELVETFRUIT_EXTRACT,1,6.0,5223.0,5222.0,2.0,0.5862068965517241,1113,0.0,5223.0,-33.0,5217.5,-9.0,5221.5,162.0,5250.0,24.0,5227.0,99.0,5239.5,5244.0,126.0,AGG_BUY,,,,,,
0,117700,VELVETFRUIT_EXTRACT,-1,8.0,5222.0,5220.5,5.0,-0.4634146341463415,1177,4.0,5221.5,-76.0,5231.5,-132.0,5238.5,-248.0,5253.0,-16.0,5224.0,-72.0,5231.0,5244.0,-176.0,PASS_SELL,,,,,,
0,120100,VELVETFRUIT_EXTRACT,-1,9.0,5222.0,5223.0,2.0,-0.45454545454545453,1201,4.5,5221.5,-112.5,5234.5,-175.5,5241.5,-283.5,5253.5,-31.5,5225.5,-40.5,5226.5,5244.0,-198.0,AGG_SELL,,,,,,
0,120900,VELVETFRUIT_EXTRACT,1,5.0,5220.0,5222.0,6.0,0.0,1209,37.5,5227.5,87.5,5237.5,102.5,5240.5,162.5,5252.5,37.5,5227.5,22.5,5224.5,5244.0,120.0,PASS_BUY,,,,,,
0,122100,VELVETFRUIT_EXTRACT,-1,25.0,5228.0,5230.5,5.0,-0.45054945054945056,1221,-87.5,5231.5,-287.5,5239.5,-412.5,5244.5,-637.5,5253.5,-37.5,5229.5,87.5,5224.5,5244.0,-400.0,AGG_SELL,,,,,,
0,122300,VELVETFRUIT_EXTRACT,-1,16.0,5229.0,5231.5,5.0,-0.5,1223,-48.0,5232.0,-176.0,5240.0,-248.0,5244.5,-376.0,5252.5,24.0,5227.5,104.0,5222.5,5244.0,-240.0,AGG_SELL,,,,,,
0,125200,VELVETFRUIT_EXTRACT,-1,15.0,5235.0,5236.5,3.0,-0.6153846153846154,1252,-52.5,5238.5,-97.5,5241.5,-52.5,5238.5,-112.5,5242.5,75.0,5230.0,187.5,5222.5,5244.0,-135.0,AGG_SELL,,,,,,
0,125700,VEV_4000,1,4.0,1236.0,1231.0,10.0,0.4666666666666667,1257,14.0,1239.5,14.0,1239.5,2.0,1236.5,30.0,1243.5,-14.0,1232.5,-58.0,1221.5,1244.0,32.0,AGG_BUY,,,,,,
0,125700,VEV_4500,1,4.0,736.0,732.0,8.0,0.5,1257,12.0,739.0,16.0,740.0,2.0,736.5,28.0,743.0,-16.0,732.0,-58.0,721.5,744.0,32.0,AGG_BUY,,,,,,
0,127700,VELVETFRUIT_EXTRACT,-1,8.0,5240.0,5238.5,5.0,0.0,1277,-20.0,5242.5,-36.0,5244.5,92.0,5228.5,-4.0,5240.5,36.0,5235.5,180.0,5217.5,5244.0,-32.0,PASS_SELL,,,,,,
0,129800,VELVETFRUIT_EXTRACT,1,7.0,5240.0,5239.0,2.0,0.46153846153846156,1298,-10.5,5238.5,10.5,5241.5,-87.5,5227.5,-3.5,5239.5,-45.5,5233.5,-108.5,5224.5,5244.0,28.0,AGG_BUY,,,,,,
0,131200,VELVETFRUIT_EXTRACT,1,7.0,5237.0,5236.0,2.0,0.48148148148148145,1312,45.5,5243.5,-3.5,5236.5,-31.5,5232.5,10.5,5238.5,-10.5,5235.5,-91.0,5224.0,5244.0,49.0,AGG_BUY,,,,,,
0,132100,VELVETFRUIT_EXTRACT,-1,8.0,5243.0,5244.5,3.0,-0.7538461538461538,1321,-0.0,5243.0,64.0,5235.0,76.0,5233.5,44.0,5237.5,44.0,5237.5,172.0,5221.5,5244.0,-8.0,AGG_SELL,,,,,,
0,132800,VELVETFRUIT_EXTRACT,-1,9.0,5245.0,5246.0,2.0,-0.25,1328,22.5,5242.5,148.5,5228.5,99.0,5234.0,49.5,5239.5,76.5,5236.5,238.5,5218.5,5244.0,9.0,AGG_SELL,,,,,,
0,136700,VELVETFRUIT_EXTRACT,-1,3.0,5238.0,5236.5,5.0,0.45454545454545453,1367,28.5,5228.5,19.5,5231.5,30.0,5228.0,1.5,5237.5,16.5,5232.5,31.5,5227.5,5244.0,-18.0,PASS_SELL,,,,,,
0,137500,VELVETFRUIT_EXTRACT,1,24.0,5232.0,5229.5,5.0,0.4418604651162791,1375,-120.0,5227.0,12.0,5232.5,-180.0,5224.5,108.0,5236.5,-96.0,5228.0,-36.0,5230.5,5244.0,288.0,AGG_BUY,,,,,,
0,137600,VELVETFRUIT_EXTRACT,1,21.0,5231.0,5228.5,5.0,0.0,1376,-31.5,5229.5,42.0,5233.0,-136.5,5224.5,115.5,5236.5,-31.5,5229.5,-10.5,5230.5,5244.0,273.0,AGG_BUY,,,,,,
0,137600,VEV_4500,1,10.0,736.0,728.5,15.0,0.0,1376,-80.0,728.0,-30.0,733.0,-115.0,724.5,5.0,736.5,-60.0,730.0,-55.0,730.5,744.0,80.0,AGG_BUY,,,,,,
0,138600,VELVETFRUIT_EXTRACT,-1,10.0,5228.0,5229.5,3.0,-0.75,1386,5.0,5227.5,-5.0,5228.5,15.0,5226.5,-40.0,5232.0,-10.0,5229.0,-5.0,5228.5,5244.0,-160.0,AGG_SELL,,,,,,
0,139600,VELVETFRUIT_EXTRACT,-1,8.0,5226.0,5227.5,3.0,-0.7288135593220338,1396,-20.0,5228.5,-20.0,5228.5,-16.0,5228.0,-72.0,5235.0,-64.0,5234.0,-28.0,5229.5,5244.0,-144.0,AGG_SELL,,,,,,
0,140500,VELVETFRUIT_EXTRACT,1,10.0,5228.0,5227.0,2.0,0.726027397260274,1405,25.0,5230.5,10.0,5229.0,20.0,5230.0,45.0,5232.5,55.0,5233.5,15.0,5229.5,5244.0,160.0,AGG_BUY,,,,,,
0,140800,VELVETFRUIT_EXTRACT,-1,7.0,5233.0,5231.5,5.0,0.0,1408,3.5,5232.5,38.5,5227.5,3.5,5232.5,3.5,5232.5,3.5,5232.5,17.5,5230.5,5244.0,-77.0,PASS_SELL,,,,,,
0,141700,VELVETFRUIT_EXTRACT,-1,6.0,5233.0,5231.5,5.0,-0.5555555555555556,1417,-6.0,5234.0,30.0,5228.0,3.0,5232.5,15.0,5230.5,-6.0,5234.0,15.0,5230.5,5244.0,-66.0,PASS_SELL,,,,,,
0,144100,VELVETFRUIT_EXTRACT,1,7.0,5228.0,5229.5,5.0,-0.5294117647058824,1441,-7.0,5227.0,-17.5,5225.5,73.5,5238.5,3.5,5228.5,87.5,5240.5,7.0,5229.0,5244.0,112.0,PASS_BUY,,,,,,
0,145100,VELVETFRUIT_EXTRACT,1,5.0,5228.0,5227.0,2.0,0.8412698412698413,1451,-7.5,5226.5,7.5,5229.5,67.5,5241.5,17.5,5231.5,92.5,5246.5,-2.5,5227.5,5244.0,80.0,AGG_BUY,,,,,,
0,145200,VELVETFRUIT_EXTRACT,1,5.0,5227.0,5226.0,2.0,0.5,1452,-2.5,5226.5,12.5,5229.5,72.5,5241.5,22.5,5231.5,92.5,5245.5,-2.5,5226.5,5244.0,85.0,AGG_BUY,,,,,,
0,149400,VELVETFRUIT_EXTRACT,1,6.0,5225.0,5224.0,2.0,0.42857142857142855,1494,39.0,5231.5,84.0,5239.0,144.0,5249.0,27.0,5229.5,138.0,5248.0,15.0,5227.5,5244.0,114.0,AGG_BUY,,,,,,
0,151400,VELVETFRUIT_EXTRACT,-1,10.0,5231.0,5232.5,3.0,-0.3939393939393939,1514,-25.0,5233.5,-105.0,5241.5,-195.0,5250.5,-15.0,5232.5,-135.0,5244.5,-10.0,5232.0,5244.0,-130.0,AGG_SELL,,,,,,
0,152200,VELVETFRUIT_EXTRACT,-1,3.0,5236.0,5234.0,6.0,0.0,1522,13.5,5231.5,-13.5,5240.5,-45.0,5251.0,13.5,5231.5,-33.0,5247.0,7.5,5233.5,5244.0,-24.0,PASS_SELL,,,,,,
0,152400,VELVETFRUIT_EXTRACT,1,3.0,5232.0,5233.5,5.0,0.4074074074074074,1524,1.5,5232.5,34.5,5243.5,61.5,5252.5,1.5,5232.5,46.5,5247.5,0.0,5232.0,5244.0,36.0,PASS_BUY,,,,,,
0,155200,HYDROGEL_PACK,-1,5.0,9990.0,9983.0,16.0,0.0,1552,70.0,9976.0,90.0,9972.0,120.0,9966.0,50.0,9980.0,122.5,9965.5,-150.0,10020.0,9958.0,160.0,PASS_SELL,,,,,,
0,156600,VELVETFRUIT_EXTRACT,-1,4.0,5243.0,5241.5,5.0,0.5714285714285714,1566,-2.0,5243.5,-26.0,5249.5,-30.0,5250.5,78.0,5223.5,14.0,5239.5,50.0,5230.5,5244.0,-4.0,PASS_SELL,,,,,,
0,156700,VELVETFRUIT_EXTRACT,-1,6.0,5242.0,5243.5,3.0,-0.7857142857142857,1567,-15.0,5244.5,-45.0,5249.5,-48.0,5250.0,111.0,5223.5,21.0,5238.5,69.0,5230.5,5244.0,-12.0,AGG_SELL,,,,,,
0,156900,HYDROGEL_PACK,1,5.0,9982.0,9974.0,16.0,0.0,1569,-40.0,9974.0,-75.0,9967.0,-85.0,9965.0,-55.0,9971.0,-25.0,9977.0,162.5,10014.5,9958.0,-120.0,AGG_BUY,,,,,,
0,157400,VELVETFRUIT_EXTRACT,-1,8.0,5242.0,5243.5,3.0,-0.42857142857142855,1574,-12.0,5243.5,-84.0,5252.5,-68.0,5250.5,116.0,5227.5,-4.0,5242.5,44.0,5236.5,5244.0,-16.0,AGG_SELL,,,,,,
0,157400,VEV_4000,1,2.0,1242.0,1237.0,10.0,0.7333333333333333,1574,3.0,1243.5,21.0,1252.5,17.0,1250.5,-29.0,1227.5,1.0,1242.5,-11.0,1236.5,1244.0,4.0,AGG_BUY,,,,,,
0,157400,VEV_4500,1,2.0,742.0,738.5,7.0,0.6363636363636364,1574,4.0,744.0,20.0,752.0,16.0,750.0,-29.0,727.5,0.0,742.0,-12.0,736.0,744.0,4.0,AGG_BUY,,,,,,
0,157400,VEV_5000,1,2.0,249.0,248.0,2.0,0.6363636363636364,1574,4.0,251.0,20.0,259.0,16.0,257.0,-25.0,236.5,2.0,250.0,-10.0,244.0,250.0,2.0,AGG_BUY,,,,,,
0,159000,VELVETFRUIT_EXTRACT,-1,6.0,5248.0,5246.5,5.0,0.0,1590,-12.0,5250.0,-21.0,5251.5,-15.0,5250.5,111.0,5229.5,69.0,5236.5,63.0,5237.5,5244.0,24.0,PASS_SELL,,,,,,
0,159600,VEV_5100,-1,5.0,170.0,171.0,2.0,-0.375,1596,-10.0,172.0,-10.0,172.0,-20.0,174.0,80.0,154.0,42.5,161.5,50.0,160.0,164.0,30.0,AGG_SELL,5247.25,7.8404,0.2501001488728727,170.56073177198004,0.2481318428502145,147.25
0,160800,VEV_4000,1,4.0,1251.0,1246.0,10.0,0.5294117647058824,1608,-2.0,1250.5,-2.0,1250.5,6.0,1252.5,-72.0,1233.0,-56.0,1237.0,-38.0,1241.5,1244.0,-28.0,AGG_BUY,,,,,,
0,160800,VEV_4500,1,4.0,751.0,747.5,7.0,0.2727272727272727,1608,-4.0,750.0,-4.0,750.0,4.0,752.0,-72.0,733.0,-56.0,737.0,-40.0,741.0,744.0,-28.0,AGG_BUY,,,,,,
0,160800,VEV_5000,1,4.0,258.0,256.5,3.0,0.7037037037037037,1608,-4.0,257.0,-4.0,257.0,4.0,259.0,-68.0,241.0,-52.0,245.0,-40.0,248.0,250.0,-32.0,AGG_BUY,,,,,,
0,160800,VEV_5100,1,4.0,172.0,171.0,2.0,0.7037037037037037,1608,-2.0,171.5,-2.0,171.5,4.0,173.0,-56.0,158.0,-44.0,161.0,-34.0,163.5,164.0,-32.0,AGG_BUY,5252.623188405797,7.8392,0.2301633770715632,174.90458205029154,0.24854517840706286,152.623188405797
0,164300,VEV_5100,-1,2.0,171.0,172.5,3.0,-0.8709677419354839,1643,2.0,170.0,-2.0,172.0,6.0,168.0,46.0,148.0,5.0,168.5,11.0,165.5,164.0,14.0,AGG_SELL,5249.12676056338,7.8357,0.25026970542689586,172.05930310352232,0.24827993848776755,149.12676056338023
0,169200,VELVETFRUIT_EXTRACT,1,9.0,5248.0,5247.0,2.0,0.7534246575342466,1692,54.0,5254.0,-22.5,5245.5,-58.5,5241.5,-202.5,5225.5,-49.5,5242.5,-76.5,5239.5,5244.0,-36.0,AGG_BUY,,,,,,
0,169400,VELVETFRUIT_EXTRACT,-1,6.0,5252.0,5250.5,5.0,0.4411764705882353,1694,-9.0,5253.5,45.0,5244.5,75.0,5239.5,147.0,5227.5,33.0,5246.5,69.0,5240.5,5244.0,48.0,PASS_SELL,,,,,,
0,169900,VEV_4000,1,5.0,1254.0,1249.0,10.0,0.375,1699,-7.5,1252.5,-52.5,1243.5,-85.0,1237.0,-142.5,1225.5,-32.5,1247.5,-80.0,1238.0,1244.0,-50.0,AGG_BUY,,,,,,
0,169900,VEV_4500,1,5.0,754.0,750.5,7.0,0.375,1699,-10.0,752.0,-55.0,743.0,-85.0,737.0,-140.0,726.0,-32.5,747.5,-80.0,738.0,744.0,-50.0,AGG_BUY,,,,,,
0,169900,VEV_5000,1,5.0,261.0,259.5,3.0,0.375,1699,-10.0,259.0,-50.0,251.0,-80.0,245.0,-130.0,235.0,-35.0,254.0,-80.0,245.0,250.0,-55.0,AGG_BUY,,,,,,
0,169900,VEV_5100,1,5.0,175.0,174.0,2.0,0.375,1699,-10.0,173.0,-45.0,166.0,-70.0,161.0,-115.0,152.0,-30.0,169.0,-70.0,161.0,164.0,-55.0,AGG_BUY,5255.920454545455,7.8301,0.23181648362411003,177.5648020890785,0.24881647831914563,155.92045454545496
0,170700,VELVETFRUIT_EXTRACT,1,14.0,5250.0,5249.5,1.0,0.2631578947368421,1707,7.0,5250.5,-91.0,5243.5,-203.0,5235.5,-315.0,5227.5,-91.0,5243.5,-98.0,5243.0,5244.0,-84.0,AGG_BUY,,,,,,
0,170800,VELVETFRUIT_EXTRACT,-1,8.0,5252.0,5253.5,3.0,-0.7894736842105263,1708,-4.0,5252.5,80.0,5242.0,128.0,5236.0,208.0,5226.0,52.0,5245.5,68.0,5243.5,5244.0,64.0,AGG_SELL,,,,,,
0,173200,VELVETFRUIT_EXTRACT,-1,5.0,5252.0,5250.5,5.0,-0.42857142857142855,1732,32.5,5245.5,77.5,5236.5,57.5,5240.5,112.5,5229.5,12.5,5249.5,52.5,5241.5,5244.0,40.0,PASS_SELL,,,,,,
0,173700,VEV_4000,1,2.0,1247.0,1242.0,10.0,0.6666666666666666,1737,-5.0,1244.5,-17.0,1238.5,-17.0,1238.5,-37.0,1228.5,3.0,1248.5,-17.0,1238.5,1244.0,-6.0,AGG_BUY,,,,,,
0,173700,VEV_4500,1,2.0,747.0,743.5,7.0,0.6363636363636364,1737,-5.0,744.5,-17.0,738.5,-16.0,739.0,-38.0,728.0,4.0,749.0,-16.0,739.0,744.0,-6.0,AGG_BUY,,,,,,
0,173700,VEV_5000,1,2.0,254.0,253.0,2.0,0.6363636363636364,1737,-4.0,252.0,-16.0,246.0,-14.0,247.0,-34.0,237.0,2.0,255.0,-16.0,246.0,250.0,-8.0,AGG_BUY,,,,,,
0,173700,VEV_5100,1,2.0,169.0,168.0,2.0,0.8461538461538461,1737,-4.0,167.0,-14.0,162.0,-14.0,162.0,-30.0,154.0,2.0,170.0,-14.0,162.0,164.0,-10.0,AGG_BUY,5248.809523809524,7.8263,0.23078832233381838,171.77274049379093,0.24826770098570258,148.80952380952385
0,173900,VELVETFRUIT_EXTRACT,1,5.0,5246.0,5247.5,5.0,0.4457831325301205,1739,-12.5,5243.5,-27.5,5240.5,-37.5,5238.5,-92.5,5227.5,22.5,5250.5,-32.5,5239.5,5244.0,-10.0,PASS_BUY,,,,,,
0,176000,VEV_4000,1,3.0,1241.0,1236.0,10.0,0.45454545454545453,1760,7.5,1243.5,-13.5,1236.5,-10.5,1237.5,-28.5,1231.5,25.5,1249.5,-18.0,1235.0,1244.0,9.0,AGG_BUY,,,,,,
0,176000,VEV_4500,1,3.0,741.0,737.0,8.0,0.45454545454545453,1760,9.0,744.0,-13.5,736.5,-9.0,738.0,-28.5,731.5,24.0,749.0,-18.0,735.0,744.0,9.0,AGG_BUY,,,,,,
0,177200,VEV_4000,1,2.0,1243.0,1238.0,10.0,0.7647058823529411,1772,-13.0,1236.5,-9.0,1238.5,-11.0,1237.5,-21.0,1232.5,6.0,1246.0,-13.0,1236.5,1244.0,2.0,AGG_BUY,,,,,,
0,177200,VEV_4500,1,2.0,743.0,739.5,7.0,0.6363636363636364,1772,-13.0,736.5,-8.0,739.0,-12.0,737.0,-21.0,732.5,9.0,747.5,-14.0,736.0,744.0,2.0,AGG_BUY,,,,,,
0,177200,VEV_5000,1,2.0,251.0,249.5,3.0,0.6363636363636364,1772,-13.0,244.5,-8.0,247.0,-12.0,245.0,-20.0,241.0,11.0,256.5,-14.0,244.0,250.0,-2.0,AGG_BUY,,,,,,
0,179500,VELVETFRUIT_EXTRACT,1,3.0,5237.0,5238.5,5.0,-0.49473684210526314,1795,1.5,5237.5,4.5,5238.5,-6.0,5235.0,-15.0,5232.0,10.5,5240.5,10.5,5240.5,5244.0,21.0,PASS_BUY,,,,,,
0,180400,VELVETFRUIT_EXTRACT,1,9.0,5237.0,5236.0,2.0,0.6896551724137931,1804,0.0,5237.0,13.5,5238.5,-18.0,5235.0,-22.5,5234.5,22.5,5239.5,22.5,5239.5,5244.0,63.0,AGG_BUY,,,,,,
0,181700,VEV_4000,1,4.0,1237.0,1232.0,10.0,0.5555555555555556,1817,6.0,1238.5,2.0,1237.5,-26.0,1230.5,2.0,1237.5,22.0,1242.5,10.0,1239.5,1244.0,28.0,AGG_BUY,,,,,,
0,181700,VEV_4500,1,4.0,737.0,733.0,8.0,0.38461538461538464,1817,8.0,739.0,2.0,737.5,-26.0,730.5,4.0,738.0,24.0,743.0,8.0,739.0,744.0,28.0,AGG_BUY,,,,,,
0,181700,VEV_5000,1,4.0,244.0,243.0,2.0,0.38461538461538464,1817,10.0,246.5,4.0,245.0,-20.0,239.0,8.0,246.0,24.0,250.0,8.0,246.0,250.0,24.0,AGG_BUY,,,,,,
0,184400,VELVETFRUIT_EXTRACT,1,12.0,5237.0,5236.5,1.0,0.1724137931034483,1844,18.0,5238.5,-18.0,5235.5,-102.0,5228.5,66.0,5242.5,-18.0,5235.5,24.0,5239.0,5244.0,84.0,AGG_BUY,,,,,,
0,184900,VEV_4000,1,2.0,1237.0,1232.0,10.0,0.6666666666666666,1849,1.0,1237.5,-1.0,1236.5,-17.0,1228.5,9.0,1241.5,-5.0,1234.5,15.0,1244.5,1244.0,14.0,AGG_BUY,,,,,,
0,184900,VEV_4500,1,2.0,737.0,733.5,7.0,0.6923076923076923,1849,1.0,737.5,-1.0,736.5,-17.0,728.5,9.0,741.5,-6.0,734.0,14.0,744.0,744.0,14.0,AGG_BUY,,,,,,
0,185800,VELVETFRUIT_EXTRACT,1,15.0,5238.0,5237.0,2.0,0.6296296296296297,1858,-37.5,5235.5,-82.5,5232.5,-97.5,5231.5,-67.5,5233.5,-7.5,5237.5,97.5,5244.5,5244.0,90.0,AGG_BUY,,,,,,
0,186600,VEV_4000,1,3.0,1239.0,1234.0,10.0,0.5714285714285714,1866,-7.5,1236.5,-25.5,1230.5,-33.0,1228.0,-19.5,1232.5,-7.5,1236.5,18.0,1245.0,1244.0,15.0,AGG_BUY,,,,,,
0,186600,VEV_4500,1,3.0,739.0,735.0,8.0,0.5384615384615384,1866,-7.5,736.5,-25.5,730.5,-33.0,728.0,-19.5,732.5,-9.0,736.0,18.0,745.0,744.0,15.0,AGG_BUY,,,,,,
0,189900,VELVETFRUIT_EXTRACT,-1,5.0,5236.0,5237.5,3.0,-0.6296296296296297,1899,22.5,5231.5,37.5,5228.5,27.5,5230.5,12.5,5233.5,-55.0,5247.0,-52.5,5246.5,5244.0,-40.0,AGG_SELL,,,,,,
0,190100,VEV_4000,1,4.0,1237.0,1232.0,10.0,0.38461538461538464,1901,-22.0,1231.5,-24.0,1231.0,-18.0,1232.5,-14.0,1233.5,42.0,1247.5,46.0,1248.5,1244.0,28.0,AGG_BUY,,,,,,
0,190100,VEV_4500,1,4.0,737.0,733.0,8.0,0.2727272727272727,1901,-22.0,731.5,-24.0,731.0,-20.0,732.0,-14.0,733.5,42.0,747.5,44.0,748.0,744.0,28.0,AGG_BUY,,,,,,
0,190500,VELVETFRUIT_EXTRACT,1,10.0,5233.0,5232.5,1.0,0.2,1905,-35.0,5229.5,5.0,5233.5,5.0,5233.5,5.0,5233.5,130.0,5246.0,185.0,5251.5,5244.0,110.0,AGG_BUY,,,,,,
0,190600,VELVETFRUIT_EXTRACT,1,5.0,5233.0,5232.0,2.0,0.5833333333333334,1906,-12.5,5230.5,-2.5,5232.5,-2.5,5232.5,2.5,5233.5,62.5,5245.5,72.5,5247.5,5244.0,55.0,AGG_BUY,,,,,,
0,192100,VELVETFRUIT_EXTRACT,-1,18.0,5234.0,5235.5,3.0,-0.5862068965517241,1921,63.0,5230.5,126.0,5227.0,45.0,5231.5,-9.0,5234.5,-171.0,5243.5,-225.0,5246.5,5244.0,-180.0,AGG_SELL,,,,,,
0,193000,VEV_4000,1,2.0,1230.0,1225.0,10.0,0.7333333333333333,1930,-3.0,1228.5,-3.0,1228.5,2.0,1231.0,12.0,1236.0,27.0,1243.5,35.0,1247.5,1244.0,28.0,AGG_BUY,,,,,,
0,193000,VEV_4500,1,2.0,730.0,726.5,7.0,0.5,1930,-2.0,729.0,-3.0,728.5,2.0,731.0,12.0,736.0,28.0,744.0,36.0,748.0,744.0,28.0,AGG_BUY,,,,,,
0,193000,VEV_5000,1,2.0,239.0,237.5,3.0,0.8,1930,-3.0,237.5,-4.0,237.0,1.0,239.5,10.0,244.0,24.0,251.0,30.0,254.0,250.0,22.0,AGG_BUY,,,,,,
0,195300,VELVETFRUIT_EXTRACT,-1,13.0,5233.0,5234.5,3.0,-0.6231884057971014,1953,19.5,5231.5,19.5,5231.5,45.5,5229.5,-162.5,5245.5,-130.0,5243.0,-214.5,5249.5,5244.0,-143.0,AGG_SELL,,,,,,
0,196500,VELVETFRUIT_EXTRACT,1,7.0,5228.0,5229.5,5.0,0.0,1965,-24.5,5224.5,24.5,5231.5,-24.5,5224.5,115.5,5244.5,129.5,5246.5,140.0,5248.0,5244.0,112.0,PASS_BUY,,,,,,
0,197600,VELVETFRUIT_EXTRACT,1,9.0,5225.0,5224.0,2.0,0.7230769230769231,1976,13.5,5226.5,58.5,5231.5,22.5,5227.5,175.5,5244.5,202.5,5247.5,220.5,5249.5,5244.0,171.0,AGG_BUY,,,,,,
0,198200,VEV_4000,1,5.0,1228.0,1223.0,10.0,0.5,1982,10.0,1230.0,7.5,1229.5,-7.5,1226.5,72.5,1242.5,107.5,1249.5,117.5,1251.5,1244.0,80.0,AGG_BUY,,,,,,
0,198200,VEV_4500,1,5.0,728.0,724.0,8.0,0.09090909090909091,1982,10.0,730.0,7.5,729.5,-7.5,726.5,72.5,742.5,105.0,749.0,115.0,751.0,744.0,80.0,AGG_BUY,,,,,,
0,199300,VELVETFRUIT_EXTRACT,-1,7.0,5232.0,5230.0,6.0,0.0,1993,3.5,5231.5,31.5,5227.5,24.5,5228.5,-108.5,5247.5,-171.5,5256.5,-122.5,5249.5,5244.0,-84.0,PASS_SELL,,,,,,
0,199700,VELVETFRUIT_EXTRACT,1,4.0,5228.0,5229.5,5.0,0.0,1997,18.0,5232.5,10.0,5230.5,0.0,5228.0,74.0,5246.5,110.0,5255.5,90.0,5250.5,5244.0,64.0,PASS_BUY,,,,,,
0,200700,VELVETFRUIT_EXTRACT,-1,7.0,5234.0,5232.5,5.0,0.0,2007,3.5,5233.5,38.5,5228.5,-10.5,5235.5,-87.5,5246.5,-140.0,5254.0,-129.5,5252.5,5244.0,-70.0,PASS_SELL,,,,,,
0,200900,VELVETFRUIT_EXTRACT,-1,5.0,5232.0,5233.5,3.0,-0.8245614035087719,2009,-5.0,5233.0,22.5,5227.5,-2.5,5232.5,-62.5,5244.5,-117.5,5255.5,-100.0,5252.0,5244.0,-60.0,AGG_SELL,,,,,,
0,201900,VELVETFRUIT_EXTRACT,1,4.0,5231.0,5233.0,6.0,0.0,2019,-2.0,5230.5,-20.0,5226.0,-22.0,5225.5,62.0,5246.5,106.0,5257.5,106.0,5257.5,5244.0,52.0,PASS_BUY,,,,,,
0,205200,VELVETFRUIT_EXTRACT,-1,7.0,5229.0,5230.5,3.0,-0.7878787878787878,2052,31.5,5224.5,-38.5,5234.5,59.5,5220.5,-115.5,5245.5,-164.5,5252.5,-178.5,5254.5,5244.0,-105.0,AGG_SELL,,,,,,
0,210000,VELVETFRUIT_EXTRACT,-1,22.0,5231.0,5231.5,1.0,0.41935483870967744,2100,-55.0,5233.5,264.0,5219.0,143.0,5224.5,-121.0,5236.5,-539.0,5255.5,-429.0,5250.5,5244.0,-286.0,AGG_SELL,,,,,,
0,210100,VELVETFRUIT_EXTRACT,-1,17.0,5232.0,5234.5,5.0,0.0,2101,25.5,5230.5,204.0,5220.0,110.5,5225.5,-76.5,5236.5,-382.5,5254.5,-314.5,5250.5,5244.0,-204.0,AGG_SELL,,,,,,
0,210700,VELVETFRUIT_EXTRACT,-1,6.0,5237.0,5235.5,5.0,0.0,2107,78.0,5224.0,87.0,5222.5,57.0,5227.5,3.0,5236.5,-108.0,5255.0,-75.0,5249.5,5244.0,-42.0,PASS_SELL,,,,,,
0,211300,VELVETFRUIT_EXTRACT,1,5.0,5228.0,5227.0,2.0,0.6428571428571429,2113,-32.5,5221.5,-22.5,5223.5,-2.5,5227.5,52.5,5238.5,152.5,5258.5,97.5,5247.5,5244.0,80.0,AGG_BUY,,,,,,
0,211700,VELVETFRUIT_EXTRACT,1,7.0,5225.0,5224.0,2.0,0.391304347826087,2117,-38.5,5219.5,-3.5,5224.5,31.5,5229.5,108.5,5240.5,213.5,5255.5,154.0,5247.0,5244.0,133.0,AGG_BUY,,,,,,
0,212900,VEV_4000,1,2.0,1221.0,1216.0,10.0,0.5555555555555556,2129,0.0,1221.0,6.0,1224.0,13.0,1227.5,43.0,1242.5,73.0,1257.5,51.0,1246.5,1244.0,46.0,AGG_BUY,,,,,,
0,212900,VEV_4500,1,2.0,721.0,717.0,8.0,0.6923076923076923,2129,0.0,721.0,6.0,724.0,13.0,727.5,42.0,742.0,74.0,758.0,52.0,747.0,744.0,46.0,AGG_BUY,,,,,,
0,213100,VELVETFRUIT_EXTRACT,-1,6.0,5223.0,5221.5,5.0,-0.42857142857142855,2131,9.0,5221.5,3.0,5222.5,-39.0,5229.5,-120.0,5243.0,-219.0,5259.5,-135.0,5245.5,5244.0,-126.0,PASS_SELL,,,,,,
0,215500,VELVETFRUIT_EXTRACT,-1,11.0,5223.0,5224.5,3.0,-0.7105263157894737,2155,-5.5,5223.5,-44.0,5227.0,-93.5,5231.5,-225.5,5243.5,-363.0,5256.0,-319.0,5252.0,5244.0,-231.0,AGG_SELL,,,,,,
0,216100,VELVETFRUIT_EXTRACT,-1,4.0,5225.0,5223.5,5.0,0.44,2161,-2.0,5225.5,-6.0,5226.5,-28.0,5232.0,-76.0,5244.0,-142.0,5260.5,-110.0,5252.5,5244.0,-76.0,PASS_SELL,,,,,,
0,216600,VELVETFRUIT_EXTRACT,1,7.0,5223.0,5224.5,5.0,0.0,2166,17.5,5225.5,38.5,5228.5,59.5,5231.5,157.5,5245.5,276.5,5262.5,227.5,5255.5,5244.0,147.0,PASS_BUY,,,,,,
0,217200,VELVETFRUIT_EXTRACT,-1,4.0,5226.0,5224.5,5.0,0.46835443037974683,2172,24.0,5220.0,-10.0,5228.5,-26.0,5232.5,-60.0,5241.0,-150.0,5263.5,-126.0,5257.5,5244.0,-72.0,PASS_SELL,,,,,,
0,218200,VELVETFRUIT_EXTRACT,1,12.0,5221.0,5220.0,2.0,0.6307692307692307,2182,54.0,5225.5,102.0,5229.5,186.0,5236.5,246.0,5241.5,516.0,5264.0,390.0,5253.5,5244.0,276.0,AGG_BUY,,,,,,
0,218400,VELVETFRUIT_EXTRACT,1,7.0,5221.0,5220.0,2.0,0.4166666666666667,2184,45.5,5227.5,59.5,5229.5,94.5,5234.5,150.5,5242.5,311.5,5265.5,220.5,5252.5,5244.0,161.0,AGG_BUY,,,,,,
0,220100,VEV_4000,1,5.0,1225.0,1220.0,10.0,0.47368421052631576,2201,7.5,1226.5,30.0,1231.0,52.5,1235.5,112.5,1247.5,212.5,1267.5,142.5,1253.5,1244.0,95.0,AGG_BUY,,,,,,
0,220100,VEV_4500,1,5.0,725.0,721.5,7.0,0.09090909090909091,2201,7.5,726.5,30.0,731.0,52.5,735.5,110.0,747.0,210.0,767.0,145.0,754.0,744.0,95.0,AGG_BUY,,,,,,
0,220200,VELVETFRUIT_EXTRACT,1,7.0,5226.0,5225.0,2.0,0.78125,2202,10.5,5227.5,28.0,5230.0,59.5,5234.5,150.5,5247.5,276.5,5265.5,192.5,5253.5,5244.0,126.0,AGG_BUY,,,,,,
0,220800,VELVETFRUIT_EXTRACT,1,6.0,5227.0,5226.0,2.0,0.8421052631578947,2208,18.0,5230.0,33.0,5232.5,57.0,5236.5,111.0,5245.5,213.0,5262.5,150.0,5252.0,5244.0,102.0,AGG_BUY,,,,,,
0,222700,HYDROGEL_PACK,-1,6.0,10001.0,9994.0,16.0,0.0,2227,69.0,9989.5,60.0,9991.0,114.0,9982.0,72.0,9989.0,-120.0,10021.0,-54.0,10010.0,9958.0,258.0,PASS_SELL,,,,,,
0,223700,HYDROGEL_PACK,1,6.0,9993.0,9989.5,7.0,0.17647058823529413,2237,36.0,9999.0,-54.0,9984.0,-36.0,9987.0,-54.0,9984.0,186.0,10024.0,72.0,10005.0,9958.0,-210.0,AGG_BUY,,,,,,
0,224900,VELVETFRUIT_EXTRACT,-1,11.0,5230.0,5231.5,3.0,-0.6666666666666666,2249,-27.5,5232.5,-38.5,5233.5,-126.5,5241.5,-198.0,5248.0,-335.5,5260.5,-429.0,5269.0,5244.0,-154.0,AGG_SELL,,,,,,
0,225900,VELVETFRUIT_EXTRACT,-1,5.0,5234.0,5232.5,5.0,-0.5053763440860215,2259,2.5,5233.5,-7.5,5235.5,2.5,5233.5,-82.5,5250.5,-167.5,5267.5,-172.5,5268.5,5244.0,-50.0,PASS_SELL,,,,,,
0,226300,VEV_5100,-1,5.0,157.0,158.0,2.0,-0.4117647058823529,2263,-0.0,157.0,-10.0,159.0,-5.0,158.0,-70.0,171.0,-147.5,186.5,-152.5,187.5,164.0,-35.0,AGG_SELL,5232.0,7.7737,0.24612819858491417,158.2354887957299,0.24713580871180404,132.0
0,226700,VELVETFRUIT_EXTRACT,-1,9.0,5232.0,5233.5,3.0,-0.75,2267,-31.5,5235.5,-49.5,5237.5,-4.5,5232.5,-171.0,5251.0,-337.5,5269.5,-351.0,5271.0,5244.0,-108.0,AGG_SELL,,,,,,
0,227800,VELVETFRUIT_EXTRACT,-1,6.0,5238.0,5236.5,5.0,0.4878048780487805,2278,33.0,5232.5,9.0,5236.5,45.0,5230.5,-75.0,5250.5,-201.0,5271.5,-204.0,5272.0,5244.0,-36.0,PASS_SELL,,,,,,
0,228200,VELVETFRUIT_EXTRACT,-1,7.0,5235.0,5236.5,3.0,-0.7971014492753623,2282,17.5,5232.5,-24.5,5238.5,45.5,5228.5,-94.5,5248.5,-241.5,5269.5,-248.5,5270.5,5244.0,-63.0,AGG_SELL,,,,,,
0,229300,VELVETFRUIT_EXTRACT,1,7.0,5232.0,5231.0,2.0,0.8157894736842105,2293,24.5,5235.5,87.5,5244.5,3.5,5232.5,49.0,5239.0,248.5,5267.5,255.5,5268.5,5244.0,84.0,AGG_BUY,,,,,,
0,229500,VELVETFRUIT_EXTRACT,1,15.0,5233.0,5232.0,2.0,0.5714285714285714,2295,22.5,5234.5,112.5,5240.5,7.5,5233.5,112.5,5240.5,487.5,5265.5,532.5,5268.5,5244.0,165.0,AGG_BUY,,,,,,
0,229700,VELVETFRUIT_EXTRACT,-1,7.0,5236.0,5234.5,5.0,0.425,2297,10.5,5234.5,-35.0,5241.0,17.5,5233.5,-24.5,5239.5,-220.5,5267.5,-224.0,5268.0,5244.0,-56.0,PASS_SELL,,,,,,
0,230000,VEV_4000,1,5.0,1233.0,1228.0,10.0,0.4117647058823529,2300,-10.0,1231.0,37.5,1240.5,7.5,1234.5,27.5,1238.5,160.0,1265.0,197.5,1272.5,1244.0,55.0,AGG_BUY,,,,,,
0,230000,VEV_4500,1,5.0,733.0,729.5,7.0,0.23076923076923078,2300,-5.0,732.0,37.5,740.5,10.0,735.0,30.0,739.0,160.0,765.0,195.0,772.0,744.0,55.0,AGG_BUY,,,,,,
0,231000,VEV_4000,1,3.0,1236.0,1231.0,10.0,0.6470588235294118,2310,3.0,1237.0,-7.5,1233.5,-12.0,1232.0,10.5,1239.5,100.5,1269.5,102.0,1270.0,1244.0,24.0,AGG_BUY,,,,,,
0,231000,VEV_4500,1,3.0,736.0,732.0,8.0,0.5384615384615384,2310,3.0,737.0,-9.0,733.0,-12.0,732.0,10.5,739.5,100.5,769.5,102.0,770.0,744.0,24.0,AGG_BUY,,,,,,
0,232700,VELVETFRUIT_EXTRACT,1,3.0,5235.0,5236.5,5.0,0.5952380952380952,2327,18.0,5241.0,-13.5,5230.5,-1.5,5234.5,16.5,5240.5,99.0,5268.0,106.5,5270.5,5244.0,27.0,PASS_BUY,,,,,,
0,235100,VEV_4000,1,3.0,1239.0,1234.0,10.0,0.625,2351,-15.0,1234.0,-16.5,1233.5,19.5,1245.5,-13.5,1234.5,73.5,1263.5,87.0,1268.0,1244.0,15.0,AGG_BUY,,,,,,
0,235100,VEV_4500,1,3.0,739.0,735.5,7.0,0.5714285714285714,2351,-15.0,734.0,-16.5,733.5,18.0,745.0,-15.0,734.0,75.0,764.0,87.0,768.0,744.0,15.0,AGG_BUY,,,,,,
0,235200,VEV_5000,-1,3.0,246.0,247.5,3.0,-0.6,2352,12.0,242.0,12.0,242.0,-18.0,252.0,9.0,243.0,-67.5,268.5,-78.0,272.0,250.0,-12.0,AGG_SELL,,,,,,
0,235200,VEV_5100,-1,3.0,162.0,163.0,2.0,-0.6,2352,9.0,159.0,9.0,159.0,-16.5,167.5,7.5,159.5,-60.0,182.0,-64.5,183.5,164.0,-6.0,AGG_SELL,5237.306818181818,7.7648,0.2502148039721027,162.37784480403843,0.24751002226403518,137.30681818181802
0,235500,VELVETFRUIT_EXTRACT,1,8.0,5234.0,5233.5,1.0,0.36,2355,-4.0,5233.5,-4.0,5233.5,84.0,5244.5,20.0,5236.5,244.0,5264.5,272.0,5268.0,5244.0,80.0,AGG_BUY,,,,,,
0,235900,VELVETFRUIT_EXTRACT,1,8.0,5232.0,5233.5,5.0,0.0,2359,-4.0,5231.5,0.0,5232.0,100.0,5244.5,44.0,5237.5,256.0,5264.0,308.0,5270.5,5244.0,96.0,PASS_BUY,,,,,,
0,237700,VELVETFRUIT_EXTRACT,-1,8.0,5229.0,5230.5,3.0,-0.38461538461538464,2377,-12.0,5230.5,-44.0,5234.5,-124.0,5244.5,-92.0,5240.5,-252.0,5260.5,-300.0,5266.5,5244.0,-120.0,AGG_SELL,,,,,,
0,238700,VELVETFRUIT_EXTRACT,-1,6.0,5232.0,5230.5,5.0,0.0,2387,-9.0,5233.5,-57.0,5241.5,-63.0,5242.5,-75.0,5244.5,-159.0,5258.5,-225.0,5269.5,5244.0,-72.0,PASS_SELL,,,,,,
0,241300,VELVETFRUIT_EXTRACT,1,15.0,5230.0,5229.5,1.0,0.16666666666666666,2413,67.5,5234.5,202.5,5243.5,232.5,5245.5,165.0,5241.0,412.5,5257.5,592.5,5269.5,5244.0,210.0,AGG_BUY,,,,,,
0,242100,VELVETFRUIT_EXTRACT,-1,3.0,5236.0,5234.5,5.0,0.5,2421,-1.5,5236.5,-24.0,5244.0,-34.5,5247.5,-22.5,5243.5,-60.0,5256.0,-94.5,5267.5,5244.0,-24.0,PASS_SELL,,,,,,
0,243300,VELVETFRUIT_EXTRACT,-1,7.0,5238.0,5239.5,3.0,-0.5333333333333333,2433,-38.5,5243.5,-38.5,5243.5,-73.5,5248.5,-38.5,5243.5,-105.0,5253.0,-199.5,5266.5,5244.0,-42.0,AGG_SELL,,,,,,
0,245100,VELVETFRUIT_EXTRACT,-1,14.0,5245.0,5246.5,3.0,-0.6666666666666666,2451,-7.0,5245.5,-35.0,5247.5,7.0,5244.5,35.0,5242.5,-119.0,5253.5,-329.0,5268.5,5244.0,14.0,AGG_SELL,,,,,,
0,248500,VELVETFRUIT_EXTRACT,1,8.0,5242.0,5243.5,5.0,0.4666666666666667,2485,44.0,5247.5,52.0,5248.5,-36.0,5237.5,68.0,5250.5,216.0,5269.0,260.0,5274.5,5244.0,16.0,PASS_BUY,,,,,,
0,250100,VELVETFRUIT_EXTRACT,-1,5.0,5246.0,5247.5,3.0,-0.5454545454545454,2501,-2.5,5246.5,7.5,5244.5,47.5,5236.5,-52.5,5256.5,-117.5,5269.5,-157.5,5277.5,5244.0,10.0,AGG_SELL,,,,,,
0,250200,VELVETFRUIT_EXTRACT,1,7.0,5245.0,5247.0,6.0,0.0,2502,0.0,5245.0,3.5,5245.5,-49.0,5238.0,73.5,5255.5,178.5,5270.5,210.0,5275.0,5244.0,-7.0,PASS_BUY,,,,,,
0,251800,VELVETFRUIT_EXTRACT,-1,4.0,5248.0,5246.5,5.0,-0.5324675324675324,2518,-0.0,5248.0,34.0,5239.5,30.0,5240.5,-34.0,5256.5,-110.0,5275.5,-142.0,5283.5,5244.0,16.0,PASS_SELL,,,,,,
0,256500,VEV_4000,1,4.0,1238.0,1233.0,10.0,0.5,2565,14.0,1241.5,10.0,1240.5,34.0,1246.5,54.0,1251.5,122.0,1268.5,116.0,1267.0,1244.0,24.0,AGG_BUY,,,,,,
0,256500,VEV_4500,1,4.0,738.0,734.5,7.0,0.3333333333333333,2565,12.0,741.0,8.0,740.0,36.0,747.0,52.0,751.0,122.0,768.5,116.0,767.0,744.0,24.0,AGG_BUY,,,,,,
0,256500,VEV_5000,1,4.0,246.0,244.5,3.0,0.6666666666666666,2565,12.0,249.0,8.0,248.0,28.0,253.0,46.0,257.5,110.0,273.5,104.0,272.0,250.0,16.0,AGG_BUY,,,,,,
0,257100,VELVETFRUIT_EXTRACT,-1,7.0,5244.0,5242.5,5.0,-0.43661971830985913,2571,38.5,5238.5,14.0,5242.0,-3.5,5244.5,-59.5,5252.5,-185.5,5270.5,-164.5,5267.5,5244.0,-0.0,PASS_SELL,,,,,,
0,257800,VEV_4000,1,4.0,1239.0,1234.0,10.0,0.38461538461538464,2578,-8.0,1237.0,10.0,1241.5,14.0,1242.5,60.0,1254.0,150.0,1276.5,120.0,1269.0,1244.0,20.0,AGG_BUY,,,,,,
0,257800,VEV_4500,1,4.0,739.0,735.0,8.0,0.38461538461538464,2578,-8.0,737.0,10.0,741.5,12.0,742.0,60.0,754.0,150.0,776.5,120.0,769.0,744.0,20.0,AGG_BUY,,,,,,
0,257900,VELVETFRUIT_EXTRACT,1,10.0,5239.0,5238.0,2.0,0.7058823529411765,2579,-25.0,5236.5,35.0,5242.5,45.0,5243.5,155.0,5254.5,385.0,5277.5,295.0,5268.5,5244.0,50.0,AGG_BUY,,,,,,
0,259200,VELVETFRUIT_EXTRACT,1,11.0,5235.0,5234.0,2.0,0.6333333333333333,2592,33.0,5238.0,137.5,5247.5,82.5,5242.5,214.5,5254.5,506.0,5281.0,379.5,5269.5,5244.0,99.0,AGG_BUY,,,,,,
0,259300,VELVETFRUIT_EXTRACT,1,15.0,5234.0,5233.5,1.0,0.23076923076923078,2593,67.5,5238.5,187.5,5246.5,142.5,5243.5,307.5,5254.5,697.5,5280.5,532.5,5269.5,5244.0,150.0,AGG_BUY,,,,,,
0,260100,HYDROGEL_PACK,-1,2.0,9998.0,9991.0,16.0,0.0,2601,14.0,9991.0,-4.0,10000.0,-8.0,10002.0,-55.0,10025.5,-34.0,10015.0,-52.0,10024.0,9958.0,80.0,PASS_SELL,,,,,,
0,260200,VELVETFRUIT_EXTRACT,1,3.0,5236.0,5238.0,6.0,0.0,2602,3.0,5237.0,22.5,5243.5,34.5,5247.5,49.5,5252.5,142.5,5283.5,75.0,5261.0,5244.0,24.0,PASS_BUY,,,,,,
0,261500,HYDROGEL_PACK,-1,5.0,10008.0,10001.0,16.0,0.0,2615,20.0,10004.0,25.0,10003.0,102.5,9987.5,-55.0,10019.0,-57.5,10019.5,-45.0,10017.0,9958.0,250.0,PASS_SELL,,,,,,
0,263200,VELVETFRUIT_EXTRACT,1,6.0,5241.0,5240.0,2.0,0.8153846153846154,2632,39.0,5247.5,3.0,5241.5,51.0,5249.5,126.0,5262.0,213.0,5276.5,96.0,5257.0,5244.0,18.0,AGG_BUY,,,,,,
0,263400,VEV_4000,1,2.0,1241.0,1236.0,10.0,0.7333333333333333,2634,13.0,1247.5,3.0,1242.5,17.0,1249.5,42.0,1262.0,74.0,1278.0,31.0,1256.5,1244.0,6.0,AGG_BUY,,,,,,
0,263400,VEV_4500,1,2.0,741.0,737.5,7.0,0.6,2634,14.0,748.0,3.0,742.5,16.0,749.0,42.0,762.0,74.0,778.0,30.0,756.0,744.0,6.0,AGG_BUY,,,,,,
0,263400,VEV_5000,1,2.0,249.0,247.5,3.0,0.6,2634,11.0,254.5,2.0,250.0,14.0,256.0,37.0,267.5,67.0,282.5,26.0,262.0,250.0,2.0,AGG_BUY,,,,,,
0,265200,VELVETFRUIT_EXTRACT,1,8.0,5242.0,5243.5,5.0,-0.4457831325301205,2652,20.0,5244.5,44.0,5247.5,36.0,5246.5,124.0,5257.5,292.0,5278.5,148.0,5260.5,5244.0,16.0,PASS_BUY,,,,,,
0,265500,VELVETFRUIT_EXTRACT,1,6.0,5242.0,5243.5,5.0,-0.5897435897435898,2655,27.0,5246.5,27.0,5246.5,33.0,5247.5,84.0,5256.0,201.0,5275.5,123.0,5262.5,5244.0,12.0,PASS_BUY,,,,,,
0,266000,VELVETFRUIT_EXTRACT,1,8.0,5242.0,5243.5,5.0,-0.4888888888888889,2660,16.0,5244.0,20.0,5244.5,56.0,5249.0,148.0,5260.5,284.0,5277.5,164.0,5262.5,5244.0,16.0,PASS_BUY,,,,,,
0,267200,VELVETFRUIT_EXTRACT,1,18.0,5242.0,5241.0,2.0,0.5813953488372093,2672,-9.0,5241.5,27.0,5243.5,171.0,5251.5,387.0,5263.5,729.0,5282.5,315.0,5259.5,5244.0,36.0,AGG_BUY,,,,,,
0,267500,VELVETFRUIT_EXTRACT,1,8.0,5239.0,5240.5,5.0,0.0,2675,20.0,5241.5,44.0,5244.5,84.0,5249.5,212.0,5265.5,348.0,5282.5,172.0,5260.5,5244.0,40.0,PASS_BUY,,,,,,
0,270900,VELVETFRUIT_EXTRACT,1,8.0,5243.0,5245.0,6.0,0.0,2709,0.0,5243.0,60.0,5250.5,-24.0,5240.0,144.0,5261.0,284.0,5278.5,168.0,5264.0,5244.0,8.0,PASS_BUY,,,,,,
0,271500,HYDROGEL_PACK,1,5.0,9991.0,9987.5,7.0,0.375,2715,-15.0,9988.0,-30.0,9985.0,-50.0,9981.0,140.0,10019.0,245.0,10040.0,25.0,9996.0,9958.0,-165.0,AGG_BUY,,,,,,
0,273700,VELVETFRUIT_EXTRACT,-1,3.0,5250.0,5248.5,5.0,0.42857142857142855,2737,4.5,5248.5,16.5,5244.5,40.5,5236.5,-22.5,5257.5,-88.5,5279.5,-34.5,5261.5,5244.0,18.0,PASS_SELL,,,,,,
0,275200,HYDROGEL_PACK,1,2.0,9980.0,9976.0,8.0,0.25,2752,10.0,9985.0,8.0,9984.0,-12.0,9974.0,82.0,10021.0,132.0,10046.0,38.0,9999.0,9958.0,-44.0,AGG_BUY,,,,,,
0,275900,VELVETFRUIT_EXTRACT,-1,6.0,5249.0,5250.5,3.0,-0.8095238095238095,2759,-12.0,5251.0,54.0,5240.0,69.0,5237.5,-111.0,5267.5,-204.0,5283.0,-57.0,5258.5,5244.0,30.0,AGG_SELL,,,,,,
0,276200,VELVETFRUIT_EXTRACT,1,7.0,5249.0,5248.0,2.0,0.7846153846153846,2762,17.5,5251.5,-66.5,5239.5,-73.5,5238.5,136.5,5268.5,245.0,5284.0,49.0,5256.0,5244.0,-35.0,AGG_BUY,,,,,,
0,276400,VELVETFRUIT_EXTRACT,-1,7.0,5251.0,5253.0,4.0,-0.7777777777777778,2764,7.0,5250.0,73.5,5240.5,91.0,5238.0,-119.0,5268.0,-234.5,5284.5,-35.0,5256.0,5244.0,49.0,AGG_SELL,,,,,,
0,277200,VELVETFRUIT_EXTRACT,-1,6.0,5253.0,5251.5,5.0,0.5128205128205128,2772,27.0,5248.5,57.0,5243.5,111.0,5234.5,-105.0,5270.5,-183.0,5283.5,15.0,5250.5,5244.0,54.0,PASS_SELL,,,,,,
0,277200,VEV_4000,1,3.0,1251.0,1246.0,10.0,0.625,2772,-7.5,1248.5,-27.0,1242.0,-49.5,1234.5,58.5,1270.5,97.5,1283.5,-1.5,1250.5,1244.0,-21.0,AGG_BUY,,,,,,
0,277200,VEV_4500,1,3.0,751.0,747.5,7.0,0.6,2772,-6.0,749.0,-27.0,742.0,-49.5,734.5,58.5,770.5,97.5,783.5,-3.0,750.0,744.0,-21.0,AGG_BUY,,,,,,
0,277200,VEV_5000,1,3.0,258.0,256.5,3.0,0.6,2772,-7.5,255.5,-27.0,249.0,-48.0,242.0,52.5,275.5,88.5,287.5,-6.0,256.0,250.0,-24.0,AGG_BUY,,,,,,
0,277200,VEV_5100,1,3.0,172.0,171.0,2.0,0.8,2772,-6.0,170.0,-21.0,165.0,-39.0,159.0,49.5,188.5,82.5,199.5,-6.0,170.0,164.0,-24.0,AGG_BUY,5252.782051282052,7.7228,0.23125954352265227,174.66241665527423,0.2487026492381133,152.78205128205173
0,278800,VELVETFRUIT_EXTRACT,1,51.0,5245.0,5242.0,6.0,0.0,2788,-331.5,5238.5,-510.0,5235.0,-25.5,5244.5,1096.5,5266.5,1555.5,5275.5,255.0,5250.0,5244.0,-51.0,AGG_BUY,,,,,,
0,278800,VEV_4500,1,9.0,750.0,742.0,16.0,0.0,2788,-99.0,739.0,-135.0,735.0,-45.0,745.0,153.0,767.0,229.5,775.5,0.0,750.0,744.0,-54.0,AGG_BUY,,,,,,
0,278900,VELVETFRUIT_EXTRACT,1,24.0,5244.0,5241.5,5.0,0.38461538461538464,2789,-132.0,5238.5,-228.0,5234.5,-12.0,5243.5,540.0,5266.5,732.0,5274.5,156.0,5250.5,5244.0,0.0,AGG_BUY,,,,,,
0,279000,VELVETFRUIT_EXTRACT,1,23.0,5244.0,5241.5,5.0,0.4588235294117647,2790,-126.5,5238.5,-172.5,5236.5,11.5,5244.5,506.0,5266.0,701.5,5274.5,195.5,5252.5,5244.0,0.0,AGG_BUY,,,,,,
0,279100,VELVETFRUIT_EXTRACT,1,19.0,5242.0,5239.5,5.0,0.4647887323943662,2791,-85.5,5237.5,-123.5,5235.5,66.5,5245.5,465.5,5266.5,617.5,5274.5,199.5,5252.5,5244.0,38.0,AGG_BUY,,,,,,
0,279100,VEV_4500,1,12.0,748.0,740.0,16.0,0.0,2791,-126.0,737.5,-150.0,735.5,-36.0,745.0,228.0,767.0,318.0,774.5,48.0,752.0,744.0,-48.0,AGG_BUY,,,,,,
0,279200,VELVETFRUIT_EXTRACT,1,17.0,5242.0,5239.5,5.0,0.575,2792,-76.5,5237.5,-93.5,5236.5,76.5,5246.5,433.5,5267.5,535.5,5273.5,144.5,5250.5,5244.0,34.0,AGG_BUY,,,,,,
0,281300,VELVETFRUIT_EXTRACT,-1,8.0,5239.0,5240.5,3.0,-0.7333333333333333,2813,-24.0,5242.0,4.0,5238.5,-16.0,5241.0,-236.0,5268.5,-260.0,5271.5,-84.0,5249.5,5244.0,-40.0,AGG_SELL,,,,,,
0,281300,VELVETFRUIT_EXTRACT,-1,8.0,5241.0,5240.5,3.0,-0.7333333333333333,2813,-8.0,5242.0,20.0,5238.5,-0.0,5241.0,-220.0,5268.5,-244.0,5271.5,-68.0,5249.5,5244.0,-24.0,PASS_SELL,,,,,,
0,285300,VELVETFRUIT_EXTRACT,-1,5.0,5236.0,5237.5,3.0,-0.8507462686567164,2853,-12.5,5238.5,-57.5,5247.5,-35.0,5243.0,-137.5,5263.5,-172.5,5270.5,-62.5,5248.5,5244.0,-40.0,AGG_SELL,,,,,,
0,286800,VELVETFRUIT_EXTRACT,1,6.0,5233.0,5234.5,5.0,0.0,2868,39.0,5239.5,54.0,5242.0,102.0,5250.0,150.0,5258.0,222.0,5270.0,111.0,5251.5,5244.0,66.0,PASS_BUY,,,,,,
0,288500,VELVETFRUIT_EXTRACT,-1,17.0,5243.0,5245.5,5.0,-0.5466666666666666,2885,-76.5,5247.5,-42.5,5245.5,-127.5,5250.5,-263.5,5258.5,-467.5,5270.5,-85.0,5248.0,5244.0,-17.0,AGG_SELL,,,,,,
0,289200,VELVETFRUIT_EXTRACT,-1,7.0,5245.0,5246.5,3.0,-0.48148148148148145,2892,-21.0,5248.0,14.0,5243.0,-73.5,5255.5,-94.5,5258.5,-178.5,5270.5,7.0,5244.0,5244.0,7.0,AGG_SELL,,,,,,
0,289500,VELVETFRUIT_EXTRACT,-1,7.0,5249.0,5247.5,5.0,0.0,2895,21.0,5246.0,38.5,5243.5,-45.5,5255.5,-66.5,5258.5,-143.5,5269.5,45.5,5242.5,5244.0,35.0,PASS_SELL,,,,,,
0,290700,VEV_4000,1,5.0,1244.0,1239.0,10.0,0.23076923076923078,2907,-2.5,1243.5,7.5,1245.5,50.0,1254.0,70.0,1258.0,105.0,1265.0,2.5,1244.5,1244.0,0.0,AGG_BUY,,,,,,
0,290700,VEV_4500,1,5.0,744.0,740.5,7.0,0.375,2907,-2.5,743.5,10.0,746.0,50.0,754.0,70.0,758.0,105.0,765.0,5.0,745.0,744.0,0.0,AGG_BUY,,,,,,
0,290700,VEV_5000,1,5.0,251.0,250.0,2.0,0.375,2907,-5.0,250.0,10.0,253.0,45.0,260.0,65.0,264.0,95.0,270.0,0.0,251.0,250.0,-5.0,AGG_BUY,,,,,,
0,290700,VEV_5100,1,5.0,166.0,165.5,1.0,0.375,2907,0.0,166.0,10.0,168.0,42.5,174.5,60.0,178.0,90.0,184.0,0.0,166.0,164.0,-10.0,AGG_BUY,5245.802083333333,7.7093,0.23215904262499326,168.96871227616202,0.24819168873461844,145.80208333333303
0,290800,HYDROGEL_PACK,-1,5.0,9997.0,9990.0,16.0,0.0,2908,30.0,9991.0,-30.0,10003.0,-70.0,10011.0,-150.0,10027.0,-50.0,10007.0,-70.0,10011.0,9958.0,195.0,PASS_SELL,,,,,,
0,291100,VELVETFRUIT_EXTRACT,1,24.0,5243.0,5240.5,5.0,0.4838709677419355,2911,12.0,5243.5,24.0,5244.0,252.0,5253.5,348.0,5257.5,552.0,5266.0,48.0,5245.0,5244.0,24.0,AGG_BUY,,,,,,
0,291200,VELVETFRUIT_EXTRACT,1,15.0,5242.0,5239.5,5.0,0.6153846153846154,2912,7.5,5242.5,22.5,5243.5,187.5,5254.5,232.5,5257.5,367.5,5266.5,37.5,5244.5,5244.0,30.0,AGG_BUY,,,,,,
0,291200,VELVETFRUIT_EXTRACT,1,7.0,5238.0,5239.5,5.0,0.6153846153846154,2912,31.5,5242.5,38.5,5243.5,115.5,5254.5,136.5,5257.5,199.5,5266.5,45.5,5244.5,5244.0,42.0,PASS_BUY,,,,,,
0,291400,VELVETFRUIT_EXTRACT,1,6.0,5240.0,5239.0,2.0,0.6,2914,15.0,5242.5,33.0,5245.5,93.0,5255.5,102.0,5257.0,153.0,5265.5,15.0,5242.5,5244.0,24.0,AGG_BUY,,,,,,
0,291700,VELVETFRUIT_EXTRACT,-1,15.0,5244.0,5245.0,2.0,-0.0625,2917,-7.5,5244.5,-82.5,5249.5,-187.5,5256.5,-187.5,5256.5,-330.0,5266.0,22.5,5242.5,5244.0,-0.0,AGG_SELL,,,,,,
0,292400,VELVETFRUIT_EXTRACT,-1,6.0,5244.0,5242.5,5.0,0.5581395348837209,2924,-3.0,5244.5,-21.0,5247.5,-78.0,5257.0,-57.0,5253.5,-129.0,5265.5,18.0,5241.0,5244.0,-0.0,PASS_SELL,,,,,,
0,292800,VELVETFRUIT_EXTRACT,-1,9.0,5246.0,5247.5,3.0,-0.7662337662337663,2928,36.0,5242.0,-22.5,5248.5,-121.5,5259.5,-67.5,5253.5,-144.0,5262.0,31.5,5242.5,5244.0,18.0,AGG_SELL,,,,,,
0,292800,VEV_4000,1,3.0,1246.0,1241.0,10.0,0.625,2928,-7.5,1243.5,7.5,1248.5,37.5,1258.5,22.5,1253.5,48.0,1262.0,-10.5,1242.5,1244.0,-6.0,AGG_BUY,,,,,,
0,292800,VEV_4500,1,3.0,746.0,742.0,8.0,0.5,2928,-7.5,743.5,9.0,749.0,39.0,759.0,24.0,754.0,48.0,762.0,-10.5,742.5,744.0,-6.0,AGG_BUY,,,,,,
0,292800,VEV_5000,1,3.0,252.0,251.0,2.0,0.5,2928,-6.0,250.0,9.0,255.0,37.5,264.5,24.0,260.0,46.5,267.5,-9.0,249.0,250.0,-6.0,AGG_BUY,,,,,,
0,293200,VELVETFRUIT_EXTRACT,1,7.0,5243.0,5244.5,5.0,0.4606741573033708,2932,0.0,5243.0,42.0,5249.0,108.5,5258.5,59.5,5251.5,115.5,5259.5,10.5,5244.5,5244.0,7.0,PASS_BUY,,,,,,
0,293800,VELVETFRUIT_EXTRACT,1,5.0,5243.0,5242.0,2.0,0.5833333333333334,2938,-2.5,5242.5,60.0,5255.0,52.5,5253.5,47.5,5252.5,107.5,5264.5,-7.5,5241.5,5244.0,5.0,AGG_BUY,,,,,,
0,294900,HYDROGEL_PACK,-1,6.0,10005.0,9998.0,16.0,0.0,2949,6.0,10004.0,-54.0,10014.0,-48.0,10013.0,-126.0,10026.0,-117.0,10024.5,36.0,9999.0,9958.0,282.0,PASS_SELL,,,,,,
0,296600,VELVETFRUIT_EXTRACT,-1,21.0,5247.0,5249.5,5.0,-0.5,2966,-10.5,5247.5,-199.5,5256.5,-105.0,5252.0,-346.5,5263.5,-325.5,5262.5,231.0,5236.0,5244.0,63.0,AGG_SELL,,,,,,
0,297100,HYDROGEL_PACK,1,5.0,9996.0,9992.5,7.0,0.47368421052631576,2971,75.0,10011.0,75.0,10011.0,120.0,10020.0,75.0,10011.0,140.0,10024.0,25.0,10001.0,9958.0,-190.0,AGG_BUY,,,,,,
0,297300,VELVETFRUIT_EXTRACT,1,3.0,5246.0,5248.0,6.0,0.0,2973,7.5,5248.5,37.5,5258.5,19.5,5252.5,58.5,5265.5,46.5,5261.5,-13.5,5241.5,5244.0,-6.0,PASS_BUY,,,,,,
0,297600,VELVETFRUIT_EXTRACT,1,8.0,5246.0,5247.5,5.0,0.0,2976,52.0,5252.5,96.0,5258.0,52.0,5252.5,140.0,5263.5,132.0,5262.5,-36.0,5241.5,5244.0,-16.0,PASS_BUY,,,,,,
0,297800,VELVETFRUIT_EXTRACT,-1,5.0,5250.0,5248.5,5.0,0.5588235294117647,2978,-25.0,5255.0,-47.5,5259.5,-20.0,5254.0,-82.5,5266.5,-72.5,5264.5,37.5,5242.5,5244.0,30.0,PASS_SELL,,,,,,
0,299300,HYDROGEL_PACK,-1,6.0,10012.0,10016.0,8.0,-0.4,2993,12.0,10010.0,-0.0,10012.0,-72.0,10024.0,72.0,10000.0,-24.0,10016.0,102.0,9995.0,9958.0,324.0,AGG_SELL,,,,,,
0,304200,VELVETFRUIT_EXTRACT,1,10.0,5252.0,5251.0,2.0,0.696969696969697,3042,5.0,5252.5,25.0,5254.5,95.0,5261.5,195.0,5271.5,115.0,5263.5,35.0,5255.5,5244.0,-80.0,AGG_BUY,,,,,,
0,304400,HYDROGEL_PACK,-1,10.0,10010.0,10014.5,9.0,-0.2,3044,-20.0,10012.0,-110.0,10021.0,-30.0,10013.0,30.0,10007.0,110.0,9999.0,200.0,9990.0,9958.0,520.0,AGG_SELL,,,,,,
0,304700,VELVETFRUIT_EXTRACT,-1,4.0,5254.0,5252.5,5.0,0.0,3047,-2.0,5254.5,6.0,5252.5,-26.0,5260.5,-70.0,5271.5,-34.0,5262.5,-6.0,5255.5,5244.0,40.0,PASS_SELL,,,,,,
0,305800,HYDROGEL_PACK,-1,2.0,10019.0,10012.0,16.0,0.0,3058,-0.0,10019.0,-4.0,10021.0,4.0,10017.0,36.0,10001.0,58.0,9990.0,64.0,9987.0,9958.0,122.0,PASS_SELL,,,,,,
0,307800,HYDROGEL_PACK,-1,15.0,10016.0,10024.0,16.0,0.0,3078,-120.0,10024.0,-60.0,10020.0,-150.0,10026.0,75.0,10011.0,345.0,9993.0,645.0,9973.0,9958.0,870.0,AGG_SELL,,,,,,
0,308100,HYDROGEL_PACK,-1,12.0,10017.0,10025.0,16.0,0.0,3081,-72.0,10023.0,24.0,10015.0,-0.0,10017.0,132.0,10006.0,288.0,9993.0,504.0,9975.0,9958.0,708.0,AGG_SELL,,,,,,
0,309000,VELVETFRUIT_EXTRACT,-1,7.0,5256.0,5257.5,3.0,-0.7704918032786885,3090,3.5,5255.5,-42.0,5262.0,-73.5,5266.5,-189.0,5283.0,-108.5,5271.5,101.5,5241.5,5244.0,84.0,AGG_SELL,,,,,,
0,309900,HYDROGEL_PACK,-1,5.0,10021.0,10025.5,9.0,-0.3333333333333333,3099,27.5,10015.5,45.0,10012.0,15.0,10018.0,40.0,10013.0,180.0,9985.0,232.5,9974.5,9958.0,315.0,AGG_SELL,,,,,,
0,310100,HYDROGEL_PACK,-1,9.0,10021.0,10025.5,9.0,-0.25,3101,36.0,10017.0,72.0,10013.0,27.0,10018.0,54.0,10015.0,333.0,9984.0,414.0,9975.0,9958.0,567.0,AGG_SELL,,,,,,
0,310400,HYDROGEL_PACK,-1,10.0,10018.0,10026.0,16.0,0.0,3104,-10.0,10019.0,30.0,10015.0,-40.0,10022.0,30.0,10015.0,350.0,9983.0,400.0,9978.0,9958.0,600.0,AGG_SELL,,,,,,
0,311500,HYDROGEL_PACK,-1,5.0,10026.0,10019.0,16.0,0.0,3115,20.0,10022.0,15.0,10023.0,35.0,10019.0,32.5,10019.5,212.5,9983.5,250.0,9976.0,9958.0,340.0,PASS_SELL,,,,,,
0,313400,HYDROGEL_PACK,-1,5.0,10022.0,10015.0,16.0,0.0,3134,45.0,10013.0,5.0,10021.0,-20.0,10026.0,40.0,10014.0,225.0,9977.0,240.0,9974.0,9958.0,320.0,PASS_SELL,,,,,,
0,314600,VELVETFRUIT_EXTRACT,1,15.0,5258.0,5257.5,1.0,0.11764705882352941,3146,7.5,5258.5,127.5,5266.5,-7.5,5257.5,307.5,5278.5,90.0,5264.0,-112.5,5250.5,5244.0,-210.0,AGG_BUY,,,,,,
0,315800,VELVETFRUIT_EXTRACT,-1,10.0,5258.0,5259.5,3.0,-0.7619047619047619,3158,-55.0,5263.5,-45.0,5262.5,-90.0,5267.0,-185.0,5276.5,-45.0,5262.5,50.0,5253.0,5244.0,140.0,AGG_SELL,,,,,,
0,316100,HYDROGEL_PACK,-1,11.0,10015.0,10023.0,16.0,0.0,3161,-110.0,10025.0,-44.0,10019.0,-104.5,10024.5,-132.0,10027.0,429.0,9976.0,297.0,9988.0,9958.0,627.0,AGG_SELL,,,,,,
0,316700,VEV_4000,1,5.0,1263.0,1258.0,10.0,0.4117647058823529,3167,2.5,1263.5,-22.5,1258.5,32.5,1269.5,87.5,1280.5,7.5,1264.5,-47.5,1253.5,1244.0,-95.0,AGG_BUY,,,,,,
0,316700,VEV_4500,1,5.0,763.0,759.5,7.0,0.2857142857142857,3167,2.5,763.5,-25.0,758.0,32.5,769.5,87.5,780.5,10.0,765.0,-45.0,754.0,744.0,-95.0,AGG_BUY,,,,,,
0,316700,VEV_5000,1,5.0,269.0,267.5,3.0,0.2857142857142857,3167,0.0,269.0,-25.0,264.0,27.5,274.5,77.5,284.5,5.0,270.0,-47.5,259.5,250.0,-95.0,AGG_BUY,,,,,,
0,316900,HYDROGEL_PACK,-1,10.0,10018.0,10026.0,16.0,0.0,3169,-60.0,10024.0,-10.0,10019.0,-90.0,10027.0,-190.0,10037.0,480.0,9970.0,310.0,9987.0,9958.0,600.0,AGG_SELL,,,,,,
0,317600,VEV_4000,1,2.0,1263.0,1258.0,10.0,0.7142857142857143,3176,7.0,1266.5,-1.0,1262.5,16.0,1271.0,35.0,1280.5,3.0,1264.5,-19.0,1253.5,1244.0,-38.0,AGG_BUY,,,,,,
0,317600,VEV_4500,1,2.0,763.0,759.5,7.0,0.5555555555555556,3176,8.0,767.0,-2.0,762.0,16.0,771.0,35.0,780.5,2.0,764.0,-20.0,753.0,744.0,-38.0,AGG_BUY,,,,,,
0,317600,VEV_5000,1,2.0,269.0,267.5,3.0,0.5555555555555556,3176,6.0,272.0,-2.0,268.0,14.0,276.0,32.0,285.0,1.0,269.5,-20.0,259.0,250.0,-38.0,AGG_BUY,,,,,,
0,318500,VELVETFRUIT_EXTRACT,-1,7.0,5265.0,5266.5,3.0,-0.8108108108108109,3185,-10.5,5266.5,52.5,5257.5,-10.5,5266.5,-45.5,5271.5,-17.5,5267.5,84.0,5253.0,5244.0,147.0,AGG_SELL,,,,,,
0,320800,HYDROGEL_PACK,-1,10.0,10017.0,10025.0,16.0,0.0,3208,-10.0,10018.0,-120.0,10029.0,-190.0,10036.0,-225.0,10039.5,510.0,9966.0,170.0,10000.0,9958.0,590.0,AGG_SELL,,,,,,
0,320900,HYDROGEL_PACK,-1,12.0,10018.0,10026.0,16.0,0.0,3209,-12.0,10019.0,-108.0,10027.0,-168.0,10032.0,-252.0,10039.0,612.0,9967.0,240.0,9998.0,9958.0,720.0,AGG_SELL,,,,,,
0,320900,HYDROGEL_PACK,-1,4.0,10033.0,10026.0,16.0,0.0,3209,56.0,10019.0,24.0,10027.0,4.0,10032.0,-24.0,10039.0,264.0,9967.0,140.0,9998.0,9958.0,300.0,PASS_SELL,,,,,,
0,320900,VELVETFRUIT_EXTRACT,1,6.0,5262.0,5261.0,2.0,0.5384615384615384,3209,-15.0,5259.5,33.0,5267.5,39.0,5268.5,99.0,5278.5,15.0,5264.5,-15.0,5259.5,5244.0,-108.0,AGG_BUY,,,,,,
0,321200,VELVETFRUIT_EXTRACT,1,10.0,5257.0,5256.0,2.0,0.7297297297297297,3212,45.0,5261.5,115.0,5268.5,115.0,5268.5,215.0,5278.5,100.0,5267.0,5.0,5257.5,5244.0,-130.0,AGG_BUY,,,,,,
0,322600,VELVETFRUIT_EXTRACT,-1,9.0,5262.0,5263.5,3.0,-0.7428571428571429,3226,40.5,5257.5,-85.5,5271.5,-49.5,5267.5,-162.0,5280.0,-49.5,5267.5,58.5,5255.5,5244.0,162.0,AGG_SELL,,,,,,
0,322700,VELVETFRUIT_EXTRACT,1,6.0,5260.0,5259.0,2.0,0.6,3227,-15.0,5257.5,66.0,5271.0,48.0,5268.0,123.0,5280.5,45.0,5267.5,-36.0,5254.0,5244.0,-96.0,AGG_BUY,,,,,,
0,323100,VELVETFRUIT_EXTRACT,1,9.0,5260.0,5259.0,2.0,0.25,3231,-13.5,5258.5,85.5,5269.5,72.0,5268.0,175.5,5279.5,58.5,5266.5,-58.5,5253.5,5244.0,-144.0,AGG_BUY,,,,,,
0,323400,HYDROGEL_PACK,-1,10.0,10018.0,10026.0,16.0,0.0,3234,-140.0,10032.0,-160.0,10034.0,-190.0,10037.0,-190.0,10037.0,510.0,9967.0,300.0,9988.0,9958.0,600.0,AGG_SELL,,,,,,
0,323400,VELVETFRUIT_EXTRACT,1,12.0,5258.0,5257.5,1.0,0.2,3234,0.0,5258.0,126.0,5268.5,102.0,5266.5,246.0,5278.5,90.0,5265.5,-42.0,5254.5,5244.0,-168.0,AGG_BUY,,,,,,
0,323800,HYDROGEL_PACK,-1,13.0,10021.0,10029.0,16.0,0.0,3238,-130.0,10031.0,-195.0,10036.0,-234.0,10039.0,-325.0,10046.0,637.0,9972.0,546.0,9979.0,9958.0,819.0,AGG_SELL,,,,,,
0,323900,HYDROGEL_PACK,-1,10.0,10022.0,10030.0,16.0,0.0,3239,-60.0,10028.0,-140.0,10036.0,-140.0,10036.0,-250.0,10047.0,490.0,9973.0,440.0,9978.0,9958.0,640.0,AGG_SELL,,,,,,
0,323900,VELVETFRUIT_EXTRACT,1,7.0,5258.0,5257.0,2.0,0.8082191780821918,3239,17.5,5260.5,59.5,5266.5,42.0,5264.0,150.5,5279.5,38.5,5263.5,-45.5,5251.5,5244.0,-98.0,AGG_BUY,,,,,,
0,324000,HYDROGEL_PACK,-1,11.0,10022.0,10030.0,16.0,0.0,3240,-22.0,10024.0,-121.0,10033.0,-154.0,10036.0,-286.0,10048.0,533.5,9973.5,495.0,9977.0,9958.0,704.0,AGG_SELL,,,,,,
0,324100,HYDROGEL_PACK,-1,13.0,10022.0,10030.0,16.0,0.0,3241,-26.0,10024.0,-143.0,10033.0,-221.0,10039.0,-364.0,10050.0,585.0,9977.0,559.0,9979.0,9958.0,832.0,AGG_SELL,,,,,,
0,324200,HYDROGEL_PACK,-1,13.0,10023.0,10031.0,16.0,0.0,3242,26.0,10021.0,-143.0,10034.0,-214.5,10039.5,-364.0,10051.0,611.0,9976.0,585.0,9978.0,9958.0,845.0,AGG_SELL,,,,,,
0,324300,HYDROGEL_PACK,-1,15.0,10023.0,10031.0,16.0,0.0,3243,30.0,10021.0,-180.0,10035.0,-210.0,10037.0,-435.0,10052.0,720.0,9975.0,660.0,9979.0,9958.0,975.0,AGG_SELL,,,,,,
0,324400,HYDROGEL_PACK,-1,15.0,10024.0,10032.0,16.0,0.0,3244,60.0,10020.0,-180.0,10036.0,-240.0,10040.0,-345.0,10047.0,735.0,9975.0,660.0,9980.0,9958.0,990.0,AGG_SELL,,,,,,
0,324500,HYDROGEL_PACK,-1,13.0,10026.0,10034.0,16.0,0.0,3245,39.0,10023.0,-143.0,10037.0,-195.0,10041.0,-260.0,10046.0,650.0,9976.0,572.0,9982.0,9958.0,884.0,AGG_SELL,,,,,,
0,324600,HYDROGEL_PACK,-1,15.0,10025.0,10033.0,16.0,0.0,3246,-7.5,10025.5,-165.0,10036.0,-225.0,10040.0,-240.0,10041.0,690.0,9979.0,660.0,9981.0,9958.0,1005.0,AGG_SELL,,,,,,
0,324700,HYDROGEL_PACK,-1,15.0,10023.0,10031.0,16.0,0.0,3247,-90.0,10029.0,-195.0,10036.0,-225.0,10038.0,-345.0,10046.0,630.0,9981.0,600.0,9983.0,9958.0,975.0,AGG_SELL,,,,,,
0,324800,HYDROGEL_PACK,-1,15.0,10023.0,10031.0,16.0,0.0,3248,-90.0,10029.0,-225.0,10038.0,-195.0,10036.0,-330.0,10045.0,615.0,9982.0,547.5,9986.5,9958.0,975.0,AGG_SELL,,,,,,
0,325100,VELVETFRUIT_EXTRACT,-1,19.0,5262.0,5264.5,5.0,-0.5529411764705883,3251,-123.5,5268.5,-47.5,5264.5,-28.5,5263.5,-408.5,5283.5,-66.5,5265.5,342.0,5244.0,5244.0,342.0,AGG_SELL,,,,,,
0,325200,VELVETFRUIT_EXTRACT,-1,16.0,5263.0,5265.5,5.0,-0.5428571428571428,3252,-88.0,5268.5,-24.0,5264.5,8.0,5262.5,-312.0,5282.5,-32.0,5265.0,264.0,5246.5,5244.0,304.0,AGG_SELL,,,,,,
0,325700,HYDROGEL_PACK,-1,12.0,10021.0,10029.0,16.0,0.0,3257,-96.0,10029.0,-144.0,10033.0,-240.0,10041.0,-420.0,10056.0,420.0,9986.0,504.0,9979.0,9958.0,756.0,AGG_SELL,,,,,,
0,325800,HYDROGEL_PACK,-1,10.0,10021.0,10029.0,16.0,0.0,3258,-80.0,10029.0,-150.0,10036.0,-220.0,10043.0,-350.0,10056.0,360.0,9985.0,390.0,9982.0,9958.0,630.0,AGG_SELL,,,,,,
0,326700,HYDROGEL_PACK,-1,10.0,10021.0,10029.0,16.0,0.0,3267,-110.0,10032.0,-160.0,10037.0,-190.0,10040.0,-440.0,10065.0,360.0,9985.0,390.0,9982.0,9958.0,630.0,AGG_SELL,,,,,,
0,326800,HYDROGEL_PACK,-1,14.0,10021.0,10029.0,16.0,0.0,3268,-168.0,10033.0,-238.0,10038.0,-294.0,10042.0,-644.0,10067.0,532.0,9983.0,532.0,9983.0,9958.0,882.0,AGG_SELL,,,,,,
0,327400,HYDROGEL_PACK,-1,12.0,10023.0,10031.0,16.0,0.0,3274,-132.0,10034.0,-168.0,10037.0,-198.0,10039.5,-444.0,10060.0,390.0,9990.5,600.0,9973.0,9958.0,780.0,AGG_SELL,,,,,,
0,327500,HYDROGEL_PACK,-1,12.0,10025.0,10033.0,16.0,0.0,3275,-108.0,10034.0,-180.0,10040.0,-144.0,10037.0,-420.0,10060.0,432.0,9989.0,624.0,9973.0,9958.0,804.0,AGG_SELL,,,,,,
0,327600,HYDROGEL_PACK,-1,14.0,10024.0,10032.0,16.0,0.0,3276,-126.0,10033.0,-210.0,10039.0,-196.0,10038.0,-434.0,10055.0,462.0,9991.0,819.0,9965.5,9958.0,924.0,AGG_SELL,,,,,,
0,327700,HYDROGEL_PACK,-1,15.0,10024.0,10032.0,16.0,0.0,3277,-180.0,10036.0,-210.0,10038.0,-240.0,10040.0,-525.0,10059.0,450.0,9994.0,810.0,9970.0,9958.0,990.0,AGG_SELL,,,,,,
0,327800,HYDROGEL_PACK,-1,11.0,10025.0,10033.0,16.0,0.0,3278,-121.0,10036.0,-143.0,10038.0,-143.0,10038.0,-418.0,10063.0,352.0,9993.0,605.0,9970.0,9958.0,737.0,AGG_SELL,,,,,,
0,329500,VEV_5100,-1,9.0,184.0,186.0,4.0,0.0,3295,-0.0,184.0,22.5,181.5,49.5,178.5,-76.5,192.5,112.5,171.5,31.5,180.5,164.0,180.0,AGG_SELL,5265.666666666667,7.6705,0.2541357829857469,185.11555117338685,0.24980684191120278,165.66666666666697
0,331800,VELVETFRUIT_EXTRACT,-1,5.0,5268.0,5269.5,3.0,-0.8461538461538461,3318,-2.5,5268.5,50.0,5258.0,57.5,5256.5,-7.5,5269.5,92.5,5249.5,62.5,5255.5,5244.0,120.0,AGG_SELL,,,,,,
0,332300,VEV_4000,1,4.0,1270.0,1264.5,11.0,0.5789473684210527,3323,-18.0,1265.5,-34.0,1261.5,-62.0,1254.5,10.0,1272.5,-90.0,1247.5,-62.0,1254.5,1244.0,-104.0,AGG_BUY,,,,,,
0,332300,VEV_4500,1,4.0,770.0,766.0,8.0,0.5,3323,-18.0,765.5,-34.0,761.5,-60.0,755.0,12.0,773.0,-88.0,748.0,-62.0,754.5,744.0,-104.0,AGG_BUY,,,,,,
0,335400,VELVETFRUIT_EXTRACT,-1,8.0,5265.0,5263.5,5.0,0.0,3354,20.0,5262.5,68.0,5256.5,100.0,5252.5,-52.0,5271.5,140.0,5247.5,84.0,5254.5,5244.0,168.0,PASS_SELL,,,,,,
0,336800,VELVETFRUIT_EXTRACT,1,6.0,5259.0,5258.0,2.0,0.6129032258064516,3368,-3.0,5258.5,-15.0,5256.5,24.0,5263.0,66.0,5270.0,-75.0,5246.5,6.0,5260.0,5244.0,-90.0,AGG_BUY,,,,,,
0,345100,VELVETFRUIT_EXTRACT,-1,5.0,5252.0,5253.5,3.0,-0.8148148148148148,3451,-32.5,5258.5,-87.5,5269.5,-102.5,5272.5,-55.0,5263.0,-5.0,5253.0,-15.0,5255.0,5244.0,40.0,AGG_SELL,,,,,,
0,345400,VELVETFRUIT_EXTRACT,1,8.0,5251.0,5252.5,5.0,0.0,3454,76.0,5260.5,156.0,5270.5,180.0,5273.5,108.0,5264.5,12.0,5252.5,52.0,5257.5,5244.0,-56.0,PASS_BUY,,,,,,
0,345600,VELVETFRUIT_EXTRACT,-1,7.0,5254.0,5255.5,3.0,-0.7704918032786885,3456,-66.5,5263.5,-129.5,5272.5,-143.5,5274.5,-66.5,5263.5,31.5,5249.5,-38.5,5259.5,5244.0,70.0,AGG_SELL,,,,,,
0,346200,VELVETFRUIT_EXTRACT,-1,17.0,5258.0,5260.5,5.0,0.0,3462,-127.5,5265.5,-238.0,5272.0,-246.5,5272.5,-76.5,5262.5,178.5,5247.5,-42.5,5260.5,5244.0,238.0,AGG_SELL,,,,,,
0,346300,VELVETFRUIT_EXTRACT,-1,8.0,5261.0,5259.5,5.0,-0.425,3463,-36.0,5265.5,-84.0,5271.5,-80.0,5271.0,-12.0,5262.5,92.0,5249.5,16.0,5259.0,5244.0,136.0,PASS_SELL,,,,,,
0,348300,VELVETFRUIT_EXTRACT,-1,8.0,5269.0,5270.0,2.0,-0.42857142857142855,3483,20.0,5266.5,-20.0,5271.5,-84.0,5279.5,60.0,5261.5,156.0,5249.5,72.0,5260.0,5244.0,200.0,AGG_SELL,,,,,,
0,350700,VELVETFRUIT_EXTRACT,-1,6.0,5275.0,5273.5,5.0,-0.5164835164835165,3507,-12.0,5277.0,3.0,5274.5,-24.0,5279.0,81.0,5261.5,195.0,5242.5,129.0,5253.5,5244.0,186.0,PASS_SELL,,,,,,
0,351700,VELVETFRUIT_EXTRACT,-1,7.0,5275.0,5277.0,4.0,-0.7777777777777778,3517,24.5,5271.5,45.5,5268.5,-45.5,5281.5,73.5,5264.5,248.5,5239.5,143.5,5254.5,5244.0,217.0,AGG_SELL,,,,,,
0,352700,VELVETFRUIT_EXTRACT,-1,7.0,5273.0,5271.5,5.0,-0.4457831325301205,3527,17.5,5270.5,-3.5,5273.5,-45.5,5279.5,87.5,5260.5,255.5,5236.5,143.5,5252.5,5244.0,203.0,PASS_SELL,,,,,,
0,353900,VELVETFRUIT_EXTRACT,1,9.0,5271.0,5270.0,2.0,0.3793103448275862,3539,31.5,5274.5,94.5,5281.5,49.5,5276.5,-85.5,5261.5,-315.0,5236.0,-144.0,5255.0,5244.0,-243.0,AGG_BUY,,,,,,
0,356600,VELVETFRUIT_EXTRACT,1,25.0,5270.0,5267.5,5.0,0.4444444444444444,3566,62.5,5272.5,262.5,5280.5,262.5,5280.5,-112.5,5265.5,-737.5,5240.5,-287.5,5258.5,5244.0,-650.0,AGG_BUY,,,,,,
0,357800,VELVETFRUIT_EXTRACT,-1,23.0,5274.0,5276.5,5.0,0.0,3578,-149.5,5280.5,-80.5,5277.5,-126.5,5279.5,80.5,5270.5,724.5,5242.5,540.5,5250.5,5244.0,690.0,AGG_SELL,,,,,,
0,357900,VELVETFRUIT_EXTRACT,-1,58.0,5275.0,5277.5,5.0,0.5064935064935064,3579,-377.0,5281.5,-174.0,5278.0,-174.0,5278.0,203.0,5271.5,1885.0,5242.5,1392.0,5251.0,5244.0,1798.0,AGG_SELL,,,,,,
0,358000,VELVETFRUIT_EXTRACT,-1,18.0,5276.0,5277.0,2.0,0.38461538461538464,3580,-126.0,5283.0,-36.0,5278.0,-9.0,5276.5,99.0,5270.5,639.0,5240.5,441.0,5251.5,5244.0,576.0,AGG_SELL,,,,,,
0,358200,HYDROGEL_PACK,1,6.0,9995.0,10002.0,16.0,0.0,3582,96.0,10011.0,108.0,10013.0,282.0,10042.0,18.0,9998.0,-186.0,9964.0,126.0,10016.0,9958.0,-222.0,PASS_BUY,,,,,,
0,358200,VELVETFRUIT_EXTRACT,-1,25.0,5277.0,5279.5,5.0,-0.38271604938271603,3582,-100.0,5281.0,12.5,5276.5,75.0,5274.0,187.5,5269.5,937.5,5239.5,625.0,5252.0,5244.0,825.0,AGG_SELL,,,,,,
0,359900,VELVETFRUIT_EXTRACT,-1,5.0,5282.0,5283.5,3.0,-0.5,3599,22.5,5277.5,12.5,5279.5,27.5,5276.5,67.5,5268.5,227.5,5236.5,142.5,5253.5,5244.0,190.0,AGG_SELL,,,,,,
0,360000,VEV_4000,1,4.0,1282.0,1277.0,10.0,0.38461538461538464,3600,-22.0,1276.5,-16.0,1278.0,-20.0,1277.0,-46.0,1270.5,-182.0,1236.5,-114.0,1253.5,1244.0,-152.0,AGG_BUY,,,,,,
0,360000,VEV_4500,1,4.0,782.0,778.5,7.0,0.42857142857142855,3600,-24.0,776.0,-16.0,778.0,-20.0,777.0,-46.0,770.5,-180.0,737.0,-116.0,753.0,744.0,-152.0,AGG_BUY,,,,,,
0,360000,VEV_5000,1,4.0,287.0,285.5,3.0,0.42857142857142855,3600,-26.0,280.5,-18.0,282.5,-22.0,281.5,-46.0,275.5,-172.0,244.0,-112.0,259.0,250.0,-148.0,AGG_BUY,,,,,,
0,362200,HYDROGEL_PACK,-1,6.0,10018.0,10022.0,8.0,-0.15789473684210525,3622,30.0,10013.0,-114.0,10037.0,-168.0,10046.0,234.0,9979.0,321.0,9964.5,66.0,10007.0,9958.0,360.0,AGG_SELL,,,,,,
0,366300,VELVETFRUIT_EXTRACT,-1,7.0,5278.0,5277.5,1.0,0.5151515151515151,3663,-31.5,5282.5,-3.5,5278.5,-38.5,5283.5,108.5,5262.5,336.0,5230.0,136.5,5258.5,5244.0,238.0,PASS_SELL,,,,,,
0,368400,VELVETFRUIT_EXTRACT,1,16.0,5275.0,5272.5,5.0,0.0,3684,-8.0,5274.5,56.0,5278.5,-40.0,5272.5,-152.0,5265.5,-712.0,5230.5,-184.0,5263.5,5244.0,-496.0,AGG_BUY,,,,,,
0,368600,VELVETFRUIT_EXTRACT,1,19.0,5273.0,5270.5,5.0,0.0,3686,47.5,5275.5,114.0,5279.0,9.5,5273.5,-85.5,5268.5,-826.5,5229.5,-180.5,5263.5,5244.0,-551.0,AGG_BUY,,,,,,
0,371900,VELVETFRUIT_EXTRACT,-1,7.0,5280.0,5281.5,3.0,-0.4166666666666667,3719,10.5,5278.5,-24.5,5283.5,66.5,5270.5,105.0,5265.0,318.5,5234.5,136.5,5260.5,5244.0,252.0,AGG_SELL,,,,,,
0,373300,VEV_5100,-1,2.0,193.0,194.5,3.0,-0.5,3733,-9.0,197.5,3.0,191.5,3.0,191.5,19.0,183.5,68.0,159.0,24.0,181.0,164.0,58.0,AGG_SELL,5276.470588235294,7.6267,0.2530417026968077,194.06563412385094,0.25079509236245395,176.4705882352937
0,374900,VELVETFRUIT_EXTRACT,-1,3.0,5286.0,5284.5,5.0,0.0,3749,9.0,5283.0,42.0,5272.0,37.5,5273.5,64.5,5264.5,156.0,5234.0,82.5,5258.5,5244.0,126.0,PASS_SELL,,,,,,
0,375800,VELVETFRUIT_EXTRACT,-1,9.0,5282.0,5283.5,3.0,-0.775,3758,4.5,5281.5,81.0,5273.0,130.5,5267.5,139.5,5266.5,463.5,5230.5,202.5,5259.5,5244.0,342.0,AGG_SELL,,,,,,
0,376500,VELVETFRUIT_EXTRACT,-1,3.0,5286.0,5284.5,5.0,0.5641025641025641,3765,9.0,5283.0,43.5,5271.5,54.0,5268.0,70.5,5262.5,145.5,5237.5,88.5,5256.5,5244.0,126.0,PASS_SELL,,,,,,
0,376700,VELVETFRUIT_EXTRACT,-1,8.0,5285.0,5283.5,5.0,0.0,3767,28.0,5281.5,108.0,5271.5,124.0,5269.5,184.0,5262.0,388.0,5236.5,228.0,5256.5,5244.0,328.0,PASS_SELL,,,,,,
0,378400,VELVETFRUIT_EXTRACT,1,16.0,5275.0,5272.5,5.0,0.5897435897435898,3784,0.0,5275.0,-8.0,5274.5,-56.0,5271.5,-264.0,5258.5,-648.0,5234.5,-288.0,5257.0,5244.0,-496.0,AGG_BUY,,,,,,
0,379500,VEV_5100,-1,2.0,191.0,192.5,3.0,-0.8823529411764706,3795,5.0,188.5,-1.0,191.5,6.0,188.0,39.0,171.5,60.0,161.0,32.0,175.0,164.0,54.0,AGG_SELL,5274.0,7.6205,0.2533629157885499,191.9564571519595,0.2505827173713724,174.0
0,381200,VELVETFRUIT_EXTRACT,1,7.0,5270.0,5271.5,5.0,0.0,3812,14.0,5272.0,-31.5,5265.5,-24.5,5266.5,-115.5,5253.5,-185.5,5243.5,-112.0,5254.0,5244.0,-182.0,PASS_BUY,,,,,,
0,383500,VELVETFRUIT_EXTRACT,-1,9.0,5275.0,5276.5,3.0,-0.47058823529411764,3835,18.0,5273.0,40.5,5270.5,112.5,5262.5,265.5,5245.5,247.5,5247.5,229.5,5249.5,5244.0,279.0,AGG_SELL,,,,,,
0,386100,VELVETFRUIT_EXTRACT,1,5.0,5264.0,5263.0,2.0,0.875,3861,37.5,5271.5,10.0,5266.0,-2.5,5263.5,-72.5,5249.5,-92.5,5245.5,-57.5,5252.5,5244.0,-100.0,AGG_BUY,,,,,,
0,386500,VELVETFRUIT_EXTRACT,-1,3.0,5270.0,5268.0,6.0,0.0,3865,-7.5,5272.5,13.5,5265.5,25.5,5261.5,69.0,5247.0,76.5,5244.5,46.5,5254.5,5244.0,78.0,PASS_SELL,,,,,,
0,387500,VELVETFRUIT_EXTRACT,-1,7.0,5274.0,5272.5,5.0,0.0,3875,24.5,5270.5,70.0,5264.0,87.5,5261.5,164.5,5250.5,220.5,5242.5,171.5,5249.5,5244.0,210.0,PASS_SELL,,,,,,
0,388000,VELVETFRUIT_EXTRACT,-1,4.0,5274.0,5272.5,5.0,-0.42105263157894735,3880,12.0,5271.0,46.0,5262.5,56.0,5260.0,114.0,5245.5,122.0,5243.5,96.0,5250.0,5244.0,120.0,PASS_SELL,,,,,,
0,388300,VELVETFRUIT_EXTRACT,1,9.0,5271.0,5270.0,2.0,0.35714285714285715,3883,-4.5,5270.5,-103.5,5259.5,-85.5,5261.5,-229.5,5245.5,-252.0,5243.0,-202.5,5248.5,5244.0,-243.0,AGG_BUY,,,,,,
0,388900,VEV_5100,-1,3.0,188.0,189.5,3.0,-0.8064516129032258,3889,10.5,184.5,13.5,183.5,16.5,182.5,64.5,166.5,72.0,164.0,48.0,172.0,164.0,72.0,AGG_SELL,5269.5,7.6111,0.2569887587373257,188.13975033628776,0.2502022071997853,169.5
0,390400,HYDROGEL_PACK,1,6.0,10004.0,10011.0,16.0,0.0,3904,24.0,10008.0,132.0,10026.0,18.0,10007.0,-198.0,9971.0,-252.0,9962.0,168.0,10032.0,9958.0,-276.0,PASS_BUY,,,,,,
0,394100,HYDROGEL_PACK,-1,6.0,10020.0,10024.0,8.0,-0.1111111111111111,3941,-36.0,10026.0,-0.0,10020.0,120.0,10000.0,372.0,9958.0,255.0,9977.5,-12.0,10022.0,9958.0,372.0,AGG_SELL,,,,,,
0,394200,VELVETFRUIT_EXTRACT,1,7.0,5262.0,5263.5,5.0,0.38271604938271603,3942,10.5,5263.5,10.5,5263.5,10.5,5263.5,-87.5,5249.5,-140.0,5242.0,-59.5,5253.5,5244.0,-126.0,PASS_BUY,,,,,,
0,395500,VELVETFRUIT_EXTRACT,1,3.0,5262.0,5263.5,5.0,0.5072463768115942,3955,-1.5,5261.5,-1.5,5261.5,1.5,5262.5,-31.5,5251.5,-64.5,5240.5,-15.0,5257.0,5244.0,-54.0,PASS_BUY,,,,,,
0,397900,VELVETFRUIT_EXTRACT,1,6.0,5261.0,5263.0,6.0,0.0,3979,15.0,5263.5,-27.0,5256.5,63.0,5271.5,-72.0,5249.0,-93.0,5245.5,0.0,5261.0,5244.0,-102.0,PASS_BUY,,,,,,
0,398100,VEV_5100,-1,10.0,179.0,181.0,4.0,0.0,3981,-35.0,182.5,15.0,177.5,-85.0,187.5,80.0,171.0,120.0,167.0,-0.0,179.0,164.0,150.0,AGG_SELL,5260.027397260274,7.6019,0.2531668631125782,180.22378338890348,0.24942441964383763,160.02739726027357
0,398200,VELVETFRUIT_EXTRACT,1,8.0,5262.0,5261.0,2.0,0.36,3982,12.0,5263.5,-40.0,5257.0,60.0,5269.5,-100.0,5249.5,-140.0,5244.5,-4.0,5261.5,5244.0,-144.0,AGG_BUY,,,,,,
0,399700,VELVETFRUIT_EXTRACT,1,6.0,5260.0,5261.5,5.0,0.0,3997,9.0,5261.5,15.0,5262.5,57.0,5269.5,-87.0,5245.5,-66.0,5249.0,-9.0,5258.5,5244.0,-96.0,PASS_BUY,,,,,,
0,400500,VEV_5100,-1,7.0,179.0,181.0,4.0,0.0,4005,-31.5,183.5,-21.0,182.0,-84.0,191.0,91.0,166.0,91.0,166.0,35.0,174.0,164.0,105.0,AGG_SELL,5260.0,7.5995,0.2533127454514895,180.1936240524742,0.24942511389545355,160.0
0,402100,VEV_4000,1,3.0,1263.0,1257.5,11.0,0.5,4021,-18.0,1257.0,15.0,1268.0,25.5,1271.5,-67.5,1240.5,-64.5,1241.5,-37.5,1250.5,1244.0,-57.0,AGG_BUY,,,,,,
0,402100,VEV_4500,1,3.0,763.0,759.0,8.0,0.3333333333333333,4021,-18.0,757.0,15.0,768.0,25.5,771.5,-66.0,741.0,-66.0,741.0,-36.0,751.0,744.0,-57.0,AGG_BUY,,,,,,
0,402100,VEV_5000,1,3.0,268.0,266.5,3.0,0.75,4021,-15.0,263.0,15.0,273.0,25.5,276.5,-60.0,248.0,-60.0,248.0,-33.0,257.0,250.0,-54.0,AGG_BUY,,,,,,
0,402200,VELVETFRUIT_EXTRACT,-1,7.0,5263.0,5264.5,3.0,-0.825,4022,42.0,5257.0,-38.5,5268.5,-63.0,5272.0,164.5,5239.5,164.5,5239.5,84.0,5251.0,5244.0,133.0,AGG_SELL,,,,,,
0,402700,HYDROGEL_PACK,1,8.0,9998.0,9994.5,7.0,0.15789473684210525,4027,16.0,10000.0,-36.0,9993.5,-192.0,9974.0,-168.0,9977.0,-168.0,9977.0,-144.0,9980.0,9958.0,-320.0,AGG_BUY,,,,,,
0,402900,VELVETFRUIT_EXTRACT,1,16.0,5259.0,5256.5,5.0,0.5428571428571428,4029,40.0,5261.5,200.0,5271.5,208.0,5272.0,-344.0,5237.5,-264.0,5242.5,-168.0,5248.5,5244.0,-240.0,AGG_BUY,,,,,,
0,405800,VELVETFRUIT_EXTRACT,1,7.0,5261.0,5262.5,5.0,0.0,4058,31.5,5265.5,73.5,5271.5,10.5,5262.5,-122.5,5243.5,-150.5,5239.5,-140.0,5241.0,5244.0,-119.0,PASS_BUY,,,,,,
0,407700,VELVETFRUIT_EXTRACT,-1,19.0,5270.0,5272.5,5.0,-0.5,4077,-9.5,5270.5,-9.5,5270.5,85.5,5265.5,541.5,5241.5,636.5,5236.5,465.5,5245.5,5244.0,494.0,AGG_SELL,,,,,,
0,407800,VEV_5100,-1,8.0,188.0,190.0,4.0,0.0,4078,4.0,187.5,-4.0,188.5,36.0,183.5,188.0,164.5,240.0,158.0,184.0,165.0,164.0,192.0,AGG_SELL,5270.653846153846,7.5922,0.25510365977784055,189.05172238426894,0.25032354095374076,170.65384615384573
0,408600,VELVETFRUIT_EXTRACT,1,6.0,5270.0,5269.0,2.0,0.5862068965517241,4086,9.0,5271.5,-27.0,5265.5,-9.0,5268.5,-183.0,5239.5,-243.0,5229.5,-147.0,5245.5,5244.0,-156.0,AGG_BUY,,,,,,
0,409600,VELVETFRUIT_EXTRACT,1,6.0,5270.0,5271.5,5.0,-0.5102040816326531,4096,21.0,5273.5,-36.0,5264.0,-39.0,5263.5,-207.0,5235.5,-252.0,5228.0,-135.0,5247.5,5244.0,-156.0,PASS_BUY,,,,,,
0,410800,HYDROGEL_PACK,1,15.0,9983.0,9975.0,16.0,0.0,4108,-52.5,9979.5,-120.0,9975.0,-255.0,9966.0,-240.0,9967.0,-525.0,9948.0,-60.0,9979.0,9958.0,-375.0,AGG_BUY,,,,,,
0,412700,HYDROGEL_PACK,1,14.0,9982.0,9974.0,16.0,0.0,4127,-14.0,9981.0,-266.0,9963.0,-154.0,9971.0,-196.0,9968.0,-525.0,9944.5,14.0,9983.0,9958.0,-336.0,AGG_BUY,,,,,,
0,412800,HYDROGEL_PACK,1,10.0,9982.0,9974.0,16.0,0.0,4128,-20.0,9980.0,-200.0,9962.0,-110.0,9971.0,-140.0,9968.0,-370.0,9945.0,-20.0,9980.0,9958.0,-240.0,AGG_BUY,,,,,,
0,413500,VELVETFRUIT_EXTRACT,1,25.0,5266.0,5263.5,5.0,0.38271604938271603,4135,-62.5,5263.5,37.5,5267.5,-37.5,5264.5,-912.5,5229.5,-987.5,5226.5,-62.5,5263.5,5244.0,-550.0,AGG_BUY,,,,,,
0,413500,VEV_4500,1,7.0,772.0,764.0,16.0,0.0,4135,-56.0,764.0,-35.0,767.0,-49.0,765.0,-273.0,733.0,-318.5,726.5,-59.5,763.5,744.0,-196.0,AGG_BUY,,,,,,
0,414200,HYDROGEL_PACK,1,7.0,9982.0,9978.0,8.0,0.2631578947368421,4142,-35.0,9977.0,-126.0,9964.0,-42.0,9976.0,-91.0,9969.0,-217.0,9951.0,-108.5,9966.5,9958.0,-168.0,AGG_BUY,,,,,,
0,414800,VELVETFRUIT_EXTRACT,-1,5.0,5265.0,5263.5,5.0,0.0,4148,12.5,5262.5,17.5,5261.5,-0.0,5265.0,157.5,5233.5,187.5,5227.5,35.0,5258.0,5244.0,105.0,PASS_SELL,,,,,,
0,415000,HYDROGEL_PACK,1,10.0,9984.0,9976.0,16.0,0.0,4150,-130.0,9971.0,-230.0,9961.0,-20.0,9982.0,-150.0,9969.0,-410.0,9943.0,-100.0,9974.0,9958.0,-260.0,AGG_BUY,,,,,,
0,415300,HYDROGEL_PACK,1,10.0,9982.0,9974.0,16.0,0.0,4153,-70.0,9975.0,-200.0,9962.0,-10.0,9981.0,-70.0,9975.0,-440.0,9938.0,-110.0,9971.0,9958.0,-240.0,AGG_BUY,,,,,,
0,416000,HYDROGEL_PACK,1,7.0,9975.0,9971.0,8.0,0.17647058823529413,4160,-35.0,9970.0,-42.0,9969.0,84.0,9987.0,59.5,9983.5,-224.0,9943.0,-77.0,9964.0,9958.0,-119.0,AGG_BUY,,,,,,
0,416200,HYDROGEL_PACK,1,15.0,9981.0,9973.0,16.0,0.0,4162,-195.0,9968.0,-135.0,9972.0,30.0,9983.0,-45.0,9978.0,-592.5,9941.5,-270.0,9963.0,9958.0,-345.0,AGG_BUY,,,,,,
0,416400,HYDROGEL_PACK,1,14.0,9980.0,9972.0,16.0,0.0,4164,-196.0,9966.0,-70.0,9975.0,70.0,9985.0,-42.0,9977.0,-462.0,9947.0,-266.0,9961.0,9958.0,-308.0,AGG_BUY,,,,,,
0,416400,HYDROGEL_PACK,1,5.0,9965.0,9972.0,16.0,0.0,4164,5.0,9966.0,50.0,9975.0,100.0,9985.0,60.0,9977.0,-90.0,9947.0,-20.0,9961.0,9958.0,-35.0,PASS_BUY,,,,,,
0,416500,HYDROGEL_PACK,1,11.0,9979.0,9971.0,16.0,0.0,4165,-165.0,9964.0,-44.0,9975.0,77.0,9986.0,-44.0,9975.0,-363.0,9946.0,-198.0,9961.0,9958.0,-231.0,AGG_BUY,,,,,,
0,416600,HYDROGEL_PACK,1,14.0,9980.0,9972.0,16.0,0.0,4166,-182.0,9967.0,-84.0,9974.0,70.0,9985.0,-98.0,9973.0,-490.0,9945.0,-266.0,9961.0,9958.0,-308.0,AGG_BUY,,,,,,
0,416700,HYDROGEL_PACK,1,11.0,9978.0,9970.0,16.0,0.0,4167,-165.0,9963.0,-77.0,9971.0,77.0,9985.0,-33.0,9975.0,-352.0,9946.0,-121.0,9967.0,9958.0,-220.0,AGG_BUY,,,,,,
0,416800,HYDROGEL_PACK,1,15.0,9979.0,9971.0,16.0,0.0,4168,-255.0,9962.0,-120.0,9971.0,60.0,9983.0,-15.0,9978.0,-525.0,9944.0,-210.0,9965.0,9958.0,-315.0,AGG_BUY,,,,,,
0,416900,HYDROGEL_PACK,1,12.0,9978.0,9970.0,16.0,0.0,4169,-216.0,9960.0,-72.0,9972.0,48.0,9982.0,-12.0,9977.0,-444.0,9941.0,-120.0,9968.0,9958.0,-240.0,AGG_BUY,,,,,,
0,417000,HYDROGEL_PACK,1,15.0,9978.0,9970.0,16.0,0.0,4170,-285.0,9959.0,-105.0,9971.0,60.0,9982.0,-30.0,9976.0,-585.0,9939.0,-165.0,9967.0,9958.0,-300.0,AGG_BUY,,,,,,
0,417100,HYDROGEL_PACK,1,14.0,9977.0,9969.0,16.0,0.0,4171,-294.0,9956.0,-70.0,9972.0,98.0,9984.0,-28.0,9975.0,-490.0,9942.0,-140.0,9967.0,9958.0,-266.0,AGG_BUY,,,,,,
0,417200,HYDROGEL_PACK,1,15.0,9976.0,9968.0,16.0,0.0,4172,-315.0,9955.0,-15.0,9975.0,210.0,9990.0,15.0,9977.0,-540.0,9940.0,-82.5,9970.5,9958.0,-270.0,AGG_BUY,,,,,,
0,417300,HYDROGEL_PACK,1,12.0,9974.0,9966.0,16.0,0.0,4173,-228.0,9955.0,12.0,9975.0,204.0,9991.0,30.0,9976.5,-384.0,9942.0,-72.0,9968.0,9958.0,-192.0,AGG_BUY,,,,,,
0,417400,HYDROGEL_PACK,1,14.0,9974.0,9966.0,16.0,0.0,4174,-224.0,9958.0,0.0,9974.0,231.0,9990.5,-28.0,9972.0,-448.0,9942.0,-126.0,9965.0,9958.0,-224.0,AGG_BUY,,,,,,
0,417500,HYDROGEL_PACK,1,10.0,9972.0,9964.0,16.0,0.0,4175,-160.0,9956.0,-10.0,9971.0,170.0,9989.0,10.0,9973.0,-280.0,9944.0,-60.0,9966.0,9958.0,-140.0,AGG_BUY,,,,,,
0,417600,HYDROGEL_PACK,1,12.0,9975.0,9967.0,16.0,0.0,4176,-192.0,9959.0,-36.0,9972.0,192.0,9991.0,-12.0,9974.0,-372.0,9944.0,-84.0,9968.0,9958.0,-204.0,AGG_BUY,,,,,,
0,417600,VELVETFRUIT_EXTRACT,-1,5.0,5264.0,5265.5,3.0,-0.8076923076923077,4176,-22.5,5268.5,-17.5,5267.5,32.5,5257.5,177.5,5228.5,150.0,5234.0,55.0,5253.0,5244.0,100.0,AGG_SELL,,,,,,
0,417700,HYDROGEL_PACK,1,10.0,9971.0,9963.0,16.0,0.0,4177,-120.0,9959.0,0.0,9971.0,230.0,9994.0,60.0,9977.0,-325.0,9938.5,-60.0,9965.0,9958.0,-130.0,AGG_BUY,,,,,,
0,417800,HYDROGEL_PACK,1,15.0,9970.0,9962.0,16.0,0.0,4178,-142.5,9960.5,15.0,9971.0,345.0,9993.0,97.5,9976.5,-405.0,9943.0,-75.0,9965.0,9958.0,-180.0,AGG_BUY,,,,,,
0,417900,HYDROGEL_PACK,1,13.0,9968.0,9960.0,16.0,0.0,4179,-91.0,9961.0,13.0,9969.0,325.0,9993.0,91.0,9975.0,-286.0,9946.0,-39.0,9965.0,9958.0,-130.0,AGG_BUY,,,,,,
0,418000,HYDROGEL_PACK,1,10.0,9967.0,9959.0,16.0,0.0,4180,-20.0,9965.0,40.0,9971.0,260.0,9993.0,60.0,9973.0,-230.0,9944.0,-30.0,9964.0,9958.0,-90.0,AGG_BUY,,,,,,
0,418100,HYDROGEL_PACK,1,12.0,9964.0,9956.0,16.0,0.0,4181,24.0,9966.0,72.0,9970.0,360.0,9994.0,96.0,9972.0,-252.0,9943.0,36.0,9967.0,9958.0,-72.0,AGG_BUY,,,,,,
0,418200,HYDROGEL_PACK,1,15.0,9963.0,9955.0,16.0,0.0,4182,15.0,9964.0,60.0,9967.0,465.0,9994.0,105.0,9970.0,-315.0,9942.0,90.0,9969.0,9958.0,-75.0,AGG_BUY,,,,,,
0,418300,HYDROGEL_PACK,1,11.0,9963.0,9955.0,16.0,0.0,4183,-11.0,9962.0,11.0,9964.0,330.0,9993.0,66.0,9969.0,-209.0,9944.0,44.0,9967.0,9958.0,-55.0,AGG_BUY,,,,,,
0,418400,HYDROGEL_PACK,1,11.0,9966.0,9958.0,16.0,0.0,4184,-55.0,9961.0,11.0,9967.0,297.0,9993.0,33.0,9969.0,-220.0,9946.0,11.0,9967.0,9958.0,-88.0,AGG_BUY,,,,,,
0,418500,HYDROGEL_PACK,1,10.0,9964.0,9956.0,16.0,0.0,4185,20.0,9966.0,70.0,9971.0,260.0,9990.0,40.0,9968.0,-190.0,9945.0,30.0,9967.0,9958.0,-60.0,AGG_BUY,,,,,,
0,418600,HYDROGEL_PACK,1,13.0,9967.0,9959.0,16.0,0.0,4186,-39.0,9964.0,65.0,9972.0,325.0,9992.0,39.0,9970.0,-331.5,9941.5,39.0,9970.0,9958.0,-117.0,AGG_BUY,,,,,,
0,418700,HYDROGEL_PACK,1,10.0,9967.0,9959.0,16.0,0.0,4187,-60.0,9961.0,60.0,9973.0,260.0,9993.0,70.0,9974.0,-250.0,9942.0,10.0,9968.0,9958.0,-90.0,AGG_BUY,,,,,,
0,419500,VELVETFRUIT_EXTRACT,1,5.0,5263.0,5264.5,5.0,0.0,4195,7.5,5264.5,22.5,5267.5,-65.0,5250.0,-177.5,5227.5,-92.5,5244.5,-37.5,5255.5,5244.0,-95.0,PASS_BUY,,,,,,
0,420200,VELVETFRUIT_EXTRACT,1,15.0,5262.0,5261.0,2.0,0.6,4202,75.0,5267.0,45.0,5265.0,-195.0,5249.0,-487.5,5229.5,-247.5,5245.5,-52.5,5258.5,5244.0,-270.0,AGG_BUY,,,,,,
0,420400,VEV_4000,1,3.0,1263.0,1258.0,10.0,0.45454545454545453,4204,9.0,1266.0,10.5,1266.5,-37.5,1250.5,-100.5,1229.5,-52.5,1245.5,-16.5,1257.5,1244.0,-57.0,AGG_BUY,,,,,,
0,420400,VEV_4500,1,3.0,763.0,759.0,8.0,0.45454545454545453,4204,9.0,766.0,10.5,766.5,-39.0,750.0,-100.5,729.5,-51.0,746.0,-18.0,757.0,744.0,-57.0,AGG_BUY,,,,,,
0,421200,VELVETFRUIT_EXTRACT,-1,5.0,5269.0,5267.0,6.0,0.0,4212,12.5,5266.5,22.5,5264.5,77.5,5253.5,197.5,5229.5,97.5,5249.5,30.0,5263.0,5244.0,125.0,PASS_SELL,,,,,,
0,421900,VELVETFRUIT_EXTRACT,1,10.0,5266.0,5265.0,2.0,0.2,4219,10.0,5267.0,-65.0,5259.5,-190.0,5247.0,-315.0,5234.5,-145.0,5251.5,-55.0,5260.5,5244.0,-220.0,AGG_BUY,,,,,,
0,423100,VELVETFRUIT_EXTRACT,1,6.0,5265.0,5266.5,5.0,-0.5223880597014925,4231,-15.0,5262.5,-36.0,5259.0,-117.0,5245.5,-189.0,5233.5,-69.0,5253.5,30.0,5270.0,5244.0,-126.0,PASS_BUY,,,,,,
0,425600,HYDROGEL_PACK,-1,2.0,9993.0,9986.0,16.0,0.0,4256,16.0,9985.0,-0.0,9993.0,34.0,9976.0,76.0,9955.0,28.0,9979.0,-18.0,10002.0,9958.0,70.0,PASS_SELL,,,,,,
0,427200,VELVETFRUIT_EXTRACT,1,19.0,5260.0,5257.5,5.0,0.0,4272,-28.5,5258.5,-218.5,5248.5,-237.5,5247.5,-446.5,5236.5,-76.0,5256.0,275.5,5274.5,5244.0,-304.0,AGG_BUY,,,,,,
0,428200,VELVETFRUIT_EXTRACT,1,8.0,5257.0,5258.5,5.0,-0.5053763440860215,4282,-52.0,5250.5,-68.0,5248.5,-84.0,5246.5,-180.0,5234.5,12.0,5258.5,164.0,5277.5,5244.0,-104.0,PASS_BUY,,,,,,
0,428300,HYDROGEL_PACK,-1,5.0,10000.0,9993.0,16.0,0.0,4283,60.0,9988.0,170.0,9966.0,155.0,9969.0,260.0,9948.0,110.0,9978.0,-5.0,10001.0,9958.0,210.0,PASS_SELL,,,,,,
0,429100,VELVETFRUIT_EXTRACT,1,20.0,5254.0,5251.5,5.0,0.0,4291,-70.0,5250.5,-190.0,5244.5,-180.0,5245.0,-330.0,5237.5,130.0,5260.5,410.0,5274.5,5244.0,-200.0,AGG_BUY,,,,,,
0,429200,VELVETFRUIT_EXTRACT,1,20.0,5253.0,5250.5,5.0,0.550561797752809,4292,-80.0,5249.0,-170.0,5244.5,-170.0,5244.5,-330.0,5236.5,140.0,5260.0,410.0,5273.5,5244.0,-180.0,AGG_BUY,,,,,,
0,429300,VELVETFRUIT_EXTRACT,1,16.0,5253.0,5250.5,5.0,0.5223880597014925,4293,-40.0,5250.5,-144.0,5244.0,-152.0,5243.5,-256.0,5237.0,104.0,5259.5,328.0,5273.5,5244.0,-144.0,AGG_BUY,,,,,,
0,429700,VELVETFRUIT_EXTRACT,1,8.0,5249.0,5248.0,2.0,0.7192982456140351,4297,12.0,5250.5,-20.0,5246.5,-44.0,5243.5,-80.0,5239.0,68.0,5257.5,172.0,5270.5,5244.0,-40.0,AGG_BUY,,,,,,
0,430200,VELVETFRUIT_EXTRACT,1,5.0,5250.0,5249.0,2.0,0.8305084745762712,4302,17.5,5253.5,-17.5,5246.5,-17.5,5246.5,-32.5,5243.5,47.5,5259.5,92.5,5268.5,5244.0,-30.0,AGG_BUY,,,,,,
0,431500,HYDROGEL_PACK,1,7.0,9989.0,9981.0,16.0,0.0,4315,-91.0,9976.0,-84.0,9977.0,-147.0,9968.0,-294.0,9947.0,-154.0,9967.0,98.0,10003.0,9958.0,-217.0,AGG_BUY,,,,,,
0,432300,VELVETFRUIT_EXTRACT,-1,11.0,5248.0,5249.0,2.0,-0.18518518518518517,4323,5.5,5247.5,5.5,5247.5,11.0,5247.0,5.5,5247.5,-104.5,5257.5,-203.5,5266.5,5244.0,44.0,AGG_SELL,,,,,,
0,437100,VELVETFRUIT_EXTRACT,1,5.0,5246.0,5247.5,5.0,0.4945054945054945,4371,2.5,5246.5,-2.5,5245.5,15.0,5249.0,-17.5,5242.5,12.5,5248.5,75.0,5261.0,5244.0,-10.0,PASS_BUY,,,,,,
0,438500,VELVETFRUIT_EXTRACT,1,12.0,5245.0,5244.0,2.0,0.6962025316455697,4385,-18.0,5243.5,18.0,5246.5,60.0,5250.0,-42.0,5241.5,-12.0,5244.0,150.0,5257.5,5244.0,-12.0,AGG_BUY,,,,,,
0,440100,VELVETFRUIT_EXTRACT,-1,4.0,5247.0,5245.5,5.0,0.6049382716049383,4401,6.0,5245.5,-24.0,5253.0,8.0,5245.0,34.0,5238.5,14.0,5243.5,-26.0,5253.5,5244.0,12.0,PASS_SELL,,,,,,
0,440900,VEV_5100,-1,4.0,168.0,169.0,2.0,-0.3333333333333333,4409,8.0,166.0,-0.0,168.0,12.0,165.0,32.0,160.0,4.0,167.0,-8.0,170.0,164.0,16.0,AGG_SELL,5246.5,7.5591,0.2482591666549239,169.03825181668026,0.2484355076386109,146.5
0,442100,VEV_5100,-1,2.0,167.0,168.5,3.0,-0.875,4421,-5.0,169.5,-8.0,171.0,7.0,163.5,14.0,160.0,2.0,166.0,-4.0,169.0,164.0,6.0,AGG_SELL,5245.5,7.5579,0.24961043162140623,168.22811318089225,0.24836399864771294,145.5
0,447800,VEV_4000,1,5.0,1250.0,1245.0,10.0,0.4444444444444444,4478,-7.5,1248.5,-62.5,1237.5,-37.5,1242.5,-17.5,1246.5,-42.5,1241.5,-45.0,1241.0,1244.0,-30.0,AGG_BUY,,,,,,
0,447800,VEV_4500,1,5.0,750.0,746.0,8.0,0.16666666666666666,4478,-7.5,748.5,-60.0,738.0,-40.0,742.0,-15.0,747.0,-45.0,741.0,-40.0,742.0,744.0,-30.0,AGG_BUY,,,,,,
0,448400,VELVETFRUIT_EXTRACT,-1,7.0,5252.0,5250.0,6.0,0.0,4484,42.0,5246.0,94.5,5238.5,101.5,5237.5,38.5,5246.5,63.0,5243.0,66.5,5242.5,5244.0,56.0,PASS_SELL,,,,,,
0,449700,VEV_4000,1,5.0,1245.0,1240.0,10.0,0.375,4497,-12.5,1242.5,-7.5,1243.5,-47.5,1235.5,22.5,1249.5,-7.5,1243.5,-25.0,1240.0,1244.0,-5.0,AGG_BUY,,,,,,
0,449700,VEV_4500,1,5.0,745.0,741.5,7.0,0.23076923076923078,4497,-10.0,743.0,-10.0,743.0,-47.5,735.5,20.0,749.0,-10.0,743.0,-25.0,740.0,744.0,-5.0,AGG_BUY,,,,,,
0,449700,VEV_5000,1,5.0,252.0,250.5,3.0,0.696969696969697,4497,-10.0,250.0,-10.0,250.0,-45.0,243.0,20.0,256.0,-10.0,250.0,-25.0,247.0,250.0,-10.0,AGG_BUY,,,,,,
0,450500,VELVETFRUIT_EXTRACT,1,6.0,5243.0,5242.0,2.0,0.7894736842105263,4505,-27.0,5238.5,12.0,5245.0,-42.0,5236.0,3.0,5243.5,15.0,5245.5,-3.0,5242.5,5244.0,6.0,AGG_BUY,,,,,,
0,451400,VELVETFRUIT_EXTRACT,1,23.0,5241.0,5238.5,5.0,0.5157894736842106,4514,-57.5,5238.5,-34.5,5239.5,-276.0,5229.0,57.5,5243.5,57.5,5243.5,-80.5,5237.5,5244.0,69.0,AGG_BUY,,,,,,
0,453100,VEV_4000,1,3.0,1238.0,1233.0,10.0,0.6,4531,1.5,1238.5,6.0,1240.0,-22.5,1230.5,4.5,1239.5,19.5,1244.5,3.0,1239.0,1244.0,18.0,AGG_BUY,,,,,,
0,453100,VEV_4500,1,3.0,738.0,734.5,7.0,0.3333333333333333,4531,0.0,738.0,6.0,740.0,-22.5,730.5,3.0,739.0,18.0,744.0,3.0,739.0,744.0,18.0,AGG_BUY,,,,,,
0,453100,VEV_5000,1,3.0,245.0,244.0,2.0,0.3333333333333333,4531,1.5,245.5,6.0,247.0,-19.5,238.5,3.0,246.0,18.0,251.0,3.0,246.0,250.0,15.0,AGG_BUY,,,,,,
0,453900,VELVETFRUIT_EXTRACT,1,10.0,5237.0,5236.0,2.0,0.7142857142857143,4539,65.0,5243.5,25.0,5239.5,-65.0,5230.5,35.0,5240.5,55.0,5242.5,-25.0,5234.5,5244.0,70.0,AGG_BUY,,,,,,
0,457500,VELVETFRUIT_EXTRACT,1,13.0,5239.0,5238.0,2.0,0.6438356164383562,4575,-26.0,5237.0,-97.5,5231.5,-130.0,5229.0,-65.0,5234.0,-19.5,5237.5,-123.5,5229.5,5244.0,65.0,AGG_BUY,,,,,,
0,457600,VELVETFRUIT_EXTRACT,-1,5.0,5240.0,5241.5,3.0,-0.8611111111111112,4576,2.5,5239.5,47.5,5230.5,57.5,5228.5,27.5,5234.5,15.0,5237.0,47.5,5230.5,5244.0,-20.0,AGG_SELL,,,,,,
0,458500,VELVETFRUIT_EXTRACT,1,9.0,5238.0,5237.0,2.0,0.35714285714285715,4585,-13.5,5236.5,-76.5,5229.5,-76.5,5229.5,-85.5,5228.5,-13.5,5236.5,-54.0,5232.0,5244.0,54.0,AGG_BUY,,,,,,
0,461500,VELVETFRUIT_EXTRACT,1,8.0,5228.0,5227.0,2.0,0.5,4615,28.0,5231.5,4.0,5228.5,36.0,5232.5,0.0,5228.0,68.0,5236.5,56.0,5235.0,5244.0,128.0,AGG_BUY,,,,,,
0,462200,VELVETFRUIT_EXTRACT,1,3.0,5228.0,5227.0,2.0,0.71875,4622,4.5,5229.5,7.5,5230.5,16.5,5233.5,1.5,5228.5,25.5,5236.5,25.5,5236.5,5244.0,48.0,AGG_BUY,,,,,,
0,462800,VELVETFRUIT_EXTRACT,-1,7.0,5230.0,5231.5,3.0,-0.75,4628,-10.5,5231.5,-3.5,5230.5,-38.5,5235.5,10.5,5228.5,-49.0,5237.0,-31.5,5234.5,5244.0,-98.0,AGG_SELL,,,,,,
0,463500,VEV_5100,-1,2.0,154.0,155.0,2.0,-0.6363636363636364,4635,-8.0,158.0,-0.0,154.0,-8.0,158.0,4.0,152.0,-12.0,160.0,-12.0,160.0,164.0,-20.0,AGG_SELL,5228.40243902439,7.5365,0.24889327612948048,154.61359373530968,0.24722808320059117,128.40243902439033
0,463700,VELVETFRUIT_EXTRACT,-1,3.0,5233.0,5231.0,6.0,0.0,4637,-4.5,5234.5,10.5,5229.5,-4.5,5234.5,16.5,5227.5,-9.0,5236.0,-16.5,5238.5,5244.0,-33.0,PASS_SELL,,,,,,
0,465900,VEV_5100,-1,7.0,153.0,155.0,4.0,-0.5757575757575758,4659,-14.0,155.0,-14.0,155.0,-28.0,157.0,7.0,152.0,-70.0,163.0,-59.5,161.5,164.0,-77.0,AGG_SELL,5228.29213483146,7.5341000000000005,0.24929434080279989,154.51941258104853,0.24722442648479964,128.29213483146032
0,466900,VELVETFRUIT_EXTRACT,1,10.0,5229.0,5228.0,2.0,0.6666666666666666,4669,25.0,5231.5,55.0,5234.5,85.0,5237.5,5.0,5229.5,175.0,5246.5,75.0,5236.5,5244.0,150.0,AGG_BUY,,,,,,
0,469900,VELVETFRUIT_EXTRACT,-1,3.0,5232.0,5230.0,6.0,0.0,4699,7.5,5229.5,-6.0,5234.0,-28.5,5241.5,-40.5,5245.5,-52.5,5249.5,7.5,5229.5,5244.0,-36.0,PASS_SELL,,,,,,
0,470500,VELVETFRUIT_EXTRACT,-1,5.0,5231.0,5229.5,5.0,0.4666666666666667,4705,-7.5,5232.5,-2.5,5231.5,-67.5,5244.5,-77.5,5246.5,-82.5,5247.5,27.5,5225.5,5244.0,-65.0,PASS_SELL,,,,,,
0,471100,VELVETFRUIT_EXTRACT,-1,6.0,5230.0,5228.5,5.0,-0.4318181818181818,4711,-27.0,5234.5,-39.0,5236.5,-87.0,5244.5,-117.0,5249.5,-99.0,5246.5,33.0,5224.5,5244.0,-84.0,PASS_SELL,,,,,,
0,474000,VELVETFRUIT_EXTRACT,-1,7.0,5237.0,5235.5,5.0,-0.550561797752809,4740,10.5,5235.5,10.5,5235.5,-66.5,5246.5,-94.5,5250.5,-38.5,5242.5,24.5,5233.5,5244.0,-49.0,PASS_SELL,,,,,,
0,474600,VELVETFRUIT_EXTRACT,1,9.0,5232.0,5231.0,2.0,0.7662337662337663,4746,-9.0,5231.0,67.5,5239.5,99.0,5243.0,184.5,5252.5,76.5,5240.5,18.0,5234.0,5244.0,108.0,AGG_BUY,,,,,,
0,476100,VELVETFRUIT_EXTRACT,-1,15.0,5234.0,5236.5,5.0,-0.6103896103896104,4761,-37.5,5236.5,-157.5,5244.5,-172.5,5245.5,-307.5,5254.5,-142.5,5243.5,-7.5,5234.5,5244.0,-150.0,AGG_SELL,,,,,,
0,476200,VELVETFRUIT_EXTRACT,-1,63.0,5235.0,5237.5,5.0,0.6153846153846154,4762,-94.5,5236.5,-535.5,5243.5,-598.5,5244.5,-1228.5,5254.5,-441.0,5242.0,31.5,5234.5,5244.0,-567.0,AGG_SELL,,,,,,
0,476800,VELVETFRUIT_EXTRACT,-1,8.0,5239.0,5237.5,5.0,0.0,4768,40.0,5234.0,-52.0,5245.5,-40.0,5244.0,-140.0,5256.5,-4.0,5239.5,36.0,5234.5,5244.0,-40.0,PASS_SELL,,,,,,
0,477900,VELVETFRUIT_EXTRACT,-1,9.0,5234.0,5235.5,3.0,-0.25,4779,-22.5,5236.5,-148.5,5250.5,-76.5,5242.5,-211.5,5257.5,-58.5,5240.5,-13.5,5235.5,5244.0,-90.0,AGG_SELL,,,,,,
0,479200,VEV_4000,1,2.0,1236.0,1231.0,10.0,0.75,4792,15.0,1243.5,19.0,1245.5,12.0,1242.0,48.0,1260.0,13.0,1242.5,3.0,1237.5,1244.0,16.0,AGG_BUY,,,,,,
0,479200,VEV_4500,1,2.0,736.0,732.5,7.0,0.6363636363636364,4792,14.0,743.0,19.0,745.5,12.0,742.0,48.0,760.0,12.0,742.0,2.0,737.0,744.0,16.0,AGG_BUY,,,,,,
0,479200,VEV_5000,1,2.0,244.0,242.5,3.0,0.8709677419354839,4792,12.0,250.0,16.0,252.0,10.0,249.0,43.0,265.5,10.0,249.0,0.0,244.0,250.0,12.0,AGG_BUY,,,,,,
0,482700,VELVETFRUIT_EXTRACT,-1,7.0,5250.0,5248.5,5.0,0.5217391304347826,4827,14.0,5248.0,49.0,5243.0,91.0,5237.0,-28.0,5254.0,77.0,5239.0,45.5,5243.5,5244.0,42.0,PASS_SELL,,,,,,
0,486200,VEV_4000,1,4.0,1244.0,1239.0,10.0,0.3333333333333333,4862,2.0,1244.5,-34.0,1235.5,-4.0,1243.0,26.0,1250.5,-22.0,1238.5,-6.0,1242.5,1244.0,0.0,AGG_BUY,,,,,,
0,486200,VEV_4500,1,4.0,744.0,740.5,7.0,0.4666666666666667,4862,2.0,744.5,-36.0,735.0,-4.0,743.0,24.0,750.0,-24.0,738.0,-6.0,742.5,744.0,0.0,AGG_BUY,,,,,,
0,486200,VEV_5000,1,4.0,251.0,250.0,2.0,0.4666666666666667,4862,0.0,251.0,-32.0,243.0,-4.0,250.0,24.0,257.0,-22.0,245.5,-8.0,249.0,250.0,-4.0,AGG_BUY,,,,,,
0,487100,VELVETFRUIT_EXTRACT,1,9.0,5243.0,5242.5,1.0,0.35714285714285715,4871,4.5,5243.5,-58.5,5236.5,13.5,5244.5,49.5,5248.5,-13.5,5241.5,31.5,5246.5,5244.0,9.0,AGG_BUY,,,,,,
0,490300,VEV_4000,1,2.0,1238.0,1233.0,10.0,0.6363636363636364,4903,-7.0,1234.5,3.0,1239.5,17.0,1246.5,11.0,1243.5,9.0,1242.5,15.0,1245.5,1244.0,12.0,AGG_BUY,,,,,,
0,490300,VEV_4500,1,2.0,738.0,734.5,7.0,0.6666666666666666,4903,-6.0,735.0,4.0,740.0,16.0,746.0,10.0,743.0,8.0,742.0,14.0,745.0,744.0,12.0,AGG_BUY,,,,,,
0,491300,VELVETFRUIT_EXTRACT,1,7.0,5234.0,5233.0,2.0,0.7741935483870968,4913,17.5,5236.5,66.5,5243.5,66.5,5243.5,66.5,5243.5,45.5,5240.5,73.5,5244.5,5244.0,70.0,AGG_BUY,,,,,,
0,491900,VELVETFRUIT_EXTRACT,-1,9.0,5237.0,5238.5,3.0,-0.7313432835820896,4919,4.5,5236.5,-67.5,5244.5,-45.0,5242.0,-58.5,5243.5,-94.5,5247.5,-58.5,5243.5,5244.0,-63.0,AGG_SELL,,,,,,
0,493600,VELVETFRUIT_EXTRACT,-1,5.0,5240.0,5238.5,5.0,0.0,4936,-10.0,5242.0,-22.5,5244.5,-5.0,5241.0,-7.5,5241.5,-27.5,5245.5,-2.5,5240.5,5244.0,-20.0,PASS_SELL,,,,,,
0,494100,VELVETFRUIT_EXTRACT,-1,6.0,5243.0,5241.5,5.0,0.4444444444444444,4941,21.0,5239.5,-30.0,5248.0,27.0,5238.5,27.0,5238.5,-21.0,5246.5,-3.0,5243.5,5244.0,-6.0,PASS_SELL,,,,,,
0,495700,VELVETFRUIT_EXTRACT,-1,7.0,5240.0,5241.5,3.0,-0.8108108108108109,4957,-28.0,5244.0,-31.5,5244.5,3.5,5239.5,24.5,5236.5,-73.5,5250.5,-21.0,5243.0,5244.0,-28.0,AGG_SELL,,,,,,
0,496000,VELVETFRUIT_EXTRACT,1,9.0,5240.0,5239.0,2.0,0.7464788732394366,4960,40.5,5244.5,49.5,5245.5,13.5,5241.5,0.0,5240.0,85.5,5249.5,13.5,5241.5,5244.0,36.0,AGG_BUY,,,,,,
0,498400,VELVETFRUIT_EXTRACT,-1,7.0,5245.0,5246.5,3.0,-0.5333333333333333,4984,-35.0,5250.0,31.5,5240.5,101.5,5230.5,14.0,5243.0,-17.5,5247.5,3.5,5244.5,5244.0,7.0,AGG_SELL,,,,,,
0,500500,VELVETFRUIT_EXTRACT,1,23.0,5246.0,5243.5,5.0,0.4177215189873418,5005,-80.5,5242.5,-161.0,5239.0,-379.5,5229.5,-11.5,5245.5,11.5,5246.5,-46.0,5244.0,5244.0,-46.0,AGG_BUY,,,,,,
0,502700,VELVETFRUIT_EXTRACT,-1,6.0,5242.0,5240.5,5.0,0.5,5027,9.0,5240.5,33.0,5236.5,75.0,5229.5,-21.0,5245.5,-9.0,5243.5,-12.0,5244.0,5244.0,-12.0,PASS_SELL,,,,,,
0,502900,VELVETFRUIT_EXTRACT,-1,8.0,5241.0,5242.5,3.0,-0.7241379310344828,5029,4.0,5240.5,60.0,5233.5,108.0,5227.5,-36.0,5245.5,-16.0,5243.0,-24.0,5244.0,5244.0,-24.0,AGG_SELL,,,,,,
0,505300,VELVETFRUIT_EXTRACT,-1,7.0,5241.0,5242.5,3.0,-0.5625,5053,-7.0,5242.0,94.5,5227.5,101.5,5226.5,24.5,5237.5,42.0,5235.0,-21.0,5244.0,5244.0,-21.0,AGG_SELL,,,,,,
0,505700,VEV_4000,1,4.0,1239.0,1234.0,10.0,0.5789473684210527,5057,10.0,1241.5,-44.0,1228.0,-60.0,1224.0,-2.0,1238.5,-8.0,1237.0,20.0,1244.0,1244.0,20.0,AGG_BUY,,,,,,
0,505700,VEV_4500,1,4.0,739.0,735.0,8.0,0.42857142857142855,5057,8.0,741.0,-44.0,728.0,-60.0,724.0,-4.0,738.0,-8.0,737.0,20.0,744.0,744.0,20.0,AGG_BUY,,,,,,
0,507500,VELVETFRUIT_EXTRACT,1,6.0,5232.0,5234.0,6.0,0.0,5075,-21.0,5228.5,-27.0,5227.5,6.0,5233.0,33.0,5237.5,33.0,5237.5,72.0,5244.0,5244.0,72.0,PASS_BUY,,,,,,
0,508500,VELVETFRUIT_EXTRACT,1,24.0,5231.0,5228.5,5.0,0.0,5085,-60.0,5228.5,-108.0,5226.5,204.0,5239.5,132.0,5236.5,216.0,5240.0,312.0,5244.0,5244.0,312.0,AGG_BUY,,,,,,
0,508500,VEV_4500,1,12.0,736.0,728.5,15.0,0.0,5085,-90.0,728.5,-114.0,726.5,42.0,739.5,0.0,736.0,48.0,740.0,96.0,744.0,744.0,96.0,AGG_BUY,,,,,,
0,510000,VEV_5100,-1,10.0,152.0,154.0,4.0,-0.47368421052631576,5100,-10.0,153.0,-0.0,152.0,-140.0,166.0,-70.0,159.0,-90.0,161.0,-120.0,164.0,164.0,-120.0,AGG_SELL,5227.182795698925,7.49,0.24935642275320735,153.5031998081813,0.24721610340614747,127.18279569892456
0,512300,VELVETFRUIT_EXTRACT,1,7.0,5226.0,5227.5,5.0,0.0,5123,-14.0,5224.0,45.5,5232.5,185.5,5252.5,73.5,5236.5,73.5,5236.5,126.0,5244.0,5244.0,126.0,PASS_BUY,,,,,,
0,512600,VELVETFRUIT_EXTRACT,1,10.0,5228.0,5227.5,1.0,0.3333333333333333,5126,-25.0,5225.5,60.0,5234.0,245.0,5252.5,95.0,5237.5,65.0,5234.5,160.0,5244.0,5244.0,160.0,AGG_BUY,,,,,,
0,513300,VELVETFRUIT_EXTRACT,1,10.0,5225.0,5224.0,2.0,0.7297297297297297,5133,15.0,5226.5,125.0,5237.5,275.0,5252.5,115.0,5236.5,75.0,5232.5,190.0,5244.0,5244.0,190.0,AGG_BUY,,,,,,
0,513300,VEV_5100,-1,10.0,150.0,152.0,4.0,-0.5348837209302325,5133,-20.0,152.0,-105.0,160.5,-225.0,172.5,-100.0,160.0,-55.0,155.5,-140.0,164.0,164.0,-140.0,AGG_SELL,5224.72972972973,7.4867,0.24881497985629178,151.59158735191113,0.24706922739897264,124.72972972973002
0,513900,VELVETFRUIT_EXTRACT,-1,7.0,5231.0,5229.5,5.0,0.43209876543209874,5139,31.5,5226.5,-73.5,5241.5,-136.5,5250.5,-49.0,5238.0,-24.5,5234.5,-91.0,5244.0,5244.0,-91.0,PASS_SELL,,,,,,
0,514700,VEV_5100,-1,10.0,151.0,153.0,4.0,-0.5348837209302325,5147,10.0,150.0,-145.0,165.5,-225.0,173.5,-100.0,161.0,-20.0,153.0,-130.0,164.0,164.0,-130.0,AGG_SELL,5225.961538461538,7.4853,0.24912348971065693,152.5395074022149,0.24714685248883883,125.96153846153811
0,514800,VEV_5100,-1,6.0,151.0,153.0,4.0,-0.6666666666666666,5148,-0.0,151.0,-90.0,166.0,-144.0,175.0,-60.0,161.0,-12.0,153.0,-78.0,164.0,164.0,-78.0,AGG_SELL,5225.949367088608,7.4852,0.24916471003956533,152.52972846524017,0.2471462415144506,125.94936708860769
0,515500,VELVETFRUIT_EXTRACT,1,7.0,5225.0,5224.0,2.0,0.7777777777777778,5155,31.5,5229.5,150.5,5246.5,199.5,5253.5,101.5,5239.5,31.5,5229.5,133.0,5244.0,5244.0,133.0,AGG_BUY,,,,,,
0,515800,VELVETFRUIT_EXTRACT,-1,8.0,5226.0,5227.0,2.0,-0.4838709677419355,5158,-24.0,5229.0,-168.0,5247.0,-220.0,5253.5,-108.0,5239.5,-4.0,5226.5,-144.0,5244.0,5244.0,-144.0,AGG_SELL,,,,,,
0,515800,VELVETFRUIT_EXTRACT,-1,4.0,5227.0,5227.0,2.0,-0.4838709677419355,5158,-8.0,5229.0,-80.0,5247.0,-106.0,5253.5,-50.0,5239.5,2.0,5226.5,-68.0,5244.0,5244.0,-68.0,PASS_SELL,,,,,,
0,518400,VELVETFRUIT_EXTRACT,-1,20.0,5237.0,5239.5,5.0,-0.5061728395061729,5184,-150.0,5244.5,-290.0,5251.5,-400.0,5257.0,-260.0,5250.0,170.0,5228.5,-140.0,5244.0,5244.0,-140.0,AGG_SELL,,,,,,
0,518600,VELVETFRUIT_EXTRACT,-1,9.0,5240.0,5241.5,3.0,-0.7313432835820896,5186,-31.5,5243.5,-121.5,5253.5,-175.5,5259.5,-94.5,5250.5,112.5,5227.5,-36.0,5244.0,5244.0,-36.0,AGG_SELL,,,,,,
0,518700,VELVETFRUIT_EXTRACT,-1,15.0,5240.0,5241.0,2.0,-0.25,5187,-30.0,5242.0,-172.5,5251.5,-300.0,5260.0,-187.5,5252.5,187.5,5227.5,-60.0,5244.0,5244.0,-60.0,AGG_SELL,,,,,,
0,519000,VEV_5100,-1,10.0,162.0,164.0,4.0,-0.3939393939393939,5190,-40.0,166.0,-90.0,171.0,-165.0,178.5,-95.0,171.5,80.0,154.0,-20.0,164.0,164.0,-20.0,AGG_SELL,5239.592592592592,7.481,0.2514773791075423,163.2381468149274,0.24804488256389737,139.59259259259215
0,519400,VELVETFRUIT_EXTRACT,-1,10.0,5243.0,5244.5,3.0,-0.375,5194,-25.0,5245.5,-85.0,5251.5,-155.0,5258.5,-75.0,5250.5,155.0,5227.5,-10.0,5244.0,5244.0,-10.0,AGG_SELL,,,,,,
0,519700,VELVETFRUIT_EXTRACT,1,7.0,5243.0,5242.0,2.0,0.7407407407407407,5197,28.0,5247.0,77.0,5254.0,101.5,5257.5,45.5,5249.5,-119.0,5226.0,7.0,5244.0,5244.0,7.0,AGG_BUY,,,,,,
0,522400,VELVETFRUIT_EXTRACT,1,7.0,5250.0,5251.5,5.0,0.0,5224,10.5,5251.5,38.5,5255.5,45.5,5256.5,-17.5,5247.5,-192.5,5222.5,-42.0,5244.0,5244.0,-42.0,PASS_BUY,,,,,,
0,525700,VELVETFRUIT_EXTRACT,-1,9.0,5254.0,5255.5,3.0,-0.7662337662337663,5257,-31.5,5257.5,-49.5,5259.5,-0.0,5254.0,103.5,5242.5,292.5,5221.5,90.0,5244.0,5244.0,90.0,AGG_SELL,,,,,,
0,525700,VELVETFRUIT_EXTRACT,-1,8.0,5256.0,5255.5,3.0,-0.7662337662337663,5257,-12.0,5257.5,-28.0,5259.5,16.0,5254.0,108.0,5242.5,276.0,5221.5,96.0,5244.0,5244.0,96.0,PASS_SELL,,,,,,
0,528200,VELVETFRUIT_EXTRACT,-1,6.0,5257.0,5258.5,3.0,-0.5555555555555556,5282,-18.0,5260.0,15.0,5254.5,75.0,5244.5,108.0,5239.0,225.0,5219.5,78.0,5244.0,5244.0,78.0,AGG_SELL,,,,,,
0,528600,VELVETFRUIT_EXTRACT,-1,6.0,5258.0,5259.5,3.0,-0.42857142857142855,5286,-12.0,5260.0,33.0,5252.5,99.0,5241.5,105.0,5240.5,219.0,5221.5,84.0,5244.0,5244.0,84.0,AGG_SELL,,,,,,
0,530400,VELVETFRUIT_EXTRACT,-1,7.0,5262.0,5260.5,5.0,-0.4520547945205479,5304,38.5,5256.5,59.5,5253.5,126.0,5244.0,122.5,5244.5,276.5,5222.5,126.0,5244.0,5244.0,126.0,PASS_SELL,,,,,,
0,530900,VELVETFRUIT_EXTRACT,1,9.0,5257.0,5256.0,2.0,0.3793103448275862,5309,0.0,5257.0,-45.0,5252.0,-103.5,5245.5,-112.5,5244.5,-292.5,5224.5,-117.0,5244.0,5244.0,-117.0,AGG_BUY,,,,,,
0,531100,VELVETFRUIT_EXTRACT,1,8.0,5256.0,5254.5,3.0,0.7419354838709677,5311,4.0,5256.5,-44.0,5250.5,-92.0,5244.5,-92.0,5244.5,-252.0,5224.5,-96.0,5244.0,5244.0,-96.0,AGG_BUY,,,,,,
0,531300,VELVETFRUIT_EXTRACT,1,10.0,5255.0,5254.0,2.0,0.7101449275362319,5313,25.0,5257.5,-45.0,5250.5,-115.0,5243.5,-95.0,5245.5,-300.0,5225.0,-110.0,5244.0,5244.0,-110.0,AGG_BUY,,,,,,
0,534700,VEV_4000,1,5.0,1254.0,1248.5,11.0,0.375,5347,-2.5,1253.5,-67.5,1240.5,-87.5,1236.5,-72.5,1239.5,-135.0,1227.0,-50.0,1244.0,1244.0,-50.0,AGG_BUY,,,,,,
0,534700,VEV_4500,1,5.0,754.0,750.0,8.0,0.3333333333333333,5347,0.0,754.0,-65.0,741.0,-87.5,736.5,-72.5,739.5,-135.0,727.0,-50.0,744.0,744.0,-50.0,AGG_BUY,,,,,,
0,534700,VEV_5000,1,5.0,259.0,258.0,2.0,0.3333333333333333,5347,5.0,260.0,-55.0,248.0,-75.0,244.0,-60.0,247.0,-120.0,235.0,-45.0,250.0,250.0,-45.0,AGG_BUY,,,,,,
0,535000,VELVETFRUIT_EXTRACT,1,3.0,5250.0,5252.0,6.0,0.0,5350,4.5,5251.5,-19.5,5243.5,-40.5,5236.5,-22.5,5242.5,-73.5,5225.5,-18.0,5244.0,5244.0,-18.0,PASS_BUY,,,,,,
0,535900,VELVETFRUIT_EXTRACT,1,7.0,5253.0,5252.0,2.0,0.7586206896551724,5359,-21.0,5250.0,-52.5,5245.5,-101.5,5238.5,-115.5,5236.5,-171.5,5228.5,-63.0,5244.0,5244.0,-63.0,AGG_BUY,,,,,,
0,537500,VELVETFRUIT_EXTRACT,1,8.0,5248.0,5250.0,6.0,0.0,5375,-32.0,5244.0,-24.0,5245.0,-60.0,5240.5,-56.0,5241.0,-140.0,5230.5,-32.0,5244.0,5244.0,-32.0,PASS_BUY,,,,,,
0,539100,VELVETFRUIT_EXTRACT,1,19.0,5240.0,5237.5,5.0,0.5581395348837209,5391,66.5,5243.5,-28.5,5238.5,57.0,5243.0,57.0,5243.0,-190.0,5230.0,76.0,5244.0,5244.0,76.0,AGG_BUY,,,,,,
0,539400,VELVETFRUIT_EXTRACT,1,5.0,5238.0,5236.5,3.0,0.84375,5394,30.0,5244.0,0.0,5238.0,22.5,5242.5,32.5,5244.5,-35.0,5231.0,30.0,5244.0,5244.0,30.0,AGG_BUY,,,,,,
0,540100,VELVETFRUIT_EXTRACT,-1,7.0,5245.0,5243.5,5.0,0.4520547945205479,5401,3.5,5244.5,45.5,5238.5,7.0,5244.0,3.5,5244.5,101.5,5230.5,7.0,5244.0,5244.0,7.0,PASS_SELL,,,,,,
0,542600,VELVETFRUIT_EXTRACT,-1,7.0,5248.0,5246.0,6.0,0.0,5426,45.5,5241.5,63.0,5239.0,14.0,5246.0,-3.5,5248.5,119.0,5231.0,28.0,5244.0,5244.0,28.0,PASS_SELL,,,,,,
0,543200,VELVETFRUIT_EXTRACT,1,8.0,5242.0,5243.5,5.0,0.0,5432,-28.0,5238.5,20.0,5244.5,12.0,5243.5,36.0,5246.5,-88.0,5231.0,16.0,5244.0,5244.0,16.0,PASS_BUY,,,,,,
0,543800,VELVETFRUIT_EXTRACT,1,23.0,5241.0,5239.5,3.0,-0.5862068965517241,5438,-80.5,5237.5,0.0,5241.0,11.5,5241.5,149.5,5247.5,-230.0,5231.0,69.0,5244.0,5244.0,69.0,AGG_BUY,,,,,,
0,544700,VELVETFRUIT_EXTRACT,1,10.0,5235.0,5234.5,1.0,0.2,5447,15.0,5236.5,85.0,5243.5,65.0,5241.5,145.0,5249.5,-45.0,5230.5,90.0,5244.0,5244.0,90.0,AGG_BUY,,,,,,
0,544700,VEV_5100,-1,6.0,158.0,160.0,4.0,-0.6571428571428571,5447,-12.0,160.0,-42.0,165.0,-36.0,164.0,-72.0,170.0,18.0,155.0,-36.0,164.0,164.0,-36.0,AGG_SELL,5234.6,7.4553,0.2513292150287796,159.19061479767151,0.2477411065874853,134.60000000000036
0,546200,VELVETFRUIT_EXTRACT,-1,5.0,5242.0,5240.5,5.0,0.0,5462,2.5,5241.5,-22.5,5246.5,2.5,5241.5,-37.5,5249.5,62.5,5229.5,-10.0,5244.0,5244.0,-10.0,PASS_SELL,,,,,,
0,546900,VELVETFRUIT_EXTRACT,1,10.0,5240.0,5239.0,2.0,0.3103448275862069,5469,15.0,5241.5,40.0,5244.0,-35.0,5236.5,80.0,5248.0,-105.0,5229.5,40.0,5244.0,5244.0,40.0,AGG_BUY,,,,,,
0,547100,VELVETFRUIT_EXTRACT,1,12.0,5240.0,5239.0,2.0,0.6521739130434783,5471,42.0,5243.5,42.0,5243.5,-42.0,5236.5,90.0,5247.5,-138.0,5228.5,48.0,5244.0,5244.0,48.0,AGG_BUY,,,,,,
0,547100,VEV_5100,-1,4.0,163.0,164.0,2.0,-0.42857142857142855,5471,-8.0,165.0,-10.0,165.5,12.0,160.0,-20.0,168.0,36.0,154.0,-4.0,164.0,164.0,-4.0,AGG_SELL,5239.652173913043,7.4529,0.2517422658212371,163.19079666745301,0.24808605843554046,139.65217391304304
0,547700,VELVETFRUIT_EXTRACT,-1,10.0,5240.0,5241.5,3.0,-0.6923076923076923,5477,-35.0,5243.5,-55.0,5245.5,50.0,5235.0,-85.0,5248.5,135.0,5226.5,-40.0,5244.0,5244.0,-40.0,AGG_SELL,,,,,,
0,550800,VELVETFRUIT_EXTRACT,1,9.0,5246.0,5245.0,2.0,0.7534246575342466,5508,-22.5,5243.5,-49.5,5240.5,-94.5,5235.5,-4.5,5245.5,-144.0,5230.0,-18.0,5244.0,5244.0,-18.0,AGG_BUY,,,,,,
0,551000,VELVETFRUIT_EXTRACT,1,9.0,5246.0,5245.0,2.0,0.7049180327868853,5510,-18.0,5244.0,-40.5,5241.5,-90.0,5236.0,-4.5,5245.5,-139.5,5230.5,-18.0,5244.0,5244.0,-18.0,AGG_BUY,,,,,,
0,552800,VELVETFRUIT_EXTRACT,-1,7.0,5247.0,5245.5,5.0,0.0,5528,38.5,5241.5,87.5,5234.5,70.0,5237.0,31.5,5242.5,101.5,5232.5,21.0,5244.0,5244.0,21.0,PASS_SELL,,,,,,
0,553800,VELVETFRUIT_EXTRACT,1,15.0,5242.0,5241.5,1.0,0.11764705882352941,5538,-7.5,5241.5,-97.5,5235.5,-52.5,5238.5,-37.5,5239.5,-157.5,5231.5,30.0,5244.0,5244.0,30.0,AGG_BUY,,,,,,
0,554500,VEV_4000,1,4.0,1241.0,1236.5,9.0,0.5294117647058824,5545,-14.0,1237.5,-22.0,1235.5,-10.0,1238.5,-2.0,1240.5,-26.0,1234.5,12.0,1244.0,1244.0,12.0,AGG_BUY,,,,,,
0,554500,VEV_4500,1,4.0,741.0,737.5,7.0,0.2727272727272727,5545,-14.0,737.5,-20.0,736.0,-12.0,738.0,-4.0,740.0,-28.0,734.0,12.0,744.0,744.0,12.0,AGG_BUY,,,,,,
0,554500,VEV_5000,1,4.0,248.0,247.0,2.0,0.2727272727272727,5545,-12.0,245.0,-20.0,243.0,-8.0,246.0,-4.0,247.0,-24.0,242.0,8.0,250.0,250.0,8.0,AGG_BUY,,,,,,
0,555800,VELVETFRUIT_EXTRACT,-1,6.0,5239.0,5240.5,3.0,-0.5862068965517241,5558,15.0,5236.5,21.0,5235.5,-3.0,5239.5,15.0,5236.5,42.0,5232.0,-30.0,5244.0,5244.0,-30.0,AGG_SELL,,,,,,
0,557200,VELVETFRUIT_EXTRACT,1,11.0,5235.0,5234.5,1.0,0.3888888888888889,5572,5.5,5235.5,16.5,5236.5,126.5,5246.5,49.5,5239.5,5.5,5235.5,99.0,5244.0,5244.0,99.0,AGG_BUY,,,,,,
0,558300,VELVETFRUIT_EXTRACT,1,8.0,5236.0,5235.0,2.0,0.7611940298507462,5583,0.0,5236.0,4.0,5236.5,120.0,5251.0,28.0,5239.5,12.0,5237.5,64.0,5244.0,5244.0,64.0,AGG_BUY,,,,,,
0,560800,VELVETFRUIT_EXTRACT,-1,4.0,5237.0,5235.5,5.0,-0.5384615384615384,5608,2.0,5236.5,-10.0,5239.5,-38.0,5246.5,-2.0,5237.5,-18.0,5241.5,-28.0,5244.0,5244.0,-28.0,PASS_SELL,,,,,,
0,561300,VELVETFRUIT_EXTRACT,1,8.0,5236.0,5235.0,2.0,0.8024691358024691,5613,4.0,5236.5,60.0,5243.5,68.0,5244.5,28.0,5239.5,44.0,5241.5,64.0,5244.0,5244.0,64.0,AGG_BUY,,,,,,
0,562800,VELVETFRUIT_EXTRACT,1,6.0,5238.0,5237.0,2.0,0.625,5628,3.0,5238.5,60.0,5248.0,45.0,5245.5,-27.0,5233.5,57.0,5247.5,36.0,5244.0,5244.0,36.0,AGG_BUY,,,,,,
0,564200,VELVETFRUIT_EXTRACT,-1,7.0,5239.0,5240.5,3.0,-0.7941176470588235,5642,-14.0,5241.0,-80.5,5250.5,-24.5,5242.5,59.5,5230.5,-31.5,5243.5,-35.0,5244.0,5244.0,-35.0,AGG_SELL,,,,,,
0,566400,VELVETFRUIT_EXTRACT,-1,6.0,5245.0,5243.0,6.0,0.0,5664,-18.0,5248.0,12.0,5243.0,27.0,5240.5,111.0,5226.5,9.0,5243.5,6.0,5244.0,5244.0,6.0,PASS_SELL,,,,,,
0,567800,VELVETFRUIT_EXTRACT,-1,11.0,5247.0,5248.0,2.0,-0.18518518518518517,5678,-55.0,5252.0,16.5,5245.5,71.5,5240.5,170.5,5231.5,38.5,5243.5,33.0,5244.0,5244.0,33.0,AGG_SELL,,,,,,
0,568800,VEV_4000,1,3.0,1252.0,1247.0,10.0,0.5,5688,-4.5,1250.5,-25.5,1243.5,-31.5,1241.5,-72.0,1228.0,-31.5,1241.5,-24.0,1244.0,1244.0,-24.0,AGG_BUY,,,,,,
0,568800,VEV_4500,1,3.0,752.0,748.0,8.0,0.5,5688,-6.0,750.0,-24.0,744.0,-30.0,742.0,-72.0,728.0,-30.0,742.0,-24.0,744.0,744.0,-24.0,AGG_BUY,,,,,,
0,569000,VELVETFRUIT_EXTRACT,-1,8.0,5253.0,5251.0,6.0,0.0,5690,28.0,5249.5,84.0,5242.5,92.0,5241.5,196.0,5228.5,96.0,5241.0,72.0,5244.0,5244.0,72.0,PASS_SELL,,,,,,
0,571700,VELVETFRUIT_EXTRACT,-1,8.0,5248.0,5246.5,5.0,0.0,5717,4.0,5247.5,72.0,5239.0,44.0,5242.5,180.0,5225.5,12.0,5246.5,32.0,5244.0,5244.0,32.0,PASS_SELL,,,,,,
0,571900,VELVETFRUIT_EXTRACT,1,7.0,5246.0,5245.0,2.0,0.7846153846153846,5719,3.5,5246.5,-42.0,5240.0,-17.5,5243.5,-164.5,5222.5,3.5,5246.5,-14.0,5244.0,5244.0,-14.0,AGG_BUY,,,,,,
0,573700,VELVETFRUIT_EXTRACT,-1,10.0,5245.0,5246.5,3.0,-0.7402597402597403,5737,55.0,5239.5,45.0,5240.5,65.0,5238.5,245.0,5220.5,65.0,5238.5,10.0,5244.0,5244.0,10.0,AGG_SELL,,,,,,
0,574000,VEV_5100,-1,9.0,163.0,165.0,4.0,-0.5384615384615384,5740,9.0,162.0,-9.0,164.0,13.5,161.5,144.0,147.0,9.0,162.0,-9.0,164.0,164.0,-9.0,AGG_SELL,5241.119402985075,7.426,0.25154119331759217,164.27204513502465,0.24822314462419956,141.11940298507488
0,574500,VELVETFRUIT_EXTRACT,1,8.0,5241.0,5240.0,2.0,0.30434782608695654,5745,20.0,5243.5,20.0,5243.5,-20.0,5238.5,-156.0,5221.5,-28.0,5237.5,24.0,5244.0,5244.0,24.0,AGG_BUY,,,,,,
0,575000,VEV_4000,1,5.0,1241.0,1236.0,10.0,0.4117647058823529,5750,7.5,1242.5,17.5,1244.5,-20.0,1237.0,-92.5,1222.5,-37.5,1233.5,15.0,1244.0,1244.0,15.0,AGG_BUY,,,,,,
0,575000,VEV_4500,1,5.0,741.0,737.0,8.0,0.3333333333333333,5750,10.0,743.0,20.0,745.0,-15.0,738.0,-92.5,722.5,-40.0,733.0,15.0,744.0,744.0,15.0,AGG_BUY,,,,,,
0,575000,VEV_5400,1,5.0,16.0,15.5,1.0,0.5238095238095238,5750,2.5,16.5,2.5,16.5,2.5,16.5,-17.5,12.5,-7.5,14.5,2.5,16.5,16.5,2.5,AGG_BUY,,,,,,
0,575300,VELVETFRUIT_EXTRACT,1,9.0,5241.0,5240.0,2.0,0.3793103448275862,5753,-4.5,5240.5,31.5,5244.5,13.5,5242.5,-157.5,5223.5,-76.5,5232.5,27.0,5244.0,5244.0,27.0,AGG_BUY,,,,,,
0,575500,VELVETFRUIT_EXTRACT,-1,8.0,5242.0,5243.5,3.0,-0.5,5755,20.0,5239.5,-12.0,5243.5,24.0,5239.0,148.0,5223.5,60.0,5234.5,-16.0,5244.0,5244.0,-16.0,AGG_SELL,,,,,,
0,578600,VEV_5100,-1,4.0,163.0,164.0,2.0,-0.5,5786,-8.0,165.0,6.0,161.5,-8.0,165.0,60.0,148.0,8.0,161.0,-4.0,164.0,164.0,-4.0,AGG_SELL,5240.5,7.4214,0.2492750251764655,163.76127589341422,0.24818614723997415,140.5
0,579000,VELVETFRUIT_EXTRACT,-1,5.0,5243.0,5241.5,5.0,0.0,5790,-7.5,5244.5,22.5,5238.5,-2.5,5243.5,102.5,5222.5,25.0,5238.0,-5.0,5244.0,5244.0,-5.0,PASS_SELL,,,,,,
0,579800,VELVETFRUIT_EXTRACT,-1,6.0,5244.0,5242.5,5.0,0.5053763440860215,5798,-0.0,5244.0,24.0,5240.0,-3.0,5244.5,117.0,5224.5,18.0,5241.0,-0.0,5244.0,5244.0,-0.0,PASS_SELL,,,,,,
0,582100,VEV_5100,-1,11.0,162.0,164.0,4.0,-0.4883720930232558,5821,22.0,160.0,-22.0,164.0,-77.0,169.0,154.0,148.0,-0.0,162.0,-22.0,164.0,164.0,-22.0,AGG_SELL,5240.013513513513,7.4179,0.25106178580496463,163.36087236660342,0.2481571107358651,140.01351351351332
0,582500,VELVETFRUIT_EXTRACT,1,8.0,5240.0,5239.0,2.0,0.4838709677419355,5825,-12.0,5238.5,8.0,5241.0,56.0,5247.0,-148.0,5221.5,0.0,5240.0,32.0,5244.0,5244.0,32.0,AGG_BUY,,,,,,
0,583000,VEV_5100,-1,7.0,158.0,160.0,4.0,-0.46153846153846156,5830,-24.5,161.5,-35.0,163.0,-73.5,168.5,52.5,150.5,-10.5,159.5,-42.0,164.0,164.0,-42.0,AGG_SELL,5235.148648648648,7.417,0.2500948682749308,159.4926176593899,0.2478290981375444,135.1486486486483
0,583800,VELVETFRUIT_EXTRACT,-1,6.0,5238.0,5239.5,3.0,-0.42857142857142855,5838,-12.0,5240.0,-36.0,5244.0,-57.0,5247.5,72.0,5226.0,21.0,5234.5,-36.0,5244.0,5244.0,-36.0,AGG_SELL,,,,,,
0,585000,VEV_4000,1,4.0,1242.0,1237.0,10.0,0.42857142857142855,5850,-18.0,1237.5,10.0,1244.5,26.0,1248.5,-66.0,1225.5,10.0,1244.5,8.0,1244.0,1244.0,8.0,AGG_BUY,,,,,,
0,585000,VEV_4500,1,4.0,742.0,738.0,8.0,0.2,5850,-16.0,738.0,12.0,745.0,28.0,749.0,-66.0,725.5,12.0,745.0,8.0,744.0,744.0,8.0,AGG_BUY,,,,,,
0,585100,VELVETFRUIT_EXTRACT,-1,6.0,5245.0,5243.5,5.0,-0.4520547945205479,5851,45.0,5237.5,3.0,5244.5,-30.0,5250.0,117.0,5225.5,12.0,5243.0,6.0,5244.0,5244.0,6.0,PASS_SELL,,,,,,
0,585200,VELVETFRUIT_EXTRACT,-1,10.0,5243.0,5244.5,3.0,-0.6721311475409836,5852,45.0,5238.5,5.0,5242.5,-70.0,5250.0,165.0,5226.5,-25.0,5245.5,-10.0,5244.0,5244.0,-10.0,AGG_SELL,,,,,,
0,588800,VELVETFRUIT_EXTRACT,-1,14.0,5243.0,5244.0,2.0,-0.17647058823529413,5888,-21.0,5244.5,-63.0,5247.5,-91.0,5249.5,189.0,5229.5,-7.0,5243.5,-14.0,5244.0,5244.0,-14.0,AGG_SELL,,,,,,
0,589300,VELVETFRUIT_EXTRACT,1,8.0,5243.0,5242.0,2.0,0.30434782608695654,5893,-4.0,5242.5,28.0,5246.5,52.0,5249.5,-100.0,5230.5,12.0,5244.5,8.0,5244.0,5244.0,8.0,AGG_BUY,,,,,,
0,591100,VEV_4000,1,2.0,1241.0,1236.0,10.0,0.75,5911,15.0,1248.5,15.0,1248.5,7.0,1244.5,-24.0,1229.0,15.0,1248.5,6.0,1244.0,1244.0,6.0,AGG_BUY,,,,,,
0,591100,VEV_4500,1,2.0,741.0,737.5,7.0,0.7142857142857143,5911,16.0,749.0,14.0,748.0,8.0,745.0,-24.0,729.0,16.0,749.0,6.0,744.0,744.0,6.0,AGG_BUY,,,,,,
0,591100,VEV_5400,1,2.0,16.0,15.5,1.0,0.7894736842105263,5911,3.0,17.5,3.0,17.5,1.0,16.5,-5.0,13.5,2.0,17.0,1.0,16.5,16.5,1.0,AGG_BUY,,,,,,
0,591900,VELVETFRUIT_EXTRACT,-1,21.0,5245.0,5247.5,5.0,-0.4246575342465753,5919,-52.5,5247.5,-63.0,5248.0,52.5,5242.5,283.5,5231.5,-52.5,5247.5,21.0,5244.0,5244.0,21.0,AGG_SELL,,,,,,
0,593300,VEV_4000,1,2.0,1246.0,1241.0,10.0,0.6,5933,1.0,1246.5,5.0,1248.5,-9.0,1241.5,-31.0,1230.5,3.0,1247.5,-4.0,1244.0,1244.0,-4.0,AGG_BUY,,,,,,
0,593300,VEV_4500,1,2.0,746.0,742.0,8.0,0.6363636363636364,5933,0.0,746.0,6.0,749.0,-8.0,742.0,-31.0,730.5,3.0,747.5,-4.0,744.0,744.0,-4.0,AGG_BUY,,,,,,
0,597000,VELVETFRUIT_EXTRACT,-1,9.0,5247.0,5248.5,3.0,-0.7313432835820896,5970,-4.5,5247.5,58.5,5240.5,76.5,5238.5,157.5,5229.5,-13.5,5248.5,27.0,5244.0,5244.0,27.0,AGG_SELL,,,,,,
0,599000,VELVETFRUIT_EXTRACT,-1,3.0,5251.0,5249.5,5.0,-0.46987951807228917,5990,15.0,5246.0,34.5,5239.5,46.5,5235.5,73.5,5226.5,-6.0,5253.0,21.0,5244.0,5244.0,21.0,PASS_SELL,,,,,,
0,599300,VEV_5100,-1,2.0,170.0,171.0,2.0,-0.5555555555555556,5993,5.0,167.5,16.0,162.0,19.0,160.5,36.0,152.0,-0.0,170.0,12.0,164.0,164.0,12.0,AGG_SELL,5249.5,7.4007,0.24910239525856076,170.94847061511382,0.24885800030277255,149.5
0,599500,HYDROGEL_PACK,-1,2.0,10002.0,9995.0,16.0,0.0,5995,38.0,9983.0,-8.0,10006.0,-12.0,10008.0,-36.0,10020.0,-30.0,10017.0,88.0,9958.0,9958.0,88.0,PASS_SELL,,,,,,
0,600300,VELVETFRUIT_EXTRACT,1,8.0,5245.0,5244.5,1.0,0.4074074074074074,6003,-4.0,5244.5,-80.0,5235.0,-44.0,5239.5,-116.0,5230.5,44.0,5250.5,-8.0,5244.0,5244.0,-8.0,AGG_BUY,,,,,,
0,600300,VEV_5200,-1,6.0,97.0,98.0,2.0,0.0,6003,3.0,96.5,36.0,91.0,21.0,93.5,51.0,88.5,-9.0,98.5,9.0,95.5,95.5,9.0,AGG_SELL,,,,,,
0,601100,HYDROGEL_PACK,1,2.0,9989.0,9985.5,7.0,0.42857142857142855,6011,6.0,9992.0,36.0,10007.0,40.0,10009.0,46.0,10012.0,78.0,10028.0,-62.0,9958.0,9958.0,-62.0,AGG_BUY,,,,,,
0,603000,VEV_4000,1,2.0,1242.0,1237.0,10.0,0.7333333333333333,6030,-5.0,1239.5,-7.0,1238.5,-13.0,1235.5,-16.0,1234.0,31.0,1257.5,4.0,1244.0,1244.0,4.0,AGG_BUY,,,,,,
0,603000,VEV_4500,1,2.0,742.0,738.5,7.0,0.6363636363636364,6030,-5.0,739.5,-8.0,738.0,-14.0,735.0,-16.0,734.0,30.0,757.0,4.0,744.0,744.0,4.0,AGG_BUY,,,,,,
0,603000,VEV_5000,1,2.0,249.0,248.0,2.0,0.6363636363636364,6030,-4.0,247.0,-7.0,245.5,-12.0,243.0,-15.0,241.5,28.0,263.0,2.0,250.0,250.0,2.0,AGG_BUY,,,,,,
0,603000,VEV_5400,1,2.0,16.0,15.5,1.0,0.8709677419354839,6030,-1.0,15.5,-1.0,15.5,-2.0,15.0,-3.0,14.5,5.0,18.5,1.0,16.5,16.5,1.0,AGG_BUY,,,,,,
0,603600,VEV_5400,1,7.0,16.0,15.5,1.0,0.5,6036,-3.5,15.5,-3.5,15.5,-10.5,14.5,-10.5,14.5,17.5,18.5,3.5,16.5,16.5,3.5,AGG_BUY,,,,,,
0,604600,VELVETFRUIT_EXTRACT,-1,7.0,5242.0,5240.5,5.0,-0.5111111111111111,6046,38.5,5236.5,31.5,5237.5,94.5,5228.5,59.5,5233.5,-80.5,5253.5,-14.0,5244.0,5244.0,-14.0,PASS_SELL,,,,,,
0,604900,VELVETFRUIT_EXTRACT,1,7.0,5237.0,5236.0,2.0,0.36363636363636365,6049,-14.0,5235.0,3.5,5237.5,-66.5,5227.5,-17.5,5234.5,108.5,5252.5,49.0,5244.0,5244.0,49.0,AGG_BUY,,,,,,
0,605300,HYDROGEL_PACK,-1,7.0,10007.0,10011.0,8.0,-0.2631578947368421,6053,7.0,10006.0,-7.0,10008.0,-14.0,10009.0,-59.5,10015.5,-213.5,10037.5,343.0,9958.0,9958.0,343.0,AGG_SELL,,,,,,
0,605900,VELVETFRUIT_EXTRACT,1,8.0,5236.0,5235.0,2.0,0.7681159420289855,6059,16.0,5238.0,12.0,5237.5,-68.0,5227.5,-36.0,5231.5,132.0,5252.5,64.0,5244.0,5244.0,64.0,AGG_BUY,,,,,,
0,606400,VEV_5100,-1,4.0,160.0,161.5,3.0,-0.7714285714285715,6064,-0.0,160.0,-10.0,162.5,32.0,152.0,16.0,156.0,-56.0,174.0,-16.0,164.0,164.0,-16.0,AGG_SELL,5237.5,7.3936,0.24902940752298566,161.2763024990627,0.2480177507882568,137.5
0,609500,VEV_5100,-1,7.0,158.0,160.0,4.0,-0.5483870967741935,6095,-14.0,160.0,28.0,154.0,42.0,152.0,-21.0,161.0,-98.0,172.0,-42.0,164.0,164.0,-42.0,AGG_SELL,5235.149425287356,7.3905,0.250540170761697,159.40224080572762,0.24786481622990233,135.14942528735628
0,611000,HYDROGEL_PACK,-1,6.0,10008.0,10012.5,9.0,-0.42857142857142855,6110,-12.0,10010.0,-12.0,10010.0,66.0,9997.0,-36.0,10014.0,-120.0,10028.0,300.0,9958.0,9958.0,300.0,AGG_SELL,,,,,,
0,612600,VEV_5400,1,9.0,15.0,14.5,1.0,0.3793103448275862,6126,-4.5,14.5,-9.0,14.0,-18.0,13.0,13.5,16.5,13.5,16.5,13.5,16.5,16.5,13.5,AGG_BUY,,,,,,
0,613300,VEV_4000,1,5.0,1232.0,1227.5,9.0,0.47368421052631576,6133,-10.0,1230.0,-12.5,1229.5,-57.5,1220.5,77.5,1247.5,62.5,1244.5,60.0,1244.0,1244.0,60.0,AGG_BUY,,,,,,
0,613300,VEV_4500,1,5.0,732.0,728.5,7.0,0.2857142857142857,6133,-10.0,730.0,-12.5,729.5,-57.5,720.5,70.0,746.0,60.0,744.0,60.0,744.0,744.0,60.0,AGG_BUY,,,,,,
0,613300,VEV_5000,1,5.0,240.0,239.0,2.0,0.2857142857142857,6133,-10.0,238.0,-15.0,237.0,-52.5,229.5,52.5,250.5,55.0,251.0,50.0,250.0,250.0,50.0,AGG_BUY,,,,,,
0,614800,VEV_5400,1,20.0,14.0,13.5,1.0,0.0,6148,-10.0,13.5,-10.0,13.5,-30.0,12.5,50.0,16.5,70.0,17.5,50.0,16.5,16.5,50.0,AGG_BUY,,,,,,
0,614900,VEV_5100,-1,12.0,151.0,153.0,4.0,-0.4782608695652174,6149,-24.0,153.0,-12.0,152.0,36.0,148.0,-192.0,167.0,-258.0,172.5,-156.0,164.0,164.0,-156.0,AGG_SELL,5226.142857142857,7.3850999999999996,0.2502137189815203,152.32726417435015,0.24729874406060384,126.14285714285688
0,615000,VEV_5400,1,8.0,14.0,13.5,1.0,0.5555555555555556,6150,-4.0,13.5,-4.0,13.5,-12.0,12.5,20.0,16.5,28.0,17.5,20.0,16.5,16.5,20.0,AGG_BUY,,,,,,
0,615600,VEV_5400,1,20.0,14.0,13.5,1.0,0.0,6156,-20.0,13.0,-20.0,13.0,-30.0,12.5,40.0,16.0,60.0,17.0,50.0,16.5,16.5,50.0,AGG_BUY,,,,,,
0,615900,VEV_5100,-1,9.0,151.0,153.0,4.0,-0.4375,6159,9.0,150.0,9.0,150.0,27.0,148.0,-139.5,166.5,-180.0,171.0,-117.0,164.0,164.0,-117.0,AGG_SELL,5225.974025974026,7.3841,0.25078395371007167,152.19276089024743,0.2472898293624769,125.97402597402561
0,616100,VEV_5400,1,20.0,14.0,13.5,1.0,0.0,6161,-10.0,13.5,-10.0,13.5,-30.0,12.5,50.0,16.5,70.0,17.5,50.0,16.5,16.5,50.0,AGG_BUY,,,,,,
0,616500,HYDROGEL_PACK,-1,6.0,10015.0,10008.0,16.0,0.0,6165,72.0,10003.0,96.0,9999.0,150.0,9990.0,60.0,10005.0,102.0,9998.0,342.0,9958.0,9958.0,342.0,PASS_SELL,,,,,,
0,616600,VEV_5100,-1,7.0,148.0,150.0,4.0,-0.48148148148148145,6166,-49.0,155.0,-21.0,151.0,-0.0,148.0,-119.0,165.0,-185.5,174.5,-112.0,164.0,164.0,-112.0,AGG_SELL,5222.518987341772,7.3834,0.24913569003394428,149.5207419126732,0.24708312636124133,122.51898734177212
0,617300,VEV_5400,1,20.0,14.0,13.5,1.0,0.0,6173,0.0,14.0,-20.0,13.0,-30.0,12.5,40.0,16.0,90.0,18.5,50.0,16.5,16.5,50.0,AGG_BUY,,,,,,
0,617400,VELVETFRUIT_EXTRACT,-1,14.0,5228.0,5229.5,3.0,-0.2222222222222222,6174,-7.0,5228.5,77.0,5222.5,119.0,5219.5,-189.0,5241.5,-392.0,5256.0,-224.0,5244.0,5244.0,-224.0,AGG_SELL,,,,,,
0,617400,VEV_5400,1,20.0,14.0,13.5,1.0,0.0,6174,-10.0,13.5,-30.0,12.5,-30.0,12.5,30.0,15.5,90.0,18.5,50.0,16.5,16.5,50.0,AGG_BUY,,,,,,
0,617800,VEV_5100,-1,8.0,154.0,156.0,4.0,-0.5789473684210527,6178,8.0,153.0,48.0,148.0,68.0,145.5,-88.0,165.0,-180.0,176.5,-80.0,164.0,164.0,-80.0,AGG_SELL,5230.056338028169,7.3822,0.25033064185076576,155.36660354604237,0.2475463681853926,130.0563380281692
0,618200,HYDROGEL_PACK,1,5.0,9995.0,9991.0,8.0,0.4117647058823529,6182,25.0,10000.0,15.0,9998.0,-45.0,9986.0,60.0,10007.0,85.0,10012.0,-185.0,9958.0,9958.0,-185.0,AGG_BUY,,,,,,
0,618200,VEV_5000,-1,2.0,238.0,239.5,3.0,-0.6363636363636364,6182,5.0,235.5,16.0,230.0,19.0,228.5,-24.0,250.0,-43.0,259.5,-24.0,250.0,250.0,-24.0,AGG_SELL,,,,,,
0,618200,VEV_5100,-1,2.0,154.0,155.5,3.0,-0.8823529411764706,6182,2.0,153.0,12.0,148.0,14.0,147.0,-22.0,165.0,-38.0,173.0,-20.0,164.0,164.0,-20.0,AGG_SELL,5229.268656716418,7.3818,0.2507861330044604,154.74932507115045,0.24749722077715386,129.26865671641826
0,618200,VEV_5200,-1,2.0,88.0,89.0,2.0,-0.8823529411764706,6182,3.0,86.5,10.0,83.0,12.0,82.0,-13.0,94.5,-27.0,101.5,-15.0,95.5,95.5,-15.0,AGG_SELL,,,,,,
0,618400,VEV_5400,1,20.0,14.0,13.5,1.0,0.0,6184,-10.0,13.5,-30.0,12.5,-30.0,12.5,30.0,15.5,70.0,17.5,50.0,16.5,16.5,50.0,AGG_BUY,,,,,,
0,618500,VEV_5400,1,20.0,14.0,13.5,1.0,0.0,6185,-10.0,13.5,-30.0,12.5,-30.0,12.5,40.0,16.0,60.0,17.0,50.0,16.5,16.5,50.0,AGG_BUY,,,,,,
0,618600,VEV_5100,-1,11.0,151.0,153.0,4.0,-0.4634146341463415,6186,-0.0,151.0,44.0,147.0,33.0,148.0,-143.0,164.0,-220.0,171.0,-143.0,164.0,164.0,-143.0,AGG_SELL,5226.453488372093,7.3814,0.24925442432523515,152.55531356688834,0.24732296002318313,126.45348837209258
0,618800,VELVETFRUIT_EXTRACT,1,5.0,5227.0,5226.0,2.0,0.8360655737704918,6188,0.0,5227.0,-35.0,5220.0,-17.5,5223.5,72.5,5241.5,122.5,5251.5,85.0,5244.0,5244.0,85.0,AGG_BUY,,,,,,
0,619400,VEV_5400,1,20.0,14.0,13.5,1.0,0.0,6194,-10.0,13.5,-30.0,12.5,-30.0,12.5,30.0,15.5,60.0,17.0,50.0,16.5,16.5,50.0,AGG_BUY,,,,,,
0,619500,VELVETFRUIT_EXTRACT,1,10.0,5226.0,5225.0,2.0,0.3333333333333333,6195,5.0,5226.5,-45.0,5221.5,-45.0,5221.5,145.0,5240.5,245.0,5250.5,180.0,5244.0,5244.0,180.0,AGG_BUY,,,,,,
0,620300,VEV_5100,-1,8.0,151.0,153.0,4.0,-0.5,6203,8.0,150.0,8.0,150.0,8.0,150.0,-80.0,161.0,-168.0,172.0,-104.0,164.0,164.0,-104.0,AGG_SELL,5226.195652173913,7.3797,0.2501318790266439,152.34916752781237,0.24730955441475108,126.195652173913
0,620400,VELVETFRUIT_EXTRACT,1,4.0,5225.0,5226.5,5.0,0.4857142857142857,6204,0.0,5225.0,-10.0,5222.5,-10.0,5222.5,58.0,5239.5,110.0,5252.5,76.0,5244.0,5244.0,76.0,PASS_BUY,,,,,,
0,621900,VEV_5400,1,9.0,13.0,12.5,1.0,0.4857142857142857,6219,-4.5,12.5,-4.5,12.5,-4.5,12.5,31.5,16.5,40.5,17.5,31.5,16.5,16.5,31.5,AGG_BUY,,,,,,
0,622000,HYDROGEL_PACK,-1,6.0,10010.0,10003.0,16.0,0.0,6220,66.0,9999.0,156.0,9984.0,42.0,10003.0,108.0,9992.0,-6.0,10011.0,312.0,9958.0,9958.0,312.0,PASS_SELL,,,,,,
0,622000,VEV_5400,1,7.0,13.0,12.5,1.0,0.5757575757575758,6220,-3.5,12.5,-3.5,12.5,-3.5,12.5,24.5,16.5,31.5,17.5,24.5,16.5,16.5,24.5,AGG_BUY,,,,,,
0,622200,VEV_5400,1,20.0,13.0,12.5,1.0,0.0,6222,-10.0,12.5,-10.0,12.5,-10.0,12.5,70.0,16.5,100.0,18.0,70.0,16.5,16.5,70.0,AGG_BUY,,,,,,
0,622400,VEV_5100,-1,7.0,147.0,149.0,4.0,-0.5757575757575758,6224,-7.0,148.0,-0.0,147.0,-7.0,148.0,-126.0,165.0,-185.5,173.5,-119.0,164.0,164.0,-119.0,AGG_SELL,5221.210526315789,7.3776,0.24917121066983602,148.49439873044548,0.2470145400015339,121.21052631578914
0,622500,VEV_5400,1,9.0,13.0,12.5,1.0,0.5135135135135135,6225,-4.5,12.5,-9.0,12.0,-4.5,12.5,27.0,16.0,45.0,18.0,31.5,16.5,16.5,31.5,AGG_BUY,,,,,,
0,622700,VELVETFRUIT_EXTRACT,1,7.0,5221.0,5222.5,5.0,0.0,6227,-3.5,5220.5,-24.5,5217.5,-17.5,5218.5,143.5,5241.5,255.5,5257.5,161.0,5244.0,5244.0,161.0,PASS_BUY,,,,,,
0,622700,VEV_5400,1,5.0,13.0,12.5,1.0,0.5833333333333334,6227,-2.5,12.5,-7.5,11.5,-5.0,12.0,12.5,15.5,27.5,18.5,17.5,16.5,16.5,17.5,AGG_BUY,,,,,,
0,623300,VELVETFRUIT_EXTRACT,1,2.0,5219.0,5220.5,5.0,0.4823529411764706,6233,3.0,5220.5,1.0,5219.5,5.0,5221.5,45.0,5241.5,85.0,5261.5,50.0,5244.0,5244.0,50.0,PASS_BUY,,,,,,
0,623300,VEV_5400,1,20.0,13.0,12.5,1.0,0.0,6233,-10.0,12.5,-10.0,12.5,-10.0,12.5,50.0,15.5,130.0,19.5,70.0,16.5,16.5,70.0,AGG_BUY,,,,,,
0,623500,VEV_5400,1,20.0,13.0,12.5,1.0,0.0,6235,-10.0,12.5,-10.0,12.5,-10.0,12.5,60.0,16.0,130.0,19.5,70.0,16.5,16.5,70.0,AGG_BUY,,,,,,
0,623600,HYDROGEL_PACK,1,4.0,9996.0,9992.5,7.0,0.5555555555555556,6236,-8.0,9994.0,-24.0,9990.0,-4.0,9995.0,-8.0,9994.0,36.0,10005.0,-152.0,9958.0,9958.0,-152.0,AGG_BUY,,,,,,
0,623900,VEV_5100,-1,11.0,145.0,147.0,4.0,-0.35294117647058826,6239,-33.0,148.0,-44.0,149.0,-82.5,152.5,-192.5,162.5,-434.5,184.5,-209.0,164.0,164.0,-209.0,AGG_SELL,5218.3218390804595,7.3761,0.2498921566438824,146.2794626339205,0.24685037940011947,118.32183908045954
0,624100,VEV_5100,-1,6.0,145.0,147.0,4.0,-0.5555555555555556,6241,-24.0,149.0,-24.0,149.0,-54.0,154.0,-93.0,160.5,-237.0,184.5,-114.0,164.0,164.0,-114.0,AGG_SELL,5218.428571428572,7.3759,0.24955980493637542,146.36011815204893,0.24685673362781563,118.42857142857156
0,624200,VEV_5100,-1,7.0,145.0,147.0,4.0,-0.5172413793103449,6242,-28.0,149.0,-21.0,148.0,-63.0,154.0,-108.5,160.5,-283.5,185.5,-133.0,164.0,164.0,-133.0,AGG_SELL,5217.961538461538,7.3758,0.25102683327572983,146.00382079469955,0.24683039854197664,117.96153846153811
0,624300,VEV_5400,1,20.0,13.0,12.5,1.0,0.0,6243,-10.0,12.5,-10.0,12.5,10.0,13.5,40.0,15.0,150.0,20.5,70.0,16.5,16.5,70.0,AGG_BUY,,,,,,
0,624400,VEV_5400,1,20.0,13.0,12.5,1.0,0.0,6244,-10.0,12.5,-10.0,12.5,10.0,13.5,40.0,15.0,150.0,20.5,70.0,16.5,16.5,70.0,AGG_BUY,,,,,,
0,624800,VELVETFRUIT_EXTRACT,1,6.0,5220.0,5219.0,2.0,0.84,6248,9.0,5221.5,27.0,5224.5,33.0,5225.5,81.0,5233.5,291.0,5268.5,144.0,5244.0,5244.0,144.0,AGG_BUY,,,,,,
0,624800,VEV_5100,-1,12.0,146.0,148.0,4.0,-0.4146341463414634,6248,-24.0,148.0,-48.0,150.0,-72.0,152.0,-138.0,157.5,-468.0,185.0,-216.0,164.0,164.0,-216.0,AGG_SELL,5219.84,7.3751999999999995,0.2493346950018871,147.4356361244395,0.24693851323876595,119.84000000000015
0,625000,VEV_5100,-1,20.0,147.0,149.0,4.0,0.0,6250,-0.0,147.0,-80.0,151.0,-80.0,151.0,-200.0,157.0,-770.0,185.5,-340.0,164.0,164.0,-340.0,AGG_SELL,5221.283783783784,7.375,0.24898042927858233,148.54131522264697,0.24702255631765327,121.2837837837842
0,625100,VEV_5400,1,20.0,13.0,12.5,1.0,0.0,6251,-10.0,12.5,0.0,13.0,0.0,13.0,30.0,14.5,150.0,20.5,70.0,16.5,16.5,70.0,AGG_BUY,,,,,,
0,625200,VEV_5100,-1,20.0,147.0,149.0,4.0,0.0,6252,-0.0,147.0,-80.0,151.0,-100.0,152.0,-220.0,158.0,-740.0,184.0,-340.0,164.0,164.0,-340.0,AGG_SELL,5221.193181818182,7.3748000000000005,0.24927404728795774,148.47106128003406,0.2470175541042065,121.19318181818198
0,625300,VEV_5100,-1,12.0,148.0,150.0,4.0,-0.45454545454545453,6253,-0.0,148.0,-24.0,150.0,-48.0,152.0,-108.0,157.0,-426.0,183.5,-192.0,164.0,164.0,-192.0,AGG_SELL,5222.381578947368,7.3747,0.24972539405702426,149.38395165736574,0.24708744257649,122.38157894736833
0,625300,VEV_5400,1,8.0,13.0,12.5,1.0,0.5428571428571428,6253,-4.0,12.5,-4.0,12.5,0.0,13.0,8.0,14.0,60.0,20.5,28.0,16.5,16.5,28.0,AGG_BUY,,,,,,
0,625400,VEV_5100,-1,17.0,147.0,149.0,4.0,0.0,6254,-17.0,148.0,-34.0,149.0,-68.0,151.0,-178.5,157.5,-612.0,183.0,-289.0,164.0,164.0,-289.0,AGG_SELL,5221.103896103896,7.3746,0.24956306456473465,148.4018312956223,0.24701263345025243,121.10389610389575
0,625600,VELVETFRUIT_EXTRACT,1,8.0,5222.0,5221.0,2.0,0.42857142857142855,6256,-4.0,5221.5,36.0,5226.5,40.0,5227.0,108.0,5235.5,364.0,5267.5,176.0,5244.0,5244.0,176.0,AGG_BUY,,,,,,
0,625800,VEV_5400,1,19.0,13.0,12.5,1.0,0.0,6258,-9.5,12.5,-9.5,12.5,9.5,13.5,28.5,14.5,142.5,20.5,66.5,16.5,16.5,66.5,AGG_BUY,,,,,,
0,626300,VEV_5400,1,20.0,13.0,12.5,1.0,0.0,6263,-10.0,12.5,0.0,13.0,10.0,13.5,30.0,14.5,170.0,21.5,70.0,16.5,16.5,70.0,AGG_BUY,,,,,,
0,626400,VELVETFRUIT_EXTRACT,1,10.0,5220.0,5219.0,2.0,0.7468354430379747,6264,-5.0,5219.5,35.0,5223.5,75.0,5227.5,155.0,5235.5,505.0,5270.5,240.0,5244.0,5244.0,240.0,AGG_BUY,,,,,,
0,626500,VELVETFRUIT_EXTRACT,-1,8.0,5220.0,5221.5,3.0,-0.5,6265,12.0,5218.5,-36.0,5224.5,-60.0,5227.5,-116.0,5234.5,-412.0,5271.5,-192.0,5244.0,5244.0,-192.0,AGG_SELL,,,,,,
0,626500,VEV_4000,1,2.0,1220.0,1215.0,10.0,0.6666666666666666,6265,-2.0,1219.0,8.0,1224.0,14.0,1227.0,28.0,1234.0,103.0,1271.5,48.0,1244.0,1244.0,48.0,AGG_BUY,,,,,,
0,626500,VEV_4500,1,2.0,720.0,716.5,7.0,0.7142857142857143,6265,-2.0,719.0,8.0,724.0,14.0,727.0,28.0,734.0,103.0,771.5,48.0,744.0,744.0,48.0,AGG_BUY,,,,,,
0,627200,HYDROGEL_PACK,1,10.0,9988.0,9980.0,16.0,0.0,6272,-20.0,9986.0,140.0,10002.0,140.0,10002.0,70.0,9995.0,170.0,10005.0,-300.0,9958.0,9958.0,-300.0,AGG_BUY,,,,,,
0,627700,VEV_5400,1,9.0,12.0,11.5,1.0,0.3793103448275862,6277,4.5,12.5,0.0,12.0,18.0,14.0,22.5,14.5,85.5,21.5,40.5,16.5,16.5,40.5,AGG_BUY,,,,,,
0,628700,VEV_5400,1,17.0,13.0,12.5,1.0,0.0,6287,-8.5,12.5,0.0,13.0,17.0,14.0,34.0,15.0,127.5,20.5,59.5,16.5,16.5,59.5,AGG_BUY,,,,,,
0,628800,VEV_5400,1,20.0,13.0,12.5,1.0,0.0,6288,-10.0,12.5,0.0,13.0,10.0,13.5,40.0,15.0,150.0,20.5,70.0,16.5,16.5,70.0,AGG_BUY,,,,,,
0,628900,VEV_5400,1,16.0,13.0,12.5,1.0,0.0,6289,0.0,13.0,8.0,13.5,16.0,14.0,32.0,15.0,120.0,20.5,56.0,16.5,16.5,56.0,AGG_BUY,,,,,,
0,629100,VEV_5400,1,20.0,13.0,12.5,1.0,0.0,6291,0.0,13.0,10.0,13.5,20.0,14.0,30.0,14.5,160.0,21.0,70.0,16.5,16.5,70.0,AGG_BUY,,,,,,
0,629300,HYDROGEL_PACK,-1,4.0,9996.0,9989.0,16.0,0.0,6293,-12.0,9999.0,-16.0,10000.0,20.0,9991.0,32.0,9988.0,-80.0,10016.0,152.0,9958.0,9958.0,152.0,PASS_SELL,,,,,,
0,629400,VEV_5400,1,17.0,13.0,12.5,1.0,0.0,6294,-8.5,12.5,8.5,13.5,17.0,14.0,42.5,15.5,127.5,20.5,59.5,16.5,16.5,59.5,AGG_BUY,,,,,,
0,629500,VEV_5400,1,20.0,13.0,12.5,1.0,0.0,6295,0.0,13.0,10.0,13.5,20.0,14.0,50.0,15.5,150.0,20.5,70.0,16.5,16.5,70.0,AGG_BUY,,,,,,
0,629600,VELVETFRUIT_EXTRACT,-1,13.0,5223.0,5224.5,3.0,-0.6708860759493671,6296,-45.5,5226.5,-71.5,5228.5,-84.5,5229.5,-240.5,5241.5,-604.5,5269.5,-273.0,5244.0,5244.0,-273.0,AGG_SELL,,,,,,
0,629600,VEV_5400,1,20.0,13.0,12.5,1.0,0.0,6296,0.0,13.0,10.0,13.5,10.0,13.5,50.0,15.5,160.0,21.0,70.0,16.5,16.5,70.0,AGG_BUY,,,,,,
0,629700,VEV_5400,1,15.0,13.0,12.5,1.0,0.0,6297,-7.5,12.5,7.5,13.5,15.0,14.0,37.5,15.5,120.0,21.0,52.5,16.5,16.5,52.5,AGG_BUY,,,,,,
0,629800,VEV_5400,1,8.0,13.0,12.5,1.0,0.4482758620689655,6298,-4.0,12.5,0.0,13.0,8.0,14.0,20.0,15.5,64.0,21.0,28.0,16.5,16.5,28.0,AGG_BUY,,,,,,
0,630300,VEV_5400,1,20.0,13.0,12.5,1.0,0.0,6303,0.0,13.0,0.0,13.0,10.0,13.5,50.0,15.5,170.0,21.5,70.0,16.5,16.5,70.0,AGG_BUY,,,,,,
0,630400,VEV_5400,1,20.0,13.0,12.5,1.0,0.0,6304,-10.0,12.5,0.0,13.0,20.0,14.0,50.0,15.5,180.0,22.0,70.0,16.5,16.5,70.0,AGG_BUY,,,,,,
0,630700,VEV_5400,1,8.0,13.0,12.5,1.0,0.0,6307,-4.0,12.5,4.0,13.5,4.0,13.5,16.0,15.0,68.0,21.5,28.0,16.5,16.5,28.0,AGG_BUY,,,,,,
0,631100,HYDROGEL_PACK,-1,3.0,10004.0,9997.0,16.0,0.0,6311,6.0,10002.0,6.0,10002.0,45.0,9989.0,81.0,9977.0,-87.0,10033.0,138.0,9958.0,9958.0,138.0,PASS_SELL,,,,,,
0,631900,VEV_4000,1,4.0,1220.0,1215.0,10.0,0.5555555555555556,6319,6.0,1221.5,34.0,1228.5,46.0,1231.5,74.0,1238.5,202.0,1270.5,96.0,1244.0,1244.0,96.0,AGG_BUY,,,,,,
0,631900,VEV_4500,1,4.0,720.0,716.5,7.0,0.5,6319,6.0,721.5,32.0,728.0,48.0,732.0,76.0,739.0,202.0,770.5,96.0,744.0,744.0,96.0,AGG_BUY,,,,,,
0,634800,HYDROGEL_PACK,-1,2.0,10011.0,10004.0,16.0,0.0,6348,28.0,9997.0,46.0,9988.0,10.0,10006.0,36.0,9993.0,-44.0,10033.0,106.0,9958.0,9958.0,106.0,PASS_SELL,,,,,,
0,636700,HYDROGEL_PACK,-1,3.0,10014.0,10007.0,16.0,0.0,6367,54.0,9996.0,69.0,9991.0,-24.0,10022.0,39.0,10001.0,-60.0,10034.0,168.0,9958.0,9958.0,168.0,PASS_SELL,,,,,,
0,637800,VELVETFRUIT_EXTRACT,-1,4.0,5231.0,5229.5,5.0,0.4772727272727273,6378,6.0,5229.5,8.0,5229.0,18.0,5226.5,-58.0,5245.5,-144.0,5267.0,-52.0,5244.0,5244.0,-52.0,PASS_SELL,,,,,,
0,638400,VELVETFRUIT_EXTRACT,-1,7.0,5230.0,5231.5,3.0,-0.7741935483870968,6384,-7.0,5231.0,-3.5,5230.5,21.0,5227.0,-98.0,5244.0,-262.5,5267.5,-98.0,5244.0,5244.0,-98.0,AGG_SELL,,,,,,
0,638500,HYDROGEL_PACK,-1,6.0,10002.0,9995.0,16.0,0.0,6385,84.0,9988.0,-12.0,10004.0,-114.0,10021.0,12.0,10000.0,-246.0,10043.0,264.0,9958.0,9958.0,264.0,PASS_SELL,,,,,,
0,639600,HYDROGEL_PACK,1,8.0,9988.0,9984.5,7.0,0.15789473684210525,6396,48.0,9994.0,120.0,10003.0,264.0,10021.0,120.0,10003.0,464.0,10046.0,-240.0,9958.0,9958.0,-240.0,AGG_BUY,,,,,,
0,639800,VELVETFRUIT_EXTRACT,-1,5.0,5232.0,5230.5,5.0,0.5053763440860215,6398,7.5,5230.5,12.5,5229.5,27.5,5226.5,-65.0,5245.0,-180.0,5268.0,-60.0,5244.0,5244.0,-60.0,PASS_SELL,,,,,,
0,640100,HYDROGEL_PACK,-1,4.0,9997.0,9990.0,16.0,0.0,6401,32.0,9989.0,-64.0,10013.0,-80.0,10017.0,-0.0,9997.0,-200.0,10047.0,156.0,9958.0,9958.0,156.0,PASS_SELL,,,,,,
0,640200,VELVETFRUIT_EXTRACT,1,14.0,5231.0,5230.0,2.0,0.6111111111111112,6402,-21.0,5229.5,-63.0,5226.5,7.0,5231.5,259.0,5249.5,553.0,5270.5,182.0,5244.0,5244.0,182.0,AGG_BUY,,,,,,
0,640300,VEV_4000,1,5.0,1231.0,1226.0,10.0,0.23076923076923078,6403,-7.5,1229.5,-20.0,1227.0,-2.5,1230.5,97.5,1250.5,192.5,1269.5,65.0,1244.0,1244.0,65.0,AGG_BUY,,,,,,
0,640300,VEV_4500,1,5.0,731.0,727.5,7.0,0.4117647058823529,6403,-7.5,729.5,-20.0,727.0,0.0,731.0,95.0,750.0,192.5,769.5,65.0,744.0,744.0,65.0,AGG_BUY,,,,,,
0,641800,VELVETFRUIT_EXTRACT,-1,6.0,5232.0,5230.5,5.0,0.0,6418,18.0,5229.0,12.0,5230.0,9.0,5230.5,-87.0,5246.5,-219.0,5268.5,-72.0,5244.0,5244.0,-72.0,PASS_SELL,,,,,,
0,642400,VELVETFRUIT_EXTRACT,1,5.0,5228.0,5229.5,5.0,-0.48148148148148145,6424,12.5,5230.5,-2.5,5227.5,20.0,5232.0,97.5,5247.5,182.5,5264.5,80.0,5244.0,5244.0,80.0,PASS_BUY,,,,,,
0,642700,VELVETFRUIT_EXTRACT,1,13.0,5229.0,5228.5,1.0,0.2571428571428571,6427,19.5,5230.5,-32.5,5226.5,32.5,5231.5,260.0,5249.0,481.0,5266.0,195.0,5244.0,5244.0,195.0,AGG_BUY,,,,,,
0,643900,HYDROGEL_PACK,-1,6.0,10009.0,10002.0,16.0,0.0,6439,-12.0,10011.0,-93.0,10024.5,-60.0,10019.0,72.0,9997.0,-165.0,10036.5,306.0,9958.0,9958.0,306.0,PASS_SELL,,,,,,
0,644700,VELVETFRUIT_EXTRACT,-1,4.0,5232.0,5230.5,5.0,0.0,6447,18.0,5227.5,14.0,5228.5,-4.0,5233.0,-66.0,5248.5,-154.0,5270.5,-48.0,5244.0,5244.0,-48.0,PASS_SELL,,,,,,
0,645300,HYDROGEL_PACK,-1,14.0,10010.0,10018.0,16.0,0.0,6453,-84.0,10016.0,-42.0,10013.0,-77.0,10015.5,98.0,10003.0,-350.0,10035.0,728.0,9958.0,9958.0,728.0,AGG_SELL,,,,,,
0,645500,HYDROGEL_PACK,-1,2.0,10023.0,10016.0,16.0,0.0,6455,4.0,10021.0,22.0,10012.0,6.0,10020.0,44.0,10001.0,-24.0,10035.0,130.0,9958.0,9958.0,130.0,PASS_SELL,,,,,,
0,646500,HYDROGEL_PACK,-1,6.0,10028.0,10021.0,16.0,0.0,6465,-0.0,10028.0,72.0,10016.0,66.0,10017.0,138.0,10005.0,-12.0,10030.0,420.0,9958.0,9958.0,420.0,PASS_SELL,,,,,,
0,646800,VELVETFRUIT_EXTRACT,-1,5.0,5232.0,5230.0,6.0,0.0,6468,27.5,5226.5,7.5,5230.5,-2.5,5232.5,-82.5,5248.5,-202.5,5272.5,-60.0,5244.0,5244.0,-60.0,PASS_SELL,,,,,,
0,647300,VELVETFRUIT_EXTRACT,1,8.0,5227.0,5226.0,2.0,0.4838709677419355,6473,-4.0,5226.5,44.0,5232.5,76.0,5236.5,184.0,5250.0,364.0,5272.5,136.0,5244.0,5244.0,136.0,AGG_BUY,,,,,,
0,647400,HYDROGEL_PACK,-1,14.0,10018.0,10026.0,16.0,0.0,6474,-56.0,10022.0,42.0,10015.0,14.0,10017.0,140.0,10008.0,-154.0,10029.0,840.0,9958.0,9958.0,840.0,AGG_SELL,,,,,,
0,647500,HYDROGEL_PACK,-1,15.0,10020.0,10028.0,16.0,0.0,6475,-15.0,10021.0,60.0,10016.0,45.0,10017.0,180.0,10008.0,-150.0,10030.0,930.0,9958.0,9958.0,930.0,AGG_SELL,,,,,,
0,647600,HYDROGEL_PACK,-1,15.0,10019.0,10027.0,16.0,0.0,6476,-60.0,10023.0,75.0,10014.0,45.0,10016.0,180.0,10007.0,-210.0,10033.0,915.0,9958.0,9958.0,915.0,AGG_SELL,,,,,,
0,647700,HYDROGEL_PACK,-1,10.0,10019.0,10027.0,16.0,0.0,6477,-60.0,10025.0,30.0,10016.0,20.0,10017.0,130.0,10006.0,-150.0,10034.0,610.0,9958.0,9958.0,610.0,AGG_SELL,,,,,,
0,647800,HYDROGEL_PACK,-1,15.0,10019.0,10027.0,16.0,0.0,6478,-105.0,10026.0,60.0,10015.0,-0.0,10019.0,210.0,10005.0,-255.0,10036.0,915.0,9958.0,9958.0,915.0,AGG_SELL,,,,,,
0,648600,VELVETFRUIT_EXTRACT,1,14.0,5224.0,5223.5,1.0,0.125,6486,77.0,5229.5,105.0,5231.5,175.0,5236.5,385.0,5251.5,707.0,5274.5,280.0,5244.0,5244.0,280.0,AGG_BUY,,,,,,
0,654200,VELVETFRUIT_EXTRACT,-1,9.0,5232.0,5233.5,3.0,-0.4,6542,-13.5,5233.5,-36.0,5236.0,-103.5,5243.5,-184.5,5252.5,-337.5,5269.5,-108.0,5244.0,5244.0,-108.0,AGG_SELL,,,,,,
0,655000,HYDROGEL_PACK,-1,6.0,10018.0,10022.5,9.0,-0.3684210526315789,6550,6.0,10017.0,18.0,10015.0,66.0,10007.0,-84.0,10032.0,-126.0,10039.0,360.0,9958.0,9958.0,360.0,AGG_SELL,,,,,,
0,655800,VEV_4000,1,5.0,1232.0,1227.0,10.0,0.5,6558,2.5,1232.5,47.5,1241.5,57.5,1243.5,107.5,1253.5,195.0,1271.0,60.0,1244.0,1244.0,60.0,AGG_BUY,,,,,,
0,655800,VEV_4500,1,5.0,732.0,728.0,8.0,0.3333333333333333,6558,2.5,732.5,45.0,741.0,55.0,743.0,110.0,754.0,195.0,771.0,60.0,744.0,744.0,60.0,AGG_BUY,,,,,,
0,655900,VEV_4000,1,3.0,1231.0,1226.0,10.0,0.4,6559,9.0,1234.0,28.5,1240.5,52.5,1248.5,64.5,1252.5,118.5,1270.5,39.0,1244.0,1244.0,39.0,AGG_BUY,,,,,,
0,655900,VEV_4500,1,3.0,731.0,727.0,8.0,0.5384615384615384,6559,9.0,734.0,27.0,740.0,49.5,747.5,66.0,753.0,118.5,770.5,39.0,744.0,744.0,39.0,AGG_BUY,,,,,,
0,657300,VELVETFRUIT_EXTRACT,-1,8.0,5235.0,5236.5,3.0,-0.7647058823529411,6573,-20.0,5237.5,-84.0,5245.5,-64.0,5243.0,-116.0,5249.5,-268.0,5268.5,-72.0,5244.0,5244.0,-72.0,AGG_SELL,,,,,,
0,658000,HYDROGEL_PACK,-1,14.0,10016.0,10024.0,16.0,0.0,6580,-112.0,10024.0,112.0,10008.0,126.0,10007.0,-336.0,10040.0,-224.0,10032.0,812.0,9958.0,9958.0,812.0,AGG_SELL,,,,,,
0,658900,HYDROGEL_PACK,-1,8.0,10024.0,10028.0,8.0,-0.23809523809523808,6589,40.0,10019.0,160.0,10004.0,184.0,10001.0,-84.0,10034.5,-64.0,10032.0,528.0,9958.0,9958.0,528.0,AGG_SELL,,,,,,
0,659100,VELVETFRUIT_EXTRACT,1,8.0,5236.0,5235.0,2.0,0.38461538461538464,6591,16.0,5238.0,52.0,5242.5,36.0,5240.5,156.0,5255.5,268.0,5269.5,64.0,5244.0,5244.0,64.0,AGG_BUY,,,,,,
0,659200,HYDROGEL_PACK,-1,11.0,10018.0,10026.0,16.0,0.0,6592,33.0,10015.0,187.0,10001.0,176.0,10002.0,-247.5,10040.5,-143.0,10031.0,660.0,9958.0,9958.0,660.0,AGG_SELL,,,,,,
0,659300,HYDROGEL_PACK,-1,12.0,10020.0,10028.0,16.0,0.0,6593,84.0,10013.0,228.0,10001.0,228.0,10001.0,-180.0,10035.0,-120.0,10030.0,744.0,9958.0,9958.0,744.0,AGG_SELL,,,,,,
0,659400,HYDROGEL_PACK,-1,10.0,10019.0,10027.0,16.0,0.0,6594,70.0,10012.0,170.0,10002.0,190.0,10000.0,-160.0,10035.0,-100.0,10029.0,610.0,9958.0,9958.0,610.0,AGG_SELL,,,,,,
0,659500,HYDROGEL_PACK,-1,11.0,10019.0,10027.0,16.0,0.0,6595,55.0,10014.0,187.0,10002.0,198.0,10001.0,-198.0,10037.0,-88.0,10027.0,671.0,9958.0,9958.0,671.0,AGG_SELL,,,,,,
0,660800,HYDROGEL_PACK,-1,6.0,10013.0,10017.0,8.0,-0.42857142857142855,6608,-6.0,10014.0,54.0,10004.0,72.0,10001.0,-84.0,10027.0,-0.0,10013.0,330.0,9958.0,9958.0,330.0,AGG_SELL,,,,,,
0,661000,VELVETFRUIT_EXTRACT,-1,14.0,5239.0,5240.5,3.0,-0.65,6610,-70.0,5244.0,-63.0,5243.5,-49.0,5242.5,-133.0,5248.5,-259.0,5257.5,-70.0,5244.0,5244.0,-70.0,AGG_SELL,,,,,,
0,661300,VELVETFRUIT_EXTRACT,-1,9.0,5240.0,5241.5,3.0,-0.7391304347826086,6613,-49.5,5245.5,-31.5,5243.5,-40.5,5244.5,-67.5,5247.5,-157.5,5257.5,-36.0,5244.0,5244.0,-36.0,AGG_SELL,,,,,,
0,661800,HYDROGEL_PACK,-1,4.0,10021.0,10014.0,16.0,0.0,6618,36.0,10012.0,66.0,10004.5,120.0,9991.0,-44.0,10032.0,12.0,10018.0,252.0,9958.0,9958.0,252.0,PASS_SELL,,,,,,
0,663100,HYDROGEL_PACK,1,5.0,9999.0,10006.0,16.0,0.0,6631,20.0,10003.0,45.0,10008.0,-35.0,9992.0,145.0,10028.0,40.0,10007.0,-205.0,9958.0,9958.0,-205.0,PASS_BUY,,,,,,
0,668000,HYDROGEL_PACK,1,6.0,10000.0,10007.0,16.0,0.0,6680,30.0,10005.0,-60.0,9990.0,-72.0,9988.0,54.0,10009.0,42.0,10007.0,-252.0,9958.0,9958.0,-252.0,PASS_BUY,,,,,,
0,668300,VELVETFRUIT_EXTRACT,-1,4.0,5244.0,5242.5,5.0,0.0,6683,14.0,5240.5,10.0,5241.5,18.0,5239.5,-38.0,5253.5,-46.0,5255.5,-0.0,5244.0,5244.0,-0.0,PASS_SELL,,,,,,
0,669000,VELVETFRUIT_EXTRACT,1,6.0,5239.0,5241.0,6.0,0.0,6690,-6.0,5238.0,-3.0,5238.5,-6.0,5238.0,81.0,5252.5,117.0,5258.5,30.0,5244.0,5244.0,30.0,PASS_BUY,,,,,,
0,670100,VELVETFRUIT_EXTRACT,1,13.0,5237.0,5236.0,2.0,0.6176470588235294,6701,110.5,5245.5,-19.5,5235.5,65.0,5242.0,214.5,5253.5,331.5,5262.5,91.0,5244.0,5244.0,91.0,AGG_BUY,,,,,,
0,670200,VELVETFRUIT_EXTRACT,1,10.0,5237.0,5236.0,2.0,0.7101449275362319,6702,75.0,5244.5,-35.0,5233.5,30.0,5240.0,165.0,5253.5,265.0,5263.5,70.0,5244.0,5244.0,70.0,AGG_BUY,,,,,,
0,670800,HYDROGEL_PACK,1,5.0,9994.0,10001.0,16.0,0.0,6708,-15.0,9991.0,10.0,9996.0,-85.0,9977.0,115.0,10017.0,55.0,10005.0,-180.0,9958.0,9958.0,-180.0,PASS_BUY,,,,,,
0,671600,VELVETFRUIT_EXTRACT,-1,5.0,5245.0,5246.5,3.0,-0.5833333333333334,6716,12.5,5242.5,52.5,5234.5,32.5,5238.5,-32.5,5251.5,-87.5,5262.5,5.0,5244.0,5244.0,5.0,AGG_SELL,,,,,,
0,675000,VELVETFRUIT_EXTRACT,1,7.0,5233.0,5232.0,2.0,0.391304347826087,6750,14.0,5235.0,42.0,5239.0,84.0,5245.0,248.5,5268.5,192.5,5260.5,77.0,5244.0,5244.0,77.0,AGG_BUY,,,,,,
0,676600,VELVETFRUIT_EXTRACT,-1,6.0,5236.0,5234.5,5.0,-0.5111111111111111,6766,-9.0,5237.5,-15.0,5238.5,-54.0,5245.0,-210.0,5271.0,-105.0,5253.5,-48.0,5244.0,5244.0,-48.0,PASS_SELL,,,,,,
0,678200,VELVETFRUIT_EXTRACT,1,11.0,5236.0,5235.5,1.0,0.3125,6782,11.0,5237.0,27.5,5238.5,93.5,5244.5,379.5,5270.5,170.5,5251.5,88.0,5244.0,5244.0,88.0,AGG_BUY,,,,,,
0,679200,VELVETFRUIT_EXTRACT,1,12.0,5238.0,5237.0,2.0,0.5932203389830508,6792,24.0,5240.0,-6.0,5237.5,60.0,5243.0,366.0,5268.5,150.0,5250.5,72.0,5244.0,5244.0,72.0,AGG_BUY,,,,,,
0,679600,VELVETFRUIT_EXTRACT,-1,4.0,5243.0,5241.5,5.0,0.0,6796,16.0,5239.0,8.0,5241.0,-6.0,5244.5,-106.0,5269.5,-30.0,5250.5,-4.0,5244.0,5244.0,-4.0,PASS_SELL,,,,,,
0,679700,VEV_5000,-1,5.0,249.0,250.5,3.0,-0.2857142857142857,6797,15.0,246.0,-5.0,250.0,-10.0,251.0,-127.5,274.5,-35.0,256.0,-5.0,250.0,250.0,-5.0,AGG_SELL,,,,,,
0,680000,VELVETFRUIT_EXTRACT,1,9.0,5240.0,5239.0,2.0,0.775,6800,9.0,5241.0,45.0,5245.0,76.5,5248.5,292.5,5272.5,94.5,5250.5,36.0,5244.0,5244.0,36.0,AGG_BUY,,,,,,
0,680300,VELVETFRUIT_EXTRACT,-1,7.0,5242.0,5240.5,5.0,0.620253164556962,6803,24.5,5238.5,-24.5,5245.5,-59.5,5250.5,-213.5,5272.5,-42.0,5248.0,-14.0,5244.0,5244.0,-14.0,PASS_SELL,,,,,,
0,681000,VELVETFRUIT_EXTRACT,-1,10.0,5240.0,5241.0,2.0,-0.2,6810,5.0,5239.5,-35.0,5243.5,-90.0,5249.0,-295.0,5269.5,-105.0,5250.5,-40.0,5244.0,5244.0,-40.0,AGG_SELL,,,,,,
0,681700,HYDROGEL_PACK,1,14.0,9981.0,9973.0,16.0,0.0,6817,-84.0,9975.0,280.0,10001.0,168.0,9993.0,616.0,10025.0,294.0,10002.0,-322.0,9958.0,9958.0,-322.0,AGG_BUY,,,,,,
0,681800,HYDROGEL_PACK,1,12.0,9977.0,9969.0,16.0,0.0,6818,-12.0,9976.0,288.0,10001.0,180.0,9992.0,588.0,10026.0,288.0,10001.0,-228.0,9958.0,9958.0,-228.0,AGG_BUY,,,,,,
0,681900,HYDROGEL_PACK,1,14.0,9977.0,9969.0,16.0,0.0,6819,7.0,9977.5,308.0,9999.0,210.0,9992.0,686.0,10026.0,294.0,9998.0,-266.0,9958.0,9958.0,-266.0,AGG_BUY,,,,,,
0,682000,HYDROGEL_PACK,1,15.0,9979.0,9971.5,15.0,0.0,6820,-45.0,9976.0,285.0,9998.0,195.0,9992.0,720.0,10027.0,285.0,9998.0,-315.0,9958.0,9958.0,-315.0,AGG_BUY,,,,,,
0,682200,HYDROGEL_PACK,1,6.0,9968.0,9975.0,16.0,0.0,6822,12.0,9970.0,186.0,9999.0,138.0,9991.0,372.0,10030.0,150.0,9993.0,-60.0,9958.0,9958.0,-60.0,PASS_BUY,,,,,,
0,683100,HYDROGEL_PACK,1,15.0,9981.0,9973.0,16.0,0.0,6831,45.0,9984.0,315.0,10002.0,210.0,9995.0,825.0,10036.0,195.0,9994.0,-345.0,9958.0,9958.0,-345.0,AGG_BUY,,,,,,
0,683200,HYDROGEL_PACK,1,14.0,9978.0,9970.0,16.0,0.0,6832,126.0,9987.0,308.0,10000.0,252.0,9996.0,826.0,10037.0,224.0,9994.0,-280.0,9958.0,9958.0,-280.0,AGG_BUY,,,,,,
0,683300,HYDROGEL_PACK,1,15.0,9978.0,9970.0,16.0,0.0,6833,180.0,9990.0,300.0,9998.0,255.0,9995.0,885.0,10037.0,270.0,9996.0,-300.0,9958.0,9958.0,-300.0,AGG_BUY,,,,,,
0,683400,HYDROGEL_PACK,1,10.0,9979.0,9975.0,8.0,-0.17647058823529413,6834,120.0,9991.0,200.0,9999.0,140.0,9993.0,570.0,10036.0,120.0,9991.0,-210.0,9958.0,9958.0,-210.0,AGG_BUY,,,,,,
0,683500,HYDROGEL_PACK,1,7.0,9973.0,9969.5,7.0,0.3,6835,112.0,9989.0,189.0,10000.0,140.0,9993.0,441.0,10036.0,98.0,9987.0,-105.0,9958.0,9958.0,-105.0,AGG_BUY,,,,,,
0,685500,VELVETFRUIT_EXTRACT,1,5.0,5244.0,5243.0,2.0,0.5652173913043478,6855,-5.0,5243.0,37.5,5251.5,25.0,5249.0,120.0,5268.0,20.0,5248.0,0.0,5244.0,5244.0,0.0,AGG_BUY,,,,,,
0,685700,VELVETFRUIT_EXTRACT,-1,12.0,5244.0,5245.0,2.0,-0.35135135135135137,6857,-18.0,5245.5,-54.0,5248.5,-42.0,5247.5,-312.0,5270.0,-60.0,5249.0,-0.0,5244.0,5244.0,-0.0,AGG_SELL,,,,,,
0,686200,VELVETFRUIT_EXTRACT,-1,8.0,5246.0,5247.5,3.0,-0.5,6862,-12.0,5247.5,-12.0,5247.5,-20.0,5248.5,-188.0,5269.5,-48.0,5252.0,16.0,5244.0,5244.0,16.0,AGG_SELL,,,,,,
0,687700,VELVETFRUIT_EXTRACT,1,9.0,5244.0,5243.5,1.0,0.47058823529411764,6877,-4.5,5243.5,45.0,5249.0,45.0,5249.0,202.5,5266.5,31.5,5247.5,0.0,5244.0,5244.0,0.0,AGG_BUY,,,,,,
0,689700,VELVETFRUIT_EXTRACT,-1,8.0,5244.0,5245.5,3.0,-0.5,6897,-36.0,5248.5,-36.0,5248.5,-52.0,5250.5,-204.0,5269.5,12.0,5242.5,-0.0,5244.0,5244.0,-0.0,AGG_SELL,,,,,,
0,692200,VELVETFRUIT_EXTRACT,1,6.0,5247.0,5246.0,2.0,0.52,6922,9.0,5248.5,21.0,5250.5,63.0,5257.5,120.0,5267.0,-30.0,5242.0,-18.0,5244.0,5244.0,-18.0,AGG_BUY,,,,,,
0,693200,VEV_4000,1,2.0,1248.0,1243.0,10.0,0.6363636363636364,6932,-1.0,1247.5,7.0,1251.5,21.0,1258.5,38.0,1267.0,-7.0,1244.5,-8.0,1244.0,1244.0,-8.0,AGG_BUY,,,,,,
0,693200,VEV_4500,1,2.0,748.0,744.0,8.0,0.5555555555555556,6932,-2.0,747.0,6.0,751.0,20.0,758.0,38.0,767.0,-6.0,745.0,-8.0,744.0,744.0,-8.0,AGG_BUY,,,,,,
0,693800,HYDROGEL_PACK,-1,6.0,10004.0,9997.0,16.0,0.0,6938,24.0,10000.0,-36.0,10010.0,-126.0,10025.0,-204.0,10038.0,-6.0,10005.0,276.0,9958.0,9958.0,276.0,PASS_SELL,,,,,,
0,693900,VELVETFRUIT_EXTRACT,-1,3.0,5250.0,5248.5,5.0,0.5384615384615384,6939,4.5,5248.5,-7.5,5252.5,-19.5,5256.5,-58.5,5269.5,18.0,5244.0,18.0,5244.0,5244.0,18.0,PASS_SELL,,,,,,
0,695000,VEV_4000,1,2.0,1248.0,1243.0,10.0,0.7142857142857143,6950,1.0,1248.5,5.0,1250.5,11.0,1253.5,42.0,1269.0,-19.0,1238.5,-8.0,1244.0,1244.0,-8.0,AGG_BUY,,,,,,
0,695000,VEV_4500,1,2.0,748.0,744.5,7.0,0.6,6950,0.0,748.0,4.0,750.0,10.0,753.0,42.0,769.0,-19.0,738.5,-8.0,744.0,744.0,-8.0,AGG_BUY,,,,,,
0,696200,VELVETFRUIT_EXTRACT,-1,5.0,5250.0,5248.5,5.0,-0.4857142857142857,6962,-2.5,5250.5,-17.5,5253.5,-17.5,5253.5,-107.5,5271.5,67.5,5236.5,30.0,5244.0,5244.0,30.0,PASS_SELL,,,,,,
0,696300,VELVETFRUIT_EXTRACT,-1,6.0,5250.0,5249.5,3.0,-0.8157894736842105,6963,-0.0,5250.0,-27.0,5254.5,-27.0,5254.5,-123.0,5270.5,81.0,5236.5,36.0,5244.0,5244.0,36.0,PASS_SELL,,,,,,
0,696400,VELVETFRUIT_EXTRACT,1,6.0,5248.0,5247.0,2.0,0.4782608695652174,6964,15.0,5250.5,36.0,5254.0,39.0,5254.5,135.0,5270.5,-63.0,5237.5,-24.0,5244.0,5244.0,-24.0,AGG_BUY,,,,,,
0,696800,VELVETFRUIT_EXTRACT,-1,5.0,5250.0,5248.5,5.0,0.5584415584415584,6968,2.5,5249.5,-40.0,5258.0,-12.5,5252.5,-112.5,5272.5,52.5,5239.5,30.0,5244.0,5244.0,30.0,PASS_SELL,,,,,,
0,698500,VELVETFRUIT_EXTRACT,-1,14.0,5252.0,5253.5,3.0,-0.654320987654321,6985,-0.0,5252.0,-63.0,5256.5,-14.0,5253.0,-315.0,5274.5,147.0,5241.5,112.0,5244.0,5244.0,112.0,AGG_SELL,,,,,,
0,700000,HYDROGEL_PACK,-1,12.0,10016.0,10024.0,16.0,0.0,7000,-168.0,10030.0,-192.0,10032.0,-228.0,10035.0,-96.0,10024.0,228.0,9997.0,696.0,9958.0,9958.0,696.0,AGG_SELL,,,,,,
0,700100,HYDROGEL_PACK,-1,13.0,10019.0,10027.0,16.0,0.0,7001,-117.0,10028.0,-182.0,10033.0,-195.0,10034.0,-84.5,10025.5,299.0,9996.0,793.0,9958.0,9958.0,793.0,AGG_SELL,,,,,,
0,700200,HYDROGEL_PACK,-1,14.0,10018.0,10026.0,16.0,0.0,7002,-133.0,10027.5,-280.0,10038.0,-224.0,10034.0,-14.0,10019.0,266.0,9999.0,840.0,9958.0,9958.0,840.0,AGG_SELL,,,,,,
0,700300,HYDROGEL_PACK,-1,10.0,10019.0,10027.0,16.0,0.0,7003,-60.0,10025.0,-185.0,10037.5,-150.0,10034.0,-20.0,10021.0,200.0,9999.0,610.0,9958.0,9958.0,610.0,AGG_SELL,,,,,,
0,700600,HYDROGEL_PACK,-1,15.0,10018.0,10026.0,16.0,0.0,7006,-150.0,10028.0,-315.0,10039.0,-180.0,10030.0,-90.0,10024.0,360.0,9994.0,900.0,9958.0,9958.0,900.0,AGG_SELL,,,,,,
0,700700,HYDROGEL_PACK,-1,10.0,10021.0,10029.0,16.0,0.0,7007,-85.0,10029.5,-180.0,10039.0,-80.0,10029.0,-50.0,10026.0,260.0,9995.0,630.0,9958.0,9958.0,630.0,AGG_SELL,,,,,,
0,700800,HYDROGEL_PACK,-1,10.0,10020.0,10028.0,16.0,0.0,7008,-80.0,10028.0,-180.0,10038.0,-70.0,10027.0,-30.0,10023.0,290.0,9991.0,620.0,9958.0,9958.0,620.0,AGG_SELL,,,,,,
0,700900,HYDROGEL_PACK,-1,7.0,10028.0,10032.0,8.0,-0.17647058823529413,7009,-7.0,10029.0,-77.0,10039.0,-0.0,10028.0,35.0,10023.0,252.0,9992.0,490.0,9958.0,9958.0,490.0,AGG_SELL,,,,,,
0,701000,HYDROGEL_PACK,-1,10.0,10022.0,10030.0,16.0,0.0,7010,-70.0,10029.0,-160.0,10038.0,-60.0,10028.0,-20.0,10024.0,290.0,9993.0,640.0,9958.0,9958.0,640.0,AGG_SELL,,,,,,
0,701000,VELVETFRUIT_EXTRACT,-1,6.0,5252.0,5253.5,3.0,-0.7931034482758621,7010,-33.0,5257.5,-9.0,5253.5,21.0,5248.5,-156.0,5278.0,15.0,5249.5,48.0,5244.0,5244.0,48.0,AGG_SELL,,,,,,
0,701100,HYDROGEL_PACK,-1,10.0,10020.0,10028.0,16.0,0.0,7011,-50.0,10025.0,-150.0,10035.0,-70.0,10027.0,-40.0,10024.0,250.0,9995.0,620.0,9958.0,9958.0,620.0,AGG_SELL,,,,,,
0,701600,HYDROGEL_PACK,-1,12.0,10020.0,10028.0,16.0,0.0,7016,-132.0,10031.0,-168.0,10034.0,-108.0,10029.0,-72.0,10026.0,264.0,9998.0,744.0,9958.0,9958.0,744.0,AGG_SELL,,,,,,
0,701700,HYDROGEL_PACK,-1,14.0,10021.0,10029.5,17.0,0.0,7017,-112.0,10029.0,-133.0,10030.5,-112.0,10029.0,-126.0,10030.0,364.0,9995.0,882.0,9958.0,9958.0,882.0,AGG_SELL,,,,,,
0,701900,HYDROGEL_PACK,-1,11.0,10021.0,10029.0,16.0,0.0,7019,-99.0,10030.0,-110.0,10031.0,-99.0,10030.0,-55.0,10026.0,330.0,9991.0,693.0,9958.0,9958.0,693.0,AGG_SELL,,,,,,
0,702000,HYDROGEL_PACK,-1,10.0,10021.0,10029.0,16.0,0.0,7020,-100.0,10031.0,-90.0,10030.0,-80.0,10029.0,-100.0,10031.0,310.0,9990.0,630.0,9958.0,9958.0,630.0,AGG_SELL,,,,,,
0,702200,HYDROGEL_PACK,-1,11.0,10021.0,10029.0,16.0,0.0,7022,-77.0,10028.0,-77.0,10028.0,-66.0,10027.0,-132.0,10033.0,308.0,9993.0,693.0,9958.0,9958.0,693.0,AGG_SELL,,,,,,
0,702400,HYDROGEL_PACK,-1,6.0,10029.0,10033.5,9.0,-0.3684210526315789,7024,18.0,10026.0,-18.0,10032.0,18.0,10026.0,-48.0,10037.0,240.0,9989.0,426.0,9958.0,9958.0,426.0,AGG_SELL,,,,,,
0,702500,HYDROGEL_PACK,-1,12.0,10022.0,10030.0,16.0,0.0,7025,-60.0,10027.0,-144.0,10034.0,-48.0,10026.0,-192.0,10038.0,396.0,9989.0,768.0,9958.0,9958.0,768.0,AGG_SELL,,,,,,
0,702500,VELVETFRUIT_EXTRACT,-1,8.0,5257.0,5258.5,3.0,-0.746031746031746,7025,4.0,5256.5,56.0,5250.0,84.0,5246.5,-204.0,5282.5,52.0,5250.5,104.0,5244.0,5244.0,104.0,AGG_SELL,,,,,,
0,702600,HYDROGEL_PACK,-1,12.0,10023.0,10031.0,16.0,0.0,7026,-36.0,10026.0,-132.0,10034.0,-60.0,10028.0,-192.0,10039.0,420.0,9988.0,780.0,9958.0,9958.0,780.0,AGG_SELL,,,,,,
0,702900,HYDROGEL_PACK,-1,13.0,10022.0,10030.0,16.0,0.0,7029,-26.0,10024.0,-156.0,10034.0,-39.0,10025.0,-260.0,10042.0,403.0,9991.0,832.0,9958.0,9958.0,832.0,AGG_SELL,,,,,,
0,703000,HYDROGEL_PACK,-1,11.0,10023.0,10031.0,16.0,0.0,7030,-16.5,10024.5,-187.0,10040.0,-33.0,10026.0,-209.0,10042.0,341.0,9992.0,715.0,9958.0,9958.0,715.0,AGG_SELL,,,,,,
0,704500,HYDROGEL_PACK,-1,12.0,10021.0,10029.0,16.0,0.0,7045,-192.0,10037.0,-192.0,10037.0,12.0,10020.0,-240.0,10041.0,360.0,9991.0,756.0,9958.0,9958.0,756.0,AGG_SELL,,,,,,
0,704600,HYDROGEL_PACK,-1,11.0,10024.0,10032.0,16.0,0.0,7046,-165.0,10039.0,-154.0,10038.0,-11.0,10025.0,-198.0,10042.0,352.0,9992.0,726.0,9958.0,9958.0,726.0,AGG_SELL,,,,,,
0,704700,HYDROGEL_PACK,-1,11.0,10023.0,10031.0,16.0,0.0,7047,-176.0,10039.0,-154.0,10037.0,44.0,10019.0,-214.5,10042.5,374.0,9989.0,715.0,9958.0,9958.0,715.0,AGG_SELL,,,,,,
0,704800,HYDROGEL_PACK,-1,12.0,10026.0,10034.0,16.0,0.0,7048,-144.0,10038.0,-132.0,10037.0,108.0,10017.0,-180.0,10041.0,456.0,9988.0,816.0,9958.0,9958.0,816.0,AGG_SELL,,,,,,
0,704900,HYDROGEL_PACK,-1,10.0,10024.0,10032.0,16.0,0.0,7049,-150.0,10039.0,-110.0,10035.0,90.0,10015.0,-150.0,10039.0,350.0,9989.0,660.0,9958.0,9958.0,660.0,AGG_SELL,,,,,,
0,705000,HYDROGEL_PACK,-1,13.0,10024.0,10032.0,16.0,0.0,7050,-182.0,10038.0,-143.0,10035.0,143.0,10013.0,-195.0,10039.0,442.0,9990.0,858.0,9958.0,9958.0,858.0,AGG_SELL,,,,,,
0,705100,HYDROGEL_PACK,-1,13.0,10025.0,10033.0,16.0,0.0,7051,-130.0,10035.0,-117.0,10034.0,143.0,10014.0,-117.0,10034.0,468.0,9989.0,871.0,9958.0,9958.0,871.0,AGG_SELL,,,,,,
0,705200,HYDROGEL_PACK,-1,11.0,10030.0,10038.0,16.0,0.0,7052,-55.0,10035.0,-44.0,10034.0,165.0,10015.0,-55.0,10035.0,451.0,9989.0,792.0,9958.0,9958.0,792.0,AGG_SELL,,,,,,
0,705300,HYDROGEL_PACK,-1,10.0,10029.0,10037.5,17.0,0.0,7053,-20.0,10031.0,-50.0,10034.0,180.0,10011.0,-80.0,10037.0,430.0,9986.0,710.0,9958.0,9958.0,710.0,AGG_SELL,,,,,,
0,705400,HYDROGEL_PACK,-1,7.0,10026.0,10034.0,16.0,0.0,7054,-35.0,10031.0,-70.0,10036.0,98.0,10012.0,-77.0,10037.0,287.0,9985.0,476.0,9958.0,9958.0,476.0,AGG_SELL,,,,,,
0,706600,VELVETFRUIT_EXTRACT,1,11.0,5252.0,5251.0,2.0,0.7027027027027027,7066,-16.5,5250.5,-55.0,5247.0,38.5,5255.5,159.5,5266.5,-49.5,5247.5,-88.0,5244.0,5244.0,-88.0,AGG_BUY,,,,,,
0,707600,VELVETFRUIT_EXTRACT,-1,6.0,5252.0,5250.5,5.0,-0.4588235294117647,7076,-9.0,5253.5,27.0,5247.5,-39.0,5258.5,-99.0,5268.5,42.0,5245.0,48.0,5244.0,5244.0,48.0,PASS_SELL,,,,,,
0,708700,VELVETFRUIT_EXTRACT,-1,3.0,5257.0,5255.5,5.0,-0.46987951807228917,7087,16.5,5251.5,34.5,5245.5,19.5,5250.5,-43.5,5271.5,49.5,5240.5,39.0,5244.0,5244.0,39.0,PASS_SELL,,,,,,
0,711600,VEV_4000,1,2.0,1246.0,1241.0,10.0,0.5555555555555556,7116,0.0,1246.0,19.0,1255.5,11.0,1251.5,19.0,1255.5,5.0,1248.5,-4.0,1244.0,1244.0,-4.0,AGG_BUY,,,,,,
0,711600,VEV_4500,1,2.0,746.0,742.5,7.0,0.6923076923076923,7116,0.0,746.0,18.0,755.0,10.0,751.0,20.0,756.0,6.0,749.0,-4.0,744.0,744.0,-4.0,AGG_BUY,,,,,,
0,711600,VEV_5200,1,2.0,96.0,95.5,1.0,0.8823529411764706,7116,1.0,96.5,12.0,102.0,7.0,99.5,12.0,102.0,3.0,97.5,-1.0,95.5,95.5,-1.0,AGG_BUY,,,,,,
0,711900,VELVETFRUIT_EXTRACT,-1,3.0,5250.0,5248.5,5.0,-0.5853658536585366,7119,9.0,5247.0,-16.5,5255.5,-7.5,5252.5,-22.5,5257.5,10.5,5246.5,18.0,5244.0,5244.0,18.0,PASS_SELL,,,,,,
0,712300,VELVETFRUIT_EXTRACT,1,7.0,5246.0,5245.0,2.0,0.7586206896551724,7123,-10.5,5244.5,77.0,5257.0,59.5,5254.5,59.5,5254.5,14.0,5248.0,-14.0,5244.0,5244.0,-14.0,AGG_BUY,,,,,,
0,712900,VELVETFRUIT_EXTRACT,-1,6.0,5249.0,5247.0,6.0,0.0,7129,18.0,5246.0,-51.0,5257.5,-57.0,5258.5,-39.0,5255.5,6.0,5248.0,30.0,5244.0,5244.0,30.0,PASS_SELL,,,,,,
0,713800,VELVETFRUIT_EXTRACT,-1,13.0,5246.0,5247.5,3.0,-0.6176470588235294,7138,-84.5,5252.5,-71.5,5251.5,-279.5,5267.5,-136.5,5256.5,-45.5,5249.5,26.0,5244.0,5244.0,26.0,AGG_SELL,,,,,,
0,714900,HYDROGEL_PACK,1,2.0,10008.0,10015.0,16.0,0.0,7149,-12.0,10002.0,4.0,10010.0,2.0,10009.0,-4.0,10006.0,-27.0,9994.5,-100.0,9958.0,9958.0,-100.0,PASS_BUY,,,,,,
0,715000,HYDROGEL_PACK,1,2.0,10006.0,10013.0,16.0,0.0,7150,-10.0,10001.0,8.0,10010.0,4.0,10008.0,-10.0,10001.0,-28.0,9992.0,-96.0,9958.0,9958.0,-96.0,PASS_BUY,,,,,,
0,715000,VELVETFRUIT_EXTRACT,1,9.0,5251.0,5250.0,2.0,0.3793103448275862,7150,4.5,5251.5,13.5,5252.5,157.5,5268.5,58.5,5257.5,-9.0,5250.0,-63.0,5244.0,5244.0,-63.0,AGG_BUY,,,,,,
0,715000,VEV_4000,1,3.0,1251.0,1246.0,10.0,0.4,7150,1.5,1251.5,4.5,1252.5,52.5,1268.5,19.5,1257.5,-1.5,1250.5,-21.0,1244.0,1244.0,-21.0,AGG_BUY,,,,,,
0,715000,VEV_4500,1,3.0,751.0,747.5,7.0,0.45454545454545453,7150,0.0,751.0,3.0,752.0,52.5,768.5,21.0,758.0,-3.0,750.0,-21.0,744.0,744.0,-21.0,AGG_BUY,,,,,,
0,715500,VELVETFRUIT_EXTRACT,1,4.0,5250.0,5252.0,6.0,0.0,7155,22.0,5255.5,12.0,5253.0,66.0,5266.5,50.0,5262.5,6.0,5251.5,-24.0,5244.0,5244.0,-24.0,PASS_BUY,,,,,,
0,715600,VELVETFRUIT_EXTRACT,1,5.0,5250.0,5251.5,5.0,0.0,7156,27.5,5255.5,17.5,5253.5,87.5,5267.5,62.5,5262.5,12.5,5252.5,-30.0,5244.0,5244.0,-30.0,PASS_BUY,,,,,,
0,719300,VELVETFRUIT_EXTRACT,1,7.0,5251.0,5252.5,5.0,0.0,7193,10.5,5252.5,115.5,5267.5,122.5,5268.5,45.5,5257.5,-3.5,5250.5,-49.0,5244.0,5244.0,-49.0,PASS_BUY,,,,,,
0,719600,VELVETFRUIT_EXTRACT,1,5.0,5251.0,5250.0,2.0,0.5454545454545454,7196,12.5,5253.5,75.0,5266.0,92.5,5269.5,47.5,5260.5,0.0,5251.0,-35.0,5244.0,5244.0,-35.0,AGG_BUY,,,,,,
0,719900,VELVETFRUIT_EXTRACT,1,5.0,5251.0,5252.5,5.0,0.43243243243243246,7199,12.5,5253.5,90.0,5269.0,102.5,5271.5,52.5,5261.5,22.5,5255.5,-35.0,5244.0,5244.0,-35.0,PASS_BUY,,,,,,
0,721200,VELVETFRUIT_EXTRACT,1,7.0,5252.0,5251.0,2.0,0.5333333333333333,7212,24.5,5255.5,129.5,5270.5,122.5,5269.5,84.0,5264.0,38.5,5257.5,-56.0,5244.0,5244.0,-56.0,AGG_BUY,,,,,,
0,721400,HYDROGEL_PACK,1,5.0,10004.0,10011.0,16.0,0.0,7214,20.0,10008.0,45.0,10013.0,120.0,10028.0,-47.5,9994.5,-25.0,9999.0,-230.0,9958.0,9958.0,-230.0,PASS_BUY,,,,,,
0,722200,VELVETFRUIT_EXTRACT,-1,5.0,5254.0,5255.5,3.0,-0.5238095238095238,7222,-37.5,5261.5,-82.5,5270.5,-72.5,5268.5,-40.0,5262.0,2.5,5253.5,50.0,5244.0,5244.0,50.0,AGG_SELL,,,,,,
0,722600,HYDROGEL_PACK,1,4.0,10002.0,10009.0,16.0,0.0,7226,12.0,10005.0,24.0,10008.0,144.0,10038.0,-44.0,9991.0,-4.0,10001.0,-176.0,9958.0,9958.0,-176.0,PASS_BUY,,,,,,
0,722600,VEV_4000,1,3.0,1255.0,1250.0,10.0,0.5,7226,28.5,1264.5,51.0,1272.0,43.5,1269.5,19.5,1261.5,1.5,1255.5,-33.0,1244.0,1244.0,-33.0,AGG_BUY,,,,,,
0,722600,VEV_4500,1,3.0,755.0,751.0,8.0,0.3333333333333333,7226,27.0,764.0,51.0,772.0,43.5,769.5,18.0,761.0,3.0,756.0,-33.0,744.0,744.0,-33.0,AGG_BUY,,,,,,
0,723200,VELVETFRUIT_EXTRACT,-1,16.0,5259.0,5261.5,5.0,-0.6049382716049383,7232,-144.0,5268.0,-184.0,5270.5,-184.0,5270.5,-24.0,5260.5,88.0,5253.5,240.0,5244.0,5244.0,240.0,AGG_SELL,,,,,,
0,723300,VELVETFRUIT_EXTRACT,-1,25.0,5259.0,5261.5,5.0,-0.46236559139784944,7233,-212.5,5267.5,-287.5,5270.5,-300.0,5271.0,-62.5,5261.5,112.5,5254.5,375.0,5244.0,5244.0,375.0,AGG_SELL,,,,,,
0,723400,VELVETFRUIT_EXTRACT,-1,24.0,5260.0,5262.5,5.0,-0.4666666666666667,7234,-180.0,5267.5,-228.0,5269.5,-252.0,5270.5,-12.0,5260.5,132.0,5254.5,384.0,5244.0,5244.0,384.0,AGG_SELL,,,,,,
0,723500,VELVETFRUIT_EXTRACT,-1,20.0,5261.0,5263.5,5.0,-0.5121951219512195,7235,-130.0,5267.5,-150.0,5268.5,-170.0,5269.5,-20.0,5262.0,150.0,5253.5,340.0,5244.0,5244.0,340.0,AGG_SELL,,,,,,
0,723600,VELVETFRUIT_EXTRACT,-1,17.0,5262.0,5264.5,5.0,-0.5405405405405406,7236,-68.0,5266.0,-110.5,5268.5,-119.0,5269.0,8.5,5261.5,161.5,5252.5,306.0,5244.0,5244.0,306.0,AGG_SELL,,,,,,
0,723800,VELVETFRUIT_EXTRACT,-1,21.0,5265.0,5267.5,5.0,-0.5333333333333333,7238,-73.5,5268.5,-63.0,5268.0,-115.5,5270.5,52.5,5262.5,262.5,5252.5,441.0,5244.0,5244.0,441.0,AGG_SELL,,,,,,
0,723900,VELVETFRUIT_EXTRACT,-1,22.0,5265.0,5267.5,5.0,0.0,7239,-88.0,5269.0,-77.0,5268.5,-121.0,5270.5,55.0,5262.5,297.0,5251.5,462.0,5244.0,5244.0,462.0,AGG_SELL,,,,,,
0,724600,VELVETFRUIT_EXTRACT,1,10.0,5267.0,5266.0,2.0,0.7142857142857143,7246,5.0,5267.5,25.0,5269.5,5.0,5267.5,-65.0,5260.5,-205.0,5246.5,-230.0,5244.0,5244.0,-230.0,AGG_BUY,,,,,,
0,725800,HYDROGEL_PACK,-1,5.0,10016.0,10020.0,8.0,-0.375,7258,10.0,10014.0,-50.0,10026.0,-55.0,10027.0,60.0,10004.0,170.0,9982.0,290.0,9958.0,9958.0,290.0,AGG_SELL,,,,,,
0,726100,VELVETFRUIT_EXTRACT,-1,7.0,5271.0,5272.5,3.0,-0.5483870967741935,7261,-0.0,5271.0,3.5,5270.5,10.5,5269.5,94.5,5257.5,164.5,5247.5,189.0,5244.0,5244.0,189.0,AGG_SELL,,,,,,
0,727400,VELVETFRUIT_EXTRACT,1,6.0,5270.0,5269.0,2.0,0.5384615384615384,7274,-3.0,5269.5,-12.0,5268.0,-15.0,5267.5,-105.0,5252.5,-99.0,5253.5,-156.0,5244.0,5244.0,-156.0,AGG_BUY,,,,,,
0,729100,VEV_4000,1,3.0,1269.0,1264.0,10.0,0.6666666666666666,7291,13.5,1273.5,1.5,1269.5,3.0,1270.0,-49.5,1252.5,-25.5,1260.5,-75.0,1244.0,1244.0,-75.0,AGG_BUY,,,,,,
0,729100,VEV_4500,1,3.0,769.0,765.0,8.0,0.4,7291,12.0,773.0,1.5,769.5,3.0,770.0,-51.0,752.0,-25.5,760.5,-75.0,744.0,744.0,-75.0,AGG_BUY,,,,,,
0,729700,VELVETFRUIT_EXTRACT,1,10.0,5269.0,5268.0,2.0,0.2,7297,35.0,5272.5,5.0,5269.5,5.0,5269.5,-195.0,5249.5,-75.0,5261.5,-250.0,5244.0,5244.0,-250.0,AGG_BUY,,,,,,
0,729900,HYDROGEL_PACK,-1,7.0,10020.0,10024.0,8.0,-0.17647058823529413,7299,-70.0,10030.0,-91.0,10033.0,-210.0,10050.0,70.0,10010.0,252.0,9984.0,434.0,9958.0,9958.0,434.0,AGG_SELL,,,,,,
0,730200,HYDROGEL_PACK,-1,1.0,10018.0,10026.0,16.0,0.0,7302,-16.0,10034.0,-13.0,10031.0,-30.0,10048.0,7.0,10011.0,37.0,9981.0,60.0,9958.0,9958.0,60.0,AGG_SELL,,,,,,
0,731500,VELVETFRUIT_EXTRACT,-1,7.0,5274.0,5272.5,5.0,-0.3924050632911392,7315,45.5,5267.5,17.5,5271.5,28.0,5270.0,171.5,5249.5,126.0,5256.0,210.0,5244.0,5244.0,210.0,PASS_SELL,,,,,,
0,732700,VELVETFRUIT_EXTRACT,1,8.0,5269.0,5270.5,5.0,0.4606741573033708,7327,-4.0,5268.5,-20.0,5266.5,-24.0,5266.0,-156.0,5249.5,-100.0,5256.5,-200.0,5244.0,5244.0,-200.0,PASS_BUY,,,,,,
0,734700,VELVETFRUIT_EXTRACT,-1,9.0,5268.0,5269.5,3.0,-0.71875,7347,-18.0,5270.0,-13.5,5269.5,-22.5,5270.5,193.5,5246.5,139.5,5252.5,216.0,5244.0,5244.0,216.0,AGG_SELL,,,,,,
0,735800,VELVETFRUIT_EXTRACT,-1,9.0,5269.0,5270.5,3.0,-0.4375,7358,-9.0,5270.0,4.5,5268.5,-13.5,5270.5,180.0,5249.0,139.5,5253.5,225.0,5244.0,5244.0,225.0,AGG_SELL,,,,,,
0,736700,VEV_4000,1,2.0,1269.0,1263.5,11.0,0.6,7367,-5.0,1266.5,-1.0,1268.5,7.0,1272.5,-37.0,1250.5,-20.0,1259.0,-50.0,1244.0,1244.0,-50.0,AGG_BUY,,,,,,
0,736700,VEV_4500,1,2.0,769.0,765.0,8.0,0.6,7367,-5.0,766.5,-1.0,768.5,7.0,772.5,-36.0,751.0,-20.0,759.0,-50.0,744.0,744.0,-50.0,AGG_BUY,,,,,,
0,736700,VEV_5200,1,2.0,110.0,109.5,1.0,0.8571428571428571,7367,-1.0,109.5,1.0,110.5,5.0,112.5,-23.0,98.5,-13.0,103.5,-29.0,95.5,95.5,-29.0,AGG_BUY,,,,,,
0,736800,VEV_4000,1,2.0,1270.0,1264.5,11.0,0.75,7368,-6.0,1267.0,-3.0,1268.5,5.0,1272.5,-37.0,1251.5,-20.0,1260.0,-52.0,1244.0,1244.0,-52.0,AGG_BUY,,,,,,
0,736800,VEV_4500,1,2.0,770.0,766.0,8.0,0.6,7368,-6.0,767.0,-3.0,768.5,5.0,772.5,-38.0,751.0,-20.0,760.0,-52.0,744.0,744.0,-52.0,AGG_BUY,,,,,,
0,736800,VEV_5000,1,2.0,274.0,273.0,2.0,0.6,7368,-4.0,272.0,-1.0,273.5,6.0,277.0,-34.0,257.0,-18.0,265.0,-48.0,250.0,250.0,-48.0,AGG_BUY,,,,,,
0,739800,VELVETFRUIT_EXTRACT,1,8.0,5269.0,5268.0,2.0,0.4074074074074074,7398,-4.0,5268.5,4.0,5269.5,64.0,5277.0,-224.0,5241.0,-84.0,5258.5,-200.0,5244.0,5244.0,-200.0,AGG_BUY,,,,,,
0,741500,VELVETFRUIT_EXTRACT,-1,11.0,5269.0,5270.0,2.0,-0.3125,7415,38.5,5265.5,-22.0,5271.0,-148.5,5282.5,286.0,5243.0,126.5,5257.5,275.0,5244.0,5244.0,275.0,AGG_SELL,,,,,,
0,744700,VELVETFRUIT_EXTRACT,-1,6.0,5271.0,5270.5,3.0,-0.8461538461538461,7447,-3.0,5271.5,-39.0,5277.5,3.0,5270.5,189.0,5239.5,108.0,5253.0,162.0,5244.0,5244.0,162.0,PASS_SELL,,,,,,
0,746600,VELVETFRUIT_EXTRACT,1,7.0,5270.0,5271.5,5.0,0.5,7466,17.5,5272.5,91.0,5283.0,-24.5,5266.5,-238.0,5236.0,-66.5,5260.5,-182.0,5244.0,5244.0,-182.0,PASS_BUY,,,,,,
0,746800,VELVETFRUIT_EXTRACT,-1,4.0,5274.0,5272.5,5.0,0.0,7468,-2.0,5274.5,-38.0,5283.5,32.0,5266.0,138.0,5239.5,42.0,5263.5,120.0,5244.0,5244.0,120.0,PASS_SELL,,,,,,
0,748000,VELVETFRUIT_EXTRACT,-1,7.0,5277.0,5275.0,6.0,0.0,7480,7.0,5276.0,3.5,5276.5,52.5,5269.5,234.5,5243.5,122.5,5259.5,231.0,5244.0,5244.0,231.0,PASS_SELL,,,,,,
0,748200,VELVETFRUIT_EXTRACT,-1,8.0,5275.0,5276.5,3.0,-0.38461538461538464,7482,-20.0,5277.5,4.0,5274.5,24.0,5272.0,260.0,5242.5,124.0,5259.5,248.0,5244.0,5244.0,248.0,AGG_SELL,,,,,,
0,748400,VELVETFRUIT_EXTRACT,-1,8.0,5275.0,5276.5,3.0,-0.4074074074074074,7484,-12.0,5276.5,-0.0,5275.0,20.0,5272.5,252.0,5243.5,136.0,5258.0,248.0,5244.0,5244.0,248.0,AGG_SELL,,,,,,
0,749200,VEV_5500,-1,20.0,11.0,11.5,1.0,0.0,7492,-10.0,11.5,10.0,10.5,10.0,10.5,70.0,7.5,50.0,8.5,70.0,7.5,7.5,70.0,AGG_SELL,,,,,,
0,749500,VEV_5500,-1,9.0,11.0,11.5,1.0,-0.5263157894736842,7495,-4.5,11.5,4.5,10.5,9.0,10.0,22.5,8.5,22.5,8.5,31.5,7.5,7.5,31.5,AGG_SELL,,,,,,
0,749600,VEV_5500,-1,20.0,11.0,11.5,1.0,0.0,7496,-10.0,11.5,10.0,10.5,30.0,9.5,50.0,8.5,50.0,8.5,70.0,7.5,7.5,70.0,AGG_SELL,,,,,,
0,749700,VEV_5500,-1,20.0,11.0,11.5,1.0,0.0,7497,-10.0,11.5,10.0,10.5,30.0,9.5,50.0,8.5,50.0,8.5,70.0,7.5,7.5,70.0,AGG_SELL,,,,,,
0,749800,VEV_5500,-1,20.0,11.0,11.5,1.0,0.0,7498,-10.0,11.5,10.0,10.5,30.0,9.5,50.0,8.5,50.0,8.5,70.0,7.5,7.5,70.0,AGG_SELL,,,,,,
0,750100,VEV_5500,-1,17.0,11.0,11.5,1.0,0.0,7501,-8.5,11.5,8.5,10.5,25.5,9.5,42.5,8.5,42.5,8.5,59.5,7.5,7.5,59.5,AGG_SELL,,,,,,
0,750200,VELVETFRUIT_EXTRACT,1,5.0,5276.0,5275.0,2.0,0.8333333333333334,7502,17.5,5279.5,-37.5,5268.5,-75.0,5261.0,-132.5,5249.5,-112.5,5253.5,-160.0,5244.0,5244.0,-160.0,AGG_BUY,,,,,,
0,750200,VEV_5500,-1,7.0,11.0,11.5,1.0,-0.5882352941176471,7502,-3.5,11.5,3.5,10.5,10.5,9.5,17.5,8.5,17.5,8.5,24.5,7.5,7.5,24.5,AGG_SELL,,,,,,
0,750300,VELVETFRUIT_EXTRACT,-1,6.0,5278.0,5276.5,5.0,0.0,7503,-21.0,5281.5,57.0,5268.5,108.0,5260.0,159.0,5251.5,147.0,5253.5,204.0,5244.0,5244.0,204.0,PASS_SELL,,,,,,
0,750300,VEV_5500,-1,6.0,11.0,11.5,1.0,-0.5862068965517241,7503,-3.0,11.5,6.0,10.0,9.0,9.5,15.0,8.5,15.0,8.5,21.0,7.5,7.5,21.0,AGG_SELL,,,,,,
0,750400,VEV_5500,-1,20.0,11.0,11.5,1.0,0.0,7504,-10.0,11.5,20.0,10.0,30.0,9.5,50.0,8.5,50.0,8.5,70.0,7.5,7.5,70.0,AGG_SELL,,,,,,
0,750500,VEV_5500,-1,19.0,11.0,11.5,1.0,0.0,7505,-9.5,11.5,19.0,10.0,38.0,9.0,47.5,8.5,47.5,8.5,66.5,7.5,7.5,66.5,AGG_SELL,,,,,,
0,750600,VEV_5500,-1,20.0,11.0,11.5,1.0,0.0,7506,-20.0,12.0,10.0,10.5,40.0,9.0,50.0,8.5,50.0,8.5,70.0,7.5,7.5,70.0,AGG_SELL,,,,,,
0,750700,VEV_5500,-1,6.0,11.0,11.5,1.0,-0.4782608695652174,7507,-6.0,12.0,3.0,10.5,15.0,8.5,15.0,8.5,15.0,8.5,21.0,7.5,7.5,21.0,AGG_SELL,,,,,,
0,750800,VEV_5500,-1,20.0,11.0,11.5,1.0,0.0,7508,-20.0,12.0,10.0,10.5,50.0,8.5,50.0,8.5,50.0,8.5,70.0,7.5,7.5,70.0,AGG_SELL,,,,,,
0,750900,VEV_5500,-1,19.0,11.0,11.5,1.0,0.0,7509,-19.0,12.0,9.5,10.5,38.0,9.0,47.5,8.5,47.5,8.5,66.5,7.5,7.5,66.5,AGG_SELL,,,,,,
0,751000,VEV_5500,-1,20.0,11.0,11.5,1.0,0.0,7510,-20.0,12.0,10.0,10.5,50.0,8.5,50.0,8.5,50.0,8.5,70.0,7.5,7.5,70.0,AGG_SELL,,,,,,
0,751700,VELVETFRUIT_EXTRACT,-1,9.0,5282.0,5283.5,3.0,-0.3333333333333333,7517,22.5,5279.5,139.5,5266.5,220.5,5257.5,292.5,5249.5,247.5,5254.5,342.0,5244.0,5244.0,342.0,AGG_SELL,,,,,,
0,752300,VELVETFRUIT_EXTRACT,1,5.0,5281.0,5280.0,2.0,0.6666666666666666,7523,-27.5,5275.5,-62.5,5268.5,-132.5,5254.5,-152.5,5250.5,-137.5,5253.5,-185.0,5244.0,5244.0,-185.0,AGG_BUY,,,,,,
0,752900,VEV_5500,-1,20.0,11.0,11.5,1.0,0.0,7529,10.0,10.5,20.0,10.0,50.0,8.5,50.0,8.5,50.0,8.5,70.0,7.5,7.5,70.0,AGG_SELL,,,,,,
0,753100,VELVETFRUIT_EXTRACT,1,22.0,5277.0,5274.5,5.0,0.0,7531,-121.0,5271.5,-99.0,5272.5,-473.0,5255.5,-649.0,5247.5,-517.0,5253.5,-726.0,5244.0,5244.0,-726.0,AGG_BUY,,,,,,
0,753800,VELVETFRUIT_EXTRACT,1,10.0,5272.0,5271.0,2.0,0.3103448275862069,7538,-15.0,5270.5,-15.0,5270.5,-155.0,5256.5,-215.0,5250.5,-175.0,5254.5,-280.0,5244.0,5244.0,-280.0,AGG_BUY,,,,,,
0,757300,VEV_4000,1,5.0,1268.0,1263.0,10.0,0.3333333333333333,7573,27.5,1273.5,-67.5,1254.5,-37.5,1260.5,-112.5,1245.5,-67.5,1254.5,-120.0,1244.0,1244.0,-120.0,AGG_BUY,,,,,,
0,757300,VEV_4500,1,5.0,768.0,764.0,8.0,0.4117647058823529,7573,27.5,773.5,-65.0,755.0,-37.5,760.5,-110.0,746.0,-65.0,755.0,-120.0,744.0,744.0,-120.0,AGG_BUY,,,,,,
0,757600,VELVETFRUIT_EXTRACT,-1,5.0,5267.0,5268.5,3.0,-0.6666666666666666,7576,-25.0,5272.0,47.5,5257.5,37.5,5259.5,110.0,5245.0,77.5,5251.5,115.0,5244.0,5244.0,115.0,AGG_SELL,,,,,,
0,758100,VELVETFRUIT_EXTRACT,-1,10.0,5271.0,5272.5,3.0,-0.6774193548387096,7581,15.0,5269.5,155.0,5255.5,165.0,5254.5,270.0,5244.0,205.0,5250.5,270.0,5244.0,5244.0,270.0,AGG_SELL,,,,,,
0,758600,VELVETFRUIT_EXTRACT,-1,3.0,5274.0,5272.0,6.0,0.0,7586,27.0,5265.0,52.5,5256.5,51.0,5257.0,94.5,5242.5,67.5,5251.5,90.0,5244.0,5244.0,90.0,PASS_SELL,,,,,,
0,758800,VELVETFRUIT_EXTRACT,-1,6.0,5272.0,5270.5,5.0,-0.5268817204301075,7588,51.0,5263.5,93.0,5256.5,81.0,5258.5,189.0,5240.5,129.0,5250.5,168.0,5244.0,5244.0,168.0,PASS_SELL,,,,,,
0,759900,VELVETFRUIT_EXTRACT,1,23.0,5265.0,5262.5,5.0,0.43209876543209874,7599,-161.0,5258.0,-172.5,5257.5,-80.5,5261.5,-448.5,5245.5,-264.5,5253.5,-483.0,5244.0,5244.0,-483.0,AGG_BUY,,,,,,
0,760600,VELVETFRUIT_EXTRACT,1,15.0,5259.0,5258.0,2.0,0.0,7606,-45.0,5256.0,52.5,5262.5,52.5,5262.5,-142.5,5249.5,-82.5,5253.5,-225.0,5244.0,5244.0,-225.0,AGG_BUY,,,,,,
0,761100,VELVETFRUIT_EXTRACT,1,6.0,5257.0,5256.0,2.0,0.5,7611,3.0,5257.5,30.0,5262.0,42.0,5264.0,-54.0,5248.0,-27.0,5252.5,-78.0,5244.0,5244.0,-78.0,AGG_BUY,,,,,,
0,761600,VELVETFRUIT_EXTRACT,-1,4.0,5258.0,5256.0,6.0,0.0,7616,2.0,5257.5,-6.0,5259.5,-18.0,5262.5,38.0,5248.5,18.0,5253.5,56.0,5244.0,5244.0,56.0,PASS_SELL,,,,,,
0,762200,HYDROGEL_PACK,1,3.0,10004.0,10011.0,16.0,0.0,7622,9.0,10007.0,-3.0,10003.0,-30.0,9994.0,-84.0,9976.0,9.0,10007.0,-138.0,9958.0,9958.0,-138.0,PASS_BUY,,,,,,
0,763700,VELVETFRUIT_EXTRACT,1,14.0,5255.0,5254.0,2.0,0.6216216216216216,7637,49.0,5258.5,28.0,5257.0,91.0,5261.5,-70.0,5250.0,-35.0,5252.5,-154.0,5244.0,5244.0,-154.0,AGG_BUY,,,,,,
0,764200,HYDROGEL_PACK,1,4.0,9996.0,10003.0,16.0,0.0,7642,32.0,10004.0,68.0,10013.0,24.0,10002.0,-56.0,9982.0,36.0,10005.0,-152.0,9958.0,9958.0,-152.0,PASS_BUY,,,,,,
0,764400,HYDROGEL_PACK,1,5.0,9995.0,10002.0,16.0,0.0,7644,55.0,10006.0,100.0,10015.0,15.0,9998.0,-50.0,9985.0,45.0,10004.0,-185.0,9958.0,9958.0,-185.0,PASS_BUY,,,,,,
0,768400,VELVETFRUIT_EXTRACT,1,14.0,5255.0,5254.0,2.0,0.6363636363636364,7684,49.0,5258.5,77.0,5260.5,-49.0,5251.5,-28.0,5253.0,119.0,5263.5,-154.0,5244.0,5244.0,-154.0,AGG_BUY,,,,,,
0,769300,VEV_4000,1,5.0,1257.0,1252.0,10.0,0.23076923076923078,7693,37.5,1264.5,22.5,1261.5,-32.5,1250.5,-32.5,1250.5,62.5,1269.5,-65.0,1244.0,1244.0,-65.0,AGG_BUY,,,,,,
0,769300,VEV_4500,1,5.0,757.0,753.0,8.0,0.375,7693,37.5,764.5,22.5,761.5,-35.0,750.0,-30.0,751.0,62.5,769.5,-65.0,744.0,744.0,-65.0,AGG_BUY,,,,,,
0,769300,VEV_5200,1,4.0,102.0,101.5,1.0,0.696969696969697,7693,22.0,107.5,14.0,105.5,-18.0,97.5,-14.0,98.5,34.0,110.5,-26.0,95.5,95.5,-26.0,AGG_BUY,,,,,,
0,769500,VELVETFRUIT_EXTRACT,1,11.0,5258.0,5257.0,2.0,0.6944444444444444,7695,60.5,5263.5,33.0,5261.0,-93.5,5249.5,-93.5,5249.5,126.5,5269.5,-154.0,5244.0,5244.0,-154.0,AGG_BUY,,,,,,
0,770000,VELVETFRUIT_EXTRACT,-1,3.0,5264.0,5262.5,5.0,-0.4444444444444444,7700,1.5,5263.5,10.5,5260.5,40.5,5250.5,27.0,5255.0,-15.0,5269.0,60.0,5244.0,5244.0,60.0,PASS_SELL,,,,,,
0,772300,VELVETFRUIT_EXTRACT,1,10.0,5259.0,5258.5,1.0,0.3103448275862069,7723,25.0,5261.5,-85.0,5250.5,-75.0,5251.5,-50.0,5254.0,15.0,5260.5,-150.0,5244.0,5244.0,-150.0,AGG_BUY,,,,,,
0,774100,VELVETFRUIT_EXTRACT,-1,11.0,5263.0,5264.5,3.0,-0.717948717948718,7741,22.0,5261.0,115.5,5252.5,181.5,5246.5,148.5,5249.5,-22.0,5265.0,209.0,5244.0,5244.0,209.0,AGG_SELL,,,,,,
0,774500,VELVETFRUIT_EXTRACT,-1,8.0,5263.0,5261.0,6.0,0.0,7745,28.0,5259.5,108.0,5249.5,132.0,5246.5,136.0,5246.0,-4.0,5263.5,152.0,5244.0,5244.0,152.0,PASS_SELL,,,,,,
0,775200,VELVETFRUIT_EXTRACT,1,3.0,5258.0,5259.5,5.0,0.5142857142857142,7752,-6.0,5256.0,-25.5,5249.5,-31.5,5247.5,-34.5,5246.5,4.5,5259.5,-42.0,5244.0,5244.0,-42.0,PASS_BUY,,,,,,
0,775800,VELVETFRUIT_EXTRACT,1,12.0,5258.0,5257.0,2.0,0.7,7758,-66.0,5252.5,-114.0,5248.5,-108.0,5249.0,-126.0,5247.5,18.0,5259.5,-168.0,5244.0,5244.0,-168.0,AGG_BUY,,,,,,
0,776200,VELVETFRUIT_EXTRACT,1,10.0,5257.0,5256.0,2.0,0.23076923076923078,7762,-65.0,5250.5,-75.0,5249.5,-50.0,5252.0,-95.0,5247.5,5.0,5257.5,-130.0,5244.0,5244.0,-130.0,AGG_BUY,,,,,,
0,776700,VELVETFRUIT_EXTRACT,1,15.0,5254.0,5251.5,5.0,0.5945945945945946,7767,-22.5,5252.5,-67.5,5249.5,-52.5,5250.5,-37.5,5251.5,37.5,5256.5,-150.0,5244.0,5244.0,-150.0,AGG_BUY,,,,,,
0,776900,HYDROGEL_PACK,1,4.0,10000.0,10007.0,16.0,0.0,7769,56.0,10014.0,-8.0,9998.0,-52.0,9987.0,-68.0,9983.0,-4.0,9999.0,-168.0,9958.0,9958.0,-168.0,PASS_BUY,,,,,,
0,777400,VELVETFRUIT_EXTRACT,-1,4.0,5254.0,5252.5,5.0,0.0,7774,10.0,5251.5,14.0,5250.5,30.0,5246.5,2.0,5253.5,-22.0,5259.5,40.0,5244.0,5244.0,40.0,PASS_SELL,,,,,,
0,778400,HYDROGEL_PACK,1,6.0,10000.0,10007.0,16.0,0.0,7784,18.0,10003.0,-54.0,9991.0,6.0,10001.0,-120.0,9980.0,42.0,10007.0,-252.0,9958.0,9958.0,-252.0,PASS_BUY,,,,,,
0,779500,HYDROGEL_PACK,-1,4.0,10004.0,10008.0,8.0,-0.5294117647058824,7795,-20.0,10009.0,32.0,9996.0,-4.0,10005.0,80.0,9984.0,-32.0,10012.0,184.0,9958.0,9958.0,184.0,AGG_SELL,,,,,,
0,779600,VEV_4000,1,4.0,1250.0,1245.0,10.0,0.5294117647058824,7796,-10.0,1247.5,-14.0,1246.5,-28.0,1243.0,46.0,1261.5,22.0,1255.5,-24.0,1244.0,1244.0,-24.0,AGG_BUY,,,,,,
0,779600,VEV_4500,1,4.0,750.0,746.0,8.0,0.42857142857142855,7796,-8.0,748.0,-12.0,747.0,-28.0,743.0,44.0,761.0,24.0,756.0,-24.0,744.0,744.0,-24.0,AGG_BUY,,,,,,
0,781000,VELVETFRUIT_EXTRACT,-1,10.0,5249.0,5250.5,3.0,-0.2857142857142857,7810,-20.0,5251.0,-15.0,5250.5,45.0,5244.5,-85.0,5257.5,-40.0,5253.0,50.0,5244.0,5244.0,50.0,AGG_SELL,,,,,,
0,781500,VELVETFRUIT_EXTRACT,1,7.0,5248.0,5249.5,5.0,0.4166666666666667,7815,17.5,5250.5,31.5,5252.5,-35.0,5243.0,56.0,5256.0,45.5,5254.5,-28.0,5244.0,5244.0,-28.0,PASS_BUY,,,,,,
0,783200,VELVETFRUIT_EXTRACT,1,9.0,5247.0,5246.0,2.0,0.7142857142857143,7832,4.5,5247.5,-4.5,5246.5,-22.5,5244.5,85.5,5256.5,22.5,5249.5,-27.0,5244.0,5244.0,-27.0,AGG_BUY,,,,,,
0,783600,VELVETFRUIT_EXTRACT,1,9.0,5246.0,5245.0,2.0,0.7049180327868853,7836,4.5,5246.5,13.5,5247.5,-31.5,5242.5,112.5,5258.5,40.5,5250.5,-18.0,5244.0,5244.0,-18.0,AGG_BUY,,,,,,
0,784600,VELVETFRUIT_EXTRACT,1,8.0,5245.0,5246.5,5.0,0.5135135135135135,7846,28.0,5248.5,-32.0,5241.0,-36.0,5240.5,68.0,5253.5,36.0,5249.5,-8.0,5244.0,5244.0,-8.0,PASS_BUY,,,,,,
0,785300,HYDROGEL_PACK,1,6.0,9986.0,9993.0,16.0,0.0,7853,0.0,9986.0,144.0,10010.0,54.0,9995.0,6.0,9987.0,246.0,10027.0,-168.0,9958.0,9958.0,-168.0,PASS_BUY,,,,,,
0,785800,HYDROGEL_PACK,1,10.0,9991.0,9987.0,8.0,0.16666666666666666,7858,-40.0,9987.0,200.0,10011.0,-10.0,9990.0,-105.0,9980.5,380.0,10029.0,-330.0,9958.0,9958.0,-330.0,AGG_BUY,,,,,,
0,785900,VELVETFRUIT_EXTRACT,-1,8.0,5250.0,5251.5,3.0,-0.8,7859,-0.0,5250.0,36.0,5245.5,116.0,5235.5,-20.0,5252.5,-20.0,5252.5,48.0,5244.0,5244.0,48.0,AGG_SELL,,,,,,
0,787000,VELVETFRUIT_EXTRACT,1,5.0,5248.0,5247.0,2.0,0.6,7870,-2.5,5247.5,-30.0,5242.0,-42.5,5239.5,67.5,5261.5,17.5,5251.5,-20.0,5244.0,5244.0,-20.0,AGG_BUY,,,,,,
0,787200,VELVETFRUIT_EXTRACT,1,5.0,5247.0,5246.0,2.0,0.6153846153846154,7872,-2.5,5246.5,-25.0,5242.0,-32.5,5240.5,57.5,5258.5,10.0,5249.0,-15.0,5244.0,5244.0,-15.0,AGG_BUY,,,,,,
0,789200,VELVETFRUIT_EXTRACT,1,9.0,5245.0,5244.0,2.0,0.28,7892,-22.5,5242.5,-9.0,5244.0,-4.5,5244.5,108.0,5257.0,85.5,5254.5,-9.0,5244.0,5244.0,-9.0,AGG_BUY,,,,,,
0,789400,VELVETFRUIT_EXTRACT,1,25.0,5244.0,5241.5,5.0,0.43820224719101125,7894,0.0,5244.0,-12.5,5243.5,87.5,5247.5,312.5,5256.5,275.0,5255.0,0.0,5244.0,5244.0,0.0,AGG_BUY,,,,,,
0,789600,VELVETFRUIT_EXTRACT,1,11.0,5242.0,5241.0,2.0,0.6666666666666666,7896,27.5,5244.5,-16.5,5240.5,60.5,5247.5,170.5,5257.5,148.5,5255.5,22.0,5244.0,5244.0,22.0,AGG_BUY,,,,,,
0,791300,VEV_4000,1,3.0,1243.0,1238.0,10.0,0.5384615384615384,7913,-4.5,1241.5,-19.5,1236.5,19.5,1249.5,52.5,1260.5,52.5,1260.5,3.0,1244.0,1244.0,3.0,AGG_BUY,,,,,,
0,791300,VEV_5000,1,3.0,250.0,248.5,3.0,0.7931034482758621,7913,-3.0,249.0,-18.0,244.0,16.5,255.5,46.5,265.5,39.0,263.0,0.0,250.0,250.0,0.0,AGG_BUY,,,,,,
0,793000,VELVETFRUIT_EXTRACT,-1,6.0,5246.0,5244.5,5.0,0.0,7930,9.0,5244.5,15.0,5243.5,-21.0,5249.5,-45.0,5253.5,-87.0,5260.5,12.0,5244.0,5244.0,12.0,PASS_SELL,,,,,,
0,793700,VELVETFRUIT_EXTRACT,1,10.0,5242.0,5241.0,2.0,0.7297297297297297,7937,-25.0,5239.5,15.0,5243.5,75.0,5249.5,95.0,5251.5,135.0,5255.5,20.0,5244.0,5244.0,20.0,AGG_BUY,,,,,,
0,794900,HYDROGEL_PACK,1,4.0,9992.0,9999.0,16.0,0.0,7949,8.0,9994.0,16.0,9996.0,-12.0,9989.0,44.0,10003.0,112.0,10020.0,-136.0,9958.0,9958.0,-136.0,PASS_BUY,,,,,,
0,794900,VELVETFRUIT_EXTRACT,1,10.0,5237.0,5236.0,2.0,0.7530864197530864,7949,-15.0,5235.5,105.0,5247.5,160.0,5253.0,175.0,5254.5,195.0,5256.5,70.0,5244.0,5244.0,70.0,AGG_BUY,,,,,,
0,795700,HYDROGEL_PACK,1,4.0,9983.0,9990.0,16.0,0.0,7957,56.0,9997.0,48.0,9995.0,16.0,9987.0,68.0,10000.0,136.0,10017.0,-100.0,9958.0,9958.0,-100.0,PASS_BUY,,,,,,
0,796800,VELVETFRUIT_EXTRACT,-1,7.0,5241.0,5239.5,5.0,0.47126436781609193,7968,-10.5,5242.5,-66.5,5250.5,-38.5,5246.5,-157.5,5263.5,-119.0,5258.0,-21.0,5244.0,5244.0,-21.0,PASS_SELL,,,,,,
0,798100,VELVETFRUIT_EXTRACT,-1,6.0,5242.0,5243.5,3.0,-0.5555555555555556,7981,-9.0,5243.5,-33.0,5247.5,-12.0,5244.0,-111.0,5260.5,-117.0,5261.5,-12.0,5244.0,5244.0,-12.0,AGG_SELL,,,,,,
0,798400,VELVETFRUIT_EXTRACT,-1,5.0,5245.0,5243.5,5.0,0.43902439024390244,7984,-12.5,5247.5,-10.0,5247.0,12.5,5242.5,-65.0,5258.0,-82.5,5261.5,5.0,5244.0,5244.0,5.0,PASS_SELL,,,,,,
0,801400,VELVETFRUIT_EXTRACT,-1,15.0,5250.0,5251.5,3.0,-0.5945945945945946,8014,-22.5,5251.5,-7.5,5250.5,37.5,5247.5,-52.5,5253.5,-67.5,5254.5,90.0,5244.0,5244.0,90.0,AGG_SELL,,,,,,
0,802300,HYDROGEL_PACK,1,2.0,9985.0,9992.0,16.0,0.0,8023,14.0,9992.0,-26.0,9972.0,-16.0,9977.0,38.0,10004.0,-4.0,9983.0,-54.0,9958.0,9958.0,-54.0,PASS_BUY,,,,,,
0,804200,VELVETFRUIT_EXTRACT,-1,20.0,5253.0,5255.5,5.0,-0.5348837209302325,8042,-10.0,5253.5,230.0,5241.5,60.0,5250.0,-110.0,5258.5,250.0,5240.5,180.0,5244.0,5244.0,180.0,AGG_SELL,,,,,,
0,804400,VELVETFRUIT_EXTRACT,-1,18.0,5254.0,5256.5,5.0,-0.5609756097560976,8044,27.0,5252.5,225.0,5241.5,63.0,5250.5,-81.0,5258.5,243.0,5240.5,180.0,5244.0,5244.0,180.0,AGG_SELL,,,,,,
0,804800,HYDROGEL_PACK,1,4.0,9981.0,9988.0,16.0,0.0,8048,24.0,9987.0,-24.0,9975.0,32.0,9989.0,136.0,10015.0,8.0,9983.0,-92.0,9958.0,9958.0,-92.0,PASS_BUY,,,,,,
0,805300,VELVETFRUIT_EXTRACT,1,10.0,5251.0,5250.0,2.0,0.696969696969697,8053,-5.0,5250.5,-15.0,5249.5,0.0,5251.0,65.0,5257.5,-115.0,5239.5,-70.0,5244.0,5244.0,-70.0,AGG_BUY,,,,,,
0,805900,HYDROGEL_PACK,1,3.0,9978.0,9985.0,16.0,0.0,8059,-12.0,9974.0,-6.0,9976.0,36.0,9990.0,120.0,10018.0,21.0,9985.0,-60.0,9958.0,9958.0,-60.0,PASS_BUY,,,,,,
0,806200,HYDROGEL_PACK,1,4.0,9976.0,9983.0,16.0,0.0,8062,-20.0,9971.0,0.0,9976.0,60.0,9991.0,160.0,10016.0,24.0,9982.0,-72.0,9958.0,9958.0,-72.0,PASS_BUY,,,,,,
0,806800,HYDROGEL_PACK,1,11.0,9983.0,9975.0,16.0,0.0,8068,-110.0,9973.0,-77.0,9976.0,55.0,9988.0,407.0,10020.0,-44.0,9979.0,-275.0,9958.0,9958.0,-275.0,AGG_BUY,,,,,,
0,806900,HYDROGEL_PACK,1,11.0,9982.0,9974.0,16.0,0.0,8069,-121.0,9971.0,-55.0,9977.0,55.0,9987.0,407.0,10019.0,-33.0,9979.0,-264.0,9958.0,9958.0,-264.0,AGG_BUY,,,,,,
0,807000,HYDROGEL_PACK,1,10.0,9981.0,9973.0,16.0,0.0,8070,-100.0,9971.0,-70.0,9974.0,100.0,9991.0,350.0,10016.0,-60.0,9975.0,-230.0,9958.0,9958.0,-230.0,AGG_BUY,,,,,,
0,807100,HYDROGEL_PACK,1,15.0,9980.0,9972.0,16.0,0.0,8071,-75.0,9975.0,-75.0,9975.0,180.0,9992.0,525.0,10015.0,-45.0,9977.0,-330.0,9958.0,9958.0,-330.0,AGG_BUY,,,,,,
0,807100,VELVETFRUIT_EXTRACT,1,8.0,5244.0,5243.5,1.0,0.42857142857142855,8071,0.0,5244.0,20.0,5246.5,84.0,5254.5,96.0,5256.0,20.0,5246.5,0.0,5244.0,5244.0,0.0,AGG_BUY,,,,,,
0,807200,HYDROGEL_PACK,1,10.0,9979.0,9971.0,16.0,0.0,8072,-50.0,9974.0,-30.0,9976.0,120.0,9991.0,350.0,10014.0,-40.0,9975.0,-210.0,9958.0,9958.0,-210.0,AGG_BUY,,,,,,
0,807300,HYDROGEL_PACK,1,12.0,9980.0,9972.0,16.0,0.0,8073,-84.0,9973.0,-36.0,9977.0,132.0,9991.0,432.0,10016.0,-12.0,9979.0,-264.0,9958.0,9958.0,-264.0,AGG_BUY,,,,,,
0,807400,HYDROGEL_PACK,1,13.0,9980.0,9972.0,16.0,0.0,8074,-39.0,9977.0,-26.0,9978.0,104.0,9988.0,468.0,10016.0,19.5,9981.5,-286.0,9958.0,9958.0,-286.0,AGG_BUY,,,,,,
0,807500,HYDROGEL_PACK,1,12.0,9980.0,9972.0,16.0,0.0,8075,0.0,9980.0,-24.0,9978.0,72.0,9986.0,444.0,10017.0,0.0,9980.0,-264.0,9958.0,9958.0,-264.0,AGG_BUY,,,,,,
0,807500,VELVETFRUIT_EXTRACT,1,5.0,5244.0,5243.0,2.0,0.5238095238095238,8075,-7.5,5242.5,22.5,5248.5,42.5,5252.5,47.5,5253.5,15.0,5247.0,0.0,5244.0,5244.0,0.0,AGG_BUY,,,,,,
0,807700,HYDROGEL_PACK,1,14.0,9980.0,9972.0,16.0,0.0,8077,0.0,9980.0,-56.0,9976.0,98.0,9987.0,588.0,10022.0,56.0,9984.0,-308.0,9958.0,9958.0,-308.0,AGG_BUY,,,,,,
0,807900,HYDROGEL_PACK,1,12.0,9979.0,9971.0,16.0,0.0,8079,36.0,9982.0,-60.0,9974.0,120.0,9989.0,468.0,10018.0,12.0,9980.0,-252.0,9958.0,9958.0,-252.0,AGG_BUY,,,,,,
0,808000,HYDROGEL_PACK,1,11.0,9979.0,9971.0,16.0,0.0,8080,33.0,9982.0,-66.0,9973.0,110.0,9989.0,407.0,10016.0,-27.5,9976.5,-231.0,9958.0,9958.0,-231.0,AGG_BUY,,,,,,
0,809400,HYDROGEL_PACK,1,11.0,9981.0,9973.0,16.0,0.0,8094,-33.0,9978.0,44.0,9985.0,165.0,9996.0,396.0,10017.0,33.0,9984.0,-253.0,9958.0,9958.0,-253.0,AGG_BUY,,,,,,
0,809500,VELVETFRUIT_EXTRACT,-1,5.0,5242.0,5243.5,3.0,-0.5238095238095238,8095,-37.5,5249.5,-37.5,5249.5,-37.5,5249.5,-57.5,5253.5,-20.0,5246.0,-10.0,5244.0,5244.0,-10.0,AGG_SELL,,,,,,
0,809800,VELVETFRUIT_EXTRACT,-1,13.0,5244.0,5245.0,2.0,-0.2777777777777778,8098,-52.0,5248.0,-91.0,5251.0,-143.0,5255.0,-143.0,5255.0,-0.0,5244.0,-0.0,5244.0,5244.0,-0.0,AGG_SELL,,,,,,
0,810000,VEV_4000,1,5.0,1246.0,1241.0,10.0,0.5,8100,12.5,1248.5,22.5,1250.5,45.0,1255.0,37.5,1253.5,7.5,1247.5,-10.0,1244.0,1244.0,-10.0,AGG_BUY,,,,,,
0,810100,VELVETFRUIT_EXTRACT,-1,18.0,5246.0,5248.5,5.0,0.0,8101,-36.0,5248.0,-63.0,5249.5,-207.0,5257.5,-117.0,5252.5,-27.0,5247.5,36.0,5244.0,5244.0,36.0,AGG_SELL,,,,,,
0,810200,HYDROGEL_PACK,1,5.0,9970.0,9977.0,16.0,0.0,8102,30.0,9976.0,110.0,9992.0,135.0,9997.0,190.0,10008.0,95.0,9989.0,-60.0,9958.0,9958.0,-60.0,PASS_BUY,,,,,,
0,811700,HYDROGEL_PACK,1,12.0,9981.0,9973.0,16.0,0.0,8117,-60.0,9976.0,108.0,9990.0,228.0,10000.0,336.0,10009.0,-36.0,9978.0,-276.0,9958.0,9958.0,-276.0,AGG_BUY,,,,,,
0,812700,VELVETFRUIT_EXTRACT,-1,7.0,5249.0,5247.5,5.0,0.0,8127,-7.0,5250.0,-24.5,5252.5,-35.0,5254.0,-3.5,5249.5,-87.5,5261.5,35.0,5244.0,5244.0,35.0,PASS_SELL,,,,,,
0,813000,HYDROGEL_PACK,1,15.0,9981.0,9973.0,16.0,0.0,8130,-15.0,9980.0,120.0,9989.0,195.0,9994.0,420.0,10009.0,45.0,9984.0,-345.0,9958.0,9958.0,-345.0,AGG_BUY,,,,,,
0,813100,HYDROGEL_PACK,1,13.0,9980.0,9972.0,16.0,0.0,8131,13.0,9981.0,130.0,9990.0,182.0,9994.0,377.0,10009.0,52.0,9984.0,-286.0,9958.0,9958.0,-286.0,AGG_BUY,,,,,,
0,813200,HYDROGEL_PACK,1,10.0,9979.0,9971.0,16.0,0.0,8132,30.0,9982.0,120.0,9991.0,110.0,9990.0,260.0,10005.0,60.0,9985.0,-210.0,9958.0,9958.0,-210.0,AGG_BUY,,,,,,
0,813300,HYDROGEL_PACK,1,13.0,9979.0,9971.0,16.0,0.0,8133,104.0,9987.0,130.0,9989.0,130.0,9989.0,325.0,10004.0,91.0,9986.0,-273.0,9958.0,9958.0,-273.0,AGG_BUY,,,,,,
0,813600,VEV_5000,-1,5.0,254.0,255.5,3.0,-0.16666666666666666,8136,-10.0,256.0,-30.0,260.0,-20.0,258.0,-10.0,256.0,-75.0,269.0,20.0,250.0,250.0,20.0,AGG_SELL,,,,,,
0,818500,VELVETFRUIT_EXTRACT,-1,3.0,5255.0,5253.0,6.0,0.0,8185,16.5,5249.5,4.5,5253.5,-1.5,5255.5,-25.5,5263.5,7.5,5252.5,33.0,5244.0,5244.0,33.0,PASS_SELL,,,,,,
0,819100,VELVETFRUIT_EXTRACT,-1,12.0,5252.0,5253.0,2.0,-0.2727272727272727,8191,-66.0,5257.5,30.0,5249.5,-102.0,5260.5,-210.0,5269.5,-24.0,5254.0,96.0,5244.0,5244.0,96.0,AGG_SELL,,,,,,
0,821100,VELVETFRUIT_EXTRACT,-1,15.0,5260.0,5261.5,3.0,-0.5714285714285714,8211,97.5,5253.5,187.5,5247.5,22.5,5258.5,-105.0,5267.0,-7.5,5260.5,240.0,5244.0,5244.0,240.0,AGG_SELL,,,,,,
0,821700,VELVETFRUIT_EXTRACT,-1,8.0,5255.0,5254.5,3.0,-0.8360655737704918,8217,8.0,5254.0,28.0,5251.5,-4.0,5255.5,-64.0,5263.0,-52.0,5261.5,88.0,5244.0,5244.0,88.0,PASS_SELL,,,,,,
0,822400,VELVETFRUIT_EXTRACT,1,8.0,5251.0,5252.5,5.0,0.0,8224,28.0,5254.5,20.0,5253.5,40.0,5256.0,80.0,5261.0,100.0,5263.5,-56.0,5244.0,5244.0,-56.0,PASS_BUY,,,,,,
0,822700,VELVETFRUIT_EXTRACT,1,10.0,5255.0,5254.0,2.0,0.7530864197530864,8227,-20.0,5253.0,-20.0,5253.0,15.0,5256.5,75.0,5262.5,115.0,5266.5,-110.0,5244.0,5244.0,-110.0,AGG_BUY,,,,,,
0,823500,HYDROGEL_PACK,1,6.0,9984.0,9980.5,7.0,0.3333333333333333,8235,-12.0,9982.0,-30.0,9979.0,-24.0,9980.0,150.0,10009.0,18.0,9987.0,-156.0,9958.0,9958.0,-156.0,AGG_BUY,,,,,,
0,823600,HYDROGEL_PACK,1,11.0,9990.0,9982.0,16.0,0.0,8236,-99.0,9981.0,-110.0,9980.0,-99.0,9981.0,165.0,10005.0,-33.0,9987.0,-352.0,9958.0,9958.0,-352.0,AGG_BUY,,,,,,
0,823800,HYDROGEL_PACK,1,10.0,9987.0,9979.0,16.0,0.0,8238,-5.0,9986.5,-80.0,9979.0,-80.0,9979.0,200.0,10007.0,-5.0,9986.5,-290.0,9958.0,9958.0,-290.0,AGG_BUY,,,,,,
0,823900,HYDROGEL_PACK,1,10.0,9986.0,9978.0,16.0,0.0,8239,-10.0,9985.0,-60.0,9980.0,-60.0,9980.0,180.0,10004.0,-10.0,9985.0,-280.0,9958.0,9958.0,-280.0,AGG_BUY,,,,,,
0,824000,HYDROGEL_PACK,1,13.0,9985.0,9977.0,16.0,0.0,8240,-52.0,9981.0,-39.0,9982.0,-78.0,9979.0,273.0,10006.0,-52.0,9981.0,-351.0,9958.0,9958.0,-351.0,AGG_BUY,,,,,,
0,824500,VELVETFRUIT_EXTRACT,1,10.0,5247.0,5246.0,2.0,0.25925925925925924,8245,5.0,5247.5,150.0,5262.0,65.0,5253.5,165.0,5263.5,265.0,5273.5,-30.0,5244.0,5244.0,-30.0,AGG_BUY,,,,,,
0,825100,VELVETFRUIT_EXTRACT,1,10.0,5245.0,5244.0,2.0,0.7058823529411765,8251,25.0,5247.5,165.0,5261.5,90.0,5254.0,135.0,5258.5,315.0,5276.5,-10.0,5244.0,5244.0,-10.0,AGG_BUY,,,,,,
0,825200,VELVETFRUIT_EXTRACT,1,3.0,5245.0,5246.5,5.0,0.4588235294117647,8252,7.5,5247.5,49.5,5261.5,28.5,5254.5,43.5,5259.5,93.0,5276.0,-3.0,5244.0,5244.0,-3.0,PASS_BUY,,,,,,
0,826800,VELVETFRUIT_EXTRACT,-1,6.0,5252.0,5253.5,3.0,-0.8208955223880597,8268,-3.0,5252.5,-21.0,5255.5,-48.0,5260.0,-27.0,5256.5,-141.0,5275.5,48.0,5244.0,5244.0,48.0,AGG_SELL,,,,,,
0,827000,VELVETFRUIT_EXTRACT,-1,8.0,5256.0,5254.0,6.0,0.0,8270,12.0,5254.5,-4.0,5256.5,-44.0,5261.5,-4.0,5256.5,-160.0,5276.0,96.0,5244.0,5244.0,96.0,PASS_SELL,,,,,,
0,827200,HYDROGEL_PACK,1,15.0,9984.0,9976.0,16.0,0.0,8272,-112.5,9976.5,-15.0,9983.0,195.0,9997.0,240.0,10000.0,285.0,10003.0,-390.0,9958.0,9958.0,-390.0,AGG_BUY,,,,,,
0,827300,HYDROGEL_PACK,1,13.0,9982.0,9974.0,16.0,0.0,8273,-52.0,9978.0,-13.0,9981.0,195.0,9997.0,234.0,10000.0,299.0,10005.0,-312.0,9958.0,9958.0,-312.0,AGG_BUY,,,,,,
0,827400,HYDROGEL_PACK,1,12.0,9981.0,9973.0,16.0,0.0,8274,-12.0,9980.0,24.0,9983.0,204.0,9998.0,240.0,10001.0,288.0,10005.0,-276.0,9958.0,9958.0,-276.0,AGG_BUY,,,,,,
0,827500,HYDROGEL_PACK,1,10.0,9981.0,9973.0,16.0,0.0,8275,-20.0,9979.0,40.0,9985.0,160.0,9997.0,180.0,9999.0,270.0,10008.0,-230.0,9958.0,9958.0,-230.0,AGG_BUY,,,,,,
0,827600,HYDROGEL_PACK,1,5.0,9969.0,9965.5,7.0,0.4117647058823529,8276,55.0,9980.0,70.0,9983.0,120.0,9993.0,165.0,10002.0,170.0,10003.0,-55.0,9958.0,9958.0,-55.0,AGG_BUY,,,,,,
0,827700,HYDROGEL_PACK,1,13.0,9978.0,9970.0,16.0,0.0,8277,0.0,9978.0,117.0,9987.0,234.0,9996.0,247.0,9997.0,351.0,10005.0,-260.0,9958.0,9958.0,-260.0,AGG_BUY,,,,,,
0,827800,HYDROGEL_PACK,1,12.0,9978.0,9970.0,16.0,0.0,8278,12.0,9979.0,84.0,9985.0,204.0,9995.0,252.0,9999.0,324.0,10005.0,-240.0,9958.0,9958.0,-240.0,AGG_BUY,,,,,,
0,828100,HYDROGEL_PACK,1,5.0,9973.0,9969.0,8.0,0.1,8281,45.0,9982.0,50.0,9983.0,95.0,9992.0,160.0,10005.0,145.0,10002.0,-75.0,9958.0,9958.0,-75.0,AGG_BUY,,,,,,
0,829000,VELVETFRUIT_EXTRACT,-1,16.0,5258.0,5260.5,5.0,0.0,8290,-32.0,5260.0,96.0,5252.0,40.0,5255.5,-24.0,5259.5,-256.0,5274.0,224.0,5244.0,5244.0,224.0,AGG_SELL,,,,,,
0,830600,VELVETFRUIT_EXTRACT,1,9.0,5258.0,5257.0,2.0,0.45454545454545453,8306,-22.5,5255.5,-36.0,5254.0,4.5,5258.5,-13.5,5256.5,85.5,5267.5,-126.0,5244.0,5244.0,-126.0,AGG_BUY,,,,,,
0,830900,VELVETFRUIT_EXTRACT,1,7.0,5255.0,5256.5,5.0,0.550561797752809,8309,3.5,5255.5,-17.5,5252.5,56.0,5263.0,3.5,5255.5,80.5,5266.5,-77.0,5244.0,5244.0,-77.0,PASS_BUY,,,,,,
0,832700,HYDROGEL_PACK,-1,2.0,9994.0,9987.0,16.0,0.0,8327,26.0,9981.0,-4.0,9996.0,-22.0,10005.0,-50.0,10019.0,-10.0,9999.0,72.0,9958.0,9958.0,72.0,PASS_SELL,,,,,,
0,834000,VELVETFRUIT_EXTRACT,1,8.0,5253.0,5252.0,2.0,0.5,8340,-4.0,5252.5,20.0,5255.5,-16.0,5251.0,-20.0,5250.5,68.0,5261.5,-72.0,5244.0,5244.0,-72.0,AGG_BUY,,,,,,
0,834400,VELVETFRUIT_EXTRACT,1,10.0,5252.0,5251.0,2.0,0.3333333333333333,8344,25.0,5254.5,45.0,5256.5,25.0,5254.5,-10.0,5251.0,100.0,5262.0,-80.0,5244.0,5244.0,-80.0,AGG_BUY,,,,,,
0,835500,VEV_4000,1,5.0,1253.0,1248.0,10.0,0.2857142857142857,8355,7.5,1254.5,35.0,1260.0,32.5,1259.5,-2.5,1252.5,37.5,1260.5,-45.0,1244.0,1244.0,-45.0,AGG_BUY,,,,,,
0,835800,HYDROGEL_PACK,1,2.0,9984.0,9980.5,7.0,0.3333333333333333,8358,20.0,9994.0,12.0,9990.0,34.0,10001.0,90.0,10029.0,34.0,10001.0,-52.0,9958.0,9958.0,-52.0,AGG_BUY,,,,,,
0,836700,VELVETFRUIT_EXTRACT,-1,69.0,5256.0,5257.5,3.0,0.7922077922077922,8367,-0.0,5256.0,-34.5,5256.5,-379.5,5261.5,345.0,5251.0,-207.0,5259.0,828.0,5244.0,5244.0,828.0,AGG_SELL,,,,,,
0,837600,VELVETFRUIT_EXTRACT,1,15.0,5257.0,5256.0,2.0,0.0625,8376,-7.5,5256.5,-52.5,5253.5,15.0,5258.0,-112.5,5249.5,52.5,5260.5,-195.0,5244.0,5244.0,-195.0,AGG_BUY,,,,,,
0,838200,VELVETFRUIT_EXTRACT,-1,6.0,5258.0,5256.0,6.0,0.0,8382,6.0,5257.0,36.0,5252.0,-9.0,5259.5,48.0,5250.0,-6.0,5259.0,84.0,5244.0,5244.0,84.0,PASS_SELL,,,,,,
0,838400,VELVETFRUIT_EXTRACT,1,10.0,5255.0,5254.0,2.0,0.2,8384,15.0,5256.5,-25.0,5252.5,30.0,5258.0,-65.0,5248.5,15.0,5256.5,-110.0,5244.0,5244.0,-110.0,AGG_BUY,,,,,,
0,838800,VELVETFRUIT_EXTRACT,-1,5.0,5258.0,5256.5,5.0,0.4936708860759494,8388,-2.5,5258.5,37.5,5250.5,17.5,5254.5,22.5,5253.5,5.0,5257.0,70.0,5244.0,5244.0,70.0,PASS_SELL,,,,,,
0,841100,VELVETFRUIT_EXTRACT,1,6.0,5261.0,5260.0,2.0,0.7857142857142857,8411,-21.0,5257.5,-3.0,5260.5,-45.0,5253.5,-45.0,5253.5,-51.0,5252.5,-102.0,5244.0,5244.0,-102.0,AGG_BUY,,,,,,
0,841400,VELVETFRUIT_EXTRACT,1,15.0,5257.0,5256.0,2.0,0.6341463414634146,8414,-7.5,5256.5,52.5,5260.5,-52.5,5253.5,7.5,5257.5,-105.0,5250.0,-195.0,5244.0,5244.0,-195.0,AGG_BUY,,,,,,
0,842900,VEV_4000,1,5.0,1253.0,1248.0,10.0,0.4117647058823529,8429,-12.5,1250.5,27.5,1258.5,0.0,1253.0,40.0,1261.0,-22.5,1248.5,-45.0,1244.0,1244.0,-45.0,AGG_BUY,,,,,,
0,842900,VEV_5000,1,5.0,259.0,257.5,3.0,0.7222222222222222,8429,-15.0,256.0,25.0,264.0,0.0,259.0,35.0,266.0,-25.0,254.0,-45.0,250.0,250.0,-45.0,AGG_BUY,,,,,,
0,843000,HYDROGEL_PACK,-1,3.0,10015.0,10008.0,16.0,0.0,8430,45.0,10000.0,48.0,9999.0,-0.0,10015.0,-27.0,10024.0,27.0,10006.0,171.0,9958.0,9958.0,171.0,PASS_SELL,,,,,,
0,844000,VELVETFRUIT_EXTRACT,-1,7.0,5253.0,5251.0,6.0,0.0,8440,-17.5,5255.5,3.5,5252.5,-17.5,5255.5,-3.5,5253.5,17.5,5250.5,63.0,5244.0,5244.0,63.0,PASS_SELL,,,,,,
0,844600,HYDROGEL_PACK,-1,4.0,10005.0,9998.0,16.0,0.0,8446,8.0,10003.0,8.0,10003.0,-36.0,10014.0,-56.0,10019.0,-12.0,10008.0,188.0,9958.0,9958.0,188.0,PASS_SELL,,,,,,
0,845100,VEV_4000,1,5.0,1255.0,1249.5,11.0,0.16666666666666666,8451,27.5,1260.5,-17.5,1251.5,7.5,1256.5,2.5,1255.5,-42.5,1246.5,-55.0,1244.0,1244.0,-55.0,AGG_BUY,,,,,,
0,845600,VELVETFRUIT_EXTRACT,-1,10.0,5258.0,5259.5,3.0,-0.23076923076923078,8456,-25.0,5260.5,55.0,5252.5,5.0,5257.5,-0.0,5258.0,135.0,5244.5,140.0,5244.0,5244.0,140.0,AGG_SELL,,,,,,
0,846300,VELVETFRUIT_EXTRACT,1,6.0,5260.0,5259.0,2.0,0.8309859154929577,8463,0.0,5260.0,-39.0,5253.5,-24.0,5256.0,3.0,5260.5,-84.0,5246.0,-96.0,5244.0,5244.0,-96.0,AGG_BUY,,,,,,
0,847400,HYDROGEL_PACK,1,7.0,9995.0,9991.5,7.0,0.14285714285714285,8474,28.0,9999.0,77.0,10006.0,147.0,10016.0,147.0,10016.0,56.0,10003.0,-259.0,9958.0,9958.0,-259.0,AGG_BUY,,,,,,
0,849700,VELVETFRUIT_EXTRACT,-1,5.0,5251.0,5252.5,3.0,-0.5833333333333334,8497,-12.5,5253.5,-32.5,5257.5,-17.5,5254.5,-37.5,5258.5,55.0,5240.0,35.0,5244.0,5244.0,35.0,AGG_SELL,,,,,,
0,850400,HYDROGEL_PACK,-1,6.0,10013.0,10009.5,9.0,-0.05263157894736842,8504,18.0,10010.0,-24.0,10017.0,36.0,10007.0,90.0,9998.0,30.0,10008.0,330.0,9958.0,9958.0,330.0,PASS_SELL,,,,,,
0,850400,VELVETFRUIT_EXTRACT,-1,10.0,5254.0,5255.0,2.0,-0.375,8504,5.0,5253.5,-25.0,5256.5,5.0,5253.5,-25.0,5256.5,95.0,5244.5,100.0,5244.0,5244.0,100.0,AGG_SELL,,,,,,
0,851700,VELVETFRUIT_EXTRACT,1,4.0,5253.0,5254.5,5.0,0.5384615384615384,8517,-2.0,5252.5,14.0,5256.5,0.0,5253.0,2.0,5253.5,-62.0,5237.5,-36.0,5244.0,5244.0,-36.0,PASS_BUY,,,,,,
0,852800,HYDROGEL_PACK,-1,6.0,10014.0,10018.5,9.0,-0.25,8528,-12.0,10016.0,-42.0,10021.0,42.0,10007.0,210.0,9979.0,-42.0,10021.0,336.0,9958.0,9958.0,336.0,AGG_SELL,,,,,,
0,853200,HYDROGEL_PACK,-1,10.0,10017.0,10021.5,9.0,-0.13043478260869565,8532,-0.0,10017.0,10.0,10016.0,120.0,10005.0,440.0,9973.0,20.0,10015.0,590.0,9958.0,9958.0,590.0,AGG_SELL,,,,,,
0,854700,VELVETFRUIT_EXTRACT,-1,5.0,5256.0,5257.5,3.0,-0.6153846153846154,8547,-7.5,5257.5,7.5,5254.5,37.5,5248.5,72.5,5241.5,117.5,5232.5,60.0,5244.0,5244.0,60.0,AGG_SELL,,,,,,
0,855500,VELVETFRUIT_EXTRACT,1,7.0,5257.0,5256.0,2.0,0.44,8555,-3.5,5256.5,-17.5,5254.5,-24.5,5253.5,-115.5,5240.5,-192.5,5229.5,-91.0,5244.0,5244.0,-91.0,AGG_BUY,,,,,,
0,856200,VELVETFRUIT_EXTRACT,1,5.0,5256.0,5255.0,2.0,0.5454545454545454,8562,2.5,5256.5,-17.5,5252.5,7.5,5257.5,-72.5,5241.5,-142.5,5227.5,-60.0,5244.0,5244.0,-60.0,AGG_BUY,,,,,,
0,856600,VELVETFRUIT_EXTRACT,-1,3.0,5257.0,5258.5,3.0,-0.9016393442622951,8566,16.5,5251.5,10.5,5253.5,-7.5,5259.5,46.5,5241.5,85.5,5228.5,39.0,5244.0,5244.0,39.0,AGG_SELL,,,,,,
0,859100,VEV_4000,1,2.0,1252.0,1246.5,11.0,0.6666666666666666,8591,1.0,1252.5,-1.0,1251.5,34.0,1269.0,-13.0,1245.5,-41.0,1231.5,-16.0,1244.0,1244.0,-16.0,AGG_BUY,,,,,,
0,859300,VEV_4000,1,2.0,1254.0,1249.0,10.0,0.6363636363636364,8593,-3.0,1252.5,-9.0,1249.5,31.0,1269.5,-17.0,1245.5,-41.0,1233.5,-20.0,1244.0,1244.0,-20.0,AGG_BUY,,,,,,
0,860200,VELVETFRUIT_EXTRACT,1,8.0,5252.0,5251.0,2.0,0.30434782608695654,8602,4.0,5252.5,-4.0,5251.5,132.0,5268.5,-20.0,5249.5,-148.0,5233.5,-64.0,5244.0,5244.0,-64.0,AGG_BUY,,,,,,
0,860500,HYDROGEL_PACK,-1,4.0,10015.0,10008.0,16.0,0.0,8605,8.0,10013.0,28.0,10008.0,20.0,10010.0,108.0,9988.0,-64.0,10031.0,228.0,9958.0,9958.0,228.0,PASS_SELL,,,,,,
0,860700,VELVETFRUIT_EXTRACT,1,10.0,5252.0,5251.0,2.0,0.7402597402597403,8607,10.0,5253.0,45.0,5256.5,165.0,5268.5,-15.0,5250.5,-175.0,5234.5,-80.0,5244.0,5244.0,-80.0,AGG_BUY,,,,,,
0,861500,VELVETFRUIT_EXTRACT,-1,9.0,5253.0,5254.5,3.0,-0.41935483870967744,8615,49.5,5247.5,-58.5,5259.5,-103.5,5264.5,-22.5,5255.5,162.0,5235.0,81.0,5244.0,5244.0,81.0,AGG_SELL,,,,,,
0,861800,VELVETFRUIT_EXTRACT,-1,3.0,5255.0,5253.5,5.0,0.0,8618,22.5,5247.5,-7.5,5257.5,-21.0,5262.0,-7.5,5257.5,58.5,5235.5,33.0,5244.0,5244.0,33.0,PASS_SELL,,,,,,
0,862500,VELVETFRUIT_EXTRACT,1,8.0,5248.0,5247.5,1.0,0.36,8625,4.0,5248.5,116.0,5262.5,108.0,5261.5,100.0,5260.5,-96.0,5236.0,-32.0,5244.0,5244.0,-32.0,AGG_BUY,,,,,,
0,862500,VEV_4000,1,2.0,1249.0,1244.0,10.0,0.75,8625,-1.0,1248.5,27.0,1262.5,25.0,1261.5,23.0,1260.5,-16.0,1241.0,-10.0,1244.0,1244.0,-10.0,AGG_BUY,,,,,,
0,863700,VELVETFRUIT_EXTRACT,-1,22.0,5250.0,5252.5,5.0,-0.5164835164835165,8637,33.0,5248.5,-297.0,5263.5,-286.0,5263.0,-319.0,5264.5,253.0,5238.5,132.0,5244.0,5244.0,132.0,AGG_SELL,,,,,,
0,863700,VELVETFRUIT_EXTRACT,-1,5.0,5254.0,5252.5,5.0,-0.5164835164835165,8637,27.5,5248.5,-47.5,5263.5,-45.0,5263.0,-52.5,5264.5,77.5,5238.5,50.0,5244.0,5244.0,50.0,PASS_SELL,,,,,,
0,865800,VELVETFRUIT_EXTRACT,-1,20.0,5255.0,5257.5,5.0,0.0,8658,-50.0,5257.5,-240.0,5267.0,-90.0,5259.5,-10.0,5255.5,330.0,5238.5,220.0,5244.0,5244.0,220.0,AGG_SELL,,,,,,
0,866200,HYDROGEL_PACK,-1,9.0,10012.0,10016.5,9.0,-0.1,8662,-0.0,10012.0,36.0,10008.0,162.0,9994.0,441.0,9963.0,-63.0,10019.0,486.0,9958.0,9958.0,486.0,AGG_SELL,,,,,,
0,866800,VELVETFRUIT_EXTRACT,1,10.0,5258.0,5257.5,1.0,0.3333333333333333,8668,45.0,5262.5,40.0,5262.0,-15.0,5256.5,-15.0,5256.5,-215.0,5236.5,-140.0,5244.0,5244.0,-140.0,AGG_BUY,,,,,,
0,867000,VELVETFRUIT_EXTRACT,-1,66.0,5261.0,5263.5,5.0,0.4666666666666667,8670,-231.0,5264.5,66.0,5260.0,297.0,5256.5,297.0,5256.5,1650.0,5236.0,1122.0,5244.0,5244.0,1122.0,AGG_SELL,,,,,,
0,867200,HYDROGEL_PACK,-1,3.0,10019.0,10012.0,16.0,0.0,8672,12.0,10015.0,48.0,10003.0,57.0,10000.0,145.5,9970.5,33.0,10008.0,183.0,9958.0,9958.0,183.0,PASS_SELL,,,,,,
0,867500,HYDROGEL_PACK,-1,10.0,10016.0,10020.0,8.0,0.0,8675,90.0,10007.0,110.0,10005.0,170.0,9999.0,500.0,9966.0,100.0,10006.0,580.0,9958.0,9958.0,580.0,AGG_SELL,,,,,,
0,869100,VELVETFRUIT_EXTRACT,-1,23.0,5267.0,5269.5,5.0,-0.43209876543209874,8691,-57.5,5269.5,46.0,5265.0,161.0,5260.0,299.0,5254.0,862.5,5229.5,529.0,5244.0,5244.0,529.0,AGG_SELL,,,,,,
0,869100,VEV_5500,-1,20.0,10.0,10.5,1.0,0.0,8691,-10.0,10.5,10.0,9.5,20.0,9.0,30.0,8.5,70.0,6.5,50.0,7.5,7.5,50.0,AGG_SELL,,,,,,
0,869200,VELVETFRUIT_EXTRACT,-1,17.0,5267.0,5269.5,5.0,-0.5277777777777778,8692,-25.5,5268.5,25.5,5265.5,144.5,5258.5,229.5,5253.5,637.5,5229.5,391.0,5244.0,5244.0,391.0,AGG_SELL,,,,,,
0,869200,VEV_5500,-1,20.0,10.0,10.5,1.0,0.0,8692,-10.0,10.5,10.0,9.5,10.0,9.5,30.0,8.5,70.0,6.5,50.0,7.5,7.5,50.0,AGG_SELL,,,,,,
0,869700,VEV_5500,-1,2.0,10.0,10.5,1.0,0.0,8697,-1.0,10.5,1.0,9.5,3.0,8.5,3.0,8.5,7.0,6.5,5.0,7.5,7.5,5.0,AGG_SELL,,,,,,
0,870200,VELVETFRUIT_EXTRACT,-1,6.0,5270.0,5268.5,5.0,0.0,8702,42.0,5263.0,63.0,5259.5,81.0,5256.5,69.0,5258.5,264.0,5226.0,156.0,5244.0,5244.0,156.0,PASS_SELL,,,,,,
0,871100,VELVETFRUIT_EXTRACT,-1,4.0,5269.0,5267.0,6.0,0.0,8711,28.0,5262.0,38.0,5259.5,62.0,5253.5,34.0,5260.5,178.0,5224.5,100.0,5244.0,5244.0,100.0,PASS_SELL,,,,,,
0,871200,VELVETFRUIT_EXTRACT,1,9.0,5264.0,5263.0,2.0,0.7352941176470589,8712,-27.0,5261.0,-58.5,5257.5,-90.0,5254.0,-9.0,5263.0,-342.0,5226.0,-180.0,5244.0,5244.0,-180.0,AGG_BUY,,,,,,
0,871500,HYDROGEL_PACK,1,6.0,10000.0,9996.0,8.0,0.4,8715,30.0,10005.0,-30.0,9995.0,66.0,10011.0,-144.0,9976.0,81.0,10013.5,-252.0,9958.0,9958.0,-252.0,AGG_BUY,,,,,,
0,872000,VELVETFRUIT_EXTRACT,1,9.0,5261.0,5260.0,2.0,0.7692307692307693,8720,22.5,5263.5,-40.5,5256.5,-67.5,5253.5,13.5,5262.5,-292.5,5228.5,-153.0,5244.0,5244.0,-153.0,AGG_BUY,,,,,,
0,873100,HYDROGEL_PACK,-1,3.0,10011.0,10004.0,16.0,0.0,8731,13.5,10006.5,18.0,10005.0,-33.0,10022.0,72.0,9987.0,-30.0,10021.0,159.0,9958.0,9958.0,159.0,PASS_SELL,,,,,,
0,873700,VEV_4000,1,4.0,1262.0,1257.0,10.0,0.2727272727272727,8737,-10.0,1259.5,-12.0,1259.0,-46.0,1250.5,36.0,1271.0,-116.0,1233.0,-72.0,1244.0,1244.0,-72.0,AGG_BUY,,,,,,
0,873700,VEV_5000,1,4.0,267.0,266.0,2.0,0.38461538461538464,8737,-8.0,265.0,-12.0,264.0,-44.0,256.0,34.0,275.5,-108.0,240.0,-68.0,250.0,250.0,-68.0,AGG_BUY,,,,,,
0,874800,VELVETFRUIT_EXTRACT,1,9.0,5258.0,5257.5,1.0,0.47058823529411764,8748,13.5,5259.5,-22.5,5255.5,-58.5,5251.5,130.5,5272.5,-238.5,5231.5,-126.0,5244.0,5244.0,-126.0,AGG_BUY,,,,,,
0,878200,HYDROGEL_PACK,-1,5.0,10003.0,10007.5,9.0,-0.47368421052631576,8782,-35.0,10010.0,-95.0,10022.0,-152.5,10033.5,10.0,10001.0,-60.0,10015.0,225.0,9958.0,9958.0,225.0,AGG_SELL,,,,,,
0,880300,VELVETFRUIT_EXTRACT,-1,11.0,5256.0,5257.5,3.0,-0.7027027027027027,8803,16.5,5254.5,49.5,5251.5,38.5,5252.5,-143.0,5269.0,170.5,5240.5,132.0,5244.0,5244.0,132.0,AGG_SELL,,,,,,
0,881000,VELVETFRUIT_EXTRACT,1,9.0,5254.0,5253.0,2.0,0.41935483870967744,8810,-4.5,5253.5,-22.5,5251.5,4.5,5254.5,103.5,5265.5,-85.5,5244.5,-90.0,5244.0,5244.0,-90.0,AGG_BUY,,,,,,
0,882600,VELVETFRUIT_EXTRACT,1,10.0,5251.0,5250.5,1.0,0.25925925925925924,8826,-5.0,5250.5,-15.0,5249.5,80.0,5259.0,125.0,5263.5,-65.0,5244.5,-70.0,5244.0,5244.0,-70.0,AGG_BUY,,,,,,
0,882800,VELVETFRUIT_EXTRACT,1,8.0,5249.0,5251.0,6.0,0.0,8828,0.0,5249.0,-12.0,5247.5,84.0,5259.5,116.0,5263.5,-40.0,5244.0,-40.0,5244.0,5244.0,-40.0,PASS_BUY,,,,,,
0,883800,VELVETFRUIT_EXTRACT,1,6.0,5250.0,5249.0,2.0,0.8125,8838,9.0,5251.5,21.0,5253.5,12.0,5252.0,72.0,5262.0,-57.0,5240.5,-36.0,5244.0,5244.0,-36.0,AGG_BUY,,,,,,
0,884000,VEV_4000,1,5.0,1250.0,1245.0,10.0,0.375,8840,2.5,1250.5,12.5,1252.5,17.5,1253.5,57.5,1261.5,-37.5,1242.5,-30.0,1244.0,1244.0,-30.0,AGG_BUY,,,,,,
0,884000,VEV_5000,1,5.0,256.0,255.0,2.0,0.2857142857142857,8840,5.0,257.0,12.5,258.5,15.0,259.0,52.5,266.5,-35.0,249.0,-30.0,250.0,250.0,-30.0,AGG_BUY,,,,,,
0,884400,HYDROGEL_PACK,-1,11.0,10018.0,10026.0,16.0,0.0,8844,-66.0,10024.0,-198.0,10036.0,-33.0,10021.0,154.0,10004.0,231.0,9997.0,660.0,9958.0,9958.0,660.0,AGG_SELL,,,,,,
0,884700,HYDROGEL_PACK,-1,14.0,10019.0,10027.0,16.0,0.0,8847,-126.0,10028.0,-266.0,10038.0,28.0,10017.0,182.0,10006.0,308.0,9997.0,854.0,9958.0,9958.0,854.0,AGG_SELL,,,,,,
0,885100,HYDROGEL_PACK,-1,11.0,10020.0,10028.0,16.0,0.0,8851,-121.0,10031.0,-121.0,10031.0,66.0,10014.0,165.0,10005.0,264.0,9996.0,682.0,9958.0,9958.0,682.0,AGG_SELL,,,,,,
0,885700,HYDROGEL_PACK,-1,15.0,10020.0,10028.0,16.0,0.0,8857,-172.5,10031.5,-45.0,10023.0,45.0,10017.0,270.0,10002.0,390.0,9994.0,930.0,9958.0,9958.0,930.0,AGG_SELL,,,,,,
0,885800,HYDROGEL_PACK,-1,14.0,10021.0,10029.0,16.0,0.0,8858,-140.0,10031.0,-14.0,10022.0,70.0,10016.0,280.0,10001.0,392.0,9993.0,882.0,9958.0,9958.0,882.0,AGG_SELL,,,,,,
0,885800,VELVETFRUIT_EXTRACT,1,5.0,5251.0,5252.5,5.0,-0.46808510638297873,8858,5.0,5252.0,15.0,5254.0,47.5,5260.5,52.5,5261.5,-47.5,5241.5,-35.0,5244.0,5244.0,-35.0,PASS_BUY,,,,,,
0,885900,HYDROGEL_PACK,-1,15.0,10021.0,10029.0,16.0,0.0,8859,-135.0,10030.0,-0.0,10021.0,90.0,10015.0,337.5,9998.5,375.0,9996.0,945.0,9958.0,9958.0,945.0,AGG_SELL,,,,,,
0,886000,HYDROGEL_PACK,-1,13.0,10022.0,10030.0,16.0,0.0,8860,-130.0,10032.0,52.0,10018.0,104.0,10014.0,247.0,10003.0,338.0,9996.0,832.0,9958.0,9958.0,832.0,AGG_SELL,,,,,,
0,886100,HYDROGEL_PACK,-1,14.0,10023.0,10031.0,16.0,0.0,8861,-112.0,10031.0,42.0,10020.0,105.0,10015.5,266.0,10004.0,392.0,9995.0,910.0,9958.0,9958.0,910.0,AGG_SELL,,,,,,
0,886200,HYDROGEL_PACK,-1,12.0,10023.0,10031.0,16.0,0.0,8862,-102.0,10031.5,24.0,10021.0,132.0,10012.0,288.0,9999.0,336.0,9995.0,780.0,9958.0,9958.0,780.0,AGG_SELL,,,,,,
0,886200,HYDROGEL_PACK,-1,5.0,10038.0,10031.0,16.0,0.0,8862,32.5,10031.5,85.0,10021.0,130.0,10012.0,195.0,9999.0,215.0,9995.0,400.0,9958.0,9958.0,400.0,PASS_SELL,,,,,,
0,886300,HYDROGEL_PACK,-1,13.0,10026.0,10034.0,16.0,0.0,8863,-117.0,10035.0,52.0,10022.0,169.0,10013.0,364.0,9998.0,403.0,9995.0,884.0,9958.0,9958.0,884.0,AGG_SELL,,,,,,
0,886400,HYDROGEL_PACK,-1,13.0,10025.0,10033.0,16.0,0.0,8864,-104.0,10033.0,-32.5,10027.5,130.0,10015.0,325.0,10000.0,390.0,9995.0,871.0,9958.0,9958.0,871.0,AGG_SELL,,,,,,
0,886500,HYDROGEL_PACK,-1,10.0,10027.0,10035.0,16.0,0.0,8865,-30.0,10030.0,40.0,10023.0,120.0,10015.0,240.0,10003.0,300.0,9997.0,690.0,9958.0,9958.0,690.0,AGG_SELL,,,,,,
0,886600,HYDROGEL_PACK,-1,10.0,10025.0,10033.0,16.0,0.0,8866,-60.0,10031.0,10.0,10024.0,115.0,10013.5,220.0,10003.0,310.0,9994.0,670.0,9958.0,9958.0,670.0,AGG_SELL,,,,,,
0,886700,HYDROGEL_PACK,-1,11.0,10023.0,10031.5,17.0,0.0,8867,-77.0,10030.0,-11.0,10024.0,99.0,10014.0,209.0,10004.0,330.0,9993.0,715.0,9958.0,9958.0,715.0,AGG_SELL,,,,,,
0,886700,VELVETFRUIT_EXTRACT,1,6.0,5252.0,5251.0,2.0,0.8064516129032258,8867,-9.0,5250.5,39.0,5258.5,42.0,5259.0,42.0,5259.0,-54.0,5243.0,-48.0,5244.0,5244.0,-48.0,AGG_BUY,,,,,,
0,886800,HYDROGEL_PACK,-1,13.0,10023.0,10031.0,16.0,0.0,8868,-117.0,10032.0,-26.0,10025.0,130.0,10013.0,195.0,10008.0,377.0,9994.0,845.0,9958.0,9958.0,845.0,AGG_SELL,,,,,,
0,887000,HYDROGEL_PACK,-1,14.0,10024.0,10032.0,16.0,0.0,8870,-126.0,10033.0,-42.0,10027.0,245.0,10006.5,252.0,10006.0,420.0,9994.0,924.0,9958.0,9958.0,924.0,AGG_SELL,,,,,,
0,887100,HYDROGEL_PACK,-1,13.0,10023.0,10031.0,16.0,0.0,8871,-117.0,10032.0,-52.0,10027.0,143.0,10012.0,195.0,10008.0,305.5,9999.5,845.0,9958.0,9958.0,845.0,AGG_SELL,,,,,,
0,887200,HYDROGEL_PACK,-1,12.0,10023.0,10031.5,17.0,0.0,8872,-126.0,10033.5,-72.0,10029.0,96.0,10015.0,156.0,10010.0,324.0,9996.0,780.0,9958.0,9958.0,780.0,AGG_SELL,,,,,,
0,887200,VELVETFRUIT_EXTRACT,1,9.0,5250.0,5249.0,2.0,0.4375,8872,0.0,5250.0,94.5,5260.5,103.5,5261.5,99.0,5261.0,-22.5,5247.5,-54.0,5244.0,5244.0,-54.0,AGG_BUY,,,,,,
0,887300,HYDROGEL_PACK,-1,15.0,10027.0,10035.0,16.0,0.0,8873,-60.0,10031.0,-75.0,10032.0,195.0,10014.0,300.0,10007.0,465.0,9996.0,1035.0,9958.0,9958.0,1035.0,AGG_SELL,,,,,,
0,887400,HYDROGEL_PACK,-1,12.0,10025.0,10033.0,16.0,0.0,8874,-72.0,10031.0,-84.0,10032.0,108.0,10016.0,228.0,10006.0,360.0,9995.0,804.0,9958.0,9958.0,804.0,AGG_SELL,,,,,,
0,887600,HYDROGEL_PACK,-1,10.0,10023.0,10031.0,16.0,0.0,8876,-110.0,10034.0,-50.0,10028.0,90.0,10014.0,160.0,10007.0,270.0,9996.0,650.0,9958.0,9958.0,650.0,AGG_SELL,,,,,,
0,887800,HYDROGEL_PACK,-1,13.0,10024.0,10032.0,16.0,0.0,8878,-195.0,10039.0,-0.0,10024.0,78.0,10018.0,234.0,10006.0,351.0,9997.0,858.0,9958.0,9958.0,858.0,AGG_SELL,,,,,,
0,887800,VELVETFRUIT_EXTRACT,1,15.0,5248.0,5247.5,1.0,0.03225806451612903,8878,82.5,5253.5,172.5,5259.5,202.5,5261.5,157.5,5258.5,7.5,5248.5,-60.0,5244.0,5244.0,-60.0,AGG_BUY,,,,,,
0,887900,HYDROGEL_PACK,-1,14.0,10025.0,10033.0,16.0,0.0,8879,-196.0,10039.0,-0.0,10025.0,98.0,10018.0,224.0,10009.0,406.0,9996.0,938.0,9958.0,9958.0,938.0,AGG_SELL,,,,,,
0,888000,HYDROGEL_PACK,-1,10.0,10025.0,10033.0,16.0,0.0,8880,-140.0,10039.0,10.0,10024.0,50.0,10020.0,170.0,10008.0,280.0,9997.0,670.0,9958.0,9958.0,670.0,AGG_SELL,,,,,,
0,888100,HYDROGEL_PACK,-1,14.0,10024.0,10032.0,16.0,0.0,8881,-210.0,10039.0,42.0,10021.0,56.0,10020.0,238.0,10007.0,364.0,9998.0,924.0,9958.0,9958.0,924.0,AGG_SELL,,,,,,
0,888200,HYDROGEL_PACK,-1,11.0,10025.0,10033.5,17.0,0.0,8882,-176.0,10041.0,11.0,10024.0,88.0,10017.0,209.0,10006.0,319.0,9996.0,737.0,9958.0,9958.0,737.0,AGG_SELL,,,,,,
0,888500,HYDROGEL_PACK,-1,13.0,10026.0,10034.0,16.0,0.0,8885,-104.0,10034.0,13.0,10025.0,136.5,10015.5,260.0,10006.0,409.5,9994.5,884.0,9958.0,9958.0,884.0,AGG_SELL,,,,,,
0,888600,HYDROGEL_PACK,-1,5.0,10026.0,10034.0,16.0,0.0,8886,-60.0,10038.0,5.0,10025.0,60.0,10014.0,110.0,10004.0,135.0,9999.0,340.0,9958.0,9958.0,340.0,AGG_SELL,,,,,,
0,891500,VELVETFRUIT_EXTRACT,-1,10.0,5258.0,5259.5,3.0,-0.42857142857142855,8915,-5.0,5258.5,-25.0,5260.5,45.0,5253.5,80.0,5250.0,120.0,5246.0,140.0,5244.0,5244.0,140.0,AGG_SELL,,,,,,
0,893000,VELVETFRUIT_EXTRACT,-1,10.0,5259.0,5260.5,3.0,-0.3939393939393939,8930,55.0,5253.5,-15.0,5260.5,115.0,5247.5,105.0,5248.5,185.0,5240.5,150.0,5244.0,5244.0,150.0,AGG_SELL,,,,,,
0,893400,VELVETFRUIT_EXTRACT,1,8.0,5256.0,5255.0,2.0,0.4074074074074074,8934,-16.0,5254.0,44.0,5261.5,-84.0,5245.5,-52.0,5249.5,-124.0,5240.5,-96.0,5244.0,5244.0,-96.0,AGG_BUY,,,,,,
0,893500,VELVETFRUIT_EXTRACT,1,3.0,5255.0,5256.5,5.0,-0.5238095238095238,8935,-1.5,5254.5,19.5,5261.5,-28.5,5245.5,-15.0,5250.0,-43.5,5240.5,-33.0,5244.0,5244.0,-33.0,PASS_BUY,,,,,,
0,893800,VELVETFRUIT_EXTRACT,1,5.0,5253.0,5252.0,2.0,0.8245614035087719,8938,22.5,5257.5,47.5,5262.5,-42.5,5244.5,-12.5,5250.5,-57.5,5241.5,-45.0,5244.0,5244.0,-45.0,AGG_BUY,,,,,,
0,895100,VELVETFRUIT_EXTRACT,1,8.0,5255.0,5254.0,2.0,0.7922077922077922,8951,44.0,5260.5,8.0,5256.0,-132.0,5238.5,-68.0,5246.5,-52.0,5248.5,-88.0,5244.0,5244.0,-88.0,AGG_BUY,,,,,,
0,895800,VELVETFRUIT_EXTRACT,-1,5.0,5259.0,5260.5,3.0,-0.6551724137931034,8958,5.0,5258.0,22.5,5254.5,90.0,5241.0,65.0,5246.0,82.5,5242.5,75.0,5244.0,5244.0,75.0,AGG_SELL,,,,,,
0,895800,VEV_4000,1,3.0,1259.0,1254.0,10.0,0.5,8958,-3.0,1258.0,-13.5,1254.5,-54.0,1241.0,-37.5,1246.5,-49.5,1242.5,-45.0,1244.0,1244.0,-45.0,AGG_BUY,,,,,,
0,898800,HYDROGEL_PACK,1,5.0,10003.0,10010.0,16.0,0.0,8988,25.0,10008.0,-135.0,9976.0,-165.0,9970.0,15.0,10006.0,-175.0,9968.0,-225.0,9958.0,9958.0,-225.0,PASS_BUY,,,,,,
0,902400,HYDROGEL_PACK,1,14.0,9985.0,9977.0,16.0,0.0,9024,-182.0,9972.0,-49.0,9981.5,0.0,9985.0,448.0,10017.0,-378.0,9958.0,-378.0,9958.0,9958.0,-378.0,AGG_BUY,,,,,,
0,902900,HYDROGEL_PACK,1,7.0,9979.0,9975.0,8.0,0.2631578947368421,9029,-21.0,9976.0,7.0,9980.0,7.0,9980.0,294.0,10021.0,-147.0,9958.0,-147.0,9958.0,9958.0,-147.0,AGG_BUY,,,,,,
0,903000,VELVETFRUIT_EXTRACT,1,12.0,5248.0,5247.5,1.0,0.3333333333333333,9030,-72.0,5242.0,-42.0,5244.5,192.0,5264.0,-90.0,5240.5,-48.0,5244.0,-48.0,5244.0,5244.0,-48.0,AGG_BUY,,,,,,
0,903200,HYDROGEL_PACK,1,8.0,9977.0,9973.0,8.0,0.15789473684210525,9032,24.0,9980.0,40.0,9982.0,64.0,9985.0,304.0,10015.0,-152.0,9958.0,-152.0,9958.0,9958.0,-152.0,AGG_BUY,,,,,,
0,903400,HYDROGEL_PACK,1,11.0,9980.0,9972.0,16.0,0.0,9034,0.0,9980.0,5.5,9980.5,82.5,9987.5,423.5,10018.5,-242.0,9958.0,-242.0,9958.0,9958.0,-242.0,AGG_BUY,,,,,,
0,903500,HYDROGEL_PACK,1,12.0,9982.0,9974.0,16.0,0.0,9035,0.0,9982.0,-84.0,9975.0,0.0,9982.0,468.0,10021.0,-288.0,9958.0,-288.0,9958.0,9958.0,-288.0,AGG_BUY,,,,,,
0,903700,HYDROGEL_PACK,1,14.0,9981.0,9973.0,16.0,0.0,9037,42.0,9984.0,-140.0,9971.0,-14.0,9980.0,504.0,10017.0,-322.0,9958.0,-322.0,9958.0,9958.0,-322.0,AGG_BUY,,,,,,
0,904700,VELVETFRUIT_EXTRACT,1,7.0,5240.0,5241.5,5.0,-0.5802469135802469,9047,3.5,5240.5,42.0,5246.0,126.0,5258.0,-52.5,5232.5,28.0,5244.0,28.0,5244.0,5244.0,28.0,PASS_BUY,,,,,,
0,907000,HYDROGEL_PACK,1,12.0,9983.0,9975.0,16.0,0.0,9070,-78.0,9976.5,-12.0,9982.0,-192.0,9967.0,468.0,10022.0,-300.0,9958.0,-300.0,9958.0,9958.0,-300.0,AGG_BUY,,,,,,
0,907100,VELVETFRUIT_EXTRACT,-1,6.0,5245.0,5246.5,3.0,-0.8309859154929577,9071,-3.0,5245.5,-81.0,5258.5,-66.0,5256.0,102.0,5228.0,6.0,5244.0,6.0,5244.0,5244.0,6.0,AGG_SELL,,,,,,
0,907200,HYDROGEL_PACK,1,12.0,9983.0,9975.0,16.0,0.0,9072,-12.0,9982.0,-12.0,9982.0,-150.0,9970.5,456.0,10021.0,-300.0,9958.0,-300.0,9958.0,9958.0,-300.0,AGG_BUY,,,,,,
0,907300,VELVETFRUIT_EXTRACT,-1,14.0,5245.0,5246.5,3.0,-0.034482758620689655,9073,-21.0,5246.5,-203.0,5259.5,-147.0,5255.5,231.0,5228.5,14.0,5244.0,14.0,5244.0,5244.0,14.0,AGG_SELL,,,,,,
0,908000,HYDROGEL_PACK,1,4.0,9980.0,9976.5,7.0,0.4666666666666667,9080,-22.0,9974.5,16.0,9984.0,-64.0,9964.0,176.0,10024.0,-88.0,9958.0,-88.0,9958.0,9958.0,-88.0,AGG_BUY,,,,,,
0,908500,HYDROGEL_PACK,1,11.0,9983.0,9975.0,16.0,0.0,9085,22.0,9985.0,-11.0,9982.0,-176.0,9967.0,473.0,10026.0,-275.0,9958.0,-275.0,9958.0,9958.0,-275.0,AGG_BUY,,,,,,
0,908600,HYDROGEL_PACK,1,15.0,9979.0,9971.0,16.0,0.0,9086,105.0,9986.0,30.0,9981.0,-135.0,9970.0,690.0,10025.0,-315.0,9958.0,-315.0,9958.0,9958.0,-315.0,AGG_BUY,,,,,,
0,908700,HYDROGEL_PACK,1,15.0,9979.0,9971.0,16.0,0.0,9087,105.0,9986.0,15.0,9980.0,-165.0,9968.0,690.0,10025.0,-315.0,9958.0,-315.0,9958.0,9958.0,-315.0,AGG_BUY,,,,,,
0,908800,HYDROGEL_PACK,1,14.0,9978.0,9970.0,16.0,0.0,9088,140.0,9988.0,28.0,9980.0,-182.0,9965.0,686.0,10027.0,-280.0,9958.0,-280.0,9958.0,9958.0,-280.0,AGG_BUY,,,,,,
0,908800,VELVETFRUIT_EXTRACT,1,7.0,5244.0,5246.0,6.0,0.0,9088,0.0,5244.0,129.5,5262.5,70.0,5254.0,-80.5,5232.5,0.0,5244.0,0.0,5244.0,5244.0,0.0,PASS_BUY,,,,,,
0,908900,HYDROGEL_PACK,1,10.0,9980.0,9972.0,16.0,0.0,9089,90.0,9989.0,-30.0,9977.0,-130.0,9967.0,480.0,10028.0,-220.0,9958.0,-220.0,9958.0,9958.0,-220.0,AGG_BUY,,,,,,
0,909100,VELVETFRUIT_EXTRACT,1,3.0,5244.0,5245.5,5.0,-0.5161290322580645,9091,10.5,5247.5,54.0,5262.0,30.0,5254.0,-34.5,5232.5,0.0,5244.0,0.0,5244.0,5244.0,0.0,PASS_BUY,,,,,,
0,909600,VELVETFRUIT_EXTRACT,-1,5.0,5246.0,5247.5,3.0,-0.5833333333333334,9096,-17.5,5249.5,-67.5,5259.5,-52.5,5256.5,77.5,5230.5,10.0,5244.0,10.0,5244.0,5244.0,10.0,AGG_SELL,,,,,,
0,910900,HYDROGEL_PACK,1,5.0,9974.0,9981.0,16.0,0.0,9109,40.0,9982.0,-50.0,9964.0,25.0,9979.0,280.0,10030.0,-80.0,9958.0,-80.0,9958.0,9958.0,-80.0,PASS_BUY,,,,,,
0,912300,HYDROGEL_PACK,1,2.0,9976.0,9983.0,16.0,0.0,9123,20.0,9986.0,-16.0,9968.0,2.0,9977.0,94.0,10023.0,-36.0,9958.0,-36.0,9958.0,9958.0,-36.0,PASS_BUY,,,,,,
0,912400,VEV_4000,1,4.0,1259.0,1254.0,10.0,0.42857142857142855,9124,22.0,1264.5,-14.0,1255.5,18.0,1263.5,-82.0,1238.5,-60.0,1244.0,-60.0,1244.0,1244.0,-60.0,AGG_BUY,,,,,,
0,913000,VELVETFRUIT_EXTRACT,-1,12.0,5263.0,5264.0,2.0,-0.2,9130,48.0,5259.0,138.0,5251.5,-78.0,5269.5,306.0,5237.5,228.0,5244.0,228.0,5244.0,5244.0,228.0,AGG_SELL,,,,,,
0,913400,VELVETFRUIT_EXTRACT,-1,5.0,5266.0,5264.5,5.0,-0.5280898876404494,9134,37.5,5258.5,72.5,5251.5,-12.5,5268.5,142.5,5237.5,110.0,5244.0,110.0,5244.0,5244.0,110.0,PASS_SELL,,,,,,
0,913800,VELVETFRUIT_EXTRACT,1,7.0,5261.0,5262.5,5.0,0.0,9138,-21.0,5258.0,-49.0,5254.0,66.5,5270.5,-150.5,5239.5,-119.0,5244.0,-119.0,5244.0,5244.0,-119.0,PASS_BUY,,,,,,
0,914000,HYDROGEL_PACK,1,10.0,9983.0,9975.0,16.0,0.0,9140,-90.0,9974.0,-160.0,9967.0,-20.0,9981.0,410.0,10024.0,-250.0,9958.0,-250.0,9958.0,9958.0,-250.0,AGG_BUY,,,,,,
0,914000,VELVETFRUIT_EXTRACT,1,5.0,5260.0,5259.0,2.0,0.863013698630137,9140,-2.5,5259.5,-30.0,5254.0,52.5,5270.5,-100.0,5240.0,-80.0,5244.0,-80.0,5244.0,5244.0,-80.0,AGG_BUY,,,,,,
0,914100,HYDROGEL_PACK,1,10.0,9981.0,9973.0,16.0,0.0,9141,-90.0,9972.0,-120.0,9969.0,10.0,9982.0,400.0,10021.0,-230.0,9958.0,-230.0,9958.0,9958.0,-230.0,AGG_BUY,,,,,,
0,914200,HYDROGEL_PACK,1,7.0,9970.0,9966.5,7.0,0.17647058823529413,9142,14.0,9972.0,7.0,9971.0,84.0,9982.0,350.0,10020.0,-84.0,9958.0,-84.0,9958.0,9958.0,-84.0,AGG_BUY,,,,,,
0,914300,HYDROGEL_PACK,1,12.0,9978.0,9970.0,16.0,0.0,9143,-84.0,9971.0,-60.0,9973.0,84.0,9985.0,540.0,10023.0,-240.0,9958.0,-240.0,9958.0,9958.0,-240.0,AGG_BUY,,,,,,
0,914400,HYDROGEL_PACK,1,12.0,9979.0,9971.0,16.0,0.0,9144,-96.0,9971.0,-84.0,9972.0,84.0,9986.0,528.0,10023.0,-252.0,9958.0,-252.0,9958.0,9958.0,-252.0,AGG_BUY,,,,,,
0,914400,VELVETFRUIT_EXTRACT,1,7.0,5257.0,5258.5,5.0,0.475,9144,3.5,5257.5,-10.5,5255.5,122.5,5274.5,-115.5,5240.5,-91.0,5244.0,-91.0,5244.0,5244.0,-91.0,PASS_BUY,,,,,,
0,914500,HYDROGEL_PACK,1,12.0,9978.0,9970.0,16.0,0.0,9145,-144.0,9966.0,-120.0,9968.0,72.0,9984.0,564.0,10025.0,-240.0,9958.0,-240.0,9958.0,9958.0,-240.0,AGG_BUY,,,,,,
0,914600,HYDROGEL_PACK,1,11.0,9977.0,9969.0,16.0,0.0,9146,-99.0,9968.0,-99.0,9968.0,82.5,9984.5,572.0,10029.0,-209.0,9958.0,-209.0,9958.0,9958.0,-209.0,AGG_BUY,,,,,,
0,914700,HYDROGEL_PACK,1,10.0,9972.0,9968.0,8.0,0.047619047619047616,9147,-40.0,9968.0,-20.0,9970.0,150.0,9987.0,530.0,10025.0,-140.0,9958.0,-140.0,9958.0,9958.0,-140.0,AGG_BUY,,,,,,
0,915000,VELVETFRUIT_EXTRACT,1,7.0,5258.0,5259.5,5.0,-0.5277777777777778,9150,-10.5,5256.5,-3.5,5257.5,129.5,5276.5,-115.5,5241.5,-98.0,5244.0,-98.0,5244.0,5244.0,-98.0,PASS_BUY,,,,,,
0,915300,HYDROGEL_PACK,1,14.0,9979.0,9971.0,16.0,0.0,9153,-259.0,9960.5,-42.0,9976.0,182.0,9992.0,567.0,10019.5,-294.0,9958.0,-294.0,9958.0,9958.0,-294.0,AGG_BUY,,,,,,
0,915400,HYDROGEL_PACK,1,13.0,9979.0,9971.0,16.0,0.0,9154,-234.0,9961.0,13.0,9980.0,188.5,9993.5,585.0,10024.0,-273.0,9958.0,-273.0,9958.0,9958.0,-273.0,AGG_BUY,,,,,,
0,915500,HYDROGEL_PACK,1,6.0,9970.0,9966.0,8.0,0.42857142857142855,9155,-54.0,9961.0,48.0,9978.0,192.0,10002.0,318.0,10023.0,-72.0,9958.0,-72.0,9958.0,9958.0,-72.0,AGG_BUY,,,,,,
0,915600,HYDROGEL_PACK,1,15.0,9976.0,9968.0,16.0,0.0,9156,-225.0,9961.0,15.0,9977.0,390.0,10002.0,720.0,10024.0,-270.0,9958.0,-270.0,9958.0,9958.0,-270.0,AGG_BUY,,,,,,
0,915700,HYDROGEL_PACK,1,14.0,9976.0,9968.0,16.0,0.0,9157,-126.0,9967.0,0.0,9976.0,336.0,10000.0,630.0,10021.0,-252.0,9958.0,-252.0,9958.0,9958.0,-252.0,AGG_BUY,,,,,,
0,915800,HYDROGEL_PACK,1,12.0,9975.0,9967.0,16.0,0.0,9158,-120.0,9965.0,60.0,9980.0,300.0,10000.0,540.0,10020.0,-204.0,9958.0,-204.0,9958.0,9958.0,-204.0,AGG_BUY,,,,,,
0,915900,HYDROGEL_PACK,1,13.0,9972.0,9964.0,16.0,0.0,9159,-52.0,9968.0,91.0,9979.0,390.0,10002.0,624.0,10020.0,-182.0,9958.0,-182.0,9958.0,9958.0,-182.0,AGG_BUY,,,,,,
0,916000,HYDROGEL_PACK,1,14.0,9972.0,9964.0,16.0,0.0,9160,-70.0,9967.0,98.0,9979.0,378.0,9999.0,665.0,10019.5,-196.0,9958.0,-196.0,9958.0,9958.0,-196.0,AGG_BUY,,,,,,
0,916100,HYDROGEL_PACK,1,13.0,9972.0,9964.0,16.0,0.0,9161,-65.0,9967.0,91.0,9979.0,325.0,9997.0,598.0,10018.0,-182.0,9958.0,-182.0,9958.0,9958.0,-182.0,AGG_BUY,,,,,,
0,916200,HYDROGEL_PACK,1,15.0,9971.0,9963.0,16.0,0.0,9162,-7.5,9970.5,135.0,9980.0,390.0,9997.0,720.0,10019.0,-195.0,9958.0,-195.0,9958.0,9958.0,-195.0,AGG_BUY,,,,,,
0,916300,HYDROGEL_PACK,1,13.0,9968.0,9960.5,15.0,0.0,9163,0.0,9968.0,143.0,9979.0,416.0,10000.0,650.0,10018.0,-130.0,9958.0,-130.0,9958.0,9958.0,-130.0,AGG_BUY,,,,,,
0,916300,VELVETFRUIT_EXTRACT,-1,6.0,5258.0,5256.5,5.0,0.4473684210526316,9163,15.0,5255.5,-24.0,5262.0,-93.0,5273.5,114.0,5239.0,84.0,5244.0,84.0,5244.0,5244.0,84.0,PASS_SELL,,,,,,
0,916400,HYDROGEL_PACK,1,3.0,9969.0,9961.0,16.0,0.0,9164,-12.0,9965.0,27.0,9978.0,90.0,9999.0,150.0,10019.0,-33.0,9958.0,-33.0,9958.0,9958.0,-33.0,AGG_BUY,,,,,,
0,917000,VELVETFRUIT_EXTRACT,-1,4.0,5258.0,5256.5,5.0,-0.5121951219512195,9170,26.0,5251.5,-18.0,5262.5,-72.0,5276.0,88.0,5236.0,56.0,5244.0,56.0,5244.0,5244.0,56.0,PASS_SELL,,,,,,
0,918600,VEV_5200,-1,2.0,101.0,102.0,2.0,-0.84,9186,-3.0,102.5,-21.0,111.5,-27.0,114.5,29.0,86.5,11.0,95.5,11.0,95.5,95.5,11.0,AGG_SELL,,,,,,
0,919500,VEV_4000,1,4.0,1255.0,1250.0,10.0,0.42857142857142855,9195,10.0,1257.5,74.0,1273.5,70.0,1272.5,-100.0,1230.0,-44.0,1244.0,-44.0,1244.0,1244.0,-44.0,AGG_BUY,,,,,,
0,920600,VELVETFRUIT_EXTRACT,1,7.0,5255.0,5256.5,5.0,0.42857142857142855,9206,45.5,5261.5,119.0,5272.0,87.5,5267.5,-210.0,5225.0,-77.0,5244.0,-77.0,5244.0,5244.0,-77.0,PASS_BUY,,,,,,
0,923100,HYDROGEL_PACK,-1,5.0,9994.0,9987.0,16.0,0.0,9231,60.0,9982.0,-40.0,10002.0,-47.5,10003.5,-135.0,10021.0,180.0,9958.0,180.0,9958.0,9958.0,180.0,PASS_SELL,,,,,,
0,924900,HYDROGEL_PACK,-1,6.0,9996.0,9989.0,16.0,0.0,9249,-36.0,10002.0,-90.0,10011.0,-36.0,10002.0,-192.0,10028.0,228.0,9958.0,228.0,9958.0,9958.0,228.0,PASS_SELL,,,,,,
0,925100,VELVETFRUIT_EXTRACT,-1,4.0,5278.0,5276.5,5.0,-0.5,9251,22.0,5272.5,30.0,5270.5,66.0,5261.5,180.0,5233.0,136.0,5244.0,136.0,5244.0,5244.0,136.0,PASS_SELL,,,,,,
0,925200,VELVETFRUIT_EXTRACT,-1,4.0,5278.0,5276.0,6.0,0.0,9252,24.0,5272.0,38.0,5268.5,72.0,5260.0,176.0,5234.0,136.0,5244.0,136.0,5244.0,5244.0,136.0,PASS_SELL,,,,,,
0,925600,VELVETFRUIT_EXTRACT,1,6.0,5273.0,5272.0,2.0,0.7735849056603774,9256,12.0,5275.0,-33.0,5267.5,-69.0,5261.5,-237.0,5233.5,-174.0,5244.0,-174.0,5244.0,5244.0,-174.0,AGG_BUY,,,,,,
0,927300,VELVETFRUIT_EXTRACT,1,5.0,5275.0,5274.0,2.0,0.855072463768116,9273,15.0,5278.0,-42.5,5266.5,-62.5,5262.5,-197.5,5235.5,-155.0,5244.0,-155.0,5244.0,5244.0,-155.0,AGG_BUY,,,,,,
0,928400,HYDROGEL_PACK,-1,6.0,10007.0,10000.0,16.0,0.0,9284,78.0,9994.0,24.0,10003.0,-12.0,10009.0,-18.0,10010.0,294.0,9958.0,294.0,9958.0,9958.0,294.0,PASS_SELL,,,,,,
0,928800,VELVETFRUIT_EXTRACT,1,5.0,5274.0,5275.5,5.0,-0.5106382978723404,9288,-22.5,5269.5,-60.0,5262.0,-85.0,5257.0,-172.5,5239.5,-150.0,5244.0,-150.0,5244.0,5244.0,-150.0,PASS_BUY,,,,,,
0,929200,HYDROGEL_PACK,1,5.0,9996.0,9992.0,8.0,0.4444444444444444,9292,70.0,10010.0,25.0,10001.0,20.0,10000.0,70.0,10010.0,-190.0,9958.0,-190.0,9958.0,9958.0,-190.0,AGG_BUY,,,,,,
0,930300,HYDROGEL_PACK,-1,4.0,10007.0,10011.0,8.0,-0.4666666666666667,9303,20.0,10002.0,-0.0,10007.0,24.0,10001.0,-8.0,10009.0,196.0,9958.0,196.0,9958.0,9958.0,196.0,AGG_SELL,,,,,,
0,930900,VELVETFRUIT_EXTRACT,1,6.0,5265.0,5266.5,5.0,0.0,9309,-3.0,5264.5,-9.0,5263.5,-87.0,5250.5,-117.0,5245.5,-126.0,5244.0,-126.0,5244.0,5244.0,-126.0,PASS_BUY,,,,,,
0,932400,VELVETFRUIT_EXTRACT,1,8.0,5264.0,5263.0,2.0,0.7647058823529411,9324,-4.0,5263.5,-12.0,5262.5,-124.0,5248.5,-160.0,5244.0,-160.0,5244.0,-160.0,5244.0,5244.0,-160.0,AGG_BUY,,,,,,
0,933200,VELVETFRUIT_EXTRACT,-1,4.0,5265.0,5263.5,5.0,0.5348837209302325,9332,18.0,5260.5,24.0,5259.0,60.0,5250.0,90.0,5242.5,84.0,5244.0,84.0,5244.0,5244.0,84.0,PASS_SELL,,,,,,
0,935100,VELVETFRUIT_EXTRACT,1,4.0,5260.0,5261.5,5.0,0.0,9351,2.0,5260.5,-26.0,5253.5,-54.0,5246.5,-70.0,5242.5,-64.0,5244.0,-64.0,5244.0,5244.0,-64.0,PASS_BUY,,,,,,
0,935900,VELVETFRUIT_EXTRACT,-1,8.0,5262.0,5263.5,3.0,-0.4482758620689655,9359,12.0,5260.5,92.0,5250.5,132.0,5245.5,152.0,5243.0,144.0,5244.0,144.0,5244.0,5244.0,144.0,AGG_SELL,,,,,,
0,936200,VELVETFRUIT_EXTRACT,1,7.0,5258.0,5260.0,6.0,0.0,9362,21.0,5261.0,-52.5,5250.5,-80.5,5246.5,-108.5,5242.5,-98.0,5244.0,-98.0,5244.0,5244.0,-98.0,PASS_BUY,,,,,,
0,936700,VELVETFRUIT_EXTRACT,1,7.0,5260.0,5259.0,2.0,0.8271604938271605,9367,-3.5,5259.5,-70.0,5250.0,-126.0,5242.0,-119.0,5243.0,-112.0,5244.0,-112.0,5244.0,5244.0,-112.0,AGG_BUY,,,,,,
0,937400,VELVETFRUIT_EXTRACT,-1,3.0,5264.0,5262.5,5.0,0.4025974025974026,9374,22.5,5256.5,46.5,5248.5,64.5,5242.5,46.5,5248.5,60.0,5244.0,60.0,5244.0,5244.0,60.0,PASS_SELL,,,,,,
0,937600,VELVETFRUIT_EXTRACT,1,3.0,5259.0,5260.5,5.0,0.5454545454545454,9376,-7.5,5256.5,-31.5,5248.5,-43.5,5244.5,-36.0,5247.0,-45.0,5244.0,-45.0,5244.0,5244.0,-45.0,PASS_BUY,,,,,,
0,938300,VELVETFRUIT_EXTRACT,1,4.0,5255.0,5257.0,6.0,0.0,9383,-6.0,5253.5,-22.0,5249.5,-42.0,5244.5,-38.0,5245.5,-44.0,5244.0,-44.0,5244.0,5244.0,-44.0,PASS_BUY,,,,,,
0,938600,VELVETFRUIT_EXTRACT,1,6.0,5255.0,5256.5,5.0,0.5319148936170213,9386,-12.0,5253.0,-27.0,5250.5,-69.0,5243.5,-51.0,5246.5,-66.0,5244.0,-66.0,5244.0,5244.0,-66.0,PASS_BUY,,,,,,
0,940000,VEV_5200,-1,2.0,100.0,101.0,2.0,-0.8709677419354839,9400,1.0,99.5,7.0,96.5,19.0,90.5,11.0,94.5,9.0,95.5,9.0,95.5,95.5,9.0,AGG_SELL,,,,,,
0,940700,HYDROGEL_PACK,-1,3.0,10007.0,10000.0,16.0,0.0,9407,-0.0,10007.0,-3.0,10008.0,-18.0,10013.0,27.0,9998.0,147.0,9958.0,147.0,9958.0,9958.0,147.0,PASS_SELL,,,,,,
0,941200,VEV_4000,1,1.0,1250.0,1245.0,10.0,0.6,9412,0.5,1250.5,-3.5,1246.5,-10.5,1239.5,-5.5,1244.5,-6.0,1244.0,-6.0,1244.0,1244.0,-6.0,AGG_BUY,,,,,,
0,941300,HYDROGEL_PACK,-1,4.0,10005.0,10009.5,9.0,-0.5,9413,-0.0,10005.0,-36.0,10014.0,-40.0,10015.0,48.0,9993.0,188.0,9958.0,188.0,9958.0,9958.0,188.0,AGG_SELL,,,,,,
0,941800,VELVETFRUIT_EXTRACT,1,12.0,5248.0,5247.0,2.0,0.6842105263157895,9418,18.0,5249.5,-54.0,5243.5,-120.0,5238.0,-42.0,5244.5,-48.0,5244.0,-48.0,5244.0,5244.0,-48.0,AGG_BUY,,,,,,
0,942000,HYDROGEL_PACK,-1,2.0,10009.0,10002.0,16.0,0.0,9420,6.0,10006.0,8.0,10005.0,-8.0,10013.0,24.0,9997.0,102.0,9958.0,102.0,9958.0,9958.0,102.0,PASS_SELL,,,,,,
0,947500,VELVETFRUIT_EXTRACT,1,8.0,5242.0,5241.0,2.0,0.7681159420289855,9475,4.0,5242.5,-12.0,5240.5,-100.0,5229.5,36.0,5246.5,16.0,5244.0,16.0,5244.0,5244.0,16.0,AGG_BUY,,,,,,
0,949500,VELVETFRUIT_EXTRACT,-1,6.0,5245.0,5243.5,5.0,-0.5555555555555556,9495,15.0,5242.5,69.0,5233.5,75.0,5232.5,3.0,5244.5,6.0,5244.0,6.0,5244.0,5244.0,6.0,PASS_SELL,,,,,,
0,949600,HYDROGEL_PACK,-1,4.0,10014.0,10007.0,16.0,0.0,9496,4.0,10013.0,-20.0,10019.0,-70.0,10031.5,216.0,9960.0,224.0,9958.0,224.0,9958.0,9958.0,224.0,PASS_SELL,,,,,,
0,949700,HYDROGEL_PACK,-1,4.0,10005.0,10009.5,9.0,-0.4666666666666667,9497,-32.0,10013.0,-56.0,10019.0,-92.0,10028.0,196.0,9956.0,188.0,9958.0,188.0,9958.0,9958.0,188.0,AGG_SELL,,,,,,
0,950400,VELVETFRUIT_EXTRACT,-1,12.0,5243.0,5244.5,3.0,-0.6619718309859155,9504,66.0,5237.5,156.0,5230.0,102.0,5234.5,-12.0,5244.0,-12.0,5244.0,-12.0,5244.0,5244.0,-12.0,AGG_SELL,,,,,,
0,950600,HYDROGEL_PACK,-1,4.0,10020.0,10013.0,16.0,0.0,9506,16.0,10016.0,-28.0,10027.0,-40.0,10030.0,248.0,9958.0,248.0,9958.0,248.0,9958.0,9958.0,248.0,PASS_SELL,,,,,,
0,951600,VELVETFRUIT_EXTRACT,1,5.0,5237.0,5238.5,5.0,-0.47368421052631576,9516,22.5,5241.5,-42.5,5228.5,-7.5,5235.5,35.0,5244.0,35.0,5244.0,35.0,5244.0,5244.0,35.0,PASS_BUY,,,,,,
0,952000,VELVETFRUIT_EXTRACT,-1,7.0,5241.0,5239.5,5.0,-0.6049382716049383,9520,3.5,5240.5,101.5,5226.5,35.0,5236.0,-21.0,5244.0,-21.0,5244.0,-21.0,5244.0,5244.0,-21.0,PASS_SELL,,,,,,
0,952700,VELVETFRUIT_EXTRACT,-1,10.0,5241.0,5242.5,3.0,-0.7142857142857143,9527,55.0,5235.5,115.0,5229.5,65.0,5234.5,-30.0,5244.0,-30.0,5244.0,-30.0,5244.0,5244.0,-30.0,AGG_SELL,,,,,,
0,952900,VELVETFRUIT_EXTRACT,-1,7.0,5239.0,5240.5,3.0,-0.8181818181818182,9529,31.5,5234.5,59.5,5230.5,24.5,5235.5,-35.0,5244.0,-35.0,5244.0,-35.0,5244.0,5244.0,-35.0,AGG_SELL,,,,,,
0,955100,VELVETFRUIT_EXTRACT,1,8.0,5227.0,5229.0,6.0,0.0,9551,4.0,5227.5,52.0,5233.5,108.0,5240.5,136.0,5244.0,136.0,5244.0,136.0,5244.0,5244.0,136.0,PASS_BUY,,,,,,
0,955600,HYDROGEL_PACK,-1,11.0,10019.0,10027.0,16.0,0.0,9556,-88.0,10027.0,-121.0,10030.0,-55.0,10024.0,671.0,9958.0,671.0,9958.0,671.0,9958.0,9958.0,671.0,AGG_SELL,,,,,,
0,955700,HYDROGEL_PACK,-1,13.0,10020.0,10028.0,16.0,0.0,9557,-65.0,10025.0,-156.0,10032.0,-13.0,10021.0,806.0,9958.0,806.0,9958.0,806.0,9958.0,9958.0,806.0,AGG_SELL,,,,,,
0,956300,HYDROGEL_PACK,-1,14.0,10019.0,10027.0,16.0,0.0,9563,14.0,10018.0,-98.0,10026.0,14.0,10018.0,854.0,9958.0,854.0,9958.0,854.0,9958.0,9958.0,854.0,AGG_SELL,,,,,,
0,956400,HYDROGEL_PACK,-1,12.0,10021.0,10029.0,16.0,0.0,9564,-0.0,10021.0,-72.0,10027.0,24.0,10019.0,756.0,9958.0,756.0,9958.0,756.0,9958.0,9958.0,756.0,AGG_SELL,,,,,,
0,956500,HYDROGEL_PACK,-1,13.0,10021.0,10029.0,16.0,0.0,9565,-13.0,10022.0,-71.5,10026.5,52.0,10017.0,819.0,9958.0,819.0,9958.0,819.0,9958.0,9958.0,819.0,AGG_SELL,,,,,,
0,958800,HYDROGEL_PACK,-1,14.0,10019.0,10027.0,16.0,0.0,9588,-168.0,10031.0,-42.0,10022.0,140.0,10009.0,854.0,9958.0,854.0,9958.0,854.0,9958.0,9958.0,854.0,AGG_SELL,,,,,,
0,958900,HYDROGEL_PACK,-1,15.0,10020.0,10028.0,16.0,0.0,9589,-97.5,10026.5,-60.0,10024.0,120.0,10012.0,930.0,9958.0,930.0,9958.0,930.0,9958.0,9958.0,930.0,AGG_SELL,,,,,,
0,958900,VELVETFRUIT_EXTRACT,1,7.0,5229.0,5230.5,5.0,0.44,9589,28.0,5233.0,80.5,5240.5,10.5,5230.5,105.0,5244.0,105.0,5244.0,105.0,5244.0,5244.0,105.0,PASS_BUY,,,,,,
0,959000,HYDROGEL_PACK,-1,12.0,10024.0,10032.0,16.0,0.0,9590,-36.0,10027.0,-0.0,10024.0,120.0,10014.0,792.0,9958.0,792.0,9958.0,792.0,9958.0,9958.0,792.0,AGG_SELL,,,,,,
0,959100,HYDROGEL_PACK,-1,10.0,10025.0,10033.0,16.0,0.0,9591,-40.0,10029.0,40.0,10021.0,110.0,10014.0,670.0,9958.0,670.0,9958.0,670.0,9958.0,9958.0,670.0,AGG_SELL,,,,,,
0,959200,HYDROGEL_PACK,-1,12.0,10022.0,10030.0,16.0,0.0,9592,-120.0,10032.0,24.0,10020.0,132.0,10011.0,768.0,9958.0,768.0,9958.0,768.0,9958.0,9958.0,768.0,AGG_SELL,,,,,,
0,959300,HYDROGEL_PACK,-1,14.0,10021.0,10029.5,17.0,0.0,9593,-168.0,10033.0,-28.0,10023.0,140.0,10011.0,882.0,9958.0,882.0,9958.0,882.0,9958.0,9958.0,882.0,AGG_SELL,,,,,,
0,959400,HYDROGEL_PACK,-1,14.0,10022.0,10030.0,16.0,0.0,9594,-126.0,10031.0,-14.0,10023.0,196.0,10008.0,896.0,9958.0,896.0,9958.0,896.0,9958.0,9958.0,896.0,AGG_SELL,,,,,,
0,959400,VELVETFRUIT_EXTRACT,1,9.0,5232.0,5231.0,2.0,0.7230769230769231,9594,22.5,5234.5,76.5,5240.5,-22.5,5229.5,108.0,5244.0,108.0,5244.0,108.0,5244.0,5244.0,108.0,AGG_BUY,,,,,,
0,959600,HYDROGEL_PACK,-1,10.0,10027.0,10031.5,9.0,-0.2,9596,-30.0,10030.0,-20.0,10029.0,170.0,10010.0,690.0,9958.0,690.0,9958.0,690.0,9958.0,9958.0,690.0,AGG_SELL,,,,,,
0,959800,HYDROGEL_PACK,-1,4.0,10027.0,10031.0,8.0,-0.5294117647058824,9598,-12.0,10030.0,20.0,10022.0,64.0,10011.0,276.0,9958.0,276.0,9958.0,276.0,9958.0,9958.0,276.0,AGG_SELL,,,,,,
0,960100,HYDROGEL_PACK,-1,11.0,10021.0,10029.0,16.0,0.0,9601,-88.0,10029.0,11.0,10020.0,99.0,10012.0,693.0,9958.0,693.0,9958.0,693.0,9958.0,9958.0,693.0,AGG_SELL,,,,,,
0,960200,HYDROGEL_PACK,-1,14.0,10024.0,10032.0,16.0,0.0,9602,-56.0,10028.0,56.0,10020.0,154.0,10013.0,924.0,9958.0,924.0,9958.0,924.0,9958.0,9958.0,924.0,AGG_SELL,,,,,,
0,960300,HYDROGEL_PACK,-1,11.0,10025.0,10033.0,16.0,0.0,9603,-11.0,10026.0,60.5,10019.5,165.0,10010.0,737.0,9958.0,737.0,9958.0,737.0,9958.0,9958.0,737.0,AGG_SELL,,,,,,
0,960400,HYDROGEL_PACK,-1,14.0,10023.0,10031.0,16.0,0.0,9604,-56.0,10027.0,-14.0,10024.0,112.0,10015.0,910.0,9958.0,910.0,9958.0,910.0,9958.0,9958.0,910.0,AGG_SELL,,,,,,
0,960500,HYDROGEL_PACK,-1,14.0,10023.0,10031.0,16.0,0.0,9605,-49.0,10026.5,-0.0,10023.0,112.0,10015.0,910.0,9958.0,910.0,9958.0,910.0,9958.0,9958.0,910.0,AGG_SELL,,,,,,
0,960600,VELVETFRUIT_EXTRACT,1,5.0,5232.0,5233.5,5.0,0.0,9606,17.5,5235.5,25.0,5237.0,-35.0,5225.0,60.0,5244.0,60.0,5244.0,60.0,5244.0,5244.0,60.0,PASS_BUY,,,,,,
0,960700,HYDROGEL_PACK,-1,12.0,10024.0,10032.0,16.0,0.0,9607,-24.0,10026.0,36.0,10021.0,144.0,10012.0,792.0,9958.0,792.0,9958.0,792.0,9958.0,9958.0,792.0,AGG_SELL,,,,,,
0,961000,HYDROGEL_PACK,-1,11.0,10023.0,10031.0,16.0,0.0,9610,-22.0,10025.0,38.5,10019.5,66.0,10017.0,715.0,9958.0,715.0,9958.0,715.0,9958.0,9958.0,715.0,AGG_SELL,,,,,,
0,961200,VELVETFRUIT_EXTRACT,1,8.0,5231.0,5233.0,6.0,0.0,9612,44.0,5236.5,60.0,5238.5,-40.0,5226.0,104.0,5244.0,104.0,5244.0,104.0,5244.0,5244.0,104.0,PASS_BUY,,,,,,
0,964600,HYDROGEL_PACK,-1,9.0,10025.0,10029.0,8.0,-0.14285714285714285,9646,9.0,10024.0,135.0,10010.0,-36.0,10029.0,603.0,9958.0,603.0,9958.0,603.0,9958.0,9958.0,603.0,AGG_SELL,,,,,,
0,965600,VELVETFRUIT_EXTRACT,1,8.0,5238.0,5237.0,2.0,0.7922077922077922,9656,-8.0,5237.0,-104.0,5225.0,-36.0,5233.5,48.0,5244.0,48.0,5244.0,48.0,5244.0,5244.0,48.0,AGG_BUY,,,,,,
0,967500,VELVETFRUIT_EXTRACT,1,8.0,5232.0,5231.0,2.0,0.8,9675,-4.0,5231.5,-20.0,5229.5,20.0,5234.5,96.0,5244.0,96.0,5244.0,96.0,5244.0,5244.0,96.0,AGG_BUY,,,,,,
0,968800,VELVETFRUIT_EXTRACT,1,5.0,5231.0,5230.0,2.0,0.6428571428571429,9688,-7.5,5229.5,17.5,5234.5,42.5,5239.5,65.0,5244.0,65.0,5244.0,65.0,5244.0,5244.0,65.0,AGG_BUY,,,,,,
0,970300,VELVETFRUIT_EXTRACT,1,19.0,5227.0,5224.5,5.0,0.4722222222222222,9703,-19.0,5226.0,152.0,5235.0,256.5,5240.5,323.0,5244.0,323.0,5244.0,323.0,5244.0,5244.0,323.0,AGG_BUY,,,,,,
0,971300,VELVETFRUIT_EXTRACT,-1,3.0,5228.0,5226.0,6.0,0.0,9713,-1.5,5228.5,-22.5,5235.5,-46.5,5243.5,-48.0,5244.0,-48.0,5244.0,-48.0,5244.0,5244.0,-48.0,PASS_SELL,,,,,,
0,973500,HYDROGEL_PACK,-1,11.0,10018.0,10026.0,16.0,0.0,9735,-121.0,10029.0,99.0,10009.0,220.0,9998.0,660.0,9958.0,660.0,9958.0,660.0,9958.0,9958.0,660.0,AGG_SELL,,,,,,
0,973600,HYDROGEL_PACK,-1,11.0,10018.0,10026.0,16.0,0.0,9736,-121.0,10029.0,71.5,10011.5,220.0,9998.0,660.0,9958.0,660.0,9958.0,660.0,9958.0,9958.0,660.0,AGG_SELL,,,,,,
0,973700,HYDROGEL_PACK,-1,11.0,10022.0,10030.0,16.0,0.0,9737,-77.0,10029.0,121.0,10011.0,275.0,9997.0,704.0,9958.0,704.0,9958.0,704.0,9958.0,9958.0,704.0,AGG_SELL,,,,,,
0,974000,HYDROGEL_PACK,-1,14.0,10019.0,10027.0,16.0,0.0,9740,-84.0,10025.0,112.0,10011.0,294.0,9998.0,854.0,9958.0,854.0,9958.0,854.0,9958.0,9958.0,854.0,AGG_SELL,,,,,,
0,974500,HYDROGEL_PACK,-1,11.0,10021.0,10029.0,16.0,0.0,9745,-44.0,10025.0,176.0,10005.0,297.0,9994.0,693.0,9958.0,693.0,9958.0,693.0,9958.0,9958.0,693.0,AGG_SELL,,,,,,
0,974600,HYDROGEL_PACK,-1,13.0,10021.0,10029.0,16.0,0.0,9746,-52.0,10025.0,195.0,10006.0,338.0,9995.0,819.0,9958.0,819.0,9958.0,819.0,9958.0,9958.0,819.0,AGG_SELL,,,,,,
0,974700,HYDROGEL_PACK,-1,14.0,10021.0,10029.0,16.0,0.0,9747,-28.0,10023.0,210.0,10006.0,336.0,9997.0,882.0,9958.0,882.0,9958.0,882.0,9958.0,9958.0,882.0,AGG_SELL,,,,,,
0,976600,VELVETFRUIT_EXTRACT,1,7.0,5232.0,5234.0,6.0,0.0,9766,17.5,5234.5,87.5,5244.5,84.0,5244.0,84.0,5244.0,84.0,5244.0,84.0,5244.0,5244.0,84.0,PASS_BUY,,,,,,
0,976900,HYDROGEL_PACK,-1,8.0,10014.0,10018.0,8.0,-0.2,9769,-0.0,10014.0,104.0,10001.0,144.0,9996.0,448.0,9958.0,448.0,9958.0,448.0,9958.0,9958.0,448.0,AGG_SELL,,,,,,
0,978300,VELVETFRUIT_EXTRACT,-1,5.0,5240.0,5238.5,5.0,-0.4523809523809524,9783,10.0,5238.0,-12.5,5242.5,-27.5,5245.5,-20.0,5244.0,-20.0,5244.0,-20.0,5244.0,5244.0,-20.0,PASS_SELL,,,,,,
0,979300,HYDROGEL_PACK,-1,4.0,10009.0,10013.5,9.0,-0.4666666666666667,9793,-0.0,10009.0,44.0,9998.0,48.0,9997.0,204.0,9958.0,204.0,9958.0,204.0,9958.0,9958.0,204.0,AGG_SELL,,,,,,
0,979500,VELVETFRUIT_EXTRACT,-1,5.0,5238.0,5239.5,3.0,-0.8484848484848485,9795,-27.5,5243.5,-22.5,5242.5,-40.0,5246.0,-30.0,5244.0,-30.0,5244.0,-30.0,5244.0,5244.0,-30.0,AGG_SELL,,,,,,
0,980200,VELVETFRUIT_EXTRACT,-1,7.0,5239.0,5240.5,3.0,-0.8108108108108109,9802,-35.0,5244.0,-24.5,5242.5,-45.5,5245.5,-35.0,5244.0,-35.0,5244.0,-35.0,5244.0,5244.0,-35.0,AGG_SELL,,,,,,
0,980400,HYDROGEL_PACK,1,2.0,9997.0,10004.0,16.0,0.0,9804,10.0,10002.0,4.0,9999.0,-2.0,9996.0,-78.0,9958.0,-78.0,9958.0,-78.0,9958.0,9958.0,-78.0,PASS_BUY,,,,,,
0,981600,HYDROGEL_PACK,1,4.0,9997.0,9993.5,7.0,0.5,9816,-16.0,9993.0,-12.0,9994.0,-16.0,9993.0,-156.0,9958.0,-156.0,9958.0,-156.0,9958.0,9958.0,-156.0,AGG_BUY,,,,,,
0,984900,VELVETFRUIT_EXTRACT,1,4.0,5240.0,5241.5,5.0,0.0,9849,12.0,5243.0,14.0,5243.5,34.0,5248.5,16.0,5244.0,16.0,5244.0,16.0,5244.0,5244.0,16.0,PASS_BUY,,,,,,
0,985800,VELVETFRUIT_EXTRACT,1,5.0,5240.0,5241.5,5.0,0.5,9858,27.5,5245.5,15.0,5243.0,12.5,5242.5,20.0,5244.0,20.0,5244.0,20.0,5244.0,5244.0,20.0,PASS_BUY,,,,,,
0,986900,VELVETFRUIT_EXTRACT,-1,8.0,5249.0,5247.5,5.0,0.0,9869,12.0,5247.5,44.0,5243.5,56.0,5242.0,40.0,5244.0,40.0,5244.0,40.0,5244.0,5244.0,40.0,PASS_SELL,,,,,,
0,987800,VELVETFRUIT_EXTRACT,-1,6.0,5247.0,5248.5,3.0,-0.5714285714285714,9878,6.0,5246.0,45.0,5239.5,9.0,5245.5,18.0,5244.0,18.0,5244.0,18.0,5244.0,5244.0,18.0,AGG_SELL,,,,,,
0,988300,HYDROGEL_PACK,1,4.0,9995.0,9991.5,7.0,0.5294117647058824,9883,8.0,9997.0,-56.0,9981.0,-128.0,9963.0,-148.0,9958.0,-148.0,9958.0,-148.0,9958.0,9958.0,-148.0,AGG_BUY,,,,,,
0,989900,VELVETFRUIT_EXTRACT,1,4.0,5242.0,5243.5,5.0,-0.5952380952380952,9899,6.0,5243.5,26.0,5248.5,8.0,5244.0,8.0,5244.0,8.0,5244.0,8.0,5244.0,5244.0,8.0,PASS_BUY,,,,,,
0,990400,HYDROGEL_PACK,1,4.0,9989.0,9996.0,16.0,0.0,9904,24.0,9995.0,-40.0,9979.0,-124.0,9958.0,-124.0,9958.0,-124.0,9958.0,-124.0,9958.0,9958.0,-124.0,PASS_BUY,,,,,,
0,992100,HYDROGEL_PACK,1,8.0,9993.0,9989.0,8.0,0.15789473684210525,9921,-48.0,9987.0,-120.0,9978.0,-280.0,9958.0,-280.0,9958.0,-280.0,9958.0,-280.0,9958.0,9958.0,-280.0,AGG_BUY,,,,,,
0,992300,VEV_5200,-1,9.0,92.0,93.0,2.0,0.0,9923,-13.5,93.5,-27.0,95.0,-31.5,95.5,-31.5,95.5,-31.5,95.5,-31.5,95.5,95.5,-31.5,AGG_SELL,,,,,,
0,992800,HYDROGEL_PACK,1,10.0,9991.0,9987.5,7.0,0.0,9928,-90.0,9982.0,-170.0,9974.0,-330.0,9958.0,-330.0,9958.0,-330.0,9958.0,-330.0,9958.0,9958.0,-330.0,AGG_BUY,,,,,,
0,993500,HYDROGEL_PACK,1,13.0,9986.0,9978.0,16.0,0.0,9935,-26.0,9984.0,-247.0,9967.0,-364.0,9958.0,-364.0,9958.0,-364.0,9958.0,-364.0,9958.0,9958.0,-364.0,AGG_BUY,,,,,,
0,993900,VELVETFRUIT_EXTRACT,-1,12.0,5242.0,5243.5,3.0,-0.3142857142857143,9939,-78.0,5248.5,-12.0,5243.0,-24.0,5244.0,-24.0,5244.0,-24.0,5244.0,-24.0,5244.0,5244.0,-24.0,AGG_SELL,,,,,,
0,995600,HYDROGEL_PACK,1,10.0,9983.0,9975.0,16.0,0.0,9956,-50.0,9978.0,-250.0,9958.0,-250.0,9958.0,-250.0,9958.0,-250.0,9958.0,-250.0,9958.0,9958.0,-250.0,AGG_BUY,,,,,,
0,995800,HYDROGEL_PACK,1,11.0,9983.0,9975.0,16.0,0.0,9958,-55.0,9978.0,-275.0,9958.0,-275.0,9958.0,-275.0,9958.0,-275.0,9958.0,-275.0,9958.0,9958.0,-275.0,AGG_BUY,,,,,,
0,996100,HYDROGEL_PACK,1,4.0,9980.0,9976.0,8.0,0.5,9961,-8.0,9978.0,-88.0,9958.0,-88.0,9958.0,-88.0,9958.0,-88.0,9958.0,-88.0,9958.0,9958.0,-88.0,AGG_BUY,,,,,,
0,996500,VEV_5200,-1,10.0,93.0,94.5,3.0,-0.5238095238095238,9965,-35.0,96.5,-25.0,95.5,-25.0,95.5,-25.0,95.5,-25.0,95.5,-25.0,95.5,95.5,-25.0,AGG_SELL,,,,,,
0,997000,HYDROGEL_PACK,1,5.0,9978.0,9981.5,9.0,-0.18181818181818182,9970,-30.0,9972.0,-100.0,9958.0,-100.0,9958.0,-100.0,9958.0,-100.0,9958.0,-100.0,9958.0,9958.0,-100.0,PASS_BUY,,,,,,
0,997400,VEV_5200,-1,10.0,95.0,96.0,2.0,0.0,9974,-5.0,95.5,-5.0,95.5,-5.0,95.5,-5.0,95.5,-5.0,95.5,-5.0,95.5,95.5,-5.0,AGG_SELL,,,,,,
0,997900,HYDROGEL_PACK,1,12.0,9980.0,9972.0,16.0,0.0,9979,-120.0,9970.0,-264.0,9958.0,-264.0,9958.0,-264.0,9958.0,-264.0,9958.0,-264.0,9958.0,9958.0,-264.0,AGG_BUY,,,,,,
0,998000,HYDROGEL_PACK,1,15.0,9980.0,9972.0,16.0,0.0,9980,-105.0,9973.0,-330.0,9958.0,-330.0,9958.0,-330.0,9958.0,-330.0,9958.0,-330.0,9958.0,9958.0,-330.0,AGG_BUY,,,,,,
0,998100,HYDROGEL_PACK,1,15.0,9977.0,9969.0,16.0,0.0,9981,-105.0,9970.0,-285.0,9958.0,-285.0,9958.0,-285.0,9958.0,-285.0,9958.0,-285.0,9958.0,9958.0,-285.0,AGG_BUY,,,,,,
0,998200,HYDROGEL_PACK,1,15.0,9975.0,9967.0,16.0,0.0,9982,-120.0,9967.0,-255.0,9958.0,-255.0,9958.0,-255.0,9958.0,-255.0,9958.0,-255.0,9958.0,9958.0,-255.0,AGG_BUY,,,,,,
0,998300,HYDROGEL_PACK,1,12.0,9971.0,9963.0,16.0,0.0,9983,-84.0,9964.0,-156.0,9958.0,-156.0,9958.0,-156.0,9958.0,-156.0,9958.0,-156.0,9958.0,9958.0,-156.0,AGG_BUY,,,,,,
0,998400,HYDROGEL_PACK,1,11.0,9974.0,9966.0,16.0,0.0,9984,-121.0,9963.0,-176.0,9958.0,-176.0,9958.0,-176.0,9958.0,-176.0,9958.0,-176.0,9958.0,9958.0,-176.0,AGG_BUY,,,,,,
0,998500,HYDROGEL_PACK,1,13.0,9975.0,9967.0,16.0,0.0,9985,-208.0,9959.0,-221.0,9958.0,-221.0,9958.0,-221.0,9958.0,-221.0,9958.0,-221.0,9958.0,9958.0,-221.0,AGG_BUY,,,,,,
0,998600,HYDROGEL_PACK,1,13.0,9973.0,9965.0,16.0,0.0,9986,-169.0,9960.0,-195.0,9958.0,-195.0,9958.0,-195.0,9958.0,-195.0,9958.0,-195.0,9958.0,9958.0,-195.0,AGG_BUY,,,,,,
0,998700,HYDROGEL_PACK,1,10.0,9976.0,9968.0,16.0,0.0,9987,-200.0,9956.0,-180.0,9958.0,-180.0,9958.0,-180.0,9958.0,-180.0,9958.0,-180.0,9958.0,9958.0,-180.0,AGG_BUY,,,,,,
0,998800,HYDROGEL_PACK,1,15.0,9976.0,9968.0,16.0,0.0,9988,-270.0,9958.0,-270.0,9958.0,-270.0,9958.0,-270.0,9958.0,-270.0,9958.0,-270.0,9958.0,9958.0,-270.0,AGG_BUY,,,,,,
0,999200,HYDROGEL_PACK,1,13.0,9975.0,9967.0,16.0,0.0,9992,-221.0,9958.0,-221.0,9958.0,-221.0,9958.0,-221.0,9958.0,-221.0,9958.0,-221.0,9958.0,9958.0,-221.0,AGG_BUY,,,,,,
0,999300,HYDROGEL_PACK,1,12.0,9972.0,9964.0,16.0,0.0,9993,-168.0,9958.0,-168.0,9958.0,-168.0,9958.0,-168.0,9958.0,-168.0,9958.0,-168.0,9958.0,9958.0,-168.0,AGG_BUY,,,,,,
0,999400,HYDROGEL_PACK,1,10.0,9971.0,9963.0,16.0,0.0,9994,-130.0,9958.0,-130.0,9958.0,-130.0,9958.0,-130.0,9958.0,-130.0,9958.0,-130.0,9958.0,9958.0,-130.0,AGG_BUY,,,,,,
0,999500,HYDROGEL_PACK,1,13.0,9967.0,9959.0,16.0,0.0,9995,-117.0,9958.0,-117.0,9958.0,-117.0,9958.0,-117.0,9958.0,-117.0,9958.0,-117.0,9958.0,9958.0,-117.0,AGG_BUY,,,,,,
0,999600,HYDROGEL_PACK,1,14.0,9968.0,9960.0,16.0,0.0,9996,-140.0,9958.0,-140.0,9958.0,-140.0,9958.0,-140.0,9958.0,-140.0,9958.0,-140.0,9958.0,9958.0,-140.0,AGG_BUY,,,,,,
0,999700,HYDROGEL_PACK,1,11.0,9964.0,9956.0,16.0,0.0,9997,-66.0,9958.0,-66.0,9958.0,-66.0,9958.0,-66.0,9958.0,-66.0,9958.0,-66.0,9958.0,9958.0,-66.0,AGG_BUY,,,,,,
0,999800,HYDROGEL_PACK,1,10.0,9966.0,9958.0,16.0,0.0,9998,-80.0,9958.0,-80.0,9958.0,-80.0,9958.0,-80.0,9958.0,-80.0,9958.0,-80.0,9958.0,9958.0,-80.0,AGG_BUY,,,,,,
0,999900,HYDROGEL_PACK,1,12.0,9966.0,9958.0,16.0,0.0,9999,-96.0,9958.0,-96.0,9958.0,-96.0,9958.0,-96.0,9958.0,-96.0,9958.0,-96.0,9958.0,9958.0,-96.0,AGG_BUY,,,,,,
1,0,HYDROGEL_PACK,1,13.0,9966.0,9958.0,16.0,0.0,0,-91.0,9959.0,-52.0,9962.0,-325.0,9941.0,182.0,9980.0,-273.0,9945.0,429.0,9999.0,10015.0,637.0,AGG_BUY,,,,,,
1,100,HYDROGEL_PACK,1,15.0,9969.0,9961.0,16.0,0.0,1,-105.0,9962.0,-195.0,9956.0,-375.0,9944.0,165.0,9980.0,-345.0,9946.0,390.0,9995.0,10015.0,690.0,AGG_BUY,,,,,,
1,200,HYDROGEL_PACK,1,14.0,9969.0,9961.0,16.0,0.0,2,-105.0,9961.5,-182.0,9956.0,-322.0,9946.0,182.0,9982.0,-294.0,9948.0,364.0,9995.0,10015.0,644.0,AGG_BUY,,,,,,
1,300,HYDROGEL_PACK,1,15.0,9968.0,9960.0,16.0,0.0,3,-105.0,9961.0,-150.0,9958.0,-345.0,9945.0,180.0,9980.0,-255.0,9951.0,360.0,9992.0,10015.0,705.0,AGG_BUY,,,,,,
1,400,HYDROGEL_PACK,1,10.0,9969.0,9961.0,16.0,0.0,4,-70.0,9962.0,-125.0,9956.5,-250.0,9944.0,110.0,9980.0,-120.0,9957.0,250.0,9994.0,10015.0,460.0,AGG_BUY,,,,,,
1,500,HYDROGEL_PACK,1,13.0,9971.0,9963.0,16.0,0.0,5,-78.0,9965.0,-260.0,9951.0,-351.0,9944.0,117.0,9980.0,-234.0,9953.0,312.0,9995.0,10015.0,572.0,AGG_BUY,,,,,,
1,600,HYDROGEL_PACK,1,15.0,9972.0,9964.0,16.0,0.0,6,-105.0,9965.0,-300.0,9952.0,-450.0,9942.0,105.0,9979.0,-292.5,9952.5,360.0,9996.0,10015.0,645.0,AGG_BUY,,,,,,
1,600,VELVETFRUIT_EXTRACT,1,14.0,5246.0,5245.0,2.0,0.6,6,63.0,5250.5,98.0,5253.0,-63.0,5241.5,-21.0,5244.5,0.0,5246.0,-14.0,5245.0,5265.5,273.0,AGG_BUY,,,,,,
1,700,HYDROGEL_PACK,1,11.0,9972.0,9964.0,16.0,0.0,7,-66.0,9966.0,-242.0,9950.0,-330.0,9942.0,44.0,9976.0,-231.0,9951.0,253.0,9995.0,10015.0,473.0,AGG_BUY,,,,,,
1,800,HYDROGEL_PACK,1,13.0,9970.0,9962.0,16.0,0.0,8,-65.0,9965.0,-299.0,9947.0,-390.0,9940.0,65.0,9975.0,-338.0,9944.0,325.0,9995.0,10015.0,585.0,AGG_BUY,,,,,,
1,900,HYDROGEL_PACK,1,12.0,9969.0,9961.0,16.0,0.0,9,-96.0,9961.0,-228.0,9950.0,-324.0,9942.0,120.0,9979.0,-294.0,9944.5,348.0,9998.0,10015.0,552.0,AGG_BUY,,,,,,
1,1000,HYDROGEL_PACK,1,14.0,9967.0,9959.0,16.0,0.0,10,-56.0,9963.0,-280.0,9947.0,-364.0,9941.0,168.0,9979.0,-322.0,9944.0,434.0,9998.0,10015.0,672.0,AGG_BUY,,,,,,
1,1100,HYDROGEL_PACK,1,15.0,9970.0,9962.0,16.0,0.0,11,-150.0,9960.0,-315.0,9949.0,-465.0,9939.0,90.0,9976.0,-450.0,9940.0,450.0,10000.0,10015.0,675.0,AGG_BUY,,,,,,
1,1200,HYDROGEL_PACK,1,10.0,9969.0,9961.5,15.0,0.0,12,-70.0,9962.0,-220.0,9947.0,-280.0,9941.0,70.0,9976.0,-240.0,9945.0,290.0,9998.0,10015.0,460.0,AGG_BUY,,,,,,
1,1300,HYDROGEL_PACK,1,11.0,9969.0,9961.0,16.0,0.0,13,-88.0,9961.0,-253.0,9946.0,-297.0,9942.0,77.0,9976.0,-297.0,9942.0,308.0,9997.0,10015.0,506.0,AGG_BUY,,,,,,
1,1400,HYDROGEL_PACK,1,13.0,9970.0,9962.0,16.0,0.0,14,-104.0,9962.0,-299.0,9947.0,-364.0,9942.0,78.0,9976.0,-338.0,9944.0,325.0,9995.0,10015.0,585.0,AGG_BUY,,,,,,
1,1500,HYDROGEL_PACK,1,6.0,9973.0,9965.0,16.0,0.0,15,-84.0,9959.0,-195.0,9940.5,-183.0,9942.5,0.0,9973.0,-180.0,9943.0,120.0,9993.0,10015.0,252.0,AGG_BUY,,,,,,
1,2000,VELVETFRUIT_EXTRACT,-1,8.0,5250.0,5251.5,3.0,-0.7575757575757576,20,-0.0,5250.0,12.0,5248.5,56.0,5243.0,28.0,5246.5,48.0,5244.0,12.0,5248.5,5265.5,-124.0,AGG_SELL,,,,,,
1,4500,VEV_4000,1,2.0,1254.0,1249.0,10.0,0.6,45,1.0,1254.5,-16.0,1246.0,-39.0,1234.5,-21.0,1243.5,-9.0,1249.5,1.0,1254.5,1265.5,23.0,AGG_BUY,,,,,,
1,4500,VEV_4500,1,2.0,754.0,750.0,8.0,0.5555555555555556,45,0.0,754.0,-16.0,746.0,-38.0,735.0,-20.0,744.0,-8.0,750.0,0.0,754.0,765.5,23.0,AGG_BUY,,,,,,
1,4500,VEV_5300,1,2.0,50.0,49.5,1.0,0.8571428571428571,45,0.0,50.0,-6.0,47.0,-14.0,43.0,-8.0,46.0,-4.0,48.0,-2.0,49.0,52.0,4.0,AGG_BUY,,,,,,
1,5200,VELVETFRUIT_EXTRACT,1,9.0,5252.0,5251.5,1.0,0.3333333333333333,52,4.5,5252.5,-76.5,5243.5,-166.5,5233.5,-58.5,5245.5,13.5,5253.5,22.5,5254.5,5265.5,121.5,AGG_BUY,,,,,,
1,9400,VELVETFRUIT_EXTRACT,1,14.0,5244.0,5243.5,1.0,0.125,94,-63.0,5239.5,-147.0,5233.5,-217.0,5228.5,42.0,5247.0,343.0,5268.5,259.0,5262.5,5265.5,301.0,AGG_BUY,,,,,,
1,9600,VEV_4000,1,4.0,1246.0,1241.0,10.0,0.4666666666666667,96,-18.0,1241.5,-46.0,1234.5,-68.0,1229.0,2.0,1246.5,96.0,1270.0,60.0,1261.0,1265.5,78.0,AGG_BUY,,,,,,
1,9600,VEV_4500,1,4.0,746.0,742.0,8.0,0.2727272727272727,96,-16.0,742.0,-46.0,734.5,-68.0,729.0,0.0,746.0,96.0,770.0,60.0,761.0,765.5,78.0,AGG_BUY,,,,,,
1,9600,VEV_5300,1,4.0,47.0,46.5,1.0,0.6363636363636364,96,-6.0,45.5,-16.0,43.0,-24.0,41.0,0.0,47.0,36.0,56.0,20.0,52.0,52.0,20.0,AGG_BUY,,,,,,
1,9800,VEV_5300,1,6.0,48.0,47.0,2.0,0.5714285714285714,98,-12.0,46.0,-30.0,43.0,-42.0,41.0,-6.0,47.0,54.0,57.0,27.0,52.5,52.0,24.0,AGG_BUY,,,,,,
1,10300,VELVETFRUIT_EXTRACT,1,13.0,5242.0,5241.5,1.0,0.1875,103,19.5,5243.5,-110.5,5233.5,-201.5,5226.5,71.5,5247.5,331.5,5267.5,279.5,5263.5,5265.5,305.5,AGG_BUY,,,,,,
1,10400,VELVETFRUIT_EXTRACT,1,12.0,5240.0,5239.5,1.0,0.25,104,42.0,5243.5,-78.0,5233.5,-138.0,5228.5,102.0,5248.5,336.0,5268.0,282.0,5263.5,5265.5,306.0,AGG_BUY,,,,,,
1,11800,VEV_4000,1,4.0,1241.0,1236.0,10.0,0.38461538461538464,118,-10.0,1238.5,-42.0,1230.5,-46.0,1229.5,16.0,1245.0,90.0,1263.5,106.0,1267.5,1265.5,98.0,AGG_BUY,,,,,,
1,11800,VEV_4500,1,4.0,741.0,737.5,7.0,0.2,118,-8.0,739.0,-40.0,731.0,-44.0,730.0,16.0,745.0,90.0,763.5,104.0,767.0,765.5,98.0,AGG_BUY,,,,,,
1,11800,VEV_5000,1,4.0,248.0,246.5,3.0,0.75,118,-8.0,246.0,-40.0,238.0,-42.0,237.5,12.0,251.0,80.0,268.0,92.0,271.0,268.5,82.0,AGG_BUY,,,,,,
1,11800,VEV_5100,1,4.0,162.0,161.0,2.0,0.75,118,-8.0,160.0,-32.0,154.0,-36.0,153.0,12.0,165.0,68.0,179.0,72.0,180.0,177.5,62.0,AGG_BUY,,,,,,
1,11800,VEV_5200,1,4.0,93.0,92.5,1.0,0.75,118,-6.0,91.5,-22.0,87.5,-26.0,86.5,10.0,95.5,54.0,106.5,56.0,107.0,102.5,38.0,AGG_BUY,,,,,,
1,11800,VEV_5300,1,4.0,45.0,44.5,1.0,0.7333333333333333,118,-4.0,44.0,-12.0,42.0,-16.0,41.0,4.0,46.0,34.0,53.5,38.0,54.5,52.0,28.0,AGG_BUY,,,,,,
1,12800,VEV_5300,1,10.0,45.0,44.0,2.0,0.3548387096774194,128,-10.0,44.0,-30.0,42.0,-30.0,42.0,10.0,46.0,70.0,52.0,90.0,54.0,52.0,70.0,AGG_BUY,,,,,,
1,13300,VEV_5300,1,5.0,45.0,44.0,2.0,0.5652173913043478,133,-10.0,43.0,-20.0,41.0,-15.0,42.0,0.0,45.0,35.0,52.0,40.0,53.0,52.0,35.0,AGG_BUY,,,,,,
1,13500,VEV_5300,1,5.0,45.0,44.0,2.0,0.5,135,-10.0,43.0,-22.5,40.5,-15.0,42.0,5.0,46.0,37.5,52.5,40.0,53.0,52.0,35.0,AGG_BUY,,,,,,
1,14800,VELVETFRUIT_EXTRACT,1,6.0,5233.0,5234.5,5.0,0.5384615384615384,148,-6.0,5232.0,-27.0,5228.5,3.0,5233.5,57.0,5242.5,183.0,5263.5,213.0,5268.5,5265.5,195.0,PASS_BUY,,,,,,
1,14800,VEV_4000,1,4.0,1234.0,1229.0,10.0,0.2727272727272727,148,-8.0,1232.0,-24.0,1228.0,-2.0,1233.5,34.0,1242.5,118.0,1263.5,140.0,1269.0,1265.5,126.0,AGG_BUY,,,,,,
1,14800,VEV_4500,1,4.0,734.0,730.5,7.0,0.38461538461538464,148,-8.0,732.0,-24.0,728.0,0.0,734.0,36.0,743.0,120.0,764.0,140.0,769.0,765.5,126.0,AGG_BUY,,,,,,
1,14800,VEV_5000,1,4.0,241.0,240.0,2.0,0.38461538461538464,148,-6.0,239.5,-20.0,236.0,0.0,241.0,32.0,249.0,110.0,268.5,126.0,272.5,268.5,110.0,AGG_BUY,,,,,,
1,14800,VEV_5100,1,4.0,156.0,155.5,1.0,0.38461538461538464,148,-4.0,155.0,-16.0,152.0,0.0,156.0,28.0,163.0,94.0,179.5,102.0,181.5,177.5,86.0,AGG_BUY,,,,,,
1,14800,VEV_5200,1,4.0,89.0,88.5,1.0,0.75,148,-4.0,88.0,-14.0,85.5,2.0,89.5,18.0,93.5,70.0,106.5,76.0,108.0,102.5,54.0,AGG_BUY,,,,,,
1,16300,VELVETFRUIT_EXTRACT,1,10.0,5231.0,5230.0,2.0,0.726027397260274,163,5.0,5231.5,-25.0,5228.5,0.0,5231.0,105.0,5241.5,245.0,5255.5,365.0,5267.5,5265.5,345.0,AGG_BUY,,,,,,
1,16700,VEV_4000,1,2.0,1231.0,1226.0,10.0,0.7333333333333333,167,5.0,1233.5,-4.0,1229.0,-1.0,1230.5,23.0,1242.5,49.0,1255.5,67.0,1264.5,1265.5,69.0,AGG_BUY,,,,,,
1,16700,VEV_4500,1,2.0,731.0,727.5,7.0,0.6,167,5.0,733.5,-4.0,729.0,-1.0,730.5,24.0,743.0,48.0,755.0,68.0,765.0,765.5,69.0,AGG_BUY,,,,,,
1,18700,VELVETFRUIT_EXTRACT,1,10.0,5228.0,5227.0,2.0,0.3103448275862069,187,15.0,5229.5,35.0,5231.5,140.0,5242.0,175.0,5245.5,305.0,5258.5,325.0,5260.5,5265.5,375.0,AGG_BUY,,,,,,
1,18800,VEV_5300,1,5.0,41.0,40.5,1.0,0.0,188,0.0,41.0,5.0,42.0,25.0,46.0,25.0,46.0,50.0,51.0,52.5,51.5,52.0,55.0,AGG_BUY,,,,,,
1,19300,VELVETFRUIT_EXTRACT,1,5.0,5227.0,5228.5,5.0,-0.4864864864864865,193,-2.5,5226.5,37.5,5234.5,62.5,5239.5,92.5,5245.5,155.0,5258.0,147.5,5256.5,5265.5,192.5,PASS_BUY,,,,,,
1,19500,VEV_5300,1,10.0,41.0,40.0,2.0,0.4117647058823529,195,-5.0,40.5,20.0,43.0,40.0,45.0,45.0,45.5,100.0,51.0,100.0,51.0,52.0,110.0,AGG_BUY,,,,,,
1,20200,VELVETFRUIT_EXTRACT,1,5.0,5225.0,5226.5,5.0,0.0,202,10.0,5227.0,32.5,5231.5,62.5,5237.5,82.5,5241.5,167.5,5258.5,162.5,5257.5,5265.5,202.5,PASS_BUY,,,,,,
1,21400,VEV_5300,1,20.0,42.0,41.0,2.0,0.0,214,-20.0,41.0,-20.0,41.0,0.0,42.0,50.0,44.5,220.0,53.0,180.0,51.0,52.0,200.0,AGG_BUY,,,,,,
1,22200,VEV_5300,1,20.0,41.0,40.0,2.0,0.0,222,20.0,42.0,30.0,42.5,40.0,43.0,90.0,45.5,250.0,53.5,230.0,52.5,52.0,220.0,AGG_BUY,,,,,,
1,23000,VEV_5300,1,20.0,42.0,41.0,2.0,0.0,230,0.0,42.0,40.0,44.0,60.0,45.0,20.0,43.0,230.0,53.5,180.0,51.0,52.0,200.0,AGG_BUY,,,,,,
1,23400,VELVETFRUIT_EXTRACT,1,15.0,5230.0,5229.0,2.0,0.0,234,82.5,5235.5,127.5,5238.5,127.5,5238.5,82.5,5235.5,517.5,5264.5,420.0,5258.0,5265.5,532.5,AGG_BUY,,,,,,
1,25400,VELVETFRUIT_EXTRACT,1,7.0,5232.0,5231.0,2.0,0.44,254,-17.5,5229.5,31.5,5236.5,10.5,5233.5,52.5,5239.5,213.5,5262.5,178.5,5257.5,5265.5,234.5,AGG_BUY,,,,,,
1,25900,VEV_5300,1,6.0,42.0,41.0,2.0,0.4782608695652174,259,0.0,42.0,6.0,43.0,6.0,43.0,12.0,44.0,66.0,53.0,42.0,49.0,52.0,60.0,AGG_BUY,,,,,,
1,27400,VELVETFRUIT_EXTRACT,-1,19.0,5234.0,5236.5,5.0,-0.525,274,-85.5,5238.5,-57.0,5237.0,28.5,5232.5,-85.5,5238.5,-598.5,5265.5,-313.5,5250.5,5265.5,-598.5,AGG_SELL,,,,,,
1,27700,VEV_5300,1,7.0,45.0,44.0,2.0,0.5625,277,7.0,46.0,-7.0,44.0,-28.0,41.0,-7.0,44.0,66.5,54.5,21.0,48.0,52.0,49.0,AGG_BUY,,,,,,
1,29300,VELVETFRUIT_EXTRACT,1,4.0,5238.0,5239.5,5.0,0.0,293,-4.0,5237.0,-14.0,5234.5,-14.0,5234.5,6.0,5239.5,102.0,5263.5,58.0,5252.5,5265.5,110.0,PASS_BUY,,,,,,
1,29500,VELVETFRUIT_EXTRACT,-1,15.0,5239.0,5240.5,3.0,0.0,295,52.5,5235.5,67.5,5234.5,82.5,5233.5,-15.0,5240.0,-352.5,5262.5,-217.5,5253.5,5265.5,-397.5,AGG_SELL,,,,,,
1,29600,VEV_5300,1,10.0,45.0,44.0,2.0,0.3939393939393939,296,-20.0,43.0,-20.0,43.0,-30.0,42.0,-10.0,44.0,85.0,53.5,40.0,49.0,52.0,70.0,AGG_BUY,,,,,,
1,30900,VEV_5000,-1,2.0,241.0,243.0,4.0,-0.8787878787878788,309,-4.0,243.0,-2.0,242.0,3.0,239.5,-2.0,242.0,-56.0,269.0,-32.0,257.0,268.5,-55.0,AGG_SELL,,,,,,
1,30900,VEV_5100,-1,2.0,156.0,157.0,2.0,-0.5555555555555556,309,-2.0,157.0,-1.0,156.5,3.0,154.5,-2.0,157.0,-47.0,179.5,-22.0,167.0,177.5,-43.0,AGG_SELL,,,,,,
1,31200,VELVETFRUIT_EXTRACT,1,13.0,5234.0,5233.0,2.0,0.16129032258064516,312,26.0,5236.0,-6.5,5233.5,-71.5,5228.5,32.5,5236.5,416.0,5266.0,240.5,5252.5,5265.5,409.5,AGG_BUY,,,,,,
1,31700,VELVETFRUIT_EXTRACT,-1,4.0,5236.0,5234.5,5.0,-0.4246575342465753,317,-8.0,5238.0,12.0,5233.0,32.0,5228.0,-4.0,5237.0,-108.0,5263.0,-66.0,5252.5,5265.5,-118.0,PASS_SELL,,,,,,
1,31900,VELVETFRUIT_EXTRACT,-1,9.0,5235.0,5236.5,3.0,-0.7313432835820896,319,-36.0,5239.0,13.5,5233.5,63.0,5228.0,-27.0,5238.0,-247.5,5262.5,-139.5,5250.5,5265.5,-274.5,AGG_SELL,,,,,,
1,32600,VELVETFRUIT_EXTRACT,-1,5.0,5239.0,5237.5,5.0,-0.48717948717948717,326,12.5,5236.5,35.0,5232.0,42.5,5230.5,7.5,5237.5,-115.0,5262.0,-57.5,5250.5,5265.5,-132.5,PASS_SELL,,,,,,
1,33600,VEV_5300,1,7.0,44.0,43.0,2.0,0.5625,336,-7.0,43.0,-14.0,42.0,-21.0,41.0,-7.0,43.0,70.0,54.0,21.0,47.0,52.0,56.0,AGG_BUY,,,,,,
1,34100,VELVETFRUIT_EXTRACT,1,7.0,5233.0,5232.0,2.0,0.7454545454545455,341,17.5,5235.5,-3.5,5232.5,21.0,5236.0,-10.5,5231.5,227.5,5265.5,94.5,5246.5,5265.5,227.5,AGG_BUY,,,,,,
1,35100,VELVETFRUIT_EXTRACT,-1,11.0,5234.0,5235.5,3.0,-0.6944444444444444,351,-5.5,5234.5,11.0,5233.0,-115.5,5244.5,-27.5,5236.5,-324.5,5263.5,-104.5,5243.5,5265.5,-346.5,AGG_SELL,,,,,,
1,35800,VELVETFRUIT_EXTRACT,-1,9.0,5234.0,5235.5,3.0,-0.7352941176470589,358,13.5,5232.5,22.5,5231.5,-103.5,5245.5,-13.5,5235.5,-252.0,5262.0,-76.5,5242.5,5265.5,-283.5,AGG_SELL,,,,,,
1,35800,VEV_5300,1,6.0,43.0,42.0,2.0,0.5384615384615384,358,-6.0,42.0,-12.0,41.0,24.0,47.0,0.0,43.0,57.0,52.5,12.0,45.0,52.0,54.0,AGG_BUY,,,,,,
1,36000,VEV_5300,1,19.0,43.0,42.0,2.0,0.0,360,-38.0,41.0,-38.0,41.0,76.0,47.0,19.0,44.0,190.0,53.0,38.0,45.0,52.0,171.0,AGG_BUY,,,,,,
1,36200,VEV_5300,1,20.0,43.0,42.0,2.0,0.0,362,-20.0,42.0,-60.0,40.0,90.0,47.5,20.0,44.0,210.0,53.5,40.0,45.0,52.0,180.0,AGG_BUY,,,,,,
1,36300,VELVETFRUIT_EXTRACT,1,7.0,5232.0,5231.0,2.0,0.7741935483870968,363,3.5,5232.5,-31.5,5227.5,94.5,5245.5,38.5,5237.5,220.5,5263.5,59.5,5240.5,5265.5,234.5,AGG_BUY,,,,,,
1,36600,VELVETFRUIT_EXTRACT,1,8.0,5232.0,5231.0,2.0,0.42857142857142855,366,0.0,5232.0,-48.0,5226.0,112.0,5246.0,36.0,5236.5,244.0,5262.5,76.0,5241.5,5265.5,268.0,AGG_BUY,,,,,,
1,36900,VEV_5300,1,20.0,43.0,42.0,2.0,0.0,369,-40.0,41.0,-60.0,40.0,80.0,47.0,0.0,43.0,200.0,53.0,0.0,43.0,52.0,180.0,AGG_BUY,,,,,,
1,37000,VEV_5300,1,20.0,42.0,41.0,2.0,0.0,370,-20.0,41.0,-40.0,40.0,80.0,46.0,20.0,43.0,210.0,52.5,20.0,43.0,52.0,200.0,AGG_BUY,,,,,,
1,37500,VEV_5300,1,20.0,42.0,41.0,2.0,0.0,375,-30.0,40.5,-20.0,41.0,100.0,47.0,60.0,45.0,190.0,51.5,20.0,43.0,52.0,200.0,AGG_BUY,,,,,,
1,37600,VEV_5300,1,7.0,42.0,41.0,2.0,0.5757575757575758,376,0.0,42.0,-7.0,41.0,35.0,47.0,21.0,45.0,63.0,51.0,7.0,43.0,52.0,70.0,AGG_BUY,,,,,,
1,37700,VEV_5300,1,9.0,42.0,41.0,2.0,0.35714285714285715,377,-9.0,41.0,-9.0,41.0,45.0,47.0,27.0,45.0,90.0,52.0,9.0,43.0,52.0,90.0,AGG_BUY,,,,,,
1,37800,VEV_5300,1,6.0,42.0,41.0,2.0,0.5714285714285714,378,-6.0,41.0,-6.0,41.0,30.0,47.0,18.0,45.0,54.0,51.0,6.0,43.0,52.0,60.0,AGG_BUY,,,,,,
1,38200,VEV_5300,1,8.0,42.0,41.0,2.0,0.5,382,0.0,42.0,-8.0,41.0,32.0,46.0,16.0,44.0,68.0,50.5,8.0,43.0,52.0,80.0,AGG_BUY,,,,,,
1,38500,VEV_4000,1,5.0,1231.0,1226.5,9.0,0.23076923076923078,385,12.5,1233.5,-5.0,1230.0,67.5,1244.5,57.5,1242.5,132.5,1257.5,22.5,1235.5,1265.5,172.5,AGG_BUY,,,,,,
1,38500,VEV_4500,1,5.0,731.0,727.5,7.0,0.16666666666666666,385,15.0,734.0,-5.0,730.0,67.5,744.5,60.0,743.0,135.0,758.0,22.5,735.5,765.5,172.5,AGG_BUY,,,,,,
1,38500,VEV_5000,1,5.0,239.0,238.0,2.0,0.16666666666666666,385,10.0,241.0,-7.5,237.5,60.0,251.0,50.0,249.0,117.5,262.5,10.0,241.0,268.5,147.5,AGG_BUY,,,,,,
1,38500,VEV_5200,1,5.0,87.0,86.5,1.0,0.6666666666666666,385,10.0,89.0,-2.5,86.5,40.0,95.0,32.5,93.5,77.5,102.5,0.0,87.0,102.5,77.5,AGG_BUY,,,,,,
1,38500,VEV_5300,1,5.0,41.0,40.5,1.0,0.6428571428571429,385,5.0,42.0,0.0,41.0,25.0,46.0,25.0,46.0,50.0,51.0,5.0,42.0,52.0,55.0,AGG_BUY,,,,,,
1,38700,VELVETFRUIT_EXTRACT,1,8.0,5229.0,5231.0,6.0,0.0,387,48.0,5235.0,28.0,5232.5,132.0,5245.5,104.0,5242.0,228.0,5257.5,52.0,5235.5,5265.5,292.0,PASS_BUY,,,,,,
1,39200,VEV_5300,1,19.0,43.0,42.0,2.0,0.0,392,-38.0,41.0,19.0,44.0,57.0,46.0,38.0,45.0,161.5,51.5,0.0,43.0,52.0,171.0,AGG_BUY,,,,,,
1,39400,VELVETFRUIT_EXTRACT,-1,5.0,5234.0,5232.5,1.0,0.3793103448275862,394,2.5,5233.5,-27.5,5239.5,-47.5,5243.5,-42.5,5242.5,-110.0,5256.0,-17.5,5237.5,5265.5,-157.5,PASS_SELL,,,,,,
1,40400,VEV_4000,1,4.0,1233.0,1228.0,10.0,0.4666666666666667,404,-22.0,1227.5,34.0,1241.5,54.0,1246.5,42.0,1243.5,98.0,1257.5,22.0,1238.5,1265.5,130.0,AGG_BUY,,,,,,
1,40400,VEV_4500,1,4.0,733.0,729.5,7.0,0.38461538461538464,404,-22.0,727.5,36.0,742.0,52.0,746.0,44.0,744.0,96.0,757.0,24.0,739.0,765.5,130.0,AGG_BUY,,,,,,
1,41600,VELVETFRUIT_EXTRACT,1,8.0,5227.0,5226.0,2.0,0.38461538461538464,416,28.0,5230.5,152.0,5246.0,140.0,5244.5,116.0,5241.5,268.0,5260.5,84.0,5237.5,5265.5,308.0,AGG_BUY,,,,,,
1,43400,VEV_4000,1,5.0,1231.0,1226.0,10.0,0.16666666666666666,434,42.5,1239.5,72.5,1245.5,40.0,1239.0,62.5,1243.5,167.5,1264.5,20.0,1235.0,1265.5,172.5,AGG_BUY,,,,,,
1,43400,VEV_4500,1,5.0,731.0,727.0,8.0,0.375,434,45.0,740.0,70.0,745.0,45.0,740.0,65.0,744.0,167.5,764.5,20.0,735.0,765.5,172.5,AGG_BUY,,,,,,
1,43600,VELVETFRUIT_EXTRACT,1,4.0,5230.0,5231.5,5.0,0.4117647058823529,436,38.0,5239.5,62.0,5245.5,54.0,5243.5,54.0,5243.5,140.0,5265.0,26.0,5236.5,5265.5,142.0,PASS_BUY,,,,,,
1,44800,VELVETFRUIT_EXTRACT,-1,8.0,5242.0,5243.5,3.0,-0.7866666666666666,448,-28.0,5245.5,-36.0,5246.5,-20.0,5244.5,-20.0,5244.5,-148.0,5260.5,36.0,5237.5,5265.5,-188.0,AGG_SELL,,,,,,
1,44900,VELVETFRUIT_EXTRACT,-1,48.0,5242.0,5244.5,5.0,0.5238095238095238,449,-264.0,5247.5,-264.0,5247.5,-72.0,5243.5,-48.0,5243.0,-888.0,5260.5,192.0,5238.0,5265.5,-1128.0,AGG_SELL,,,,,,
1,45400,VELVETFRUIT_EXTRACT,1,8.0,5241.0,5240.0,2.0,0.7647058823529411,454,24.0,5244.0,44.0,5246.5,52.0,5247.5,28.0,5244.5,160.0,5261.0,-12.0,5239.5,5265.5,196.0,AGG_BUY,,,,,,
1,46400,VELVETFRUIT_EXTRACT,1,8.0,5245.0,5244.0,2.0,0.42857142857142855,464,8.0,5246.0,12.0,5246.5,4.0,5245.5,-12.0,5243.5,148.0,5263.5,-84.0,5234.5,5265.5,164.0,AGG_BUY,,,,,,
1,47700,VELVETFRUIT_EXTRACT,1,9.0,5245.0,5244.0,2.0,0.7142857142857143,477,4.5,5245.5,9.0,5246.0,22.5,5247.5,-18.0,5243.0,211.5,5268.5,-99.0,5234.0,5265.5,184.5,AGG_BUY,,,,,,
1,47700,VELVETFRUIT_EXTRACT,1,4.0,5244.0,5244.0,2.0,0.7142857142857143,477,6.0,5245.5,8.0,5246.0,14.0,5247.5,-4.0,5243.0,98.0,5268.5,-40.0,5234.0,5265.5,86.0,PASS_BUY,,,,,,
1,48900,VELVETFRUIT_EXTRACT,1,6.0,5242.0,5243.5,5.0,0.375,489,33.0,5247.5,15.0,5244.5,21.0,5245.5,27.0,5246.5,138.0,5265.0,-75.0,5229.5,5265.5,141.0,PASS_BUY,,,,,,
1,50700,VEV_4000,1,5.0,1244.0,1239.0,10.0,0.16666666666666666,507,7.5,1245.5,7.5,1245.5,12.5,1246.5,17.5,1247.5,105.0,1265.0,-47.5,1234.5,1265.5,107.5,AGG_BUY,,,,,,
1,50700,VEV_4500,1,5.0,744.0,740.0,8.0,0.23076923076923078,507,7.5,745.5,10.0,746.0,10.0,746.0,15.0,747.0,105.0,765.0,-50.0,734.0,765.5,107.5,AGG_BUY,,,,,,
1,50700,VEV_5200,1,5.0,94.0,93.5,1.0,0.7297297297297297,507,7.5,95.5,7.5,95.5,7.5,95.5,7.5,95.5,62.5,106.5,-37.5,86.5,102.5,42.5,AGG_BUY,,,,,,
1,52800,VEV_4000,1,3.0,1247.0,1242.0,10.0,0.5714285714285714,528,-7.5,1244.5,1.5,1247.5,-9.0,1244.0,-1.5,1246.5,28.5,1256.5,-43.5,1232.5,1265.5,55.5,AGG_BUY,,,,,,
1,52800,VEV_4500,1,3.0,747.0,743.0,8.0,0.4,528,-9.0,744.0,0.0,747.0,-9.0,744.0,0.0,747.0,30.0,757.0,-42.0,733.0,765.5,55.5,AGG_BUY,,,,,,
1,53400,VELVETFRUIT_EXTRACT,1,5.0,5244.0,5242.5,3.0,0.8484848484848485,534,2.5,5244.5,7.5,5245.5,-2.5,5243.5,7.5,5245.5,62.5,5256.5,-77.5,5228.5,5265.5,107.5,AGG_BUY,,,,,,
1,53400,VEV_4000,1,2.0,1244.0,1239.0,10.0,0.7333333333333333,534,1.0,1244.5,3.0,1245.5,-1.0,1243.5,3.0,1245.5,25.0,1256.5,-31.0,1228.5,1265.5,43.0,AGG_BUY,,,,,,
1,53400,VEV_4500,1,2.0,744.0,740.0,8.0,0.5555555555555556,534,0.0,744.0,4.0,746.0,-2.0,743.0,4.0,746.0,24.0,756.0,-31.0,728.5,765.5,43.0,AGG_BUY,,,,,,
1,59600,VELVETFRUIT_EXTRACT,1,4.0,5245.0,5246.5,5.0,-0.5402298850574713,596,14.0,5248.5,-10.0,5242.5,-2.0,5244.5,102.0,5270.5,38.0,5254.5,-58.0,5230.5,5265.5,82.0,PASS_BUY,,,,,,
1,62100,VELVETFRUIT_EXTRACT,1,6.0,5244.0,5245.5,5.0,0.0,621,-12.0,5242.0,6.0,5245.0,-3.0,5243.5,117.0,5263.5,57.0,5253.5,-69.0,5232.5,5265.5,129.0,PASS_BUY,,,,,,
1,63200,VELVETFRUIT_EXTRACT,1,8.0,5241.0,5242.5,5.0,-0.48484848484848486,632,12.0,5242.5,44.0,5246.5,-28.0,5237.5,152.0,5260.0,108.0,5254.5,-84.0,5230.5,5265.5,196.0,PASS_BUY,,,,,,
1,64200,VELVETFRUIT_EXTRACT,-1,6.0,5244.0,5242.5,5.0,0.0,642,-3.0,5244.5,-3.0,5244.5,42.0,5237.0,-123.0,5264.5,-45.0,5251.5,66.0,5233.0,5265.5,-129.0,PASS_SELL,,,,,,
1,64900,VELVETFRUIT_EXTRACT,1,5.0,5241.0,5239.5,3.0,0.8333333333333334,649,7.5,5242.5,12.5,5243.5,-7.5,5239.5,110.0,5263.0,57.5,5252.5,-40.0,5233.0,5265.5,122.5,AGG_BUY,,,,,,
1,65700,VELVETFRUIT_EXTRACT,1,8.0,5241.0,5242.5,5.0,0.0,657,12.0,5242.5,8.0,5242.0,-28.0,5237.5,124.0,5256.5,84.0,5251.5,-48.0,5235.0,5265.5,196.0,PASS_BUY,,,,,,
1,67400,VELVETFRUIT_EXTRACT,-1,18.0,5246.0,5248.5,5.0,-0.5263157894736842,674,-9.0,5246.5,81.0,5241.5,135.0,5238.5,-180.0,5256.0,-144.0,5254.0,189.0,5235.5,5265.5,-351.0,AGG_SELL,,,,,,
1,67700,VELVETFRUIT_EXTRACT,-1,9.0,5247.0,5248.5,3.0,-0.3333333333333333,677,13.5,5245.5,81.0,5238.0,85.5,5237.5,-94.5,5257.5,-49.5,5252.5,103.5,5235.5,5265.5,-166.5,AGG_SELL,,,,,,
1,67700,VELVETFRUIT_EXTRACT,-1,4.0,5249.0,5248.5,3.0,-0.3333333333333333,677,14.0,5245.5,44.0,5238.0,46.0,5237.5,-34.0,5257.5,-14.0,5252.5,54.0,5235.5,5265.5,-66.0,PASS_SELL,,,,,,
1,71600,VELVETFRUIT_EXTRACT,1,5.0,5240.0,5239.0,2.0,0.5238095238095238,716,-7.5,5238.5,-12.5,5237.5,-12.5,5237.5,115.0,5263.0,55.0,5251.0,-10.0,5238.0,5265.5,127.5,AGG_BUY,,,,,,
1,71800,VELVETFRUIT_EXTRACT,1,7.0,5240.0,5239.0,2.0,0.48148148148148145,718,-21.0,5237.0,-24.5,5236.5,-17.5,5237.5,185.5,5266.5,63.0,5249.0,-21.0,5237.0,5265.5,178.5,AGG_BUY,,,,,,
1,73400,VELVETFRUIT_EXTRACT,1,6.0,5236.0,5235.5,1.0,0.42857142857142855,734,9.0,5237.5,6.0,5237.0,-3.0,5235.5,171.0,5264.5,69.0,5247.5,-3.0,5235.5,5265.5,177.0,AGG_BUY,,,,,,
1,74100,VEV_4000,1,3.0,1235.0,1230.0,10.0,0.5384615384615384,741,13.5,1239.5,9.0,1238.0,-10.5,1231.5,88.5,1264.5,34.5,1246.5,3.0,1236.0,1265.5,91.5,AGG_BUY,,,,,,
1,74100,VEV_4500,1,3.0,735.0,731.5,7.0,0.5714285714285714,741,15.0,740.0,9.0,738.0,-10.5,731.5,87.0,764.0,33.0,746.0,3.0,736.0,765.5,91.5,AGG_BUY,,,,,,
1,74100,VEV_5000,1,3.0,242.0,241.0,2.0,0.5714285714285714,741,13.5,246.5,9.0,245.0,-9.0,239.0,81.0,269.0,30.0,252.0,-3.0,241.0,268.5,79.5,AGG_BUY,,,,,,
1,74100,VEV_5100,1,3.0,157.0,156.0,2.0,0.7931034482758621,741,10.5,160.5,6.0,159.0,-9.0,154.0,67.5,179.5,22.5,164.5,-9.0,154.0,177.5,61.5,AGG_BUY,,,,,,
1,74100,VEV_5200,1,3.0,89.0,88.5,1.0,0.7931034482758621,741,7.5,91.5,4.5,90.5,-6.0,87.0,52.5,106.5,16.5,94.5,-4.5,87.5,102.5,40.5,AGG_BUY,,,,,,
1,75500,VELVETFRUIT_EXTRACT,1,10.0,5239.0,5238.0,2.0,0.4117647058823529,755,-30.0,5236.0,-15.0,5237.5,-25.0,5236.5,240.0,5263.0,85.0,5247.5,-35.0,5235.5,5265.5,265.0,AGG_BUY,,,,,,
1,76600,HYDROGEL_PACK,-1,3.0,9994.0,9987.0,16.0,0.0,766,3.0,9993.0,60.0,9974.0,90.0,9964.0,135.0,9949.0,-18.0,10000.0,-24.0,10002.0,10015.0,-63.0,PASS_SELL,,,,,,
1,77300,VELVETFRUIT_EXTRACT,-1,8.0,5240.0,5238.5,5.0,0.0,773,4.0,5239.5,20.0,5237.5,4.0,5239.5,-196.0,5264.5,-48.0,5246.0,36.0,5235.5,5265.5,-204.0,PASS_SELL,,,,,,
1,77500,VELVETFRUIT_EXTRACT,-1,8.0,5237.0,5238.5,3.0,-0.30434782608695654,775,-32.0,5241.0,-0.0,5237.0,-28.0,5240.5,-228.0,5265.5,-76.0,5246.5,4.0,5236.5,5265.5,-228.0,AGG_SELL,,,,,,
1,78400,VELVETFRUIT_EXTRACT,1,7.0,5238.0,5237.0,2.0,0.8205128205128205,784,10.5,5239.5,-17.5,5235.5,31.5,5242.5,178.5,5263.5,80.5,5249.5,-14.0,5236.0,5265.5,192.5,AGG_BUY,,,,,,
1,78500,HYDROGEL_PACK,-1,4.0,9999.0,9992.0,16.0,0.0,785,64.0,9983.0,96.0,9975.0,156.0,9960.0,148.0,9962.0,20.0,9994.0,-28.0,10006.0,10015.0,-64.0,PASS_SELL,,,,,,
1,79400,HYDROGEL_PACK,1,7.0,9984.0,9980.0,8.0,0.0,794,-42.0,9978.0,-98.0,9970.0,-119.0,9967.0,-175.0,9959.0,105.0,9999.0,133.0,10003.0,10015.0,217.0,AGG_BUY,,,,,,
1,81500,VELVETFRUIT_EXTRACT,-1,8.0,5238.0,5239.5,3.0,-0.7538461538461538,815,8.0,5237.0,12.0,5236.5,-24.0,5241.0,-212.0,5264.5,-76.0,5247.5,40.0,5233.0,5265.5,-220.0,AGG_SELL,,,,,,
1,82300,VELVETFRUIT_EXTRACT,1,3.0,5236.0,5237.5,5.0,0.4888888888888889,823,-6.0,5234.0,10.5,5239.5,19.5,5242.5,84.0,5264.0,22.5,5243.5,7.5,5238.5,5265.5,88.5,PASS_BUY,,,,,,
1,83200,VELVETFRUIT_EXTRACT,-1,7.0,5236.0,5234.0,6.0,0.0,832,38.5,5230.5,-21.0,5239.0,-59.5,5244.5,-192.5,5263.5,-73.5,5246.5,-10.5,5237.5,5265.5,-206.5,PASS_SELL,,,,,,
1,85300,VEV_4000,1,2.0,1234.0,1229.5,9.0,0.7142857142857143,853,7.0,1237.5,19.0,1243.5,19.0,1243.5,51.0,1259.5,9.0,1238.5,11.0,1239.5,1265.5,63.0,AGG_BUY,,,,,,
1,85300,VEV_4500,1,2.0,734.0,730.5,7.0,0.6363636363636364,853,7.0,737.5,18.0,743.0,19.0,743.5,52.0,760.0,9.0,738.5,11.0,739.5,765.5,63.0,AGG_BUY,,,,,,
1,85300,VEV_5000,1,2.0,241.0,240.0,2.0,0.6363636363636364,853,6.0,244.0,16.0,249.0,18.0,250.0,47.0,264.5,8.0,245.0,8.0,245.0,268.5,55.0,AGG_BUY,,,,,,
1,85300,VEV_5200,1,2.0,88.0,87.5,1.0,0.8518518518518519,853,5.0,90.5,11.0,93.5,11.0,93.5,31.0,103.5,3.0,89.5,3.0,89.5,102.5,29.0,AGG_BUY,,,,,,
1,85500,VELVETFRUIT_EXTRACT,-1,7.0,5235.0,5236.5,3.0,-0.78125,855,-10.5,5236.5,-66.5,5244.5,-66.5,5244.5,-171.5,5259.5,-10.5,5236.5,-21.0,5238.0,5265.5,-213.5,AGG_SELL,,,,,,
1,86100,VEV_4000,1,5.0,1236.0,1231.5,9.0,0.3333333333333333,861,12.5,1238.5,27.5,1241.5,27.5,1241.5,142.5,1264.5,-2.5,1235.5,17.5,1239.5,1265.5,147.5,AGG_BUY,,,,,,
1,86100,VEV_4500,1,5.0,736.0,732.5,7.0,0.09090909090909091,861,10.0,738.0,30.0,742.0,25.0,741.0,142.5,764.5,0.0,736.0,20.0,740.0,765.5,147.5,AGG_BUY,,,,,,
1,86100,VEV_5100,1,5.0,157.0,156.5,1.0,0.09090909090909091,861,10.0,159.0,20.0,161.0,20.0,161.0,112.5,179.5,-5.0,156.0,0.0,157.0,177.5,102.5,AGG_BUY,,,,,,
1,89800,VEV_4000,1,4.0,1243.0,1238.0,10.0,0.5,898,-2.0,1242.5,6.0,1244.5,18.0,1247.5,62.0,1258.5,-14.0,1239.5,2.0,1243.5,1265.5,90.0,AGG_BUY,,,,,,
1,89800,VEV_4500,1,4.0,743.0,739.0,8.0,0.38461538461538464,898,-4.0,742.0,6.0,744.5,16.0,747.0,64.0,759.0,-14.0,739.5,2.0,743.5,765.5,90.0,AGG_BUY,,,,,,
1,90600,VELVETFRUIT_EXTRACT,-1,5.0,5242.0,5243.5,3.0,-0.6,906,2.5,5241.5,-2.5,5242.5,-20.0,5246.0,-67.5,5255.5,27.5,5236.5,12.5,5239.5,5265.5,-117.5,AGG_SELL,,,,,,
1,92000,VELVETFRUIT_EXTRACT,-1,8.0,5242.0,5240.5,5.0,0.0,920,-16.0,5244.0,-12.0,5243.5,-16.0,5244.0,-140.0,5259.5,28.0,5238.5,-32.0,5246.0,5265.5,-188.0,PASS_SELL,,,,,,
1,93200,VELVETFRUIT_EXTRACT,-1,5.0,5243.0,5244.5,3.0,-0.8181818181818182,932,-12.5,5245.5,-17.5,5246.5,-17.5,5246.5,-107.5,5264.5,42.5,5234.5,17.5,5239.5,5265.5,-112.5,AGG_SELL,,,,,,
1,93700,VELVETFRUIT_EXTRACT,-1,6.0,5245.0,5243.5,5.0,-0.6103896103896104,937,3.0,5244.5,-3.0,5245.5,-9.0,5246.5,-114.0,5264.0,45.0,5237.5,54.0,5236.0,5265.5,-123.0,PASS_SELL,,,,,,
1,93800,VELVETFRUIT_EXTRACT,-1,7.0,5245.0,5243.5,5.0,-0.42105263157894735,938,3.5,5244.5,-10.5,5246.5,-17.5,5247.5,-133.0,5264.0,56.0,5237.0,38.5,5239.5,5265.5,-143.5,PASS_SELL,,,,,,
1,94000,VELVETFRUIT_EXTRACT,-1,7.0,5244.0,5245.5,3.0,-0.391304347826087,940,3.5,5243.5,-14.0,5246.0,-24.5,5247.5,-126.0,5262.0,49.0,5237.0,38.5,5238.5,5265.5,-150.5,AGG_SELL,,,,,,
1,94200,VELVETFRUIT_EXTRACT,-1,8.0,5244.0,5245.5,3.0,-0.7681159420289855,942,4.0,5243.5,-8.0,5245.0,-44.0,5249.5,-144.0,5262.0,60.0,5236.5,28.0,5240.5,5265.5,-172.0,AGG_SELL,,,,,,
1,94900,VELVETFRUIT_EXTRACT,1,6.0,5244.0,5243.0,2.0,0.8095238095238095,949,-30.0,5239.0,21.0,5247.5,39.0,5250.5,99.0,5260.5,-63.0,5233.5,-21.0,5240.5,5265.5,129.0,AGG_BUY,,,,,,
1,95900,VELVETFRUIT_EXTRACT,1,14.0,5240.0,5239.0,2.0,0.6585365853658537,959,77.0,5245.5,119.0,5248.5,245.0,5257.5,315.0,5262.5,-77.0,5234.5,21.0,5241.5,5265.5,357.0,AGG_BUY,,,,,,
1,99300,VELVETFRUIT_EXTRACT,1,9.0,5245.0,5244.0,2.0,0.7662337662337663,993,13.5,5246.5,40.5,5249.5,198.0,5267.0,184.5,5265.5,-58.5,5238.5,-63.0,5238.0,5265.5,184.5,AGG_BUY,,,,,,
1,104400,VELVETFRUIT_EXTRACT,-1,6.0,5251.0,5249.5,5.0,0.5111111111111111,1044,-27.0,5255.5,-105.0,5268.5,-87.0,5265.5,-21.0,5254.5,66.0,5240.0,123.0,5230.5,5265.5,-87.0,PASS_SELL,,,,,,
1,105100,VELVETFRUIT_EXTRACT,-1,16.0,5251.0,5253.5,5.0,-0.5428571428571428,1051,-104.0,5257.5,-264.0,5267.5,-168.0,5261.5,-40.0,5253.5,120.0,5243.5,360.0,5228.5,5265.5,-232.0,AGG_SELL,,,,,,
1,105500,VELVETFRUIT_EXTRACT,-1,20.0,5254.0,5256.5,5.0,-0.4594594594594595,1055,-110.0,5259.5,-270.0,5267.5,-110.0,5259.5,90.0,5249.5,190.0,5244.5,490.0,5229.5,5265.5,-230.0,AGG_SELL,,,,,,
1,105600,VELVETFRUIT_EXTRACT,-1,60.0,5255.0,5257.5,5.0,0.6,1056,-330.0,5260.5,-690.0,5266.5,-150.0,5257.5,390.0,5248.5,510.0,5246.5,1590.0,5228.5,5265.5,-630.0,AGG_SELL,,,,,,
1,106900,VELVETFRUIT_EXTRACT,1,7.0,5258.0,5257.0,2.0,0.8028169014084507,1069,42.0,5264.0,31.5,5262.5,-17.5,5255.5,-77.0,5247.0,-98.0,5244.0,-234.5,5224.5,5265.5,52.5,AGG_BUY,,,,,,
1,107400,VELVETFRUIT_EXTRACT,-1,5.0,5262.0,5263.5,3.0,-0.5652173913043478,1074,-10.0,5264.0,-7.5,5263.5,30.0,5256.0,60.0,5250.0,82.5,5245.5,182.5,5225.5,5265.5,-17.5,AGG_SELL,,,,,,
1,107900,VELVETFRUIT_EXTRACT,-1,3.0,5266.0,5264.0,6.0,0.0,1079,-1.5,5266.5,16.5,5260.5,25.5,5257.5,33.0,5255.0,57.0,5247.0,133.5,5221.5,5265.5,1.5,PASS_SELL,,,,,,
1,109000,VELVETFRUIT_EXTRACT,1,12.0,5265.0,5264.5,1.0,0.3142857142857143,1090,60.0,5270.0,-6.0,5264.5,-90.0,5257.5,-126.0,5254.5,-222.0,5246.5,-516.0,5222.0,5265.5,6.0,AGG_BUY,,,,,,
1,110100,VELVETFRUIT_EXTRACT,1,4.0,5266.0,5267.5,5.0,0.5526315789473685,1101,-6.0,5264.5,-18.0,5261.5,-30.0,5258.5,-54.0,5252.5,-54.0,5252.5,-170.0,5223.5,5265.5,-2.0,PASS_BUY,,,,,,
1,112000,VELVETFRUIT_EXTRACT,1,3.0,5261.0,5262.5,5.0,-0.5277777777777778,1120,-3.0,5260.0,-19.5,5254.5,7.5,5263.5,-19.5,5254.5,-16.5,5255.5,-115.5,5222.5,5265.5,13.5,PASS_BUY,,,,,,
1,114000,VEV_5400,-1,7.0,20.0,20.5,1.0,-0.5625,1140,-0.0,20.0,10.5,18.5,-0.0,20.0,14.0,18.0,14.0,18.0,52.5,12.5,17.0,21.0,AGG_SELL,,,,,,
1,120300,VEV_4000,1,4.0,1257.0,1252.0,10.0,0.5555555555555556,1203,20.0,1262.0,26.0,1263.5,20.0,1262.0,-30.0,1249.5,-42.0,1246.5,-100.0,1232.0,1265.5,34.0,AGG_BUY,,,,,,
1,120300,VEV_4500,1,4.0,757.0,753.0,8.0,0.2,1203,20.0,762.0,24.0,763.0,20.0,762.0,-32.0,749.0,-40.0,747.0,-100.0,732.0,765.5,34.0,AGG_BUY,,,,,,
1,120300,VEV_5000,1,4.0,262.0,260.5,3.0,0.7333333333333333,1203,20.0,267.0,24.0,268.0,20.0,267.0,-28.0,255.0,-40.0,252.0,-98.0,237.5,268.5,26.0,AGG_BUY,,,,,,
1,120300,VEV_5100,1,4.0,173.0,172.5,1.0,0.2,1203,18.0,177.5,22.0,178.5,18.0,177.5,-24.0,167.0,-32.0,165.0,-92.0,150.0,177.5,18.0,AGG_BUY,,,,,,
1,120300,VEV_5200,1,4.0,102.0,101.5,1.0,0.7333333333333333,1203,14.0,105.5,16.0,106.0,14.0,105.5,-22.0,96.5,-30.0,94.5,-68.0,85.0,102.5,2.0,AGG_BUY,,,,,,
1,120700,VELVETFRUIT_EXTRACT,-1,5.0,5261.0,5262.5,3.0,-0.8484848484848485,1207,-17.5,5264.5,-2.5,5261.5,-10.0,5263.0,60.0,5249.0,82.5,5244.5,142.5,5232.5,5265.5,-22.5,AGG_SELL,,,,,,
1,123300,VELVETFRUIT_EXTRACT,1,7.0,5263.0,5264.5,5.0,0.5897435897435898,1233,-7.0,5262.0,10.5,5264.5,7.0,5264.0,-98.0,5249.0,-115.5,5246.5,-178.5,5237.5,5265.5,17.5,PASS_BUY,,,,,,
1,124800,VELVETFRUIT_EXTRACT,-1,6.0,5263.0,5264.5,3.0,-0.4782608695652174,1248,3.0,5262.5,-9.0,5264.5,-0.0,5263.0,99.0,5246.5,78.0,5250.0,153.0,5237.5,5265.5,-15.0,AGG_SELL,,,,,,
1,127200,VEV_4000,1,3.0,1263.0,1258.0,10.0,0.5384615384615384,1272,1.5,1263.5,-1.5,1262.5,-4.5,1261.5,-49.5,1246.5,-28.5,1253.5,-103.5,1228.5,1265.5,7.5,AGG_BUY,,,,,,
1,127200,VEV_4500,1,3.0,763.0,759.5,7.0,0.5714285714285714,1272,1.5,763.5,0.0,763.0,-4.5,761.5,-51.0,746.0,-27.0,754.0,-102.0,729.0,765.5,7.5,AGG_BUY,,,,,,
1,127200,VEV_5000,1,3.0,268.0,266.5,3.0,0.7857142857142857,1272,0.0,268.0,-1.5,267.5,-4.5,266.5,-48.0,252.0,-27.0,259.0,-99.0,235.0,268.5,1.5,AGG_BUY,,,,,,
1,127200,VEV_5100,1,3.0,179.0,178.0,2.0,0.5714285714285714,1272,-1.5,178.5,-3.0,178.0,-6.0,177.0,-43.5,164.5,-27.0,170.0,-93.0,148.0,177.5,-4.5,AGG_BUY,,,,,,
1,127200,VEV_5200,1,3.0,106.0,105.5,1.0,0.7857142857142857,1272,1.5,106.5,-1.5,105.5,-4.5,104.5,-34.5,94.5,-19.5,99.5,-67.5,83.5,102.5,-10.5,AGG_BUY,,,,,,
1,131300,VELVETFRUIT_EXTRACT,-1,13.0,5265.0,5266.5,3.0,-0.6867469879518072,1313,13.0,5264.0,19.5,5263.5,84.5,5258.5,227.5,5247.5,299.0,5242.0,585.0,5220.0,5265.5,-6.5,AGG_SELL,,,,,,
1,131800,VELVETFRUIT_EXTRACT,1,5.0,5262.0,5264.0,6.0,0.0,1318,12.5,5264.5,7.5,5263.5,-12.5,5259.5,-87.5,5244.5,-95.0,5243.0,-207.5,5220.5,5265.5,17.5,PASS_BUY,,,,,,
1,135500,VELVETFRUIT_EXTRACT,1,7.0,5258.0,5259.5,5.0,0.0,1355,31.5,5262.5,-17.5,5255.5,24.5,5261.5,-150.5,5236.5,-80.5,5246.5,-283.5,5217.5,5265.5,52.5,PASS_BUY,,,,,,
1,135900,VEV_4000,1,3.0,1263.0,1257.5,11.0,0.5714285714285714,1359,-1.5,1262.5,-22.5,1255.5,-1.5,1262.5,-78.0,1237.0,-46.5,1247.5,-118.5,1223.5,1265.5,7.5,AGG_BUY,,,,,,
1,135900,VEV_4500,1,3.0,763.0,759.0,8.0,0.3333333333333333,1359,-1.5,762.5,-21.0,756.0,-3.0,762.0,-78.0,737.0,-48.0,747.0,-120.0,723.0,765.5,7.5,AGG_BUY,,,,,,
1,135900,VEV_5000,1,3.0,267.0,266.0,2.0,0.3333333333333333,1359,0.0,267.0,-18.0,261.0,0.0,267.0,-72.0,243.0,-42.0,253.0,-112.5,229.5,268.5,4.5,AGG_BUY,,,,,,
1,135900,VEV_5100,1,3.0,178.0,177.0,2.0,0.8064516129032258,1359,0.0,178.0,-16.5,172.5,-1.5,177.5,-63.0,157.0,-39.0,165.0,-105.0,143.0,177.5,-1.5,AGG_BUY,,,,,,
1,135900,VEV_5200,1,3.0,105.0,104.5,1.0,0.8064516129032258,1359,1.5,105.5,-13.5,100.5,-1.5,104.5,-49.5,88.5,-30.0,95.0,-76.5,79.5,102.5,-7.5,AGG_BUY,,,,,,
1,136400,VELVETFRUIT_EXTRACT,1,7.0,5263.0,5262.0,2.0,0.8227848101265823,1364,-10.5,5261.5,-31.5,5258.5,3.5,5263.5,-185.5,5236.5,-126.0,5245.0,-290.5,5221.5,5265.5,17.5,AGG_BUY,,,,,,
1,137200,VELVETFRUIT_EXTRACT,1,10.0,5261.0,5260.0,2.0,0.3548387096774194,1372,-55.0,5255.5,-5.0,5260.5,45.0,5265.5,-275.0,5233.5,-105.0,5250.5,-435.0,5217.5,5265.5,45.0,AGG_BUY,,,,,,
1,137800,VELVETFRUIT_EXTRACT,1,8.0,5258.0,5257.0,2.0,0.5151515151515151,1378,-12.0,5256.5,36.0,5262.5,84.0,5268.5,-220.0,5230.5,-68.0,5249.5,-348.0,5214.5,5265.5,60.0,AGG_BUY,,,,,,
1,138000,VELVETFRUIT_EXTRACT,1,7.0,5255.0,5256.5,5.0,0.3924050632911392,1380,24.5,5258.5,66.5,5264.5,87.5,5267.5,-164.5,5231.5,-21.0,5252.0,-297.5,5212.5,5265.5,73.5,PASS_BUY,,,,,,
1,138200,VELVETFRUIT_EXTRACT,1,9.0,5257.0,5255.5,3.0,0.71875,1382,22.5,5259.5,67.5,5264.5,72.0,5265.0,-229.5,5231.5,-63.0,5250.0,-396.0,5213.0,5265.5,76.5,AGG_BUY,,,,,,
1,139400,VELVETFRUIT_EXTRACT,1,11.0,5257.0,5256.0,2.0,0.6857142857142857,1394,5.5,5257.5,38.5,5260.5,82.5,5264.5,-203.5,5238.5,-38.5,5253.5,-445.5,5216.5,5265.5,93.5,AGG_BUY,,,,,,
1,139700,VELVETFRUIT_EXTRACT,1,8.0,5257.0,5256.0,2.0,0.746031746031746,1397,-12.0,5255.5,36.0,5261.5,68.0,5265.5,-132.0,5240.5,-20.0,5254.5,-332.0,5215.5,5265.5,68.0,AGG_BUY,,,,,,
1,140000,VELVETFRUIT_EXTRACT,-1,5.0,5260.0,5258.5,5.0,0.475,1400,12.5,5257.5,-5.0,5261.0,-35.0,5267.0,107.5,5238.5,27.5,5254.5,232.5,5213.5,5265.5,-27.5,PASS_SELL,,,,,,
1,141000,VELVETFRUIT_EXTRACT,-1,4.0,5259.0,5257.5,5.0,0.0,1410,-2.0,5259.5,-20.0,5264.0,-26.0,5265.5,80.0,5239.0,6.0,5257.5,186.0,5212.5,5265.5,-26.0,PASS_SELL,,,,,,
1,141600,VELVETFRUIT_EXTRACT,-1,12.0,5259.0,5260.5,3.0,-0.6363636363636364,1416,-42.0,5262.5,-42.0,5262.5,-18.0,5260.5,258.0,5237.5,-6.0,5259.5,564.0,5212.0,5265.5,-78.0,AGG_SELL,,,,,,
1,142000,VELVETFRUIT_EXTRACT,-1,6.0,5261.0,5259.5,5.0,0.4647887323943662,1420,-21.0,5264.5,-24.0,5265.0,12.0,5259.0,135.0,5238.5,-0.0,5261.0,285.0,5213.5,5265.5,-27.0,PASS_SELL,,,,,,
1,144500,VELVETFRUIT_EXTRACT,1,5.0,5259.0,5260.5,5.0,0.5384615384615384,1445,12.5,5261.5,32.5,5265.5,-30.0,5253.0,-107.5,5237.5,-17.5,5255.5,-262.5,5206.5,5265.5,32.5,PASS_BUY,,,,,,
1,145500,VEV_4000,1,2.0,1261.0,1256.0,10.0,0.6923076923076923,1455,5.0,1263.5,9.0,1265.5,-25.0,1248.5,-52.0,1235.0,-15.0,1253.5,-104.0,1209.0,1265.5,9.0,AGG_BUY,,,,,,
1,145500,VEV_4500,1,2.0,761.0,757.0,8.0,0.6923076923076923,1455,6.0,764.0,8.0,765.0,-24.0,749.0,-52.0,735.0,-14.0,754.0,-104.0,709.0,765.5,9.0,AGG_BUY,,,,,,
1,145500,VEV_5100,1,2.0,177.0,176.0,2.0,0.6923076923076923,1455,4.0,179.0,6.0,180.0,-21.0,166.5,-44.0,155.0,-14.0,170.0,-88.0,133.0,177.5,1.0,AGG_BUY,,,,,,
1,145500,VEV_5200,1,2.0,104.0,103.5,1.0,0.84,1455,4.0,106.0,5.0,106.5,-15.0,96.5,-33.0,87.5,-9.0,99.5,-64.0,72.0,102.5,-3.0,AGG_BUY,,,,,,
1,146700,VELVETFRUIT_EXTRACT,1,7.0,5261.0,5262.5,5.0,-0.5813953488372093,1467,52.5,5268.5,-3.5,5260.5,-94.5,5247.5,-178.5,5235.5,-49.0,5254.0,-388.5,5205.5,5265.5,31.5,PASS_BUY,,,,,,
1,148800,VELVETFRUIT_EXTRACT,1,11.0,5263.0,5262.5,1.0,0.3125,1488,27.5,5265.5,-104.5,5253.5,-93.5,5254.5,-236.5,5241.5,5.5,5263.5,-654.5,5203.5,5265.5,27.5,AGG_BUY,,,,,,
1,149000,VEV_5400,-1,8.0,20.0,20.5,1.0,-0.42857142857142855,1490,-4.0,20.5,20.0,17.5,12.0,18.5,36.0,15.5,4.0,19.5,92.0,8.5,17.0,24.0,AGG_SELL,,,,,,
1,149700,VEV_5400,-1,10.0,20.0,20.5,1.0,-0.4117647058823529,1497,-0.0,20.0,20.0,18.0,15.0,18.5,45.0,15.5,-0.0,20.0,115.0,8.5,17.0,30.0,AGG_SELL,,,,,,
1,150600,VEV_4000,1,2.0,1265.0,1260.0,10.0,0.5555555555555556,1506,-9.0,1260.5,-33.0,1248.5,-21.0,1254.5,-49.0,1240.5,-5.0,1262.5,-130.0,1200.0,1265.5,1.0,AGG_BUY,,,,,,
1,150600,VEV_4500,1,2.0,765.0,761.5,7.0,0.6363636363636364,1506,-8.0,761.0,-32.0,749.0,-22.0,754.0,-48.0,741.0,-5.0,762.5,-129.0,700.5,765.5,1.0,AGG_BUY,,,,,,
1,150600,VEV_5000,1,2.0,270.0,268.5,3.0,0.6363636363636364,1506,-9.0,265.5,-32.0,254.0,-22.0,259.0,-46.0,247.0,-6.0,267.0,-123.0,208.5,268.5,-3.0,AGG_BUY,,,,,,
1,150600,VEV_5100,1,2.0,180.0,179.0,2.0,0.8666666666666667,1506,-7.0,176.5,-27.0,166.5,-18.0,171.0,-40.0,160.0,-5.0,177.5,-107.0,126.5,177.5,-5.0,AGG_BUY,,,,,,
1,150600,VEV_5200,1,2.0,107.0,106.5,1.0,0.6363636363636364,1506,-6.0,104.0,-21.0,96.5,-15.0,99.5,-33.0,90.5,-5.0,104.5,-79.0,67.5,102.5,-9.0,AGG_BUY,,,,,,
1,150700,VELVETFRUIT_EXTRACT,-1,7.0,5267.0,5265.5,5.0,-0.45714285714285713,1507,45.5,5260.5,129.5,5248.5,87.5,5254.5,178.5,5241.5,24.5,5263.5,458.5,5201.5,5265.5,10.5,PASS_SELL,,,,,,
1,151400,VELVETFRUIT_EXTRACT,1,7.0,5262.0,5263.5,5.0,0.5268817204301075,1514,-38.5,5256.5,-108.5,5246.5,-52.5,5254.5,-129.5,5243.5,3.5,5262.5,-444.5,5198.5,5265.5,24.5,PASS_BUY,,,,,,
1,151500,VELVETFRUIT_EXTRACT,1,21.0,5263.0,5260.5,5.0,0.0,1515,-126.0,5257.0,-315.0,5248.0,-157.5,5255.5,-430.5,5242.5,10.5,5263.5,-1365.0,5198.0,5265.5,52.5,AGG_BUY,,,,,,
1,151600,VELVETFRUIT_EXTRACT,1,23.0,5263.0,5260.5,5.0,0.47126436781609193,1516,-149.5,5256.5,-356.5,5247.5,-195.5,5254.5,-448.5,5243.5,34.5,5264.5,-1483.5,5198.5,5265.5,57.5,AGG_BUY,,,,,,
1,153000,VEV_4000,1,4.0,1256.0,1251.0,10.0,0.38461538461538464,1530,-18.0,1251.5,-10.0,1253.5,-6.0,1254.5,-58.0,1241.5,34.0,1264.5,-216.0,1202.0,1265.5,38.0,AGG_BUY,,,,,,
1,153000,VEV_4500,1,4.0,756.0,752.0,8.0,0.2727272727272727,1530,-20.0,751.0,-12.0,753.0,-4.0,755.0,-58.0,741.5,34.0,764.5,-218.0,701.5,765.5,38.0,AGG_BUY,,,,,,
1,153000,VEV_5000,1,4.0,261.0,259.5,3.0,0.7333333333333333,1530,-16.0,257.0,-12.0,258.0,-4.0,260.0,-52.0,248.0,30.0,268.5,-202.0,210.5,268.5,30.0,AGG_BUY,,,,,,
1,153000,VEV_5100,1,4.0,172.0,171.5,1.0,0.2727272727272727,1530,-14.0,168.5,-8.0,170.0,-2.0,171.5,-48.0,160.0,28.0,179.0,-178.0,127.5,177.5,22.0,AGG_BUY,,,,,,
1,153000,VEV_5200,1,4.0,101.0,100.5,1.0,0.7333333333333333,1530,-10.0,98.5,-6.0,99.5,-6.0,99.5,-38.0,91.5,22.0,106.5,-132.0,68.0,102.5,6.0,AGG_BUY,,,,,,
1,154500,VELVETFRUIT_EXTRACT,1,8.0,5254.0,5253.0,2.0,0.7288135593220338,1545,-36.0,5249.5,-4.0,5253.5,-12.0,5252.5,-100.0,5241.5,84.0,5264.5,-372.0,5207.5,5265.5,92.0,AGG_BUY,,,,,,
1,159800,VEV_5400,-1,6.0,18.0,18.5,1.0,-0.4782608695652174,1598,-0.0,18.0,-0.0,18.0,-0.0,18.0,3.0,17.5,-0.0,18.0,51.0,9.5,17.0,6.0,AGG_SELL,,,,,,
1,160600,VEV_5400,-1,20.0,18.0,18.5,1.0,0.0,1606,-10.0,18.5,10.0,17.5,10.0,17.5,10.0,17.5,-10.0,18.5,170.0,9.5,17.0,20.0,AGG_SELL,,,,,,
1,160700,VEV_5400,-1,20.0,18.0,18.5,1.0,0.0,1607,-10.0,18.5,10.0,17.5,10.0,17.5,10.0,17.5,-20.0,19.0,170.0,9.5,17.0,20.0,AGG_SELL,,,,,,
1,161300,VEV_5400,-1,20.0,18.0,18.5,1.0,0.0,1613,-10.0,18.5,-0.0,18.0,10.0,17.5,-0.0,18.0,-10.0,18.5,160.0,10.0,17.0,20.0,AGG_SELL,,,,,,
1,161700,VEV_5400,-1,17.0,18.0,18.5,1.0,0.0,1617,-8.5,18.5,-0.0,18.0,8.5,17.5,-0.0,18.0,-0.0,18.0,144.5,9.5,17.0,17.0,AGG_SELL,,,,,,
1,162000,VEV_5400,-1,20.0,18.0,18.5,1.0,0.0,1620,-10.0,18.5,-10.0,18.5,10.0,17.5,-10.0,18.5,-0.0,18.0,170.0,9.5,17.0,20.0,AGG_SELL,,,,,,
1,163300,VELVETFRUIT_EXTRACT,1,10.0,5254.0,5253.0,2.0,0.6610169491525424,1633,-25.0,5251.5,-20.0,5252.0,-50.0,5249.0,25.0,5256.5,25.0,5256.5,-385.0,5215.5,5265.5,115.0,AGG_BUY,,,,,,
1,163300,VEV_5400,-1,20.0,18.0,18.5,1.0,0.0,1633,10.0,17.5,10.0,17.5,10.0,17.5,-10.0,18.5,-10.0,18.5,170.0,9.5,17.0,20.0,AGG_SELL,,,,,,
1,163400,VEV_5400,-1,20.0,18.0,18.5,1.0,0.0,1634,10.0,17.5,10.0,17.5,20.0,17.0,-10.0,18.5,-10.0,18.5,170.0,9.5,17.0,20.0,AGG_SELL,,,,,,
1,164000,VELVETFRUIT_EXTRACT,1,5.0,5252.0,5253.5,5.0,-0.525,1640,2.5,5252.5,0.0,5252.0,-15.0,5249.0,17.5,5255.5,-5.0,5251.0,-182.5,5215.5,5265.5,67.5,PASS_BUY,,,,,,
1,164400,VELVETFRUIT_EXTRACT,1,10.0,5251.0,5250.0,2.0,0.3333333333333333,1644,5.0,5251.5,35.0,5254.5,-65.0,5244.5,20.0,5253.0,15.0,5252.5,-365.0,5214.5,5265.5,145.0,AGG_BUY,,,,,,
1,166800,VELVETFRUIT_EXTRACT,-1,8.0,5253.0,5254.5,3.0,-0.4666666666666667,1668,4.0,5252.5,32.0,5249.0,52.0,5246.5,12.0,5251.5,28.0,5249.5,244.0,5222.5,5265.5,-100.0,AGG_SELL,,,,,,
1,167100,VEV_5400,-1,7.0,18.0,18.5,1.0,-0.5333333333333333,1671,-0.0,18.0,3.5,17.5,7.0,17.0,-0.0,18.0,3.5,17.5,52.5,10.5,17.0,7.0,AGG_SELL,,,,,,
1,167600,VELVETFRUIT_EXTRACT,1,6.0,5250.0,5252.0,6.0,0.0,1676,-9.0,5248.5,-9.0,5248.5,-27.0,5245.5,6.0,5251.0,-6.0,5249.0,-159.0,5223.5,5265.5,93.0,PASS_BUY,,,,,,
1,168400,VELVETFRUIT_EXTRACT,1,3.0,5249.0,5250.5,5.0,-0.4606741573033708,1684,16.5,5254.5,-4.5,5247.5,1.5,5249.5,10.5,5252.5,-7.5,5246.5,-94.5,5217.5,5265.5,49.5,PASS_BUY,,,,,,
1,169000,VELVETFRUIT_EXTRACT,-1,8.0,5251.0,5252.0,2.0,-0.5151515151515151,1690,4.0,5250.5,16.0,5249.0,28.0,5247.5,-12.0,5252.5,12.0,5249.5,252.0,5219.5,5265.5,-116.0,AGG_SELL,,,,,,
1,169200,VELVETFRUIT_EXTRACT,-1,14.0,5251.0,5252.0,2.0,-0.125,1692,35.0,5248.5,63.0,5246.5,77.0,5245.5,-21.0,5252.5,14.0,5250.0,427.0,5220.5,5265.5,-203.0,AGG_SELL,,,,,,
1,169400,VEV_5400,-1,5.0,18.0,18.5,1.0,-0.6153846153846154,1694,2.5,17.5,7.5,16.5,7.5,16.5,2.5,17.5,2.5,17.5,37.5,10.5,17.0,5.0,AGG_SELL,,,,,,
1,169700,VELVETFRUIT_EXTRACT,-1,5.0,5254.0,5255.5,3.0,-0.5454545454545454,1697,25.0,5249.0,42.5,5245.5,32.5,5247.5,17.5,5250.5,17.5,5250.5,172.5,5219.5,5265.5,-57.5,AGG_SELL,,,,,,
1,170400,VEV_4000,1,5.0,1249.0,1244.0,10.0,0.4444444444444444,1704,12.5,1251.5,-2.5,1248.5,-12.5,1246.5,-12.5,1246.5,32.5,1255.5,-152.5,1218.5,1265.5,82.5,AGG_BUY,,,,,,
1,170400,VEV_4500,1,5.0,749.0,745.5,7.0,0.4117647058823529,1704,15.0,752.0,-5.0,748.0,-10.0,747.0,-15.0,746.0,35.0,756.0,-152.5,718.5,765.5,82.5,AGG_BUY,,,,,,
1,170400,VEV_5000,1,5.0,255.0,253.5,3.0,0.75,1704,10.0,257.0,-5.0,254.0,-10.0,253.0,-15.0,252.0,27.5,260.5,-150.0,225.0,268.5,67.5,AGG_BUY,,,,,,
1,170400,VEV_5100,1,5.0,167.0,166.0,2.0,0.75,1704,10.0,169.0,-5.0,166.0,-10.0,165.0,-15.0,164.0,25.0,172.0,-135.0,140.0,177.5,52.5,AGG_BUY,,,,,,
1,170400,VEV_5200,1,5.0,96.0,95.5,1.0,0.75,1704,7.5,97.5,-2.5,95.5,-7.5,94.5,-7.5,94.5,22.5,100.5,-97.5,76.5,102.5,32.5,AGG_BUY,,,,,,
1,170500,VEV_4000,1,3.0,1248.0,1243.0,10.0,0.5,1705,7.5,1250.5,-1.5,1247.5,-4.5,1246.5,-4.5,1246.5,28.5,1257.5,-85.5,1219.5,1265.5,52.5,AGG_BUY,,,,,,
1,170500,VEV_4500,1,3.0,748.0,744.5,7.0,0.4,1705,9.0,751.0,0.0,748.0,-3.0,747.0,-6.0,746.0,30.0,758.0,-85.5,719.5,765.5,52.5,AGG_BUY,,,,,,
1,170500,VEV_5000,1,3.0,254.0,252.5,3.0,0.7931034482758621,1705,6.0,256.0,-3.0,253.0,-3.0,253.0,-6.0,252.0,24.0,262.0,-84.0,226.0,268.5,43.5,AGG_BUY,,,,,,
1,170500,VEV_5100,1,3.0,166.0,165.0,2.0,0.7931034482758621,1705,7.5,168.5,-1.5,165.5,-3.0,165.0,-4.5,164.5,22.5,173.5,-75.0,141.0,177.5,34.5,AGG_BUY,,,,,,
1,170500,VEV_5200,1,3.0,96.0,95.5,1.0,0.4,1705,4.5,97.5,-1.5,95.5,-4.5,94.5,-4.5,94.5,16.5,101.5,-57.0,77.0,102.5,19.5,AGG_BUY,,,,,,
1,171400,HYDROGEL_PACK,-1,6.0,9991.0,9984.0,16.0,0.0,1714,102.0,9974.0,-60.0,10001.0,-108.0,10009.0,-102.0,10008.0,78.0,9978.0,-114.0,10010.0,10015.0,-144.0,PASS_SELL,,,,,,
1,171700,VELVETFRUIT_EXTRACT,1,7.0,5249.0,5250.5,5.0,0.5555555555555556,1717,-7.0,5248.0,-17.5,5246.5,-24.5,5245.5,-38.5,5243.5,80.5,5260.5,-206.5,5219.5,5265.5,115.5,PASS_BUY,,,,,,
1,172100,HYDROGEL_PACK,1,6.0,9982.0,9974.0,16.0,0.0,1721,-54.0,9973.0,90.0,9997.0,228.0,10020.0,132.0,10004.0,-54.0,9973.0,180.0,10012.0,10015.0,198.0,AGG_BUY,,,,,,
1,172500,VEV_4000,1,5.0,1249.0,1244.0,10.0,0.3333333333333333,1725,-2.5,1248.5,-17.5,1245.5,-17.5,1245.5,-17.5,1245.5,57.5,1260.5,-150.0,1219.0,1265.5,82.5,AGG_BUY,,,,,,
1,172500,VEV_4500,1,5.0,749.0,745.5,7.0,0.375,1725,0.0,749.0,-15.0,746.0,-20.0,745.0,-20.0,745.0,60.0,761.0,-152.5,718.5,765.5,82.5,AGG_BUY,,,,,,
1,172500,VEV_5000,1,5.0,255.0,253.5,3.0,0.375,1725,-5.0,254.0,-17.5,251.5,-20.0,251.0,-20.0,251.0,50.0,265.0,-147.5,225.5,268.5,67.5,AGG_BUY,,,,,,
1,172500,VEV_5100,1,5.0,167.0,166.0,2.0,0.6875,1725,-5.0,166.0,-15.0,164.0,-17.5,163.5,-17.5,163.5,45.0,176.0,-135.0,140.0,177.5,52.5,AGG_BUY,,,,,,
1,172500,VEV_5200,1,5.0,96.0,95.5,1.0,0.6875,1725,-2.5,95.5,-7.5,94.5,-12.5,93.5,-12.5,93.5,37.5,103.5,-95.0,77.0,102.5,32.5,AGG_BUY,,,,,,
1,172900,VELVETFRUIT_EXTRACT,1,5.0,5247.0,5246.0,2.0,0.5454545454545454,1729,2.5,5247.5,-5.0,5246.0,2.5,5247.5,-2.5,5246.5,72.5,5261.5,-127.5,5221.5,5265.5,92.5,AGG_BUY,,,,,,
1,174000,VELVETFRUIT_EXTRACT,-1,14.0,5248.0,5249.0,2.0,-0.034482758620689655,1740,-21.0,5249.5,7.0,5247.5,77.0,5242.5,7.0,5247.5,-154.0,5259.0,343.0,5223.5,5265.5,-245.0,AGG_SELL,,,,,,
1,174400,HYDROGEL_PACK,-1,6.0,9990.0,9983.5,15.0,0.0,1744,18.0,9987.0,-54.0,9999.0,-156.0,10016.0,24.0,9986.0,48.0,9982.0,-120.0,10010.0,10015.0,-150.0,PASS_SELL,,,,,,
1,174900,VELVETFRUIT_EXTRACT,1,8.0,5247.0,5246.0,2.0,0.8048780487804879,1749,-12.0,5245.5,-12.0,5245.5,-60.0,5239.5,28.0,5250.5,68.0,5255.5,-156.0,5227.5,5265.5,148.0,AGG_BUY,,,,,,
1,178100,VEV_5400,-1,10.0,17.0,17.5,1.0,-0.4444444444444444,1781,-5.0,17.5,5.0,16.5,30.0,14.0,-10.0,18.0,-10.0,18.0,60.0,11.0,17.0,-0.0,AGG_SELL,,,,,,
1,178200,VELVETFRUIT_EXTRACT,-1,9.0,5249.0,5250.5,3.0,-0.7464788732394366,1782,31.5,5245.5,22.5,5246.5,157.5,5231.5,-31.5,5252.5,-67.5,5256.5,198.0,5227.0,5265.5,-148.5,AGG_SELL,,,,,,
1,178400,VEV_5400,-1,20.0,17.0,17.5,1.0,0.0,1784,10.0,16.5,10.0,16.5,50.0,14.5,-10.0,17.5,-20.0,18.0,120.0,11.0,17.0,-0.0,AGG_SELL,,,,,,
1,178600,VEV_5400,-1,20.0,17.0,17.5,1.0,0.0,1786,10.0,16.5,10.0,16.5,50.0,14.5,-0.0,17.0,-20.0,18.0,120.0,11.0,17.0,-0.0,AGG_SELL,,,,,,
1,178700,VEV_5400,-1,8.0,17.0,17.5,1.0,-0.4666666666666667,1787,-0.0,17.0,-0.0,17.0,20.0,14.5,-0.0,17.0,-8.0,18.0,52.0,10.5,17.0,-0.0,AGG_SELL,,,,,,
1,179200,VELVETFRUIT_EXTRACT,1,4.0,5244.0,5245.5,5.0,0.45454545454545453,1792,10.0,5246.5,-14.0,5240.5,-30.0,5236.5,18.0,5248.5,48.0,5256.0,-68.0,5227.0,5265.5,86.0,PASS_BUY,,,,,,
1,179700,VELVETFRUIT_EXTRACT,-1,8.0,5246.0,5247.5,3.0,-0.7037037037037037,1797,-12.0,5247.5,36.0,5241.5,44.0,5240.5,-12.0,5247.5,-100.0,5258.5,172.0,5224.5,5265.5,-156.0,AGG_SELL,,,,,,
1,180100,VELVETFRUIT_EXTRACT,-1,3.0,5247.0,5245.5,5.0,-0.5,1801,-4.5,5248.5,22.5,5239.5,25.5,5238.5,4.5,5245.5,-42.0,5261.0,70.5,5223.5,5265.5,-55.5,PASS_SELL,,,,,,
1,180900,VELVETFRUIT_EXTRACT,1,5.0,5247.0,5246.0,2.0,0.6428571428571429,1809,-17.5,5243.5,-50.0,5237.0,-35.0,5240.0,-20.0,5243.0,42.5,5255.5,-127.5,5221.5,5265.5,92.5,AGG_BUY,,,,,,
1,181100,VEV_5400,-1,17.0,17.0,17.5,1.0,0.0,1811,8.5,16.5,34.0,15.0,25.5,15.5,17.0,16.0,-8.5,17.5,110.5,10.5,17.0,-0.0,AGG_SELL,,,,,,
1,181400,VEV_5400,-1,9.0,17.0,17.5,1.0,-0.45454545454545453,1814,4.5,16.5,18.0,15.0,13.5,15.5,9.0,16.0,-4.5,17.5,58.5,10.5,17.0,-0.0,AGG_SELL,,,,,,
1,183100,VELVETFRUIT_EXTRACT,-1,9.0,5245.0,5246.5,3.0,-0.7777777777777778,1831,31.5,5241.5,135.0,5230.0,85.5,5235.5,4.5,5244.5,-121.5,5258.5,184.5,5224.5,5265.5,-184.5,AGG_SELL,,,,,,
1,183500,VEV_5200,1,8.0,95.0,94.0,2.0,0.0,1835,-28.0,91.5,-68.0,86.5,-60.0,87.5,-12.0,93.5,44.0,100.5,-108.0,81.5,102.5,60.0,AGG_BUY,,,,,,
1,184300,VEV_5200,1,9.0,92.0,91.0,2.0,0.0,1843,-22.5,89.5,-31.5,88.5,-36.0,88.0,22.5,94.5,103.5,103.5,-81.0,83.0,102.5,94.5,AGG_BUY,,,,,,
1,184800,VELVETFRUIT_EXTRACT,1,6.0,5240.0,5239.0,2.0,0.45454545454545453,1848,-9.0,5238.5,-3.0,5239.5,-33.0,5234.5,51.0,5248.5,135.0,5262.5,-81.0,5226.5,5265.5,153.0,AGG_BUY,,,,,,
1,185200,VELVETFRUIT_EXTRACT,-1,9.0,5240.0,5241.5,3.0,-0.6896551724137931,1852,40.5,5235.5,22.5,5237.5,58.5,5233.5,-63.0,5247.0,-211.5,5263.5,103.5,5228.5,5265.5,-229.5,AGG_SELL,,,,,,
1,185400,HYDROGEL_PACK,-1,11.0,10017.0,10025.0,16.0,0.0,1854,-88.0,10025.0,-99.0,10026.0,143.0,10004.0,99.0,10008.0,484.0,9973.0,253.0,9994.0,10015.0,22.0,AGG_SELL,,,,,,
1,185500,HYDROGEL_PACK,-1,15.0,10018.0,10026.0,16.0,0.0,1855,-165.0,10029.0,-120.0,10026.0,180.0,10006.0,135.0,10009.0,690.0,9972.0,375.0,9993.0,10015.0,45.0,AGG_SELL,,,,,,
1,185600,HYDROGEL_PACK,-1,12.0,10023.0,10031.0,16.0,0.0,1856,-60.0,10028.0,-24.0,10025.0,240.0,10003.0,168.0,10009.0,588.0,9974.0,372.0,9992.0,10015.0,96.0,AGG_SELL,,,,,,
1,185700,HYDROGEL_PACK,-1,14.0,10023.0,10031.0,16.0,0.0,1857,-98.0,10030.0,-56.0,10027.0,252.0,10005.0,210.0,10008.0,686.0,9974.0,420.0,9993.0,10015.0,112.0,AGG_SELL,,,,,,
1,185800,HYDROGEL_PACK,-1,13.0,10024.0,10032.0,16.0,0.0,1858,-52.0,10028.0,-52.0,10028.0,260.0,10004.0,221.0,10007.0,611.0,9977.0,429.0,9991.0,10015.0,117.0,AGG_SELL,,,,,,
1,185800,HYDROGEL_PACK,-1,4.0,10039.0,10032.0,16.0,0.0,1858,44.0,10028.0,44.0,10028.0,140.0,10004.0,128.0,10007.0,248.0,9977.0,192.0,9991.0,10015.0,96.0,PASS_SELL,,,,,,
1,185900,HYDROGEL_PACK,-1,12.0,10024.0,10032.0,16.0,0.0,1859,-48.0,10028.0,-12.0,10025.0,252.0,10003.0,216.0,10006.0,552.0,9978.0,408.0,9990.0,10015.0,108.0,AGG_SELL,,,,,,
1,186000,HYDROGEL_PACK,-1,15.0,10023.0,10031.0,16.0,0.0,1860,-105.0,10030.0,-112.5,10030.5,285.0,10004.0,225.0,10008.0,660.0,9979.0,405.0,9996.0,10015.0,120.0,AGG_SELL,,,,,,
1,186100,HYDROGEL_PACK,-1,11.0,10022.0,10030.0,16.0,0.0,1861,-77.0,10029.0,-22.0,10024.0,187.0,10005.0,143.0,10009.0,550.0,9972.0,297.0,9995.0,10015.0,77.0,AGG_SELL,,,,,,
1,186100,VELVETFRUIT_EXTRACT,1,6.0,5235.0,5234.0,2.0,0.8378378378378378,1861,-6.0,5234.0,27.0,5239.5,-9.0,5233.5,72.0,5247.0,171.0,5263.5,-21.0,5231.5,5265.5,183.0,AGG_BUY,,,,,,
1,186500,HYDROGEL_PACK,-1,10.0,10021.0,10029.0,16.0,0.0,1865,-50.0,10026.0,-0.0,10021.0,180.0,10003.0,100.0,10011.0,520.0,9969.0,270.0,9994.0,10015.0,60.0,AGG_SELL,,,,,,
1,186700,HYDROGEL_PACK,-1,10.0,10022.0,10030.0,16.0,0.0,1867,-30.0,10025.0,-10.0,10023.0,180.0,10004.0,40.0,10018.0,500.0,9972.0,300.0,9992.0,10015.0,70.0,AGG_SELL,,,,,,
1,186800,VELVETFRUIT_EXTRACT,-1,8.0,5236.0,5237.5,3.0,-0.4482758620689655,1868,44.0,5230.5,-12.0,5237.5,-4.0,5236.5,-76.0,5245.5,-236.0,5265.5,36.0,5231.5,5265.5,-236.0,AGG_SELL,,,,,,
1,187000,HYDROGEL_PACK,-1,13.0,10022.0,10030.0,16.0,0.0,1870,-52.0,10026.0,-0.0,10022.0,182.0,10008.0,65.0,10017.0,676.0,9970.0,377.0,9993.0,10015.0,91.0,AGG_SELL,,,,,,
1,187100,HYDROGEL_PACK,-1,15.0,10021.0,10029.0,16.0,0.0,1871,-120.0,10029.0,-15.0,10022.0,210.0,10007.0,30.0,10019.0,855.0,9964.0,435.0,9992.0,10015.0,90.0,AGG_SELL,,,,,,
1,187200,HYDROGEL_PACK,-1,11.0,10022.0,10030.0,16.0,0.0,1872,-93.5,10030.5,11.0,10021.0,143.0,10009.0,33.0,10019.0,649.0,9963.0,352.0,9990.0,10015.0,77.0,AGG_SELL,,,,,,
1,187300,HYDROGEL_PACK,-1,14.0,10022.0,10030.0,16.0,0.0,1873,-91.0,10028.5,42.0,10019.0,238.0,10005.0,42.0,10019.0,812.0,9964.0,462.0,9989.0,10015.0,98.0,AGG_SELL,,,,,,
1,187700,VEV_5200,1,6.0,86.0,85.0,2.0,0.0,1877,0.0,86.0,3.0,86.5,21.0,89.5,63.0,96.5,123.0,106.5,-9.0,84.5,102.5,99.0,AGG_BUY,,,,,,
1,187800,VEV_5200,1,6.0,86.0,85.0,2.0,0.0,1878,0.0,86.0,9.0,87.5,24.0,90.0,63.0,96.5,129.0,107.5,-9.0,84.5,102.5,99.0,AGG_BUY,,,,,,
1,188100,HYDROGEL_PACK,-1,11.0,10021.0,10029.0,16.0,0.0,1881,-77.0,10028.0,44.0,10017.0,220.0,10001.0,33.0,10018.0,660.0,9961.0,374.0,9987.0,10015.0,66.0,AGG_SELL,,,,,,
1,188200,HYDROGEL_PACK,-1,15.0,10022.0,10030.5,17.0,0.0,1882,-120.0,10030.0,90.0,10016.0,285.0,10003.0,75.0,10017.0,960.0,9958.0,525.0,9987.0,10015.0,105.0,AGG_SELL,,,,,,
1,188400,HYDROGEL_PACK,-1,10.0,10021.0,10029.0,16.0,0.0,1884,-130.0,10034.0,30.0,10018.0,180.0,10003.0,60.0,10015.0,640.0,9957.0,350.0,9986.0,10015.0,60.0,AGG_SELL,,,,,,
1,188500,HYDROGEL_PACK,-1,13.0,10021.0,10029.0,16.0,0.0,1885,-136.5,10031.5,65.0,10016.0,156.0,10009.0,65.0,10016.0,819.0,9958.0,442.0,9987.0,10015.0,78.0,AGG_SELL,,,,,,
1,188600,HYDROGEL_PACK,-1,14.0,10022.0,10030.0,16.0,0.0,1886,-168.0,10034.0,70.0,10017.0,154.0,10011.0,98.0,10015.0,875.0,9959.5,462.0,9989.0,10015.0,98.0,AGG_SELL,,,,,,
1,188700,HYDROGEL_PACK,-1,10.0,10023.0,10031.0,16.0,0.0,1887,-70.0,10030.0,80.0,10015.0,80.0,10015.0,60.0,10017.0,640.0,9959.0,330.0,9990.0,10015.0,80.0,AGG_SELL,,,,,,
1,188700,VEV_5200,1,9.0,87.0,86.0,2.0,0.0,1887,31.5,90.5,13.5,88.5,40.5,91.5,94.5,97.5,180.0,107.0,-13.5,85.5,102.5,139.5,AGG_BUY,,,,,,
1,189200,HYDROGEL_PACK,-1,13.0,10022.0,10030.0,16.0,0.0,1892,-65.0,10027.0,104.0,10014.0,65.0,10017.0,91.0,10015.0,910.0,9952.0,338.0,9996.0,10015.0,91.0,AGG_SELL,,,,,,
1,189300,HYDROGEL_PACK,-1,14.0,10025.0,10033.0,16.0,0.0,1893,-14.0,10026.0,154.0,10014.0,126.0,10016.0,168.0,10013.0,1008.0,9953.0,364.0,9999.0,10015.0,140.0,AGG_SELL,,,,,,
1,189400,HYDROGEL_PACK,-1,14.0,10026.0,10034.0,16.0,0.0,1894,-0.0,10026.0,196.0,10012.0,70.0,10021.0,140.0,10016.0,1064.0,9950.0,378.0,9999.0,10015.0,154.0,AGG_SELL,,,,,,
1,189500,HYDROGEL_PACK,-1,12.0,10023.0,10031.5,17.0,0.0,1895,-36.0,10026.0,132.0,10012.0,24.0,10021.0,60.0,10018.0,852.0,9952.0,276.0,10000.0,10015.0,96.0,AGG_SELL,,,,,,
1,189600,HYDROGEL_PACK,-1,10.0,10026.0,10034.0,16.0,0.0,1896,10.0,10025.0,160.0,10010.0,70.0,10019.0,120.0,10014.0,750.0,9951.0,290.0,9997.0,10015.0,110.0,AGG_SELL,,,,,,
1,189600,VELVETFRUIT_EXTRACT,-1,15.0,5238.0,5240.5,5.0,-0.5238095238095238,1896,22.5,5236.5,37.5,5235.5,15.0,5237.0,-232.5,5253.5,-450.0,5268.0,7.5,5237.5,5265.5,-412.5,AGG_SELL,,,,,,
1,190100,VEV_4000,1,3.0,1238.0,1233.0,10.0,0.4,1901,4.5,1239.5,-10.5,1234.5,4.5,1239.5,52.5,1255.5,102.0,1272.0,3.0,1239.0,1265.5,82.5,AGG_BUY,,,,,,
1,190100,VEV_4500,1,3.0,738.0,734.5,7.0,0.3333333333333333,1901,4.5,739.5,-12.0,734.0,3.0,739.0,51.0,755.0,102.0,772.0,3.0,739.0,765.5,82.5,AGG_BUY,,,,,,
1,190100,VEV_5000,1,3.0,244.0,243.0,2.0,0.3333333333333333,1901,6.0,246.0,-9.0,241.0,4.5,245.5,48.0,260.0,94.5,275.5,0.0,244.0,268.5,73.5,AGG_BUY,,,,,,
1,190100,VEV_5100,1,3.0,157.0,156.5,1.0,0.3333333333333333,1901,6.0,159.0,-7.5,154.5,6.0,159.0,43.5,171.5,85.5,185.5,-3.0,156.0,177.5,61.5,AGG_BUY,,,,,,
1,190100,VEV_5200,1,3.0,89.0,88.5,1.0,0.75,1901,4.5,90.5,-6.0,87.0,3.0,90.0,34.5,100.5,64.5,110.5,-4.5,87.5,102.5,40.5,AGG_BUY,,,,,,
1,190600,VELVETFRUIT_EXTRACT,1,6.0,5235.0,5236.5,5.0,0.0,1906,15.0,5237.5,3.0,5235.5,33.0,5240.5,129.0,5256.5,204.0,5269.0,21.0,5238.5,5265.5,183.0,PASS_BUY,,,,,,
1,190700,VELVETFRUIT_EXTRACT,-1,3.0,5238.0,5236.5,5.0,0.0,1907,3.0,5237.0,10.5,5234.5,-10.5,5241.5,-58.5,5257.5,-99.0,5271.0,-1.5,5238.5,5265.5,-82.5,PASS_SELL,,,,,,
1,191000,HYDROGEL_PACK,-1,7.0,10026.0,10030.5,9.0,-0.2631578947368421,1910,28.0,10022.0,154.0,10004.0,70.0,10016.0,56.0,10018.0,490.0,9956.0,147.0,10005.0,10015.0,77.0,AGG_SELL,,,,,,
1,191600,VEV_5200,1,10.0,90.0,89.0,2.0,0.0,1916,-35.0,86.5,-30.0,87.0,25.0,92.5,135.0,103.5,205.0,110.5,-25.0,87.5,102.5,125.0,AGG_BUY,,,,,,
1,192600,VELVETFRUIT_EXTRACT,1,3.0,5232.0,5233.5,5.0,0.0,1926,16.5,5237.5,13.5,5236.5,34.5,5243.5,79.5,5258.5,121.5,5272.5,7.5,5234.5,5265.5,100.5,PASS_BUY,,,,,,
1,192800,HYDROGEL_PACK,1,5.0,10008.0,10015.0,16.0,0.0,1928,45.0,10017.0,-15.0,10005.0,85.0,10025.0,-5.0,10007.0,-245.0,9959.0,10.0,10010.0,10015.0,35.0,PASS_BUY,,,,,,
1,193600,VELVETFRUIT_EXTRACT,-1,10.0,5236.0,5237.5,3.0,-0.7530864197530864,1936,5.0,5235.5,-75.0,5243.5,-50.0,5241.0,-190.0,5255.0,-355.0,5271.5,20.0,5234.0,5265.5,-295.0,AGG_SELL,,,,,,
1,194400,VELVETFRUIT_EXTRACT,1,5.0,5235.0,5236.5,5.0,-0.49295774647887325,1944,-5.0,5234.0,27.5,5240.5,25.0,5240.0,95.0,5254.0,200.0,5275.0,15.0,5238.0,5265.5,152.5,PASS_BUY,,,,,,
1,195600,VEV_4000,1,3.0,1235.0,1230.0,10.0,0.4,1956,-3.0,1234.0,16.5,1240.5,34.5,1246.5,55.5,1253.5,133.5,1279.5,19.5,1241.5,1265.5,91.5,AGG_BUY,,,,,,
1,195600,VEV_4500,1,3.0,735.0,731.0,8.0,0.5,1956,-3.0,734.0,18.0,741.0,33.0,746.0,57.0,754.0,130.5,778.5,21.0,742.0,765.5,91.5,AGG_BUY,,,,,,
1,195600,VEV_5200,1,3.0,87.0,86.5,1.0,0.7777777777777778,1956,0.0,87.0,10.5,90.5,22.5,94.5,37.5,99.5,78.0,113.0,7.5,89.5,102.5,46.5,AGG_BUY,,,,,,
1,197400,VEV_5200,1,6.0,90.0,89.0,2.0,0.0,1974,9.0,91.5,15.0,92.5,24.0,94.0,69.0,101.5,126.0,111.0,-21.0,86.5,102.5,75.0,AGG_BUY,,,,,,
1,197600,VELVETFRUIT_EXTRACT,1,9.0,5237.0,5236.5,1.0,0.35714285714285715,1976,58.5,5243.5,58.5,5243.5,99.0,5248.0,175.5,5256.5,319.5,5272.5,4.5,5237.5,5265.5,256.5,AGG_BUY,,,,,,
1,198600,VELVETFRUIT_EXTRACT,-1,8.0,5242.0,5243.5,3.0,-0.4666666666666667,1986,40.0,5237.0,8.0,5241.0,-32.0,5246.0,-176.0,5264.0,-208.0,5268.0,52.0,5235.5,5265.5,-188.0,AGG_SELL,,,,,,
1,198900,VELVETFRUIT_EXTRACT,-1,5.0,5242.0,5240.5,5.0,0.5833333333333334,1989,17.5,5238.5,7.5,5240.5,-22.5,5246.5,-107.5,5263.5,-132.5,5268.5,37.5,5234.5,5265.5,-117.5,PASS_SELL,,,,,,
1,199200,VELVETFRUIT_EXTRACT,-1,5.0,5242.0,5240.5,5.0,0.0,1992,15.0,5239.0,-2.5,5242.5,-27.5,5247.5,-115.0,5265.0,-130.0,5268.0,42.5,5233.5,5265.5,-117.5,PASS_SELL,,,,,,
1,199400,HYDROGEL_PACK,-1,15.0,10013.0,10021.0,16.0,0.0,1994,-0.0,10013.0,-15.0,10014.0,-15.0,10014.0,120.0,10005.0,960.0,9949.0,-480.0,10045.0,10015.0,-30.0,AGG_SELL,,,,,,
1,199600,VELVETFRUIT_EXTRACT,1,10.0,5238.0,5237.0,2.0,0.7368421052631579,1996,25.0,5240.5,45.0,5242.5,105.0,5248.5,275.0,5265.5,315.0,5269.5,-15.0,5236.5,5265.5,275.0,AGG_BUY,,,,,,
1,201000,VELVETFRUIT_EXTRACT,1,9.0,5241.0,5240.0,2.0,0.7631578947368421,2010,4.5,5241.5,45.0,5246.0,121.5,5254.5,202.5,5263.5,265.5,5270.5,4.5,5241.5,5265.5,220.5,AGG_BUY,,,,,,
1,201500,HYDROGEL_PACK,-1,15.0,10016.0,10024.0,16.0,0.0,2015,-120.0,10024.0,75.0,10011.0,210.0,10002.0,255.0,9999.0,930.0,9954.0,-450.0,10046.0,10015.0,15.0,AGG_SELL,,,,,,
1,201600,HYDROGEL_PACK,-1,12.0,10018.0,10026.0,16.0,0.0,2016,-60.0,10023.0,96.0,10010.0,144.0,10006.0,240.0,9998.0,774.0,9953.5,-336.0,10046.0,10015.0,36.0,AGG_SELL,,,,,,
1,201700,HYDROGEL_PACK,-1,12.0,10019.0,10027.0,16.0,0.0,2017,-72.0,10025.0,120.0,10009.0,144.0,10007.0,300.0,9994.0,816.0,9951.0,-288.0,10043.0,10015.0,48.0,AGG_SELL,,,,,,
1,202300,VELVETFRUIT_EXTRACT,1,10.0,5241.0,5240.0,2.0,0.3333333333333333,2023,-5.0,5240.5,45.0,5245.5,145.0,5255.5,235.0,5264.5,275.0,5268.5,45.0,5245.5,5265.5,245.0,AGG_BUY,,,,,,
1,202400,HYDROGEL_PACK,-1,10.0,10019.0,10027.0,16.0,0.0,2024,-20.0,10021.0,110.0,10008.0,200.0,9999.0,250.0,9994.0,750.0,9944.0,-150.0,10034.0,10015.0,40.0,AGG_SELL,,,,,,
1,203100,VELVETFRUIT_EXTRACT,1,7.0,5240.0,5239.0,2.0,0.5483870967741935,2031,10.5,5241.5,52.5,5247.5,115.5,5256.5,164.5,5263.5,185.5,5266.5,56.0,5248.0,5265.5,178.5,AGG_BUY,,,,,,
1,206200,VEV_4000,1,3.0,1244.0,1239.0,10.0,0.5384615384615384,2062,7.5,1246.5,28.5,1253.5,19.5,1250.5,67.5,1266.5,64.5,1265.5,43.5,1258.5,1265.5,64.5,AGG_BUY,,,,,,
1,206200,VEV_4500,1,3.0,744.0,740.0,8.0,0.5714285714285714,2062,6.0,746.0,30.0,754.0,18.0,750.0,69.0,767.0,64.5,765.5,42.0,758.0,765.5,64.5,AGG_BUY,,,,,,
1,206800,VELVETFRUIT_EXTRACT,1,6.0,5242.0,5243.5,5.0,0.4845360824742268,2068,24.0,5246.0,75.0,5254.5,57.0,5251.5,135.0,5264.5,144.0,5266.0,102.0,5259.0,5265.5,141.0,PASS_BUY,,,,,,
1,207600,VELVETFRUIT_EXTRACT,-1,4.0,5250.0,5248.0,6.0,0.0,2076,16.0,5246.0,-28.0,5257.0,-4.0,5251.0,-54.0,5263.5,-86.0,5271.5,-14.0,5253.5,5265.5,-62.0,PASS_SELL,,,,,,
1,207800,VELVETFRUIT_EXTRACT,1,6.0,5247.0,5246.0,2.0,0.52,2078,-3.0,5246.5,63.0,5257.5,30.0,5252.0,84.0,5261.0,147.0,5271.5,27.0,5251.5,5265.5,111.0,AGG_BUY,,,,,,
1,207800,VEV_5000,-1,5.0,253.0,254.5,3.0,-0.16666666666666666,2078,5.0,252.0,-50.0,263.0,-20.0,257.0,-62.5,265.5,-110.0,275.0,-15.0,256.0,268.5,-77.5,AGG_SELL,,,,,,
1,210400,VELVETFRUIT_EXTRACT,-1,6.0,5253.0,5254.5,3.0,-0.8309859154929577,2104,-3.0,5253.5,-3.0,5253.5,39.0,5246.5,-3.0,5253.5,-87.0,5267.5,-27.0,5257.5,5265.5,-75.0,AGG_SELL,,,,,,
1,210600,HYDROGEL_PACK,1,5.0,9991.0,9998.0,16.0,0.0,2106,75.0,10006.0,-20.0,9987.0,75.0,10006.0,-35.0,9984.0,-300.0,9931.0,255.0,10042.0,10015.0,120.0,PASS_BUY,,,,,,
1,211100,HYDROGEL_PACK,1,6.0,9997.0,10004.0,16.0,0.0,2111,42.0,10004.0,-30.0,9992.0,30.0,10002.0,-48.0,9989.0,-408.0,9929.0,270.0,10042.0,10015.0,108.0,PASS_BUY,,,,,,
1,211600,VELVETFRUIT_EXTRACT,-1,9.0,5253.0,5254.5,3.0,-0.7142857142857143,2116,-36.0,5257.0,27.0,5250.0,94.5,5242.5,-9.0,5254.0,-112.5,5265.5,-72.0,5261.0,5265.5,-112.5,AGG_SELL,,,,,,
1,213700,VELVETFRUIT_EXTRACT,-1,5.0,5258.0,5256.5,5.0,-0.5421686746987951,2137,30.0,5252.0,22.5,5253.5,52.5,5247.5,12.5,5255.5,-12.5,5260.5,-72.5,5272.5,5265.5,-37.5,PASS_SELL,,,,,,
1,213800,VELVETFRUIT_EXTRACT,-1,10.0,5256.0,5257.5,3.0,-0.7468354430379747,2138,45.0,5251.5,40.0,5252.0,80.0,5248.0,25.0,5253.5,-45.0,5260.5,-165.0,5272.5,5265.5,-95.0,AGG_SELL,,,,,,
1,214400,VELVETFRUIT_EXTRACT,1,3.0,5251.0,5253.0,6.0,0.0,2144,7.5,5253.5,1.5,5251.5,-9.0,5248.0,4.5,5252.5,7.5,5253.5,61.5,5271.5,5265.5,43.5,PASS_BUY,,,,,,
1,215000,VELVETFRUIT_EXTRACT,1,4.0,5250.0,5251.5,5.0,-0.5609756097560976,2150,8.0,5252.0,-6.0,5248.5,10.0,5252.5,14.0,5253.5,2.0,5250.5,78.0,5269.5,5265.5,62.0,PASS_BUY,,,,,,
1,215600,VELVETFRUIT_EXTRACT,1,12.0,5251.0,5250.5,1.0,0.1724137931034483,2156,-12.0,5250.0,-60.0,5246.0,-6.0,5250.5,-6.0,5250.5,-12.0,5250.0,258.0,5272.5,5265.5,174.0,AGG_BUY,,,,,,
1,217100,VELVETFRUIT_EXTRACT,-1,4.0,5256.0,5254.5,5.0,0.0,2171,6.0,5254.5,48.0,5244.0,8.0,5254.0,20.0,5251.0,38.0,5246.5,-58.0,5270.5,5265.5,-38.0,PASS_SELL,,,,,,
1,217600,VELVETFRUIT_EXTRACT,1,5.0,5252.0,5251.0,2.0,0.6153846153846154,2176,2.5,5252.5,-32.5,5245.5,17.5,5255.5,-15.0,5249.0,-22.5,5247.5,82.5,5268.5,5265.5,67.5,AGG_BUY,,,,,,
1,218200,VELVETFRUIT_EXTRACT,-1,8.0,5254.0,5255.5,3.0,-0.7681159420289855,2182,12.0,5252.5,64.0,5246.0,12.0,5252.5,68.0,5245.5,44.0,5248.5,-100.0,5266.5,5265.5,-92.0,AGG_SELL,,,,,,
1,218700,VELVETFRUIT_EXTRACT,-1,7.0,5252.0,5253.5,3.0,-0.8181818181818182,2187,10.5,5250.5,31.5,5247.5,17.5,5249.5,24.5,5248.5,28.0,5248.0,-108.5,5267.5,5265.5,-94.5,AGG_SELL,,,,,,
1,218900,VELVETFRUIT_EXTRACT,1,8.0,5250.0,5251.5,5.0,-0.4725274725274725,2189,-4.0,5249.5,-12.0,5248.5,-28.0,5246.5,-20.0,5247.5,-20.0,5247.5,140.0,5267.5,5265.5,124.0,PASS_BUY,,,,,,
1,221800,VELVETFRUIT_EXTRACT,1,7.0,5242.0,5243.5,5.0,0.0,2218,28.0,5246.0,73.5,5252.5,7.0,5243.0,119.0,5259.0,56.0,5250.0,150.5,5263.5,5265.5,164.5,PASS_BUY,,,,,,
1,225100,VELVETFRUIT_EXTRACT,-1,5.0,5253.0,5251.5,5.0,0.0,2251,-5.0,5254.0,37.5,5245.5,30.0,5247.0,-17.5,5256.5,12.5,5250.5,-62.5,5265.5,5265.5,-62.5,PASS_SELL,,,,,,
1,226100,HYDROGEL_PACK,1,5.0,9975.0,9982.0,16.0,0.0,2261,40.0,9983.0,155.0,10006.0,170.0,10009.0,35.0,9982.0,-160.0,9943.0,480.0,10071.0,10015.0,200.0,PASS_BUY,,,,,,
1,229000,VELVETFRUIT_EXTRACT,1,6.0,5245.0,5244.0,2.0,0.45454545454545453,2290,3.0,5245.5,-18.0,5242.0,45.0,5252.5,69.0,5256.5,27.0,5249.5,93.0,5260.5,5265.5,123.0,AGG_BUY,,,,,,
1,232500,VELVETFRUIT_EXTRACT,1,5.0,5244.0,5243.0,2.0,0.5833333333333334,2325,-2.5,5243.5,32.5,5250.5,72.5,5258.5,87.5,5261.5,-17.5,5240.5,185.0,5281.0,5265.5,107.5,AGG_BUY,,,,,,
1,234000,VELVETFRUIT_EXTRACT,1,5.0,5243.0,5242.0,2.0,0.6296296296296297,2340,17.5,5246.5,47.5,5252.5,67.5,5256.5,85.0,5260.0,12.5,5245.5,195.0,5282.0,5265.5,112.5,AGG_BUY,,,,,,
1,235300,VEV_4000,1,3.0,1245.0,1240.0,10.0,0.5,2353,1.5,1245.5,28.5,1254.5,25.5,1253.5,58.5,1264.5,7.5,1247.5,102.0,1279.0,1265.5,61.5,AGG_BUY,,,,,,
1,235300,VEV_4500,1,3.0,745.0,741.5,7.0,0.5384615384615384,2353,0.0,745.0,28.5,754.5,24.0,753.0,57.0,764.0,9.0,748.0,102.0,779.0,765.5,61.5,AGG_BUY,,,,,,
1,235300,VEV_5100,1,3.0,163.0,162.5,1.0,0.5384615384615384,2353,0.0,163.0,24.0,171.0,21.0,170.0,48.0,179.0,7.5,165.5,81.0,190.0,177.5,43.5,AGG_BUY,,,,,,
1,235900,HYDROGEL_PACK,1,3.0,9999.0,10006.0,16.0,0.0,2359,45.0,10014.0,66.0,10021.0,21.0,10006.0,-63.0,9978.0,-175.5,9940.5,153.0,10050.0,10015.0,48.0,PASS_BUY,,,,,,
1,237900,VELVETFRUIT_EXTRACT,-1,6.0,5253.0,5251.0,6.0,0.0,2379,3.0,5252.5,-0.0,5253.0,-24.0,5257.0,-78.0,5266.0,3.0,5252.5,-117.0,5272.5,5265.5,-75.0,PASS_SELL,,,,,,
1,238000,VELVETFRUIT_EXTRACT,-1,13.0,5251.0,5252.0,2.0,-0.07142857142857142,2380,-19.5,5252.5,-58.5,5255.5,-84.5,5257.5,-188.5,5265.5,-19.5,5252.5,-279.5,5272.5,5265.5,-188.5,AGG_SELL,,,,,,
1,239600,VELVETFRUIT_EXTRACT,-1,5.0,5254.0,5253.5,3.0,0.8360655737704918,2396,-12.5,5256.5,-12.5,5256.5,-57.5,5265.5,-70.0,5268.0,30.0,5248.0,-67.5,5267.5,5265.5,-57.5,PASS_SELL,,,,,,
1,240200,VELVETFRUIT_EXTRACT,-1,3.0,5257.0,5255.5,5.0,0.0,2402,-4.5,5258.5,10.5,5253.5,-24.0,5265.0,-49.5,5273.5,22.5,5249.5,-16.5,5262.5,5265.5,-25.5,PASS_SELL,,,,,,
1,240500,HYDROGEL_PACK,-1,14.0,10014.0,10022.0,16.0,0.0,2405,-0.0,10014.0,70.0,10009.0,196.0,10000.0,868.0,9952.0,966.0,9945.0,-392.0,10042.0,10015.0,-14.0,AGG_SELL,,,,,,
1,240600,VEV_5400,-1,6.0,18.0,18.5,1.0,-0.52,2406,-6.0,19.0,-0.0,18.0,-9.0,19.5,-18.0,21.0,9.0,16.5,6.0,17.0,17.0,6.0,AGG_SELL,,,,,,
1,240700,HYDROGEL_PACK,-1,12.0,10015.0,10023.0,16.0,0.0,2407,60.0,10010.0,48.0,10011.0,228.0,9996.0,696.0,9957.0,804.0,9948.0,-324.0,10042.0,10015.0,-0.0,AGG_SELL,,,,,,
1,242100,VEV_5400,-1,20.0,19.0,19.5,1.0,0.0,2421,20.0,18.0,10.0,18.5,-10.0,19.5,-50.0,21.5,50.0,16.5,30.0,17.5,17.0,40.0,AGG_SELL,,,,,,
1,242900,VELVETFRUIT_EXTRACT,1,5.0,5254.0,5253.0,2.0,0.8461538461538461,2429,12.5,5256.5,15.0,5257.0,57.5,5265.5,92.5,5272.5,-12.5,5251.5,62.5,5266.5,5265.5,57.5,AGG_BUY,,,,,,
1,244400,VELVETFRUIT_EXTRACT,1,9.0,5255.0,5254.0,2.0,0.6949152542372882,2444,-13.5,5253.5,94.5,5265.5,90.0,5265.0,180.0,5275.0,-72.0,5247.0,180.0,5275.0,5265.5,94.5,AGG_BUY,,,,,,
1,244900,VEV_5400,-1,10.0,18.0,18.5,1.0,0.0,2449,-0.0,18.0,-25.0,20.5,-20.0,20.0,-45.0,22.5,25.0,15.5,-25.0,20.5,17.0,10.0,AGG_SELL,,,,,,
1,246000,VELVETFRUIT_EXTRACT,-1,10.0,5255.0,5256.5,3.0,-0.6428571428571429,2460,-0.0,5255.0,-85.0,5263.5,-105.0,5265.5,-215.0,5276.5,75.0,5247.5,-205.0,5275.5,5265.5,-105.0,AGG_SELL,,,,,,
1,250000,VEV_5500,-1,5.0,9.0,9.5,1.0,-0.5454545454545454,2500,2.5,8.5,2.5,8.5,7.5,7.5,-0.0,9.0,10.0,7.0,5.0,8.0,6.5,12.5,AGG_SELL,,,,,,
1,250100,VEV_5500,-1,5.0,9.0,9.5,1.0,-0.5454545454545454,2501,2.5,8.5,-0.0,9.0,5.0,8.0,-0.0,9.0,10.0,7.0,5.0,8.0,6.5,12.5,AGG_SELL,,,,,,
1,250500,VELVETFRUIT_EXTRACT,1,4.0,5261.0,5262.5,5.0,0.4939759036144578,2505,10.0,5263.5,6.0,5262.5,-20.0,5256.0,34.0,5269.5,-58.0,5246.5,38.0,5270.5,5265.5,18.0,PASS_BUY,,,,,,
1,251200,VELVETFRUIT_EXTRACT,1,8.0,5263.0,5264.5,5.0,0.5058823529411764,2512,4.0,5263.5,16.0,5265.0,-44.0,5257.5,60.0,5270.5,-140.0,5245.5,44.0,5268.5,5265.5,20.0,PASS_BUY,,,,,,
1,252400,VELVETFRUIT_EXTRACT,-1,6.0,5266.0,5264.5,5.0,0.0,2524,15.0,5263.5,9.0,5264.5,78.0,5253.0,-21.0,5269.5,123.0,5245.5,-27.0,5270.5,5265.5,3.0,PASS_SELL,,,,,,
1,252500,HYDROGEL_PACK,1,3.0,9989.0,9996.0,16.0,0.0,2525,27.0,9998.0,-45.0,9974.0,27.0,9998.0,-132.0,9945.0,-87.0,9960.0,213.0,10060.0,10015.0,78.0,PASS_BUY,,,,,,
1,252500,VEV_4000,1,2.0,1264.0,1259.0,10.0,0.6,2525,-1.0,1263.5,0.0,1264.0,-19.0,1254.5,11.0,1269.5,-37.0,1245.5,11.0,1269.5,1265.5,3.0,AGG_BUY,,,,,,
1,252500,VEV_4500,1,2.0,764.0,760.5,7.0,0.5,2525,-2.0,763.0,0.0,764.0,-18.0,755.0,11.0,769.5,-36.0,746.0,11.0,769.5,765.5,3.0,AGG_BUY,,,,,,
1,252500,VEV_5000,1,2.0,268.0,267.0,2.0,0.5,2525,-1.0,267.5,0.0,268.0,-18.0,259.0,10.0,273.0,-34.0,251.0,10.0,273.0,268.5,1.0,AGG_BUY,,,,,,
1,252500,VEV_5100,1,2.0,179.0,178.0,2.0,0.8461538461538461,2525,-2.0,178.0,-1.0,178.5,-16.0,171.0,10.0,184.0,-31.0,163.5,5.0,181.5,177.5,-3.0,AGG_BUY,,,,,,
1,252500,VEV_5200,1,2.0,106.0,105.5,1.0,0.5,2525,-1.0,105.5,-1.0,105.5,-13.0,99.5,6.0,109.0,-23.0,94.5,1.0,106.5,102.5,-7.0,AGG_BUY,,,,,,
1,252600,VEV_5500,-1,20.0,9.0,9.5,1.0,0.0,2526,10.0,8.5,10.0,8.5,10.0,8.5,-0.0,9.0,50.0,6.5,30.0,7.5,6.5,50.0,AGG_SELL,,,,,,
1,252700,VEV_5500,-1,9.0,9.0,9.5,1.0,-0.41935483870967744,2527,-0.0,9.0,4.5,8.5,4.5,8.5,-4.5,9.5,22.5,6.5,13.5,7.5,6.5,22.5,AGG_SELL,,,,,,
1,255000,HYDROGEL_PACK,1,4.0,9981.0,9988.0,16.0,0.0,2550,-12.0,9978.0,-8.0,9979.0,80.0,10001.0,-88.0,9959.0,-104.0,9955.0,340.0,10066.0,10015.0,136.0,PASS_BUY,,,,,,
1,255300,HYDROGEL_PACK,1,2.0,9974.0,9981.0,16.0,0.0,2553,8.0,9978.0,14.0,9981.0,56.0,10002.0,-30.0,9959.0,-42.0,9953.0,178.0,10063.0,10015.0,82.0,PASS_BUY,,,,,,
1,255400,HYDROGEL_PACK,1,3.0,9974.0,9981.0,16.0,0.0,2554,12.0,9978.0,30.0,9984.0,78.0,10000.0,-45.0,9959.0,-57.0,9955.0,264.0,10062.0,10015.0,123.0,PASS_BUY,,,,,,
1,255500,HYDROGEL_PACK,1,13.0,9986.0,9978.0,16.0,0.0,2555,-130.0,9976.0,-13.0,9985.0,156.0,9998.0,-364.0,9958.0,-442.0,9952.0,1027.0,10065.0,10015.0,377.0,AGG_BUY,,,,,,
1,255600,HYDROGEL_PACK,1,14.0,9985.0,9977.0,16.0,0.0,2556,-105.0,9977.5,-14.0,9984.0,154.0,9996.0,-364.0,9959.0,-462.0,9952.0,1155.0,10067.5,10015.0,420.0,AGG_BUY,,,,,,
1,255800,HYDROGEL_PACK,1,10.0,9983.0,9975.0,16.0,0.0,2558,-20.0,9981.0,30.0,9986.0,120.0,9995.0,-290.0,9954.0,-310.0,9952.0,835.0,10066.5,10015.0,320.0,AGG_BUY,,,,,,
1,256200,HYDROGEL_PACK,1,15.0,9983.0,9975.0,16.0,0.0,2562,-120.0,9975.0,120.0,9991.0,135.0,9992.0,-390.0,9957.0,-427.5,9954.5,1185.0,10062.0,10015.0,480.0,AGG_BUY,,,,,,
1,256200,VEV_5500,-1,20.0,9.0,9.5,1.0,0.0,2562,-0.0,9.0,10.0,8.5,30.0,7.5,10.0,8.5,50.0,6.5,30.0,7.5,6.5,50.0,AGG_SELL,,,,,,
1,256300,VEV_5500,-1,20.0,9.0,9.5,1.0,0.0,2563,-0.0,9.0,10.0,8.5,30.0,7.5,10.0,8.5,50.0,6.5,30.0,7.5,6.5,50.0,AGG_SELL,,,,,,
1,256400,VEV_5500,-1,17.0,9.0,9.5,1.0,0.0,2564,-0.0,9.0,8.5,8.5,25.5,7.5,8.5,8.5,42.5,6.5,25.5,7.5,6.5,42.5,AGG_SELL,,,,,,
1,256500,VEV_5500,-1,20.0,9.0,9.5,1.0,0.0,2565,-0.0,9.0,10.0,8.5,30.0,7.5,10.0,8.5,50.0,6.5,30.0,7.5,6.5,50.0,AGG_SELL,,,,,,
1,256900,VEV_5500,-1,7.0,9.0,9.5,1.0,-0.5882352941176471,2569,3.5,8.5,7.0,8.0,10.5,7.5,3.5,8.5,17.5,6.5,10.5,7.5,6.5,17.5,AGG_SELL,,,,,,
1,257300,HYDROGEL_PACK,1,11.0,9981.0,9973.0,16.0,0.0,2573,-121.0,9970.0,176.0,9997.0,154.0,9995.0,-253.0,9958.0,-275.0,9956.0,990.0,10071.0,10015.0,374.0,AGG_BUY,,,,,,
1,257400,HYDROGEL_PACK,1,12.0,9981.0,9973.0,16.0,0.0,2574,-144.0,9969.0,168.0,9995.0,180.0,9996.0,-300.0,9956.0,-288.0,9957.0,1104.0,10073.0,10015.0,408.0,AGG_BUY,,,,,,
1,257900,HYDROGEL_PACK,1,11.0,9979.0,9971.0,16.0,0.0,2579,-99.0,9970.0,275.0,10004.0,132.0,9991.0,-308.0,9951.0,-275.0,9954.0,990.0,10069.0,10015.0,396.0,AGG_BUY,,,,,,
1,258000,VELVETFRUIT_EXTRACT,1,19.0,5261.0,5258.5,5.0,0.4492753623188406,2580,-57.0,5258.0,-57.0,5258.0,-275.5,5246.5,190.0,5271.0,-275.5,5246.5,199.5,5271.5,5265.5,85.5,AGG_BUY,,,,,,
1,258100,HYDROGEL_PACK,1,14.0,9979.0,9971.0,16.0,0.0,2581,-140.0,9969.0,378.0,10006.0,210.0,9994.0,-364.0,9953.0,-336.0,9955.0,1232.0,10067.0,10015.0,504.0,AGG_BUY,,,,,,
1,258200,HYDROGEL_PACK,1,10.0,9979.0,9971.0,16.0,0.0,2582,-80.0,9971.0,260.0,10005.0,150.0,9994.0,-240.0,9955.0,-240.0,9955.0,890.0,10068.0,10015.0,360.0,AGG_BUY,,,,,,
1,258200,VELVETFRUIT_EXTRACT,1,5.0,5257.0,5256.0,2.0,0.5833333333333334,2582,5.0,5258.0,-2.5,5256.5,-57.5,5245.5,75.0,5272.0,-47.5,5247.5,77.5,5272.5,5265.5,42.5,AGG_BUY,,,,,,
1,258300,HYDROGEL_PACK,1,14.0,9978.0,9970.0,16.0,0.0,2583,-126.0,9969.0,350.0,10003.0,196.0,9992.0,-350.0,9953.0,-301.0,9956.5,1260.0,10068.0,10015.0,518.0,AGG_BUY,,,,,,
1,258400,HYDROGEL_PACK,1,11.0,9977.0,9969.0,16.0,0.0,2584,-66.0,9971.0,286.0,10003.0,176.0,9993.0,-286.0,9951.0,-242.0,9955.0,1023.0,10070.0,10015.0,418.0,AGG_BUY,,,,,,
1,258400,VELVETFRUIT_EXTRACT,1,8.0,5257.0,5256.0,2.0,0.7894736842105263,2584,20.0,5259.5,-12.0,5255.5,-84.0,5246.5,108.0,5270.5,-72.0,5248.0,132.0,5273.5,5265.5,68.0,AGG_BUY,,,,,,
1,258500,HYDROGEL_PACK,1,14.0,9978.0,9970.0,16.0,0.0,2585,-42.0,9975.0,364.0,10004.0,196.0,9992.0,-378.0,9951.0,-364.0,9952.0,1316.0,10072.0,10015.0,518.0,AGG_BUY,,,,,,
1,258600,HYDROGEL_PACK,1,14.0,9978.0,9970.0,16.0,0.0,2586,-56.0,9974.0,336.0,10002.0,154.0,9989.0,-364.0,9952.0,-336.0,9954.0,1309.0,10071.5,10015.0,518.0,AGG_BUY,,,,,,
1,258700,HYDROGEL_PACK,1,12.0,9978.0,9970.0,16.0,0.0,2587,-36.0,9975.0,300.0,10003.0,120.0,9988.0,-336.0,9950.0,-276.0,9955.0,1116.0,10071.0,10015.0,444.0,AGG_BUY,,,,,,
1,258900,HYDROGEL_PACK,1,15.0,9978.0,9970.0,16.0,0.0,2589,-30.0,9976.0,472.5,10009.5,90.0,9984.0,-405.0,9951.0,-420.0,9950.0,1365.0,10069.0,10015.0,555.0,AGG_BUY,,,,,,
1,259000,HYDROGEL_PACK,1,14.0,9978.0,9970.0,16.0,0.0,2590,14.0,9979.0,406.0,10007.0,133.0,9987.5,-420.0,9948.0,-378.0,9951.0,1232.0,10066.0,10015.0,518.0,AGG_BUY,,,,,,
1,259100,HYDROGEL_PACK,1,12.0,9977.0,9969.0,16.0,0.0,2591,48.0,9981.0,396.0,10010.0,96.0,9985.0,-372.0,9946.0,-300.0,9952.0,1056.0,10065.0,10015.0,456.0,AGG_BUY,,,,,,
1,259300,HYDROGEL_PACK,1,10.0,9977.0,9969.0,16.0,0.0,2593,40.0,9981.0,250.0,10002.0,40.0,9981.0,-290.0,9948.0,-270.0,9950.0,860.0,10063.0,10015.0,380.0,AGG_BUY,,,,,,
1,259300,VELVETFRUIT_EXTRACT,1,9.0,5258.0,5257.0,2.0,0.25,2593,-40.5,5253.5,-49.5,5252.5,-76.5,5249.5,67.5,5265.5,-85.5,5248.5,157.5,5275.5,5265.5,67.5,AGG_BUY,,,,,,
1,261600,VELVETFRUIT_EXTRACT,1,12.0,5255.0,5254.0,2.0,0.6842105263157895,2616,6.0,5255.5,-78.0,5248.5,48.0,5259.0,126.0,5265.5,-72.0,5249.0,222.0,5273.5,5265.5,126.0,AGG_BUY,,,,,,
1,261600,VEV_5500,-1,18.0,8.0,8.5,1.0,0.0,2616,-9.0,8.5,9.0,7.5,-9.0,8.5,-9.0,8.5,18.0,7.0,-9.0,8.5,6.5,27.0,AGG_SELL,,,,,,
1,262200,VELVETFRUIT_EXTRACT,1,4.0,5251.0,5252.5,5.0,0.3924050632911392,2622,22.0,5256.5,2.0,5251.5,34.0,5259.5,60.0,5266.0,0.0,5251.0,82.0,5271.5,5265.5,58.0,PASS_BUY,,,,,,
1,262300,HYDROGEL_PACK,-1,4.0,10004.0,9997.0,16.0,0.0,2623,4.0,10003.0,36.0,9995.0,116.0,9975.0,296.0,9930.0,154.0,9965.5,-164.0,10045.0,10015.0,-44.0,PASS_SELL,,,,,,
1,262800,HYDROGEL_PACK,-1,2.0,10007.0,10000.0,16.0,0.0,2628,10.0,10002.0,30.0,9992.0,64.0,9975.0,160.0,9927.0,80.0,9967.0,-92.0,10053.0,10015.0,-16.0,PASS_SELL,,,,,,
1,263900,HYDROGEL_PACK,-1,7.0,10005.0,10009.5,9.0,-0.2222222222222222,2639,28.0,10001.0,147.0,9984.0,161.0,9982.0,535.5,9928.5,273.0,9966.0,-371.0,10058.0,10015.0,-70.0,AGG_SELL,,,,,,
1,263900,VELVETFRUIT_EXTRACT,-1,7.0,5256.0,5254.5,5.0,0.0,2639,17.5,5253.5,59.5,5247.5,-24.5,5259.5,-21.0,5259.0,-3.5,5256.5,-80.5,5267.5,5265.5,-66.5,PASS_SELL,,,,,,
1,264000,VELVETFRUIT_EXTRACT,1,5.0,5252.0,5251.0,2.0,0.5652173913043478,2640,7.5,5253.5,-12.5,5249.5,35.0,5259.0,27.5,5257.5,2.5,5252.5,77.5,5267.5,5265.5,67.5,AGG_BUY,,,,,,
1,265400,VELVETFRUIT_EXTRACT,1,9.0,5250.0,5249.0,2.0,0.7534246575342466,2654,4.5,5250.5,49.5,5255.5,76.5,5258.5,-4.5,5249.5,31.5,5253.5,175.5,5269.5,5265.5,139.5,AGG_BUY,,,,,,
1,265600,VELVETFRUIT_EXTRACT,1,5.0,5249.0,5250.5,5.0,-0.625,2656,-2.5,5248.5,47.5,5258.5,52.5,5259.5,5.0,5250.0,17.5,5252.5,102.5,5269.5,5265.5,82.5,PASS_BUY,,,,,,
1,265700,VELVETFRUIT_EXTRACT,1,14.0,5247.0,5246.5,1.0,0.28205128205128205,2657,28.0,5249.0,168.0,5259.0,175.0,5259.5,35.0,5249.5,63.0,5251.5,315.0,5269.5,5265.5,259.0,AGG_BUY,,,,,,
1,265800,VELVETFRUIT_EXTRACT,-1,7.0,5251.0,5249.5,5.0,0.0,2658,10.5,5249.5,-45.5,5257.5,-52.5,5258.5,10.5,5249.5,-10.5,5252.5,-136.5,5270.5,5265.5,-101.5,PASS_SELL,,,,,,
1,266500,VELVETFRUIT_EXTRACT,-1,5.0,5252.0,5250.0,6.0,0.0,2665,10.0,5250.0,-30.0,5258.0,-10.0,5254.0,22.5,5247.5,5.0,5251.0,-87.5,5269.5,5265.5,-67.5,PASS_SELL,,,,,,
1,267400,VELVETFRUIT_EXTRACT,-1,3.0,5252.0,5250.5,5.0,0.0,2674,16.5,5246.5,-22.5,5259.5,1.5,5251.5,13.5,5247.5,3.0,5251.0,-66.0,5274.0,5265.5,-40.5,PASS_SELL,,,,,,
1,268700,VELVETFRUIT_EXTRACT,-1,5.0,5250.0,5248.5,5.0,0.0,2687,-2.5,5250.5,-52.5,5260.5,-25.0,5255.0,10.0,5248.0,-7.5,5251.5,-112.5,5272.5,5265.5,-77.5,PASS_SELL,,,,,,
1,269300,HYDROGEL_PACK,1,3.0,9974.0,9981.0,16.0,0.0,2693,24.0,9982.0,21.0,9981.0,3.0,9975.0,-87.0,9945.0,-15.0,9969.0,267.0,10063.0,10015.0,123.0,PASS_BUY,,,,,,
1,271900,HYDROGEL_PACK,1,11.0,9981.0,9973.0,16.0,0.0,2719,-55.0,9976.0,-16.5,9979.5,-143.0,9968.0,-352.0,9949.0,-165.0,9966.0,995.5,10071.5,10015.0,374.0,AGG_BUY,,,,,,
1,272000,HYDROGEL_PACK,1,12.0,9980.0,9972.0,16.0,0.0,2720,-36.0,9977.0,48.0,9984.0,-120.0,9970.0,-360.0,9950.0,-132.0,9969.0,1128.0,10074.0,10015.0,420.0,AGG_BUY,,,,,,
1,272100,HYDROGEL_PACK,1,13.0,9981.0,9973.0,16.0,0.0,2721,-26.0,9979.0,65.0,9986.0,-130.0,9971.0,-364.0,9953.0,-156.0,9969.0,1170.0,10071.0,10015.0,442.0,AGG_BUY,,,,,,
1,274900,VELVETFRUIT_EXTRACT,1,13.0,5256.0,5255.5,1.0,0.21212121212121213,2749,19.5,5257.5,39.0,5259.0,91.0,5263.0,-78.0,5250.0,-58.5,5251.5,84.5,5262.5,5265.5,123.5,AGG_BUY,,,,,,
1,275200,VEV_5500,-1,20.0,8.0,8.5,1.0,0.0,2752,10.0,7.5,-10.0,8.5,-10.0,8.5,30.0,6.5,10.0,7.5,30.0,6.5,6.5,30.0,AGG_SELL,,,,,,
1,275300,VELVETFRUIT_EXTRACT,-1,8.0,5258.0,5257.5,3.0,-0.8108108108108109,2753,44.0,5252.5,-4.0,5258.5,-52.0,5264.5,84.0,5247.5,48.0,5252.0,-20.0,5260.5,5265.5,-60.0,PASS_SELL,,,,,,
1,275700,HYDROGEL_PACK,-1,2.0,9995.0,9988.0,16.0,0.0,2757,28.0,9981.0,62.0,9964.0,42.0,9974.0,108.0,9941.0,68.0,9961.0,-142.0,10066.0,10015.0,-40.0,PASS_SELL,,,,,,
1,276500,VELVETFRUIT_EXTRACT,-1,7.0,5254.0,5254.0,2.0,-0.2,2765,21.0,5251.0,-17.5,5256.5,-80.5,5265.5,24.5,5250.5,59.5,5245.5,-87.5,5266.5,5265.5,-80.5,PASS_SELL,,,,,,
1,276900,HYDROGEL_PACK,1,8.0,9983.0,9979.5,7.0,0.2,2769,-8.0,9982.0,-120.0,9968.0,-112.0,9969.0,-328.0,9942.0,-136.0,9966.0,648.0,10064.0,10015.0,256.0,AGG_BUY,,,,,,
1,278200,VELVETFRUIT_EXTRACT,-1,6.0,5255.0,5256.5,3.0,-0.6,2782,-6.0,5256.0,-21.0,5258.5,-69.0,5266.5,15.0,5252.5,33.0,5249.5,-75.0,5267.5,5265.5,-63.0,AGG_SELL,,,,,,
1,278300,VELVETFRUIT_EXTRACT,-1,5.0,5257.0,5255.5,5.0,0.0,2783,2.5,5256.5,-2.5,5257.5,-42.5,5265.5,30.0,5251.0,37.5,5249.5,-55.0,5268.0,5265.5,-42.5,PASS_SELL,,,,,,
1,279100,VELVETFRUIT_EXTRACT,1,5.0,5256.0,5255.0,2.0,0.5652173913043478,2791,25.0,5261.0,22.5,5260.5,62.5,5268.5,-37.5,5248.5,-42.5,5247.5,47.5,5265.5,5265.5,47.5,AGG_BUY,,,,,,
1,279400,HYDROGEL_PACK,1,10.0,9981.0,9973.0,16.0,0.0,2794,-145.0,9966.5,-70.0,9974.0,-310.0,9950.0,-360.0,9945.0,-245.0,9956.5,870.0,10068.0,10015.0,340.0,AGG_BUY,,,,,,
1,279600,VELVETFRUIT_EXTRACT,-1,4.0,5259.0,5257.0,6.0,0.0,2796,20.0,5254.0,-10.0,5261.5,-36.0,5268.0,56.0,5245.0,30.0,5251.5,-18.0,5263.5,5265.5,-26.0,PASS_SELL,,,,,,
1,279900,HYDROGEL_PACK,1,15.0,9977.0,9969.0,16.0,0.0,2799,-210.0,9963.0,-135.0,9968.0,-435.0,9948.0,-450.0,9947.0,-405.0,9950.0,1305.0,10064.0,10015.0,570.0,AGG_BUY,,,,,,
1,280000,HYDROGEL_PACK,1,7.0,9967.0,9963.5,7.0,0.3,2800,-49.0,9960.0,7.0,9968.0,-112.0,9951.0,-143.5,9946.5,-119.0,9950.0,721.0,10070.0,10015.0,336.0,AGG_BUY,,,,,,
1,280100,HYDROGEL_PACK,1,14.0,9974.0,9966.0,16.0,0.0,2801,-196.0,9960.0,-70.0,9969.0,-350.0,9949.0,-378.0,9947.0,-350.0,9949.0,1358.0,10071.0,10015.0,574.0,AGG_BUY,,,,,,
1,280200,HYDROGEL_PACK,1,11.0,9975.0,9967.0,16.0,0.0,2802,-181.5,9958.5,-66.0,9969.0,-264.0,9951.0,-264.0,9951.0,-308.0,9947.0,1067.0,10072.0,10015.0,440.0,AGG_BUY,,,,,,
1,280300,HYDROGEL_PACK,1,14.0,9975.0,9967.0,16.0,0.0,2803,-182.0,9962.0,-56.0,9971.0,-308.0,9953.0,-378.0,9948.0,-378.0,9948.0,1330.0,10070.0,10015.0,560.0,AGG_BUY,,,,,,
1,280400,HYDROGEL_PACK,1,11.0,9974.0,9966.5,15.0,0.0,2804,-121.0,9963.0,-11.0,9973.0,-253.0,9951.0,-253.0,9951.0,-319.0,9945.0,1089.0,10073.0,10015.0,451.0,AGG_BUY,,,,,,
1,280500,HYDROGEL_PACK,1,11.0,9973.0,9965.0,16.0,0.0,2805,-99.0,9964.0,-11.0,9972.0,-231.0,9952.0,-264.0,9949.0,-352.0,9941.0,1100.0,10073.0,10015.0,462.0,AGG_BUY,,,,,,
1,280600,HYDROGEL_PACK,1,11.0,9970.0,9962.0,16.0,0.0,2806,-66.0,9964.0,44.0,9974.0,-154.0,9956.0,-236.5,9948.5,-363.0,9937.0,1166.0,10076.0,10015.0,495.0,AGG_BUY,,,,,,
1,280600,VELVETFRUIT_EXTRACT,1,8.0,5255.0,5254.0,2.0,0.42857142857142855,2806,20.0,5257.5,72.0,5264.0,112.0,5269.0,-64.0,5247.0,-24.0,5252.0,20.0,5257.5,5265.5,84.0,AGG_BUY,,,,,,
1,280700,HYDROGEL_PACK,1,11.0,9972.0,9964.0,16.0,0.0,2807,-77.0,9965.0,22.0,9974.0,-165.0,9957.0,-253.0,9949.0,-352.0,9940.0,1144.0,10076.0,10015.0,473.0,AGG_BUY,,,,,,
1,280800,HYDROGEL_PACK,1,10.0,9972.0,9964.0,16.0,0.0,2808,-40.0,9968.0,50.0,9977.0,-160.0,9956.0,-190.0,9953.0,-330.0,9939.0,1020.0,10074.0,10015.0,430.0,AGG_BUY,,,,,,
1,281400,VELVETFRUIT_EXTRACT,1,15.0,5253.0,5252.5,1.0,0.21052631578947367,2814,112.5,5260.5,157.5,5263.5,300.0,5273.0,-157.5,5242.5,22.5,5254.5,82.5,5258.5,5265.5,187.5,AGG_BUY,,,,,,
1,282000,VELVETFRUIT_EXTRACT,1,10.0,5256.0,5255.5,1.0,0.23076923076923078,2820,20.0,5258.0,90.0,5265.0,150.0,5271.0,-145.0,5241.5,-50.0,5251.0,30.0,5259.0,5265.5,95.0,AGG_BUY,,,,,,
1,282200,VELVETFRUIT_EXTRACT,-1,20.0,5260.0,5262.5,5.0,-0.47368421052631576,2822,30.0,5258.5,-150.0,5267.5,-250.0,5272.5,390.0,5240.5,150.0,5252.5,10.0,5259.5,5265.5,-110.0,AGG_SELL,,,,,,
1,285900,VELVETFRUIT_EXTRACT,1,8.0,5264.0,5263.0,2.0,0.4074074074074074,2859,28.0,5267.5,68.0,5272.5,92.0,5275.5,-108.0,5250.5,-132.0,5247.5,-68.0,5255.5,5265.5,12.0,AGG_BUY,,,,,,
1,286300,VELVETFRUIT_EXTRACT,-1,6.0,5265.0,5263.0,6.0,0.0,2863,-3.0,5265.5,-57.0,5274.5,-57.0,5274.5,81.0,5251.5,123.0,5244.5,72.0,5253.0,5265.5,-3.0,PASS_SELL,,,,,,
1,287000,VELVETFRUIT_EXTRACT,1,6.0,5266.0,5265.0,2.0,0.45454545454545453,2870,-3.0,5265.5,30.0,5271.0,45.0,5273.5,-75.0,5253.5,-129.0,5244.5,-45.0,5258.5,5265.5,-3.0,AGG_BUY,,,,,,
1,287200,VELVETFRUIT_EXTRACT,-1,10.0,5266.0,5267.5,3.0,-0.7402597402597403,2872,-5.0,5266.5,-65.0,5272.5,-75.0,5273.5,135.0,5252.5,195.0,5246.5,85.0,5257.5,5265.5,5.0,AGG_SELL,,,,,,
1,288500,VELVETFRUIT_EXTRACT,-1,6.0,5268.0,5269.5,3.0,-0.7931034482758621,2885,9.0,5266.5,-21.0,5271.5,3.0,5267.5,117.0,5248.5,120.0,5248.0,33.0,5262.5,5265.5,15.0,AGG_SELL,,,,,,
1,289100,VELVETFRUIT_EXTRACT,-1,5.0,5270.0,5268.5,5.0,0.0,2891,-10.0,5272.0,-17.5,5273.5,7.5,5268.5,107.5,5248.5,137.5,5242.5,47.5,5260.5,5265.5,22.5,PASS_SELL,,,,,,
1,289200,VELVETFRUIT_EXTRACT,1,11.0,5266.0,5265.5,1.0,0.2413793103448276,2892,82.5,5273.5,66.0,5272.0,22.0,5268.0,-192.5,5248.5,-247.5,5243.5,-55.0,5261.0,5265.5,-5.5,AGG_BUY,,,,,,
1,290200,VELVETFRUIT_EXTRACT,-1,23.0,5271.0,5273.5,5.0,-0.5106382978723404,2902,-57.5,5273.5,-103.5,5275.5,80.5,5267.5,494.5,5249.5,598.0,5245.0,80.5,5267.5,5265.5,126.5,AGG_SELL,,,,,,
1,290600,VELVETFRUIT_EXTRACT,1,12.0,5270.0,5269.0,2.0,0.6363636363636364,2906,18.0,5271.5,54.0,5274.5,0.0,5270.0,-234.0,5250.5,-306.0,5244.5,-78.0,5263.5,5265.5,-54.0,AGG_BUY,,,,,,
1,291800,VELVETFRUIT_EXTRACT,1,5.0,5270.0,5269.0,2.0,0.8701298701298701,2918,12.5,5272.5,17.5,5273.5,-7.5,5268.5,-102.5,5249.5,-130.0,5244.0,-52.5,5259.5,5265.5,-22.5,AGG_BUY,,,,,,
1,292400,VELVETFRUIT_EXTRACT,-1,8.0,5274.0,5272.0,6.0,0.0,2924,24.0,5271.0,12.0,5272.5,36.0,5269.5,192.0,5250.0,236.0,5244.5,140.0,5256.5,5265.5,68.0,PASS_SELL,,,,,,
1,294500,VELVETFRUIT_EXTRACT,-1,25.0,5275.0,5277.5,5.0,-0.45652173913043476,2945,25.0,5274.0,112.5,5270.5,225.0,5266.0,687.5,5247.5,875.0,5240.0,537.5,5253.5,5265.5,237.5,AGG_SELL,,,,,,
1,295800,VELVETFRUIT_EXTRACT,1,6.0,5273.0,5272.0,2.0,0.8208955223880597,2958,3.0,5273.5,-9.0,5271.5,-45.0,5265.5,-159.0,5246.5,-183.0,5242.5,-111.0,5254.5,5265.5,-45.0,AGG_BUY,,,,,,
1,296900,VELVETFRUIT_EXTRACT,1,5.0,5271.0,5273.0,6.0,0.0,2969,0.0,5271.0,-10.0,5269.0,-22.5,5266.5,-120.0,5247.0,-152.5,5240.5,-92.5,5252.5,5265.5,-27.5,PASS_BUY,,,,,,
1,298100,VELVETFRUIT_EXTRACT,1,15.0,5269.0,5268.5,1.0,0.23076923076923078,2981,-7.5,5268.5,-37.5,5266.5,15.0,5270.0,-322.5,5247.5,-450.0,5239.0,-202.5,5255.5,5265.5,-52.5,AGG_BUY,,,,,,
1,301400,VELVETFRUIT_EXTRACT,1,15.0,5269.0,5268.5,1.0,0.09090909090909091,3014,7.5,5269.5,-45.0,5266.0,-82.5,5263.5,-382.5,5243.5,-382.5,5243.5,-300.0,5249.0,5265.5,-52.5,AGG_BUY,,,,,,
1,302800,VELVETFRUIT_EXTRACT,-1,10.0,5269.0,5270.5,3.0,-0.2,3028,45.0,5264.5,-25.0,5271.5,45.0,5264.5,245.0,5244.5,280.0,5241.0,285.0,5240.5,5265.5,35.0,AGG_SELL,,,,,,
1,304000,VEV_4000,1,3.0,1266.0,1260.5,11.0,0.5714285714285714,3040,-7.5,1263.5,4.5,1267.5,-25.5,1257.5,-61.5,1245.5,-69.0,1243.0,-73.5,1241.5,1265.5,-1.5,AGG_BUY,,,,,,
1,304000,VEV_4500,1,3.0,766.0,762.0,8.0,0.45454545454545453,3040,-7.5,763.5,4.5,767.5,-27.0,757.0,-63.0,745.0,-69.0,743.0,-72.0,742.0,765.5,-1.5,AGG_BUY,,,,,,
1,304000,VEV_5000,1,3.0,269.0,268.0,2.0,0.45454545454545453,3040,-6.0,267.0,7.5,271.5,-22.5,261.5,-57.0,250.0,-63.0,248.0,-69.0,246.0,268.5,-1.5,AGG_BUY,,,,,,
1,304000,VEV_5100,1,3.0,180.0,179.0,2.0,0.75,3040,-4.5,178.5,6.0,182.0,-19.5,173.5,-51.0,163.0,-57.0,161.0,-66.0,158.0,177.5,-7.5,AGG_BUY,,,,,,
1,304000,VEV_5200,1,3.0,106.0,105.5,1.0,0.75,3040,-3.0,105.0,4.5,107.5,-13.5,101.5,-34.5,94.5,-37.5,93.5,-52.5,88.5,102.5,-10.5,AGG_BUY,,,,,,
1,307500,VELVETFRUIT_EXTRACT,-1,8.0,5274.0,5272.5,5.0,-0.4925373134328358,3075,28.0,5270.5,76.0,5264.5,212.0,5247.5,236.0,5244.5,260.0,5241.5,196.0,5249.5,5265.5,68.0,PASS_SELL,,,,,,
1,310100,VEV_4000,1,5.0,1268.0,1263.0,10.0,0.23076923076923078,3101,-17.5,1264.5,-92.5,1249.5,-122.5,1243.5,-97.5,1248.5,-157.5,1236.5,-127.5,1242.5,1265.5,-12.5,AGG_BUY,,,,,,
1,310100,VEV_4500,1,5.0,768.0,764.0,8.0,0.3333333333333333,3101,-17.5,764.5,-90.0,750.0,-125.0,743.0,-95.0,749.0,-160.0,736.0,-125.0,743.0,765.5,-12.5,AGG_BUY,,,,,,
1,310100,VEV_5000,1,5.0,272.0,270.5,3.0,0.3333333333333333,3101,-20.0,268.0,-85.0,255.0,-115.0,249.0,-95.0,253.0,-152.5,241.5,-122.5,247.5,268.5,-17.5,AGG_BUY,,,,,,
1,310100,VEV_5100,1,5.0,182.0,181.0,2.0,0.7058823529411765,3101,-12.5,179.5,-72.5,167.5,-100.0,162.0,-80.0,166.0,-135.0,155.0,-115.0,159.0,177.5,-22.5,AGG_BUY,,,,,,
1,310100,VEV_5200,1,5.0,108.0,107.5,1.0,0.7058823529411765,3101,-12.5,105.5,-57.5,96.5,-77.5,92.5,-57.5,96.5,-92.5,89.5,-92.5,89.5,102.5,-27.5,AGG_BUY,,,,,,
1,310500,VELVETFRUIT_EXTRACT,1,11.0,5266.0,5265.5,1.0,0.2413793103448276,3105,-16.5,5264.5,-159.5,5251.5,-231.0,5245.0,-192.5,5248.5,-341.0,5235.0,-280.5,5240.5,5265.5,-5.5,AGG_BUY,,,,,,
1,310600,VELVETFRUIT_EXTRACT,1,3.0,5265.0,5266.5,5.0,0.0,3106,1.5,5265.5,-45.0,5250.0,-55.5,5246.5,-51.0,5248.0,-85.5,5236.5,-73.5,5240.5,5265.5,1.5,PASS_BUY,,,,,,
1,311200,VELVETFRUIT_EXTRACT,1,10.0,5265.0,5264.0,2.0,0.2,3112,10.0,5266.0,-180.0,5247.0,-205.0,5244.5,-165.0,5248.5,-315.0,5233.5,-290.0,5236.0,5265.5,5.0,AGG_BUY,,,,,,
1,313000,VELVETFRUIT_EXTRACT,-1,5.0,5266.0,5264.5,5.0,-0.575,3130,42.5,5257.5,97.5,5246.5,62.5,5253.5,72.5,5251.5,142.5,5237.5,172.5,5231.5,5265.5,2.5,PASS_SELL,,,,,,
1,314500,VELVETFRUIT_EXTRACT,1,4.0,5252.0,5253.5,5.0,-0.38461538461538464,3145,-2.0,5251.5,-20.0,5247.0,-6.0,5250.5,0.0,5252.0,-58.0,5237.5,-90.0,5229.5,5265.5,54.0,PASS_BUY,,,,,,
1,316900,VELVETFRUIT_EXTRACT,1,15.0,5246.0,5245.0,2.0,0.5833333333333334,3169,37.5,5248.5,67.5,5250.5,112.5,5253.5,82.5,5251.5,-202.5,5232.5,-187.5,5233.5,5265.5,292.5,AGG_BUY,,,,,,
1,319100,VELVETFRUIT_EXTRACT,1,9.0,5246.0,5245.5,1.0,0.41935483870967744,3191,-22.5,5243.5,49.5,5251.5,22.5,5248.5,31.5,5249.5,-112.5,5233.5,-135.0,5231.0,5265.5,175.5,AGG_BUY,,,,,,
1,319300,VELVETFRUIT_EXTRACT,1,5.0,5246.0,5245.0,2.0,0.8245614035087719,3193,-12.5,5243.5,27.5,5251.5,2.5,5246.5,12.5,5248.5,-60.0,5234.0,-67.5,5232.5,5265.5,97.5,AGG_BUY,,,,,,
1,321900,VELVETFRUIT_EXTRACT,-1,7.0,5252.0,5250.5,5.0,0.5121951219512195,3219,-10.5,5253.5,-10.5,5253.5,73.5,5241.5,17.5,5249.5,161.0,5229.0,70.0,5242.0,5265.5,-94.5,PASS_SELL,,,,,,
1,322000,VEV_4000,1,2.0,1252.0,1247.0,10.0,0.75,3220,3.0,1253.5,3.0,1253.5,-21.0,1241.5,-1.0,1251.5,-46.0,1229.0,-19.0,1242.5,1265.5,27.0,AGG_BUY,,,,,,
1,322000,VEV_4500,1,2.0,752.0,748.5,7.0,0.6,3220,4.0,754.0,4.0,754.0,-20.0,742.0,-2.0,751.0,-46.0,729.0,-20.0,742.0,765.5,27.0,AGG_BUY,,,,,,
1,322000,VEV_5000,1,2.0,257.0,255.5,3.0,0.6,3220,2.0,258.0,2.0,258.0,-20.0,247.0,-2.0,256.0,-45.0,234.5,-20.0,247.0,268.5,23.0,AGG_BUY,,,,,,
1,322100,VELVETFRUIT_EXTRACT,-1,21.0,5251.0,5253.5,5.0,-0.5058823529411764,3221,-73.5,5254.5,-31.5,5252.5,199.5,5241.5,-42.0,5253.0,451.5,5229.5,178.5,5242.5,5265.5,-304.5,AGG_SELL,,,,,,
1,322600,VEV_4000,1,4.0,1253.0,1248.0,10.0,0.5294117647058824,3226,0.0,1253.0,-6.0,1251.5,-50.0,1240.5,2.0,1253.5,-102.0,1227.5,-42.0,1242.5,1265.5,50.0,AGG_BUY,,,,,,
1,322600,VEV_4500,1,4.0,753.0,749.0,8.0,0.38461538461538464,3226,0.0,753.0,-4.0,752.0,-50.0,740.5,2.0,753.5,-102.0,727.5,-42.0,742.5,765.5,50.0,AGG_BUY,,,,,,
1,324000,VELVETFRUIT_EXTRACT,-1,8.0,5253.0,5254.5,3.0,-0.7866666666666666,3240,20.0,5250.5,28.0,5249.5,60.0,5245.5,-12.0,5254.5,164.0,5232.5,36.0,5248.5,5265.5,-100.0,AGG_SELL,,,,,,
1,328500,VELVETFRUIT_EXTRACT,1,4.0,5250.0,5251.5,5.0,-0.4883720930232558,3285,-22.0,5244.5,-22.0,5244.5,-6.0,5248.5,2.0,5250.5,-82.0,5229.5,-54.0,5236.5,5265.5,62.0,PASS_BUY,,,,,,
1,331200,VELVETFRUIT_EXTRACT,1,8.0,5244.0,5242.5,3.0,0.7948717948717948,3312,-28.0,5240.5,60.0,5251.5,52.0,5250.5,68.0,5252.5,-108.0,5230.5,-24.0,5241.0,5265.5,172.0,AGG_BUY,,,,,,
1,333000,VELVETFRUIT_EXTRACT,1,8.0,5237.0,5236.5,1.0,0.5151515151515151,3330,68.0,5245.5,124.0,5252.5,116.0,5251.5,108.0,5250.5,-44.0,5231.5,36.0,5241.5,5265.5,228.0,AGG_BUY,,,,,,
1,333500,VELVETFRUIT_EXTRACT,-1,19.0,5242.0,5244.5,5.0,-0.4647887323943662,3335,-47.5,5244.5,-123.5,5248.5,-180.5,5251.5,-104.5,5247.5,199.5,5231.5,-85.5,5246.5,5265.5,-446.5,AGG_SELL,,,,,,
1,334100,VELVETFRUIT_EXTRACT,-1,14.0,5246.0,5247.5,3.0,-0.5942028985507246,3341,-49.0,5249.5,-35.0,5248.5,-49.0,5249.5,-49.0,5249.5,224.0,5230.0,21.0,5244.5,5265.5,-273.0,AGG_SELL,,,,,,
1,335300,VELVETFRUIT_EXTRACT,1,3.0,5246.0,5247.5,5.0,0.47368421052631576,3353,16.5,5251.5,16.5,5251.5,-1.5,5245.5,7.5,5248.5,-55.5,5227.5,7.5,5248.5,5265.5,58.5,PASS_BUY,,,,,,
1,335500,VELVETFRUIT_EXTRACT,1,11.0,5247.0,5246.0,2.0,0.6811594202898551,3355,49.5,5251.5,16.5,5248.5,-5.5,5246.5,27.5,5249.5,-181.5,5230.5,16.5,5248.5,5265.5,203.5,AGG_BUY,,,,,,
1,335700,VEV_5200,-1,3.0,96.0,97.0,2.0,-0.7931034482758621,3357,-13.5,100.5,-4.5,97.5,1.5,95.5,-4.5,97.5,31.5,85.5,10.5,92.5,102.5,-19.5,AGG_SELL,,,,,,
1,340500,VELVETFRUIT_EXTRACT,1,9.0,5249.0,5248.5,1.0,0.25,3405,-4.5,5248.5,-22.5,5246.5,-22.5,5246.5,-49.5,5243.5,-148.5,5232.5,58.5,5255.5,5265.5,148.5,AGG_BUY,,,,,,
1,341500,VEV_5200,-1,2.0,96.0,97.0,2.0,-0.8461538461538461,3415,-1.0,96.5,2.0,95.0,5.0,93.5,7.0,92.5,16.0,88.0,-5.0,98.5,102.5,-13.0,AGG_SELL,,,,,,
1,343800,VELVETFRUIT_EXTRACT,-1,10.0,5252.0,5253.5,3.0,-0.7183098591549296,3438,60.0,5246.0,50.0,5247.0,65.0,5245.5,85.0,5243.5,125.0,5239.5,-55.0,5257.5,5265.5,-135.0,AGG_SELL,,,,,,
1,344200,VELVETFRUIT_EXTRACT,-1,4.0,5252.0,5250.5,5.0,-0.45,3442,26.0,5245.5,26.0,5245.5,34.0,5243.5,46.0,5240.5,46.0,5240.5,-30.0,5259.5,5265.5,-54.0,PASS_SELL,,,,,,
1,347900,VELVETFRUIT_EXTRACT,1,6.0,5246.0,5245.0,2.0,0.8518518518518519,3479,-6.0,5245.0,-9.0,5244.5,3.0,5246.5,-39.0,5239.5,45.0,5253.5,81.0,5259.5,5265.5,117.0,AGG_BUY,,,,,,
1,348200,VELVETFRUIT_EXTRACT,-1,8.0,5248.0,5249.5,3.0,-0.7922077922077922,3482,20.0,5245.5,28.0,5244.5,4.0,5247.5,76.0,5238.5,-28.0,5251.5,-108.0,5261.5,5265.5,-140.0,AGG_SELL,,,,,,
1,350300,VEV_4000,1,4.0,1246.0,1241.0,10.0,0.42857142857142855,3503,-4.0,1245.0,-18.0,1241.5,10.0,1248.5,-14.0,1242.5,14.0,1249.5,66.0,1262.5,1265.5,78.0,AGG_BUY,,,,,,
1,350300,VEV_4500,1,4.0,746.0,742.5,7.0,0.4666666666666667,3503,-4.0,745.0,-20.0,741.0,12.0,749.0,-12.0,743.0,12.0,749.0,64.0,762.0,765.5,78.0,AGG_BUY,,,,,,
1,350300,VEV_5000,1,4.0,251.0,250.0,2.0,0.4666666666666667,3503,-4.0,250.0,-20.0,246.0,8.0,253.0,-12.0,248.0,12.0,254.0,58.0,265.5,268.5,70.0,AGG_BUY,,,,,,
1,350300,VEV_5100,1,4.0,164.0,163.0,2.0,0.7419354838709677,3503,-4.0,163.0,-16.0,160.0,8.0,166.0,-16.0,160.0,4.0,165.0,44.0,175.0,177.5,54.0,AGG_BUY,,,,,,
1,356800,VELVETFRUIT_EXTRACT,-1,6.0,5244.0,5245.5,3.0,-0.5714285714285714,3568,-9.0,5245.5,-45.0,5251.5,-39.0,5250.5,-3.0,5244.5,9.0,5242.5,-165.0,5271.5,5265.5,-129.0,AGG_SELL,,,,,,
1,358500,VELVETFRUIT_EXTRACT,-1,7.0,5247.0,5248.5,3.0,-0.8181818181818182,3585,-10.5,5248.5,-52.5,5254.5,-24.5,5250.5,66.5,5237.5,17.5,5244.5,-115.5,5263.5,5265.5,-129.5,AGG_SELL,,,,,,
1,358900,VELVETFRUIT_EXTRACT,1,7.0,5247.0,5246.0,2.0,0.36363636363636365,3589,10.5,5248.5,66.5,5256.5,28.0,5251.0,-70.0,5237.0,-7.0,5246.0,115.5,5263.5,5265.5,129.5,AGG_BUY,,,,,,
1,363600,VELVETFRUIT_EXTRACT,-1,25.0,5255.0,5257.5,5.0,-0.38271604938271603,3636,87.5,5251.5,125.0,5250.0,-25.0,5256.0,512.5,5234.5,62.5,5252.5,-0.0,5255.0,5265.5,-262.5,AGG_SELL,,,,,,
1,364900,VELVETFRUIT_EXTRACT,1,7.0,5252.0,5253.5,5.0,-0.45,3649,3.5,5252.5,-3.5,5251.5,-3.5,5251.5,-108.5,5236.5,-14.0,5250.0,24.5,5255.5,5265.5,94.5,PASS_BUY,,,,,,
1,365600,VELVETFRUIT_EXTRACT,1,8.0,5251.0,5252.5,5.0,-0.41025641025641024,3656,0.0,5251.0,-4.0,5250.5,-12.0,5249.5,-140.0,5233.5,36.0,5255.5,12.0,5252.5,5265.5,116.0,PASS_BUY,,,,,,
1,366100,VELVETFRUIT_EXTRACT,1,15.0,5250.0,5249.0,2.0,0.5652173913043478,3661,22.5,5251.5,52.5,5253.5,-37.5,5247.5,-240.0,5234.0,67.5,5254.5,60.0,5254.0,5265.5,232.5,AGG_BUY,,,,,,
1,367900,VELVETFRUIT_EXTRACT,1,5.0,5248.0,5247.0,2.0,0.855072463768116,3679,15.0,5251.0,27.5,5253.5,2.5,5248.5,-82.5,5231.5,7.5,5249.5,12.5,5250.5,5265.5,87.5,AGG_BUY,,,,,,
1,370700,VEV_5200,-1,3.0,98.0,99.0,2.0,-0.7272727272727273,3707,1.5,97.5,4.5,96.5,-4.5,99.5,45.0,83.0,-1.5,98.5,22.5,90.5,102.5,-13.5,AGG_SELL,,,,,,
1,370800,VELVETFRUIT_EXTRACT,1,8.0,5250.0,5249.0,2.0,0.75,3708,-4.0,5249.5,-20.0,5247.5,28.0,5253.5,-192.0,5226.0,24.0,5253.0,-44.0,5244.5,5265.5,124.0,AGG_BUY,,,,,,
1,370900,VEV_5200,-1,3.0,98.0,99.0,2.0,-0.7692307692307693,3709,1.5,97.5,4.5,96.5,-4.5,99.5,43.5,83.5,4.5,96.5,22.5,90.5,102.5,-13.5,AGG_SELL,,,,,,
1,371100,VELVETFRUIT_EXTRACT,-1,10.0,5252.0,5253.5,3.0,-0.4117647058823529,3711,-10.0,5253.0,45.0,5247.5,-15.0,5253.5,235.0,5228.5,30.0,5249.0,85.0,5243.5,5265.5,-135.0,AGG_SELL,,,,,,
1,375100,VELVETFRUIT_EXTRACT,1,6.0,5252.0,5251.0,2.0,0.42857142857142855,3751,-27.0,5247.5,-3.0,5251.5,-21.0,5248.5,-117.0,5232.5,6.0,5253.0,-75.0,5239.5,5265.5,81.0,AGG_BUY,,,,,,
1,376600,VEV_4000,1,5.0,1246.0,1241.0,10.0,0.47368421052631576,3766,15.0,1249.0,27.5,1251.5,-2.5,1245.5,-52.5,1235.5,47.5,1255.5,-42.5,1237.5,1265.5,97.5,AGG_BUY,,,,,,
1,376600,VEV_4500,1,5.0,746.0,742.5,7.0,0.09090909090909091,3766,15.0,749.0,30.0,752.0,0.0,746.0,-50.0,736.0,50.0,756.0,-42.5,737.5,765.5,97.5,AGG_BUY,,,,,,
1,376600,VEV_5000,1,5.0,251.0,250.0,2.0,0.09090909090909091,3766,15.0,254.0,27.5,256.5,0.0,251.0,-50.0,241.0,45.0,260.0,-45.0,242.0,268.5,87.5,AGG_BUY,,,,,,
1,376600,VEV_5100,1,5.0,163.0,162.5,1.0,0.09090909090909091,3766,15.0,166.0,25.0,168.0,0.0,163.0,-40.0,155.0,35.0,170.0,-45.0,154.0,177.5,72.5,AGG_BUY,,,,,,
1,376800,VELVETFRUIT_EXTRACT,1,5.0,5246.0,5245.0,2.0,0.8701298701298701,3768,15.0,5249.0,27.5,5251.5,2.5,5246.5,-57.5,5234.5,45.0,5255.0,-42.5,5237.5,5265.5,97.5,AGG_BUY,,,,,,
1,377900,VEV_4000,1,2.0,1248.0,1243.0,10.0,0.7333333333333333,3779,1.0,1248.5,5.0,1250.5,-3.0,1246.5,-31.0,1232.5,13.0,1254.5,-19.0,1238.5,1265.5,35.0,AGG_BUY,,,,,,
1,377900,VEV_4500,1,2.0,748.0,744.0,8.0,0.6363636363636364,3779,2.0,749.0,6.0,751.0,-4.0,746.0,-30.0,733.0,14.0,755.0,-19.0,738.5,765.5,35.0,AGG_BUY,,,,,,
1,380900,VELVETFRUIT_EXTRACT,1,4.0,5251.0,5253.0,6.0,0.0,3809,0.0,5251.0,-14.0,5247.5,-22.0,5245.5,-94.0,5227.5,-6.0,5249.5,-52.0,5238.0,5265.5,58.0,PASS_BUY,,,,,,
1,381700,VELVETFRUIT_EXTRACT,-1,8.0,5254.0,5252.5,5.0,0.0,3817,36.0,5249.5,68.0,5245.5,92.0,5242.5,188.0,5230.5,84.0,5243.5,76.0,5244.5,5265.5,-92.0,PASS_SELL,,,,,,
1,383700,VELVETFRUIT_EXTRACT,1,7.0,5247.0,5248.5,5.0,-0.5,3837,7.0,5248.0,-10.5,5245.5,-24.5,5243.5,-108.5,5231.5,-52.5,5239.5,24.5,5250.5,5265.5,129.5,PASS_BUY,,,,,,
1,383800,VEV_5200,-1,2.0,97.0,98.0,2.0,-0.8461538461538461,3838,-1.0,97.5,5.0,94.5,7.0,93.5,25.0,84.5,13.0,90.5,3.0,95.5,102.5,-11.0,AGG_SELL,,,,,,
1,385900,VELVETFRUIT_EXTRACT,1,2.0,5246.0,5247.5,5.0,-0.4725274725274725,3859,-1.0,5245.5,-1.0,5245.5,-5.0,5243.5,-28.0,5232.0,-5.0,5243.5,17.0,5254.5,5265.5,39.0,PASS_BUY,,,,,,
1,386400,VELVETFRUIT_EXTRACT,1,7.0,5246.0,5245.0,2.0,0.48148148148148145,3864,-3.5,5245.5,0.0,5246.0,-31.5,5241.5,-87.5,5233.5,-28.0,5242.0,80.5,5257.5,5265.5,136.5,AGG_BUY,,,,,,
1,389700,VELVETFRUIT_EXTRACT,-1,9.0,5244.0,5245.5,3.0,-0.6949152542372882,3897,9.0,5243.0,40.5,5239.5,31.5,5240.5,67.5,5236.5,40.5,5239.5,-31.5,5247.5,5265.5,-193.5,AGG_SELL,,,,,,
1,391400,VELVETFRUIT_EXTRACT,-1,12.0,5245.0,5246.0,2.0,-0.22580645161290322,3914,6.0,5244.5,42.0,5241.5,18.0,5243.5,126.0,5234.5,6.0,5244.5,-54.0,5249.5,5265.5,-246.0,AGG_SELL,,,,,,
1,391900,VELVETFRUIT_EXTRACT,1,9.0,5244.0,5243.0,2.0,0.6842105263157895,3919,4.5,5244.5,-31.5,5240.5,4.5,5244.5,-90.0,5234.0,4.5,5244.5,58.5,5250.5,5265.5,193.5,AGG_BUY,,,,,,
1,392300,VELVETFRUIT_EXTRACT,1,4.0,5243.0,5244.5,5.0,-0.45454545454545453,3923,14.0,5246.5,-10.0,5240.5,-10.0,5240.5,-36.0,5234.0,6.0,5244.5,30.0,5250.5,5265.5,90.0,PASS_BUY,,,,,,
1,393000,VELVETFRUIT_EXTRACT,1,1.0,5243.0,5244.5,5.0,0.4523809523809524,3930,-0.5,5242.5,-2.5,5240.5,0.5,5243.5,-6.5,5236.5,-0.5,5242.5,8.5,5251.5,5265.5,22.5,PASS_BUY,,,,,,
1,393400,VEV_5200,-1,12.0,95.0,96.0,2.0,0.0,3934,48.0,91.0,54.0,90.5,30.0,92.5,72.0,89.0,48.0,91.0,6.0,94.5,102.5,-90.0,AGG_SELL,,,,,,
1,393900,VELVETFRUIT_EXTRACT,1,10.0,5243.0,5242.0,2.0,0.7142857142857143,3939,-25.0,5240.5,-45.0,5238.5,5.0,5243.5,-35.0,5239.5,-35.0,5239.5,105.0,5253.5,5265.5,225.0,AGG_BUY,,,,,,
1,393900,VEV_5200,-1,7.0,93.0,94.0,2.0,0.0,3939,7.0,92.0,17.5,90.5,-3.5,93.5,17.5,90.5,24.5,89.5,-17.5,95.5,102.5,-66.5,AGG_SELL,,,,,,
1,394200,VEV_5200,-1,5.0,91.0,92.0,2.0,-0.7058823529411765,3942,-2.5,91.5,-7.5,92.5,-17.5,94.5,-2.5,91.5,7.5,89.5,-22.5,95.5,102.5,-57.5,AGG_SELL,,,,,,
1,395100,VELVETFRUIT_EXTRACT,1,9.0,5240.0,5239.0,2.0,0.3793103448275862,3951,31.5,5243.5,22.5,5242.5,49.5,5245.5,27.0,5243.0,-27.0,5237.0,99.0,5251.0,5265.5,229.5,AGG_BUY,,,,,,
1,395700,VEV_5200,-1,9.0,92.0,93.0,2.0,0.0,3957,-9.0,93.0,-31.5,95.5,-13.5,93.5,-13.5,93.5,22.5,89.5,-4.5,92.5,102.5,-94.5,AGG_SELL,,,,,,
1,395800,VEV_5200,-1,10.0,92.0,93.0,2.0,0.0,3958,-5.0,92.5,-25.0,94.5,-15.0,93.5,-25.0,94.5,25.0,89.5,-5.0,92.5,102.5,-105.0,AGG_SELL,,,,,,
1,396000,VELVETFRUIT_EXTRACT,-1,8.0,5245.0,5243.5,5.0,-0.6049382716049383,3960,32.0,5241.0,12.0,5243.5,32.0,5241.0,-20.0,5247.5,36.0,5240.5,-36.0,5249.5,5265.5,-164.0,PASS_SELL,,,,,,
1,399700,VEV_4000,1,5.0,1240.0,1235.0,10.0,0.4117647058823529,3997,32.5,1246.5,17.5,1243.5,-32.5,1233.5,32.5,1246.5,17.5,1243.5,47.5,1249.5,1265.5,127.5,AGG_BUY,,,,,,
1,399700,VEV_4500,1,5.0,740.0,736.5,7.0,0.375,3997,30.0,746.0,20.0,744.0,-32.5,733.5,30.0,746.0,20.0,744.0,50.0,750.0,765.5,127.5,AGG_BUY,,,,,,
1,399700,VEV_5000,1,5.0,245.0,244.0,2.0,0.375,3997,30.0,251.0,20.0,249.0,-30.0,239.0,30.0,251.0,20.0,249.0,42.5,253.5,268.5,117.5,AGG_BUY,,,,,,
1,399700,VEV_5100,1,5.0,158.0,157.5,1.0,0.375,3997,25.0,163.0,15.0,161.0,-25.0,153.0,22.5,162.5,10.0,160.0,30.0,164.0,177.5,97.5,AGG_BUY,,,,,,
1,400100,VEV_5200,-1,10.0,92.0,93.0,2.0,0.0,4001,-10.0,93.0,-25.0,94.5,25.0,89.5,-25.0,94.5,-5.0,92.5,-15.0,93.5,102.5,-105.0,AGG_SELL,,,,,,
1,400300,VELVETFRUIT_EXTRACT,-1,5.0,5242.0,5243.5,3.0,-0.6296296296296297,4003,-0.0,5242.0,-0.0,5242.0,32.5,5235.5,-37.5,5249.5,-7.5,5243.5,-45.0,5251.0,5265.5,-117.5,AGG_SELL,,,,,,
1,400600,VELVETFRUIT_EXTRACT,-1,15.0,5243.0,5243.5,1.0,0.034482758620689655,4006,-7.5,5243.5,-7.5,5243.5,97.5,5236.5,-97.5,5249.5,-30.0,5245.0,-120.0,5251.0,5265.5,-337.5,AGG_SELL,,,,,,
1,400700,VELVETFRUIT_EXTRACT,-1,19.0,5244.0,5246.5,5.0,-0.5308641975308642,4007,-28.5,5245.5,9.5,5243.5,171.0,5235.0,-85.5,5248.5,-0.0,5244.0,-123.5,5250.5,5265.5,-408.5,AGG_SELL,,,,,,
1,401100,VEV_5200,-1,10.0,92.0,93.0,2.0,0.0,4011,-15.0,93.5,-15.0,93.5,35.0,88.5,-45.0,96.5,-15.0,93.5,-15.0,93.5,102.5,-105.0,AGG_SELL,,,,,,
1,401900,VELVETFRUIT_EXTRACT,1,8.0,5243.0,5244.5,5.0,0.5802469135802469,4019,8.0,5244.0,0.0,5243.0,-76.0,5233.5,36.0,5247.5,52.0,5249.5,100.0,5255.5,5265.5,180.0,PASS_BUY,,,,,,
1,402200,VELVETFRUIT_EXTRACT,1,8.0,5241.0,5240.0,2.0,0.5151515151515151,4022,16.0,5243.0,20.0,5243.5,-52.0,5234.5,52.0,5247.5,80.0,5251.0,120.0,5256.0,5265.5,196.0,AGG_BUY,,,,,,
1,402400,VELVETFRUIT_EXTRACT,1,6.0,5241.0,5242.5,5.0,-0.45,4024,3.0,5241.5,6.0,5242.0,-33.0,5235.5,48.0,5249.0,57.0,5250.5,87.0,5255.5,5265.5,147.0,PASS_BUY,,,,,,
1,402900,VELVETFRUIT_EXTRACT,-1,12.0,5243.0,5244.0,2.0,-0.25,4029,-6.0,5243.5,54.0,5238.5,90.0,5235.5,-54.0,5247.5,-114.0,5252.5,-162.0,5256.5,5265.5,-270.0,AGG_SELL,,,,,,
1,403500,VELVETFRUIT_EXTRACT,1,8.0,5240.0,5241.5,5.0,0.5268817204301075,4035,20.0,5242.5,-20.0,5237.5,-40.0,5235.0,64.0,5248.0,84.0,5250.5,152.0,5259.0,5265.5,204.0,PASS_BUY,,,,,,
1,404200,VELVETFRUIT_EXTRACT,-1,4.0,5246.0,5244.5,5.0,0.4666666666666667,4042,10.0,5243.5,38.0,5236.5,40.0,5236.0,-14.0,5249.5,-22.0,5251.5,-54.0,5259.5,5265.5,-78.0,PASS_SELL,,,,,,
1,405800,VELVETFRUIT_EXTRACT,-1,6.0,5243.0,5244.5,3.0,-0.8461538461538461,4058,-9.0,5244.5,51.0,5234.5,63.0,5232.5,-27.0,5247.5,-87.0,5257.5,-81.0,5256.5,5265.5,-135.0,AGG_SELL,,,,,,
1,406400,VELVETFRUIT_EXTRACT,-1,5.0,5245.0,5243.5,5.0,0.0,4064,15.0,5242.0,62.5,5232.5,57.5,5233.5,-7.5,5246.5,-55.0,5256.0,-47.5,5254.5,5265.5,-102.5,PASS_SELL,,,,,,
1,406700,VEV_5200,-1,2.0,94.0,95.0,2.0,-0.875,4067,5.0,91.5,13.0,87.5,15.0,86.5,3.0,92.5,-15.0,101.5,1.0,93.5,102.5,-17.0,AGG_SELL,,,,,,
1,407900,VELVETFRUIT_EXTRACT,1,12.0,5239.0,5238.5,1.0,0.14285714285714285,4079,-24.0,5237.0,-42.0,5235.5,-90.0,5231.5,54.0,5243.5,282.0,5262.5,210.0,5256.5,5265.5,318.0,AGG_BUY,,,,,,
1,409800,VELVETFRUIT_EXTRACT,1,10.0,5233.0,5232.0,2.0,0.696969696969697,4098,15.0,5234.5,45.0,5237.5,-50.0,5228.0,165.0,5249.5,295.0,5262.5,275.0,5260.5,5265.5,325.0,AGG_BUY,,,,,,
1,410400,VEV_4000,1,3.0,1235.0,1230.0,10.0,0.6470588235294118,4104,-7.5,1232.5,-1.5,1234.5,-24.0,1227.0,30.0,1245.0,85.5,1263.5,79.5,1261.5,1265.5,91.5,AGG_BUY,,,,,,
1,410400,VEV_4500,1,3.0,735.0,731.5,7.0,0.3333333333333333,4104,-7.5,732.5,-3.0,734.0,-24.0,727.0,33.0,746.0,85.5,763.5,79.5,761.5,765.5,91.5,AGG_BUY,,,,,,
1,410400,VEV_5000,1,3.0,241.0,239.5,3.0,0.75,4104,-9.0,238.0,-4.5,239.5,-24.0,233.0,36.0,253.0,78.0,267.0,72.0,265.0,268.5,82.5,AGG_BUY,,,,,,
1,410400,VEV_5100,1,3.0,154.0,153.5,1.0,0.3333333333333333,4104,-6.0,152.0,-3.0,153.0,-18.0,148.0,31.5,164.5,67.5,176.5,60.0,174.0,177.5,70.5,AGG_BUY,,,,,,
1,410600,VELVETFRUIT_EXTRACT,-1,6.0,5238.0,5236.5,5.0,0.5443037974683544,4106,21.0,5234.5,27.0,5233.5,75.0,5225.5,-75.0,5250.5,-144.0,5262.0,-147.0,5262.5,5265.5,-165.0,PASS_SELL,,,,,,
1,413600,VEV_5200,-1,9.0,87.0,88.0,2.0,0.0,4136,-18.0,89.0,-0.0,87.0,13.5,85.5,-94.5,97.5,-157.5,104.5,-130.5,101.5,102.5,-139.5,AGG_SELL,,,,,,
1,415200,VELVETFRUIT_EXTRACT,1,5.0,5235.0,5234.0,2.0,0.8148148148148148,4152,-7.5,5233.5,-37.5,5227.5,-7.5,5233.5,77.5,5250.5,157.5,5266.5,145.0,5264.0,5265.5,152.5,AGG_BUY,,,,,,
1,416700,VELVETFRUIT_EXTRACT,-1,7.0,5232.0,5233.5,3.0,-0.8133333333333334,4167,3.5,5231.5,24.5,5228.5,-17.5,5234.5,-133.0,5251.0,-227.5,5264.5,-192.5,5259.5,5265.5,-234.5,AGG_SELL,,,,,,
1,418200,VELVETFRUIT_EXTRACT,-1,5.0,5231.0,5232.5,3.0,-0.8148148148148148,4182,-10.0,5233.0,12.5,5228.5,-2.5,5231.5,-102.5,5251.5,-147.5,5260.5,-172.5,5265.5,5265.5,-172.5,AGG_SELL,,,,,,
1,421800,VELVETFRUIT_EXTRACT,-1,8.0,5228.0,5229.5,3.0,-0.7288135593220338,4218,-4.0,5228.5,-52.0,5234.5,-20.0,5230.5,-180.0,5250.5,-276.0,5262.5,-356.0,5272.5,5265.5,-300.0,AGG_SELL,,,,,,
1,422200,VELVETFRUIT_EXTRACT,1,8.0,5229.0,5228.0,2.0,0.7808219178082192,4222,-4.0,5228.5,56.0,5236.0,4.0,5229.5,180.0,5251.5,268.0,5262.5,356.0,5273.5,5265.5,292.0,AGG_BUY,,,,,,
1,423800,VELVETFRUIT_EXTRACT,-1,22.0,5231.0,5233.5,5.0,-0.4942528735632184,4238,-33.0,5232.5,-0.0,5231.0,55.0,5228.5,-473.0,5252.5,-649.0,5260.5,-869.0,5270.5,5265.5,-759.0,AGG_SELL,,,,,,
1,424500,VELVETFRUIT_EXTRACT,-1,7.0,5234.0,5232.5,5.0,0.6153846153846154,4245,-3.5,5234.5,38.5,5228.5,24.5,5230.5,-133.0,5253.0,-168.0,5258.0,-283.5,5274.5,5265.5,-220.5,PASS_SELL,,,,,,
1,425800,VELVETFRUIT_EXTRACT,1,11.0,5234.0,5233.0,2.0,0.6271186440677966,4258,5.5,5234.5,-71.5,5227.5,-27.5,5231.5,231.0,5255.0,242.0,5256.0,456.5,5275.5,5265.5,346.5,AGG_BUY,,,,,,
1,426800,VELVETFRUIT_EXTRACT,1,8.0,5233.0,5234.5,5.0,-0.5294117647058824,4268,-4.0,5232.5,-20.0,5230.5,16.0,5235.0,176.0,5255.0,164.0,5253.5,340.0,5275.5,5265.5,260.0,PASS_BUY,,,,,,
1,428000,VEV_4000,1,2.0,1232.0,1227.0,10.0,0.6,4280,0.0,1232.0,-1.0,1231.5,12.0,1238.0,47.0,1255.5,45.0,1254.5,91.0,1277.5,1265.5,67.0,AGG_BUY,,,,,,
1,428000,VEV_4500,1,2.0,732.0,728.5,7.0,0.6923076923076923,4280,0.0,732.0,-2.0,731.0,10.0,737.0,46.0,755.0,44.0,754.0,91.0,777.5,765.5,67.0,AGG_BUY,,,,,,
1,428000,VEV_5000,1,2.0,237.0,236.0,2.0,0.6923076923076923,4280,1.0,237.5,0.0,237.0,5.0,239.5,44.0,259.0,44.0,259.0,87.0,280.5,268.5,63.0,AGG_BUY,,,,,,
1,428000,VEV_5100,1,2.0,151.0,150.5,1.0,0.8518518518518519,4280,2.0,152.0,0.0,151.0,4.0,153.0,38.0,170.0,36.0,169.0,75.0,188.5,177.5,53.0,AGG_BUY,,,,,,
1,428600,VELVETFRUIT_EXTRACT,1,10.0,5230.0,5229.0,2.0,0.7142857142857143,4286,5.0,5230.5,-5.0,5229.5,80.0,5238.0,245.0,5254.5,215.0,5251.5,505.0,5280.5,5265.5,355.0,AGG_BUY,,,,,,
1,431000,VELVETFRUIT_EXTRACT,-1,5.0,5232.0,5230.5,5.0,-0.5,4310,2.5,5231.5,7.5,5230.5,-17.5,5235.5,-87.5,5249.5,-102.5,5252.5,-202.5,5272.5,5265.5,-167.5,PASS_SELL,,,,,,
1,431700,VELVETFRUIT_EXTRACT,-1,4.0,5232.0,5230.5,5.0,0.0,4317,10.0,5229.5,-16.0,5236.0,-2.0,5232.5,-46.0,5243.5,-82.0,5252.5,-174.0,5275.5,5265.5,-134.0,PASS_SELL,,,,,,
1,432100,VELVETFRUIT_EXTRACT,-1,3.0,5233.0,5231.5,5.0,0.5342465753424658,4321,7.5,5230.5,-1.5,5233.5,-1.5,5233.5,-31.5,5243.5,-55.5,5251.5,-121.5,5273.5,5265.5,-97.5,PASS_SELL,,,,,,
1,434400,VELVETFRUIT_EXTRACT,-1,5.0,5231.0,5232.5,3.0,-0.5652173913043478,4344,2.5,5230.5,-32.5,5237.5,-55.0,5242.0,-57.5,5242.5,-77.5,5246.5,-167.5,5264.5,5265.5,-172.5,AGG_SELL,,,,,,
1,435300,VELVETFRUIT_EXTRACT,1,8.0,5226.0,5227.5,5.0,0.45,4353,68.0,5234.5,68.0,5234.5,148.0,5244.5,124.0,5241.5,148.0,5244.5,324.0,5266.5,5265.5,316.0,PASS_BUY,,,,,,
1,437100,VEV_4000,1,4.0,1233.0,1228.0,10.0,0.5555555555555556,4371,-2.0,1232.5,2.0,1233.5,78.0,1252.5,18.0,1237.5,18.0,1237.5,114.0,1261.5,1265.5,130.0,AGG_BUY,,,,,,
1,437100,VEV_4500,1,4.0,733.0,729.5,7.0,0.3333333333333333,4371,-2.0,732.5,0.0,733.0,76.0,752.0,18.0,737.5,18.0,737.5,116.0,762.0,765.5,130.0,AGG_BUY,,,,,,
1,437100,VEV_5100,1,4.0,152.0,151.0,2.0,0.7714285714285715,4371,0.0,152.0,0.0,152.0,64.0,168.0,12.0,155.0,12.0,155.0,90.0,174.5,177.5,102.0,AGG_BUY,,,,,,
1,438000,VELVETFRUIT_EXTRACT,1,7.0,5231.0,5233.0,6.0,0.0,4380,52.5,5238.5,38.5,5236.5,143.5,5251.5,59.5,5239.5,59.5,5239.5,227.5,5263.5,5265.5,241.5,PASS_BUY,,,,,,
1,438200,VELVETFRUIT_EXTRACT,-1,11.0,5235.0,5236.0,2.0,-0.2903225806451613,4382,-27.5,5237.5,-11.0,5236.0,-181.5,5251.5,-49.5,5239.5,-38.5,5238.5,-313.5,5263.5,5265.5,-335.5,AGG_SELL,,,,,,
1,442900,VELVETFRUIT_EXTRACT,-1,7.0,5234.0,5235.5,3.0,-0.44,4429,-38.5,5239.5,-136.5,5253.5,-94.5,5247.5,-66.5,5243.5,-14.0,5236.0,-101.5,5248.5,5265.5,-220.5,AGG_SELL,,,,,,
1,445900,VELVETFRUIT_EXTRACT,-1,4.0,5248.0,5246.5,5.0,0.0,4459,-18.0,5252.5,12.0,5245.0,6.0,5246.5,34.0,5239.5,46.0,5236.5,18.0,5243.5,5265.5,-70.0,PASS_SELL,,,,,,
1,446600,VELVETFRUIT_EXTRACT,-1,21.0,5249.0,5251.5,5.0,-0.5058823529411764,4466,-73.5,5252.5,10.5,5248.5,94.5,5244.5,178.5,5240.5,304.5,5234.5,73.5,5245.5,5265.5,-346.5,AGG_SELL,,,,,,
1,446800,VELVETFRUIT_EXTRACT,-1,19.0,5250.0,5252.5,5.0,-0.4722222222222222,4468,-57.0,5253.0,57.0,5247.0,142.5,5242.5,180.5,5240.5,332.5,5232.5,85.5,5245.5,5265.5,-294.5,AGG_SELL,,,,,,
1,448100,VELVETFRUIT_EXTRACT,-1,3.0,5253.0,5251.5,5.0,-0.5342465753424658,4481,19.5,5246.5,15.0,5248.0,27.0,5244.0,31.5,5242.5,61.5,5232.5,16.5,5247.5,5265.5,-37.5,PASS_SELL,,,,,,
1,450200,VELVETFRUIT_EXTRACT,1,6.0,5247.0,5246.0,2.0,0.45454545454545453,4502,15.0,5249.5,0.0,5247.0,21.0,5250.5,-27.0,5242.5,-75.0,5234.5,39.0,5253.5,5265.5,111.0,AGG_BUY,,,,,,
1,450900,VELVETFRUIT_EXTRACT,1,6.0,5246.0,5245.0,2.0,0.8095238095238095,4509,9.0,5247.5,3.0,5246.5,39.0,5252.5,-3.0,5245.5,-87.0,5231.5,57.0,5255.5,5265.5,117.0,AGG_BUY,,,,,,
1,453500,VELVETFRUIT_EXTRACT,1,8.0,5246.0,5248.0,6.0,0.0,4535,20.0,5248.5,-12.0,5244.5,44.0,5251.5,36.0,5250.5,-140.0,5228.5,108.0,5259.5,5265.5,156.0,PASS_BUY,,,,,,
1,453600,VELVETFRUIT_EXTRACT,-1,4.0,5251.0,5249.5,5.0,-0.5151515151515151,4536,14.0,5247.5,26.0,5244.5,-6.0,5252.5,2.0,5250.5,94.0,5227.5,-34.0,5259.5,5265.5,-58.0,PASS_SELL,,,,,,
1,453700,VELVETFRUIT_EXTRACT,-1,8.0,5249.0,5250.5,3.0,-0.75,4537,12.0,5247.5,28.0,5245.5,-24.0,5252.0,-12.0,5250.5,164.0,5228.5,-72.0,5258.0,5265.5,-132.0,AGG_SELL,,,,,,
1,454000,VELVETFRUIT_EXTRACT,-1,9.0,5250.0,5251.5,3.0,-0.6785714285714286,4540,31.5,5246.5,31.5,5246.5,-40.5,5254.5,-0.0,5250.0,175.5,5230.5,-94.5,5260.5,5265.5,-139.5,AGG_SELL,,,,,,
1,454800,VELVETFRUIT_EXTRACT,1,3.0,5246.0,5248.0,6.0,0.0,4548,4.5,5247.5,10.5,5249.5,21.0,5253.0,22.5,5253.5,-43.5,5231.5,52.5,5263.5,5265.5,58.5,PASS_BUY,,,,,,
1,455200,VELVETFRUIT_EXTRACT,1,6.0,5245.0,5247.0,6.0,0.0,4552,12.0,5247.0,33.0,5250.5,33.0,5250.5,57.0,5254.5,-81.0,5231.5,120.0,5265.0,5265.5,123.0,PASS_BUY,,,,,,
1,455700,VEV_4000,1,4.0,1247.0,1242.0,10.0,0.3333333333333333,4557,-14.0,1243.5,18.0,1251.5,30.0,1254.5,46.0,1258.5,-74.0,1228.5,70.0,1264.5,1265.5,74.0,AGG_BUY,,,,,,
1,455700,VEV_4500,1,4.0,747.0,743.0,8.0,0.2,4557,-16.0,743.0,16.0,751.0,32.0,755.0,46.0,758.5,-74.0,728.5,72.0,765.0,765.5,74.0,AGG_BUY,,,,,,
1,455700,VEV_5000,1,4.0,251.0,250.0,2.0,0.2,4557,-12.0,248.0,20.0,256.0,32.0,259.0,46.0,262.5,-66.0,234.5,68.0,268.0,268.5,70.0,AGG_BUY,,,,,,
1,455700,VEV_5100,1,4.0,163.0,162.0,2.0,0.6923076923076923,4557,-12.0,160.0,16.0,167.0,26.0,169.5,38.0,172.5,-60.0,148.0,56.0,177.0,177.5,58.0,AGG_BUY,,,,,,
1,456900,VELVETFRUIT_EXTRACT,1,10.0,5240.0,5239.0,2.0,0.7530864197530864,4569,35.0,5243.5,155.0,5255.5,115.0,5251.5,195.0,5259.5,-110.0,5229.0,235.0,5263.5,5265.5,255.0,AGG_BUY,,,,,,
1,458400,VELVETFRUIT_EXTRACT,-1,3.0,5247.0,5245.5,5.0,0.5081967213114754,4584,3.0,5246.0,-10.5,5250.5,-7.5,5249.5,-46.5,5262.5,70.5,5223.5,-55.5,5265.5,5265.5,-55.5,PASS_SELL,,,,,,
1,459800,VELVETFRUIT_EXTRACT,-1,12.0,5248.0,5249.5,3.0,-0.1724137931034483,4598,-54.0,5252.5,-60.0,5253.0,-54.0,5252.5,-174.0,5262.5,240.0,5228.0,-168.0,5262.0,5265.5,-210.0,AGG_SELL,,,,,,
1,459900,VELVETFRUIT_EXTRACT,-1,8.0,5251.0,5249.5,5.0,-0.5405405405405406,4599,-12.0,5252.5,8.0,5250.0,-4.0,5251.5,-92.0,5262.5,172.0,5229.5,-92.0,5262.5,5265.5,-116.0,PASS_SELL,,,,,,
1,460000,VELVETFRUIT_EXTRACT,-1,5.0,5249.0,5250.5,3.0,-0.5238095238095238,4600,-7.5,5250.5,-12.5,5251.5,-25.0,5254.0,-60.0,5261.0,92.5,5230.5,-67.5,5262.5,5265.5,-82.5,AGG_SELL,,,,,,
1,460400,VEV_4000,1,3.0,1250.0,1245.0,10.0,0.625,4604,10.5,1253.5,10.5,1253.5,13.5,1254.5,40.5,1263.5,-49.5,1233.5,31.5,1260.5,1265.5,46.5,AGG_BUY,,,,,,
1,460400,VEV_4500,1,3.0,750.0,746.0,8.0,0.4,4604,9.0,753.0,12.0,754.0,15.0,755.0,40.5,763.5,-49.5,733.5,31.5,760.5,765.5,46.5,AGG_BUY,,,,,,
1,460400,VEV_5100,1,3.0,165.0,164.5,1.0,0.4,4604,9.0,168.0,10.5,168.5,13.5,169.5,34.5,176.5,-40.5,151.5,25.5,173.5,177.5,37.5,AGG_BUY,,,,,,
1,460700,VELVETFRUIT_EXTRACT,-1,6.0,5253.0,5251.5,5.0,0.0,4607,-9.0,5254.5,-9.0,5254.5,-6.0,5254.0,-60.0,5263.0,129.0,5231.5,-42.0,5260.0,5265.5,-75.0,PASS_SELL,,,,,,
1,462300,VELVETFRUIT_EXTRACT,-1,8.0,5258.0,5256.0,6.0,0.0,4623,52.0,5251.5,60.0,5250.5,52.0,5251.5,-56.0,5265.0,220.0,5230.5,-68.0,5266.5,5265.5,-60.0,PASS_SELL,,,,,,
1,464900,VELVETFRUIT_EXTRACT,1,7.0,5251.0,5250.0,2.0,0.36363636363636365,4649,17.5,5253.5,3.5,5251.5,7.0,5252.0,108.5,5266.5,-126.0,5233.0,178.5,5276.5,5265.5,101.5,AGG_BUY,,,,,,
1,465300,VELVETFRUIT_EXTRACT,-1,8.0,5254.0,5252.5,5.0,0.0,4653,-4.0,5254.5,-0.0,5254.0,4.0,5253.5,-108.0,5267.5,164.0,5233.5,-164.0,5274.5,5265.5,-92.0,PASS_SELL,,,,,,
1,468000,VELVETFRUIT_EXTRACT,1,3.0,5248.0,5249.5,5.0,0.45714285714285713,4680,16.5,5253.5,10.5,5251.5,22.5,5255.5,31.5,5258.5,-40.5,5234.5,70.5,5271.5,5265.5,52.5,PASS_BUY,,,,,,
1,468400,VEV_5100,1,8.0,167.0,165.0,4.0,0.5428571428571428,4684,16.0,169.0,0.0,167.0,4.0,167.5,48.0,173.0,-104.0,154.0,116.0,181.5,177.5,84.0,AGG_BUY,,,,,,
1,470400,VELVETFRUIT_EXTRACT,-1,4.0,5256.0,5254.5,5.0,0.42857142857142855,4704,30.0,5248.5,12.0,5253.0,26.0,5249.5,-16.0,5260.0,86.0,5234.5,-48.0,5268.0,5265.5,-38.0,PASS_SELL,,,,,,
1,472600,VELVETFRUIT_EXTRACT,1,3.0,5250.0,5251.5,5.0,-0.4772727272727273,4726,4.5,5251.5,25.5,5258.5,-16.5,5244.5,27.0,5259.0,-43.5,5235.5,30.0,5260.0,5265.5,46.5,PASS_BUY,,,,,,
1,472800,VELVETFRUIT_EXTRACT,-1,5.0,5252.0,5253.5,3.0,-0.5238095238095238,4728,-2.5,5252.5,-22.5,5256.5,32.5,5245.5,-32.5,5258.5,87.5,5234.5,-35.0,5259.0,5265.5,-67.5,AGG_SELL,,,,,,
1,474500,VELVETFRUIT_EXTRACT,1,8.0,5254.0,5253.0,2.0,0.5151515151515151,4745,4.0,5254.5,-32.0,5250.0,-92.0,5242.5,32.0,5258.0,-164.0,5233.5,44.0,5259.5,5265.5,92.0,AGG_BUY,,,,,,
1,474800,VELVETFRUIT_EXTRACT,1,13.0,5253.0,5252.0,2.0,0.6119402985074627,4748,26.0,5255.0,-45.5,5249.5,-130.0,5243.0,45.5,5256.5,-260.0,5233.0,117.0,5262.0,5265.5,162.5,AGG_BUY,,,,,,
1,476500,VEV_4000,1,2.0,1256.0,1251.0,10.0,0.7647058823529411,4765,5.0,1258.5,-21.0,1245.5,-29.0,1241.5,-3.0,1254.5,-39.0,1236.5,6.0,1259.0,1265.5,19.0,AGG_BUY,,,,,,
1,476500,VEV_4500,1,2.0,756.0,752.0,8.0,0.6666666666666666,4765,5.0,758.5,-20.0,746.0,-30.0,741.0,-4.0,754.0,-40.0,736.0,6.0,759.0,765.5,19.0,AGG_BUY,,,,,,
1,476500,VEV_5000,1,2.0,260.0,259.0,2.0,0.6666666666666666,4765,5.0,262.5,-18.0,251.0,-28.0,246.0,-4.0,258.0,-36.0,242.0,4.0,262.0,268.5,17.0,AGG_BUY,,,,,,
1,476500,VEV_5100,1,2.0,170.0,169.5,1.0,0.6666666666666666,4765,5.0,172.5,-16.0,162.0,-24.0,158.0,-2.0,169.0,-32.0,154.0,4.0,172.0,177.5,15.0,AGG_BUY,,,,,,
1,476600,VEV_5100,1,10.0,172.0,170.0,4.0,0.4117647058823529,4766,15.0,173.5,-110.0,161.0,-140.0,158.0,-25.0,169.5,-180.0,154.0,0.0,172.0,177.5,55.0,AGG_BUY,,,,,,
1,477100,VELVETFRUIT_EXTRACT,1,10.0,5256.0,5255.0,2.0,0.7368421052631579,4771,-15.0,5254.5,-125.0,5243.5,-185.0,5237.5,-70.0,5249.0,-210.0,5235.0,10.0,5257.0,5265.5,95.0,AGG_BUY,,,,,,
1,478900,VELVETFRUIT_EXTRACT,1,4.0,5251.0,5252.5,5.0,-0.42528735632183906,4789,-2.0,5250.5,-34.0,5242.5,-38.0,5241.5,8.0,5253.0,-58.0,5236.5,42.0,5261.5,5265.5,58.0,PASS_BUY,,,,,,
1,479600,VEV_5100,1,6.0,167.0,165.0,4.0,0.6470588235294118,4796,-18.0,164.0,-48.0,159.0,-60.0,157.0,6.0,168.0,-90.0,152.0,30.0,172.0,177.5,63.0,AGG_BUY,,,,,,
1,480100,VELVETFRUIT_EXTRACT,1,10.0,5250.0,5249.0,2.0,0.6923076923076923,4801,-15.0,5248.5,-80.0,5242.0,-75.0,5242.5,30.0,5253.0,-155.0,5234.5,95.0,5259.5,5265.5,155.0,AGG_BUY,,,,,,
1,483100,VEV_5100,1,7.0,161.0,159.0,4.0,0.5757575757575758,4831,-14.0,159.0,-28.0,157.0,-17.5,158.5,21.0,164.0,-49.0,154.0,45.5,167.5,177.5,115.5,AGG_BUY,,,,,,
1,483600,VELVETFRUIT_EXTRACT,1,9.0,5239.0,5238.5,1.0,0.45454545454545453,4836,22.5,5241.5,4.5,5239.5,18.0,5241.0,76.5,5247.5,-13.5,5237.5,139.5,5254.5,5265.5,238.5,AGG_BUY,,,,,,
1,483800,VELVETFRUIT_EXTRACT,1,7.0,5239.0,5241.0,6.0,0.0,4838,28.0,5243.0,10.5,5240.5,7.0,5240.0,52.5,5246.5,-7.0,5238.0,101.5,5253.5,5265.5,185.5,PASS_BUY,,,,,,
1,484400,VEV_5100,1,10.0,161.0,159.0,4.0,0.4117647058823529,4844,-10.0,160.0,-30.0,158.0,-40.0,157.0,10.0,162.0,-70.0,154.0,45.0,165.5,177.5,165.0,AGG_BUY,,,,,,
1,485700,VELVETFRUIT_EXTRACT,1,10.0,5242.0,5241.0,2.0,0.42857142857142855,4857,-25.0,5239.5,-5.0,5241.5,-25.0,5239.5,-15.0,5240.5,-40.0,5238.0,115.0,5253.5,5265.5,235.0,AGG_BUY,,,,,,
1,485800,VELVETFRUIT_EXTRACT,1,15.0,5242.0,5241.0,2.0,0.5588235294117647,4858,-37.5,5239.5,7.5,5242.5,-30.0,5240.0,7.5,5242.5,-52.5,5238.5,187.5,5254.5,5265.5,352.5,AGG_BUY,,,,,,
1,486400,VELVETFRUIT_EXTRACT,1,7.0,5240.0,5242.0,6.0,0.0,4864,-10.5,5238.5,31.5,5244.5,-3.5,5239.5,10.5,5241.5,10.5,5241.5,105.0,5255.0,5265.5,178.5,PASS_BUY,,,,,,
1,487500,VEV_5100,1,11.0,157.0,155.0,4.0,0.4634146341463415,4875,0.0,157.0,44.0,161.0,11.0,158.0,-22.0,155.0,55.0,162.0,115.5,167.5,177.5,225.5,AGG_BUY,,,,,,
1,489700,VELVETFRUIT_EXTRACT,1,6.0,5238.0,5239.5,5.0,0.0,4897,21.0,5241.5,3.0,5238.5,33.0,5243.5,-15.0,5235.5,33.0,5243.5,120.0,5258.0,5265.5,165.0,PASS_BUY,,,,,,
1,489700,VEV_4000,1,4.0,1239.0,1234.0,10.0,0.42857142857142855,4897,10.0,1241.5,-2.0,1238.5,18.0,1243.5,-14.0,1235.5,18.0,1243.5,70.0,1256.5,1265.5,106.0,AGG_BUY,,,,,,
1,489700,VEV_4500,1,4.0,739.0,735.5,7.0,0.3333333333333333,4897,10.0,741.5,-4.0,738.0,20.0,744.0,-14.0,735.5,16.0,743.0,72.0,757.0,765.5,106.0,AGG_BUY,,,,,,
1,489700,VEV_5000,1,4.0,244.0,243.0,2.0,0.3333333333333333,4897,12.0,247.0,0.0,244.0,20.0,249.0,-12.0,241.0,16.0,248.0,64.0,260.0,268.5,98.0,AGG_BUY,,,,,,
1,489700,VEV_5100,1,4.0,156.0,155.5,1.0,0.3333333333333333,4897,10.0,158.5,0.0,156.0,16.0,160.0,-8.0,154.0,16.0,160.0,56.0,170.0,177.5,86.0,AGG_BUY,,,,,,
1,489700,VEV_5200,1,4.0,89.0,88.5,1.0,0.68,4897,6.0,90.5,-2.0,88.5,10.0,91.5,-8.0,87.0,10.0,91.5,34.0,97.5,102.5,54.0,AGG_BUY,,,,,,
1,489900,VELVETFRUIT_EXTRACT,-1,11.0,5243.0,5244.5,3.0,-0.6986301369863014,4899,-5.5,5243.5,66.0,5237.0,-5.5,5243.5,77.0,5236.0,-5.5,5243.5,-159.5,5257.5,5265.5,-247.5,AGG_SELL,,,,,,
1,490900,VELVETFRUIT_EXTRACT,-1,5.0,5245.0,5243.5,5.0,0.0,4909,2.5,5244.5,27.5,5239.5,-2.5,5245.5,32.5,5238.5,17.5,5241.5,-77.5,5260.5,5265.5,-102.5,PASS_SELL,,,,,,
1,492100,VELVETFRUIT_EXTRACT,1,5.0,5242.0,5243.5,5.0,-0.6097560975609756,4921,-2.5,5241.5,-2.5,5241.5,42.5,5250.5,-22.5,5237.5,12.5,5244.5,102.5,5262.5,5265.5,117.5,PASS_BUY,,,,,,
1,493900,VELVETFRUIT_EXTRACT,1,3.0,5238.0,5239.5,5.0,0.5492957746478874,4939,-3.0,5237.0,13.5,5242.5,34.5,5249.5,1.5,5238.5,-1.5,5237.5,75.0,5263.0,5265.5,82.5,PASS_BUY,,,,,,
1,494900,VELVETFRUIT_EXTRACT,1,6.0,5238.0,5237.0,2.0,0.84,4949,9.0,5239.5,33.0,5243.5,93.0,5253.5,0.0,5238.0,15.0,5240.5,177.0,5267.5,5265.5,165.0,AGG_BUY,,,,,,
1,498400,VELVETFRUIT_EXTRACT,1,7.0,5239.0,5240.5,5.0,0.0,4984,24.5,5242.5,80.5,5250.5,164.5,5262.5,-45.5,5232.5,0.0,5239.0,220.5,5270.5,5265.5,185.5,PASS_BUY,,,,,,
1,498600,VELVETFRUIT_EXTRACT,1,9.0,5240.0,5239.0,2.0,0.76,4986,22.5,5242.5,94.5,5250.5,184.5,5260.5,-85.5,5230.5,4.5,5240.5,261.0,5269.0,5265.5,229.5,AGG_BUY,,,,,,
1,498700,VELVETFRUIT_EXTRACT,-1,8.0,5241.0,5242.5,3.0,-0.4074074074074074,4987,-20.0,5243.5,-76.0,5250.5,-156.0,5260.5,88.0,5230.0,4.0,5240.5,-220.0,5268.5,5265.5,-196.0,AGG_SELL,,,,,,
1,499300,VELVETFRUIT_EXTRACT,1,8.0,5243.0,5242.0,2.0,0.75,4993,4.0,5243.5,68.0,5251.5,160.0,5263.0,-92.0,5231.5,-40.0,5238.0,220.0,5270.5,5265.5,180.0,AGG_BUY,,,,,,
1,502700,VEV_4000,1,2.0,1249.0,1244.0,10.0,0.6363636363636364,5027,3.0,1250.5,25.0,1261.5,37.0,1267.5,-32.0,1233.0,-39.0,1229.5,33.0,1265.5,1265.5,33.0,AGG_BUY,,,,,,
1,502700,VEV_4500,1,2.0,749.0,745.5,7.0,0.6923076923076923,5027,2.0,750.0,25.0,761.5,38.0,768.0,-32.0,733.0,-39.0,729.5,33.0,765.5,765.5,33.0,AGG_BUY,,,,,,
1,502700,VEV_5100,1,2.0,165.0,164.0,2.0,0.8918918918918919,5027,2.0,166.0,20.0,175.0,31.0,180.5,-28.0,151.0,-32.0,149.0,25.0,177.5,177.5,25.0,AGG_BUY,,,,,,
1,502700,VEV_5200,1,2.0,95.0,94.5,1.0,0.8918918918918919,5027,3.0,96.5,17.0,103.5,25.0,107.5,-19.0,85.5,-23.0,83.5,15.0,102.5,102.5,15.0,AGG_BUY,,,,,,
1,505300,VELVETFRUIT_EXTRACT,-1,3.0,5255.0,5254.5,3.0,0.71875,5053,-1.5,5255.5,-25.5,5263.5,-37.5,5267.5,67.5,5232.5,76.5,5229.5,-31.5,5265.5,5265.5,-31.5,PASS_SELL,,,,,,
1,506200,VELVETFRUIT_EXTRACT,1,1.0,5255.0,5256.5,5.0,0.0,5062,7.5,5262.5,10.0,5265.0,12.5,5267.5,-28.5,5226.5,-27.5,5227.5,10.5,5265.5,5265.5,10.5,PASS_BUY,,,,,,
1,507200,HYDROGEL_PACK,-1,4.0,10011.0,10004.0,16.0,0.0,5072,36.0,10002.0,32.0,10003.0,-32.0,10019.0,4.0,10010.0,-48.0,10023.0,-16.0,10015.0,10015.0,-16.0,PASS_SELL,,,,,,
1,509100,VELVETFRUIT_EXTRACT,1,8.0,5260.0,5259.0,2.0,0.4838709677419355,5091,20.0,5262.5,36.0,5264.5,-24.0,5257.0,-256.0,5228.0,-308.0,5221.5,44.0,5265.5,5265.5,44.0,AGG_BUY,,,,,,
1,509700,VELVETFRUIT_EXTRACT,1,13.0,5260.0,5259.5,1.0,0.2571428571428571,5097,39.0,5263.0,110.5,5268.5,-6.5,5259.5,-429.0,5227.0,-448.5,5225.5,71.5,5265.5,5265.5,71.5,AGG_BUY,,,,,,
1,510000,VELVETFRUIT_EXTRACT,1,6.0,5262.0,5261.0,2.0,0.5384615384615384,5100,21.0,5265.5,39.0,5268.5,-9.0,5260.5,-189.0,5230.5,-231.0,5223.5,21.0,5265.5,5265.5,21.0,AGG_BUY,,,,,,
1,511800,VELVETFRUIT_EXTRACT,-1,8.0,5267.0,5268.5,3.0,-0.7611940298507462,5118,4.0,5266.5,28.0,5263.5,36.0,5262.5,296.0,5230.0,364.0,5221.5,12.0,5265.5,5265.5,12.0,AGG_SELL,,,,,,
1,513200,HYDROGEL_PACK,-1,5.0,10009.0,10002.0,16.0,0.0,5132,45.0,10000.0,-20.0,10013.0,-42.5,10017.5,50.0,9999.0,30.0,10003.0,-30.0,10015.0,10015.0,-30.0,PASS_SELL,,,,,,
1,517600,HYDROGEL_PACK,-1,9.0,10013.0,10017.0,8.0,-0.25,5176,54.0,10007.0,-54.0,10019.0,-0.0,10013.0,36.0,10009.0,171.0,9994.0,-18.0,10015.0,10015.0,-18.0,AGG_SELL,,,,,,
1,517600,VELVETFRUIT_EXTRACT,1,9.0,5261.0,5260.0,2.0,0.47058823529411764,5176,-13.5,5259.5,-18.0,5259.0,-85.5,5251.5,-229.5,5235.5,-247.5,5233.5,40.5,5265.5,5265.5,40.5,AGG_BUY,,,,,,
1,519400,HYDROGEL_PACK,-1,2.0,10016.0,10009.0,16.0,0.0,5194,10.0,10011.0,20.0,10006.0,-20.0,10026.0,24.0,10004.0,38.0,9997.0,2.0,10015.0,10015.0,2.0,PASS_SELL,,,,,,
1,519500,VEV_4000,1,4.0,1258.0,1253.0,10.0,0.4666666666666667,5195,2.0,1258.5,6.0,1259.5,-18.0,1253.5,-86.0,1236.5,-102.0,1232.5,30.0,1265.5,1265.5,30.0,AGG_BUY,,,,,,
1,519500,VEV_4500,1,4.0,758.0,754.5,7.0,0.42857142857142855,5195,4.0,759.0,8.0,760.0,-20.0,753.0,-84.0,737.0,-102.0,732.5,30.0,765.5,765.5,30.0,AGG_BUY,,,,,,
1,519500,VEV_5000,1,4.0,262.0,261.0,2.0,0.42857142857142855,5195,4.0,263.0,8.0,264.0,-16.0,258.0,-80.0,242.0,-96.0,238.0,26.0,268.5,268.5,26.0,AGG_BUY,,,,,,
1,519500,VEV_5100,1,4.0,172.0,171.0,2.0,0.7647058823529411,5195,4.0,173.0,6.0,173.5,-16.0,168.0,-70.0,154.5,-84.0,151.0,22.0,177.5,177.5,22.0,AGG_BUY,,,,,,
1,519500,VEV_5200,1,4.0,101.0,100.5,1.0,0.7647058823529411,5195,2.0,101.5,6.0,102.5,-10.0,98.5,-54.0,87.5,-62.0,85.5,6.0,102.5,102.5,6.0,AGG_BUY,,,,,,
1,520400,HYDROGEL_PACK,-1,2.0,10018.0,10011.0,16.0,0.0,5204,8.0,10014.0,6.0,10015.0,2.0,10017.0,16.0,10010.0,38.0,9999.0,6.0,10015.0,10015.0,6.0,PASS_SELL,,,,,,
1,521800,VELVETFRUIT_EXTRACT,-1,3.0,5264.0,5262.5,5.0,0.0,5218,16.5,5258.5,31.5,5253.5,37.5,5251.5,81.0,5237.0,88.5,5234.5,-4.5,5265.5,5265.5,-4.5,PASS_SELL,,,,,,
1,523300,HYDROGEL_PACK,-1,4.0,10014.0,10018.5,9.0,-0.4666666666666667,5233,20.0,10009.0,-28.0,10021.0,-32.0,10022.0,-0.0,10014.0,36.0,10005.0,-4.0,10015.0,10015.0,-4.0,AGG_SELL,,,,,,
1,523300,VELVETFRUIT_EXTRACT,-1,3.0,5261.0,5259.0,6.0,0.0,5233,7.5,5258.5,28.5,5251.5,45.0,5246.0,76.5,5235.5,70.5,5237.5,-13.5,5265.5,5265.5,-13.5,PASS_SELL,,,,,,
1,524000,VEV_4000,1,4.0,1259.0,1254.0,10.0,0.2727272727272727,5240,2.0,1259.5,-22.0,1253.5,-50.0,1246.5,-96.0,1235.0,-78.0,1239.5,26.0,1265.5,1265.5,26.0,AGG_BUY,,,,,,
1,524000,VEV_4500,1,4.0,759.0,755.0,8.0,0.5,5240,2.0,759.5,-20.0,754.0,-48.0,747.0,-96.0,735.0,-80.0,739.0,26.0,765.5,765.5,26.0,AGG_BUY,,,,,,
1,524000,VEV_5100,1,4.0,173.0,172.0,2.0,0.7241379310344828,5240,0.0,173.0,-18.0,168.5,-42.0,162.5,-80.0,153.0,-68.0,156.0,18.0,177.5,177.5,18.0,AGG_BUY,,,,,,
1,524500,VELVETFRUIT_EXTRACT,1,7.0,5259.0,5258.0,2.0,0.8028169014084507,5245,-21.0,5256.0,-38.5,5253.5,-94.5,5245.5,-178.5,5233.5,-140.0,5239.0,45.5,5265.5,5265.5,45.5,AGG_BUY,,,,,,
1,525500,VELVETFRUIT_EXTRACT,1,8.0,5257.0,5256.0,2.0,0.36,5255,-20.0,5254.5,-44.0,5251.5,-108.0,5243.5,-172.0,5235.5,-156.0,5237.5,68.0,5265.5,5265.5,68.0,AGG_BUY,,,,,,
1,526400,HYDROGEL_PACK,-1,10.0,10012.0,10016.0,8.0,-0.13043478260869565,5264,-30.0,10015.0,-110.0,10023.0,-40.0,10016.0,90.0,10003.0,-120.0,10024.0,-30.0,10015.0,10015.0,-30.0,AGG_SELL,,,,,,
1,526600,HYDROGEL_PACK,-1,4.0,10020.0,10013.0,16.0,0.0,5266,28.0,10013.0,-4.0,10021.0,8.0,10018.0,72.0,10002.0,-32.0,10028.0,20.0,10015.0,10015.0,20.0,PASS_SELL,,,,,,
1,527100,VELVETFRUIT_EXTRACT,1,15.0,5250.0,5249.0,2.0,0.6103896103896104,5271,52.5,5253.5,22.5,5251.5,-187.5,5237.5,-225.0,5235.0,-292.5,5230.5,232.5,5265.5,5265.5,232.5,AGG_BUY,,,,,,
1,527700,HYDROGEL_PACK,-1,6.0,10020.0,10013.0,16.0,0.0,5277,-24.0,10024.0,-18.0,10023.0,-0.0,10020.0,78.0,10007.0,30.0,10015.0,30.0,10015.0,10015.0,30.0,PASS_SELL,,,,,,
1,527700,VELVETFRUIT_EXTRACT,-1,6.0,5254.0,5252.5,5.0,0.0,5277,9.0,5252.5,33.0,5248.5,99.0,5237.5,105.0,5236.5,153.0,5228.5,-69.0,5265.5,5265.5,-69.0,PASS_SELL,,,,,,
1,528600,HYDROGEL_PACK,-1,13.0,10017.0,10025.0,16.0,0.0,5286,-130.0,10027.0,-52.0,10021.0,78.0,10011.0,143.0,10006.0,-26.0,10019.0,26.0,10015.0,10015.0,26.0,AGG_SELL,,,,,,
1,529400,HYDROGEL_PACK,-1,14.0,10018.0,10026.0,16.0,0.0,5294,14.0,10017.0,126.0,10009.0,84.0,10012.0,210.0,10003.0,-42.0,10021.0,42.0,10015.0,10015.0,42.0,AGG_SELL,,,,,,
1,529400,VELVETFRUIT_EXTRACT,-1,4.0,5255.0,5253.5,5.0,0.0,5294,10.0,5252.5,34.0,5246.5,70.0,5237.5,70.0,5237.5,150.0,5217.5,-42.0,5265.5,5265.5,-42.0,PASS_SELL,,,,,,
1,529500,HYDROGEL_PACK,-1,9.0,10026.0,10030.5,9.0,-0.14285714285714285,5295,72.0,10018.0,126.0,10012.0,135.0,10011.0,198.0,10004.0,45.0,10021.0,99.0,10015.0,10015.0,99.0,AGG_SELL,,,,,,
1,529600,HYDROGEL_PACK,-1,15.0,10019.0,10027.0,16.0,0.0,5296,15.0,10018.0,90.0,10013.0,105.0,10012.0,225.0,10004.0,30.0,10017.0,60.0,10015.0,10015.0,60.0,AGG_SELL,,,,,,
1,530000,VELVETFRUIT_EXTRACT,1,10.0,5251.0,5250.0,2.0,0.7183098591549296,5300,15.0,5252.5,-70.0,5244.0,-145.0,5236.5,-165.0,5234.5,-310.0,5220.0,145.0,5265.5,5265.5,145.0,AGG_BUY,,,,,,
1,530900,HYDROGEL_PACK,-1,10.0,10017.0,10025.0,16.0,0.0,5309,-80.0,10025.0,10.0,10016.0,-15.0,10018.5,90.0,10008.0,25.0,10014.5,20.0,10015.0,10015.0,20.0,AGG_SELL,,,,,,
1,531800,HYDROGEL_PACK,-1,10.0,10018.0,10026.0,16.0,0.0,5318,-60.0,10024.0,-10.0,10019.0,60.0,10012.0,120.0,10006.0,-10.0,10019.0,30.0,10015.0,10015.0,30.0,AGG_SELL,,,,,,
1,532000,HYDROGEL_PACK,-1,4.0,10026.0,10030.0,8.0,-0.5,5320,-0.0,10026.0,16.0,10022.0,52.0,10013.0,88.0,10004.0,28.0,10019.0,44.0,10015.0,10015.0,44.0,AGG_SELL,,,,,,
1,532200,HYDROGEL_PACK,-1,10.0,10020.0,10028.0,16.0,0.0,5322,-10.0,10021.0,-0.0,10020.0,110.0,10009.0,130.0,10007.0,10.0,10019.0,50.0,10015.0,10015.0,50.0,AGG_SELL,,,,,,
1,532700,VEV_5100,1,12.0,166.0,164.0,4.0,0.4418604651162791,5327,-42.0,162.5,-132.0,155.0,-144.0,154.0,-132.0,155.0,-336.0,138.0,138.0,177.5,177.5,138.0,AGG_BUY,,,,,,
1,533100,HYDROGEL_PACK,-1,2.0,10028.0,10021.0,16.0,0.0,5331,24.0,10016.0,24.0,10016.0,36.0,10010.0,42.0,10007.0,30.0,10013.0,26.0,10015.0,10015.0,26.0,PASS_SELL,,,,,,
1,533300,VELVETFRUIT_EXTRACT,1,8.0,5247.0,5246.0,2.0,0.7142857142857143,5333,-16.0,5245.0,-84.0,5236.5,-92.0,5235.5,-68.0,5238.5,-244.0,5216.5,148.0,5265.5,5265.5,148.0,AGG_BUY,,,,,,
1,533400,HYDROGEL_PACK,-1,5.0,10029.0,10022.0,16.0,0.0,5334,100.0,10009.0,70.0,10015.0,90.0,10011.0,120.0,10005.0,85.0,10012.0,70.0,10015.0,10015.0,70.0,PASS_SELL,,,,,,
1,533500,VEV_5100,1,12.0,166.0,164.0,4.0,0.4666666666666667,5335,-60.0,161.0,-156.0,153.0,-132.0,155.0,-132.0,155.0,-330.0,138.5,138.0,177.5,177.5,138.0,AGG_BUY,,,,,,
1,534300,VELVETFRUIT_EXTRACT,1,7.0,5246.0,5245.0,2.0,0.5625,5343,-10.5,5244.5,-73.5,5235.5,-52.5,5238.5,-63.0,5237.0,-206.5,5216.5,136.5,5265.5,5265.5,136.5,AGG_BUY,,,,,,
1,534800,HYDROGEL_PACK,-1,3.0,10017.0,10010.0,16.0,0.0,5348,3.0,10016.0,3.0,10016.0,39.0,10004.0,48.0,10001.0,-3.0,10018.0,6.0,10015.0,10015.0,6.0,PASS_SELL,,,,,,
1,535900,VEV_5100,1,12.0,160.0,158.0,4.0,0.4666666666666667,5359,-48.0,156.0,-48.0,156.0,-72.0,154.0,-48.0,156.0,-204.0,143.0,210.0,177.5,177.5,210.0,AGG_BUY,,,,,,
1,537400,HYDROGEL_PACK,-1,5.0,10021.0,10025.5,9.0,-0.375,5374,30.0,10015.0,80.0,10005.0,25.0,10016.0,115.0,9998.0,-15.0,10024.0,30.0,10015.0,10015.0,30.0,AGG_SELL,,,,,,
1,537500,VELVETFRUIT_EXTRACT,-1,4.0,5240.0,5238.5,5.0,-0.5056179775280899,5375,18.0,5235.5,10.0,5237.5,26.0,5233.5,-22.0,5245.5,92.0,5217.0,-102.0,5265.5,5265.5,-102.0,PASS_SELL,,,,,,
1,537800,VELVETFRUIT_EXTRACT,-1,9.0,5238.0,5239.5,3.0,-0.6949152542372882,5378,22.5,5235.5,4.5,5237.5,31.5,5234.5,-67.5,5245.5,211.5,5214.5,-247.5,5265.5,5265.5,-247.5,AGG_SELL,,,,,,
1,537900,VELVETFRUIT_EXTRACT,-1,7.0,5239.0,5240.5,3.0,-0.7878787878787878,5379,21.0,5236.0,21.0,5236.0,24.5,5235.5,-52.5,5246.5,178.5,5213.5,-185.5,5265.5,5265.5,-185.5,AGG_SELL,,,,,,
1,538000,HYDROGEL_PACK,-1,2.0,10023.0,10016.0,16.0,0.0,5380,20.0,10013.0,36.0,10005.0,16.0,10015.0,42.0,10002.0,-12.0,10029.0,16.0,10015.0,10015.0,16.0,PASS_SELL,,,,,,
1,538900,HYDROGEL_PACK,-1,6.0,10021.0,10014.0,16.0,0.0,5389,18.0,10018.0,69.0,10009.5,66.0,10010.0,126.0,10000.0,-72.0,10033.0,36.0,10015.0,10015.0,36.0,PASS_SELL,,,,,,
1,539400,VELVETFRUIT_EXTRACT,-1,9.0,5236.0,5237.5,3.0,-0.7631578947368421,5394,-22.5,5238.5,-13.5,5237.5,27.0,5233.0,-67.5,5243.5,175.5,5216.5,-265.5,5265.5,5265.5,-265.5,AGG_SELL,,,,,,
1,540100,HYDROGEL_PACK,-1,7.0,10019.0,10023.5,9.0,-0.36363636363636365,5401,-7.0,10020.0,63.0,10010.0,70.0,10009.0,154.0,9997.0,-70.0,10029.0,28.0,10015.0,10015.0,28.0,AGG_SELL,,,,,,
1,540600,HYDROGEL_PACK,-1,15.0,10016.0,10024.0,16.0,0.0,5406,-15.0,10017.0,30.0,10014.0,120.0,10008.0,255.0,9999.0,-255.0,10033.0,15.0,10015.0,10015.0,15.0,AGG_SELL,,,,,,
1,542000,VELVETFRUIT_EXTRACT,-1,12.0,5238.0,5239.0,2.0,-0.25,5420,42.0,5234.5,90.0,5230.5,42.0,5234.5,-96.0,5246.0,294.0,5213.5,-330.0,5265.5,5265.5,-330.0,AGG_SELL,,,,,,
1,542600,HYDROGEL_PACK,-1,6.0,10011.0,10004.0,16.0,0.0,5426,12.0,10009.0,-54.0,10020.0,-60.0,10021.0,102.0,9994.0,6.0,10010.0,-24.0,10015.0,10015.0,-24.0,PASS_SELL,,,,,,
1,543200,VELVETFRUIT_EXTRACT,-1,7.0,5236.0,5237.5,3.0,-0.391304347826087,5432,-17.5,5238.5,24.5,5232.5,52.5,5228.5,-24.5,5239.5,157.5,5213.5,-206.5,5265.5,5265.5,-206.5,AGG_SELL,,,,,,
1,544400,VELVETFRUIT_EXTRACT,-1,6.0,5239.0,5237.5,5.0,-0.5833333333333334,5444,-3.0,5239.5,36.0,5233.0,48.0,5231.0,-3.0,5239.5,177.0,5209.5,-159.0,5265.5,5265.5,-159.0,PASS_SELL,,,,,,
1,547300,HYDROGEL_PACK,-1,6.0,10016.0,10020.0,8.0,-0.25,5473,30.0,10011.0,-36.0,10022.0,48.0,10008.0,-48.0,10024.0,96.0,10000.0,6.0,10015.0,10015.0,6.0,AGG_SELL,,,,,,
1,547300,VELVETFRUIT_EXTRACT,1,8.0,5233.0,5232.0,2.0,0.3333333333333333,5473,4.0,5233.5,-20.0,5230.5,-44.0,5227.5,44.0,5238.5,-220.0,5205.5,260.0,5265.5,5265.5,260.0,AGG_BUY,,,,,,
1,547600,VEV_4000,1,4.0,1233.0,1228.0,10.0,0.42857142857142855,5476,-10.0,1230.5,2.0,1233.5,-28.0,1226.0,20.0,1238.0,-108.0,1206.0,130.0,1265.5,1265.5,130.0,AGG_BUY,,,,,,
1,547600,VEV_4500,1,4.0,733.0,729.0,8.0,0.4666666666666667,5476,-12.0,730.0,2.0,733.5,-28.0,726.0,20.0,738.0,-106.0,706.5,130.0,765.5,765.5,130.0,AGG_BUY,,,,,,
1,547600,VEV_5100,1,4.0,151.0,150.0,2.0,0.7419354838709677,5476,-8.0,149.0,4.0,152.0,-20.0,146.0,16.0,155.0,-80.0,131.0,106.0,177.5,177.5,106.0,AGG_BUY,,,,,,
1,548400,VEV_4000,1,5.0,1232.0,1227.0,10.0,0.2857142857142857,5484,5.0,1233.0,-17.5,1228.5,-42.5,1223.5,35.0,1239.0,-127.5,1206.5,167.5,1265.5,1265.5,167.5,AGG_BUY,,,,,,
1,548400,VEV_4500,1,5.0,732.0,728.5,7.0,0.2857142857142857,5484,5.0,733.0,-17.5,728.5,-42.5,723.5,35.0,739.0,-127.5,706.5,167.5,765.5,765.5,167.5,AGG_BUY,,,,,,
1,548400,VEV_5000,1,5.0,238.0,237.0,2.0,0.2857142857142857,5484,5.0,239.0,-17.5,234.5,-40.0,230.0,30.0,244.0,-117.5,214.5,152.5,268.5,268.5,152.5,AGG_BUY,,,,,,
1,548400,VEV_5100,1,5.0,151.0,150.0,2.0,0.6551724137931034,5484,0.0,151.0,-15.0,148.0,-35.0,144.0,25.0,156.0,-100.0,131.0,132.5,177.5,177.5,132.5,AGG_BUY,,,,,,
1,548400,VEV_5200,1,5.0,85.0,84.5,1.0,0.6551724137931034,5484,2.5,85.5,-10.0,83.0,-25.0,80.0,22.5,89.5,-70.0,71.0,87.5,102.5,102.5,87.5,AGG_BUY,,,,,,
1,549800,VELVETFRUIT_EXTRACT,-1,5.0,5235.0,5233.5,5.0,-0.5555555555555556,5498,17.5,5231.5,17.5,5231.5,35.0,5228.0,-0.0,5235.0,165.0,5202.0,-152.5,5265.5,5265.5,-152.5,PASS_SELL,,,,,,
1,550400,HYDROGEL_PACK,1,2.0,9999.0,10006.0,16.0,0.0,5504,36.0,10017.0,28.0,10013.0,6.0,10002.0,56.0,10027.0,0.0,9999.0,32.0,10015.0,10015.0,32.0,PASS_BUY,,,,,,
1,550600,VELVETFRUIT_EXTRACT,-1,5.0,5232.0,5233.5,3.0,-0.6153846153846154,5506,-5.0,5233.0,17.5,5228.5,-0.0,5232.0,-2.5,5232.5,160.0,5200.0,-167.5,5265.5,5265.5,-167.5,AGG_SELL,,,,,,
1,551100,VELVETFRUIT_EXTRACT,-1,5.0,5234.0,5235.5,3.0,-0.8360655737704918,5511,-0.0,5234.0,40.0,5226.0,12.5,5231.5,7.5,5232.5,167.5,5200.5,-157.5,5265.5,5265.5,-157.5,AGG_SELL,,,,,,
1,552300,VELVETFRUIT_EXTRACT,1,14.0,5231.0,5230.5,1.0,0.0967741935483871,5523,-35.0,5228.5,-49.0,5227.5,-7.0,5230.5,-35.0,5228.5,-427.0,5200.5,483.0,5265.5,5265.5,483.0,AGG_BUY,,,,,,
1,552500,VELVETFRUIT_EXTRACT,-1,15.0,5232.0,5233.5,3.0,-0.6153846153846154,5525,52.5,5228.5,67.5,5227.5,37.5,5229.5,52.5,5228.5,480.0,5200.0,-502.5,5265.5,5265.5,-502.5,AGG_SELL,,,,,,
1,553000,HYDROGEL_PACK,-1,12.0,10017.0,10025.0,16.0,0.0,5530,-60.0,10022.0,156.0,10004.0,252.0,9996.0,-48.0,10021.0,372.0,9986.0,24.0,10015.0,10015.0,24.0,AGG_SELL,,,,,,
1,553100,VEV_4000,1,4.0,1229.0,1224.0,10.0,0.5,5531,2.0,1229.5,-14.0,1225.5,4.0,1230.0,8.0,1231.0,-108.0,1202.0,146.0,1265.5,1265.5,146.0,AGG_BUY,,,,,,
1,553100,VEV_4500,1,4.0,729.0,725.0,8.0,0.5,5531,0.0,729.0,-14.0,725.5,4.0,730.0,8.0,731.0,-106.0,702.5,146.0,765.5,765.5,146.0,AGG_BUY,,,,,,
1,553100,VEV_5100,1,4.0,148.0,147.0,2.0,0.7948717948717948,5531,0.0,148.0,-12.0,145.0,4.0,149.0,8.0,150.0,-80.0,128.0,118.0,177.5,177.5,118.0,AGG_BUY,,,,,,
1,553300,HYDROGEL_PACK,-1,6.0,10031.0,10024.0,16.0,0.0,5533,66.0,10020.0,168.0,10003.0,204.0,9997.0,48.0,10023.0,294.0,9982.0,96.0,10015.0,10015.0,96.0,PASS_SELL,,,,,,
1,554100,HYDROGEL_PACK,-1,7.0,10020.0,10024.0,8.0,-0.2631578947368421,5541,63.0,10011.0,105.0,10005.0,112.0,10004.0,-24.5,10023.5,273.0,9981.0,35.0,10015.0,10015.0,35.0,AGG_SELL,,,,,,
1,555900,VELVETFRUIT_EXTRACT,1,7.0,5226.0,5225.0,2.0,0.8,5559,21.0,5229.0,31.5,5230.5,59.5,5234.5,31.5,5230.5,-147.0,5205.0,276.5,5265.5,5265.5,276.5,AGG_BUY,,,,,,
1,559600,VELVETFRUIT_EXTRACT,-1,15.0,5229.0,5230.5,3.0,-0.6341463414634146,5596,-45.0,5232.0,-45.0,5232.0,-105.0,5236.0,67.5,5224.5,232.5,5213.5,-547.5,5265.5,5265.5,-547.5,AGG_SELL,,,,,,
1,560300,VELVETFRUIT_EXTRACT,-1,19.0,5230.0,5232.5,5.0,-0.45714285714285713,5603,-28.5,5231.5,-66.5,5233.5,-114.0,5236.0,123.5,5223.5,313.5,5213.5,-674.5,5265.5,5265.5,-674.5,AGG_SELL,,,,,,
1,560400,VELVETFRUIT_EXTRACT,-1,17.0,5231.0,5233.5,5.0,-0.4925373134328358,5604,-8.5,5231.5,-76.5,5235.5,-59.5,5234.5,127.5,5223.5,297.5,5213.5,-586.5,5265.5,5265.5,-586.5,AGG_SELL,,,,,,
1,562700,HYDROGEL_PACK,1,7.0,9989.0,9985.5,7.0,0.3,5627,91.0,10002.0,140.0,10009.0,147.0,10010.0,126.0,10007.0,105.0,10004.0,182.0,10015.0,10015.0,182.0,AGG_BUY,,,,,,
1,563500,VELVETFRUIT_EXTRACT,1,8.0,5227.0,5228.5,5.0,0.39473684210526316,5635,44.0,5232.5,92.0,5238.5,76.0,5236.5,8.0,5228.0,-84.0,5216.5,308.0,5265.5,5265.5,308.0,PASS_BUY,,,,,,
1,563600,HYDROGEL_PACK,1,2.0,9992.0,9999.0,16.0,0.0,5636,28.0,10006.0,30.0,10007.0,40.0,10012.0,38.0,10011.0,26.0,10005.0,46.0,10015.0,10015.0,46.0,PASS_BUY,,,,,,
1,564300,VEV_4000,1,2.0,1231.0,1226.5,9.0,0.6666666666666666,5643,5.0,1233.5,15.0,1238.5,9.0,1235.5,5.0,1233.5,-36.0,1213.0,69.0,1265.5,1265.5,69.0,AGG_BUY,,,,,,
1,564300,VEV_4500,1,2.0,731.0,727.5,7.0,0.6666666666666666,5643,5.0,733.5,14.0,738.0,9.0,735.5,5.0,733.5,-36.0,713.0,69.0,765.5,765.5,69.0,AGG_BUY,,,,,,
1,564300,VEV_5000,1,2.0,237.0,236.0,2.0,0.6666666666666666,5643,4.0,239.0,12.0,243.0,8.0,241.0,4.0,239.0,-34.0,220.0,63.0,268.5,268.5,63.0,AGG_BUY,,,,,,
1,564300,VEV_5100,1,2.0,150.0,149.5,1.0,0.6666666666666666,5643,4.0,152.0,12.0,156.0,6.0,153.0,3.0,151.5,-28.0,136.0,55.0,177.5,177.5,55.0,AGG_BUY,,,,,,
1,564900,VELVETFRUIT_EXTRACT,-1,6.0,5235.0,5233.0,6.0,0.0,5649,3.0,5234.5,-15.0,5237.5,6.0,5234.0,9.0,5233.5,117.0,5215.5,-183.0,5265.5,5265.5,-183.0,PASS_SELL,,,,,,
1,565500,VELVETFRUIT_EXTRACT,-1,7.0,5238.0,5236.5,5.0,-0.5,5655,14.0,5236.0,10.5,5236.5,17.5,5235.5,63.0,5229.0,112.0,5222.0,-192.5,5265.5,5265.5,-192.5,PASS_SELL,,,,,,
1,566100,HYDROGEL_PACK,-1,9.0,10011.0,10015.5,9.0,-0.18181818181818182,5661,27.0,10008.0,18.0,10009.0,81.0,10002.0,288.0,9979.0,-81.0,10020.0,-36.0,10015.0,10015.0,-36.0,AGG_SELL,,,,,,
1,566200,VELVETFRUIT_EXTRACT,-1,9.0,5236.0,5237.5,3.0,-0.7567567567567568,5662,18.0,5234.0,-13.5,5237.5,4.5,5235.5,40.5,5231.5,112.5,5223.5,-265.5,5265.5,5265.5,-265.5,AGG_SELL,,,,,,
1,567100,VELVETFRUIT_EXTRACT,1,12.0,5236.0,5235.0,2.0,0.7,5671,-12.0,5235.0,30.0,5238.5,-12.0,5235.0,-24.0,5234.0,-144.0,5224.0,354.0,5265.5,5265.5,354.0,AGG_BUY,,,,,,
1,567200,VELVETFRUIT_EXTRACT,1,6.0,5235.0,5234.0,2.0,0.8285714285714286,5672,-3.0,5234.5,9.0,5236.5,6.0,5236.0,-15.0,5232.5,-63.0,5224.5,183.0,5265.5,5265.5,183.0,AGG_BUY,,,,,,
1,567200,VEV_4000,1,2.0,1235.0,1230.5,9.0,0.5555555555555556,5672,-1.0,1234.5,3.0,1236.5,2.0,1236.0,-5.0,1232.5,-21.0,1224.5,61.0,1265.5,1265.5,61.0,AGG_BUY,,,,,,
1,567200,VEV_4500,1,2.0,735.0,731.5,7.0,0.6363636363636364,5672,0.0,735.0,2.0,736.0,2.0,736.0,-6.0,732.0,-21.0,724.5,61.0,765.5,765.5,61.0,AGG_BUY,,,,,,
1,567200,VEV_5100,1,2.0,153.0,152.5,1.0,0.6363636363636364,5672,0.0,153.0,2.0,154.0,2.0,154.0,-6.0,150.0,-16.0,145.0,49.0,177.5,177.5,49.0,AGG_BUY,,,,,,
1,568700,HYDROGEL_PACK,1,5.0,10001.0,10008.0,16.0,0.0,5687,40.0,10009.0,55.0,10012.0,10.0,10003.0,-50.0,9991.0,97.5,10020.5,70.0,10015.0,10015.0,70.0,PASS_BUY,,,,,,
1,568800,VELVETFRUIT_EXTRACT,-1,9.0,5239.0,5240.5,3.0,-0.7428571428571429,5688,22.5,5236.5,36.0,5235.0,22.5,5236.5,63.0,5232.0,166.5,5220.5,-238.5,5265.5,5265.5,-238.5,AGG_SELL,,,,,,
1,568900,VEV_4000,1,4.0,1240.0,1235.0,10.0,0.2727272727272727,5689,-10.0,1237.5,-22.0,1234.5,-14.0,1236.5,-34.0,1231.5,-82.0,1219.5,102.0,1265.5,1265.5,102.0,AGG_BUY,,,,,,
1,568900,VEV_4500,1,4.0,740.0,736.0,8.0,0.4666666666666667,5689,-12.0,737.0,-22.0,734.5,-16.0,736.0,-34.0,731.5,-82.0,719.5,102.0,765.5,765.5,102.0,AGG_BUY,,,,,,
1,569500,VELVETFRUIT_EXTRACT,1,6.0,5236.0,5235.0,2.0,0.7931034482758621,5695,3.0,5236.5,-15.0,5233.5,-3.0,5235.5,-30.0,5231.0,-108.0,5218.0,177.0,5265.5,5265.5,177.0,AGG_BUY,,,,,,
1,570200,VELVETFRUIT_EXTRACT,1,7.0,5236.0,5235.0,2.0,0.8157894736842105,5702,10.5,5237.5,-42.0,5230.0,-24.5,5232.5,-24.5,5232.5,-115.5,5219.5,206.5,5265.5,5265.5,206.5,AGG_BUY,,,,,,
1,570600,VEV_5100,1,6.0,156.0,154.0,4.0,0.6666666666666666,5706,-3.0,155.5,-12.0,154.0,-18.0,153.0,-30.0,151.0,-96.0,140.0,129.0,177.5,177.5,129.0,AGG_BUY,,,,,,
1,570800,VELVETFRUIT_EXTRACT,-1,10.0,5237.0,5238.5,3.0,-0.7368421052631579,5708,-0.0,5237.0,30.0,5234.0,5.0,5236.5,55.0,5231.5,185.0,5218.5,-285.0,5265.5,5265.5,-285.0,AGG_SELL,,,,,,
1,571600,VELVETFRUIT_EXTRACT,1,7.0,5236.0,5238.0,6.0,0.0,5716,-3.5,5235.5,3.5,5236.5,-17.5,5233.5,-10.5,5234.5,-122.5,5218.5,206.5,5265.5,5265.5,206.5,PASS_BUY,,,,,,
1,574000,VELVETFRUIT_EXTRACT,-1,3.0,5237.0,5235.0,6.0,0.0,5740,10.5,5233.5,6.0,5235.0,-7.5,5239.5,-7.5,5239.5,40.5,5223.5,-85.5,5265.5,5265.5,-85.5,PASS_SELL,,,,,,
1,574600,VELVETFRUIT_EXTRACT,1,8.0,5233.0,5232.0,2.0,0.5151515151515151,5746,28.0,5236.5,8.0,5234.0,24.0,5236.0,56.0,5240.0,-52.0,5226.5,260.0,5265.5,5265.5,260.0,AGG_BUY,,,,,,
1,574800,VEV_4000,1,2.0,1233.0,1228.0,10.0,0.7142857142857143,5748,-6.0,1230.0,3.0,1234.5,7.0,1236.5,9.0,1237.5,-11.0,1227.5,65.0,1265.5,1265.5,65.0,AGG_BUY,,,,,,
1,574800,VEV_4500,1,2.0,733.0,729.0,8.0,0.5,5748,-3.0,731.5,3.0,734.5,7.0,736.5,10.0,738.0,-10.0,728.0,65.0,765.5,765.5,65.0,AGG_BUY,,,,,,
1,574800,VEV_5000,1,2.0,238.0,237.0,2.0,0.5,5748,3.0,239.5,4.0,240.0,8.0,242.0,10.0,243.0,-9.0,233.5,61.0,268.5,268.5,61.0,AGG_BUY,,,,,,
1,574800,VEV_5100,1,2.0,151.0,150.0,2.0,0.8571428571428571,5748,2.0,152.0,2.0,152.0,6.0,154.0,8.0,155.0,-8.0,147.0,53.0,177.5,177.5,53.0,AGG_BUY,,,,,,
1,575200,VELVETFRUIT_EXTRACT,1,12.0,5231.0,5230.0,2.0,0.68,5752,54.0,5235.5,18.0,5232.5,78.0,5237.5,66.0,5236.5,-36.0,5228.0,414.0,5265.5,5265.5,414.0,AGG_BUY,,,,,,
1,575800,VELVETFRUIT_EXTRACT,1,8.0,5235.0,5234.0,2.0,0.7333333333333333,5758,-8.0,5234.0,12.0,5236.5,28.0,5238.5,4.0,5235.5,-52.0,5228.5,244.0,5265.5,5265.5,244.0,AGG_BUY,,,,,,
1,575800,VEV_4000,1,5.0,1235.0,1230.0,10.0,0.4117647058823529,5758,-5.0,1234.0,7.5,1236.5,17.5,1238.5,0.0,1235.0,-32.5,1228.5,152.5,1265.5,1265.5,152.5,AGG_BUY,,,,,,
1,575800,VEV_4500,1,5.0,735.0,731.5,7.0,0.16666666666666666,5758,-5.0,734.0,5.0,736.0,15.0,738.0,0.0,735.0,-35.0,728.0,152.5,765.5,765.5,152.5,AGG_BUY,,,,,,
1,575800,VEV_5100,1,5.0,153.0,152.0,2.0,0.7222222222222222,5758,-5.0,152.0,5.0,154.0,15.0,156.0,0.0,153.0,-25.0,148.0,122.5,177.5,177.5,122.5,AGG_BUY,,,,,,
1,576400,VELVETFRUIT_EXTRACT,1,3.0,5234.0,5235.5,5.0,0.5076923076923077,5764,7.5,5236.5,-1.5,5233.5,22.5,5241.5,-7.5,5231.5,-16.5,5228.5,94.5,5265.5,5265.5,94.5,PASS_BUY,,,,,,
1,578000,VEV_5100,1,10.0,155.0,153.0,4.0,0.47368421052631576,5780,-10.0,154.0,-5.0,154.5,80.0,163.0,-70.0,148.0,-90.0,146.0,225.0,177.5,177.5,225.0,AGG_BUY,,,,,,
1,578100,VEV_5100,1,8.0,155.0,153.0,4.0,0.5,5781,-8.0,154.0,-8.0,154.0,64.0,163.0,-64.0,147.0,-64.0,147.0,180.0,177.5,177.5,180.0,AGG_BUY,,,,,,
1,578400,VELVETFRUIT_EXTRACT,1,5.0,5237.0,5236.0,2.0,0.868421052631579,5784,2.5,5237.5,7.5,5238.5,32.5,5243.5,-57.5,5225.5,-52.5,5226.5,142.5,5265.5,5265.5,142.5,AGG_BUY,,,,,,
1,578600,HYDROGEL_PACK,-1,3.0,10013.0,10006.0,16.0,0.0,5786,27.0,10004.0,24.0,10005.0,33.0,10002.0,-18.0,10019.0,51.0,9996.0,-6.0,10015.0,10015.0,-6.0,PASS_SELL,,,,,,
1,578800,HYDROGEL_PACK,1,6.0,9999.0,10006.0,16.0,0.0,5788,51.0,10007.5,30.0,10004.0,18.0,10002.0,96.0,10015.0,-30.0,9994.0,96.0,10015.0,10015.0,96.0,PASS_BUY,,,,,,
1,581100,VELVETFRUIT_EXTRACT,-1,7.0,5239.0,5237.5,5.0,0.0,5811,-0.0,5239.0,-3.5,5239.5,-17.5,5241.5,122.5,5221.5,122.5,5221.5,-185.5,5265.5,5265.5,-185.5,PASS_SELL,,,,,,
1,581700,VELVETFRUIT_EXTRACT,-1,3.0,5236.0,5234.0,6.0,0.0,5817,-4.5,5237.5,-22.5,5243.5,-21.0,5243.0,46.5,5220.5,40.5,5222.5,-88.5,5265.5,5265.5,-88.5,PASS_SELL,,,,,,
1,582900,VELVETFRUIT_EXTRACT,1,1.0,5236.0,5235.0,2.0,0.9714285714285714,5829,3.5,5239.5,10.5,5246.5,5.5,5241.5,-19.5,5216.5,-10.5,5225.5,29.5,5265.5,5265.5,29.5,AGG_BUY,,,,,,
1,584800,VELVETFRUIT_EXTRACT,1,7.0,5235.0,5236.5,5.0,0.0,5848,24.5,5238.5,59.5,5243.5,42.0,5241.0,-140.0,5215.0,-59.5,5226.5,213.5,5265.5,5265.5,213.5,PASS_BUY,,,,,,
1,584900,VELVETFRUIT_EXTRACT,1,2.0,5235.0,5236.5,5.0,0.4782608695652174,5849,7.0,5238.5,17.0,5243.5,11.0,5240.5,-37.0,5216.5,-15.0,5227.5,61.0,5265.5,5265.5,61.0,PASS_BUY,,,,,,
1,588200,VEV_4000,1,4.0,1245.0,1240.0,10.0,0.38461538461538464,5882,2.0,1245.5,-22.0,1239.5,-24.0,1239.0,-128.0,1213.0,-46.0,1233.5,82.0,1265.5,1265.5,82.0,AGG_BUY,,,,,,
1,588200,VEV_4500,1,4.0,745.0,741.5,7.0,0.38461538461538464,5882,4.0,746.0,-22.0,739.5,-24.0,739.0,-128.0,713.0,-48.0,733.0,82.0,765.5,765.5,82.0,AGG_BUY,,,,,,
1,588200,VEV_5100,1,4.0,161.0,160.0,2.0,0.7037037037037037,5882,4.0,162.0,-16.0,157.0,-20.0,156.0,-102.0,135.5,-36.0,152.0,66.0,177.5,177.5,66.0,AGG_BUY,,,,,,
1,588600,VELVETFRUIT_EXTRACT,-1,3.0,5245.0,5246.5,3.0,-0.9032258064516129,5886,4.5,5243.5,18.0,5239.0,13.5,5240.5,90.0,5215.0,31.5,5234.5,-61.5,5265.5,5265.5,-61.5,AGG_SELL,,,,,,
1,590100,HYDROGEL_PACK,1,2.0,9990.0,9997.0,16.0,0.0,5901,24.0,10002.0,52.0,10016.0,68.0,10024.0,78.0,10029.0,24.0,10002.0,50.0,10015.0,10015.0,50.0,PASS_BUY,,,,,,
1,592000,VELVETFRUIT_EXTRACT,-1,12.0,5245.0,5246.0,2.0,-0.25,5920,42.0,5241.5,66.0,5239.5,174.0,5230.5,378.0,5213.5,114.0,5235.5,-246.0,5265.5,5265.5,-246.0,AGG_SELL,,,,,,
1,593700,VELVETFRUIT_EXTRACT,1,8.0,5237.0,5236.0,2.0,0.7894736842105263,5937,28.0,5240.5,28.0,5240.5,-52.0,5230.5,-220.0,5209.5,-12.0,5235.5,228.0,5265.5,5265.5,228.0,AGG_BUY,,,,,,
1,594700,VEV_5200,-1,4.0,90.0,91.0,2.0,-0.68,5947,-6.0,91.5,10.0,87.5,26.0,83.5,76.0,71.0,8.0,88.0,-50.0,102.5,102.5,-50.0,AGG_SELL,,,,,,
1,595300,VELVETFRUIT_EXTRACT,1,6.0,5239.0,5241.0,6.0,0.0,5953,21.0,5242.5,-45.0,5231.5,-57.0,5229.5,-177.0,5209.5,27.0,5243.5,159.0,5265.5,5265.5,159.0,PASS_BUY,,,,,,
1,596300,HYDROGEL_PACK,-1,2.0,10026.0,10019.0,16.0,0.0,5963,4.0,10024.0,8.0,10022.0,-8.0,10030.0,54.0,9999.0,-2.0,10027.0,22.0,10015.0,10015.0,22.0,PASS_SELL,,,,,,
1,596600,HYDROGEL_PACK,-1,15.0,10017.0,10025.0,16.0,0.0,5966,-135.0,10026.0,-60.0,10021.0,-165.0,10028.0,315.0,9996.0,-150.0,10027.0,30.0,10015.0,10015.0,30.0,AGG_SELL,,,,,,
1,596700,HYDROGEL_PACK,-1,10.0,10019.0,10027.0,16.0,0.0,5967,-80.0,10027.0,-20.0,10021.0,-110.0,10030.0,260.0,9993.0,-80.0,10027.0,40.0,10015.0,10015.0,40.0,AGG_SELL,,,,,,
1,596800,HYDROGEL_PACK,-1,14.0,10018.0,10026.0,16.0,0.0,5968,-112.0,10026.0,-70.0,10023.0,-182.0,10031.0,322.0,9995.0,-154.0,10029.0,42.0,10015.0,10015.0,42.0,AGG_SELL,,,,,,
1,596900,HYDROGEL_PACK,-1,10.0,10018.0,10026.0,16.0,0.0,5969,-95.0,10027.5,-40.0,10022.0,-120.0,10030.0,210.0,9997.0,-130.0,10031.0,30.0,10015.0,10015.0,30.0,AGG_SELL,,,,,,
1,597200,VELVETFRUIT_EXTRACT,1,2.0,5238.0,5239.5,5.0,-0.4358974358974359,5972,2.0,5239.0,-17.0,5229.5,-31.0,5222.5,-64.0,5206.0,0.0,5238.0,55.0,5265.5,5265.5,55.0,PASS_BUY,,,,,,
1,597400,HYDROGEL_PACK,-1,8.0,10024.0,10028.5,9.0,-0.30434782608695654,5974,-64.0,10032.0,16.0,10022.0,-16.0,10026.0,184.0,10001.0,-88.0,10035.0,72.0,10015.0,10015.0,72.0,AGG_SELL,,,,,,
1,597700,HYDROGEL_PACK,-1,12.0,10019.0,10027.0,16.0,0.0,5977,-162.0,10032.5,-12.0,10020.0,-60.0,10024.0,264.0,9997.0,-168.0,10033.0,48.0,10015.0,10015.0,48.0,AGG_SELL,,,,,,
1,598100,HYDROGEL_PACK,-1,11.0,10023.0,10031.0,16.0,0.0,5981,-99.0,10032.0,-0.0,10023.0,-0.0,10023.0,308.0,9995.0,-165.0,10038.0,88.0,10015.0,10015.0,88.0,AGG_SELL,,,,,,
1,598200,HYDROGEL_PACK,-1,12.0,10024.0,10032.0,16.0,0.0,5982,-72.0,10030.0,24.0,10022.0,30.0,10021.5,372.0,9993.0,-192.0,10040.0,108.0,10015.0,10015.0,108.0,AGG_SELL,,,,,,
1,598300,HYDROGEL_PACK,-1,15.0,10023.0,10031.0,16.0,0.0,5983,-45.0,10026.0,-0.0,10023.0,45.0,10020.0,480.0,9991.0,-255.0,10040.0,120.0,10015.0,10015.0,120.0,AGG_SELL,,,,,,
1,598400,HYDROGEL_PACK,-1,13.0,10024.0,10032.0,16.0,0.0,5984,-13.0,10025.0,71.5,10018.5,52.0,10020.0,403.0,9993.0,-130.0,10034.0,117.0,10015.0,10015.0,117.0,AGG_SELL,,,,,,
1,598500,HYDROGEL_PACK,-1,14.0,10026.0,10034.0,16.0,0.0,5985,42.0,10023.0,35.0,10023.5,98.0,10019.0,462.0,9993.0,-154.0,10037.0,154.0,10015.0,10015.0,154.0,AGG_SELL,,,,,,
1,598600,HYDROGEL_PACK,-1,11.0,10027.0,10035.5,17.0,0.0,5986,22.0,10025.0,-11.0,10028.0,99.0,10018.0,352.0,9995.0,-99.0,10036.0,132.0,10015.0,10015.0,132.0,AGG_SELL,,,,,,
1,598700,HYDROGEL_PACK,-1,11.0,10024.0,10032.5,17.0,0.0,5987,22.0,10022.0,-33.0,10027.0,77.0,10017.0,352.0,9992.0,-132.0,10036.0,99.0,10015.0,10015.0,99.0,AGG_SELL,,,,,,
1,598800,HYDROGEL_PACK,-1,14.0,10026.0,10034.0,16.0,0.0,5988,56.0,10022.0,28.0,10024.0,126.0,10017.0,434.0,9995.0,-140.0,10036.0,154.0,10015.0,10015.0,154.0,AGG_SELL,,,,,,
1,598900,HYDROGEL_PACK,-1,11.0,10026.0,10034.0,16.0,0.0,5989,33.0,10023.0,11.0,10025.0,154.0,10012.0,363.0,9993.0,-121.0,10037.0,121.0,10015.0,10015.0,121.0,AGG_SELL,,,,,,
1,599000,HYDROGEL_PACK,-1,11.0,10025.0,10033.0,16.0,0.0,5990,11.0,10024.0,-0.0,10025.0,154.0,10011.0,341.0,9994.0,-176.0,10041.0,110.0,10015.0,10015.0,110.0,AGG_SELL,,,,,,
1,599100,HYDROGEL_PACK,-1,5.0,10024.0,10032.0,16.0,0.0,5991,-0.0,10024.0,2.5,10023.5,75.0,10009.0,155.0,9993.0,-95.0,10043.0,45.0,10015.0,10015.0,45.0,AGG_SELL,,,,,,
1,600700,VELVETFRUIT_EXTRACT,1,11.0,5231.0,5230.0,2.0,0.7105263157894737,6007,5.5,5231.5,-27.5,5228.5,-93.5,5222.5,-324.5,5201.5,110.0,5241.0,379.5,5265.5,5265.5,379.5,AGG_BUY,,,,,,
1,603000,VELVETFRUIT_EXTRACT,-1,6.0,5233.0,5231.5,5.0,-0.5476190476190477,6030,27.0,5228.5,75.0,5220.5,36.0,5227.0,189.0,5201.5,-105.0,5250.5,-195.0,5265.5,5265.5,-195.0,PASS_SELL,,,,,,
1,604400,VEV_5100,1,11.0,151.0,149.0,4.0,0.42105263157894735,6044,-22.0,149.0,-77.0,144.0,5.5,151.5,-198.0,133.0,209.0,170.0,291.5,177.5,177.5,291.5,AGG_BUY,,,,,,
1,604600,VEV_4000,1,5.0,1229.0,1224.0,10.0,0.16666666666666666,6046,-2.5,1228.5,-22.5,1224.5,17.5,1232.5,-72.5,1214.5,132.5,1255.5,182.5,1265.5,1265.5,182.5,AGG_BUY,,,,,,
1,604600,VEV_4500,1,5.0,729.0,725.0,8.0,0.09090909090909091,6046,0.0,729.0,-22.5,724.5,17.5,732.5,-80.0,713.0,135.0,756.0,182.5,765.5,765.5,182.5,AGG_BUY,,,,,,
1,604600,VEV_5000,1,5.0,234.0,233.0,2.0,0.09090909090909091,6046,2.5,234.5,-15.0,231.0,20.0,238.0,-77.5,218.5,127.5,259.5,172.5,268.5,268.5,172.5,AGG_BUY,,,,,,
1,604600,VEV_5100,1,5.0,148.0,147.0,2.0,0.6774193548387096,6046,0.0,148.0,-17.5,144.5,15.0,151.0,-70.0,134.0,110.0,170.0,147.5,177.5,177.5,147.5,AGG_BUY,,,,,,
1,606500,VELVETFRUIT_EXTRACT,1,7.0,5225.0,5224.0,2.0,0.36363636363636365,6065,3.5,5225.5,-3.5,5224.5,49.0,5232.0,-129.5,5206.5,227.5,5257.5,283.5,5265.5,5265.5,283.5,AGG_BUY,,,,,,
1,608500,VELVETFRUIT_EXTRACT,1,10.0,5218.0,5217.0,2.0,0.6875,6085,65.0,5224.5,100.0,5228.0,135.0,5231.5,-85.0,5209.5,345.0,5252.5,475.0,5265.5,5265.5,475.0,AGG_BUY,,,,,,
1,608900,VEV_5100,1,8.0,143.0,141.0,4.0,0.42857142857142855,6089,8.0,144.0,56.0,150.0,56.0,150.0,-68.0,134.5,192.0,167.0,276.0,177.5,177.5,276.0,AGG_BUY,,,,,,
1,611900,VELVETFRUIT_EXTRACT,1,6.0,5221.0,5220.0,2.0,0.7818181818181819,6119,18.0,5224.0,69.0,5232.5,75.0,5233.5,-33.0,5215.5,264.0,5265.0,267.0,5265.5,5265.5,267.0,AGG_BUY,,,,,,
1,612900,VELVETFRUIT_EXTRACT,-1,7.0,5225.0,5224.0,2.0,0.9117647058823529,6129,-38.5,5230.5,-63.0,5234.0,-87.5,5237.5,87.5,5212.5,-276.5,5264.5,-283.5,5265.5,5265.5,-283.5,PASS_SELL,,,,,,
1,614100,HYDROGEL_PACK,1,4.0,9999.0,10006.0,16.0,0.0,6141,-8.0,9997.0,-36.0,9990.0,36.0,10008.0,64.0,10015.0,168.0,10041.0,64.0,10015.0,10015.0,64.0,PASS_BUY,,,,,,
1,616100,HYDROGEL_PACK,1,14.0,9987.0,9979.0,16.0,0.0,6161,-28.0,9985.0,175.0,9999.5,490.0,10022.0,462.0,10020.0,896.0,10051.0,392.0,10015.0,10015.0,392.0,AGG_BUY,,,,,,
1,616200,HYDROGEL_PACK,1,15.0,9984.0,9976.0,16.0,0.0,6162,45.0,9987.0,225.0,9999.0,540.0,10020.0,540.0,10020.0,1020.0,10052.0,465.0,10015.0,10015.0,465.0,AGG_BUY,,,,,,
1,616300,HYDROGEL_PACK,1,11.0,9986.0,9978.0,16.0,0.0,6163,33.0,9989.0,154.0,10000.0,374.0,10020.0,363.0,10019.0,737.0,10053.0,319.0,10015.0,10015.0,319.0,AGG_BUY,,,,,,
1,617900,VEV_4000,1,2.0,1233.0,1228.5,9.0,0.5555555555555556,6179,-3.0,1231.5,9.0,1237.5,-10.0,1228.0,-25.0,1220.5,69.0,1267.5,65.0,1265.5,1265.5,65.0,AGG_BUY,,,,,,
1,617900,VEV_4500,1,2.0,733.0,729.5,7.0,0.6,6179,-3.0,731.5,9.0,737.5,-10.0,728.0,-25.0,720.5,69.0,767.5,65.0,765.5,765.5,65.0,AGG_BUY,,,,,,
1,617900,VEV_5000,1,2.0,239.0,238.0,2.0,0.6,6179,-4.0,237.0,8.0,243.0,-10.0,234.0,-24.0,227.0,63.0,270.5,59.0,268.5,268.5,59.0,AGG_BUY,,,,,,
1,617900,VEV_5100,1,2.0,151.0,150.5,1.0,0.6,6179,-2.0,150.0,8.0,155.0,-8.0,147.0,-19.0,141.5,58.0,180.0,53.0,177.5,177.5,53.0,AGG_BUY,,,,,,
1,618300,VEV_4000,1,2.0,1233.0,1228.0,10.0,0.6923076923076923,6183,-3.0,1231.5,9.0,1237.5,-11.0,1227.5,-31.0,1217.5,69.0,1267.5,65.0,1265.5,1265.5,65.0,AGG_BUY,,,,,,
1,618300,VEV_4500,1,2.0,733.0,729.0,8.0,0.7142857142857143,6183,-4.0,731.0,9.0,737.5,-11.0,727.5,-31.0,717.5,70.0,768.0,65.0,765.5,765.5,65.0,AGG_BUY,,,,,,
1,618300,VEV_5000,1,2.0,238.0,237.0,2.0,0.7142857142857143,6183,-2.0,237.0,10.0,243.0,-10.0,233.0,-27.0,224.5,66.0,271.0,61.0,268.5,268.5,61.0,AGG_BUY,,,,,,
1,618300,VEV_5100,1,2.0,151.0,150.0,2.0,0.875,6183,-2.0,150.0,8.0,155.0,-8.0,147.0,-24.0,139.0,59.0,180.5,53.0,177.5,177.5,53.0,AGG_BUY,,,,,,
1,619500,VELVETFRUIT_EXTRACT,1,8.0,5232.0,5231.0,2.0,0.38461538461538464,6195,4.0,5232.5,56.0,5239.0,-108.0,5218.5,-112.0,5218.0,276.0,5266.5,268.0,5265.5,5265.5,268.0,AGG_BUY,,,,,,
1,619800,VELVETFRUIT_EXTRACT,-1,7.0,5235.0,5233.5,5.0,0.0,6198,24.5,5231.5,-17.5,5237.5,105.0,5220.0,115.5,5218.5,-227.5,5267.5,-213.5,5265.5,5265.5,-213.5,PASS_SELL,,,,,,
1,619900,HYDROGEL_PACK,-1,7.0,10001.0,10005.5,9.0,-0.2631578947368421,6199,-7.0,10002.0,-91.0,10014.0,-112.0,10017.0,-112.0,10017.0,-413.0,10060.0,-98.0,10015.0,10015.0,-98.0,AGG_SELL,,,,,,
1,620500,VELVETFRUIT_EXTRACT,-1,3.0,5234.0,5232.5,5.0,0.0,6205,4.5,5232.5,-10.5,5237.5,43.5,5219.5,43.5,5219.5,-97.5,5266.5,-94.5,5265.5,5265.5,-94.5,PASS_SELL,,,,,,
1,621800,HYDROGEL_PACK,1,2.0,9994.0,10001.0,16.0,0.0,6218,6.0,9997.0,68.0,10028.0,50.0,10019.0,28.0,10008.0,160.0,10074.0,42.0,10015.0,10015.0,42.0,PASS_BUY,,,,,,
1,621900,VELVETFRUIT_EXTRACT,-1,6.0,5235.0,5233.5,5.0,0.4936708860759494,6219,-15.0,5237.5,21.0,5231.5,87.0,5220.5,93.0,5219.5,-174.0,5264.0,-183.0,5265.5,5265.5,-183.0,PASS_SELL,,,,,,
1,623800,VELVETFRUIT_EXTRACT,-1,8.0,5239.0,5240.5,3.0,-0.7808219178082192,6238,12.0,5237.5,132.0,5222.5,172.0,5217.5,144.0,5221.0,-240.0,5269.0,-212.0,5265.5,5265.5,-212.0,AGG_SELL,,,,,,
1,624400,VEV_4000,1,2.0,1238.0,1233.0,10.0,0.7647058823529411,6244,-3.0,1236.5,-40.0,1218.0,-44.0,1216.0,-25.0,1225.5,60.0,1268.0,55.0,1265.5,1265.5,55.0,AGG_BUY,,,,,,
1,624400,VEV_4500,1,2.0,738.0,734.5,7.0,0.6666666666666666,6244,-3.0,736.5,-40.0,718.0,-43.0,716.5,-25.0,725.5,60.0,768.0,55.0,765.5,765.5,55.0,AGG_BUY,,,,,,
1,624400,VEV_5000,1,2.0,243.0,242.0,2.0,0.6666666666666666,6244,-2.0,242.0,-37.0,224.5,-40.0,223.0,-23.0,231.5,56.0,271.0,51.0,268.5,268.5,51.0,AGG_BUY,,,,,,
1,624400,VEV_5100,1,2.0,155.0,154.5,1.0,0.6666666666666666,6244,-2.0,154.0,-32.0,139.0,-34.0,138.0,-19.0,145.5,51.0,180.5,45.0,177.5,177.5,45.0,AGG_BUY,,,,,,
1,624700,VELVETFRUIT_EXTRACT,-1,5.0,5241.0,5239.0,6.0,0.0,6247,32.5,5234.5,117.5,5217.5,117.5,5217.5,70.0,5227.0,-130.0,5267.0,-122.5,5265.5,5265.5,-122.5,PASS_SELL,,,,,,
1,626000,VELVETFRUIT_EXTRACT,1,7.0,5234.0,5233.0,2.0,0.5625,6260,-24.5,5230.5,-87.5,5221.5,-73.5,5223.5,-38.5,5228.5,192.5,5261.5,220.5,5265.5,5265.5,220.5,AGG_BUY,,,,,,
1,626400,HYDROGEL_PACK,-1,12.0,10016.0,10024.0,16.0,0.0,6264,-60.0,10021.0,36.0,10013.0,-168.0,10030.0,120.0,10006.0,-630.0,10068.5,12.0,10015.0,10015.0,12.0,AGG_SELL,,,,,,
1,626500,HYDROGEL_PACK,-1,13.0,10018.0,10026.0,16.0,0.0,6265,-39.0,10021.0,26.0,10016.0,-143.0,10029.0,156.0,10006.0,-650.0,10068.0,39.0,10015.0,10015.0,39.0,AGG_SELL,,,,,,
1,626600,HYDROGEL_PACK,-1,11.0,10020.0,10028.0,16.0,0.0,6266,44.0,10016.0,33.0,10017.0,-110.0,10030.0,143.0,10007.0,-528.0,10068.0,55.0,10015.0,10015.0,55.0,AGG_SELL,,,,,,
1,626700,HYDROGEL_PACK,-1,3.0,10022.0,10030.0,16.0,0.0,6267,21.0,10015.0,18.0,10016.0,-21.0,10029.0,57.0,10003.0,-135.0,10067.0,21.0,10015.0,10015.0,21.0,AGG_SELL,,,,,,
1,628100,VELVETFRUIT_EXTRACT,-1,6.0,5230.0,5228.5,5.0,-0.5,6281,69.0,5218.5,81.0,5216.5,105.0,5212.5,18.0,5227.0,-171.0,5258.5,-213.0,5265.5,5265.5,-213.0,PASS_SELL,,,,,,
1,629100,VELVETFRUIT_EXTRACT,1,9.0,5220.0,5218.5,3.0,0.7352941176470589,6291,4.5,5220.5,-13.5,5218.5,-36.0,5216.0,58.5,5226.5,355.5,5259.5,409.5,5265.5,5265.5,409.5,AGG_BUY,,,,,,
1,629400,VELVETFRUIT_EXTRACT,1,25.0,5220.0,5217.5,5.0,0.494949494949495,6294,37.5,5221.5,-87.5,5216.5,-87.5,5216.5,162.5,5226.5,1075.0,5263.0,1137.5,5265.5,5265.5,1137.5,AGG_BUY,,,,,,
1,631300,VELVETFRUIT_EXTRACT,1,5.0,5221.0,5220.0,2.0,0.6,6313,-12.5,5218.5,2.5,5221.5,-37.5,5213.5,12.5,5223.5,267.5,5274.5,222.5,5265.5,5265.5,222.5,AGG_BUY,,,,,,
1,631700,VEV_4000,1,3.0,1220.0,1215.0,10.0,0.4,6317,-10.5,1216.5,-1.5,1219.5,-25.5,1211.5,9.0,1223.0,178.5,1279.5,136.5,1265.5,1265.5,136.5,AGG_BUY,,,,,,
1,631700,VEV_4500,1,3.0,720.0,716.5,7.0,0.45454545454545453,6317,-10.5,716.5,-1.5,719.5,-25.5,711.5,9.0,723.0,178.5,779.5,136.5,765.5,765.5,136.5,AGG_BUY,,,,,,
1,632200,VEV_5500,1,20.0,4.0,3.5,1.0,0.0,6322,-10.0,3.5,-10.0,3.5,-10.0,3.5,10.0,4.5,110.0,9.5,50.0,6.5,6.5,50.0,AGG_BUY,,,,,,
1,632800,VELVETFRUIT_EXTRACT,1,7.0,5216.0,5215.0,2.0,0.8157894736842105,6328,10.5,5217.5,-10.5,5214.5,-24.5,5212.5,59.5,5224.5,441.0,5279.0,346.5,5265.5,5265.5,346.5,AGG_BUY,,,,,,
1,634000,VEV_5500,1,16.0,4.0,3.5,1.0,0.0,6340,-8.0,3.5,-8.0,3.5,-8.0,3.5,8.0,4.5,88.0,9.5,40.0,6.5,6.5,40.0,AGG_BUY,,,,,,
1,634100,VEV_5500,1,20.0,4.0,3.5,1.0,0.0,6341,-10.0,3.5,-10.0,3.5,-10.0,3.5,10.0,4.5,110.0,9.5,50.0,6.5,6.5,50.0,AGG_BUY,,,,,,
1,634800,VELVETFRUIT_EXTRACT,1,8.0,5216.0,5215.0,2.0,0.7866666666666666,6348,44.0,5221.5,4.0,5216.5,-68.0,5207.5,84.0,5226.5,528.0,5282.0,396.0,5265.5,5265.5,396.0,AGG_BUY,,,,,,
1,635900,VELVETFRUIT_EXTRACT,-1,18.0,5221.0,5223.5,5.0,-0.5813953488372093,6359,36.0,5219.0,135.0,5213.5,225.0,5208.5,-171.0,5230.5,-1071.0,5280.5,-801.0,5265.5,5265.5,-801.0,AGG_SELL,,,,,,
1,636000,VELVETFRUIT_EXTRACT,-1,17.0,5221.0,5223.5,5.0,-0.575,6360,34.0,5219.0,144.5,5212.5,212.5,5208.5,-178.5,5231.5,-977.5,5278.5,-756.5,5265.5,5265.5,-756.5,AGG_SELL,,,,,,
1,636100,VEV_4000,1,4.0,1223.0,1218.0,10.0,0.2727272727272727,6361,-18.0,1218.5,-44.0,1212.0,-58.0,1208.5,32.0,1231.0,220.0,1278.0,170.0,1265.5,1265.5,170.0,AGG_BUY,,,,,,
1,636100,VEV_4500,1,4.0,723.0,719.5,7.0,0.5,6361,-18.0,718.5,-46.0,711.5,-58.0,708.5,32.0,731.0,220.0,778.0,170.0,765.5,765.5,170.0,AGG_BUY,,,,,,
1,636100,VEV_5100,1,4.0,143.0,142.5,1.0,0.5,6361,-12.0,140.0,-32.0,135.0,-42.0,132.5,28.0,150.0,184.0,189.0,138.0,177.5,177.5,138.0,AGG_BUY,,,,,,
1,640400,VEV_5400,1,20.0,10.0,9.5,1.0,0.0,6404,-10.0,9.5,-10.0,9.5,-30.0,8.5,50.0,12.5,140.0,17.0,140.0,17.0,17.0,140.0,AGG_BUY,,,,,,
1,640700,VELVETFRUIT_EXTRACT,1,6.0,5213.0,5212.0,2.0,0.52,6407,-9.0,5211.5,-21.0,5209.5,-69.0,5201.5,153.0,5238.5,297.0,5262.5,315.0,5265.5,5265.5,315.0,AGG_BUY,,,,,,
1,642100,VEV_4000,1,4.0,1214.0,1209.0,10.0,0.5555555555555556,6421,0.0,1214.0,-32.0,1206.0,-52.0,1201.0,86.0,1235.5,202.0,1264.5,206.0,1265.5,1265.5,206.0,AGG_BUY,,,,,,
1,642100,VEV_4500,1,4.0,714.0,710.5,7.0,0.2,6421,2.0,714.5,-34.0,705.5,-54.0,700.5,84.0,735.0,202.0,764.5,206.0,765.5,765.5,206.0,AGG_BUY,,,,,,
1,642100,VEV_5100,1,4.0,137.0,136.0,2.0,0.6521739130434783,6421,0.0,137.0,-26.0,130.5,-40.0,127.0,64.0,153.0,162.0,177.5,162.0,177.5,177.5,162.0,AGG_BUY,,,,,,
1,644500,VELVETFRUIT_EXTRACT,1,16.0,5209.0,5206.5,5.0,0.5151515151515151,6445,0.0,5209.0,-144.0,5200.0,-24.0,5207.5,472.0,5238.5,1064.0,5275.5,904.0,5265.5,5265.5,904.0,AGG_BUY,,,,,,
1,644500,VEV_4500,1,10.0,714.0,706.5,15.0,0.0,6445,-50.0,709.0,-135.0,700.5,-65.0,707.5,240.0,738.0,605.0,774.5,515.0,765.5,765.5,515.0,AGG_BUY,,,,,,
1,644500,VEV_5400,1,20.0,9.0,8.5,1.0,0.0,6445,10.0,9.5,-10.0,8.5,0.0,9.0,70.0,12.5,210.0,19.5,160.0,17.0,17.0,160.0,AGG_BUY,,,,,,
1,646100,VELVETFRUIT_EXTRACT,-1,3.0,5210.0,5208.5,5.0,0.0,6461,13.5,5205.5,28.5,5200.5,10.5,5206.5,-84.0,5238.0,-196.5,5275.5,-166.5,5265.5,5265.5,-166.5,PASS_SELL,,,,,,
1,647400,HYDROGEL_PACK,1,2.0,9994.0,10001.0,16.0,0.0,6474,-2.0,9993.0,-10.0,9989.0,-2.0,9993.0,82.0,10035.0,121.0,10054.5,42.0,10015.0,10015.0,42.0,PASS_BUY,,,,,,
1,647600,HYDROGEL_PACK,1,4.0,9992.0,9999.0,16.0,0.0,6476,12.0,9995.0,-8.0,9990.0,-4.0,9991.0,168.0,10034.0,244.0,10053.0,92.0,10015.0,10015.0,92.0,PASS_BUY,,,,,,
1,647900,HYDROGEL_PACK,1,6.0,9990.0,9997.0,16.0,0.0,6479,18.0,9993.0,-24.0,9986.0,24.0,9994.0,276.0,10036.0,390.0,10055.0,150.0,10015.0,10015.0,150.0,PASS_BUY,,,,,,
1,648200,VELVETFRUIT_EXTRACT,-1,6.0,5207.0,5206.5,3.0,-0.3333333333333333,6482,45.0,5199.5,30.0,5202.0,-9.0,5208.5,-177.0,5236.5,-387.0,5271.5,-351.0,5265.5,5265.5,-351.0,PASS_SELL,,,,,,
1,650500,VELVETFRUIT_EXTRACT,-1,12.0,5201.0,5202.5,3.0,-0.6883116883116883,6505,36.0,5198.0,-42.0,5204.5,-150.0,5213.5,-486.0,5241.5,-834.0,5270.5,-774.0,5265.5,5265.5,-774.0,AGG_SELL,,,,,,
1,651500,VEV_5400,1,5.0,8.0,7.5,1.0,0.5652173913043478,6515,2.5,8.5,2.5,8.5,7.5,9.5,27.5,13.5,50.0,18.0,45.0,17.0,17.0,45.0,AGG_BUY,,,,,,
1,651600,HYDROGEL_PACK,1,9.0,9995.0,9991.5,7.0,0.25,6516,-45.0,9990.0,-81.0,9986.0,13.5,9996.5,459.0,10046.0,522.0,10053.0,180.0,10015.0,10015.0,180.0,AGG_BUY,,,,,,
1,652800,HYDROGEL_PACK,1,2.0,9980.0,9987.0,16.0,0.0,6528,-4.0,9978.0,22.0,9991.0,52.0,10006.0,108.0,10034.0,162.0,10061.0,70.0,10015.0,10015.0,70.0,PASS_BUY,,,,,,
1,653200,HYDROGEL_PACK,1,6.0,9976.0,9983.0,16.0,0.0,6532,12.0,9978.0,120.0,9996.0,180.0,10006.0,402.0,10043.0,498.0,10059.0,234.0,10015.0,10015.0,234.0,PASS_BUY,,,,,,
1,653300,HYDROGEL_PACK,1,5.0,9975.0,9982.0,16.0,0.0,6533,17.5,9978.5,100.0,9995.0,145.0,10004.0,325.0,10040.0,420.0,10059.0,200.0,10015.0,10015.0,200.0,PASS_BUY,,,,,,
1,654200,VEV_4000,1,2.0,1206.0,1201.0,10.0,0.7647058823529411,6542,0.0,1206.0,12.0,1212.0,16.0,1214.0,101.0,1256.5,98.0,1255.0,119.0,1265.5,1265.5,119.0,AGG_BUY,,,,,,
1,654200,VEV_4500,1,2.0,706.0,702.5,7.0,0.6363636363636364,6542,1.0,706.5,12.0,712.0,16.0,714.0,100.0,756.0,100.0,756.0,119.0,765.5,765.5,119.0,AGG_BUY,,,,,,
1,655100,HYDROGEL_PACK,1,8.0,9984.0,9980.5,7.0,0.30434782608695654,6551,40.0,9989.0,88.0,9995.0,296.0,10021.0,540.0,10051.5,668.0,10067.5,248.0,10015.0,10015.0,248.0,AGG_BUY,,,,,,
1,656900,HYDROGEL_PACK,1,8.0,9987.0,9983.0,8.0,0.30434782608695654,6569,56.0,9994.0,72.0,9996.0,256.0,10019.0,456.0,10044.0,688.0,10073.0,224.0,10015.0,10015.0,224.0,AGG_BUY,,,,,,
1,657500,VELVETFRUIT_EXTRACT,-1,10.0,5211.0,5212.5,3.0,-0.6825396825396826,6575,15.0,5209.5,-35.0,5214.5,-120.0,5223.0,-455.0,5256.5,-585.0,5269.5,-545.0,5265.5,5265.5,-545.0,AGG_SELL,,,,,,
1,657800,VELVETFRUIT_EXTRACT,-1,5.0,5212.0,5210.5,5.0,-0.4482758620689655,6578,12.5,5209.5,-12.5,5214.5,-47.5,5221.5,-197.5,5251.5,-287.5,5269.5,-267.5,5265.5,5265.5,-267.5,PASS_SELL,,,,,,
1,659200,VELVETFRUIT_EXTRACT,-1,7.0,5214.0,5212.0,6.0,0.0,6592,10.5,5212.5,-0.0,5214.0,-45.5,5220.5,-283.5,5254.5,-423.5,5274.5,-360.5,5265.5,5265.5,-360.5,PASS_SELL,,,,,,
1,659500,HYDROGEL_PACK,1,8.0,9990.0,9986.0,8.0,0.15789473684210525,6595,32.0,9994.0,280.0,10025.0,224.0,10018.0,464.0,10048.0,544.0,10058.0,200.0,10015.0,10015.0,200.0,AGG_BUY,,,,,,
1,661100,HYDROGEL_PACK,-1,5.0,10002.0,10006.0,8.0,-0.3333333333333333,6611,15.0,9999.0,-90.0,10020.0,-50.0,10012.0,-200.0,10042.0,-240.0,10050.0,-65.0,10015.0,10015.0,-65.0,AGG_SELL,,,,,,
1,662000,VELVETFRUIT_EXTRACT,1,8.0,5215.0,5214.0,2.0,0.30434782608695654,6620,-20.0,5212.5,68.0,5223.5,36.0,5219.5,384.0,5263.0,460.0,5272.5,404.0,5265.5,5265.5,404.0,AGG_BUY,,,,,,
1,663700,VELVETFRUIT_EXTRACT,-1,6.0,5217.0,5218.5,3.0,-0.8260869565217391,6637,9.0,5215.5,-9.0,5218.5,-36.0,5223.0,-333.0,5272.5,-309.0,5268.5,-291.0,5265.5,5265.5,-291.0,AGG_SELL,,,,,,
1,664400,HYDROGEL_PACK,-1,10.0,10012.0,10020.0,16.0,0.0,6644,-90.0,10021.0,-40.0,10016.0,20.0,10010.0,-280.0,10040.0,-455.0,10057.5,-30.0,10015.0,10015.0,-30.0,AGG_SELL,,,,,,
1,664500,HYDROGEL_PACK,-1,15.0,10017.0,10025.0,16.0,0.0,6645,-75.0,10022.0,-15.0,10018.0,90.0,10011.0,-345.0,10040.0,-540.0,10053.0,30.0,10015.0,10015.0,30.0,AGG_SELL,,,,,,
1,664600,HYDROGEL_PACK,-1,12.0,10016.0,10024.0,16.0,0.0,6646,-84.0,10023.0,-0.0,10016.0,48.0,10012.0,-300.0,10041.0,-432.0,10052.0,12.0,10015.0,10015.0,12.0,AGG_SELL,,,,,,
1,664800,HYDROGEL_PACK,-1,5.0,10021.0,10025.5,9.0,-0.375,6648,-25.0,10026.0,25.0,10016.0,55.0,10010.0,-120.0,10045.0,-140.0,10049.0,30.0,10015.0,10015.0,30.0,AGG_SELL,,,,,,
1,665000,HYDROGEL_PACK,-1,11.0,10016.0,10024.0,16.0,0.0,6650,-82.5,10023.5,-22.0,10018.0,110.0,10006.0,-330.0,10046.0,-429.0,10055.0,11.0,10015.0,10015.0,11.0,AGG_SELL,,,,,,
1,665400,VELVETFRUIT_EXTRACT,-1,10.0,5220.0,5221.5,3.0,-0.2857142857142857,6654,-25.0,5222.5,15.0,5218.5,-95.0,5229.5,-510.0,5271.0,-495.0,5269.5,-455.0,5265.5,5265.5,-455.0,AGG_SELL,,,,,,
1,666000,VELVETFRUIT_EXTRACT,1,9.0,5221.0,5220.0,2.0,0.7391304347826086,6660,22.5,5223.5,-13.5,5219.5,67.5,5228.5,463.5,5272.5,463.5,5272.5,400.5,5265.5,5265.5,400.5,AGG_BUY,,,,,,
1,666200,VELVETFRUIT_EXTRACT,-1,10.0,5222.0,5223.5,3.0,-0.6923076923076923,6662,-25.0,5224.5,25.0,5219.5,-80.0,5230.0,-515.0,5273.5,-495.0,5271.5,-435.0,5265.5,5265.5,-435.0,AGG_SELL,,,,,,
1,666500,VELVETFRUIT_EXTRACT,1,7.0,5221.0,5223.0,6.0,0.0,6665,14.0,5223.0,-10.5,5219.5,52.5,5228.5,360.5,5272.5,339.5,5269.5,311.5,5265.5,5265.5,311.5,PASS_BUY,,,,,,
1,667300,VELVETFRUIT_EXTRACT,-1,8.0,5224.0,5225.5,3.0,-0.36,6673,52.0,5217.5,44.0,5218.5,-36.0,5228.5,-364.0,5269.5,-396.0,5273.5,-332.0,5265.5,5265.5,-332.0,AGG_SELL,,,,,,
1,667400,VELVETFRUIT_EXTRACT,-1,6.0,5226.0,5224.0,6.0,0.0,6674,51.0,5217.5,45.0,5218.5,-9.0,5227.5,-267.0,5270.5,-288.0,5274.0,-237.0,5265.5,5265.5,-237.0,PASS_SELL,,,,,,
1,668800,VELVETFRUIT_EXTRACT,-1,7.0,5219.0,5220.5,3.0,-0.8,6688,3.5,5218.5,-14.0,5221.0,-45.5,5225.5,-343.0,5268.0,-371.0,5272.0,-325.5,5265.5,5265.5,-325.5,AGG_SELL,,,,,,
1,669500,VELVETFRUIT_EXTRACT,1,5.0,5219.0,5218.0,2.0,0.6296296296296297,6695,2.5,5219.5,37.5,5226.5,35.0,5226.0,237.5,5266.5,262.5,5271.5,232.5,5265.5,5265.5,232.5,AGG_BUY,,,,,,
1,669900,VELVETFRUIT_EXTRACT,1,7.0,5217.0,5219.0,6.0,0.0,6699,21.0,5220.0,73.5,5227.5,52.5,5224.5,343.0,5266.0,353.5,5267.5,339.5,5265.5,5265.5,339.5,PASS_BUY,,,,,,
1,672100,VELVETFRUIT_EXTRACT,-1,7.0,5219.0,5220.5,3.0,-0.7910447761194029,6721,-17.5,5221.5,-52.5,5226.5,-24.5,5222.5,-301.0,5262.0,-304.5,5262.5,-325.5,5265.5,5265.5,-325.5,AGG_SELL,,,,,,
1,673800,HYDROGEL_PACK,1,4.0,10001.0,10008.0,16.0,0.0,6738,36.0,10010.0,-28.0,9994.0,-24.0,9995.0,288.0,10073.0,264.0,10067.0,56.0,10015.0,10015.0,56.0,PASS_BUY,,,,,,
1,673800,VELVETFRUIT_EXTRACT,1,8.0,5222.0,5221.0,2.0,0.7808219178082192,6738,44.0,5227.5,28.0,5225.5,60.0,5229.5,376.0,5269.0,316.0,5261.5,348.0,5265.5,5265.5,348.0,AGG_BUY,,,,,,
1,674000,VEV_4000,1,3.0,1223.0,1218.0,10.0,0.6,6740,18.0,1229.0,7.5,1225.5,3.0,1224.0,139.5,1269.5,120.0,1263.0,127.5,1265.5,1265.5,127.5,AGG_BUY,,,,,,
1,674000,VEV_4500,1,3.0,723.0,719.0,8.0,0.5,6740,18.0,729.0,7.5,725.5,6.0,725.0,138.0,769.0,120.0,763.0,127.5,765.5,765.5,127.5,AGG_BUY,,,,,,
1,674200,VEV_5400,1,6.0,11.0,10.5,1.0,0.5714285714285714,6742,3.0,11.5,0.0,11.0,3.0,11.5,45.0,18.5,33.0,16.5,36.0,17.0,17.0,36.0,AGG_BUY,,,,,,
1,680800,HYDROGEL_PACK,1,2.0,9995.0,10002.0,16.0,0.0,6808,14.0,10002.0,-8.0,9991.0,22.0,10006.0,140.0,10065.0,158.0,10074.0,40.0,10015.0,10015.0,40.0,PASS_BUY,,,,,,
1,682000,VELVETFRUIT_EXTRACT,-1,9.0,5223.0,5224.5,3.0,-0.7352941176470589,6820,-13.5,5224.5,-76.5,5231.5,-112.5,5235.5,-517.5,5280.5,-324.0,5259.0,-382.5,5265.5,5265.5,-382.5,AGG_SELL,,,,,,
1,682400,VEV_5400,1,20.0,11.0,10.5,1.0,0.0,6824,-10.0,10.5,20.0,12.0,30.0,12.5,200.0,21.0,100.0,16.0,120.0,17.0,17.0,120.0,AGG_BUY,,,,,,
1,682600,VEV_5400,1,20.0,11.0,10.5,1.0,0.0,6826,0.0,11.0,20.0,12.0,20.0,12.0,200.0,21.0,100.0,16.0,120.0,17.0,17.0,120.0,AGG_BUY,,,,,,
1,682800,VEV_5400,1,19.0,11.0,10.5,1.0,0.0,6828,9.5,11.5,19.0,12.0,19.0,12.0,180.5,20.5,95.0,16.0,114.0,17.0,17.0,114.0,AGG_BUY,,,,,,
1,682900,VEV_5400,1,10.0,11.0,10.5,1.0,0.5,6829,5.0,11.5,5.0,11.5,10.0,12.0,90.0,20.0,45.0,15.5,60.0,17.0,17.0,60.0,AGG_BUY,,,,,,
1,683000,VEV_5400,1,20.0,11.0,10.5,1.0,0.0,6830,10.0,11.5,10.0,11.5,10.0,11.5,190.0,20.5,90.0,15.5,120.0,17.0,17.0,120.0,AGG_BUY,,,,,,
1,683400,VEV_5400,1,9.0,11.0,10.5,1.0,0.41935483870967744,6834,4.5,11.5,9.0,12.0,9.0,12.0,90.0,21.0,49.5,16.5,54.0,17.0,17.0,54.0,AGG_BUY,,,,,,
1,684000,VEV_4000,1,5.0,1229.0,1224.0,10.0,0.4444444444444444,6840,-7.5,1227.5,37.5,1236.5,42.5,1237.5,265.0,1282.0,152.5,1259.5,182.5,1265.5,1265.5,182.5,AGG_BUY,,,,,,
1,684000,VEV_4500,1,5.0,729.0,725.0,8.0,0.09090909090909091,6840,-10.0,727.0,37.5,736.5,42.5,737.5,265.0,782.0,150.0,759.0,182.5,765.5,765.5,182.5,AGG_BUY,,,,,,
1,684000,VEV_5000,1,5.0,234.0,233.0,2.0,0.09090909090909091,6840,-5.0,233.0,40.0,242.0,42.5,242.5,252.5,284.5,145.0,263.0,172.5,268.5,268.5,172.5,AGG_BUY,,,,,,
1,684000,VEV_5100,1,5.0,148.0,147.0,2.0,0.6666666666666666,6840,-5.0,147.0,30.0,154.0,35.0,155.0,222.5,192.5,122.5,172.5,147.5,177.5,177.5,147.5,AGG_BUY,,,,,,
1,684500,HYDROGEL_PACK,1,2.0,9990.0,9997.0,16.0,0.0,6845,6.0,9993.0,20.0,10000.0,60.0,10020.0,86.0,10033.0,148.0,10064.0,50.0,10015.0,10015.0,50.0,PASS_BUY,,,,,,
1,684600,VELVETFRUIT_EXTRACT,1,9.0,5228.0,5227.0,2.0,0.25,6846,27.0,5231.0,85.5,5237.5,103.5,5239.5,486.0,5282.0,247.5,5255.5,337.5,5265.5,5265.5,337.5,AGG_BUY,,,,,,
1,685100,VELVETFRUIT_EXTRACT,1,9.0,5226.0,5225.0,2.0,0.28,6851,49.5,5231.5,117.0,5239.0,153.0,5243.0,499.5,5281.5,265.5,5255.5,355.5,5265.5,5265.5,355.5,AGG_BUY,,,,,,
1,685200,VELVETFRUIT_EXTRACT,-1,6.0,5230.0,5228.5,5.0,-0.5,6852,-0.0,5230.0,-48.0,5238.0,-81.0,5243.5,-297.0,5279.5,-153.0,5255.5,-213.0,5265.5,5265.5,-213.0,PASS_SELL,,,,,,
1,685700,VELVETFRUIT_EXTRACT,-1,7.0,5231.0,5232.5,3.0,-0.44,6857,7.0,5230.0,-52.5,5238.5,-66.5,5240.5,-339.5,5279.5,-164.5,5254.5,-241.5,5265.5,5265.5,-241.5,AGG_SELL,,,,,,
1,686600,HYDROGEL_PACK,1,5.0,9993.0,9989.0,8.0,0.5,6866,-20.0,9989.0,90.0,10011.0,170.0,10027.0,250.0,10043.0,355.0,10064.0,110.0,10015.0,10015.0,110.0,AGG_BUY,,,,,,
1,688400,VELVETFRUIT_EXTRACT,-1,6.0,5235.0,5234.5,3.0,-0.46153846153846156,6884,-3.0,5235.5,3.0,5234.5,-3.0,5235.5,-213.0,5270.5,-141.0,5258.5,-183.0,5265.5,5265.5,-183.0,PASS_SELL,,,,,,
1,688600,VELVETFRUIT_EXTRACT,-1,5.0,5236.0,5234.5,5.0,0.0,6886,-7.5,5237.5,10.0,5234.0,2.5,5235.5,-172.5,5270.5,-127.5,5261.5,-147.5,5265.5,5265.5,-147.5,PASS_SELL,,,,,,
1,689800,HYDROGEL_PACK,-1,9.0,10003.0,10007.0,8.0,-0.18181818181818182,6898,-27.0,10006.0,-135.0,10018.0,-387.0,10046.0,-360.0,10043.0,-477.0,10056.0,-108.0,10015.0,10015.0,-108.0,AGG_SELL,,,,,,
1,692400,VELVETFRUIT_EXTRACT,1,15.0,5236.0,5235.0,2.0,0.0625,6924,-22.5,5234.5,22.5,5237.5,142.5,5245.5,420.0,5264.0,307.5,5256.5,442.5,5265.5,5265.5,442.5,AGG_BUY,,,,,,
1,693000,VELVETFRUIT_EXTRACT,1,8.0,5231.0,5232.5,5.0,0.0,6930,52.0,5237.5,36.0,5235.5,156.0,5250.5,284.0,5266.5,204.0,5256.5,276.0,5265.5,5265.5,276.0,PASS_BUY,,,,,,
1,693500,VELVETFRUIT_EXTRACT,1,6.0,5235.0,5234.0,2.0,0.5384615384615384,6935,21.0,5238.5,-9.0,5233.5,99.0,5251.5,204.0,5269.0,117.0,5254.5,183.0,5265.5,5265.5,183.0,AGG_BUY,,,,,,
1,693600,VELVETFRUIT_EXTRACT,1,5.0,5235.0,5234.0,2.0,0.8461538461538461,6936,22.5,5239.5,2.5,5235.5,87.5,5252.5,172.5,5269.5,87.5,5252.5,152.5,5265.5,5265.5,152.5,AGG_BUY,,,,,,
1,695900,HYDROGEL_PACK,-1,4.0,10018.0,10026.0,16.0,0.0,6959,-52.0,10031.0,-88.0,10040.0,-136.0,10052.0,-132.0,10051.0,-110.0,10045.5,12.0,10015.0,10015.0,12.0,AGG_SELL,,,,,,
1,696500,VELVETFRUIT_EXTRACT,1,13.0,5237.0,5236.5,1.0,0.2972972972972973,6965,0.0,5237.0,84.5,5243.5,266.5,5257.5,520.0,5277.0,201.5,5252.5,370.5,5265.5,5265.5,370.5,AGG_BUY,,,,,,
1,700400,VELVETFRUIT_EXTRACT,-1,19.0,5239.0,5241.5,5.0,-0.5365853658536586,7004,-85.5,5243.5,-332.5,5256.5,-351.5,5257.5,-617.5,5271.5,-199.5,5249.5,-503.5,5265.5,5265.5,-503.5,AGG_SELL,,,,,,
1,701200,VEV_4000,1,2.0,1242.0,1237.0,10.0,0.7333333333333333,7012,3.0,1243.5,33.0,1258.5,33.0,1258.5,53.0,1268.5,13.0,1248.5,47.0,1265.5,1265.5,47.0,AGG_BUY,,,,,,
1,701200,VEV_4500,1,2.0,742.0,738.0,8.0,0.6923076923076923,7012,4.0,744.0,32.0,758.0,32.0,758.0,52.0,768.0,12.0,748.0,47.0,765.5,765.5,47.0,AGG_BUY,,,,,,
1,702500,VELVETFRUIT_EXTRACT,-1,4.0,5247.0,5245.5,5.0,-0.5180722891566265,7025,-18.0,5251.5,-38.0,5256.5,-62.0,5262.5,-90.0,5269.5,22.0,5241.5,-74.0,5265.5,5265.5,-74.0,PASS_SELL,,,,,,
1,702700,VELVETFRUIT_EXTRACT,-1,8.0,5248.0,5246.5,5.0,0.5802469135802469,7027,-44.0,5253.5,-36.0,5252.5,-124.0,5263.5,-164.0,5268.5,68.0,5239.5,-140.0,5265.5,5265.5,-140.0,PASS_SELL,,,,,,
1,702900,VELVETFRUIT_EXTRACT,-1,15.0,5248.0,5250.5,5.0,0.0,7029,-75.0,5253.0,-37.5,5250.5,-247.5,5264.5,-262.5,5265.5,142.5,5238.5,-262.5,5265.5,5265.5,-262.5,AGG_SELL,,,,,,
1,703200,VEV_4000,1,5.0,1250.0,1245.0,10.0,0.375,7032,32.5,1256.5,12.5,1252.5,92.5,1268.5,77.5,1265.5,-52.5,1239.5,77.5,1265.5,1265.5,77.5,AGG_BUY,,,,,,
1,703200,VEV_4500,1,5.0,750.0,746.0,8.0,0.09090909090909091,7032,30.0,756.0,15.0,753.0,95.0,769.0,80.0,766.0,-55.0,739.0,77.5,765.5,765.5,77.5,AGG_BUY,,,,,,
1,703200,VEV_5000,1,5.0,254.0,253.0,2.0,0.09090909090909091,7032,30.0,260.0,15.0,257.0,90.0,272.0,75.0,269.0,-50.0,244.0,72.5,268.5,268.5,72.5,AGG_BUY,,,,,,
1,703200,VEV_5100,1,5.0,165.0,164.5,1.0,0.09090909090909091,7032,27.5,170.5,12.5,167.5,80.0,181.0,65.0,178.0,-45.0,156.0,62.5,177.5,177.5,62.5,AGG_BUY,,,,,,
1,703200,VEV_5200,1,5.0,94.0,93.5,1.0,0.5833333333333334,7032,22.5,98.5,12.5,96.5,62.5,106.5,52.5,104.5,-32.5,87.5,42.5,102.5,102.5,42.5,AGG_BUY,,,,,,
1,704700,VELVETFRUIT_EXTRACT,-1,8.0,5256.0,5254.5,5.0,-0.5903614457831325,7047,4.0,5255.5,28.0,5252.5,-104.0,5269.0,-48.0,5262.0,132.0,5239.5,-76.0,5265.5,5265.5,-76.0,PASS_SELL,,,,,,
1,706000,VELVETFRUIT_EXTRACT,-1,15.0,5257.0,5258.0,2.0,-0.21052631578947367,7060,-22.5,5258.5,-22.5,5258.5,-232.5,5272.5,-97.5,5263.5,142.5,5247.5,-127.5,5265.5,5265.5,-127.5,AGG_SELL,,,,,,
1,707200,VELVETFRUIT_EXTRACT,-1,11.0,5258.0,5259.0,2.0,-0.37142857142857144,7072,55.0,5253.0,-49.5,5262.5,-132.0,5270.0,-121.0,5269.0,99.0,5249.0,-82.5,5265.5,5265.5,-82.5,AGG_SELL,,,,,,
1,707800,VELVETFRUIT_EXTRACT,1,21.0,5254.0,5251.5,5.0,0.5227272727272727,7078,-63.0,5251.0,199.5,5263.5,283.5,5267.5,325.5,5269.5,-105.0,5249.0,241.5,5265.5,5265.5,241.5,AGG_BUY,,,,,,
1,707900,VELVETFRUIT_EXTRACT,1,17.0,5253.0,5250.5,5.0,0.46875,7079,-8.5,5252.5,195.5,5264.5,246.5,5267.5,297.5,5270.5,-93.5,5247.5,212.5,5265.5,5265.5,212.5,AGG_BUY,,,,,,
1,710500,VEV_4000,1,5.0,1256.0,1251.0,10.0,0.5,7105,27.5,1261.5,80.0,1272.0,25.0,1261.0,92.5,1274.5,-77.5,1240.5,47.5,1265.5,1265.5,47.5,AGG_BUY,,,,,,
1,710500,VEV_4500,1,5.0,756.0,752.5,7.0,0.09090909090909091,7105,27.5,761.5,80.0,772.0,30.0,762.0,92.5,774.5,-75.0,741.0,47.5,765.5,765.5,47.5,AGG_BUY,,,,,,
1,710500,VEV_5000,1,5.0,260.0,258.5,3.0,0.6428571428571429,7105,25.0,265.0,75.0,275.0,37.5,267.5,87.5,277.5,-70.0,246.0,42.5,268.5,268.5,42.5,AGG_BUY,,,,,,
1,710500,VEV_5100,1,5.0,170.0,169.5,1.0,0.09090909090909091,7105,22.5,174.5,67.5,183.5,37.5,177.5,77.5,185.5,-65.0,157.0,37.5,177.5,177.5,37.5,AGG_BUY,,,,,,
1,710500,VEV_5200,1,5.0,98.0,97.5,1.0,0.6428571428571429,7105,17.5,101.5,52.5,108.5,30.0,104.0,60.0,110.0,-50.0,88.0,22.5,102.5,102.5,22.5,AGG_BUY,,,,,,
1,713100,VEV_5300,-1,10.0,53.0,54.0,2.0,-0.4594594594594595,7131,-30.0,56.0,-10.0,54.0,-5.0,53.5,-25.0,55.5,140.0,39.0,10.0,52.0,52.0,10.0,AGG_SELL,,,,,,
1,713400,VELVETFRUIT_EXTRACT,-1,17.0,5268.0,5268.5,1.0,0.13333333333333333,7134,-59.5,5271.5,17.0,5267.0,8.5,5267.5,-42.5,5270.5,663.0,5229.0,42.5,5265.5,5265.5,42.5,AGG_SELL,,,,,,
1,713600,VELVETFRUIT_EXTRACT,-1,15.0,5271.0,5271.5,1.0,0.15384615384615385,7136,7.5,5270.5,60.0,5267.0,37.5,5268.5,22.5,5269.5,592.5,5231.5,82.5,5265.5,5265.5,82.5,AGG_SELL,,,,,,
1,713600,VEV_5300,-1,10.0,56.0,57.0,2.0,-0.375,7136,5.0,55.5,20.0,54.0,10.0,55.0,10.0,55.0,170.0,39.0,40.0,52.0,52.0,40.0,AGG_SELL,,,,,,
1,713900,VELVETFRUIT_EXTRACT,-1,6.0,5274.0,5272.5,5.0,0.46153846153846156,7139,33.0,5268.5,39.0,5267.5,24.0,5270.0,39.0,5267.5,267.0,5229.5,51.0,5265.5,5265.5,51.0,PASS_SELL,,,,,,
1,715000,VEV_4000,1,5.0,1269.0,1264.0,10.0,0.2857142857142857,7150,17.5,1272.5,-12.5,1266.5,-40.0,1261.0,-5.0,1268.0,-205.0,1228.0,-17.5,1265.5,1265.5,-17.5,AGG_BUY,,,,,,
1,715000,VEV_4500,1,5.0,769.0,765.0,8.0,0.375,7150,17.5,772.5,-10.0,767.0,-35.0,762.0,-5.0,768.0,-205.0,728.0,-17.5,765.5,765.5,-17.5,AGG_BUY,,,,,,
1,715000,VEV_5000,1,5.0,272.0,270.5,3.0,0.7297297297297297,7150,17.5,275.5,-10.0,270.0,-20.0,268.0,-5.0,271.0,-192.5,233.5,-17.5,268.5,268.5,-17.5,AGG_BUY,,,,,,
1,715000,VEV_5200,1,5.0,106.0,105.5,1.0,0.7297297297297297,7150,15.0,109.0,-2.5,105.5,-12.5,103.5,-2.5,105.5,-127.5,80.5,-17.5,102.5,102.5,-17.5,AGG_BUY,,,,,,
1,716200,VEV_5300,-1,20.0,56.0,57.0,2.0,0.0,7162,10.0,55.5,60.0,53.0,60.0,53.0,-0.0,56.0,340.0,39.0,80.0,52.0,52.0,80.0,AGG_SELL,,,,,,
1,716300,VEV_5300,-1,20.0,56.0,57.0,2.0,0.0,7163,20.0,55.0,40.0,54.0,80.0,52.0,-0.0,56.0,340.0,39.0,80.0,52.0,52.0,80.0,AGG_SELL,,,,,,
1,718100,VEV_5300,-1,10.0,53.0,54.0,2.0,-0.48717948717948717,7181,-10.0,54.0,-5.0,53.5,20.0,51.0,-45.0,57.5,140.0,39.0,10.0,52.0,52.0,10.0,AGG_SELL,,,,,,
1,719700,VEV_5300,-1,10.0,53.0,54.0,2.0,-0.47368421052631576,7197,-10.0,54.0,-10.0,54.0,-5.0,53.5,-20.0,55.0,120.0,41.0,10.0,52.0,52.0,10.0,AGG_SELL,,,,,,
1,720400,VELVETFRUIT_EXTRACT,-1,8.0,5266.0,5267.5,3.0,-0.30434782608695654,7204,-0.0,5266.0,16.0,5264.0,-16.0,5268.0,-20.0,5268.5,224.0,5238.0,4.0,5265.5,5265.5,4.0,AGG_SELL,,,,,,
1,720500,VELVETFRUIT_EXTRACT,1,6.0,5265.0,5266.5,5.0,0.0,7205,-3.0,5264.5,-3.0,5264.5,21.0,5268.5,15.0,5267.5,-153.0,5239.5,3.0,5265.5,5265.5,3.0,PASS_BUY,,,,,,
1,720500,VEV_4000,1,2.0,1266.0,1261.0,10.0,0.7647058823529411,7205,-3.0,1264.5,-3.0,1264.5,5.0,1268.5,3.0,1267.5,-53.0,1239.5,-1.0,1265.5,1265.5,-1.0,AGG_BUY,,,,,,
1,720500,VEV_4500,1,2.0,766.0,762.0,8.0,0.6923076923076923,7205,-3.0,764.5,-3.0,764.5,4.0,768.0,4.0,768.0,-53.0,739.5,-1.0,765.5,765.5,-1.0,AGG_BUY,,,,,,
1,720500,VEV_5000,1,2.0,269.0,267.5,3.0,0.8620689655172413,7205,-2.0,268.0,-2.0,268.0,5.0,271.5,4.0,271.0,-50.0,244.0,-1.0,268.5,268.5,-1.0,AGG_BUY,,,,,,
1,720700,VEV_5300,-1,6.0,53.0,54.0,2.0,-0.625,7207,-0.0,53.0,-0.0,53.0,-18.0,56.0,-6.0,54.0,54.0,44.0,6.0,52.0,52.0,6.0,AGG_SELL,,,,,,
1,721200,VELVETFRUIT_EXTRACT,1,4.0,5264.0,5265.5,5.0,-0.55,7212,-4.0,5263.0,-2.0,5263.5,38.0,5273.5,6.0,5265.5,-84.0,5243.0,6.0,5265.5,5265.5,6.0,PASS_BUY,,,,,,
1,724000,VELVETFRUIT_EXTRACT,-1,8.0,5269.0,5270.5,3.0,-0.7837837837837838,7240,20.0,5266.5,68.0,5260.5,-104.0,5282.0,48.0,5263.0,164.0,5248.5,28.0,5265.5,5265.5,28.0,AGG_SELL,,,,,,
1,724900,VELVETFRUIT_EXTRACT,1,10.0,5266.0,5265.0,2.0,0.375,7249,-40.0,5262.0,0.0,5266.0,155.0,5281.5,-35.0,5262.5,-155.0,5250.5,-5.0,5265.5,5265.5,-5.0,AGG_BUY,,,,,,
1,724900,VEV_5300,-1,19.0,53.0,54.0,2.0,0.0,7249,19.0,52.0,-19.0,54.0,-142.5,60.5,19.0,52.0,133.0,46.0,19.0,52.0,52.0,19.0,AGG_SELL,,,,,,
1,725000,VEV_4000,1,4.0,1266.0,1261.0,10.0,0.5789473684210527,7250,-18.0,1261.5,2.0,1266.5,66.0,1282.5,-12.0,1263.0,-62.0,1250.5,-2.0,1265.5,1265.5,-2.0,AGG_BUY,,,,,,
1,725000,VEV_4500,1,4.0,766.0,762.0,8.0,0.38461538461538464,7250,-20.0,761.0,2.0,766.5,66.0,782.5,-12.0,763.0,-64.0,750.0,-2.0,765.5,765.5,-2.0,AGG_BUY,,,,,,
1,725000,VEV_5200,1,4.0,104.0,103.5,1.0,0.7575757575757576,7250,-10.0,101.5,4.0,105.0,46.0,115.5,-6.0,102.5,-42.0,93.5,-6.0,102.5,102.5,-6.0,AGG_BUY,,,,,,
1,725000,VEV_5300,-1,20.0,53.0,54.0,2.0,-0.08695652173913043,7250,20.0,52.0,-20.0,54.0,-160.0,61.0,20.0,52.0,140.0,46.0,20.0,52.0,52.0,20.0,AGG_SELL,,,,,,
1,725300,VEV_5300,-1,20.0,53.0,54.0,2.0,0.0,7253,20.0,52.0,-20.0,54.0,-120.0,59.0,40.0,51.0,140.0,46.0,20.0,52.0,52.0,20.0,AGG_SELL,,,,,,
1,726000,VEV_5300,-1,5.0,51.0,52.0,2.0,-0.6296296296296297,7260,-0.0,51.0,-25.0,56.0,-40.0,59.0,-5.0,52.0,25.0,46.0,-5.0,52.0,52.0,-5.0,AGG_SELL,,,,,,
1,726800,VELVETFRUIT_EXTRACT,1,6.0,5258.0,5257.0,2.0,0.5,7268,3.0,5258.5,129.0,5279.5,105.0,5275.5,57.0,5267.5,-69.0,5246.5,45.0,5265.5,5265.5,45.0,AGG_BUY,,,,,,
1,728300,VELVETFRUIT_EXTRACT,-1,5.0,5260.0,5258.5,5.0,0.0,7283,-5.0,5261.0,-102.5,5280.5,-57.5,5271.5,-40.0,5268.0,115.0,5237.0,-27.5,5265.5,5265.5,-27.5,PASS_SELL,,,,,,
1,730600,VEV_5300,-1,9.0,54.0,55.0,2.0,-0.4857142857142857,7306,-45.0,59.0,-45.0,59.0,18.0,52.0,40.5,49.5,99.0,43.0,18.0,52.0,52.0,18.0,AGG_SELL,,,,,,
1,731200,VELVETFRUIT_EXTRACT,-1,4.0,5275.0,5273.5,5.0,-0.5362318840579711,7312,-22.0,5280.5,2.0,5274.5,46.0,5263.5,62.0,5259.5,136.0,5241.0,38.0,5265.5,5265.5,38.0,PASS_SELL,,,,,,
1,731200,VEV_5300,-1,8.0,56.0,57.0,2.0,-0.4838709677419355,7312,-32.0,60.0,-16.0,58.0,28.0,52.5,40.0,51.0,104.0,43.0,32.0,52.0,52.0,32.0,AGG_SELL,,,,,,
1,731600,VELVETFRUIT_EXTRACT,-1,56.0,5275.0,5278.0,6.0,0.0,7316,-224.0,5279.0,-28.0,5275.5,532.0,5265.5,1120.0,5255.0,1820.0,5242.5,532.0,5265.5,5265.5,532.0,AGG_SELL,,,,,,
1,731700,VELVETFRUIT_EXTRACT,-1,23.0,5277.0,5279.5,5.0,-0.4177215189873418,7317,-57.5,5279.5,-0.0,5277.0,264.5,5265.5,471.5,5256.5,816.5,5241.5,264.5,5265.5,5265.5,264.5,AGG_SELL,,,,,,
1,731800,VELVETFRUIT_EXTRACT,-1,25.0,5277.0,5279.5,5.0,0.0,7318,-50.0,5279.0,37.5,5275.5,300.0,5265.0,462.5,5258.5,900.0,5241.0,287.5,5265.5,5265.5,287.5,AGG_SELL,,,,,,
1,731900,VELVETFRUIT_EXTRACT,-1,19.0,5278.0,5280.5,5.0,-0.5529411764705883,7319,19.0,5277.0,66.5,5274.5,237.5,5265.5,361.0,5259.0,693.5,5241.5,237.5,5265.5,5265.5,237.5,AGG_SELL,,,,,,
1,731900,VEV_5300,-1,20.0,59.0,60.0,2.0,0.0,7319,10.0,58.5,30.0,57.5,130.0,52.5,180.0,50.0,320.0,43.0,140.0,52.0,52.0,140.0,AGG_SELL,,,,,,
1,732000,VEV_5300,-1,17.0,59.0,60.0,2.0,0.0,7320,-0.0,59.0,34.0,57.0,102.0,53.0,153.0,50.0,272.0,43.0,119.0,52.0,52.0,119.0,AGG_SELL,,,,,,
1,732200,VEV_5300,-1,9.0,59.0,60.0,2.0,-0.5135135135135135,7322,-9.0,60.0,18.0,57.0,54.0,53.0,76.5,50.5,144.0,43.0,63.0,52.0,52.0,63.0,AGG_SELL,,,,,,
1,732400,VELVETFRUIT_EXTRACT,-1,10.0,5281.0,5282.5,3.0,-0.23076923076923078,7324,5.0,5280.5,65.0,5274.5,170.0,5264.0,215.0,5259.5,395.0,5241.5,155.0,5265.5,5265.5,155.0,AGG_SELL,,,,,,
1,732600,VEV_5300,-1,19.0,59.0,60.0,2.0,0.0,7326,-19.0,60.0,38.0,57.0,114.0,53.0,171.0,50.0,304.0,43.0,133.0,52.0,52.0,133.0,AGG_SELL,,,,,,
1,733000,VEV_5300,-1,18.0,58.0,59.0,2.0,0.0,7330,-45.0,60.5,36.0,56.0,81.0,53.5,162.0,49.0,270.0,43.0,108.0,52.0,52.0,108.0,AGG_SELL,,,,,,
1,733200,VEV_5300,-1,6.0,59.0,60.0,2.0,-0.5714285714285714,7332,-12.0,61.0,18.0,56.0,33.0,53.5,54.0,50.0,90.0,44.0,42.0,52.0,52.0,42.0,AGG_SELL,,,,,,
1,733400,VEV_5300,-1,6.0,59.0,60.0,2.0,-0.5555555555555556,7334,-9.0,60.5,21.0,55.5,27.0,54.5,48.0,51.0,90.0,44.0,42.0,52.0,52.0,42.0,AGG_SELL,,,,,,
1,733700,VEV_5300,-1,10.0,59.0,60.0,2.0,-0.4444444444444444,7337,-10.0,60.0,35.0,55.5,45.0,54.5,85.0,50.5,140.0,45.0,70.0,52.0,52.0,70.0,AGG_SELL,,,,,,
1,734200,VEV_5300,-1,6.0,60.0,61.0,2.0,-0.45454545454545453,7342,3.0,59.5,27.0,55.5,18.0,57.0,54.0,51.0,93.0,44.5,48.0,52.0,52.0,48.0,AGG_SELL,,,,,,
1,735100,VEV_4000,1,4.0,1281.0,1276.0,10.0,0.5,7351,-12.0,1278.0,-74.0,1262.5,-12.0,1278.0,-102.0,1255.5,-134.0,1247.5,-62.0,1265.5,1265.5,-62.0,AGG_BUY,,,,,,
1,735100,VEV_4500,1,4.0,781.0,777.0,8.0,0.2,7351,-12.0,778.0,-76.0,762.0,-12.0,778.0,-104.0,755.0,-136.0,747.0,-62.0,765.5,765.5,-62.0,AGG_BUY,,,,,,
1,735100,VEV_5000,1,4.0,284.0,282.5,3.0,0.2,7351,-12.0,281.0,-72.0,266.0,-12.0,281.0,-100.0,259.0,-132.0,251.0,-62.0,268.5,268.5,-62.0,AGG_BUY,,,,,,
1,735100,VEV_5200,1,4.0,115.0,114.0,2.0,0.7575757575757576,7351,-10.0,112.5,-50.0,102.5,-10.0,112.5,-70.0,97.5,-92.0,92.0,-50.0,102.5,102.5,-50.0,AGG_BUY,,,,,,
1,736200,VELVETFRUIT_EXTRACT,1,12.0,5275.0,5274.5,1.0,0.3333333333333333,7362,-18.0,5273.5,-138.0,5263.5,30.0,5277.5,-264.0,5253.0,-330.0,5247.5,-114.0,5265.5,5265.5,-114.0,AGG_BUY,,,,,,
1,736200,VEV_5300,-1,20.0,57.0,58.0,2.0,0.0,7362,-0.0,57.0,90.0,52.5,-30.0,58.5,180.0,48.0,240.0,45.0,100.0,52.0,52.0,100.0,AGG_SELL,,,,,,
1,737100,VEV_5300,-1,7.0,56.0,57.0,2.0,-0.5625,7371,-0.0,56.0,21.0,53.0,-14.0,58.0,42.0,50.0,63.0,47.0,28.0,52.0,52.0,28.0,AGG_SELL,,,,,,
1,737600,VELVETFRUIT_EXTRACT,1,15.0,5273.0,5272.0,2.0,0.25,7376,-37.5,5270.5,-120.0,5265.0,7.5,5273.5,-202.5,5259.5,-277.5,5254.5,-112.5,5265.5,5265.5,-112.5,AGG_BUY,,,,,,
1,737600,VEV_5300,-1,7.0,56.0,57.0,2.0,-0.44,7376,3.5,55.5,21.0,53.0,-0.0,56.0,42.0,50.0,56.0,48.0,28.0,52.0,52.0,28.0,AGG_SELL,,,,,,
1,739900,VELVETFRUIT_EXTRACT,1,23.0,5266.0,5263.5,5.0,0.41025641025641024,7399,-92.0,5262.0,264.5,5277.5,161.0,5273.0,-11.5,5265.5,-264.5,5254.5,-11.5,5265.5,5265.5,-11.5,AGG_BUY,,,,,,
1,740800,VELVETFRUIT_EXTRACT,1,5.0,5262.0,5261.0,2.0,0.5454545454545454,7408,15.0,5265.0,72.5,5276.5,32.5,5268.5,7.5,5263.5,-37.5,5254.5,17.5,5265.5,5265.5,17.5,AGG_BUY,,,,,,
1,741900,VEV_4000,1,4.0,1265.0,1260.0,10.0,0.5789473684210527,7419,6.0,1266.5,40.0,1275.0,16.0,1269.0,-22.0,1259.5,-30.0,1257.5,2.0,1265.5,1265.5,2.0,AGG_BUY,,,,,,
1,741900,VEV_4500,1,4.0,765.0,761.5,7.0,0.2,7419,6.0,766.5,40.0,775.0,16.0,769.0,-22.0,759.5,-28.0,758.0,2.0,765.5,765.5,2.0,AGG_BUY,,,,,,
1,741900,VEV_5000,1,4.0,269.0,267.5,3.0,0.2,7419,2.0,269.5,36.0,278.0,14.0,272.5,-24.0,263.0,-32.0,261.0,-2.0,268.5,268.5,-2.0,AGG_BUY,,,,,,
1,741900,VEV_5200,1,4.0,104.0,103.5,1.0,0.68,7419,2.0,104.5,26.0,110.5,10.0,106.5,-14.0,100.5,-22.0,98.5,-6.0,102.5,102.5,-6.0,AGG_BUY,,,,,,
1,744300,VELVETFRUIT_EXTRACT,-1,22.0,5272.0,5274.5,5.0,-0.40540540540540543,7443,-165.0,5279.5,-44.0,5274.0,264.0,5260.0,385.0,5254.5,308.0,5258.0,143.0,5265.5,5265.5,143.0,AGG_SELL,,,,,,
1,744500,VELVETFRUIT_EXTRACT,-1,9.0,5274.0,5275.5,3.0,-0.28,7445,-31.5,5277.5,4.5,5273.5,112.5,5261.5,184.5,5253.5,139.5,5258.5,76.5,5265.5,5265.5,76.5,AGG_SELL,,,,,,
1,744600,VELVETFRUIT_EXTRACT,-1,14.0,5276.0,5277.0,2.0,-0.17647058823529413,7446,-7.0,5276.5,21.0,5274.5,210.0,5261.0,308.0,5254.0,259.0,5257.5,147.0,5265.5,5265.5,147.0,AGG_SELL,,,,,,
1,745100,VEV_5300,-1,20.0,58.0,59.0,2.0,0.0,7451,10.0,57.5,40.0,56.0,120.0,52.0,220.0,47.0,180.0,49.0,120.0,52.0,52.0,120.0,AGG_SELL,,,,,,
1,746300,VEV_4000,1,4.0,1276.0,1271.0,10.0,0.42857142857142855,7463,-2.0,1275.5,-36.0,1267.0,-42.0,1265.5,-90.0,1253.5,-54.0,1262.5,-42.0,1265.5,1265.5,-42.0,AGG_BUY,,,,,,
1,746300,VEV_4500,1,4.0,776.0,772.5,7.0,0.2727272727272727,7463,-2.0,775.5,-36.0,767.0,-42.0,765.5,-92.0,753.0,-56.0,762.0,-42.0,765.5,765.5,-42.0,AGG_BUY,,,,,,
1,746300,VEV_5000,1,4.0,279.0,277.5,3.0,0.7575757575757576,7463,-2.0,278.5,-34.0,270.5,-40.0,269.0,-88.0,257.0,-54.0,265.5,-42.0,268.5,268.5,-42.0,AGG_BUY,,,,,,
1,746300,VEV_5200,1,4.0,111.0,110.5,1.0,0.7575757575757576,7463,-2.0,110.5,-22.0,105.5,-26.0,104.5,-62.0,95.5,-38.0,101.5,-34.0,102.5,102.5,-34.0,AGG_BUY,,,,,,
1,746600,VEV_5300,-1,6.0,58.0,59.0,2.0,-0.625,7466,12.0,56.0,24.0,54.0,30.0,53.0,63.0,47.5,42.0,51.0,36.0,52.0,52.0,36.0,AGG_SELL,,,,,,
1,747100,VELVETFRUIT_EXTRACT,1,5.0,5276.0,5275.0,2.0,0.6428571428571429,7471,-25.0,5271.0,-22.5,5271.5,-37.5,5268.5,-107.5,5254.5,-72.5,5261.5,-52.5,5265.5,5265.5,-52.5,AGG_BUY,,,,,,
1,749700,VELVETFRUIT_EXTRACT,-1,5.0,5276.0,5274.5,5.0,-0.5,7497,37.5,5268.5,70.0,5262.0,-0.0,5276.0,122.5,5251.5,50.0,5266.0,52.5,5265.5,5265.5,52.5,PASS_SELL,,,,,,
1,750900,VEV_5300,-1,6.0,54.0,55.0,2.0,-0.625,7509,-6.0,55.0,9.0,52.5,-18.0,57.0,48.0,46.0,18.0,51.0,12.0,52.0,52.0,12.0,AGG_SELL,,,,,,
1,752000,VELVETFRUIT_EXTRACT,-1,7.0,5269.0,5270.5,3.0,-0.7971014492753623,7520,24.5,5265.5,14.0,5267.0,-24.5,5272.5,171.5,5244.5,7.0,5268.0,24.5,5265.5,5265.5,24.5,AGG_SELL,,,,,,
1,752400,VEV_5300,-1,5.0,55.0,55.5,1.0,-0.6428571428571429,7524,12.5,52.5,-0.0,55.0,-5.0,56.0,55.0,44.0,12.5,52.5,15.0,52.0,52.0,15.0,AGG_SELL,,,,,,
1,752500,VELVETFRUIT_EXTRACT,-1,3.0,5271.0,5269.5,5.0,0.0,7525,19.5,5264.5,4.5,5269.5,-1.5,5271.5,88.5,5241.5,16.5,5265.5,16.5,5265.5,5265.5,16.5,PASS_SELL,,,,,,
1,752600,VEV_5300,-1,6.0,54.0,55.0,2.0,-0.5714285714285714,7526,12.0,52.0,-6.0,55.0,-15.0,56.5,66.0,43.0,9.0,52.5,12.0,52.0,52.0,12.0,AGG_SELL,,,,,,
1,753800,VELVETFRUIT_EXTRACT,1,21.0,5263.0,5260.5,5.0,0.4878048780487805,7538,-10.5,5262.5,252.0,5275.0,94.5,5267.5,-451.5,5241.5,178.5,5271.5,52.5,5265.5,5265.5,52.5,AGG_BUY,,,,,,
1,754200,VEV_4000,1,3.0,1260.0,1255.0,10.0,0.5,7542,4.5,1261.5,43.5,1274.5,24.0,1268.0,-63.0,1239.0,43.5,1274.5,16.5,1265.5,1265.5,16.5,AGG_BUY,,,,,,
1,754200,VEV_4500,1,3.0,760.0,756.0,8.0,0.4,7542,3.0,761.0,43.5,774.5,24.0,768.0,-63.0,739.0,43.5,774.5,16.5,765.5,765.5,16.5,AGG_BUY,,,,,,
1,755100,VEV_5300,-1,20.0,51.0,52.0,2.0,0.0,7551,-40.0,53.0,-140.0,58.0,-60.0,54.0,180.0,42.0,-100.0,56.0,-20.0,52.0,52.0,-20.0,AGG_SELL,,,,,,
1,755200,VELVETFRUIT_EXTRACT,-1,5.0,5261.0,5262.5,3.0,-0.8571428571428571,7552,-22.5,5265.5,-67.5,5274.5,-27.5,5266.5,102.5,5240.5,-72.5,5275.5,-22.5,5265.5,5265.5,-22.5,AGG_SELL,,,,,,
1,755800,VELVETFRUIT_EXTRACT,1,4.0,5261.0,5262.5,5.0,0.0,7558,18.0,5265.5,50.0,5273.5,38.0,5270.5,-66.0,5244.5,48.0,5273.0,18.0,5265.5,5265.5,18.0,PASS_BUY,,,,,,
1,756200,VELVETFRUIT_EXTRACT,-1,10.0,5264.0,5265.5,3.0,-0.375,7562,-50.0,5269.0,-85.0,5272.5,-75.0,5271.5,165.0,5247.5,-85.0,5272.5,-15.0,5265.5,5265.5,-15.0,AGG_SELL,,,,,,
1,756700,VEV_5300,-1,20.0,52.0,53.0,2.0,0.0,7567,-60.0,55.0,-100.0,57.0,-80.0,56.0,140.0,45.0,-60.0,55.0,-0.0,52.0,52.0,-0.0,AGG_SELL,,,,,,
1,757800,VEV_5300,-1,20.0,54.0,55.0,2.0,0.0,7578,-70.0,57.5,-40.0,56.0,-60.0,57.0,160.0,46.0,60.0,51.0,40.0,52.0,52.0,40.0,AGG_SELL,,,,,,
1,758000,VEV_5300,-1,20.0,55.0,56.0,2.0,0.0,7580,-40.0,57.0,-20.0,56.0,-40.0,57.0,180.0,46.0,80.0,51.0,60.0,52.0,52.0,60.0,AGG_SELL,,,,,,
1,758100,VELVETFRUIT_EXTRACT,-1,15.0,5271.0,5273.5,5.0,-0.6052631578947368,7581,-67.5,5275.5,7.5,5270.5,-52.5,5274.5,322.5,5249.5,112.5,5263.5,82.5,5265.5,5265.5,82.5,AGG_SELL,,,,,,
1,758100,VEV_5300,-1,9.0,56.0,57.0,2.0,-0.3793103448275862,7581,-18.0,58.0,4.5,55.5,-13.5,57.5,90.0,46.0,45.0,51.0,36.0,52.0,52.0,36.0,AGG_SELL,,,,,,
1,758500,VELVETFRUIT_EXTRACT,-1,16.0,5273.0,5275.5,5.0,0.0,7585,-72.0,5277.5,40.0,5270.5,16.0,5272.0,344.0,5251.5,152.0,5263.5,120.0,5265.5,5265.5,120.0,AGG_SELL,,,,,,
1,758700,VEV_5300,-1,20.0,57.0,58.0,2.0,0.4666666666666667,7587,-20.0,58.0,40.0,55.0,20.0,56.0,200.0,47.0,100.0,52.0,100.0,52.0,52.0,100.0,AGG_SELL,,,,,,
1,760000,VEV_4000,1,2.0,1276.0,1271.0,10.0,0.7333333333333333,7600,-7.0,1272.5,-16.0,1268.0,-18.0,1267.0,-67.0,1242.5,-27.0,1262.5,-21.0,1265.5,1265.5,-21.0,AGG_BUY,,,,,,
1,760000,VEV_4500,1,2.0,776.0,772.0,8.0,0.5555555555555556,7600,-8.0,772.0,-16.0,768.0,-18.0,767.0,-66.0,743.0,-27.0,762.5,-21.0,765.5,765.5,-21.0,AGG_BUY,,,,,,
1,760000,VEV_5200,1,2.0,111.0,110.5,1.0,0.8260869565217391,7600,-5.0,108.5,-11.0,105.5,-11.0,105.5,-43.0,89.5,-19.0,101.5,-17.0,102.5,102.5,-17.0,AGG_BUY,,,,,,
1,761800,VELVETFRUIT_EXTRACT,-1,7.0,5273.0,5274.5,3.0,-0.8205128205128205,7618,10.5,5271.5,3.5,5272.5,80.5,5261.5,248.5,5237.5,101.5,5258.5,52.5,5265.5,5265.5,52.5,AGG_SELL,,,,,,
1,762400,VELVETFRUIT_EXTRACT,1,3.0,5269.0,5271.0,6.0,0.0,7624,4.5,5270.5,15.0,5274.0,-22.5,5261.5,-100.5,5235.5,-39.0,5256.0,-10.5,5265.5,5265.5,-10.5,PASS_BUY,,,,,,
1,762500,VEV_5300,-1,20.0,55.0,56.0,2.0,0.0,7625,-10.0,55.5,-40.0,57.0,60.0,52.0,280.0,41.0,140.0,48.0,60.0,52.0,52.0,60.0,AGG_SELL,,,,,,
1,764300,VEV_5300,-1,20.0,54.0,55.0,2.0,0.0,7643,-0.0,54.0,-40.0,56.0,50.0,51.5,300.0,39.0,140.0,47.0,40.0,52.0,52.0,40.0,AGG_SELL,,,,,,
1,765000,VELVETFRUIT_EXTRACT,1,8.0,5267.0,5266.0,2.0,0.7192982456140351,7650,44.0,5272.5,4.0,5267.5,-32.0,5263.0,-316.0,5227.5,-92.0,5255.5,-12.0,5265.5,5265.5,-12.0,AGG_BUY,,,,,,
1,765100,VELVETFRUIT_EXTRACT,1,4.0,5266.0,5267.5,5.0,0.0,7651,22.0,5271.5,10.0,5268.5,-16.0,5262.0,-154.0,5227.5,-50.0,5253.5,-2.0,5265.5,5265.5,-2.0,PASS_BUY,,,,,,
1,765400,VEV_5300,-1,20.0,54.0,55.0,2.0,0.0,7654,-40.0,56.0,-10.0,54.5,50.0,51.5,300.0,39.0,150.0,46.5,40.0,52.0,52.0,40.0,AGG_SELL,,,,,,
1,765600,VEV_5300,-1,20.0,54.0,55.0,2.0,0.0,7656,-20.0,55.0,-0.0,54.0,60.0,51.0,280.0,40.0,140.0,47.0,40.0,52.0,52.0,40.0,AGG_SELL,,,,,,
1,766200,VEV_5300,-1,8.0,55.0,56.0,2.0,-0.5294117647058824,7662,-16.0,57.0,16.0,53.0,20.0,52.5,128.0,39.0,60.0,47.5,24.0,52.0,52.0,24.0,AGG_SELL,,,,,,
1,766600,VEV_5300,-1,20.0,54.0,55.0,2.0,0.0,7666,-80.0,58.0,40.0,52.0,-0.0,54.0,280.0,40.0,140.0,47.0,40.0,52.0,52.0,40.0,AGG_SELL,,,,,,
1,767200,VELVETFRUIT_EXTRACT,-1,3.0,5275.0,5273.5,5.0,0.39759036144578314,7672,-1.5,5275.5,34.5,5263.5,31.5,5264.5,124.5,5233.5,78.0,5249.0,28.5,5265.5,5265.5,28.5,PASS_SELL,,,,,,
1,767600,VEV_5300,-1,9.0,57.0,58.0,2.0,-0.35714285714285715,7676,9.0,56.0,45.0,52.0,27.0,54.0,153.0,40.0,108.0,45.0,45.0,52.0,52.0,45.0,AGG_SELL,,,,,,
1,768700,VELVETFRUIT_EXTRACT,1,5.0,5271.0,5272.5,5.0,-0.5789473684210527,7687,-7.5,5269.5,-52.5,5260.5,-12.5,5268.5,-192.5,5232.5,-112.5,5248.5,-27.5,5265.5,5265.5,-27.5,PASS_BUY,,,,,,
1,768900,VEV_5300,-1,6.0,56.0,57.0,2.0,-0.52,7689,12.0,54.0,30.0,51.0,6.0,55.0,96.0,40.0,72.0,44.0,24.0,52.0,52.0,24.0,AGG_SELL,,,,,,
1,769600,VEV_5300,-1,13.0,55.0,56.0,2.0,0.0,7696,13.0,54.0,52.0,51.0,39.0,52.0,182.0,41.0,156.0,43.0,39.0,52.0,52.0,39.0,AGG_SELL,,,,,,
1,770900,VELVETFRUIT_EXTRACT,-1,9.0,5268.0,5269.5,3.0,-0.25,7709,67.5,5260.5,49.5,5262.5,85.5,5258.5,247.5,5240.5,211.5,5244.5,22.5,5265.5,5265.5,22.5,AGG_SELL,,,,,,
1,772500,VELVETFRUIT_EXTRACT,1,7.0,5261.0,5262.5,5.0,0.43209876543209874,7725,-10.5,5259.5,38.5,5266.5,-17.5,5258.5,-140.0,5241.0,-122.5,5243.5,31.5,5265.5,5265.5,31.5,PASS_BUY,,,,,,
1,772600,VELVETFRUIT_EXTRACT,-1,8.0,5264.0,5262.5,5.0,0.0,7726,28.0,5260.5,-28.0,5267.5,36.0,5259.5,172.0,5242.5,164.0,5243.5,-12.0,5265.5,5265.5,-12.0,PASS_SELL,,,,,,
1,773800,VELVETFRUIT_EXTRACT,-1,10.0,5260.0,5261.5,3.0,-0.2857142857142857,7738,-25.0,5262.5,-85.0,5268.5,-15.0,5261.5,115.0,5248.5,185.0,5241.5,-55.0,5265.5,5265.5,-55.0,AGG_SELL,,,,,,
1,775000,VELVETFRUIT_EXTRACT,-1,4.0,5265.0,5263.0,6.0,0.0,7750,6.0,5263.5,24.0,5259.0,38.0,5255.5,58.0,5250.5,94.0,5241.5,-2.0,5265.5,5265.5,-2.0,PASS_SELL,,,,,,
1,777000,VELVETFRUIT_EXTRACT,-1,6.0,5269.0,5267.0,6.0,0.0,7770,9.0,5267.5,60.0,5259.0,63.0,5258.5,147.0,5244.5,189.0,5237.5,21.0,5265.5,5265.5,21.0,PASS_SELL,,,,,,
1,779800,VELVETFRUIT_EXTRACT,1,10.0,5260.0,5259.0,2.0,0.375,7798,-25.0,5257.5,-40.0,5256.0,45.0,5264.5,-205.0,5239.5,-205.0,5239.5,55.0,5265.5,5265.5,55.0,AGG_BUY,,,,,,
1,779800,VEV_4500,1,10.0,768.0,760.0,16.0,0.0,7798,-100.0,758.0,-120.0,756.0,-35.0,764.5,-290.0,739.0,-280.0,740.0,-25.0,765.5,765.5,-25.0,AGG_BUY,,,,,,
1,781600,VELVETFRUIT_EXTRACT,1,9.0,5256.0,5255.0,2.0,0.75,7816,31.5,5259.5,-4.5,5255.5,31.5,5259.5,-121.5,5242.5,-112.5,5243.5,85.5,5265.5,5265.5,85.5,AGG_BUY,,,,,,
1,785800,VEV_4000,1,3.0,1254.0,1249.0,10.0,0.625,7858,15.0,1259.0,28.5,1263.5,1.5,1254.5,-19.5,1247.5,-4.5,1252.5,34.5,1265.5,1265.5,34.5,AGG_BUY,,,,,,
1,785800,VEV_4500,1,3.0,754.0,750.5,7.0,0.3333333333333333,7858,15.0,759.0,27.0,763.0,1.5,754.5,-21.0,747.0,-3.0,753.0,34.5,765.5,765.5,34.5,AGG_BUY,,,,,,
1,785800,VEV_5000,1,3.0,258.0,256.5,3.0,0.8,7858,15.0,263.0,27.0,267.0,0.0,258.0,-21.0,251.0,-3.0,257.0,31.5,268.5,268.5,31.5,AGG_BUY,,,,,,
1,785800,VEV_5200,1,3.0,97.0,96.5,1.0,0.3333333333333333,7858,7.5,99.5,16.5,102.5,-1.5,96.5,-15.0,92.0,-6.0,95.0,16.5,102.5,102.5,16.5,AGG_BUY,,,,,,
1,786100,VELVETFRUIT_EXTRACT,1,13.0,5252.0,5251.5,1.0,0.10344827586206896,7861,84.5,5258.5,136.5,5262.5,19.5,5253.5,-58.5,5247.5,52.0,5256.0,175.5,5265.5,5265.5,175.5,AGG_BUY,,,,,,
1,786900,VELVETFRUIT_EXTRACT,-1,23.0,5258.0,5260.5,5.0,0.0,7869,-11.5,5258.5,-34.5,5259.5,126.5,5252.5,195.5,5249.5,46.0,5256.0,-172.5,5265.5,5265.5,-172.5,AGG_SELL,,,,,,
1,787600,VELVETFRUIT_EXTRACT,-1,10.0,5258.0,5259.5,3.0,-0.3333333333333333,7876,-35.0,5261.5,5.0,5257.5,25.0,5255.5,35.0,5254.5,35.0,5254.5,-75.0,5265.5,5265.5,-75.0,AGG_SELL,,,,,,
1,787800,VELVETFRUIT_EXTRACT,-1,4.0,5260.0,5258.5,5.0,0.0,7878,-2.0,5260.5,14.0,5256.5,14.0,5256.5,26.0,5253.5,26.0,5253.5,-22.0,5265.5,5265.5,-22.0,PASS_SELL,,,,,,
1,790500,VELVETFRUIT_EXTRACT,1,7.0,5263.0,5262.0,2.0,0.36363636363636365,7905,-24.5,5259.5,-56.0,5255.0,-105.0,5248.0,-52.5,5255.5,-122.5,5245.5,17.5,5265.5,5265.5,17.5,AGG_BUY,,,,,,
1,791000,VELVETFRUIT_EXTRACT,1,8.0,5261.0,5260.0,2.0,0.7647058823529411,7910,-4.0,5260.5,-56.0,5254.0,-100.0,5248.5,-60.0,5253.5,-108.0,5247.5,36.0,5265.5,5265.5,36.0,AGG_BUY,,,,,,
1,791700,VELVETFRUIT_EXTRACT,1,7.0,5258.0,5257.0,2.0,0.4166666666666667,7917,-10.5,5256.5,-31.5,5253.5,-66.5,5248.5,0.0,5258.0,-45.5,5251.5,52.5,5265.5,5265.5,52.5,AGG_BUY,,,,,,
1,794800,VELVETFRUIT_EXTRACT,-1,8.0,5255.0,5256.5,3.0,-0.7837837837837838,7948,4.0,5254.5,44.0,5249.5,116.0,5240.5,-20.0,5257.5,24.0,5252.0,-84.0,5265.5,5265.5,-84.0,AGG_SELL,,,,,,
1,794800,VELVETFRUIT_EXTRACT,-1,8.0,5257.0,5256.5,3.0,-0.7837837837837838,7948,20.0,5254.5,60.0,5249.5,132.0,5240.5,-4.0,5257.5,40.0,5252.0,-68.0,5265.5,5265.5,-68.0,PASS_SELL,,,,,,
1,794900,VELVETFRUIT_EXTRACT,1,6.0,5252.0,5253.5,5.0,-0.4791666666666667,7949,15.0,5254.5,-3.0,5251.5,-72.0,5240.0,39.0,5258.5,3.0,5252.5,81.0,5265.5,5265.5,81.0,PASS_BUY,,,,,,
1,798100,VEV_4000,1,4.0,1255.0,1250.0,10.0,0.2727272727272727,7981,-6.0,1253.5,-66.0,1238.5,-22.0,1249.5,24.0,1261.0,-26.0,1248.5,42.0,1265.5,1265.5,42.0,AGG_BUY,,,,,,
1,798100,VEV_4500,1,4.0,755.0,751.0,8.0,0.2,7981,-8.0,753.0,-68.0,738.0,-24.0,749.0,24.0,761.0,-28.0,748.0,42.0,765.5,765.5,42.0,AGG_BUY,,,,,,
1,798600,VELVETFRUIT_EXTRACT,-1,6.0,5255.0,5256.5,3.0,-0.5714285714285714,7986,9.0,5253.5,81.0,5241.5,27.0,5250.5,-51.0,5263.5,45.0,5247.5,-63.0,5265.5,5265.5,-63.0,AGG_SELL,,,,,,
1,798800,VELVETFRUIT_EXTRACT,1,12.0,5252.0,5251.0,2.0,0.6923076923076923,7988,-30.0,5249.5,-126.0,5241.5,-18.0,5250.5,126.0,5262.5,-54.0,5247.5,162.0,5265.5,5265.5,162.0,AGG_BUY,,,,,,
1,799900,VELVETFRUIT_EXTRACT,1,8.0,5250.0,5251.5,5.0,0.0,7999,-4.0,5249.5,-80.0,5240.0,-44.0,5244.5,116.0,5264.5,-4.0,5249.5,124.0,5265.5,5265.5,124.0,PASS_BUY,,,,,,
1,800400,VEV_4000,1,3.0,1249.0,1244.0,10.0,0.6470588235294118,8004,1.5,1249.5,-22.5,1241.5,-22.5,1241.5,37.5,1261.5,4.5,1250.5,49.5,1265.5,1265.5,49.5,AGG_BUY,,,,,,
1,800400,VEV_4500,1,3.0,749.0,745.0,8.0,0.5714285714285714,8004,0.0,749.0,-24.0,741.0,-21.0,742.0,37.5,761.5,6.0,751.0,49.5,765.5,765.5,49.5,AGG_BUY,,,,,,
1,801100,VELVETFRUIT_EXTRACT,1,13.0,5247.0,5246.0,2.0,0.6867469879518072,8011,-19.5,5245.5,-6.5,5246.5,-136.5,5236.5,188.5,5261.5,52.0,5251.0,240.5,5265.5,5265.5,240.5,AGG_BUY,,,,,,
1,801300,VELVETFRUIT_EXTRACT,-1,5.0,5248.0,5249.5,3.0,-0.5,8013,17.5,5244.5,-2.5,5248.5,62.5,5235.5,-60.0,5260.0,-22.5,5252.5,-87.5,5265.5,5265.5,-87.5,AGG_SELL,,,,,,
1,801800,VEV_4000,1,2.0,1247.0,1242.0,10.0,0.6923076923076923,8018,-13.0,1240.5,3.0,1248.5,-21.0,1236.5,35.0,1264.5,15.0,1254.5,37.0,1265.5,1265.5,37.0,AGG_BUY,,,,,,
1,801800,VEV_4500,1,2.0,747.0,743.5,7.0,0.6,8018,-12.0,741.0,4.0,749.0,-21.0,736.5,35.0,764.5,14.0,754.0,37.0,765.5,765.5,37.0,AGG_BUY,,,,,,
1,801800,VEV_5000,1,2.0,252.0,250.5,3.0,0.6,8018,-12.0,246.0,2.0,253.0,-21.0,241.5,32.0,268.0,12.0,258.0,33.0,268.5,268.5,33.0,AGG_BUY,,,,,,
1,801800,VEV_5200,1,2.0,92.0,91.5,1.0,0.8620689655172413,8018,-7.0,88.5,1.0,92.5,-13.0,85.5,23.0,103.5,9.0,96.5,21.0,102.5,102.5,21.0,AGG_BUY,,,,,,
1,802000,VELVETFRUIT_EXTRACT,1,8.0,5246.0,5244.5,3.0,0.7090909090909091,8020,-60.0,5238.5,24.0,5249.0,-76.0,5236.5,176.0,5268.0,76.0,5255.5,156.0,5265.5,5265.5,156.0,AGG_BUY,,,,,,
1,802500,VELVETFRUIT_EXTRACT,1,17.0,5244.0,5241.5,5.0,0.0,8025,-42.5,5241.5,93.5,5249.5,-178.5,5233.5,365.5,5265.5,221.0,5257.0,365.5,5265.5,5265.5,365.5,AGG_BUY,,,,,,
1,802500,VEV_4500,1,3.0,749.0,741.5,15.0,0.0,8025,-22.5,741.5,3.0,750.0,-40.5,735.5,49.5,765.5,24.0,757.0,49.5,765.5,765.5,49.5,AGG_BUY,,,,,,
1,802600,VELVETFRUIT_EXTRACT,1,15.0,5243.0,5240.5,5.0,0.5384615384615384,8026,-22.5,5241.5,97.5,5249.5,-120.0,5235.0,352.5,5266.5,202.5,5256.5,337.5,5265.5,5265.5,337.5,AGG_BUY,,,,,,
1,802700,VELVETFRUIT_EXTRACT,1,65.0,5242.0,5239.5,5.0,-0.5476190476190477,8027,-32.5,5241.5,487.5,5249.5,-487.5,5234.5,1560.0,5266.0,910.0,5256.0,1527.5,5265.5,5265.5,1527.5,AGG_BUY,,,,,,
1,802900,VELVETFRUIT_EXTRACT,1,23.0,5241.0,5238.5,5.0,0.5157894736842106,8029,11.5,5241.5,149.5,5247.5,-207.0,5232.0,575.0,5266.0,356.5,5256.5,563.5,5265.5,5265.5,563.5,AGG_BUY,,,,,,
1,803400,VELVETFRUIT_EXTRACT,1,5.0,5240.0,5239.0,2.0,0.863013698630137,8034,7.5,5241.5,55.0,5251.0,-55.0,5229.0,150.0,5270.0,107.5,5261.5,127.5,5265.5,5265.5,127.5,AGG_BUY,,,,,,
1,804000,VEV_5400,1,8.0,13.0,12.5,1.0,0.4838709677419355,8040,-4.0,12.5,8.0,14.0,-20.0,10.5,48.0,19.0,20.0,15.5,32.0,17.0,17.0,32.0,AGG_BUY,,,,,,
1,805300,HYDROGEL_PACK,1,4.0,9999.0,10006.0,16.0,0.0,8053,56.0,10013.0,36.0,10008.0,4.0,10000.0,184.0,10045.0,84.0,10020.0,64.0,10015.0,10015.0,64.0,PASS_BUY,,,,,,
1,805300,VEV_5400,1,20.0,13.0,12.5,1.0,0.0,8053,20.0,14.0,0.0,13.0,-50.0,10.5,130.0,19.5,50.0,15.5,80.0,17.0,17.0,80.0,AGG_BUY,,,,,,
1,805900,VELVETFRUIT_EXTRACT,-1,21.0,5245.0,5247.5,5.0,-0.5116279069767442,8059,-94.5,5249.5,115.5,5239.5,262.5,5232.5,-556.5,5271.5,-262.5,5257.5,-430.5,5265.5,5265.5,-430.5,AGG_SELL,,,,,,
1,807400,VELVETFRUIT_EXTRACT,-1,4.0,5252.0,5250.0,6.0,0.0,8074,4.0,5251.0,66.0,5235.5,70.0,5234.5,-62.0,5267.5,-10.0,5254.5,-54.0,5265.5,5265.5,-54.0,PASS_SELL,,,,,,
1,807800,VEV_4000,1,3.0,1249.0,1244.0,10.0,0.5714285714285714,8078,4.5,1250.5,-46.5,1233.5,-52.5,1231.5,43.5,1263.5,16.5,1254.5,49.5,1265.5,1265.5,49.5,AGG_BUY,,,,,,
1,807800,VEV_5200,1,3.0,93.0,92.5,1.0,0.4,8078,1.5,93.5,-28.5,83.5,-31.5,82.5,28.5,102.5,10.5,96.5,28.5,102.5,102.5,28.5,AGG_BUY,,,,,,
1,810400,VEV_5400,1,18.0,13.0,12.5,1.0,0.0,8104,-18.0,12.0,-45.0,10.5,-9.0,12.5,54.0,16.0,54.0,16.0,72.0,17.0,17.0,72.0,AGG_BUY,,,,,,
1,811000,VELVETFRUIT_EXTRACT,1,63.0,5240.0,5237.5,5.0,-0.5365853658536586,8110,-220.5,5236.5,-472.5,5232.5,94.5,5241.5,1228.5,5259.5,1417.5,5262.5,1606.5,5265.5,5265.5,1606.5,AGG_BUY,,,,,,
1,811100,VELVETFRUIT_EXTRACT,1,21.0,5239.0,5236.5,5.0,0.5333333333333333,8111,-52.5,5236.5,-157.5,5231.5,31.5,5240.5,409.5,5258.5,483.0,5262.0,556.5,5265.5,5265.5,556.5,AGG_BUY,,,,,,
1,811200,VEV_5400,1,20.0,12.0,11.5,1.0,0.0,8112,-10.0,11.5,-30.0,10.5,10.0,12.5,70.0,15.5,80.0,16.0,100.0,17.0,17.0,100.0,AGG_BUY,,,,,,
1,811800,VEV_5400,1,7.0,12.0,11.5,1.0,0.5333333333333333,8118,-3.5,11.5,-7.0,11.0,7.0,13.0,28.0,16.0,28.0,16.0,35.0,17.0,17.0,35.0,AGG_BUY,,,,,,
1,812000,VEV_5400,1,10.0,12.0,11.5,1.0,0.5,8120,-15.0,10.5,-5.0,11.5,5.0,12.5,35.0,15.5,45.0,16.5,50.0,17.0,17.0,50.0,AGG_BUY,,,,,,
1,812300,VEV_5400,1,20.0,12.0,11.5,1.0,0.0,8123,-20.0,11.0,-10.0,11.5,10.0,12.5,60.0,15.0,90.0,16.5,100.0,17.0,17.0,100.0,AGG_BUY,,,,,,
1,812400,VELVETFRUIT_EXTRACT,1,8.0,5234.0,5235.5,5.0,-0.5342465753424658,8124,-40.0,5229.0,4.0,5234.5,76.0,5243.5,176.0,5256.0,236.0,5263.5,252.0,5265.5,5265.5,252.0,PASS_BUY,,,,,,
1,812500,VELVETFRUIT_EXTRACT,1,15.0,5234.0,5233.5,1.0,0.0,8125,-37.5,5231.5,-7.5,5233.5,105.0,5241.0,315.0,5255.0,457.5,5264.5,472.5,5265.5,5265.5,472.5,AGG_BUY,,,,,,
1,812600,VEV_4000,1,4.0,1234.0,1229.5,9.0,0.5789473684210527,8126,-10.0,1231.5,-6.0,1232.5,34.0,1242.5,86.0,1255.5,118.0,1263.5,126.0,1265.5,1265.5,126.0,AGG_BUY,,,,,,
1,812600,VEV_5200,1,4.0,84.0,83.5,1.0,0.7419354838709677,8126,-6.0,82.5,-2.0,83.5,20.0,89.0,54.0,97.5,70.0,101.5,74.0,102.5,102.5,74.0,AGG_BUY,,,,,,
1,812700,VEV_5400,1,20.0,12.0,11.5,1.0,0.0,8127,-20.0,11.0,-10.0,11.5,20.0,13.0,60.0,15.0,80.0,16.0,100.0,17.0,17.0,100.0,AGG_BUY,,,,,,
1,812900,VELVETFRUIT_EXTRACT,1,7.0,5233.0,5232.0,2.0,0.8028169014084507,8129,-24.5,5229.5,-14.0,5231.0,87.5,5245.5,150.5,5254.5,206.5,5262.5,227.5,5265.5,5265.5,227.5,AGG_BUY,,,,,,
1,813000,VEV_4000,1,3.0,1231.0,1226.0,10.0,0.4,8130,-7.5,1228.5,0.0,1231.0,46.5,1246.5,73.5,1255.5,94.5,1262.5,103.5,1265.5,1265.5,103.5,AGG_BUY,,,,,,
1,813000,VEV_5000,1,3.0,236.0,235.0,2.0,0.3333333333333333,8130,-6.0,234.0,1.5,236.5,45.0,251.0,69.0,259.0,88.5,265.5,97.5,268.5,268.5,97.5,AGG_BUY,,,,,,
1,813000,VEV_5200,1,3.0,82.0,81.5,1.0,0.75,8130,-4.5,80.5,1.5,82.5,28.5,91.5,46.5,97.5,58.5,101.5,61.5,102.5,102.5,61.5,AGG_BUY,,,,,,
1,813000,VEV_5400,1,3.0,11.0,10.5,1.0,0.75,8130,-1.5,10.5,0.0,11.0,7.5,13.5,12.0,15.0,15.0,16.0,18.0,17.0,17.0,18.0,AGG_BUY,,,,,,
1,813200,HYDROGEL_PACK,1,4.0,9999.0,9995.0,8.0,0.5789473684210527,8132,-32.0,9991.0,32.0,10007.0,36.0,10008.0,184.0,10045.0,128.0,10031.0,64.0,10015.0,10015.0,64.0,AGG_BUY,,,,,,
1,813400,VELVETFRUIT_EXTRACT,1,6.0,5230.0,5229.0,2.0,0.8125,8134,-3.0,5229.5,15.0,5232.5,105.0,5247.5,153.0,5255.5,201.0,5263.5,213.0,5265.5,5265.5,213.0,AGG_BUY,,,,,,
1,813900,VEV_5400,1,20.0,11.0,10.5,1.0,0.0,8139,-10.0,10.5,0.0,11.0,60.0,14.0,80.0,15.0,110.0,16.5,120.0,17.0,17.0,120.0,AGG_BUY,,,,,,
1,814200,VEV_5400,1,20.0,11.0,10.5,1.0,0.0,8142,-10.0,10.5,0.0,11.0,50.0,13.5,80.0,15.0,110.0,16.5,120.0,17.0,17.0,120.0,AGG_BUY,,,,,,
1,814400,VEV_5400,1,19.0,11.0,10.5,1.0,0.0,8144,-9.5,10.5,0.0,11.0,57.0,14.0,76.0,15.0,104.5,16.5,114.0,17.0,17.0,114.0,AGG_BUY,,,,,,
1,814500,HYDROGEL_PACK,1,3.0,9990.0,9997.0,16.0,0.0,8145,33.0,10001.0,60.0,10010.0,81.0,10017.0,195.0,10055.0,123.0,10031.0,75.0,10015.0,10015.0,75.0,PASS_BUY,,,,,,
1,814500,VEV_5400,1,20.0,11.0,10.5,1.0,0.0,8145,-10.0,10.5,10.0,11.5,60.0,14.0,90.0,15.5,110.0,16.5,120.0,17.0,17.0,120.0,AGG_BUY,,,,,,
1,814600,VEV_5400,1,20.0,11.0,10.5,1.0,0.0,8146,10.0,11.5,10.0,11.5,60.0,14.0,80.0,15.0,110.0,16.5,120.0,17.0,17.0,120.0,AGG_BUY,,,,,,
1,814900,VEV_5400,1,20.0,11.0,10.5,1.0,0.0,8149,0.0,11.0,10.0,11.5,60.0,14.0,80.0,15.0,110.0,16.5,120.0,17.0,17.0,120.0,AGG_BUY,,,,,,
1,815000,VEV_5400,1,20.0,11.0,10.5,1.0,0.0,8150,10.0,11.5,10.0,11.5,60.0,14.0,80.0,15.0,110.0,16.5,120.0,17.0,17.0,120.0,AGG_BUY,,,,,,
1,815400,VEV_5400,1,20.0,11.0,10.5,1.0,0.0,8154,-10.0,10.5,30.0,12.5,60.0,14.0,80.0,15.0,110.0,16.5,120.0,17.0,17.0,120.0,AGG_BUY,,,,,,
1,815500,VEV_5400,1,20.0,11.0,10.5,1.0,0.0,8155,-10.0,10.5,30.0,12.5,60.0,14.0,80.0,15.0,110.0,16.5,120.0,17.0,17.0,120.0,AGG_BUY,,,,,,
1,816200,VEV_5400,1,20.0,11.0,10.5,1.0,0.0,8162,10.0,11.5,30.0,12.5,50.0,13.5,80.0,15.0,100.0,16.0,120.0,17.0,17.0,120.0,AGG_BUY,,,,,,
1,816300,VEV_5400,1,20.0,11.0,10.5,1.0,0.0,8163,10.0,11.5,30.0,12.5,50.0,13.5,70.0,14.5,100.0,16.0,120.0,17.0,17.0,120.0,AGG_BUY,,,,,,
1,816400,VEV_5400,1,18.0,11.0,10.5,1.0,0.0,8164,9.0,11.5,27.0,12.5,45.0,13.5,72.0,15.0,90.0,16.0,108.0,17.0,17.0,108.0,AGG_BUY,,,,,,
1,816500,VEV_5400,1,20.0,11.0,10.5,1.0,0.0,8165,10.0,11.5,30.0,12.5,50.0,13.5,70.0,14.5,90.0,15.5,120.0,17.0,17.0,120.0,AGG_BUY,,,,,,
1,816800,HYDROGEL_PACK,1,4.0,10000.0,10007.0,16.0,0.0,8168,16.0,10004.0,-20.0,9995.0,20.0,10005.0,180.0,10045.0,112.0,10028.0,60.0,10015.0,10015.0,60.0,PASS_BUY,,,,,,
1,818100,VELVETFRUIT_EXTRACT,-1,7.0,5233.0,5231.5,5.0,0.0,8181,14.0,5231.0,-101.5,5247.5,-45.5,5239.5,-126.0,5251.0,-234.5,5266.5,-227.5,5265.5,5265.5,-227.5,PASS_SELL,,,,,,
1,818800,VELVETFRUIT_EXTRACT,-1,10.0,5233.0,5234.5,3.0,-0.7297297297297297,8188,-45.0,5237.5,-155.0,5248.5,-15.0,5234.5,-155.0,5248.5,-345.0,5267.5,-325.0,5265.5,5265.5,-325.0,AGG_SELL,,,,,,
1,819000,VEV_5400,1,20.0,11.0,10.5,1.0,0.0,8190,10.0,11.5,50.0,13.5,10.0,11.5,50.0,13.5,130.0,17.5,120.0,17.0,17.0,120.0,AGG_BUY,,,,,,
1,819600,VEV_5400,1,16.0,12.0,11.5,1.0,0.0,8196,8.0,12.5,32.0,14.0,8.0,12.5,16.0,13.0,88.0,17.5,80.0,17.0,17.0,80.0,AGG_BUY,,,,,,
1,819700,VEV_5400,1,20.0,12.0,11.5,1.0,0.0,8197,10.0,12.5,50.0,14.5,10.0,12.5,30.0,13.5,110.0,17.5,100.0,17.0,17.0,100.0,AGG_BUY,,,,,,
1,819800,VELVETFRUIT_EXTRACT,-1,9.0,5236.0,5237.5,3.0,-0.7831325301204819,8198,-67.5,5243.5,-130.5,5250.5,-31.5,5239.5,-85.5,5245.5,-292.5,5268.5,-265.5,5265.5,5265.5,-265.5,AGG_SELL,,,,,,
1,819800,VEV_5400,1,12.0,12.0,11.5,1.0,0.0,8198,6.0,12.5,18.0,13.5,6.0,12.5,18.0,13.5,66.0,17.5,60.0,17.0,17.0,60.0,AGG_BUY,,,,,,
1,820300,VELVETFRUIT_EXTRACT,-1,8.0,5237.0,5238.5,3.0,-0.3333333333333333,8203,-52.0,5243.5,-108.0,5250.5,-16.0,5239.0,-68.0,5245.5,-268.0,5270.5,-228.0,5265.5,5265.5,-228.0,AGG_SELL,,,,,,
1,820700,VELVETFRUIT_EXTRACT,-1,20.0,5241.0,5243.5,5.0,0.0,8207,-90.0,5245.5,-170.0,5249.5,-10.0,5241.5,-90.0,5245.5,-610.0,5271.5,-490.0,5265.5,5265.5,-490.0,AGG_SELL,,,,,,
1,820800,VELVETFRUIT_EXTRACT,-1,16.0,5241.0,5243.5,5.0,-0.5897435897435898,8208,-72.0,5245.5,-144.0,5250.0,-8.0,5241.5,-56.0,5244.5,-488.0,5271.5,-392.0,5265.5,5265.5,-392.0,AGG_SELL,,,,,,
1,821100,HYDROGEL_PACK,1,4.0,9994.0,10001.0,16.0,0.0,8211,12.0,9997.0,40.0,10004.0,76.0,10013.0,172.0,10037.0,68.0,10011.0,84.0,10015.0,10015.0,84.0,PASS_BUY,,,,,,
1,821500,VELVETFRUIT_EXTRACT,-1,9.0,5243.0,5244.5,3.0,-0.3333333333333333,8215,18.0,5241.0,-36.0,5247.0,4.5,5242.5,-4.5,5243.5,-265.5,5272.5,-202.5,5265.5,5265.5,-202.5,AGG_SELL,,,,,,
1,824200,VELVETFRUIT_EXTRACT,-1,4.0,5250.0,5248.5,5.0,0.4594594594594595,8242,2.0,5249.5,46.0,5238.5,18.0,5245.5,26.0,5243.5,-92.0,5273.0,-62.0,5265.5,5265.5,-62.0,PASS_SELL,,,,,,
1,824800,VEV_4000,1,5.0,1250.0,1245.0,10.0,0.47368421052631576,8248,2.5,1250.5,-52.5,1239.5,-22.5,1245.5,-32.5,1243.5,117.5,1273.5,77.5,1265.5,1265.5,77.5,AGG_BUY,,,,,,
1,824800,VEV_5200,1,5.0,93.0,92.5,1.0,0.696969696969697,8248,2.5,93.5,-32.5,86.5,-12.5,90.5,-17.5,89.5,77.5,108.5,47.5,102.5,102.5,47.5,AGG_BUY,,,,,,
1,828300,VELVETFRUIT_EXTRACT,1,8.0,5238.0,5237.0,2.0,0.7288135593220338,8283,20.0,5240.5,60.0,5245.5,116.0,5252.5,-28.0,5234.5,340.0,5280.5,220.0,5265.5,5265.5,220.0,AGG_BUY,,,,,,
1,828600,VELVETFRUIT_EXTRACT,1,22.0,5238.0,5235.5,5.0,0.40540540540540543,8286,11.0,5238.5,187.0,5246.5,330.0,5253.0,-11.0,5237.5,935.0,5280.5,605.0,5265.5,5265.5,605.0,AGG_BUY,,,,,,
1,829900,VELVETFRUIT_EXTRACT,-1,6.0,5239.0,5240.5,3.0,-0.8032786885245902,8299,-15.0,5241.5,-39.0,5245.5,-93.0,5254.5,-3.0,5239.5,-210.0,5274.0,-159.0,5265.5,5265.5,-159.0,AGG_SELL,,,,,,
1,832000,VELVETFRUIT_EXTRACT,-1,6.0,5243.0,5241.5,5.0,0.0,8320,9.0,5241.5,-51.0,5251.5,-90.0,5258.0,-9.0,5244.5,-183.0,5273.5,-135.0,5265.5,5265.5,-135.0,PASS_SELL,,,,,,
1,832100,VELVETFRUIT_EXTRACT,1,8.0,5240.0,5241.5,5.0,0.0,8321,20.0,5242.5,100.0,5252.5,148.0,5258.5,52.0,5246.5,268.0,5273.5,204.0,5265.5,5265.5,204.0,PASS_BUY,,,,,,
1,833200,HYDROGEL_PACK,-1,10.0,10017.0,10025.0,16.0,0.0,8332,-230.0,10040.0,-10.0,10018.0,-40.0,10021.0,240.0,9993.0,190.0,9998.0,20.0,10015.0,10015.0,20.0,AGG_SELL,,,,,,
1,833400,HYDROGEL_PACK,-1,9.0,10019.0,10027.0,16.0,0.0,8334,-171.0,10038.0,-36.0,10023.0,-63.0,10026.0,198.0,9997.0,162.0,10001.0,36.0,10015.0,10015.0,36.0,AGG_SELL,,,,,,
1,834900,VELVETFRUIT_EXTRACT,1,7.0,5244.0,5245.5,5.0,0.0,8349,24.5,5247.5,73.5,5254.5,101.5,5258.5,73.5,5254.5,143.5,5264.5,150.5,5265.5,5265.5,150.5,PASS_BUY,,,,,,
1,835200,VELVETFRUIT_EXTRACT,-1,12.0,5248.0,5249.5,3.0,-0.625,8352,6.0,5247.5,-66.0,5253.5,-114.0,5257.5,-90.0,5255.5,-210.0,5265.5,-210.0,5265.5,5265.5,-210.0,AGG_SELL,,,,,,
1,836000,VELVETFRUIT_EXTRACT,1,6.0,5245.0,5246.5,5.0,0.5151515151515151,8360,39.0,5251.5,51.0,5253.5,99.0,5261.5,54.0,5254.0,111.0,5263.5,123.0,5265.5,5265.5,123.0,PASS_BUY,,,,,,
1,839600,VELVETFRUIT_EXTRACT,1,8.0,5253.0,5252.0,2.0,0.7808219178082192,8396,20.0,5255.5,36.0,5257.5,116.0,5267.5,-44.0,5247.5,80.0,5263.0,100.0,5265.5,5265.5,100.0,AGG_BUY,,,,,,
1,843100,VELVETFRUIT_EXTRACT,1,4.0,5256.0,5257.5,5.0,-0.589041095890411,8431,18.0,5260.5,20.0,5261.0,46.0,5267.5,-18.0,5251.5,-38.0,5246.5,38.0,5265.5,5265.5,38.0,PASS_BUY,,,,,,
1,844300,VELVETFRUIT_EXTRACT,1,9.0,5259.0,5258.0,2.0,0.47058823529411764,8443,-13.5,5257.5,76.5,5267.5,144.0,5275.0,-58.5,5252.5,-148.5,5242.5,58.5,5265.5,5265.5,58.5,AGG_BUY,,,,,,
1,845400,VELVETFRUIT_EXTRACT,1,8.0,5256.0,5255.5,1.0,0.38461538461538464,8454,44.0,5261.5,44.0,5261.5,156.0,5275.5,-44.0,5250.5,-92.0,5244.5,76.0,5265.5,5265.5,76.0,AGG_BUY,,,,,,
1,846900,VELVETFRUIT_EXTRACT,1,5.0,5259.0,5258.0,2.0,0.863013698630137,8469,2.5,5259.5,32.5,5265.5,67.5,5272.5,-62.5,5246.5,-72.5,5244.5,32.5,5265.5,5265.5,32.5,AGG_BUY,,,,,,
1,848900,VEV_4000,1,5.0,1264.0,1259.0,10.0,0.4444444444444444,8489,2.5,1264.5,42.5,1272.5,-2.5,1263.5,-77.5,1248.5,-82.5,1247.5,7.5,1265.5,1265.5,7.5,AGG_BUY,,,,,,
1,849300,VELVETFRUIT_EXTRACT,-1,8.0,5269.0,5267.5,5.0,-0.5384615384615384,8493,64.0,5261.0,-48.0,5275.0,52.0,5262.5,156.0,5249.5,160.0,5249.0,28.0,5265.5,5265.5,28.0,PASS_SELL,,,,,,
1,850300,VELVETFRUIT_EXTRACT,1,7.0,5262.0,5261.0,2.0,0.5172413793103449,8503,-14.0,5260.0,94.5,5275.5,-3.5,5261.5,-77.0,5251.0,-59.5,5253.5,24.5,5265.5,5265.5,24.5,AGG_BUY,,,,,,
1,850600,VELVETFRUIT_EXTRACT,1,5.0,5261.0,5260.0,2.0,0.8666666666666667,8506,2.5,5261.5,65.0,5274.0,-15.0,5258.0,-50.0,5251.0,-37.5,5253.5,22.5,5265.5,5265.5,22.5,AGG_BUY,,,,,,
1,851200,VEV_4000,1,3.0,1260.0,1255.0,10.0,0.4,8512,21.0,1267.0,37.5,1272.5,-7.5,1257.5,-22.5,1252.5,-10.5,1256.5,16.5,1265.5,1265.5,16.5,AGG_BUY,,,,,,
1,851200,VEV_5000,1,3.0,263.0,262.0,2.0,0.45454545454545453,8512,21.0,270.0,36.0,275.0,-6.0,261.0,-21.0,256.0,-9.0,260.0,16.5,268.5,268.5,16.5,AGG_BUY,,,,,,
1,851200,VEV_5200,1,3.0,100.0,99.5,1.0,0.7857142857142857,8512,13.5,104.5,25.5,108.5,-4.5,98.5,-15.0,95.0,-7.5,97.5,7.5,102.5,102.5,7.5,AGG_BUY,,,,,,
1,852000,VELVETFRUIT_EXTRACT,-1,70.0,5265.0,5268.0,6.0,0.0,8520,-105.0,5266.5,-560.0,5273.0,525.0,5257.5,665.0,5255.5,385.0,5259.5,-35.0,5265.5,5265.5,-35.0,AGG_SELL,,,,,,
1,852200,VELVETFRUIT_EXTRACT,-1,4.0,5269.0,5267.0,6.0,0.0,8522,-2.0,5269.5,-6.0,5270.5,58.0,5254.5,52.0,5256.0,42.0,5258.5,14.0,5265.5,5265.5,14.0,PASS_SELL,,,,,,
1,852900,VELVETFRUIT_EXTRACT,1,10.0,5267.0,5266.0,2.0,0.7368421052631579,8529,55.0,5272.5,-45.0,5262.5,-125.0,5254.5,-105.0,5256.5,-100.0,5257.0,-15.0,5265.5,5265.5,-15.0,AGG_BUY,,,,,,
1,852900,VELVETFRUIT_EXTRACT,1,7.0,5266.0,5266.0,2.0,0.7368421052631579,8529,45.5,5272.5,-24.5,5262.5,-80.5,5254.5,-66.5,5256.5,-63.0,5257.0,-3.5,5265.5,5265.5,-3.5,PASS_BUY,,,,,,
1,856600,VELVETFRUIT_EXTRACT,1,3.0,5270.0,5271.5,5.0,-0.39473684210526316,8566,-15.0,5265.0,-31.5,5259.5,-52.5,5252.5,-55.5,5251.5,-16.5,5264.5,-13.5,5265.5,5265.5,-13.5,PASS_BUY,,,,,,
1,857700,VELVETFRUIT_EXTRACT,1,19.0,5266.0,5263.5,5.0,0.5064935064935064,8577,-28.5,5264.5,-218.5,5254.5,-313.5,5249.5,-209.0,5255.0,-19.0,5265.0,-9.5,5265.5,5265.5,-9.5,AGG_BUY,,,,,,
1,860500,VELVETFRUIT_EXTRACT,1,8.0,5259.0,5258.0,2.0,0.7611940298507462,8605,8.0,5260.0,-32.0,5255.0,-124.0,5243.5,28.0,5262.5,8.0,5260.0,52.0,5265.5,5265.5,52.0,AGG_BUY,,,,,,
1,860600,VELVETFRUIT_EXTRACT,1,10.0,5259.0,5258.0,2.0,0.7297297297297297,8606,5.0,5259.5,-65.0,5252.5,-135.0,5245.5,35.0,5262.5,10.0,5260.0,65.0,5265.5,5265.5,65.0,AGG_BUY,,,,,,
1,863300,VELVETFRUIT_EXTRACT,1,12.0,5254.0,5253.5,1.0,0.3333333333333333,8633,0.0,5254.0,-42.0,5250.5,-138.0,5242.5,102.0,5262.5,186.0,5269.5,138.0,5265.5,5265.5,138.0,AGG_BUY,,,,,,
1,864800,VELVETFRUIT_EXTRACT,-1,7.0,5257.0,5258.5,3.0,-0.5625,8648,31.5,5252.5,80.5,5245.5,94.5,5243.5,-52.5,5264.5,-126.0,5275.0,-59.5,5265.5,5265.5,-59.5,AGG_SELL,,,,,,
1,865400,VEV_5000,1,5.0,257.0,256.0,2.0,0.23076923076923078,8654,2.5,257.5,-40.0,249.0,-65.0,244.0,55.0,268.0,97.5,276.5,57.5,268.5,268.5,57.5,AGG_BUY,,,,,,
1,868700,VELVETFRUIT_EXTRACT,1,4.0,5247.0,5248.5,5.0,0.5365853658536586,8687,-2.0,5246.5,-22.0,5241.5,-34.0,5238.5,72.0,5265.0,94.0,5270.5,74.0,5265.5,5265.5,74.0,PASS_BUY,,,,,,
1,868800,VEV_5000,1,2.0,252.0,251.0,2.0,0.7142857142857143,8688,-4.0,250.0,-12.0,246.0,-18.0,243.0,37.0,270.5,46.0,275.0,33.0,268.5,268.5,33.0,AGG_BUY,,,,,,
1,868800,VEV_5200,1,2.0,92.0,91.5,1.0,0.8823529411764706,8688,-2.0,91.0,-7.0,88.5,-11.0,86.5,26.0,105.0,31.0,107.5,21.0,102.5,102.5,21.0,AGG_BUY,,,,,,
1,869600,VELVETFRUIT_EXTRACT,1,1.0,5242.0,5243.5,5.0,0.0,8696,3.5,5245.5,1.0,5243.0,-2.5,5239.5,28.5,5270.5,25.5,5267.5,23.5,5265.5,5265.5,23.5,PASS_BUY,,,,,,
1,871400,VELVETFRUIT_EXTRACT,1,10.0,5243.0,5242.0,2.0,0.7297297297297297,8714,5.0,5243.5,-35.0,5239.5,-20.0,5241.0,285.0,5271.5,240.0,5267.0,225.0,5265.5,5265.5,225.0,AGG_BUY,,,,,,
1,872300,VELVETFRUIT_EXTRACT,-1,8.0,5244.0,5245.5,3.0,-0.4074074074074074,8723,12.0,5242.5,52.0,5237.5,-28.0,5247.5,-232.0,5273.0,-164.0,5264.5,-172.0,5265.5,5265.5,-172.0,AGG_SELL,,,,,,
1,874400,VELVETFRUIT_EXTRACT,-1,3.0,5245.0,5243.5,5.0,-0.5434782608695652,8744,16.5,5239.5,16.5,5239.5,-34.5,5256.5,-85.5,5273.5,-43.5,5259.5,-61.5,5265.5,5265.5,-61.5,PASS_SELL,,,,,,
1,876500,VELVETFRUIT_EXTRACT,-1,6.0,5241.0,5239.5,5.0,-0.5789473684210527,8765,27.0,5236.5,-15.0,5243.5,-87.0,5255.5,-216.0,5277.0,-108.0,5259.0,-147.0,5265.5,5265.5,-147.0,PASS_SELL,,,,,,
1,878500,VELVETFRUIT_EXTRACT,-1,4.0,5238.0,5236.5,5.0,0.4845360824742268,8785,-10.0,5240.5,-50.0,5250.5,-42.0,5248.5,-170.0,5280.5,-90.0,5260.5,-110.0,5265.5,5265.5,-110.0,PASS_SELL,,,,,,
1,879700,VELVETFRUIT_EXTRACT,1,11.0,5238.0,5237.5,1.0,0.15384615384615385,8797,-5.5,5237.5,203.5,5256.5,104.5,5247.5,390.5,5273.5,236.5,5259.5,302.5,5265.5,5265.5,302.5,AGG_BUY,,,,,,
1,880900,HYDROGEL_PACK,1,6.0,9992.0,9988.0,8.0,0.42857142857142855,8809,30.0,9997.0,66.0,10003.0,54.0,10001.0,108.0,10010.0,96.0,10008.0,138.0,10015.0,10015.0,138.0,AGG_BUY,,,,,,
1,881500,VELVETFRUIT_EXTRACT,-1,19.0,5241.0,5243.5,5.0,-0.5365853658536586,8815,-152.0,5249.0,-275.5,5255.5,-161.5,5249.5,-693.5,5277.5,-275.5,5255.5,-465.5,5265.5,5265.5,-465.5,AGG_SELL,,,,,,
1,881800,VELVETFRUIT_EXTRACT,-1,24.0,5244.0,5246.5,5.0,-0.4782608695652174,8818,-132.0,5249.5,-276.0,5255.5,-168.0,5251.0,-756.0,5275.5,-252.0,5254.5,-516.0,5265.5,5265.5,-516.0,AGG_SELL,,,,,,
1,883200,VELVETFRUIT_EXTRACT,-1,9.0,5247.0,5248.5,3.0,-0.7352941176470589,8832,-76.5,5255.5,-31.5,5250.5,-22.5,5249.5,-211.5,5270.5,-58.5,5253.5,-166.5,5265.5,5265.5,-166.5,AGG_SELL,,,,,,
1,883600,HYDROGEL_PACK,1,4.0,9992.0,9988.5,7.0,0.42857142857142855,8836,20.0,9997.0,72.0,10010.0,0.0,9992.0,52.0,10005.0,88.0,10014.0,92.0,10015.0,10015.0,92.0,AGG_BUY,,,,,,
1,883800,VELVETFRUIT_EXTRACT,-1,25.0,5251.0,5252.0,2.0,0.5151515151515151,8838,-137.5,5256.5,12.5,5250.5,-87.5,5254.5,-437.5,5268.5,-62.5,5253.5,-362.5,5265.5,5265.5,-362.5,AGG_SELL,,,,,,
1,884000,VELVETFRUIT_EXTRACT,-1,17.0,5252.0,5254.5,5.0,-0.5641025641025641,8840,-59.5,5255.5,42.5,5249.5,-34.0,5254.0,-246.5,5266.5,25.5,5250.5,-229.5,5265.5,5265.5,-229.5,AGG_SELL,,,,,,
1,886600,VELVETFRUIT_EXTRACT,-1,5.0,5258.0,5256.0,6.0,0.0,8866,17.5,5254.5,37.5,5250.5,42.5,5249.5,-32.5,5264.5,17.5,5254.5,-37.5,5265.5,5265.5,-37.5,PASS_SELL,,,,,,
1,890200,VELVETFRUIT_EXTRACT,1,4.0,5241.0,5242.5,5.0,0.4246575342465753,8902,34.0,5249.5,44.0,5252.0,42.0,5251.5,86.0,5262.5,66.0,5257.5,98.0,5265.5,5265.5,98.0,PASS_BUY,,,,,,
1,894300,HYDROGEL_PACK,1,6.0,9982.0,9988.5,15.0,0.0,8943,-24.0,9978.0,78.0,9995.0,168.0,10010.0,186.0,10013.0,270.0,10027.0,198.0,10015.0,10015.0,198.0,PASS_BUY,,,,,,
1,894300,VELVETFRUIT_EXTRACT,1,10.0,5253.0,5252.5,1.0,0.25925925925925924,8943,-15.0,5251.5,-35.0,5249.5,75.0,5260.5,-105.0,5242.5,90.0,5262.0,125.0,5265.5,5265.5,125.0,AGG_BUY,,,,,,
1,894400,VELVETFRUIT_EXTRACT,1,7.0,5254.0,5253.0,2.0,0.4166666666666667,8944,-24.5,5250.5,-24.5,5250.5,38.5,5259.5,-77.0,5243.0,66.5,5263.5,80.5,5265.5,5265.5,80.5,AGG_BUY,,,,,,
1,895200,HYDROGEL_PACK,1,12.0,9985.0,9977.0,16.0,0.0,8952,12.0,9986.0,180.0,10000.0,384.0,10017.0,384.0,10017.0,420.0,10020.0,360.0,10015.0,10015.0,360.0,AGG_BUY,,,,,,
1,896900,VELVETFRUIT_EXTRACT,1,11.0,5247.0,5246.5,1.0,0.21428571428571427,8969,-5.5,5246.5,93.5,5255.5,60.5,5252.5,-27.5,5244.5,236.5,5268.5,203.5,5265.5,5265.5,203.5,AGG_BUY,,,,,,
1,897200,VELVETFRUIT_EXTRACT,1,12.0,5246.0,5245.0,2.0,0.6129032258064516,8972,18.0,5247.5,120.0,5256.0,96.0,5254.0,12.0,5247.0,300.0,5271.0,234.0,5265.5,5265.5,234.0,AGG_BUY,,,,,,
1,899700,VELVETFRUIT_EXTRACT,1,5.0,5248.0,5249.5,5.0,0.39473684210526316,8997,12.5,5250.5,50.0,5258.0,67.5,5261.5,7.5,5249.5,102.5,5268.5,87.5,5265.5,5265.5,87.5,PASS_BUY,,,,,,
1,901000,VELVETFRUIT_EXTRACT,-1,7.0,5254.0,5252.5,5.0,-0.5522388059701493,9010,-10.5,5255.5,-24.5,5257.5,-59.5,5262.5,-14.0,5256.0,-80.5,5265.5,-80.5,5265.5,5265.5,-80.5,PASS_SELL,,,,,,
1,901100,VEV_5200,1,4.0,94.0,93.5,1.0,0.75,9011,14.0,97.5,14.0,97.5,30.0,101.5,14.0,97.5,34.0,102.5,34.0,102.5,102.5,34.0,AGG_BUY,,,,,,
1,901400,HYDROGEL_PACK,1,4.0,9990.0,9997.0,16.0,0.0,9014,76.0,10009.0,116.0,10019.0,184.0,10036.0,168.0,10032.0,100.0,10015.0,100.0,10015.0,10015.0,100.0,PASS_BUY,,,,,,
1,904500,VELVETFRUIT_EXTRACT,1,6.0,5256.0,5255.0,2.0,0.8153846153846154,9045,9.0,5257.5,30.0,5261.0,48.0,5264.0,48.0,5264.0,57.0,5265.5,57.0,5265.5,5265.5,57.0,AGG_BUY,,,,,,
1,905400,HYDROGEL_PACK,-1,12.0,10014.0,10022.0,16.0,0.0,9054,-60.0,10019.0,-168.0,10028.0,-180.0,10029.0,96.0,10006.0,-12.0,10015.0,-12.0,10015.0,10015.0,-12.0,AGG_SELL,,,,,,
1,907000,VELVETFRUIT_EXTRACT,-1,4.0,5254.0,5252.5,5.0,0.0,9070,-8.0,5256.0,-38.0,5263.5,-26.0,5260.5,-42.0,5264.5,-46.0,5265.5,-46.0,5265.5,5265.5,-46.0,PASS_SELL,,,,,,
1,909800,HYDROGEL_PACK,-1,12.0,10014.0,10022.0,16.0,0.0,9098,-180.0,10029.0,-204.0,10031.0,36.0,10011.0,-60.0,10019.0,-12.0,10015.0,-12.0,10015.0,10015.0,-12.0,AGG_SELL,,,,,,
1,910000,HYDROGEL_PACK,-1,8.0,10016.0,10024.0,16.0,0.0,9100,-144.0,10034.0,-128.0,10032.0,40.0,10011.0,-48.0,10022.0,8.0,10015.0,8.0,10015.0,10015.0,8.0,AGG_SELL,,,,,,
1,910800,VELVETFRUIT_EXTRACT,-1,6.0,5261.0,5262.5,3.0,-0.5714285714285714,9108,-12.0,5263.0,-33.0,5266.5,-63.0,5271.5,3.0,5260.5,-27.0,5265.5,-27.0,5265.5,5265.5,-27.0,AGG_SELL,,,,,,
1,911600,VELVETFRUIT_EXTRACT,-1,5.0,5263.0,5261.5,5.0,-0.5616438356164384,9116,-2.5,5263.5,17.5,5259.5,-42.5,5271.5,-2.5,5263.5,-12.5,5265.5,-12.5,5265.5,5265.5,-12.5,PASS_SELL,,,,,,
1,913100,VELVETFRUIT_EXTRACT,1,7.0,5261.0,5262.5,5.0,0.0,9131,24.5,5264.5,38.5,5266.5,87.5,5273.5,45.5,5267.5,31.5,5265.5,31.5,5265.5,5265.5,31.5,PASS_BUY,,,,,,
1,914700,VELVETFRUIT_EXTRACT,1,8.0,5263.0,5262.0,2.0,0.7681159420289855,9147,36.0,5267.5,44.0,5268.5,84.0,5273.5,100.0,5275.5,20.0,5265.5,20.0,5265.5,5265.5,20.0,AGG_BUY,,,,,,
1,915100,VELVETFRUIT_EXTRACT,-1,5.0,5264.0,5265.5,3.0,-0.5454545454545454,9151,7.5,5262.5,-37.5,5271.5,-57.5,5275.5,-57.5,5275.5,-7.5,5265.5,-7.5,5265.5,5265.5,-7.5,AGG_SELL,,,,,,
1,917300,VELVETFRUIT_EXTRACT,-1,6.0,5265.0,5263.0,6.0,0.0,9173,9.0,5263.5,-48.0,5273.0,-72.0,5277.0,-60.0,5275.0,-3.0,5265.5,-3.0,5265.5,5265.5,-3.0,PASS_SELL,,,,,,
1,918500,HYDROGEL_PACK,1,6.0,10010.0,10017.0,16.0,0.0,9185,6.0,10011.0,-12.0,10008.0,-78.0,9997.0,-72.0,9998.0,30.0,10015.0,30.0,10015.0,10015.0,30.0,PASS_BUY,,,,,,
1,920100,VELVETFRUIT_EXTRACT,-1,9.0,5270.0,5271.5,3.0,-0.3333333333333333,9201,-0.0,5270.0,-49.5,5275.5,-36.0,5274.0,31.5,5266.5,40.5,5265.5,40.5,5265.5,5265.5,40.5,AGG_SELL,,,,,,
1,921000,VEV_5000,1,4.0,272.0,270.5,3.0,0.7575757575757576,9210,14.0,275.5,30.0,279.5,12.0,275.0,0.0,272.0,-14.0,268.5,-14.0,268.5,268.5,-14.0,AGG_BUY,,,,,,
1,921900,VELVETFRUIT_EXTRACT,-1,10.0,5274.0,5275.5,3.0,-0.7530864197530864,9219,25.0,5271.5,-25.0,5276.5,-10.0,5275.0,60.0,5268.0,85.0,5265.5,85.0,5265.5,5265.5,85.0,AGG_SELL,,,,,,
1,922000,VELVETFRUIT_EXTRACT,-1,7.0,5272.0,5273.5,3.0,-0.5625,9220,-3.5,5272.5,-35.0,5277.0,-10.5,5273.5,38.5,5266.5,45.5,5265.5,45.5,5265.5,5265.5,45.5,AGG_SELL,,,,,,
1,922100,VELVETFRUIT_EXTRACT,1,5.0,5272.0,5271.0,2.0,0.8529411764705882,9221,7.5,5273.5,20.0,5276.0,7.5,5273.5,-27.5,5266.5,-32.5,5265.5,-32.5,5265.5,5265.5,-32.5,AGG_BUY,,,,,,
1,923000,VELVETFRUIT_EXTRACT,1,6.0,5271.0,5272.5,5.0,0.0,9230,9.0,5272.5,39.0,5277.5,6.0,5272.0,-69.0,5259.5,-33.0,5265.5,-33.0,5265.5,5265.5,-33.0,PASS_BUY,,,,,,
1,924800,VELVETFRUIT_EXTRACT,-1,10.0,5273.0,5274.5,3.0,-0.2857142857142857,9248,-25.0,5275.5,-5.0,5273.5,95.0,5263.5,110.0,5262.0,75.0,5265.5,75.0,5265.5,5265.5,75.0,AGG_SELL,,,,,,
1,925300,HYDROGEL_PACK,-1,6.0,10009.0,10013.5,9.0,-0.047619047619047616,9253,54.0,10000.0,36.0,10003.0,-12.0,10011.0,96.0,9993.0,-36.0,10015.0,-36.0,10015.0,10015.0,-36.0,AGG_SELL,,,,,,
1,927100,VELVETFRUIT_EXTRACT,1,8.0,5277.0,5276.0,2.0,0.7681159420289855,9271,24.0,5280.0,-28.0,5273.5,-112.0,5263.0,-160.0,5257.0,-92.0,5265.5,-92.0,5265.5,5265.5,-92.0,AGG_BUY,,,,,,
1,928000,HYDROGEL_PACK,1,2.0,9993.0,10000.0,16.0,0.0,9280,8.0,9997.0,-2.0,9992.0,34.0,10010.0,12.0,9999.0,44.0,10015.0,44.0,10015.0,10015.0,44.0,PASS_BUY,,,,,,
1,928400,VEV_5200,1,3.0,113.0,112.5,1.0,0.45454545454545453,9284,-4.5,111.5,-16.5,107.5,-34.5,101.5,-37.5,100.5,-31.5,102.5,-31.5,102.5,102.5,-31.5,AGG_BUY,,,,,,
1,929800,HYDROGEL_PACK,1,3.0,9994.0,10001.0,16.0,0.0,9298,42.0,10008.0,48.0,10010.0,13.5,9998.5,57.0,10013.0,63.0,10015.0,63.0,10015.0,10015.0,63.0,PASS_BUY,,,,,,
1,931200,VELVETFRUIT_EXTRACT,1,6.0,5272.0,5273.5,5.0,0.48148148148148145,9312,3.0,5272.5,-42.0,5265.0,-93.0,5256.5,-87.0,5257.5,-39.0,5265.5,-39.0,5265.5,5265.5,-39.0,PASS_BUY,,,,,,
1,932100,HYDROGEL_PACK,1,3.0,9992.0,9999.0,16.0,0.0,9321,12.0,9996.0,45.0,10007.0,72.0,10016.0,45.0,10007.0,69.0,10015.0,69.0,10015.0,10015.0,69.0,PASS_BUY,,,,,,
1,934300,HYDROGEL_PACK,1,3.0,9998.0,10005.0,16.0,0.0,9343,39.0,10011.0,0.0,9998.0,45.0,10013.0,51.0,10015.0,51.0,10015.0,51.0,10015.0,10015.0,51.0,PASS_BUY,,,,,,
1,936500,HYDROGEL_PACK,1,6.0,9998.0,10005.0,16.0,0.0,9365,60.0,10008.0,120.0,10018.0,102.0,10015.0,198.0,10031.0,102.0,10015.0,102.0,10015.0,10015.0,102.0,PASS_BUY,,,,,,
1,936600,VELVETFRUIT_EXTRACT,1,7.0,5263.0,5264.5,5.0,-0.4567901234567901,9366,-24.5,5259.5,-66.5,5253.5,-122.5,5245.5,-59.5,5254.5,17.5,5265.5,17.5,5265.5,5265.5,17.5,PASS_BUY,,,,,,
1,936700,HYDROGEL_PACK,1,3.0,9999.0,10006.0,16.0,0.0,9367,27.0,10008.0,66.0,10021.0,30.0,10009.0,96.0,10031.0,48.0,10015.0,48.0,10015.0,10015.0,48.0,PASS_BUY,,,,,,
1,936700,VELVETFRUIT_EXTRACT,1,6.0,5262.0,5261.0,2.0,0.6129032258064516,9367,-12.0,5260.0,-51.0,5253.5,-99.0,5245.5,-39.0,5255.5,21.0,5265.5,21.0,5265.5,5265.5,21.0,AGG_BUY,,,,,,
1,937300,VEV_5000,1,4.0,263.0,261.5,3.0,0.8,9373,12.0,266.0,-28.0,256.0,-48.0,251.0,-12.0,260.0,22.0,268.5,22.0,268.5,268.5,22.0,AGG_BUY,,,,,,
1,937800,HYDROGEL_PACK,-1,6.0,10007.0,10011.0,8.0,-0.3333333333333333,9378,54.0,9998.0,3.0,10006.5,-30.0,10012.0,-114.0,10026.0,-48.0,10015.0,-48.0,10015.0,10015.0,-48.0,AGG_SELL,,,,,,
1,938200,VELVETFRUIT_EXTRACT,-1,3.0,5265.0,5263.5,5.0,0.0,9382,1.5,5264.5,58.5,5245.5,51.0,5248.0,31.5,5254.5,-1.5,5265.5,-1.5,5265.5,5265.5,-1.5,PASS_SELL,,,,,,
1,941000,VELVETFRUIT_EXTRACT,1,24.0,5260.0,5257.5,5.0,0.38461538461538464,9410,-156.0,5253.5,-372.0,5244.5,-96.0,5256.0,24.0,5261.0,132.0,5265.5,132.0,5265.5,5265.5,132.0,AGG_BUY,,,,,,
1,941100,VELVETFRUIT_EXTRACT,1,17.0,5259.0,5256.5,5.0,0.5853658536585366,9411,-76.5,5254.5,-246.5,5244.5,-51.0,5256.0,25.5,5260.5,110.5,5265.5,110.5,5265.5,5265.5,110.5,AGG_BUY,,,,,,
1,942900,HYDROGEL_PACK,-1,10.0,10013.0,10017.0,8.0,-0.13043478260869565,9429,50.0,10008.0,-0.0,10013.0,-220.0,10035.0,-120.0,10025.0,-20.0,10015.0,-20.0,10015.0,10015.0,-20.0,AGG_SELL,,,,,,
1,943100,VEV_5000,1,4.0,250.0,248.5,3.0,0.7333333333333333,9431,-20.0,245.0,8.0,252.0,44.0,261.0,56.0,264.0,74.0,268.5,74.0,268.5,268.5,74.0,AGG_BUY,,,,,,
1,943200,VELVETFRUIT_EXTRACT,1,20.0,5248.0,5245.5,5.0,0.4805194805194805,9432,-130.0,5241.5,0.0,5248.0,190.0,5257.5,270.0,5261.5,350.0,5265.5,350.0,5265.5,5265.5,350.0,AGG_BUY,,,,,,
1,944000,VELVETFRUIT_EXTRACT,1,18.0,5243.0,5240.5,5.0,0.5609756097560976,9440,9.0,5243.5,135.0,5250.5,315.0,5260.5,378.0,5264.0,405.0,5265.5,405.0,5265.5,5265.5,405.0,AGG_BUY,,,,,,
1,944800,VELVETFRUIT_EXTRACT,-1,8.0,5244.0,5242.0,6.0,0.0,9448,20.0,5241.5,-36.0,5248.5,-156.0,5263.5,-184.0,5267.0,-172.0,5265.5,-172.0,5265.5,5265.5,-172.0,PASS_SELL,,,,,,
1,946800,VELVETFRUIT_EXTRACT,-1,8.0,5247.0,5245.5,5.0,0.0,9468,-16.0,5249.0,-92.0,5258.5,-132.0,5263.5,-152.0,5266.0,-148.0,5265.5,-148.0,5265.5,5265.5,-148.0,PASS_SELL,,,,,,
1,948700,VELVETFRUIT_EXTRACT,1,6.0,5247.0,5246.0,2.0,0.8333333333333334,9487,15.0,5249.5,66.0,5258.0,90.0,5262.0,129.0,5268.5,111.0,5265.5,111.0,5265.5,5265.5,111.0,AGG_BUY,,,,,,
1,949500,HYDROGEL_PACK,-1,4.0,10015.0,10023.0,16.0,0.0,9495,-56.0,10029.0,-28.0,10022.0,-40.0,10025.0,-16.0,10019.0,-0.0,10015.0,-0.0,10015.0,10015.0,-0.0,AGG_SELL,,,,,,
1,950300,VEV_5000,1,5.0,256.0,255.0,2.0,0.3333333333333333,9503,22.5,260.5,55.0,267.0,40.0,264.0,62.5,268.5,62.5,268.5,62.5,268.5,268.5,62.5,AGG_BUY,,,,,,
1,950300,VEV_5200,1,5.0,95.0,94.5,1.0,0.7142857142857143,9503,17.5,98.5,37.5,102.5,27.5,100.5,37.5,102.5,37.5,102.5,37.5,102.5,102.5,37.5,AGG_BUY,,,,,,
1,951500,VELVETFRUIT_EXTRACT,-1,6.0,5261.0,5259.5,5.0,-0.4794520547945205,9515,15.0,5258.5,-21.0,5264.5,-15.0,5263.5,-27.0,5265.5,-27.0,5265.5,-27.0,5265.5,5265.5,-27.0,PASS_SELL,,,,,,
1,953700,VELVETFRUIT_EXTRACT,1,13.0,5259.0,5258.0,2.0,0.6338028169014085,9537,84.5,5265.5,39.0,5262.0,149.5,5270.5,84.5,5265.5,84.5,5265.5,84.5,5265.5,5265.5,84.5,AGG_BUY,,,,,,
1,955900,VELVETFRUIT_EXTRACT,1,8.0,5264.0,5263.0,2.0,0.5151515151515151,9559,-4.0,5263.5,-28.0,5260.5,68.0,5272.5,12.0,5265.5,12.0,5265.5,12.0,5265.5,5265.5,12.0,AGG_BUY,,,,,,
1,957500,VELVETFRUIT_EXTRACT,1,8.0,5264.0,5263.0,2.0,0.4482758620689655,9575,16.0,5266.0,20.0,5266.5,84.0,5274.5,12.0,5265.5,12.0,5265.5,12.0,5265.5,5265.5,12.0,AGG_BUY,,,,,,
1,957800,HYDROGEL_PACK,1,6.0,9998.0,10005.0,16.0,0.0,9578,120.0,10018.0,207.0,10032.5,24.0,10002.0,102.0,10015.0,102.0,10015.0,102.0,10015.0,10015.0,102.0,PASS_BUY,,,,,,
1,958200,VELVETFRUIT_EXTRACT,1,9.0,5264.0,5263.0,2.0,0.7857142857142857,9582,-22.5,5261.5,40.5,5268.5,67.5,5271.5,13.5,5265.5,13.5,5265.5,13.5,5265.5,5265.5,13.5,AGG_BUY,,,,,,
1,958700,VELVETFRUIT_EXTRACT,1,10.0,5263.0,5262.0,2.0,0.7058823529411765,9587,-5.0,5262.5,75.0,5270.5,75.0,5270.5,25.0,5265.5,25.0,5265.5,25.0,5265.5,5265.5,25.0,AGG_BUY,,,,,,
1,959500,HYDROGEL_PACK,-1,6.0,10017.0,10025.0,16.0,0.0,9595,-84.0,10031.0,-18.0,10020.0,168.0,9989.0,12.0,10015.0,12.0,10015.0,12.0,10015.0,10015.0,12.0,AGG_SELL,,,,,,
1,959600,VELVETFRUIT_EXTRACT,1,10.0,5260.0,5259.0,2.0,0.6721311475409836,9596,0.0,5260.0,120.0,5272.0,75.0,5267.5,55.0,5265.5,55.0,5265.5,55.0,5265.5,5265.5,55.0,AGG_BUY,,,,,,
1,960700,VELVETFRUIT_EXTRACT,-1,4.0,5262.0,5260.0,6.0,0.0,9607,-6.0,5263.5,-42.0,5272.5,-22.0,5267.5,-14.0,5265.5,-14.0,5265.5,-14.0,5265.5,5265.5,-14.0,PASS_SELL,,,,,,
1,963200,VELVETFRUIT_EXTRACT,-1,12.0,5267.0,5268.5,3.0,-0.6065573770491803,9632,-66.0,5272.5,-54.0,5271.5,108.0,5258.0,18.0,5265.5,18.0,5265.5,18.0,5265.5,5265.5,18.0,AGG_SELL,,,,,,
1,964400,VELVETFRUIT_EXTRACT,-1,11.0,5274.0,5275.0,2.0,-0.26666666666666666,9644,5.5,5273.5,38.5,5270.5,159.5,5259.5,93.5,5265.5,93.5,5265.5,93.5,5265.5,5265.5,93.5,AGG_SELL,,,,,,
1,964600,VELVETFRUIT_EXTRACT,1,5.0,5273.0,5272.0,2.0,0.5238095238095238,9646,-2.5,5272.5,-27.5,5267.5,-62.5,5260.5,-37.5,5265.5,-37.5,5265.5,-37.5,5265.5,5265.5,-37.5,AGG_BUY,,,,,,
1,964700,HYDROGEL_PACK,1,4.0,10009.0,10016.0,16.0,0.0,9647,8.0,10011.0,-84.0,9988.0,-28.0,10002.0,24.0,10015.0,24.0,10015.0,24.0,10015.0,10015.0,24.0,PASS_BUY,,,,,,
1,966900,VELVETFRUIT_EXTRACT,-1,19.0,5274.0,5275.5,3.0,-0.5913978494623656,9669,66.5,5270.5,114.0,5268.0,275.5,5259.5,161.5,5265.5,161.5,5265.5,161.5,5265.5,5265.5,161.5,AGG_SELL,,,,,,
1,970500,HYDROGEL_PACK,1,3.0,9982.0,9989.0,16.0,0.0,9705,24.0,9990.0,33.0,9993.0,96.0,10014.0,99.0,10015.0,99.0,10015.0,99.0,10015.0,10015.0,99.0,PASS_BUY,,,,,,
1,972500,VELVETFRUIT_EXTRACT,1,22.0,5264.0,5261.5,5.0,0.4883720930232558,9725,-143.0,5257.5,-121.0,5258.5,-231.0,5253.5,33.0,5265.5,33.0,5265.5,33.0,5265.5,5265.5,33.0,AGG_BUY,,,,,,
1,972600,VELVETFRUIT_EXTRACT,1,28.0,5263.0,5260.0,6.0,0.0,9726,-168.0,5257.0,-182.0,5256.5,-294.0,5252.5,70.0,5265.5,70.0,5265.5,70.0,5265.5,5265.5,70.0,AGG_BUY,,,,,,
1,976900,VELVETFRUIT_EXTRACT,-1,9.0,5258.0,5259.5,3.0,-0.76,9769,-18.0,5260.0,40.5,5253.5,13.5,5256.5,-67.5,5265.5,-67.5,5265.5,-67.5,5265.5,5265.5,-67.5,AGG_SELL,,,,,,
1,977600,HYDROGEL_PACK,1,2.0,9987.0,9994.0,16.0,0.0,9776,38.0,10006.0,36.0,10005.0,82.0,10028.0,56.0,10015.0,56.0,10015.0,56.0,10015.0,10015.0,56.0,PASS_BUY,,,,,,
1,979200,HYDROGEL_PACK,1,2.0,10000.0,10007.0,16.0,0.0,9792,22.0,10011.0,28.0,10014.0,52.0,10026.0,30.0,10015.0,30.0,10015.0,30.0,10015.0,10015.0,30.0,PASS_BUY,,,,,,
1,980400,HYDROGEL_PACK,-1,7.0,10014.0,10018.0,8.0,-0.17647058823529413,9804,49.0,10007.0,-14.0,10016.0,-91.0,10027.0,-7.0,10015.0,-7.0,10015.0,-7.0,10015.0,10015.0,-7.0,AGG_SELL,,,,,,
1,982000,VELVETFRUIT_EXTRACT,-1,3.0,5256.0,5254.5,5.0,-0.5,9820,4.5,5254.5,-1.5,5256.5,-21.0,5263.0,-28.5,5265.5,-28.5,5265.5,-28.5,5265.5,5265.5,-28.5,PASS_SELL,,,,,,
1,982900,HYDROGEL_PACK,1,6.0,9999.0,10006.5,17.0,0.0,9829,84.0,10013.0,150.0,10024.0,156.0,10025.0,96.0,10015.0,96.0,10015.0,96.0,10015.0,10015.0,96.0,PASS_BUY,,,,,,
1,984700,HYDROGEL_PACK,-1,7.0,10014.0,10018.0,8.0,-0.3,9847,-35.0,10019.0,-98.0,10028.0,-105.0,10029.0,-7.0,10015.0,-7.0,10015.0,-7.0,10015.0,10015.0,-7.0,AGG_SELL,,,,,,
1,984900,VELVETFRUIT_EXTRACT,-1,6.0,5253.0,5251.5,5.0,0.0,9849,-3.0,5253.5,-27.0,5257.5,-87.0,5267.5,-75.0,5265.5,-75.0,5265.5,-75.0,5265.5,5265.5,-75.0,PASS_SELL,,,,,,
1,985600,VELVETFRUIT_EXTRACT,1,14.0,5252.0,5251.5,1.0,0.17647058823529413,9856,35.0,5254.5,147.0,5262.5,210.0,5267.0,189.0,5265.5,189.0,5265.5,189.0,5265.5,5265.5,189.0,AGG_BUY,,,,,,
1,986100,HYDROGEL_PACK,-1,3.0,10019.0,10027.0,16.0,0.0,9861,-33.0,10030.0,-33.0,10030.0,3.0,10018.0,12.0,10015.0,12.0,10015.0,12.0,10015.0,10015.0,12.0,AGG_SELL,,,,,,
1,987500,VELVETFRUIT_EXTRACT,1,4.0,5253.0,5252.0,2.0,0.5882352941176471,9875,-2.0,5252.5,44.0,5264.0,60.0,5268.0,50.0,5265.5,50.0,5265.5,50.0,5265.5,5265.5,50.0,AGG_BUY,,,,,,
1,988000,VELVETFRUIT_EXTRACT,-1,4.0,5255.0,5253.5,5.0,-0.5151515151515151,9880,8.0,5253.0,-24.0,5261.0,-54.0,5268.5,-42.0,5265.5,-42.0,5265.5,-42.0,5265.5,5265.5,-42.0,PASS_SELL,,,,,,
1,990300,VEV_5000,1,5.0,261.0,260.0,2.0,0.09090909090909091,9903,15.0,264.0,40.0,269.0,37.5,268.5,37.5,268.5,37.5,268.5,37.5,268.5,268.5,37.5,AGG_BUY,,,,,,
1,990300,VEV_5200,1,5.0,98.0,97.5,1.0,0.5652173913043478,9903,7.5,99.5,27.5,103.5,22.5,102.5,22.5,102.5,22.5,102.5,22.5,102.5,102.5,22.5,AGG_BUY,,,,,,
1,990600,VELVETFRUIT_EXTRACT,-1,8.0,5261.0,5262.5,3.0,-0.7808219178082192,9906,-12.0,5262.5,-48.0,5267.0,-36.0,5265.5,-36.0,5265.5,-36.0,5265.5,-36.0,5265.5,5265.5,-36.0,AGG_SELL,,,,,,
1,991200,VELVETFRUIT_EXTRACT,1,10.0,5260.0,5259.0,2.0,0.42857142857142855,9912,20.0,5262.0,45.0,5264.5,55.0,5265.5,55.0,5265.5,55.0,5265.5,55.0,5265.5,5265.5,55.0,AGG_BUY,,,,,,
1,994300,VELVETFRUIT_EXTRACT,1,2.0,5263.0,5262.0,2.0,0.6623376623376623,9943,9.0,5267.5,15.0,5270.5,5.0,5265.5,5.0,5265.5,5.0,5265.5,5.0,5265.5,5265.5,5.0,AGG_BUY,,,,,,
1,995300,VELVETFRUIT_EXTRACT,-1,6.0,5266.0,5267.5,3.0,-0.8,9953,-0.0,5266.0,3.0,5265.5,3.0,5265.5,3.0,5265.5,3.0,5265.5,3.0,5265.5,5265.5,3.0,AGG_SELL,,,,,,
1,996900,VELVETFRUIT_EXTRACT,-1,7.0,5267.0,5268.5,3.0,-0.5483870967741935,9969,-14.0,5269.0,10.5,5265.5,10.5,5265.5,10.5,5265.5,10.5,5265.5,10.5,5265.5,5265.5,10.5,AGG_SELL,,,,,,
1,997500,VELVETFRUIT_EXTRACT,1,13.0,5269.0,5268.0,2.0,0.6052631578947368,9975,6.5,5269.5,-45.5,5265.5,-45.5,5265.5,-45.5,5265.5,-45.5,5265.5,-45.5,5265.5,5265.5,-45.5,AGG_BUY,,,,,,
2,400,HYDROGEL_PACK,-1,8.0,10011.0,10015.0,8.0,-0.2,4,-96.0,10023.0,-64.0,10019.0,-96.0,10023.0,464.0,9953.0,376.0,9964.0,200.0,9986.0,10010.0,8.0,AGG_SELL,,,,,,
2,900,VELVETFRUIT_EXTRACT,1,8.0,5262.0,5261.0,2.0,0.7837837837837838,9,36.0,5266.5,112.0,5276.0,-4.0,5261.5,28.0,5265.5,-28.0,5258.5,-116.0,5247.5,5295.5,268.0,AGG_BUY,,,,,,
2,1400,HYDROGEL_PACK,-1,10.0,10015.0,10023.0,16.0,0.0,14,-30.0,10018.0,-30.0,10018.0,-60.0,10021.0,740.0,9941.0,420.0,9973.0,310.0,9984.0,10010.0,50.0,AGG_SELL,,,,,,
2,1600,HYDROGEL_PACK,-1,14.0,10016.0,10024.0,16.0,0.0,16,-56.0,10020.0,-49.0,10019.5,-42.0,10019.0,1008.0,9944.0,574.0,9975.0,448.0,9984.0,10010.0,84.0,AGG_SELL,,,,,,
2,2500,VELVETFRUIT_EXTRACT,-1,15.0,5270.0,5272.5,5.0,-0.5588235294117647,25,-52.5,5273.5,-60.0,5274.0,37.5,5267.5,142.5,5260.5,82.5,5264.5,397.5,5243.5,5295.5,-382.5,AGG_SELL,,,,,,
2,2800,HYDROGEL_PACK,-1,11.0,10017.0,10025.0,16.0,0.0,28,-121.0,10028.0,33.0,10014.0,55.0,10012.0,770.0,9947.0,429.0,9978.0,445.5,9976.5,10010.0,77.0,AGG_SELL,,,,,,
2,2900,HYDROGEL_PACK,-1,15.0,10018.0,10026.0,16.0,0.0,29,-90.0,10024.0,60.0,10014.0,45.0,10015.0,1095.0,9945.0,645.0,9975.0,600.0,9978.0,10010.0,120.0,AGG_SELL,,,,,,
2,3000,HYDROGEL_PACK,-1,13.0,10019.0,10027.0,16.0,0.0,30,-91.0,10026.0,91.0,10012.0,91.0,10012.0,1014.0,9941.0,546.0,9977.0,520.0,9979.0,10010.0,117.0,AGG_SELL,,,,,,
2,3100,HYDROGEL_PACK,-1,10.0,10019.0,10027.0,16.0,0.0,31,-90.0,10028.0,40.0,10015.0,50.0,10014.0,790.0,9940.0,410.0,9978.0,435.0,9975.5,10010.0,90.0,AGG_SELL,,,,,,
2,3200,HYDROGEL_PACK,-1,12.0,10022.0,10030.0,16.0,0.0,32,-96.0,10030.0,96.0,10014.0,120.0,10012.0,984.0,9940.0,528.0,9978.0,516.0,9979.0,10010.0,144.0,AGG_SELL,,,,,,
2,3300,HYDROGEL_PACK,-1,12.0,10021.0,10029.0,16.0,0.0,33,-72.0,10027.0,24.0,10019.0,72.0,10015.0,996.0,9938.0,492.0,9980.0,492.0,9980.0,10010.0,132.0,AGG_SELL,,,,,,
2,3400,HYDROGEL_PACK,-1,11.0,10023.0,10031.0,16.0,0.0,34,-55.0,10028.0,55.0,10018.0,99.0,10014.0,935.0,9938.0,517.0,9976.0,440.0,9983.0,10010.0,143.0,AGG_SELL,,,,,,
2,3500,HYDROGEL_PACK,-1,10.0,10021.0,10029.0,16.0,0.0,35,-40.0,10025.0,30.0,10018.0,80.0,10013.0,830.0,9938.0,440.0,9977.0,380.0,9983.0,10010.0,110.0,AGG_SELL,,,,,,
2,3600,HYDROGEL_PACK,-1,10.0,10022.0,10030.0,16.0,0.0,36,-30.0,10025.0,20.0,10020.0,100.0,10012.0,830.0,9939.0,430.0,9979.0,390.0,9983.0,10010.0,120.0,AGG_SELL,,,,,,
2,3700,HYDROGEL_PACK,-1,15.0,10021.0,10029.0,16.0,0.0,37,-67.5,10025.5,60.0,10017.0,135.0,10012.0,1200.0,9941.0,615.0,9980.0,600.0,9981.0,10010.0,165.0,AGG_SELL,,,,,,
2,4200,HYDROGEL_PACK,-1,10.0,10022.0,10030.0,16.0,0.0,42,30.0,10019.0,30.0,10019.0,40.0,10018.0,820.0,9940.0,460.0,9976.0,390.0,9983.0,10010.0,120.0,AGG_SELL,,,,,,
2,4900,HYDROGEL_PACK,-1,15.0,10020.0,10028.0,16.0,0.0,49,15.0,10019.0,-15.0,10021.0,-45.0,10023.0,1140.0,9944.0,675.0,9975.0,465.0,9989.0,10010.0,150.0,AGG_SELL,,,,,,
2,6300,VELVETFRUIT_EXTRACT,-1,14.0,5275.0,5276.0,2.0,-0.2631578947368421,63,56.0,5271.0,133.0,5265.5,35.0,5272.5,329.0,5251.5,217.0,5259.5,560.0,5235.0,5295.5,-287.0,AGG_SELL,,,,,,
2,7000,VELVETFRUIT_EXTRACT,1,11.0,5271.0,5270.0,2.0,0.7283950617283951,70,11.0,5272.0,-27.5,5268.5,27.5,5273.5,-214.5,5251.5,-99.0,5262.0,-357.5,5238.5,5295.5,269.5,AGG_BUY,,,,,,
2,9100,VELVETFRUIT_EXTRACT,1,9.0,5266.0,5265.0,2.0,0.7662337662337663,91,-27.0,5263.0,4.5,5266.5,31.5,5269.5,-211.5,5242.5,-9.0,5265.0,-274.5,5235.5,5295.5,265.5,AGG_BUY,,,,,,
2,9900,VELVETFRUIT_EXTRACT,1,5.0,5262.0,5263.0,4.0,-0.8461538461538461,99,-2.5,5261.5,27.5,5267.5,32.5,5268.5,-102.5,5241.5,2.5,5262.5,-137.5,5234.5,5295.5,167.5,PASS_BUY,,,,,,
2,10100,HYDROGEL_PACK,-1,10.0,10018.0,10026.0,16.0,0.0,101,-50.0,10023.0,-50.0,10023.0,30.0,10015.0,560.0,9962.0,410.0,9977.0,180.0,10000.0,10010.0,80.0,AGG_SELL,,,,,,
2,10700,HYDROGEL_PACK,-1,5.0,10015.0,10019.0,8.0,-0.4444444444444444,107,-30.0,10021.0,-60.0,10027.0,40.0,10007.0,250.0,9965.0,190.0,9977.0,95.0,9996.0,10010.0,25.0,AGG_SELL,,,,,,
2,10700,VELVETFRUIT_EXTRACT,-1,4.0,5264.0,5262.5,5.0,0.0,107,-10.0,5266.5,-24.0,5270.0,-18.0,5268.5,74.0,5245.5,22.0,5258.5,114.0,5235.5,5295.5,-126.0,PASS_SELL,,,,,,
2,12600,VELVETFRUIT_EXTRACT,1,3.0,5265.0,5266.5,5.0,0.5263157894736842,126,1.5,5265.5,31.5,5275.5,13.5,5269.5,-48.0,5249.0,-25.5,5256.5,-73.5,5240.5,5295.5,91.5,PASS_BUY,,,,,,
2,12700,VELVETFRUIT_EXTRACT,1,7.0,5266.0,5265.0,2.0,0.48148148148148145,127,-3.5,5265.5,52.5,5273.5,17.5,5268.5,-115.5,5249.5,-52.5,5258.5,-171.5,5241.5,5295.5,206.5,AGG_BUY,,,,,,
2,13100,VEV_4000,1,3.0,1265.0,1260.0,10.0,0.5,131,4.5,1266.5,28.5,1274.5,6.0,1267.0,-46.5,1249.5,-21.0,1258.0,-67.5,1242.5,1295.0,90.0,AGG_BUY,,,,,,
2,13100,VEV_4500,1,3.0,765.0,761.5,7.0,0.45454545454545453,131,4.5,766.5,28.5,774.5,6.0,767.0,-48.0,749.0,-21.0,758.0,-69.0,742.0,795.5,91.5,AGG_BUY,,,,,,
2,13100,VEV_5000,1,3.0,268.0,267.0,2.0,0.45454545454545453,131,4.5,269.5,28.5,277.5,6.0,270.0,-45.0,253.0,-21.0,261.0,-66.0,246.0,296.5,85.5,AGG_BUY,,,,,,
2,13100,VEV_5100,1,3.0,177.0,176.5,1.0,0.45454545454545453,131,4.5,178.5,25.5,185.5,4.5,178.5,-40.5,163.5,-18.0,171.0,-66.0,155.0,201.5,73.5,AGG_BUY,,,,,,
2,13100,VEV_5200,1,3.0,103.0,102.5,1.0,0.7692307692307693,131,3.0,104.0,19.5,109.5,4.5,104.5,-31.5,92.5,-13.5,98.5,-55.5,84.5,119.0,48.0,AGG_BUY,,,,,,
2,13900,VELVETFRUIT_EXTRACT,-1,4.0,5268.0,5266.5,5.0,0.0,139,2.0,5267.5,-18.0,5272.5,12.0,5265.0,70.0,5250.5,42.0,5257.5,90.0,5245.5,5295.5,-110.0,PASS_SELL,,,,,,
2,14600,HYDROGEL_PACK,-1,9.0,10016.0,10024.0,16.0,0.0,146,-72.0,10024.0,-9.0,10017.0,189.0,9995.0,351.0,9977.0,252.0,9988.0,216.0,9992.0,10010.0,54.0,AGG_SELL,,,,,,
2,14900,VELVETFRUIT_EXTRACT,-1,8.0,5266.0,5267.5,3.0,-0.38461538461538464,149,-36.0,5270.5,-20.0,5268.5,-8.0,5267.0,116.0,5251.5,60.0,5258.5,164.0,5245.5,5295.5,-236.0,AGG_SELL,,,,,,
2,16300,VELVETFRUIT_EXTRACT,-1,5.0,5274.0,5272.5,5.0,-0.5492957746478874,163,-7.5,5275.5,15.0,5271.0,42.5,5265.5,110.0,5252.0,97.5,5254.5,127.5,5248.5,5295.5,-107.5,PASS_SELL,,,,,,
2,16500,VELVETFRUIT_EXTRACT,-1,8.0,5272.0,5273.5,3.0,-0.7866666666666666,165,-36.0,5276.5,4.0,5271.5,44.0,5266.5,164.0,5251.5,116.0,5257.5,168.0,5251.0,5295.5,-188.0,AGG_SELL,,,,,,
2,19700,VELVETFRUIT_EXTRACT,1,13.0,5266.0,5265.5,1.0,0.2571428571428571,197,32.5,5268.5,0.0,5266.0,-19.5,5264.5,-123.5,5256.5,-201.5,5250.5,-253.5,5246.5,5295.5,383.5,AGG_BUY,,,,,,
2,19900,VEV_5100,1,10.0,182.0,180.0,4.0,0.0,199,-20.0,180.0,-45.0,177.5,-50.0,177.0,-110.0,171.0,-160.0,166.0,-240.0,158.0,201.5,195.0,AGG_BUY,,,,,,
2,20200,VELVETFRUIT_EXTRACT,-1,9.0,5269.0,5270.5,3.0,-0.7464788732394366,202,-4.5,5269.5,18.0,5267.0,49.5,5263.5,112.5,5256.5,139.5,5253.5,211.5,5245.5,5295.5,-238.5,AGG_SELL,,,,,,
2,20900,VEV_4000,1,5.0,1270.0,1265.0,10.0,0.23076923076923078,209,12.5,1272.5,-17.5,1266.5,-47.5,1260.5,-70.0,1256.0,-67.5,1256.5,-122.5,1245.5,1295.0,125.0,AGG_BUY,,,,,,
2,20900,VEV_4500,1,5.0,770.0,766.0,8.0,0.09090909090909091,209,12.5,772.5,-15.0,767.0,-47.5,760.5,-70.0,756.0,-67.5,756.5,-125.0,745.0,795.5,127.5,AGG_BUY,,,,,,
2,20900,VEV_5000,1,5.0,273.0,271.5,3.0,0.09090909090909091,209,12.5,275.5,-15.0,270.0,-45.0,264.0,-67.5,259.5,-65.0,260.0,-120.0,249.0,296.5,117.5,AGG_BUY,,,,,,
2,20900,VEV_5100,1,5.0,181.0,180.0,2.0,0.6666666666666666,209,12.5,183.5,-12.5,178.5,-40.0,173.0,-57.5,169.5,-57.5,169.5,-115.0,158.0,201.5,102.5,AGG_BUY,,,,,,
2,20900,VEV_5200,1,5.0,106.0,105.5,1.0,0.6666666666666666,209,10.0,108.0,-7.5,104.5,-32.5,99.5,-42.5,97.5,-42.5,97.5,-97.5,86.5,119.0,65.0,AGG_BUY,,,,,,
2,22300,HYDROGEL_PACK,1,4.0,10001.0,9997.5,7.0,0.5789473684210527,223,-4.0,10000.0,-20.0,9996.0,12.0,10004.0,-94.0,9977.5,20.0,10006.0,-84.0,9980.0,10010.0,36.0,AGG_BUY,,,,,,
2,23100,VELVETFRUIT_EXTRACT,1,4.0,5265.0,5267.0,6.0,0.0,231,-2.0,5264.5,2.0,5265.5,12.0,5268.0,-26.0,5258.5,-8.0,5263.0,-66.0,5248.5,5295.5,122.0,PASS_BUY,,,,,,
2,23500,VEV_4000,1,2.0,1263.0,1258.0,10.0,0.5555555555555556,235,7.0,1266.5,7.0,1266.5,11.0,1268.5,-15.0,1255.5,13.0,1269.5,-28.0,1249.0,1295.0,64.0,AGG_BUY,,,,,,
2,23500,VEV_4500,1,2.0,763.0,759.5,7.0,0.6,235,6.0,766.0,8.0,767.0,11.0,768.5,-16.0,755.0,10.0,768.0,-28.0,749.0,795.5,65.0,AGG_BUY,,,,,,
2,23500,VEV_5000,1,2.0,267.0,265.5,3.0,0.6,235,4.0,269.0,5.0,269.5,9.0,271.5,-16.0,259.0,3.0,268.5,-28.0,253.0,296.5,59.0,AGG_BUY,,,,,,
2,23500,VEV_5100,1,2.0,176.0,175.0,2.0,0.6,235,4.0,178.0,5.0,178.5,8.0,180.0,-15.0,168.5,1.0,176.5,-30.0,161.0,201.5,51.0,AGG_BUY,,,,,,
2,23500,VEV_5200,1,2.0,102.0,101.5,1.0,0.6,235,3.0,103.5,5.0,104.5,7.0,105.5,-11.0,96.5,2.0,103.0,-26.0,89.0,119.0,34.0,AGG_BUY,,,,,,
2,26500,VELVETFRUIT_EXTRACT,-1,6.0,5268.0,5266.5,5.0,0.0,265,18.0,5265.0,39.0,5261.5,-3.0,5268.5,78.0,5255.0,39.0,5261.5,105.0,5250.5,5295.5,-165.0,PASS_SELL,,,,,,
2,26800,HYDROGEL_PACK,1,8.0,9987.0,9983.5,7.0,0.30434782608695654,268,56.0,9994.0,112.0,10001.0,40.0,9992.0,-232.0,9958.0,196.0,10011.5,-80.0,9977.0,10010.0,184.0,AGG_BUY,,,,,,
2,29200,HYDROGEL_PACK,1,4.0,9994.0,10001.0,16.0,0.0,292,28.0,10001.0,56.0,10008.0,-28.0,9987.0,-172.0,9951.0,48.0,10006.0,4.0,9995.0,10010.0,64.0,PASS_BUY,,,,,,
2,29500,VEV_4000,1,2.0,1266.0,1261.0,10.0,0.75,295,-7.0,1262.5,11.0,1271.5,-3.0,1264.5,-19.0,1256.5,-20.0,1256.0,-39.0,1246.5,1295.0,58.0,AGG_BUY,,,,,,
2,29500,VEV_4500,1,2.0,766.0,762.0,8.0,0.6,295,-6.0,763.0,11.0,771.5,-4.0,764.0,-18.0,757.0,-20.0,756.0,-38.0,747.0,795.5,59.0,AGG_BUY,,,,,,
2,29500,VEV_5000,1,2.0,269.0,267.5,3.0,0.8518518518518519,295,-6.0,266.0,10.0,274.0,-4.0,267.0,-17.0,260.5,-20.0,259.0,-38.0,250.0,296.5,55.0,AGG_BUY,,,,,,
2,29500,VEV_5100,1,2.0,178.0,177.0,2.0,0.6,295,-6.0,175.0,9.0,182.5,-3.0,176.5,-16.0,170.0,-18.0,169.0,-38.0,159.0,201.5,47.0,AGG_BUY,,,,,,
2,29500,VEV_5200,1,2.0,103.0,102.5,1.0,0.8518518518518519,295,-3.0,101.5,9.0,107.5,-1.0,102.5,-11.0,97.5,-11.0,97.5,-31.0,87.5,119.0,32.0,AGG_BUY,,,,,,
2,31200,VELVETFRUIT_EXTRACT,1,7.0,5258.0,5257.0,2.0,0.5625,312,49.0,5265.0,73.5,5268.5,-38.5,5252.5,49.0,5265.0,3.5,5258.5,-80.5,5246.5,5295.5,262.5,AGG_BUY,,,,,,
2,33300,VELVETFRUIT_EXTRACT,-1,7.0,5270.0,5268.5,5.0,-0.5402298850574713,333,-17.5,5272.5,17.5,5267.5,122.5,5252.5,31.5,5265.5,94.5,5256.5,199.5,5241.5,5295.5,-178.5,PASS_SELL,,,,,,
2,35800,VELVETFRUIT_EXTRACT,1,7.0,5265.0,5266.5,5.0,-0.5421686746987951,358,3.5,5265.5,-70.0,5255.0,-66.5,5255.5,31.5,5269.5,-52.5,5257.5,-171.5,5240.5,5295.5,213.5,PASS_BUY,,,,,,
2,36100,VELVETFRUIT_EXTRACT,-1,4.0,5270.0,5268.5,5.0,-0.5111111111111111,361,14.0,5266.5,66.0,5253.5,62.0,5254.5,2.0,5269.5,60.0,5255.0,118.0,5240.5,5295.5,-102.0,PASS_SELL,,,,,,
2,37700,VELVETFRUIT_EXTRACT,-1,8.0,5268.0,5269.0,2.0,-0.36,377,4.0,5267.5,120.0,5253.0,72.0,5259.0,-20.0,5270.5,68.0,5259.5,196.0,5243.5,5295.5,-220.0,AGG_SELL,,,,,,
2,37900,VELVETFRUIT_EXTRACT,1,9.0,5266.0,5265.0,2.0,0.47058823529411764,379,22.5,5268.5,-112.5,5253.5,-67.5,5258.5,58.5,5272.5,-67.5,5258.5,-225.0,5241.0,5295.5,265.5,AGG_BUY,,,,,,
2,38400,VELVETFRUIT_EXTRACT,1,8.0,5266.0,5267.5,5.0,-0.41025641025641024,384,-12.0,5264.5,-92.0,5254.5,-72.0,5257.0,16.0,5268.0,-84.0,5255.5,-180.0,5243.5,5295.5,236.0,PASS_BUY,,,,,,
2,39800,VELVETFRUIT_EXTRACT,1,21.0,5263.0,5260.5,5.0,0.46153846153846156,398,-168.0,5255.0,-105.0,5258.0,-94.5,5258.5,94.5,5267.5,-157.5,5255.5,-472.5,5240.5,5295.5,682.5,AGG_BUY,,,,,,
2,40700,VELVETFRUIT_EXTRACT,1,18.0,5257.0,5254.5,5.0,0.5068493150684932,407,-99.0,5251.5,-27.0,5255.5,81.0,5261.5,189.0,5267.5,27.0,5258.5,-243.0,5243.5,5295.5,693.0,AGG_BUY,,,,,,
2,40900,VELVETFRUIT_EXTRACT,1,17.0,5256.0,5253.5,5.0,0.0,409,-93.5,5250.5,-8.5,5255.5,161.5,5265.5,178.5,5266.5,8.5,5256.5,-238.0,5242.0,5295.5,671.5,AGG_BUY,,,,,,
2,40900,VEV_4500,1,6.0,761.0,753.0,16.0,0.0,409,-90.0,746.0,-33.0,755.5,24.0,765.0,30.0,766.0,-24.0,757.0,-114.0,742.0,795.5,207.0,AGG_BUY,,,,,,
2,41900,VEV_4000,1,2.0,1250.0,1245.0,10.0,0.7647058823529411,419,-4.0,1248.0,17.0,1258.5,23.0,1261.5,32.0,1266.0,16.0,1258.0,-17.0,1241.5,1295.0,90.0,AGG_BUY,,,,,,
2,41900,VEV_4500,1,2.0,750.0,746.0,8.0,0.6666666666666666,419,-2.0,749.0,16.0,758.0,23.0,761.5,32.0,766.0,16.0,758.0,-16.0,742.0,795.5,91.0,AGG_BUY,,,,,,
2,41900,VEV_5100,1,2.0,164.0,163.0,2.0,0.8787878787878788,419,4.0,166.0,14.0,171.0,20.0,174.0,28.0,178.0,14.0,171.0,-18.0,155.0,201.5,75.0,AGG_BUY,,,,,,
2,42000,VELVETFRUIT_EXTRACT,1,8.0,5248.0,5249.5,5.0,0.0,420,36.0,5252.5,84.0,5258.5,108.0,5261.5,164.0,5268.5,84.0,5258.5,-52.0,5241.5,5295.5,380.0,PASS_BUY,,,,,,
2,42900,VEV_4000,1,4.0,1253.0,1248.0,10.0,0.4666666666666667,429,-10.0,1250.5,22.0,1258.5,4.0,1254.0,70.0,1270.5,18.0,1257.5,-58.0,1238.5,1295.0,168.0,AGG_BUY,,,,,,
2,42900,VEV_4500,1,4.0,753.0,749.0,8.0,0.2,429,-8.0,751.0,24.0,759.0,8.0,755.0,70.0,770.5,16.0,757.0,-56.0,739.0,795.5,170.0,AGG_BUY,,,,,,
2,42900,VEV_5000,1,4.0,256.0,255.0,2.0,0.2,429,-4.0,255.0,24.0,262.0,20.0,261.0,70.0,273.5,16.0,260.0,-52.0,243.0,296.5,162.0,AGG_BUY,,,,,,
2,43000,VELVETFRUIT_EXTRACT,1,8.0,5251.0,5252.5,5.0,0.589041095890411,430,4.0,5251.5,68.0,5259.5,60.0,5258.5,156.0,5270.5,60.0,5258.5,-100.0,5238.5,5295.5,356.0,PASS_BUY,,,,,,
2,44000,HYDROGEL_PACK,1,4.0,9979.0,9986.0,16.0,0.0,440,8.0,9981.0,-88.0,9957.0,-148.0,9942.0,-208.0,9927.0,76.0,9998.0,-48.0,9967.0,10010.0,124.0,PASS_BUY,,,,,,
2,44200,HYDROGEL_PACK,1,8.0,9984.0,9980.0,8.0,0.2,442,-52.0,9977.5,-200.0,9959.0,-352.0,9940.0,-432.0,9930.0,120.0,9999.0,-136.0,9967.0,10010.0,208.0,AGG_BUY,,,,,,
2,44800,HYDROGEL_PACK,1,8.0,9983.0,9979.0,8.0,0.2727272727272727,448,-40.0,9978.0,-248.0,9952.0,-332.0,9941.5,-344.0,9940.0,136.0,10000.0,-112.0,9969.0,10010.0,216.0,AGG_BUY,,,,,,
2,45100,VEV_4000,1,5.0,1258.0,1253.0,10.0,0.3333333333333333,451,-17.5,1254.5,12.5,1260.5,2.5,1258.5,32.5,1264.5,50.0,1268.0,-87.5,1240.5,1295.0,185.0,AGG_BUY,,,,,,
2,45100,VEV_4500,1,5.0,758.0,754.0,8.0,0.23076923076923078,451,-15.0,755.0,15.0,761.0,5.0,759.0,35.0,765.0,50.0,768.0,-90.0,740.0,795.5,187.5,AGG_BUY,,,,,,
2,45100,VEV_5000,1,5.0,261.0,259.5,3.0,0.6296296296296297,451,-15.0,258.0,15.0,264.0,5.0,262.0,35.0,268.0,47.5,270.5,-85.0,244.0,296.5,177.5,AGG_BUY,,,,,,
2,45100,VEV_5100,1,5.0,171.0,170.0,2.0,0.23076923076923078,451,-12.5,168.5,12.5,173.5,2.5,171.5,27.5,176.5,42.5,179.5,-90.0,153.0,201.5,152.5,AGG_BUY,,,,,,
2,45100,VEV_5200,1,5.0,98.0,97.5,1.0,0.6296296296296297,451,-7.5,96.5,12.5,100.5,2.5,98.5,27.5,103.5,32.5,104.5,-75.0,83.0,119.0,105.0,AGG_BUY,,,,,,
2,45200,HYDROGEL_PACK,1,6.0,9981.0,9977.5,7.0,0.25,452,0.0,9981.0,-156.0,9955.0,-234.0,9942.0,-252.0,9939.0,138.0,10004.0,-54.0,9972.0,10010.0,174.0,AGG_BUY,,,,,,
2,46500,VELVETFRUIT_EXTRACT,-1,8.0,5257.0,5258.5,3.0,-0.746031746031746,465,-20.0,5259.5,-44.0,5262.5,36.0,5252.5,-60.0,5264.5,-60.0,5264.5,148.0,5238.5,5295.5,-308.0,AGG_SELL,,,,,,
2,47000,HYDROGEL_PACK,1,15.0,9982.0,9974.0,16.0,0.0,470,-285.0,9963.0,-510.0,9948.0,-540.0,9946.0,-615.0,9941.0,420.0,10010.0,-75.0,9977.0,10010.0,420.0,AGG_BUY,,,,,,
2,47100,HYDROGEL_PACK,1,15.0,9981.0,9973.0,16.0,0.0,471,-255.0,9964.0,-495.0,9948.0,-480.0,9949.0,-652.5,9937.5,450.0,10011.0,-45.0,9978.0,10010.0,435.0,AGG_BUY,,,,,,
2,47200,HYDROGEL_PACK,1,10.0,9979.0,9971.0,16.0,0.0,472,-160.0,9963.0,-340.0,9945.0,-290.0,9950.0,-375.0,9941.5,330.0,10012.0,-20.0,9977.0,10010.0,310.0,AGG_BUY,,,,,,
2,47200,VELVETFRUIT_EXTRACT,-1,11.0,5259.0,5260.5,3.0,-0.6666666666666666,472,-5.5,5259.5,-27.5,5261.5,93.5,5250.5,-38.5,5262.5,-27.5,5261.5,225.5,5238.5,5295.5,-401.5,AGG_SELL,,,,,,
2,47300,HYDROGEL_PACK,1,15.0,9981.0,9973.0,16.0,0.0,473,-285.0,9962.0,-525.0,9946.0,-480.0,9949.0,-525.0,9946.0,510.0,10015.0,-60.0,9977.0,10010.0,435.0,AGG_BUY,,,,,,
2,47400,HYDROGEL_PACK,1,11.0,9979.0,9971.0,16.0,0.0,474,-165.0,9964.0,-363.0,9946.0,-341.0,9948.0,-374.0,9945.0,385.0,10014.0,-44.0,9975.0,10010.0,341.0,AGG_BUY,,,,,,
2,47500,HYDROGEL_PACK,1,11.0,9973.0,9965.0,16.0,0.0,475,-88.0,9965.0,-253.0,9950.0,-275.0,9948.0,-297.0,9946.0,462.0,10015.0,44.0,9977.0,10010.0,407.0,AGG_BUY,,,,,,
2,47600,HYDROGEL_PACK,1,13.0,9973.0,9965.5,15.0,0.0,476,-130.0,9963.0,-292.5,9950.5,-351.0,9946.0,-364.0,9945.0,533.0,10014.0,13.0,9974.0,10010.0,481.0,AGG_BUY,,,,,,
2,47700,HYDROGEL_PACK,1,10.0,9972.0,9964.0,16.0,0.0,477,-80.0,9964.0,-220.0,9950.0,-260.0,9946.0,-270.0,9945.0,410.0,10013.0,40.0,9976.0,10010.0,380.0,AGG_BUY,,,,,,
2,47800,HYDROGEL_PACK,1,15.0,9971.0,9963.0,16.0,0.0,478,-135.0,9962.0,-360.0,9947.0,-360.0,9947.0,-360.0,9947.0,675.0,10016.0,0.0,9971.0,10010.0,585.0,AGG_BUY,,,,,,
2,47900,HYDROGEL_PACK,1,13.0,9971.0,9963.5,15.0,0.0,479,-143.0,9960.0,-338.0,9945.0,-286.0,9949.0,-253.5,9951.5,559.0,10014.0,52.0,9975.0,10010.0,507.0,AGG_BUY,,,,,,
2,48000,HYDROGEL_PACK,1,13.0,9971.0,9963.0,16.0,0.0,480,-182.0,9957.0,-390.0,9941.0,-266.5,9950.5,-325.0,9946.0,585.0,10016.0,52.0,9975.0,10010.0,507.0,AGG_BUY,,,,,,
2,48100,HYDROGEL_PACK,1,10.0,9972.0,9964.0,16.0,0.0,481,-140.0,9958.0,-320.0,9940.0,-250.0,9947.0,-255.0,9946.5,460.0,10018.0,40.0,9976.0,10010.0,380.0,AGG_BUY,,,,,,
2,48100,VELVETFRUIT_EXTRACT,-1,7.0,5260.0,5258.5,5.0,-0.41025641025641024,481,10.5,5258.5,-3.5,5260.5,80.5,5248.5,-31.5,5264.5,-45.5,5266.5,150.5,5238.5,5295.5,-248.5,PASS_SELL,,,,,,
2,48200,HYDROGEL_PACK,1,12.0,9971.0,9963.0,16.0,0.0,482,-144.0,9959.0,-372.0,9940.0,-192.0,9955.0,-288.0,9947.0,546.0,10016.5,24.0,9973.0,10010.0,468.0,AGG_BUY,,,,,,
2,48300,HYDROGEL_PACK,1,11.0,9970.0,9962.0,16.0,0.0,483,-121.0,9959.0,-352.0,9938.0,-165.0,9955.0,-286.0,9944.0,462.0,10012.0,-11.0,9969.0,10010.0,440.0,AGG_BUY,,,,,,
2,48400,HYDROGEL_PACK,1,13.0,9972.0,9964.0,16.0,0.0,484,-130.0,9962.0,-442.0,9938.0,-260.0,9952.0,-351.0,9945.0,546.0,10014.0,6.5,9972.5,10010.0,494.0,AGG_BUY,,,,,,
2,48400,VELVETFRUIT_EXTRACT,1,5.0,5258.0,5257.0,2.0,0.8611111111111112,484,7.5,5259.5,17.5,5261.5,-47.5,5248.5,32.5,5264.5,35.0,5265.0,-92.5,5239.5,5295.5,187.5,AGG_BUY,,,,,,
2,48500,HYDROGEL_PACK,1,15.0,9973.0,9965.0,16.0,0.0,485,-255.0,9956.0,-525.0,9938.0,-315.0,9952.0,-420.0,9945.0,600.0,10013.0,-30.0,9971.0,10010.0,555.0,AGG_BUY,,,,,,
2,48600,HYDROGEL_PACK,1,10.0,9971.0,9963.0,16.0,0.0,486,-130.0,9958.0,-320.0,9939.0,-150.0,9956.0,-240.0,9947.0,430.0,10014.0,10.0,9972.0,10010.0,390.0,AGG_BUY,,,,,,
2,48700,HYDROGEL_PACK,1,11.0,9972.0,9964.0,16.0,0.0,487,-187.0,9955.0,-341.0,9941.0,-176.0,9956.0,-319.0,9943.0,517.0,10019.0,11.0,9973.0,10010.0,418.0,AGG_BUY,,,,,,
2,48800,HYDROGEL_PACK,1,14.0,9970.0,9962.0,16.0,0.0,488,-252.0,9952.0,-483.0,9935.5,-196.0,9956.0,-280.0,9950.0,700.0,10020.0,28.0,9972.0,10010.0,560.0,AGG_BUY,,,,,,
2,48900,HYDROGEL_PACK,1,11.0,9968.0,9960.0,16.0,0.0,489,-143.0,9955.0,-297.0,9941.0,-132.0,9956.0,-209.0,9949.0,577.5,10020.5,77.0,9975.0,10010.0,462.0,AGG_BUY,,,,,,
2,49000,HYDROGEL_PACK,1,13.0,9965.0,9957.0,16.0,0.0,490,-169.0,9952.0,-299.0,9942.0,-169.0,9952.0,-221.0,9948.0,715.0,10020.0,117.0,9974.0,10010.0,585.0,AGG_BUY,,,,,,
2,49000,VELVETFRUIT_EXTRACT,1,15.0,5257.0,5256.0,2.0,0.5714285714285714,490,52.5,5260.5,-7.5,5256.5,-210.0,5243.0,127.5,5265.5,127.5,5265.5,-292.5,5237.5,5295.5,577.5,AGG_BUY,,,,,,
2,49100,HYDROGEL_PACK,1,13.0,9966.0,9958.0,16.0,0.0,491,-143.0,9955.0,-325.0,9941.0,-156.0,9954.0,-195.0,9951.0,650.0,10016.0,78.0,9972.0,10010.0,572.0,AGG_BUY,,,,,,
2,49200,HYDROGEL_PACK,1,15.0,9967.0,9959.0,16.0,0.0,492,-180.0,9955.0,-405.0,9940.0,-210.0,9953.0,-217.5,9952.5,810.0,10021.0,60.0,9971.0,10010.0,645.0,AGG_BUY,,,,,,
2,49300,HYDROGEL_PACK,1,12.0,9967.0,9959.0,16.0,0.0,493,-168.0,9953.0,-342.0,9938.5,-156.0,9954.0,-180.0,9952.0,636.0,10020.0,48.0,9971.0,10010.0,516.0,AGG_BUY,,,,,,
2,49400,HYDROGEL_PACK,1,15.0,9966.0,9962.0,8.0,-0.25,494,-195.0,9953.0,-420.0,9938.0,-195.0,9953.0,-195.0,9953.0,765.0,10017.0,52.5,9969.5,10010.0,660.0,AGG_BUY,,,,,,
2,49500,HYDROGEL_PACK,1,10.0,9964.0,9956.0,16.0,0.0,495,-110.0,9953.0,-240.0,9940.0,-90.0,9955.0,-110.0,9953.0,530.0,10017.0,70.0,9971.0,10010.0,460.0,AGG_BUY,,,,,,
2,49600,HYDROGEL_PACK,1,10.0,9966.0,9958.0,16.0,0.0,496,-135.0,9952.5,-270.0,9939.0,-120.0,9954.0,-130.0,9953.0,510.0,10017.0,40.0,9970.0,10010.0,440.0,AGG_BUY,,,,,,
2,49700,HYDROGEL_PACK,1,14.0,9963.0,9955.0,16.0,0.0,497,-154.0,9952.0,-294.0,9942.0,-168.0,9951.0,-98.0,9956.0,770.0,10018.0,70.0,9968.0,10010.0,658.0,AGG_BUY,,,,,,
2,49800,HYDROGEL_PACK,1,8.0,9960.0,9952.0,16.0,0.0,498,-80.0,9950.0,-148.0,9941.5,-32.0,9956.0,-8.0,9959.0,456.0,10017.0,56.0,9967.0,10010.0,400.0,AGG_BUY,,,,,,
2,50900,VELVETFRUIT_EXTRACT,-1,19.0,5263.0,5265.5,5.0,-0.5421686746987951,509,28.5,5261.5,142.5,5255.5,313.5,5246.5,85.5,5258.5,-161.5,5271.5,446.5,5239.5,5295.5,-617.5,AGG_SELL,,,,,,
2,52900,VEV_4000,1,5.0,1259.0,1254.0,10.0,0.3333333333333333,529,-2.5,1258.5,-52.5,1248.5,-47.5,1249.5,17.5,1262.5,75.0,1274.0,-122.5,1234.5,1295.0,180.0,AGG_BUY,,,,,,
2,52900,VEV_4500,1,5.0,759.0,755.0,8.0,0.375,529,-5.0,758.0,-50.0,749.0,-50.0,749.0,20.0,763.0,75.0,774.0,-120.0,735.0,795.5,182.5,AGG_BUY,,,,,,
2,52900,VEV_5000,1,5.0,262.0,261.0,2.0,0.375,529,-2.5,261.5,-50.0,252.0,-45.0,253.0,20.0,266.0,72.5,276.5,-115.0,239.0,296.5,172.5,AGG_BUY,,,,,,
2,52900,VEV_5100,1,5.0,172.0,171.0,2.0,0.6666666666666666,529,-5.0,171.0,-45.0,163.0,-40.0,164.0,15.0,175.0,62.5,184.5,-115.0,149.0,201.5,147.5,AGG_BUY,,,,,,
2,52900,VEV_5200,1,5.0,99.0,98.5,1.0,0.6666666666666666,529,-2.5,98.5,-32.5,92.5,-32.5,92.5,12.5,101.5,47.5,108.5,-95.0,80.0,119.0,100.0,AGG_BUY,,,,,,
2,52900,VEV_5300,1,5.0,48.0,47.5,1.0,0.6153846153846154,529,0.0,48.0,-20.0,44.0,-20.0,44.0,10.0,50.0,30.0,54.0,-60.0,36.0,58.0,50.0,AGG_BUY,,,,,,
2,53200,VELVETFRUIT_EXTRACT,-1,5.0,5263.0,5261.5,5.0,-0.4838709677419355,532,17.5,5259.5,65.0,5250.0,50.0,5253.0,-12.5,5265.5,-50.0,5273.0,122.5,5238.5,5295.5,-162.5,PASS_SELL,,,,,,
2,53600,VELVETFRUIT_EXTRACT,1,5.0,5258.0,5259.5,5.0,0.46511627906976744,536,12.5,5260.5,-52.5,5247.5,-27.5,5252.5,32.5,5264.5,72.5,5272.5,-95.0,5239.0,5295.5,187.5,PASS_BUY,,,,,,
2,55400,VELVETFRUIT_EXTRACT,1,7.0,5256.0,5255.0,2.0,0.4166666666666667,554,-24.5,5252.5,-84.0,5244.0,-31.5,5251.5,31.5,5260.5,133.0,5275.0,-112.0,5240.0,5295.5,276.5,AGG_BUY,,,,,,
2,55800,VELVETFRUIT_EXTRACT,1,8.0,5254.0,5253.5,1.0,0.42857142857142855,558,-4.0,5253.5,-60.0,5246.5,-12.0,5252.5,48.0,5260.0,180.0,5276.5,-100.0,5241.5,5295.5,332.0,AGG_BUY,,,,,,
2,56600,VELVETFRUIT_EXTRACT,1,8.0,5251.0,5250.0,2.0,0.7575757575757576,566,-20.0,5248.5,-28.0,5247.5,20.0,5253.5,68.0,5259.5,204.0,5276.5,-76.0,5241.5,5295.5,356.0,AGG_BUY,,,,,,
2,63200,VELVETFRUIT_EXTRACT,-1,8.0,5252.0,5253.0,2.0,-0.4074074074074074,632,-4.0,5252.5,-52.0,5258.5,-40.0,5257.0,-44.0,5257.5,-160.0,5272.0,104.0,5239.0,5295.5,-348.0,AGG_SELL,,,,,,
2,64300,VELVETFRUIT_EXTRACT,1,3.0,5250.0,5252.0,6.0,0.0,643,4.5,5251.5,13.5,5254.5,21.0,5257.0,22.5,5257.5,94.5,5281.5,-37.5,5237.5,5295.5,136.5,PASS_BUY,,,,,,
2,65900,VELVETFRUIT_EXTRACT,1,6.0,5252.0,5251.0,2.0,0.5714285714285714,659,15.0,5254.5,24.0,5256.0,15.0,5254.5,3.0,5252.5,135.0,5274.5,-87.0,5237.5,5295.5,261.0,AGG_BUY,,,,,,
2,67600,VELVETFRUIT_EXTRACT,-1,4.0,5261.0,5259.5,5.0,-0.4523809523809524,676,22.0,5255.5,8.0,5259.0,30.0,5253.5,6.0,5259.5,-32.0,5269.0,122.0,5230.5,5295.5,-138.0,PASS_SELL,,,,,,
2,69200,VELVETFRUIT_EXTRACT,1,11.0,5253.0,5252.0,2.0,0.15384615384615385,692,38.5,5256.5,38.5,5256.5,38.5,5256.5,-27.5,5250.5,203.5,5271.5,-291.5,5226.5,5295.5,467.5,AGG_BUY,,,,,,
2,70400,VELVETFRUIT_EXTRACT,-1,5.0,5259.0,5257.5,5.0,0.5362318840579711,704,35.0,5252.0,12.5,5256.5,-17.5,5262.5,12.5,5256.5,-47.5,5268.5,152.5,5228.5,5295.5,-182.5,PASS_SELL,,,,,,
2,71300,VELVETFRUIT_EXTRACT,1,6.0,5254.0,5253.0,2.0,0.52,713,9.0,5255.5,3.0,5254.5,63.0,5264.5,21.0,5257.5,111.0,5272.5,-150.0,5229.0,5295.5,249.0,AGG_BUY,,,,,,
2,71500,VELVETFRUIT_EXTRACT,1,4.0,5252.0,5253.0,4.0,-0.7647058823529411,715,26.0,5258.5,12.0,5255.0,56.0,5266.0,22.0,5257.5,86.0,5273.5,-98.0,5227.5,5295.5,174.0,PASS_BUY,,,,,,
2,73200,VELVETFRUIT_EXTRACT,1,5.0,5255.0,5257.0,6.0,0.0,732,7.5,5256.5,2.5,5255.5,57.5,5266.5,37.5,5262.5,107.5,5276.5,-107.5,5233.5,5295.5,202.5,PASS_BUY,,,,,,
2,75200,VEV_4000,1,4.0,1255.0,1250.0,10.0,0.5789473684210527,752,-6.0,1253.5,22.0,1260.5,54.0,1268.5,26.0,1261.5,88.0,1277.0,-96.0,1231.0,1295.0,160.0,AGG_BUY,,,,,,
2,75200,VEV_4500,1,4.0,755.0,751.0,8.0,0.38461538461538464,752,-6.0,753.5,24.0,761.0,54.0,768.5,28.0,762.0,88.0,777.0,-96.0,731.0,795.5,162.0,AGG_BUY,,,,,,
2,75200,VEV_5000,1,4.0,258.0,257.0,2.0,0.38461538461538464,752,-4.0,257.0,24.0,264.0,54.0,271.5,28.0,265.0,86.0,279.5,-88.0,236.0,296.5,154.0,AGG_BUY,,,,,,
2,75200,VEV_5100,1,4.0,168.0,167.5,1.0,0.38461538461538464,752,-4.0,167.0,22.0,173.5,48.0,180.0,24.0,174.0,76.0,187.0,-88.0,146.0,201.5,134.0,AGG_BUY,,,,,,
2,75200,VEV_5200,1,4.0,96.0,95.5,1.0,0.75,752,-2.0,95.5,18.0,100.5,38.0,105.5,18.0,100.5,58.0,110.5,-74.0,77.5,119.0,92.0,AGG_BUY,,,,,,
2,76700,VELVETFRUIT_EXTRACT,-1,4.0,5257.0,5255.0,6.0,0.0,767,14.0,5253.5,-38.0,5266.5,-42.0,5267.5,-18.0,5261.5,-90.0,5279.5,122.0,5226.5,5295.5,-154.0,PASS_SELL,,,,,,
2,78300,VELVETFRUIT_EXTRACT,-1,15.0,5254.0,5255.5,3.0,-0.625,783,-52.5,5257.5,-172.5,5265.5,-210.0,5268.0,-52.5,5257.5,-330.0,5276.0,427.5,5225.5,5295.5,-622.5,AGG_SELL,,,,,,
2,79300,VEV_4000,1,5.0,1257.0,1252.0,10.0,0.47368421052631576,793,17.5,1260.5,62.5,1269.5,62.5,1269.5,-7.5,1255.5,65.0,1270.0,-187.5,1219.5,1295.0,190.0,AGG_BUY,,,,,,
2,79300,VEV_4500,1,5.0,757.0,753.5,7.0,0.375,793,20.0,761.0,60.0,769.0,62.5,769.5,-5.0,756.0,65.0,770.0,-187.5,719.5,795.5,192.5,AGG_BUY,,,,,,
2,79300,VEV_5000,1,5.0,261.0,259.5,3.0,0.375,793,15.0,264.0,55.0,272.0,57.5,272.5,-10.0,259.0,57.5,272.5,-180.0,225.0,296.5,177.5,AGG_BUY,,,,,,
2,79300,VEV_5100,1,5.0,170.0,169.5,1.0,0.375,793,17.5,173.5,52.5,180.5,52.5,180.5,-5.0,169.0,55.0,181.0,-165.0,137.0,201.5,157.5,AGG_BUY,,,,,,
2,79300,VEV_5200,1,5.0,98.0,97.5,1.0,0.375,793,12.5,100.5,37.5,105.5,42.5,106.5,-2.5,97.5,37.5,105.5,-137.5,70.5,119.0,105.0,AGG_BUY,,,,,,
2,81700,VELVETFRUIT_EXTRACT,-1,9.0,5265.0,5266.5,3.0,-0.25,817,-49.5,5270.5,-22.5,5267.5,-13.5,5266.5,67.5,5257.5,-13.5,5266.5,364.5,5224.5,5295.5,-274.5,AGG_SELL,,,,,,
2,82200,VELVETFRUIT_EXTRACT,-1,66.0,5269.0,5272.0,6.0,0.0,822,165.0,5266.5,-33.0,5269.5,33.0,5268.5,825.0,5256.5,99.0,5267.5,2970.0,5224.0,5295.5,-1749.0,AGG_SELL,,,,,,
2,83800,VELVETFRUIT_EXTRACT,-1,9.0,5268.0,5269.5,3.0,-0.6896551724137931,838,-49.5,5273.5,-13.5,5269.5,-13.5,5269.5,103.5,5256.5,22.5,5265.5,445.5,5218.5,5295.5,-247.5,AGG_SELL,,,,,,
2,84100,VELVETFRUIT_EXTRACT,-1,8.0,5271.0,5269.0,6.0,0.0,841,20.0,5268.5,20.0,5268.5,32.0,5267.0,124.0,5255.5,68.0,5262.5,416.0,5219.0,5295.5,-196.0,PASS_SELL,,,,,,
2,84300,VELVETFRUIT_EXTRACT,-1,9.0,5269.0,5270.5,3.0,-0.7631578947368421,843,4.5,5268.5,-4.5,5269.5,4.5,5268.5,130.5,5254.5,63.0,5262.0,459.0,5218.0,5295.5,-238.5,AGG_SELL,,,,,,
2,84400,VELVETFRUIT_EXTRACT,-1,5.0,5272.0,5270.5,5.0,0.4,844,17.5,5268.5,12.5,5269.5,22.5,5267.5,77.5,5256.5,52.5,5261.5,270.0,5218.0,5295.5,-117.5,PASS_SELL,,,,,,
2,84700,VELVETFRUIT_EXTRACT,-1,19.0,5273.0,5275.5,5.0,-0.5365853658536586,847,28.5,5271.5,123.5,5266.5,142.5,5265.5,323.0,5256.0,218.5,5261.5,1054.5,5217.5,5295.5,-427.5,AGG_SELL,,,,,,
2,84800,VELVETFRUIT_EXTRACT,-1,5.0,5275.0,5273.5,5.0,0.45,848,27.5,5269.5,37.5,5267.5,52.5,5264.5,87.5,5257.5,62.5,5262.5,292.5,5216.5,5295.5,-102.5,PASS_SELL,,,,,,
2,85500,VELVETFRUIT_EXTRACT,-1,8.0,5272.0,5270.5,5.0,-0.5405405405405406,855,4.0,5271.5,28.0,5268.5,76.0,5262.5,124.0,5256.5,100.0,5259.5,452.0,5215.5,5295.5,-188.0,PASS_SELL,,,,,,
2,86500,VELVETFRUIT_EXTRACT,-1,10.0,5270.0,5271.5,3.0,-0.6428571428571429,865,-5.0,5270.5,25.0,5267.5,55.0,5264.5,130.0,5257.0,115.0,5258.5,555.0,5214.5,5295.5,-255.0,AGG_SELL,,,,,,
2,88700,VELVETFRUIT_EXTRACT,1,8.0,5269.0,5268.0,2.0,0.7837837837837838,887,-20.0,5266.5,-12.0,5267.5,-32.0,5265.0,-80.0,5259.0,-76.0,5259.5,-436.0,5214.5,5295.5,212.0,AGG_BUY,,,,,,
2,90100,VELVETFRUIT_EXTRACT,-1,8.0,5268.0,5269.5,3.0,-0.7808219178082192,901,20.0,5265.5,28.0,5264.5,36.0,5263.5,84.0,5257.5,68.0,5259.5,428.0,5214.5,5295.5,-220.0,AGG_SELL,,,,,,
2,91700,VELVETFRUIT_EXTRACT,1,8.0,5265.0,5266.5,5.0,0.0,917,28.0,5268.5,-12.0,5263.5,-12.0,5263.5,-52.0,5258.5,-48.0,5259.0,-392.0,5216.0,5295.5,244.0,PASS_BUY,,,,,,
2,92600,VELVETFRUIT_EXTRACT,-1,4.0,5270.0,5268.5,5.0,-0.43661971830985913,926,10.0,5267.5,34.0,5261.5,20.0,5265.0,50.0,5257.5,28.0,5263.0,198.0,5220.5,5295.5,-102.0,PASS_SELL,,,,,,
2,94100,VELVETFRUIT_EXTRACT,1,5.0,5268.0,5267.0,2.0,0.6,941,-17.5,5264.5,-17.5,5264.5,-37.5,5260.5,-22.5,5263.5,-20.0,5264.0,-242.5,5219.5,5295.5,137.5,AGG_BUY,,,,,,
2,94500,VELVETFRUIT_EXTRACT,1,9.0,5267.0,5266.0,2.0,0.7534246575342466,945,-40.5,5262.5,-27.0,5264.0,-31.5,5263.5,-31.5,5263.5,-22.5,5264.5,-445.5,5217.5,5295.5,256.5,AGG_BUY,,,,,,
2,94900,VELVETFRUIT_EXTRACT,1,10.0,5264.0,5263.0,2.0,0.3333333333333333,949,-25.0,5261.5,0.0,5264.0,-25.0,5261.5,30.0,5267.0,-40.0,5260.0,-425.0,5221.5,5295.5,315.0,AGG_BUY,,,,,,
2,95100,VELVETFRUIT_EXTRACT,1,8.0,5263.0,5264.5,5.0,0.47619047619047616,951,-8.0,5262.0,4.0,5263.5,-12.0,5261.5,48.0,5269.0,-32.0,5259.0,-328.0,5222.0,5295.5,260.0,PASS_BUY,,,,,,
2,95600,VELVETFRUIT_EXTRACT,1,9.0,5262.0,5261.0,2.0,0.775,956,9.0,5263.0,-22.5,5259.5,-22.5,5259.5,54.0,5268.0,4.5,5262.5,-337.5,5224.5,5295.5,301.5,AGG_BUY,,,,,,
2,97400,VELVETFRUIT_EXTRACT,1,5.0,5259.0,5260.5,5.0,0.4430379746835443,974,27.5,5264.5,22.5,5263.5,7.5,5260.5,17.5,5262.5,20.0,5263.0,-130.0,5233.0,5295.5,182.5,PASS_BUY,,,,,,
2,99300,VELVETFRUIT_EXTRACT,1,8.0,5262.0,5261.5,1.0,0.5151515151515151,993,-4.0,5261.5,12.0,5263.5,8.0,5263.0,40.0,5267.0,12.0,5263.5,-168.0,5241.0,5295.5,268.0,AGG_BUY,,,,,,
2,102600,VEV_4000,1,2.0,1264.0,1259.0,10.0,0.6363636363636364,1026,1.0,1264.5,-3.0,1262.5,-11.0,1258.5,21.0,1274.5,-7.0,1260.5,-33.0,1247.5,1295.0,62.0,AGG_BUY,,,,,,
2,102600,VEV_4500,1,2.0,764.0,760.5,7.0,0.6923076923076923,1026,2.0,765.0,-4.0,762.0,-12.0,758.0,21.0,774.5,-6.0,761.0,-34.0,747.0,795.5,63.0,AGG_BUY,,,,,,
2,102600,VEV_5100,1,2.0,176.0,175.0,2.0,0.8787878787878788,1026,1.0,176.5,-3.0,174.5,-10.0,171.0,17.0,184.5,-6.0,173.0,-34.0,159.0,201.5,51.0,AGG_BUY,,,,,,
2,104000,VELVETFRUIT_EXTRACT,1,8.0,5260.0,5259.0,2.0,0.746031746031746,1040,28.0,5263.5,28.0,5263.5,-20.0,5257.5,76.0,5269.5,-4.0,5259.5,-132.0,5243.5,5295.5,284.0,AGG_BUY,,,,,,
2,105500,VEV_4000,1,5.0,1258.0,1253.0,10.0,0.2857142857142857,1055,12.5,1260.5,7.5,1259.5,-22.5,1253.5,82.5,1274.5,25.0,1263.0,-75.0,1243.0,1295.0,185.0,AGG_BUY,,,,,,
2,105500,VEV_4500,1,5.0,758.0,754.5,7.0,0.23076923076923078,1055,12.5,760.5,10.0,760.0,-20.0,754.0,82.5,774.5,25.0,763.0,-75.0,743.0,795.5,187.5,AGG_BUY,,,,,,
2,105500,VEV_5000,1,5.0,262.0,260.5,3.0,0.23076923076923078,1055,10.0,264.0,5.0,263.0,-25.0,257.0,75.0,277.0,20.0,266.0,-75.0,247.0,296.5,172.5,AGG_BUY,,,,,,
2,105500,VEV_5100,1,5.0,171.0,170.0,2.0,0.6551724137931034,1055,10.0,173.0,5.0,172.0,-20.0,167.0,70.0,185.0,20.0,175.0,-75.0,156.0,201.5,152.5,AGG_BUY,,,,,,
2,105500,VEV_5200,1,5.0,99.0,98.5,1.0,0.23076923076923078,1055,7.5,100.5,2.5,99.5,-17.5,95.5,47.5,108.5,7.5,100.5,-72.5,84.5,119.0,100.0,AGG_BUY,,,,,,
2,106100,VELVETFRUIT_EXTRACT,-1,5.0,5260.0,5261.5,3.0,-0.8507462686567164,1061,-2.5,5260.5,7.5,5258.5,22.5,5255.5,-72.5,5274.5,-20.0,5264.0,47.5,5250.5,5295.5,-177.5,AGG_SELL,,,,,,
2,107900,VELVETFRUIT_EXTRACT,1,8.0,5261.0,5260.0,2.0,0.7714285714285715,1079,4.0,5261.5,-20.0,5258.5,-12.0,5259.5,108.0,5274.5,76.0,5270.5,-84.0,5250.5,5295.5,276.0,AGG_BUY,,,,,,
2,108800,VELVETFRUIT_EXTRACT,-1,3.0,5262.0,5260.5,5.0,0.0,1088,-7.5,5264.5,13.5,5257.5,25.5,5253.5,-40.5,5275.5,-16.5,5267.5,28.5,5252.5,5295.5,-100.5,PASS_SELL,,,,,,
2,109400,VELVETFRUIT_EXTRACT,-1,6.0,5265.0,5263.0,6.0,0.0,1094,33.0,5259.5,42.0,5258.0,99.0,5248.5,-54.0,5274.0,-15.0,5267.5,75.0,5252.5,5295.5,-183.0,PASS_SELL,,,,,,
2,109800,VELVETFRUIT_EXTRACT,-1,3.0,5266.0,5264.5,5.0,0.0,1098,22.5,5258.5,24.0,5258.0,43.5,5251.5,-22.5,5273.5,-4.5,5267.5,49.5,5249.5,5295.5,-88.5,PASS_SELL,,,,,,
2,111300,VELVETFRUIT_EXTRACT,-1,7.0,5262.0,5260.5,5.0,-0.5333333333333333,1113,28.0,5258.0,52.5,5254.5,31.5,5257.5,-66.5,5271.5,-38.5,5267.5,133.0,5243.0,5295.5,-234.5,PASS_SELL,,,,,,
2,114500,HYDROGEL_PACK,-1,5.0,9993.0,9986.0,16.0,0.0,1145,-5.0,9994.0,-20.0,9997.0,-120.0,10017.0,-190.0,10031.0,90.0,9975.0,-195.0,10032.0,10010.0,-85.0,PASS_SELL,,,,,,
2,120700,VELVETFRUIT_EXTRACT,-1,8.0,5256.0,5257.5,3.0,-0.7647058823529411,1207,-28.0,5259.5,-64.0,5264.0,8.0,5255.0,-100.0,5268.5,-60.0,5263.5,180.0,5233.5,5295.5,-316.0,AGG_SELL,,,,,,
2,121500,HYDROGEL_PACK,-1,5.0,10006.0,10010.0,8.0,-0.3333333333333333,1215,-0.0,10006.0,-55.0,10017.0,30.0,10000.0,-0.0,10006.0,275.0,9951.0,-95.0,10025.0,10010.0,-20.0,AGG_SELL,,,,,,
2,122900,VELVETFRUIT_EXTRACT,1,8.0,5259.0,5261.0,6.0,0.0,1229,32.0,5263.0,-28.0,5255.5,-20.0,5256.5,132.0,5275.5,4.0,5259.5,-180.0,5236.5,5295.5,292.0,PASS_BUY,,,,,,
2,124300,HYDROGEL_PACK,-1,12.0,10012.0,10020.0,16.0,0.0,1243,-0.0,10012.0,108.0,10003.0,108.0,10003.0,-60.0,10017.0,936.0,9934.0,-96.0,10020.0,10010.0,24.0,AGG_SELL,,,,,,
2,124900,HYDROGEL_PACK,-1,3.0,10021.0,10014.0,16.0,0.0,1249,24.0,10013.0,34.5,10009.5,39.0,10008.0,-0.0,10021.0,270.0,9931.0,-6.0,10023.0,10010.0,33.0,PASS_SELL,,,,,,
2,125200,VELVETFRUIT_EXTRACT,1,13.0,5261.0,5260.0,2.0,0.675,1252,19.5,5262.5,-71.5,5255.5,-65.0,5256.0,208.0,5277.0,71.5,5266.5,-305.5,5237.5,5295.5,448.5,AGG_BUY,,,,,,
2,125900,VELVETFRUIT_EXTRACT,-1,10.0,5265.0,5266.0,2.0,-0.23076923076923078,1259,45.0,5260.5,75.0,5257.5,85.0,5256.5,-125.0,5277.5,20.0,5263.0,220.0,5243.0,5295.5,-305.0,AGG_SELL,,,,,,
2,129300,VELVETFRUIT_EXTRACT,1,5.0,5255.0,5254.0,2.0,0.8529411764705882,1293,-2.5,5254.5,-2.5,5254.5,-7.5,5253.5,75.0,5270.0,35.0,5262.0,-52.5,5244.5,5295.5,202.5,AGG_BUY,,,,,,
2,129400,HYDROGEL_PACK,-1,4.0,10008.0,10001.0,16.0,0.0,1294,6.0,10006.5,4.0,10007.0,-36.0,10017.0,-4.0,10009.0,380.0,9913.0,-76.0,10027.0,10010.0,-8.0,PASS_SELL,,,,,,
2,129700,VELVETFRUIT_EXTRACT,1,9.0,5256.0,5255.0,2.0,0.6896551724137931,1297,-9.0,5255.0,0.0,5256.0,13.5,5257.5,121.5,5269.5,76.5,5264.5,-103.5,5244.5,5295.5,355.5,AGG_BUY,,,,,,
2,129700,VEV_4000,1,4.0,1256.0,1251.0,10.0,0.42857142857142855,1297,-4.0,1255.0,6.0,1257.5,2.0,1256.5,54.0,1269.5,34.0,1264.5,-46.0,1244.5,1295.0,156.0,AGG_BUY,,,,,,
2,129700,VEV_4500,1,4.0,756.0,752.5,7.0,0.42857142857142855,1297,-4.0,755.0,8.0,758.0,4.0,757.0,56.0,770.0,36.0,765.0,-46.0,744.5,795.5,158.0,AGG_BUY,,,,,,
2,129700,VEV_5100,1,4.0,169.0,168.0,2.0,0.7419354838709677,1297,-4.0,168.0,6.0,170.5,2.0,169.5,48.0,181.0,28.0,176.0,-48.0,157.0,201.5,130.0,AGG_BUY,,,,,,
2,130000,VELVETFRUIT_EXTRACT,1,5.0,5254.0,5252.5,3.0,0.8275862068965517,1300,22.5,5258.5,25.0,5259.0,12.5,5256.5,72.5,5268.5,55.0,5265.0,-45.0,5245.0,5295.5,207.5,AGG_BUY,,,,,,
2,130300,VELVETFRUIT_EXTRACT,1,6.0,5253.0,5254.5,5.0,0.0,1303,21.0,5256.5,24.0,5257.0,21.0,5256.5,93.0,5268.5,75.0,5265.5,-51.0,5244.5,5295.5,255.0,PASS_BUY,,,,,,
2,131900,VELVETFRUIT_EXTRACT,-1,7.0,5256.0,5257.5,3.0,-0.7910447761194029,1319,-3.5,5256.5,-17.5,5258.5,-14.0,5258.0,-73.5,5266.5,-59.5,5264.5,80.5,5244.5,5295.5,-276.5,AGG_SELL,,,,,,
2,133000,VELVETFRUIT_EXTRACT,-1,7.0,5259.0,5257.5,5.0,-0.47126436781609193,1330,31.5,5254.5,10.5,5257.5,3.5,5258.5,-45.5,5265.5,-38.5,5264.5,80.5,5247.5,5295.5,-255.5,PASS_SELL,,,,,,
2,135500,VELVETFRUIT_EXTRACT,-1,7.0,5258.0,5256.5,5.0,-0.47368421052631576,1355,7.0,5257.0,14.0,5256.0,-73.5,5268.5,-10.5,5259.5,-105.0,5273.0,70.0,5248.0,5295.5,-262.5,PASS_SELL,,,,,,
2,137400,VELVETFRUIT_EXTRACT,-1,10.0,5262.0,5263.5,3.0,-0.6610169491525424,1374,65.0,5255.5,65.0,5255.5,-5.0,5262.5,35.0,5258.5,-85.0,5270.5,155.0,5246.5,5295.5,-335.0,AGG_SELL,,,,,,
2,138300,VELVETFRUIT_EXTRACT,1,15.0,5256.0,5255.0,2.0,0.6428571428571429,1383,-37.5,5253.5,52.5,5259.5,157.5,5266.5,52.5,5259.5,157.5,5266.5,-142.5,5246.5,5295.5,592.5,AGG_BUY,,,,,,
2,138700,VELVETFRUIT_EXTRACT,-1,3.0,5261.0,5259.0,6.0,0.0,1387,10.5,5257.5,-1.5,5261.5,-10.5,5264.5,4.5,5259.5,-4.5,5262.5,43.5,5246.5,5295.5,-103.5,PASS_SELL,,,,,,
2,139700,VELVETFRUIT_EXTRACT,-1,9.0,5256.0,5257.5,3.0,-0.3333333333333333,1397,-22.5,5258.5,-85.5,5265.5,-126.0,5270.0,-31.5,5259.5,-76.5,5264.5,85.5,5246.5,5295.5,-355.5,AGG_SELL,,,,,,
2,140500,VELVETFRUIT_EXTRACT,1,7.0,5257.0,5256.0,2.0,0.7971014492753623,1405,14.0,5259.0,80.5,5268.5,73.5,5267.5,7.0,5258.0,80.5,5268.5,-94.5,5243.5,5295.5,269.5,AGG_BUY,,,,,,
2,141500,HYDROGEL_PACK,-1,12.0,10020.0,10028.0,16.0,0.0,1415,-18.0,10021.5,156.0,10007.0,-24.0,10022.0,468.0,9981.0,1164.0,9923.0,168.0,10006.0,10010.0,120.0,AGG_SELL,,,,,,
2,141600,HYDROGEL_PACK,-1,13.0,10020.0,10028.0,16.0,0.0,1416,52.0,10016.0,182.0,10006.0,-26.0,10022.0,520.0,9980.0,1248.0,9924.0,130.0,10010.0,10010.0,130.0,AGG_SELL,,,,,,
2,141700,HYDROGEL_PACK,-1,15.0,10021.0,10029.0,16.0,0.0,1417,60.0,10017.0,225.0,10006.0,30.0,10019.0,645.0,9978.0,1440.0,9925.0,165.0,10010.0,10010.0,165.0,AGG_SELL,,,,,,
2,143100,VELVETFRUIT_EXTRACT,-1,7.0,5260.0,5258.0,6.0,0.0,1431,-24.5,5263.5,-45.5,5266.5,-91.0,5273.0,-17.5,5262.5,-87.5,5272.5,115.5,5243.5,5295.5,-248.5,PASS_SELL,,,,,,
2,143200,VELVETFRUIT_EXTRACT,-1,7.0,5258.0,5259.5,3.0,-0.8028169014084507,1432,-28.0,5262.0,-49.0,5265.0,-105.0,5273.0,-24.5,5261.5,-94.5,5271.5,98.0,5244.0,5295.5,-262.5,AGG_SELL,,,,,,
2,144300,VELVETFRUIT_EXTRACT,-1,6.0,5265.0,5263.0,6.0,0.0,1443,-30.0,5270.0,-12.0,5267.0,-42.0,5272.0,6.0,5264.0,-57.0,5274.5,117.0,5245.5,5295.5,-183.0,PASS_SELL,,,,,,
2,145100,HYDROGEL_PACK,-1,5.0,10011.0,10004.0,16.0,0.0,1451,-0.0,10011.0,-25.0,10016.0,10.0,10009.0,135.0,9984.0,355.0,9940.0,-65.0,10024.0,10010.0,5.0,PASS_SELL,,,,,,
2,145100,VELVETFRUIT_EXTRACT,-1,6.0,5267.0,5269.0,4.0,-0.8421052631578947,1451,-3.0,5267.5,-3.0,5267.5,-42.0,5274.0,48.0,5259.0,-33.0,5272.5,129.0,5245.5,5295.5,-171.0,AGG_SELL,,,,,,
2,145300,VELVETFRUIT_EXTRACT,-1,7.0,5268.0,5270.0,4.0,-0.8133333333333334,1453,24.5,5264.5,7.0,5267.0,-45.5,5274.5,52.5,5260.5,-31.5,5272.5,168.0,5244.0,5295.5,-192.5,AGG_SELL,,,,,,
2,147200,VELVETFRUIT_EXTRACT,1,8.0,5260.0,5261.5,5.0,0.5056179775280899,1472,40.0,5265.0,108.0,5273.5,108.0,5273.5,12.0,5261.5,148.0,5278.5,-84.0,5249.5,5295.5,284.0,PASS_BUY,,,,,,
2,148100,VELVETFRUIT_EXTRACT,-1,11.0,5265.0,5266.5,3.0,-0.6986301369863014,1481,-0.0,5265.0,-88.0,5273.0,-115.5,5275.5,5.5,5264.5,-132.0,5277.0,214.5,5245.5,5295.5,-335.5,AGG_SELL,,,,,,
2,150400,HYDROGEL_PACK,-1,13.0,10016.0,10024.0,16.0,0.0,1504,-78.0,10022.0,104.0,10008.0,-169.0,10029.0,546.0,9974.0,1001.0,9939.0,-351.0,10043.0,10010.0,78.0,AGG_SELL,,,,,,
2,150600,HYDROGEL_PACK,-1,4.0,10027.0,10020.0,16.0,0.0,1506,20.0,10022.0,64.0,10011.0,-4.0,10028.0,220.0,9972.0,348.0,9940.0,-64.0,10043.0,10010.0,68.0,PASS_SELL,,,,,,
2,154300,VELVETFRUIT_EXTRACT,-1,6.0,5274.0,5272.0,6.0,0.0,1543,-3.0,5274.5,3.0,5273.5,-45.0,5281.5,93.0,5258.5,39.0,5267.5,135.0,5251.5,5295.5,-129.0,PASS_SELL,,,,,,
2,155100,VELVETFRUIT_EXTRACT,-1,8.0,5276.0,5274.0,6.0,0.0,1551,12.0,5274.5,20.0,5273.5,-12.0,5277.5,100.0,5263.5,80.0,5266.0,204.0,5250.5,5295.5,-156.0,PASS_SELL,,,,,,
2,155300,VELVETFRUIT_EXTRACT,-1,3.0,5276.0,5274.5,5.0,0.47368421052631576,1553,-1.5,5276.5,7.5,5273.5,-6.0,5278.0,34.5,5264.5,25.5,5267.5,75.0,5251.0,5295.5,-58.5,PASS_SELL,,,,,,
2,155700,VELVETFRUIT_EXTRACT,-1,4.0,5276.0,5274.5,5.0,0.47368421052631576,1557,-2.0,5276.5,22.0,5270.5,16.0,5272.0,54.0,5262.5,34.0,5267.5,90.0,5253.5,5295.5,-78.0,PASS_SELL,,,,,,
2,156200,HYDROGEL_PACK,-1,14.0,10013.0,10021.0,16.0,0.0,1562,14.0,10012.0,-70.0,10018.0,-154.0,10024.0,406.0,9984.0,1092.0,9935.0,-322.0,10036.0,10010.0,42.0,AGG_SELL,,,,,,
2,156400,HYDROGEL_PACK,-1,10.0,10014.0,10022.0,16.0,0.0,1564,20.0,10012.0,-60.0,10020.0,-90.0,10023.0,300.0,9984.0,810.0,9933.0,-210.0,10035.0,10010.0,40.0,AGG_SELL,,,,,,
2,157000,HYDROGEL_PACK,-1,4.0,10023.0,10016.0,16.0,0.0,1570,64.0,10007.0,12.0,10020.0,8.0,10021.0,160.0,9983.0,380.0,9928.0,-48.0,10035.0,10010.0,52.0,PASS_SELL,,,,,,
2,157400,VELVETFRUIT_EXTRACT,1,13.0,5272.0,5271.0,2.0,0.6941176470588235,1574,45.5,5275.5,-58.5,5267.5,-32.5,5269.5,-32.5,5269.5,-45.5,5268.5,-266.5,5251.5,5295.5,305.5,AGG_BUY,,,,,,
2,160000,HYDROGEL_PACK,-1,10.0,10019.0,10027.0,16.0,0.0,1600,-30.0,10022.0,-60.0,10025.0,70.0,10012.0,440.0,9975.0,930.0,9926.0,-210.0,10040.0,10010.0,90.0,AGG_SELL,,,,,,
2,160200,HYDROGEL_PACK,-1,15.0,10019.0,10027.0,16.0,0.0,1602,15.0,10018.0,-120.0,10027.0,120.0,10011.0,660.0,9975.0,1335.0,9930.0,-315.0,10040.0,10010.0,135.0,AGG_SELL,,,,,,
2,160400,HYDROGEL_PACK,-1,13.0,10021.0,10029.0,16.0,0.0,1604,13.0,10020.0,-104.0,10029.0,156.0,10009.0,598.0,9975.0,1196.0,9929.0,-221.0,10038.0,10010.0,143.0,AGG_SELL,,,,,,
2,160500,HYDROGEL_PACK,-1,14.0,10022.0,10030.0,16.0,0.0,1605,28.0,10020.0,-154.0,10033.0,140.0,10012.0,686.0,9973.0,1316.0,9928.0,-252.0,10040.0,10010.0,168.0,AGG_SELL,,,,,,
2,160600,HYDROGEL_PACK,-1,13.0,10020.0,10028.0,16.0,0.0,1606,-13.0,10021.0,-117.0,10029.0,156.0,10008.0,565.5,9976.5,1196.0,9928.0,-234.0,10038.0,10010.0,130.0,AGG_SELL,,,,,,
2,161100,HYDROGEL_PACK,-1,4.0,10027.0,10020.0,16.0,0.0,1611,32.0,10019.0,12.0,10024.0,88.0,10005.0,228.0,9970.0,384.0,9931.0,-40.0,10037.0,10010.0,68.0,PASS_SELL,,,,,,
2,161200,VELVETFRUIT_EXTRACT,1,6.0,5272.0,5271.0,2.0,0.4782608695652174,1612,-30.0,5267.0,15.0,5274.5,9.0,5273.5,-27.0,5267.5,45.0,5279.5,-117.0,5252.5,5295.5,141.0,AGG_BUY,,,,,,
2,163300,VELVETFRUIT_EXTRACT,-1,16.0,5274.0,5276.5,5.0,-0.5076923076923077,1633,-120.0,5281.5,56.0,5270.5,-0.0,5274.0,104.0,5267.5,-120.0,5281.5,360.0,5251.5,5295.5,-344.0,AGG_SELL,,,,,,
2,163400,VELVETFRUIT_EXTRACT,-1,10.0,5277.0,5278.5,3.0,-0.3333333333333333,1634,-35.0,5280.5,60.0,5271.0,15.0,5275.5,95.0,5267.5,-45.0,5281.5,240.0,5253.0,5295.5,-185.0,AGG_SELL,,,,,,
2,163900,VELVETFRUIT_EXTRACT,-1,8.0,5277.0,5278.5,3.0,-0.5151515151515151,1639,-28.0,5280.5,52.0,5270.5,8.0,5276.0,84.0,5266.5,-52.0,5283.5,196.0,5252.5,5295.5,-148.0,AGG_SELL,,,,,,
2,164000,HYDROGEL_PACK,-1,12.0,10019.0,10027.0,16.0,0.0,1640,-72.0,10025.0,-12.0,10020.0,-12.0,10020.0,576.0,9971.0,1128.0,9925.0,-120.0,10029.0,10010.0,108.0,AGG_SELL,,,,,,
2,164100,VELVETFRUIT_EXTRACT,-1,5.0,5281.0,5279.5,5.0,0.45054945054945056,1641,17.5,5277.5,47.5,5271.5,22.5,5276.5,62.5,5268.5,-17.5,5284.5,145.0,5252.0,5295.5,-72.5,PASS_SELL,,,,,,
2,164200,HYDROGEL_PACK,-1,10.0,10020.0,10028.0,16.0,0.0,1642,-70.0,10027.0,30.0,10017.0,10.0,10019.0,490.0,9971.0,1005.0,9919.5,-110.0,10031.0,10010.0,100.0,AGG_SELL,,,,,,
2,164500,HYDROGEL_PACK,-1,14.0,10023.0,10031.0,16.0,0.0,1645,-140.0,10033.0,98.0,10016.0,84.0,10017.0,672.0,9975.0,1512.0,9915.0,-70.0,10028.0,10010.0,182.0,AGG_SELL,,,,,,
2,164600,HYDROGEL_PACK,-1,10.0,10023.0,10031.0,16.0,0.0,1646,-60.0,10029.0,100.0,10013.0,60.0,10017.0,500.0,9973.0,1080.0,9915.0,-80.0,10031.0,10010.0,130.0,AGG_SELL,,,,,,
2,164700,HYDROGEL_PACK,-1,15.0,10023.0,10031.0,16.0,0.0,1647,-120.0,10031.0,165.0,10012.0,60.0,10019.0,750.0,9973.0,1620.0,9915.0,-75.0,10028.0,10010.0,195.0,AGG_SELL,,,,,,
2,165400,HYDROGEL_PACK,-1,14.0,10021.0,10029.0,16.0,0.0,1654,-28.0,10023.0,168.0,10009.0,-0.0,10021.0,700.0,9971.0,1442.0,9918.0,-70.0,10026.0,10010.0,154.0,AGG_SELL,,,,,,
2,165500,HYDROGEL_PACK,-1,4.0,10029.0,10033.0,8.0,-0.42857142857142855,1655,28.0,10022.0,68.0,10012.0,40.0,10019.0,234.0,9970.5,436.0,9920.0,20.0,10024.0,10010.0,76.0,AGG_SELL,,,,,,
2,165600,HYDROGEL_PACK,-1,11.0,10021.0,10029.0,16.0,0.0,1656,-11.0,10022.0,143.0,10008.0,33.0,10018.0,550.0,9971.0,1111.0,9920.0,-11.0,10022.0,10010.0,121.0,AGG_SELL,,,,,,
2,165700,HYDROGEL_PACK,-1,12.0,10023.0,10031.0,16.0,0.0,1657,-0.0,10023.0,144.0,10011.0,72.0,10017.0,636.0,9970.0,1200.0,9923.0,48.0,10019.0,10010.0,156.0,AGG_SELL,,,,,,
2,165700,VELVETFRUIT_EXTRACT,1,10.0,5273.0,5272.0,2.0,0.7333333333333333,1657,-5.0,5272.5,-45.0,5268.5,50.0,5278.0,-85.0,5264.5,140.0,5287.0,-165.0,5256.5,5295.5,225.0,AGG_BUY,,,,,,
2,166000,VELVETFRUIT_EXTRACT,1,7.0,5275.0,5274.0,2.0,0.7910447761194029,1660,-14.0,5273.0,-31.5,5270.5,17.5,5277.5,-59.5,5266.5,94.5,5288.5,-126.0,5257.0,5295.5,143.5,AGG_BUY,,,,,,
2,166400,VELVETFRUIT_EXTRACT,1,20.0,5272.0,5269.5,5.0,0.5555555555555556,1664,-50.0,5269.5,10.0,5272.5,150.0,5279.5,-110.0,5266.5,360.0,5290.0,-340.0,5255.0,5295.5,470.0,AGG_BUY,,,,,,
2,166400,VEV_4500,1,9.0,778.0,769.5,17.0,0.0,1664,-72.0,770.0,-45.0,773.0,13.5,779.5,-108.0,766.0,108.0,790.0,-207.0,755.0,795.5,157.5,AGG_BUY,,,,,,
2,168200,VELVETFRUIT_EXTRACT,1,13.0,5270.0,5269.0,2.0,0.6231884057971014,1682,19.5,5271.5,84.5,5276.5,65.0,5275.0,-71.5,5264.5,162.5,5282.5,-110.5,5261.5,5295.5,331.5,AGG_BUY,,,,,,
2,168600,VELVETFRUIT_EXTRACT,1,10.0,5269.0,5268.0,2.0,0.7183098591549296,1686,25.0,5271.5,45.0,5273.5,45.0,5273.5,-45.0,5264.5,150.0,5284.0,-90.0,5260.0,5295.5,265.0,AGG_BUY,,,,,,
2,169000,HYDROGEL_PACK,-1,2.0,10027.0,10020.0,16.0,0.0,1690,30.0,10012.0,14.0,10020.0,32.0,10011.0,128.0,9963.0,208.0,9923.0,-20.0,10037.0,10010.0,34.0,PASS_SELL,,,,,,
2,169000,VEV_4000,1,3.0,1271.0,1266.0,10.0,0.4,1690,-6.0,1269.0,15.0,1276.0,10.5,1274.5,-22.5,1263.5,24.0,1279.0,-21.0,1264.0,1295.0,72.0,AGG_BUY,,,,,,
2,169000,VEV_4500,1,3.0,771.0,767.0,8.0,0.6,1690,-6.0,769.0,15.0,776.0,10.5,774.5,-22.5,763.5,24.0,779.0,-21.0,764.0,795.5,73.5,AGG_BUY,,,,,,
2,169200,HYDROGEL_PACK,-1,2.0,10024.0,10017.0,16.0,0.0,1692,26.0,10011.0,10.0,10019.0,32.0,10008.0,124.0,9962.0,202.0,9923.0,-22.0,10035.0,10010.0,28.0,PASS_SELL,,,,,,
2,169400,HYDROGEL_PACK,-1,8.0,10017.0,10021.5,9.0,-0.2727272727272727,1694,64.0,10009.0,-16.0,10019.0,64.0,10009.0,496.0,9955.0,688.0,9931.0,-104.0,10030.0,10010.0,56.0,AGG_SELL,,,,,,
2,169900,VELVETFRUIT_EXTRACT,1,6.0,5269.0,5268.0,2.0,0.5862068965517241,1699,0.0,5269.0,54.0,5278.0,0.0,5269.0,-15.0,5266.5,54.0,5278.0,-27.0,5264.5,5295.5,159.0,AGG_BUY,,,,,,
2,169900,VELVETFRUIT_EXTRACT,1,3.0,5268.0,5268.0,2.0,0.5862068965517241,1699,3.0,5269.0,30.0,5278.0,3.0,5269.0,-4.5,5266.5,30.0,5278.0,-10.5,5264.5,5295.5,82.5,PASS_BUY,,,,,,
2,170500,VELVETFRUIT_EXTRACT,-1,7.0,5271.0,5269.5,5.0,0.4411764705882353,1705,-17.5,5273.5,-52.5,5278.5,14.0,5269.0,45.5,5264.5,-66.5,5280.5,31.5,5266.5,5295.5,-171.5,PASS_SELL,,,,,,
2,170900,VELVETFRUIT_EXTRACT,1,9.0,5270.0,5269.0,2.0,0.7428571428571429,1709,27.0,5273.0,67.5,5277.5,-13.5,5268.5,-63.0,5263.0,72.0,5278.0,-40.5,5265.5,5295.5,229.5,AGG_BUY,,,,,,
2,171800,VEV_4000,1,5.0,1272.0,1267.0,10.0,0.3333333333333333,1718,7.5,1273.5,45.0,1281.0,-20.0,1268.0,-65.0,1259.0,45.0,1281.0,-32.5,1265.5,1295.0,115.0,AGG_BUY,,,,,,
2,171800,VEV_4500,1,5.0,772.0,768.5,7.0,0.3333333333333333,1718,7.5,773.5,45.0,781.0,-20.0,768.0,-65.0,759.0,45.0,781.0,-32.5,765.5,795.5,117.5,AGG_BUY,,,,,,
2,171800,VEV_5100,1,5.0,183.0,182.0,2.0,0.6551724137931034,1718,5.0,184.0,37.5,190.5,-20.0,179.0,-60.0,171.0,35.0,190.0,-37.5,175.5,201.5,92.5,AGG_BUY,,,,,,
2,171800,VEV_5200,1,5.0,107.0,106.5,1.0,0.6551724137931034,1718,5.0,108.0,30.0,113.0,-15.0,104.0,-47.5,97.5,27.5,112.5,-42.5,98.5,119.0,60.0,AGG_BUY,,,,,,
2,171800,VEV_5300,1,5.0,53.0,52.5,1.0,0.6153846153846154,1718,5.0,54.0,20.0,57.0,-7.5,51.5,-30.0,47.0,15.0,56.0,-30.0,47.0,58.0,25.0,AGG_BUY,,,,,,
2,172400,VELVETFRUIT_EXTRACT,-1,11.0,5272.0,5273.0,2.0,-0.21428571428571427,1724,-38.5,5275.5,-66.0,5278.0,60.5,5266.5,137.5,5259.5,-60.5,5277.5,49.5,5267.5,5295.5,-258.5,AGG_SELL,,,,,,
2,172600,VELVETFRUIT_EXTRACT,-1,8.0,5275.0,5273.5,5.0,-0.4864864864864865,1726,12.0,5273.5,-28.0,5278.5,68.0,5266.5,104.0,5262.0,-28.0,5278.5,52.0,5268.5,5295.5,-164.0,PASS_SELL,,,,,,
2,173200,HYDROGEL_PACK,-1,12.0,10013.0,10021.0,16.0,0.0,1732,-72.0,10019.0,-12.0,10014.0,72.0,10007.0,828.0,9944.0,1164.0,9916.0,144.0,10001.0,10010.0,36.0,AGG_SELL,,,,,,
2,173300,HYDROGEL_PACK,-1,12.0,10014.0,10022.0,16.0,0.0,1733,-36.0,10017.0,-12.0,10015.0,132.0,10003.0,888.0,9940.0,1200.0,9914.0,144.0,10002.0,10010.0,48.0,AGG_SELL,,,,,,
2,173300,VELVETFRUIT_EXTRACT,1,10.0,5275.0,5274.0,2.0,0.7101449275362319,1733,30.0,5278.0,10.0,5276.0,-105.0,5264.5,-145.0,5260.5,30.0,5278.0,-25.0,5272.5,5295.5,205.0,AGG_BUY,,,,,,
2,173400,VELVETFRUIT_EXTRACT,-1,9.0,5274.0,5275.5,3.0,-0.3333333333333333,1734,-40.5,5278.5,-4.5,5274.5,85.5,5264.5,130.5,5259.5,-49.5,5279.5,13.5,5272.5,5295.5,-193.5,AGG_SELL,,,,,,
2,174000,VELVETFRUIT_EXTRACT,-1,6.0,5277.0,5275.5,5.0,0.40540540540540543,1740,3.0,5276.5,15.0,5274.5,87.0,5262.5,93.0,5261.5,-15.0,5279.5,33.0,5271.5,5295.5,-111.0,PASS_SELL,,,,,,
2,176100,HYDROGEL_PACK,-1,13.0,10018.0,10026.0,16.0,0.0,1761,-13.0,10019.0,91.0,10011.0,156.0,10006.0,1254.5,9921.5,1495.0,9903.0,169.0,10005.0,10010.0,104.0,AGG_SELL,,,,,,
2,178100,VELVETFRUIT_EXTRACT,1,9.0,5275.0,5274.0,2.0,0.35714285714285715,1781,-27.0,5272.0,-81.0,5266.0,-171.0,5256.0,-144.0,5259.0,-63.0,5268.0,-54.0,5269.0,5295.5,184.5,AGG_BUY,,,,,,
2,178200,VELVETFRUIT_EXTRACT,1,3.0,5273.0,5275.0,6.0,0.0,1782,-12.0,5269.0,-25.5,5264.5,-45.0,5258.0,-43.5,5258.5,-13.5,5268.5,-7.5,5270.5,5295.5,67.5,PASS_BUY,,,,,,
2,179200,VELVETFRUIT_EXTRACT,1,8.0,5270.0,5269.0,2.0,0.7746478873239436,1792,-20.0,5267.5,-68.0,5261.5,-84.0,5259.5,-72.0,5261.0,28.0,5273.5,28.0,5273.5,5295.5,204.0,AGG_BUY,,,,,,
2,181600,HYDROGEL_PACK,1,5.0,9997.0,10004.0,16.0,0.0,1816,45.0,10006.0,25.0,10002.0,-85.0,9980.0,-430.0,9911.0,-495.0,9898.0,80.0,10013.0,10010.0,65.0,PASS_BUY,,,,,,
2,183900,VELVETFRUIT_EXTRACT,1,9.0,5263.0,5262.0,2.0,0.3333333333333333,1839,0.0,5263.0,-31.5,5259.5,18.0,5265.0,22.5,5265.5,67.5,5270.5,157.5,5280.5,5295.5,292.5,AGG_BUY,,,,,,
2,184700,HYDROGEL_PACK,-1,9.0,10008.0,10012.0,8.0,-0.05263157894736842,1847,-27.0,10011.0,324.0,9972.0,171.0,9989.0,796.5,9919.5,828.0,9916.0,27.0,10005.0,10010.0,-18.0,AGG_SELL,,,,,,
2,185800,VELVETFRUIT_EXTRACT,-1,5.0,5261.0,5262.5,3.0,-0.6153846153846154,1858,25.0,5256.0,12.5,5258.5,-15.0,5264.0,-62.5,5273.5,-70.0,5275.0,-75.0,5276.0,5295.5,-172.5,AGG_SELL,,,,,,
2,186300,VELVETFRUIT_EXTRACT,1,10.0,5258.0,5257.0,2.0,0.6875,1863,-15.0,5256.5,35.0,5261.5,55.0,5263.5,135.0,5271.5,185.0,5276.5,175.0,5275.5,5295.5,375.0,AGG_BUY,,,,,,
2,187400,VELVETFRUIT_EXTRACT,-1,11.0,5257.0,5258.5,3.0,-0.15384615384615385,1874,-5.5,5257.5,-44.0,5261.0,-66.0,5263.0,-148.5,5270.5,-231.0,5278.0,-154.0,5271.0,5295.5,-423.5,AGG_SELL,,,,,,
2,188200,VELVETFRUIT_EXTRACT,1,3.0,5256.0,5258.0,6.0,0.0,1882,10.5,5259.5,16.5,5261.5,28.5,5265.5,36.0,5268.0,58.5,5275.5,49.5,5272.5,5295.5,118.5,PASS_BUY,,,,,,
2,188800,HYDROGEL_PACK,1,11.0,9990.0,9982.0,16.0,0.0,1888,-154.0,9976.0,-22.0,9988.0,-165.0,9975.0,-803.0,9917.0,-638.0,9932.0,297.0,10017.0,10010.0,220.0,AGG_BUY,,,,,,
2,188900,HYDROGEL_PACK,1,10.0,9988.0,9980.0,16.0,0.0,1889,-120.0,9976.0,-10.0,9987.0,-150.0,9973.0,-700.0,9918.0,-580.0,9930.0,290.0,10017.0,10010.0,220.0,AGG_BUY,,,,,,
2,189100,VEV_4000,1,4.0,1259.0,1253.5,11.0,0.38461538461538464,1891,2.0,1259.5,20.0,1264.0,10.0,1261.5,6.0,1260.5,54.0,1272.5,66.0,1275.5,1295.0,144.0,AGG_BUY,,,,,,
2,189100,VEV_4500,1,4.0,759.0,755.0,8.0,0.4666666666666667,1891,4.0,760.0,20.0,764.0,12.0,762.0,6.0,760.5,54.0,772.5,64.0,775.0,795.5,146.0,AGG_BUY,,,,,,
2,189100,VEV_5100,1,4.0,171.0,170.0,2.0,0.7647058823529411,1891,6.0,172.5,20.0,176.0,12.0,174.0,6.0,172.5,46.0,182.5,52.0,184.0,201.5,122.0,AGG_BUY,,,,,,
2,189100,VEV_5200,1,4.0,98.0,97.5,1.0,0.4666666666666667,1891,2.0,98.5,14.0,101.5,6.0,99.5,2.0,98.5,34.0,106.5,30.0,105.5,119.0,84.0,AGG_BUY,,,,,,
2,189700,HYDROGEL_PACK,1,5.0,9976.0,9972.0,8.0,0.4117647058823529,1897,-10.0,9974.0,65.0,9989.0,-30.0,9970.0,-295.0,9917.0,-290.0,9918.0,145.0,10005.0,10010.0,170.0,AGG_BUY,,,,,,
2,189700,VELVETFRUIT_EXTRACT,1,6.0,5258.0,5259.5,5.0,0.620253164556962,1897,3.0,5258.5,18.0,5261.0,33.0,5263.5,39.0,5264.5,102.0,5275.0,105.0,5275.5,5295.5,225.0,PASS_BUY,,,,,,
2,189800,HYDROGEL_PACK,1,15.0,9984.0,9976.0,16.0,0.0,1898,-150.0,9974.0,45.0,9987.0,-225.0,9969.0,-1005.0,9917.0,-960.0,9920.0,300.0,10004.0,10010.0,390.0,AGG_BUY,,,,,,
2,190000,HYDROGEL_PACK,1,10.0,9982.0,9974.0,16.0,0.0,1900,-60.0,9976.0,10.0,9983.0,-130.0,9969.0,-640.0,9918.0,-610.0,9921.0,250.0,10007.0,10010.0,280.0,AGG_BUY,,,,,,
2,190100,HYDROGEL_PACK,1,11.0,9981.0,9973.5,15.0,0.0,1901,-22.0,9979.0,33.0,9984.0,-110.0,9971.0,-693.0,9918.0,-682.0,9919.0,275.0,10006.0,10010.0,319.0,AGG_BUY,,,,,,
2,190200,HYDROGEL_PACK,1,10.0,9982.0,9974.0,16.0,0.0,1902,0.0,9982.0,0.0,9982.0,-90.0,9973.0,-620.0,9920.0,-650.0,9917.0,220.0,10004.0,10010.0,280.0,AGG_BUY,,,,,,
2,190300,HYDROGEL_PACK,1,10.0,9979.0,9971.0,16.0,0.0,1903,40.0,9983.0,20.0,9981.0,-60.0,9973.0,-600.0,9919.0,-630.0,9916.0,210.0,10000.0,10010.0,310.0,AGG_BUY,,,,,,
2,190400,HYDROGEL_PACK,1,14.0,9980.0,9972.0,16.0,0.0,1904,14.0,9981.0,56.0,9984.0,-84.0,9974.0,-868.0,9918.0,-924.0,9914.0,280.0,10000.0,10010.0,420.0,AGG_BUY,,,,,,
2,192100,VELVETFRUIT_EXTRACT,-1,9.0,5260.0,5261.5,3.0,-0.7662337662337663,1921,-22.5,5262.5,-22.5,5262.5,13.5,5258.5,-121.5,5273.5,-117.0,5273.0,-85.5,5269.5,5295.5,-319.5,AGG_SELL,,,,,,
2,192300,HYDROGEL_PACK,1,7.0,9986.0,9982.5,7.0,0.2631578947368421,1923,21.0,9989.0,28.0,9990.0,-70.0,9976.0,-462.0,9920.0,-518.0,9912.0,126.0,10004.0,10010.0,168.0,AGG_BUY,,,,,,
2,194700,VELVETFRUIT_EXTRACT,1,10.0,5262.0,5261.0,2.0,0.7297297297297297,1947,15.0,5263.5,15.0,5263.5,15.0,5263.5,105.0,5272.5,75.0,5269.5,45.0,5266.5,5295.5,335.0,AGG_BUY,,,,,,
2,194900,VELVETFRUIT_EXTRACT,1,6.0,5258.0,5260.0,6.0,0.0,1949,39.0,5264.5,24.0,5262.0,27.0,5262.5,93.0,5273.5,75.0,5270.5,63.0,5268.5,5295.5,225.0,PASS_BUY,,,,,,
2,195500,VELVETFRUIT_EXTRACT,-1,6.0,5263.0,5261.5,5.0,0.4117647058823529,1955,3.0,5262.5,3.0,5262.5,-0.0,5263.0,-54.0,5272.0,-45.0,5270.5,-30.0,5268.0,5295.5,-195.0,PASS_SELL,,,,,,
2,195600,HYDROGEL_PACK,1,5.0,9973.0,9980.0,16.0,0.0,1956,30.0,9979.0,-5.0,9972.0,35.0,9980.0,-140.0,9945.0,-155.0,9942.0,200.0,10013.0,10010.0,185.0,PASS_BUY,,,,,,
2,196200,VELVETFRUIT_EXTRACT,-1,8.0,5265.0,5266.5,3.0,-0.42857142857142855,1962,28.0,5261.5,36.0,5260.5,4.0,5264.5,-76.0,5274.5,-60.0,5272.5,-16.0,5267.0,5295.5,-244.0,AGG_SELL,,,,,,
2,196400,HYDROGEL_PACK,1,10.0,9983.0,9975.5,15.0,0.0,1964,70.0,9990.0,-60.0,9977.0,10.0,9984.0,-430.0,9940.0,-350.0,9948.0,270.0,10010.0,10010.0,270.0,AGG_BUY,,,,,,
2,196700,VELVETFRUIT_EXTRACT,1,6.0,5262.0,5263.5,5.0,0.0,1967,15.0,5264.5,-27.0,5257.5,30.0,5267.0,96.0,5278.0,57.0,5271.5,48.0,5270.0,5295.5,201.0,PASS_BUY,,,,,,
2,196900,VELVETFRUIT_EXTRACT,1,12.0,5260.0,5259.0,2.0,0.1724137931034483,1969,54.0,5264.5,-42.0,5256.5,114.0,5269.5,234.0,5279.5,120.0,5270.0,138.0,5271.5,5295.5,426.0,AGG_BUY,,,,,,
2,198600,HYDROGEL_PACK,1,7.0,9977.0,9973.5,7.0,0.2222222222222222,1986,-35.0,9972.0,-84.0,9965.0,77.0,9988.0,-231.0,9944.0,-140.0,9957.0,175.0,10002.0,10010.0,231.0,AGG_BUY,,,,,,
2,198800,HYDROGEL_PACK,1,15.0,9983.0,9975.0,16.0,0.0,1988,-210.0,9969.0,-255.0,9966.0,75.0,9988.0,-645.0,9940.0,-420.0,9955.0,360.0,10007.0,10010.0,405.0,AGG_BUY,,,,,,
2,198900,HYDROGEL_PACK,1,10.0,9981.0,9973.0,16.0,0.0,1989,-110.0,9970.0,-140.0,9967.0,70.0,9988.0,-430.0,9938.0,-240.0,9957.0,260.0,10007.0,10010.0,290.0,AGG_BUY,,,,,,
2,199000,HYDROGEL_PACK,1,14.0,9982.0,9974.0,16.0,0.0,1990,-182.0,9969.0,-224.0,9966.0,84.0,9988.0,-672.0,9934.0,-364.0,9956.0,336.0,10006.0,10010.0,392.0,AGG_BUY,,,,,,
2,199100,HYDROGEL_PACK,1,14.0,9982.0,9974.0,16.0,0.0,1991,-154.0,9971.0,-224.0,9966.0,28.0,9984.0,-714.0,9931.0,-378.0,9955.0,322.0,10005.0,10010.0,392.0,AGG_BUY,,,,,,
2,199200,HYDROGEL_PACK,1,11.0,9980.0,9972.0,16.0,0.0,1992,-77.0,9973.0,-121.0,9969.0,11.0,9981.0,-539.0,9931.0,-275.0,9955.0,286.0,10006.0,10010.0,330.0,AGG_BUY,,,,,,
2,199300,HYDROGEL_PACK,1,15.0,9980.0,9972.0,16.0,0.0,1993,-105.0,9973.0,-195.0,9967.0,-30.0,9978.0,-735.0,9931.0,-345.0,9957.0,420.0,10008.0,10010.0,450.0,AGG_BUY,,,,,,
2,199400,HYDROGEL_PACK,1,15.0,9981.0,9973.0,16.0,0.0,1994,-105.0,9974.0,-165.0,9970.0,-30.0,9979.0,-742.5,9931.5,-390.0,9955.0,420.0,10009.0,10010.0,435.0,AGG_BUY,,,,,,
2,199400,VELVETFRUIT_EXTRACT,1,8.0,5262.0,5261.5,1.0,0.3333333333333333,1994,4.0,5262.5,-12.0,5260.5,44.0,5267.5,116.0,5276.5,88.0,5273.0,84.0,5272.5,5295.5,268.0,AGG_BUY,,,,,,
2,199600,HYDROGEL_PACK,1,12.0,9980.0,9972.0,16.0,0.0,1996,-96.0,9972.0,-108.0,9971.0,-36.0,9977.0,-576.0,9932.0,-348.0,9951.0,348.0,10009.0,10010.0,360.0,AGG_BUY,,,,,,
2,199700,HYDROGEL_PACK,1,14.0,9978.0,9970.0,16.0,0.0,1997,-42.0,9975.0,-56.0,9974.0,-42.0,9975.0,-658.0,9931.0,-364.0,9952.0,406.0,10007.0,10010.0,448.0,AGG_BUY,,,,,,
2,199800,HYDROGEL_PACK,1,14.0,9977.0,9969.0,16.0,0.0,1998,-42.0,9974.0,-28.0,9975.0,-42.0,9974.0,-588.0,9935.0,-350.0,9952.0,434.0,10008.0,10010.0,462.0,AGG_BUY,,,,,,
2,199900,HYDROGEL_PACK,1,12.0,9978.0,9970.0,16.0,0.0,1999,-18.0,9976.5,-24.0,9976.0,-48.0,9974.0,-504.0,9936.0,-312.0,9952.0,360.0,10008.0,10010.0,384.0,AGG_BUY,,,,,,
2,200000,HYDROGEL_PACK,1,11.0,9977.0,9969.0,16.0,0.0,2000,0.0,9977.0,-27.5,9974.5,-22.0,9975.0,-434.5,9937.5,-269.5,9952.5,352.0,10009.0,10010.0,363.0,AGG_BUY,,,,,,
2,201600,VELVETFRUIT_EXTRACT,1,7.0,5258.0,5257.0,2.0,0.5625,2016,28.0,5262.0,66.5,5267.5,59.5,5266.5,112.0,5274.0,63.0,5267.0,24.5,5261.5,5295.5,262.5,AGG_BUY,,,,,,
2,202300,VELVETFRUIT_EXTRACT,-1,8.0,5259.0,5260.5,3.0,-0.3333333333333333,2023,-20.0,5261.5,-92.0,5270.5,-60.0,5266.5,-92.0,5270.5,-44.0,5264.5,-28.0,5262.5,5295.5,-292.0,AGG_SELL,,,,,,
2,202600,HYDROGEL_PACK,1,14.0,9978.0,9970.0,16.0,0.0,2026,-182.0,9965.0,112.0,9986.0,-140.0,9968.0,-539.0,9939.5,-532.0,9940.0,616.0,10022.0,10010.0,448.0,AGG_BUY,,,,,,
2,202700,HYDROGEL_PACK,1,11.0,9979.0,9971.0,16.0,0.0,2027,-132.0,9967.0,99.0,9988.0,-148.5,9965.5,-434.5,9939.5,-440.0,9939.0,484.0,10023.0,10010.0,341.0,AGG_BUY,,,,,,
2,202800,HYDROGEL_PACK,1,14.0,9979.0,9971.0,16.0,0.0,2028,-182.0,9966.0,126.0,9988.0,-126.0,9970.0,-518.0,9942.0,-525.0,9941.5,588.0,10021.0,10010.0,434.0,AGG_BUY,,,,,,
2,202900,HYDROGEL_PACK,1,12.0,9979.0,9971.0,16.0,0.0,2029,-144.0,9967.0,144.0,9991.0,-108.0,9970.0,-468.0,9940.0,-468.0,9940.0,504.0,10021.0,10010.0,372.0,AGG_BUY,,,,,,
2,203000,HYDROGEL_PACK,1,10.0,9976.0,9968.0,16.0,0.0,2030,-100.0,9966.0,130.0,9989.0,-60.0,9970.0,-350.0,9941.0,-350.0,9941.0,420.0,10018.0,10010.0,340.0,AGG_BUY,,,,,,
2,203500,VELVETFRUIT_EXTRACT,-1,4.0,5262.0,5260.0,6.0,0.0,2035,6.0,5260.5,-18.0,5266.5,-22.0,5267.5,-16.0,5266.0,-20.0,5267.0,-2.0,5262.5,5295.5,-134.0,PASS_SELL,,,,,,
2,204400,VEV_4000,1,5.0,1260.0,1255.0,10.0,0.3333333333333333,2044,22.5,1264.5,40.0,1268.0,37.5,1267.5,40.0,1268.0,47.5,1269.5,12.5,1262.5,1295.0,175.0,AGG_BUY,,,,,,
2,204400,VEV_4500,1,5.0,760.0,756.0,8.0,0.3333333333333333,2044,22.5,764.5,40.0,768.0,35.0,767.0,40.0,768.0,47.5,769.5,15.0,763.0,795.5,177.5,AGG_BUY,,,,,,
2,204400,VEV_5100,1,5.0,172.0,171.0,2.0,0.6296296296296297,2044,20.0,176.0,35.0,179.0,32.5,178.5,32.5,178.5,40.0,180.0,2.5,172.5,201.5,147.5,AGG_BUY,,,,,,
2,204400,VEV_5200,1,5.0,98.0,97.5,1.0,0.6296296296296297,2044,17.5,101.5,27.5,103.5,27.5,103.5,27.5,103.5,35.0,105.0,-7.5,96.5,119.0,105.0,AGG_BUY,,,,,,
2,204600,VELVETFRUIT_EXTRACT,-1,12.0,5261.0,5262.5,3.0,-0.25,2046,-18.0,5262.5,-66.0,5266.5,-78.0,5267.5,-72.0,5267.0,-102.0,5269.5,-18.0,5262.5,5295.5,-414.0,AGG_SELL,,,,,,
2,204700,VELVETFRUIT_EXTRACT,-1,13.0,5262.0,5263.5,3.0,-0.2777777777777778,2047,-6.5,5262.5,-71.5,5267.5,-71.5,5267.5,-71.5,5267.5,-71.5,5267.5,-32.5,5264.5,5295.5,-435.5,AGG_SELL,,,,,,
2,205000,VELVETFRUIT_EXTRACT,-1,8.0,5264.0,5265.0,2.0,-0.36,2050,-12.0,5265.5,-28.0,5267.5,-4.0,5264.5,-12.0,5265.5,-20.0,5266.5,4.0,5263.5,5295.5,-252.0,AGG_SELL,,,,,,
2,206000,VELVETFRUIT_EXTRACT,-1,6.0,5267.0,5265.5,5.0,-0.45714285714285713,2060,-0.0,5267.0,6.0,5266.0,3.0,5266.5,-9.0,5268.5,-27.0,5271.5,21.0,5263.5,5295.5,-171.0,PASS_SELL,,,,,,
2,209400,VELVETFRUIT_EXTRACT,1,4.0,5266.0,5267.5,5.0,0.4888888888888889,2094,-16.0,5262.0,6.0,5267.5,-6.0,5264.5,42.0,5276.5,30.0,5273.5,-26.0,5259.5,5295.5,118.0,PASS_BUY,,,,,,
2,210200,VELVETFRUIT_EXTRACT,1,10.0,5263.0,5262.0,2.0,0.3103448275862069,2102,45.0,5267.5,15.0,5264.5,25.0,5265.5,145.0,5277.5,125.0,5275.5,-60.0,5257.0,5295.5,325.0,AGG_BUY,,,,,,
2,210400,VELVETFRUIT_EXTRACT,1,6.0,5263.0,5262.0,2.0,0.5,2104,21.0,5266.5,15.0,5265.5,6.0,5264.0,87.0,5277.5,51.0,5271.5,-21.0,5259.5,5295.5,195.0,AGG_BUY,,,,,,
2,210800,VELVETFRUIT_EXTRACT,1,8.0,5264.0,5263.0,2.0,0.5,2108,12.0,5265.5,-4.0,5263.5,-12.0,5262.5,108.0,5277.5,44.0,5269.5,-44.0,5258.5,5295.5,252.0,AGG_BUY,,,,,,
2,211400,VELVETFRUIT_EXTRACT,1,7.0,5265.0,5266.5,5.0,0.42105263157894735,2114,3.5,5265.5,10.5,5266.5,-52.5,5257.5,101.5,5279.5,17.5,5267.5,-52.5,5257.5,5295.5,213.5,PASS_BUY,,,,,,
2,212100,VELVETFRUIT_EXTRACT,-1,4.0,5270.0,5268.0,6.0,0.0,2121,10.0,5267.5,30.0,5262.5,46.0,5258.5,-50.0,5282.5,8.0,5268.0,62.0,5254.5,5295.5,-102.0,PASS_SELL,,,,,,
2,217800,VELVETFRUIT_EXTRACT,1,6.0,5261.0,5263.0,6.0,0.0,2178,15.0,5263.5,-3.0,5260.5,-6.0,5260.0,135.0,5283.5,81.0,5274.5,-99.0,5244.5,5295.5,207.0,PASS_BUY,,,,,,
2,220600,VELVETFRUIT_EXTRACT,1,4.0,5261.0,5262.5,5.0,0.0,2206,-14.0,5257.5,18.0,5265.5,16.0,5265.0,74.0,5279.5,62.0,5276.5,-92.0,5238.0,5295.5,138.0,PASS_BUY,,,,,,
2,221300,VELVETFRUIT_EXTRACT,1,9.0,5258.0,5257.5,1.0,0.4,2213,4.5,5258.5,45.0,5263.0,85.5,5267.5,175.5,5277.5,139.5,5273.5,-162.0,5240.0,5295.5,337.5,AGG_BUY,,,,,,
2,225000,VELVETFRUIT_EXTRACT,-1,24.0,5266.0,5267.0,2.0,0.5,2250,60.0,5263.5,24.0,5265.0,-108.0,5270.5,-252.0,5276.5,-60.0,5268.5,708.0,5236.5,5295.5,-708.0,AGG_SELL,,,,,,
2,225500,VEV_4000,1,5.0,1267.0,1262.0,10.0,0.4117647058823529,2255,-12.5,1264.5,-7.5,1265.5,30.0,1273.0,35.0,1274.0,7.5,1268.5,-162.5,1234.5,1295.0,140.0,AGG_BUY,,,,,,
2,225500,VEV_4500,1,5.0,767.0,763.0,8.0,0.23076923076923078,2255,-12.5,764.5,-7.5,765.5,30.0,773.0,35.0,774.0,10.0,769.0,-160.0,735.0,795.5,142.5,AGG_BUY,,,,,,
2,225500,VEV_5000,1,5.0,270.0,268.5,3.0,0.23076923076923078,2255,-12.5,267.5,-10.0,268.0,27.5,275.5,30.0,276.0,7.5,271.5,-157.5,238.5,296.5,132.5,AGG_BUY,,,,,,
2,225500,VEV_5100,1,5.0,178.0,177.0,2.0,0.7142857142857143,2255,-10.0,176.0,-7.5,176.5,25.0,183.0,27.5,183.5,5.0,179.0,-145.0,149.0,201.5,117.5,AGG_BUY,,,,,,
2,225500,VEV_5200,1,5.0,103.0,102.5,1.0,0.7142857142857143,2255,-7.5,101.5,-2.5,102.5,22.5,107.5,22.5,107.5,7.5,104.5,-120.0,79.0,119.0,80.0,AGG_BUY,,,,,,
2,231600,VELVETFRUIT_EXTRACT,1,5.0,5263.0,5264.5,5.0,0.0,2316,-2.5,5262.5,22.5,5267.5,67.5,5276.5,27.5,5268.5,30.0,5269.0,-167.5,5229.5,5295.5,162.5,PASS_BUY,,,,,,
2,232000,VELVETFRUIT_EXTRACT,-1,8.0,5266.0,5264.5,5.0,-0.4523809523809524,2320,12.0,5264.5,-28.0,5269.5,-60.0,5273.5,-16.0,5268.0,-28.0,5269.5,268.0,5232.5,5295.5,-236.0,PASS_SELL,,,,,,
2,234100,VELVETFRUIT_EXTRACT,-1,13.0,5265.0,5266.5,3.0,-0.6119402985074627,2341,-84.5,5271.5,58.5,5260.5,-136.5,5275.5,-71.5,5270.5,-65.0,5270.0,435.5,5231.5,5295.5,-396.5,AGG_SELL,,,,,,
2,235000,VELVETFRUIT_EXTRACT,-1,7.0,5269.0,5270.5,3.0,-0.5333333333333333,2350,-21.0,5272.0,31.5,5264.5,-24.5,5272.5,-38.5,5274.5,-10.5,5270.5,276.5,5229.5,5295.5,-185.5,AGG_SELL,,,,,,
2,237100,VELVETFRUIT_EXTRACT,-1,8.0,5269.0,5270.0,2.0,-0.4074074074074074,2371,4.0,5268.5,-36.0,5273.5,-68.0,5277.5,-60.0,5276.5,-20.0,5271.5,332.0,5227.5,5295.5,-212.0,AGG_SELL,,,,,,
2,237400,VELVETFRUIT_EXTRACT,-1,6.0,5272.0,5270.5,5.0,-0.475,2374,39.0,5265.5,-9.0,5273.5,-33.0,5277.5,-36.0,5278.0,-9.0,5273.5,285.0,5224.5,5295.5,-141.0,PASS_SELL,,,,,,
2,237700,VELVETFRUIT_EXTRACT,-1,8.0,5272.0,5270.5,5.0,0.5053763440860215,2377,76.0,5262.5,-20.0,5274.5,-36.0,5276.5,-28.0,5275.5,4.0,5271.5,396.0,5222.5,5295.5,-188.0,PASS_SELL,,,,,,
2,238700,VELVETFRUIT_EXTRACT,1,25.0,5265.0,5262.5,5.0,0.47368421052631576,2387,-12.5,5264.5,225.0,5274.0,150.0,5271.0,262.5,5275.5,100.0,5269.0,-1187.5,5217.5,5295.5,762.5,AGG_BUY,,,,,,
2,239400,VEV_4000,1,2.0,1261.0,1256.0,10.0,0.5555555555555556,2394,19.0,1270.5,27.0,1274.5,29.0,1275.5,27.0,1274.5,13.0,1267.5,-89.0,1216.5,1295.0,68.0,AGG_BUY,,,,,,
2,239400,VEV_4500,1,2.0,761.0,757.0,8.0,0.6,2394,19.0,770.5,27.0,774.5,29.0,775.5,27.0,774.5,13.0,767.5,-89.0,716.5,795.5,69.0,AGG_BUY,,,,,,
2,239400,VEV_5000,1,2.0,264.0,262.5,3.0,0.8709677419354839,2394,18.0,273.0,26.0,277.0,28.0,278.0,25.0,276.5,13.0,270.5,-85.0,221.5,296.5,65.0,AGG_BUY,,,,,,
2,239400,VEV_5100,1,2.0,173.0,172.0,2.0,0.6,2394,16.0,181.0,23.0,184.5,25.0,185.5,23.0,184.5,10.0,178.0,-78.0,134.0,201.5,57.0,AGG_BUY,,,,,,
2,239400,VEV_5200,1,2.0,99.0,98.5,1.0,0.8709677419354839,2394,13.0,105.5,19.0,108.5,19.0,108.5,18.0,108.0,9.0,103.5,-61.0,68.5,119.0,40.0,AGG_BUY,,,,,,
2,239700,VELVETFRUIT_EXTRACT,-1,10.0,5263.0,5264.5,3.0,-0.375,2397,-75.0,5270.5,-95.0,5272.5,-135.0,5276.5,-120.0,5275.0,-55.0,5268.5,465.0,5216.5,5295.5,-325.0,AGG_SELL,,,,,,
2,240400,VELVETFRUIT_EXTRACT,-1,20.0,5268.0,5270.5,5.0,0.0,2404,-90.0,5272.5,-90.0,5272.5,-120.0,5274.0,-70.0,5271.5,10.0,5267.5,1090.0,5213.5,5295.5,-550.0,AGG_SELL,,,,,,
2,241600,VELVETFRUIT_EXTRACT,-1,16.0,5274.0,5276.5,5.0,-0.5949367088607594,2416,-24.0,5275.5,-72.0,5278.5,-0.0,5274.0,56.0,5270.5,40.0,5271.5,920.0,5216.5,5295.5,-344.0,AGG_SELL,,,,,,
2,242600,VELVETFRUIT_EXTRACT,-1,7.0,5274.0,5275.5,3.0,-0.8082191780821918,2426,3.5,5273.5,-17.5,5276.5,28.0,5270.0,10.5,5272.5,24.5,5270.5,416.5,5214.5,5295.5,-150.5,AGG_SELL,,,,,,
2,244900,VELVETFRUIT_EXTRACT,-1,4.0,5275.0,5273.5,5.0,0.0,2449,6.0,5273.5,-14.0,5278.5,46.0,5263.5,18.0,5270.5,30.0,5267.5,264.0,5209.0,5295.5,-82.0,PASS_SELL,,,,,,
2,246400,VELVETFRUIT_EXTRACT,-1,22.0,5276.0,5278.5,5.0,-0.4430379746835443,2464,-33.0,5277.5,33.0,5274.5,187.0,5267.5,77.0,5272.5,253.0,5264.5,1397.0,5212.5,5295.5,-429.0,AGG_SELL,,,,,,
2,248000,VELVETFRUIT_EXTRACT,-1,10.0,5278.0,5279.5,3.0,-0.7142857142857143,2480,55.0,5272.5,105.0,5267.5,75.0,5270.5,95.0,5268.5,105.0,5267.5,655.0,5212.5,5295.5,-175.0,AGG_SELL,,,,,,
2,248700,VELVETFRUIT_EXTRACT,1,10.0,5272.0,5271.0,2.0,0.42857142857142855,2487,45.0,5276.5,-65.0,5265.5,25.0,5274.5,5.0,5272.5,-75.0,5264.5,-565.0,5215.5,5295.5,235.0,AGG_BUY,,,,,,
2,249400,VELVETFRUIT_EXTRACT,-1,8.0,5275.0,5276.5,3.0,-0.42857142857142855,2494,8.0,5274.0,56.0,5268.0,-12.0,5276.5,16.0,5273.0,76.0,5265.5,464.0,5217.0,5295.5,-164.0,AGG_SELL,,,,,,
2,249600,VELVETFRUIT_EXTRACT,1,5.0,5276.0,5275.0,2.0,0.8214285714285714,2496,2.5,5276.5,-45.0,5267.0,2.5,5276.5,-17.5,5272.5,-57.5,5264.5,-297.5,5216.5,5295.5,97.5,AGG_BUY,,,,,,
2,250400,VELVETFRUIT_EXTRACT,1,14.0,5275.0,5274.0,2.0,0.6164383561643836,2504,-7.0,5274.5,-77.0,5269.5,35.0,5277.5,-63.0,5270.5,-147.0,5264.5,-805.0,5217.5,5295.5,287.0,AGG_BUY,,,,,,
2,252900,VELVETFRUIT_EXTRACT,1,10.0,5268.0,5267.0,2.0,0.42857142857142855,2529,-25.0,5265.5,35.0,5271.5,115.0,5279.5,-40.0,5264.0,-135.0,5254.5,-485.0,5219.5,5295.5,275.0,AGG_BUY,,,,,,
2,253000,VEV_4000,1,3.0,1267.0,1262.0,10.0,0.625,2530,1.5,1267.5,16.5,1272.5,37.5,1279.5,-4.5,1265.5,-34.5,1255.5,-144.0,1219.0,1295.0,84.0,AGG_BUY,,,,,,
2,253000,VEV_4500,1,3.0,767.0,763.5,7.0,0.5384615384615384,2530,1.5,767.5,16.5,772.5,37.5,779.5,-6.0,765.0,-36.0,755.0,-144.0,719.0,795.5,85.5,AGG_BUY,,,,,,
2,253000,VEV_5100,1,3.0,178.0,177.0,2.0,0.8235294117647058,2530,1.5,178.5,13.5,182.5,33.0,189.0,-6.0,176.0,-33.0,167.0,-126.0,136.0,201.5,70.5,AGG_BUY,,,,,,
2,253000,VEV_5200,1,3.0,103.0,102.5,1.0,0.8235294117647058,2530,1.5,103.5,10.5,106.5,25.5,111.5,-4.5,101.5,-24.0,95.0,-99.0,70.0,119.0,48.0,AGG_BUY,,,,,,
2,253000,VEV_5300,1,3.0,50.0,49.5,1.0,0.7142857142857143,2530,1.5,50.5,7.5,52.5,18.0,56.0,-3.0,49.0,-18.0,44.0,-60.0,30.0,58.0,24.0,AGG_BUY,,,,,,
2,255400,VEV_5500,-1,20.0,7.0,7.5,1.0,0.0,2554,-0.0,7.0,-10.0,7.5,-40.0,9.0,-0.0,7.0,10.0,6.5,90.0,2.5,7.0,-0.0,AGG_SELL,,,,,,
2,256600,VELVETFRUIT_EXTRACT,1,13.0,5267.0,5266.0,2.0,0.23529411764705882,2566,32.5,5269.5,182.0,5281.0,266.5,5287.5,58.5,5271.5,-84.5,5260.5,-604.5,5220.5,5295.5,370.5,AGG_BUY,,,,,,
2,261600,VEV_5500,-1,20.0,8.0,8.5,1.0,0.0,2616,-10.0,8.5,-20.0,9.0,-10.0,8.5,10.0,7.5,30.0,6.5,110.0,2.5,7.0,20.0,AGG_SELL,,,,,,
2,261700,VEV_5400,-1,20.0,19.0,19.5,1.0,0.0,2617,-0.0,19.0,-40.0,21.0,-10.0,19.5,50.0,16.5,70.0,15.5,220.0,8.0,20.0,-20.0,AGG_SELL,,,,,,
2,261700,VEV_5500,-1,20.0,8.0,8.5,1.0,0.0,2617,-0.0,8.0,-10.0,8.5,-10.0,8.5,10.0,7.5,30.0,6.5,110.0,2.5,7.0,20.0,AGG_SELL,,,,,,
2,261900,VEV_5500,-1,20.0,8.0,8.5,1.0,0.0,2619,-0.0,8.0,-10.0,8.5,-10.0,8.5,10.0,7.5,30.0,6.5,100.0,3.0,7.0,20.0,AGG_SELL,,,,,,
2,262000,VEV_5500,-1,20.0,8.0,8.5,1.0,0.0,2620,-0.0,8.0,-10.0,8.5,-10.0,8.5,20.0,7.0,30.0,6.5,100.0,3.0,7.0,20.0,AGG_SELL,,,,,,
2,262400,VEV_5500,-1,20.0,8.0,8.5,1.0,0.0,2624,-10.0,8.5,-10.0,8.5,-0.0,8.0,10.0,7.5,40.0,6.0,100.0,3.0,7.0,20.0,AGG_SELL,,,,,,
2,262600,VEV_5500,-1,20.0,8.0,8.5,1.0,0.0,2626,-10.0,8.5,-10.0,8.5,-0.0,8.0,10.0,7.5,30.0,6.5,90.0,3.5,7.0,20.0,AGG_SELL,,,,,,
2,262800,VEV_5500,-1,9.0,8.0,8.5,1.0,-0.45454545454545453,2628,-4.5,8.5,-4.5,8.5,-0.0,8.0,4.5,7.5,13.5,6.5,40.5,3.5,7.0,9.0,AGG_SELL,,,,,,
2,263200,VEV_5500,-1,8.0,8.0,8.5,1.0,-0.4482758620689655,2632,-4.0,8.5,-4.0,8.5,-0.0,8.0,4.0,7.5,12.0,6.5,44.0,2.5,7.0,8.0,AGG_SELL,,,,,,
2,263300,VEV_5500,-1,20.0,8.0,8.5,1.0,0.0,2633,-10.0,8.5,-10.0,8.5,-0.0,8.0,10.0,7.5,40.0,6.0,110.0,2.5,7.0,20.0,AGG_SELL,,,,,,
2,263400,VEV_5500,-1,20.0,8.0,8.5,1.0,0.0,2634,-10.0,8.5,-10.0,8.5,-0.0,8.0,10.0,7.5,30.0,6.5,110.0,2.5,7.0,20.0,AGG_SELL,,,,,,
2,263500,VEV_5500,-1,20.0,8.0,8.5,1.0,0.0,2635,-10.0,8.5,-10.0,8.5,-0.0,8.0,10.0,7.5,30.0,6.5,110.0,2.5,7.0,20.0,AGG_SELL,,,,,,
2,263600,VEV_5500,-1,20.0,8.0,8.5,1.0,0.0,2636,-10.0,8.5,-10.0,8.5,-0.0,8.0,10.0,7.5,30.0,6.5,110.0,2.5,7.0,20.0,AGG_SELL,,,,,,
2,263700,VEV_5500,-1,20.0,8.0,8.5,1.0,0.0,2637,-10.0,8.5,-10.0,8.5,-0.0,8.0,10.0,7.5,40.0,6.0,110.0,2.5,7.0,20.0,AGG_SELL,,,,,,
2,264100,VEV_5400,-1,9.0,20.0,20.5,1.0,-0.45454545454545453,2641,-9.0,21.0,9.0,19.0,9.0,19.0,31.5,16.5,49.5,14.5,103.5,8.5,20.0,-0.0,AGG_SELL,,,,,,
2,264200,VELVETFRUIT_EXTRACT,-1,16.0,5284.0,5286.5,5.0,-0.5675675675675675,2642,-56.0,5287.5,80.0,5279.0,88.0,5278.5,232.0,5269.5,376.0,5260.5,928.0,5226.0,5295.5,-184.0,AGG_SELL,,,,,,
2,264300,VELVETFRUIT_EXTRACT,-1,10.0,5285.0,5286.5,3.0,-0.2,2643,-25.0,5287.5,55.0,5279.5,75.0,5277.5,165.0,5268.5,255.0,5259.5,585.0,5226.5,5295.5,-105.0,AGG_SELL,,,,,,
2,265500,VEV_5400,-1,3.0,21.0,21.5,1.0,-0.7692307692307693,2655,-1.5,21.5,4.5,19.5,9.0,18.0,10.5,17.5,19.5,14.5,37.5,8.5,20.0,3.0,AGG_SELL,,,,,,
2,265900,VELVETFRUIT_EXTRACT,-1,6.0,5288.0,5289.5,3.0,-0.8235294117647058,2659,15.0,5285.5,60.0,5278.0,87.0,5273.5,87.0,5273.5,183.0,5257.5,375.0,5225.5,5295.5,-45.0,AGG_SELL,,,,,,
2,266200,VEV_5400,-1,10.0,21.0,21.5,1.0,-0.5,2662,5.0,20.5,25.0,18.5,30.0,18.0,35.0,17.5,65.0,14.5,125.0,8.5,20.0,10.0,AGG_SELL,,,,,,
2,266400,VEV_5500,-1,20.0,9.0,9.5,1.0,0.0,2664,10.0,8.5,20.0,8.0,30.0,7.5,30.0,7.5,70.0,5.5,130.0,2.5,7.0,40.0,AGG_SELL,,,,,,
2,267200,VEV_5400,-1,7.0,20.0,20.5,1.0,-0.4166666666666667,2672,-0.0,20.0,7.0,19.0,17.5,17.5,14.0,18.0,38.5,14.5,80.5,8.5,20.0,-0.0,AGG_SELL,,,,,,
2,267400,VELVETFRUIT_EXTRACT,1,4.0,5284.0,5285.5,5.0,-0.42857142857142855,2674,0.0,5284.0,-26.0,5277.5,-54.0,5270.5,-36.0,5275.0,-94.0,5260.5,-222.0,5228.5,5295.5,46.0,PASS_BUY,,,,,,
2,268200,VELVETFRUIT_EXTRACT,1,7.0,5281.0,5282.5,5.0,0.0,2682,-14.0,5279.0,-10.5,5279.5,-87.5,5268.5,-66.5,5271.5,-150.5,5259.5,-325.5,5234.5,5295.5,101.5,PASS_BUY,,,,,,
2,268600,VELVETFRUIT_EXTRACT,1,5.0,5282.0,5284.0,6.0,0.0,2686,-22.5,5277.5,-17.5,5278.5,-62.5,5269.5,-62.5,5269.5,-117.5,5258.5,-242.5,5233.5,5295.5,67.5,PASS_BUY,,,,,,
2,268900,VEV_4000,1,4.0,1280.0,1275.0,10.0,0.5789473684210527,2689,-8.0,1278.0,-2.0,1279.5,-28.0,1273.0,-38.0,1270.5,-68.0,1263.0,-180.0,1235.0,1295.0,60.0,AGG_BUY,,,,,,
2,268900,VEV_4500,1,4.0,780.0,776.0,8.0,0.42857142857142855,2689,-8.0,778.0,-2.0,779.5,-28.0,773.0,-38.0,770.5,-74.0,761.5,-180.0,735.0,795.5,62.0,AGG_BUY,,,,,,
2,268900,VEV_5100,1,4.0,189.0,188.0,2.0,0.7037037037037037,2689,-6.0,187.5,-2.0,188.5,-24.0,183.0,-34.0,180.5,-76.0,170.0,-160.0,149.0,201.5,50.0,AGG_BUY,,,,,,
2,268900,VEV_5200,1,4.0,112.0,111.5,1.0,0.42857142857142855,2689,-6.0,110.5,-2.0,111.5,-22.0,106.5,-26.0,105.5,-60.0,97.0,-132.0,79.0,119.0,28.0,AGG_BUY,,,,,,
2,268900,VEV_5500,-1,20.0,8.0,8.5,1.0,-0.09090909090909091,2689,-0.0,8.0,-0.0,8.0,10.0,7.5,10.0,7.5,50.0,5.5,90.0,3.5,7.0,20.0,AGG_SELL,,,,,,
2,269000,VELVETFRUIT_EXTRACT,1,9.0,5278.0,5277.5,1.0,0.3793103448275862,2690,0.0,5278.0,13.5,5279.5,-40.5,5273.5,-58.5,5271.5,-184.5,5257.5,-387.0,5235.0,5295.5,157.5,AGG_BUY,,,,,,
2,269100,VEV_5500,-1,3.0,8.0,8.5,1.0,0.0,2691,-0.0,8.0,-1.5,8.5,1.5,7.5,1.5,7.5,7.5,5.5,13.5,3.5,7.0,3.0,AGG_SELL,,,,,,
2,270400,VEV_5400,-1,20.0,19.0,19.5,1.0,0.0,2704,-0.0,19.0,20.0,18.0,30.0,17.5,20.0,18.0,120.0,13.0,190.0,9.5,20.0,-20.0,AGG_SELL,,,,,,
2,270500,VEV_5400,-1,20.0,19.0,19.5,1.0,0.0,2705,-10.0,19.5,20.0,18.0,20.0,18.0,20.0,18.0,120.0,13.0,190.0,9.5,20.0,-20.0,AGG_SELL,,,,,,
2,271100,VELVETFRUIT_EXTRACT,1,3.0,5277.0,5278.5,5.0,0.0,2711,4.5,5278.5,-7.5,5274.5,-28.5,5267.5,-12.0,5273.0,-79.5,5250.5,-130.5,5233.5,5295.5,55.5,PASS_BUY,,,,,,
2,271600,VEV_5400,-1,20.0,19.0,19.5,1.0,0.0,2716,-0.0,19.0,20.0,18.0,50.0,16.5,50.0,16.5,110.0,13.5,210.0,8.5,20.0,-20.0,AGG_SELL,,,,,,
2,271900,VEV_5400,-1,7.0,19.0,19.5,1.0,-0.5757575757575758,2719,-0.0,19.0,10.5,17.5,17.5,16.5,14.0,17.0,42.0,13.0,70.0,9.0,20.0,-7.0,AGG_SELL,,,,,,
2,272000,VEV_4000,1,3.0,1279.0,1274.0,10.0,0.5,2720,-1.5,1278.5,-18.0,1273.0,-33.0,1268.0,-22.5,1271.5,-79.5,1252.5,-133.5,1234.5,1295.0,48.0,AGG_BUY,,,,,,
2,272000,VEV_4500,1,3.0,779.0,775.5,7.0,0.5384615384615384,2720,-1.5,778.5,-18.0,773.0,-33.0,768.0,-22.5,771.5,-81.0,752.0,-133.5,734.5,795.5,49.5,AGG_BUY,,,,,,
2,272000,VEV_5100,1,3.0,189.0,188.0,2.0,0.5384615384615384,2720,-3.0,188.0,-18.0,183.0,-31.5,178.5,-22.5,181.5,-75.0,164.0,-120.0,149.0,201.5,37.5,AGG_BUY,,,,,,
2,272000,VEV_5200,1,3.0,111.0,110.5,1.0,0.7692307692307693,2720,-1.5,110.5,-13.5,106.5,-22.5,103.5,-15.0,106.0,-55.5,92.5,-97.5,78.5,119.0,24.0,AGG_BUY,,,,,,
2,272000,VEV_5300,1,3.0,55.0,54.5,1.0,0.6666666666666666,2720,0.0,55.0,-6.0,53.0,-12.0,51.0,-12.0,51.0,-33.0,44.0,-60.0,35.0,58.0,9.0,AGG_BUY,,,,,,
2,274600,VELVETFRUIT_EXTRACT,1,3.0,5275.0,5276.5,5.0,0.0,2746,-4.5,5273.5,-16.5,5269.5,0.0,5275.0,-13.5,5270.5,-67.5,5252.5,-127.5,5232.5,5295.5,61.5,PASS_BUY,,,,,,
2,275200,VEV_4000,1,5.0,1276.0,1271.0,10.0,0.23076923076923078,2752,-10.0,1274.0,-30.0,1270.0,-7.5,1274.5,-37.5,1268.5,-112.5,1253.5,-192.5,1237.5,1295.0,95.0,AGG_BUY,,,,,,
2,275200,VEV_4500,1,5.0,776.0,772.0,8.0,0.3333333333333333,2752,-10.0,774.0,-30.0,770.0,-7.5,774.5,-37.5,768.5,-115.0,753.0,-195.0,737.0,795.5,97.5,AGG_BUY,,,,,,
2,275200,VEV_5100,1,5.0,186.0,185.0,2.0,0.3333333333333333,2752,-10.0,184.0,-27.5,180.5,-7.5,184.5,-37.5,178.5,-105.0,165.0,-175.0,151.0,201.5,77.5,AGG_BUY,,,,,,
2,275200,VEV_5200,1,5.0,109.0,108.5,1.0,0.6428571428571429,2752,-7.5,107.5,-20.0,105.0,-7.5,107.5,-27.5,103.5,-77.5,93.5,-142.5,80.5,119.0,50.0,AGG_BUY,,,,,,
2,278100,VELVETFRUIT_EXTRACT,1,15.0,5269.0,5268.0,2.0,0.16666666666666666,2781,67.5,5273.5,37.5,5271.5,112.5,5276.5,0.0,5269.0,-300.0,5249.0,-367.5,5244.5,5295.5,397.5,AGG_BUY,,,,,,
2,278700,VELVETFRUIT_EXTRACT,-1,6.0,5273.0,5271.5,5.0,-0.5434782608695652,2787,27.0,5268.5,15.0,5270.5,-15.0,5275.5,45.0,5265.5,123.0,5252.5,174.0,5244.0,5295.5,-135.0,PASS_SELL,,,,,,
2,278800,VELVETFRUIT_EXTRACT,-1,4.0,5275.0,5273.5,5.0,0.0,2788,24.0,5269.0,18.0,5270.5,-2.0,5275.5,38.0,5265.5,86.0,5253.5,132.0,5242.0,5295.5,-82.0,PASS_SELL,,,,,,
2,280700,VELVETFRUIT_EXTRACT,1,6.0,5269.0,5270.5,5.0,-0.5102040816326531,2807,-9.0,5267.5,39.0,5275.5,9.0,5270.5,-39.0,5262.5,-117.0,5249.5,-183.0,5238.5,5295.5,159.0,PASS_BUY,,,,,,
2,281400,VELVETFRUIT_EXTRACT,1,9.0,5269.0,5268.0,2.0,0.35714285714285715,2814,0.0,5269.0,67.5,5276.5,22.5,5271.5,-9.0,5268.0,-166.5,5250.5,-279.0,5238.0,5295.5,238.5,AGG_BUY,,,,,,
2,282600,VELVETFRUIT_EXTRACT,-1,6.0,5271.0,5270.5,3.0,-0.9016393442622951,2826,-3.0,5271.5,-39.0,5277.5,-9.0,5272.5,-0.0,5271.0,111.0,5252.5,207.0,5236.5,5295.5,-147.0,PASS_SELL,,,,,,
2,285600,VELVETFRUIT_EXTRACT,-1,4.0,5277.0,5275.5,5.0,-0.4936708860759494,2856,6.0,5275.5,22.0,5271.5,30.0,5269.5,22.0,5271.5,120.0,5247.0,132.0,5244.0,5295.5,-74.0,PASS_SELL,,,,,,
2,286000,VELVETFRUIT_EXTRACT,-1,17.0,5277.0,5279.5,5.0,-0.48484848484848486,2860,42.5,5274.5,93.5,5271.5,76.5,5272.5,102.0,5271.0,535.5,5245.5,552.5,5244.5,5295.5,-314.5,AGG_SELL,,,,,,
2,286100,VELVETFRUIT_EXTRACT,-1,5.0,5278.0,5279.5,3.0,-0.863013698630137,2861,7.5,5276.5,32.5,5271.5,30.0,5272.0,37.5,5270.5,157.5,5246.5,167.5,5244.5,5295.5,-87.5,AGG_SELL,,,,,,
2,286500,VELVETFRUIT_EXTRACT,-1,7.0,5276.0,5277.5,3.0,-0.8292682926829268,2865,-17.5,5278.5,45.5,5269.5,17.5,5273.5,31.5,5271.5,238.0,5242.0,213.5,5245.5,5295.5,-136.5,AGG_SELL,,,,,,
2,287100,VEV_4000,1,2.0,1276.0,1271.0,10.0,0.5555555555555556,2871,1.0,1276.5,-6.0,1273.0,-12.0,1270.0,-9.0,1271.5,-73.0,1239.5,-57.0,1247.5,1295.0,38.0,AGG_BUY,,,,,,
2,287100,VEV_4500,1,2.0,776.0,772.5,7.0,0.6666666666666666,2871,1.0,776.5,-6.0,773.0,-12.0,770.0,-9.0,771.5,-72.0,740.0,-56.0,748.0,795.5,39.0,AGG_BUY,,,,,,
2,287100,VEV_5100,1,2.0,186.0,185.0,2.0,0.8888888888888888,2871,0.0,186.0,-6.0,183.0,-12.0,180.0,-9.0,181.5,-64.0,154.0,-52.0,160.0,201.5,31.0,AGG_BUY,,,,,,
2,287100,VEV_5200,1,2.0,109.0,108.5,1.0,0.8888888888888888,2871,1.0,109.5,-4.0,107.0,-8.0,105.0,-7.0,105.5,-49.0,84.5,-44.0,87.0,119.0,20.0,AGG_BUY,,,,,,
2,287100,VEV_5300,1,2.0,54.0,53.5,1.0,0.875,2871,0.0,54.0,-3.0,52.5,-6.0,51.0,-5.0,51.5,-30.0,39.0,-28.0,40.0,58.0,8.0,AGG_BUY,,,,,,
2,287600,VEV_4000,1,2.0,1277.0,1272.0,10.0,0.7142857142857143,2876,-1.0,1276.5,-9.0,1272.5,-17.0,1268.5,-8.0,1273.0,-73.0,1240.5,-61.0,1246.5,1295.0,36.0,AGG_BUY,,,,,,
2,287600,VEV_4500,1,2.0,777.0,773.0,8.0,0.6923076923076923,2876,-1.0,776.5,-9.0,772.5,-16.0,769.0,-8.0,773.0,-72.0,741.0,-61.0,746.5,795.5,37.0,AGG_BUY,,,,,,
2,287600,VEV_5100,1,2.0,186.0,185.0,2.0,0.8823529411764706,2876,0.0,186.0,-7.0,182.5,-13.0,179.5,-7.0,182.5,-62.0,155.0,-54.0,159.0,201.5,31.0,AGG_BUY,,,,,,
2,287600,VEV_5200,1,2.0,109.0,108.5,1.0,0.8823529411764706,2876,1.0,109.5,-5.0,106.5,-9.0,104.5,-5.0,106.5,-47.0,85.5,-45.0,86.5,119.0,20.0,AGG_BUY,,,,,,
2,288000,VELVETFRUIT_EXTRACT,1,8.0,5275.0,5276.5,5.0,0.5056179775280899,2880,-20.0,5272.5,-32.0,5271.0,-52.0,5268.5,-32.0,5271.0,-292.0,5238.5,-240.0,5245.0,5295.5,164.0,PASS_BUY,,,,,,
2,289300,VEV_4000,1,2.0,1273.0,1268.0,10.0,0.6666666666666666,2893,-3.0,1271.5,-9.0,1268.5,2.0,1274.0,-9.0,1268.5,-69.0,1238.5,-63.0,1241.5,1295.0,44.0,AGG_BUY,,,,,,
2,289300,VEV_4500,1,2.0,773.0,769.0,8.0,0.5,2893,-2.0,772.0,-10.0,768.0,2.0,774.0,-9.0,768.5,-70.0,738.0,-64.0,741.0,795.5,45.0,AGG_BUY,,,,,,
2,289300,VEV_5100,1,2.0,183.0,182.0,2.0,0.5,2893,-2.0,182.0,-8.0,179.0,2.0,184.0,-8.0,179.0,-61.0,152.5,-56.0,155.0,201.5,37.0,AGG_BUY,,,,,,
2,291800,VELVETFRUIT_EXTRACT,1,4.0,5268.0,5269.5,5.0,-0.5053763440860215,2918,10.0,5270.5,12.0,5271.0,-10.0,5265.5,6.0,5269.5,-94.0,5244.5,-94.0,5244.5,5295.5,110.0,PASS_BUY,,,,,,
2,293100,VELVETFRUIT_EXTRACT,-1,5.0,5273.0,5271.5,5.0,0.0,2931,20.0,5269.0,17.5,5269.5,32.5,5266.5,5.0,5272.0,152.5,5242.5,142.5,5244.5,5295.5,-112.5,PASS_SELL,,,,,,
2,293400,VELVETFRUIT_EXTRACT,-1,5.0,5272.0,5270.5,5.0,0.0,2934,17.5,5268.5,-7.5,5273.5,17.5,5268.5,-2.5,5272.5,142.5,5243.5,155.0,5241.0,5295.5,-117.5,PASS_SELL,,,,,,
2,293700,VELVETFRUIT_EXTRACT,1,8.0,5268.0,5269.5,5.0,0.5714285714285714,2937,12.0,5269.5,36.0,5272.5,-8.0,5267.0,28.0,5271.5,-212.0,5241.5,-204.0,5242.5,5295.5,220.0,PASS_BUY,,,,,,
2,294600,VEV_4000,1,2.0,1267.0,1262.0,10.0,0.6,2946,5.0,1269.5,10.0,1272.0,2.0,1268.0,2.0,1268.0,-41.0,1246.5,-53.0,1240.5,1295.0,56.0,AGG_BUY,,,,,,
2,294600,VEV_4500,1,2.0,767.0,763.5,7.0,0.6923076923076923,2946,5.0,769.5,10.0,772.0,2.0,768.0,2.0,768.0,-42.0,746.0,-52.0,741.0,795.5,57.0,AGG_BUY,,,,,,
2,294600,VEV_5000,1,2.0,270.0,268.5,3.0,0.8918918918918919,2946,4.0,272.0,9.0,274.5,2.0,271.0,1.0,270.5,-40.0,250.0,-52.0,244.0,296.5,53.0,AGG_BUY,,,,,,
2,294600,VEV_5100,1,2.0,178.0,177.0,2.0,0.8918918918918919,2946,4.0,180.0,9.0,182.5,1.0,178.5,1.0,178.5,-38.0,159.0,-48.0,154.0,201.5,47.0,AGG_BUY,,,,,,
2,294600,VEV_5200,1,2.0,103.0,102.5,1.0,0.8918918918918919,2946,3.0,104.5,7.0,106.5,1.0,103.5,1.0,103.5,-30.0,88.0,-41.0,82.5,119.0,32.0,AGG_BUY,,,,,,
2,294600,VEV_5300,1,2.0,50.0,49.5,1.0,0.8181818181818182,2946,2.0,51.0,4.0,52.0,0.0,50.0,0.0,50.0,-18.0,41.0,-26.0,37.0,58.0,16.0,AGG_BUY,,,,,,
2,296800,VELVETFRUIT_EXTRACT,1,8.0,5269.0,5271.0,6.0,0.0,2968,-4.0,5268.5,-28.0,5265.5,24.0,5272.0,-28.0,5265.5,-220.0,5241.5,-244.0,5238.5,5295.5,212.0,PASS_BUY,,,,,,
2,297000,VELVETFRUIT_EXTRACT,1,15.0,5267.0,5266.5,1.0,0.16666666666666666,2970,22.5,5268.5,-37.5,5264.5,82.5,5272.5,7.5,5267.5,-412.5,5239.5,-420.0,5239.0,5295.5,427.5,AGG_BUY,,,,,,
2,297500,VELVETFRUIT_EXTRACT,1,10.0,5268.0,5267.0,2.0,0.23076923076923078,2975,65.0,5274.5,-45.0,5263.5,25.0,5270.5,-5.0,5267.5,-335.0,5234.5,-290.0,5239.0,5295.5,275.0,AGG_BUY,,,,,,
2,298300,VELVETFRUIT_EXTRACT,-1,10.0,5272.0,5273.5,3.0,-0.2,2983,-25.0,5274.5,55.0,5266.5,-0.0,5272.0,45.0,5267.5,375.0,5234.5,315.0,5240.5,5295.5,-235.0,AGG_SELL,,,,,,
2,298500,VELVETFRUIT_EXTRACT,-1,10.0,5273.0,5274.5,3.0,-0.6774193548387096,2985,-5.0,5273.5,60.0,5267.0,-5.0,5273.5,55.0,5267.5,385.0,5234.5,325.0,5240.5,5295.5,-225.0,AGG_SELL,,,,,,
2,299800,VELVETFRUIT_EXTRACT,1,6.0,5271.0,5270.0,2.0,0.8032786885245902,2998,-3.0,5270.5,-27.0,5266.5,21.0,5274.5,-39.0,5264.5,-207.0,5236.5,-141.0,5247.5,5295.5,147.0,AGG_BUY,,,,,,
2,300500,VELVETFRUIT_EXTRACT,1,12.0,5267.0,5266.0,2.0,0.6470588235294118,3005,6.0,5267.5,0.0,5267.0,36.0,5270.0,-30.0,5264.5,-402.0,5233.5,-186.0,5251.5,5295.5,342.0,AGG_BUY,,,,,,
2,300800,VELVETFRUIT_EXTRACT,-1,7.0,5269.0,5270.5,3.0,-0.5172413793103449,3008,24.5,5265.5,-7.0,5270.0,-3.5,5269.5,52.5,5261.5,248.5,5233.5,129.5,5250.5,5295.5,-185.5,AGG_SELL,,,,,,
2,301000,VELVETFRUIT_EXTRACT,1,8.0,5268.0,5270.0,6.0,0.0,3010,-28.0,5264.5,28.0,5271.5,12.0,5269.5,-76.0,5258.5,-284.0,5232.5,-124.0,5252.5,5295.5,220.0,PASS_BUY,,,,,,
2,302900,VELVETFRUIT_EXTRACT,1,8.0,5265.0,5264.0,2.0,0.7922077922077922,3029,36.0,5269.5,44.0,5270.5,60.0,5272.5,-84.0,5254.5,-308.0,5226.5,-92.0,5253.5,5295.5,244.0,AGG_BUY,,,,,,
2,303000,VELVETFRUIT_EXTRACT,-1,7.0,5265.0,5266.5,3.0,-0.7846153846153846,3030,-38.5,5270.5,-45.5,5271.5,-45.5,5271.5,66.5,5255.5,262.5,5227.5,77.0,5254.0,5295.5,-213.5,AGG_SELL,,,,,,
2,303400,VELVETFRUIT_EXTRACT,-1,8.0,5267.0,5268.5,3.0,-0.75,3034,-20.0,5269.5,-44.0,5272.5,-28.0,5270.5,92.0,5255.5,300.0,5229.5,92.0,5255.5,5295.5,-228.0,AGG_SELL,,,,,,
2,306000,VELVETFRUIT_EXTRACT,-1,5.0,5273.0,5271.5,5.0,0.4845360824742268,3060,2.5,5272.5,17.5,5269.5,-12.5,5275.5,62.5,5260.5,195.0,5234.0,62.5,5260.5,5295.5,-112.5,PASS_SELL,,,,,,
2,307900,VELVETFRUIT_EXTRACT,1,8.0,5269.0,5270.5,5.0,0.5681818181818182,3079,36.0,5273.5,28.0,5272.5,44.0,5274.5,-28.0,5265.5,-340.0,5226.5,-68.0,5260.5,5295.5,212.0,PASS_BUY,,,,,,
2,309200,VELVETFRUIT_EXTRACT,-1,8.0,5273.0,5274.5,3.0,-0.4838709677419355,3092,-20.0,5275.5,28.0,5269.5,-12.0,5274.5,76.0,5263.5,372.0,5226.5,124.0,5257.5,5295.5,-180.0,AGG_SELL,,,,,,
2,310300,VELVETFRUIT_EXTRACT,-1,11.0,5273.0,5274.5,3.0,-0.6666666666666666,3103,49.5,5268.5,5.5,5272.5,-60.5,5278.5,115.5,5262.5,500.5,5227.5,192.5,5255.5,5295.5,-247.5,AGG_SELL,,,,,,
2,311200,VELVETFRUIT_EXTRACT,1,8.0,5266.0,5267.5,5.0,-0.42168674698795183,3112,20.0,5268.5,68.0,5274.5,44.0,5271.5,-4.0,5265.5,-316.0,5226.5,-116.0,5251.5,5295.5,236.0,PASS_BUY,,,,,,
2,311700,VELVETFRUIT_EXTRACT,-1,6.0,5272.0,5271.5,3.0,-0.8028169014084507,3117,3.0,5271.5,-21.0,5275.5,15.0,5269.5,54.0,5263.0,279.0,5225.5,129.0,5250.5,5295.5,-141.0,PASS_SELL,,,,,,
2,314000,VELVETFRUIT_EXTRACT,1,7.0,5268.0,5267.0,2.0,0.44,3140,31.5,5272.5,24.5,5271.5,-3.5,5267.5,-59.5,5259.5,-297.5,5225.5,-171.5,5243.5,5295.5,192.5,AGG_BUY,,,,,,
2,316300,VELVETFRUIT_EXTRACT,1,8.0,5275.0,5274.0,2.0,0.8024691358024691,3163,-4.0,5274.5,-12.0,5273.5,-92.0,5263.5,-120.0,5260.0,-320.0,5235.0,-244.0,5244.5,5295.5,164.0,AGG_BUY,,,,,,
2,316700,VEV_4000,1,3.0,1275.0,1270.0,10.0,0.4,3167,-1.5,1274.5,-16.5,1269.5,-40.5,1261.5,-46.5,1259.5,-124.5,1233.5,-94.5,1243.5,1295.0,60.0,AGG_BUY,,,,,,
2,316700,VEV_4500,1,3.0,775.0,771.0,8.0,0.6,3167,-1.5,774.5,-15.0,770.0,-40.5,761.5,-48.0,759.0,-123.0,734.0,-93.0,744.0,795.5,61.5,AGG_BUY,,,,,,
2,316700,VEV_5100,1,3.0,185.0,184.0,2.0,0.6,3167,-3.0,184.0,-15.0,180.0,-36.0,173.0,-43.5,170.5,-108.0,149.0,-85.5,156.5,201.5,49.5,AGG_BUY,,,,,,
2,316700,VEV_5200,1,3.0,108.0,107.5,1.0,0.7931034482758621,3167,-1.5,107.5,-10.5,104.5,-25.5,99.5,-31.5,97.5,-81.0,81.0,-72.0,84.0,119.0,33.0,AGG_BUY,,,,,,
2,316700,VEV_5300,1,3.0,53.0,52.5,1.0,0.7777777777777778,3167,0.0,53.0,-7.5,50.5,-18.0,47.0,-21.0,46.0,-48.0,37.0,-45.0,38.0,58.0,15.0,AGG_BUY,,,,,,
2,317500,VEV_4000,1,3.0,1275.0,1269.5,11.0,0.6666666666666666,3175,-15.0,1270.0,-3.0,1274.0,-37.5,1262.5,-43.5,1260.5,-124.5,1233.5,-94.5,1243.5,1295.0,60.0,AGG_BUY,,,,,,
2,317500,VEV_4500,1,3.0,775.0,771.0,8.0,0.5384615384615384,3175,-15.0,770.0,-3.0,774.0,-37.5,762.5,-45.0,760.0,-126.0,733.0,-96.0,743.0,795.5,61.5,AGG_BUY,,,,,,
2,317500,VEV_5100,1,3.0,184.0,183.0,2.0,0.76,3175,-12.0,180.0,-1.5,183.5,-31.5,173.5,-39.0,171.0,-108.0,148.0,-84.0,156.0,201.5,52.5,AGG_BUY,,,,,,
2,319900,VELVETFRUIT_EXTRACT,-1,11.0,5281.0,5282.0,2.0,-0.3333333333333333,3199,77.0,5274.0,115.5,5270.5,192.5,5263.5,302.5,5253.5,528.0,5233.0,324.5,5251.5,5295.5,-159.5,AGG_SELL,,,,,,
2,320800,VEV_4000,1,5.0,1274.0,1269.0,10.0,0.375,3208,-25.0,1269.0,-37.5,1266.5,-52.5,1263.5,-102.5,1253.5,-205.0,1233.0,-107.5,1252.5,1295.0,105.0,AGG_BUY,,,,,,
2,320800,VEV_4500,1,5.0,774.0,770.0,8.0,0.4117647058823529,3208,-25.0,769.0,-35.0,767.0,-52.5,763.5,-105.0,753.0,-205.0,733.0,-105.0,753.0,795.5,107.5,AGG_BUY,,,,,,
2,320800,VEV_5000,1,5.0,276.0,275.0,2.0,0.4117647058823529,3208,-22.5,271.5,-32.5,269.5,-47.5,266.5,-95.0,257.0,-192.5,237.5,-100.0,256.0,296.5,102.5,AGG_BUY,,,,,,
2,320800,VEV_5100,1,5.0,184.0,183.0,2.0,0.4117647058823529,3208,-25.0,179.0,-32.5,177.5,-47.5,174.5,-92.5,165.5,-180.0,148.0,-100.0,164.0,201.5,87.5,AGG_BUY,,,,,,
2,321600,VEV_4000,1,4.0,1270.0,1265.0,10.0,0.5555555555555556,3216,20.0,1275.0,-34.0,1261.5,-4.0,1269.0,-66.0,1253.5,-162.0,1229.5,-66.0,1253.5,1295.0,100.0,AGG_BUY,,,,,,
2,321600,VEV_4500,1,4.0,770.0,766.0,8.0,0.4666666666666667,3216,20.0,775.0,-36.0,761.0,-4.0,769.0,-64.0,754.0,-164.0,729.0,-68.0,753.0,795.5,102.0,AGG_BUY,,,,,,
2,321600,VEV_5100,1,4.0,180.0,179.0,2.0,0.7419354838709677,3216,18.0,184.5,-30.0,172.5,-2.0,179.5,-56.0,166.0,-140.0,145.0,-62.0,164.5,201.5,86.0,AGG_BUY,,,,,,
2,323200,VELVETFRUIT_EXTRACT,-1,5.0,5275.0,5273.5,5.0,0.0,3232,32.5,5268.5,27.5,5269.5,35.0,5268.0,125.0,5250.0,222.5,5230.5,117.5,5251.5,5295.5,-102.5,PASS_SELL,,,,,,
2,323500,VELVETFRUIT_EXTRACT,1,14.0,5269.0,5268.0,2.0,0.6585365853658537,3235,21.0,5270.5,-35.0,5266.5,28.0,5271.0,-231.0,5252.5,-539.0,5230.5,-245.0,5251.5,5295.5,371.0,AGG_BUY,,,,,,
2,327600,VELVETFRUIT_EXTRACT,-1,5.0,5265.0,5263.5,5.0,0.5609756097560976,3276,-2.5,5265.5,-30.0,5271.0,-40.0,5273.0,67.5,5251.5,137.5,5237.5,62.5,5252.5,5295.5,-152.5,PASS_SELL,,,,,,
2,328400,VEV_5100,1,10.0,180.0,178.0,4.0,0.0,3284,-45.0,175.5,15.0,181.5,-15.0,178.5,-180.0,162.0,-290.0,151.0,-140.0,166.0,201.5,215.0,AGG_BUY,,,,,,
2,329000,VELVETFRUIT_EXTRACT,1,5.0,5264.0,5263.0,2.0,0.6153846153846154,3290,-10.0,5262.0,30.0,5270.0,22.5,5268.5,-57.5,5252.5,-147.5,5234.5,-50.0,5254.0,5295.5,157.5,AGG_BUY,,,,,,
2,331000,VELVETFRUIT_EXTRACT,-1,9.0,5268.0,5269.0,2.0,-0.3333333333333333,3310,-13.5,5269.5,-27.0,5271.0,-13.5,5269.5,157.5,5250.5,288.0,5236.0,117.0,5255.0,5295.5,-247.5,AGG_SELL,,,,,,
2,332600,VELVETFRUIT_EXTRACT,-1,8.0,5273.0,5271.0,6.0,0.0,3326,28.0,5269.5,-0.0,5273.0,20.0,5270.5,164.0,5252.5,284.0,5237.5,140.0,5255.5,5295.5,-180.0,PASS_SELL,,,,,,
2,333200,VELVETFRUIT_EXTRACT,1,7.0,5269.0,5268.0,2.0,0.7941176470588235,3332,0.0,5269.0,3.5,5269.5,24.5,5272.5,-115.5,5252.5,-199.5,5240.5,-87.5,5256.5,5295.5,185.5,AGG_BUY,,,,,,
2,333900,VELVETFRUIT_EXTRACT,-1,7.0,5272.0,5270.0,6.0,0.0,3339,10.5,5270.5,38.5,5266.5,-3.5,5272.5,154.0,5250.0,234.5,5238.5,108.5,5256.5,5295.5,-164.5,PASS_SELL,,,,,,
2,336800,VELVETFRUIT_EXTRACT,1,5.0,5269.0,5270.5,5.0,0.49206349206349204,3368,7.5,5270.5,2.5,5269.5,-17.5,5265.5,-127.5,5243.5,-152.5,5238.5,-65.0,5256.0,5295.5,132.5,PASS_BUY,,,,,,
2,339400,VELVETFRUIT_EXTRACT,-1,11.0,5268.0,5269.0,2.0,-0.2903225806451613,3394,5.5,5267.5,5.5,5267.5,27.5,5265.5,346.5,5236.5,313.5,5239.5,159.5,5253.5,5295.5,-302.5,AGG_SELL,,,,,,
2,340400,VEV_5100,1,6.0,180.0,178.0,4.0,0.0,3404,-3.0,179.5,-12.0,178.0,-30.0,175.0,-156.0,154.0,-162.0,153.0,-72.0,168.0,201.5,129.0,AGG_BUY,,,,,,
2,341400,VEV_4000,1,4.0,1270.0,1265.0,10.0,0.2727272727272727,3414,10.0,1272.5,-22.0,1264.5,-48.0,1258.0,-110.0,1242.5,-130.0,1237.5,-46.0,1258.5,1295.0,100.0,AGG_BUY,,,,,,
2,341400,VEV_4500,1,4.0,770.0,766.5,7.0,0.38461538461538464,3414,10.0,772.5,-24.0,764.0,-48.0,758.0,-108.0,743.0,-132.0,737.0,-44.0,759.0,795.5,102.0,AGG_BUY,,,,,,
2,341400,VEV_5100,1,4.0,180.0,179.5,1.0,0.38461538461538464,3414,10.0,182.5,-20.0,175.0,-42.0,169.5,-96.0,156.0,-116.0,151.0,-42.0,169.5,201.5,86.0,AGG_BUY,,,,,,
2,341400,VEV_5200,1,4.0,105.0,104.5,1.0,0.38461538461538464,3414,6.0,106.5,-18.0,100.5,-34.0,96.5,-74.0,86.5,-90.0,82.5,-46.0,93.5,119.0,56.0,AGG_BUY,,,,,,
2,341400,VEV_5300,1,4.0,51.0,50.5,1.0,0.6,3414,4.0,52.0,-12.0,48.0,-22.0,45.5,-44.0,40.0,-52.0,38.0,-28.0,44.0,58.0,28.0,AGG_BUY,,,,,,
2,344000,VELVETFRUIT_EXTRACT,1,3.0,5270.0,5271.5,5.0,0.5421686746987951,3440,-9.0,5267.0,-10.5,5266.5,-37.5,5257.5,-81.0,5243.0,-94.5,5238.5,-37.5,5257.5,5295.5,76.5,PASS_BUY,,,,,,
2,344600,VELVETFRUIT_EXTRACT,1,7.0,5266.0,5268.0,6.0,0.0,3446,10.5,5267.5,-10.5,5264.5,-38.5,5260.5,-136.5,5246.5,-164.5,5242.5,-17.5,5263.5,5295.5,206.5,PASS_BUY,,,,,,
2,344900,VELVETFRUIT_EXTRACT,1,6.0,5266.0,5267.5,5.0,0.5581395348837209,3449,-3.0,5265.5,-9.0,5264.5,-24.0,5262.0,-126.0,5245.0,-141.0,5242.5,-30.0,5261.0,5295.5,177.0,PASS_BUY,,,,,,
2,347800,VEV_4000,1,4.0,1264.0,1259.0,10.0,0.38461538461538464,3478,6.0,1265.5,-38.0,1254.5,8.0,1266.0,-124.0,1233.0,-62.0,1248.5,-18.0,1259.5,1295.0,124.0,AGG_BUY,,,,,,
2,347800,VEV_4500,1,4.0,764.0,760.5,7.0,0.42857142857142855,3478,4.0,765.0,-36.0,755.0,8.0,766.0,-124.0,733.0,-60.0,749.0,-18.0,759.5,795.5,126.0,AGG_BUY,,,,,,
2,347800,VEV_5000,1,4.0,267.0,266.0,2.0,0.42857142857142855,3478,4.0,268.0,-36.0,258.0,8.0,269.0,-118.0,237.5,-60.0,252.0,-20.0,262.0,296.5,118.0,AGG_BUY,,,,,,
2,347800,VEV_5100,1,4.0,175.0,174.0,2.0,0.7575757575757576,3478,4.0,176.0,-32.0,167.0,6.0,176.5,-108.0,148.0,-56.0,161.0,-20.0,170.0,201.5,106.0,AGG_BUY,,,,,,
2,347800,VEV_5200,1,4.0,101.0,100.5,1.0,0.42857142857142855,3478,2.0,101.5,-26.0,94.5,2.0,101.5,-84.0,80.0,-44.0,90.0,-26.0,94.5,119.0,72.0,AGG_BUY,,,,,,
2,347800,VEV_5300,1,4.0,48.0,47.5,1.0,0.7575757575757576,3478,4.0,49.0,-16.0,44.0,4.0,49.0,-44.0,37.0,-24.0,42.0,-12.0,45.0,58.0,40.0,AGG_BUY,,,,,,
2,350600,VELVETFRUIT_EXTRACT,-1,5.0,5265.0,5263.5,5.0,0.3902439024390244,3506,45.0,5256.0,17.5,5261.5,-2.5,5265.5,152.5,5234.5,102.5,5244.5,32.5,5258.5,5295.5,-152.5,PASS_SELL,,,,,,
2,350700,VEV_4000,1,4.0,1262.0,1257.0,10.0,0.5,3507,-26.0,1255.5,2.0,1262.5,14.0,1265.5,-114.0,1233.5,-66.0,1245.5,-14.0,1258.5,1295.0,132.0,AGG_BUY,,,,,,
2,350700,VEV_4500,1,4.0,762.0,758.5,7.0,0.5,3507,-24.0,756.0,0.0,762.0,14.0,765.5,-114.0,733.5,-64.0,746.0,-16.0,758.0,795.5,134.0,AGG_BUY,,,,,,
2,350700,VEV_5000,1,4.0,265.0,264.0,2.0,0.5,3507,-24.0,259.0,0.0,265.0,14.0,268.5,-108.0,238.0,-64.0,249.0,-16.0,261.0,296.5,126.0,AGG_BUY,,,,,,
2,350700,VEV_5100,1,4.0,173.0,172.5,1.0,0.5,3507,-22.0,167.5,0.0,173.0,12.0,176.0,-100.0,148.0,-60.0,158.0,-16.0,169.0,201.5,114.0,AGG_BUY,,,,,,
2,350700,VEV_5200,1,4.0,99.0,98.5,1.0,0.7837837837837838,3507,-14.0,95.5,2.0,99.5,10.0,101.5,-74.0,80.5,-46.0,87.5,-22.0,93.5,119.0,80.0,AGG_BUY,,,,,,
2,351200,VELVETFRUIT_EXTRACT,1,15.0,5258.0,5255.5,5.0,0.5945945945945946,3512,-45.0,5255.0,22.5,5259.5,112.5,5265.5,-412.5,5230.5,-247.5,5241.5,-15.0,5257.0,5295.5,562.5,AGG_BUY,,,,,,
2,351200,VEV_4500,1,8.0,764.0,756.0,16.0,0.0,3512,-72.0,755.0,-40.0,759.0,8.0,765.0,-268.0,730.5,-176.0,742.0,-56.0,757.0,795.5,252.0,AGG_BUY,,,,,,
2,351300,VELVETFRUIT_EXTRACT,1,11.0,5256.0,5255.0,2.0,0.725,3513,-16.5,5254.5,38.5,5259.5,88.0,5264.0,-286.0,5230.0,-170.5,5240.5,5.5,5256.5,5295.5,434.5,AGG_BUY,,,,,,
2,352100,VELVETFRUIT_EXTRACT,1,4.0,5253.0,5254.5,5.0,-0.46987951807228917,3521,14.0,5256.5,38.0,5262.5,38.0,5262.5,-96.0,5229.0,-50.0,5240.5,14.0,5256.5,5295.5,170.0,PASS_BUY,,,,,,
2,353600,VELVETFRUIT_EXTRACT,1,7.0,5255.0,5256.5,5.0,0.5526315789473685,3536,38.5,5260.5,45.5,5261.5,45.5,5261.5,-168.0,5231.0,-115.5,5238.5,24.5,5258.5,5295.5,283.5,PASS_BUY,,,,,,
2,354700,VELVETFRUIT_EXTRACT,-1,8.0,5261.0,5262.5,3.0,-0.7714285714285715,3547,-12.0,5262.5,-4.0,5261.5,36.0,5256.5,212.0,5234.5,196.0,5236.5,44.0,5255.5,5295.5,-276.0,AGG_SELL,,,,,,
2,355300,VELVETFRUIT_EXTRACT,-1,14.0,5262.0,5263.5,3.0,-0.6216216216216216,3553,35.0,5259.5,-7.0,5262.5,42.0,5259.0,371.0,5235.5,329.0,5238.5,70.0,5257.0,5295.5,-469.0,AGG_SELL,,,,,,
2,355900,VELVETFRUIT_EXTRACT,1,8.0,5260.0,5259.0,2.0,0.8024691358024691,3559,-4.0,5259.5,44.0,5265.5,-20.0,5257.5,-216.0,5233.0,-160.0,5240.0,-24.0,5257.0,5295.5,284.0,AGG_BUY,,,,,,
2,356100,VELVETFRUIT_EXTRACT,-1,12.0,5261.0,5262.0,2.0,-0.29411764705882354,3561,-18.0,5262.5,-66.0,5266.5,42.0,5257.5,330.0,5233.5,246.0,5240.5,42.0,5257.5,5295.5,-414.0,AGG_SELL,,,,,,
2,356500,VELVETFRUIT_EXTRACT,-1,6.0,5262.0,5260.5,5.0,0.0,3565,-21.0,5265.5,-15.0,5264.5,12.0,5260.0,201.0,5228.5,147.0,5237.5,12.0,5260.0,5295.5,-201.0,PASS_SELL,,,,,,
2,358000,VELVETFRUIT_EXTRACT,-1,6.0,5265.0,5266.5,3.0,-0.8,3580,15.0,5262.5,9.0,5263.5,30.0,5260.0,231.0,5226.5,141.0,5241.5,36.0,5259.0,5295.5,-183.0,AGG_SELL,,,,,,
2,358300,VELVETFRUIT_EXTRACT,1,7.0,5262.0,5263.5,5.0,0.0,3583,3.5,5262.5,-3.5,5261.5,-17.5,5259.5,-241.5,5227.5,-150.5,5240.5,-17.5,5259.5,5295.5,234.5,PASS_BUY,,,,,,
2,358500,VEV_4000,1,2.0,1263.0,1257.5,11.0,0.7333333333333333,3585,-1.0,1262.5,-1.0,1262.5,-9.0,1258.5,-75.0,1225.5,-43.0,1241.5,-11.0,1257.5,1295.0,64.0,AGG_BUY,,,,,,
2,358500,VEV_4500,1,2.0,763.0,759.0,8.0,0.6923076923076923,3585,-2.0,762.0,-1.0,762.5,-9.0,758.5,-75.0,725.5,-44.0,741.0,-10.0,758.0,795.5,65.0,AGG_BUY,,,,,,
2,358500,VEV_5000,1,2.0,265.0,264.0,2.0,0.6923076923076923,3585,0.0,265.0,1.0,265.5,-7.0,261.5,-69.0,230.5,-40.0,245.0,-10.0,260.0,296.5,63.0,AGG_BUY,,,,,,
2,358500,VEV_5100,1,2.0,173.0,172.5,1.0,0.6923076923076923,3585,0.0,173.0,1.0,173.5,-7.0,169.5,-62.0,142.0,-36.0,155.0,-9.0,168.5,201.5,57.0,AGG_BUY,,,,,,
2,358500,VEV_5200,1,2.0,99.0,98.5,1.0,0.8888888888888888,3585,-1.0,98.5,1.0,99.5,-5.0,96.5,-46.0,76.0,-28.0,85.0,-12.0,93.0,119.0,40.0,AGG_BUY,,,,,,
2,360000,VELVETFRUIT_EXTRACT,-1,7.0,5266.0,5264.5,5.0,-0.6052631578947368,3600,10.5,5264.5,56.0,5258.0,94.5,5252.5,269.5,5227.5,192.5,5238.5,66.5,5256.5,5295.5,-206.5,PASS_SELL,,,,,,
2,360500,VELVETFRUIT_EXTRACT,-1,10.0,5265.0,5266.5,3.0,-0.7468354430379747,3605,5.0,5264.5,65.0,5258.5,135.0,5251.5,375.0,5227.5,295.0,5235.5,100.0,5255.0,5295.5,-305.0,AGG_SELL,,,,,,
2,361300,VELVETFRUIT_EXTRACT,-1,3.0,5266.0,5264.0,6.0,0.0,3613,13.5,5261.5,18.0,5260.0,51.0,5249.0,118.5,5226.5,90.0,5236.0,36.0,5254.0,5295.5,-88.5,PASS_SELL,,,,,,
2,361600,VELVETFRUIT_EXTRACT,1,5.0,5261.0,5263.0,6.0,0.0,3616,7.5,5262.5,-5.0,5260.0,-35.0,5254.0,-175.0,5226.0,-112.5,5238.5,-37.5,5253.5,5295.5,172.5,PASS_BUY,,,,,,
2,362500,VELVETFRUIT_EXTRACT,1,5.0,5261.0,5263.0,6.0,0.0,3625,7.5,5262.5,-2.5,5260.5,-42.5,5252.5,-177.5,5225.5,-125.0,5236.0,-27.5,5255.5,5295.5,172.5,PASS_BUY,,,,,,
2,362600,VEV_4000,1,5.0,1262.0,1257.0,10.0,0.4444444444444444,3626,-2.5,1261.5,-7.5,1260.5,-40.0,1254.0,-187.5,1224.5,-122.5,1237.5,-32.5,1255.5,1295.0,165.0,AGG_BUY,,,,,,
2,362600,VEV_4500,1,5.0,762.0,758.5,7.0,0.3333333333333333,3626,0.0,762.0,-5.0,761.0,-40.0,754.0,-187.5,724.5,-120.0,738.0,-35.0,755.0,795.5,167.5,AGG_BUY,,,,,,
2,362600,VEV_5000,1,5.0,265.0,264.0,2.0,0.3333333333333333,3626,0.0,265.0,-5.0,264.0,-40.0,257.0,-175.0,230.0,-115.0,242.0,-35.0,258.0,296.5,157.5,AGG_BUY,,,,,,
2,362600,VEV_5100,1,5.0,173.0,172.0,2.0,0.696969696969697,3626,-2.5,172.5,-7.5,171.5,-35.0,166.0,-160.0,141.0,-105.0,152.0,-32.5,166.5,201.5,142.5,AGG_BUY,,,,,,
2,362600,VEV_5200,1,5.0,99.0,98.5,1.0,0.696969696969697,3626,-2.5,98.5,-2.5,98.5,-27.5,93.5,-117.5,75.5,-80.0,83.0,-37.5,91.5,119.0,100.0,AGG_BUY,,,,,,
2,364700,VELVETFRUIT_EXTRACT,1,10.0,5257.0,5256.5,1.0,0.3548387096774194,3647,10.0,5258.0,-20.0,5255.0,-45.0,5252.5,-310.0,5226.0,-200.0,5237.0,-45.0,5252.5,5295.5,385.0,AGG_BUY,,,,,,
2,364900,VELVETFRUIT_EXTRACT,1,7.0,5258.0,5257.0,2.0,0.4166666666666667,3649,-3.5,5257.5,-31.5,5253.5,-52.5,5250.5,-220.5,5226.5,-129.5,5239.5,-31.5,5253.5,5295.5,262.5,AGG_BUY,,,,,,
2,365400,VELVETFRUIT_EXTRACT,1,9.0,5259.0,5258.0,2.0,0.4,3654,4.5,5259.5,-76.5,5250.5,-49.5,5253.5,-292.5,5226.5,-198.0,5237.0,-63.0,5252.0,5295.5,328.5,AGG_BUY,,,,,,
2,365400,VELVETFRUIT_EXTRACT,1,7.0,5258.0,5258.0,2.0,0.4,3654,10.5,5259.5,-52.5,5250.5,-31.5,5253.5,-220.5,5226.5,-147.0,5237.0,-42.0,5252.0,5295.5,262.5,PASS_BUY,,,,,,
2,365600,VEV_4000,1,4.0,1258.0,1253.0,10.0,0.2727272727272727,3656,8.0,1260.0,-30.0,1250.5,-18.0,1253.5,-122.0,1227.5,-70.0,1240.5,-6.0,1256.5,1295.0,148.0,AGG_BUY,,,,,,
2,365600,VEV_4500,1,4.0,758.0,754.0,8.0,0.5,3656,8.0,760.0,-32.0,750.0,-18.0,753.5,-122.0,727.5,-70.0,740.5,-8.0,756.0,795.5,150.0,AGG_BUY,,,,,,
2,365600,VEV_5100,1,4.0,169.0,168.0,2.0,0.7777777777777778,3656,8.0,171.0,-24.0,163.0,-16.0,165.0,-102.0,143.5,-60.0,154.0,-8.0,167.0,201.5,130.0,AGG_BUY,,,,,,
2,365600,VEV_5200,1,4.0,96.0,95.5,1.0,0.7777777777777778,3656,6.0,97.5,-18.0,91.5,-10.0,93.5,-74.0,77.5,-46.0,84.5,-14.0,92.5,119.0,92.0,AGG_BUY,,,,,,
2,366500,HYDROGEL_PACK,-1,2.0,10000.0,9993.0,16.0,0.0,3665,6.0,9997.0,30.0,9985.0,36.0,9982.0,58.0,9971.0,26.0,9987.0,18.0,9991.0,10010.0,-20.0,PASS_SELL,,,,,,
2,368100,VELVETFRUIT_EXTRACT,1,6.0,5257.0,5258.5,5.0,-0.5764705882352941,3681,-3.0,5256.5,-21.0,5253.5,-48.0,5249.0,-147.0,5232.5,-141.0,5233.5,-15.0,5254.5,5295.5,231.0,PASS_BUY,,,,,,
2,368900,VELVETFRUIT_EXTRACT,1,6.0,5257.0,5256.0,2.0,0.8032786885245902,3689,-21.0,5253.5,-33.0,5251.5,-21.0,5253.5,-141.0,5233.5,-123.0,5236.5,-54.0,5248.0,5295.5,231.0,AGG_BUY,,,,,,
2,368900,VEV_5000,-1,3.0,261.0,262.5,3.0,-0.5,3689,12.0,257.0,15.0,256.0,12.0,257.0,69.0,238.0,60.0,241.0,30.0,251.0,296.5,-106.5,AGG_SELL,,,,,,
2,369000,HYDROGEL_PACK,1,2.0,9988.0,9984.0,8.0,0.21739130434782608,3690,-6.0,9985.0,-2.0,9987.0,-18.0,9979.0,-52.0,9962.0,-20.0,9978.0,34.0,10005.0,10010.0,44.0,AGG_BUY,,,,,,
2,370200,VEV_5100,1,8.0,165.0,163.0,4.0,0.5897435897435898,3702,-16.0,163.0,0.0,165.0,0.0,165.0,-136.0,148.0,-104.0,152.0,-48.0,159.0,201.5,292.0,AGG_BUY,,,,,,
2,371100,VEV_5100,1,9.0,165.0,163.0,4.0,0.5609756097560976,3711,0.0,165.0,9.0,166.0,-22.5,162.5,-171.0,146.0,-148.5,148.5,-40.5,160.5,201.5,328.5,AGG_BUY,,,,,,
2,371300,VELVETFRUIT_EXTRACT,1,14.0,5250.0,5249.0,2.0,0.6,3713,42.0,5253.0,63.0,5254.5,7.0,5250.5,-280.0,5230.0,-231.0,5233.5,-35.0,5247.5,5295.5,637.0,AGG_BUY,,,,,,
2,372300,VELVETFRUIT_EXTRACT,1,6.0,5251.0,5253.0,6.0,0.0,3723,6.0,5252.0,0.0,5251.0,-6.0,5250.0,-117.0,5231.5,-87.0,5236.5,3.0,5251.5,5295.5,267.0,PASS_BUY,,,,,,
2,373200,VELVETFRUIT_EXTRACT,1,14.0,5251.0,5250.0,2.0,0.654320987654321,3732,7.0,5251.5,-14.0,5250.0,21.0,5252.5,-287.0,5230.5,-203.0,5236.5,-49.0,5247.5,5295.5,623.0,AGG_BUY,,,,,,
2,373800,VEV_4000,1,4.0,1251.0,1246.0,10.0,0.2727272727272727,3738,2.0,1251.5,10.0,1253.5,-6.0,1249.5,-96.0,1227.0,-58.0,1236.5,-18.0,1246.5,1295.0,176.0,AGG_BUY,,,,,,
2,373800,VEV_4500,1,4.0,751.0,747.0,8.0,0.2,3738,0.0,751.0,8.0,753.0,-4.0,750.0,-90.0,728.5,-58.0,736.5,-20.0,746.0,795.5,178.0,AGG_BUY,,,,,,
2,373800,VEV_5000,1,4.0,254.0,252.5,3.0,0.75,3738,4.0,255.0,12.0,257.0,-4.0,253.0,-74.0,235.5,-52.0,241.0,-20.0,249.0,296.5,170.0,AGG_BUY,,,,,,
2,373800,VEV_5100,1,4.0,163.0,162.0,2.0,0.75,3738,2.0,163.5,8.0,165.0,-4.0,162.0,-68.0,146.0,-48.0,151.0,-16.0,159.0,201.5,154.0,AGG_BUY,,,,,,
2,373800,VEV_5200,1,4.0,91.0,90.5,1.0,0.75,3738,6.0,92.5,10.0,93.5,-2.0,90.5,-44.0,80.0,-38.0,81.5,-18.0,86.5,119.0,112.0,AGG_BUY,,,,,,
2,374100,VEV_5100,1,8.0,165.0,163.0,4.0,0.0,3741,-12.0,163.5,-8.0,164.0,-16.0,163.0,-140.0,147.5,-120.0,150.0,-48.0,159.0,201.5,292.0,AGG_BUY,,,,,,
2,374900,VEV_5100,1,7.0,165.0,163.0,4.0,0.631578947368421,3749,3.5,165.5,-14.0,163.0,-21.0,162.0,-119.0,148.0,-91.0,152.0,-28.0,161.0,201.5,255.5,AGG_BUY,,,,,,
2,376300,VEV_4000,1,5.0,1254.0,1249.0,10.0,0.2857142857142857,3763,-17.5,1250.5,-17.5,1250.5,-57.5,1242.5,-100.0,1234.0,-57.5,1242.5,-37.5,1246.5,1295.0,205.0,AGG_BUY,,,,,,
2,376300,VEV_4500,1,5.0,754.0,750.0,8.0,0.16666666666666666,3763,-15.0,751.0,-15.0,751.0,-57.5,742.5,-100.0,734.0,-60.0,742.0,-35.0,747.0,795.5,207.5,AGG_BUY,,,,,,
2,376300,VEV_5100,1,5.0,166.0,165.0,2.0,0.16666666666666666,3763,-15.0,163.0,-15.0,163.0,-50.0,156.0,-90.0,148.0,-52.5,155.5,-35.0,159.0,201.5,177.5,AGG_BUY,,,,,,
2,376300,VEV_5200,1,5.0,93.0,92.5,1.0,0.6428571428571429,3763,-7.5,91.5,-7.5,91.5,-32.5,86.5,-62.5,80.5,-37.5,85.5,-32.5,86.5,119.0,130.0,AGG_BUY,,,,,,
2,376700,VELVETFRUIT_EXTRACT,1,7.0,5251.0,5252.5,5.0,0.0,3767,-10.5,5249.5,-17.5,5248.5,-52.5,5243.5,-94.5,5237.5,-45.5,5244.5,-35.0,5246.0,5295.5,311.5,PASS_BUY,,,,,,
2,377400,VELVETFRUIT_EXTRACT,-1,9.0,5252.0,5253.5,3.0,-0.7313432835820896,3774,36.0,5248.0,13.5,5250.5,112.5,5239.5,121.5,5238.5,49.5,5246.5,49.5,5246.5,5295.5,-391.5,AGG_SELL,,,,,,
2,377700,VEV_5100,1,6.0,164.0,162.0,4.0,0.6,3777,6.0,165.0,3.0,164.5,-60.0,154.0,-84.0,150.0,-24.0,160.0,-30.0,159.0,201.5,225.0,AGG_BUY,,,,,,
2,377900,VELVETFRUIT_EXTRACT,1,15.0,5249.0,5248.5,1.0,0.0625,3779,67.5,5253.5,30.0,5251.0,-127.5,5240.5,-187.5,5236.5,-22.5,5247.5,-37.5,5246.5,5295.5,697.5,AGG_BUY,,,,,,
2,378000,VEV_5100,1,10.0,164.0,162.0,4.0,0.48717948717948717,3780,10.0,165.0,-10.0,163.0,-110.0,153.0,-130.0,151.0,-40.0,160.0,-60.0,158.0,201.5,375.0,AGG_BUY,,,,,,
2,378400,VELVETFRUIT_EXTRACT,1,10.0,5249.0,5248.0,2.0,0.7183098591549296,3784,35.0,5252.5,25.0,5251.5,-95.0,5239.5,-115.0,5237.5,-35.0,5245.5,15.0,5250.5,5295.5,465.0,AGG_BUY,,,,,,
2,380800,VEV_5100,1,12.0,164.0,162.0,4.0,0.5,3808,-36.0,161.0,-54.0,159.5,-102.0,155.5,-156.0,151.0,-120.0,154.0,0.0,164.0,201.5,450.0,AGG_BUY,,,,,,
2,381200,VELVETFRUIT_EXTRACT,-1,8.0,5250.0,5251.5,3.0,-0.42857142857142855,3812,-4.0,5250.5,52.0,5243.5,68.0,5241.5,116.0,5235.5,48.0,5244.0,-4.0,5250.5,5295.5,-364.0,AGG_SELL,,,,,,
2,381900,VEV_5100,1,8.0,163.0,161.0,4.0,0.4482758620689655,3819,0.0,163.0,-64.0,155.0,-40.0,158.0,-104.0,150.0,-28.0,159.5,-8.0,162.0,201.5,308.0,AGG_BUY,,,,,,
2,382200,VELVETFRUIT_EXTRACT,-1,5.0,5252.0,5250.5,5.0,0.0,3822,-2.5,5252.5,55.0,5241.0,37.5,5244.5,87.5,5234.5,5.0,5251.0,7.5,5250.5,5295.5,-217.5,PASS_SELL,,,,,,
2,383100,VELVETFRUIT_EXTRACT,-1,6.0,5253.0,5251.5,5.0,0.53125,3831,15.0,5250.5,81.0,5239.5,63.0,5242.5,84.0,5239.0,39.0,5246.5,-6.0,5254.0,5295.5,-255.0,PASS_SELL,,,,,,
2,383100,VEV_5200,1,9.0,93.0,92.0,2.0,0.0,3831,-13.5,91.5,-76.5,84.5,-58.5,86.5,-81.0,84.0,-45.0,88.0,-18.0,91.0,119.0,234.0,AGG_BUY,,,,,,
2,383700,VEV_5200,1,8.0,93.0,92.0,2.0,0.0,3837,-4.0,92.5,-72.0,84.0,-60.0,85.5,-76.0,83.5,-48.0,87.0,-12.0,91.5,119.0,208.0,AGG_BUY,,,,,,
2,384000,VEV_5100,1,8.0,165.0,163.0,4.0,0.0,3840,-32.0,161.0,-104.0,152.0,-72.0,156.0,-112.0,151.0,-60.0,157.5,20.0,167.5,201.5,292.0,AGG_BUY,,,,,,
2,385100,VELVETFRUIT_EXTRACT,1,9.0,5245.0,5244.5,1.0,0.41935483870967744,3851,13.5,5246.5,-49.5,5239.5,4.5,5245.5,-67.5,5237.5,-18.0,5243.0,103.5,5256.5,5295.5,454.5,AGG_BUY,,,,,,
2,385200,VELVETFRUIT_EXTRACT,1,23.0,5248.0,5245.5,5.0,0.4772727272727273,3852,-103.5,5243.5,-195.5,5239.5,-80.5,5244.5,-218.5,5238.5,-126.5,5242.5,218.5,5257.5,5295.5,1092.5,AGG_BUY,,,,,,
2,386500,VELVETFRUIT_EXTRACT,1,10.0,5243.0,5242.0,2.0,0.375,3865,-25.0,5240.5,5.0,5243.5,-5.0,5242.5,-50.0,5238.0,-45.0,5238.5,195.0,5262.5,5295.5,525.0,AGG_BUY,,,,,,
2,388800,VELVETFRUIT_EXTRACT,1,7.0,5238.0,5237.0,2.0,0.46153846153846156,3888,10.5,5239.5,31.5,5242.5,-52.5,5230.5,17.5,5240.5,-10.5,5236.5,185.5,5264.5,5295.5,402.5,AGG_BUY,,,,,,
2,389000,VEV_4000,1,2.0,1239.0,1234.0,10.0,0.7333333333333333,3890,1.0,1239.5,8.0,1243.0,-11.0,1233.5,2.0,1240.0,-5.0,1236.5,53.0,1265.5,1295.0,112.0,AGG_BUY,,,,,,
2,389000,VEV_4500,1,2.0,739.0,735.0,8.0,0.6923076923076923,3890,0.0,739.0,8.0,743.0,-11.0,733.5,2.0,740.0,-4.0,737.0,54.0,766.0,795.5,113.0,AGG_BUY,,,,,,
2,389000,VEV_5100,1,2.0,153.0,152.0,2.0,0.8571428571428571,3890,0.0,153.0,6.0,156.0,-10.0,148.0,0.0,153.0,-4.0,151.0,45.0,175.5,201.5,97.0,AGG_BUY,,,,,,
2,389000,VEV_5200,1,2.0,84.0,83.5,1.0,0.8571428571428571,3890,0.0,84.0,5.0,86.5,-7.0,80.5,1.0,84.5,-5.0,81.5,29.0,98.5,119.0,70.0,AGG_BUY,,,,,,
2,389400,VEV_5100,1,11.0,153.0,151.0,4.0,0.47619047619047616,3894,11.0,154.0,60.5,158.5,-33.0,150.0,-11.0,152.0,-33.0,150.0,258.5,176.5,201.5,533.5,AGG_BUY,,,,,,
2,389600,VELVETFRUIT_EXTRACT,-1,10.0,5238.0,5239.5,3.0,-0.2,3896,-35.0,5241.5,-85.0,5246.5,5.0,5237.5,-10.0,5239.0,15.0,5236.5,-285.0,5266.5,5295.5,-575.0,AGG_SELL,,,,,,
2,390300,VEV_4000,1,3.0,1239.0,1234.0,10.0,0.5714285714285714,3903,10.5,1242.5,13.5,1243.5,-13.5,1234.5,-1.5,1238.5,1.5,1239.5,79.5,1265.5,1295.0,168.0,AGG_BUY,,,,,,
2,390300,VEV_4500,1,3.0,739.0,735.5,7.0,0.45454545454545453,3903,9.0,742.0,12.0,743.0,-12.0,735.0,-3.0,738.0,0.0,739.0,79.5,765.5,795.5,169.5,AGG_BUY,,,,,,
2,390300,VEV_5000,1,3.0,243.0,242.0,2.0,0.45454545454545453,3903,9.0,246.0,12.0,247.0,-12.0,239.0,-3.0,242.0,0.0,243.0,73.5,267.5,296.5,160.5,AGG_BUY,,,,,,
2,390300,VEV_5100,1,3.0,153.0,152.0,2.0,0.7857142857142857,3903,9.0,156.0,12.0,157.0,-12.0,149.0,-3.0,152.0,0.0,153.0,66.0,175.0,201.5,145.5,AGG_BUY,,,,,,
2,390300,VEV_5200,1,3.0,84.0,83.5,1.0,0.7857142857142857,3903,6.0,86.0,7.5,86.5,-9.0,81.0,-1.5,83.5,-1.5,83.5,43.5,98.5,119.0,105.0,AGG_BUY,,,,,,
2,390600,VEV_5100,1,11.0,157.0,155.0,4.0,0.45,3906,5.5,157.5,-5.5,156.5,-88.0,149.0,-66.0,151.0,-33.0,154.0,187.0,174.0,201.5,489.5,AGG_BUY,,,,,,
2,390900,VEV_5100,1,10.0,158.0,156.0,4.0,0.4594594594594595,3909,0.0,158.0,-15.0,156.5,-100.0,148.0,-60.0,152.0,-30.0,155.0,170.0,175.0,201.5,435.0,AGG_BUY,,,,,,
2,391400,VEV_5100,1,20.0,158.0,156.0,4.0,0.0,3914,10.0,158.5,-40.0,156.0,-240.0,146.0,-140.0,151.0,-80.0,154.0,340.0,175.0,201.5,870.0,AGG_BUY,,,,,,
2,392300,VEV_5200,1,7.0,89.0,88.0,2.0,0.0,3923,-10.5,87.5,-49.0,82.0,-84.0,77.0,-35.0,84.0,-28.0,85.0,94.5,102.5,119.0,210.0,AGG_BUY,,,,,,
2,392600,VEV_5100,1,6.0,159.0,157.0,4.0,-0.42857142857142855,3926,-18.0,156.0,-72.0,147.0,-90.0,144.0,-48.0,151.0,-30.0,154.0,135.0,181.5,201.5,255.0,AGG_BUY,,,,,,
2,392800,VEV_5200,1,20.0,88.0,86.5,3.0,0.0,3928,-40.0,86.0,-160.0,80.0,-220.0,77.0,-130.0,81.5,-80.0,84.0,290.0,102.5,119.0,620.0,AGG_BUY,,,,,,
2,393800,VEV_5200,1,8.0,87.0,86.0,2.0,0.5897435897435898,3938,0.0,87.0,-64.0,79.0,-60.0,79.5,-32.0,83.0,-20.0,84.5,140.0,104.5,119.0,256.0,AGG_BUY,,,,,,
2,395700,VEV_5200,1,10.0,87.0,86.0,2.0,0.5348837209302325,3957,-20.0,85.0,-65.0,80.5,-75.0,79.5,35.0,90.5,-25.0,84.5,145.0,101.5,119.0,320.0,AGG_BUY,,,,,,
2,396100,VEV_5200,1,11.0,87.0,86.0,2.0,0.0,3961,-44.0,83.0,-88.0,79.0,-71.5,80.5,27.5,89.5,-5.5,86.5,192.5,104.5,119.0,352.0,AGG_BUY,,,,,,
2,396400,VEV_5200,1,8.0,87.0,86.0,2.0,0.0,3964,-52.0,80.5,-68.0,78.5,-68.0,78.5,36.0,91.5,-8.0,86.0,132.0,103.5,119.0,256.0,AGG_BUY,,,,,,
2,397600,VELVETFRUIT_EXTRACT,1,22.0,5234.0,5231.5,5.0,0.0,3976,-11.0,5233.5,-143.0,5227.5,-187.0,5225.5,319.0,5248.5,209.0,5243.5,935.0,5276.5,5295.5,1353.0,AGG_BUY,,,,,,
2,397600,VEV_4500,1,10.0,739.0,731.5,15.0,0.0,3976,-55.0,733.5,-115.0,727.5,-130.0,726.0,90.0,748.0,40.0,743.0,380.0,777.0,795.5,565.0,AGG_BUY,,,,,,
2,397700,VEV_5200,1,20.0,81.0,80.0,2.0,-0.4482758620689655,3977,-30.0,79.5,-70.0,77.5,-100.0,76.0,170.0,89.5,90.0,85.5,490.0,105.5,119.0,760.0,AGG_BUY,,,,,,
2,397900,VEV_5200,1,11.0,82.0,81.0,2.0,0.47619047619047616,3979,-27.5,79.5,-60.5,76.5,-60.5,76.5,77.0,89.0,38.5,85.5,269.5,106.5,119.0,407.0,AGG_BUY,,,,,,
2,398200,VEV_4000,1,2.0,1233.0,1228.5,9.0,0.7333333333333333,3982,3.0,1234.5,-10.0,1228.0,-14.0,1226.0,25.0,1245.5,25.0,1245.5,90.0,1278.0,1295.0,124.0,AGG_BUY,,,,,,
2,398200,VEV_4500,1,2.0,733.0,729.5,7.0,0.6363636363636364,3982,2.0,734.0,-10.0,728.0,-14.0,726.0,26.0,746.0,26.0,746.0,90.0,778.0,795.5,125.0,AGG_BUY,,,,,,
2,398200,VEV_5200,1,2.0,80.0,79.5,1.0,0.8857142857142857,3982,2.0,81.0,-5.0,77.5,-7.0,76.5,16.0,88.0,14.0,87.0,54.0,107.0,119.0,78.0,AGG_BUY,,,,,,
2,398400,VELVETFRUIT_EXTRACT,1,7.0,5234.0,5233.0,2.0,0.7704918032786885,3984,7.0,5235.0,-31.5,5229.5,-52.5,5226.5,94.5,5247.5,87.5,5246.5,332.5,5281.5,5295.5,430.5,AGG_BUY,,,,,,
2,399300,VEV_5200,1,6.0,82.0,81.0,2.0,0.6129032258064516,3993,-6.0,81.0,-9.0,80.5,-33.0,76.5,51.0,90.5,33.0,87.5,171.0,110.5,119.0,222.0,AGG_BUY,,,,,,
2,399700,VEV_5200,1,12.0,84.0,83.0,2.0,0.0,3997,-42.0,80.5,-36.0,81.0,-90.0,76.5,72.0,90.0,36.0,87.0,330.0,111.5,119.0,420.0,AGG_BUY,,,,,,
2,400300,VEV_5200,1,10.0,82.0,81.0,2.0,0.5238095238095238,4003,-35.0,78.5,-5.0,81.5,-50.0,77.0,65.0,88.5,55.0,87.5,315.0,113.5,119.0,370.0,AGG_BUY,,,,,,
2,400900,VEV_5200,1,9.0,81.0,80.0,2.0,0.5,4009,-27.0,78.0,0.0,81.0,-45.0,76.0,58.5,87.5,63.0,88.0,279.0,112.0,119.0,342.0,AGG_BUY,,,,,,
2,401000,VELVETFRUIT_EXTRACT,1,8.0,5231.0,5232.5,5.0,-0.5223880597014925,4010,-12.0,5229.5,24.0,5234.0,-36.0,5226.5,108.0,5244.5,120.0,5246.0,420.0,5283.5,5295.5,516.0,PASS_BUY,,,,,,
2,401200,VEV_5200,1,20.0,80.0,78.5,3.0,0.0,4012,-50.0,77.5,-10.0,79.5,-70.0,76.5,110.0,85.5,140.0,87.0,620.0,111.0,119.0,780.0,AGG_BUY,,,,,,
2,402800,VEV_5200,1,11.0,78.0,77.0,2.0,0.3333333333333333,4028,16.5,79.5,-22.0,76.0,-27.5,75.5,71.5,84.5,66.0,84.0,368.5,111.5,119.0,451.0,AGG_BUY,,,,,,
2,405900,VELVETFRUIT_EXTRACT,1,6.0,5234.0,5233.0,2.0,0.52,4059,-39.0,5227.5,-51.0,5225.5,-36.0,5228.0,36.0,5240.0,18.0,5237.0,264.0,5278.0,5295.5,369.0,AGG_BUY,,,,,,
2,406100,VELVETFRUIT_EXTRACT,1,4.0,5232.0,5233.5,5.0,-0.5294117647058824,4061,-22.0,5226.5,-18.0,5227.5,-6.0,5230.5,34.0,5240.5,14.0,5235.5,190.0,5279.5,5295.5,254.0,PASS_BUY,,,,,,
2,406600,VELVETFRUIT_EXTRACT,1,25.0,5229.0,5226.5,5.0,0.0,4066,-87.5,5225.5,-75.0,5226.0,162.5,5235.5,212.5,5237.5,187.5,5236.5,1200.0,5277.0,5295.5,1662.5,AGG_BUY,,,,,,
2,406600,VEV_4500,1,6.0,734.0,726.5,15.0,0.0,4066,-48.0,726.0,-48.0,726.0,6.0,735.0,24.0,738.0,12.0,736.0,258.0,777.0,795.5,369.0,AGG_BUY,,,,,,
2,406700,VELVETFRUIT_EXTRACT,1,49.0,5228.0,5225.5,5.0,-0.53125,4067,-122.5,5225.5,-122.5,5225.5,269.5,5233.5,490.0,5238.0,416.5,5236.5,2425.5,5277.5,5295.5,3307.5,AGG_BUY,,,,,,
2,406700,VEV_4500,1,10.0,733.0,725.5,15.0,0.0,4067,-75.0,725.5,-80.0,725.0,10.0,734.0,50.0,738.0,35.0,736.5,440.0,777.0,795.5,625.0,AGG_BUY,,,,,,
2,410200,VEV_4000,1,5.0,1228.0,1223.0,10.0,0.2857142857142857,4102,-10.0,1226.0,-2.5,1227.5,27.5,1233.5,45.0,1237.0,40.0,1236.0,245.0,1277.0,1295.0,335.0,AGG_BUY,,,,,,
2,410200,VEV_4500,1,5.0,728.0,724.5,7.0,0.3333333333333333,4102,-10.0,726.0,-2.5,727.5,25.0,733.0,45.0,737.0,40.0,736.0,245.0,777.0,795.5,337.5,AGG_BUY,,,,,,
2,411500,VELVETFRUIT_EXTRACT,1,12.0,5225.0,5224.0,2.0,0.6417910447761194,4115,6.0,5225.5,102.0,5233.5,60.0,5230.0,162.0,5238.5,126.0,5235.5,588.0,5274.0,5295.5,846.0,AGG_BUY,,,,,,
2,412000,VELVETFRUIT_EXTRACT,1,14.0,5223.0,5222.0,2.0,0.2222222222222222,4120,35.0,5225.5,161.0,5234.5,98.0,5230.0,175.0,5235.5,168.0,5235.0,735.0,5275.5,5295.5,1015.0,AGG_BUY,,,,,,
2,412700,VELVETFRUIT_EXTRACT,1,7.0,5224.0,5223.0,2.0,0.7627118644067796,4127,10.5,5225.5,66.5,5233.5,59.5,5232.5,101.5,5238.5,122.5,5241.5,395.5,5280.5,5295.5,500.5,AGG_BUY,,,,,,
2,414900,VEV_4000,1,3.0,1226.0,1221.5,9.0,0.5,4149,6.0,1228.0,21.0,1233.0,22.5,1233.5,37.5,1238.5,58.5,1245.5,171.0,1283.0,1295.0,207.0,AGG_BUY,,,,,,
2,414900,VEV_4500,1,3.0,726.0,722.5,7.0,0.45454545454545453,4149,6.0,728.0,21.0,733.0,22.5,733.5,36.0,738.0,57.0,745.0,171.0,783.0,795.5,208.5,AGG_BUY,,,,,,
2,414900,VEV_5000,1,3.0,231.0,230.0,2.0,0.45454545454545453,4149,6.0,233.0,19.5,237.5,21.0,238.0,33.0,242.0,54.0,249.0,160.5,284.5,296.5,196.5,AGG_BUY,,,,,,
2,415500,VEV_4000,1,4.0,1228.0,1223.0,10.0,0.5789473684210527,4155,22.0,1233.5,14.0,1231.5,38.0,1237.5,42.0,1238.5,66.0,1244.5,224.0,1284.0,1295.0,268.0,AGG_BUY,,,,,,
2,415500,VEV_4500,1,4.0,728.0,724.0,8.0,0.4666666666666667,4155,22.0,733.5,12.0,731.0,40.0,738.0,44.0,739.0,68.0,745.0,224.0,784.0,795.5,270.0,AGG_BUY,,,,,,
2,415800,VELVETFRUIT_EXTRACT,-1,10.0,5227.0,5228.5,3.0,-0.7014925373134329,4158,-85.0,5235.5,-40.0,5231.0,-105.0,5237.5,-105.0,5237.5,-190.0,5246.0,-605.0,5287.5,5295.5,-685.0,AGG_SELL,,,,,,
2,416200,VELVETFRUIT_EXTRACT,-1,17.0,5230.0,5232.5,5.0,-0.46875,4162,-93.5,5235.5,25.5,5228.5,-93.5,5235.5,-76.5,5234.5,-314.5,5248.5,-977.5,5287.5,5295.5,-1113.5,AGG_SELL,,,,,,
2,416300,VELVETFRUIT_EXTRACT,-1,68.0,5232.0,5235.0,6.0,0.0,4163,-102.0,5233.5,136.0,5230.0,-102.0,5233.5,-68.0,5233.0,-1122.0,5248.5,-3706.0,5286.5,5295.5,-4318.0,AGG_SELL,,,,,,
2,416600,VELVETFRUIT_EXTRACT,-1,8.0,5234.0,5235.5,3.0,-0.30434782608695654,4166,4.0,5233.5,36.0,5229.5,-28.0,5237.5,4.0,5233.5,-124.0,5249.5,-416.0,5286.0,5295.5,-492.0,AGG_SELL,,,,,,
2,420700,VELVETFRUIT_EXTRACT,1,8.0,5232.0,5231.0,2.0,0.7647058823529411,4207,-20.0,5229.5,44.0,5237.5,52.0,5238.5,36.0,5236.5,92.0,5243.5,420.0,5284.5,5295.5,508.0,AGG_BUY,,,,,,
2,421400,VELVETFRUIT_EXTRACT,-1,6.0,5232.0,5230.5,5.0,0.0,4214,-0.0,5232.0,-15.0,5234.5,-15.0,5234.5,-18.0,5235.0,-75.0,5244.5,-321.0,5285.5,5295.5,-381.0,PASS_SELL,,,,,,
2,423700,VELVETFRUIT_EXTRACT,-1,7.0,5232.0,5233.5,3.0,-0.7704918032786885,4237,-0.0,5232.0,-14.0,5234.0,-45.5,5238.5,-17.5,5234.5,-122.5,5249.5,-367.5,5284.5,5295.5,-444.5,AGG_SELL,,,,,,
2,423800,VEV_4000,1,5.0,1232.0,1227.0,10.0,0.3333333333333333,4238,5.0,1233.0,20.0,1236.0,32.5,1238.5,22.5,1236.5,87.5,1249.5,257.5,1283.5,1295.0,315.0,AGG_BUY,,,,,,
2,423800,VEV_4500,1,5.0,732.0,728.5,7.0,0.23076923076923078,4238,5.0,733.0,20.0,736.0,32.5,738.5,22.5,736.5,90.0,750.0,257.5,783.5,795.5,317.5,AGG_BUY,,,,,,
2,424200,VELVETFRUIT_EXTRACT,-1,13.0,5234.0,5235.0,2.0,-0.21212121212121213,4242,-19.5,5235.5,-6.5,5234.5,-78.0,5240.0,-13.0,5235.0,-175.5,5247.5,-682.5,5286.5,5295.5,-799.5,AGG_SELL,,,,,,
2,424600,VELVETFRUIT_EXTRACT,1,6.0,5232.0,5231.0,2.0,0.8285714285714286,4246,33.0,5237.5,27.0,5236.5,39.0,5238.5,21.0,5235.5,69.0,5243.5,315.0,5284.5,5295.5,381.0,AGG_BUY,,,,,,
2,425300,VELVETFRUIT_EXTRACT,-1,3.0,5237.0,5235.5,5.0,0.475,4253,10.5,5233.5,-1.5,5237.5,-10.5,5240.5,-13.5,5241.5,-34.5,5248.5,-133.5,5281.5,5295.5,-175.5,PASS_SELL,,,,,,
2,425800,VELVETFRUIT_EXTRACT,-1,10.0,5236.0,5237.5,3.0,-0.2857142857142857,4258,-25.0,5238.5,-15.0,5237.5,-50.0,5241.0,-75.0,5243.5,-125.0,5248.5,-445.0,5280.5,5295.5,-595.0,AGG_SELL,,,,,,
2,426800,VELVETFRUIT_EXTRACT,-1,14.0,5237.0,5238.5,3.0,-0.6056338028169014,4268,-0.0,5237.0,21.0,5235.5,-21.0,5238.5,-133.0,5246.5,-147.0,5247.5,-581.0,5278.5,5295.5,-819.0,AGG_SELL,,,,,,
2,427400,VELVETFRUIT_EXTRACT,-1,5.0,5240.0,5238.5,5.0,0.4823529411764706,4274,12.5,5237.5,17.5,5236.5,17.5,5236.5,-32.5,5246.5,-40.0,5248.0,-190.0,5278.0,5295.5,-277.5,PASS_SELL,,,,,,
2,432100,VELVETFRUIT_EXTRACT,1,8.0,5234.0,5235.5,5.0,0.49295774647887325,4321,40.0,5239.0,36.0,5238.5,36.0,5238.5,132.0,5250.5,92.0,5245.5,348.0,5277.5,5295.5,492.0,PASS_BUY,,,,,,
2,433100,VEV_4000,1,2.0,1239.0,1234.0,10.0,0.6,4331,-1.0,1238.5,-1.0,1238.5,-9.0,1234.5,15.0,1246.5,11.0,1244.5,80.0,1279.0,1295.0,112.0,AGG_BUY,,,,,,
2,433100,VEV_4500,1,2.0,739.0,735.0,8.0,0.5555555555555556,4331,0.0,739.0,0.0,739.0,-8.0,735.0,16.0,747.0,12.0,745.0,80.0,779.0,795.5,113.0,AGG_BUY,,,,,,
2,434300,VELVETFRUIT_EXTRACT,-1,5.0,5238.0,5239.5,3.0,-0.5,4343,-12.5,5240.5,-7.5,5239.5,-17.5,5241.5,-30.0,5244.0,-10.0,5240.0,-205.0,5279.0,5295.5,-287.5,AGG_SELL,,,,,,
2,434900,VELVETFRUIT_EXTRACT,1,10.0,5237.0,5236.5,1.0,0.42857142857142855,4349,40.0,5241.0,15.0,5238.5,55.0,5242.5,75.0,5244.5,35.0,5240.5,425.0,5279.5,5295.5,585.0,AGG_BUY,,,,,,
2,436100,VELVETFRUIT_EXTRACT,-1,5.0,5241.0,5239.5,5.0,-0.5362318840579711,4361,12.5,5238.5,12.5,5238.5,-37.5,5248.5,7.5,5239.5,2.5,5240.5,-172.5,5275.5,5295.5,-272.5,PASS_SELL,,,,,,
2,436900,VELVETFRUIT_EXTRACT,1,8.0,5237.0,5236.0,2.0,0.3333333333333333,4369,16.0,5239.0,20.0,5239.5,92.0,5248.5,0.0,5237.0,68.0,5245.5,292.0,5273.5,5295.5,468.0,AGG_BUY,,,,,,
2,438500,VELVETFRUIT_EXTRACT,-1,6.0,5240.0,5238.5,5.0,0.0,4385,12.0,5238.0,21.0,5236.5,-57.0,5249.5,21.0,5236.5,-27.0,5244.5,-225.0,5277.5,5295.5,-333.0,PASS_SELL,,,,,,
2,441300,VELVETFRUIT_EXTRACT,1,5.0,5236.0,5237.5,5.0,0.5584415584415584,4413,17.5,5239.5,72.5,5250.5,22.5,5240.5,27.5,5241.5,22.5,5240.5,187.5,5273.5,5295.5,297.5,PASS_BUY,,,,,,
2,441900,VELVETFRUIT_EXTRACT,-1,6.0,5238.0,5239.5,3.0,-0.7777777777777778,4419,18.0,5235.0,-63.0,5248.5,-15.0,5240.5,-33.0,5243.5,-21.0,5241.5,-213.0,5273.5,5295.5,-345.0,AGG_SELL,,,,,,
2,442700,VELVETFRUIT_EXTRACT,1,5.0,5236.0,5235.0,2.0,0.6296296296296297,4427,12.5,5238.5,57.5,5247.5,17.5,5239.5,22.5,5240.5,17.5,5239.5,177.5,5271.5,5295.5,297.5,AGG_BUY,,,,,,
2,442800,VELVETFRUIT_EXTRACT,1,8.0,5234.0,5233.0,2.0,0.7714285714285715,4428,28.0,5237.5,116.0,5248.5,52.0,5240.5,52.0,5240.5,36.0,5238.5,300.0,5271.5,5295.5,492.0,AGG_BUY,,,,,,
2,443600,VEV_4000,1,4.0,1237.0,1232.0,10.0,0.42857142857142855,4436,22.0,1242.5,50.0,1249.5,6.0,1238.5,18.0,1241.5,18.0,1241.5,138.0,1271.5,1295.0,232.0,AGG_BUY,,,,,,
2,443600,VEV_4500,1,4.0,737.0,733.5,7.0,0.5,4436,20.0,742.0,48.0,749.0,8.0,739.0,20.0,742.0,20.0,742.0,138.0,771.5,795.5,234.0,AGG_BUY,,,,,,
2,443600,VEV_5000,1,4.0,241.0,240.0,2.0,0.5,4436,20.0,246.0,48.0,253.0,8.0,243.0,20.0,246.0,20.0,246.0,130.0,273.5,296.5,222.0,AGG_BUY,,,,,,
2,443600,VEV_5300,1,4.0,38.0,37.5,1.0,0.7419354838709677,4436,8.0,40.0,16.0,42.0,2.0,38.5,4.0,39.0,0.0,38.0,40.0,48.0,58.0,80.0,AGG_BUY,,,,,,
2,444200,VELVETFRUIT_EXTRACT,-1,6.0,5243.0,5241.5,5.0,-0.5675675675675675,4442,-18.0,5246.0,-39.0,5249.5,30.0,5238.0,12.0,5241.0,-3.0,5243.5,-183.0,5273.5,5295.5,-315.0,PASS_SELL,,,,,,
2,445300,VELVETFRUIT_EXTRACT,-1,22.0,5245.0,5247.5,5.0,-0.4634146341463415,4453,-121.0,5250.5,-33.0,5246.5,143.0,5238.5,33.0,5243.5,121.0,5239.5,-715.0,5277.5,5295.5,-1111.0,AGG_SELL,,,,,,
2,445500,VELVETFRUIT_EXTRACT,-1,18.0,5246.0,5248.5,5.0,-0.5263157894736842,4455,-81.0,5250.5,9.0,5245.5,135.0,5238.5,63.0,5242.5,171.0,5236.5,-531.0,5275.5,5295.5,-891.0,AGG_SELL,,,,,,
2,448600,VELVETFRUIT_EXTRACT,-1,7.0,5251.0,5249.5,5.0,-0.5764705882352941,4486,10.5,5249.5,87.5,5238.5,66.5,5241.5,45.5,5244.5,91.0,5238.0,-168.0,5275.0,5295.5,-311.5,PASS_SELL,,,,,,
2,449900,VEV_5400,-1,8.0,13.0,13.5,1.0,-0.4838709677419355,4499,4.0,12.5,16.0,11.0,12.0,11.5,4.0,12.5,20.0,10.5,-20.0,15.5,20.0,-56.0,AGG_SELL,,,,,,
2,451400,VELVETFRUIT_EXTRACT,1,19.0,5242.0,5239.5,5.0,0.0,4514,-9.5,5241.5,-66.5,5238.5,-85.5,5237.5,9.5,5242.5,-9.5,5241.5,636.5,5275.5,5295.5,1016.5,AGG_BUY,,,,,,
2,451400,VEV_4500,1,12.0,747.0,739.5,15.0,0.0,4514,-66.0,741.5,-96.0,739.0,-114.0,737.5,-48.0,743.0,-72.0,741.0,348.0,776.0,795.5,582.0,AGG_BUY,,,,,,
2,454500,VELVETFRUIT_EXTRACT,-1,13.0,5238.0,5239.0,2.0,-0.07142857142857142,4545,-6.5,5238.5,-45.5,5241.5,6.5,5237.5,45.5,5234.5,-45.5,5241.5,-448.5,5272.5,5295.5,-747.5,AGG_SELL,,,,,,
2,456200,VEV_4000,1,2.0,1237.0,1232.0,10.0,0.6666666666666666,4562,2.0,1238.0,-14.0,1230.0,-5.0,1234.5,-5.0,1234.5,13.0,1243.5,82.0,1278.0,1295.0,116.0,AGG_BUY,,,,,,
2,456200,VEV_4500,1,2.0,737.0,733.5,7.0,0.6666666666666666,4562,2.0,738.0,-11.0,731.5,-6.0,734.0,-5.0,734.5,12.0,743.0,82.0,778.0,795.5,117.0,AGG_BUY,,,,,,
2,456200,VEV_5000,1,2.0,241.0,240.0,2.0,0.6666666666666666,4562,2.0,242.0,-6.0,238.0,-5.0,238.5,-4.0,239.0,12.0,247.0,77.0,279.5,296.5,111.0,AGG_BUY,,,,,,
2,457600,VELVETFRUIT_EXTRACT,-1,3.0,5241.0,5239.5,5.0,0.5294117647058824,4576,-1.5,5241.5,10.5,5237.5,24.0,5233.0,10.5,5237.5,7.5,5238.5,-106.5,5276.5,5295.5,-163.5,PASS_SELL,,,,,,
2,457700,VELVETFRUIT_EXTRACT,-1,7.0,5240.0,5241.5,3.0,-0.8082191780821918,4577,-10.5,5241.5,10.5,5238.5,52.5,5232.5,17.5,5237.5,10.5,5238.5,-241.5,5274.5,5295.5,-388.5,AGG_SELL,,,,,,
2,457800,VELVETFRUIT_EXTRACT,1,10.0,5239.0,5238.0,2.0,0.23076923076923078,4578,15.0,5240.5,-5.0,5238.5,-55.0,5233.5,-25.0,5236.5,-15.0,5237.5,355.0,5274.5,5295.5,565.0,AGG_BUY,,,,,,
2,458000,VELVETFRUIT_EXTRACT,-1,5.0,5240.0,5241.5,3.0,-0.8591549295774648,4580,-5.0,5241.0,12.5,5237.5,32.5,5233.5,7.5,5238.5,7.5,5238.5,-172.5,5274.5,5295.5,-277.5,AGG_SELL,,,,,,
2,460100,VELVETFRUIT_EXTRACT,1,4.0,5236.0,5237.5,5.0,0.0,4601,2.0,5236.5,14.0,5239.5,2.0,5236.5,-2.0,5235.5,4.0,5237.0,138.0,5270.5,5295.5,238.0,PASS_BUY,,,,,,
2,461200,VEV_4000,1,3.0,1235.0,1230.0,10.0,0.5714285714285714,4612,3.0,1236.0,-1.5,1234.5,-1.5,1234.5,16.5,1240.5,4.5,1236.5,100.5,1268.5,1295.0,180.0,AGG_BUY,,,,,,
2,461200,VEV_4500,1,3.0,735.0,731.5,7.0,0.5,4612,3.0,736.0,-3.0,734.0,-1.5,734.5,12.0,739.0,4.5,736.5,100.5,768.5,795.5,181.5,AGG_BUY,,,,,,
2,461200,VEV_5000,1,3.0,239.0,238.0,2.0,0.5,4612,3.0,240.0,-1.5,238.5,0.0,239.0,4.5,240.5,6.0,241.0,94.5,270.5,296.5,172.5,AGG_BUY,,,,,,
2,464700,VELVETFRUIT_EXTRACT,1,5.0,5238.0,5237.0,2.0,0.8387096774193549,4647,2.5,5238.5,-5.0,5237.0,-7.5,5236.5,40.0,5246.0,-5.0,5237.0,147.5,5267.5,5295.5,287.5,AGG_BUY,,,,,,
2,464900,VELVETFRUIT_EXTRACT,-1,6.0,5238.0,5239.5,3.0,-0.8095238095238095,4649,9.0,5236.5,9.0,5236.5,-9.0,5239.5,-45.0,5245.5,15.0,5235.5,-180.0,5268.0,5295.5,-345.0,AGG_SELL,,,,,,
2,465100,VELVETFRUIT_EXTRACT,-1,9.0,5238.0,5239.5,3.0,-0.28,4651,22.5,5235.5,13.5,5236.5,-18.0,5240.0,-54.0,5244.0,22.5,5235.5,-283.5,5269.5,5295.5,-517.5,AGG_SELL,,,,,,
2,466000,VELVETFRUIT_EXTRACT,1,3.0,5235.0,5236.5,5.0,0.48314606741573035,4660,4.5,5236.5,0.0,5235.0,31.5,5245.5,34.5,5246.5,4.5,5236.5,87.0,5264.0,5295.5,181.5,PASS_BUY,,,,,,
2,466400,VELVETFRUIT_EXTRACT,1,14.0,5233.0,5232.5,1.0,0.125,4664,7.0,5233.5,28.0,5235.0,161.0,5244.5,231.0,5249.5,-7.0,5232.5,434.0,5264.0,5295.5,875.0,AGG_BUY,,,,,,
2,468600,VELVETFRUIT_EXTRACT,-1,4.0,5238.0,5236.5,5.0,-0.43529411764705883,4686,2.0,5237.5,14.0,5234.5,-34.0,5246.5,-32.0,5246.0,32.0,5230.0,-94.0,5261.5,5295.5,-230.0,PASS_SELL,,,,,,
2,470400,VELVETFRUIT_EXTRACT,1,7.0,5237.0,5236.0,2.0,0.8028169014084507,4704,-14.0,5235.0,31.5,5241.5,38.5,5242.5,52.5,5244.5,-59.5,5228.5,171.5,5261.5,5295.5,409.5,AGG_BUY,,,,,,
2,473800,VELVETFRUIT_EXTRACT,-1,3.0,5238.0,5236.5,5.0,0.0,4738,4.5,5236.5,-22.5,5245.5,-19.5,5244.5,-34.5,5249.5,9.0,5235.0,-93.0,5269.0,5295.5,-172.5,PASS_SELL,,,,,,
2,474000,VELVETFRUIT_EXTRACT,-1,5.0,5237.0,5235.0,6.0,0.0,4740,-17.5,5240.5,-32.5,5243.5,-37.5,5244.5,-57.5,5248.5,12.5,5234.5,-167.5,5270.5,5295.5,-292.5,PASS_SELL,,,,,,
2,474200,VELVETFRUIT_EXTRACT,1,10.0,5236.0,5235.0,2.0,0.7333333333333333,4742,40.0,5240.0,55.0,5241.5,75.0,5243.5,115.0,5247.5,-25.0,5233.5,335.0,5269.5,5295.5,595.0,AGG_BUY,,,,,,
2,474900,VELVETFRUIT_EXTRACT,-1,7.0,5238.0,5239.5,3.0,-0.7627118644067796,4749,-45.5,5244.5,-38.5,5243.5,-45.5,5244.5,-66.5,5247.5,24.5,5234.5,-234.5,5271.5,5295.5,-402.5,AGG_SELL,,,,,,
2,475000,VELVETFRUIT_EXTRACT,-1,22.0,5238.0,5240.5,5.0,-0.5319148936170213,4750,-165.0,5245.5,-121.0,5243.5,-121.0,5243.5,-209.0,5247.5,154.0,5231.0,-737.0,5271.5,5295.5,-1265.0,AGG_SELL,,,,,,
2,478100,VELVETFRUIT_EXTRACT,1,9.0,5246.0,5245.0,2.0,0.47058823529411764,4781,-31.5,5242.5,4.5,5246.5,-103.5,5234.5,-9.0,5245.0,-184.5,5225.5,225.0,5271.0,5295.5,445.5,AGG_BUY,,,,,,
2,478500,VELVETFRUIT_EXTRACT,-1,6.0,5245.0,5246.5,3.0,-0.5,4785,21.0,5241.5,-3.0,5245.5,51.0,5236.5,3.0,5244.5,135.0,5222.5,-147.0,5269.5,5295.5,-303.0,AGG_SELL,,,,,,
2,478900,HYDROGEL_PACK,-1,3.0,9996.0,9989.0,16.0,0.0,4789,-6.0,9998.0,-18.0,10002.0,12.0,9992.0,3.0,9995.0,39.0,9983.0,21.0,9989.0,10010.0,-42.0,PASS_SELL,,,,,,
2,482400,HYDROGEL_PACK,-1,3.0,10012.0,10005.0,16.0,0.0,4824,28.5,10002.5,27.0,10003.0,24.0,10004.0,105.0,9977.0,75.0,9987.0,39.0,9999.0,10010.0,6.0,PASS_SELL,,,,,,
2,483200,VELVETFRUIT_EXTRACT,1,7.0,5247.0,5246.0,2.0,0.7741935483870968,4832,-24.5,5243.5,-80.5,5235.5,-42.0,5241.0,-24.5,5243.5,-185.5,5220.5,178.5,5272.5,5295.5,339.5,AGG_BUY,,,,,,
2,483400,VEV_4000,1,5.0,1246.0,1241.0,10.0,0.5,4834,-10.0,1244.0,-52.5,1235.5,-22.5,1241.5,-17.5,1242.5,-137.5,1218.5,132.5,1272.5,1295.0,245.0,AGG_BUY,,,,,,
2,483400,VEV_4500,1,5.0,746.0,742.0,8.0,0.23076923076923078,4834,-10.0,744.0,-55.0,735.0,-25.0,741.0,-20.0,742.0,-137.5,718.5,135.0,773.0,795.5,247.5,AGG_BUY,,,,,,
2,483400,VEV_5000,1,5.0,249.0,248.0,2.0,0.23076923076923078,4834,-5.0,248.0,-45.0,240.0,-20.0,245.0,-15.0,246.0,-125.0,224.0,127.5,274.5,296.5,237.5,AGG_BUY,,,,,,
2,486000,VELVETFRUIT_EXTRACT,1,5.0,5238.0,5239.5,5.0,0.45454545454545453,4860,-7.5,5236.5,22.5,5242.5,25.0,5243.0,12.5,5240.5,-117.5,5214.5,207.5,5279.5,5295.5,287.5,PASS_BUY,,,,,,
2,486700,VELVETFRUIT_EXTRACT,1,8.0,5237.0,5238.5,5.0,-0.4772727272727273,4867,-12.0,5235.5,52.0,5243.5,64.0,5245.0,52.0,5243.5,-180.0,5214.5,348.0,5280.5,5295.5,468.0,PASS_BUY,,,,,,
2,489100,HYDROGEL_PACK,1,6.0,9991.0,9987.5,7.0,0.2,4891,18.0,9994.0,120.0,10011.0,-60.0,9981.0,-132.0,9969.0,102.0,10008.0,54.0,10000.0,10010.0,114.0,AGG_BUY,,,,,,
2,490600,VELVETFRUIT_EXTRACT,1,10.0,5240.0,5239.0,2.0,0.7014925373134329,4906,25.0,5242.5,35.0,5243.5,75.0,5247.5,25.0,5242.5,-235.0,5216.5,485.0,5288.5,5295.5,555.0,AGG_BUY,,,,,,
2,491500,VELVETFRUIT_EXTRACT,-1,14.0,5241.0,5242.0,2.0,-0.15151515151515152,4915,-21.0,5242.5,-49.0,5244.5,-21.0,5242.5,-21.0,5242.5,350.0,5216.0,-686.0,5290.0,5295.5,-763.0,AGG_SELL,,,,,,
2,493000,VELVETFRUIT_EXTRACT,1,12.0,5240.0,5239.5,1.0,0.3333333333333333,4930,18.0,5241.5,42.0,5243.5,18.0,5241.5,-18.0,5238.5,-246.0,5219.5,522.0,5283.5,5295.5,666.0,AGG_BUY,,,,,,
2,493500,VELVETFRUIT_EXTRACT,1,6.0,5240.0,5242.0,6.0,0.0,4935,3.0,5240.5,27.0,5244.5,-15.0,5237.5,3.0,5240.5,-120.0,5220.0,237.0,5279.5,5295.5,333.0,PASS_BUY,,,,,,
2,493800,HYDROGEL_PACK,-1,6.0,10019.0,10012.0,16.0,0.0,4938,96.0,10003.0,192.0,9987.0,228.0,9981.0,312.0,9967.0,-6.0,10020.0,-66.0,10030.0,10010.0,54.0,PASS_SELL,,,,,,
2,493900,HYDROGEL_PACK,-1,10.0,10010.0,10014.0,8.0,-0.13043478260869565,4939,80.0,10002.0,280.0,9982.0,300.0,9980.0,420.0,9968.0,-65.0,10016.5,-170.0,10027.0,10010.0,-0.0,AGG_SELL,,,,,,
2,494300,VELVETFRUIT_EXTRACT,-1,6.0,5243.0,5241.0,6.0,0.0,4943,-3.0,5243.5,-15.0,5245.5,33.0,5237.5,18.0,5240.0,144.0,5219.0,-234.0,5282.0,5295.5,-315.0,PASS_SELL,,,,,,
2,495100,VELVETFRUIT_EXTRACT,-1,15.0,5244.0,5245.5,3.0,-0.6153846153846154,4951,-7.5,5244.5,-22.5,5245.5,165.0,5233.0,52.5,5240.5,330.0,5222.0,-637.5,5286.5,5295.5,-772.5,AGG_SELL,,,,,,
2,495100,VELVETFRUIT_EXTRACT,-1,8.0,5246.0,5245.5,3.0,-0.6153846153846154,4951,12.0,5244.5,4.0,5245.5,104.0,5233.0,44.0,5240.5,192.0,5222.0,-324.0,5286.5,5295.5,-396.0,PASS_SELL,,,,,,
2,495700,VEV_4000,1,5.0,1242.0,1237.0,10.0,0.375,4957,12.5,1244.5,32.5,1248.5,-37.5,1234.5,-22.5,1237.5,-92.5,1223.5,232.5,1288.5,1295.0,265.0,AGG_BUY,,,,,,
2,495700,VEV_4500,1,5.0,742.0,738.5,7.0,0.16666666666666666,4957,15.0,745.0,30.0,748.0,-35.0,735.0,-25.0,737.0,-92.5,723.5,232.5,788.5,795.5,267.5,AGG_BUY,,,,,,
2,498800,VELVETFRUIT_EXTRACT,-1,5.0,5245.0,5246.5,3.0,-0.8181818181818182,4988,-7.5,5246.5,37.5,5237.5,47.5,5235.5,32.5,5238.5,30.0,5239.0,-247.5,5294.5,5295.5,-252.5,AGG_SELL,,,,,,
2,500000,VELVETFRUIT_EXTRACT,-1,3.0,5247.0,5245.5,5.0,0.0,5000,3.0,5246.0,34.5,5235.5,34.5,5235.5,37.5,5234.5,15.0,5242.0,-145.5,5295.5,5295.5,-145.5,PASS_SELL,,,,,,
2,501500,HYDROGEL_PACK,1,10.0,9983.0,9979.5,7.0,0.2,5015,-70.0,9976.0,10.0,9984.0,90.0,9992.0,-250.0,9958.0,370.0,10020.0,270.0,10010.0,10010.0,270.0,AGG_BUY,,,,,,
2,501900,VEV_4000,1,3.0,1241.0,1236.5,9.0,0.5,5019,1.5,1241.5,-10.5,1237.5,-19.5,1234.5,-10.5,1237.5,19.5,1247.5,162.0,1295.0,1295.0,162.0,AGG_BUY,,,,,,
2,501900,VEV_4500,1,3.0,741.0,737.5,7.0,0.6,5019,1.5,741.5,-9.0,738.0,-19.5,734.5,-9.0,738.0,18.0,747.0,163.5,795.5,795.5,163.5,AGG_BUY,,,,,,
2,501900,VEV_5000,1,3.0,245.0,244.0,2.0,0.6,5019,3.0,246.0,-9.0,242.0,-18.0,239.0,-9.0,242.0,18.0,251.0,154.5,296.5,296.5,154.5,AGG_BUY,,,,,,
2,502700,HYDROGEL_PACK,1,6.0,9982.0,9974.0,16.0,0.0,5027,-6.0,9981.0,42.0,9989.0,60.0,9992.0,-102.0,9965.0,276.0,10028.0,168.0,10010.0,10010.0,168.0,AGG_BUY,,,,,,
2,505100,VELVETFRUIT_EXTRACT,1,9.0,5234.0,5233.0,2.0,0.7391304347826086,5051,13.5,5235.5,13.5,5235.5,90.0,5244.0,85.5,5243.5,85.5,5243.5,553.5,5295.5,5295.5,553.5,AGG_BUY,,,,,,
2,505100,VELVETFRUIT_EXTRACT,1,7.0,5233.0,5233.0,2.0,0.7391304347826086,5051,17.5,5235.5,17.5,5235.5,77.0,5244.0,73.5,5243.5,73.5,5243.5,437.5,5295.5,5295.5,437.5,PASS_BUY,,,,,,
2,506300,VELVETFRUIT_EXTRACT,1,7.0,5236.0,5235.0,2.0,0.5,5063,10.5,5237.5,-3.5,5235.5,87.5,5248.5,45.5,5242.5,91.0,5249.0,416.5,5295.5,5295.5,416.5,AGG_BUY,,,,,,
2,507400,VELVETFRUIT_EXTRACT,1,8.0,5235.0,5234.5,1.0,0.5151515151515151,5074,12.0,5236.5,44.0,5240.5,84.0,5245.5,36.0,5239.5,108.0,5248.5,484.0,5295.5,5295.5,484.0,AGG_BUY,,,,,,
2,508800,VEV_4000,1,5.0,1235.0,1230.0,10.0,0.375,5088,-5.0,1234.0,57.5,1246.5,52.5,1245.5,17.5,1238.5,87.5,1252.5,300.0,1295.0,1295.0,300.0,AGG_BUY,,,,,,
2,508800,VEV_4500,1,5.0,735.0,731.5,7.0,0.23076923076923078,5088,-5.0,734.0,55.0,746.0,55.0,746.0,20.0,739.0,85.0,752.0,302.5,795.5,795.5,302.5,AGG_BUY,,,,,,
2,508800,VEV_5300,1,5.0,36.0,35.5,1.0,0.6296296296296297,5088,0.0,36.0,20.0,40.0,20.0,40.0,5.0,37.0,30.0,42.0,110.0,58.0,58.0,110.0,AGG_BUY,,,,,,
2,511900,VELVETFRUIT_EXTRACT,1,9.0,5234.0,5233.0,2.0,0.3333333333333333,5119,67.5,5241.5,130.5,5248.5,94.5,5244.5,22.5,5236.5,72.0,5242.0,553.5,5295.5,5295.5,553.5,AGG_BUY,,,,,,
2,513400,VEV_5000,-1,5.0,245.0,246.5,3.0,-0.3333333333333333,5134,-15.0,248.0,-30.0,251.0,-35.0,252.0,10.0,243.0,-5.0,246.0,-257.5,296.5,296.5,-257.5,AGG_SELL,,,,,,
2,513600,VELVETFRUIT_EXTRACT,-1,5.0,5243.0,5241.5,5.0,0.5161290322580645,5136,-15.0,5246.0,-15.0,5246.0,-32.5,5249.5,32.5,5236.5,-7.5,5244.5,-262.5,5295.5,5295.5,-262.5,PASS_SELL,,,,,,
2,513800,VELVETFRUIT_EXTRACT,-1,15.0,5244.0,5246.5,5.0,-0.5,5138,-22.5,5245.5,-30.0,5246.0,-82.5,5249.5,120.0,5236.0,-22.5,5245.5,-772.5,5295.5,5295.5,-772.5,AGG_SELL,,,,,,
2,517100,VELVETFRUIT_EXTRACT,1,10.0,5246.0,5245.0,2.0,0.7183098591549296,5171,25.0,5248.5,-5.0,5245.5,-15.0,5244.5,-145.0,5231.5,-125.0,5233.5,495.0,5295.5,5295.5,495.0,AGG_BUY,,,,,,
2,519600,VEV_4000,1,5.0,1247.0,1242.0,10.0,0.3333333333333333,5196,-15.0,1244.0,-7.5,1245.5,2.5,1247.5,-102.5,1226.5,-37.5,1239.5,240.0,1295.0,1295.0,240.0,AGG_BUY,,,,,,
2,519600,VEV_4500,1,5.0,747.0,743.0,8.0,0.09090909090909091,5196,-15.0,744.0,-10.0,745.0,0.0,747.0,-102.5,726.5,-35.0,740.0,242.5,795.5,795.5,242.5,AGG_BUY,,,,,,
2,519800,VELVETFRUIT_EXTRACT,1,5.0,5244.0,5245.5,5.0,0.49333333333333335,5198,2.5,5244.5,22.5,5248.5,12.5,5246.5,-80.0,5228.0,-25.0,5239.0,257.5,5295.5,5295.5,257.5,PASS_BUY,,,,,,
2,520900,VELVETFRUIT_EXTRACT,-1,5.0,5245.0,5246.5,3.0,-0.8611111111111112,5209,2.5,5244.5,-12.5,5247.5,-7.5,5246.5,82.5,5228.5,72.5,5230.5,-252.5,5295.5,5295.5,-252.5,AGG_SELL,,,,,,
2,521700,VELVETFRUIT_EXTRACT,1,8.0,5244.0,5243.0,2.0,0.7419354838709677,5217,20.0,5246.5,40.0,5249.0,36.0,5248.5,-108.0,5230.5,-132.0,5227.5,412.0,5295.5,5295.5,412.0,AGG_BUY,,,,,,
2,523000,VELVETFRUIT_EXTRACT,-1,10.0,5248.0,5249.5,3.0,-0.7142857142857143,5230,-5.0,5248.5,25.0,5245.5,35.0,5244.5,135.0,5234.5,105.0,5237.5,-475.0,5295.5,5295.5,-475.0,AGG_SELL,,,,,,
2,523300,VELVETFRUIT_EXTRACT,-1,9.0,5248.0,5249.5,3.0,-0.3076923076923077,5233,13.5,5246.5,22.5,5245.5,58.5,5241.5,130.5,5233.5,103.5,5236.5,-427.5,5295.5,5295.5,-427.5,AGG_SELL,,,,,,
2,524600,VELVETFRUIT_EXTRACT,1,9.0,5244.0,5243.5,1.0,0.35714285714285715,5246,49.5,5249.5,31.5,5247.5,-27.0,5241.0,-94.5,5233.5,-58.5,5237.5,463.5,5295.5,5295.5,463.5,AGG_BUY,,,,,,
2,527200,VELVETFRUIT_EXTRACT,1,7.0,5245.0,5246.5,5.0,-0.39759036144578314,5272,3.5,5245.5,3.5,5245.5,3.5,5245.5,-143.5,5224.5,-14.0,5243.0,353.5,5295.5,5295.5,353.5,PASS_BUY,,,,,,
2,527400,VELVETFRUIT_EXTRACT,-1,8.0,5247.0,5248.0,2.0,-0.30434782608695654,5274,8.0,5246.0,20.0,5244.5,20.0,5244.5,184.0,5224.0,28.0,5243.5,-388.0,5295.5,5295.5,-388.0,AGG_SELL,,,,,,
2,529800,VELVETFRUIT_EXTRACT,-1,3.0,5248.0,5246.5,5.0,0.5365853658536586,5298,4.5,5246.5,22.5,5240.5,22.5,5240.5,76.5,5222.5,13.5,5243.5,-142.5,5295.5,5295.5,-142.5,PASS_SELL,,,,,,
2,530600,VELVETFRUIT_EXTRACT,1,5.0,5246.0,5245.0,2.0,0.8529411764705882,5306,7.5,5247.5,-22.5,5241.5,-17.5,5242.5,-112.5,5223.5,-17.5,5242.5,247.5,5295.5,5295.5,247.5,AGG_BUY,,,,,,
2,537300,VELVETFRUIT_EXTRACT,-1,5.0,5245.0,5246.5,3.0,-0.84375,5373,12.5,5242.5,32.5,5238.5,22.5,5240.5,162.5,5212.5,5.0,5244.0,-252.5,5295.5,5295.5,-252.5,AGG_SELL,,,,,,
2,537800,VELVETFRUIT_EXTRACT,1,7.0,5242.0,5241.0,2.0,0.44,5378,10.5,5243.5,-24.5,5238.5,-21.0,5239.0,-199.5,5213.5,28.0,5246.0,374.5,5295.5,5295.5,374.5,AGG_BUY,,,,,,
2,538500,VELVETFRUIT_EXTRACT,-1,13.0,5243.0,5244.5,3.0,-0.6533333333333333,5385,26.0,5241.0,32.5,5240.5,58.5,5238.5,370.5,5214.5,-45.5,5246.5,-682.5,5295.5,5295.5,-682.5,AGG_SELL,,,,,,
2,538700,VELVETFRUIT_EXTRACT,-1,5.0,5246.0,5244.5,5.0,0.0,5387,20.0,5242.0,22.5,5241.5,37.5,5238.5,157.5,5214.5,-2.5,5246.5,-247.5,5295.5,5295.5,-247.5,PASS_SELL,,,,,,
2,540300,VELVETFRUIT_EXTRACT,1,10.0,5242.0,5241.0,2.0,0.6610169491525424,5403,-15.0,5240.5,-25.0,5239.5,-100.0,5232.0,-270.0,5215.0,45.0,5246.5,535.0,5295.5,5295.5,535.0,AGG_BUY,,,,,,
2,541500,VEV_5300,1,20.0,39.0,38.0,2.0,0.0,5415,-40.0,37.0,-40.0,37.0,-20.0,38.0,-200.0,29.0,0.0,39.0,380.0,58.0,58.0,380.0,AGG_BUY,,,,,,
2,542500,VEV_5300,1,20.0,38.0,37.0,2.0,0.0,5425,0.0,38.0,-20.0,37.0,-40.0,36.0,-140.0,31.0,10.0,38.5,400.0,58.0,58.0,400.0,AGG_BUY,,,,,,
2,544200,VELVETFRUIT_EXTRACT,-1,9.0,5242.0,5243.5,3.0,-0.7230769230769231,5442,13.5,5240.5,40.5,5237.5,22.5,5239.5,202.5,5219.5,-31.5,5245.5,-481.5,5295.5,5295.5,-481.5,AGG_SELL,,,,,,
2,544700,VELVETFRUIT_EXTRACT,-1,8.0,5242.0,5240.5,5.0,-0.5,5447,36.0,5237.5,60.0,5234.5,-4.0,5242.5,180.0,5219.5,-28.0,5245.5,-428.0,5295.5,5295.5,-428.0,PASS_SELL,,,,,,
2,544900,VEV_5300,1,7.0,38.0,37.5,1.0,0.0,5449,-14.0,36.0,-14.0,36.0,7.0,39.0,-49.0,31.0,7.0,39.0,140.0,58.0,58.0,140.0,AGG_BUY,,,,,,
2,545300,VEV_5300,1,10.0,38.0,37.5,1.0,0.0,5453,-10.0,37.0,-30.0,35.0,0.0,38.0,-60.0,32.0,10.0,39.0,200.0,58.0,58.0,200.0,AGG_BUY,,,,,,
2,546600,VELVETFRUIT_EXTRACT,-1,8.0,5239.0,5240.5,3.0,-0.7241379310344828,5466,12.0,5237.5,-12.0,5240.5,-20.0,5241.5,76.0,5229.5,-76.0,5248.5,-452.0,5295.5,5295.5,-452.0,AGG_SELL,,,,,,
2,548000,VELVETFRUIT_EXTRACT,1,5.0,5236.0,5238.0,6.0,0.0,5480,7.5,5237.5,-7.5,5234.5,12.5,5238.5,-7.5,5234.5,47.5,5245.5,297.5,5295.5,5295.5,297.5,PASS_BUY,,,,,,
2,548400,VEV_5300,1,5.0,38.0,37.5,1.0,0.0,5484,-10.0,36.0,-5.0,37.0,-10.0,36.0,-10.0,36.0,5.0,39.0,100.0,58.0,58.0,100.0,AGG_BUY,,,,,,
2,548600,VEV_4000,1,2.0,1237.0,1232.5,9.0,0.7333333333333333,5486,-1.0,1236.5,4.0,1239.0,-2.0,1236.0,1.0,1237.5,17.0,1245.5,116.0,1295.0,1295.0,116.0,AGG_BUY,,,,,,
2,548600,VEV_4500,1,2.0,737.0,733.5,7.0,0.6666666666666666,5486,-1.0,736.5,4.0,739.0,-2.0,736.0,2.0,738.0,16.0,745.0,117.0,795.5,795.5,117.0,AGG_BUY,,,,,,
2,551000,VEV_5300,1,7.0,38.0,37.5,1.0,0.0,5510,-7.0,37.0,3.5,38.5,-10.5,36.5,7.0,39.0,0.0,38.0,140.0,58.0,58.0,140.0,AGG_BUY,,,,,,
2,553800,VELVETFRUIT_EXTRACT,1,9.0,5238.0,5237.0,2.0,0.7631578947368421,5538,45.0,5243.0,4.5,5238.5,-18.0,5236.0,58.5,5244.5,103.5,5249.5,517.5,5295.5,5295.5,517.5,AGG_BUY,,,,,,
2,554600,VEV_4000,1,5.0,1242.0,1237.0,10.0,0.4117647058823529,5546,2.5,1242.5,-12.5,1239.5,-25.0,1237.0,2.5,1242.5,47.5,1251.5,265.0,1295.0,1295.0,265.0,AGG_BUY,,,,,,
2,554600,VEV_4500,1,5.0,742.0,738.0,8.0,0.16666666666666666,5546,0.0,742.0,-15.0,739.0,-25.0,737.0,5.0,743.0,50.0,752.0,267.5,795.5,795.5,267.5,AGG_BUY,,,,,,
2,555000,VELVETFRUIT_EXTRACT,-1,3.0,5245.0,5243.0,6.0,0.0,5550,7.5,5242.5,16.5,5239.5,31.5,5234.5,10.5,5241.5,-15.0,5250.0,-151.5,5295.5,5295.5,-151.5,PASS_SELL,,,,,,
2,555700,VELVETFRUIT_EXTRACT,1,7.0,5240.0,5241.5,5.0,0.0,5557,3.5,5240.5,-24.5,5236.5,-24.5,5236.5,24.5,5243.5,94.5,5253.5,388.5,5295.5,5295.5,388.5,PASS_BUY,,,,,,
2,555700,VEV_4000,1,3.0,1241.0,1236.0,10.0,0.4,5557,-1.5,1240.5,-13.5,1236.5,-13.5,1236.5,7.5,1243.5,37.5,1253.5,162.0,1295.0,1295.0,162.0,AGG_BUY,,,,,,
2,555700,VEV_4500,1,3.0,741.0,737.5,7.0,0.6,5557,-1.5,740.5,-13.5,736.5,-15.0,736.0,9.0,744.0,39.0,754.0,163.5,795.5,795.5,163.5,AGG_BUY,,,,,,
2,555700,VEV_5300,1,3.0,38.0,37.5,1.0,0.7142857142857143,5557,0.0,38.0,-6.0,36.0,-6.0,36.0,3.0,39.0,12.0,42.0,60.0,58.0,58.0,60.0,AGG_BUY,,,,,,
2,556700,VELVETFRUIT_EXTRACT,1,8.0,5239.0,5240.5,5.0,0.0,5567,-4.0,5238.5,-16.0,5237.0,-64.0,5231.0,76.0,5248.5,124.0,5254.5,452.0,5295.5,5295.5,452.0,PASS_BUY,,,,,,
2,558800,VELVETFRUIT_EXTRACT,-1,8.0,5240.0,5238.5,5.0,0.5217391304347826,5588,4.0,5239.5,32.0,5236.0,88.0,5229.0,-100.0,5252.5,-84.0,5250.5,-444.0,5295.5,5295.5,-444.0,PASS_SELL,,,,,,
2,558900,VELVETFRUIT_EXTRACT,-1,7.0,5240.0,5238.5,5.0,0.4318181818181818,5589,10.5,5238.5,24.5,5236.5,87.5,5227.5,-87.5,5252.5,-87.5,5252.5,-388.5,5295.5,5295.5,-388.5,PASS_SELL,,,,,,
2,560100,VELVETFRUIT_EXTRACT,1,7.0,5238.0,5237.0,2.0,0.46153846153846156,5601,-10.5,5236.5,-17.5,5235.5,-66.5,5228.5,80.5,5249.5,129.5,5256.5,402.5,5295.5,5295.5,402.5,AGG_BUY,,,,,,
2,561100,VELVETFRUIT_EXTRACT,1,6.0,5235.0,5236.5,5.0,0.0,5611,9.0,5236.5,3.0,5235.5,-54.0,5226.0,69.0,5246.5,105.0,5252.5,363.0,5295.5,5295.5,363.0,PASS_BUY,,,,,,
2,561300,VELVETFRUIT_EXTRACT,1,3.0,5235.0,5236.5,5.0,-0.45714285714285713,5613,3.0,5236.0,-7.5,5232.5,-18.0,5229.0,24.0,5243.0,48.0,5251.0,181.5,5295.5,5295.5,181.5,PASS_BUY,,,,,,
2,564300,VEV_5300,1,10.0,37.0,36.5,1.0,0.0,5643,-10.0,36.0,-45.0,32.5,-20.0,35.0,20.0,39.0,40.0,41.0,210.0,58.0,58.0,210.0,AGG_BUY,,,,,,
2,564900,VELVETFRUIT_EXTRACT,1,6.0,5234.0,5235.5,5.0,-0.6097560975609756,5649,21.0,5237.5,-33.0,5228.5,3.0,5234.5,45.0,5241.5,138.0,5257.0,369.0,5295.5,5295.5,369.0,PASS_BUY,,,,,,
2,566100,VELVETFRUIT_EXTRACT,1,3.0,5234.0,5235.5,5.0,0.0,5661,-7.5,5231.5,-24.0,5226.0,-13.5,5229.5,1.5,5234.5,67.5,5256.5,184.5,5295.5,5295.5,184.5,PASS_BUY,,,,,,
2,566200,VELVETFRUIT_EXTRACT,1,16.0,5235.0,5232.5,5.0,0.5151515151515151,5662,-56.0,5231.5,-88.0,5229.5,-112.0,5228.0,8.0,5235.5,312.0,5254.5,968.0,5295.5,5295.5,968.0,AGG_BUY,,,,,,
2,566700,VEV_4000,1,2.0,1231.0,1226.0,10.0,0.7142857142857143,5667,0.0,1231.0,-1.0,1230.5,-9.0,1226.5,7.0,1234.5,47.0,1254.5,128.0,1295.0,1295.0,128.0,AGG_BUY,,,,,,
2,566700,VEV_4500,1,2.0,731.0,727.0,8.0,0.6666666666666666,5667,0.0,731.0,-1.0,730.5,-9.0,726.5,7.0,734.5,46.0,754.0,129.0,795.5,795.5,129.0,AGG_BUY,,,,,,
2,566700,VEV_5300,1,2.0,34.0,33.5,1.0,0.8518518518518519,5667,0.0,34.0,0.0,34.0,-2.0,33.0,2.0,35.0,18.0,43.0,48.0,58.0,58.0,48.0,AGG_BUY,,,,,,
2,567200,VEV_5300,1,20.0,35.0,34.5,1.0,-0.5714285714285714,5672,-40.0,33.0,10.0,35.5,-60.0,32.0,0.0,35.0,160.0,43.0,460.0,58.0,58.0,460.0,AGG_BUY,,,,,,
2,567800,VELVETFRUIT_EXTRACT,1,10.0,5229.0,5228.0,2.0,0.23076923076923078,5678,0.0,5229.0,45.0,5233.5,-55.0,5223.5,55.0,5234.5,305.0,5259.5,665.0,5295.5,5295.5,665.0,AGG_BUY,,,,,,
2,567900,VEV_5300,1,10.0,34.0,33.5,1.0,0.5,5679,0.0,34.0,10.0,35.0,-20.0,32.0,10.0,35.0,110.0,45.0,240.0,58.0,58.0,240.0,AGG_BUY,,,,,,
2,568900,VELVETFRUIT_EXTRACT,1,14.0,5228.0,5227.5,1.0,0.034482758620689655,5689,7.0,5228.5,105.0,5235.5,-119.0,5219.5,147.0,5238.5,469.0,5261.5,945.0,5295.5,5295.5,945.0,AGG_BUY,,,,,,
2,569300,VEV_5300,1,20.0,33.0,32.5,1.0,-0.5862068965517241,5693,20.0,34.0,40.0,35.0,-50.0,30.5,80.0,37.0,260.0,46.0,500.0,58.0,58.0,500.0,AGG_BUY,,,,,,
2,569400,VEV_5300,1,20.0,33.0,32.0,2.0,0.0,5694,0.0,33.0,30.0,34.5,-40.0,31.0,80.0,37.0,250.0,45.5,500.0,58.0,58.0,500.0,AGG_BUY,,,,,,
2,569800,VELVETFRUIT_EXTRACT,1,5.0,5226.0,5228.0,6.0,0.0,5698,10.0,5228.0,37.5,5233.5,-17.5,5222.5,65.0,5239.0,187.5,5263.5,347.5,5295.5,5295.5,347.5,PASS_BUY,,,,,,
2,570100,VEV_5300,1,20.0,34.0,33.5,1.0,-0.3793103448275862,5701,-20.0,33.0,-10.0,33.5,-60.0,31.0,40.0,36.0,260.0,47.0,480.0,58.0,58.0,480.0,AGG_BUY,,,,,,
2,571100,VELVETFRUIT_EXTRACT,1,7.0,5227.0,5226.0,2.0,0.8055555555555556,5711,52.5,5234.5,17.5,5229.5,-28.0,5223.0,14.0,5229.0,269.5,5265.5,479.5,5295.5,5295.5,479.5,AGG_BUY,,,,,,
2,571600,VEV_5300,1,20.0,34.0,33.5,1.0,-0.4117647058823529,5716,20.0,35.0,-20.0,33.0,-40.0,32.0,-20.0,33.0,260.0,47.0,480.0,58.0,58.0,480.0,AGG_BUY,,,,,,
2,571900,VELVETFRUIT_EXTRACT,-1,17.0,5232.0,5234.5,5.0,0.0,5719,-25.5,5233.5,93.5,5226.5,110.5,5225.5,59.5,5228.5,-561.0,5265.0,-1079.5,5295.5,5295.5,-1079.5,AGG_SELL,,,,,,
2,572400,VELVETFRUIT_EXTRACT,-1,17.0,5235.0,5237.5,5.0,-0.5277777777777778,5724,8.5,5234.5,187.0,5224.0,127.5,5227.5,59.5,5231.5,-552.5,5267.5,-1028.5,5295.5,5295.5,-1028.5,AGG_SELL,,,,,,
2,572600,VEV_5300,1,20.0,36.0,35.0,2.0,0.0,5726,-10.0,35.5,-70.0,32.5,-70.0,32.5,-30.0,34.5,240.0,48.0,440.0,58.0,58.0,440.0,AGG_BUY,,,,,,
2,573000,VELVETFRUIT_EXTRACT,-1,6.0,5233.0,5234.5,3.0,-0.8,5730,-9.0,5234.5,54.0,5224.0,69.0,5221.5,-27.0,5237.5,-240.0,5273.0,-375.0,5295.5,5295.5,-375.0,AGG_SELL,,,,,,
2,573400,VEV_5300,1,20.0,36.0,35.0,2.0,0.0,5734,-30.0,34.5,-80.0,32.0,-120.0,30.0,-10.0,35.5,280.0,50.0,440.0,58.0,58.0,440.0,AGG_BUY,,,,,,
2,573500,VEV_5300,1,20.0,36.0,35.0,2.0,0.0,5735,-40.0,34.0,-90.0,31.5,-120.0,30.0,0.0,36.0,280.0,50.0,440.0,58.0,58.0,440.0,AGG_BUY,,,,,,
2,573700,VELVETFRUIT_EXTRACT,-1,3.0,5236.0,5234.5,5.0,-0.5662650602409639,5737,4.5,5234.5,46.5,5220.5,55.5,5217.5,-1.5,5236.5,-103.5,5270.5,-178.5,5295.5,5295.5,-178.5,PASS_SELL,,,,,,
2,574000,VEV_5300,1,6.0,36.0,35.0,2.0,0.0,5740,-6.0,35.0,-36.0,30.0,-30.0,31.0,0.0,36.0,84.0,50.0,132.0,58.0,58.0,132.0,AGG_BUY,,,,,,
2,575000,VELVETFRUIT_EXTRACT,1,15.0,5232.0,5231.0,2.0,0.5833333333333334,5750,-22.5,5230.5,-150.0,5222.0,-232.5,5216.5,90.0,5238.0,607.5,5272.5,952.5,5295.5,5295.5,952.5,AGG_BUY,,,,,,
2,575100,VEV_4000,1,4.0,1231.0,1226.0,10.0,0.5555555555555556,5751,-6.0,1229.5,-38.0,1221.5,-60.0,1216.0,26.0,1237.5,158.0,1270.5,256.0,1295.0,1295.0,256.0,AGG_BUY,,,,,,
2,575100,VEV_4500,1,4.0,731.0,727.5,7.0,0.5,5751,-6.0,729.5,-38.0,721.5,-62.0,715.5,26.0,737.5,158.0,770.5,258.0,795.5,795.5,258.0,AGG_BUY,,,,,,
2,575100,VEV_5000,1,4.0,235.0,234.0,2.0,0.5,5751,-4.0,234.0,-34.0,226.5,-54.0,221.5,26.0,241.5,152.0,273.0,246.0,296.5,296.5,246.0,AGG_BUY,,,,,,
2,576500,VELVETFRUIT_EXTRACT,1,7.0,5226.0,5227.5,5.0,0.0,5765,-21.0,5223.0,-10.5,5224.5,-80.5,5214.5,129.5,5244.5,304.5,5269.5,486.5,5295.5,5295.5,486.5,PASS_BUY,,,,,,
2,576700,HYDROGEL_PACK,-1,5.0,9999.0,9992.0,16.0,0.0,5767,50.0,9989.0,40.0,9991.0,-55.0,10010.0,-85.0,10016.0,-45.0,10008.0,-55.0,10010.0,10010.0,-55.0,PASS_SELL,,,,,,
2,577300,VELVETFRUIT_EXTRACT,1,10.0,5223.0,5222.0,2.0,0.7183098591549296,5773,25.0,5225.5,5.0,5223.5,-105.0,5212.5,195.0,5242.5,445.0,5267.5,725.0,5295.5,5295.5,725.0,AGG_BUY,,,,,,
2,577500,VELVETFRUIT_EXTRACT,1,20.0,5224.0,5223.0,2.0,-0.1111111111111111,5775,-30.0,5222.5,50.0,5226.5,-230.0,5212.5,410.0,5244.5,830.0,5265.5,1430.0,5295.5,5295.5,1430.0,AGG_BUY,,,,,,
2,578300,VELVETFRUIT_EXTRACT,1,8.0,5224.0,5225.5,5.0,0.0,5783,-36.0,5219.5,-36.0,5219.5,-68.0,5215.5,180.0,5246.5,364.0,5269.5,572.0,5295.5,5295.5,572.0,PASS_BUY,,,,,,
2,578400,HYDROGEL_PACK,1,4.0,9982.0,9978.5,7.0,0.5294117647058824,5784,16.0,9986.0,32.0,9990.0,100.0,10007.0,180.0,10027.0,100.0,10007.0,112.0,10010.0,10010.0,112.0,AGG_BUY,,,,,,
2,578700,HYDROGEL_PACK,1,1.0,9985.0,9977.0,16.0,0.0,5787,-3.0,9982.0,14.0,9999.0,23.0,10008.0,45.0,10030.0,20.0,10005.0,25.0,10010.0,10010.0,25.0,AGG_BUY,,,,,,
2,579200,VELVETFRUIT_EXTRACT,1,9.0,5217.0,5216.0,2.0,0.7352941176470589,5792,31.5,5220.5,22.5,5219.5,-13.5,5215.5,261.0,5246.0,508.5,5273.5,706.5,5295.5,5295.5,706.5,AGG_BUY,,,,,,
2,581600,HYDROGEL_PACK,-1,2.0,9999.0,9992.0,16.0,0.0,5816,22.0,9988.0,-24.0,10011.0,-18.0,10008.0,-16.0,10007.0,-28.0,10013.0,-22.0,10010.0,10010.0,-22.0,PASS_SELL,,,,,,
2,581900,VELVETFRUIT_EXTRACT,-1,6.0,5224.0,5225.5,3.0,-0.42857142857142855,5819,9.0,5222.5,69.0,5212.5,33.0,5218.5,-123.0,5244.5,-327.0,5278.5,-429.0,5295.5,5295.5,-429.0,AGG_SELL,,,,,,
2,582400,VELVETFRUIT_EXTRACT,-1,11.0,5226.0,5227.5,3.0,-0.7283950617283951,5824,82.5,5218.5,159.5,5211.5,60.5,5220.5,-225.5,5246.5,-577.5,5278.5,-764.5,5295.5,5295.5,-764.5,AGG_SELL,,,,,,
2,583200,HYDROGEL_PACK,1,2.0,9987.0,9983.0,8.0,0.1,5832,30.0,10002.0,38.0,10006.0,56.0,10015.0,44.0,10009.0,44.0,10009.0,46.0,10010.0,10010.0,46.0,AGG_BUY,,,,,,
2,584300,VELVETFRUIT_EXTRACT,1,6.0,5219.0,5218.0,2.0,0.7857142857142857,5843,-30.0,5214.0,-21.0,5215.5,0.0,5219.0,135.0,5241.5,360.0,5279.0,459.0,5295.5,5295.5,459.0,AGG_BUY,,,,,,
2,587100,VEV_4000,1,4.0,1212.0,1207.0,10.0,0.4666666666666667,5871,4.0,1213.0,32.0,1220.0,74.0,1230.5,130.0,1244.5,240.0,1272.0,332.0,1295.0,1295.0,332.0,AGG_BUY,,,,,,
2,587100,VEV_4500,1,4.0,712.0,708.5,7.0,0.4666666666666667,5871,4.0,713.0,32.0,720.0,74.0,730.5,128.0,744.0,240.0,772.0,334.0,795.5,795.5,334.0,AGG_BUY,,,,,,
2,587700,HYDROGEL_PACK,-1,4.0,10012.0,10005.0,16.0,0.0,5877,16.0,10008.0,4.0,10011.0,24.0,10006.0,12.0,10009.0,4.0,10011.0,8.0,10010.0,10010.0,8.0,PASS_SELL,,,,,,
2,588400,HYDROGEL_PACK,-1,6.0,10014.0,10007.0,16.0,0.0,5884,18.0,10011.0,-66.0,10025.0,12.0,10012.0,6.0,10013.0,24.0,10010.0,24.0,10010.0,10010.0,24.0,PASS_SELL,,,,,,
2,588400,VELVETFRUIT_EXTRACT,-1,5.0,5216.0,5214.5,5.0,0.5238095238095238,5884,5.0,5215.0,-20.0,5220.0,-97.5,5235.5,-152.5,5246.5,-287.5,5273.5,-397.5,5295.5,5295.5,-397.5,PASS_SELL,,,,,,
2,588500,VEV_4000,1,4.0,1214.0,1209.5,9.0,0.2727272727272727,5885,8.0,1216.0,24.0,1220.0,90.0,1236.5,130.0,1246.5,242.0,1274.5,324.0,1295.0,1295.0,324.0,AGG_BUY,,,,,,
2,588500,VEV_4500,1,4.0,714.0,710.5,7.0,0.42857142857142855,5885,6.0,715.5,24.0,720.0,88.0,736.0,132.0,747.0,244.0,775.0,326.0,795.5,795.5,326.0,AGG_BUY,,,,,,
2,588500,VEV_5000,1,4.0,220.0,219.0,2.0,0.42857142857142855,5885,6.0,221.5,22.0,225.5,82.0,240.5,120.0,250.0,228.0,277.0,306.0,296.5,296.5,306.0,AGG_BUY,,,,,,
2,588800,HYDROGEL_PACK,-1,2.0,10015.0,10008.0,16.0,0.0,5888,14.0,10008.0,-10.0,10020.0,2.0,10014.0,10.0,10010.0,-4.0,10017.0,10.0,10010.0,10010.0,10.0,PASS_SELL,,,,,,
2,589400,VELVETFRUIT_EXTRACT,1,3.0,5213.0,5215.0,6.0,0.0,5894,1.5,5213.5,13.5,5217.5,85.5,5241.5,102.0,5247.0,181.5,5273.5,247.5,5295.5,5295.5,247.5,PASS_BUY,,,,,,
2,591900,VELVETFRUIT_EXTRACT,-1,8.0,5217.0,5218.5,3.0,-0.38461538461538464,5919,-20.0,5219.5,-104.0,5230.0,-244.0,5247.5,-220.0,5244.5,-440.0,5272.0,-628.0,5295.5,5295.5,-628.0,AGG_SELL,,,,,,
2,592000,VELVETFRUIT_EXTRACT,-1,25.0,5218.0,5220.5,5.0,-0.494949494949495,5920,-37.5,5219.5,-312.5,5230.5,-725.0,5247.0,-687.5,5245.5,-1337.5,5271.5,-1937.5,5295.5,5295.5,-1937.5,AGG_SELL,,,,,,
2,592000,VELVETFRUIT_EXTRACT,-1,6.0,5222.0,5220.5,5.0,-0.494949494949495,5920,15.0,5219.5,-51.0,5230.5,-150.0,5247.0,-141.0,5245.5,-297.0,5271.5,-441.0,5295.5,5295.5,-441.0,PASS_SELL,,,,,,
2,592200,HYDROGEL_PACK,-1,4.0,10019.0,10011.5,17.0,0.0,5922,16.0,10015.0,68.0,10002.0,-16.0,10023.0,28.0,10012.0,56.0,10005.0,36.0,10010.0,10010.0,36.0,PASS_SELL,,,,,,
2,593000,HYDROGEL_PACK,-1,8.0,10011.0,10015.0,8.0,-0.1111111111111111,5930,-48.0,10017.0,24.0,10008.0,-136.0,10028.0,-80.0,10021.0,32.0,10007.0,8.0,10010.0,10010.0,8.0,AGG_SELL,,,,,,
2,593000,VEV_4000,1,5.0,1219.0,1214.0,10.0,0.5,5930,2.5,1219.5,77.5,1234.5,132.5,1245.5,112.5,1241.5,267.5,1272.5,380.0,1295.0,1295.0,380.0,AGG_BUY,,,,,,
2,593000,VEV_4500,1,5.0,719.0,715.5,7.0,0.09090909090909091,5930,2.5,719.5,80.0,735.0,135.0,746.0,110.0,741.0,265.0,772.0,382.5,795.5,795.5,382.5,AGG_BUY,,,,,,
2,593400,HYDROGEL_PACK,-1,11.0,10017.0,10025.0,16.0,0.0,5934,22.0,10015.0,55.0,10012.0,-132.0,10029.0,-66.0,10023.0,132.0,10005.0,77.0,10010.0,10010.0,77.0,AGG_SELL,,,,,,
2,593500,HYDROGEL_PACK,-1,14.0,10014.0,10022.0,16.0,0.0,5935,-0.0,10014.0,70.0,10009.0,-196.0,10028.0,-140.0,10024.0,154.0,10003.0,56.0,10010.0,10010.0,56.0,AGG_SELL,,,,,,
2,596500,VELVETFRUIT_EXTRACT,-1,19.0,5227.0,5229.5,5.0,0.0,5965,-142.5,5234.5,-380.0,5247.0,-389.5,5247.5,-399.0,5248.0,-817.0,5270.0,-1301.5,5295.5,5295.5,-1301.5,AGG_SELL,,,,,,
2,596600,HYDROGEL_PACK,-1,6.0,10011.0,10004.0,16.0,0.0,5966,30.0,10006.0,-60.0,10021.0,-126.0,10032.0,-138.0,10034.0,-12.0,10013.0,6.0,10010.0,10010.0,6.0,PASS_SELL,,,,,,
2,597500,HYDROGEL_PACK,-1,4.0,10014.0,10007.0,16.0,0.0,5975,20.0,10009.0,-52.0,10027.0,-96.0,10038.0,-96.0,10038.0,16.0,10010.0,16.0,10010.0,10010.0,16.0,PASS_SELL,,,,,,
2,597500,VELVETFRUIT_EXTRACT,-1,8.0,5233.0,5234.5,3.0,-0.7746478873239436,5975,-28.0,5236.5,-124.0,5248.5,-132.0,5249.5,-116.0,5247.5,-324.0,5273.5,-500.0,5295.5,5295.5,-500.0,AGG_SELL,,,,,,
2,599600,VELVETFRUIT_EXTRACT,-1,25.0,5242.0,5244.5,5.0,-0.38271604938271603,5996,-75.0,5245.0,-12.5,5242.5,-212.5,5250.5,-87.5,5245.5,-712.5,5270.5,-1337.5,5295.5,5295.5,-1337.5,AGG_SELL,,,,,,
2,601400,HYDROGEL_PACK,-1,14.0,10014.0,10022.0,16.0,0.0,6014,-154.0,10025.0,-266.0,10033.0,-322.0,10037.0,-294.0,10035.0,-84.0,10020.0,56.0,10010.0,10010.0,56.0,AGG_SELL,,,,,,
2,601700,HYDROGEL_PACK,-1,11.0,10016.0,10024.0,16.0,0.0,6017,-132.0,10028.0,-192.5,10033.5,-198.0,10034.0,-220.0,10036.0,-66.0,10022.0,66.0,10010.0,10010.0,66.0,AGG_SELL,,,,,,
2,602400,HYDROGEL_PACK,-1,13.0,10017.0,10025.0,16.0,0.0,6024,-156.0,10029.0,-260.0,10037.0,-208.0,10033.0,-273.0,10038.0,-39.0,10020.0,91.0,10010.0,10010.0,91.0,AGG_SELL,,,,,,
2,602500,HYDROGEL_PACK,-1,10.0,10019.0,10027.0,16.0,0.0,6025,-90.0,10028.0,-190.0,10038.0,-160.0,10035.0,-210.0,10040.0,-20.0,10021.0,90.0,10010.0,10010.0,90.0,AGG_SELL,,,,,,
2,602600,HYDROGEL_PACK,-1,15.0,10018.0,10026.0,16.0,0.0,6026,-150.0,10028.0,-330.0,10040.0,-270.0,10036.0,-375.0,10043.0,-60.0,10022.0,120.0,10010.0,10010.0,120.0,AGG_SELL,,,,,,
2,602700,HYDROGEL_PACK,-1,11.0,10020.0,10028.0,16.0,0.0,6027,-121.0,10031.0,-187.0,10037.0,-203.5,10038.5,-220.0,10040.0,-33.0,10023.0,110.0,10010.0,10010.0,110.0,AGG_SELL,,,,,,
2,602800,HYDROGEL_PACK,-1,13.0,10020.0,10028.0,16.0,0.0,6028,-156.0,10032.0,-208.0,10036.0,-234.0,10038.0,-234.0,10038.0,-13.0,10021.0,130.0,10010.0,10010.0,130.0,AGG_SELL,,,,,,
2,603000,HYDROGEL_PACK,-1,13.0,10020.0,10028.0,16.0,0.0,6030,-130.0,10030.0,-182.0,10034.0,-182.0,10034.0,-175.5,10033.5,26.0,10018.0,130.0,10010.0,10010.0,130.0,AGG_SELL,,,,,,
2,603100,HYDROGEL_PACK,-1,13.0,10020.0,10028.0,16.0,0.0,6031,-130.0,10030.0,-247.0,10039.0,-156.0,10032.0,-208.0,10036.0,39.0,10017.0,130.0,10010.0,10010.0,130.0,AGG_SELL,,,,,,
2,603200,HYDROGEL_PACK,-1,12.0,10023.0,10031.0,16.0,0.0,6032,-48.0,10027.0,-168.0,10037.0,-84.0,10030.0,-138.0,10034.5,60.0,10018.0,156.0,10010.0,10010.0,156.0,AGG_SELL,,,,,,
2,603300,HYDROGEL_PACK,-1,11.0,10021.0,10029.0,16.0,0.0,6033,-143.0,10034.0,-165.0,10036.0,-121.0,10032.0,-154.0,10035.0,11.0,10020.0,121.0,10010.0,10010.0,121.0,AGG_SELL,,,,,,
2,603400,HYDROGEL_PACK,-1,13.0,10021.0,10029.0,16.0,0.0,6034,-182.0,10035.0,-221.0,10038.0,-143.0,10032.0,-195.0,10036.0,-6.5,10021.5,143.0,10010.0,10010.0,143.0,AGG_SELL,,,,,,
2,603700,HYDROGEL_PACK,-1,14.0,10023.0,10031.0,16.0,0.0,6037,-196.0,10037.0,-182.0,10036.0,-140.0,10033.0,-154.0,10034.0,28.0,10021.0,182.0,10010.0,10010.0,182.0,AGG_SELL,,,,,,
2,603700,VELVETFRUIT_EXTRACT,1,11.0,5244.0,5243.5,1.0,0.2413793103448276,6037,-33.0,5241.0,82.5,5251.5,16.5,5245.5,55.0,5249.0,181.5,5260.5,566.5,5295.5,5295.5,566.5,AGG_BUY,,,,,,
2,603800,HYDROGEL_PACK,-1,12.0,10024.0,10032.0,16.0,0.0,6038,-126.0,10034.5,-102.0,10032.5,-84.0,10031.0,-144.0,10036.0,36.0,10021.0,168.0,10010.0,10010.0,168.0,AGG_SELL,,,,,,
2,603900,HYDROGEL_PACK,-1,14.0,10023.0,10031.0,16.0,0.0,6039,-182.0,10036.0,-224.0,10039.0,-140.0,10033.0,-147.0,10033.5,77.0,10017.5,182.0,10010.0,10010.0,182.0,AGG_SELL,,,,,,
2,604000,HYDROGEL_PACK,-1,15.0,10022.0,10030.0,16.0,0.0,6040,-195.0,10035.0,-210.0,10036.0,-150.0,10032.0,-150.0,10032.0,-15.0,10023.0,180.0,10010.0,10010.0,180.0,AGG_SELL,,,,,,
2,604100,HYDROGEL_PACK,-1,10.0,10022.0,10030.0,16.0,0.0,6041,-120.0,10034.0,-130.0,10035.0,-70.0,10029.0,-120.0,10034.0,10.0,10021.0,120.0,10010.0,10010.0,120.0,AGG_SELL,,,,,,
2,604100,VEV_4000,1,2.0,1243.0,1238.0,10.0,0.5555555555555556,6041,1.0,1243.5,19.0,1252.5,3.0,1244.5,17.0,1251.5,43.0,1264.5,104.0,1295.0,1295.0,104.0,AGG_BUY,,,,,,
2,604100,VEV_4500,1,2.0,743.0,739.5,7.0,0.6,6041,0.0,743.0,19.0,752.5,4.0,745.0,16.0,751.0,42.0,764.0,105.0,795.5,795.5,105.0,AGG_BUY,,,,,,
2,604100,VEV_5000,1,2.0,247.0,246.0,2.0,0.6,6041,0.0,247.0,18.0,256.0,4.0,249.0,16.0,255.0,40.0,267.0,99.0,296.5,296.5,99.0,AGG_BUY,,,,,,
2,604300,HYDROGEL_PACK,-1,15.0,10026.0,10034.0,16.0,0.0,6043,-135.0,10035.0,-195.0,10039.0,-75.0,10031.0,-90.0,10032.0,105.0,10019.0,240.0,10010.0,10010.0,240.0,AGG_SELL,,,,,,
2,604400,HYDROGEL_PACK,-1,11.0,10027.0,10035.0,16.0,0.0,6044,-121.0,10038.0,-176.0,10043.0,-71.5,10033.5,-55.0,10032.0,110.0,10017.0,187.0,10010.0,10010.0,187.0,AGG_SELL,,,,,,
2,604500,HYDROGEL_PACK,-1,13.0,10027.0,10035.0,16.0,0.0,6045,-130.0,10037.0,-156.0,10039.0,-65.0,10032.0,-26.0,10029.0,143.0,10016.0,221.0,10010.0,10010.0,221.0,AGG_SELL,,,,,,
2,604600,HYDROGEL_PACK,-1,12.0,10028.0,10036.0,16.0,0.0,6046,-84.0,10035.0,-132.0,10039.0,-24.0,10030.0,12.0,10027.0,156.0,10015.0,216.0,10010.0,10010.0,216.0,AGG_SELL,,,,,,
2,604700,HYDROGEL_PACK,-1,15.0,10029.0,10037.0,16.0,0.0,6047,-75.0,10034.0,-75.0,10034.0,-0.0,10029.0,-30.0,10031.0,210.0,10015.0,285.0,10010.0,10010.0,285.0,AGG_SELL,,,,,,
2,604700,VELVETFRUIT_EXTRACT,1,9.0,5242.0,5241.0,2.0,0.28,6047,13.5,5243.5,67.5,5249.5,22.5,5244.5,85.5,5251.5,202.5,5264.5,481.5,5295.5,5295.5,481.5,AGG_BUY,,,,,,
2,604800,HYDROGEL_PACK,-1,12.0,10026.0,10034.5,17.0,0.0,6048,-108.0,10035.0,-144.0,10038.0,-36.0,10029.0,-60.0,10031.0,132.0,10015.0,192.0,10010.0,10010.0,192.0,AGG_SELL,,,,,,
2,604900,HYDROGEL_PACK,-1,10.0,10028.0,10036.0,16.0,0.0,6049,-70.0,10035.0,-50.0,10033.0,-40.0,10032.0,-40.0,10032.0,140.0,10014.0,180.0,10010.0,10010.0,180.0,AGG_SELL,,,,,,
2,605000,HYDROGEL_PACK,-1,11.0,10027.0,10035.0,16.0,0.0,6050,-99.0,10036.0,-99.0,10036.0,-77.0,10034.0,-44.0,10031.0,132.0,10015.0,187.0,10010.0,10010.0,187.0,AGG_SELL,,,,,,
2,605100,HYDROGEL_PACK,-1,14.0,10026.0,10034.0,16.0,0.0,6051,-126.0,10035.0,-154.0,10037.0,-98.0,10033.0,-98.0,10033.0,126.0,10017.0,224.0,10010.0,10010.0,224.0,AGG_SELL,,,,,,
2,605200,HYDROGEL_PACK,-1,13.0,10026.0,10034.0,16.0,0.0,6052,-143.0,10037.0,-149.5,10037.5,-104.0,10034.0,-130.0,10036.0,117.0,10017.0,208.0,10010.0,10010.0,208.0,AGG_SELL,,,,,,
2,605300,HYDROGEL_PACK,-1,1.0,10027.0,10035.0,16.0,0.0,6053,-9.0,10036.0,-9.0,10036.0,-9.0,10036.0,-9.0,10036.0,5.0,10022.0,17.0,10010.0,10010.0,17.0,AGG_SELL,,,,,,
2,605900,VELVETFRUIT_EXTRACT,-1,6.0,5246.0,5248.0,4.0,-0.8153846153846154,6059,-18.0,5249.0,-21.0,5249.5,69.0,5234.5,-39.0,5252.5,-105.0,5263.5,-297.0,5295.5,5295.5,-297.0,AGG_SELL,,,,,,
2,606100,VELVETFRUIT_EXTRACT,-1,19.0,5248.0,5250.5,5.0,-0.49333333333333335,6061,-28.5,5249.5,28.5,5246.5,256.5,5234.5,-85.5,5252.5,-275.5,5262.5,-902.5,5295.5,5295.5,-902.5,AGG_SELL,,,,,,
2,607200,VELVETFRUIT_EXTRACT,-1,8.0,5249.0,5250.5,3.0,-0.7777777777777778,6072,-20.0,5251.5,36.0,5244.5,116.0,5234.5,-20.0,5251.5,-96.0,5261.0,-372.0,5295.5,5295.5,-372.0,AGG_SELL,,,,,,
2,608800,VELVETFRUIT_EXTRACT,-1,3.0,5254.0,5252.5,5.0,-0.550561797752809,6088,13.5,5249.5,25.5,5245.5,49.5,5237.5,10.5,5250.5,-28.5,5263.5,-124.5,5295.5,5295.5,-124.5,PASS_SELL,,,,,,
2,610800,VELVETFRUIT_EXTRACT,1,8.0,5249.0,5248.0,2.0,0.7611940298507462,6108,-44.0,5243.5,-100.0,5236.5,-140.0,5231.5,52.0,5255.5,76.0,5258.5,372.0,5295.5,5295.5,372.0,AGG_BUY,,,,,,
2,611300,VELVETFRUIT_EXTRACT,1,6.0,5244.0,5243.0,2.0,0.8153846153846154,6113,-3.0,5243.5,-57.0,5234.5,-90.0,5229.0,42.0,5251.0,84.0,5258.0,309.0,5295.5,5295.5,309.0,AGG_BUY,,,,,,
2,611900,VELVETFRUIT_EXTRACT,1,14.0,5243.0,5242.0,2.0,0.5882352941176471,6119,-14.0,5242.0,-119.0,5234.5,-203.0,5228.5,119.0,5251.5,217.0,5258.5,735.0,5295.5,5295.5,735.0,AGG_BUY,,,,,,
2,612300,VELVETFRUIT_EXTRACT,1,8.0,5242.0,5243.5,5.0,0.0,6123,4.0,5242.5,-64.0,5234.0,-84.0,5231.5,76.0,5251.5,100.0,5254.5,428.0,5295.5,5295.5,428.0,PASS_BUY,,,,,,
2,613800,VELVETFRUIT_EXTRACT,-1,8.0,5244.0,5245.5,3.0,-0.38461538461538464,6138,12.0,5242.5,52.0,5237.5,48.0,5238.0,-60.0,5251.5,-48.0,5250.0,-412.0,5295.5,5295.5,-412.0,AGG_SELL,,,,,,
2,614100,VELVETFRUIT_EXTRACT,1,10.0,5244.0,5243.0,2.0,0.7222222222222222,6141,-35.0,5240.5,-45.0,5239.5,-90.0,5235.0,80.0,5252.0,30.0,5247.0,515.0,5295.5,5295.5,515.0,AGG_BUY,,,,,,
2,615700,VELVETFRUIT_EXTRACT,1,9.0,5237.0,5236.0,2.0,0.7230769230769231,6157,-22.5,5234.5,-31.5,5233.5,67.5,5244.5,175.5,5256.5,81.0,5246.0,526.5,5295.5,5295.5,526.5,AGG_BUY,,,,,,
2,615900,VELVETFRUIT_EXTRACT,1,24.0,5237.0,5234.5,5.0,0.4666666666666667,6159,-60.0,5234.5,-156.0,5230.5,144.0,5243.0,480.0,5257.0,252.0,5247.5,1404.0,5295.5,5295.5,1404.0,AGG_BUY,,,,,,
2,615900,VEV_4500,1,8.0,742.0,734.5,15.0,0.0,6159,-56.0,735.0,-92.0,730.5,8.0,743.0,120.0,757.0,40.0,747.0,428.0,795.5,795.5,428.0,AGG_BUY,,,,,,
2,617200,VELVETFRUIT_EXTRACT,-1,6.0,5236.0,5234.5,5.0,-0.5268817204301075,6172,-3.0,5236.5,24.0,5232.0,-42.0,5243.0,-123.0,5256.5,-63.0,5246.5,-357.0,5295.5,5295.5,-357.0,PASS_SELL,,,,,,
2,620600,VELVETFRUIT_EXTRACT,1,23.0,5234.0,5231.5,5.0,0.4523809523809524,6206,-149.5,5227.5,218.5,5243.5,195.5,5242.5,701.5,5264.5,92.0,5238.0,1414.5,5295.5,5295.5,1414.5,AGG_BUY,,,,,,
2,622600,VELVETFRUIT_EXTRACT,-1,21.0,5232.0,5234.5,5.0,-0.5333333333333333,6226,-115.5,5237.5,-304.5,5246.5,-304.5,5246.5,-766.5,5268.5,-157.5,5239.5,-1333.5,5295.5,5295.5,-1333.5,AGG_SELL,,,,,,
2,622600,VEV_4000,1,4.0,1234.0,1229.0,10.0,0.5555555555555556,6226,14.0,1237.5,46.0,1245.5,50.0,1246.5,138.0,1268.5,22.0,1239.5,244.0,1295.0,1295.0,244.0,AGG_BUY,,,,,,
2,624100,VELVETFRUIT_EXTRACT,1,9.0,5236.0,5235.0,2.0,0.3333333333333333,6241,13.5,5237.5,85.5,5245.5,49.5,5241.5,328.5,5272.5,-13.5,5234.5,535.5,5295.5,5295.5,535.5,AGG_BUY,,,,,,
2,625500,VELVETFRUIT_EXTRACT,-1,15.0,5243.0,5244.0,2.0,-0.09090909090909091,6255,-22.5,5244.5,-15.0,5244.0,-75.0,5248.0,-390.0,5269.0,127.5,5234.5,-787.5,5295.5,5295.5,-787.5,AGG_SELL,,,,,,
2,625700,VELVETFRUIT_EXTRACT,-1,23.0,5242.0,5244.5,5.0,-0.5157894736842106,6257,-34.5,5243.5,-34.5,5243.5,-126.5,5247.5,-632.5,5269.5,172.5,5234.5,-1230.5,5295.5,5295.5,-1230.5,AGG_SELL,,,,,,
2,626300,VELVETFRUIT_EXTRACT,-1,5.0,5247.0,5245.5,5.0,0.5068493150684932,6263,22.5,5242.5,2.5,5246.5,7.5,5245.5,-117.5,5270.5,80.0,5231.0,-242.5,5295.5,5295.5,-242.5,PASS_SELL,,,,,,
2,627400,VELVETFRUIT_EXTRACT,-1,7.0,5245.0,5243.5,5.0,0.0,6274,-24.5,5248.5,-10.5,5246.5,-10.5,5246.5,-140.0,5265.0,87.5,5232.5,-353.5,5295.5,5295.5,-353.5,PASS_SELL,,,,,,
2,627600,VELVETFRUIT_EXTRACT,-1,6.0,5245.0,5246.5,3.0,-0.7931034482758621,6276,-15.0,5247.5,-9.0,5246.5,-15.0,5247.5,-117.0,5264.5,75.0,5232.5,-303.0,5295.5,5295.5,-303.0,AGG_SELL,,,,,,
2,629200,VELVETFRUIT_EXTRACT,1,5.0,5244.0,5246.0,6.0,0.0,6292,-2.5,5243.5,-10.0,5242.0,22.5,5248.5,147.5,5273.5,-57.5,5232.5,257.5,5295.5,5295.5,257.5,PASS_BUY,,,,,,
2,629600,VELVETFRUIT_EXTRACT,1,10.0,5243.0,5242.0,2.0,0.2857142857142857,6296,-5.0,5242.5,15.0,5244.5,35.0,5246.5,335.0,5276.5,-165.0,5226.5,525.0,5295.5,5295.5,525.0,AGG_BUY,,,,,,
2,630800,VELVETFRUIT_EXTRACT,1,13.0,5242.0,5241.5,1.0,0.16129032258064516,6308,32.5,5244.5,58.5,5246.5,39.0,5245.0,429.0,5275.0,-214.5,5225.5,695.5,5295.5,5295.5,695.5,AGG_BUY,,,,,,
2,631000,VELVETFRUIT_EXTRACT,1,6.0,5244.0,5243.0,2.0,0.8125,6310,3.0,5244.5,12.0,5246.0,3.0,5244.5,198.0,5277.0,-99.0,5227.5,309.0,5295.5,5295.5,309.0,AGG_BUY,,,,,,
2,631300,VELVETFRUIT_EXTRACT,-1,9.0,5245.0,5246.5,3.0,-0.7049180327868853,6313,-13.5,5246.5,-4.5,5245.5,-13.5,5246.5,-297.0,5278.0,126.0,5231.0,-454.5,5295.5,5295.5,-454.5,AGG_SELL,,,,,,
2,631400,HYDROGEL_PACK,1,3.0,10003.0,10010.0,16.0,0.0,6314,15.0,10008.0,3.0,10004.0,12.0,10007.0,15.0,10008.0,66.0,10025.0,21.0,10010.0,10010.0,21.0,PASS_BUY,,,,,,
2,632200,VELVETFRUIT_EXTRACT,-1,10.0,5245.0,5246.5,3.0,-0.3103448275862069,6322,-35.0,5248.5,-10.0,5246.0,-5.0,5245.5,-360.0,5281.0,115.0,5233.5,-505.0,5295.5,5295.5,-505.0,AGG_SELL,,,,,,
2,634400,VELVETFRUIT_EXTRACT,-1,5.0,5244.0,5242.0,6.0,0.0,6344,-12.5,5246.5,-15.0,5247.0,-2.5,5244.5,-167.5,5277.5,62.5,5231.5,-257.5,5295.5,5295.5,-257.5,PASS_SELL,,,,,,
2,636600,VELVETFRUIT_EXTRACT,-1,9.0,5246.0,5247.5,3.0,-0.7464788732394366,6366,-13.5,5247.5,18.0,5244.0,-22.5,5248.5,-256.5,5274.5,184.5,5225.5,-445.5,5295.5,5295.5,-445.5,AGG_SELL,,,,,,
2,637300,VELVETFRUIT_EXTRACT,1,9.0,5245.0,5244.0,2.0,0.25,6373,13.5,5246.5,-4.5,5244.5,31.5,5248.5,238.5,5271.5,-166.5,5226.5,454.5,5295.5,5295.5,454.5,AGG_BUY,,,,,,
2,638600,VELVETFRUIT_EXTRACT,1,8.0,5246.0,5245.5,1.0,0.4666666666666667,6386,4.0,5246.5,-20.0,5243.5,-4.0,5245.5,228.0,5274.5,-220.0,5218.5,396.0,5295.5,5295.5,396.0,AGG_BUY,,,,,,
2,640000,HYDROGEL_PACK,1,2.0,10002.0,10009.0,16.0,0.0,6400,12.0,10008.0,44.0,10024.0,70.0,10037.0,10.0,10007.0,14.0,10009.0,16.0,10010.0,10010.0,16.0,PASS_BUY,,,,,,
2,641500,VELVETFRUIT_EXTRACT,-1,5.0,5247.0,5245.5,5.0,0.4897959183673469,6415,17.5,5243.5,-5.0,5248.0,2.5,5246.5,-122.5,5271.5,160.0,5215.0,-242.5,5295.5,5295.5,-242.5,PASS_SELL,,,,,,
2,642400,VEV_4000,1,2.0,1243.0,1238.0,10.0,0.7142857142857143,6424,-3.0,1241.5,13.0,1249.5,3.0,1244.5,56.0,1271.0,-59.0,1213.5,104.0,1295.0,1295.0,104.0,AGG_BUY,,,,,,
2,642400,VEV_5000,1,2.0,247.0,245.5,3.0,0.875,6424,-4.0,245.0,11.0,252.5,2.0,248.0,53.0,273.5,-57.0,218.5,99.0,296.5,296.5,99.0,AGG_BUY,,,,,,
2,642800,HYDROGEL_PACK,-1,5.0,10013.0,10021.0,16.0,0.0,6428,-70.0,10027.0,-125.0,10038.0,-125.0,10038.0,25.0,10008.0,15.0,10010.0,15.0,10010.0,10010.0,15.0,AGG_SELL,,,,,,
2,643000,VELVETFRUIT_EXTRACT,1,6.0,5240.0,5241.5,5.0,-0.4626865671641791,6430,33.0,5245.5,33.0,5245.5,39.0,5246.5,201.0,5273.5,-159.0,5213.5,333.0,5295.5,5295.5,333.0,PASS_BUY,,,,,,
2,644500,VEV_4000,1,4.0,1245.0,1240.5,9.0,0.38461538461538464,6445,2.0,1245.5,-6.0,1243.5,26.0,1251.5,92.0,1268.0,-144.0,1209.0,200.0,1295.0,1295.0,200.0,AGG_BUY,,,,,,
2,650200,VELVETFRUIT_EXTRACT,-1,6.0,5245.0,5243.5,5.0,-0.5714285714285714,6502,15.0,5242.5,-45.0,5252.5,-75.0,5257.5,-141.0,5268.5,165.0,5217.5,-303.0,5295.5,5295.5,-303.0,PASS_SELL,,,,,,
2,650600,VELVETFRUIT_EXTRACT,1,8.0,5244.0,5243.0,2.0,0.7575757575757576,6506,28.0,5247.5,64.0,5252.0,108.0,5257.5,172.0,5265.5,-216.0,5217.0,412.0,5295.5,5295.5,412.0,AGG_BUY,,,,,,
2,651100,VELVETFRUIT_EXTRACT,1,15.0,5240.0,5239.5,1.0,0.0,6511,67.5,5244.5,187.5,5252.5,187.5,5252.5,382.5,5265.5,-352.5,5216.5,832.5,5295.5,5295.5,832.5,AGG_BUY,,,,,,
2,651300,VELVETFRUIT_EXTRACT,-1,8.0,5246.0,5244.5,5.0,-0.42857142857142855,6513,12.0,5244.5,-56.0,5253.0,-40.0,5251.0,-156.0,5265.5,260.0,5213.5,-396.0,5295.5,5295.5,-396.0,PASS_SELL,,,,,,
2,652100,VELVETFRUIT_EXTRACT,-1,7.0,5243.0,5244.5,3.0,-0.5625,6521,-28.0,5247.0,-66.5,5252.5,-59.5,5251.5,-136.5,5262.5,178.5,5217.5,-367.5,5295.5,5295.5,-367.5,AGG_SELL,,,,,,
2,652600,VELVETFRUIT_EXTRACT,-1,6.0,5246.0,5247.5,3.0,-0.4782608695652174,6526,-15.0,5248.5,-39.0,5252.5,-12.0,5248.0,-105.0,5263.5,159.0,5219.5,-297.0,5295.5,5295.5,-297.0,AGG_SELL,,,,,,
2,653800,VELVETFRUIT_EXTRACT,-1,5.0,5251.0,5249.5,5.0,0.0,6538,7.5,5249.5,2.5,5250.5,-2.5,5251.5,-52.5,5261.5,157.5,5219.5,-222.5,5295.5,5295.5,-222.5,PASS_SELL,,,,,,
2,658300,VELVETFRUIT_EXTRACT,1,3.0,5250.0,5251.5,5.0,-0.6049382716049383,6583,19.5,5256.5,4.5,5251.5,31.5,5260.5,40.5,5263.5,-103.5,5215.5,136.5,5295.5,5295.5,136.5,PASS_BUY,,,,,,
2,661400,VELVETFRUIT_EXTRACT,1,22.0,5252.0,5249.5,5.0,0.40540540540540543,6614,-33.0,5250.5,66.0,5255.0,264.0,5264.0,121.0,5257.5,-605.0,5224.5,957.0,5295.5,5295.5,957.0,AGG_BUY,,,,,,
2,663700,VELVETFRUIT_EXTRACT,-1,6.0,5252.0,5253.5,3.0,-0.6129032258064516,6637,-9.0,5253.5,-57.0,5261.5,-111.0,5270.5,3.0,5251.5,162.0,5225.0,-261.0,5295.5,5295.5,-261.0,AGG_SELL,,,,,,
2,664200,VELVETFRUIT_EXTRACT,-1,8.0,5251.0,5252.5,3.0,-0.8048780487804879,6642,-48.0,5257.0,-100.0,5263.5,-164.0,5271.5,20.0,5248.5,200.0,5226.0,-356.0,5295.5,5295.5,-356.0,AGG_SELL,,,,,,
2,665500,VELVETFRUIT_EXTRACT,1,8.0,5256.0,5255.0,2.0,0.42857142857142855,6655,-8.0,5255.0,84.0,5266.5,104.0,5269.0,-92.0,5244.5,-224.0,5228.0,316.0,5295.5,5295.5,316.0,AGG_BUY,,,,,,
2,666500,VEV_4000,1,2.0,1255.0,1249.5,11.0,0.6923076923076923,6665,4.0,1257.0,24.0,1267.0,29.0,1269.5,-11.0,1249.5,-54.0,1228.0,80.0,1295.0,1295.0,80.0,AGG_BUY,,,,,,
2,667800,VELVETFRUIT_EXTRACT,-1,5.0,5261.0,5259.5,5.0,-0.5733333333333334,6678,5.0,5260.0,-45.0,5270.0,-30.0,5267.0,82.5,5244.5,152.5,5230.5,-172.5,5295.5,5295.5,-172.5,PASS_SELL,,,,,,
2,669700,VELVETFRUIT_EXTRACT,-1,7.0,5265.0,5266.5,3.0,-0.8028169014084507,6697,-10.5,5266.5,-38.5,5270.5,-84.0,5277.0,143.5,5244.5,206.5,5235.5,-213.5,5295.5,5295.5,-213.5,AGG_SELL,,,,,,
2,672600,VELVETFRUIT_EXTRACT,-1,3.0,5270.0,5268.5,5.0,0.0,6726,-7.5,5272.5,16.5,5264.5,-25.5,5278.5,91.5,5239.5,111.0,5233.0,-76.5,5295.5,5295.5,-76.5,PASS_SELL,,,,,,
2,672800,VELVETFRUIT_EXTRACT,-1,65.0,5269.0,5270.0,2.0,0.7333333333333333,6728,-97.5,5270.5,130.0,5267.0,-747.5,5280.5,1950.0,5239.0,2372.5,5232.5,-1722.5,5295.5,5295.5,-1722.5,AGG_SELL,,,,,,
2,672800,VELVETFRUIT_EXTRACT,-1,10.0,5270.0,5270.0,2.0,0.7333333333333333,6728,-5.0,5270.5,30.0,5267.0,-105.0,5280.5,310.0,5239.0,375.0,5232.5,-255.0,5295.5,5295.5,-255.0,PASS_SELL,,,,,,
2,673100,VELVETFRUIT_EXTRACT,-1,16.0,5272.0,5274.5,5.0,0.0,6731,-8.0,5272.5,48.0,5269.0,-152.0,5281.5,520.0,5239.5,632.0,5232.5,-376.0,5295.5,5295.5,-376.0,AGG_SELL,,,,,,
2,673200,VELVETFRUIT_EXTRACT,-1,10.0,5272.0,5273.5,3.0,-0.3103448275862069,6732,5.0,5271.5,15.0,5270.5,-75.0,5279.5,325.0,5239.5,385.0,5233.5,-235.0,5295.5,5295.5,-235.0,AGG_SELL,,,,,,
2,673600,VELVETFRUIT_EXTRACT,-1,6.0,5274.0,5272.5,5.0,-0.4857142857142857,6736,21.0,5270.5,15.0,5271.5,-39.0,5280.5,225.0,5236.5,252.0,5232.0,-129.0,5295.5,5295.5,-129.0,PASS_SELL,,,,,,
2,677400,VELVETFRUIT_EXTRACT,1,8.0,5266.0,5265.0,2.0,0.7192982456140351,6774,36.0,5270.5,100.0,5278.5,40.0,5271.0,-268.0,5232.5,-232.0,5237.0,236.0,5295.5,5295.5,236.0,AGG_BUY,,,,,,
2,679000,VELVETFRUIT_EXTRACT,1,5.0,5273.0,5272.0,2.0,0.8611111111111112,6790,15.0,5276.0,42.5,5281.5,12.5,5275.5,-212.5,5230.5,-147.5,5243.5,112.5,5295.5,5295.5,112.5,AGG_BUY,,,,,,
2,679300,HYDROGEL_PACK,1,6.0,9993.0,9989.5,7.0,0.25,6793,48.0,10001.0,54.0,10002.0,96.0,10009.0,246.0,10034.0,240.0,10033.0,102.0,10010.0,10010.0,102.0,AGG_BUY,,,,,,
2,682800,VELVETFRUIT_EXTRACT,-1,6.0,5282.0,5280.5,5.0,0.4482758620689655,6828,9.0,5280.5,63.0,5271.5,63.0,5271.5,303.0,5231.5,273.0,5236.5,-81.0,5295.5,5295.5,-81.0,PASS_SELL,,,,,,
2,683100,VELVETFRUIT_EXTRACT,-1,5.0,5280.0,5281.5,3.0,-0.8148148148148148,6831,-7.5,5281.5,42.5,5271.5,37.5,5272.5,252.5,5229.5,212.5,5237.5,-77.5,5295.5,5295.5,-77.5,AGG_SELL,,,,,,
2,683900,VELVETFRUIT_EXTRACT,-1,3.0,5282.0,5280.5,5.0,-0.45454545454545453,6839,24.0,5274.0,22.5,5274.5,40.5,5268.5,157.5,5229.5,117.0,5243.0,-40.5,5295.5,5295.5,-40.5,PASS_SELL,,,,,,
2,684500,VELVETFRUIT_EXTRACT,1,22.0,5278.0,5275.5,5.0,0.4567901234567901,6845,0.0,5278.0,-99.0,5273.5,-220.0,5268.0,-1012.0,5232.0,-737.0,5244.5,385.0,5295.5,5295.5,385.0,AGG_BUY,,,,,,
2,684500,VELVETFRUIT_EXTRACT,1,7.0,5274.0,5275.5,5.0,0.4567901234567901,6845,28.0,5278.0,-3.5,5273.5,-42.0,5268.0,-294.0,5232.0,-206.5,5244.5,150.5,5295.5,5295.5,150.5,PASS_BUY,,,,,,
2,686100,HYDROGEL_PACK,1,6.0,9997.0,10004.0,16.0,0.0,6861,24.0,10001.0,6.0,9998.0,54.0,10006.0,96.0,10013.0,138.0,10020.0,78.0,10010.0,10010.0,78.0,PASS_BUY,,,,,,
2,686400,VELVETFRUIT_EXTRACT,1,8.0,5275.0,5276.5,5.0,0.5189873417721519,6864,-32.0,5271.0,-12.0,5273.5,-44.0,5269.5,-396.0,5225.5,-252.0,5243.5,164.0,5295.5,5295.5,164.0,PASS_BUY,,,,,,
2,687700,VELVETFRUIT_EXTRACT,1,5.0,5271.0,5270.0,2.0,0.8591549295774648,6877,22.5,5275.5,-2.5,5270.5,12.5,5273.5,-242.5,5222.5,-130.0,5245.0,122.5,5295.5,5295.5,122.5,AGG_BUY,,,,,,
2,687700,VELVETFRUIT_EXTRACT,1,7.0,5270.0,5270.0,2.0,0.8591549295774648,6877,38.5,5275.5,3.5,5270.5,24.5,5273.5,-332.5,5222.5,-175.0,5245.0,178.5,5295.5,5295.5,178.5,PASS_BUY,,,,,,
2,688600,VEV_4000,1,2.0,1274.0,1268.5,11.0,0.7333333333333333,6886,-1.0,1273.5,-7.0,1270.5,-3.0,1272.5,-111.0,1218.5,-59.0,1244.5,42.0,1295.0,1295.0,42.0,AGG_BUY,,,,,,
2,688700,VELVETFRUIT_EXTRACT,-1,7.0,5274.0,5275.5,3.0,-0.7878787878787878,6887,-10.5,5275.5,31.5,5269.5,10.5,5272.5,395.5,5217.5,203.0,5245.0,-150.5,5295.5,5295.5,-150.5,AGG_SELL,,,,,,
2,689700,HYDROGEL_PACK,1,5.0,9998.0,10005.0,16.0,0.0,6897,-10.0,9996.0,70.0,10012.0,45.0,10007.0,65.0,10011.0,40.0,10006.0,60.0,10010.0,10010.0,60.0,PASS_BUY,,,,,,
2,689700,VELVETFRUIT_EXTRACT,-1,6.0,5274.0,5275.5,3.0,-0.4782608695652174,6897,12.0,5272.0,45.0,5266.5,21.0,5270.5,345.0,5216.5,201.0,5240.5,-129.0,5295.5,5295.5,-129.0,AGG_SELL,,,,,,
2,690800,HYDROGEL_PACK,1,5.0,9991.0,9998.0,16.0,0.0,6908,40.0,9999.0,105.0,10012.0,95.0,10010.0,95.0,10010.0,45.0,10000.0,95.0,10010.0,10010.0,95.0,PASS_BUY,,,,,,
2,691100,VEV_4000,1,5.0,1271.0,1266.0,10.0,0.5,6911,-7.5,1269.5,-12.5,1268.5,-27.5,1265.5,-295.0,1212.0,-137.5,1243.5,120.0,1295.0,1295.0,120.0,AGG_BUY,,,,,,
2,691600,HYDROGEL_PACK,1,5.0,9991.0,9998.0,16.0,0.0,6916,70.0,10005.0,110.0,10013.0,150.0,10021.0,115.0,10014.0,60.0,10003.0,95.0,10010.0,10010.0,95.0,PASS_BUY,,,,,,
2,691700,VELVETFRUIT_EXTRACT,1,10.0,5269.0,5268.0,2.0,0.6923076923076923,6917,15.0,5270.5,10.0,5270.0,-85.0,5260.5,-525.0,5216.5,-235.0,5245.5,265.0,5295.5,5295.5,265.0,AGG_BUY,,,,,,
2,691800,VELVETFRUIT_EXTRACT,1,7.0,5270.0,5269.0,2.0,0.391304347826087,6918,10.5,5271.5,10.5,5271.5,-73.5,5259.5,-374.5,5216.5,-178.5,5244.5,178.5,5295.5,5295.5,178.5,AGG_BUY,,,,,,
2,692500,VELVETFRUIT_EXTRACT,1,6.0,5269.0,5270.5,5.0,0.5128205128205128,6925,15.0,5271.5,27.0,5273.5,-33.0,5263.5,-333.0,5213.5,-153.0,5243.5,159.0,5295.5,5295.5,159.0,PASS_BUY,,,,,,
2,693000,VELVETFRUIT_EXTRACT,-1,10.0,5272.0,5273.5,3.0,-0.7101449275362319,6930,30.0,5269.0,-30.0,5275.0,70.0,5265.0,585.0,5213.5,280.0,5244.0,-235.0,5295.5,5295.5,-235.0,AGG_SELL,,,,,,
2,695800,VEV_4000,1,5.0,1267.0,1262.0,10.0,0.5,6958,17.5,1270.5,-7.5,1265.5,-17.5,1263.5,-262.5,1214.5,-132.5,1240.5,140.0,1295.0,1295.0,140.0,AGG_BUY,,,,,,
2,695900,VELVETFRUIT_EXTRACT,1,11.0,5266.0,5265.5,1.0,0.3125,6959,60.5,5271.5,5.5,5266.5,-27.5,5263.5,-561.0,5215.0,-275.0,5241.0,324.5,5295.5,5295.5,324.5,AGG_BUY,,,,,,
2,696800,VELVETFRUIT_EXTRACT,-1,9.0,5270.0,5271.5,3.0,-0.41935483870967744,6968,-40.5,5274.5,94.5,5259.5,49.5,5264.5,535.5,5210.5,283.5,5238.5,-229.5,5295.5,5295.5,-229.5,AGG_SELL,,,,,,
2,697300,VELVETFRUIT_EXTRACT,-1,8.0,5274.0,5276.0,4.0,-0.7746478873239436,6973,-12.0,5275.5,92.0,5262.5,100.0,5261.5,492.0,5212.5,276.0,5239.5,-172.0,5295.5,5295.5,-172.0,AGG_SELL,,,,,,
2,697700,VEV_5400,-1,5.0,16.0,16.5,1.0,-0.6153846153846154,6977,-0.0,16.0,7.5,14.5,10.0,14.0,47.5,6.5,32.5,9.5,-20.0,20.0,20.0,-20.0,AGG_SELL,,,,,,
2,700500,VELVETFRUIT_EXTRACT,1,10.0,5264.0,5263.0,2.0,0.7142857142857143,7005,-5.0,5263.5,-15.0,5262.5,-65.0,5257.5,-485.0,5215.5,-125.0,5251.5,315.0,5295.5,5295.5,315.0,AGG_BUY,,,,,,
2,701000,VELVETFRUIT_EXTRACT,1,4.0,5264.0,5265.5,5.0,-0.575,7010,-10.0,5261.5,-2.0,5263.5,-18.0,5259.5,-200.0,5214.0,-46.0,5252.5,126.0,5295.5,5295.5,126.0,PASS_BUY,,,,,,
2,701500,HYDROGEL_PACK,-1,15.0,10015.0,10023.0,16.0,0.0,7015,-90.0,10021.0,-45.0,10018.0,-315.0,10036.0,90.0,10009.0,255.0,9998.0,75.0,10010.0,10010.0,75.0,AGG_SELL,,,,,,
2,702100,VELVETFRUIT_EXTRACT,-1,5.0,5264.0,5262.5,5.0,0.0,7021,-7.5,5265.5,15.0,5261.0,47.5,5254.5,232.5,5217.5,47.5,5254.5,-157.5,5295.5,5295.5,-157.5,PASS_SELL,,,,,,
2,704600,VELVETFRUIT_EXTRACT,-1,8.0,5264.0,5262.5,5.0,-0.39759036144578314,7046,4.0,5263.5,28.0,5260.5,136.0,5247.0,340.0,5221.5,52.0,5257.5,-252.0,5295.5,5295.5,-252.0,PASS_SELL,,,,,,
2,705100,VELVETFRUIT_EXTRACT,-1,7.0,5266.0,5264.5,5.0,-0.494949494949495,7051,24.5,5262.5,59.5,5257.5,140.0,5246.0,290.5,5224.5,56.0,5258.0,-206.5,5295.5,5295.5,-206.5,PASS_SELL,,,,,,
2,705700,VELVETFRUIT_EXTRACT,1,4.0,5262.0,5263.5,5.0,0.4418604651162791,7057,10.0,5264.5,-14.0,5258.5,-64.0,5246.0,-158.0,5222.5,-20.0,5257.0,134.0,5295.5,5295.5,134.0,PASS_BUY,,,,,,
2,707400,VELVETFRUIT_EXTRACT,1,9.0,5261.0,5260.0,2.0,0.7567567567567568,7074,0.0,5261.0,-58.5,5254.5,-126.0,5247.0,-391.5,5217.5,-13.5,5259.5,310.5,5295.5,5295.5,310.5,AGG_BUY,,,,,,
2,707500,HYDROGEL_PACK,-1,12.0,10019.0,10027.0,16.0,0.0,7075,-24.0,10021.0,-210.0,10036.5,-228.0,10038.0,72.0,10013.0,192.0,10003.0,108.0,10010.0,10010.0,108.0,AGG_SELL,,,,,,
2,711500,VELVETFRUIT_EXTRACT,-1,15.0,5258.0,5259.5,3.0,-0.6511627906976745,7115,52.5,5254.5,127.5,5249.5,262.5,5240.5,502.5,5224.5,135.0,5249.0,-562.5,5295.5,5295.5,-562.5,AGG_SELL,,,,,,
2,711900,VEV_4000,1,3.0,1258.0,1253.0,10.0,0.5714285714285714,7119,-16.5,1252.5,-37.5,1245.5,-61.5,1237.5,-94.5,1226.5,-31.5,1247.5,111.0,1295.0,1295.0,111.0,AGG_BUY,,,,,,
2,714100,VELVETFRUIT_EXTRACT,1,8.0,5248.0,5247.0,2.0,0.7611940298507462,7141,-16.0,5246.0,-36.0,5243.5,-108.0,5234.5,-180.0,5225.5,-40.0,5243.0,380.0,5295.5,5295.5,380.0,AGG_BUY,,,,,,
2,714900,VELVETFRUIT_EXTRACT,1,21.0,5246.0,5243.5,5.0,0.5,7149,31.5,5247.5,-94.5,5241.5,-220.5,5235.5,-441.0,5225.0,-31.5,5244.5,1039.5,5295.5,5295.5,1039.5,AGG_BUY,,,,,,
2,715300,VELVETFRUIT_EXTRACT,1,8.0,5244.0,5243.5,1.0,0.36,7153,32.0,5248.0,-32.0,5240.0,-60.0,5236.5,-116.0,5229.5,0.0,5244.0,412.0,5295.5,5295.5,412.0,AGG_BUY,,,,,,
2,716600,VELVETFRUIT_EXTRACT,-1,8.0,5249.0,5250.5,3.0,-0.36,7166,28.0,5245.5,76.0,5239.5,152.0,5230.0,172.0,5227.5,44.0,5243.5,-372.0,5295.5,5295.5,-372.0,AGG_SELL,,,,,,
2,717300,VELVETFRUIT_EXTRACT,1,12.0,5244.0,5243.5,1.0,0.29411764705882354,7173,-6.0,5243.5,-54.0,5239.5,-144.0,5232.0,-186.0,5228.5,6.0,5244.5,618.0,5295.5,5295.5,618.0,AGG_BUY,,,,,,
2,720500,VELVETFRUIT_EXTRACT,1,11.0,5237.0,5236.5,1.0,0.21428571428571427,7205,38.5,5240.5,-27.5,5234.5,-148.5,5223.5,-5.5,5236.5,170.5,5252.5,643.5,5295.5,5295.5,643.5,AGG_BUY,,,,,,
2,720900,VELVETFRUIT_EXTRACT,-1,13.0,5239.0,5240.0,2.0,-0.23529411764705882,7209,19.5,5237.5,71.5,5233.5,175.5,5225.5,71.5,5233.5,-201.5,5254.5,-734.5,5295.5,5295.5,-734.5,AGG_SELL,,,,,,
2,721200,VELVETFRUIT_EXTRACT,-1,14.0,5239.0,5240.5,3.0,-0.6666666666666666,7212,7.0,5238.5,91.0,5232.5,119.0,5230.5,91.0,5232.5,-245.0,5256.5,-791.0,5295.5,5295.5,-791.0,AGG_SELL,,,,,,
2,722300,VELVETFRUIT_EXTRACT,-1,4.0,5241.0,5239.5,5.0,-0.46835443037974683,7223,10.0,5238.5,36.0,5232.0,32.0,5233.0,38.0,5231.5,-46.0,5252.5,-218.0,5295.5,5295.5,-218.0,PASS_SELL,,,,,,
2,726100,VELVETFRUIT_EXTRACT,1,5.0,5232.0,5233.5,5.0,-0.5454545454545454,7261,-2.5,5231.5,-15.0,5229.0,-15.0,5229.0,57.5,5243.5,117.5,5255.5,317.5,5295.5,5295.5,317.5,PASS_BUY,,,,,,
2,726600,VEV_4000,1,2.0,1229.0,1224.5,9.0,0.6666666666666666,7266,7.0,1232.5,2.0,1230.0,-7.0,1225.5,19.0,1238.5,47.0,1252.5,132.0,1295.0,1295.0,132.0,AGG_BUY,,,,,,
2,727400,VELVETFRUIT_EXTRACT,-1,11.0,5231.0,5232.5,3.0,-0.7142857142857143,7274,-16.5,5232.5,-22.0,5233.0,71.5,5224.5,-66.0,5237.0,-247.5,5253.5,-709.5,5295.5,5295.5,-709.5,AGG_SELL,,,,,,
2,728900,VELVETFRUIT_EXTRACT,1,9.0,5229.0,5227.5,3.0,0.7352941176470589,7289,-40.5,5224.5,4.5,5229.5,-103.5,5217.5,135.0,5244.0,229.5,5254.5,598.5,5295.5,5295.5,598.5,AGG_BUY,,,,,,
2,730300,VELVETFRUIT_EXTRACT,1,5.0,5224.0,5225.5,5.0,-0.5324675324675324,7303,35.0,5231.0,27.5,5229.5,-45.0,5215.0,80.0,5240.0,137.5,5251.5,357.5,5295.5,5295.5,357.5,PASS_BUY,,,,,,
2,731200,VELVETFRUIT_EXTRACT,-1,25.0,5228.0,5230.5,5.0,0.0,7312,-137.5,5233.5,12.5,5227.5,362.5,5213.5,-237.5,5237.5,-637.5,5253.5,-1687.5,5295.5,5295.5,-1687.5,AGG_SELL,,,,,,
2,731900,VELVETFRUIT_EXTRACT,-1,7.0,5232.0,5233.5,3.0,-0.391304347826087,7319,10.5,5230.5,42.0,5226.0,112.0,5216.0,-31.5,5236.5,-161.0,5255.0,-444.5,5295.5,5295.5,-444.5,AGG_SELL,,,,,,
2,733200,VEV_4000,1,4.0,1230.0,1225.0,10.0,0.5,7332,10.0,1232.5,-28.0,1223.0,-62.0,1214.5,30.0,1237.5,106.0,1256.5,260.0,1295.0,1295.0,260.0,AGG_BUY,,,,,,
2,734500,VELVETFRUIT_EXTRACT,-1,12.0,5231.0,5232.0,2.0,-0.22580645161290322,7345,6.0,5230.5,174.0,5216.5,270.0,5208.5,-162.0,5244.5,-276.0,5254.0,-774.0,5295.5,5295.5,-774.0,AGG_SELL,,,,,,
2,735100,VELVETFRUIT_EXTRACT,1,3.0,5228.0,5229.5,5.0,-0.5675675675675675,7351,3.0,5229.0,-43.5,5213.5,-49.5,5211.5,43.5,5242.5,88.5,5257.5,202.5,5295.5,5295.5,202.5,PASS_BUY,,,,,,
2,735400,VELVETFRUIT_EXTRACT,1,8.0,5229.0,5228.0,2.0,0.38461538461538464,7354,-28.0,5225.5,-124.0,5213.5,-132.0,5212.5,124.0,5244.5,220.0,5256.5,532.0,5295.5,5295.5,532.0,AGG_BUY,,,,,,
2,736200,HYDROGEL_PACK,1,6.0,10005.0,10012.0,16.0,0.0,7362,-12.0,10003.0,48.0,10013.0,6.0,10006.0,96.0,10021.0,153.0,10030.5,30.0,10010.0,10010.0,30.0,PASS_BUY,,,,,,
2,737600,VELVETFRUIT_EXTRACT,1,5.0,5222.0,5224.0,6.0,0.0,7376,-17.5,5218.5,-37.5,5214.5,-42.5,5213.5,122.5,5246.5,185.0,5259.0,367.5,5295.5,5295.5,367.5,PASS_BUY,,,,,,
2,738000,VELVETFRUIT_EXTRACT,1,8.0,5221.0,5222.5,5.0,0.5555555555555556,7380,-12.0,5219.5,-60.0,5213.5,-68.0,5212.5,192.0,5245.0,284.0,5256.5,596.0,5295.5,5295.5,596.0,PASS_BUY,,,,,,
2,738500,VELVETFRUIT_EXTRACT,1,4.0,5217.0,5219.0,6.0,0.0,7385,-2.0,5216.5,-18.0,5212.5,-10.0,5214.5,114.0,5245.5,162.0,5257.5,314.0,5295.5,5295.5,314.0,PASS_BUY,,,,,,
2,738800,VELVETFRUIT_EXTRACT,1,3.0,5216.0,5217.5,5.0,0.625,7388,0.0,5216.0,-12.0,5212.0,-1.5,5215.5,85.5,5244.5,121.5,5256.5,238.5,5295.5,5295.5,238.5,PASS_BUY,,,,,,
2,739000,HYDROGEL_PACK,1,4.0,9997.0,10004.0,16.0,0.0,7390,48.0,10009.0,56.0,10011.0,0.0,9997.0,36.0,10006.0,108.0,10024.0,52.0,10010.0,10010.0,52.0,PASS_BUY,,,,,,
2,739200,VELVETFRUIT_EXTRACT,1,8.0,5218.0,5216.5,3.0,0.7333333333333333,7392,-40.0,5213.0,-88.0,5207.0,-20.0,5215.5,188.0,5241.5,288.0,5254.0,620.0,5295.5,5295.5,620.0,AGG_BUY,,,,,,
2,740000,HYDROGEL_PACK,1,4.0,10002.0,10009.0,16.0,0.0,7400,44.0,10013.0,28.0,10009.0,12.0,10005.0,4.0,10003.0,40.0,10012.0,32.0,10010.0,10010.0,32.0,PASS_BUY,,,,,,
2,740500,HYDROGEL_PACK,-1,8.0,10008.0,10012.5,9.0,-0.30434782608695654,7405,-40.0,10013.0,-16.0,10010.0,-16.0,10010.0,72.0,9999.0,-72.0,10017.0,-16.0,10010.0,10010.0,-16.0,AGG_SELL,,,,,,
2,744200,VELVETFRUIT_EXTRACT,1,8.0,5208.0,5207.0,2.0,0.7681159420289855,7442,12.0,5209.5,60.0,5215.5,108.0,5221.5,296.0,5245.0,396.0,5257.5,700.0,5295.5,5295.5,700.0,AGG_BUY,,,,,,
2,746200,VELVETFRUIT_EXTRACT,-1,15.0,5215.0,5216.0,2.0,-0.09090909090909091,7462,37.5,5212.5,-7.5,5215.5,-142.5,5224.5,-382.5,5240.5,-660.0,5259.0,-1207.5,5295.5,5295.5,-1207.5,AGG_SELL,,,,,,
2,747700,HYDROGEL_PACK,1,3.0,9989.0,9996.0,16.0,0.0,7477,12.0,9993.0,42.0,10003.0,87.0,10018.0,-6.0,9987.0,51.0,10006.0,63.0,10010.0,10010.0,63.0,PASS_BUY,,,,,,
2,748100,VELVETFRUIT_EXTRACT,1,9.0,5210.0,5209.0,2.0,0.7096774193548387,7481,58.5,5216.5,85.5,5219.5,49.5,5215.5,256.5,5238.5,445.5,5259.5,769.5,5295.5,5295.5,769.5,AGG_BUY,,,,,,
2,748500,VEV_4000,1,2.0,1214.0,1209.0,10.0,0.6,7485,5.0,1216.5,11.0,1219.5,5.0,1216.5,53.0,1240.5,86.0,1257.0,162.0,1295.0,1295.0,162.0,AGG_BUY,,,,,,
2,750200,VELVETFRUIT_EXTRACT,-1,8.0,5216.0,5217.5,3.0,-0.7647058823529411,7502,4.0,5215.5,-76.0,5225.5,-36.0,5220.5,-260.0,5248.5,-332.0,5257.5,-636.0,5295.5,5295.5,-636.0,AGG_SELL,,,,,,
2,751300,VELVETFRUIT_EXTRACT,1,5.0,5212.0,5213.5,5.0,0.46236559139784944,7513,37.5,5219.5,62.5,5224.5,62.5,5224.5,212.5,5254.5,222.5,5256.5,417.5,5295.5,5295.5,417.5,PASS_BUY,,,,,,
2,752500,HYDROGEL_PACK,1,5.0,9998.0,10005.0,16.0,0.0,7525,10.0,10000.0,75.0,10013.0,225.0,10043.0,25.0,10003.0,70.0,10012.0,60.0,10010.0,10010.0,60.0,PASS_BUY,,,,,,
2,758100,HYDROGEL_PACK,-1,5.0,10018.0,10022.0,8.0,-0.4117647058823529,7581,-20.0,10022.0,-100.0,10038.0,-85.0,10035.0,50.0,10008.0,30.0,10012.0,40.0,10010.0,10010.0,40.0,AGG_SELL,,,,,,
2,758100,VELVETFRUIT_EXTRACT,1,8.0,5214.0,5215.5,5.0,-0.5813953488372093,7581,4.0,5214.5,92.0,5225.5,140.0,5231.5,396.0,5263.5,356.0,5258.5,652.0,5295.5,5295.5,652.0,PASS_BUY,,,,,,
2,758800,HYDROGEL_PACK,-1,9.0,10016.0,10024.0,16.0,0.0,7588,-90.0,10026.0,-189.0,10037.0,-144.0,10032.0,108.0,10004.0,27.0,10013.0,54.0,10010.0,10010.0,54.0,AGG_SELL,,,,,,
2,759800,VELVETFRUIT_EXTRACT,-1,5.0,5217.0,5218.5,3.0,-0.6153846153846154,7598,-12.5,5219.5,-42.5,5225.5,-92.5,5235.5,-175.0,5252.0,-187.5,5254.5,-392.5,5295.5,5295.5,-392.5,AGG_SELL,,,,,,
2,761300,VELVETFRUIT_EXTRACT,-1,10.0,5223.0,5224.5,3.0,-0.7142857142857143,7613,-45.0,5227.5,-40.0,5227.0,-85.0,5231.5,-290.0,5252.0,-310.0,5254.0,-725.0,5295.5,5295.5,-725.0,AGG_SELL,,,,,,
2,762200,VELVETFRUIT_EXTRACT,1,9.0,5225.0,5224.0,2.0,0.7230769230769231,7622,4.5,5225.5,22.5,5227.5,67.5,5232.5,193.5,5246.5,274.5,5255.5,634.5,5295.5,5295.5,634.5,AGG_BUY,,,,,,
2,762800,VELVETFRUIT_EXTRACT,-1,6.0,5230.0,5228.5,5.0,0.0,7628,27.0,5225.5,-3.0,5230.5,-15.0,5232.5,-93.0,5245.5,-150.0,5255.0,-393.0,5295.5,5295.5,-393.0,PASS_SELL,,,,,,
2,763500,VEV_4000,1,5.0,1222.0,1217.5,9.0,0.375,7635,15.0,1225.0,52.5,1232.5,52.5,1232.5,102.5,1242.5,152.5,1252.5,365.0,1295.0,1295.0,365.0,AGG_BUY,,,,,,
2,763500,VEV_5000,1,5.0,227.0,226.0,2.0,0.16666666666666666,7635,12.5,229.5,45.0,236.0,47.5,236.5,95.0,246.0,140.0,255.0,347.5,296.5,296.5,347.5,AGG_BUY,,,,,,
2,764000,VEV_4000,1,3.0,1227.0,1222.0,10.0,0.5714285714285714,7640,1.5,1227.5,24.0,1235.0,21.0,1234.0,49.5,1243.5,84.0,1255.0,204.0,1295.0,1295.0,204.0,AGG_BUY,,,,,,
2,768300,VELVETFRUIT_EXTRACT,-1,8.0,5233.0,5234.5,3.0,-0.7714285714285715,7683,-8.0,5234.0,4.0,5232.5,-84.0,5243.5,-88.0,5244.0,-160.0,5253.0,-500.0,5295.5,5295.5,-500.0,AGG_SELL,,,,,,
2,769100,VELVETFRUIT_EXTRACT,-1,10.0,5235.0,5236.0,2.0,-0.23076923076923078,7691,-20.0,5237.0,15.0,5233.5,-85.0,5243.5,-135.0,5248.5,-130.0,5248.0,-605.0,5295.5,5295.5,-605.0,AGG_SELL,,,,,,
2,771600,VELVETFRUIT_EXTRACT,1,12.0,5230.0,5229.5,1.0,0.22580645161290322,7716,36.0,5233.0,102.0,5238.5,66.0,5235.5,282.0,5253.5,222.0,5248.5,786.0,5295.5,5295.5,786.0,AGG_BUY,,,,,,
2,771800,VELVETFRUIT_EXTRACT,-1,6.0,5236.0,5234.0,6.0,0.0,7718,21.0,5232.5,-15.0,5238.5,3.0,5235.5,-99.0,5252.5,-87.0,5250.5,-357.0,5295.5,5295.5,-357.0,PASS_SELL,,,,,,
2,774200,VEV_5000,-1,4.0,236.0,237.5,3.0,-0.2,7742,-20.0,241.0,-36.0,245.0,-40.0,246.0,-84.0,257.0,-52.0,249.0,-242.0,296.5,296.5,-242.0,AGG_SELL,,,,,,
2,775500,VELVETFRUIT_EXTRACT,-1,7.0,5241.0,5239.5,5.0,0.48148148148148145,7755,10.5,5239.5,21.0,5238.0,-24.5,5244.5,-101.5,5255.5,-52.5,5248.5,-381.5,5295.5,5295.5,-381.5,PASS_SELL,,,,,,
2,776100,VELVETFRUIT_EXTRACT,-1,19.0,5241.0,5243.5,5.0,-0.5632183908045977,7761,47.5,5238.5,47.5,5238.5,-66.5,5244.5,-275.5,5255.5,-104.5,5246.5,-1035.5,5295.5,5295.5,-1035.5,AGG_SELL,,,,,,
2,777200,VELVETFRUIT_EXTRACT,1,10.0,5238.0,5237.0,2.0,0.6875,7772,55.0,5243.5,-25.0,5235.5,105.0,5248.5,155.0,5253.5,80.0,5246.0,575.0,5295.5,5295.5,575.0,AGG_BUY,,,,,,
2,777400,VELVETFRUIT_EXTRACT,1,6.0,5238.0,5237.0,2.0,0.5,7774,33.0,5243.5,-9.0,5236.5,60.0,5248.0,93.0,5253.5,51.0,5246.5,345.0,5295.5,5295.5,345.0,AGG_BUY,,,,,,
2,777500,VELVETFRUIT_EXTRACT,-1,9.0,5239.0,5240.5,3.0,-0.76,7775,-49.5,5244.5,27.0,5236.0,-76.5,5247.5,-135.0,5254.0,-72.0,5247.0,-508.5,5295.5,5295.5,-508.5,AGG_SELL,,,,,,
2,779200,VEV_4000,1,4.0,1243.0,1238.0,10.0,0.5789473684210527,7792,-10.0,1240.5,-2.0,1242.5,-6.0,1241.5,34.0,1251.5,18.0,1247.5,208.0,1295.0,1295.0,208.0,AGG_BUY,,,,,,
2,779200,VEV_5000,1,4.0,246.0,245.0,2.0,0.38461538461538464,7792,-8.0,244.0,0.0,246.0,-6.0,244.5,34.0,254.5,20.0,251.0,202.0,296.5,296.5,202.0,AGG_BUY,,,,,,
2,781500,VELVETFRUIT_EXTRACT,1,7.0,5236.0,5237.5,5.0,0.41025641025641024,7815,0.0,5236.0,66.5,5245.5,59.5,5244.5,143.5,5256.5,119.0,5253.0,416.5,5295.5,5295.5,416.5,PASS_BUY,,,,,,
2,781900,VELVETFRUIT_EXTRACT,1,5.0,5236.0,5236.5,3.0,-0.7538461538461538,7819,0.0,5236.0,62.5,5248.5,42.5,5244.5,95.0,5255.0,72.5,5250.5,297.5,5295.5,5295.5,297.5,PASS_BUY,,,,,,
2,787000,VELVETFRUIT_EXTRACT,-1,6.0,5250.0,5248.0,6.0,0.0,7870,30.0,5245.0,39.0,5243.5,66.0,5239.0,-39.0,5256.5,-93.0,5265.5,-273.0,5295.5,5295.5,-273.0,PASS_SELL,,,,,,
2,793900,VELVETFRUIT_EXTRACT,1,5.0,5243.0,5242.0,2.0,0.8245614035087719,7939,-27.5,5237.5,-2.5,5242.5,75.0,5258.0,67.5,5256.5,152.5,5273.5,262.5,5295.5,5295.5,262.5,AGG_BUY,,,,,,
2,793900,VEV_4000,1,2.0,1243.0,1238.0,10.0,0.7142857142857143,7939,-11.0,1237.5,-1.0,1242.5,30.0,1258.0,27.0,1256.5,61.0,1273.5,104.0,1295.0,1295.0,104.0,AGG_BUY,,,,,,
2,794000,HYDROGEL_PACK,1,5.0,9994.0,9990.5,7.0,0.3333333333333333,7940,-35.0,9987.0,-30.0,9988.0,110.0,10016.0,150.0,10024.0,-50.0,9984.0,80.0,10010.0,10010.0,80.0,AGG_BUY,,,,,,
2,795400,HYDROGEL_PACK,1,6.0,9979.0,9986.0,16.0,0.0,7954,12.0,9981.0,72.0,9991.0,195.0,10011.5,234.0,10018.0,66.0,9990.0,186.0,10010.0,10010.0,186.0,PASS_BUY,,,,,,
2,796100,VELVETFRUIT_EXTRACT,-1,5.0,5244.0,5242.5,5.0,-0.5384615384615384,7961,27.5,5238.5,-52.5,5254.5,-87.5,5261.5,-87.5,5261.5,-147.5,5273.5,-257.5,5295.5,5295.5,-257.5,PASS_SELL,,,,,,
2,796600,VELVETFRUIT_EXTRACT,-1,7.0,5243.0,5241.0,6.0,0.0,7966,31.5,5238.5,-59.5,5251.5,-147.0,5264.0,-122.5,5260.5,-213.5,5273.5,-367.5,5295.5,5295.5,-367.5,PASS_SELL,,,,,,
2,798800,VELVETFRUIT_EXTRACT,1,12.0,5241.0,5240.5,1.0,0.14285714285714285,7988,78.0,5247.5,198.0,5257.5,228.0,5260.0,174.0,5255.5,474.0,5280.5,654.0,5295.5,5295.5,654.0,AGG_BUY,,,,,,
2,798900,VELVETFRUIT_EXTRACT,-1,8.0,5244.0,5242.5,5.0,-0.4520547945205479,7989,-36.0,5248.5,-112.0,5258.0,-124.0,5259.5,-96.0,5256.0,-296.0,5281.0,-412.0,5295.5,5295.5,-412.0,PASS_SELL,,,,,,
2,799800,VELVETFRUIT_EXTRACT,-1,23.0,5245.0,5247.5,5.0,-0.5053763440860215,7998,-126.5,5250.5,-287.5,5257.5,-161.0,5252.0,-218.5,5254.5,-908.5,5284.5,-1161.5,5295.5,5295.5,-1161.5,AGG_SELL,,,,,,
2,799900,VELVETFRUIT_EXTRACT,-1,66.0,5246.0,5248.5,5.0,0.5529411764705883,7999,-429.0,5252.5,-693.0,5256.5,-462.0,5253.0,-693.0,5256.5,-2541.0,5284.5,-3267.0,5295.5,5295.5,-3267.0,AGG_SELL,,,,,,
2,800000,VELVETFRUIT_EXTRACT,-1,17.0,5247.0,5249.5,5.0,-0.5526315789473685,8000,-93.5,5252.5,-161.5,5256.5,-127.5,5254.5,-144.5,5255.5,-671.5,5286.5,-824.5,5295.5,5295.5,-824.5,AGG_SELL,,,,,,
2,800500,VELVETFRUIT_EXTRACT,-1,23.0,5249.0,5251.5,5.0,-0.425,8005,-80.5,5252.5,-195.5,5257.5,-184.0,5257.0,-195.5,5257.5,-816.5,5284.5,-1069.5,5295.5,5295.5,-1069.5,AGG_SELL,,,,,,
2,804000,VELVETFRUIT_EXTRACT,1,9.0,5256.0,5255.0,2.0,0.7352941176470589,8040,4.5,5256.5,22.5,5258.5,-112.5,5243.5,13.5,5257.5,238.5,5282.5,355.5,5295.5,5295.5,355.5,AGG_BUY,,,,,,
2,806400,VELVETFRUIT_EXTRACT,-1,21.0,5261.0,5262.0,2.0,0.4,8064,31.5,5259.5,199.5,5251.5,367.5,5243.5,31.5,5259.5,-325.5,5276.5,-724.5,5295.5,5295.5,-724.5,AGG_SELL,,,,,,
2,806700,VELVETFRUIT_EXTRACT,-1,2.0,5263.0,5265.5,5.0,-0.575,8067,5.0,5260.5,25.0,5250.5,39.0,5243.5,9.0,5258.5,-29.0,5277.5,-65.0,5295.5,5295.5,-65.0,AGG_SELL,,,,,,
2,808800,VEV_4000,1,4.0,1260.0,1254.5,11.0,0.5555555555555556,8088,-26.0,1253.5,-70.0,1242.5,-58.0,1245.5,-10.0,1257.5,72.0,1278.0,140.0,1295.0,1295.0,140.0,AGG_BUY,,,,,,
2,809500,VELVETFRUIT_EXTRACT,1,21.0,5255.0,5252.5,5.0,0.4246575342465753,8095,42.0,5257.0,-220.5,5244.5,-84.0,5251.0,21.0,5256.0,535.5,5280.5,850.5,5295.5,5295.5,850.5,AGG_BUY,,,,,,
2,809800,VELVETFRUIT_EXTRACT,1,6.0,5253.0,5252.0,2.0,0.6129032258064516,8098,-12.0,5251.0,-51.0,5244.5,-15.0,5250.5,9.0,5254.5,147.0,5277.5,255.0,5295.5,5295.5,255.0,AGG_BUY,,,,,,
2,810500,VELVETFRUIT_EXTRACT,-1,10.0,5256.0,5257.0,2.0,-0.3333333333333333,8105,70.0,5249.0,115.0,5244.5,35.0,5252.5,10.0,5255.0,-220.0,5278.0,-395.0,5295.5,5295.5,-395.0,AGG_SELL,,,,,,
2,810800,VELVETFRUIT_EXTRACT,1,10.0,5252.0,5251.0,2.0,0.7368421052631579,8108,-40.0,5248.0,-85.0,5243.5,10.0,5253.0,25.0,5254.5,255.0,5277.5,435.0,5295.5,5295.5,435.0,AGG_BUY,,,,,,
2,810800,VELVETFRUIT_EXTRACT,1,5.0,5251.0,5251.0,2.0,0.7368421052631579,8108,-15.0,5248.0,-37.5,5243.5,10.0,5253.0,17.5,5254.5,132.5,5277.5,222.5,5295.5,5295.5,222.5,PASS_BUY,,,,,,
2,812000,VELVETFRUIT_EXTRACT,1,17.0,5248.0,5245.5,5.0,0.5,8120,-85.0,5243.0,-51.0,5245.0,76.5,5252.5,110.5,5254.5,467.5,5275.5,807.5,5295.5,5295.5,807.5,AGG_BUY,,,,,,
2,812300,VELVETFRUIT_EXTRACT,1,8.0,5246.0,5247.5,5.0,0.0,8123,-28.0,5242.5,-12.0,5244.5,52.0,5252.5,76.0,5255.5,264.0,5279.0,396.0,5295.5,5295.5,396.0,PASS_BUY,,,,,,
2,813500,VELVETFRUIT_EXTRACT,1,4.0,5241.0,5242.5,5.0,0.43820224719101125,8135,14.0,5244.5,18.0,5245.5,42.0,5251.5,46.0,5252.5,168.0,5283.0,218.0,5295.5,5295.5,218.0,PASS_BUY,,,,,,
2,814000,HYDROGEL_PACK,-1,11.0,10016.0,10024.0,16.0,0.0,8140,-44.0,10020.0,-154.0,10030.0,-209.0,10035.0,253.0,9993.0,154.0,10002.0,66.0,10010.0,10010.0,66.0,AGG_SELL,,,,,,
2,821700,VELVETFRUIT_EXTRACT,-1,13.0,5254.0,5255.0,2.0,-0.10344827586206896,8217,6.5,5253.5,6.5,5253.5,-13.0,5255.0,45.5,5250.5,-422.5,5286.5,-539.5,5295.5,5295.5,-539.5,AGG_SELL,,,,,,
2,822100,VELVETFRUIT_EXTRACT,1,7.0,5252.0,5251.0,2.0,0.5172413793103449,8221,0.0,5252.0,7.0,5253.0,24.5,5255.5,3.5,5252.5,241.5,5286.5,304.5,5295.5,5295.5,304.5,AGG_BUY,,,,,,
2,825900,VEV_4000,1,2.0,1256.0,1251.0,10.0,0.6666666666666666,8259,-3.0,1254.5,-5.0,1253.5,-8.0,1252.0,-15.0,1248.5,52.0,1282.0,78.0,1295.0,1295.0,78.0,AGG_BUY,,,,,,
2,826400,VEV_4000,1,4.0,1255.0,1250.0,10.0,0.3333333333333333,8264,-6.0,1253.5,6.0,1256.5,10.0,1257.5,-34.0,1246.5,94.0,1278.5,160.0,1295.0,1295.0,160.0,AGG_BUY,,,,,,
2,826400,VEV_5000,1,4.0,257.0,256.0,2.0,0.4666666666666667,8264,-4.0,256.0,6.0,258.5,10.0,259.5,-32.0,249.0,92.0,280.0,158.0,296.5,296.5,158.0,AGG_BUY,,,,,,
2,830100,VELVETFRUIT_EXTRACT,1,6.0,5252.0,5251.0,2.0,0.5862068965517241,8301,21.0,5255.5,33.0,5257.5,33.0,5257.5,3.0,5252.5,141.0,5275.5,261.0,5295.5,5295.5,261.0,AGG_BUY,,,,,,
2,830500,VELVETFRUIT_EXTRACT,1,11.0,5252.0,5251.5,1.0,0.21428571428571427,8305,49.5,5256.5,49.5,5256.5,55.0,5257.0,16.5,5253.5,264.0,5276.0,478.5,5295.5,5295.5,478.5,AGG_BUY,,,,,,
2,831100,VELVETFRUIT_EXTRACT,-1,6.0,5254.0,5255.5,3.0,-0.5862068965517241,8311,-9.0,5255.5,6.0,5253.0,-33.0,5259.5,15.0,5251.5,-123.0,5274.5,-249.0,5295.5,5295.5,-249.0,AGG_SELL,,,,,,
2,831700,VELVETFRUIT_EXTRACT,1,6.0,5256.0,5255.0,2.0,0.5384615384615384,8317,6.0,5257.0,9.0,5257.5,15.0,5258.5,-27.0,5251.5,117.0,5275.5,237.0,5295.5,5295.5,237.0,AGG_BUY,,,,,,
2,833700,VELVETFRUIT_EXTRACT,-1,4.0,5257.0,5255.5,5.0,0.5058823529411764,8337,6.0,5255.5,-8.0,5259.0,-2.0,5257.5,10.0,5254.5,-94.0,5280.5,-154.0,5295.5,5295.5,-154.0,PASS_SELL,,,,,,
2,834500,VELVETFRUIT_EXTRACT,1,8.0,5255.0,5254.0,2.0,0.7894736842105263,8345,12.0,5256.5,4.0,5255.5,60.0,5262.5,-8.0,5254.0,192.0,5279.0,324.0,5295.5,5295.5,324.0,AGG_BUY,,,,,,
2,835900,VELVETFRUIT_EXTRACT,1,7.0,5252.0,5250.5,3.0,0.75,8359,17.5,5254.5,24.5,5255.5,66.5,5261.5,73.5,5262.5,178.5,5277.5,304.5,5295.5,5295.5,304.5,AGG_BUY,,,,,,
2,836300,VEV_4000,1,4.0,1256.0,1251.0,10.0,0.38461538461538464,8363,-2.0,1255.5,14.0,1259.5,18.0,1260.5,30.0,1263.5,74.0,1274.5,156.0,1295.0,1295.0,156.0,AGG_BUY,,,,,,
2,836300,VEV_5000,1,4.0,258.0,257.0,2.0,0.2727272727272727,8363,0.0,258.0,14.0,261.5,20.0,263.0,30.0,265.5,74.0,276.5,154.0,296.5,296.5,154.0,AGG_BUY,,,,,,
2,842800,VELVETFRUIT_EXTRACT,1,5.0,5257.0,5256.0,2.0,0.5238095238095238,8428,2.5,5257.5,12.5,5259.5,-2.5,5256.5,75.0,5272.0,72.5,5271.5,192.5,5295.5,5295.5,192.5,AGG_BUY,,,,,,
2,843100,VELVETFRUIT_EXTRACT,-1,8.0,5257.0,5258.5,3.0,-0.7377049180327869,8431,-0.0,5257.0,-20.0,5259.5,-0.0,5257.0,-152.0,5276.0,-116.0,5271.5,-308.0,5295.5,5295.5,-308.0,AGG_SELL,,,,,,
2,844300,VELVETFRUIT_EXTRACT,-1,7.0,5261.0,5259.5,5.0,0.47126436781609193,8443,-17.5,5263.5,49.0,5254.0,31.5,5256.5,-108.5,5276.5,-87.5,5273.5,-241.5,5295.5,5295.5,-241.5,PASS_SELL,,,,,,
2,844700,VELVETFRUIT_EXTRACT,-1,17.0,5262.0,5264.5,5.0,0.0,8447,-0.0,5262.0,127.5,5254.5,110.5,5255.5,-153.0,5271.0,-187.0,5273.0,-569.5,5295.5,5295.5,-569.5,AGG_SELL,,,,,,
2,845400,VELVETFRUIT_EXTRACT,1,7.0,5260.0,5261.5,5.0,0.40540540540540543,8454,-10.5,5258.5,-28.0,5256.0,-24.5,5256.5,59.5,5268.5,115.5,5276.5,248.5,5295.5,5295.5,248.5,PASS_BUY,,,,,,
2,846200,VELVETFRUIT_EXTRACT,1,8.0,5260.0,5259.0,2.0,0.30434782608695654,8462,4.0,5260.5,-24.0,5257.0,-20.0,5257.5,104.0,5273.0,144.0,5278.0,284.0,5295.5,5295.5,284.0,AGG_BUY,,,,,,
2,848400,VELVETFRUIT_EXTRACT,1,11.0,5256.0,5255.0,2.0,0.7027027027027027,8484,-11.0,5255.0,27.5,5258.5,27.5,5258.5,280.5,5281.5,225.5,5276.5,434.5,5295.5,5295.5,434.5,AGG_BUY,,,,,,
2,849300,VELVETFRUIT_EXTRACT,1,13.0,5255.0,5254.0,2.0,0.6486486486486487,8493,19.5,5256.5,19.5,5256.5,0.0,5255.0,357.5,5282.5,279.5,5276.5,526.5,5295.5,5295.5,526.5,AGG_BUY,,,,,,
2,849400,HYDROGEL_PACK,1,6.0,9997.0,10004.0,16.0,0.0,8494,24.0,10001.0,87.0,10011.5,132.0,10019.0,48.0,10005.0,-48.0,9989.0,78.0,10010.0,10010.0,78.0,PASS_BUY,,,,,,
2,849900,VELVETFRUIT_EXTRACT,-1,8.0,5255.0,5256.5,3.0,-0.7037037037037037,8499,-20.0,5257.5,12.0,5253.5,-4.0,5255.5,-236.0,5284.5,-160.0,5275.0,-324.0,5295.5,5295.5,-324.0,AGG_SELL,,,,,,
2,856600,HYDROGEL_PACK,1,2.0,10002.0,10009.0,16.0,0.0,8566,24.0,10014.0,2.0,10003.0,-14.0,9995.0,-2.0,10001.0,-20.0,9992.0,16.0,10010.0,10010.0,16.0,PASS_BUY,,,,,,
2,858200,VELVETFRUIT_EXTRACT,-1,9.0,5259.0,5260.0,2.0,-0.28,8582,31.5,5255.5,72.0,5251.0,49.5,5253.5,-184.5,5279.5,-130.5,5273.5,-328.5,5295.5,5295.5,-328.5,AGG_SELL,,,,,,
2,859700,VELVETFRUIT_EXTRACT,1,13.0,5252.0,5251.5,1.0,0.13333333333333333,8597,19.5,5253.5,6.5,5252.5,-58.5,5247.5,338.0,5278.0,260.0,5272.0,565.5,5295.5,5295.5,565.5,AGG_BUY,,,,,,
2,861000,VELVETFRUIT_EXTRACT,1,4.0,5253.0,5254.5,5.0,-0.41333333333333333,8610,6.0,5254.5,18.0,5257.5,-18.0,5248.5,90.0,5275.5,62.0,5268.5,170.0,5295.5,5295.5,170.0,PASS_BUY,,,,,,
2,861800,HYDROGEL_PACK,1,6.0,9997.0,10004.0,16.0,0.0,8618,-12.0,9995.0,-18.0,9994.0,-12.0,9995.0,-36.0,9991.0,18.0,10000.0,78.0,10010.0,10010.0,78.0,PASS_BUY,,,,,,
2,862900,VELVETFRUIT_EXTRACT,1,8.0,5253.0,5252.0,2.0,0.7575757575757576,8629,4.0,5253.5,12.0,5254.5,-28.0,5249.5,240.0,5283.0,76.0,5262.5,340.0,5295.5,5295.5,340.0,AGG_BUY,,,,,,
2,863200,VELVETFRUIT_EXTRACT,1,10.0,5252.0,5251.0,2.0,0.2,8632,45.0,5256.5,15.0,5253.5,-45.0,5247.5,315.0,5283.5,105.0,5262.5,435.0,5295.5,5295.5,435.0,AGG_BUY,,,,,,
2,863300,HYDROGEL_PACK,1,5.0,9991.0,9998.0,16.0,0.0,8633,25.0,9996.0,75.0,10006.0,-15.0,9988.0,40.0,9999.0,90.0,10009.0,95.0,10010.0,10010.0,95.0,PASS_BUY,,,,,,
2,863600,HYDROGEL_PACK,1,9.0,9996.0,9992.5,7.0,0.25,8636,-27.0,9993.0,99.0,10007.0,-81.0,9987.0,45.0,10001.0,108.0,10008.0,126.0,10010.0,10010.0,126.0,AGG_BUY,,,,,,
2,864200,HYDROGEL_PACK,1,3.0,9991.0,9998.0,16.0,0.0,8642,3.0,9992.0,30.0,10001.0,-18.0,9985.0,33.0,10002.0,45.0,10006.0,57.0,10010.0,10010.0,57.0,PASS_BUY,,,,,,
2,864300,VELVETFRUIT_EXTRACT,-1,8.0,5257.0,5258.5,3.0,-0.4838709677419355,8643,28.0,5253.5,76.0,5247.5,84.0,5246.5,-176.0,5279.0,-76.0,5266.5,-308.0,5295.5,5295.5,-308.0,AGG_SELL,,,,,,
2,867100,HYDROGEL_PACK,1,6.0,9992.0,9988.5,7.0,0.3333333333333333,8671,84.0,10006.0,24.0,9996.0,-36.0,9986.0,42.0,9999.0,126.0,10013.0,108.0,10010.0,10010.0,108.0,AGG_BUY,,,,,,
2,867500,HYDROGEL_PACK,1,6.0,9993.0,10000.0,16.0,0.0,8675,78.0,10006.0,24.0,9997.0,-15.0,9990.5,18.0,9996.0,126.0,10014.0,102.0,10010.0,10010.0,102.0,PASS_BUY,,,,,,
2,867800,VELVETFRUIT_EXTRACT,1,10.0,5254.0,5252.5,3.0,0.6875,8678,-55.0,5248.5,-45.0,5249.5,-80.0,5246.0,295.0,5283.5,75.0,5261.5,415.0,5295.5,5295.5,415.0,AGG_BUY,,,,,,
2,868700,VELVETFRUIT_EXTRACT,1,20.0,5251.0,5248.5,5.0,0.5348837209302325,8687,-70.0,5247.5,-90.0,5246.5,-70.0,5247.5,670.0,5284.5,240.0,5263.0,890.0,5295.5,5295.5,890.0,AGG_BUY,,,,,,
2,869900,HYDROGEL_PACK,1,2.0,9988.0,9995.0,16.0,0.0,8699,16.0,9996.0,2.0,9989.0,-4.0,9986.0,42.0,10009.0,22.0,9999.0,44.0,10010.0,10010.0,44.0,PASS_BUY,,,,,,
2,872000,VELVETFRUIT_EXTRACT,-1,10.0,5252.0,5253.5,3.0,-0.6721311475409836,8720,15.0,5250.5,75.0,5244.5,15.0,5250.5,-340.0,5286.0,-125.0,5264.5,-435.0,5295.5,5295.5,-435.0,AGG_SELL,,,,,,
2,872400,VELVETFRUIT_EXTRACT,1,15.0,5248.0,5247.5,1.0,0.16666666666666666,8724,-7.5,5247.5,-22.5,5246.5,52.5,5251.5,577.5,5286.5,307.5,5268.5,712.5,5295.5,5295.5,712.5,AGG_BUY,,,,,,
2,872600,VEV_4000,1,2.0,1248.0,1243.0,10.0,0.5555555555555556,8726,9.0,1252.5,-1.0,1247.5,9.0,1252.5,69.0,1282.5,42.0,1269.0,94.0,1295.0,1295.0,94.0,AGG_BUY,,,,,,
2,873500,VELVETFRUIT_EXTRACT,1,21.0,5247.0,5246.0,2.0,0.5227272727272727,8735,31.5,5248.5,94.5,5251.5,147.0,5254.0,798.0,5285.0,493.5,5270.5,1018.5,5295.5,5295.5,1018.5,AGG_BUY,,,,,,
2,873800,VELVETFRUIT_EXTRACT,1,14.0,5245.0,5244.5,1.0,0.15151515151515152,8738,63.0,5249.5,63.0,5249.5,147.0,5255.5,539.0,5283.5,336.0,5269.0,707.0,5295.5,5295.5,707.0,AGG_BUY,,,,,,
2,876500,VEV_4000,1,3.0,1244.0,1239.0,10.0,0.5384615384615384,8765,10.5,1247.5,28.5,1253.5,55.5,1262.5,100.5,1277.5,73.5,1268.5,153.0,1295.0,1295.0,153.0,AGG_BUY,,,,,,
2,876900,HYDROGEL_PACK,1,5.0,9978.0,9985.0,16.0,0.0,8769,25.0,9983.0,0.0,9978.0,55.0,9989.0,85.0,9995.0,75.0,9993.0,160.0,10010.0,10010.0,160.0,PASS_BUY,,,,,,
2,878000,VELVETFRUIT_EXTRACT,1,4.0,5244.0,5245.5,5.0,0.45652173913043476,8780,18.0,5248.5,40.0,5254.0,110.0,5271.5,138.0,5278.5,106.0,5270.5,206.0,5295.5,5295.5,206.0,PASS_BUY,,,,,,
2,878500,VELVETFRUIT_EXTRACT,-1,9.0,5250.0,5251.5,3.0,-0.6896551724137931,8785,4.5,5249.5,-36.0,5254.0,-139.5,5265.5,-265.5,5279.5,-175.5,5269.5,-409.5,5295.5,5295.5,-409.5,AGG_SELL,,,,,,
2,878800,VELVETFRUIT_EXTRACT,-1,8.0,5248.0,5249.5,3.0,-0.7538461538461538,8788,-36.0,5252.5,-60.0,5255.5,-132.0,5264.5,-272.0,5282.0,-172.0,5269.5,-380.0,5295.5,5295.5,-380.0,AGG_SELL,,,,,,
2,879100,HYDROGEL_PACK,1,7.0,9982.0,9978.5,7.0,0.36363636363636365,8791,21.0,9985.0,70.0,9992.0,45.5,9988.5,56.0,9990.0,49.0,9989.0,196.0,10010.0,10010.0,196.0,AGG_BUY,,,,,,
2,881900,HYDROGEL_PACK,1,10.0,9986.0,9978.0,16.0,0.0,8819,85.0,9994.5,30.0,9989.0,10.0,9987.0,230.0,10009.0,90.0,9995.0,240.0,10010.0,10010.0,240.0,AGG_BUY,,,,,,
2,883000,VELVETFRUIT_EXTRACT,1,4.0,5252.0,5254.0,6.0,0.0,8830,18.0,5256.5,78.0,5271.5,90.0,5274.5,104.0,5278.0,82.0,5272.5,174.0,5295.5,5295.5,174.0,PASS_BUY,,,,,,
2,884900,VELVETFRUIT_EXTRACT,1,10.0,5255.0,5254.0,2.0,0.6428571428571429,8849,75.0,5262.5,95.0,5264.5,155.0,5270.5,245.0,5279.5,215.0,5276.5,405.0,5295.5,5295.5,405.0,AGG_BUY,,,,,,
2,886000,VELVETFRUIT_EXTRACT,-1,3.0,5264.0,5262.5,5.0,0.5529411764705883,8860,-4.5,5265.5,-0.0,5264.0,-28.5,5273.5,-34.5,5275.5,-46.5,5279.5,-94.5,5295.5,5295.5,-94.5,PASS_SELL,,,,,,
2,887000,VELVETFRUIT_EXTRACT,-1,4.0,5267.0,5265.5,5.0,0.0,8870,-18.0,5271.5,-10.0,5269.5,-26.0,5273.5,-26.0,5273.5,-66.0,5283.5,-114.0,5295.5,5295.5,-114.0,PASS_SELL,,,,,,
2,887200,VELVETFRUIT_EXTRACT,-1,7.0,5267.0,5269.0,4.0,-0.7971014492753623,8872,-10.5,5268.5,-31.5,5271.5,-45.5,5273.5,-45.5,5273.5,-115.5,5283.5,-199.5,5295.5,5295.5,-199.5,AGG_SELL,,,,,,
2,887500,VELVETFRUIT_EXTRACT,-1,6.0,5267.0,5268.5,3.0,-0.8309859154929577,8875,9.0,5265.5,-33.0,5272.5,-51.0,5275.5,-33.0,5272.5,-90.0,5282.0,-171.0,5295.5,5295.5,-171.0,AGG_SELL,,,,,,
2,888000,HYDROGEL_PACK,1,6.0,9982.0,9978.0,8.0,0.29411764705882354,8880,48.0,9990.0,-24.0,9978.0,108.0,10000.0,144.0,10006.0,132.0,10004.0,168.0,10010.0,10010.0,168.0,AGG_BUY,,,,,,
2,889900,VELVETFRUIT_EXTRACT,1,3.0,5263.0,5264.5,5.0,0.4647887323943662,8899,7.5,5265.5,22.5,5270.5,64.5,5284.5,28.5,5272.5,76.5,5288.5,97.5,5295.5,5295.5,97.5,PASS_BUY,,,,,,
2,890500,HYDROGEL_PACK,1,6.0,9984.0,9980.5,7.0,0.25,8905,0.0,9984.0,42.0,9991.0,174.0,10013.0,162.0,10011.0,180.0,10014.0,156.0,10010.0,10010.0,156.0,AGG_BUY,,,,,,
2,891400,VELVETFRUIT_EXTRACT,-1,4.0,5267.0,5265.5,5.0,0.0,8914,-22.0,5272.5,-22.0,5272.5,-66.0,5283.5,-26.0,5273.5,-90.0,5289.5,-114.0,5295.5,5295.5,-114.0,PASS_SELL,,,,,,
2,891600,HYDROGEL_PACK,1,6.0,9977.0,9983.5,15.0,0.0,8916,42.0,9984.0,90.0,9992.0,210.0,10012.0,180.0,10007.0,288.0,10025.0,198.0,10010.0,10010.0,198.0,PASS_BUY,,,,,,
2,891800,VELVETFRUIT_EXTRACT,-1,7.0,5271.0,5269.5,5.0,0.0,8918,-7.0,5272.0,-14.0,5273.0,-73.5,5281.5,-17.5,5273.5,-126.0,5289.0,-171.5,5295.5,5295.5,-171.5,PASS_SELL,,,,,,
2,892200,VELVETFRUIT_EXTRACT,-1,5.0,5270.0,5271.5,3.0,-0.8387096774193549,8922,-32.5,5276.5,-17.5,5273.5,-72.5,5284.5,-7.5,5271.5,-92.5,5288.5,-127.5,5295.5,5295.5,-127.5,AGG_SELL,,,,,,
2,892900,VELVETFRUIT_EXTRACT,-1,5.0,5274.0,5272.5,5.0,0.0,8929,2.5,5273.5,-17.5,5277.5,-52.5,5284.5,15.0,5271.0,-60.0,5286.0,-107.5,5295.5,5295.5,-107.5,PASS_SELL,,,,,,
2,895900,VELVETFRUIT_EXTRACT,-1,5.0,5272.0,5273.5,3.0,-0.6551724137931034,8959,-2.5,5272.5,-62.5,5284.5,-30.0,5278.0,-27.5,5277.5,-87.5,5289.5,-117.5,5295.5,5295.5,-117.5,AGG_SELL,,,,,,
2,897500,VELVETFRUIT_EXTRACT,-1,5.0,5274.0,5275.5,3.0,-0.5454545454545454,8975,-37.5,5281.5,-52.5,5284.5,-12.5,5276.5,-17.5,5277.5,-110.0,5296.0,-107.5,5295.5,5295.5,-107.5,AGG_SELL,,,,,,
2,898600,VEV_4000,1,1.0,1280.0,1275.0,10.0,0.6923076923076923,8986,2.5,1282.5,5.0,1285.0,-1.0,1279.0,-5.0,1275.0,18.0,1298.0,15.0,1295.0,1295.0,15.0,AGG_BUY,,,,,,
2,898700,VEV_5400,-1,6.0,17.0,17.5,1.0,-0.5714285714285714,8987,-3.0,17.5,-3.0,17.5,3.0,16.5,3.0,16.5,-21.0,20.5,-18.0,20.0,20.0,-18.0,AGG_SELL,,,,,,
2,900000,VEV_5400,-1,20.0,18.0,18.5,1.0,0.0,9000,10.0,17.5,30.0,16.5,40.0,16.0,50.0,15.5,-40.0,20.0,-40.0,20.0,20.0,-40.0,AGG_SELL,,,,,,
2,900100,VEV_5400,-1,20.0,18.0,18.5,1.0,0.0,9001,10.0,17.5,30.0,16.5,40.0,16.0,40.0,16.0,-40.0,20.0,-40.0,20.0,20.0,-40.0,AGG_SELL,,,,,,
2,900500,VELVETFRUIT_EXTRACT,1,3.0,5283.0,5284.5,5.0,-0.47126436781609193,9005,0.0,5283.0,-19.5,5276.5,-15.0,5278.0,-28.5,5273.5,37.5,5295.5,37.5,5295.5,5295.5,37.5,PASS_BUY,,,,,,
2,901000,VELVETFRUIT_EXTRACT,1,8.0,5282.0,5283.5,5.0,-0.5058823529411764,9010,8.0,5283.0,-24.0,5279.0,-52.0,5275.5,-56.0,5275.0,108.0,5295.5,108.0,5295.5,5295.5,108.0,PASS_BUY,,,,,,
2,901500,HYDROGEL_PACK,-1,6.0,10012.0,10016.0,8.0,-0.4,9015,6.0,10011.0,72.0,10000.0,102.0,9995.0,126.0,9991.0,12.0,10010.0,12.0,10010.0,10010.0,12.0,AGG_SELL,,,,,,
2,901800,VELVETFRUIT_EXTRACT,1,8.0,5280.0,5281.5,5.0,0.48148148148148145,9018,28.0,5283.5,-16.0,5278.0,-36.0,5275.5,-20.0,5277.5,124.0,5295.5,124.0,5295.5,5295.5,124.0,PASS_BUY,,,,,,
2,901900,HYDROGEL_PACK,-1,7.0,10014.0,10018.0,8.0,-0.3,9019,63.0,10005.0,35.0,10009.0,168.0,9990.0,196.0,9986.0,28.0,10010.0,28.0,10010.0,10010.0,28.0,AGG_SELL,,,,,,
2,903600,HYDROGEL_PACK,1,4.0,10000.0,10007.0,16.0,0.0,9036,56.0,10014.0,20.0,10005.0,4.0,10001.0,-60.0,9985.0,40.0,10010.0,40.0,10010.0,10010.0,40.0,PASS_BUY,,,,,,
2,903900,VEV_5400,-1,8.0,17.0,17.5,1.0,-0.4482758620689655,9039,4.0,16.5,4.0,16.5,-0.0,17.0,4.0,16.5,-24.0,20.0,-24.0,20.0,20.0,-24.0,AGG_SELL,,,,,,
2,906500,VELVETFRUIT_EXTRACT,-1,7.0,5279.0,5277.5,5.0,-0.41333333333333333,9065,17.5,5276.5,35.0,5274.0,-52.5,5286.5,10.5,5277.5,-115.5,5295.5,-115.5,5295.5,5295.5,-115.5,PASS_SELL,,,,,,
2,913200,HYDROGEL_PACK,1,2.0,9993.0,10000.0,16.0,0.0,9132,18.0,10002.0,10.0,9998.0,16.0,10001.0,32.0,10009.0,34.0,10010.0,34.0,10010.0,10010.0,34.0,PASS_BUY,,,,,,
2,914300,VELVETFRUIT_EXTRACT,1,8.0,5280.0,5279.0,2.0,0.7575757575757576,9143,44.0,5285.5,36.0,5284.5,40.0,5285.0,-108.0,5266.5,124.0,5295.5,124.0,5295.5,5295.5,124.0,AGG_BUY,,,,,,
2,914600,VELVETFRUIT_EXTRACT,-1,8.0,5284.0,5282.5,5.0,-0.5238095238095238,9146,-12.0,5285.5,8.0,5283.0,-4.0,5284.5,132.0,5267.5,-92.0,5295.5,-92.0,5295.5,5295.5,-92.0,PASS_SELL,,,,,,
2,915100,VELVETFRUIT_EXTRACT,-1,19.0,5284.0,5286.5,5.0,-0.5681818181818182,9151,-66.5,5287.5,9.5,5283.5,57.0,5281.0,275.5,5269.5,-218.5,5295.5,-218.5,5295.5,5295.5,-218.5,AGG_SELL,,,,,,
2,915400,VELVETFRUIT_EXTRACT,1,7.0,5282.0,5283.5,5.0,0.0,9154,31.5,5286.5,21.0,5285.0,-7.0,5281.0,-101.5,5267.5,94.5,5295.5,94.5,5295.5,5295.5,94.5,PASS_BUY,,,,,,
2,915800,VEV_5400,-1,8.0,18.0,18.5,1.0,-0.5294117647058824,9158,-0.0,18.0,8.0,17.0,12.0,16.5,36.0,13.5,-16.0,20.0,-16.0,20.0,20.0,-16.0,AGG_SELL,,,,,,
2,916100,VEV_5400,-1,6.0,18.0,18.5,1.0,-0.5714285714285714,9161,-0.0,18.0,3.0,17.5,6.0,17.0,24.0,14.0,-12.0,20.0,-12.0,20.0,20.0,-12.0,AGG_SELL,,,,,,
2,920900,VELVETFRUIT_EXTRACT,-1,10.0,5283.0,5284.5,3.0,-0.7014925373134329,9209,-25.0,5285.5,10.0,5282.0,80.0,5275.0,225.0,5260.5,-125.0,5295.5,-125.0,5295.5,5295.5,-125.0,AGG_SELL,,,,,,
2,921000,VELVETFRUIT_EXTRACT,-1,10.0,5283.0,5284.5,3.0,-0.3103448275862069,9210,-30.0,5286.0,10.0,5282.0,80.0,5275.0,245.0,5258.5,-125.0,5295.5,-125.0,5295.5,5295.5,-125.0,AGG_SELL,,,,,,
2,922100,VELVETFRUIT_EXTRACT,-1,4.0,5288.0,5286.5,5.0,0.0,9221,22.0,5282.5,30.0,5280.5,42.0,5277.5,94.0,5264.5,-30.0,5295.5,-30.0,5295.5,5295.5,-30.0,PASS_SELL,,,,,,
2,922600,VELVETFRUIT_EXTRACT,1,9.0,5282.0,5281.0,2.0,0.75,9226,22.5,5284.5,-31.5,5278.5,-36.0,5278.0,-121.5,5268.5,121.5,5295.5,121.5,5295.5,5295.5,121.5,AGG_BUY,,,,,,
2,922800,VELVETFRUIT_EXTRACT,1,6.0,5282.0,5281.0,2.0,0.5384615384615384,9228,9.0,5283.5,-24.0,5278.0,-27.0,5277.5,-75.0,5269.5,81.0,5295.5,81.0,5295.5,5295.5,81.0,AGG_BUY,,,,,,
2,922800,VEV_5400,-1,8.0,17.0,17.5,1.0,-0.4838709677419355,9228,-4.0,17.5,4.0,16.5,4.0,16.5,20.0,14.5,-24.0,20.0,-24.0,20.0,20.0,-24.0,AGG_SELL,,,,,,
2,926700,VEV_5400,-1,20.0,16.0,16.5,1.0,0.0,9267,-20.0,17.0,-0.0,16.0,10.0,15.5,10.0,15.5,-80.0,20.0,-80.0,20.0,20.0,-80.0,AGG_SELL,,,,,,
2,927100,VELVETFRUIT_EXTRACT,-1,10.0,5279.0,5280.5,3.0,-0.3333333333333333,9271,-5.0,5279.5,15.0,5277.5,55.0,5273.5,95.0,5269.5,-165.0,5295.5,-165.0,5295.5,5295.5,-165.0,AGG_SELL,,,,,,
2,927200,VELVETFRUIT_EXTRACT,-1,3.0,5282.0,5280.0,6.0,0.0,9272,10.5,5278.5,10.5,5278.5,25.5,5273.5,36.0,5270.0,-40.5,5295.5,-40.5,5295.5,5295.5,-40.5,PASS_SELL,,,,,,
2,927700,HYDROGEL_PACK,1,4.0,9983.0,9990.0,16.0,0.0,9277,12.0,9986.0,134.0,10016.5,124.0,10014.0,44.0,9994.0,108.0,10010.0,108.0,10010.0,10010.0,108.0,PASS_BUY,,,,,,
2,928600,HYDROGEL_PACK,1,8.0,9986.0,9982.5,7.0,0.2,9286,72.0,9995.0,232.0,10015.0,160.0,10006.0,32.0,9990.0,192.0,10010.0,192.0,10010.0,10010.0,192.0,AGG_BUY,,,,,,
2,928800,HYDROGEL_PACK,1,6.0,9978.0,9985.0,16.0,0.0,9288,138.0,10001.0,222.0,10015.0,180.0,10008.0,78.0,9991.0,192.0,10010.0,192.0,10010.0,10010.0,192.0,PASS_BUY,,,,,,
2,929100,VELVETFRUIT_EXTRACT,1,8.0,5278.0,5279.5,5.0,-0.6,9291,-20.0,5275.5,0.0,5278.0,-28.0,5274.5,-60.0,5270.5,140.0,5295.5,140.0,5295.5,5295.5,140.0,PASS_BUY,,,,,,
2,929600,HYDROGEL_PACK,1,6.0,9988.0,9995.0,16.0,0.0,9296,90.0,10003.0,168.0,10016.0,162.0,10015.0,0.0,9988.0,132.0,10010.0,132.0,10010.0,10010.0,132.0,PASS_BUY,,,,,,
2,933200,VELVETFRUIT_EXTRACT,1,6.0,5276.0,5278.0,6.0,0.0,9332,21.0,5279.5,-6.0,5275.0,-27.0,5271.5,-21.0,5272.5,117.0,5295.5,117.0,5295.5,5295.5,117.0,PASS_BUY,,,,,,
2,934100,VELVETFRUIT_EXTRACT,1,9.0,5279.0,5278.0,2.0,0.7391304347826086,9341,-18.0,5277.0,-40.5,5274.5,-58.5,5272.5,-67.5,5271.5,148.5,5295.5,148.5,5295.5,5295.5,148.5,AGG_BUY,,,,,,
2,934300,VELVETFRUIT_EXTRACT,1,7.0,5280.0,5279.0,2.0,0.5483870967741935,9343,-10.5,5278.5,-38.5,5274.5,-45.5,5273.5,-45.5,5273.5,108.5,5295.5,108.5,5295.5,5295.5,108.5,AGG_BUY,,,,,,
2,934300,VELVETFRUIT_EXTRACT,1,8.0,5279.0,5279.0,2.0,0.5483870967741935,9343,-4.0,5278.5,-36.0,5274.5,-44.0,5273.5,-44.0,5273.5,132.0,5295.5,132.0,5295.5,5295.5,132.0,PASS_BUY,,,,,,
2,934400,HYDROGEL_PACK,-1,6.0,10017.0,10021.0,8.0,-0.29411764705882354,9344,-48.0,10025.0,24.0,10013.0,126.0,9996.0,108.0,9999.0,42.0,10010.0,42.0,10010.0,10010.0,42.0,AGG_SELL,,,,,,
2,934500,VELVETFRUIT_EXTRACT,1,13.0,5280.0,5279.0,2.0,0.6486486486486487,9345,-26.0,5278.0,-97.5,5272.5,-91.0,5273.0,-78.0,5274.0,201.5,5295.5,201.5,5295.5,5295.5,201.5,AGG_BUY,,,,,,
2,935000,HYDROGEL_PACK,-1,15.0,10017.0,10025.0,16.0,0.0,9350,-90.0,10023.0,-52.5,10020.5,420.0,9989.0,405.0,9990.0,105.0,10010.0,105.0,10010.0,10010.0,105.0,AGG_SELL,,,,,,
2,935100,HYDROGEL_PACK,-1,14.0,10017.0,10025.0,16.0,0.0,9351,-84.0,10023.0,-0.0,10017.0,287.0,9996.5,378.0,9990.0,98.0,10010.0,98.0,10010.0,10010.0,98.0,AGG_SELL,,,,,,
2,935100,VELVETFRUIT_EXTRACT,1,10.0,5278.0,5277.0,2.0,0.3333333333333333,9351,-25.0,5275.5,-35.0,5274.5,-25.0,5275.5,0.0,5278.0,175.0,5295.5,175.0,5295.5,5295.5,175.0,AGG_BUY,,,,,,
2,935200,HYDROGEL_PACK,-1,13.0,10019.0,10027.0,16.0,0.0,9352,-13.0,10020.0,26.0,10017.0,325.0,9994.0,377.0,9990.0,117.0,10010.0,117.0,10010.0,10010.0,117.0,AGG_SELL,,,,,,
2,935300,HYDROGEL_PACK,-1,11.0,10018.0,10026.0,16.0,0.0,9353,22.0,10016.0,33.0,10015.0,231.0,9997.0,319.0,9989.0,88.0,10010.0,88.0,10010.0,10010.0,88.0,AGG_SELL,,,,,,
2,935400,VEV_5400,-1,20.0,16.0,16.5,1.0,0.0,9354,10.0,15.5,10.0,15.5,-10.0,16.5,-10.0,16.5,-80.0,20.0,-80.0,20.0,20.0,-80.0,AGG_SELL,,,,,,
2,935500,HYDROGEL_PACK,-1,12.0,10019.0,10027.0,16.0,0.0,9355,72.0,10013.0,96.0,10011.0,300.0,9994.0,348.0,9990.0,108.0,10010.0,108.0,10010.0,10010.0,108.0,AGG_SELL,,,,,,
2,935900,VEV_5400,-1,20.0,16.0,16.5,1.0,0.0,9359,10.0,15.5,-0.0,16.0,-10.0,16.5,-10.0,16.5,-80.0,20.0,-80.0,20.0,20.0,-80.0,AGG_SELL,,,,,,
2,936000,VELVETFRUIT_EXTRACT,1,7.0,5274.0,5275.5,5.0,0.39473684210526316,9360,-3.5,5273.5,-3.5,5273.5,17.5,5276.5,38.5,5279.5,150.5,5295.5,150.5,5295.5,5295.5,150.5,PASS_BUY,,,,,,
2,936600,VELVETFRUIT_EXTRACT,1,8.0,5271.0,5272.5,5.0,-0.5053763440860215,9366,12.0,5272.5,24.0,5274.0,52.0,5277.5,72.0,5280.0,196.0,5295.5,196.0,5295.5,5295.5,196.0,PASS_BUY,,,,,,
2,938400,VEV_5400,-1,7.0,16.0,16.5,1.0,-0.4166666666666667,9384,3.5,15.5,7.0,15.0,-0.0,16.0,-14.0,18.0,-28.0,20.0,-28.0,20.0,20.0,-28.0,AGG_SELL,,,,,,
2,938500,VEV_5400,-1,6.0,16.0,16.5,1.0,-0.5555555555555556,9385,3.0,15.5,6.0,15.0,-0.0,16.0,-12.0,18.0,-24.0,20.0,-24.0,20.0,20.0,-24.0,AGG_SELL,,,,,,
2,938900,VEV_5400,-1,5.0,16.0,16.5,1.0,-0.5652173913043478,9389,2.5,15.5,2.5,15.5,-0.0,16.0,-12.5,18.5,-20.0,20.0,-20.0,20.0,20.0,-20.0,AGG_SELL,,,,,,
2,940000,HYDROGEL_PACK,-1,5.0,10016.0,10020.5,9.0,-0.4117647058823529,9400,57.5,10004.5,135.0,9989.0,145.0,9987.0,15.0,10013.0,30.0,10010.0,30.0,10010.0,10010.0,30.0,AGG_SELL,,,,,,
2,940200,VELVETFRUIT_EXTRACT,-1,5.0,5273.0,5274.5,3.0,-0.5,9402,-12.5,5275.5,-12.5,5275.5,-2.5,5273.5,-82.5,5289.5,-112.5,5295.5,-112.5,5295.5,5295.5,-112.5,AGG_SELL,,,,,,
2,940500,HYDROGEL_PACK,1,2.0,10004.0,10011.0,16.0,0.0,9405,4.0,10006.0,-20.0,9994.0,-38.0,9985.0,20.0,10014.0,12.0,10010.0,12.0,10010.0,10010.0,12.0,PASS_BUY,,,,,,
2,941000,VELVETFRUIT_EXTRACT,1,9.0,5274.0,5273.5,1.0,0.28,9410,-4.5,5273.5,22.5,5276.5,9.0,5275.0,112.5,5286.5,193.5,5295.5,193.5,5295.5,5295.5,193.5,AGG_BUY,,,,,,
2,942700,VELVETFRUIT_EXTRACT,1,3.0,5270.0,5271.5,5.0,0.6103896103896104,9427,4.5,5271.5,25.5,5278.5,25.5,5278.5,49.5,5286.5,76.5,5295.5,76.5,5295.5,5295.5,76.5,PASS_BUY,,,,,,
2,943400,VELVETFRUIT_EXTRACT,1,7.0,5270.0,5269.0,2.0,0.8181818181818182,9434,24.5,5273.5,45.5,5276.5,52.5,5277.5,73.5,5280.5,178.5,5295.5,178.5,5295.5,5295.5,178.5,AGG_BUY,,,,,,
2,944300,HYDROGEL_PACK,1,5.0,9989.0,9996.0,16.0,0.0,9443,40.0,9997.0,-37.5,9981.5,2.5,9989.5,160.0,10021.0,105.0,10010.0,105.0,10010.0,10010.0,105.0,PASS_BUY,,,,,,
2,945100,VELVETFRUIT_EXTRACT,-1,8.0,5277.0,5275.5,5.0,-0.42857142857142855,9451,-0.0,5277.0,8.0,5276.0,32.0,5273.0,-76.0,5286.5,-148.0,5295.5,-148.0,5295.5,5295.5,-148.0,PASS_SELL,,,,,,
2,945300,VELVETFRUIT_EXTRACT,-1,11.0,5276.0,5277.5,3.0,-0.2903225806451613,9453,-5.5,5276.5,38.5,5272.5,5.5,5275.5,-115.5,5286.5,-214.5,5295.5,-214.5,5295.5,5295.5,-214.5,AGG_SELL,,,,,,
2,945400,VELVETFRUIT_EXTRACT,-1,3.0,5278.0,5276.5,5.0,0.0,9454,6.0,5276.0,13.5,5273.5,10.5,5274.5,-28.5,5287.5,-52.5,5295.5,-52.5,5295.5,5295.5,-52.5,PASS_SELL,,,,,,
2,945400,VEV_5400,-1,9.0,16.0,16.5,1.0,-0.5263157894736842,9454,-0.0,16.0,4.5,15.5,-0.0,16.0,-22.5,18.5,-36.0,20.0,-36.0,20.0,20.0,-36.0,AGG_SELL,,,,,,
2,945600,VELVETFRUIT_EXTRACT,-1,10.0,5276.0,5277.5,3.0,-0.6774193548387096,9456,-15.0,5277.5,35.0,5272.5,5.0,5275.5,-115.0,5287.5,-195.0,5295.5,-195.0,5295.5,5295.5,-195.0,AGG_SELL,,,,,,
2,945900,VEV_5400,-1,8.0,16.0,16.5,1.0,0.0,9459,-4.0,16.5,-0.0,16.0,-0.0,16.0,-24.0,19.0,-32.0,20.0,-32.0,20.0,20.0,-32.0,AGG_SELL,,,,,,
2,947700,HYDROGEL_PACK,1,6.0,9992.0,9988.5,7.0,0.3684210526315789,9477,-24.0,9988.0,-36.0,9986.0,18.0,9995.0,90.0,10007.0,108.0,10010.0,108.0,10010.0,10010.0,108.0,AGG_BUY,,,,,,
2,947900,HYDROGEL_PACK,1,6.0,9984.0,9991.0,16.0,0.0,9479,24.0,9988.0,-6.0,9983.0,78.0,9997.0,144.0,10008.0,156.0,10010.0,156.0,10010.0,10010.0,156.0,PASS_BUY,,,,,,
2,947900,VELVETFRUIT_EXTRACT,1,5.0,5276.0,5277.5,5.0,0.0,9479,-5.0,5275.0,12.5,5278.5,-2.5,5275.5,120.0,5300.0,97.5,5295.5,97.5,5295.5,5295.5,97.5,PASS_BUY,,,,,,
2,948800,VELVETFRUIT_EXTRACT,-1,7.0,5277.0,5275.0,6.0,0.0,9488,14.0,5275.0,10.5,5275.5,35.0,5272.0,-122.5,5294.5,-129.5,5295.5,-129.5,5295.5,5295.5,-129.5,PASS_SELL,,,,,,
2,948900,VELVETFRUIT_EXTRACT,-1,5.0,5277.0,5275.0,6.0,0.0,9489,10.0,5275.0,2.5,5276.5,27.5,5271.5,-92.5,5295.5,-92.5,5295.5,-92.5,5295.5,5295.5,-92.5,PASS_SELL,,,,,,
2,949300,HYDROGEL_PACK,1,10.0,9985.0,9981.5,7.0,0.09090909090909091,9493,-10.0,9984.0,45.0,9989.5,200.0,10005.0,280.0,10013.0,250.0,10010.0,250.0,10010.0,10010.0,250.0,AGG_BUY,,,,,,
2,949500,HYDROGEL_PACK,1,10.0,9986.0,9982.0,8.0,0.09090909090909091,9495,-10.0,9985.0,30.0,9989.0,260.0,10012.0,240.0,10010.0,240.0,10010.0,240.0,10010.0,10010.0,240.0,AGG_BUY,,,,,,
2,949800,HYDROGEL_PACK,1,6.0,9979.0,9986.0,16.0,0.0,9498,24.0,9983.0,102.0,9996.0,234.0,10018.0,192.0,10011.0,186.0,10010.0,186.0,10010.0,10010.0,186.0,PASS_BUY,,,,,,
2,950900,VELVETFRUIT_EXTRACT,-1,12.0,5275.0,5276.5,3.0,-0.68,9509,-6.0,5275.5,-6.0,5275.5,78.0,5268.5,-246.0,5295.5,-246.0,5295.5,-246.0,5295.5,5295.5,-246.0,AGG_SELL,,,,,,
2,951100,HYDROGEL_PACK,1,6.0,9988.0,9984.5,7.0,0.4,9511,-24.0,9984.0,66.0,9999.0,63.0,9998.5,132.0,10010.0,132.0,10010.0,132.0,10010.0,10010.0,132.0,AGG_BUY,,,,,,
2,952100,VELVETFRUIT_EXTRACT,-1,5.0,5276.0,5277.5,3.0,-0.6296296296296297,9521,-0.0,5276.0,-12.5,5278.5,52.5,5265.5,-97.5,5295.5,-97.5,5295.5,-97.5,5295.5,5295.5,-97.5,AGG_SELL,,,,,,
2,953100,HYDROGEL_PACK,1,8.0,9979.0,9975.5,7.0,0.1111111111111111,9531,72.0,9988.0,152.0,9998.0,232.0,10008.0,248.0,10010.0,248.0,10010.0,248.0,10010.0,10010.0,248.0,AGG_BUY,,,,,,
2,953100,VELVETFRUIT_EXTRACT,1,6.0,5277.0,5276.0,2.0,0.5714285714285714,9531,-9.0,5275.5,-21.0,5273.5,-93.0,5261.5,111.0,5295.5,111.0,5295.5,111.0,5295.5,5295.5,111.0,AGG_BUY,,,,,,
2,955300,VELVETFRUIT_EXTRACT,-1,9.0,5274.0,5275.5,3.0,-0.47058823529411764,9553,-22.5,5276.5,40.5,5269.5,45.0,5269.0,-193.5,5295.5,-193.5,5295.5,-193.5,5295.5,5295.5,-193.5,AGG_SELL,,,,,,
2,955900,VELVETFRUIT_EXTRACT,1,6.0,5274.0,5275.5,5.0,0.375,9559,24.0,5278.0,-33.0,5268.5,-63.0,5263.5,129.0,5295.5,129.0,5295.5,129.0,5295.5,5295.5,129.0,PASS_BUY,,,,,,
2,956000,VELVETFRUIT_EXTRACT,1,7.0,5276.0,5275.0,2.0,0.7627118644067796,9560,17.5,5278.5,-52.5,5268.5,-84.0,5264.0,136.5,5295.5,136.5,5295.5,136.5,5295.5,5295.5,136.5,AGG_BUY,,,,,,
2,957400,VELVETFRUIT_EXTRACT,1,5.0,5276.0,5277.5,5.0,0.6,9574,-12.5,5273.5,-57.5,5264.5,-67.5,5262.5,97.5,5295.5,97.5,5295.5,97.5,5295.5,5295.5,97.5,PASS_BUY,,,,,,
2,958400,HYDROGEL_PACK,1,4.0,9994.0,10001.0,16.0,0.0,9584,52.0,10007.0,60.0,10009.0,52.0,10007.0,64.0,10010.0,64.0,10010.0,64.0,10010.0,10010.0,64.0,PASS_BUY,,,,,,
2,959700,HYDROGEL_PACK,-1,10.0,10010.0,10018.0,16.0,0.0,9597,130.0,9997.0,120.0,9998.0,90.0,10001.0,-0.0,10010.0,-0.0,10010.0,-0.0,10010.0,10010.0,-0.0,AGG_SELL,,,,,,
2,960400,VELVETFRUIT_EXTRACT,1,4.0,5268.0,5269.5,5.0,0.5164835164835165,9604,2.0,5268.5,-2.0,5267.5,-26.0,5261.5,110.0,5295.5,110.0,5295.5,110.0,5295.5,5295.5,110.0,PASS_BUY,,,,,,
2,961700,HYDROGEL_PACK,1,5.0,9991.0,9998.0,16.0,0.0,9617,75.0,10006.0,100.0,10011.0,45.0,10000.0,95.0,10010.0,95.0,10010.0,95.0,10010.0,10010.0,95.0,PASS_BUY,,,,,,
2,962500,VELVETFRUIT_EXTRACT,1,6.0,5264.0,5262.5,3.0,0.8378378378378378,9625,3.0,5264.5,-12.0,5262.0,24.0,5268.0,189.0,5295.5,189.0,5295.5,189.0,5295.5,5295.5,189.0,AGG_BUY,,,,,,
2,963700,VELVETFRUIT_EXTRACT,-1,7.0,5265.0,5263.5,5.0,0.48314606741573035,9637,-17.5,5267.5,14.0,5263.0,-49.0,5272.0,-213.5,5295.5,-213.5,5295.5,-213.5,5295.5,5295.5,-213.5,PASS_SELL,,,,,,
2,964300,VELVETFRUIT_EXTRACT,1,4.0,5265.0,5266.5,5.0,0.4626865671641791,9643,16.0,5269.0,-10.0,5262.5,14.0,5268.5,122.0,5295.5,122.0,5295.5,122.0,5295.5,5295.5,122.0,PASS_BUY,,,,,,
2,965800,VELVETFRUIT_EXTRACT,1,18.0,5262.0,5261.0,2.0,0.5324675324675324,9658,9.0,5262.5,-18.0,5261.0,171.0,5271.5,603.0,5295.5,603.0,5295.5,603.0,5295.5,5295.5,603.0,AGG_BUY,,,,,,
2,966600,HYDROGEL_PACK,-1,8.0,10010.0,10014.5,9.0,-0.30434782608695654,9666,-40.0,10015.0,80.0,10000.0,56.0,10003.0,-0.0,10010.0,-0.0,10010.0,-0.0,10010.0,10010.0,-0.0,AGG_SELL,,,,,,
2,967700,VELVETFRUIT_EXTRACT,1,10.0,5261.0,5259.5,3.0,0.7183098591549296,9677,20.0,5263.0,75.0,5268.5,85.0,5269.5,345.0,5295.5,345.0,5295.5,345.0,5295.5,5295.5,345.0,AGG_BUY,,,,,,
2,969800,HYDROGEL_PACK,1,6.0,9999.0,9995.5,7.0,0.42857142857142855,9698,-6.0,9998.0,6.0,10000.0,-72.0,9987.0,66.0,10010.0,66.0,10010.0,66.0,10010.0,10010.0,66.0,AGG_BUY,,,,,,
2,970000,VELVETFRUIT_EXTRACT,1,8.0,5261.0,5262.5,5.0,0.0,9700,-20.0,5258.5,84.0,5271.5,96.0,5273.0,276.0,5295.5,276.0,5295.5,276.0,5295.5,5295.5,276.0,PASS_BUY,,,,,,
2,970700,VELVETFRUIT_EXTRACT,-1,4.0,5264.0,5262.0,6.0,0.0,9707,2.0,5263.5,-24.0,5270.0,-42.0,5274.5,-126.0,5295.5,-126.0,5295.5,-126.0,5295.5,5295.5,-126.0,PASS_SELL,,,,,,
2,972300,VELVETFRUIT_EXTRACT,-1,17.0,5266.0,5268.5,5.0,0.0,9723,-42.5,5268.5,-59.5,5269.5,-110.5,5272.5,-501.5,5295.5,-501.5,5295.5,-501.5,5295.5,5295.5,-501.5,AGG_SELL,,,,,,
2,972700,VELVETFRUIT_EXTRACT,-1,8.0,5270.0,5268.5,5.0,0.0,9727,-16.0,5272.0,4.0,5269.5,-4.0,5270.5,-204.0,5295.5,-204.0,5295.5,-204.0,5295.5,5295.5,-204.0,PASS_SELL,,,,,,
2,974300,VELVETFRUIT_EXTRACT,1,5.0,5267.0,5268.5,5.0,-0.45714285714285713,9743,27.5,5272.5,17.5,5270.5,32.5,5273.5,142.5,5295.5,142.5,5295.5,142.5,5295.5,5295.5,142.5,PASS_BUY,,,,,,
2,976100,VELVETFRUIT_EXTRACT,-1,10.0,5271.0,5272.5,3.0,-0.3103448275862069,9761,15.0,5269.5,-35.0,5274.5,-85.0,5279.5,-245.0,5295.5,-245.0,5295.5,-245.0,5295.5,5295.5,-245.0,AGG_SELL,,,,,,
2,976200,HYDROGEL_PACK,1,2.0,9998.0,10005.0,16.0,0.0,9762,-12.0,9992.0,-2.0,9997.0,-12.0,9992.0,24.0,10010.0,24.0,10010.0,24.0,10010.0,10010.0,24.0,PASS_BUY,,,,,,
2,976800,VELVETFRUIT_EXTRACT,-1,6.0,5271.0,5272.5,3.0,-0.8235294117647058,9768,9.0,5269.5,-18.0,5274.0,-63.0,5281.5,-147.0,5295.5,-147.0,5295.5,-147.0,5295.5,5295.5,-147.0,AGG_SELL,,,,,,
2,977200,VELVETFRUIT_EXTRACT,1,5.0,5268.0,5270.0,6.0,0.0,9772,7.5,5269.5,25.0,5273.0,77.5,5283.5,137.5,5295.5,137.5,5295.5,137.5,5295.5,5295.5,137.5,PASS_BUY,,,,,,
2,977300,HYDROGEL_PACK,1,9.0,9991.0,9987.0,8.0,0.05263157894736842,9773,54.0,9997.0,63.0,9998.0,54.0,9997.0,171.0,10010.0,171.0,10010.0,171.0,10010.0,10010.0,171.0,AGG_BUY,,,,,,
2,978600,VELVETFRUIT_EXTRACT,-1,4.0,5271.0,5269.5,5.0,0.0,9786,-2.0,5271.5,-6.0,5272.5,-58.0,5285.5,-98.0,5295.5,-98.0,5295.5,-98.0,5295.5,5295.5,-98.0,PASS_SELL,,,,,,
2,978700,VELVETFRUIT_EXTRACT,-1,7.0,5270.0,5271.5,3.0,-0.8108108108108109,9787,-17.5,5272.5,-21.0,5273.0,-112.0,5286.0,-178.5,5295.5,-178.5,5295.5,-178.5,5295.5,5295.5,-178.5,AGG_SELL,,,,,,
2,979100,VELVETFRUIT_EXTRACT,-1,5.0,5269.0,5270.5,3.0,-0.8,9791,-32.5,5275.5,-12.5,5271.5,-92.5,5287.5,-132.5,5295.5,-132.5,5295.5,-132.5,5295.5,5295.5,-132.5,AGG_SELL,,,,,,
2,979800,VELVETFRUIT_EXTRACT,-1,24.0,5272.0,5274.5,5.0,-0.4074074074074074,9798,-48.0,5274.0,-96.0,5276.0,-396.0,5288.5,-564.0,5295.5,-564.0,5295.5,-564.0,5295.5,5295.5,-564.0,AGG_SELL,,,,,,
2,981200,VELVETFRUIT_EXTRACT,1,3.0,5272.0,5273.5,5.0,0.0,9812,3.0,5273.0,19.5,5278.5,48.0,5288.0,70.5,5295.5,70.5,5295.5,70.5,5295.5,5295.5,70.5,PASS_BUY,,,,,,
2,981800,VELVETFRUIT_EXTRACT,-1,8.0,5273.0,5274.0,2.0,-0.4074074074074074,9818,4.0,5272.5,-68.0,5281.5,-128.0,5289.0,-180.0,5295.5,-180.0,5295.5,-180.0,5295.5,5295.5,-180.0,AGG_SELL,,,,,,
2,984500,HYDROGEL_PACK,1,8.0,9996.0,9992.5,7.0,0.2727272727272727,9845,-48.0,9990.0,64.0,10004.0,184.0,10019.0,112.0,10010.0,112.0,10010.0,112.0,10010.0,10010.0,112.0,AGG_BUY,,,,,,
2,984700,HYDROGEL_PACK,1,5.0,9985.0,9992.0,16.0,0.0,9847,67.5,9998.5,110.0,10007.0,165.0,10018.0,125.0,10010.0,125.0,10010.0,125.0,10010.0,10010.0,125.0,PASS_BUY,,,,,,
2,991200,HYDROGEL_PACK,-1,14.0,10014.0,10022.0,16.0,0.0,9912,-98.0,10021.0,-126.0,10023.0,56.0,10010.0,56.0,10010.0,56.0,10010.0,56.0,10010.0,10010.0,56.0,AGG_SELL,,,,,,
2,991300,HYDROGEL_PACK,-1,15.0,10015.0,10023.0,16.0,0.0,9913,-90.0,10021.0,-90.0,10021.0,75.0,10010.0,75.0,10010.0,75.0,10010.0,75.0,10010.0,10010.0,75.0,AGG_SELL,,,,,,
2,991400,HYDROGEL_PACK,-1,12.0,10015.0,10023.0,16.0,0.0,9914,-36.0,10018.0,-60.0,10020.0,60.0,10010.0,60.0,10010.0,60.0,10010.0,60.0,10010.0,10010.0,60.0,AGG_SELL,,,,,,
2,991500,HYDROGEL_PACK,-1,14.0,10018.0,10026.0,16.0,0.0,9915,14.0,10017.0,-0.0,10018.0,112.0,10010.0,112.0,10010.0,112.0,10010.0,112.0,10010.0,10010.0,112.0,AGG_SELL,,,,,,
2,991600,HYDROGEL_PACK,-1,11.0,10017.0,10025.0,16.0,0.0,9916,-22.0,10019.0,22.0,10015.0,77.0,10010.0,77.0,10010.0,77.0,10010.0,77.0,10010.0,10010.0,77.0,AGG_SELL,,,,,,
2,991900,VELVETFRUIT_EXTRACT,1,10.0,5288.0,5287.0,2.0,0.4117647058823529,9919,-20.0,5286.0,85.0,5296.5,75.0,5295.5,75.0,5295.5,75.0,5295.5,75.0,5295.5,5295.5,75.0,AGG_BUY,,,,,,
2,992900,VELVETFRUIT_EXTRACT,1,8.0,5285.0,5286.0,2.0,-0.7777777777777778,9929,-28.0,5281.5,120.0,5300.0,84.0,5295.5,84.0,5295.5,84.0,5295.5,84.0,5295.5,5295.5,84.0,PASS_BUY,,,,,,
2,993300,HYDROGEL_PACK,-1,14.0,10018.0,10026.0,16.0,0.0,9933,-42.0,10021.0,42.0,10015.0,112.0,10010.0,112.0,10010.0,112.0,10010.0,112.0,10010.0,10010.0,112.0,AGG_SELL,,,,,,
2,993400,HYDROGEL_PACK,-1,14.0,10022.0,10030.0,16.0,0.0,9934,28.0,10020.0,84.0,10016.0,168.0,10010.0,168.0,10010.0,168.0,10010.0,168.0,10010.0,10010.0,168.0,AGG_SELL,,,,,,
2,993500,HYDROGEL_PACK,-1,11.0,10023.0,10031.0,16.0,0.0,9935,44.0,10019.0,66.0,10017.0,143.0,10010.0,143.0,10010.0,143.0,10010.0,143.0,10010.0,10010.0,143.0,AGG_SELL,,,,,,
2,993500,VELVETFRUIT_EXTRACT,1,13.0,5280.0,5279.5,1.0,0.3157894736842105,9935,39.0,5283.0,227.5,5297.5,201.5,5295.5,201.5,5295.5,201.5,5295.5,201.5,5295.5,5295.5,201.5,AGG_BUY,,,,,,
2,993600,HYDROGEL_PACK,-1,1.0,10024.0,10032.0,16.0,0.0,9936,7.0,10017.0,8.0,10016.0,14.0,10010.0,14.0,10010.0,14.0,10010.0,14.0,10010.0,10010.0,14.0,AGG_SELL,,,,,,
2,995100,VELVETFRUIT_EXTRACT,-1,7.0,5288.0,5286.5,5.0,0.0,9951,-10.5,5289.5,-52.5,5295.5,-52.5,5295.5,-52.5,5295.5,-52.5,5295.5,-52.5,5295.5,5295.5,-52.5,PASS_SELL,,,,,,
2,995300,VELVETFRUIT_EXTRACT,-1,8.0,5285.0,5286.5,3.0,-0.42857142857142855,9953,-60.0,5292.5,-84.0,5295.5,-84.0,5295.5,-84.0,5295.5,-84.0,5295.5,-84.0,5295.5,5295.5,-84.0,AGG_SELL,,,,,,
2,996700,VELVETFRUIT_EXTRACT,-1,8.0,5295.0,5296.5,3.0,-0.5151515151515151,9967,-36.0,5299.5,-4.0,5295.5,-4.0,5295.5,-4.0,5295.5,-4.0,5295.5,-4.0,5295.5,5295.5,-4.0,AGG_SELL,,,,,,
2,996800,VELVETFRUIT_EXTRACT,-1,17.0,5294.0,5296.5,5.0,0.0,9968,-93.5,5299.5,-25.5,5295.5,-25.5,5295.5,-25.5,5295.5,-25.5,5295.5,-25.5,5295.5,5295.5,-25.5,AGG_SELL,,,,,,
2,997000,VELVETFRUIT_EXTRACT,-1,9.0,5297.0,5298.5,3.0,-0.7142857142857143,9970,-22.5,5299.5,13.5,5295.5,13.5,5295.5,13.5,5295.5,13.5,5295.5,13.5,5295.5,5295.5,13.5,AGG_SELL,,,,,,
2,998800,VELVETFRUIT_EXTRACT,1,13.0,5295.0,5294.5,1.0,0.3157894736842105,9988,19.5,5296.5,6.5,5295.5,6.5,5295.5,6.5,5295.5,6.5,5295.5,6.5,5295.5,5295.5,6.5,AGG_BUY,,,,,,
