timestamp;total;ASH_COATED_OSMIUM;INTARIAN_PEPPER_ROOT
0;-75.0;0.0;-75.0
100;-113.5;0.0;-113.5
200;-230.0;0.0;-230.0
300;-250.0;0.0;-250.0
400;-510.0;0.0;-510.0
500;-321.5;0.0;-321.5
600;-470.0;0.0;-470.0
700;-451.5;0.0;-451.5
800;-913.0;0.0;-913.0
900;-503.5;0.0;-503.5
1000;-503.5;0.0;-503.5
1100;89.0;0.0;89.0
1200;-424.5;0.0;-424.5
1300;-424.5;0.0;-424.5
1400;-424.5;0.0;-424.5
1500;-306.0;0.0;-306.0
1600;-306.0;0.0;-306.0
1700;-938.0;0.0;-938.0
1800;-424.5;0.0;-424.5
1900;-424.5;0.0;-424.5
2000;-385.0;0.0;-385.0
2100;168.0;0.0;168.0
2200;-345.5;0.0;-345.5
2300;-227.0;0.0;-227.0
2400;-345.5;0.0;-345.5
2500;-69.0;0.0;-69.0
2600;-345.5;0.0;-345.5
2700;-345.5;0.0;-345.5
2800;-859.0;0.0;-859.0
2900;-345.5;0.0;-345.5
3000;-306.0;0.0;-306.0
3100;247.0;0.0;247.0
3200;-266.5;0.0;-266.5
3300;247.0;0.0;247.0
3400;-273.0;0.0;-273.0
3500;-273.0;0.0;-273.0
3600;-288.0;-15.0;-273.0
3700;-258.0;15.0;-273.0
3800;-430.5;2.5;-433.0
3900;-263.0;10.0;-273.0
4000;-223.0;10.0;-233.0
4100;-693.0;20.0;-713.0
4200;-180.5;12.5;-193.0
4300;332.0;5.0;327.0
4400;-308.0;5.0;-313.0
4500;-183.0;10.0;-193.0
4600;-188.0;5.0;-193.0
4700;-103.0;-30.0;-73.0
4800;-175.5;17.5;-193.0
4900;-63.0;10.0;-73.0
5000;-258.0;15.0;-273.0
5100;-103.0;10.0;-113.0
5200;-543.0;10.0;-553.0
5300;-103.0;10.0;-113.0
5400;17.0;10.0;7.0
5500;-108.0;5.0;-113.0
5600;-225.5;7.5;-233.0
5700;-110.5;2.5;-113.0
5800;-108.0;5.0;-113.0
5900;-103.0;10.0;-113.0
6000;-383.0;10.0;-393.0
6100;97.0;10.0;87.0
6200;-23.0;10.0;-33.0
6300;12.0;45.0;-33.0
6400;142.0;55.0;87.0
6500;22.0;55.0;-33.0
6600;-814.5;-21.5;-793.0
6700;151.0;64.0;87.0
6800;31.0;64.0;-33.0
6900;31.0;64.0;-33.0
7000;99.0;92.0;7.0
7100;160.0;113.0;47.0
7200;134.0;87.0;47.0
7300;160.0;113.0;47.0
7400;173.0;126.0;47.0
7500;462.0;295.0;167.0
7600;134.0;87.0;47.0
7700;14.0;87.0;-73.0
7800;259.5;212.5;47.0
7900;136.0;89.0;47.0
8000;218.0;11.0;207.0
8100;268.0;141.0;127.0
8200;268.0;141.0;127.0
8300;148.0;141.0;7.0
8400;148.0;141.0;7.0
8500;268.0;141.0;127.0
8600;349.5;222.5;127.0
8700;-186.0;207.0;-393.0
8800;334.0;207.0;127.0
8900;392.0;145.0;247.0
9000;591.0;424.0;167.0
9100;383.0;176.0;207.0
9200;336.5;129.5;207.0
9300;-8.0;225.0;-233.0
9400;240.0;33.0;207.0
9500;432.0;225.0;207.0
9600;408.0;201.0;207.0
9700;356.0;149.0;207.0
9800;414.0;207.0;207.0
9900;414.0;207.0;207.0
10000;454.0;207.0;247.0
10100;523.0;236.0;287.0
10200;374.0;207.0;167.0
10300;494.0;207.0;287.0
10400;330.5;163.5;167.0
10500;494.0;207.0;287.0
10600;494.0;207.0;287.0
10700;494.0;207.0;287.0
10800;614.0;207.0;407.0
10900;465.0;178.0;287.0
11000;273.0;-54.0;327.0
11100;545.0;178.0;367.0
11200;603.0;236.0;367.0
11300;574.0;207.0;367.0
11400;603.0;236.0;367.0
11500;374.0;207.0;167.0
11600;574.0;207.0;367.0
11700;83.0;236.0;-153.0
11800;574.0;207.0;367.0
11900;968.0;207.0;761.0
12000;627.0;236.0;391.0
12100;594.5;163.5;431.0
12200;870.0;439.0;431.0
12300;474.5;163.5;311.0
12400;609.0;178.0;431.0
12500;660.0;229.0;431.0
12600;834.0;403.0;431.0
12700;906.0;355.0;551.0
12800;810.0;379.0;431.0
12900;762.0;331.0;431.0
13000;538.0;67.0;471.0
13100;842.0;331.0;511.0
13200;626.0;235.0;391.0
13300;722.0;331.0;391.0
13400;842.0;331.0;511.0
13500;842.0;331.0;511.0
13600;842.0;331.0;511.0
13700;842.0;331.0;511.0
13800;842.0;331.0;511.0
13900;842.0;331.0;511.0
14000;1268.0;331.0;937.0
14100;465.0;331.0;134.0
14200;822.0;259.0;563.0
14300;702.0;259.0;443.0
14400;966.0;403.0;563.0
14500;870.0;307.0;563.0
14600;1462.0;379.0;1083.0
14700;1446.0;763.0;683.0
14800;422.0;379.0;43.0
14900;870.0;307.0;563.0
15000;862.0;379.0;483.0
15100;822.0;379.0;443.0
15200;1142.0;379.0;763.0
15300;758.0;-5.0;763.0
15400;1022.0;379.0;643.0
15500;1190.0;427.0;763.0
15600;1022.0;379.0;643.0
15700;1070.0;427.0;643.0
15800;1022.0;379.0;643.0
15900;1070.0;427.0;643.0
16000;1494.0;811.0;683.0
16100;1222.0;379.0;843.0
16200;1054.0;331.0;723.0
16300;1006.0;283.0;723.0
16400;1198.0;475.0;723.0
16500;796.5;193.5;603.0
16600;1049.0;326.0;723.0
16700;-960112.0;485.0;-960597.0
16800;1381.0;538.0;843.0
16900;1261.0;538.0;723.0
17000;1195.0;432.0;763.0
17100;635.5;352.5;283.0
17200;1235.0;432.0;803.0
17300;1115.0;432.0;683.0
17400;929.5;246.5;683.0
17500;1405.0;722.0;683.0
17600;1617.0;814.0;803.0
17700;764.0;481.0;283.0
17800;1284.0;481.0;803.0
17900;1692.0;889.0;803.0
18000;1324.0;481.0;843.0
18100;1415.0;532.0;883.0
18200;1754.0;751.0;1003.0
18300;1319.0;436.0;883.0
18400;1403.0;520.0;883.0
18500;1298.0;415.0;883.0
18600;1340.0;457.0;883.0
18700;1340.0;457.0;883.0
18800;1277.0;394.0;883.0
18900;1220.0;457.0;763.0
19000;1380.0;457.0;923.0
19100;1204.0;121.0;1083.0
19200;1462.0;499.0;963.0
19300;1462.0;499.0;963.0
19400;1582.0;499.0;1083.0
19500;1582.0;499.0;1083.0
19600;1462.0;499.0;963.0
19700;1252.0;289.0;963.0
19800;1468.0;505.0;963.0
19900;996.0;433.0;563.0
20000;2308.0;505.0;1803.0
20100;1548.0;505.0;1043.0
20200;1932.0;889.0;1043.0
20300;1500.0;577.0;923.0
20400;1596.0;553.0;1043.0
20500;1476.0;553.0;923.0
20600;1476.0;553.0;923.0
20700;2036.5;601.0;1435.5
20800;1613.5;553.0;1060.5
20900;1541.5;481.0;1060.5
21000;1603.0;505.0;1098.0
21100;1688.5;553.0;1135.5
21200;1183.0;160.0;1023.0
21300;1694.5;559.0;1135.5
21400;2009.5;874.0;1135.5
21500;1721.5;586.0;1135.5
21600;1850.5;827.5;1023.0
21700;2236.0;613.0;1623.0
21800;1748.5;613.0;1135.5
21900;1787.5;652.0;1135.5
22000;1821.0;648.0;1173.0
22100;1858.5;648.0;1210.5
22200;1824.5;614.0;1210.5
22300;1937.0;614.0;1323.0
22400;1971.0;648.0;1323.0
22500;1408.0;614.0;794.0
22600;1791.5;563.0;1228.5
22700;2105.5;877.0;1228.5
22800;1774.5;664.5;1110.0
22900;1930.5;702.0;1228.5
23000;1932.5;664.5;1268.0
23100;2009.5;702.0;1307.5
23200;1616.0;744.0;872.0
23300;1526.5;734.5;792.0
23400;2056.0;744.0;1312.0
23500;2008.5;696.5;1312.0
23600;1661.0;869.0;792.0
23700;2129.0;817.0;1312.0
23800;2025.0;713.0;1312.0
23900;2103.0;791.0;1312.0
24000;2123.5;771.5;1352.0
24100;2147.0;875.0;1272.0
24200;2219.0;827.0;1392.0
24300;2211.0;819.0;1392.0
24400;2219.0;827.0;1392.0
24500;2219.0;827.0;1392.0
24600;1734.0;862.0;872.0
24700;2241.0;849.0;1392.0
24800;2121.0;849.0;1272.0
24900;1500.5;868.5;632.0
25000;2281.0;849.0;1432.0
25100;1814.0;862.0;952.0
25200;2321.0;849.0;1472.0
25300;2201.0;849.0;1352.0
25400;2321.0;849.0;1472.0
25500;2321.0;849.0;1472.0
25600;2340.5;868.5;1472.0
25700;2321.0;849.0;1472.0
25800;2314.5;842.5;1472.0
25900;2340.5;868.5;1472.0
26000;2361.0;849.0;1512.0
26100;2401.0;849.0;1552.0
26200;2281.0;849.0;1432.0
26300;2342.5;790.5;1552.0
26400;2355.5;803.5;1552.0
26500;2287.5;855.5;1432.0
26600;2368.5;816.5;1552.0
26700;2388.0;836.0;1552.0
26800;2527.5;855.5;1672.0
26900;2309.0;757.0;1552.0
27000;2359.0;647.0;1712.0
27100;1968.0;856.0;1112.0
27200;1979.0;867.0;1112.0
27300;2059.0;867.0;1192.0
27400;2499.0;867.0;1632.0
27500;2499.0;867.0;1632.0
27600;2499.0;867.0;1632.0
27700;2306.0;834.0;1472.0
27800;2543.0;911.0;1632.0
27900;2521.0;889.0;1632.0
28000;1761.0;889.0;872.0
28100;2754.0;922.0;1832.0
28200;2557.0;845.0;1712.0
28300;2579.0;867.0;1712.0
28400;2172.0;900.0;1272.0
28500;2459.0;867.0;1592.0
28600;2459.0;867.0;1592.0
28700;2535.0;823.0;1712.0
28800;2579.0;867.0;1712.0
28900;2283.0;691.0;1592.0
29000;2641.0;889.0;1752.0
29100;2659.0;867.0;1792.0
29200;2769.0;977.0;1792.0
29300;2659.0;867.0;1792.0
29400;2659.0;867.0;1792.0
29500;2539.0;867.0;1672.0
29600;2779.0;867.0;1912.0
29700;2505.0;713.0;1792.0
29800;3031.0;845.0;2186.0
29900;2651.0;845.0;1806.0
30000;2535.0;691.0;1844.0
30100;2784.0;902.0;1882.0
30200;2811.0;929.0;1882.0
30300;2568.0;686.0;1882.0
30400;2784.0;902.0;1882.0
30500;2757.0;875.0;1882.0
30600;2784.0;902.0;1882.0
30700;3000.0;1118.0;1882.0
30800;2824.5;942.5;1882.0
30900;2074.0;686.0;1388.0
31000;2330.5;942.5;1388.0
31100;272887.0;270929.0;1958.0
31200;2988.5;1030.5;1958.0
31300;2884.0;926.0;1958.0
31400;2884.0;926.0;1958.0
31500;3068.0;996.0;2072.0
31600;2954.0;996.0;1958.0
31700;2954.0;996.0;1958.0
31800;2954.0;996.0;1958.0
31900;2954.0;996.0;1958.0
32000;2878.0;996.0;1882.0
32100;3030.0;996.0;2034.0
32200;3120.0;1086.0;2034.0
32300;2902.5;982.5;1920.0
32400;3066.0;1032.0;2034.0
32500;3030.0;996.0;2034.0
32600;2916.0;996.0;1920.0
32700;3039.0;1005.0;2034.0
32800;3108.0;960.0;2148.0
32900;3039.0;1005.0;2034.0
33000;3077.0;1005.0;2072.0
33100;3124.0;1014.0;2110.0
33200;3001.0;1005.0;1996.0
33300;3430.0;978.0;2452.0
33400;2992.0;996.0;1996.0
33500;3106.0;996.0;2110.0
33600;3106.0;996.0;2110.0
33700;-911539.0;897.0;-912436.0
33800;3144.5;1034.5;2110.0
33900;3138.0;1028.0;2110.0
34000;3163.0;1015.0;2148.0
34100;3097.0;911.0;2186.0
34200;3618.0;938.0;2680.0
34300;3695.0;1015.0;2680.0
34400;3223.0;1037.0;2186.0
34500;3684.0;1004.0;2680.0
34600;3223.0;1037.0;2186.0
34700;3348.0;1048.0;2300.0
34800;3337.0;1037.0;2300.0
34900;3223.0;1037.0;2186.0
35000;3261.0;1037.0;2224.0
35100;3234.0;1086.0;2148.0
35200;3348.0;1086.0;2262.0
35300;3348.0;1086.0;2262.0
35400;3384.0;1236.0;2148.0
35500;3842.0;1086.0;2756.0
35600;3348.0;1086.0;2262.0
35700;3325.5;1063.5;2262.0
35800;3348.0;1086.0;2262.0
35900;3354.0;1206.0;2148.0
36000;3515.0;1101.0;2414.0
36100;3424.0;1086.0;2338.0
36200;3439.0;1101.0;2338.0
36300;3416.5;1078.5;2338.0
36400;3416.5;1078.5;2338.0
36500;3017.0;1101.0;1916.0
36600;3577.0;1101.0;2476.0
36700;3442.0;1086.0;2356.0
36800;2989.5;1153.5;1836.0
36900;3457.0;1101.0;2356.0
37000;3497.0;1101.0;2396.0
37100;3537.0;1101.0;2436.0
37200;3537.0;1101.0;2436.0
37300;3146.0;1150.0;1996.0
37400;3706.0;1150.0;2556.0
37500;3553.0;1117.0;2436.0
37600;3553.0;1117.0;2436.0
37700;3564.0;1128.0;2436.0
37800;3740.0;1304.0;2436.0
37900;3669.0;1233.0;2436.0
38000;3631.0;1155.0;2476.0
38100;3791.0;1155.0;2636.0
38200;3231.0;1155.0;2076.0
38300;4178.0;1142.0;3036.0
38400;4112.0;1200.5;2911.5
38500;4182.0;1155.0;3027.0
38600;3681.5;1155.0;2526.5
38700;3694.5;1168.0;2526.5
38800;3609.0;1082.5;2526.5
38900;3702.5;1176.0;2526.5
39000;3664.5;1099.5;2565.0
39100;3745.5;1142.0;2603.5
39200;3261.0;1159.0;2102.0
39300;3565.0;1159.0;2406.0
39400;3893.5;1167.5;2726.0
39500;3765.0;1159.0;2606.0
39600;3782.0;1176.0;2606.0
39700;3765.0;1159.0;2606.0
39800;3731.0;1125.0;2606.0
39900;3212.0;1006.0;2206.0
40000;3605.0;1159.0;2446.0
40100;3767.5;1201.5;2566.0
40200;3708.0;1142.0;2566.0
40300;3931.0;1125.0;2806.0
40400;3862.0;1176.0;2686.0
40500;3461.0;1215.0;2246.0
40600;4061.0;1215.0;2846.0
40700;3901.0;1215.0;2686.0
40800;3838.5;1152.5;2686.0
40900;4661.0;1215.0;3446.0
41000;4061.0;1215.0;2846.0
41100;4089.5;1323.5;2766.0
41200;3722.0;1276.0;2446.0
41300;4042.0;1276.0;2766.0
41400;4023.0;1257.0;2766.0
41500;4089.5;1323.5;2766.0
41600;4194.0;1428.0;2766.0
41700;4042.0;1276.0;2766.0
41800;4202.0;1276.0;2926.0
41900;3305.0;1299.0;2006.0
42000;4001.0;1195.0;2806.0
42100;4145.0;1299.0;2846.0
42200;4158.0;1312.0;2846.0
42300;4145.0;1299.0;2846.0
42400;4151.5;1305.5;2846.0
42500;4125.5;1279.5;2846.0
42600;4145.0;1299.0;2846.0
42700;4119.0;1273.0;2846.0
42800;4252.0;1286.0;2966.0
42900;4125.5;1279.5;2846.0
43000;4165.5;1279.5;2886.0
43100;4345.0;1299.0;3046.0
43200;4139.0;1213.0;2926.0
43300;4239.0;1313.0;2926.0
43400;3449.0;1283.0;2166.0
43500;4359.0;1313.0;3046.0
43600;4219.0;1293.0;2926.0
43700;4739.0;1293.0;3446.0
43800;4119.0;1313.0;2806.0
43900;4779.0;1333.0;3446.0
44000;4259.0;1293.0;2966.0
44100;4199.0;1313.0;2886.0
44200;3829.0;1343.0;2486.0
44300;4399.0;1513.0;2886.0
44400;4319.0;1313.0;3006.0
44500;4139.0;1133.0;3006.0
44600;4319.0;1313.0;3006.0
44700;4359.0;1473.0;2886.0
44800;4289.0;1283.0;3006.0
44900;4319.0;1313.0;3006.0
45000;4379.0;1333.0;3046.0
45100;4409.0;1323.0;3086.0
45200;4419.0;1333.0;3086.0
45300;4319.0;1353.0;2966.0
45400;4389.0;1303.0;3086.0
45500;4419.0;1333.0;3086.0
45600;4419.0;1333.0;3086.0
45700;4509.0;1303.0;3206.0
45800;4349.0;1263.0;3086.0
45900;4539.0;1333.0;3206.0
46000;4619.0;1373.0;3246.0
46100;5039.0;1353.0;3686.0
46200;4499.0;1333.0;3166.0
46300;4511.0;1345.0;3166.0
46400;4551.0;1385.0;3166.0
46500;4551.0;1385.0;3166.0
46600;4543.0;1377.0;3166.0
46700;4519.0;1353.0;3166.0
46800;4543.0;1377.0;3166.0
46900;4663.0;1377.0;3286.0
47000;4583.0;1377.0;3206.0
47100;4479.0;1233.0;3246.0
47200;4623.0;1377.0;3246.0
47300;4103.0;1377.0;2726.0
47400;4503.0;1377.0;3126.0
47500;4639.0;1393.0;3246.0
47600;4519.0;1393.0;3126.0
47700;4759.0;1393.0;3366.0
47800;4639.0;1393.0;3246.0
47900;4239.0;1393.0;2846.0
48000;4679.0;1393.0;3286.0
48100;4599.0;1393.0;3206.0
48200;4815.0;1369.0;3446.0
48300;4719.0;1393.0;3326.0
48400;4719.0;1393.0;3326.0
48500;4735.0;1409.0;3326.0
48600;4695.0;1369.0;3326.0
48700;4847.0;1521.0;3326.0
48800;4855.0;1409.0;3446.0
48900;4703.0;1377.0;3326.0
49000;4743.0;1377.0;3366.0
49100;4783.0;1377.0;3406.0
49200;4815.0;1409.0;3406.0
49300;4799.0;1393.0;3406.0
49400;4799.0;1393.0;3406.0
49500;4799.0;1393.0;3406.0
49600;4815.0;1409.0;3406.0
49700;4791.0;1385.0;3406.0
49800;4903.0;1377.0;3526.0
49900;5543.0;1377.0;4166.0
50000;4703.0;1377.0;3326.0
50100;5367.0;1361.0;4006.0
50200;4887.0;1401.0;3486.0
50300;4831.0;1345.0;3486.0
50400;4847.0;1361.0;3486.0
50500;4879.0;1393.0;3486.0
50600;4879.0;1393.0;3486.0
50700;4895.0;1409.0;3486.0
50800;4855.0;1369.0;3486.0
50900;4941.0;1455.0;3486.0
51000;5545.0;1459.0;4086.0
51100;4974.0;1408.0;3566.0
51200;4977.0;1411.0;3566.0
51300;4974.0;1408.0;3566.0
51400;5088.0;1402.0;3686.0
51500;4986.0;1420.0;3566.0
51600;4217.0;1411.0;2806.0
51700;4983.0;1417.0;3566.0
51800;4986.0;1420.0;3566.0
51900;4977.0;1411.0;3566.0
52000;5017.0;1411.0;3606.0
52100;5030.0;1384.0;3646.0
52200;5057.0;1411.0;3646.0
52300;5183.0;1417.0;3766.0
52400;5063.0;1417.0;3646.0
52500;5098.0;1452.0;3646.0
52600;5098.0;1452.0;3646.0
52700;5098.0;1452.0;3646.0
52800;5109.0;1463.0;3646.0
52900;5645.5;1479.5;4166.0
53000;5269.0;1463.0;3806.0
53100;5222.0;1496.0;3726.0
53200;5188.0;1342.0;3846.0
53300;5298.0;1452.0;3846.0
53400;5216.5;1490.5;3726.0
53500;5167.0;1441.0;3726.0
53600;5090.0;1364.0;3726.0
53700;5117.5;1391.5;3726.0
53800;5194.5;1468.5;3726.0
53900;5189.0;1463.0;3726.0
54000;5317.0;1551.0;3766.0
54100;5258.0;1452.0;3806.0
54200;5269.0;1463.0;3806.0
54300;5280.0;1474.0;3806.0
54400;5154.5;1468.5;3686.0
54500;5280.0;1474.0;3806.0
54600;5291.0;1485.0;3806.0
54700;5280.0;1474.0;3806.0
54800;5291.0;1485.0;3806.0
54900;5624.5;1424.5;4200.0
55000;5332.0;1474.0;3858.0
55100;5256.0;1474.0;3782.0
55200;5342.5;1446.5;3896.0
55300;5458.0;1562.0;3896.0
55400;5370.0;1474.0;3896.0
55500;5370.0;1474.0;3896.0
55600;-910848.0;1474.0;-912322.0
55700;4648.0;1474.0;3174.0
55800;5256.0;1474.0;3782.0
55900;5370.0;1474.0;3896.0
56000;5529.0;1595.0;3934.0
56100;4952.0;1474.0;3478.0
56200;5332.0;1474.0;3858.0
56300;5446.0;1474.0;3972.0
56400;5321.0;1463.0;3858.0
56500;5484.0;1512.0;3972.0
56600;5466.0;1494.0;3972.0
56700;5466.0;1494.0;3972.0
56800;5466.0;1494.0;3972.0
56900;5457.0;1485.0;3972.0
57000;5495.0;1485.0;4010.0
57100;5542.0;1494.0;4048.0
57200;5533.0;1485.0;4048.0
57300;5546.5;1498.5;4048.0
57400;5443.0;1395.0;4048.0
57500;5913.0;1485.0;4428.0
57600;5560.0;1512.0;4048.0
57700;5546.5;1498.5;4048.0
57800;5551.0;1503.0;4048.0
57900;5551.0;1503.0;4048.0
58000;5475.0;1503.0;3972.0
58100;5061.0;1431.0;3630.0
58200;5684.0;1560.0;4124.0
58300;5646.5;1522.5;4124.0
58400;6391.0;1545.0;4846.0
58500;5669.0;1545.0;4124.0
58600;5435.0;1425.0;4010.0
58700;5555.0;1545.0;4010.0
58800;5675.0;1665.0;4010.0
58900;5646.5;1522.5;4124.0
59000;5175.0;1545.0;3630.0
59100;5722.5;1522.5;4200.0
59200;5745.0;1545.0;4200.0
59300;5859.0;1545.0;4314.0
59400;6254.0;1560.0;4694.0
59500;5795.0;1595.0;4200.0
59600;5681.0;1595.0;4086.0
59700;5795.0;1595.0;4200.0
59800;5795.0;1595.0;4200.0
59900;5775.0;1575.0;4200.0
60000;6325.0;1555.0;4770.0
60100;5851.0;1575.0;4276.0
60200;5851.0;1575.0;4276.0
60300;5975.0;1585.0;4390.0
60400;5737.0;1575.0;4162.0
60500;5851.0;1575.0;4276.0
60600;5757.0;1595.0;4162.0
60700;5945.0;1555.0;4390.0
60800;6021.0;1631.0;4390.0
60900;5907.0;1631.0;4276.0
61000;5807.0;1701.0;4106.0
61100;5921.0;1575.0;4346.0
61200;5893.0;1547.0;4346.0
61300;5697.0;1351.0;4346.0
61400;5401.0;1575.0;3826.0
61500;5921.0;1575.0;4346.0
61600;5401.0;1575.0;3826.0
61700;5773.0;1547.0;4226.0
61800;5956.0;1610.0;4346.0
61900;6461.0;1610.0;4851.0
62000;6761.0;1610.0;5151.0
62100;6081.5;1643.0;4438.5
62200;6147.5;1709.0;4438.5
62300;6062.5;1624.0;4438.5
62400;6010.0;1571.5;4438.5
62500;6722.5;1571.5;5151.0
62600;5992.5;1554.0;4438.5
62700;6115.0;1676.5;4438.5
62800;6125.5;1687.0;4438.5
62900;6194.0;1643.0;4551.0
63000;6050.5;1687.0;4363.5
63100;6176.0;1775.0;4401.0
63200;6109.0;2083.0;4026.0
63300;6376.5;1863.0;4513.5
63400;6357.0;1731.0;4626.0
63500;6288.5;1775.0;4513.5
63600;6225.0;1599.0;4626.0
63700;6266.5;1753.0;4513.5
63800;6313.0;1687.0;4626.0
63900;6112.5;1599.0;4513.5
64000;6260.0;1709.0;4551.0
64100;6319.5;1731.0;4588.5
64200;6451.5;1863.0;4588.5
64300;6319.5;1731.0;4588.5
64400;5967.5;1379.0;4588.5
64500;6207.0;1731.0;4476.0
64600;6432.0;1731.0;4701.0
64700;5766.0;1665.0;4101.0
64800;6388.0;1687.0;4701.0
64900;6807.0;1731.0;5076.0
65000;6291.0;1665.0;4626.0
65100;6326.0;1775.0;4551.0
65200;6326.0;1775.0;4551.0
65300;6427.0;1876.0;4551.0
65400;6505.0;1729.0;4776.0
65500;6350.5;1687.0;4663.5
65600;6725.5;1687.0;5038.5
65700;6392.5;1729.0;4663.5
65800;6178.0;1687.0;4491.0
65900;6458.0;1687.0;4771.0
66000;6420.0;1729.0;4691.0
66100;6298.0;1687.0;4611.0
66200;6376.0;1645.0;4731.0
66300;6190.0;1459.0;4731.0
66400;6310.0;1699.0;4611.0
66500;6550.0;1699.0;4851.0
66600;6430.0;1699.0;4731.0
66700;6454.0;1723.0;4731.0
66800;6430.0;1699.0;4731.0
66900;6430.0;1699.0;4731.0
67000;6470.0;1699.0;4771.0
67100;6582.0;1771.0;4811.0
67200;6510.0;1699.0;4811.0
67300;6786.0;1975.0;4811.0
67400;6522.0;1711.0;4811.0
67500;6046.0;1755.0;4291.0
67600;6468.0;1777.0;4691.0
67700;6566.0;1755.0;4811.0
67800;6522.0;1711.0;4811.0
67900;6522.0;1711.0;4811.0
68000;6597.0;1746.0;4851.0
68100;6637.0;1746.0;4891.0
68200;6517.0;1746.0;4771.0
68300;6517.0;1746.0;4771.0
68400;6637.0;1746.0;4891.0
68500;6245.0;1354.0;4891.0
68600;6637.0;1746.0;4891.0
68700;6710.5;1819.5;4891.0
68800;6686.0;1795.0;4891.0
68900;6686.0;1795.0;4891.0
69000;6677.0;1746.0;4931.0
69100;6597.0;1746.0;4851.0
69200;6197.0;1746.0;4451.0
69300;6766.0;1795.0;4971.0
69400;6717.0;1746.0;4971.0
69500;6717.0;1746.0;4971.0
69600;6790.5;1819.5;4971.0
69700;6717.0;1746.0;4971.0
69800;6643.5;1672.5;4971.0
69900;6325.0;1354.0;4971.0
70000;6926.0;1795.0;5131.0
70100;6677.0;1746.0;4931.0
70200;6797.0;1746.0;5051.0
70300;6510.0;1979.0;4531.0
70400;6850.0;1799.0;5051.0
70500;6805.0;1754.0;5051.0
70600;6850.0;1799.0;5051.0
70700;6992.5;1941.5;5051.0
70800;6817.0;1766.0;5051.0
70900;6817.0;1766.0;5051.0
71000;6818.0;1727.0;5091.0
71100;6858.0;1727.0;5131.0
71200;6819.0;1688.0;5131.0
71300;6447.0;1836.0;4611.0
71400;6706.0;1575.0;5131.0
71500;6938.0;1807.0;5131.0
71600;6938.0;1807.0;5131.0
71700;6418.0;1807.0;4611.0
71800;6880.0;1749.0;5131.0
71900;6909.0;1778.0;5131.0
72000;6949.0;1778.0;5171.0
72100;6989.0;1778.0;5211.0
72200;6960.0;1749.0;5211.0
72300;6869.0;1778.0;5091.0
72400;6989.0;1778.0;5211.0
72500;6931.0;1720.0;5211.0
72600;7003.5;1792.5;5211.0
72700;7279.0;2068.0;5211.0
72800;6974.5;1763.5;5211.0
72900;7255.0;1924.0;5331.0
73000;7581.0;1770.0;5811.0
73100;7005.0;1594.0;5411.0
73200;7061.0;1770.0;5291.0
73300;6883.0;1792.0;5091.0
73400;7192.0;1781.0;5411.0
73500;7061.0;1770.0;5291.0
73600;7039.0;1748.0;5291.0
73700;7050.0;1759.0;5291.0
73800;7094.0;1803.0;5291.0
73900;7193.0;1902.0;5291.0
74000;7002.0;1671.0;5331.0
74100;6577.0;1726.0;4851.0
74200;7130.0;1759.0;5371.0
74300;7250.0;1759.0;5491.0
74400;7097.0;1726.0;5371.0
74500;7617.0;1726.0;5891.0
74600;7097.0;1726.0;5371.0
74700;7097.0;1726.0;5371.0
74800;6955.0;1704.0;5251.0
74900;7217.0;1726.0;5491.0
75000;7137.0;1726.0;5411.0
75100;7275.0;1704.0;5571.0
75200;7177.0;1726.0;5451.0
75300;7297.0;1726.0;5571.0
75400;7144.0;1693.0;5451.0
75500;7568.0;1726.0;5842.0
75600;7087.0;1726.0;5361.0
75700;7220.0;1748.0;5472.0
75800;6812.5;1715.0;5097.5
75900;6730.0;1748.0;4982.0
76000;7346.0;1825.0;5521.0
76100;7307.5;1748.0;5559.5
76200;7126.0;1682.0;5444.0
76300;7307.5;1748.0;5559.5
76400;7307.5;1748.0;5559.5
76500;7285.5;1726.0;5559.5
76600;7318.5;1759.0;5559.5
76700;7263.5;1704.0;5559.5
76800;7263.5;1704.0;5559.5
76900;7135.0;1715.0;5420.0
77000;6572.0;1792.0;4780.0
77100;7522.0;1902.0;5620.0
77200;7302.0;1682.0;5620.0
77300;7357.0;1737.0;5620.0
77400;7444.0;1704.0;5740.0
77500;7324.0;1704.0;5620.0
77600;7324.0;1704.0;5620.0
77700;7500.0;1880.0;5620.0
77800;7500.0;1880.0;5620.0
77900;7422.0;1682.0;5740.0
78000;7386.0;1726.0;5660.0
78100;7426.0;1726.0;5700.0
78200;7415.0;1715.0;5700.0
78300;7440.0;1740.0;5700.0
78400;6870.0;1690.0;5180.0
78500;7320.0;1740.0;5580.0
78600;7420.0;1720.0;5700.0
78700;8000.0;1780.0;6220.0
78800;7460.0;1760.0;5700.0
78900;7470.0;1770.0;5700.0
79000;7480.0;1740.0;5740.0
79100;7520.0;1740.0;5780.0
79200;8128.0;1828.0;6300.0
79300;7650.0;1750.0;5900.0
79400;7552.0;1772.0;5780.0
79500;7576.0;1796.0;5780.0
79600;7611.0;1831.0;5780.0
79700;6819.5;1799.5;5020.0
79800;7211.0;1831.0;5380.0
79900;7731.0;1831.0;5900.0
80000;7651.0;1831.0;5820.0
80100;7764.5;1904.5;5860.0
80200;7497.5;1757.5;5740.0
80300;7491.0;1831.0;5660.0
80400;7811.0;1831.0;5980.0
80500;7691.0;1831.0;5860.0
80600;7659.5;1799.5;5860.0
80700;7748.0;1768.0;5980.0
80800;7722.5;1862.5;5860.0
80900;7880.0;2020.0;5860.0
81000;7872.0;1852.0;6020.0
81100;7672.0;1852.0;5820.0
81200;7781.5;1841.5;5940.0
81300;7813.0;1873.0;5940.0
81400;7827.0;1887.0;5940.0
81500;7707.0;1887.0;5820.0
81600;7649.5;1829.5;5820.0
81700;7896.0;1956.0;5940.0
81800;7850.0;1910.0;5940.0
81900;7695.5;1875.5;5820.0
82000;7924.5;1944.5;5980.0
82100;8027.0;1887.0;6140.0
82200;7249.0;1749.0;5500.0
82300;7930.0;1910.0;6020.0
82400;7810.0;1910.0;5900.0
82500;7930.0;1910.0;6020.0
82600;7930.0;1910.0;6020.0
82700;7798.5;1898.5;5900.0
82800;7953.0;1933.0;6020.0
82900;7918.5;1898.5;6020.0
83000;-958716.0;1864.0;-960580.0
83100;8033.0;1933.0;6100.0
83200;8199.0;1979.0;6220.0
83300;8176.0;1956.0;6220.0
83400;8056.0;1956.0;6100.0
83500;8033.0;1933.0;6100.0
83600;8056.0;1956.0;6100.0
83700;8056.0;1956.0;6100.0
83800;7536.0;1956.0;5580.0
83900;8079.0;1979.0;6100.0
84000;8119.0;1979.0;6140.0
84100;8656.0;1956.0;6700.0
84200;8633.0;1933.0;6700.0
84300;8320.0;2140.0;6180.0
84400;8101.5;1921.5;6180.0
84500;8016.0;1956.0;6060.0
84600;8159.0;1979.0;6180.0
84700;8136.0;1956.0;6180.0
84800;8136.0;1956.0;6180.0
84900;8256.0;1956.0;6300.0
85000;8056.0;1956.0;6100.0
85100;8216.0;1956.0;6260.0
85200;8296.5;2036.5;6260.0
85300;8564.0;1956.0;6608.0
85400;8434.0;2048.0;6386.0
85500;8143.0;1979.0;6164.0
85600;8085.5;1921.5;6164.0
85700;8254.0;1979.0;6275.0
85800;7855.0;1956.0;5899.0
85900;8245.0;1956.0;6289.0
86000;8284.0;1956.0;6328.0
86100;8323.0;1956.0;6367.0
86200;8139.0;1772.0;6367.0
86300;8662.5;1944.5;6718.0
86400;8300.0;1933.0;6367.0
86500;8300.0;1933.0;6367.0
86600;8311.5;1944.5;6367.0
86700;8277.0;1910.0;6367.0
86800;8794.5;2037.5;6757.0
86900;8364.0;1997.0;6367.0
87000;7857.0;1997.0;5860.0
87100;8433.0;1988.0;6445.0
87200;8541.0;1979.0;6562.0
87300;7935.0;1997.0;5938.0
87400;8935.5;1983.5;6952.0
87500;8545.5;1983.5;6562.0
87600;8325.0;1997.0;6328.0
87700;8424.0;1979.0;6445.0
87800;8433.0;1988.0;6445.0
87900;8307.0;1979.0;6328.0
88000;8274.0;1907.0;6367.0
88100;8385.0;1979.0;6406.0
88200;8502.0;1979.0;6523.0
88300;8493.0;1970.0;6523.0
88400;8421.0;1898.0;6523.0
88500;8493.0;1970.0;6523.0
88600;8493.0;1970.0;6523.0
88700;8493.0;1970.0;6523.0
88800;8538.0;2015.0;6523.0
88900;8991.0;1961.0;7030.0
89000;8435.5;1990.5;6445.0
89100;8611.0;2010.0;6601.0
89200;8572.0;1971.0;6601.0
89300;8949.0;1997.0;6952.0
89400;8598.0;1997.0;6601.0
89500;8578.5;1977.5;6601.0
89600;8598.0;1997.0;6601.0
89700;8585.0;1984.0;6601.0
89800;8578.5;1977.5;6601.0
89900;8611.0;2010.0;6601.0
90000;8624.0;1984.0;6640.0
90100;8643.5;1964.5;6679.0
90200;8559.0;1880.0;6679.0
90300;8637.0;1958.0;6679.0
90400;8643.5;1964.5;6679.0
90500;8650.0;1971.0;6679.0
90600;8767.0;2088.0;6679.0
90700;8169.0;1997.0;6172.0
90800;8663.0;1984.0;6679.0
90900;8663.0;1984.0;6679.0
91000;8715.0;1997.0;6718.0
91100;8637.0;1997.0;6640.0
91200;8702.0;2062.0;6640.0
91300;8650.0;1893.0;6757.0
91400;8754.0;1997.0;6757.0
91500;8754.0;1997.0;6757.0
91600;8693.0;2101.0;6592.0
91700;8629.0;1997.0;6632.0
91800;8729.5;1977.5;6752.0
91900;8736.0;1984.0;6752.0
92000;8850.5;1938.5;6912.0
92100;8949.0;1997.0;6952.0
92200;8809.5;1977.5;6832.0
92300;8829.0;1997.0;6832.0
92400;8894.0;2062.0;6832.0
92500;8809.5;1977.5;6832.0
92600;9221.5;1997.0;7224.5
92700;8827.0;1977.5;6849.5
92800;8687.5;1990.5;6697.0
92900;8814.0;1997.0;6817.0
93000;8954.5;1977.5;6977.0
93100;8907.0;2010.0;6897.0
93200;8894.0;1997.0;6897.0
93300;8894.0;1997.0;6897.0
93400;9033.5;2016.5;7017.0
93500;8907.0;2010.0;6897.0
93600;8907.0;2010.0;6897.0
93700;9027.0;2010.0;7017.0
93800;8803.0;1906.0;6897.0
93900;9027.0;2010.0;7017.0
94000;8361.0;1984.0;6377.0
94100;8980.5;2003.5;6977.0
94200;8974.0;1997.0;6977.0
94300;8961.0;1984.0;6977.0
94400;8980.5;2003.5;6977.0
94500;9013.0;2036.0;6977.0
94600;8987.0;2010.0;6977.0
94700;8987.0;2010.0;6977.0
94800;8974.0;1997.0;6977.0
94900;9006.5;2029.5;6977.0
95000;9033.5;2016.5;7017.0
95100;9723.0;1906.0;7817.0
95200;9171.0;2114.0;7057.0
95300;9080.0;2023.0;7057.0
95400;9200.0;2023.0;7177.0
95500;9174.0;1997.0;7177.0
95600;8963.0;1906.0;7057.0
95700;8963.0;1906.0;7057.0
95800;8976.0;1919.0;7057.0
95900;9119.0;2062.0;7057.0
96000;9107.0;2010.0;7097.0
96100;9280.0;2023.0;7257.0
96200;9160.0;2023.0;7137.0
96300;9173.0;2036.0;7137.0
96400;9205.5;2068.5;7137.0
96500;9254.0;1997.0;7257.0
96600;9173.0;2036.0;7137.0
96700;9000.0;2023.0;6977.0
96800;9183.0;2166.0;7017.0
96900;9173.0;2036.0;7137.0
97000;9333.0;2036.0;7297.0
97100;9240.0;2023.0;7217.0
97200;9327.5;1990.5;7337.0
97300;9240.0;2023.0;7217.0
97400;9240.0;2023.0;7217.0
97500;9301.0;2084.0;7217.0
97600;9229.0;2132.0;7097.0
97700;9355.5;2138.5;7217.0
97800;9349.0;2132.0;7217.0
97900;9216.0;2119.0;7097.0
98000;139376.0;132119.0;7257.0
98100;9416.0;2119.0;7297.0
98200;9416.0;2119.0;7297.0
98300;9296.0;2119.0;7177.0
98400;9403.0;2106.0;7297.0
98500;9383.5;2086.5;7297.0
98600;10208.5;2151.5;8057.0
98700;9403.0;2106.0;7297.0
98800;9409.5;2112.5;7297.0
98900;9516.5;2099.5;7417.0
99000;9430.0;2093.0;7337.0
99100;9470.0;2093.0;7377.0
99200;8963.0;2106.0;6857.0
99300;9457.0;2080.0;7377.0
99400;9590.0;2093.0;7497.0
99500;9457.0;2080.0;7377.0
99600;9457.0;2080.0;7377.0
99700;9457.0;2080.0;7377.0
99800;9564.0;2067.0;7497.0
99900;9457.0;2080.0;7377.0
100000;9882.5;2073.5;7809.0
100100;9585.5;2080.0;7505.5
100200;10138.0;2184.0;7954.0
100300;9494.5;1989.0;7505.5
100400;9418.0;2080.0;7338.0
100500;9533.5;2080.0;7453.5
100600;9533.5;2080.0;7453.5
100700;9533.5;2080.0;7453.5
100800;9394.0;2080.0;7314.0
100900;9527.0;2093.0;7434.0
101000;10101.0;2067.0;8034.0
101100;9542.0;2028.0;7514.0
101200;9461.0;2067.0;7394.0
101300;9506.5;2112.5;7394.0
101400;9714.0;2080.0;7634.0
101500;9581.0;2067.0;7514.0
101600;9581.0;2067.0;7514.0
101700;9080.5;2086.5;6994.0
101800;9975.0;2067.0;7908.0
101900;9595.0;2067.0;7528.0
102000;9402.0;1984.0;7418.0
102100;9152.0;2094.0;7058.0
102200;9672.0;2094.0;7578.0
102300;9692.0;2114.0;7578.0
102400;9702.0;2124.0;7578.0
102500;9672.0;2094.0;7578.0
102600;9232.0;2094.0;7138.0
102700;9632.0;2054.0;7578.0
102800;9692.0;2114.0;7578.0
102900;9192.0;2134.0;7058.0
103000;9732.0;2114.0;7618.0
103100;9612.0;1954.0;7658.0
103200;9752.0;2094.0;7658.0
103300;9792.0;2134.0;7658.0
103400;9772.0;2114.0;7658.0
103500;9772.0;2114.0;7658.0
103600;9772.0;2114.0;7658.0
103700;9772.0;2114.0;7658.0
103800;9552.0;1894.0;7658.0
103900;9772.0;2114.0;7658.0
104000;9832.0;2134.0;7698.0
104100;9852.0;2114.0;7738.0
104200;9812.0;1954.0;7858.0
104300;9872.0;2134.0;7738.0
104400;9852.0;2114.0;7738.0
104500;9852.0;2114.0;7738.0
104600;9852.0;2114.0;7738.0
104700;9852.0;2114.0;7738.0
104800;9852.0;2114.0;7738.0
104900;9852.0;2114.0;7738.0
105000;9892.0;2114.0;7778.0
105100;9932.0;2114.0;7818.0
105200;9962.0;2144.0;7818.0
105300;10092.0;2274.0;7818.0
105400;9932.0;2114.0;7818.0
105500;9862.0;2044.0;7818.0
105600;9792.0;2094.0;7698.0
105700;9942.0;2124.0;7818.0
105800;9812.0;2114.0;7698.0
105900;9902.0;2084.0;7818.0
106000;9672.0;1934.0;7738.0
106100;9892.0;2114.0;7778.0
106200;9892.0;2114.0;7778.0
106300;10012.0;2114.0;7898.0
106400;10132.0;2114.0;8018.0
106500;10012.0;2114.0;7898.0
106600;10172.0;2274.0;7898.0
106700;9892.0;2114.0;7778.0
106800;10012.0;2114.0;7898.0
106900;10365.0;1947.0;8418.0
107000;10197.0;2379.0;7818.0
107100;10114.0;2136.0;7978.0
107200;10234.0;2136.0;8098.0
107300;10288.0;2190.0;8098.0
107400;10234.0;2136.0;8098.0
107500;10114.0;2136.0;7978.0
107600;10207.0;2109.0;8098.0
107700;10674.5;2176.5;8498.0
107800;10114.0;2136.0;7978.0
107900;10114.0;2136.0;7978.0
108000;10034.0;2136.0;7898.0
108100;10074.0;2136.0;7938.0
108200;10167.0;2109.0;8058.0
108300;10047.0;2109.0;7938.0
108400;10167.0;2109.0;8058.0
108500;10140.0;2082.0;8058.0
108600;10047.0;2109.0;7938.0
108700;10167.0;2109.0;8058.0
108800;10410.0;2352.0;8058.0
108900;10611.0;2433.0;8178.0
109000;10354.0;2136.0;8218.0
109100;9754.0;2136.0;7618.0
109200;9514.0;2136.0;7378.0
109300;10274.0;2136.0;8138.0
109400;10274.0;2136.0;8138.0
109500;10571.0;2433.0;8138.0
109600;-958459.0;2163.0;-960622.0
109700;10181.0;2163.0;8018.0
109800;10314.5;2176.5;8138.0
109900;10247.0;2109.0;8138.0
110000;10314.0;2136.0;8178.0
110100;10283.0;2136.0;8147.0
110200;10419.5;2163.0;8256.5
110300;10635.5;2379.0;8256.5
110400;9918.0;2136.0;7782.0
110500;10419.5;2163.0;8256.5
110600;10446.5;2190.0;8256.5
110700;10419.5;2163.0;8256.5
110800;10433.0;2176.5;8256.5
110900;10556.0;2190.0;8366.0
111000;10496.5;2203.5;8293.0
111100;10452.0;2122.5;8329.5
111200;9772.0;2136.0;7636.0
111300;10596.0;2157.0;8439.0
111400;10510.5;2181.0;8329.5
111500;10620.0;2181.0;8439.0
111600;10872.5;2397.0;8475.5
111700;10726.5;2397.0;8329.5
111800;10510.5;2181.0;8329.5
111900;10522.5;2193.0;8329.5
112000;10692.5;2217.0;8475.5
112100;10559.5;2157.0;8402.5
112200;10514.0;2221.0;8293.0
112300;10597.5;2195.0;8402.5
112400;10597.5;2195.0;8402.5
112500;10597.5;2195.0;8402.5
112600;10488.0;2195.0;8293.0
112700;10597.5;2195.0;8402.5
112800;10733.0;2221.0;8512.0
112900;10857.5;2455.0;8402.5
113000;10608.0;2169.0;8439.0
113100;11145.0;2195.0;8950.0
113200;10631.5;2156.0;8475.5
113300;10670.5;2195.0;8475.5
113400;10535.0;2169.0;8366.0
113500;10644.5;2169.0;8475.5
113600;10692.5;2195.0;8497.5
113700;11115.0;2169.0;8946.0
113800;10900.5;2403.0;8497.5
113900;10604.5;2003.5;8601.0
114000;10706.0;2174.0;8532.0
114100;10740.5;2174.0;8566.5
114200;10292.0;2174.0;8118.0
114300;10771.5;2205.0;8566.5
114400;10771.5;2205.0;8566.5
114500;10875.0;2205.0;8670.0
114600;10668.0;2205.0;8463.0
114700;11189.0;2174.0;9015.0
114800;10709.5;2143.0;8566.5
114900;10668.0;2205.0;8463.0
115000;10806.0;2205.0;8601.0
115100;10944.0;2205.0;8739.0
115200;10840.5;2205.0;8635.5
115300;10887.0;2251.5;8635.5
115400;10862.5;2205.0;8657.5
115500;10924.5;2267.0;8657.5
115600;10765.0;2205.0;8560.0
115700;10862.5;2205.0;8657.5
115800;10831.5;2174.0;8657.5
115900;10929.0;2174.0;8755.0
116000;10864.0;2174.0;8690.0
116100;10896.5;2174.0;8722.5
116200;10963.0;2143.0;8820.0
116300;11273.0;2453.0;8820.0
116400;10768.0;2143.0;8625.0
116500;10865.5;2143.0;8722.5
116600;11019.0;2199.0;8820.0
116700;10812.5;2187.5;8625.0
116800;11019.0;2199.0;8820.0
116900;10875.5;2153.0;8722.5
117000;10977.0;2222.0;8755.0
117100;10975.0;2187.5;8787.5
117200;10541.0;2176.0;8365.0
117300;10866.0;2176.0;8690.0
117400;10923.5;2233.5;8690.0
117500;10889.0;2199.0;8690.0
117600;10986.5;2199.0;8787.5
117700;11073.0;2383.0;8690.0
117800;10986.5;2199.0;8787.5
117900;10986.5;2199.0;8787.5
118000;11019.0;2199.0;8820.0
118100;11074.5;2222.0;8852.5
118200;11096.5;2222.0;8874.5
118300;10700.0;2222.0;8478.0
118400;11108.0;2233.5;8874.5
118500;11005.0;2222.0;8783.0
118600;11096.5;2222.0;8874.5
118700;11096.5;2222.0;8874.5
118800;11165.0;2199.0;8966.0
118900;11096.5;2222.0;8874.5
119000;11127.0;2222.0;8905.0
119100;11180.5;2245.0;8935.5
119200;11100.5;2256.5;8844.0
119300;10761.0;2222.0;8539.0
119400;11157.5;2222.0;8935.5
119500;11157.5;2222.0;8935.5
119600;11180.5;2245.0;8935.5
119700;11152.0;2308.0;8844.0
119800;11155.5;2220.0;8935.5
119900;11139.5;2204.0;8935.5
120000;11194.0;2228.0;8966.0
120100;11292.0;2204.0;9088.0
120200;11109.0;2204.0;8905.0
120300;11216.5;2220.0;8996.5
120400;11224.5;2228.0;8996.5
120500;11184.5;2188.0;8996.5
120600;11208.5;2212.0;8996.5
120700;11251.5;2255.0;8996.5
120800;11218.5;2222.0;8996.5
120900;10939.0;2255.0;8684.0
121000;11203.0;2255.0;8948.0
121100;11775.0;2266.0;9509.0
121200;11329.5;2249.5;9080.0
121300;11346.0;2266.0;9080.0
121400;11346.0;2266.0;9080.0
121500;10702.5;2249.5;8453.0
121600;11346.0;2266.0;9080.0
121700;11329.5;2249.5;9080.0
121800;11335.0;2255.0;9080.0
121900;11335.0;2255.0;9080.0
122000;11269.0;2255.0;9014.0
122100;11846.5;2271.5;9575.0
122200;11467.0;2321.0;9146.0
122300;11390.0;2244.0;9146.0
122400;11390.0;2244.0;9146.0
122500;11412.0;2266.0;9146.0
122600;11511.0;2266.0;9245.0
122700;11324.0;2277.0;9047.0
122800;11406.5;2260.5;9146.0
122900;11406.5;2260.5;9146.0
123000;11555.0;2277.0;9278.0
123100;11472.5;2260.5;9212.0
123200;11151.0;2307.0;8844.0
123300;11637.0;2296.0;9341.0
123400;11531.5;2297.0;9234.5
123500;11989.0;2293.0;9696.0
123600;11077.0;2304.0;8773.0
123700;11632.0;2291.0;9341.0
123800;11529.5;2295.0;9234.5
123900;11425.0;2297.0;9128.0
124000;11566.0;2296.0;9270.0
124100;11598.5;2293.0;9305.5
124200;11601.5;2296.0;9305.5
124300;11705.0;2293.0;9412.0
124400;11597.5;2292.0;9305.5
124500;11709.0;2297.0;9412.0
124600;11497.0;2298.0;9199.0
124700;11600.5;2295.0;9305.5
124800;11598.5;2293.0;9305.5
124900;11705.0;2293.0;9412.0
125000;11527.5;2293.0;9234.5
125100;11563.0;2293.0;9270.0
125200;11773.0;2290.0;9483.0
125300;11671.5;2295.0;9376.5
125400;11671.5;2295.0;9376.5
125500;10997.0;2295.0;8702.0
125600;11667.5;2291.0;9376.5
125700;11672.5;2296.0;9376.5
125800;11672.5;2296.0;9376.5
125900;11671.5;2295.0;9376.5
126000;11853.0;2297.0;9556.0
126100;11757.0;2277.0;9480.0
126200;11663.0;2297.0;9366.0
126300;11665.0;2299.0;9366.0
126400;11777.0;2297.0;9480.0
126500;11787.0;2307.0;9480.0
126600;11283.0;2297.0;8986.0
126700;11777.0;2297.0;9480.0
126800;11283.0;2297.0;8986.0
126900;11780.0;2300.0;9480.0
127000;11821.0;2303.0;9518.0
127100;11965.0;2295.0;9670.0
127200;11854.0;2298.0;9556.0
127300;11858.0;2302.0;9556.0
127400;11854.0;2298.0;9556.0
127500;11851.0;2295.0;9556.0
127600;11737.0;2295.0;9442.0
127700;12231.0;2295.0;9936.0
127800;11853.0;2297.0;9556.0
127900;11849.0;2293.0;9556.0
128000;11889.0;2295.0;9594.0
128100;11813.0;2295.0;9518.0
128200;12041.0;2295.0;9746.0
128300;11815.0;2297.0;9518.0
128400;11938.0;2295.0;9643.0
128500;12055.0;2295.0;9760.0
128600;11938.0;2295.0;9643.0
128700;12055.0;2295.0;9760.0
128800;11938.0;2295.0;9643.0
128900;11933.0;2290.0;9643.0
129000;11965.5;2283.5;9682.0
129100;12029.0;2308.0;9721.0
129200;11536.0;2322.0;9214.0
129300;12036.0;2315.0;9721.0
129400;12163.5;2325.5;9838.0
129500;12015.0;2294.0;9721.0
129600;12049.0;2328.0;9721.0
129700;12202.0;2481.0;9721.0
129800;12217.0;2379.0;9838.0
129900;12049.0;2328.0;9721.0
130000;12224.0;2464.0;9760.0
130100;12161.0;2362.0;9799.0
130200;12144.0;2345.0;9799.0
130300;12144.0;2345.0;9799.0
130400;11645.5;2353.5;9292.0
130500;12127.0;2328.0;9799.0
130600;12135.5;2336.5;9799.0
130700;11394.5;2336.5;9058.0
130800;12093.0;2294.0;9799.0
130900;12263.0;2464.0;9799.0
131000;12232.0;2277.0;9955.0
131100;12205.0;2328.0;9877.0
131200;12339.0;2345.0;9994.0
131300;12205.0;2328.0;9877.0
131400;12222.0;2345.0;9877.0
131500;12222.0;2345.0;9877.0
131600;12263.0;2386.0;9877.0
131700;12114.0;2354.0;9760.0
131800;12227.0;2350.0;9877.0
131900;12348.0;2354.0;9994.0
132000;12326.0;2410.0;9916.0
132100;12301.0;2346.0;9955.0
132200;12326.0;2371.0;9955.0
132300;12339.0;2384.0;9955.0
132400;12340.0;2385.0;9955.0
132500;12335.5;2380.5;9955.0
132600;12341.5;2386.5;9955.0
132700;12223.0;2385.0;9838.0
132800;12457.0;2385.0;10072.0
132900;11599.0;2385.0;9214.0
133000;12262.0;2385.0;9877.0
133100;12418.0;2385.0;10033.0
133200;12419.0;2386.0;10033.0
133300;12418.0;2385.0;10033.0
133400;12418.0;2385.0;10033.0
133500;12300.0;2384.0;9916.0
133600;12409.0;2376.0;10033.0
133700;12534.0;2384.0;10150.0
133800;12428.0;2395.0;10033.0
133900;12417.0;2384.0;10033.0
134000;11911.5;2385.5;9526.0
134100;12003.0;2399.0;9604.0
134200;12510.0;2399.0;10111.0
134300;12502.0;2391.0;10111.0
134400;12511.0;2400.0;10111.0
134500;12484.0;2373.0;10111.0
134600;12520.0;2409.0;10111.0
134700;12516.0;2405.0;10111.0
134800;12403.0;2409.0;9994.0
134900;11779.0;2409.0;9370.0
135000;12495.0;2345.0;10150.0
135100;12598.0;2409.0;10189.0
135200;12598.0;2409.0;10189.0
135300;12610.0;2421.0;10189.0
135400;12598.0;2409.0;10189.0
135500;12590.0;2401.0;10189.0
135600;12606.0;2417.0;10189.0
135700;12481.0;2409.0;10072.0
135800;12707.0;2401.0;10306.0
135900;12621.0;2393.0;10228.0
136000;12629.0;2401.0;10228.0
136100;12512.0;2401.0;10111.0
136200;12551.0;2401.0;10150.0
136300;12668.0;2401.0;10267.0
136400;12668.0;2401.0;10267.0
136500;12785.0;2401.0;10384.0
136600;12668.0;2401.0;10267.0
136700;13187.0;2413.0;10774.0
136800;12559.0;2409.0;10150.0
136900;12676.0;2409.0;10267.0
137000;12707.0;2401.0;10306.0
137100;12818.0;2473.0;10345.0
137200;12746.0;2401.0;10345.0
137300;12637.0;2409.0;10228.0
137400;12795.0;2450.0;10345.0
137500;12678.0;2450.0;10228.0
137600;12793.5;2448.5;10345.0
137700;12795.0;2450.0;10345.0
137800;12678.0;2450.0;10228.0
137900;12795.0;2450.0;10345.0
138000;12835.0;2451.0;10384.0
138100;13380.0;2450.0;10930.0
138200;12872.0;2449.0;10423.0
138300;12871.5;2448.5;10423.0
138400;12990.0;2450.0;10540.0
138500;12873.5;2450.5;10423.0
138600;12871.5;2448.5;10423.0
138700;12872.0;2449.0;10423.0
138800;12872.0;2449.0;10423.0
138900;12872.0;2449.0;10423.0
139000;13506.0;2498.0;11008.0
139100;13013.0;2512.0;10501.0
139200;13003.5;2502.5;10501.0
139300;13026.0;2525.0;10501.0
139400;13026.0;2525.0;10501.0
139500;13026.0;2525.0;10501.0
139600;13026.0;2525.0;10501.0
139700;12909.0;2525.0;10384.0
139800;12909.0;2525.0;10384.0
139900;13038.0;2537.0;10501.0
140000;13083.0;2543.0;10540.0
140100;13122.0;2543.0;10579.0
140200;13122.0;2543.0;10579.0
140300;13239.0;2543.0;10696.0
140400;13005.0;2543.0;10462.0
140500;13630.0;2544.0;11086.0
140600;13004.0;2542.0;10462.0
140700;13121.0;2542.0;10579.0
140800;13511.0;2542.0;10969.0
140900;13119.5;2540.5;10579.0
141000;13315.0;2541.0;10774.0
141100;13316.0;2542.0;10774.0
141200;13314.5;2540.5;10774.0
141300;13198.0;2541.0;10657.0
141400;13198.0;2541.0;10657.0
141500;13199.0;2542.0;10657.0
141600;13081.5;2541.5;10540.0
141700;13589.0;2542.0;11047.0
141800;13173.0;2516.0;10657.0
141900;13212.0;2555.0;10657.0
142000;13245.0;2549.0;10696.0
142100;13284.0;2549.0;10735.0
142200;13284.0;2549.0;10735.0
142300;13161.0;2543.0;10618.0
142400;12733.0;2549.0;10184.0
142500;13299.0;2555.0;10744.0
142600;13293.0;2549.0;10744.0
142700;13293.0;2549.0;10744.0
142800;13293.0;2549.0;10744.0
142900;13444.0;2540.0;10904.0
143000;13459.0;2555.0;10904.0
143100;13376.0;2552.0;10824.0
143200;13373.0;2549.0;10824.0
143300;13364.0;2540.0;10824.0
143400;13421.0;2597.0;10824.0
143500;13373.0;2549.0;10824.0
143600;13893.0;2549.0;11344.0
143700;13367.0;2543.0;10824.0
143800;13373.0;2549.0;10824.0
143900;13373.0;2549.0;10824.0
144000;13422.0;2558.0;10864.0
144100;13450.0;2546.0;10904.0
144200;13411.0;2507.0;10904.0
144300;13459.0;2555.0;10904.0
144400;13459.0;2555.0;10904.0
144500;13579.0;2555.0;11024.0
144600;13913.0;2489.0;11424.0
144700;13453.0;2549.0;10904.0
144800;13462.0;2558.0;10904.0
144900;13453.0;2549.0;10904.0
145000;13493.0;2549.0;10944.0
145100;13581.0;2597.0;10984.0
145200;13533.0;2549.0;10984.0
145300;13635.0;2531.0;11104.0
145400;13327.0;2543.0;10784.0
145500;13653.0;2549.0;11104.0
145600;13539.0;2555.0;10984.0
145700;13413.0;2549.0;10864.0
145800;-958107.0;2549.0;-960656.0
145900;13533.0;2549.0;10984.0
146000;13573.0;2549.0;11024.0
146100;13438.0;2534.0;10904.0
146200;13667.0;2603.0;11064.0
146300;13733.0;2549.0;11184.0
146400;13613.0;2549.0;11064.0
146500;13626.0;2562.0;11064.0
146600;13638.0;2574.0;11064.0
146700;13762.0;2578.0;11184.0
146800;13635.0;2571.0;11064.0
146900;13515.0;2571.0;10944.0
147000;13551.0;2567.0;10984.0
147100;13713.0;2569.0;11144.0
147200;13836.0;2572.0;11264.0
147300;13699.0;2555.0;11144.0
147400;13719.0;2575.0;11144.0
147500;13714.0;2570.0;11144.0
147600;13752.0;2575.0;11177.0
147700;13762.5;2569.0;11193.5
147800;13762.5;2569.0;11193.5
147900;13904.5;2569.0;11335.5
148000;13691.5;2569.0;11122.5
148100;13442.0;2571.0;10871.0
148200;13851.0;2573.0;11278.0
148300;13851.0;2573.0;11278.0
148400;14334.0;2575.0;11759.0
148500;13962.0;2573.0;11389.0
148600;13967.0;2578.0;11389.0
148700;13472.0;2573.0;10899.0
148800;13870.0;2571.0;11299.0
148900;14016.0;2557.0;11459.0
149000;14032.0;2573.0;11459.0
149100;14072.0;2573.0;11499.0
149200;13952.0;2573.0;11379.0
149300;13950.0;2571.0;11379.0
149400;13972.0;2593.0;11379.0
149500;14072.0;2573.0;11499.0
149600;13957.0;2578.0;11379.0
149700;14468.0;2569.0;11899.0
149800;13950.0;2571.0;11379.0
149900;13950.0;2571.0;11379.0
150000;13993.0;2574.0;11419.0
150100;14030.0;2571.0;11459.0
150200;13908.0;2569.0;11339.0
150300;14033.0;2574.0;11459.0
150400;14150.0;2571.0;11579.0
150500;14030.0;2571.0;11459.0
150600;14028.0;2569.0;11459.0
150700;14030.0;2571.0;11459.0
150800;14550.0;2571.0;11979.0
150900;14036.0;2577.0;11459.0
151000;14070.0;2571.0;11499.0
151100;14110.0;2571.0;11539.0
151200;13992.0;2573.0;11419.0
151300;14110.0;2571.0;11539.0
151400;14156.0;2617.0;11539.0
151500;14164.0;2625.0;11539.0
151600;14172.0;2633.0;11539.0
151700;14152.0;2613.0;11539.0
151800;14172.0;2633.0;11539.0
151900;14172.0;2633.0;11539.0
152000;14204.0;2625.0;11579.0
152100;14252.0;2633.0;11619.0
152200;14721.5;2633.0;12088.5
152300;14144.0;2633.0;11511.0
152400;13845.0;2645.0;11200.0
152500;14217.0;2577.0;11640.0
152600;14217.0;2577.0;11640.0
152700;14281.0;2641.0;11640.0
152800;14281.0;2641.0;11640.0
152900;14129.0;2649.0;11480.0
153000;14329.0;2649.0;11680.0
153100;14369.0;2649.0;11720.0
153200;14889.0;2649.0;12240.0
153300;14361.0;2641.0;11720.0
153400;14493.0;2653.0;11840.0
153500;14893.0;2653.0;12240.0
153600;14553.0;2713.0;11840.0
153700;14404.0;2684.0;11720.0
153800;14439.0;2719.0;11720.0
153900;14421.0;2701.0;11720.0
154000;14581.0;2701.0;11880.0
154100;14393.0;2593.0;11800.0
154200;14510.0;2710.0;11800.0
154300;14501.0;2701.0;11800.0
154400;14354.0;2674.0;11680.0
154500;14501.0;2701.0;11800.0
154600;14354.0;2674.0;11680.0
154700;14501.0;2701.0;11800.0
154800;14519.0;2599.0;11920.0
154900;14509.0;2709.0;11800.0
155000;15109.0;2709.0;12400.0
155100;14611.0;2731.0;11880.0
155200;14435.0;2555.0;11880.0
155300;14611.0;2731.0;11880.0
155400;14567.0;2687.0;11880.0
155500;14456.0;2696.0;11760.0
155600;14483.0;2723.0;11760.0
155700;14639.0;2759.0;11880.0
155800;14741.0;2741.0;12000.0
155900;14765.0;2885.0;11880.0
156000;14643.0;2723.0;11920.0
156100;14683.0;2723.0;11960.0
156200;14737.0;2777.0;11960.0
156300;14839.0;2759.0;12080.0
156400;14866.0;2786.0;12080.0
156500;14719.0;2759.0;11960.0
156600;15104.0;2750.0;12354.0
156700;14751.0;2777.0;11974.0
156800;14751.0;2777.0;11974.0
156900;14769.0;2795.0;11974.0
157000;14921.0;2795.0;12126.0
157100;14941.0;2777.0;12164.0
157200;14800.0;2750.0;12050.0
157300;15339.0;2795.0;12544.0
157400;14809.0;2759.0;12050.0
157500;14827.0;2777.0;12050.0
157600;14862.0;2812.0;12050.0
157700;14862.0;2812.0;12050.0
157800;14748.0;2812.0;11936.0
157900;14862.0;2812.0;12050.0
158000;15037.0;2835.0;12202.0
158100;14800.0;2674.0;12126.0
158200;14915.0;2789.0;12126.0
158300;14892.0;2766.0;12126.0
158400;14915.0;2789.0;12126.0
158500;14892.0;2766.0;12126.0
158600;14824.0;2812.0;12012.0
158700;15006.0;2766.0;12240.0
158800;14778.0;2766.0;12012.0
158900;14869.0;2743.0;12126.0
159000;14930.0;2766.0;12164.0
159100;14922.0;2720.0;12202.0
159200;14933.5;2731.5;12202.0
159300;14968.0;2766.0;12202.0
159400;14956.5;2754.5;12202.0
159500;14968.0;2766.0;12202.0
159600;14968.0;2766.0;12202.0
159700;14968.0;2766.0;12202.0
159800;15152.0;2950.0;12202.0
159900;14854.0;2766.0;12088.0
160000;14685.0;2559.0;12126.0
160100;15205.0;2927.0;12278.0
160200;15021.0;2743.0;12278.0
160300;14746.0;2582.0;12164.0
160400;15044.0;2766.0;12278.0
160500;15114.0;2950.0;12164.0
160600;15044.0;2766.0;12278.0
160700;15044.0;2766.0;12278.0
160800;15181.0;2789.0;12392.0
160900;15067.0;2789.0;12278.0
161000;15637.0;2789.0;12848.0
161100;15143.0;2789.0;12354.0
161200;15143.0;2789.0;12354.0
161300;15222.5;2754.5;12468.0
161400;15200.5;2846.5;12354.0
161500;15120.0;2766.0;12354.0
161600;15120.0;2766.0;12354.0
161700;15373.0;3019.0;12354.0
161800;15120.0;2766.0;12354.0
161900;15120.0;2766.0;12354.0
162000;15146.5;2754.5;12392.0
162100;15196.0;2766.0;12430.0
162200;15034.0;2490.0;12544.0
162300;15013.0;2697.0;12316.0
162400;15150.0;2720.0;12430.0
162500;15334.0;2904.0;12430.0
162600;14966.0;2536.0;12430.0
162700;15036.0;2720.0;12316.0
162800;15150.0;2720.0;12430.0
162900;15047.5;2731.5;12316.0
163000;15188.0;2720.0;12468.0
163100;15191.5;2685.5;12506.0
163200;14951.0;2559.0;12392.0
163300;15226.0;2720.0;12506.0
163400;15260.5;2754.5;12506.0
163500;15226.0;2720.0;12506.0
163600;15272.0;2766.0;12506.0
163700;15249.0;2743.0;12506.0
163800;15135.0;2743.0;12392.0
163900;15249.0;2743.0;12506.0
164000;15264.0;2720.0;12544.0
164100;15325.0;2743.0;12582.0
164200;15485.0;2789.0;12696.0
164300;15348.0;2766.0;12582.0
164400;15842.0;2766.0;13076.0
164500;15359.5;2777.5;12582.0
164600;15382.5;2800.5;12582.0
164700;15371.0;2789.0;12582.0
164800;15348.0;2766.0;12582.0
164900;15442.5;2708.5;12734.0
165000;15409.0;2789.0;12620.0
165100;15447.0;2789.0;12658.0
165200;15333.0;2789.0;12544.0
165300;15447.0;2789.0;12658.0
165400;15458.5;2800.5;12658.0
165500;15424.0;2766.0;12658.0
165600;15263.0;2605.0;12658.0
165700;15415.0;2605.0;12810.0
165800;15561.0;2789.0;12772.0
165900;15321.5;2777.5;12544.0
166000;15599.0;2789.0;12810.0
166100;15371.0;2789.0;12582.0
166200;15523.0;2789.0;12734.0
166300;15637.0;2789.0;12848.0
166400;15557.5;2823.5;12734.0
166500;15557.5;2823.5;12734.0
166600;15523.0;2789.0;12734.0
166700;15480.0;2860.0;12620.0
166800;15551.5;2817.5;12734.0
166900;15594.0;2860.0;12734.0
167000;15484.0;2826.0;12658.0
167100;15644.5;2834.5;12810.0
167200;15644.5;2834.5;12810.0
167300;15708.0;2898.0;12810.0
167400;15617.0;2807.0;12810.0
167500;15794.0;2870.0;12924.0
167600;15673.0;2863.0;12810.0
167700;15662.5;2852.5;12810.0
167800;15776.5;2852.5;12924.0
167900;15701.0;2891.0;12810.0
168000;15795.0;2947.0;12848.0
168100;15703.0;2969.0;12734.0
168200;15816.5;2930.5;12886.0
168300;15822.0;2936.0;12886.0
168400;15796.0;3024.0;12772.0
168500;15708.0;2936.0;12772.0
168600;15706.0;2820.0;12886.0
168700;15762.0;2990.0;12772.0
168800;15745.0;2973.0;12772.0
168900;15876.0;2990.0;12886.0
169000;16028.0;2990.0;13038.0
169100;16066.0;2990.0;13076.0
169200;15952.0;2990.0;12962.0
169300;15952.0;2990.0;12962.0
169400;15952.0;2990.0;12962.0
169500;16127.0;3051.0;13076.0
169600;15993.0;3031.0;12962.0
169700;15995.0;3033.0;12962.0
169800;15981.0;3019.0;12962.0
169900;16145.0;3031.0;13114.0
170000;16065.0;3023.0;13042.0
170100;16105.5;3029.0;13076.5
170200;16105.5;3029.0;13076.5
170300;16103.5;3027.0;13076.5
170400;16198.0;2997.0;13201.0
170500;16122.0;3029.0;13093.0
170600;16126.0;3033.0;13093.0
170700;16126.0;3033.0;13093.0
170800;16234.0;3033.0;13201.0
170900;16270.0;3033.0;13237.0
171000;16050.0;3029.0;13021.0
171100;16036.0;3015.0;13021.0
171200;16223.0;3058.0;13165.0
171300;16226.5;3061.5;13165.0
171400;16212.5;3047.5;13165.0
171500;15741.0;3044.0;12697.0
171600;16115.0;3058.0;13057.0
171700;16212.5;3047.5;13165.0
171800;16212.5;3047.5;13165.0
171900;15748.0;3051.0;12697.0
172000;16360.0;3051.0;13309.0
172100;16302.0;3065.0;13237.0
172200;16301.5;3064.5;13237.0
172300;16315.0;3078.0;13237.0
172400;16315.0;3078.0;13237.0
172500;16778.5;3073.5;13705.0
172600;16324.0;3087.0;13237.0
172700;16432.0;3087.0;13345.0
172800;16684.0;3087.0;13597.0
172900;16225.0;2988.0;13237.0
173000;16414.0;3033.0;13381.0
173100;16409.5;3100.5;13309.0
173200;16733.5;3100.5;13633.0
173300;16405.0;3096.0;13309.0
173400;16423.0;3114.0;13309.0
173500;16288.0;3087.0;13201.0
173600;16405.0;3096.0;13309.0
173700;-860105.0;3078.0;-863183.0
173800;16252.0;3051.0;13201.0
173900;16019.5;3078.0;12941.5
174000;16438.5;3073.5;13365.0
174100;16486.0;3082.5;13403.5
174200;16427.5;3024.0;13403.5
174300;16468.0;3064.5;13403.5
174400;16472.5;3069.0;13403.5
174500;16635.5;3078.0;13557.5
174600;16588.0;3069.0;13519.0
174700;16472.5;3069.0;13403.5
174800;16472.5;3069.0;13403.5
174900;16468.0;3064.5;13403.5
175000;16497.5;3055.5;13442.0
175100;16049.0;3069.0;12980.0
175200;16651.5;3055.5;13596.0
175300;16500.0;3019.5;13480.5
175400;16549.5;3069.0;13480.5
175500;16545.0;3064.5;13480.5
175600;16536.0;3055.5;13480.5
175700;16540.5;3060.0;13480.5
175800;16540.5;3060.0;13480.5
175900;16540.5;3060.0;13480.5
176000;16547.5;3028.5;13519.0
176100;16617.5;3060.0;13557.5
176200;16823.0;3150.0;13673.0
176300;16604.0;3046.5;13557.5
176400;16733.0;3060.0;13673.0
176500;16631.0;3073.5;13557.5
176600;16506.5;3064.5;13442.0
176700;16630.0;3072.5;13557.5
176800;16625.5;3068.0;13557.5
176900;16509.0;3067.0;13442.0
177000;16656.0;3060.0;13596.0
177100;16819.5;3069.5;13750.0
177200;16819.5;3069.5;13750.0
177300;16704.0;3069.5;13634.5
177400;16704.5;3070.0;13634.5
177500;16822.0;3072.0;13750.0
177600;16820.0;3070.0;13750.0
177700;16704.5;3070.0;13634.5
177800;16712.5;3078.0;13634.5
177900;16706.5;3072.0;13634.5
178000;16867.5;3079.0;13788.5
178100;16781.5;3070.0;13711.5
178200;16778.0;3066.5;13711.5
178300;17130.0;3072.0;14058.0
178400;16781.5;3070.0;13711.5
178500;16784.5;3073.0;13711.5
178600;16775.5;3064.0;13711.5
178700;16899.0;3072.0;13827.0
178800;16273.5;3071.5;13202.0
178900;16793.0;3071.0;13722.0
179000;16833.0;3071.0;13762.0
179100;16874.0;3072.0;13802.0
179200;16992.5;3070.5;13922.0
179300;16992.5;3070.5;13922.0
179400;16875.0;3073.0;13802.0
179500;16430.5;3068.5;13362.0
179600;16753.0;3071.0;13682.0
179700;16873.0;3071.0;13802.0
179800;16353.0;3071.0;13282.0
179900;17026.0;3064.0;13962.0
180000;16912.5;3070.5;13842.0
180100;16795.0;3073.0;13722.0
180200;16953.5;3071.5;13882.0
180300;17074.0;3072.0;14002.0
180400;17466.0;3064.0;14402.0
180500;16969.0;3087.0;13882.0
180600;17004.0;3122.0;13882.0
180700;17120.0;3118.0;14002.0
180800;17000.0;3118.0;13882.0
180900;17060.0;3178.0;13882.0
181000;17024.0;3102.0;13922.0
181100;17076.0;3114.0;13962.0
181200;17188.0;3106.0;14082.0
181300;16308.0;3106.0;13202.0
181400;17068.0;3106.0;13962.0
181500;17068.0;3106.0;13962.0
181600;17068.0;3106.0;13962.0
181700;17028.0;3066.0;13962.0
181800;17196.0;3114.0;14082.0
181900;17308.0;3186.0;14122.0
182000;16980.0;3098.0;13882.0
182100;17132.0;3090.0;14042.0
182200;17167.5;3098.0;14069.5
182300;17159.5;3090.0;14069.5
182400;17063.0;3106.0;13957.0
182500;17155.5;3086.0;14069.5
182600;17167.5;3098.0;14069.5
182700;17047.0;3090.0;13957.0
182800;17175.5;3106.0;14069.5
182900;17163.5;3094.0;14069.5
183000;17205.0;3098.0;14107.0
183100;17254.5;3110.0;14144.5
183200;17130.0;3098.0;14032.0
183300;17242.5;3098.0;14144.5
183400;17242.5;3098.0;14144.5
183500;17246.5;3102.0;14144.5
183600;17226.5;3082.0;14144.5
183700;17251.0;3090.0;14161.0
183800;17251.0;3090.0;14161.0
183900;17259.0;3098.0;14161.0
184000;18015.0;3098.0;14917.0
184100;17339.0;3106.0;14233.0
184200;17331.0;3098.0;14233.0
184300;17223.0;3098.0;14125.0
184400;17331.0;3098.0;14233.0
184500;17427.0;3086.0;14341.0
184600;16807.0;3042.0;13765.0
184700;17339.0;3106.0;14233.0
184800;17331.0;3098.0;14233.0
184900;17467.0;3090.0;14377.0
185000;17375.0;3106.0;14269.0
185100;17419.0;3114.0;14305.0
185200;17419.0;3114.0;14305.0
185300;17355.0;3050.0;14305.0
185400;17419.0;3114.0;14305.0
185500;17431.0;3126.0;14305.0
185600;16951.0;3114.0;13837.0
185700;17419.0;3114.0;14305.0
185800;17355.0;3050.0;14305.0
185900;17419.0;3114.0;14305.0
186000;17567.0;3118.0;14449.0
186100;17499.0;3122.0;14377.0
186200;17491.0;3114.0;14377.0
186300;17555.0;3178.0;14377.0
186400;17521.0;3122.0;14399.0
186500;17071.0;3114.0;13957.0
186600;17517.0;3118.0;14399.0
186700;17505.0;3106.0;14399.0
186800;17537.0;3138.0;14399.0
186900;17549.0;3150.0;14399.0
187000;17574.0;3141.0;14433.0
187100;17608.0;3141.0;14467.0
187200;17608.0;3141.0;14467.0
187300;17608.0;3141.0;14467.0
187400;17605.0;3138.0;14467.0
187500;17608.0;3141.0;14467.0
187600;17403.0;3126.0;14277.0
187700;17597.0;3160.0;14437.0
187800;17587.0;3150.0;14437.0
187900;17052.0;3135.0;13917.0
188000;17627.0;3150.0;14477.0
188100;17664.5;3147.5;14517.0
188200;17679.5;3162.5;14517.0
188300;17657.0;3140.0;14517.0
188400;17662.0;3145.0;14517.0
188500;17657.0;3140.0;14517.0
188600;17662.0;3145.0;14517.0
188700;17662.0;3145.0;14517.0
188800;17657.0;3140.0;14517.0
188900;18499.5;3142.5;15357.0
189000;17702.0;3145.0;14557.0
189100;17742.0;3145.0;14597.0
189200;17747.0;3150.0;14597.0
189300;17852.0;3135.0;14717.0
189400;17742.0;3145.0;14597.0
189500;17752.0;3155.0;14597.0
189600;17862.0;3145.0;14717.0
189700;17622.0;3145.0;14477.0
189800;17747.0;3150.0;14597.0
189900;17749.5;3152.5;14597.0
190000;17782.0;3145.0;14637.0
190100;17782.0;3145.0;14637.0
190200;17942.0;3145.0;14797.0
190300;17822.0;3145.0;14677.0
190400;17824.5;3147.5;14677.0
190500;17822.0;3145.0;14677.0
190600;17827.0;3150.0;14677.0
190700;17702.0;3145.0;14557.0
190800;17942.0;3145.0;14797.0
190900;17822.0;3145.0;14677.0
191000;17747.0;3150.0;14597.0
191100;17907.0;3150.0;14757.0
191200;17852.0;3215.0;14637.0
191300;17957.0;3200.0;14757.0
191400;17957.0;3200.0;14757.0
191500;17852.0;3215.0;14637.0
191600;17977.0;3220.0;14757.0
191700;17847.0;3210.0;14637.0
191800;17847.0;3210.0;14637.0
191900;17962.0;3205.0;14757.0
192000;18019.5;3222.5;14797.0
192100;18057.0;3220.0;14837.0
192200;17949.5;3232.5;14717.0
192300;18047.0;3210.0;14837.0
192400;18052.0;3215.0;14837.0
192500;18059.5;3222.5;14837.0
192600;18052.0;3215.0;14837.0
192700;18052.0;3215.0;14837.0
192800;18111.5;3236.0;14875.5
192900;18257.5;3236.0;15021.5
193000;18144.0;3232.0;14912.0
193100;18168.5;3220.0;14948.5
193200;18230.0;3172.0;15058.0
193300;18184.5;3236.0;14948.5
193400;18278.0;3220.0;15058.0
193500;18184.5;3236.0;14948.5
193600;18230.0;3172.0;15058.0
193700;18075.0;3236.0;14839.0
193800;18205.5;3257.0;14948.5
193900;18351.5;3257.0;15094.5
194000;18314.5;3220.0;15094.5
194100;18358.5;3337.0;15021.5
194200;18268.5;3247.0;15021.5
194300;18277.5;3256.0;15021.5
194400;18205.0;3293.0;14912.0
194500;18784.0;3288.0;15496.0
194600;18210.0;3298.0;14912.0
194700;18307.0;3285.5;15021.5
194800;18317.0;3295.5;15021.5
194900;19073.5;3285.5;15788.0
195000;18343.5;3285.5;15058.0
195100;18382.5;3288.0;15094.5
195200;18382.5;3288.0;15094.5
195300;18382.5;3288.0;15094.5
195400;18268.0;3283.0;14985.0
195500;18382.5;3288.0;15094.5
195600;18265.5;3280.5;14985.0
195700;18382.5;3288.0;15094.5
195800;18852.0;3283.0;15569.0
195900;18377.5;3283.0;15094.5
196000;18304.5;3283.0;15021.5
196100;18560.0;3283.0;15277.0
196200;18338.5;3280.5;15058.0
196300;18565.0;3288.0;15277.0
196400;18440.5;3273.0;15167.5
196500;18042.0;3283.0;14759.0
196600;19007.0;3288.0;15719.0
196700;18487.0;3288.0;15199.0
196800;18497.0;3298.0;15199.0
196900;18497.0;3298.0;15199.0
197000;18537.0;3298.0;15239.0
197100;18572.0;3293.0;15279.0
197200;18530.5;3251.5;15279.0
197300;18580.0;3301.0;15279.0
197400;18571.0;3292.0;15279.0
197500;18722.5;3323.5;15399.0
197600;18700.0;3301.0;15399.0
197700;18571.0;3292.0;15279.0
197800;18571.0;3292.0;15279.0
197900;18499.0;3220.0;15279.0
198000;18588.5;3269.5;15319.0
198100;18651.0;3292.0;15359.0
198200;18131.0;3292.0;14839.0
198300;18642.0;3283.0;15359.0
198400;18651.0;3292.0;15359.0
198500;18665.0;3306.0;15359.0
198600;18665.0;3306.0;15359.0
198700;18676.0;3317.0;15359.0
198800;18676.0;3317.0;15359.0
198900;18676.0;3317.0;15359.0
199000;18628.0;3229.0;15399.0
199100;18756.0;3317.0;15439.0
199200;18663.5;3344.5;15319.0
199300;19091.0;3306.0;15785.0
199400;18751.5;3295.0;15456.5
199500;18653.0;3306.0;15347.0
199600;19237.0;3306.0;15931.0
199700;18391.5;3306.0;15085.5
199800;18672.0;3317.0;15355.0
199900;18573.0;3218.0;15355.0
200000;18809.5;3300.5;15509.0
200100;18859.0;3350.0;15509.0
200200;18864.5;3317.0;15547.5
200300;18853.5;3306.0;15547.5
200400;18853.5;3306.0;15547.5
200500;18980.0;3317.0;15663.0
200600;18952.5;3405.0;15547.5
200700;18974.5;3311.5;15663.0
200800;18875.5;3328.0;15547.5
200900;18754.5;3322.5;15432.0
201000;18897.5;3311.5;15586.0
201100;19024.0;3322.5;15701.5
201200;18952.5;3328.0;15624.5
201300;18963.5;3339.0;15624.5
201400;18952.5;3328.0;15624.5
201500;19079.0;3339.0;15740.0
201600;19145.0;3405.0;15740.0
201700;18941.5;3317.0;15624.5
201800;18837.0;3328.0;15509.0
201900;18552.0;3317.0;15235.0
202000;19003.5;3328.5;15675.0
202100;19017.0;3342.0;15675.0
202200;19009.0;3414.0;15595.0
202300;19057.0;3342.0;15715.0
202400;19057.0;3342.0;15715.0
202500;19457.0;3351.0;16106.0
202600;19032.5;3296.5;15736.0
202700;19110.5;3374.5;15736.0
202800;18610.0;3355.0;15255.0
202900;19128.0;3355.0;15773.0
203000;19128.0;3355.0;15773.0
203100;19128.0;3355.0;15773.0
203200;19145.5;3335.5;15810.0
203300;19165.0;3355.0;15810.0
203400;19145.5;3335.5;15810.0
203500;19165.0;3355.0;15810.0
203600;19276.0;3355.0;15921.0
203700;19218.0;3348.5;15869.5
203800;19133.5;3264.0;15869.5
203900;19271.0;3368.0;15903.0
204000;19258.0;3355.0;15903.0
204100;19245.0;3342.0;15903.0
204200;19223.5;3387.5;15836.0
204300;19753.0;3381.0;16372.0
204400;19311.0;3374.5;15936.5
204500;19392.0;3355.0;16037.0
204600;18869.0;3368.0;15501.0
204700;19304.5;3368.0;15936.5
204800;19204.0;3368.0;15836.0
204900;19401.0;3431.0;15970.0
205000;19401.0;3431.0;15970.0
205100;19401.0;3431.0;15970.0
205200;19434.5;3431.0;16003.5
205300;19401.5;3398.0;16003.5
205400;19467.5;3464.0;16003.5
205500;19456.5;3453.0;16003.5
205600;19434.5;3431.0;16003.5
205700;19334.0;3431.0;15903.0
205800;19564.5;3561.0;16003.5
205900;19502.0;3465.0;16037.0
206000;19518.0;3481.0;16037.0
206100;19502.0;3465.0;16037.0
206200;19519.5;3449.0;16070.5
206300;19419.0;3449.0;15970.0
206400;19495.0;3525.0;15970.0
206500;19602.5;3532.0;16070.5
206600;19989.0;3483.0;16506.0
206700;19546.5;3476.0;16070.5
206800;19546.5;3476.0;16070.5
206900;19580.0;3476.0;16104.0
207000;19687.5;3483.0;16204.5
207100;19601.0;3497.0;16104.0
207200;-798247.5;3517.5;-801765.0
207300;19641.5;3504.0;16137.5
207400;19628.0;3490.5;16137.5
207500;19641.5;3504.0;16137.5
207600;19641.5;3504.0;16137.5
207700;19554.5;3517.5;16037.0
207800;19655.0;3517.5;16137.5
207900;20112.5;3472.5;16640.0
208000;19583.5;3513.0;16070.5
208100;19684.0;3513.0;16171.0
208200;19617.0;3513.0;16104.0
208300;19717.5;3513.0;16204.5
208400;19708.5;3504.0;16204.5
208500;19818.0;3513.0;16305.0
208600;19626.0;3522.0;16104.0
208700;19617.0;3513.0;16104.0
208800;19726.5;3522.0;16204.5
208900;19760.0;3522.0;16238.0
209000;19796.0;3558.0;16238.0
209100;19746.5;3508.5;16238.0
209200;19780.0;3508.5;16271.5
209300;19793.5;3522.0;16271.5
209400;20142.0;3535.5;16606.5
209500;19807.0;3535.5;16271.5
209600;19793.5;3522.0;16271.5
209700;19802.5;3531.0;16271.5
209800;19865.5;3594.0;16271.5
209900;19899.0;3594.0;16305.0
210000;20569.0;3594.0;16975.0
210100;19920.0;3615.0;16305.0
210200;19953.5;3615.0;16338.5
210300;19953.5;3615.0;16338.5
210400;19953.5;3615.0;16338.5
210500;20051.0;3612.0;16439.0
210600;19953.5;3615.0;16338.5
210700;19950.5;3612.0;16338.5
210800;19955.0;3616.5;16338.5
210900;19987.0;3615.0;16372.0
211000;20043.0;3671.0;16372.0
211100;20043.0;3671.0;16372.0
211200;20071.5;3666.0;16405.5
211300;20076.5;3671.0;16405.5
211400;20182.0;3676.0;16506.0
211500;20512.0;3671.0;16841.0
211600;20076.5;3671.0;16405.5
211700;20069.0;3663.5;16405.5
211800;20074.0;3668.5;16405.5
211900;20002.0;3663.5;16338.5
212000;20259.5;3720.0;16539.5
212100;20135.0;3696.0;16439.0
212200;20180.5;3708.0;16472.5
212300;20216.5;3744.0;16472.5
212400;20616.0;3708.0;16908.0
212500;20168.5;3696.0;16472.5
212600;20186.5;3714.0;16472.5
212700;20180.5;3708.0;16472.5
212800;20180.5;3708.0;16472.5
212900;20125.5;3720.0;16405.5
213000;20320.5;3714.0;16606.5
213100;20549.0;3708.0;16841.0
213200;-99281.0;-116256.0;16975.0
213300;20360.0;3720.0;16640.0
213400;20247.5;3708.0;16539.5
213500;20418.0;3778.0;16640.0
213600;20272.0;3743.0;16529.0
213700;20400.5;3760.5;16640.0
213800;20279.0;3750.0;16529.0
213900;20809.5;3725.5;17084.0
214000;20205.0;3750.0;16455.0
214100;20347.5;3781.5;16566.0
214200;20353.0;3750.0;16603.0
214300;20353.0;3750.0;16603.0
214400;20417.5;3814.5;16603.0
214500;20440.0;3837.0;16603.0
214600;20473.0;3870.0;16603.0
214700;20380.0;3888.0;16492.0
214800;20491.0;3888.0;16603.0
214900;20528.0;3888.0;16640.0
215000;20639.0;3888.0;16751.0
215100;20367.5;3838.5;16529.0
215200;20565.0;3888.0;16677.0
215300;20454.0;3888.0;16566.0
215400;20565.0;3888.0;16677.0
215500;20084.0;3888.0;16196.0
215600;20641.0;3816.0;16825.0
215700;20644.5;3856.5;16788.0
215800;20565.0;3888.0;16677.0
215900;20602.0;3888.0;16714.0
216000;20190.5;3888.0;16302.5
216100;21026.0;3915.0;17111.0
216200;20652.5;3888.0;16764.5
216300;20693.0;3928.5;16764.5
216400;20652.5;3888.0;16764.5
216500;20643.5;3879.0;16764.5
216600;20217.0;3879.0;16338.0
216700;20666.0;3888.0;16778.0
216800;20699.0;3888.0;16811.0
216900;20736.0;3888.0;16848.0
217000;20847.0;3888.0;16959.0
217100;20745.0;3897.0;16848.0
217200;21106.0;3888.0;17218.0
217300;20782.0;3897.0;16885.0
217400;20768.5;3883.5;16885.0
217500;20791.0;3906.0;16885.0
217600;20782.0;3897.0;16885.0
217700;20782.0;3897.0;16885.0
217800;20773.0;3888.0;16885.0
217900;20823.5;3901.5;16922.0
218000;20699.0;3888.0;16811.0
218100;20810.0;3888.0;16922.0
218200;20847.0;3888.0;16959.0
218300;20851.5;3892.5;16959.0
218400;20784.0;3825.0;16959.0
218500;21350.5;3910.5;17440.0
218600;20869.5;3910.5;16959.0
218700;21346.0;3906.0;17440.0
218800;20754.0;3906.0;16848.0
218900;20893.0;3897.0;16996.0
219000;20893.0;3897.0;16996.0
219100;20928.0;3932.0;16996.0
219200;20965.0;3932.0;17033.0
219300;20965.0;3932.0;17033.0
219400;20965.0;3932.0;17033.0
219500;20965.0;3932.0;17033.0
219600;21028.0;3995.0;17033.0
219700;20983.0;3950.0;17033.0
219800;20492.0;3940.0;16552.0
219900;21121.0;3940.0;17181.0
220000;21000.0;3930.0;17070.0
220100;20899.0;3940.0;16959.0
220200;21238.0;4020.0;17218.0
220300;21057.0;3950.0;17107.0
220400;21032.0;3925.0;17107.0
220500;21127.0;4020.0;17107.0
220600;20936.0;3940.0;16996.0
220700;21047.0;3940.0;17107.0
220800;21047.0;3940.0;17107.0
220900;21220.0;3965.0;17255.0
221000;-883270.0;3940.0;-887210.0
221100;21084.0;3940.0;17144.0
221200;21010.0;3940.0;17070.0
221300;21191.0;4010.0;17181.0
221400;21191.0;4010.0;17181.0
221500;21191.0;4010.0;17181.0
221600;21191.0;4010.0;17181.0
221700;21080.0;4010.0;17070.0
221800;21080.0;4010.0;17070.0
221900;21228.0;4010.0;17218.0
222000;21228.0;4010.0;17218.0
222100;21228.0;4010.0;17218.0
222200;21265.0;4010.0;17255.0
222300;21265.0;4010.0;17255.0
222400;21746.0;4010.0;17736.0
222500;21376.0;4010.0;17366.0
222600;21265.0;4010.0;17255.0
222700;21265.0;4010.0;17255.0
222800;21265.0;4010.0;17255.0
222900;21302.0;4010.0;17292.0
223000;21191.0;4010.0;17181.0
223100;21302.0;4010.0;17292.0
223200;21339.0;4010.0;17329.0
223300;21339.0;4010.0;17329.0
223400;21339.0;4010.0;17329.0
223500;21450.0;4010.0;17440.0
223600;21339.0;4010.0;17329.0
223700;21200.0;3982.0;17218.0
223800;21346.0;4017.0;17329.0
223900;21386.5;4020.5;17366.0
224000;21386.5;4020.5;17366.0
224100;21390.0;4024.0;17366.0
224200;21437.5;4034.5;17403.0
224300;21420.0;4017.0;17403.0
224400;21420.0;4017.0;17403.0
224500;21326.5;4006.5;17320.0
224600;21603.0;4073.0;17530.0
224700;21491.0;4066.0;17425.0
224800;21512.0;4087.0;17425.0
224900;21631.0;4066.0;17565.0
225000;21442.0;4087.0;17355.0
225100;21526.0;4066.0;17460.0
225200;21554.0;4059.0;17495.0
225300;21456.0;4066.0;17390.0
225400;-118439.0;-135934.0;17495.0
225500;21666.0;4066.0;17600.0
225600;21561.0;4066.0;17495.0
225700;21456.0;4066.0;17390.0
225800;21561.0;4066.0;17495.0
225900;22030.0;4045.0;17985.0
226000;22058.0;4038.0;18020.0
226100;21673.0;4038.0;17635.0
226200;21617.0;4052.0;17565.0
226300;21722.0;4052.0;17670.0
226400;21652.0;4087.0;17565.0
226500;21633.0;4068.0;17565.0
226600;21652.0;4087.0;17565.0
226700;21652.0;4087.0;17565.0
226800;21500.0;3935.0;17565.0
226900;21687.0;4087.0;17600.0
227000;21668.0;4068.0;17600.0
227100;21649.0;4049.0;17600.0
227200;21722.0;4087.0;17635.0
227300;21703.0;4068.0;17635.0
227400;21771.0;4136.0;17635.0
227500;21741.0;4106.0;17635.0
227600;21711.0;4076.0;17635.0
227700;21816.0;4076.0;17740.0
227800;22071.0;4086.0;17985.0
227900;21861.0;4086.0;17775.0
228000;21656.0;4091.0;17565.0
228100;21756.0;4086.0;17670.0
228200;21906.0;4096.0;17810.0
228300;21801.0;4096.0;17705.0
228400;21801.0;4096.0;17705.0
228500;21791.0;4086.0;17705.0
228600;21801.0;4096.0;17705.0
228700;21801.0;4096.0;17705.0
228800;21801.0;4096.0;17705.0
228900;21766.0;4026.0;17740.0
229000;21341.0;4091.0;17250.0
229100;21846.0;4106.0;17740.0
229200;21881.0;4106.0;17775.0
229300;21903.0;4106.0;17797.0
229400;21903.0;4106.0;17797.0
229500;21804.0;4106.0;17698.0
229600;22002.0;4106.0;17896.0
229700;21987.0;4091.0;17896.0
229800;21893.0;4096.0;17797.0
229900;21926.0;4096.0;17830.0
230000;21956.0;4126.0;17830.0
230100;21855.0;4124.0;17731.0
230200;21888.0;4124.0;17764.0
230300;22068.0;4106.0;17962.0
230400;21993.0;4130.0;17863.0
230500;21993.0;4130.0;17863.0
230600;22042.0;4179.0;17863.0
230700;22042.0;4179.0;17863.0
230800;22472.0;4180.0;18292.0
230900;22076.0;4180.0;17896.0
231000;22076.0;4180.0;17896.0
231100;22175.0;4180.0;17995.0
231200;22109.0;4180.0;17929.0
231300;22109.0;4180.0;17929.0
231400;22208.0;4180.0;18028.0
231500;22538.0;4180.0;18358.0
231600;22011.0;4181.0;17830.0
231700;22539.0;4181.0;18358.0
231800;22210.5;4182.5;18028.0
231900;22143.0;4181.0;17962.0
232000;22143.0;4181.0;17962.0
232100;22143.0;4181.0;17962.0
232200;22176.0;4181.0;17995.0
232300;22176.0;4181.0;17995.0
232400;22167.0;4172.0;17995.0
232500;22076.0;4180.0;17896.0
232600;22077.0;4181.0;17896.0
232700;22175.0;4180.0;17995.0
232800;22175.0;4180.0;17995.0
232900;22308.0;4181.0;18127.0
233000;22110.0;4181.0;17929.0
233100;22040.0;4182.0;17858.0
233200;22267.0;4181.0;18086.0
233300;22381.0;4181.0;18200.0
233400;22153.0;4181.0;17972.0
233500;22264.0;4178.0;18086.0
233600;22316.0;4230.0;18086.0
233700;22310.0;4224.0;18086.0
233800;22250.0;4164.0;18086.0
233900;22462.0;4224.0;18238.0
234000;22348.0;4224.0;18124.0
234100;22348.0;4224.0;18124.0
234200;22656.0;4266.0;18390.0
234300;22428.0;4266.0;18162.0
234400;22452.0;4290.0;18162.0
234500;22922.0;4266.0;18656.0
234600;22440.0;4278.0;18162.0
234700;22422.0;4260.0;18162.0
234800;22524.0;4362.0;18162.0
234900;22256.0;4170.0;18086.0
235000;22466.0;4266.0;18200.0
235100;22508.0;4308.0;18200.0
235200;22480.0;4356.0;18124.0
235300;22432.0;4308.0;18124.0
235400;22052.0;4308.0;17744.0
235500;22660.0;4308.0;18352.0
235600;22660.0;4308.0;18352.0
235700;22570.0;4332.0;18238.0
235800;22461.0;4337.0;18124.0
235900;22066.0;4334.0;17732.0
236000;22629.0;4337.0;18292.0
236100;22630.0;4338.0;18292.0
236200;22670.0;4338.0;18332.0
236300;22791.0;4339.0;18452.0
236400;21911.5;4339.5;17572.0
236500;22554.5;4342.5;18212.0
236600;22671.0;4339.0;18332.0
236700;22670.0;4338.0;18332.0
236800;22670.0;4338.0;18332.0
236900;22710.0;4338.0;18372.0
237000;22711.5;4339.5;18372.0
237100;22875.0;4338.0;18537.0
237200;22800.5;4337.5;18463.0
237300;22802.0;4339.0;18463.0
237400;22803.0;4340.0;18463.0
237500;22099.0;4339.0;17760.0
237600;22818.5;4339.0;18479.5
237700;22820.5;4341.0;18479.5
237800;22819.5;4340.0;18479.5
237900;22971.5;4338.0;18633.5
238000;22857.0;4339.0;18518.0
238100;22856.0;4338.0;18518.0
238200;23076.5;4404.5;18672.0
238300;22974.5;4418.0;18556.5
238400;22974.5;4418.0;18556.5
238500;22974.5;4418.0;18556.5
238600;22859.0;4418.0;18441.0
238700;23248.5;4422.5;18826.0
238800;22956.5;4400.0;18556.5
238900;23004.0;4409.0;18595.0
239000;23053.5;4458.5;18595.0
239100;23047.5;4337.0;18710.5
239200;22616.0;4409.0;18207.0
239300;23074.0;4427.0;18647.0
239400;22936.0;4409.0;18527.0
239500;23065.0;4418.0;18647.0
239600;23051.5;4404.5;18647.0
239700;23128.0;4481.0;18647.0
239800;23056.0;4409.0;18647.0
239900;23096.0;4409.0;18687.0
240000;23091.5;4404.5;18687.0
240100;23006.0;4319.0;18687.0
240200;23145.0;4418.0;18727.0
240300;23265.0;4418.0;18847.0
240400;23131.5;4404.5;18727.0
240500;23016.0;4409.0;18607.0
240600;23176.5;4449.5;18727.0
240700;23656.0;4409.0;19247.0
240800;23127.0;4400.0;18727.0
240900;23405.5;4481.0;18924.5
241000;23342.5;4418.0;18924.5
241100;23230.0;4418.0;18812.0
241200;23258.5;4409.0;18849.5
241300;23272.0;4422.5;18849.5
241400;23159.5;4422.5;18737.0
241500;23159.5;4422.5;18737.0
241600;23249.5;4400.0;18849.5
241700;23267.5;4418.0;18849.5
241800;23231.5;4382.0;18849.5
241900;23296.0;4409.0;18887.0
242000;23296.0;4409.0;18887.0
242100;23738.5;4364.0;19374.5
242200;23315.5;4391.0;18924.5
242300;23821.0;4409.0;19412.0
242400;23338.0;4413.5;18924.5
242500;23203.0;4391.0;18812.0
242600;23212.0;4400.0;18812.0
242700;23324.5;4400.0;18924.5
242800;23347.0;4422.5;18924.5
242900;23240.5;4391.0;18849.5
243000;23362.0;4400.0;18962.0
243100;23362.0;4400.0;18962.0
243200;23512.0;4400.0;19112.0
243300;23395.0;4395.5;18999.5
243400;23407.0;4391.0;19016.0
243500;23488.0;4472.0;19016.0
243600;23407.0;4391.0;19016.0
243700;23359.0;4343.0;19016.0
243800;23411.0;4395.0;19016.0
243900;23482.5;4427.5;19055.0
244000;23580.0;4408.0;19172.0
244100;23463.0;4408.0;19055.0
244200;23535.0;4408.0;19127.0
244300;23561.0;4434.0;19127.0
244400;23509.0;4382.0;19127.0
244500;23522.0;4395.0;19127.0
244600;23509.0;4382.0;19127.0
244700;23630.0;4395.0;19235.0
244800;23617.0;4382.0;19235.0
244900;23545.0;4382.0;19163.0
245000;23437.0;4382.0;19055.0
245100;23571.0;4408.0;19163.0
245200;23708.5;4401.5;19307.0
245300;23594.0;4395.0;19199.0
245400;23607.0;4408.0;19199.0
245500;23113.0;4382.0;18731.0
245600;23594.0;4395.0;19199.0
245700;23568.0;4369.0;19199.0
245800;23343.0;4252.0;19091.0
245900;23617.0;4382.0;19235.0
246000;23725.0;4382.0;19343.0
246100;23630.0;4395.0;19235.0
246200;23687.0;4416.0;19271.0
246300;23587.0;4424.0;19163.0
246400;23671.0;4400.0;19271.0
246500;23751.0;4480.0;19271.0
246600;23771.0;4392.0;19379.0
246700;23671.0;4400.0;19271.0
246800;23815.0;4400.0;19415.0
246900;23579.0;4272.0;19307.0
247000;23707.0;4400.0;19307.0
247100;23707.0;4400.0;19307.0
247200;23743.0;4400.0;19343.0
247300;23635.0;4400.0;19235.0
247400;23635.0;4400.0;19235.0
247500;23615.0;4272.0;19343.0
247600;23743.0;4400.0;19343.0
247700;23727.0;4384.0;19343.0
247800;23259.0;4384.0;18875.0
247900;23655.0;4384.0;19271.0
248000;23763.0;4384.0;19379.0
248100;23647.0;4376.0;19271.0
248200;23767.0;4352.0;19415.0
248300;23707.0;4400.0;19307.0
248400;23707.0;4400.0;19307.0
248500;23411.0;4400.0;19011.0
248600;23835.0;4384.0;19451.0
248700;23835.0;4384.0;19451.0
248800;23867.0;4416.0;19451.0
248900;23883.0;4392.0;19491.0
249000;23875.0;4384.0;19491.0
249100;23891.0;4400.0;19491.0
249200;23977.0;4424.0;19553.0
249300;23839.0;4400.0;19439.0
249400;24109.0;4442.0;19667.0
249500;23995.0;4442.0;19553.0
249600;24061.0;4508.0;19553.0
249700;23903.0;4464.0;19439.0
249800;23841.0;4288.0;19553.0
249900;24055.0;4464.0;19591.0
250000;23963.0;4486.0;19477.0
250100;24055.0;4464.0;19591.0
250200;24185.0;4442.0;19743.0
250300;23577.0;4442.0;19135.0
250400;24082.0;4453.0;19629.0
250500;24071.0;4442.0;19629.0
250600;23401.0;4266.0;19135.0
250700;24185.0;4442.0;19743.0
250800;24185.0;4442.0;19743.0
250900;24109.0;4442.0;19667.0
251000;24137.0;4470.0;19667.0
251100;24124.0;4457.0;19667.0
251200;24315.0;4496.0;19819.0
251300;24162.0;4457.0;19705.0
251400;24201.0;4496.0;19705.0
251500;24149.0;4444.0;19705.0
251600;24253.0;4548.0;19705.0
251700;24136.0;4431.0;19705.0
251800;24594.0;4509.0;20085.0
251900;24260.0;4517.0;19743.0
252000;24260.0;4517.0;19743.0
252100;24444.0;4701.0;19743.0
252200;24275.0;4494.0;19781.0
252300;24172.5;4505.5;19667.0
252400;24309.5;4528.5;19781.0
252500;24263.5;4482.5;19781.0
252600;23576.0;4517.0;19059.0
252700;24275.0;4494.0;19781.0
252800;24275.0;4494.0;19781.0
252900;24290.0;4471.0;19819.0
253000;24336.0;4517.0;19819.0
253100;24313.0;4494.0;19819.0
253200;24351.0;4494.0;19857.0
253300;24351.0;4494.0;19857.0
253400;24351.0;4494.0;19857.0
253500;24351.0;4494.0;19857.0
253600;24372.0;4515.0;19857.0
253700;24853.0;4502.0;20351.0
253800;24297.0;4554.0;19743.0
253900;24296.0;4515.0;19781.0
254000;24410.0;4515.0;19895.0
254100;24446.0;4515.0;19931.0
254200;24481.0;4515.0;19966.0
254300;24910.0;4489.0;20421.0
254400;24481.0;4515.0;19966.0
254500;24468.0;4502.0;19966.0
254600;24936.0;4515.0;20421.0
254700;24481.0;4515.0;19966.0
254800;24507.0;4541.0;19966.0
254900;24608.0;4502.0;20106.0
255000;24359.0;4463.0;19896.0
255100;24542.0;4541.0;20001.0
255200;24682.0;4541.0;20141.0
255300;24335.0;4404.0;19931.0
255400;24488.0;4557.0;19931.0
255500;24349.0;4313.0;20036.0
255600;24718.0;4577.0;20141.0
255700;24746.0;4605.0;20141.0
255800;24186.0;4605.0;19581.0
255900;24836.0;4765.0;20071.0
256000;24646.0;4680.0;19966.0
256100;24867.0;4446.0;20421.0
256200;24520.5;4733.0;19787.5
256300;24713.0;4733.0;19980.0
256400;24665.0;4774.0;19891.0
256500;24742.0;4651.0;20091.0
256600;24824.0;4733.0;20091.0
256700;24851.5;4733.0;20118.5
256800;24964.0;4733.0;20231.0
256900;25001.5;4733.0;20268.5
257000;24950.5;4794.5;20156.0
257100;25202.5;4671.5;20531.0
257200;24926.5;4733.0;20193.5
257300;24885.5;4692.0;20193.5
257400;24926.5;4733.0;20193.5
257500;24967.5;4774.0;20193.5
257600;24588.0;4282.0;20306.0
257700;24398.0;4692.0;19706.0
257800;24885.5;4692.0;20193.5
257900;25244.0;5013.0;20231.0
258000;24921.0;4690.0;20231.0
258100;24587.5;4469.0;20118.5
258200;25030.5;4762.0;20268.5
258300;25278.5;5010.0;20268.5
258400;25026.5;4870.5;20156.0
258500;25012.0;4856.0;20156.0
258600;25652.0;4896.0;20756.0
258700;25124.5;4856.0;20268.5
258800;24637.0;4856.0;19781.0
258900;25162.0;4856.0;20306.0
259000;25142.0;4836.0;20306.0
259100;25202.0;4896.0;20306.0
259200;25219.5;4876.0;20343.5
259300;25239.5;4896.0;20343.5
259400;25239.5;4896.0;20343.5
259500;25352.0;4896.0;20456.0
259600;25279.5;4936.0;20343.5
259700;25239.5;4896.0;20343.5
259800;25379.5;5036.0;20343.5
259900;25377.0;4996.0;20381.0
260000;25317.0;4936.0;20381.0
260100;25449.5;4956.0;20493.5
260200;24799.0;4796.0;20003.0
260300;25165.0;4616.0;20549.0
260400;25835.0;4896.0;20939.0
260500;25408.0;4976.0;20432.0
260600;25408.0;4976.0;20432.0
260700;24901.0;4976.0;19925.0
260800;25488.0;5056.0;20432.0
260900;25330.0;4976.0;20354.0
261000;25327.0;4856.0;20471.0
261100;25564.0;4976.0;20588.0
261200;25446.0;4936.0;20510.0
261300;25446.0;4936.0;20510.0
261400;25126.0;4616.0;20510.0
261500;25019.0;5016.0;20003.0
261600;25666.0;5156.0;20510.0
261700;25517.5;5124.5;20393.0
261800;25247.0;4737.0;20510.0
261900;25534.0;4985.0;20549.0
262000;25487.5;4938.5;20549.0
262100;25570.0;4985.0;20585.0
262200;25606.0;4985.0;20621.0
262300;25559.5;4938.5;20621.0
262400;25676.0;5055.0;20621.0
262500;25952.0;5223.0;20729.0
262600;25676.0;5055.0;20621.0
262700;25508.0;4887.0;20621.0
262800;25844.0;5223.0;20621.0
262900;26411.0;5034.0;21377.0
263000;25712.0;5055.0;20657.0
263100;25712.0;5055.0;20657.0
263200;25856.0;5055.0;20801.0
263300;25748.0;5055.0;20693.0
263400;25748.0;5055.0;20693.0
263500;25748.0;5055.0;20693.0
263600;25640.0;5055.0;20585.0
263700;25769.0;5076.0;20693.0
263800;25790.0;5097.0;20693.0
263900;25784.0;5055.0;20729.0
264000;25802.0;5055.0;20747.0
264100;25896.5;5149.5;20747.0
264200;25871.0;5086.5;20784.5
264300;25839.5;5055.0;20784.5
264400;26358.5;5086.5;21272.0
264500;25784.0;4887.0;20897.0
264600;25839.5;5055.0;20784.5
264700;25727.0;5055.0;20672.0
264800;25931.0;5034.0;20897.0
264900;26360.0;5013.0;21347.0
265000;25898.0;5076.0;20822.0
265100;25877.0;5055.0;20822.0
265200;25377.0;5055.0;20322.0
265300;25937.0;5055.0;20882.0
265400;26078.0;5076.0;21002.0
265500;25518.0;5076.0;20442.0
265600;25438.0;5076.0;20362.0
265700;26310.0;4908.0;21402.0
265800;25958.0;5076.0;20882.0
265900;25558.0;5076.0;20482.0
266000;25600.0;5118.0;20482.0
266100;25977.0;5175.0;20802.0
266200;26089.0;5127.0;20962.0
266300;26110.0;5148.0;20962.0
266400;26239.0;5157.0;21082.0
266500;25345.5;5143.5;20202.0
266600;25581.0;5139.0;20442.0
266700;25590.0;5148.0;20442.0
266800;25954.5;5152.5;20802.0
266900;26150.0;5148.0;21002.0
267000;26056.0;5174.0;20882.0
267100;26172.0;5170.0;21002.0
267200;26248.0;5206.0;21042.0
267300;26344.0;5182.0;21162.0
267400;26200.0;5158.0;21042.0
267500;25804.0;5202.0;20602.0
267600;26376.0;5214.0;21162.0
267700;26180.0;5138.0;21042.0
267800;26212.0;5170.0;21042.0
267900;26264.0;5182.0;21082.0
268000;26376.0;5174.0;21202.0
268100;26260.0;5178.0;21082.0
268200;27052.0;5170.0;21882.0
268300;26292.0;5170.0;21122.0
268400;26377.0;5135.0;21242.0
268500;26356.0;5234.0;21122.0
268600;26865.0;5223.0;21642.0
268700;26334.0;5212.0;21122.0
268800;26345.0;5223.0;21122.0
268900;26396.0;5234.0;21162.0
269000;26396.0;5234.0;21162.0
269100;26385.0;5223.0;21162.0
269200;26265.0;5223.0;21042.0
269300;26425.0;5223.0;21202.0
269400;26425.0;5223.0;21202.0
269500;26425.0;5223.0;21202.0
269600;26425.0;5223.0;21202.0
269700;26430.5;5228.5;21202.0
269800;26436.0;5234.0;21202.0
269900;26596.0;5234.0;21362.0
270000;26465.0;5223.0;21242.0
270100;26476.0;5234.0;21242.0
270200;26505.0;5223.0;21282.0
270300;26532.5;5250.5;21282.0
270400;26527.0;5245.0;21282.0
270500;26510.5;5228.5;21282.0
270600;26636.0;5234.0;21402.0
270700;26676.0;5234.0;21442.0
270800;26516.0;5234.0;21282.0
270900;26116.0;5234.0;20882.0
271000;26523.0;5201.0;21322.0
271100;26556.0;5234.0;21322.0
271200;26634.5;5272.5;21362.0
271300;26596.0;5234.0;21362.0
271400;26596.0;5234.0;21362.0
271500;26607.0;5245.0;21362.0
271600;26487.0;5245.0;21242.0
271700;26487.0;5245.0;21242.0
271800;-83706.0;-104788.0;21082.0
271900;26836.0;5261.5;21574.5
272000;26890.0;5279.0;21611.0
272100;26748.0;5283.0;21465.0
272200;26894.0;5283.0;21611.0
272300;26772.5;5271.0;21501.5
272400;26768.5;5267.0;21501.5
272500;26310.0;5283.0;21027.0
272600;26776.5;5275.0;21501.5
272700;26772.5;5271.0;21501.5
272800;26675.0;5283.0;21392.0
272900;26711.5;5283.0;21428.5
273000;26863.0;5325.0;21538.0
273100;26739.5;5311.0;21428.5
273200;26885.5;5311.0;21574.5
273300;26899.5;5325.0;21574.5
273400;27121.0;5437.0;21684.0
273500;26885.5;5311.0;21574.5
273600;27248.0;5199.0;22049.0
273700;27141.0;5311.0;21830.0
273800;27031.5;5311.0;21720.5
273900;26922.0;5311.0;21611.0
274000;27454.0;5332.0;22122.0
274100;27443.0;5321.0;22122.0
274200;26979.5;5332.0;21647.5
274300;26886.5;5348.5;21538.0
274400;26870.0;5332.0;21538.0
274500;26990.5;5343.0;21647.5
274600;27116.5;5359.5;21757.0
274700;27018.0;5370.5;21647.5
274800;26985.0;5337.5;21647.5
274900;27005.0;5321.0;21684.0
275000;26999.5;5315.5;21684.0
275100;27527.0;5332.0;22195.0
275200;27089.0;5259.0;21830.0
275300;27064.5;5344.0;21720.5
275400;26955.0;5344.0;21611.0
275500;27174.0;5344.0;21830.0
275600;26928.5;5208.0;21720.5
275700;26590.0;5344.0;21246.0
275800;26590.0;5344.0;21246.0
275900;27101.0;5344.0;21757.0
276000;27067.0;5310.0;21757.0
276100;27101.0;5344.0;21757.0
276200;26371.0;5344.0;21027.0
276300;27028.0;5344.0;21684.0
276400;27120.5;5327.0;21793.5
276500;26646.0;5327.0;21319.0
276600;27366.0;5463.0;21903.0
276700;26951.5;5267.5;21684.0
276800;27120.5;5327.0;21793.5
276900;27070.5;5350.0;21720.5
277000;27198.0;5368.0;21830.0
277100;27289.5;5350.0;21939.5
277200;27545.0;5350.0;22195.0
277300;27595.0;5254.0;22341.0
277400;27107.0;5350.0;21757.0
277500;27216.5;5350.0;21866.5
277600;27216.5;5350.0;21866.5
277700;27238.5;5350.0;21888.5
277800;27358.5;5332.0;22026.5
277900;27273.0;5350.0;21923.0
278000;27255.0;5332.0;21923.0
278100;27145.5;5326.0;21819.5
278200;27399.0;5338.0;22061.0
278300;27391.5;5434.0;21957.5
278400;27295.5;5338.0;21957.5
278500;27295.5;5338.0;21957.5
278600;27313.5;5356.0;21957.5
278700;27295.5;5338.0;21957.5
278800;27295.5;5338.0;21957.5
278900;27318.0;5326.0;21992.0
279000;27312.0;5320.0;21992.0
279100;27318.0;5326.0;21992.0
279200;27480.0;5350.0;22130.0
279300;27492.0;5362.0;22130.0
279400;27358.5;5332.0;22026.5
279500;26928.0;5350.0;21578.0
279600;27376.5;5350.0;22026.5
279700;27382.5;5356.0;22026.5
279800;27514.5;5350.0;22164.5
279900;27526.5;5362.0;22164.5
280000;27411.0;5350.0;22061.0
280100;27411.0;5350.0;22061.0
280200;27549.0;5350.0;22199.0
280300;27445.5;5350.0;22095.5
280400;27427.5;5332.0;22095.5
280500;27445.5;5350.0;22095.5
280600;27112.0;5404.0;21708.0
280700;27517.5;5386.0;22131.5
280800;27420.0;5404.0;22016.0
280900;27602.5;5548.0;22054.5
281000;27062.0;5431.0;21631.0
281100;28113.0;5404.0;22709.0
281200;27612.5;5404.0;22208.5
281300;28022.0;5467.0;22555.0
281400;27612.5;5404.0;22208.5
281500;27728.0;5404.0;22324.0
281600;27612.5;5404.0;22208.5
281700;27497.0;5404.0;22093.0
281800;27612.5;5404.0;22208.5
281900;27553.5;5422.0;22131.5
282000;27883.5;5521.0;22362.5
282100;27660.0;5413.0;22247.0
282200;27716.5;5431.0;22285.5
282300;27671.5;5386.0;22285.5
282400;27707.5;5422.0;22285.5
282500;27689.5;5404.0;22285.5
282600;28208.0;5422.0;22786.0
282700;27592.0;5422.0;22170.0
282800;27735.5;5450.0;22285.5
282900;27697.5;5489.0;22208.5
283000;27618.0;5294.0;22324.0
283100;27826.0;5502.0;22324.0
283200;27890.5;5528.0;22362.5
283300;27775.0;5528.0;22247.0
283400;27890.5;5528.0;22362.5
283500;27838.5;5476.0;22362.5
283600;27656.5;5294.0;22362.5
283700;27916.5;5554.0;22362.5
283800;27799.5;5437.0;22362.5
283900;27890.0;5489.0;22401.0
284000;27929.0;5528.0;22401.0
284100;27390.0;5528.0;21862.0
284200;27839.5;5554.0;22285.5
284300;27967.5;5528.0;22439.5
284400;27967.5;5528.0;22439.5
284500;27967.5;5528.0;22439.5
284600;27980.5;5541.0;22439.5
284700;27967.5;5528.0;22439.5
284800;28199.5;5606.0;22593.5
284900;28006.0;5528.0;22478.0
285000;28147.5;5554.0;22593.5
285100;28032.0;5554.0;22478.0
285200;28070.5;5554.0;22516.5
285300;28070.5;5554.0;22516.5
285400;28160.0;5528.0;22632.0
285500;28057.5;5541.0;22516.5
285600;28070.5;5554.0;22516.5
285700;28140.5;5624.0;22516.5
285800;28294.5;5624.0;22670.5
285900;28179.0;5624.0;22555.0
286000;28215.0;5660.0;22555.0
286100;28718.0;5624.0;23094.0
286200;27717.0;5624.0;22093.0
286300;28181.5;5588.0;22593.5
286400;28297.0;5588.0;22709.0
286500;28073.5;5480.0;22593.5
286600;27893.5;5300.0;22593.5
286700;28351.0;5642.0;22709.0
286800;27828.0;5624.0;22204.0
286900;28142.0;5498.0;22644.0
287000;27968.0;5444.0;22524.0
287100;27872.0;5228.0;22644.0
287200;28326.0;5642.0;22684.0
287300;28272.0;5588.0;22684.0
287400;28188.0;5624.0;22564.0
287500;28152.0;5588.0;22564.0
287600;28152.0;5588.0;22564.0
287700;28236.0;5552.0;22684.0
287800;28450.0;5606.0;22844.0
287900;28276.0;5552.0;22724.0
288000;28156.0;5552.0;22604.0
288100;28396.0;5552.0;22844.0
288200;28352.0;5588.0;22764.0
288300;28280.0;5516.0;22764.0
288400;28316.0;5552.0;22764.0
288500;28316.0;5552.0;22764.0
288600;28352.0;5588.0;22764.0
288700;28196.0;5552.0;22644.0
288800;28604.0;5840.0;22764.0
288900;28356.0;5552.0;22804.0
289000;28440.0;5516.0;22924.0
289100;28284.0;5480.0;22804.0
289200;28360.0;5516.0;22844.0
289300;28462.0;5498.0;22964.0
289400;28468.0;5624.0;22844.0
289500;28713.5;5480.0;23233.5
289600;28515.0;5646.5;22868.5
289700;28177.5;5309.0;22868.5
289800;28297.5;5538.5;22759.0
289900;28416.5;5511.5;22905.0
290000;28430.0;5525.0;22905.0
290100;28995.0;5579.0;23416.0
290200;28493.5;5552.0;22941.5
290300;28944.0;5309.0;23635.0
290400;28466.5;5525.0;22941.5
290500;28657.0;5606.0;23051.0
290600;28466.5;5525.0;22941.5
290700;28466.5;5525.0;22941.5
290800;28543.5;5565.5;22978.0
290900;28653.0;5565.5;23087.5
291000;28393.5;5525.0;22868.5
291100;28503.0;5525.0;22978.0
291200;28512.5;5498.0;23014.5
291300;28499.0;5484.5;23014.5
291400;28512.5;5498.0;23014.5
291500;28512.5;5498.0;23014.5
291600;28566.5;5552.0;23014.5
291700;28566.5;5552.0;23014.5
291800;28807.0;5646.5;23160.5
291900;28439.5;5498.0;22941.5
292000;28595.0;5544.0;23051.0
292100;28680.0;5629.0;23051.0
292200;28682.5;5595.0;23087.5
292300;28682.5;5595.0;23087.5
292400;29064.5;5612.0;23452.5
292500;28682.5;5595.0;23087.5
292600;28648.5;5561.0;23087.5
292700;28648.5;5561.0;23087.5
292800;28988.5;5901.0;23087.5
292900;28794.5;5561.0;23233.5
293000;28685.0;5561.0;23124.0
293100;28140.0;5527.0;22613.0
293200;28851.0;5561.0;23290.0
293300;28768.0;5595.0;23173.0
293400;28885.0;5595.0;23290.0
293500;28768.0;5595.0;23173.0
293600;28651.0;5595.0;23056.0
293700;28634.0;5578.0;23056.0
293800;28952.0;5623.0;23329.0
293900;28937.0;5608.0;23329.0
294000;28718.0;5623.0;23095.0
294100;28601.0;5623.0;22978.0
294200;28874.0;5623.0;23251.0
294300;28874.0;5623.0;23251.0
294400;28919.0;5668.0;23251.0
294500;28889.0;5638.0;23251.0
294600;28844.0;5593.0;23251.0
294700;28727.0;5593.0;23134.0
294800;28604.0;5353.0;23251.0
294900;28853.0;5563.0;23290.0
295000;28277.0;5533.0;22744.0
295100;28823.0;5533.0;23290.0
295200;28922.0;5593.0;23329.0
295300;28952.0;5623.0;23329.0
295400;28845.0;5633.0;23212.0
295500;28912.0;5583.0;23329.0
295600;29079.0;5633.0;23446.0
295700;28845.0;5633.0;23212.0
295800;28962.0;5633.0;23329.0
295900;28924.0;5673.0;23251.0
296000;29098.0;5613.0;23485.0
296100;28849.0;5481.0;23368.0
296200;29042.0;5635.0;23407.0
296300;29084.0;5677.0;23407.0
296400;29112.0;5705.0;23407.0
296500;29112.0;5705.0;23407.0
296600;29140.0;5733.0;23407.0
296700;28577.0;5677.0;22900.0
296800;29112.0;5705.0;23407.0
296900;29151.0;5705.0;23446.0
297000;29151.0;5705.0;23446.0
297100;29542.0;5550.0;23992.0
297200;29249.5;5764.5;23485.0
297300;28802.0;5748.0;23054.0
297400;29192.5;5698.5;23494.0
297500;29359.0;5865.0;23494.0
297600;28679.0;5745.0;22934.0
297700;28755.0;5781.0;22974.0
297800;29667.5;5781.0;23886.5
297900;29322.5;5661.0;23661.5
298000;29241.5;5805.0;23436.5
298100;29342.0;5793.0;23549.0
298200;29391.5;5805.0;23586.5
298300;29367.5;5781.0;23586.5
298400;29279.0;5805.0;23474.0
298500;29471.0;5868.0;23603.0
298600;29471.0;5868.0;23603.0
298700;29462.0;5859.0;23603.0
298800;29426.0;5823.0;23603.0
298900;29582.0;5823.0;23759.0
299000;29483.0;5841.0;23642.0
299100;29465.0;5823.0;23642.0
299200;29522.0;5841.0;23681.0
299300;29477.0;5913.0;23564.0
299400;29559.0;5761.0;23798.0
299500;29669.0;5871.0;23798.0
299600;29435.0;5871.0;23564.0
299700;29392.0;5711.0;23681.0
299800;29552.0;5871.0;23681.0
299900;29619.0;5899.0;23720.0
300000;28803.0;5863.0;22940.0
300100;29619.0;5899.0;23720.0
300200;29658.0;5899.0;23759.0
300300;29505.0;5863.0;23642.0
300400;29541.0;5899.0;23642.0
300500;29775.0;5899.0;23876.0
300600;29658.0;5899.0;23759.0
300700;29922.0;6163.0;23759.0
300800;29682.0;5923.0;23759.0
300900;29721.0;5923.0;23798.0
301000;29721.0;5923.0;23798.0
301100;29625.0;5827.0;23798.0
301200;29229.0;5899.0;23330.0
301300;29712.0;5875.0;23837.0
301400;-210360.0;-234197.0;23837.0
301500;29724.0;5887.0;23837.0
301600;29688.0;5851.0;23837.0
301700;29517.0;5680.0;23837.0
301800;29682.0;5845.0;23837.0
301900;29721.0;5845.0;23876.0
302000;29721.0;5845.0;23876.0
302100;29871.0;5878.0;23993.0
302200;-930066.0;5614.0;-935680.0
302300;29793.0;5878.0;23915.0
302400;29910.0;5878.0;24032.0
302500;30123.0;6208.0;23915.0
302600;29842.0;5927.0;23915.0
302700;29811.0;5896.0;23915.0
302800;29257.5;5849.5;23408.0
302900;29803.5;5849.5;23954.0
303000;29779.5;5942.5;23837.0
303100;29850.0;5896.0;23954.0
303200;29945.0;5952.0;23993.0
303300;29922.0;5929.0;23993.0
303400;29956.5;5963.5;23993.0
303500;29910.5;5917.5;23993.0
303600;30062.0;5952.0;24110.0
303700;29945.0;5952.0;23993.0
303800;30101.0;5952.0;24149.0
303900;29984.0;5952.0;24032.0
304000;29995.5;5963.5;24032.0
304100;29984.0;5952.0;24032.0
304200;29844.0;5929.0;23915.0
304300;29919.5;5848.5;24071.0
304400;30243.5;6055.5;24188.0
304500;29906.0;5952.0;23954.0
304600;29906.0;5952.0;23954.0
304700;30530.0;5952.0;24578.0
304800;30369.5;5986.5;24383.0
304900;30062.0;5952.0;24110.0
305000;30018.0;5791.0;24227.0
305100;30119.5;6009.5;24110.0
305200;30101.0;5952.0;24149.0
305300;30218.0;5952.0;24266.0
305400;30135.5;5986.5;24149.0
305500;30241.0;5975.0;24266.0
305600;30112.5;5963.5;24149.0
305700;30101.0;5952.0;24149.0
305800;30018.5;5986.5;24032.0
305900;30257.0;5952.0;24305.0
306000;29956.0;5768.0;24188.0
306100;30140.0;5952.0;24188.0
306200;30179.0;5952.0;24227.0
306300;30202.0;5975.0;24227.0
306400;30179.0;5952.0;24227.0
306500;29672.0;5952.0;23720.0
306600;30156.0;5929.0;24227.0
306700;30179.0;5952.0;24227.0
306800;29649.0;5929.0;23720.0
306900;30241.0;5975.0;24266.0
307000;30101.0;5952.0;24149.0
307100;30242.0;5952.0;24290.0
307200;30424.5;5986.5;24438.0
307300;30198.5;5871.5;24327.0
307400;30290.5;5963.5;24327.0
307500;30168.0;5952.0;24216.0
307600;30244.5;5917.5;24327.0
307700;30413.0;5975.0;24438.0
307800;30279.0;5952.0;24327.0
307900;30427.0;5952.0;24475.0
308000;30293.0;5929.0;24364.0
308100;30362.0;5998.0;24364.0
308200;30353.0;5952.0;24401.0
308300;30330.0;5929.0;24401.0
308400;30399.0;5998.0;24401.0
308500;30219.0;5929.0;24290.0
308600;30353.0;5952.0;24401.0
308700;30429.5;5917.5;24512.0
308800;30367.0;5929.0;24438.0
308900;30252.0;5814.0;24438.0
309000;29684.0;5764.0;23920.0
309100;30473.0;5924.0;24549.0
309200;30511.0;6036.0;24475.0
309300;30399.0;5924.0;24475.0
309400;30320.0;5956.0;24364.0
309500;30399.0;5924.0;24475.0
309600;30655.0;6180.0;24475.0
309700;30367.0;5892.0;24475.0
309800;30399.0;5924.0;24475.0
309900;30562.5;6050.5;24512.0
310000;30441.0;5929.0;24512.0
310100;30531.0;6019.0;24512.0
310200;30348.0;5947.0;24401.0
310300;30469.0;5920.0;24549.0
310400;30487.0;5938.0;24549.0
310500;30232.0;5794.0;24438.0
310600;30487.0;5938.0;24549.0
310700;30469.0;5920.0;24549.0
310800;30487.0;5938.0;24549.0
310900;30319.5;5844.5;24475.0
311000;30534.0;5948.0;24586.0
311100;30557.0;5971.0;24586.0
311200;30559.5;5936.5;24623.0
311300;31040.5;5936.5;25104.0
311400;30594.0;5971.0;24623.0
311500;30664.0;6041.0;24623.0
311600;30664.0;6041.0;24623.0
311700;30697.0;6074.0;24623.0
311800;30433.0;5810.0;24623.0
311900;30590.0;6041.0;24549.0
312000;31219.0;6041.0;25178.0
312100;30701.0;6041.0;24660.0
312200;30771.0;6074.0;24697.0
312300;30771.0;6074.0;24697.0
312400;30771.0;6074.0;24697.0
312500;30820.5;6123.5;24697.0
312600;30820.5;6123.5;24697.0
312700;30804.0;6107.0;24697.0
312800;31035.0;6338.0;24697.0
312900;30808.0;6074.0;24734.0
313000;30746.5;6123.5;24623.0
313100;30765.0;6142.0;24623.0
313200;30913.0;6142.0;24771.0
313300;30913.0;6142.0;24771.0
313400;30913.0;6142.0;24771.0
313500;30941.0;6170.0;24771.0
313600;30899.0;6128.0;24771.0
313700;30830.0;6170.0;24660.0
313800;30774.0;6114.0;24660.0
313900;31006.0;6198.0;24808.0
314000;31718.0;6170.0;25548.0
314100;30754.0;5946.0;24808.0
314200;31043.0;6198.0;24845.0
314300;31043.0;6198.0;24845.0
314400;30764.0;6128.0;24636.0
314500;30978.0;6142.0;24836.0
314600;30978.0;6142.0;24836.0
314700;30858.0;6142.0;24716.0
314800;30978.0;6142.0;24836.0
314900;31018.0;6142.0;24876.0
315000;31018.0;6142.0;24876.0
315100;31138.0;6142.0;24996.0
315200;31016.0;6100.0;24916.0
315300;31213.0;6177.0;25036.0
315400;31312.0;6276.0;25036.0
315500;31093.0;6177.0;24916.0
315600;31093.0;6177.0;24916.0
315700;31246.0;6210.0;25036.0
315800;31060.0;6144.0;24916.0
315900;31100.0;6144.0;24956.0
316000;31116.5;6160.5;24956.0
316100;31170.5;6094.5;25076.0
316200;31140.0;6144.0;24996.0
316300;31189.5;6193.5;24996.0
316400;31069.5;6193.5;24876.0
316500;31156.5;6160.5;24996.0
316600;31173.0;6177.0;24996.0
316700;31053.0;6177.0;24876.0
316800;31140.0;6144.0;24996.0
316900;31097.5;6061.5;25036.0
317000;31246.0;6210.0;25036.0
317100;31213.0;6177.0;25036.0
317200;31806.0;6210.0;25596.0
317300;31408.0;6177.0;25231.0
317400;31295.5;6177.0;25118.5
317500;31783.0;6177.0;25606.0
317600;31183.0;6177.0;25006.0
317700;31408.0;6177.0;25231.0
317800;31366.0;6210.0;25156.0
317900;31300.0;6144.0;25156.0
318000;31333.0;6177.0;25156.0
318100;31333.0;6177.0;25156.0
318200;31370.5;6177.0;25193.5
318300;31403.5;6210.0;25193.5
318400;31486.0;6292.5;25193.5
318500;31387.0;6177.0;25210.0
318600;31296.0;6203.0;25093.0
318700;31587.0;6260.0;25327.0
318800;31470.0;6260.0;25210.0
318900;31696.0;6564.0;25132.0
319000;31664.0;6298.0;25366.0
319100;31509.0;6260.0;25249.0
319200;31548.0;6260.0;25288.0
319300;31491.0;6203.0;25288.0
319400;31510.0;6222.0;25288.0
319500;31548.0;6260.0;25288.0
319600;31548.0;6260.0;25288.0
319700;31491.0;6203.0;25288.0
319800;31548.0;6260.0;25288.0
319900;31704.0;6260.0;25444.0
320000;31400.0;5956.0;25444.0
320100;31587.0;6260.0;25327.0
320200;31664.0;6298.0;25366.0
320300;31626.0;6260.0;25366.0
320400;31742.5;6376.5;25366.0
320500;31189.0;6330.0;24859.0
320600;31836.5;6314.5;25522.0
320700;31727.0;6361.0;25366.0
320800;31773.5;6407.5;25366.0
320900;31401.0;6113.0;25288.0
321000;31797.0;6392.0;25405.0
321100;31711.0;6423.0;25288.0
321200;31805.0;6361.0;25444.0
321300;31758.5;6314.5;25444.0
321400;31743.0;6299.0;25444.0
321500;31790.5;6330.0;25460.5
321600;31790.5;6330.0;25460.5
321700;31678.0;6330.0;25348.0
321800;31829.5;6369.0;25460.5
321900;31928.5;6430.5;25498.0
322000;32195.0;6697.0;25498.0
322100;31867.0;6369.0;25498.0
322200;31417.0;6369.0;25048.0
322300;31792.0;6369.0;25423.0
322400;31904.5;6369.0;25535.5
322500;31904.5;6369.0;25535.5
322600;31996.5;6348.5;25648.0
322700;31945.5;6410.0;25535.5
322800;31945.5;6410.0;25535.5
322900;31735.0;6162.0;25573.0
323000;32110.0;6537.0;25573.0
323100;31960.0;6387.0;25573.0
323200;31997.5;6387.0;25610.5
323300;31997.5;6387.0;25610.5
323400;32397.5;6787.0;25610.5
323500;31972.5;6362.0;25610.5
323600;32110.0;6387.0;25723.0
323700;32039.5;6429.0;25610.5
323800;32039.5;6429.0;25610.5
323900;31908.5;6373.0;25535.5
324000;32021.0;6373.0;25648.0
324100;31908.5;6373.0;25535.5
324200;32254.5;6569.0;25685.5
324300;32058.5;6373.0;25685.5
324400;32715.0;6317.0;26398.0
324500;32002.5;6317.0;25685.5
324600;31806.0;6233.0;25573.0
324700;32002.5;6317.0;25685.5
324800;32086.5;6401.0;25685.5
324900;32040.0;6317.0;25723.0
325000;32040.0;6317.0;25723.0
325100;31928.0;6205.0;25723.0
325200;32077.5;6317.0;25760.5
325300;32077.5;6317.0;25760.5
325400;31994.0;6121.0;25873.0
325500;32133.5;6373.0;25760.5
325600;32119.5;6359.0;25760.5
325700;31632.0;6359.0;25273.0
325800;32057.5;6297.0;25760.5
325900;32219.0;6421.0;25798.0
326000;31610.5;5925.0;25685.5
326100;31508.0;6235.0;25273.0
326200;32163.5;6328.0;25835.5
326300;31769.0;6421.0;25348.0
326400;32256.5;6421.0;25835.5
326500;32406.5;6421.0;25985.5
326600;32256.5;6421.0;25835.5
326700;32256.5;6421.0;25835.5
326800;32194.5;6359.0;25835.5
326900;32046.0;6173.0;25873.0
327000;32790.0;6917.0;25873.0
327100;32406.5;6421.0;25985.5
327200;32269.5;6359.0;25910.5
327300;32455.5;6545.0;25910.5
327400;31886.0;5863.0;26023.0
327500;32188.0;6390.0;25798.0
327600;31823.0;6328.0;25495.0
327700;32104.0;6297.0;25807.0
327800;32197.0;6390.0;25807.0
327900;32050.0;6204.0;25846.0
328000;32167.0;6204.0;25963.0
328100;32322.0;6359.0;25963.0
328200;32082.0;6080.0;26002.0
328300;32392.0;6390.0;26002.0
328400;32299.0;6297.0;26002.0
328500;32423.0;6421.0;26002.0
328600;32275.0;6390.0;25885.0
328700;32361.0;6359.0;26002.0
328800;32182.0;6297.0;25885.0
328900;32400.0;6359.0;26041.0
329000;32400.0;6359.0;26041.0
329100;32462.0;6421.0;26041.0
329200;32501.0;6421.0;26080.0
329300;32501.0;6421.0;26080.0
329400;32384.0;6421.0;25963.0
329500;32656.0;6576.0;26080.0
329600;32501.0;6421.0;26080.0
329700;31550.0;5863.0;25687.0
329800;32446.0;6359.0;26087.0
329900;32823.0;6576.0;26247.0
330000;32486.0;6359.0;26127.0
330100;33046.0;6359.0;26687.0
330200;32650.0;6483.0;26167.0
330300;32468.0;6421.0;26047.0
330400;32588.0;6421.0;26167.0
330500;32588.0;6421.0;26167.0
330600;32278.0;6111.0;26167.0
330700;33204.0;6917.0;26287.0
330800;32757.0;6710.0;26047.0
330900;32614.5;6407.5;26207.0
331000;33257.0;6490.0;26767.0
331100;32559.5;6352.5;26207.0
331200;32802.0;6435.0;26367.0
331300;32682.0;6435.0;26247.0
331400;32682.0;6435.0;26247.0
331500;32737.0;6490.0;26247.0
331600;32737.0;6490.0;26247.0
331700;32737.0;6490.0;26247.0
331800;32737.0;6490.0;26247.0
331900;32694.5;6407.5;26287.0
332000;32749.5;6462.5;26287.0
332100;32722.0;6435.0;26287.0
332200;32937.0;6490.0;26447.0
332300;32762.0;6435.0;26327.0
332400;32322.0;5995.0;26327.0
332500;32762.0;6435.0;26327.0
332600;32882.0;6435.0;26447.0
332700;32882.0;6435.0;26447.0
332800;32587.0;6380.0;26207.0
332900;32682.0;6315.0;26367.0
333000;32712.0;6465.0;26247.0
333100;32832.0;6465.0;26367.0
333200;32872.0;6465.0;26407.0
333300;33422.0;6495.0;26927.0
333400;32812.0;6405.0;26407.0
333500;32582.0;6175.0;26407.0
333600;32836.0;6549.0;26287.0
333700;33144.0;6617.0;26527.0
333800;33184.0;6617.0;26567.0
333900;33116.0;6549.0;26567.0
334000;33064.0;6617.0;26447.0
334100;32384.0;5937.0;26447.0
334200;32968.0;6481.0;26487.0
334300;32848.0;6481.0;26367.0
334400;32968.0;6481.0;26487.0
334500;32968.0;6481.0;26487.0
334600;32968.0;6481.0;26487.0
334700;33036.0;6549.0;26487.0
334800;33036.0;6549.0;26487.0
334900;33076.0;6549.0;26527.0
335000;32448.0;6481.0;25967.0
335100;33076.0;6549.0;26527.0
335200;33116.0;6549.0;26567.0
335300;33116.0;6549.0;26567.0
335400;33368.0;6413.0;26955.0
335500;33008.0;6413.0;26595.0
335600;33144.0;6549.0;26595.0
335700;33076.0;6481.0;26595.0
335800;33146.0;6551.0;26595.0
335900;33401.0;6770.0;26631.0
336000;33471.5;6732.5;26739.0
336100;33926.0;7295.0;26631.0
336200;33437.0;6770.0;26667.0
336300;33362.0;6695.0;26667.0
336400;33362.0;6695.0;26667.0
336500;33755.0;6620.0;27135.0
336600;34037.0;7370.0;26667.0
336700;33437.0;6770.0;26667.0
336800;33506.0;6695.0;26811.0
336900;33398.0;6695.0;26703.0
337000;33473.0;6770.0;26703.0
337100;33278.0;6751.0;26527.0
337200;33371.0;6684.0;26687.0
337300;33371.0;6684.0;26687.0
337400;33658.5;6851.5;26807.0
337500;33438.0;6751.0;26687.0
337600;33270.5;6583.5;26687.0
337700;33304.0;6617.0;26687.0
337800;33150.5;6583.5;26567.0
337900;33291.0;6684.0;26607.0
338000;33704.5;6583.5;27121.0
338100;-916706.5;6583.5;-923290.0
338200;33574.0;6684.0;26890.0
338300;33391.5;6617.0;26774.5
338400;33391.5;6617.0;26774.5
338500;33376.5;6717.5;26659.0
338600;33391.5;6617.0;26774.5
338700;33391.5;6617.0;26774.5
338800;33391.5;6617.0;26774.5
338900;33329.5;6516.5;26813.0
339000;33296.0;6483.0;26813.0
339100;33396.5;6583.5;26813.0
339200;33401.5;6550.0;26851.5
339300;32847.0;5880.0;26967.0
339400;33401.5;6550.0;26851.5
339500;33401.5;6550.0;26851.5
339600;33468.5;6617.0;26851.5
339700;33185.5;6449.5;26736.0
339800;33334.5;6483.0;26851.5
339900;33976.0;7086.0;26890.0
340000;32904.0;6014.0;26890.0
340100;33440.0;6550.0;26890.0
340200;33478.5;6550.0;26928.5
340300;33578.5;6617.0;26961.5
340400;33511.5;6550.0;26961.5
340500;33370.0;6515.0;26855.0
340600;33433.0;6578.0;26855.0
340700;33681.5;6578.0;27103.5
340800;33078.0;6578.0;26500.0
340900;33844.5;6847.5;26997.0
341000;33579.0;6582.0;26997.0
341100;33685.5;6582.0;27103.5
341200;33673.5;6641.0;27032.5
341300;33673.5;6641.0;27032.5
341400;33673.5;6641.0;27032.5
341500;33567.0;6641.0;26926.0
341600;33212.0;6641.0;26571.0
341700;33762.0;6729.5;27032.5
341800;33673.5;6641.0;27032.5
341900;34181.0;7113.0;27068.0
342000;33709.0;6641.0;27068.0
342100;33768.0;6700.0;27068.0
342200;33768.0;6700.0;27068.0
342300;33331.5;6228.0;27103.5
342400;34478.0;6700.0;27778.0
342500;33803.5;6700.0;27103.5
342600;33803.5;6700.0;27103.5
342700;33803.5;6700.0;27103.5
342800;33803.5;6700.0;27103.5
342900;33902.0;6763.0;27139.0
343000;33834.0;6695.0;27139.0
343100;33868.0;6729.0;27139.0
343200;33795.5;6763.0;27032.5
343300;34039.5;6865.0;27174.5
343400;33937.5;6763.0;27174.5
343500;34481.5;7307.0;27174.5
343600;33937.5;6763.0;27174.5
343700;33937.5;6763.0;27174.5
343800;34075.0;6865.0;27210.0
343900;34041.0;6831.0;27210.0
344000;34045.5;6729.0;27316.5
344100;34585.0;7375.0;27210.0
344200;34620.5;7375.0;27245.5
344300;34076.5;6831.0;27245.5
344400;34183.0;6831.0;27352.0
344500;34076.5;6831.0;27245.5
344600;34076.5;6831.0;27245.5
344700;34110.5;6865.0;27245.5
344800;33940.5;6695.0;27245.5
344900;33937.5;6763.0;27174.5
345000;34044.0;6763.0;27281.0
345100;34010.0;6729.0;27281.0
345200;34079.5;6763.0;27316.5
345300;34079.5;6763.0;27316.5
345400;33905.0;6695.0;27210.0
345500;34079.5;6763.0;27316.5
345600;33727.5;6411.0;27316.5
345700;34159.5;6843.0;27316.5
345800;34735.5;7419.0;27316.5
345900;34301.5;6843.0;27458.5
346000;34195.0;6843.0;27352.0
346100;34195.0;6843.0;27352.0
346200;34124.5;6879.0;27245.5
346300;34513.5;6771.0;27742.5
346400;33765.0;6771.0;26994.0
346500;34172.0;6771.0;27401.0
346600;33923.0;6411.0;27512.0
346700;34748.0;7347.0;27401.0
346800;33989.0;6699.0;27290.0
346900;34098.0;6771.0;27327.0
347000;34209.0;6771.0;27438.0
347100;34353.0;6915.0;27438.0
347200;34390.0;6915.0;27475.0
347300;34318.0;6843.0;27475.0
347400;34426.0;6951.0;27475.0
347500;34318.0;6843.0;27475.0
347600;35005.0;7419.0;27586.0
347700;34318.0;6843.0;27475.0
347800;34318.0;6843.0;27475.0
347900;34466.0;6843.0;27623.0
348000;34355.0;6843.0;27512.0
348100;34355.0;6843.0;27512.0
348200;34355.0;6843.0;27512.0
348300;34392.0;6843.0;27549.0
348400;34320.0;6771.0;27549.0
348500;34320.0;6771.0;27549.0
348600;33744.0;6195.0;27549.0
348700;34464.0;6915.0;27549.0
348800;34209.0;6771.0;27438.0
348900;34357.0;6771.0;27586.0
349000;34249.0;6663.0;27586.0
349100;33781.0;6195.0;27586.0
349200;34322.0;6699.0;27623.0
349300;34211.0;6699.0;27512.0
349400;34673.0;7050.0;27623.0
349500;34097.0;6585.0;27512.0
349600;34208.0;6585.0;27623.0
349700;34208.0;6585.0;27623.0
349800;34270.0;6647.0;27623.0
349900;34400.0;6740.0;27660.0
350000;34128.5;6579.5;27549.0
350100;34357.5;6697.5;27660.0
350200;34306.0;6609.0;27697.0
350300;34195.0;6609.0;27586.0
350400;34306.0;6609.0;27697.0
350500;34394.5;6697.5;27697.0
350600;34306.0;6609.0;27697.0
350700;34787.0;6609.0;28178.0
350800;34283.5;6697.5;27586.0
350900;34402.0;6668.0;27734.0
351000;34402.0;6668.0;27734.0
351100;33986.0;6668.0;27318.0
351200;34466.0;6668.0;27798.0
351300;35254.0;6936.0;28318.0
351400;34559.0;6761.0;27798.0
351500;34414.0;6736.0;27678.0
351600;34484.0;6686.0;27798.0
351700;34464.0;6786.0;27678.0
351800;34524.0;6726.0;27798.0
351900;34729.0;6771.0;27958.0
352000;34609.0;6771.0;27838.0
352100;34774.0;6816.0;27958.0
352200;34760.5;6844.0;27916.5
352300;34651.0;6844.0;27807.0
352400;34711.5;6795.0;27916.5
352500;34834.0;6917.5;27916.5
352600;34711.5;6795.0;27916.5
352700;35076.5;6795.0;28281.5
352800;34319.5;6403.0;27916.5
352900;34139.0;6697.0;27442.0
353000;34307.0;6354.0;27953.0
353100;34209.0;6256.0;27953.0
353200;34784.5;6795.0;27989.5
353300;34699.5;6819.5;27880.0
353400;34735.5;6746.0;27989.5
353500;34809.0;6819.5;27989.5
353600;34735.5;6746.0;27989.5
353700;34686.5;6697.0;27989.5
353800;34847.0;6967.0;27880.0
353900;34726.5;6700.5;28026.0
354000;34382.0;6762.0;27620.0
354100;34779.5;6741.5;28038.0
354200;34879.0;6803.0;28076.0
354300;34879.0;6803.0;28076.0
354400;34421.0;6767.0;27654.0
354500;34975.0;6881.0;28094.0
354600;35076.0;6862.0;28214.0
354700;35013.0;6919.0;28094.0
354800;35013.0;6919.0;28094.0
354900;34996.0;6862.0;28134.0
355000;35238.0;6824.0;28414.0
355100;35034.0;6900.0;28134.0
355200;35036.0;6862.0;28174.0
355300;35036.0;6862.0;28174.0
355400;35796.0;6862.0;28934.0
355500;35036.0;6862.0;28174.0
355600;-345598.0;-373252.0;27654.0
355700;35156.0;6862.0;28294.0
355800;34878.0;6824.0;28054.0
355900;35076.0;6862.0;28214.0
356000;35038.0;6824.0;28214.0
356100;35038.0;6824.0;28214.0
356200;35040.0;6786.0;28254.0
356300;35382.0;7128.0;28254.0
356400;35021.0;6767.0;28254.0
356500;34958.0;6824.0;28134.0
356600;35078.0;6824.0;28254.0
356700;35116.0;6862.0;28254.0
356800;35116.0;6862.0;28254.0
356900;35716.0;6862.0;28854.0
357000;34852.0;6558.0;28294.0
357100;35887.0;7033.0;28854.0
357200;35272.0;6938.0;28334.0
357300;35234.0;6900.0;28334.0
357400;35114.0;6900.0;28214.0
357500;35234.0;6900.0;28334.0
357600;35196.0;6862.0;28334.0
357700;35316.0;6862.0;28454.0
357800;35754.0;6900.0;28854.0
357900;35701.0;6767.0;28934.0
358000;35236.0;6862.0;28374.0
358100;35154.0;6900.0;28254.0
358200;35434.0;6900.0;28534.0
358300;35276.0;6862.0;28414.0
358400;35796.0;6862.0;28934.0
358500;35333.0;6919.0;28414.0
358600;35594.0;6900.0;28694.0
358700;35156.0;6862.0;28294.0
358800;35314.0;6900.0;28414.0
358900;35335.0;6881.0;28454.0
359000;36180.0;7166.0;29014.0
359100;35316.0;6862.0;28454.0
359200;35476.0;6862.0;28614.0
359300;35356.0;6862.0;28494.0
359400;35140.0;7166.0;27974.0
359500;36116.0;6862.0;29254.0
359600;35236.0;6862.0;28374.0
359700;35356.0;6862.0;28494.0
359800;35356.0;6862.0;28494.0
359900;35434.0;6900.0;28534.0
360000;35276.0;6862.0;28414.0
360100;35700.0;7166.0;28534.0
360200;35436.0;6862.0;28574.0
360300;35316.0;6862.0;28454.0
360400;35423.0;6729.0;28694.0
360500;35436.0;6862.0;28574.0
360600;35132.0;6558.0;28574.0
360700;35398.0;6824.0;28574.0
360800;35918.0;6824.0;29094.0
360900;35440.0;6826.0;28614.0
361000;35440.0;6826.0;28614.0
361100;35386.0;6892.0;28494.0
361200;35633.0;6859.0;28774.0
361300;35513.0;6859.0;28654.0
361400;35513.0;6859.0;28654.0
361500;35360.0;6826.0;28534.0
361600;35513.0;6859.0;28654.0
361700;35442.5;6908.5;28534.0
361800;35513.0;6859.0;28654.0
361900;35512.5;6908.5;28604.0
362000;35610.0;6892.0;28718.0
362100;35496.0;6892.0;28604.0
362200;35648.0;6892.0;28756.0
362300;35681.0;6925.0;28756.0
362400;35384.0;6628.0;28756.0
362500;35763.5;7007.5;28756.0
362600;35631.5;6875.5;28756.0
362700;35615.0;6859.0;28756.0
362800;35615.0;6859.0;28756.0
362900;35653.0;6859.0;28794.0
363000;35719.0;6925.0;28794.0
363100;35620.0;6826.0;28794.0
363200;35539.0;6859.0;28680.0
363300;35740.5;6908.5;28832.0
363400;35955.0;7123.0;28832.0
363500;35641.5;6809.5;28832.0
363600;36185.0;6859.0;29326.0
363700;35724.0;6892.0;28832.0
363800;35740.5;6908.5;28832.0
363900;35729.0;6859.0;28870.0
364000;35615.0;6859.0;28756.0
364100;35729.0;6859.0;28870.0
364200;35767.0;6859.0;28908.0
364300;35734.0;6826.0;28908.0
364400;34995.5;6809.5;28186.0
364500;36031.0;7123.0;28908.0
364600;35653.0;6859.0;28794.0
364700;35767.0;6859.0;28908.0
364800;35653.0;6859.0;28794.0
364900;35985.0;6925.0;29060.0
365000;35724.0;6892.0;28832.0
365100;35574.0;6628.0;28946.0
365200;35876.0;6892.0;28984.0
365300;35892.5;6908.5;28984.0
365400;35612.0;6628.0;28984.0
365500;35876.0;6892.0;28984.0
365600;35990.0;6892.0;29098.0
365700;35687.0;6703.0;28984.0
365800;35950.5;6928.5;29022.0
365900;35950.5;6928.5;29022.0
366000;35848.0;6826.0;29022.0
366100;35561.0;6539.0;29022.0
366200;35912.0;7004.0;28908.0
366300;35919.0;6859.0;29060.0
366400;36035.0;6975.0;29060.0
366500;36035.0;6975.0;29060.0
366600;36006.0;6946.0;29060.0
366700;36035.0;6975.0;29060.0
366800;36035.0;6975.0;29060.0
366900;35959.0;6975.0;28984.0
367000;36073.0;6975.0;29098.0
367100;36305.0;7207.0;29098.0
367200;36073.0;6975.0;29098.0
367300;35905.0;6975.0;28930.0
367400;36105.0;6975.0;29130.0
367500;36225.0;6975.0;29250.0
367600;36105.0;6975.0;29130.0
367700;36061.5;6931.5;29130.0
367800;36033.0;6743.0;29290.0
367900;36101.5;6931.5;29170.0
368000;36101.5;6931.5;29170.0
368100;35996.0;6946.0;29050.0
368200;35880.0;6830.0;29050.0
368300;36676.0;6946.0;29730.0
368400;36475.0;7265.0;29210.0
368500;36185.0;6975.0;29210.0
368600;36276.0;6946.0;29330.0
368700;36276.0;6946.0;29330.0
368800;36156.0;6946.0;29210.0
368900;36027.0;6777.0;29250.0
369000;36407.0;7157.0;29250.0
369100;36239.0;6989.0;29250.0
369200;36335.0;7045.0;29290.0
369300;36187.0;7017.0;29170.0
369400;36307.0;7017.0;29290.0
369500;36427.0;7017.0;29410.0
369600;36799.0;6989.0;29810.0
369700;35829.0;7059.0;28770.0
369800;36467.0;7017.0;29450.0
369900;36389.0;7059.0;29330.0
370000;36347.0;7017.0;29330.0
370100;36467.0;7017.0;29450.0
370200;36507.0;7017.0;29490.0
370300;36387.0;7017.0;29370.0
370400;36387.0;7017.0;29370.0
370500;36345.0;6975.0;29370.0
370600;36429.0;7059.0;29370.0
370700;36267.0;7017.0;29250.0
370800;36345.0;6975.0;29370.0
370900;36455.0;7045.0;29410.0
371000;36575.0;7045.0;29530.0
371100;36427.0;7017.0;29410.0
371200;36523.0;7073.0;29450.0
371300;36495.0;7045.0;29450.0
371400;37057.0;7087.0;29970.0
371500;36453.0;7003.0;29450.0
371600;36495.0;7045.0;29450.0
371700;36987.0;7017.0;29970.0
371800;36775.0;7325.0;29450.0
371900;36381.0;6891.0;29490.0
372000;36415.0;7045.0;29370.0
372100;36879.0;7269.0;29610.0
372200;36695.0;7045.0;29650.0
372300;36455.0;7045.0;29410.0
372400;36575.0;7045.0;29530.0
372500;36799.0;7269.0;29530.0
372600;36013.0;7003.0;29010.0
372700;36483.0;7073.0;29410.0
372800;36735.0;7045.0;29690.0
372900;36453.0;7003.0;29450.0
373000;36615.0;7045.0;29570.0
373100;36587.0;7017.0;29570.0
373200;36655.0;7045.0;29610.0
373300;36493.0;7003.0;29490.0
373400;36497.0;6887.0;29610.0
373500;36667.0;7057.0;29610.0
373600;36581.0;7091.0;29490.0
373700;36769.0;7159.0;29610.0
373800;36633.0;7023.0;29610.0
373900;36741.0;7091.0;29650.0
374000;36741.0;7091.0;29650.0
374100;36621.0;7091.0;29530.0
374200;36867.0;7057.0;29810.0
374300;36781.0;7091.0;29690.0
374400;36679.0;6989.0;29690.0
374500;36781.0;7091.0;29690.0
374600;36697.0;6887.0;29810.0
374700;36747.0;7057.0;29690.0
374800;36713.0;7023.0;29690.0
374900;37016.0;6887.0;30129.0
375000;36826.0;7057.0;29769.0
375100;36809.0;7040.0;29769.0
375200;36862.0;7057.0;29805.0
375300;36970.0;7057.0;29913.0
375400;36828.0;7023.0;29805.0
375500;37004.0;7091.0;29913.0
375600;36970.0;7057.0;29913.0
375700;36862.0;7057.0;29805.0
375800;36862.0;7057.0;29805.0
375900;36898.0;7057.0;29841.0
376000;36880.0;7039.0;29841.0
376100;37201.5;7215.0;29986.5
376200;36980.5;7071.0;29909.5
376300;37160.0;7135.0;30025.0
376400;36964.5;7055.0;29909.5
376500;36948.5;7039.0;29909.5
376600;37096.0;7071.0;30025.0
376700;37365.5;7071.0;30294.5
376800;36948.5;7039.0;29909.5
376900;37019.0;7071.0;29948.0
377000;36971.0;7023.0;29948.0
377100;36903.5;7071.0;29832.5
377200;37025.5;7039.0;29986.5
377300;37141.0;7039.0;30102.0
377400;37025.5;7039.0;29986.5
377500;36878.0;7007.0;29871.0
377600;37205.0;7103.0;30102.0
377700;37009.5;7023.0;29986.5
377800;37057.5;7071.0;29986.5
377900;37250.0;7071.0;30179.0
378000;37128.0;7103.0;30025.0
378100;36955.0;7071.0;29884.0
378200;37147.0;7103.0;30044.0
378300;37491.0;7327.0;30164.0
378400;36307.0;6783.0;29524.0
378500;37121.5;7039.0;30082.5
378600;37121.5;7039.0;30082.5
378700;37212.0;7295.0;29917.0
378800;37108.0;7071.0;30037.0
378900;37164.0;7087.0;30077.0
379000;37268.0;7071.0;30197.0
379100;37268.0;7071.0;30197.0
379200;37220.0;7103.0;30117.0
379300;37156.0;7039.0;30117.0
379400;36942.0;6896.0;30046.0
379500;37175.0;7185.0;29990.0
379600;36932.0;6702.0;30230.0
379700;36798.0;7208.0;29590.0
379800;37328.0;7218.0;30110.0
379900;37260.0;7110.0;30150.0
380000;37928.0;7218.0;30710.0
380100;37314.0;7164.0;30150.0
380200;37229.0;7199.0;30030.0
380300;37269.0;7199.0;30070.0
380400;37431.0;7241.0;30190.0
380500;37431.0;7241.0;30190.0
380600;37441.0;7371.0;30070.0
380700;37496.0;7306.0;30190.0
380800;38336.0;7306.0;31030.0
380900;37656.0;7306.0;30350.0
381000;37591.0;7241.0;30350.0
381100;37536.0;7306.0;30230.0
381200;37233.5;7403.5;29830.0
381300;37576.0;7306.0;30270.0
381400;37456.0;7306.0;30150.0
381500;37306.0;6916.0;30390.0
381600;37641.0;7371.0;30270.0
381700;37641.0;7371.0;30270.0
381800;37391.0;7241.0;30150.0
381900;37606.0;7176.0;30430.0
382000;37496.0;7306.0;30190.0
382100;37431.0;7241.0;30190.0
382200;37591.0;7241.0;30350.0
382300;37591.0;7241.0;30350.0
382400;37526.0;7176.0;30350.0
382500;37646.0;7176.0;30470.0
382600;37526.0;7176.0;30350.0
382700;37526.0;7176.0;30350.0
382800;37341.0;7111.0;30230.0
382900;37566.0;7176.0;30390.0
383000;37844.5;7454.5;30390.0
383100;37450.0;7180.0;30270.0
383200;37029.0;7119.0;29910.0
383300;37546.0;7236.0;30310.0
383400;37146.0;7236.0;29910.0
383500;37599.0;7289.0;30310.0
383600;37839.0;7289.0;30550.0
383700;37639.5;7209.5;30430.0
383800;37826.0;7236.0;30590.0
383900;37706.0;7236.0;30470.0
384000;37826.0;7236.0;30590.0
384100;37727.0;7257.0;30470.0
384200;37887.0;7257.0;30630.0
384300;37711.0;7201.0;30510.0
384400;37823.0;7313.0;30510.0
384500;37303.0;7313.0;29990.0
384600;37943.0;7313.0;30630.0
384700;37823.0;7313.0;30510.0
384800;37976.0;7306.0;30670.0
384900;37793.0;7243.0;30550.0
385000;37976.0;7306.0;30670.0
385100;37976.0;7306.0;30670.0
385200;38016.0;7306.0;30710.0
385300;37801.5;7211.5;30590.0
385400;37990.5;7400.5;30590.0
385500;37776.0;7306.0;30470.0
385600;38110.5;7400.5;30710.0
385700;37833.0;7243.0;30590.0
385800;37896.0;7306.0;30590.0
385900;37936.0;7306.0;30630.0
386000;37841.5;7211.5;30630.0
386100;37936.0;7306.0;30630.0
386200;37976.0;7306.0;30670.0
386300;37913.0;7243.0;30670.0
386400;37913.0;7243.0;30670.0
386500;38424.0;7243.0;31181.0
386600;37923.5;7243.0;30680.5
386700;37808.0;7243.0;30565.0
386800;37904.0;7243.0;30661.0
386900;38158.5;7337.5;30821.0
387000;38598.5;7337.5;31261.0
387100;38007.0;7306.0;30701.0
387200;38110.0;7369.0;30741.0
387300;38551.0;7810.0;30741.0
387400;38047.0;7306.0;30741.0
387500;38415.5;7274.5;31141.0
387600;37801.0;7180.0;30621.0
387700;38072.5;7211.5;30861.0
387800;38364.5;7463.5;30901.0
387900;37463.0;6802.0;30661.0
388000;38581.5;7400.5;31181.0
388100;37961.0;7180.0;30781.0
388200;38270.0;7449.0;30821.0
388300;38217.0;7396.0;30821.0
388400;38390.0;7449.0;30941.0
388500;37806.0;7505.0;30301.0
388600;38280.0;7459.0;30821.0
388700;37829.0;7528.0;30301.0
388800;38280.0;7459.0;30821.0
388900;38200.0;7459.0;30741.0
389000;38200.0;7459.0;30741.0
389100;37952.0;7091.0;30861.0
389200;38154.0;7413.0;30741.0
389300;38434.0;7413.0;31021.0
389400;38314.0;7413.0;30901.0
389500;37808.0;7427.0;30381.0
389600;38770.0;7475.0;31295.0
389700;38660.0;7859.0;30801.0
389800;38926.0;7859.0;31067.0
389900;38476.0;7523.0;30953.0
390000;38172.0;7427.0;30745.0
390100;38468.0;7523.0;30945.0
390200;38980.0;7475.0;31505.0
390300;38460.0;7475.0;30985.0
390400;38292.0;7427.0;30865.0
390500;38412.0;7427.0;30985.0
390600;38412.0;7427.0;30985.0
390700;38412.0;7427.0;30985.0
390800;38412.0;7427.0;30985.0
390900;38524.0;7499.0;31025.0
391000;38548.0;7523.0;31025.0
391100;38452.0;7427.0;31025.0
391200;38156.0;7091.0;31065.0
391300;38540.0;7475.0;31065.0
391400;38612.0;7547.0;31065.0
391500;38588.0;7523.0;31065.0
391600;38540.0;7475.0;31065.0
391700;38708.0;7643.0;31065.0
391800;39068.0;8003.0;31065.0
391900;38628.0;7523.0;31105.0
392000;38700.0;7595.0;31105.0
392100;38820.0;7595.0;31225.0
392200;38652.0;7507.0;31145.0
392300;38704.0;7559.0;31145.0
392400;38808.0;7663.0;31145.0
392500;38678.0;7533.0;31145.0
392600;38968.0;7663.0;31305.0
392700;38678.0;7533.0;31145.0
392800;38756.0;7611.0;31145.0
392900;38796.0;7611.0;31185.0
393000;38864.0;7559.0;31305.0
393100;38796.0;7611.0;31185.0
393200;38754.0;7689.0;31065.0
393300;38836.0;7611.0;31225.0
393400;38888.0;7663.0;31225.0
393500;38836.0;7611.0;31225.0
393600;38992.0;7767.0;31225.0
393700;38956.0;7611.0;31345.0
393800;39412.0;8027.0;31385.0
393900;38876.0;7611.0;31265.0
394000;38996.0;7611.0;31385.0
394100;38566.0;7861.0;30705.0
394200;38440.0;7575.0;30865.0
394300;38946.0;7641.0;31305.0
394400;38560.0;7575.0;30985.0
394500;38880.0;7575.0;31305.0
394600;38764.0;7619.0;31145.0
394700;39012.0;7707.0;31305.0
394800;38880.0;7575.0;31305.0
394900;39040.0;7575.0;31465.0
395000;38876.0;7531.0;31345.0
395100;38360.0;7575.0;30785.0
395200;38800.0;7575.0;31225.0
395300;39436.0;7531.0;31905.0
395400;38796.0;7531.0;31265.0
395500;38400.0;7575.0;30825.0
395600;38916.0;7531.0;31385.0
395700;39268.0;7883.0;31385.0
395800;38818.0;7553.0;31265.0
395900;38880.0;7575.0;31305.0
396000;38934.0;7509.0;31425.0
396100;38836.0;7531.0;31305.0
396200;38996.0;7531.0;31465.0
396300;39040.0;7575.0;31465.0
396400;38704.0;7239.0;31465.0
396500;39061.0;7596.0;31465.0
396600;38941.0;7596.0;31345.0
396700;39086.5;7621.5;31465.0
396800;39418.0;7953.0;31465.0
396900;39101.0;7596.0;31505.0
397000;39101.0;7596.0;31505.0
397100;39101.0;7596.0;31505.0
397200;39192.0;7647.0;31545.0
397300;39090.0;7545.0;31545.0
397400;38868.0;7323.0;31545.0
397500;39153.0;7608.0;31545.0
397600;38690.0;7665.0;31025.0
397700;39786.0;8121.0;31665.0
397800;39090.0;7665.0;31425.0
397900;38810.0;7665.0;31145.0
398000;39044.5;7579.5;31465.0
398100;39193.0;7608.0;31585.0
398200;39324.5;7579.5;31745.0
398300;39724.5;7579.5;32145.0
398400;39260.5;7608.0;31652.5
398500;39317.5;7665.0;31652.5
398600;39437.5;7785.0;31652.5
398700;39925.0;7785.0;32140.0
398800;39293.5;7641.0;31652.5
398900;39475.0;7785.0;31690.0
399000;39427.0;7737.0;31690.0
399100;39379.0;7689.0;31690.0
399200;39193.0;7353.0;31840.0
399300;39499.5;7772.0;31727.5
399400;39569.0;7729.0;31840.0
399500;39344.0;7729.0;31615.0
399600;39164.0;7729.0;31435.0
399700;39564.0;7729.0;31835.0
399800;39444.0;7729.0;31715.0
399900;39548.5;7793.5;31755.0
400000;39484.0;7729.0;31755.0
400100;39527.0;7772.0;31755.0
400200;39567.0;7772.0;31795.0
400300;39687.0;7772.0;31915.0
400400;39524.0;7729.0;31795.0
400500;39610.0;7815.0;31795.0
400600;39610.0;7815.0;31795.0
400700;39447.0;7772.0;31675.0
400800;39607.0;7772.0;31835.0
400900;39487.0;7772.0;31715.0
401000;39607.0;7772.0;31835.0
401100;39564.0;7729.0;31835.0
401200;39685.0;7850.0;31835.0
401300;39725.0;7850.0;31875.0
401400;40245.0;7850.0;32395.0
401500;39301.0;7546.0;31755.0
401600;39725.0;7850.0;31875.0
401700;39503.5;7628.5;31875.0
401800;39857.0;7822.0;32035.0
401900;40297.0;7822.0;32475.0
402000;39264.0;7349.0;31915.0
402100;39974.0;7779.0;32195.0
402200;39651.0;7736.0;31915.0
402300;39712.5;7757.5;31955.0
402400;40254.0;7779.0;32475.0
402500;39811.0;7736.0;32075.0
402600;39854.0;7779.0;32075.0
402700;39680.5;7565.5;32115.0
402800;39841.0;7846.0;31995.0
402900;40401.0;7846.0;32555.0
403000;39841.0;7846.0;31995.0
403100;39892.0;7897.0;31995.0
403200;39961.0;7846.0;32115.0
403300;39644.5;7769.5;31875.0
403400;40001.0;7846.0;32155.0
403500;39906.5;7871.5;32035.0
403600;39830.0;7795.0;32035.0
403700;39779.0;7744.0;32035.0
403800;39819.0;7744.0;32075.0
403900;39717.0;7642.0;32075.0
404000;39990.0;7795.0;32195.0
404100;39921.0;7846.0;32075.0
404200;39972.0;7897.0;32075.0
404300;39859.0;7744.0;32115.0
404400;39935.5;7820.5;32115.0
404500;39910.0;7795.0;32115.0
404600;40318.0;8203.0;32115.0
404700;39739.0;7744.0;31995.0
404800;39848.0;7693.0;32155.0
404900;39899.0;7744.0;32155.0
405000;39950.0;7795.0;32155.0
405100;39804.5;7769.5;32035.0
405200;39848.0;7693.0;32155.0
405300;39837.0;7642.0;32195.0
405400;-470112.0;-502307.0;32195.0
405500;39368.0;7693.0;31675.0
405600;39939.0;7744.0;32195.0
405700;39981.0;7786.0;32195.0
405800;39552.5;7757.5;31795.0
405900;40021.0;7786.0;32235.0
406000;39901.0;7786.0;32115.0
406100;39901.0;7786.0;32115.0
406200;40021.0;7786.0;32235.0
406300;39445.0;7330.0;32115.0
406400;40203.5;7928.5;32275.0
406500;40517.0;8242.0;32275.0
406600;40026.5;7871.5;32155.0
406700;40215.0;7900.0;32315.0
406800;40614.0;8299.0;32315.0
406900;40158.0;7843.0;32315.0
407000;40038.0;7843.0;32195.0
407100;40278.0;7843.0;32435.0
407200;40667.0;8352.0;32315.0
407300;39789.5;7954.5;31835.0
407400;40350.0;7875.0;32475.0
407500;40481.0;8246.0;32235.0
407600;40283.0;7928.0;32355.0
407700;40217.0;7822.0;32395.0
407800;40217.0;7822.0;32395.0
407900;40070.0;7875.0;32195.0
408000;39710.0;7875.0;31835.0
408100;40150.0;7875.0;32275.0
408200;40353.5;7958.5;32395.0
408300;40836.0;8401.0;32435.0
408400;40364.0;7929.0;32435.0
408500;40248.0;7693.0;32555.0
408600;40543.0;7988.0;32555.0
408700;40423.0;7988.0;32435.0
408800;40404.0;7929.0;32475.0
408900;40404.0;7929.0;32475.0
409000;40479.0;8004.0;32475.0
409100;40357.0;7882.0;32475.0
409200;40357.0;7882.0;32475.0
409300;40237.0;7882.0;32355.0
409400;40397.0;7882.0;32515.0
409500;40397.0;7882.0;32515.0
409600;39837.0;7882.0;31955.0
409700;40336.0;7821.0;32515.0
409800;40559.0;8004.0;32555.0
409900;40498.0;7943.0;32555.0
410000;40559.0;8004.0;32555.0
410100;40519.0;7964.0;32555.0
410200;40675.0;8120.0;32555.0
410300;40502.0;8067.0;32435.0
410400;40542.0;8067.0;32475.0
410500;40835.0;8120.0;32715.0
410600;40609.0;8014.0;32595.0
410700;40675.5;8040.5;32635.0
410800;40582.0;8067.0;32515.0
410900;40476.0;7961.0;32515.0
411000;40649.0;8014.0;32635.0
411100;40649.0;8014.0;32635.0
411200;40529.0;8014.0;32515.0
411300;40689.0;8014.0;32675.0
411400;40569.0;8014.0;32555.0
411500;40689.0;8014.0;32675.0
411600;40569.0;8014.0;32555.0
411700;40699.0;8544.0;32155.0
411800;40169.0;8014.0;32155.0
411900;40556.0;7961.0;32595.0
412000;40676.0;7961.0;32715.0
412100;40716.5;7881.5;32835.0
412200;40835.0;8120.0;32715.0
412300;40556.0;7961.0;32595.0
412400;40543.0;7908.0;32635.0
412500;40712.0;7957.0;32755.0
412600;40802.0;8047.0;32755.0
412700;40922.0;8167.0;32755.0
412800;40752.0;8077.0;32675.0
412900;40992.0;8077.0;32915.0
413000;40872.0;8077.0;32795.0
413100;40392.0;7597.0;32795.0
413200;40812.0;8017.0;32795.0
413300;40972.0;8137.0;32835.0
413400;40912.0;8077.0;32835.0
413500;40852.0;8017.0;32835.0
413600;40942.0;8107.0;32835.0
413700;41492.0;8497.0;32995.0
413800;41012.0;8017.0;32995.0
413900;40904.5;8149.5;32755.0
414000;40997.0;8122.0;32875.0
414100;40877.0;8122.0;32755.0
414200;40677.0;7802.0;32875.0
414300;40960.0;8205.0;32755.0
414400;40938.0;8143.0;32795.0
414500;41058.0;8143.0;32915.0
414600;41178.0;8143.0;33035.0
414700;41058.0;8143.0;32915.0
414800;41426.0;8081.0;33345.0
414900;41000.5;8143.0;32857.5
415000;41000.5;8143.0;32857.5
415100;41206.0;8236.0;32970.0
415200;41287.5;8205.0;33082.5
415300;41150.5;8143.0;33007.5
415400;41088.5;8081.0;33007.5
415500;41243.5;8236.0;33007.5
415600;41150.5;8143.0;33007.5
415700;41038.0;8143.0;32895.0
415800;40663.0;8143.0;32520.0
415900;41188.0;8143.0;33045.0
416000;40834.5;7789.5;33045.0
416100;41203.0;8158.0;33045.0
416200;41090.5;8158.0;32932.5
416300;41023.5;8091.0;32932.5
416400;41173.5;8091.0;33082.5
416500;41240.5;8158.0;33082.5
416600;41240.5;8158.0;33082.5
416700;41357.0;8124.5;33232.5
416800;41278.0;8158.0;33120.0
416900;41378.5;8258.5;33120.0
417000;41512.5;8392.5;33120.0
417100;41445.5;8325.5;33120.0
417200;41232.5;8225.0;33007.5
417300;41449.5;8292.0;33157.5
417400;41370.5;8325.5;33045.0
417500;41382.5;8225.0;33157.5
417600;40962.0;8292.0;32670.0
417700;41532.5;8225.0;33307.5
417800;41487.0;8292.0;33195.0
417900;40951.0;7756.0;33195.0
418000;41453.5;8258.5;33195.0
418100;41554.0;8359.0;33195.0
418200;41487.0;8292.0;33195.0
418300;41457.5;8225.0;33232.5
418400;41211.0;8091.0;33120.0
418500;41524.5;8292.0;33232.5
418600;41704.0;8359.0;33345.0
418700;41591.5;8359.0;33232.5
418800;41595.5;8325.5;33270.0
418900;41607.5;8225.0;33382.5
419000;40970.0;8225.0;32745.0
419100;41629.0;8359.0;33270.0
419200;41114.5;7957.0;33157.5
419300;41700.0;8392.5;33307.5
419400;41465.5;8158.0;33307.5
419500;40928.0;8158.0;32770.0
419600;42211.0;8761.0;33450.0
419700;41715.0;8225.0;33490.0
419800;41815.5;8325.5;33490.0
419900;41528.0;8158.0;33370.0
420000;41475.0;8225.0;33250.0
420100;41595.0;8225.0;33370.0
420200;41179.0;7689.0;33490.0
420300;41115.0;8225.0;32890.0
420400;41755.0;8225.0;33530.0
420500;42305.0;8895.0;33410.0
420600;41635.0;8225.0;33410.0
420700;42252.0;8962.0;33290.0
420800;41742.0;8292.0;33450.0
420900;41608.0;8158.0;33450.0
421000;41608.0;8158.0;33450.0
421100;41608.0;8158.0;33450.0
421200;41931.0;8091.0;33840.0
421300;41167.5;7665.0;33502.5
421400;41718.0;8103.0;33615.0
421500;41751.5;8249.0;33502.5
421600;41864.0;8249.0;33615.0
421700;41532.5;8030.0;33502.5
421800;41755.5;8103.0;33652.5
421900;41530.5;8103.0;33427.5
422000;41643.0;8103.0;33540.0
422100;41077.0;7519.0;33558.0
422200;41703.0;8145.0;33558.0
422300;41742.0;8145.0;33597.0
422400;41742.0;8145.0;33597.0
422500;41742.0;8145.0;33597.0
422600;41809.0;8212.0;33597.0
422700;41641.5;8044.5;33597.0
422800;41546.5;7910.5;33636.0
422900;41781.0;8145.0;33636.0
423000;41781.0;8145.0;33636.0
423100;41680.5;8044.5;33636.0
423200;41823.0;8187.0;33636.0
423300;41789.0;8114.0;33675.0
423400;41862.0;8187.0;33675.0
423500;41752.5;8077.5;33675.0
423600;41862.0;8187.0;33675.0
423700;41789.0;8114.0;33675.0
423800;41945.0;8114.0;33831.0
423900;41828.0;8114.0;33714.0
424000;41694.0;8097.0;33597.0
424100;41746.0;8032.0;33714.0
424200;40966.0;8032.0;32934.0
424300;41629.0;8032.0;33597.0
424400;41720.0;7967.0;33753.0
424500;41785.0;8032.0;33753.0
424600;41785.0;8032.0;33753.0
424700;41785.0;8032.0;33753.0
424800;41889.0;8097.0;33792.0
424900;42006.0;8097.0;33909.0
425000;41889.0;8097.0;33792.0
425100;41889.0;8097.0;33792.0
425200;41856.5;8064.5;33792.0
425300;41960.0;8129.0;33831.0
425400;41960.0;8129.0;33831.0
425500;41392.0;8068.0;33324.0
425600;41955.0;8124.0;33831.0
425700;41024.0;7700.0;33324.0
425800;42111.0;8124.0;33987.0
425900;41570.0;7700.0;33870.0
426000;42642.0;8226.0;34416.0
426100;42213.0;8226.0;33987.0
426200;41933.0;8180.0;33753.0
426300;42206.0;8180.0;34026.0
426400;42158.0;8249.0;33909.0
426500;42206.0;8180.0;34026.0
426600;42275.0;8249.0;34026.0
426700;42135.0;8226.0;33909.0
426800;42542.0;8594.0;33948.0
426900;42082.0;8134.0;33948.0
427000;42128.0;8180.0;33948.0
427100;42128.0;8180.0;33948.0
427200;41988.0;8157.0;33831.0
427300;42376.0;8272.0;34104.0
427400;42167.0;8180.0;33987.0
427500;42167.0;8180.0;33987.0
427600;42491.0;8387.0;34104.0
427700;42167.0;8180.0;33987.0
427800;42089.0;8180.0;33909.0
427900;42298.0;8272.0;34026.0
428000;42844.0;8272.0;34572.0
428100;42252.0;8226.0;34026.0
428200;41700.0;8226.0;33474.0
428300;41642.0;8088.0;33554.0
428400;42162.0;8088.0;34074.0
428500;42507.0;8433.0;34074.0
428600;42180.0;8226.0;33954.0
428700;42254.0;8180.0;34074.0
428800;42294.0;8180.0;34114.0
428900;42294.0;8180.0;34114.0
429000;42854.0;8180.0;34674.0
429100;42248.0;8134.0;34114.0
429200;41926.0;7812.0;34114.0
429300;42500.0;8226.0;34274.0
429400;42403.0;8249.0;34154.0
429500;42283.0;8249.0;34034.0
429600;42748.0;8594.0;34154.0
429700;42334.0;8180.0;34154.0
429800;42374.0;8180.0;34194.0
429900;42300.0;8226.0;34074.0
430000;42911.0;8157.0;34754.0
430100;42282.0;8088.0;34194.0
430200;42374.0;8180.0;34194.0
430300;42346.0;8272.0;34074.0
430400;42580.0;8226.0;34354.0
430500;42488.0;8254.0;34234.0
430600;42438.0;8204.0;34234.0
430700;42488.0;8254.0;34234.0
430800;42984.0;8204.0;34780.0
430900;42490.0;8204.0;34286.0
431000;42440.0;8154.0;34286.0
431100;42490.0;8204.0;34286.0
431200;42490.0;8204.0;34286.0
431300;42703.0;8379.0;34324.0
431400;42528.0;8204.0;34324.0
431500;42503.0;8179.0;34324.0
431600;42478.0;8154.0;34324.0
431700;42680.0;8204.0;34476.0
431800;42566.0;8204.0;34362.0
431900;42566.0;8204.0;34362.0
432000;42946.0;8204.0;34742.0
432100;42452.0;8204.0;34248.0
432200;42966.0;8604.0;34362.0
432300;42704.0;8304.0;34400.0
432400;42654.0;8254.0;34400.0
432500;42654.0;8254.0;34400.0
432600;42696.0;8296.0;34400.0
432700;42582.0;8296.0;34286.0
432800;42734.0;8296.0;34438.0
432900;42620.0;8296.0;34324.0
433000;42678.0;8240.0;34438.0
433100;42678.0;8240.0;34438.0
433200;42678.0;8240.0;34438.0
433300;42222.0;8240.0;33982.0
433400;42716.0;8240.0;34476.0
433500;43096.0;8240.0;34856.0
433600;42716.0;8240.0;34476.0
433700;42602.0;8240.0;34362.0
433800;42754.0;8240.0;34514.0
433900;42754.0;8240.0;34514.0
434000;42138.0;8156.0;33982.0
434100;42166.0;8184.0;33982.0
434200;42698.0;8184.0;34514.0
434300;42736.0;8184.0;34552.0
434400;42624.0;8072.0;34552.0
434500;42680.0;8128.0;34552.0
434600;42736.0;8184.0;34552.0
434700;42792.0;8240.0;34552.0
434800;42394.0;7792.0;34602.0
434900;42758.0;8156.0;34602.0
435000;42813.0;8328.0;34485.0
435100;42774.0;8172.0;34602.0
435200;42943.0;8224.0;34719.0
435300;42865.0;8224.0;34641.0
435400;42662.0;8224.0;34438.0
435500;42742.0;8224.0;34518.0
435600;43096.0;8458.0;34638.0
435700;42810.0;8172.0;34638.0
435800;42850.0;8172.0;34678.0
435900;42730.0;8172.0;34558.0
436000;42902.0;8224.0;34678.0
436100;43318.0;8640.0;34678.0
436200;42730.0;8172.0;34558.0
436300;42760.0;8042.0;34718.0
436400;42864.0;8146.0;34718.0
436500;43244.0;8406.0;34838.0
436600;43386.0;8172.0;35214.0
436700;42866.0;8120.0;34746.0
436800;43166.0;8276.0;34890.0
436900;42928.0;8146.0;34782.0
437000;42590.0;7808.0;34782.0
437100;42493.0;8224.0;34269.0
437200;42713.0;7884.0;34829.0
437300;43313.5;8444.5;34869.0
437400;43166.0;8297.0;34869.0
437500;43166.0;8297.0;34869.0
437600;43046.0;8297.0;34749.0
437700;43107.0;8238.0;34869.0
437800;43884.0;8415.0;35469.0
437900;43265.0;8356.0;34909.0
438000;43265.0;8356.0;34909.0
438100;43385.0;8356.0;35029.0
438200;43265.0;8356.0;34909.0
438300;43305.0;8356.0;34949.0
438400;43364.0;8415.0;34949.0
438500;43364.0;8415.0;34949.0
438600;43244.0;8415.0;34829.0
438700;43364.0;8415.0;34949.0
438800;43404.0;8415.0;34989.0
438900;43535.0;8546.0;34989.0
439000;43454.0;8465.0;34989.0
439100;43535.0;8546.0;34989.0
439200;44006.0;8897.0;35109.0
439300;43494.0;8465.0;35029.0
439400;43548.0;8519.0;35029.0
439500;43464.0;8435.0;35029.0
439600;43674.0;8525.0;35149.0
439700;43554.0;8525.0;35029.0
439800;43894.0;8705.0;35189.0
439900;43114.0;8045.0;35069.0
440000;43594.0;8525.0;35069.0
440100;43986.0;8525.0;35461.0
440200;43720.0;8525.0;35195.0
440300;43150.0;8525.0;34625.0
440400;43644.0;8525.0;35119.0
440500;43644.0;8525.0;35119.0
440600;43404.0;8285.0;35119.0
440700;43524.0;8405.0;35119.0
440800;43210.0;8585.0;34625.0
440900;43772.0;8615.0;35157.0
441000;43652.0;8495.0;35157.0
441100;43763.0;8606.0;35157.0
441200;43712.0;8669.0;35043.0
441300;43728.0;8039.0;35689.0
441400;43561.0;8480.0;35081.0
441500;43738.0;8543.0;35195.0
441600;43612.0;8417.0;35195.0
441700;43801.0;8606.0;35195.0
441800;43953.0;8606.0;35347.0
441900;43902.0;8669.0;35233.0
442000;43839.0;8606.0;35233.0
442100;43914.0;8795.0;35119.0
442200;43744.5;8511.5;35233.0
442300;43392.0;8543.0;34849.0
442400;43775.0;8606.0;35169.0
442500;43895.0;8606.0;35289.0
442600;43838.0;8669.0;35169.0
442700;44021.0;8732.0;35289.0
442800;44622.0;9173.0;35449.0
442900;43998.0;8669.0;35329.0
443000;43998.0;8669.0;35329.0
443100;43375.0;8606.0;34769.0
443200;43935.0;8606.0;35329.0
443300;43815.0;8606.0;35209.0
443400;43912.0;8543.0;35369.0
443500;44095.0;8606.0;35489.0
443600;44095.0;8606.0;35489.0
443700;43975.0;8606.0;35369.0
443800;43895.0;8606.0;35289.0
443900;44015.0;8606.0;35409.0
444000;44669.5;8700.5;35969.0
444100;43895.0;8606.0;35289.0
444200;44078.0;8669.0;35409.0
444300;44118.0;8669.0;35449.0
444400;44118.0;8669.0;35449.0
444500;44238.0;8669.0;35569.0
444600;44023.5;8574.5;35449.0
444700;44118.0;8669.0;35449.0
444800;44312.0;8543.0;35769.0
444900;43780.0;8291.0;35489.0
445000;44221.0;8732.0;35489.0
445100;44158.0;8669.0;35489.0
445200;44221.0;8732.0;35489.0
445300;44101.0;8732.0;35369.0
445400;44166.5;8637.5;35529.0
445500;44198.0;8669.0;35529.0
445600;44261.0;8732.0;35529.0
445700;44765.0;9236.0;35529.0
445800;44295.0;8606.0;35689.0
445900;44293.0;8724.0;35569.0
446000;44114.0;8665.0;35449.0
446100;44234.0;8665.0;35569.0
446200;44293.0;8724.0;35569.0
446300;44210.5;8724.0;35486.5
446400;44336.5;8812.5;35524.0
446500;44360.5;8724.0;35636.5
446600;44419.5;8783.0;35636.5
446700;44419.5;8783.0;35636.5
446800;44197.0;8635.5;35561.5
446900;44398.0;8724.0;35674.0
447000;44168.5;8382.0;35786.5
447100;44947.0;9273.0;35674.0
447200;44432.5;8646.0;35786.5
447300;44390.5;8679.0;35711.5
447400;44569.0;8745.0;35824.0
447500;44357.5;8646.0;35711.5
447600;44522.5;8811.0;35711.5
447700;44456.5;8745.0;35711.5
447800;44494.0;8745.0;35749.0
447900;44494.0;8745.0;35749.0
448000;45019.0;8745.0;36274.0
448100;44101.0;8877.0;35224.0
448200;43966.0;8217.0;35749.0
448300;44644.0;8745.0;35899.0
448400;44044.0;8745.0;35299.0
448500;44419.0;8745.0;35674.0
448600;44482.0;8679.0;35803.0
448700;44350.0;8547.0;35803.0
448800;44518.0;8679.0;35839.0
448900;44553.0;8714.0;35839.0
449000;44522.5;8683.5;35839.0
449100;44614.0;8775.0;35839.0
449200;44506.0;8775.0;35731.0
449300;44650.0;8775.0;35875.0
449400;44589.0;8714.0;35875.0
449500;44650.0;8775.0;35875.0
449600;44863.5;8988.5;35875.0
449700;44589.0;8714.0;35875.0
449800;44625.0;8714.0;35911.0
449900;44686.0;8775.0;35911.0
450000;44686.0;8775.0;35911.0
450100;44282.5;8775.0;35507.5
450200;44736.5;8805.5;35931.0
450300;44348.5;8805.5;35543.0
450400;44819.0;8836.0;35983.0
450500;44699.0;8836.0;35863.0
450600;44819.0;8836.0;35983.0
450700;44819.0;8836.0;35983.0
450800;44920.0;8897.0;36023.0
450900;44889.5;8866.5;36023.0
451000;44798.0;8775.0;36023.0
451100;45009.5;8866.5;36143.0
451200;44859.0;8836.0;36023.0
451300;44899.0;8836.0;36063.0
451400;44899.0;8836.0;36063.0
451500;45080.0;8897.0;36183.0
451600;44960.0;8897.0;36063.0
451700;45021.0;8958.0;36063.0
451800;44878.0;8775.0;36103.0
451900;44939.0;8836.0;36103.0
452000;44878.0;8775.0;36103.0
452100;44788.5;8805.5;35983.0
452200;45061.0;8958.0;36103.0
452300;44520.0;8897.0;35623.0
452400;44918.0;8775.0;36143.0
452500;45306.0;8775.0;36531.0
452600;44946.0;8775.0;36171.0
452700;44885.0;8714.0;36171.0
452800;44478.0;8775.0;35703.0
452900;44982.0;8775.0;36207.0
453000;45090.0;8775.0;36315.0
453100;44982.0;8775.0;36207.0
453200;45240.0;9033.0;36207.0
453300;45153.0;8946.0;36207.0
453400;44994.0;8859.0;36135.0
453500;45081.0;8946.0;36135.0
453600;44721.0;8946.0;35775.0
453700;45247.0;9004.0;36243.0
453800;45225.0;8946.0;36279.0
453900;45175.0;9004.0;36171.0
454000;45333.0;8946.0;36387.0
454100;45389.0;9110.0;36279.0
454200;45325.0;9046.0;36279.0
454300;45217.0;9046.0;36171.0
454400;45302.0;9095.0;36207.0
454500;45006.0;9095.0;35911.0
454600;45446.0;9095.0;36351.0
454700;45251.0;8740.0;36511.0
454800;45508.0;9237.0;36271.0
454900;45628.0;9237.0;36391.0
455000;45592.5;9201.5;36391.0
455100;45712.5;9201.5;36511.0
455200;45486.0;9095.0;36391.0
455300;45295.0;9024.0;36271.0
455400;45526.0;9095.0;36431.0
455500;46374.0;9663.0;36711.0
455600;45526.0;9095.0;36431.0
455700;45406.0;9095.0;36311.0
455800;45530.5;9059.5;36471.0
455900;45566.0;9095.0;36471.0
456000;45566.0;9095.0;36471.0
456100;45566.0;9095.0;36471.0
456200;45566.0;9095.0;36471.0
456300;45606.0;9095.0;36511.0
456400;45726.0;9095.0;36631.0
456500;45726.0;9095.0;36631.0
456600;45557.0;9166.0;36391.0
456700;45157.0;9166.0;35991.0
456800;45504.0;8953.0;36551.0
456900;45504.0;8953.0;36551.0
457000;45695.0;9024.0;36671.0
457100;45455.0;9024.0;36431.0
457200;45681.5;9130.5;36551.0
457300;45686.0;9095.0;36591.0
457400;45601.5;9130.5;36471.0
457500;45721.5;9130.5;36591.0
457600;45615.0;9024.0;36591.0
457700;45686.0;9095.0;36591.0
457800;45726.0;9095.0;36631.0
457900;45655.0;9024.0;36631.0
458000;45775.0;9024.0;36751.0
458100;45215.0;9024.0;36191.0
458200;45655.0;9024.0;36631.0
458300;45850.5;9059.5;36791.0
458400;45575.0;9024.0;36551.0
458500;45695.0;9024.0;36671.0
458600;45695.0;9024.0;36671.0
458700;45575.0;9024.0;36551.0
458800;45615.0;9024.0;36591.0
458900;45735.0;9024.0;36711.0
459000;45615.0;9024.0;36591.0
459100;45167.0;8456.0;36711.0
459200;45628.5;8917.5;36711.0
459300;45775.0;9024.0;36751.0
459400;45810.5;9059.5;36751.0
459500;45584.0;8953.0;36631.0
459600;45704.0;8953.0;36751.0
459700;45704.0;8953.0;36751.0
459800;45744.0;8953.0;36791.0
459900;45673.0;8882.0;36791.0
460000;45815.0;9024.0;36791.0
460100;46041.5;9130.5;36911.0
460200;45407.0;8456.0;36951.0
460300;45784.0;8953.0;36831.0
460400;46375.0;9024.0;37351.0
460500;45890.5;9059.5;36831.0
460600;45855.0;9024.0;36831.0
460700;45748.5;8917.5;36831.0
460800;46050.0;9059.0;36991.0
460900;45930.0;9059.0;36871.0
461000;45810.0;9059.0;36751.0
461100;45930.0;9059.0;36871.0
461200;45974.0;8983.0;36991.0
461300;45894.0;8983.0;36911.0
461400;45774.0;8983.0;36791.0
461500;45894.0;8983.0;36911.0
461600;45894.0;8983.0;36911.0
461700;46107.0;9196.0;36911.0
461800;45928.0;8977.0;36951.0
461900;45928.0;8977.0;36951.0
462000;45855.0;8904.0;36951.0
462100;46121.0;9050.0;37071.0
462200;47069.0;9318.0;37751.0
462300;45984.0;8993.0;36991.0
462400;45984.0;8993.0;36991.0
462500;45984.0;8993.0;36991.0
462600;46044.0;9173.0;36871.0
462700;45482.0;8491.0;36991.0
462800;46076.0;8925.0;37151.0
462900;46142.0;9111.0;37031.0
463000;46018.0;8987.0;37031.0
463100;46018.0;8987.0;37031.0
463200;46578.0;8987.0;37591.0
463300;45525.0;8894.0;36631.0
463400;46151.0;9080.0;37071.0
463500;46178.0;8987.0;37191.0
463600;46178.0;8987.0;37191.0
463700;46515.5;9049.0;37466.5
463800;46107.0;8987.0;37120.0
463900;46107.0;8987.0;37120.0
464000;46045.0;8925.0;37120.0
464100;45664.5;8429.0;37235.5
464200;46076.0;8956.0;37120.0
464300;46207.5;9049.0;37158.5
464400;46261.0;8987.0;37274.0
464500;45968.0;8925.0;37043.0
464600;46464.0;9421.0;37043.0
464700;46145.5;8987.0;37158.5
464800;46184.0;8987.0;37197.0
464900;46184.0;8987.0;37197.0
465000;46184.0;8987.0;37197.0
465100;46184.0;8987.0;37197.0
465200;45772.5;9114.5;36658.0
465300;46323.0;8972.0;37351.0
465400;45707.0;8972.0;36735.0
465500;46663.5;9428.0;37235.5
465600;45979.5;8744.0;37235.5
465700;45694.5;8459.0;37235.5
465800;46189.0;8915.0;37274.0
465900;45650.0;8915.0;36735.0
466000;46340.5;9182.0;37158.5
466100;46971.0;8927.0;38044.0
466200;46791.0;8978.0;37813.0
466300;46239.5;8927.0;37312.5
466400;46341.5;9029.0;37312.5
466500;46290.5;8978.0;37312.5
466600;46226.0;9029.0;37197.0
466700;46290.5;8978.0;37312.5
466800;46495.5;9029.0;37466.5
466900;46444.5;8978.0;37466.5
467000;45921.0;8570.0;37351.0
467100;46444.5;8978.0;37466.5
467200;46329.0;8978.0;37351.0
467300;46418.5;9029.0;37389.5
467400;46342.0;8952.5;37389.5
467500;46418.5;9029.0;37389.5
467600;46457.5;8952.5;37505.0
467700;46496.0;8952.5;37543.5
467800;46572.5;9029.0;37543.5
467900;46457.0;9029.0;37428.0
468000;46341.5;9029.0;37312.5
468100;46290.5;8978.0;37312.5
468200;46457.0;9029.0;37428.0
468300;46470.0;9003.5;37466.5
468400;46444.5;8978.0;37466.5
468500;46560.0;8978.0;37582.0
468600;46444.5;8978.0;37466.5
468700;46470.0;9003.5;37466.5
468800;46483.0;8978.0;37505.0
468900;45995.0;9029.0;36966.0
469000;46457.5;8952.5;37505.0
469100;46534.0;9029.0;37505.0
469200;46439.5;9050.0;37389.5
469300;46593.5;9050.0;37543.5
469400;46641.5;9098.0;37543.5
469500;46641.5;9098.0;37543.5
469600;46709.0;9050.0;37659.0
469700;46713.5;9170.0;37543.5
469800;46680.0;9098.0;37582.0
469900;46680.0;9098.0;37582.0
470000;46632.0;9050.0;37582.0
470100;46656.0;9074.0;37582.0
470200;47219.0;9098.0;38121.0
470300;46718.5;9098.0;37620.5
470400;46290.0;9170.0;37120.0
470500;46574.5;8954.0;37620.5
470600;46718.5;9098.0;37620.5
470700;46718.5;9098.0;37620.5
470800;46814.0;9113.0;37701.0
470900;46814.0;9113.0;37701.0
471000;46814.0;9113.0;37701.0
471100;47164.0;9113.0;38051.0
471200;46814.0;9113.0;37701.0
471300;46790.5;9054.5;37736.0
471400;46420.0;8684.0;37736.0
471500;46654.0;8918.0;37736.0
471600;46849.0;9113.0;37736.0
471700;46685.5;9054.5;37631.0
471800;46884.0;9113.0;37771.0
471900;46467.0;8801.0;37666.0
472000;47374.0;9113.0;38261.0
472100;46798.5;9132.5;37666.0
472200;46845.0;9074.0;37771.0
472300;46938.5;9132.5;37806.0
472400;47375.0;9464.0;37911.0
472500;46736.0;9035.0;37701.0
472600;46841.0;9035.0;37806.0
472700;46450.0;9035.0;37415.0
472800;46945.0;9074.0;37871.0
472900;46753.0;8996.0;37757.0
473000;46645.0;8774.0;37871.0
473100;46933.0;9062.0;37871.0
473200;46765.0;8894.0;37871.0
473300;46971.0;9062.0;37909.0
473400;46827.0;8918.0;37909.0
473500;46971.0;9062.0;37909.0
473600;46697.0;8788.0;37909.0
473700;47477.0;9074.0;38403.0
473800;47021.0;9074.0;37947.0
473900;47021.0;9074.0;37947.0
474000;47401.0;9074.0;38327.0
474100;47073.0;9126.0;37947.0
474200;47437.0;9490.0;37947.0
474300;47007.0;9022.0;37985.0
474400;47553.0;9074.0;38479.0
474500;46825.0;8840.0;37985.0
474600;46955.0;8970.0;37985.0
474700;47159.0;9022.0;38137.0
474800;47123.0;9100.0;38023.0
474900;47201.0;9178.0;38023.0
475000;47045.0;9022.0;38023.0
475100;46931.0;9022.0;37909.0
475200;47259.0;9122.0;38137.0
475300;47036.0;8861.0;38175.0
475400;47239.0;9064.0;38175.0
475500;47181.0;9006.0;38175.0
475600;47067.0;9006.0;38061.0
475700;46980.0;8919.0;38061.0
475800;47161.0;8948.0;38213.0
475900;47047.0;8948.0;38099.0
476000;47047.0;8948.0;38099.0
476100;47192.0;9093.0;38099.0
476200;47047.0;8948.0;38099.0
476300;46933.0;8948.0;37985.0
476400;47027.0;8890.0;38137.0
476500;46998.0;8861.0;38137.0
476600;47085.0;8948.0;38137.0
476700;46884.0;8861.0;38023.0
476800;47828.0;9159.0;38669.0
476900;47028.0;8853.0;38175.0
477000;47130.0;8955.0;38175.0
477100;47104.5;8929.5;38175.0
477200;47028.0;8853.0;38175.0
477300;47066.0;8853.0;38213.0
477400;47185.0;8972.0;38213.0
477500;47299.0;8972.0;38327.0
477600;47162.0;8949.0;38213.0
477700;47162.0;8949.0;38213.0
477800;47200.0;8949.0;38251.0
477900;47156.5;8905.5;38251.0
478000;47335.0;8970.0;38365.0
478100;47221.0;8970.0;38251.0
478200;46650.0;8931.0;37719.0
478300;47280.0;8991.0;38289.0
478400;47280.0;8991.0;38289.0
478500;47354.0;8951.0;38403.0
478600;47354.0;8951.0;38403.0
478700;46759.0;8891.0;37868.0
478800;47293.0;8951.0;38342.0
478900;47233.0;8891.0;38342.0
479000;47371.5;8911.0;38460.5
479100;47253.0;8911.0;38342.0
479200;47371.5;8911.0;38460.5
479300;47252.5;8871.0;38381.5
479400;47332.5;8951.0;38381.5
479500;47392.5;9011.0;38381.5
479600;47392.5;9011.0;38381.5
479700;47772.5;9391.0;38381.5
479800;47412.0;8991.0;38421.0
479900;47530.5;8991.0;38539.5
480000;47372.0;8951.0;38421.0
480100;47532.0;9111.0;38421.0
480200;47432.0;9011.0;38421.0
480300;47491.5;9031.0;38460.5
480400;48202.0;8991.0;39211.0
480500;47401.0;9031.0;38370.0
480600;47566.0;8971.0;38595.0
480700;47513.5;9031.0;38482.5
480800;47511.0;8991.0;38520.0
480900;47511.0;8991.0;38520.0
481000;47911.0;9391.0;38520.0
481100;47511.0;8991.0;38520.0
481200;47358.5;8951.0;38407.5
481300;47508.5;8951.0;38557.5
481400;47468.5;8911.0;38557.5
481500;47188.5;8631.0;38557.5
481600;47508.5;8951.0;38557.5
481700;47508.5;8951.0;38557.5
481800;47658.5;8951.0;38707.5
481900;47546.0;8951.0;38595.0
482000;47546.0;8951.0;38595.0
482100;46981.0;8911.0;38070.0
482200;47366.0;8771.0;38595.0
482300;47563.5;8931.0;38632.5
482400;47183.5;8551.0;38632.5
482500;47103.5;8471.0;38632.5
482600;47103.5;8471.0;38632.5
482700;47838.5;8831.0;39007.5
482800;47541.0;8871.0;38670.0
482900;47541.0;8871.0;38670.0
483000;47541.0;8871.0;38670.0
483100;47007.0;8871.0;38136.0
483200;47553.0;8871.0;38682.0
483300;47552.0;8831.0;38721.0
483400;47652.0;8931.0;38721.0
483500;47592.0;8871.0;38721.0
483600;47312.0;8591.0;38721.0
483700;47672.0;8951.0;38721.0
483800;47848.0;8971.0;38877.0
483900;47828.0;8951.0;38877.0
484000;47711.0;8951.0;38760.0
484100;47394.0;8751.0;38643.0
484200;47554.0;8911.0;38643.0
484300;47766.5;8967.5;38799.0
484400;47791.0;8992.0;38799.0
484500;47908.0;8992.0;38916.0
484600;47908.0;8992.0;38916.0
484700;47873.5;8918.5;38955.0
484800;48610.0;8992.0;39618.0
484900;47830.0;8992.0;38838.0
485000;47996.0;9041.0;38955.0
485100;48085.5;9247.5;38838.0
485200;47886.0;9048.0;38838.0
485300;48001.5;9124.5;38877.0
485400;48483.0;9099.0;39384.0
485500;47925.0;9048.0;38877.0
485600;47925.0;9048.0;38877.0
485700;47808.0;9048.0;38760.0
485800;48015.0;9099.0;38916.0
485900;47964.0;9048.0;38916.0
486000;47964.0;9048.0;38916.0
486100;47964.0;9048.0;38916.0
486200;48030.0;8997.0;39033.0
486300;47847.0;9048.0;38799.0
486400;48239.0;9167.0;39072.0
486500;48099.0;9144.0;38955.0
486600;48030.0;9075.0;38955.0
486700;48255.0;9144.0;39111.0
486800;48138.0;9144.0;38994.0
486900;48138.0;9144.0;38994.0
487000;48138.0;9144.0;38994.0
487100;48184.0;9190.0;38994.0
487200;48184.0;9190.0;38994.0
487300;48184.0;9190.0;38994.0
487400;48223.0;9190.0;39033.0
487500;48501.0;9351.0;39150.0
487600;48776.0;9236.0;39540.0
487700;48223.0;9190.0;39033.0
487800;48262.0;9190.0;39072.0
487900;47940.0;8868.0;39072.0
488000;48854.0;9236.0;39618.0
488100;48446.0;9374.0;39072.0
488200;48308.0;9236.0;39072.0
488300;48301.0;9190.0;39111.0
488400;48372.0;9144.0;39228.0
488500;48372.0;9144.0;39228.0
488600;47887.0;8776.0;39111.0
488700;48552.0;9558.0;38994.0
488800;48840.0;9144.0;39696.0
488900;48294.0;9144.0;39150.0
489000;48386.0;9236.0;39150.0
489100;48526.0;9376.0;39150.0
489200;48422.0;9272.0;39150.0
489300;48318.0;9168.0;39150.0
489400;48513.0;9324.0;39189.0
489500;48513.0;9324.0;39189.0
489600;48578.0;9272.0;39306.0
489700;48461.0;9272.0;39189.0
489800;48552.0;9324.0;39228.0
489900;48552.0;9324.0;39228.0
490000;48578.0;9350.0;39228.0
490100;48500.0;9272.0;39228.0
490200;48500.0;9272.0;39228.0
490300;48487.0;9220.0;39267.0
490400;48539.0;9272.0;39267.0
490500;49462.0;9688.0;39774.0
490600;48539.0;9272.0;39267.0
490700;48560.0;9293.0;39267.0
490800;48847.0;9541.0;39306.0
490900;48732.0;9426.0;39306.0
491000;48617.0;9311.0;39306.0
491100;48617.0;9311.0;39306.0
491200;48617.0;9311.0;39306.0
491300;49046.0;9311.0;39735.0
491400;48610.0;9265.0;39345.0
491500;48656.0;9311.0;39345.0
491600;48977.0;9242.0;39735.0
491700;48656.0;9311.0;39345.0
491800;48557.0;9173.0;39384.0
491900;48695.0;9311.0;39384.0
492000;48555.0;9288.0;39267.0
492100;48835.0;9334.0;39501.0
492200;48126.0;9288.0;38838.0
492300;49148.0;9725.0;39423.0
492400;49286.0;9863.0;39423.0
492500;48734.0;9311.0;39423.0
492600;48504.0;9081.0;39423.0
492700;48757.0;9334.0;39423.0
492800;48577.0;9115.0;39462.0
492900;48827.0;9365.0;39462.0
493000;48627.0;9165.0;39462.0
493100;49277.0;9815.0;39462.0
493200;48727.0;9265.0;39462.0
493300;48766.0;9265.0;39501.0
493400;48900.0;9165.0;39735.0
493500;48816.0;9315.0;39501.0
493600;48416.0;8915.0;39501.0
493700;48866.0;9365.0;39501.0
493800;48930.0;9390.0;39540.0
493900;48880.0;9340.0;39540.0
494000;49288.0;9865.0;39423.0
494100;49345.0;9415.0;39930.0
494200;48955.0;9415.0;39540.0
494300;48763.0;9340.0;39423.0
494400;48944.0;9365.0;39579.0
494500;48894.0;9315.0;39579.0
494600;48869.0;9290.0;39579.0
494700;48894.0;9315.0;39579.0
494800;48362.0;9290.0;39072.0
494900;48866.0;9365.0;39501.0
495000;48983.0;9365.0;39618.0
495100;49129.0;8965.0;40164.0
495200;49373.0;9365.0;40008.0
495300;48622.0;8965.0;39657.0
495400;48880.0;9340.0;39540.0
495500;48972.0;9315.0;39657.0
495600;48754.0;9097.0;39657.0
495700;49090.0;9433.0;39657.0
495800;48928.0;9349.0;39579.0
495900;49073.0;9377.0;39696.0
496000;49073.0;9377.0;39696.0
496100;49190.0;9377.0;39813.0
496200;48989.0;9293.0;39696.0
496300;49053.5;9318.5;39735.0
496400;49200.0;9348.0;39852.0
496500;49171.5;9436.5;39735.0
496600;48733.0;9505.0;39228.0
496700;49075.0;9340.0;39735.0
496800;49114.0;9340.0;39774.0
496900;48969.5;9312.5;39657.0
497000;48674.0;8900.0;39774.0
497100;48812.0;9038.0;39774.0
497200;49132.0;9358.0;39774.0
497300;48659.0;8846.0;39813.0
497400;49235.0;9422.0;39813.0
497500;49171.0;9358.0;39813.0
497600;49054.0;9358.0;39696.0
497700;49107.0;9294.0;39813.0
497800;49093.0;9358.0;39735.0
497900;49210.0;9358.0;39852.0
498000;49210.0;9358.0;39852.0
498100;49327.0;9358.0;39969.0
498200;49210.0;9358.0;39852.0
498300;49298.0;9407.0;39891.0
498400;49131.0;9123.0;40008.0
498500;49177.5;9442.5;39735.0
498600;49227.0;9336.0;39891.0
498700;49266.0;9336.0;39930.0
498800;49557.5;9627.5;39930.0
498900;49274.0;9344.0;39930.0
499000;49274.0;9344.0;39930.0
499100;49757.0;9281.0;40476.0
499200;49328.0;9281.0;40047.0
499300;49313.0;9344.0;39969.0
499400;48378.0;8840.0;39538.0
499500;49385.0;9407.0;39978.0
499600;49322.0;9344.0;39978.0
499700;49322.0;9344.0;39978.0
499800;49032.0;9014.0;40018.0
499900;49932.0;9354.0;40578.0
500000;49046.0;9028.0;40018.0
500100;49464.0;9446.0;40018.0
500200;49508.0;9370.0;40138.0
500300;49268.0;9370.0;39898.0
500400;49624.0;9446.0;40178.0
500500;49308.0;9370.0;39938.0
500600;49428.0;9370.0;40058.0
500700;49588.0;9370.0;40218.0
500800;49348.0;9370.0;39978.0
500900;49658.0;9560.0;40098.0
501000;49482.0;9384.0;40098.0
501100;49755.0;9657.0;40098.0
501200;49404.0;9306.0;40098.0
501300;49642.0;9384.0;40258.0
501400;49483.0;9345.0;40138.0
501500;49366.0;9228.0;40138.0
501600;49564.0;9306.0;40258.0
501700;49441.0;9423.0;40018.0
501800;49484.0;9306.0;40178.0
501900;49364.0;9306.0;40058.0
502000;49526.0;9228.0;40298.0
502100;49526.0;9228.0;40298.0
502200;50044.0;9306.0;40738.0
502300;48740.0;8682.0;40058.0
502400;48926.0;9228.0;39698.0
502500;49326.0;9228.0;40098.0
502600;49446.0;9228.0;40218.0
502700;49915.0;9306.0;40609.0
502800;48958.0;8682.0;40276.0
502900;49582.0;9306.0;40276.0
503000;49582.0;9306.0;40276.0
503100;49543.0;9267.0;40276.0
503200;49471.0;9306.0;40165.0
503300;49471.0;9306.0;40165.0
503400;49691.0;9267.0;40424.0
503500;49730.0;9306.0;40424.0
503600;49697.0;9384.0;40313.0
503700;49586.0;9384.0;40202.0
503800;49845.0;9384.0;40461.0
503900;49734.0;9384.0;40350.0
504000;49734.0;9384.0;40350.0
504100;49500.0;9150.0;40350.0
504200;49701.0;9462.0;40239.0
504300;49849.0;9462.0;40387.0
504400;49849.0;9462.0;40387.0
504500;49843.0;9345.0;40498.0
504600;49437.0;9345.0;40092.0
504700;49210.0;8838.0;40372.0
504800;50498.0;10086.0;40412.0
504900;49370.0;8838.0;40532.0
505000;49913.0;9501.0;40412.0
505100;49874.0;9462.0;40412.0
505200;49994.0;9462.0;40532.0
505300;49914.0;9462.0;40452.0
505400;49912.0;9580.0;40332.0
505500;49959.0;9507.0;40452.0
505600;50105.0;9653.0;40452.0
505700;49959.0;9507.0;40452.0
505800;50072.0;9580.0;40492.0
505900;49879.0;9507.0;40372.0
506000;50108.5;9616.5;40492.0
506100;49999.0;9507.0;40492.0
506200;50145.0;9653.0;40492.0
506300;50148.5;9616.5;40532.0
506400;50112.0;9580.0;40532.0
506500;50209.0;9677.0;40532.0
506600;50069.0;9537.0;40532.0
506700;50244.0;9712.0;40532.0
506800;50374.0;9922.0;40452.0
506900;50179.0;9607.0;40572.0
507000;49859.0;9607.0;40252.0
507100;50739.0;9607.0;41132.0
507200;50179.0;9607.0;40572.0
507300;50324.0;9712.0;40612.0
507400;50114.0;9502.0;40612.0
507500;49869.0;9257.0;40612.0
507600;50669.0;9537.0;41132.0
507700;50079.0;9467.0;40612.0
507800;50294.0;9642.0;40652.0
507900;50069.0;9537.0;40532.0
508000;50189.0;9537.0;40652.0
508100;50139.0;9607.0;40532.0
508200;50259.0;9607.0;40652.0
508300;49929.0;9397.0;40532.0
508400;50249.0;9677.0;40572.0
508500;50299.0;9607.0;40692.0
508600;50614.0;9922.0;40692.0
508700;50334.0;9642.0;40692.0
508800;50564.0;9712.0;40852.0
508900;50899.0;9607.0;41292.0
509000;50234.0;9502.0;40732.0
509100;50339.0;9607.0;40732.0
509200;50339.0;9607.0;40732.0
509300;50449.0;9677.0;40772.0
509400;50379.0;9607.0;40772.0
509500;50639.0;9747.0;40892.0
509600;50329.0;9677.0;40652.0
509700;50469.0;9817.0;40652.0
509800;50559.0;9747.0;40812.0
509900;50559.0;9747.0;40812.0
510000;50749.0;9817.0;40932.0
510100;50419.0;9607.0;40812.0
510200;50629.0;9817.0;40812.0
510300;49949.0;9257.0;40692.0
510400;50149.0;9817.0;40332.0
510500;50704.0;9852.0;40852.0
510600;50149.0;9817.0;40332.0
510700;50669.0;9817.0;40852.0
510800;49939.0;9047.0;40892.0
510900;51399.0;9947.0;41452.0
511000;50703.0;9811.0;40892.0
511100;50703.0;9811.0;40892.0
511200;51263.0;9811.0;41452.0
511300;50743.0;9811.0;40932.0
511400;50659.0;9607.0;41052.0
511500;50879.0;9947.0;40932.0
511600;50811.0;9879.0;40932.0
511700;50811.0;9879.0;40932.0
511800;50851.0;9879.0;40972.0
511900;51719.0;10627.0;41092.0
512000;50153.0;9981.0;40172.0
512100;50307.0;9335.0;40972.0
512200;50629.0;9777.0;40852.0
512300;50451.0;9879.0;40572.0
512400;50959.0;9947.0;41012.0
512500;51571.0;10559.0;41012.0
512600;50891.0;9879.0;41012.0
512700;50891.0;9879.0;41012.0
512800;51033.0;9981.0;41052.0
512900;50931.0;9879.0;41052.0
513000;50967.0;9879.0;41088.0
513100;51103.0;10015.0;41088.0
513200;51146.0;9947.0;41199.0
513300;51072.0;9947.0;41125.0
513400;51042.5;9879.0;41163.5
513500;51042.5;9879.0;41163.5
513600;50874.0;9811.0;41063.0
513700;51110.5;9947.0;41163.5
513800;51076.0;9879.0;41197.0
513900;51479.0;9947.0;41532.0
514000;51076.0;9879.0;41197.0
514100;51009.5;9913.0;41096.5
514200;51108.5;9811.0;41297.5
514300;50941.5;9845.0;41096.5
514400;51143.5;9913.0;41230.5
514500;51041.5;9811.0;41230.5
514600;50839.0;9709.0;41130.0
514700;50901.0;9743.0;41158.0
514800;50654.0;9811.0;40843.0
514900;51061.0;9777.0;41284.0
515000;51027.0;9743.0;41284.0
515100;51027.0;9743.0;41284.0
515200;51027.0;9743.0;41284.0
515300;50677.0;9267.0;41410.0
515400;51126.5;9811.0;41315.5
515500;51168.5;9853.0;41315.5
515600;51168.5;9853.0;41315.5
515700;51074.0;9853.0;41221.0
515800;51515.0;9853.0;41662.0
515900;51200.0;9853.0;41347.0
516000;51200.0;9853.0;41347.0
516100;51344.0;10445.0;40899.0
516200;51205.0;9816.0;41389.0
516300;51345.0;9816.0;41529.0
516400;51425.0;10001.0;41424.0
516500;51351.0;9927.0;41424.0
516600;50822.0;9853.0;40969.0
516700;51055.0;9631.0;41424.0
516800;51904.0;10445.0;41459.0
516900;51453.0;9964.0;41489.0
517000;51229.5;9853.0;41376.5
517100;51194.0;9705.0;41489.0
517200;51081.5;9705.0;41376.5
517300;51492.0;9853.0;41639.0
517400;51379.5;9853.0;41526.5
517500;51379.5;9853.0;41526.5
517600;51267.0;9853.0;41414.0
517700;50935.5;9409.0;41526.5
517800;51603.5;9927.0;41676.5
517900;51565.0;10001.0;41564.0
518000;51265.0;10001.0;41264.0
518100;51503.0;9927.0;41576.0
518200;51503.0;9927.0;41576.0
518300;51542.0;9927.0;41615.0
518400;51542.0;9927.0;41615.0
518500;51542.0;9927.0;41615.0
518600;51542.0;9927.0;41615.0
518700;51542.0;9927.0;41615.0
518800;51655.0;10001.0;41654.0
518900;51544.0;9890.0;41654.0
519000;51655.0;10001.0;41654.0
519100;51655.0;10001.0;41654.0
519200;51786.0;10249.0;41537.0
519300;52482.0;10789.0;41693.0
519400;51807.0;9997.0;41810.0
519500;51183.0;9997.0;41186.0
519600;51259.0;9997.0;41262.0
519700;51579.0;9997.0;41582.0
519800;51667.0;9925.0;41742.0
519900;51727.0;10105.0;41622.0
520000;51931.0;10069.0;41862.0
520100;51739.0;9997.0;41742.0
520200;51739.0;9997.0;41742.0
520300;51619.0;9997.0;41622.0
520400;51659.0;9997.0;41662.0
520500;51779.0;9997.0;41782.0
520600;51731.0;10069.0;41662.0
520700;51743.0;9961.0;41782.0
520800;52011.0;10069.0;41942.0
520900;51933.0;10111.0;41822.0
521000;51394.0;10012.0;41382.0
521100;51933.0;10111.0;41822.0
521200;51933.0;10111.0;41822.0
521300;52275.0;10573.0;41702.0
521400;51907.0;10045.0;41862.0
521500;51467.0;10045.0;41422.0
521600;51907.0;10045.0;41862.0
521700;51850.5;9988.5;41862.0
521800;51801.0;10019.0;41782.0
521900;52260.0;10358.0;41902.0
522000;52000.0;10098.0;41902.0
522100;51948.0;10046.0;41902.0
522200;51983.0;10081.0;41902.0
522300;51863.0;10081.0;41782.0
522400;51463.0;10081.0;41382.0
522500;51966.0;10024.0;41942.0
522600;52023.0;10081.0;41942.0
522700;52023.0;10081.0;41942.0
522800;51745.0;9853.0;41892.0
522900;52087.0;10081.0;42006.0
523000;52030.0;10024.0;42006.0
523100;52030.0;10024.0;42006.0
523200;52410.0;10024.0;42386.0
523300;52068.0;10024.0;42044.0
523400;51862.0;10024.0;41838.0
523500;52525.0;9967.0;42558.0
523600;51606.0;9568.0;42038.0
523700;52062.0;10024.0;42038.0
523800;52187.5;10109.5;42078.0
523900;52678.0;10480.0;42198.0
524000;52016.5;9938.5;42078.0
524100;52102.0;10024.0;42078.0
524200;52382.0;10024.0;42358.0
524300;51686.0;9568.0;42118.0
524400;52056.5;9938.5;42118.0
524500;52142.0;10024.0;42118.0
524600;52056.5;9938.5;42118.0
524700;52216.5;9938.5;42278.0
524800;52182.0;10024.0;42158.0
524900;52210.5;10052.5;42158.0
525000;52062.0;10024.0;42038.0
525100;52297.0;10139.0;42158.0
525200;51751.0;9593.0;42158.0
525300;52207.0;10009.0;42198.0
525400;52275.0;9957.0;42318.0
525500;52348.0;10030.0;42318.0
525600;52228.0;10030.0;42198.0
525700;52508.0;10030.0;42478.0
525800;52341.0;10079.0;42262.0
525900;52390.0;10128.0;42262.0
526000;52845.0;10079.0;42766.0
526100;52404.0;10142.0;42262.0
526200;52341.0;10079.0;42262.0
526300;52377.0;10079.0;42298.0
526400;52412.0;10114.0;42298.0
526500;52241.0;10114.0;42127.0
526600;52304.5;10021.5;42283.0
526700;52280.0;10114.0;42166.0
526800;52282.0;10077.0;42205.0
526900;52399.0;10077.0;42322.0
527000;52399.0;10077.0;42322.0
527100;52245.0;10040.0;42205.0
527200;52362.0;10040.0;42322.0
527300;52438.0;10077.0;42361.0
527400;52456.5;10095.5;42361.0
527500;52475.0;10114.0;42361.0
527600;52475.0;10114.0;42361.0
527700;52445.0;10084.0;42361.0
527800;52544.0;10144.0;42400.0
527900;52504.0;10104.0;42400.0
528000;52544.0;10144.0;42400.0
528100;52221.0;9704.0;42517.0
528200;52544.0;10144.0;42400.0
528300;52623.0;10184.0;42439.0
528400;52643.0;10204.0;42439.0
528500;52583.0;10144.0;42439.0
528600;52583.0;10144.0;42439.0
528700;52583.0;10144.0;42439.0
528800;52682.0;10204.0;42478.0
528900;52662.0;10184.0;42478.0
529000;52662.0;10184.0;42478.0
529100;52116.0;10184.0;41932.0
529200;52645.0;10284.0;42361.0
529300;52818.0;10184.0;42634.0
529400;52701.0;10184.0;42517.0
529500;52863.5;10346.5;42517.0
529600;52793.5;10276.5;42517.0
529700;52706.0;10189.0;42517.0
529800;52710.0;10154.0;42556.0
529900;52710.0;10154.0;42556.0
530000;52692.5;10136.5;42556.0
530100;52430.0;9874.0;42556.0
530200;52710.0;10154.0;42556.0
530300;52801.5;10206.5;42595.0
530400;53128.5;10154.0;42974.5
530500;53053.5;10434.0;42619.5
530600;52773.5;10154.0;42619.5
530700;52915.5;10154.0;42761.5
530800;52931.5;10276.5;42655.0
530900;52809.0;10154.0;42655.0
531000;52861.5;10206.5;42655.0
531100;52277.0;10119.0;42158.0
531200;52823.0;10168.0;42655.0
531300;53188.0;10036.0;43152.0
531400;52891.5;10201.0;42690.5
531500;52891.5;10201.0;42690.5
531600;52463.0;10234.0;42229.0
531700;52891.5;10201.0;42690.5
531800;52927.0;10201.0;42726.0
531900;52894.0;10168.0;42726.0
532000;52918.0;10168.0;42750.0
532100;52951.0;10201.0;42750.0
532200;52934.5;10184.5;42750.0
532300;53252.5;10465.0;42787.5
532400;52988.5;10201.0;42787.5
532500;52955.5;10168.0;42787.5
532600;52939.0;10151.5;42787.5
532700;53132.5;10345.0;42787.5
532800;53092.0;10267.0;42825.0
532900;53066.0;10241.0;42825.0
533000;53066.0;10241.0;42825.0
533100;52965.0;10215.0;42750.0
533200;53137.0;10267.0;42870.0
533300;53697.0;10267.0;43430.0
533400;53177.0;10267.0;42910.0
533500;53057.0;10267.0;42790.0
533600;53255.0;10345.0;42910.0
533700;53057.0;10267.0;42790.0
533800;53219.0;10269.0;42950.0
533900;53241.0;10291.0;42950.0
534000;53263.0;10313.0;42950.0
534100;53337.5;10387.5;42950.0
534200;53270.0;10320.0;42950.0
534300;53472.0;10362.0;43110.0
534400;53253.0;10383.0;42870.0
534500;53493.0;10383.0;43110.0
534600;53404.5;10414.5;42990.0
534700;53394.0;10404.0;42990.0
534800;53554.0;10404.0;43150.0
534900;53434.0;10404.0;43030.0
535000;53025.5;10435.5;42590.0
535100;53434.0;10404.0;43030.0
535200;53329.0;10299.0;43030.0
535300;53453.0;10383.0;43070.0
535400;53505.5;10435.5;43070.0
535500;52954.0;10404.0;42550.0
535600;53495.0;10425.0;43070.0
535700;53474.0;10404.0;43070.0
535800;53514.0;10404.0;43110.0
535900;53493.0;10383.0;43110.0
536000;53634.0;10404.0;43230.0
536100;53595.0;10485.0;43110.0
536200;53517.0;10407.0;43110.0
536300;53589.5;10439.5;43150.0
536400;53370.0;10420.0;42950.0
536500;53570.0;10420.0;43150.0
536600;53570.0;10420.0;43150.0
536700;54096.5;10426.5;43670.0
536800;53624.0;10434.0;43190.0
536900;53624.0;10434.0;43190.0
537000;53624.0;10434.0;43190.0
537100;53744.0;10434.0;43310.0
537200;53607.5;10417.5;43190.0
537300;53664.0;10434.0;43230.0
537400;53675.5;10445.5;43230.0
537500;53249.0;10459.0;42790.0
537600;53569.0;10459.0;43110.0
537700;53761.0;10531.0;43230.0
537800;53747.0;10477.0;43270.0
537900;53724.5;10454.5;43270.0
538000;53720.0;10450.0;43270.0
538100;53720.0;10450.0;43270.0
538200;53840.0;10450.0;43390.0
538300;53645.0;10450.0;43195.0
538400;53793.0;10450.0;43343.0
538500;53895.0;10441.0;43454.0
538600;54013.0;10522.0;43491.0
538700;53793.0;10450.0;43343.0
538800;53830.0;10450.0;43380.0
538900;53839.0;10459.0;43380.0
539000;53821.0;10441.0;43380.0
539100;53839.0;10459.0;43380.0
539200;53839.0;10459.0;43380.0
539300;53876.0;10459.0;43417.0
539400;53889.5;10472.5;43417.0
539500;53987.0;10459.0;43528.0
539600;53876.0;10459.0;43417.0
539700;53876.0;10459.0;43417.0
539800;53899.5;10445.5;43454.0
539900;54054.0;10459.0;43595.0
540000;54054.0;10459.0;43595.0
540100;54312.5;10472.5;43840.0
540200;53949.0;10459.0;43490.0
540300;54084.5;10454.5;43630.0
540400;53993.0;10468.0;43525.0
540500;53993.0;10468.0;43525.0
540600;53979.5;10454.5;43525.0
540700;53979.5;10454.5;43525.0
540800;54032.5;10472.5;43560.0
540900;54019.0;10459.0;43560.0
541000;53963.5;10508.5;43455.0
541100;54070.0;10510.0;43560.0
541200;54112.0;10510.0;43602.0
541300;54150.5;10510.0;43640.5
541400;53996.5;10510.0;43486.5
541500;54029.0;10504.0;43525.0
541600;54147.5;10507.0;43640.5
541700;54031.0;10506.0;43525.0
541800;54300.5;10506.0;43794.5
541900;54069.5;10506.0;43563.5
542000;54722.5;10504.5;44218.0
542100;54185.0;10506.0;43679.0
542200;54724.0;10506.0;44218.0
542300;54215.5;10498.0;43717.5
542400;54111.5;10394.0;43717.5
542500;54098.5;10381.0;43717.5
542600;54473.0;10381.0;44092.0
542700;54123.0;10381.0;43742.0
542800;54164.5;10387.5;43777.0
542900;54158.0;10381.0;43777.0
543000;54158.0;10381.0;43777.0
543100;54138.5;10361.5;43777.0
543200;53741.5;10361.5;43380.0
543300;54346.0;10381.0;43965.0
543400;54229.0;10381.0;43848.0
543500;54216.0;10485.0;43731.0
543600;54109.0;10261.0;43848.0
543700;-924508.0;10037.0;-934545.0
543800;54148.0;10261.0;43887.0
543900;54148.0;10261.0;43887.0
544000;54120.0;10233.0;43887.0
544100;54092.0;10205.0;43887.0
544200;54120.0;10233.0;43887.0
544300;54159.0;10233.0;43926.0
544400;54159.0;10233.0;43926.0
544500;54131.0;10205.0;43926.0
544600;54187.0;10261.0;43926.0
544700;54042.0;10233.0;43809.0
544800;54198.0;10233.0;43965.0
544900;54315.0;10233.0;44082.0
545000;53652.0;10233.0;43419.0
545100;54226.0;10261.0;43965.0
545200;54198.0;10233.0;43965.0
545300;54237.0;10233.0;44004.0
545400;54251.0;10247.0;44004.0
545500;54251.0;10247.0;44004.0
545600;54266.0;10262.0;44004.0
545700;54305.0;10262.0;44043.0
545800;54395.0;10352.0;44043.0
545900;54170.0;10127.0;44043.0
546000;54215.0;10172.0;44043.0
546100;53669.0;10172.0;43497.0
546200;54605.0;10172.0;44433.0
546300;54237.5;10194.5;44043.0
546400;54456.5;10374.5;44082.0
546500;54254.0;10172.0;44082.0
546600;54614.0;10532.0;44082.0
546700;54250.0;10168.0;44082.0
546800;53715.0;10140.0;43575.0
546900;54149.0;10028.0;44121.0
547000;54149.0;10028.0;44121.0
547100;54149.0;10028.0;44121.0
547200;53947.0;9826.0;44121.0
547300;54118.0;9958.0;44160.0
547400;53438.0;9709.0;43729.0
547500;53404.0;9235.0;44169.0
547600;53917.5;9748.5;44169.0
547700;54036.0;9867.0;44169.0
547800;53997.0;9788.0;44209.0
547900;53957.5;9748.5;44209.0
548000;54076.0;9867.0;44209.0
548100;53966.0;9757.0;44209.0
548200;54006.0;9797.0;44209.0
548300;855326.0;811077.0;44249.0
548400;54360.0;10111.0;44249.0
548500;54442.0;10073.0;44369.0
548600;54360.0;10111.0;44249.0
548700;54246.0;9997.0;44249.0
548800;54286.0;9997.0;44289.0
548900;54680.0;9997.0;44683.0
549000;54295.0;9997.0;44298.0
549100;54524.5;10111.0;44413.5
549200;54371.0;10073.0;44298.0
549300;54255.5;10073.0;44182.5
549400;54409.5;10073.0;44336.5
549500;54525.0;10073.0;44452.0
549600;54370.0;10149.0;44221.0
549700;54409.5;10073.0;44336.5
549800;54448.0;10073.0;44375.0
549900;54332.5;10073.0;44259.5
550000;54332.5;10073.0;44259.5
550100;54563.5;10073.0;44490.5
550200;54373.5;9883.0;44490.5
550300;53878.5;9465.0;44413.5
550400;54410.5;9997.0;44413.5
550500;54410.5;9997.0;44413.5
550600;54410.5;9997.0;44413.5
550700;54410.5;9997.0;44413.5
550800;54640.5;10073.0;44567.5
550900;54640.5;10073.0;44567.5
551000;54525.0;10073.0;44452.0
551100;54639.0;10187.0;44452.0
551200;54409.5;10073.0;44336.5
551300;54563.5;10073.0;44490.5
551400;54677.5;10187.0;44490.5
551500;54563.5;10073.0;44490.5
551600;54639.5;10149.0;44490.5
551700;54639.5;10149.0;44490.5
551800;54602.0;10073.0;44529.0
551900;54716.0;10187.0;44529.0
552000;54678.0;10149.0;44529.0
552100;54602.0;10073.0;44529.0
552200;54602.0;10073.0;44529.0
552300;55255.0;10187.0;45068.0
552400;54564.5;9997.0;44567.5
552500;54832.0;10149.0;44683.0
552600;55098.5;10377.0;44721.5
552700;54716.5;10149.0;44567.5
552800;54867.5;10377.0;44490.5
552900;54563.5;10073.0;44490.5
553000;54870.5;10149.0;44721.5
553100;54641.0;10035.0;44606.0
553200;54755.0;10149.0;44606.0
553300;54985.0;10225.0;44760.0
553400;54985.0;10225.0;44760.0
553500;54869.5;10225.0;44644.5
553600;54945.5;10301.0;44644.5
553700;54755.5;10111.0;44644.5
553800;54984.0;10301.0;44683.0
553900;55678.0;10225.0;45453.0
554000;54792.5;10225.0;44567.5
554100;55136.0;10453.0;44683.0
554200;54812.0;10111.0;44701.0
554300;54515.0;10187.0;44328.0
554400;54536.0;10149.0;44387.0
554500;54896.0;10149.0;44747.0
554600;54896.0;10149.0;44747.0
554700;55416.0;10149.0;45267.0
554800;54936.0;10149.0;44787.0
554900;54708.0;9921.0;44787.0
555000;54936.0;10149.0;44787.0
555100;54584.0;9997.0;44587.0
555200;54974.0;10187.0;44787.0
555300;54900.0;10073.0;44827.0
555400;54824.0;9997.0;44827.0
555500;54824.0;9997.0;44827.0
555600;54862.0;10035.0;44827.0
555700;55420.0;10073.0;45347.0
555800;54256.0;9389.0;44867.0
555900;54978.0;10111.0;44867.0
556000;54984.0;9997.0;44987.0
556100;54864.0;9997.0;44867.0
556200;54864.0;9997.0;44867.0
556300;54980.0;10073.0;44907.0
556400;54980.0;10073.0;44907.0
556500;55056.0;10149.0;44907.0
556600;55576.0;10149.0;45427.0
556700;54904.0;9997.0;44907.0
556800;55216.0;10149.0;45067.0
556900;55096.0;10149.0;44947.0
557000;55096.0;10149.0;44947.0
557100;55656.0;10149.0;45507.0
557200;55280.0;10333.0;44947.0
557300;55280.0;10173.0;45107.0
557400;55360.0;10373.0;44987.0
557500;54480.0;9613.0;44867.0
557600;54960.0;9973.0;44987.0
557700;55240.0;10373.0;44867.0
557800;55360.0;10333.0;45027.0
557900;55520.0;10373.0;45147.0
558000;55360.0;10333.0;45027.0
558100;55360.0;10333.0;45027.0
558200;55360.0;10333.0;45027.0
558300;54840.0;9933.0;44907.0
558400;55400.0;10333.0;45067.0
558500;55400.0;10333.0;45067.0
558600;55360.0;10253.0;45107.0
558700;55560.0;10333.0;45227.0
558800;55440.0;10333.0;45107.0
558900;55440.0;10333.0;45107.0
559000;55640.0;10413.0;45227.0
559100;54920.0;10373.0;44547.0
559200;55560.0;10333.0;45227.0
559300;55760.0;10613.0;45147.0
559400;55320.0;10333.0;44987.0
559500;55480.0;10333.0;45147.0
559600;55280.0;10253.0;45027.0
559700;55560.0;10413.0;45147.0
559800;54800.0;9613.0;45187.0
559900;55440.0;10253.0;45187.0
560000;55600.0;10413.0;45187.0
560100;55440.0;10253.0;45187.0
560200;55440.0;10253.0;45187.0
560300;55320.0;10253.0;45067.0
560400;54680.0;9613.0;45067.0
560500;55600.0;10373.0;45227.0
560600;55560.0;10333.0;45227.0
560700;54680.0;9453.0;45227.0
560800;55520.0;10373.0;45147.0
560900;55720.0;10333.0;45387.0
561000;55600.0;10333.0;45267.0
561100;56200.0;10373.0;45827.0
561200;55600.0;10333.0;45267.0
561300;55360.0;10213.0;45147.0
561400;55640.0;10333.0;45307.0
561500;55840.0;10413.0;45427.0
561600;55640.0;10333.0;45307.0
561700;55880.0;10413.0;45467.0
561800;55560.0;10333.0;45227.0
561900;55680.0;10333.0;45347.0
562000;55680.0;10333.0;45347.0
562100;55960.0;10493.0;45467.0
562200;55520.0;10293.0;45227.0
562300;55800.0;10413.0;45387.0
562400;55360.0;10493.0;44867.0
562500;55920.0;10533.0;45387.0
562600;55680.0;10293.0;45387.0
562700;55760.0;10493.0;45267.0
562800;55720.0;10413.0;45307.0
562900;55920.0;10493.0;45427.0
563000;55920.0;10373.0;45547.0
563100;55920.0;10493.0;45427.0
563200;55960.0;10413.0;45547.0
563300;55840.0;10533.0;45307.0
563400;55960.0;10493.0;45467.0
563500;55960.0;10493.0;45467.0
563600;55960.0;10493.0;45467.0
563700;55960.0;10493.0;45467.0
563800;55440.0;10493.0;44947.0
563900;56021.0;10514.0;45507.0
564000;55461.0;10514.0;44947.0
564100;56141.0;10514.0;45627.0
564200;55944.0;10437.0;45507.0
564300;56008.0;10461.0;45547.0
564400;55928.0;10541.0;45387.0
564500;56208.0;10541.0;45667.0
564600;56088.0;10541.0;45547.0
564700;56248.0;10541.0;45707.0
564800;56008.0;10541.0;45467.0
564900;56048.0;9901.0;46147.0
565000;55328.0;10541.0;44787.0
565100;56008.0;10541.0;45467.0
565200;56048.0;10461.0;45587.0
565300;56088.0;10461.0;45627.0
565400;56648.0;10501.0;46147.0
565500;55968.0;10341.0;45627.0
565600;56088.0;10461.0;45627.0
565700;56848.0;10381.0;46467.0
565800;56608.0;10381.0;46227.0
565900;56128.0;10461.0;45667.0
566000;56128.0;10461.0;45667.0
566100;56008.0;10461.0;45547.0
566200;55488.0;10381.0;45107.0
566300;55928.0;10381.0;45547.0
566400;57088.0;11261.0;45827.0
566500;56088.0;10381.0;45707.0
566600;55968.0;10381.0;45587.0
566700;55968.0;10381.0;45587.0
566800;56328.0;10461.0;45867.0
566900;55368.0;9741.0;45627.0
567000;56048.0;10301.0;45747.0
567100;56168.0;10301.0;45867.0
567200;56168.0;10421.0;45747.0
567300;56168.0;10381.0;45787.0
567400;55648.0;10381.0;45267.0
567500;56208.0;10301.0;45907.0
567600;56168.0;10381.0;45787.0
567700;56168.0;10381.0;45787.0
567800;56008.0;10301.0;45707.0
567900;56088.0;10381.0;45707.0
568000;56768.0;10381.0;46387.0
568100;56208.0;10381.0;45827.0
568200;55768.0;10381.0;45387.0
568300;56048.0;10381.0;45667.0
568400;56128.0;10261.0;45867.0
568500;57008.0;10621.0;46387.0
568600;56128.0;10381.0;45747.0
568700;56248.0;10381.0;45867.0
568800;56288.0;10381.0;45907.0
568900;56368.0;10461.0;45907.0
569000;56712.0;10421.0;46291.0
569100;56392.0;10461.0;45931.0
569200;55808.0;10381.0;45427.0
569300;56348.0;10381.0;45967.0
569400;56348.0;10381.0;45967.0
569500;56428.0;10461.0;45967.0
569600;56268.0;10301.0;45967.0
569700;57132.0;11021.0;46111.0
569800;56424.0;10421.0;46003.0
569900;56464.0;10461.0;46003.0
570000;55880.0;10381.0;45499.0
570100;56384.0;10381.0;46003.0
570200;56384.0;10381.0;46003.0
570300;56420.0;10381.0;46039.0
570400;57088.0;10941.0;46147.0
570500;55860.0;9821.0;46039.0
570600;57008.0;10501.0;46507.0
570700;56512.0;10581.0;45931.0
570800;56644.0;10461.0;46183.0
570900;56656.0;10581.0;46075.0
571000;56616.0;10541.0;46075.0
571100;56616.0;10541.0;46075.0
571200;56616.0;10541.0;46075.0
571300;56640.0;10781.0;45859.0
571400;56652.0;10541.0;46111.0
571500;56412.0;10301.0;46111.0
571600;56652.0;10541.0;46111.0
571700;56652.0;10541.0;46111.0
571800;56528.0;10381.0;46147.0
571900;56300.0;9901.0;46399.0
572000;56796.0;10541.0;46255.0
572100;56580.0;10541.0;46039.0
572200;56688.0;10541.0;46147.0
572300;56912.0;10621.0;46291.0
572400;56284.0;10101.0;46183.0
572500;56684.0;10501.0;46183.0
572600;57364.0;11181.0;46183.0
572700;56724.0;10541.0;46183.0
572800;56760.0;10541.0;46219.0
572900;56760.0;10541.0;46219.0
573000;56360.0;10141.0;46219.0
573100;56720.0;10501.0;46219.0
573200;56800.0;10581.0;46219.0
573300;56716.0;10461.0;46255.0
573400;56904.0;10541.0;46363.0
573500;56676.0;10421.0;46255.0
573600;56716.0;10461.0;46255.0
573700;56796.0;10541.0;46255.0
573800;56672.0;10381.0;46291.0
573900;56832.0;10541.0;46291.0
574000;56752.0;10461.0;46291.0
574100;56752.0;10461.0;46291.0
574200;56752.0;10461.0;46291.0
574300;56708.0;10381.0;46327.0
574400;56387.0;10461.0;45926.0
574500;56615.0;10381.0;46234.0
574600;56873.5;10524.0;46349.5
574700;56921.0;10417.5;46503.5
574800;57063.0;10559.5;46503.5
574900;56841.0;10453.0;46388.0
575000;56841.0;10453.0;46388.0
575100;56841.0;10453.0;46388.0
575200;56926.0;10538.0;46388.0
575300;56964.5;10538.0;46426.5
575400;56891.5;10465.0;46426.5
575500;56992.0;10538.0;46454.0
575600;57138.0;10684.0;46454.0
575700;57065.0;10611.0;46454.0
575800;57028.0;10538.0;46490.0
575900;57099.5;10501.5;46598.0
576000;57136.0;10538.0;46598.0
576100;57101.0;10611.0;46490.0
576200;57174.0;10684.0;46490.0
576300;57137.0;10611.0;46526.0
576400;57137.0;10611.0;46526.0
576500;57138.5;10720.5;46418.0
576600;57137.0;10611.0;46526.0
576700;57137.0;10611.0;46526.0
576800;57757.0;11195.0;46562.0
576900;57243.0;10681.0;46562.0
577000;57306.0;10744.0;46562.0
577100;57810.0;10744.0;47066.0
577200;57288.0;10618.0;46670.0
577300;57342.0;10744.0;46598.0
577400;57342.0;10744.0;46598.0
577500;57342.0;10744.0;46598.0
577600;57342.0;10744.0;46598.0
577700;57328.5;10838.5;46490.0
577800;56874.0;10240.0;46634.0
577900;57441.0;10807.0;46634.0
578000;57472.5;10838.5;46634.0
578100;57283.5;10649.5;46634.0
578200;57378.0;10744.0;46634.0
578300;57107.5;10649.5;46458.0
578400;56819.0;10681.0;46138.0
578500;57591.0;10933.0;46658.0
578600;57402.0;10744.0;46658.0
578700;57859.0;10681.0;47178.0
578800;57379.0;10681.0;46698.0
578900;57379.0;10681.0;46698.0
579000;57832.0;10744.0;47088.0
579100;57569.5;10744.0;46825.5
579200;57065.5;10771.0;46294.5
579300;57458.5;10690.0;46768.5
579400;57547.5;10779.0;46768.5
579500;57488.5;10720.0;46768.5
579600;57191.5;10423.0;46768.5
579700;57633.5;10865.0;46768.5
579800;57920.0;10729.0;47191.0
579900;57623.0;10797.0;46826.0
580000;57044.0;10729.0;46315.0
580100;57555.0;10729.0;46826.0
580200;57555.0;10729.0;46826.0
580300;57612.5;10750.0;46862.5
580400;57612.5;10750.0;46862.5
580500;57244.5;10856.5;46388.0
580600;57612.5;10750.0;46862.5
580700;57435.0;10572.5;46862.5
580800;57209.0;10821.0;46388.0
580900;57720.0;10821.0;46899.0
581000;57201.5;10714.5;46487.0
581100;57748.0;10821.0;46927.0
581200;57641.5;10714.5;46927.0
581300;57816.0;10849.0;46967.0
581400;57555.5;10748.5;46807.0
581500;57816.0;10849.0;46967.0
581600;57883.0;10916.0;46967.0
581700;57749.0;10782.0;46967.0
581800;57755.5;10748.5;47007.0
581900;57755.5;10748.5;47007.0
582000;57440.0;10313.0;47127.0
582100;57976.0;10849.0;47127.0
582200;57856.0;10849.0;47007.0
582300;57829.0;10782.0;47047.0
582400;58083.0;10916.0;47167.0
582500;57915.5;10748.5;47167.0
582600;57989.0;10782.0;47207.0
582700;57896.0;10849.0;47047.0
582800;58036.5;10949.5;47087.0
582900;58003.0;10916.0;47087.0
583000;58123.0;10916.0;47207.0
583100;58602.0;11515.0;47087.0
583200;58098.0;11011.0;47087.0
583300;58075.0;10948.0;47127.0
583400;58072.5;11105.5;46967.0
583500;58321.0;11074.0;47247.0
583600;58232.5;11105.5;47127.0
583700;58075.0;10948.0;47127.0
583800;58298.0;11011.0;47287.0
583900;58152.5;11105.5;47047.0
584000;58121.0;11074.0;47047.0
584100;58614.0;11767.0;46847.0
584200;58304.0;11137.0;47167.0
584300;57904.0;11137.0;46767.0
584400;58344.0;11137.0;47207.0
584500;58344.0;11137.0;47207.0
584600;58504.0;11137.0;47367.0
584700;58344.0;11137.0;47207.0
584800;58526.5;11137.0;47389.5
584900;58474.0;11200.0;47274.0
585000;58537.0;11263.0;47274.0
585100;58358.5;11200.0;47158.5
585200;58390.0;11231.5;47158.5
585300;58449.5;11137.0;47312.5
585400;58512.5;11200.0;47312.5
585500;58785.5;11357.5;47428.0
585600;57819.5;10507.0;47312.5
585700;58418.0;11105.5;47312.5
585800;58425.0;11074.0;47351.0
585900;58425.0;11074.0;47351.0
586000;58519.5;11168.5;47351.0
586100;57655.0;11074.0;46581.0
586200;58964.0;11074.0;47890.0
586300;-910791.5;10979.5;-921771.0
586400;58463.5;11074.0;47389.5
586500;58253.5;10979.5;47274.0
586600;58949.0;11059.0;47890.0
586700;58402.0;11128.0;47274.0
586800;59026.0;11059.0;47967.0
586900;58452.5;11024.5;47428.0
587000;58509.5;11197.0;47312.5
587100;58556.0;11128.0;47428.0
587200;58591.0;11163.0;47428.0
587300;58745.0;11163.0;47582.0
587400;58987.5;11675.0;47312.5
587500;58693.5;11227.0;47466.5
587600;58578.0;11227.0;47351.0
587700;58629.5;11163.0;47466.5
587800;58970.0;11465.0;47505.0
587900;58680.0;11175.0;47505.0
588000;58737.5;11117.0;47620.5
588100;58593.0;11088.0;47505.0
588200;58564.5;11175.0;47389.5
588300;58631.5;11088.0;47543.5
588400;58660.5;11117.0;47543.5
588500;58603.0;11175.0;47428.0
588600;58805.5;11262.0;47543.5
588700;59105.0;11523.0;47582.0
588800;59163.5;11697.0;47466.5
588900;58612.5;11146.0;47466.5
589000;58641.5;11175.0;47466.5
589100;58872.5;11175.0;47697.5
589200;58861.0;11279.0;47582.0
589300;58843.5;11223.0;47620.5
589400;58815.5;11195.0;47620.5
589500;58871.5;11251.0;47620.5
589600;58871.5;11251.0;47620.5
589700;59039.5;11419.0;47620.5
589800;58854.0;11195.0;47659.0
589900;58910.0;11251.0;47659.0
590000;58966.0;11307.0;47659.0
590100;58966.0;11307.0;47659.0
590200;59025.5;11251.0;47774.5
590300;58910.0;11251.0;47659.0
590400;59841.0;11643.0;48198.0
590500;58560.0;10747.0;47813.0
590600;58724.5;11027.0;47697.5
590700;58808.5;11111.0;47697.5
590800;58875.0;11139.0;47736.0
590900;59270.5;11419.0;47851.5
591000;58931.0;11195.0;47736.0
591100;58899.5;11279.0;47620.5
591200;58759.5;11139.0;47620.5
591300;59470.0;11195.0;48275.0
591400;59085.0;11195.0;47890.0
591500;59023.0;11364.0;47659.0
591600;59094.5;11166.0;47928.5
591700;58924.0;11265.0;47659.0
591800;58605.0;11331.0;47274.0
591900;59078.0;11265.0;47813.0
592000;58616.0;10803.0;47813.0
592100;59210.0;11397.0;47813.0
592200;59045.0;11232.0;47813.0
592300;59232.0;11364.0;47868.0
592400;59343.0;11364.0;47979.0
592500;59244.0;11265.0;47979.0
592600;59347.0;11331.0;48016.0
592700;59215.0;11199.0;48016.0
592800;59170.0;11265.0;47905.0
592900;59485.0;11580.0;47905.0
593000;59088.5;11183.5;47905.0
593100;59241.0;11336.0;47905.0
593200;59550.0;11275.0;48275.0
593300;59217.0;11275.0;47942.0
593400;59130.0;11336.0;47794.0
593500;59400.0;11458.0;47942.0
593600;59167.0;11336.0;47831.0
593700;59217.0;11275.0;47942.0
593800;59143.0;11275.0;47868.0
593900;59021.0;11153.0;47868.0
594000;59193.0;11214.0;47979.0
594100;59132.0;11153.0;47979.0
594200;59132.0;11153.0;47979.0
594300;59280.0;11153.0;48127.0
594400;59341.0;11214.0;48127.0
594500;59119.0;11214.0;47905.0
594600;58527.0;11214.0;47313.0
594700;59575.0;11559.0;48016.0
594800;59342.0;11289.0;48053.0
594900;60082.0;11289.0;48793.0
595000;58824.0;11289.0;47535.0
595100;59342.0;11289.0;48053.0
595200;59288.0;11235.0;48053.0
595300;59450.0;11397.0;48053.0
595400;59234.0;11343.0;47891.0
595500;59460.0;11289.0;48171.0
595600;59340.0;11289.0;48051.0
595700;59500.0;11289.0;48211.0
595800;59434.0;11343.0;48091.0
595900;-948246.0;11343.0;-959589.0
596000;59326.0;11235.0;48091.0
596100;59434.0;11343.0;48091.0
596200;59436.0;11345.0;48091.0
596300;59537.0;11406.0;48131.0
596400;59657.0;11406.0;48251.0
596500;59537.0;11406.0;48131.0
596600;59598.0;11467.0;48131.0
596700;59628.5;11497.5;48131.0
596800;59548.5;11497.5;48051.0
596900;59457.0;11406.0;48051.0
597000;59577.0;11406.0;48171.0
597100;59577.0;11406.0;48171.0
597200;59670.5;11619.5;48051.0
597300;59525.5;11314.5;48211.0
597400;59737.0;11406.0;48331.0
597500;59497.0;11406.0;48091.0
597600;59678.0;11467.0;48211.0
597700;59678.0;11467.0;48211.0
597800;59779.0;11528.0;48251.0
597900;60082.0;11711.0;48371.0
598000;59870.5;11619.5;48251.0
598100;59840.0;11589.0;48251.0
598200;59352.0;11101.0;48251.0
598300;59941.0;11650.0;48291.0
598400;59758.0;11467.0;48291.0
598500;59788.5;11497.5;48291.0
598600;60307.0;12016.0;48291.0
598700;59910.5;11619.5;48291.0
598800;60040.0;11589.0;48451.0
598900;59920.0;11589.0;48331.0
599000;60558.0;11833.0;48725.0
599100;59990.0;11650.0;48340.0
599200;59929.0;11589.0;48340.0
599300;59998.0;11619.5;48378.5
599400;60083.0;11589.0;48494.0
599500;59991.5;11497.5;48494.0
599600;59650.5;11272.0;48378.5
599700;59975.5;11597.0;48378.5
599800;60014.0;11597.0;48417.0
599900;60129.5;11597.0;48532.5
600000;60129.5;11597.0;48532.5
600100;60014.0;11597.0;48417.0
600200;60534.0;12117.0;48417.0
600300;60014.0;11597.0;48417.0
600400;60020.0;11564.5;48455.5
600500;60052.5;11597.0;48455.5
600600;59913.0;11597.0;48316.0
600700;60033.0;11597.0;48436.0
600800;60008.0;11532.0;48476.0
600900;59943.0;11467.0;48476.0
601000;60463.0;11987.0;48476.0
601100;60382.0;11906.0;48476.0
601200;59802.5;11326.5;48476.0
601300;59955.0;11479.0;48476.0
601400;59774.0;11418.0;48356.0
601500;59903.5;11387.5;48516.0
601600;59235.0;11479.0;47756.0
601700;60155.0;11479.0;48676.0
601800;60035.0;11479.0;48556.0
601900;60096.0;11540.0;48556.0
602000;59536.0;11540.0;47996.0
602100;60216.0;11540.0;48676.0
602200;59707.0;10991.0;48716.0
602300;60035.0;11479.0;48556.0
602400;60075.0;11479.0;48596.0
602500;59955.0;11479.0;48476.0
602600;60204.5;11448.5;48756.0
602700;60298.0;11662.0;48636.0
602800;60603.0;11967.0;48636.0
602900;59503.0;10747.0;48756.0
603000;60054.0;11418.0;48636.0
603100;59919.0;11403.0;48516.0
603200;60304.0;11508.0;48796.0
603300;60144.0;11508.0;48636.0
603400;60114.0;11438.0;48676.0
603500;60114.0;11438.0;48676.0
603600;60114.0;11438.0;48676.0
603700;60154.0;11438.0;48716.0
603800;60224.0;11508.0;48716.0
603900;60294.0;11578.0;48716.0
604000;60014.0;11298.0;48716.0
604100;60294.0;11578.0;48716.0
604200;60084.0;11368.0;48716.0
604300;60154.0;11438.0;48716.0
604400;60314.0;11438.0;48876.0
604500;60194.0;11438.0;48756.0
604600;60634.0;11998.0;48636.0
604700;60276.0;11480.0;48796.0
604800;60276.0;11480.0;48796.0
604900;60308.0;11632.0;48676.0
605000;60232.0;11556.0;48676.0
605100;60988.0;11632.0;49356.0
605200;61112.0;12316.0;48796.0
605300;59840.0;11164.0;48676.0
605400;60160.0;11484.0;48676.0
605500;60360.0;11644.0;48716.0
605600;60400.0;11564.0;48836.0
605700;61080.0;12204.0;48876.0
605800;60120.0;11564.0;48556.0
605900;60440.0;11564.0;48876.0
606000;60440.0;11564.0;48876.0
606100;60440.0;11564.0;48876.0
606200;60520.0;12204.0;48316.0
606300;60440.0;11564.0;48876.0
606400;60600.0;11564.0;49036.0
606500;60480.0;11564.0;48916.0
606600;60520.0;11564.0;48956.0
606700;60440.0;11484.0;48956.0
606800;59960.0;11444.0;48516.0
606900;60640.0;11684.0;48956.0
607000;61320.0;11564.0;49756.0
607100;59880.0;10924.0;48956.0
607200;60520.0;11564.0;48956.0
607300;60541.0;11585.0;48956.0
607400;60581.0;11585.0;48996.0
607500;60465.5;11469.5;48996.0
607600;60581.0;11585.0;48996.0
607700;60510.0;11354.0;49156.0
607800;60657.0;11585.0;49072.0
607900;60657.0;11585.0;49072.0
608000;60245.5;11585.0;48660.5
608100;60669.0;11585.0;49084.0
608200;60399.5;11315.5;49084.0
608300;60767.0;11683.0;49084.0
608400;60805.5;11683.0;49122.5
608500;60074.0;11683.0;48391.0
608600;60805.5;11683.0;49122.5
608700;60844.0;11683.0;49161.0
608800;-909889.0;11843.0;-921732.0
608900;60728.5;11683.0;49045.5
609000;60966.0;11763.0;49203.0
609100;61191.0;11883.0;49308.0
609200;60926.0;11723.0;49203.0
609300;61046.0;11843.0;49203.0
609400;61186.0;11843.0;49343.0
609500;61266.0;11923.0;49343.0
609600;61081.0;11843.0;49238.0
609700;61341.0;11963.0;49378.0
609800;61336.0;11923.0;49413.0
609900;61276.0;12003.0;49273.0
610000;61196.0;11923.0;49273.0
610100;61181.0;11803.0;49378.0
610200;61996.0;12723.0;49273.0
610300;61036.0;11763.0;49273.0
610400;61231.0;11923.0;49308.0
610500;61151.0;11843.0;49308.0
610600;61186.0;11843.0;49343.0
610700;61186.0;11843.0;49343.0
610800;61596.0;11763.0;49833.0
610900;61250.0;11883.0;49367.0
611000;60810.0;11443.0;49367.0
611100;61210.0;11843.0;49367.0
611200;60991.0;11723.0;49268.0
611300;60951.0;11683.0;49268.0
611400;61762.0;12263.0;49499.0
611500;61438.0;11939.0;49499.0
611600;60592.0;11291.0;49301.0
611700;61309.0;11975.0;49334.0
611800;61579.0;12047.0;49532.0
611900;61372.0;11903.0;49469.0
612000;61372.0;11903.0;49469.0
612100;61480.0;12011.0;49469.0
612200;62056.0;12587.0;49469.0
612300;61480.0;12011.0;49469.0
612400;61511.0;12011.0;49500.0
612500;61346.0;11939.0;49407.0
612600;61498.0;12587.0;48911.0
612700;61635.0;12011.0;49624.0
612800;62118.0;12587.0;49531.0
612900;61449.0;12011.0;49438.0
613000;61542.0;12011.0;49531.0
613100;61542.0;12011.0;49531.0
613200;61542.0;12011.0;49531.0
613300;61542.0;12011.0;49531.0
613400;61666.0;12011.0;49655.0
613500;60997.0;11435.0;49562.0
613600;61573.0;12011.0;49562.0
613700;61532.0;11939.0;49593.0
613800;61728.0;12011.0;49717.0
613900;61604.0;12011.0;49593.0
614000;61676.0;12083.0;49593.0
614100;61604.0;12011.0;49593.0
614200;61532.0;11939.0;49593.0
614300;61532.0;11939.0;49593.0
614400;61563.0;11939.0;49624.0
614500;61455.0;11831.0;49624.0
614600;61491.0;11867.0;49624.0
614700;61522.0;11867.0;49655.0
614800;61429.0;11867.0;49562.0
614900;61450.0;11795.0;49655.0
615000;61522.0;11867.0;49655.0
615100;62059.5;11784.5;50275.0
615200;61636.0;11888.0;49748.0
615300;61450.0;11888.0;49562.0
615400;61677.5;11991.5;49686.0
615500;61677.5;11991.5;49686.0
615600;61401.5;11715.5;49686.0
615700;61570.5;11853.5;49717.0
615800;62004.5;11853.5;50151.0
615900;61674.0;11957.0;49717.0
616000;61639.5;11922.5;49717.0
616100;61828.0;12111.0;49717.0
616200;61781.0;12040.0;49741.0
616300;62278.0;12537.0;49741.0
616400;61739.0;11969.0;49770.0
616500;61703.5;11933.5;49770.0
616600;61739.0;11969.0;49770.0
616700;61635.5;11720.5;49915.0
616800;61768.0;11969.0;49799.0
616900;61551.5;11933.5;49618.0
617000;61858.5;12075.5;49783.0
617100;62285.0;12040.0;50245.0
617200;61681.0;11898.0;49783.0
617300;61858.5;12075.5;49783.0
617400;61785.0;11969.0;49816.0
617500;61686.0;11969.0;49717.0
617600;61749.5;11933.5;49816.0
617700;61818.0;11969.0;49849.0
617800;61889.0;12040.0;49849.0
617900;61683.5;11933.5;49750.0
618000;61375.0;11898.0;49477.0
618100;61842.0;11969.0;49873.0
618200;61771.0;11898.0;49873.0
618300;61843.5;11862.5;49981.0
618400;61663.0;11898.0;49765.0
618500;61842.5;11933.5;49909.0
618600;62022.0;11969.0;50053.0
618700;61630.0;11685.0;49945.0
618800;61798.0;11961.0;49837.0
618900;61906.0;11961.0;49945.0
619000;61906.0;11961.0;49945.0
619100;62026.0;12081.0;49945.0
619200;61786.0;11841.0;49945.0
619300;62330.0;11881.0;50449.0
619400;61970.0;11881.0;50089.0
619500;61862.0;11881.0;49981.0
619600;61434.0;11921.0;49513.0
619700;61898.0;11881.0;50017.0
619800;61922.0;11881.0;50041.0
619900;62557.0;12516.0;50041.0
620000;62069.5;12028.5;50041.0
620100;61946.5;11803.5;50143.0
620200;62557.0;12516.0;50041.0
620300;61855.0;11916.0;49939.0
620400;61991.0;11916.0;50075.0
620500;61991.0;11916.0;50075.0
620600;61977.0;11766.0;50211.0
620700;61848.0;11841.0;50007.0
620800;61950.0;11841.0;50109.0
620900;61950.0;11841.0;50109.0
621000;61923.0;11916.0;50007.0
621100;61800.0;11691.0;50109.0
621200;61800.0;11691.0;50109.0
621300;61800.0;11691.0;50109.0
621400;61909.0;11766.0;50143.0
621500;61759.0;11616.0;50143.0
621600;61834.0;11691.0;50143.0
621700;61970.0;11691.0;50279.0
621800;61868.0;11691.0;50177.0
621900;62208.0;11691.0;50517.0
622000;61980.5;11803.5;50177.0
622100;62045.0;11766.0;50279.0
622200;61943.0;11766.0;50177.0
622300;61868.0;11691.0;50177.0
622400;61902.0;11691.0;50211.0
622500;62004.0;11691.0;50313.0
622600;61925.5;11578.5;50347.0
622700;61521.0;11691.0;49830.0
622800;62046.0;11766.0;50280.0
622900;62046.0;11766.0;50280.0
623000;62196.0;11803.5;50392.5
623100;61933.5;11766.0;50167.5
623200;62158.5;11766.0;50392.5
623300;61629.0;11766.0;49863.0
623400;62097.0;11766.0;50331.0
623500;62875.5;11803.5;51072.0
623600;62655.5;12168.5;50487.0
623700;62694.0;11778.0;50916.0
623800;62787.0;12417.0;50370.0
623900;62138.0;11768.0;50370.0
624000;62721.0;11805.0;50916.0
624100;62394.0;11907.0;50487.0
624200;62382.0;12012.0;50370.0
624300;62160.0;11907.0;50253.0
624400;62421.0;12012.0;50409.0
624500;62199.0;11907.0;50292.0
624600;62386.0;11977.0;50409.0
624700;62425.0;11977.0;50448.0
624800;62647.0;12082.0;50565.0
624900;62495.0;12047.0;50448.0
625000;62495.0;12047.0;50448.0
625100;62495.0;12047.0;50448.0
625200;63111.0;12117.0;50994.0
625300;62448.0;12117.0;50331.0
625400;62604.0;12117.0;50487.0
625500;62487.0;12117.0;50370.0
625600;62592.0;12222.0;50370.0
625700;62316.0;11907.0;50409.0
625800;62643.0;12117.0;50526.0
625900;62573.0;12047.0;50526.0
626000;62587.0;12061.0;50526.0
626100;62655.0;12129.0;50526.0
626200;62111.0;11585.0;50526.0
626300;62655.0;12129.0;50526.0
626400;62174.0;11765.0;50409.0
626500;62710.0;12145.0;50565.0
626600;61443.0;11385.0;50058.0
626700;62777.0;12173.0;50604.0
626800;62894.0;12173.0;50721.0
626900;62580.0;12093.0;50487.0
627000;62697.0;12093.0;50604.0
627100;62777.0;12173.0;50604.0
627200;62774.0;12053.0;50721.0
627300;62077.0;12253.0;49824.0
627400;62740.0;12253.0;50487.0
627500;62816.0;12173.0;50643.0
627600;62816.0;12173.0;50643.0
627700;62655.0;11973.0;50682.0
627800;62735.0;12053.0;50682.0
627900;62972.0;12173.0;50799.0
628000;62895.0;12213.0;50682.0
628100;62655.0;11973.0;50682.0
628200;62658.0;12093.0;50565.0
628300;62775.0;12093.0;50682.0
628400;62814.0;12093.0;50721.0
628500;62774.0;12053.0;50721.0
628600;62254.0;11533.0;50721.0
628700;62933.0;12173.0;50760.0
628800;62053.0;11293.0;50760.0
628900;63359.0;12053.0;51306.0
629000;62533.0;11773.0;50760.0
629100;62261.0;11933.0;50328.0
629200;62781.0;12013.0;50768.0
629300;62941.0;12173.0;50768.0
629400;62981.0;12053.0;50928.0
629500;62901.0;12093.0;50808.0
629600;62901.0;12093.0;50808.0
629700;63061.0;12213.0;50848.0
629800;63021.0;12173.0;50848.0
629900;62941.0;12093.0;50848.0
630000;62941.0;12093.0;50848.0
630100;62941.0;12093.0;50848.0
630200;62861.0;12013.0;50848.0
630300;63021.0;12173.0;50848.0
630400;63221.0;12333.0;50888.0
630500;63011.0;12123.0;50888.0
630600;63011.0;12123.0;50888.0
630700;63051.0;12123.0;50928.0
630800;63121.0;12193.0;50928.0
630900;63051.0;12123.0;50928.0
631000;62911.0;11983.0;50928.0
631100;62981.0;12053.0;50928.0
631200;62924.0;12116.0;50808.0
631300;62925.5;11997.5;50928.0
631400;62883.0;12195.0;50688.0
631500;63005.0;12037.0;50968.0
631600;62965.5;11997.5;50968.0
631700;63244.0;12116.0;51128.0
631800;62564.0;12116.0;50448.0
631900;63242.5;12234.5;51008.0
632000;63244.0;12116.0;51128.0
632100;63083.0;12195.0;50888.0
632200;63124.0;12116.0;51008.0
632300;63124.0;12116.0;51008.0
632400;63319.0;12151.0;51168.0
632500;63295.0;12225.0;51070.0
632600;63184.0;12114.0;51070.0
632700;63447.0;12225.0;51222.0
632800;63259.0;12151.0;51108.0
632900;63484.0;12262.0;51222.0
633000;62889.0;11781.0;51108.0
633100;63547.0;12743.0;50804.0
633200;63851.0;12743.0;51108.0
633300;63059.0;11837.0;51222.0
633400;63023.0;11877.0;51146.0
633500;63269.0;12237.0;51032.0
633600;63129.0;12477.0;50652.0
633700;63833.0;12117.0;51716.0
633800;63461.0;12277.0;51184.0
633900;62941.0;11757.0;51184.0
634000;63147.0;12077.0;51070.0
634100;62947.0;11877.0;51070.0
634200;63261.0;12077.0;51184.0
634300;63177.0;12077.0;51100.0
634400;63217.0;11957.0;51260.0
634500;63177.0;12077.0;51100.0
634600;63217.0;11957.0;51260.0
634700;63377.0;12077.0;51300.0
634800;63457.0;12157.0;51300.0
634900;64017.0;12717.0;51300.0
635000;63767.0;12077.0;51690.0
635100;-884153.0;12157.0;-896310.0
635200;64224.5;12797.0;51427.5
635300;63312.0;11997.0;51315.0
635400;62942.0;12077.0;50865.0
635500;62942.0;12077.0;50865.0
635600;62789.5;11437.0;51352.5
635700;63467.0;12077.0;51390.0
635800;63890.5;12613.0;51277.5
635900;63559.0;12169.0;51390.0
636000;64263.5;12761.0;51502.5
636100;62854.5;11577.0;51277.5
636200;63559.0;12169.0;51390.0
636300;63485.0;12095.0;51390.0
636400;63709.0;12169.0;51540.0
636500;62676.0;11781.0;50895.0
636600;63702.0;12261.0;51441.0
636700;62781.0;11301.0;51480.0
636800;63384.0;12021.0;51363.0
636900;63581.0;12101.0;51480.0
637000;63541.0;12061.0;51480.0
637100;63661.0;12181.0;51480.0
637200;63464.0;12101.0;51363.0
637300;63501.0;12021.0;51480.0
637400;63540.0;12021.0;51519.0
637500;64180.0;12661.0;51519.0
637600;63540.0;12021.0;51519.0
637700;63579.0;12021.0;51558.0
637800;63689.0;11741.0;51948.0
637900;63299.0;11741.0;51558.0
638000;63499.0;11941.0;51558.0
638100;63499.0;11941.0;51558.0
638200;63499.0;11941.0;51558.0
638300;63397.0;11941.0;51456.0
638400;63157.0;12061.0;51096.0
638500;63757.0;12021.0;51736.0
638600;63637.0;12021.0;51616.0
638700;63677.0;12021.0;51656.0
638800;63677.0;12021.0;51656.0
638900;63637.0;11981.0;51656.0
639000;63677.0;12021.0;51656.0
639100;63677.0;12021.0;51656.0
639200;63037.0;11381.0;51656.0
639300;63797.0;12141.0;51656.0
639400;63597.0;12061.0;51536.0
639500;63726.0;12150.0;51576.0
639600;63384.5;12448.5;50936.0
639700;63849.0;12113.0;51736.0
639800;64595.5;12357.0;52238.5
639900;63803.0;12052.0;51751.0
640000;63864.0;12113.0;51751.0
640100;63864.0;12113.0;51751.0
640200;64352.0;12601.0;51751.0
640300;63751.5;12113.0;51638.5
640400;63810.0;12021.5;51788.5
640500;63789.0;12113.0;51676.0
640600;64389.5;12601.0;51788.5
640700;63908.5;12082.5;51826.0
640800;64000.0;12174.0;51826.0
640900;64000.0;12174.0;51826.0
641000;63878.0;12052.0;51826.0
641100;63878.0;12052.0;51826.0
641200;63990.5;12052.0;51938.5
641300;63878.0;12052.0;51826.0
641400;63885.0;12021.5;51863.5
641500;63428.0;12052.0;51376.0
641600;63559.0;12113.0;51446.0
641700;64039.0;12113.0;51926.0
641800;64427.0;12113.0;52314.0
641900;63623.0;11790.0;51833.0
642000;64520.0;12058.0;52462.0
642100;64002.0;12058.0;51944.0
642200;64069.0;12125.0;51944.0
642300;63935.0;11991.0;51944.0
642400;63626.0;12058.0;51568.0
642500;63965.5;11957.5;52008.0
642600;64066.0;12058.0;52008.0
642700;64206.5;12158.5;52048.0
642800;64072.5;12024.5;52048.0
642900;64192.5;12024.5;52168.0
643000;64106.0;12058.0;52048.0
643100;64053.0;12125.0;51928.0
643200;64173.0;12125.0;52048.0
643300;64240.0;12192.0;52048.0
643400;64280.0;12192.0;52088.0
643500;64179.5;12091.5;52088.0
643600;64080.0;12192.0;51888.0
643700;64320.0;12192.0;52128.0
643800;64856.0;12728.0;52128.0
643900;64320.0;12192.0;52128.0
644000;63793.5;12225.5;51568.0
644100;64880.0;12192.0;52688.0
644200;64320.0;12192.0;52128.0
644300;64320.0;12192.0;52128.0
644400;64360.0;12192.0;52168.0
644500;64379.5;12091.5;52288.0
644600;64427.0;12259.0;52168.0
644700;64557.5;11957.5;52600.0
644800;64345.0;12125.0;52220.0
644900;64231.0;12125.0;52106.0
645000;63809.0;11589.0;52220.0
645100;64412.0;12192.0;52220.0
645200;64055.0;12259.0;51796.0
645300;64294.0;12058.0;52236.0
645400;64535.0;12259.0;52276.0
645500;64401.0;12125.0;52276.0
645600;64015.0;12259.0;51756.0
645700;64527.5;12091.5;52436.0
645800;64508.0;12192.0;52316.0
645900;65068.0;12192.0;52876.0
646000;64508.0;12192.0;52316.0
646100;64575.0;12259.0;52316.0
646200;64541.5;12225.5;52316.0
646300;64508.0;12192.0;52316.0
646400;64255.0;12259.0;51996.0
646500;64668.0;12192.0;52476.0
646600;64414.0;12058.0;52356.0
646700;64621.5;12225.5;52396.0
646800;64521.0;12125.0;52396.0
646900;64775.0;12259.0;52516.0
647000;64521.0;12125.0;52396.0
647100;64468.0;12192.0;52276.0
647200;63961.0;12125.0;51836.0
647300;64521.0;12125.0;52396.0
647400;64628.0;12192.0;52436.0
647500;64527.5;12091.5;52436.0
647600;64695.0;12259.0;52436.0
647700;65137.0;12661.0;52476.0
647800;65898.0;12862.0;53036.0
647900;64534.0;12058.0;52476.0
648000;64721.0;12125.0;52596.0
648100;65062.0;12192.0;52870.0
648200;64677.0;12192.0;52485.0
648300;65141.0;12540.5;52600.5
648400;64914.0;12275.0;52639.0
648500;64769.0;12245.5;52523.5
648600;65328.5;12304.5;53024.0
648700;64807.5;12245.5;52562.0
648800;64837.0;12275.0;52562.0
648900;64778.0;12216.0;52562.0
649000;64778.0;12216.0;52562.0
649100;64952.5;12275.0;52677.5
649200;64574.0;12127.5;52446.5
649300;65435.0;12334.0;53101.0
649400;64875.5;12275.0;52600.5
649500;64991.0;12275.0;52716.0
649600;64728.0;12127.5;52600.5
649700;64557.5;11803.0;52754.5
649800;64914.0;12275.0;52639.0
649900;64921.0;12397.5;52523.5
650000;65009.0;12370.0;52639.0
650100;64838.5;12315.0;52523.5
650200;64954.0;12315.0;52639.0
650300;64954.0;12315.0;52639.0
650400;65047.5;12370.0;52677.5
650500;65047.5;12370.0;52677.5
650600;65102.5;12425.0;52677.5
650700;65086.0;12370.0;52716.0
650800;65168.5;12452.5;52716.0
650900;64658.0;12370.0;52288.0
651000;65473.0;12865.0;52608.0
651100;64960.5;12232.5;52728.0
651200;65098.0;12370.0;52728.0
651300;64978.0;12370.0;52608.0
651400;65110.5;12342.5;52768.0
651500;65138.0;12370.0;52768.0
651600;65138.0;12370.0;52768.0
651700;64618.0;11930.0;52688.0
651800;65058.0;12370.0;52688.0
651900;65370.5;12562.5;52808.0
652000;65233.0;12425.0;52808.0
652100;65205.5;12397.5;52808.0
652200;65233.0;12425.0;52808.0
652300;65793.0;12425.0;53368.0
652400;65218.0;12370.0;52848.0
652500;65153.0;12425.0;52728.0
652600;65273.0;12425.0;52848.0
652700;65313.0;12425.0;52888.0
652800;65313.0;12425.0;52888.0
652900;65368.0;12480.0;52888.0
653000;65368.0;12480.0;52888.0
653100;65368.0;12480.0;52888.0
653200;65313.0;12425.0;52888.0
653300;65423.0;12535.0;52888.0
653400;64970.5;12562.5;52408.0
653500;65408.0;12480.0;52928.0
653600;65408.0;12480.0;52928.0
653700;65448.0;12480.0;52968.0
653800;65365.5;12397.5;52968.0
653900;65393.0;12425.0;52968.0
654000;65448.0;12480.0;52968.0
654100;65503.0;12535.0;52968.0
654200;65538.0;12570.0;52968.0
654300;65538.0;12570.0;52968.0
654400;65549.0;12541.0;53008.0
654500;65549.0;12541.0;53008.0
654600;65549.0;12541.0;53008.0
654700;65589.0;12541.0;53048.0
654800;65589.0;12541.0;53048.0
654900;65589.0;12541.0;53048.0
655000;64935.0;12447.0;52488.0
655100;66149.0;12541.0;53608.0
655200;65709.0;12541.0;53168.0
655300;66372.0;12764.0;53608.0
655400;65766.0;12678.0;53088.0
655500;66092.5;12484.5;53608.0
655600;65517.0;12549.0;52968.0
655700;65806.0;12678.0;53128.0
655800;65677.0;12549.0;53128.0
655900;65754.0;12506.0;53248.0
656000;66064.0;12936.0;53128.0
656100;65160.0;12592.0;52568.0
656200;65883.0;12635.0;53248.0
656300;65720.0;12592.0;53128.0
656400;65760.0;12592.0;53168.0
656500;-946803.0;12549.0;-959352.0
656600;65416.0;12248.0;53168.0
656700;65680.0;12592.0;53088.0
656800;65972.0;12764.0;53208.0
656900;65985.0;12777.0;53208.0
657000;65787.0;12579.0;53208.0
657100;65820.0;12612.0;53208.0
657200;65650.5;12562.5;53088.0
657300;65820.0;12612.0;53208.0
657400;65909.5;12661.5;53248.0
657500;65756.0;12579.0;53177.0
657600;65865.5;12579.0;53286.5
657700;65935.0;12612.0;53323.0
657800;65908.0;12694.5;53213.5
657900;65855.5;12642.0;53213.5
658000;65965.0;12642.0;53323.0
658100;66007.0;12684.0;53323.0
658200;65671.0;12348.0;53323.0
658300;65944.0;12621.0;53323.0
658400;66043.5;12684.0;53359.5
658500;66153.0;12684.0;53469.0
658600;66379.5;13020.0;53359.5
658700;66080.0;12684.0;53396.0
658800;66189.5;12684.0;53505.5
658900;65781.5;12495.0;53286.5
659000;66164.0;12768.0;53396.0
659100;66080.0;12684.0;53396.0
659200;66054.5;12768.0;53286.5
659300;66164.0;12768.0;53396.0
659400;66200.5;12768.0;53432.5
659500;66200.5;12768.0;53432.5
659600;66633.0;12726.0;53907.0
659700;66237.0;12768.0;53469.0
659800;66405.0;12936.0;53469.0
659900;66279.0;12810.0;53469.0
660000;66454.0;12474.0;53980.0
660100;66279.0;12810.0;53469.0
660200;66279.0;12810.0;53469.0
660300;66279.0;12810.0;53469.0
660400;66315.5;12810.0;53505.5
660500;66357.5;12852.0;53505.5
660600;66338.0;12942.0;53396.0
660700;66412.0;12870.0;53542.0
660800;66250.0;12708.0;53542.0
660900;66448.0;12906.0;53542.0
661000;66448.0;12906.0;53542.0
661100;66448.0;12906.0;53542.0
661200;66448.0;12906.0;53542.0
661300;66448.0;12906.0;53542.0
661400;66484.5;12906.0;53578.5
661500;66484.5;12906.0;53578.5
661600;66502.5;12924.0;53578.5
661700;67032.0;12906.0;54126.0
661800;66521.0;12906.0;53615.0
661900;67377.0;13032.0;54345.0
662000;66521.0;12906.0;53615.0
662100;66521.0;12906.0;53615.0
662200;66485.0;12870.0;53615.0
662300;66557.0;12942.0;53615.0
662400;66305.5;12654.0;53651.5
662500;66269.5;12618.0;53651.5
662600;67414.0;12996.0;54418.0
662700;66630.0;12942.0;53688.0
662800;66630.0;12942.0;53688.0
662900;66630.0;12942.0;53688.0
663000;66684.0;12996.0;53688.0
663100;66756.0;13068.0;53688.0
663200;66666.0;12978.0;53688.0
663300;67177.0;12978.0;54199.0
663400;66792.5;13068.0;53724.5
663500;66774.5;13050.0;53724.5
663600;66197.0;12996.0;53201.0
663700;66728.0;12942.0;53786.0
663800;66728.0;12942.0;53786.0
663900;66557.0;12888.0;53669.0
664000;66728.0;12942.0;53786.0
664100;66647.0;12978.0;53669.0
664200;66638.0;12852.0;53786.0
664300;66074.0;13068.0;53006.0
664400;66536.0;12852.0;53684.0
664500;66786.0;12942.0;53844.0
664600;66750.0;12906.0;53844.0
664700;66862.0;12978.0;53884.0
664800;67018.0;13014.0;54004.0
664900;67062.0;12618.0;54444.0
665000;66886.0;12978.0;53908.0
665100;67454.0;13014.0;54440.0
665200;66957.0;13049.0;53908.0
665300;67112.0;13090.0;54022.0
665400;66995.0;13049.0;53946.0
665500;66995.0;13049.0;53946.0
665600;66696.5;12864.5;53832.0
665700;67048.0;13064.0;53984.0
665800;67097.0;13113.0;53984.0
665900;67170.5;13186.5;53984.0
666000;67146.0;13162.0;53984.0
666100;68070.0;13554.0;54516.0
666200;67701.0;13603.0;54098.0
666300;67146.0;13162.0;53984.0
666400;67032.0;13162.0;53870.0
666500;66996.5;13088.5;53908.0
666600;67222.0;13162.0;54060.0
666700;67099.5;13039.5;54060.0
666800;67271.0;13211.0;54060.0
666900;67590.5;13416.5;54174.0
667000;67197.0;13137.0;54060.0
667100;67197.0;13137.0;54060.0
667200;67240.0;13180.0;54060.0
667300;67154.0;13094.0;54060.0
667400;66719.0;12621.0;54098.0
667500;67220.0;13122.0;54098.0
667600;67086.5;13102.5;53984.0
667700;66946.0;12810.0;54136.0
667800;67213.0;13053.0;54160.0
667900;67510.0;13242.0;54268.0
668000;67186.0;13026.0;54160.0
668100;67207.0;13047.0;54160.0
668200;67177.0;13017.0;54160.0
668300;67573.0;13017.0;54556.0
668400;67123.0;12927.0;54196.0
668500;67423.0;13227.0;54196.0
668600;67513.0;13317.0;54196.0
668700;67189.0;12957.0;54232.0
668800;67327.0;12987.0;54340.0
668900;67156.0;13032.0;54124.0
669000;66859.0;13032.0;53827.0
669100;67273.0;13017.0;54256.0
669200;67360.0;12987.0;54373.0
669300;67231.0;13092.0;54139.0
669400;67312.0;13017.0;54295.0
669500;67789.0;12987.0;54802.0
669600;67171.0;13032.0;54139.0
669700;67321.0;12987.0;54334.0
669800;67174.0;12957.0;54217.0
669900;67291.0;12957.0;54334.0
670000;67333.0;12882.0;54451.0
670100;67291.0;12957.0;54334.0
670200;67501.0;13167.0;54334.0
670300;67261.0;12927.0;54334.0
670400;66793.0;12927.0;53866.0
670500;67188.0;12971.0;54217.0
670600;67344.0;12971.0;54373.0
670700;67383.0;12971.0;54412.0
670800;67563.0;13034.0;54529.0
670900;67434.5;13022.5;54412.0
671000;67329.0;13034.0;54295.0
671100;297331.0;242919.0;54412.0
671200;67239.0;12827.0;54412.0
671300;67423.0;13011.0;54412.0
671400;67462.0;13011.0;54451.0
671500;67462.0;13011.0;54451.0
671600;67462.0;13011.0;54451.0
671700;67384.0;13011.0;54373.0
671800;67478.0;12988.0;54490.0
671900;67535.5;13045.5;54490.0
672000;67478.0;12988.0;54490.0
672100;67501.0;13011.0;54490.0
672200;67478.0;12988.0;54490.0
672300;67595.0;12988.0;54607.0
672400;67390.5;12861.5;54529.0
672500;67540.0;13011.0;54529.0
672600;67551.5;13022.5;54529.0
672700;67696.0;13011.0;54685.0
672800;67556.0;12988.0;54568.0
672900;67556.0;12988.0;54568.0
673000;67556.0;12988.0;54568.0
673100;67416.0;12965.0;54451.0
673200;67650.0;12965.0;54685.0
673300;67232.0;12781.0;54451.0
673400;67572.0;12965.0;54607.0
673500;67606.5;12999.5;54607.0
673600;67611.0;12965.0;54646.0
673700;67611.0;12965.0;54646.0
673800;67611.0;12965.0;54646.0
673900;67645.5;12999.5;54646.0
674000;68134.0;12942.0;55192.0
674100;67634.0;12988.0;54646.0
674200;67611.0;12965.0;54646.0
674300;67611.0;12965.0;54646.0
674400;67650.0;12965.0;54685.0
674500;67834.0;13149.0;54685.0
674600;67673.0;12988.0;54685.0
674700;67746.5;13022.5;54724.0
674800;67521.0;12797.0;54724.0
674900;67806.0;13082.0;54724.0
675000;67644.0;13037.0;54607.0
675100;67761.0;13037.0;54724.0
675200;68307.0;13037.0;55270.0
675300;67761.0;13037.0;54724.0
675400;68070.0;13307.0;54763.0
675500;67830.0;13067.0;54763.0
675600;67860.0;13097.0;54763.0
675700;67752.0;13067.0;54685.0
675800;68445.0;13097.0;55348.0
675900;67869.0;13067.0;54802.0
676000;67986.0;13067.0;54919.0
676100;67869.0;13067.0;54802.0
676200;68475.0;13127.0;55348.0
676300;67899.0;13097.0;54802.0
676400;67752.0;13067.0;54685.0
676500;67908.0;13067.0;54841.0
676600;68313.0;13082.0;55231.0
676700;68064.5;13184.5;54880.0
676800;68027.0;13147.0;54880.0
676900;68027.0;13147.0;54880.0
677000;67977.0;13097.0;54880.0
677100;68002.0;13122.0;54880.0
677200;68039.5;13159.5;54880.0
677300;68002.0;13122.0;54880.0
677400;67910.0;13147.0;54763.0
677500;68153.5;13234.5;54919.0
677600;68041.0;13122.0;54919.0
677700;68230.0;13272.0;54958.0
677800;68105.0;13147.0;54958.0
677900;68105.0;13147.0;54958.0
678000;68013.0;13172.0;54841.0
678100;68663.5;13159.5;55504.0
678200;68130.0;13172.0;54958.0
678300;68259.5;13184.5;55075.0
678400;68169.0;13172.0;54997.0
678500;68300.0;13147.0;55153.0
678600;68077.0;13197.0;54880.0
678700;68208.0;13172.0;55036.0
678800;68208.0;13172.0;55036.0
678900;68337.5;13184.5;55153.0
679000;68075.5;13234.5;54841.0
679100;68116.0;13197.0;54919.0
679200;67228.0;12972.0;54256.0
679300;67646.0;12922.0;54724.0
679400;68754.0;13172.0;55582.0
679500;68091.0;13172.0;54919.0
679600;68720.0;13372.0;55348.0
679700;68286.0;13172.0;55114.0
679800;68248.5;13134.5;55114.0
679900;68323.5;13209.5;55114.0
680000;68286.0;13172.0;55114.0
680100;68286.0;13172.0;55114.0
680200;68169.0;13172.0;54997.0
680300;68732.0;13189.0;55543.0
680400;68342.0;13189.0;55153.0
680500;68380.0;13227.0;55153.0
680600;68370.5;13217.5;55153.0
680700;67835.0;13189.0;54646.0
680800;68381.0;13189.0;55192.0
680900;68419.0;13227.0;55192.0
681000;68381.0;13189.0;55192.0
681100;68400.0;13208.0;55192.0
681200;68283.0;13208.0;55075.0
681300;68400.0;13208.0;55192.0
681400;68439.0;13208.0;55231.0
681500;68657.0;13270.0;55387.0
681600;68493.0;13262.0;55231.0
681700;68519.0;13366.0;55153.0
681800;68492.0;13222.0;55270.0
681900;69054.0;13238.0;55816.0
682000;67940.0;13222.0;54718.0
682100;68516.0;13238.0;55278.0
682200;67956.0;13238.0;54718.0
682300;68500.0;13222.0;55278.0
682400;68380.0;13222.0;55158.0
682500;68716.0;13238.0;55478.0
682600;68556.0;13238.0;55318.0
682700;68580.0;13222.0;55358.0
682800;68460.0;13222.0;55238.0
682900;68509.0;13271.0;55238.0
683000;68629.0;13271.0;55358.0
683100;68606.0;13248.0;55358.0
683200;68663.5;13305.5;55358.0
683300;68189.0;13271.0;54918.0
683400;68565.5;13167.5;55398.0
683500;68938.0;13380.0;55558.0
683600;68690.0;13292.0;55398.0
683700;68790.0;13316.0;55474.0
683800;68655.0;13292.0;55363.0
683900;68766.0;13292.0;55474.0
684000;69506.0;13292.0;56214.0
684100;68814.0;13340.0;55474.0
684200;68822.0;13348.0;55474.0
684300;68308.0;13352.0;54956.0
684400;68974.0;13352.0;55622.0
684500;69015.0;13356.0;55659.0
684600;68867.0;13356.0;55511.0
684700;68933.0;13385.0;55548.0
684800;68415.0;13385.0;55030.0
684900;68938.0;13390.0;55548.0
685000;68943.0;13395.0;55548.0
685100;68957.0;13409.0;55548.0
685200;69472.0;13406.0;56066.0
685300;68930.5;13382.5;55548.0
685400;69117.0;13421.0;55696.0
685500;69006.0;13421.0;55585.0
685600;69006.0;13421.0;55585.0
685700;69050.0;13428.0;55622.0
685800;69161.0;13428.0;55733.0
685900;68939.0;13428.0;55511.0
686000;69624.0;13484.0;56140.0
686100;69043.0;13421.0;55622.0
686200;69057.0;13435.0;55622.0
686300;69050.0;13428.0;55622.0
686400;69087.0;13428.0;55659.0
686500;68876.0;13365.0;55511.0
686600;69087.0;13428.0;55659.0
686700;69124.0;13428.0;55696.0
686800;69148.0;13428.0;55720.0
686900;69155.0;13435.0;55720.0
687000;69155.0;13435.0;55720.0
687100;69148.0;13428.0;55720.0
687200;68602.0;13428.0;55174.0
687300;69141.0;13421.0;55720.0
687400;69024.0;13421.0;55603.0
687500;69173.0;13414.0;55759.0
687600;69197.5;13438.5;55759.0
687700;69229.5;13431.5;55798.0
687800;69226.0;13428.0;55798.0
687900;69161.0;13363.0;55798.0
688000;69271.5;13473.5;55798.0
688100;69110.0;13312.0;55798.0
688200;68831.0;13465.0;55366.0
688300;69134.0;13448.0;55686.0
688400;69277.0;13431.0;55846.0
688500;69454.0;13448.0;56006.0
688600;69319.5;13473.5;55846.0
688700;69359.5;13473.5;55886.0
688800;69317.0;13431.0;55886.0
688900;69334.0;13448.0;55886.0
689000;69894.0;13448.0;56446.0
689100;69317.0;13431.0;55886.0
689200;69445.5;13439.5;56006.0
689300;69454.0;13448.0;56006.0
689400;69214.0;13448.0;55766.0
689500;69374.0;13448.0;55926.0
689600;69357.0;13431.0;55926.0
689700;69388.5;13422.5;55966.0
689800;69397.0;13431.0;55966.0
689900;69380.0;13414.0;55966.0
690000;69277.0;13431.0;55846.0
690100;69483.0;13397.0;56086.0
690200;68820.0;13414.0;55406.0
690300;69380.0;13414.0;55966.0
690400;69403.0;13397.0;56006.0
690500;69251.5;13405.5;55846.0
690600;69283.0;13397.0;55886.0
690700;69563.0;13397.0;56166.0
690800;69478.0;13432.0;56046.0
690900;69478.0;13432.0;56046.0
691000;69302.0;13256.0;56046.0
691100;69478.0;13432.0;56046.0
691200;70038.0;13432.0;56606.0
691300;69598.0;13432.0;56166.0
691400;69595.0;13509.0;56086.0
691500;68656.0;13410.0;55246.0
691600;69496.0;13410.0;56086.0
691700;69536.0;13410.0;56126.0
691800;69514.0;13388.0;56126.0
691900;69558.0;13432.0;56126.0
692000;69536.0;13410.0;56126.0
692100;-945824.0;13410.0;-959234.0
692200;69602.0;13476.0;56126.0
692300;69542.0;13256.0;56286.0
692400;69416.0;13410.0;56006.0
692500;69598.0;13432.0;56166.0
692600;69576.0;13410.0;56166.0
692700;-945846.0;13388.0;-959234.0
692800;69703.0;13377.0;56326.0
692900;69616.0;13410.0;56206.0
693000;69616.0;13410.0;56206.0
693100;70483.0;13477.0;57006.0
693200;69656.0;13450.0;56206.0
693300;70225.0;13459.0;56766.0
693400;69834.0;13468.0;56366.0
693500;70235.0;13450.0;56785.0
693600;69708.0;13441.0;56267.0
693700;69772.0;13468.0;56304.0
693800;69883.0;13468.0;56415.0
693900;70178.0;13504.0;56674.0
694000;69679.0;13486.0;56193.0
694100;69901.0;13486.0;56415.0
694200;69790.0;13486.0;56304.0
694300;69679.0;13486.0;56193.0
694400;69827.0;13486.0;56341.0
694500;69697.0;13504.0;56193.0
694600;69827.0;13486.0;56341.0
694700;69923.0;13545.0;56378.0
694800;69958.0;13550.0;56408.0
694900;69849.5;13545.0;56304.5
695000;70451.0;13560.0;56891.0
695100;69777.5;13473.0;56304.5
695200;69976.0;13568.0;56408.0
695300;69976.0;13568.0;56408.0
695400;69872.5;13568.0;56304.5
695500;69872.5;13568.0;56304.5
695600;70010.5;13568.0;56442.5
695700;70045.0;13568.0;56477.0
695800;70064.0;13587.0;56477.0
695900;70064.0;13587.0;56477.0
696000;70064.0;13587.0;56477.0
696100;70167.5;13587.0;56580.5
696200;70443.5;13587.0;56856.5
696300;70518.5;13558.5;56960.0
696400;70098.5;13587.0;56511.5
696500;70070.0;13558.5;56511.5
696600;70257.5;13608.0;56649.5
696700;70162.0;13616.0;56546.0
696800;70586.5;13592.0;56994.5
696900;70138.0;13592.0;56546.0
697000;70852.0;13616.0;57236.0
697100;70034.5;13592.0;56442.5
697200;70114.0;13568.0;56546.0
697300;70138.0;13592.0;56546.0
697400;70172.5;13592.0;56580.5
697500;70172.5;13592.0;56580.5
697600;70069.0;13592.0;56477.0
697700;70183.0;13568.0;56615.0
697800;70182.5;13464.0;56718.5
697900;70207.0;13592.0;56615.0
698000;70207.0;13592.0;56615.0
698100;70223.0;13608.0;56615.0
698200;70207.0;13592.0;56615.0
698300;70207.0;13592.0;56615.0
698400;70546.0;13448.0;57098.0
698500;70193.5;13544.0;56649.5
698600;69818.5;13617.5;56201.0
698700;70205.5;13418.0;56787.5
698800;70270.0;13586.0;56684.0
698900;70270.0;13586.0;56684.0
699000;70081.0;13397.0;56684.0
699100;70249.0;13565.0;56684.0
699200;70249.0;13565.0;56684.0
699300;70249.0;13565.0;56684.0
699400;70273.0;13554.5;56718.5
699500;70199.5;13481.0;56718.5
699600;70262.5;13544.0;56718.5
699700;70297.0;13544.0;56753.0
699800;70297.0;13544.0;56753.0
699900;70400.5;13544.0;56856.5
700000;70297.0;13544.0;56753.0
700100;70265.5;13512.5;56753.0
700200;70297.0;13544.0;56753.0
700300;70310.5;13533.5;56777.0
700400;70353.5;13544.0;56809.5
700500;70353.5;13544.0;56809.5
700600;70608.0;13376.0;57232.0
700700;70396.5;13554.5;56842.0
700800;70374.0;13607.0;56767.0
700900;70509.0;13649.0;56860.0
701000;70404.0;13544.0;56860.0
701100;70497.0;13544.0;56953.0
701200;70425.0;13565.0;56860.0
701300;70425.0;13565.0;56860.0
701400;70477.0;13586.0;56891.0
701500;70466.5;13575.5;56891.0
701600;70435.0;13544.0;56891.0
701700;70559.0;13544.0;57015.0
701800;70394.0;13565.0;56829.0
701900;70487.0;13565.0;56922.0
702000;70487.0;13565.0;56922.0
702100;70359.0;13437.0;56922.0
702200;70502.0;13580.0;56922.0
702300;70463.0;13541.0;56922.0
702400;70519.0;13749.0;56770.0
702500;70384.5;13580.0;56804.5
702600;70522.5;13580.0;56942.5
702700;70557.0;13580.0;56977.0
702800;70609.0;13632.0;56977.0
702900;70583.0;13606.0;56977.0
703000;70570.0;13593.0;56977.0
703100;70622.0;13645.0;56977.0
703200;70557.0;13580.0;56977.0
703300;70609.0;13632.0;56977.0
703400;70786.0;13671.0;57115.0
703500;70643.5;13632.0;57011.5
703600;70678.0;13632.0;57046.0
703700;71161.0;13632.0;57529.0
703800;70781.5;13632.0;57149.5
703900;71368.0;13632.0;57736.0
704000;70678.0;13632.0;57046.0
704100;70717.0;13671.0;57046.0
704200;70781.5;13632.0;57149.5
704300;70678.0;13632.0;57046.0
704400;70712.5;13632.0;57080.5
704500;70850.5;13632.0;57218.5
704600;70712.5;13632.0;57080.5
704700;70643.5;13632.0;57011.5
704800;70850.5;13632.0;57218.5
704900;70773.0;13658.0;57115.0
705000;71463.0;13658.0;57805.0
705100;70747.0;13632.0;57115.0
705200;70773.0;13658.0;57115.0
705300;70643.5;13632.0;57011.5
705400;70643.5;13632.0;57011.5
705500;70781.5;13632.0;57149.5
705600;70807.5;13658.0;57149.5
705700;70919.5;13632.0;57287.5
705800;70764.0;13580.0;57184.0
705900;70816.0;13632.0;57184.0
706000;71299.0;13632.0;57667.0
706100;70333.0;13632.0;56701.0
706200;70815.5;13528.0;57287.5
706300;70725.5;13645.0;57080.5
706400;70824.5;13606.0;57218.5
706500;70824.5;13606.0;57218.5
706600;70798.5;13580.0;57218.5
706700;70698.5;13445.5;57253.0
706800;70710.5;13561.0;57149.5
706900;70896.5;13643.5;57253.0
707000;70842.5;13693.0;57149.5
707100;70847.0;13594.0;57253.0
707200;70814.0;13561.0;57253.0
707300;70847.0;13594.0;57253.0
707400;70793.0;13643.5;57149.5
707500;70914.5;13627.0;57287.5
707600;71259.5;13627.0;57632.5
707700;71015.0;13693.0;57322.0
707800;70652.0;13330.0;57322.0
707900;70920.5;13495.0;57425.5
708000;71130.5;13808.5;57322.0
708100;70916.0;13594.0;57322.0
708200;70951.0;13629.0;57322.0
708300;70951.0;13629.0;57322.0
708400;70985.5;13629.0;57356.5
708500;70985.5;13629.0;57356.5
708600;70985.5;13629.0;57356.5
708700;70992.0;13601.0;57391.0
708800;-208700.0;-266091.0;57391.0
708900;71020.0;13629.0;57391.0
709000;71503.0;13629.0;57874.0
709100;70992.0;13601.0;57391.0
709200;71475.0;13601.0;57874.0
709300;70992.0;13601.0;57391.0
709400;71654.0;13573.0;58081.0
709500;71026.5;13601.0;57425.5
709600;71070.5;13645.0;57425.5
709700;71118.0;13658.0;57460.0
709800;71287.0;13827.0;57460.0
709900;70871.5;13515.0;57356.5
710000;71053.0;13593.0;57460.0
710100;70975.0;13515.0;57460.0
710200;71117.5;13554.0;57563.5
710300;70414.0;13437.0;56977.0
710400;71432.5;13593.0;57839.5
710500;71048.5;13554.0;57494.5
710600;71048.5;13554.0;57494.5
710700;71186.5;13554.0;57632.5
710800;70979.5;13554.0;57425.5
710900;70979.5;13554.0;57425.5
711000;71018.5;13593.0;57425.5
711100;71083.0;13554.0;57529.0
711200;71116.0;13690.5;57425.5
711300;70979.5;13554.0;57425.5
711400;71734.0;13515.0;58219.0
711500;70827.5;13495.5;57332.0
711600;71167.0;13515.0;57652.0
711700;71008.0;13476.0;57532.0
711800;70247.0;13515.0;56732.0
711900;71421.5;13495.5;57926.0
712000;71056.0;13515.0;57541.0
712100;71056.0;13515.0;57541.0
712200;71153.5;13612.5;57541.0
712300;71056.0;13515.0;57541.0
712400;71016.5;13437.0;57579.5
712500;71209.5;13476.0;57733.5
712600;71036.0;13456.5;57579.5
712700;71903.0;13515.0;58388.0
712800;71133.0;13515.0;57618.0
712900;71133.0;13515.0;57618.0
713000;71269.5;13651.5;57618.0
713100;71094.0;13476.0;57618.0
713200;71017.5;13515.0;57502.5
713300;71133.0;13515.0;57618.0
713400;71269.0;13612.5;57656.5
713500;71171.5;13515.0;57656.5
713600;71132.5;13476.0;57656.5
713700;71346.5;13651.5;57695.0
713800;71749.0;13515.0;58234.0
713900;71325.5;13515.0;57810.5
714000;71094.5;13515.0;57579.5
714100;71229.5;13534.5;57695.0
714200;70955.0;13260.0;57695.0
714300;71185.0;13490.0;57695.0
714400;71293.0;13444.0;57849.0
714500;71223.5;13490.0;57733.5
714600;71453.5;13720.0;57733.5
714700;71308.0;13536.0;57772.0
714800;71354.0;13582.0;57772.0
714900;71193.0;13421.0;57772.0
715000;71353.5;13697.0;57656.5
715100;71377.5;13490.0;57887.5
715200;71676.0;13904.0;57772.0
715300;71163.0;13391.0;57772.0
715400;72189.5;13647.5;58542.0
715500;70615.0;13391.0;57224.0
715600;71158.0;13334.0;57824.0
715700;71318.0;13334.0;57984.0
715800;70495.5;13191.5;57304.0
715900;71049.5;13305.5;57744.0
716000;71163.5;13419.5;57744.0
716100;71078.0;13334.0;57744.0
716200;71283.5;13419.5;57864.0
716300;71517.5;13533.5;57984.0
716400;71152.5;13248.5;57904.0
716500;71398.0;13334.0;58064.0
716600;71067.0;13163.0;57904.0
716700;71838.0;13334.0;58504.0
716800;71158.0;13334.0;57824.0
716900;71078.0;13334.0;57744.0
717000;71534.5;13590.5;57944.0
717100;71192.5;13248.5;57944.0
717200;71278.0;13334.0;57944.0
717300;71838.0;13334.0;58504.0
717400;71318.0;13334.0;57984.0
717500;71289.5;13305.5;57984.0
717600;71261.0;13277.0;57984.0
717700;71449.5;13305.5;58144.0
717800;71928.0;13904.0;58024.0
717900;71208.0;13184.0;58024.0
718000;71048.0;13024.0;58024.0
718100;71208.0;13184.0;58024.0
718200;71768.0;13744.0;58024.0
718300;71248.0;13104.0;58144.0
718400;71128.0;13064.0;58064.0
718500;71128.0;13064.0;58064.0
718600;71248.0;13184.0;58064.0
718700;71408.0;13184.0;58224.0
718800;70608.0;13064.0;57544.0
718900;71208.0;13104.0;58104.0
719000;71848.0;13744.0;58104.0
719100;71088.0;13104.0;57984.0
719200;71208.0;13104.0;58104.0
719300;71328.0;13224.0;58104.0
719400;70328.0;12704.0;57624.0
719500;71328.0;13184.0;58144.0
719600;71248.0;13104.0;58144.0
719700;71288.0;13104.0;58184.0
719800;71288.0;13104.0;58184.0
719900;70928.0;13184.0;57744.0
720000;71328.0;13264.0;58064.0
720100;71488.0;13184.0;58304.0
720200;71808.0;13744.0;58064.0
720300;71368.0;13184.0;58184.0
720400;71488.0;13264.0;58224.0
720500;71328.0;13104.0;58224.0
720600;71128.0;13024.0;58104.0
720700;71448.0;13184.0;58264.0
720800;71448.0;13184.0;58264.0
720900;71448.0;13184.0;58264.0
721000;71488.0;13104.0;58384.0
721100;71288.0;12464.0;58824.0
721200;71288.0;13024.0;58264.0
721300;71248.0;13104.0;58144.0
721400;71520.0;13216.0;58304.0
721500;71284.0;13140.0;58144.0
721600;71444.0;13140.0;58304.0
721700;71484.0;13140.0;58344.0
721800;71056.0;12712.0;58344.0
721900;72056.0;13152.0;58904.0
722000;71616.0;13152.0;58464.0
722100;71656.0;13312.0;58344.0
722200;70714.0;12352.0;58362.0
722300;71594.0;13232.0;58362.0
722400;72388.0;13872.0;58516.0
722500;71558.5;13312.0;58246.5
722600;72278.5;14032.0;58246.5
722700;72355.5;14032.0;58323.5
722800;71555.5;13232.0;58323.5
722900;71671.0;13232.0;58439.0
723000;71591.0;13152.0;58439.0
723100;71551.0;13112.0;58439.0
723200;71711.0;13272.0;58439.0
723300;71591.0;13152.0;58439.0
723400;71749.5;13272.0;58477.5
723500;71555.5;13232.0;58323.5
723600;72269.5;13792.0;58477.5
723700;71588.0;13072.0;58516.0
723800;71552.5;13152.0;58400.5
723900;71748.0;13232.0;58516.0
724000;71169.0;13192.0;57977.0
724100;71472.5;13072.0;58400.5
724200;71748.0;13232.0;58516.0
724300;71028.0;12512.0;58516.0
724400;72207.0;13152.0;59055.0
724500;71706.5;13152.0;58554.5
724600;71706.5;13152.0;58554.5
724700;71745.0;13152.0;58593.0
724800;71505.0;12912.0;58593.0
724900;71665.0;13072.0;58593.0
725000;71197.0;13152.0;58045.0
725100;71637.0;13152.0;58485.0
725200;71237.0;13192.0;58045.0
725300;71837.0;13232.0;58605.0
725400;71917.0;13272.0;58645.0
725500;71997.0;13872.0;58125.0
725600;72157.0;13352.0;58805.0
725700;72557.0;13872.0;58685.0
725800;72237.0;13672.0;58565.0
725900;71997.0;13192.0;58805.0
726000;71717.0;13032.0;58685.0
726100;72637.0;13952.0;58685.0
726200;72637.0;13952.0;58685.0
726300;71357.0;12672.0;58685.0
726400;72117.0;13392.0;58725.0
726500;71837.0;13272.0;58565.0
726600;72277.0;13392.0;58885.0
726700;71677.0;12912.0;58765.0
726800;72037.0;13392.0;58645.0
726900;71877.0;13112.0;58765.0
727000;72157.0;13392.0;58765.0
727100;72317.0;13552.0;58765.0
727200;72237.0;13472.0;58765.0
727300;72317.0;13552.0;58765.0
727400;72477.0;13672.0;58805.0
727500;72277.0;13472.0;58805.0
727600;72277.0;13472.0;58805.0
727700;72437.0;13592.0;58845.0
727800;72437.0;13472.0;58965.0
727900;71957.0;13232.0;58725.0
728000;-946003.0;13392.0;-959395.0
728100;72507.0;13542.0;58965.0
728200;72017.0;13052.0;58965.0
728300;72577.0;13612.0;58965.0
728400;72560.0;13675.0;58885.0
728500;72560.0;13675.0;58885.0
728600;72499.0;13614.0;58885.0
728700;72600.0;13675.0;58925.0
728800;72600.0;13675.0;58925.0
728900;72819.0;13614.0;59205.0
729000;72659.0;13614.0;59045.0
729100;72539.0;13614.0;58925.0
729200;72600.0;13675.0;58925.0
729300;72776.0;13731.0;59045.0
729400;72696.0;13731.0;58965.0
729500;72536.0;13731.0;58805.0
729600;72696.0;13731.0;58965.0
729700;72736.0;13731.0;59005.0
729800;72789.0;13784.0;59005.0
729900;73094.5;13969.5;59125.0
730000;73257.0;13692.0;59565.0
730100;72697.0;13692.0;59005.0
730200;72697.0;13692.0;59005.0
730300;72697.0;13692.0;59005.0
730400;72737.0;13692.0;59045.0
730500;72737.0;13692.0;59045.0
730600;72871.5;13666.5;59205.0
730700;72726.0;13641.0;59085.0
730800;72897.0;13692.0;59205.0
730900;72166.0;13641.0;58525.0
731000;72955.5;13870.5;59085.0
731100;72812.0;13727.0;59085.0
731200;72861.0;13776.0;59085.0
731300;72804.0;13839.0;58965.0
731400;72901.0;13776.0;59125.0
731500;73416.5;13902.0;59514.5
731600;73463.0;13839.0;59624.0
731700;72915.5;13839.0;59076.5
731800;72295.0;13839.0;58456.0
731900;73119.5;13933.5;59186.0
732000;73113.5;13927.5;59186.0
732100;73079.0;13893.0;59186.0
732200;73113.5;13927.5;59186.0
732300;73079.0;13893.0;59186.0
732400;73521.5;14445.0;59076.5
732500;73184.5;13962.0;59222.5
732600;73558.0;14445.0;59113.0
732700;72707.0;13893.0;58814.0
732800;73221.5;13927.5;59294.0
732900;73325.0;14031.0;59294.0
733000;73136.0;13962.0;59174.0
733100;73256.0;13962.0;59294.0
733200;73548.5;14134.5;59414.0
733300;73187.0;13893.0;59294.0
733400;72537.0;13203.0;59334.0
733500;73054.5;13720.5;59334.0
733600;73296.0;13962.0;59334.0
733700;73888.0;14514.0;59374.0
733800;72784.0;13410.0;59374.0
733900;73336.0;13962.0;59374.0
734000;73336.0;13962.0;59374.0
734100;73267.0;13893.0;59374.0
734200;73250.5;13996.5;59254.0
734300;72991.0;13617.0;59374.0
734400;73307.0;13893.0;59414.0
734500;72856.0;13962.0;58894.0
734600;73514.0;14100.0;59414.0
734700;73485.0;14031.0;59454.0
734800;73416.0;13962.0;59454.0
734900;73296.0;13962.0;59334.0
735000;73416.0;13962.0;59454.0
735100;73976.0;13962.0;60014.0
735200;73519.5;14065.5;59454.0
735300;73347.0;13893.0;59454.0
735400;73387.0;13893.0;59494.0
735500;73387.0;13893.0;59494.0
735600;73318.0;13824.0;59494.0
735700;73358.0;13824.0;59534.0
735800;73086.0;13272.0;59814.0
735900;73358.0;13824.0;59534.0
736000;73307.0;13893.0;59414.0
736100;73358.0;13824.0;59534.0
736200;72798.0;13824.0;58974.0
736300;73581.5;13927.5;59654.0
736400;73169.0;13755.0;59414.0
736500;73743.0;14169.0;59574.0
736600;73023.0;13449.0;59574.0
736700;73459.5;13725.5;59734.0
736800;73417.0;13923.0;59494.0
736900;73578.0;13844.0;59734.0
737000;73458.0;13844.0;59614.0
737100;73458.0;13844.0;59614.0
737200;73458.0;13844.0;59614.0
737300;73813.5;14199.5;59614.0
737400;73618.0;13844.0;59774.0
737500;72706.0;13212.0;59494.0
737600;73419.0;13765.0;59654.0
737700;74211.0;14397.0;59814.0
737800;73651.0;13837.0;59814.0
737900;73571.0;13757.0;59814.0
738000;73571.0;13757.0;59814.0
738100;73531.0;13837.0;59694.0
738200;73251.0;13677.0;59574.0
738300;73451.0;13757.0;59694.0
738400;73491.0;13757.0;59734.0
738500;73371.0;13797.0;59574.0
738600;73571.0;13837.0;59734.0
738700;73611.0;13837.0;59774.0
738800;72891.0;13117.0;59774.0
738900;73091.0;13197.0;59894.0
739000;73491.0;13837.0;59654.0
739100;73611.0;13837.0;59774.0
739200;73611.0;13837.0;59774.0
739300;73611.0;13837.0;59774.0
739400;73731.0;13917.0;59814.0
739500;73651.0;13837.0;59814.0
739600;73731.0;13917.0;59814.0
739700;73811.0;14077.0;59734.0
739800;73691.0;13837.0;59854.0
739900;73611.0;13877.0;59734.0
740000;73771.0;13917.0;59854.0
740100;73651.0;13917.0;59734.0
740200;73771.0;13917.0;59854.0
740300;73811.0;13837.0;59974.0
740400;73731.0;13837.0;59894.0
740500;73891.0;13837.0;60054.0
740600;73811.0;13917.0;59894.0
740700;73771.0;13837.0;59934.0
740800;73771.0;13837.0;59934.0
740900;73771.0;13837.0;59934.0
741000;73771.0;13837.0;59934.0
741100;73731.0;13917.0;59814.0
741200;73651.0;13837.0;59814.0
741300;73771.0;13837.0;59934.0
741400;73811.0;13837.0;59974.0
741500;74251.0;13757.0;60494.0
741600;73931.0;13957.0;59974.0
741700;73851.0;13837.0;60014.0
741800;73931.0;13917.0;60014.0
741900;73851.0;13837.0;60014.0
742000;74011.0;13997.0;60014.0
742100;73571.0;13557.0;60014.0
742200;73931.0;13917.0;60014.0
742300;74051.0;13917.0;60134.0
742400;73971.0;13917.0;60054.0
742500;73971.0;13917.0;60054.0
742600;73931.0;13877.0;60054.0
742700;74491.0;14397.0;60094.0
742800;74091.0;13997.0;60094.0
742900;74091.0;13997.0;60094.0
743000;74171.0;14077.0;60094.0
743100;74011.0;13917.0;60094.0
743200;73371.0;13277.0;60094.0
743300;74011.0;13917.0;60094.0
743400;73851.0;13917.0;59934.0
743500;73451.0;13837.0;59614.0
743600;74051.0;13917.0;60134.0
743700;74279.0;14105.0;60174.0
743800;74187.0;14573.0;59614.0
743900;74099.0;13925.0;60174.0
744000;74243.0;14069.0;60174.0
744100;73755.0;14141.0;59614.0
744200;74363.0;14069.0;60294.0
744300;74819.0;14645.0;60174.0
744400;74051.0;13997.0;60054.0
744500;74283.0;14069.0;60214.0
744600;74283.0;14069.0;60214.0
744700;74783.0;14141.0;60642.0
744800;74701.0;14429.0;60272.0
744900;73969.0;13697.0;60272.0
745000;74210.0;14049.0;60161.0
745100;74391.0;14119.0;60272.0
745200;74391.0;14119.0;60272.0
745300;74321.0;14049.0;60272.0
745400;73807.0;13979.0;59828.0
745500;74358.0;14049.0;60309.0
745600;74839.0;14049.0;60790.0
745700;74424.0;14189.0;60235.0
745800;74983.0;14119.0;60864.0
745900;74465.0;14119.0;60346.0
746000;74815.0;14469.0;60346.0
746100;73877.0;14049.0;59828.0
746200;73975.0;13629.0;60346.0
746300;74436.0;13979.0;60457.0
746400;74467.0;14084.0;60383.0
746500;74720.0;14189.0;60531.0
746600;74404.0;14434.0;59970.0
746700;74639.0;14189.0;60450.0
746800;75031.0;14189.0;60842.0
746900;74765.0;14189.0;60576.0
747000;74651.0;14189.0;60462.0
747100;74651.0;14189.0;60462.0
747200;74607.0;14259.0;60348.0
747300;74721.0;14259.0;60462.0
747400;74873.0;14259.0;60614.0
747500;74405.0;14399.0;60006.0
747600;75088.5;14399.0;60689.5
747700;74912.0;14329.0;60583.0
747800;74842.0;14259.0;60583.0
747900;74912.0;14329.0;60583.0
748000;75018.5;14329.0;60689.5
748100;74807.0;14224.0;60583.0
748200;75552.0;14259.0;61293.0
748300;74842.0;14259.0;60583.0
748400;74982.5;14364.0;60618.5
748500;74700.5;14224.0;60476.5
748600;74947.5;14329.0;60618.5
748700;74949.5;14189.0;60760.5
748800;74983.0;14329.0;60654.0
748900;74773.0;14119.0;60654.0
749000;74843.0;14189.0;60654.0
749100;74843.0;14189.0;60654.0
749200;74773.0;14119.0;60654.0
749300;74843.0;14189.0;60654.0
749400;74806.5;14259.0;60547.5
749500;75335.5;14504.0;60831.5
749600;75018.5;14329.0;60689.5
749700;74877.5;14259.0;60618.5
749800;75764.0;14329.0;61435.0
749900;75054.0;14329.0;60725.0
750000;74557.0;14329.0;60228.0
750100;75411.0;14189.0;61222.0
750200;74424.0;13699.0;60725.0
750300;75087.5;14469.0;60618.5
750400;75229.5;14469.0;60760.5
750500;74982.5;14364.0;60618.5
750600;75371.5;14469.0;60902.5
750700;75265.0;14469.0;60796.0
750800;75158.5;14469.0;60689.5
750900;75825.0;15029.0;60796.0
751000;75265.0;14469.0;60796.0
751100;75258.5;14539.0;60719.5
751200;75324.0;14504.0;60820.0
751300;75289.0;14469.0;60820.0
751400;75353.0;14399.0;60954.0
751500;75252.5;14399.0;60853.5
751600;75152.0;14399.0;60753.0
751700;75185.5;14399.0;60786.5
751800;75286.0;14399.0;60887.0
751900;75378.0;14022.0;61356.0
752000;75304.0;14417.0;60887.0
752100;75304.0;14417.0;60887.0
752200;75203.5;14417.0;60786.5
752300;75225.0;14338.0;60887.0
752400;75337.5;14417.0;60920.5
752500;75471.5;14417.0;61054.5
752600;75416.5;14496.0;60920.5
752700;-779080.0;14417.0;-793497.0
752800;75353.0;14298.5;61054.5
752900;75371.0;14417.0;60954.0
753000;75252.5;14298.5;60954.0
753100;75371.0;14417.0;60954.0
753200;75392.5;14338.0;61054.5
753300;75471.5;14417.0;61054.5
753400;75444.0;14456.5;60987.5
753500;75198.5;14345.0;60853.5
753600;75386.5;14265.0;61121.5
753700;75265.5;14345.0;60920.5
753800;75446.0;14425.0;61021.0
753900;75466.5;14345.0;61121.5
754000;75345.5;14425.0;60920.5
754100;75166.0;14145.0;61021.0
754200;74977.0;14425.0;60552.0
754300;74806.0;13785.0;61021.0
754400;75479.5;14425.0;61054.5
754500;75479.5;14425.0;61054.5
754600;75613.5;14425.0;61188.5
754700;75233.0;14145.0;61088.0
754800;75513.0;14425.0;61088.0
754900;75513.0;14425.0;61088.0
755000;75533.5;14345.0;61188.5
755100;75453.5;14265.0;61188.5
755200;75593.0;14505.0;61088.0
755300;75493.5;14305.0;61188.5
755400;75546.5;14425.0;61121.5
755500;75546.5;14425.0;61121.5
755600;75446.0;14425.0;61021.0
755700;75300.0;14145.0;61155.0
755800;75580.0;14425.0;61155.0
755900;75714.0;14425.0;61289.0
756000;75399.5;14345.0;61054.5
756100;75530.0;14345.0;61185.0
756200;75610.0;14425.0;61185.0
756300;75050.0;13865.0;61185.0
756400;75258.0;14505.0;60753.0
756500;75886.0;14665.0;61221.0
756600;75726.0;14505.0;61221.0
756700;75710.0;14345.0;61365.0
756800;75762.0;14505.0;61257.0
756900;75762.0;14505.0;61257.0
757000;75722.0;14465.0;61257.0
757100;75804.0;14547.0;61257.0
757200;75300.0;14547.0;60753.0
757300;75804.0;14547.0;61257.0
757400;75437.0;14288.0;61149.0
757500;76095.0;14658.0;61437.0
757600;75840.0;14547.0;61293.0
757700;75731.0;14510.0;61221.0
757800;76088.0;14621.0;61467.0
757900;76011.0;14658.0;61353.0
758000;76125.0;14658.0;61467.0
758100;75900.0;14547.0;61353.0
758200;75900.0;14547.0;61353.0
758300;75752.0;14399.0;61353.0
758400;76030.0;14639.0;61391.0
758500;76102.0;14559.0;61543.0
758600;75910.0;14519.0;61391.0
758700;75988.0;14559.0;61429.0
758800;76522.0;14599.0;61923.0
758900;76028.0;14599.0;61429.0
759000;76140.0;14559.0;61581.0
759100;75988.0;14559.0;61429.0
759200;75994.0;14679.0;61315.0
759300;76514.0;15199.0;61315.0
759400;76140.0;14559.0;61581.0
759500;75946.0;14479.0;61467.0
759600;76047.0;14580.0;61467.0
759700;75971.0;14580.0;61391.0
759800;76276.0;14657.0;61619.0
759900;76085.0;14580.0;61505.0
760000;76276.0;14657.0;61619.0
760100;76085.0;14580.0;61505.0
760200;75469.0;13964.0;61505.0
760300;76008.0;14503.0;61505.0
760400;76161.5;14618.5;61543.0
760500;76161.5;14618.5;61543.0
760600;76046.0;14503.0;61543.0
760700;75468.0;13887.0;61581.0
760800;76161.0;14580.0;61581.0
760900;76161.0;14580.0;61581.0
761000;76161.0;14580.0;61581.0
761100;76352.0;14657.0;61695.0
761200;76238.0;14657.0;61581.0
761300;76161.0;14580.0;61581.0
761400;76199.0;14580.0;61619.0
761500;76353.0;14734.0;61619.0
761600;76540.5;14541.5;61999.0
761700;76237.0;14580.0;61657.0
761800;76314.0;14657.0;61657.0
761900;76428.0;14657.0;61771.0
762000;76237.0;14580.0;61657.0
762100;76237.0;14580.0;61657.0
762200;76237.0;14580.0;61657.0
762300;76428.0;14657.0;61771.0
762400;76123.0;14580.0;61543.0
762500;76275.0;14580.0;61695.0
762600;76182.0;14601.0;61581.0
762700;76568.0;14721.0;61847.0
762800;77506.0;15241.0;62265.0
762900;76528.0;14681.0;61847.0
763000;77100.0;15481.0;61619.0
763100;76540.0;14921.0;61619.0
763200;75774.0;14041.0;61733.0
763300;76294.0;14561.0;61733.0
763400;76372.0;14601.0;61771.0
763500;76220.0;14601.0;61619.0
763600;76212.0;14441.0;61771.0
763700;76246.0;14521.0;61725.0
763800;76326.0;14681.0;61645.0
763900;76366.0;14521.0;61845.0
764000;76366.0;14521.0;61845.0
764100;76446.0;14601.0;61845.0
764200;76246.0;14521.0;61725.0
764300;76905.0;14521.0;62384.0
764400;76430.5;14521.0;61909.5
764500;76924.5;15161.0;61763.5
764600;76190.5;14281.0;61909.5
764700;76467.0;14521.0;61946.0
764800;76467.0;14521.0;61946.0
764900;76347.0;14401.0;61946.0
765000;76467.0;14521.0;61946.0
765100;76427.0;14481.0;61946.0
765200;76576.5;14521.0;62055.5
765300;76576.5;14521.0;62055.5
765400;76503.5;14521.0;61982.5
765500;76423.5;14441.0;61982.5
765600;76503.5;14521.0;61982.5
765700;76540.0;14521.0;62019.0
765800;76540.0;14521.0;62019.0
765900;76620.0;14601.0;62019.0
766000;76620.0;14601.0;62019.0
766100;76620.0;14601.0;62019.0
766200;76550.5;14641.0;61909.5
766300;76729.5;14601.0;62128.5
766400;76766.0;14601.0;62165.0
766500;76656.5;14601.0;62055.5
766600;76656.5;14601.0;62055.5
766700;76773.0;14681.0;62092.0
766800;76653.0;14561.0;62092.0
766900;76693.0;14601.0;62092.0
767000;76693.0;14601.0;62092.0
767100;76573.0;14481.0;62092.0
767200;76693.0;14601.0;62092.0
767300;76773.0;14681.0;62092.0
767400;76729.5;14601.0;62128.5
767500;76306.0;14161.0;62145.0
767600;76702.0;14671.0;62031.0
767700;77624.0;15441.0;62183.0
767800;76854.0;14671.0;62183.0
767900;77414.0;15231.0;62183.0
768000;76740.0;14671.0;62069.0
768100;76670.0;14601.0;62069.0
768200;76968.0;14671.0;62297.0
768300;76959.0;14776.0;62183.0
768400;76925.0;14671.0;62254.0
768500;76960.0;14601.0;62359.0
768600;76855.0;14601.0;62254.0
768700;76820.0;14531.0;62289.0
768800;77100.0;14706.0;62394.0
768900;76890.0;14601.0;62289.0
769000;76890.0;14601.0;62289.0
769100;76890.0;14601.0;62289.0
769200;76890.0;14601.0;62289.0
769300;77030.0;14741.0;62289.0
769400;77212.0;14783.0;62429.0
769500;77059.0;14735.0;62324.0
769600;76739.0;14415.0;62324.0
769700;77624.0;14775.0;62849.0
769800;77359.0;14895.0;62464.0
769900;77174.0;14815.0;62359.0
770000;77444.0;14735.0;62709.0
770100;77014.0;14655.0;62359.0
770200;77014.0;14655.0;62359.0
770300;76989.0;14735.0;62254.0
770400;77129.0;14735.0;62394.0
770500;77209.0;14815.0;62394.0
770600;77104.0;14815.0;62289.0
770700;77139.0;14815.0;62324.0
770800;77324.0;14895.0;62429.0
770900;77429.0;14895.0;62534.0
771000;77324.0;14895.0;62429.0
771100;77429.0;14895.0;62534.0
771200;77324.0;14895.0;62429.0
771300;77349.0;14815.0;62534.0
771400;77119.0;14655.0;62464.0
771500;78079.0;15615.0;62464.0
771600;77439.0;14975.0;62464.0
771700;77569.0;15175.0;62394.0
771800;77394.0;14895.0;62499.0
771900;77499.0;14895.0;62604.0
772000;77474.0;14975.0;62499.0
772100;77579.0;14975.0;62604.0
772200;77474.0;14975.0;62499.0
772300;77474.0;14975.0;62499.0
772400;76869.0;14335.0;62534.0
772500;77649.0;14975.0;62674.0
772600;77509.0;14975.0;62534.0
772700;77384.0;14815.0;62569.0
772800;77439.0;14975.0;62464.0
772900;77439.0;14975.0;62464.0
773000;77464.0;14895.0;62569.0
773100;78344.0;15775.0;62569.0
773200;77424.0;14855.0;62569.0
773300;77464.0;14895.0;62569.0
773400;78114.0;15055.0;63059.0
773500;77359.0;14895.0;62464.0
773600;77499.0;14895.0;62604.0
773700;77956.0;15317.0;62639.0
773800;77462.0;14823.0;62639.0
773900;77146.0;14507.0;62639.0
774000;77546.0;14907.0;62639.0
774100;77546.0;14907.0;62639.0
774200;77582.0;14907.0;62675.0
774300;77348.0;14787.0;62561.0
774400;77540.0;14827.0;62713.0
774500;77920.0;14827.0;63093.0
774600;77426.0;14827.0;62599.0
774700;77578.0;14827.0;62751.0
774800;77498.0;14747.0;62751.0
774900;77464.0;14827.0;62637.0
775000;77572.0;14707.0;62865.0
775100;77378.0;14627.0;62751.0
775200;77075.5;14747.0;62328.5
775300;77710.0;14947.0;62763.0
775400;77909.5;15107.0;62802.5
775500;77069.5;14267.0;62802.5
775600;77709.5;14907.0;62802.5
775700;78222.0;14827.0;63395.0
775800;77509.0;14667.0;62842.0
775900;77749.0;14907.0;62842.0
776000;77749.0;14907.0;62842.0
776100;77789.0;14947.0;62842.0
776200;77749.0;14907.0;62842.0
776300;77869.0;15027.0;62842.0
776400;77788.5;14907.0;62881.5
776500;77788.5;14907.0;62881.5
776600;77550.0;14787.0;62763.0
776700;77866.5;14827.0;63039.5
776800;77786.5;14747.0;63039.5
776900;77748.0;14827.0;62921.0
777000;77828.0;14907.0;62921.0
777100;77828.0;14907.0;62921.0
777200;77786.5;14747.0;63039.5
777300;77866.5;14827.0;63039.5
777400;77709.5;14907.0;62802.5
777500;77827.5;14867.0;62960.5
777600;77065.5;13947.0;63118.5
777700;77747.0;14747.0;63000.0
777800;78307.0;15307.0;63000.0
777900;77468.5;14587.0;62881.5
778000;77667.0;14667.0;63000.0
778100;77785.5;14667.0;63118.5
778200;77625.5;14507.0;63118.5
778300;77587.0;14587.0;63000.0
778400;77506.5;14467.0;63039.5
778500;77626.5;14587.0;63039.5
778600;77546.0;14467.0;63079.0
778700;78139.0;14507.0;63632.0
778800;77706.0;14627.0;63079.0
778900;77586.0;14507.0;63079.0
779000;77546.0;14467.0;63079.0
779100;77666.0;14587.0;63079.0
779200;77546.0;14467.0;63079.0
779300;77784.5;14587.0;63197.5
779400;77705.5;14587.0;63118.5
779500;78251.5;14975.0;63276.5
779600;77871.5;14595.0;63276.5
779700;77829.0;14671.0;63158.0
779800;77710.5;14671.0;63039.5
779900;77221.0;14063.0;63158.0
780000;78382.0;14671.0;63711.0
780100;77786.5;14747.0;63039.5
780200;77905.0;14747.0;63158.0
780300;77865.0;14707.0;63158.0
780400;77264.5;14067.0;63197.5
780500;77904.5;14707.0;63197.5
780600;77904.5;14707.0;63197.5
780700;77391.0;14707.0;62684.0
780800;78066.0;14829.0;63237.0
780900;77955.0;14718.0;63237.0
781000;77681.0;14444.0;63237.0
781100;78155.0;14918.0;63237.0
781200;77641.5;14286.0;63355.5
781300;78629.0;14839.0;63790.0
781400;78115.5;14839.0;63276.5
781500;77783.0;14942.0;62841.0
781600;-681661.0;-744982.0;63321.0
781700;78225.0;14904.0;63321.0
781800;78383.0;14942.0;63441.0
781900;78073.0;14752.0;63321.0
782000;78187.0;14866.0;63321.0
782100;78795.0;15474.0;63321.0
782200;79067.0;15626.0;63441.0
782300;78187.0;14866.0;63321.0
782400;78107.0;14746.0;63361.0
782500;78187.0;14826.0;63361.0
782600;78107.0;14746.0;63361.0
782700;78069.0;14788.0;63281.0
782800;78189.0;14788.0;63401.0
782900;78189.0;14788.0;63401.0
783000;78337.0;14936.0;63401.0
783100;78226.0;14825.0;63401.0
783200;78309.0;14788.0;63521.0
783300;78427.0;15146.0;63281.0
783400;78441.0;14880.0;63561.0
783500;78710.5;14880.0;63830.5
783600;77803.0;14812.0;62991.0
783700;78457.5;14846.0;63611.5
783800;78204.5;14812.0;63392.5
783900;78314.0;14812.0;63502.0
784000;78348.0;14846.0;63502.0
784100;78340.5;14948.0;63392.5
784200;78382.0;14880.0;63502.0
784300;78272.5;14880.0;63392.5
784400;78382.0;14880.0;63502.0
784500;78962.5;15424.0;63538.5
784600;78106.0;14976.0;63130.0
784700;78586.0;14976.0;63610.0
784800;78714.0;15104.0;63610.0
784900;79082.0;14912.0;64170.0
785000;78824.0;15214.0;63610.0
785100;78552.0;14924.0;63628.0
785200;78754.5;15011.0;63743.5
785300;78552.0;14924.0;63628.0
785400;79054.5;15388.0;63666.5
785500;78532.5;14866.0;63666.5
785600;78503.5;14837.0;63666.5
785700;78339.0;14634.0;63705.0
785800;78285.0;14580.0;63705.0
785900;78557.0;14852.0;63705.0
786000;78727.0;15022.0;63705.0
786100;78727.0;15022.0;63705.0
786200;78120.0;14954.0;63166.0
786300;78625.0;14920.0;63705.0
786400;78813.0;14954.0;63859.0
786500;78867.5;15124.0;63743.5
786600;78765.5;15022.0;63743.5
786700;78872.0;15090.0;63782.0
786800;78804.0;15022.0;63782.0
786900;78804.0;15022.0;63782.0
787000;78804.0;15022.0;63782.0
787100;78808.0;15026.0;63782.0
787200;78840.0;15058.0;63782.0
787300;79236.5;15570.0;63666.5
787400;78878.5;15058.0;63820.5
787500;78878.5;15058.0;63820.5
787600;78302.5;14482.0;63820.5
787700;78853.0;14994.0;63859.0
787800;78250.0;14930.0;63320.0
787900;78981.0;15122.0;63859.0
788000;78853.0;14994.0;63859.0
788100;78981.0;15122.0;63859.0
788200;78917.0;15058.0;63859.0
788300;78917.0;15058.0;63859.0
788400;78391.0;14994.0;63397.0
788500;78731.5;14834.0;63897.5
788600;78955.5;15058.0;63897.5
788700;78930.0;14994.0;63936.0
788800;79042.0;15106.0;63936.0
788900;79511.0;15036.0;64475.0
789000;78972.0;15036.0;63936.0
789100;78972.0;15036.0;63936.0
789200;79087.5;15036.0;64051.5
789300;78972.0;15036.0;63936.0
789400;79010.5;15036.0;63974.5
789500;78580.0;15106.0;63474.0
789600;78895.0;15036.0;63859.0
789700;79003.5;15106.0;63897.5
789800;78979.0;14966.0;64013.0
789900;78944.0;14931.0;64013.0
790000;79049.0;15036.0;64013.0
790100;78933.5;15036.0;63897.5
790200;79049.0;15036.0;64013.0
790300;79084.0;15071.0;64013.0
790400;79157.5;15106.0;64051.5
790500;78587.0;15036.0;63551.0
790600;78982.5;14931.0;64051.5
790700;78881.0;14791.0;64090.0
790800;79311.5;15106.0;64205.5
790900;79486.5;15281.0;64205.5
791000;78566.0;14476.0;64090.0
791100;78566.0;14476.0;64090.0
791200;79484.0;15394.0;64090.0
791300;79247.5;15042.0;64205.5
791400;78952.5;14978.0;63974.5
791500;78920.5;14946.0;63974.5
791600;79198.0;15042.0;64156.0
791700;79890.0;15554.0;64336.0
791800;79234.0;15042.0;64192.0
791900;78730.0;15042.0;63688.0
792000;78666.0;14978.0;63688.0
792100;79031.5;15042.0;63989.5
792200;79230.0;15042.0;64188.0
792300;79230.0;15042.0;64188.0
792400;79173.0;14946.0;64227.0
792500;78949.0;14722.0;64227.0
792600;79269.0;15042.0;64227.0
792700;79081.0;15010.0;64071.0
792800;79308.0;15042.0;64266.0
792900;78668.0;14402.0;64266.0
793000;79794.0;15138.0;64656.0
793100;79212.0;14946.0;64266.0
793200;79141.0;15070.0;64071.0
793300;79336.0;15070.0;64266.0
793400;78919.0;14770.0;64149.0
793500;79375.0;15070.0;64305.0
793600;78634.0;15070.0;63564.0
793700;79414.0;15070.0;64344.0
793800;79219.0;15070.0;64149.0
793900;78982.0;15070.0;63912.0
794000;79422.0;15070.0;64352.0
794100;79422.0;15070.0;64352.0
794200;79422.0;15070.0;64352.0
794300;79392.0;15160.0;64232.0
794400;79302.0;15070.0;64232.0
794500;79462.0;15070.0;64392.0
794600;79402.0;15010.0;64392.0
794700;79442.0;15010.0;64432.0
794800;79597.0;15165.0;64432.0
794900;79597.0;15165.0;64432.0
795000;79444.5;15132.5;64312.0
795100;79077.0;14645.0;64432.0
795200;79629.5;15197.5;64432.0
795300;79532.0;15100.0;64432.0
795400;79572.0;15100.0;64472.0
795500;80092.0;15620.0;64472.0
795600;79409.5;14937.5;64472.0
795700;79677.0;15165.0;64512.0
795800;79677.0;15165.0;64512.0
795900;79622.0;15230.0;64392.0
796000;79732.0;15100.0;64632.0
796100;79742.0;15230.0;64512.0
796200;79602.0;14970.0;64632.0
796300;79742.0;15230.0;64512.0
796400;79717.0;15165.0;64552.0
796500;79197.0;14645.0;64552.0
796600;79357.0;14645.0;64712.0
796700;79659.5;15067.5;64592.0
796800;80078.0;15100.0;64978.0
796900;79822.5;15100.0;64722.5
797000;79518.0;14905.0;64613.0
797100;79713.0;15100.0;64613.0
797200;79663.0;15050.0;64613.0
797300;79591.0;15147.0;64444.0
797400;80320.0;15196.0;65124.0
797500;79800.0;15196.0;64604.0
797600;79800.0;15196.0;64604.0
797700;79182.0;15098.0;64084.0
797800;79766.5;15122.5;64644.0
797900;79840.0;15196.0;64644.0
798000;80014.0;15220.0;64794.0
798100;80029.0;15197.0;64832.0
798200;79740.0;15174.0;64566.0
798300;79854.0;15174.0;64680.0
798400;79892.0;15174.0;64718.0
798500;79975.0;15105.0;64870.0
798600;79892.0;15174.0;64718.0
798700;79216.0;15220.0;63996.0
798800;79884.0;15128.0;64756.0
798900;79676.0;14806.0;64870.0
799000;80196.0;15174.0;65022.0
799100;79655.0;15013.0;64642.0
799200;79930.0;15174.0;64756.0
799300;79884.0;15128.0;64756.0
799400;79428.0;15128.0;64300.0
799500;79876.0;15082.0;64794.0
799600;79922.0;15128.0;64794.0
799700;79638.0;14806.0;64832.0
799800;79845.0;15013.0;64832.0
799900;80051.0;15105.0;64946.0
800000;80006.0;15174.0;64832.0
800100;79983.0;15151.0;64832.0
800200;80006.0;15174.0;64832.0
800300;79892.0;15174.0;64718.0
800400;80365.0;15381.0;64984.0
800500;80090.0;15220.0;64870.0
800600;79617.0;15169.0;64448.0
800700;80097.0;15169.0;64928.0
800800;80097.0;15169.0;64928.0
800900;79948.0;15220.0;64728.0
801000;80293.5;15245.5;65048.0
801100;80127.0;15169.0;64958.0
801200;80014.5;15169.0;64845.5
801300;80127.0;15169.0;64958.0
801400;80164.5;15169.0;64995.5
801500;80314.5;15169.0;65145.5
801600;80164.5;15169.0;64995.5
801700;80176.5;15143.5;65033.0
801800;80202.0;15169.0;65033.0
801900;80176.5;15143.5;65033.0
802000;80202.0;15169.0;65033.0
802100;80727.0;15169.0;65558.0
802200;80227.5;15194.5;65033.0
802300;80166.0;15245.5;64920.5
802400;80278.5;15245.5;65033.0
802500;80290.5;15220.0;65070.5
802600;80290.5;15220.0;65070.5
802700;80328.0;15220.0;65108.0
802800;80526.5;15306.0;65220.5
802900;80552.0;15444.0;65108.0
803000;80391.0;15283.0;65108.0
803100;80414.0;15306.0;65108.0
803200;80526.5;15306.0;65220.5
803300;80484.0;15376.0;65108.0
803400;80484.0;15376.0;65108.0
803500;80521.5;15376.0;65145.5
803600;80671.5;15376.0;65295.5
803700;80559.0;15376.0;65183.0
803800;80847.0;15664.0;65183.0
803900;80446.5;15376.0;65070.5
804000;80530.5;15347.5;65183.0
804100;80628.0;15445.0;65183.0
804200;80530.5;15347.5;65183.0
804300;80701.5;15406.0;65295.5
804400;80681.5;15498.5;65183.0
804500;80666.5;15446.0;65220.5
804600;80554.0;15446.0;65108.0
804700;80704.0;15446.0;65258.0
804800;80774.0;15516.0;65258.0
804900;80591.5;15446.0;65145.5
805000;80704.0;15446.0;65258.0
805100;80704.0;15446.0;65258.0
805200;80591.5;15446.0;65145.5
805300;80791.5;15533.5;65258.0
805400;80718.0;15460.0;65258.0
805500;80755.5;15460.0;65295.5
805600;80826.0;15493.0;65333.0
805700;80793.0;15460.0;65333.0
805800;80859.0;15526.0;65333.0
805900;80826.0;15493.0;65333.0
806000;80793.0;15460.0;65333.0
806100;80908.5;15575.5;65333.0
806200;80826.0;15493.0;65333.0
806300;80763.0;15542.5;65220.5
806400;80976.0;15493.0;65483.0
806500;80896.5;15526.0;65370.5
806600;80934.0;15526.0;65408.0
806700;80950.5;15542.5;65408.0
806800;80884.5;15476.5;65408.0
806900;80884.5;15476.5;65408.0
807000;80821.5;15526.0;65295.5
807100;80835.0;15427.0;65408.0
807200;81198.0;15790.0;65408.0
807300;80983.5;15575.5;65408.0
807400;80934.0;15526.0;65408.0
807500;80971.5;15526.0;65445.5
807600;81009.0;15526.0;65483.0
807700;81042.0;15559.0;65483.0
807800;81042.0;15559.0;65483.0
807900;-248991.0;-314474.0;65483.0
808000;81025.5;15542.5;65483.0
808100;81075.0;15592.0;65483.0
808200;81825.0;15592.0;66233.0
808300;81110.0;15627.0;65483.0
808400;81110.0;15627.0;65483.0
808500;81663.0;15655.0;66008.0
808600;81171.0;15613.0;65558.0
808700;81201.0;15643.0;65558.0
808800;81201.0;15643.0;65558.0
808900;81231.0;15673.0;65558.0
809000;81231.0;15673.0;65558.0
809100;81231.0;15673.0;65558.0
809200;81231.0;15673.0;65558.0
809300;81266.0;15708.0;65558.0
809400;81816.0;15733.0;66083.0
809500;81086.0;15908.0;65178.0
809600;81341.0;15683.0;65658.0
809700;81316.0;15658.0;65658.0
809800;81341.0;15683.0;65658.0
809900;81366.0;15708.0;65658.0
810000;81366.0;15708.0;65658.0
810100;81246.0;15708.0;65538.0
810200;81353.5;15695.5;65658.0
810300;81341.0;15683.0;65658.0
810400;81403.5;15745.5;65658.0
810500;81406.0;15708.0;65698.0
810600;81446.0;15708.0;65738.0
810700;81326.0;15708.0;65618.0
810800;81421.0;15683.0;65738.0
810900;81458.5;15720.5;65738.0
811000;81321.0;15583.0;65738.0
811100;81276.0;15658.0;65618.0
811200;81591.0;15733.0;65858.0
811300;81566.0;15708.0;65858.0
811400;81421.0;15683.0;65738.0
811500;81461.0;15683.0;65778.0
811600;81621.0;15683.0;65938.0
811700;81658.5;15720.5;65938.0
811800;81583.5;15645.5;65938.0
811900;81501.0;15683.0;65818.0
812000;81501.0;15683.0;65818.0
812100;81501.0;15683.0;65818.0
812200;81501.0;15683.0;65818.0
812300;81360.5;15662.5;65698.0
812400;81521.0;15703.0;65818.0
812500;81401.0;15703.0;65698.0
812600;81615.0;15717.0;65898.0
812700;82001.0;15717.0;66284.0
812800;81844.0;15815.5;66028.5
812900;81530.5;15721.0;65809.5
813000;81661.0;15742.0;65919.0
813100;81640.0;15721.0;65919.0
813200;81640.0;15721.0;65919.0
813300;81530.5;15721.0;65809.5
813400;81530.5;15721.0;65809.5
813500;81645.0;15689.5;65955.5
813600;81713.0;15721.0;65992.0
813700;81822.5;15721.0;66101.5
813800;81713.0;15721.0;65992.0
813900;82245.0;15742.0;66503.0
814000;81713.0;15721.0;65992.0
814100;81603.5;15721.0;65882.5
814200;81713.0;15721.0;65992.0
814300;81237.0;15756.0;65481.0
814400;81748.0;15756.0;65992.0
814500;81784.5;15756.0;66028.5
814600;81717.0;15652.0;66065.0
814700;81724.5;15769.0;65955.5
814800;81883.0;15782.0;66101.0
814900;81979.0;15878.0;66101.0
815000;81921.0;15820.0;66101.0
815100;82000.5;15796.0;66204.5
815200;81909.0;15772.0;66137.0
815300;81933.0;15796.0;66137.0
815400;81838.5;15796.0;66042.5
815500;81611.0;15796.0;65815.0
815600;82328.0;15988.0;66340.0
815700;81839.0;15604.0;66235.0
815800;82007.0;15772.0;66235.0
815900;81896.0;15556.0;66340.0
816000;81983.0;15748.0;66235.0
816100;82088.0;15748.0;66340.0
816200;81983.0;15748.0;66235.0
816300;82112.0;15772.0;66340.0
816400;82147.0;15772.0;66375.0
816500;81962.0;15832.0;66130.0
816600;82182.0;15772.0;66410.0
816700;82077.0;15772.0;66305.0
816800;82101.0;15796.0;66305.0
816900;81881.0;15796.0;66085.0
817000;82081.0;15796.0;66285.0
817100;82057.0;15772.0;66285.0
817200;81521.0;15796.0;65725.0
817300;82081.0;15796.0;66285.0
817400;82241.0;15796.0;66445.0
817500;82121.0;15796.0;66325.0
817600;82185.0;15820.0;66365.0
817700;82185.0;15820.0;66365.0
817800;82377.0;16012.0;66365.0
817900;82185.0;15820.0;66365.0
818000;82185.0;15820.0;66365.0
818100;81421.0;15856.0;65565.0
818200;82161.0;15796.0;66365.0
818300;82209.0;15844.0;66365.0
818400;82209.0;15844.0;66365.0
818500;82668.5;15868.0;66800.5
818600;82298.0;15844.0;66454.0
818700;82298.0;15844.0;66454.0
818800;82394.0;15916.0;66478.0
818900;82116.5;15748.0;66368.5
819000;82310.0;15832.0;66478.0
819100;82260.5;15892.0;66368.5
819200;82322.0;15844.0;66478.0
819300;82455.5;15868.0;66587.5
819400;82236.5;15868.0;66368.5
819500;82574.5;16060.0;66514.5
819600;82528.5;15868.0;66660.5
819700;82437.0;15868.0;66569.0
819800;82437.0;15868.0;66569.0
819900;82605.0;16036.0;66569.0
820000;82377.0;15808.0;66569.0
820100;82413.0;15844.0;66569.0
820200;82197.0;15628.0;66569.0
820300;82389.0;15820.0;66569.0
820400;82389.0;15820.0;66569.0
820500;82424.0;15820.0;66604.0
820600;82495.0;15856.0;66639.0
820700;82459.0;15820.0;66639.0
820800;82651.0;16012.0;66639.0
820900;82540.0;15796.0;66744.0
821000;82414.0;15880.0;66534.0
821100;82522.0;15883.0;66639.0
821200;82594.0;15850.0;66744.0
821300;83061.5;15932.5;67129.0
821400;82489.0;15850.0;66639.0
821500;82590.0;15916.0;66674.0
821600;82476.5;15767.5;66709.0
821700;82975.0;15916.0;67059.0
821800;82719.5;16010.5;66709.0
821900;82571.0;15862.0;66709.0
822000;82174.0;15862.0;66312.0
822100;82630.0;15889.0;66741.0
822200;82630.0;15889.0;66741.0
822300;82879.0;15592.0;67287.0
822400;82051.0;15862.0;66189.0
822500;82878.5;15929.5;66949.0
822600;82704.5;15875.5;66829.0
822700;82530.5;15821.5;66709.0
822800;82691.0;15862.0;66829.0
822900;82907.0;16078.0;66829.0
823000;82691.0;15862.0;66829.0
823100;82745.0;15916.0;66829.0
823200;82131.0;15862.0;66269.0
823300;82664.0;15835.0;66829.0
823400;82691.0;15862.0;66829.0
823500;82567.5;15698.5;66869.0
823600;83283.0;15814.0;67469.0
823700;82636.0;15847.0;66789.0
823800;82756.0;15847.0;66909.0
823900;82723.0;15814.0;66909.0
824000;82756.0;15847.0;66909.0
824100;82789.0;15880.0;66909.0
824200;82933.0;16144.0;66789.0
824300;82789.0;15880.0;66909.0
824400;82789.0;15880.0;66909.0
824500;82862.0;15913.0;66949.0
824600;82852.5;15863.5;66989.0
824700;82902.0;15913.0;66989.0
824800;82735.0;15946.0;66789.0
824900;82902.0;15913.0;66989.0
825000;82902.0;15913.0;66989.0
825100;83166.0;16177.0;66989.0
825200;82342.0;15913.0;66429.0
825300;82935.0;15946.0;66989.0
825400;82869.0;15880.0;66989.0
825500;83429.0;15880.0;67549.0
825600;83213.0;16144.0;67069.0
825700;82982.0;15913.0;67069.0
825800;82455.0;15946.0;66509.0
825900;82862.0;15913.0;66949.0
826000;82895.0;15946.0;66949.0
826100;82982.0;15913.0;67069.0
826200;83295.0;15946.0;67349.0
826300;83015.0;15946.0;67069.0
826400;83015.0;15946.0;67069.0
826500;83022.0;15913.0;67109.0
826600;83095.0;15946.0;67149.0
826700;83095.0;15946.0;67149.0
826800;83095.0;15946.0;67149.0
826900;83095.0;15946.0;67149.0
827000;83587.0;15946.0;67641.0
827100;83119.0;15946.0;67173.0
827200;83227.0;15946.0;67281.0
827300;83119.0;15946.0;67173.0
827400;83119.0;15946.0;67173.0
827500;83155.0;15946.0;67209.0
827600;83092.0;15847.0;67245.0
827700;82984.0;15847.0;67137.0
827800;83224.0;15979.0;67245.0
827900;83224.0;15979.0;67245.0
828000;83282.5;15929.5;67353.0
828100;83026.0;15781.0;67245.0
828200;83083.0;15946.0;67137.0
828300;83158.0;15913.0;67245.0
828400;83273.5;16028.5;67245.0
828500;83194.0;15913.0;67281.0
828600;83263.0;15946.0;67317.0
828700;83230.0;15913.0;67317.0
828800;83122.0;15913.0;67209.0
828900;83288.5;15863.5;67425.0
829000;83420.5;15995.5;67425.0
829100;83197.0;15880.0;67317.0
829200;83246.5;15929.5;67317.0
829300;83230.0;15913.0;67317.0
829400;83230.0;15913.0;67317.0
829500;83410.0;15913.0;67497.0
829600;83302.0;15913.0;67389.0
829700;83318.5;15929.5;67389.0
829800;83377.0;15880.0;67497.0
829900;83377.0;15880.0;67497.0
830000;83194.0;15913.0;67281.0
830100;83005.0;15616.0;67389.0
830200;83269.0;15880.0;67389.0
830300;83236.0;15847.0;67389.0
830400;83413.0;15880.0;67533.0
830500;83822.5;15929.5;67893.0
830600;83324.5;15863.5;67461.0
830700;83216.5;15863.5;67353.0
830800;83437.0;15976.0;67461.0
830900;83051.5;15997.0;67054.5
831000;83961.5;16354.0;67607.5
831100;83535.0;16046.0;67489.0
831200;83478.0;15989.0;67489.0
831300;83416.5;16046.0;67370.5
831400;83919.5;16008.0;67911.5
831500;83564.5;16008.0;67556.5
831600;83268.0;15818.0;67450.0
831700;83512.5;16027.0;67485.5
831800;83554.5;15856.0;67698.5
831900;83706.5;16008.0;67698.5
832000;83600.0;16008.0;67592.0
832100;83407.0;16312.0;67095.0
832200;83676.0;16084.0;67592.0
832300;83657.0;16065.0;67592.0
832400;83643.0;16027.0;67616.0
832500;83599.5;16084.0;67515.5
832600;83810.5;16027.0;67783.5
832700;83767.0;16084.0;67683.0
832800;83767.0;16084.0;67683.0
832900;84185.0;16502.0;67683.0
833000;83939.0;16122.0;67817.0
833100;83336.0;16122.0;67214.0
833200;83704.5;16122.0;67582.5
833300;84217.0;16065.0;68152.0
833400;83767.0;16084.0;67683.0
833500;83496.5;15780.0;67716.5
833600;83365.0;16084.0;67281.0
833700;83429.5;15780.0;67649.5
833800;83771.5;16122.0;67649.5
833900;83872.0;16122.0;67750.0
834000;83872.0;16122.0;67750.0
834100;83953.5;16103.0;67850.5
834200;83910.0;16160.0;67750.0
834300;83910.0;16160.0;67750.0
834400;83910.0;16160.0;67750.0
834500;84057.5;16274.0;67783.5
834600;83920.0;16103.0;67817.0
834700;83977.0;16160.0;67817.0
834800;84034.0;16217.0;67817.0
834900;84110.0;16293.0;67817.0
835000;84015.0;16198.0;67817.0
835100;84115.5;16198.0;67917.5
835200;84015.0;16198.0;67817.0
835300;83977.0;16160.0;67817.0
835400;84010.5;16160.0;67850.5
835500;84010.5;16160.0;67850.5
835600;84182.5;16198.0;67984.5
835700;84082.0;16198.0;67884.0
835800;83840.0;15932.0;67908.0
835900;84068.0;16160.0;67908.0
836000;84068.0;16160.0;67908.0
836100;83973.5;16160.0;67813.5
836200;84509.0;16160.0;68349.0
836300;83711.0;16160.0;67551.0
836400;84029.0;16198.0;67831.0
836500;83903.0;15932.0;67971.0
836600;84157.0;16046.0;68111.0
836700;84261.0;16255.0;68006.0
836800;84061.0;16160.0;67901.0
836900;84204.0;16198.0;68006.0
837000;84223.0;16217.0;68006.0
837100;84099.0;16198.0;67901.0
837200;84828.0;16122.0;68706.0
837300;84147.0;16141.0;68006.0
837400;84128.0;16122.0;68006.0
837500;84163.0;16122.0;68041.0
837600;84115.0;16179.0;67936.0
837700;84293.0;16217.0;68076.0
837800;84198.0;16122.0;68076.0
837900;84198.0;16122.0;68076.0
838000;84160.0;16084.0;68076.0
838100;83841.0;16255.0;67586.0
838200;84688.0;16122.0;68566.0
838300;84198.0;16122.0;68076.0
838400;84280.5;16122.0;68158.5
838500;84280.5;16122.0;68158.5
838600;84449.5;16141.0;68308.5
838700;84280.0;16084.0;68196.0
838800;84655.0;16084.0;68571.0
838900;84167.5;16084.0;68083.5
839000;84318.0;16122.0;68196.0
839100;83793.0;16122.0;67671.0
839200;84280.0;16084.0;68196.0
839300;84299.0;16103.0;68196.0
839400;84280.0;16084.0;68196.0
839500;84317.5;16084.0;68233.5
839600;84317.5;16084.0;68233.5
839700;84242.5;16084.0;68158.5
839800;84355.0;16084.0;68271.0
839900;84205.5;16122.0;68083.5
840000;84355.0;16084.0;68271.0
840100;84355.0;16084.0;68271.0
840200;84355.0;16084.0;68271.0
840300;84242.5;16084.0;68158.5
840400;84242.5;16084.0;68158.5
840500;84542.5;16084.0;68458.5
840600;84430.0;16084.0;68346.0
840700;84430.0;16084.0;68346.0
840800;84599.5;16141.0;68458.5
840900;84523.0;16027.0;68496.0
841000;84542.5;16084.0;68458.5
841100;84354.0;16008.0;68346.0
841200;84917.0;16046.0;68871.0
841300;84392.0;16046.0;68346.0
841400;84449.0;16103.0;68346.0
841500;84429.5;16046.0;68383.5
841600;84355.0;16084.0;68271.0
841700;84505.0;16084.0;68421.0
841800;84013.5;15780.0;68233.5
841900;84842.0;16046.0;68796.0
842000;84467.0;16046.0;68421.0
842100;84469.0;16048.0;68421.0
842200;84568.0;16147.0;68421.0
842300;84535.0;16114.0;68421.0
842400;84535.0;16114.0;68421.0
842500;84523.0;16064.5;68458.5
842600;84610.0;16114.0;68496.0
842700;84610.0;16114.0;68496.0
842800;85348.0;16477.0;68871.0
842900;84659.5;16163.5;68496.0
843000;84610.0;16114.0;68496.0
843100;84497.5;16114.0;68383.5
843200;84613.0;16229.5;68383.5
843300;84689.5;16081.0;68608.5
843400;84610.0;16114.0;68496.0
843500;84880.0;16196.5;68683.5
843600;84421.0;15850.0;68571.0
843700;84685.0;16114.0;68571.0
843800;84713.0;16142.0;68571.0
843900;84713.0;16142.0;68571.0
844000;84856.0;15910.0;68946.0
844100;84713.0;16142.0;68571.0
844200;84571.5;16113.0;68458.5
844300;84743.0;16142.0;68601.0
844400;84622.0;15997.0;68625.0
844500;84656.0;16142.0;68514.0
844600;84841.0;16142.0;68699.0
844700;84981.0;16171.0;68810.0
844800;84730.0;16142.0;68588.0
844900;84841.0;16142.0;68699.0
845000;84609.0;15910.0;68699.0
845100;84797.5;16098.5;68699.0
845200;84730.0;16142.0;68588.0
845300;84841.0;16142.0;68699.0
845400;84884.5;16185.5;68699.0
845500;85026.0;16142.0;68884.0
845600;84333.0;16374.0;67959.0
845700;84915.0;16142.0;68773.0
845800;84804.0;16142.0;68662.0
845900;84397.0;16142.0;68255.0
846000;85433.0;16142.0;69291.0
846100;84997.0;16113.0;68884.0
846200;84915.0;16142.0;68773.0
846300;84918.5;16127.5;68791.0
846400;84918.5;16127.5;68791.0
846500;85015.0;16185.5;68829.5
846600;85010.0;16142.0;68868.0
846700;84952.5;16200.0;68752.5
846800;85578.0;16171.0;69407.0
846900;85010.0;16142.0;68868.0
847000;85039.0;16171.0;68868.0
847100;85154.5;16171.0;68983.5
847200;85125.5;16142.0;68983.5
847300;84880.0;16127.5;68752.5
847400;84326.0;15997.0;68329.0
847500;85077.5;16171.0;68906.5
847600;85116.0;16171.0;68945.0
847700;85202.5;16142.0;69060.5
847800;85188.0;16127.5;69060.5
847900;85116.0;16171.0;68945.0
848000;85000.5;16171.0;68829.5
848100;85203.0;16258.0;68945.0
848200;85145.0;16200.0;68945.0
848300;85087.0;16142.0;68945.0
848400;84971.5;16142.0;68829.5
848500;85502.0;16403.0;69099.0
848600;85164.0;16142.0;69022.0
848700;85396.0;16374.0;69022.0
848800;85159.0;16113.0;69046.0
848900;85057.5;16011.5;69046.0
849000;85078.5;16142.0;68936.5
849100;85217.0;16171.0;69046.0
849200;85115.5;16069.5;69046.0
849300;85326.5;16171.0;69155.5
849400;85217.0;16171.0;69046.0
849500;85399.5;16171.0;69228.5
849600;85801.0;16171.0;69630.0
849700;85319.0;16200.0;69119.0
849800;85631.5;16403.0;69228.5
849900;85356.0;16127.5;69228.5
850000;85319.0;16200.0;69119.0
850100;84808.0;16200.0;68608.0
850200;85391.5;16272.5;69119.0
850300;85522.0;16403.0;69119.0
850400;85408.0;16289.0;69119.0
850500;85374.5;16219.0;69155.5
850600;85208.5;16199.0;69009.5
850700;85251.5;16169.0;69082.5
850800;85541.0;16349.0;69192.0
850900;85231.5;16149.0;69082.5
851000;85431.0;16239.0;69192.0
851100;85351.0;16159.0;69192.0
851200;85381.0;16189.0;69192.0
851300;85490.5;16189.0;69301.5
851400;85335.0;16119.0;69216.0
851500;85439.5;16189.0;69250.5
851600;85264.0;16189.0;69075.0
851700;84953.0;16189.0;68764.0
851800;85633.0;16389.0;69244.0
851900;85273.0;16029.0;69244.0
852000;85433.0;16189.0;69244.0
852100;86013.0;16209.0;69804.0
852200;85273.0;16149.0;69124.0
852300;85427.0;16183.0;69244.0
852400;85587.0;16183.0;69404.0
852500;85307.0;16183.0;69124.0
852600;85413.5;16089.5;69324.0
852700;85507.0;16183.0;69324.0
852800;85677.0;16233.0;69444.0
852900;85502.0;16178.0;69324.0
853000;85659.5;16178.0;69481.5
853100;85571.0;16202.0;69369.0
853200;85624.0;16255.0;69369.0
853300;85609.0;16222.0;69387.0
853400;85756.0;16213.0;69543.0
853500;85495.0;16225.0;69270.0
853600;85684.0;16219.0;69465.0
853700;85693.0;16228.0;69465.0
853800;85702.0;16237.0;69465.0
853900;85582.0;16234.0;69348.0
854000;85741.0;16276.0;69465.0
854100;85741.0;16276.0;69465.0
854200;85741.0;16276.0;69465.0
854300;85858.0;16276.0;69582.0
854400;85741.0;16276.0;69465.0
854500;85936.0;16276.0;69660.0
854600;85663.0;16276.0;69387.0
854700;85819.0;16276.0;69543.0
854800;85819.0;16276.0;69543.0
854900;85936.0;16276.0;69660.0
855000;85819.0;16276.0;69543.0
855100;85936.0;16276.0;69660.0
855200;85819.0;16276.0;69543.0
855300;85819.0;16276.0;69543.0
855400;85702.0;16276.0;69426.0
855500;85858.0;16276.0;69582.0
855600;85897.0;16276.0;69621.0
855700;86014.0;16276.0;69738.0
855800;85897.0;16276.0;69621.0
855900;85897.0;16276.0;69621.0
856000;85897.0;16276.0;69621.0
856100;86014.0;16276.0;69738.0
856200;85897.0;16276.0;69621.0
856300;85897.0;16276.0;69621.0
856400;86755.0;16276.0;70479.0
856500;85976.0;16316.0;69660.0
856600;86005.0;16306.0;69699.0
856700;86127.0;16311.0;69816.0
856800;86010.0;16311.0;69699.0
856900;86010.0;16311.0;69699.0
857000;86027.5;16328.5;69699.0
857100;86020.0;16321.0;69699.0
857200;86015.0;16316.0;69699.0
857300;86015.0;16316.0;69699.0
857400;86010.0;16311.0;69699.0
857500;85898.0;16316.0;69582.0
857600;86093.0;16316.0;69777.0
857700;85976.0;16316.0;69660.0
857800;86053.0;16276.0;69777.0
857900;86088.0;16311.0;69777.0
858000;86088.0;16311.0;69777.0
858100;85966.0;16306.0;69660.0
858200;85978.5;16318.5;69660.0
858300;85953.5;16293.5;69660.0
858400;86080.5;16303.5;69777.0
858500;85971.0;16311.0;69660.0
858600;86171.0;16316.0;69855.0
858700;86161.0;16306.0;69855.0
858800;86288.0;16316.0;69972.0
858900;86273.0;16301.0;69972.0
859000;86166.0;16311.0;69855.0
859100;86283.0;16311.0;69972.0
859200;86151.0;16296.0;69855.0
859300;86206.0;16351.0;69855.0
859400;87036.5;16323.5;70713.0
859500;86212.5;16318.5;69894.0
859600;86241.5;16308.5;69933.0
859700;86249.0;16316.0;69933.0
859800;86249.0;16316.0;69933.0
859900;86371.0;16321.0;70050.0
860000;86239.0;16306.0;69933.0
860100;86246.5;16313.5;69933.0
860200;86368.5;16318.5;70050.0
860300;86249.0;16316.0;69933.0
860400;86249.0;16316.0;69933.0
860500;86243.0;16271.0;69972.0
860600;86346.5;16335.5;70011.0
860700;86453.0;16325.0;70128.0
860800;86453.0;16325.0;70128.0
860900;86336.0;16325.0;70011.0
861000;86219.0;16325.0;69894.0
861100;86343.0;16332.0;70011.0
861200;86226.0;16332.0;69894.0
861300;86449.5;16321.5;70128.0
861400;86254.0;16360.0;69894.0
861500;86410.0;16360.0;70050.0
861600;86463.0;16374.0;70089.0
861700;85899.0;16356.0;69543.0
861800;86853.0;16374.0;70479.0
861900;86467.5;16378.5;70089.0
862000;86643.0;16437.0;70206.0
862100;86454.0;16365.0;70089.0
862200;86562.0;16356.0;70206.0
862300;86991.0;16356.0;70635.0
862400;87018.0;16383.0;70635.0
862500;86484.0;16356.0;70128.0
862600;86640.0;16356.0;70284.0
862700;86613.0;16329.0;70284.0
862800;86388.0;16338.0;70050.0
862900;86514.0;16347.0;70167.0
863000;86514.0;16347.0;70167.0
863100;86401.5;16351.5;70050.0
863200;86518.5;16351.5;70167.0
863300;86505.0;16338.0;70167.0
863400;87340.5;16315.5;71025.0
863500;86406.0;16356.0;70050.0
863600;86436.0;16347.0;70089.0
863700;86592.0;16347.0;70245.0
863800;86466.0;16338.0;70128.0
863900;86592.0;16347.0;70245.0
864000;86739.0;16377.0;70362.0
864100;87402.0;16377.0;71025.0
864200;86499.0;16371.0;70128.0
864300;86622.0;16377.0;70245.0
864400;86574.0;16329.0;70245.0
864500;86655.0;16371.0;70284.0
864600;86715.0;16392.0;70323.0
864700;86904.0;16464.0;70440.0
864800;86715.0;16392.0;70323.0
864900;87105.0;16392.0;70713.0
865000;86715.0;16392.0;70323.0
865100;86589.0;16383.0;70206.0
865200;86832.0;16392.0;70440.0
865300;86710.5;16387.5;70323.0
865400;86602.5;16396.5;70206.0
865500;86607.0;16401.0;70206.0
865600;87348.0;16401.0;70947.0
865700;86811.0;16410.0;70401.0
865800;86811.0;16410.0;70401.0
865900;86928.0;16410.0;70518.0
866000;86847.0;16410.0;70437.0
866100;86968.5;16423.5;70545.0
866200;86464.5;16428.0;70036.5
866300;86877.0;16428.0;70449.0
866400;87027.0;16428.0;70599.0
866500;86914.5;16428.0;70486.5
866600;86952.0;16428.0;70524.0
866700;86952.0;16428.0;70524.0
866800;86952.0;16428.0;70524.0
866900;87064.5;16428.0;70636.5
867000;87064.5;16428.0;70636.5
867100;86952.0;16428.0;70524.0
867200;86427.0;16428.0;69999.0
867300;86952.0;16428.0;70524.0
867400;86989.5;16428.0;70561.5
867500;86989.5;16428.0;70561.5
867600;86877.0;16428.0;70449.0
867700;86502.0;16428.0;70074.0
867800;87027.0;16428.0;70599.0
867900;86502.0;16428.0;70074.0
868000;87027.0;16428.0;70599.0
868100;87139.5;16428.0;70711.5
868200;87027.0;16428.0;70599.0
868300;87027.0;16428.0;70599.0
868400;86914.5;16428.0;70486.5
868500;87064.5;16428.0;70636.5
868600;87064.5;16428.0;70636.5
868700;86989.5;16428.0;70561.5
868800;86577.0;16428.0;70149.0
868900;87214.5;16428.0;70786.5
869000;86682.0;16428.0;70254.0
869100;87122.0;16428.0;70694.0
869200;87122.0;16428.0;70694.0
869300;87122.0;16428.0;70694.0
869400;87122.0;16428.0;70694.0
869500;87322.0;16428.0;70894.0
869600;87202.0;16428.0;70774.0
869700;87322.0;16428.0;70894.0
869800;87202.0;16428.0;70774.0
869900;87202.0;16428.0;70774.0
870000;87322.0;16428.0;70894.0
870100;87202.0;16428.0;70774.0
870200;87633.0;16428.0;71205.0
870300;87337.0;16428.0;70909.0
870400;87374.0;16428.0;70946.0
870500;87411.0;16428.0;70983.0
870600;87411.0;16428.0;70983.0
870700;87300.0;16428.0;70872.0
870800;87280.0;16408.0;70872.0
870900;87213.0;16452.0;70761.0
871000;87320.0;16448.0;70872.0
871100;87451.0;16468.0;70983.0
871200;87316.0;16444.0;70872.0
871300;87316.0;16444.0;70872.0
871400;87316.0;16444.0;70872.0
871500;87429.0;16372.0;71057.0
871600;88156.0;16470.0;71686.0
871700;87402.0;16456.0;70946.0
871800;87305.0;16470.0;70835.0
871900;87456.5;16510.5;70946.0
872000;87461.0;16515.0;70946.0
872100;86716.5;16510.5;70206.0
872200;87671.0;16614.0;71057.0
872300;86947.5;16519.5;70428.0
872400;87470.0;16524.0;70946.0
872500;87646.0;16515.0;71131.0
872600;87574.0;16554.0;71020.0
872700;87550.0;16530.0;71020.0
872800;87457.0;16548.0;70909.0
872900;87586.0;16566.0;71020.0
873000;87667.0;16536.0;71131.0
873100;87592.0;16548.0;71044.0
873200;87574.0;16530.0;71044.0
873300;87592.0;16548.0;71044.0
873400;87592.0;16548.0;71044.0
873500;87667.0;16584.0;71083.0
873600;87686.0;16564.0;71122.0
873700;87686.0;16564.0;71122.0
873800;87682.0;16560.0;71122.0
873900;87682.0;16560.0;71122.0
874000;87491.0;16564.0;70927.0
874100;86906.0;16564.0;70342.0
874200;87686.0;16564.0;71122.0
874300;87686.0;16564.0;71122.0
874400;87842.0;16564.0;71278.0
874500;87721.0;16560.0;71161.0
874600;87754.0;16554.0;71200.0
874700;87643.0;16560.0;71083.0
874800;87651.0;16568.0;71083.0
874900;87756.0;16556.0;71200.0
875000;87756.0;16556.0;71200.0
875100;87758.0;16558.0;71200.0
875200;87788.0;16588.0;71200.0
875300;87756.0;16556.0;71200.0
875400;87210.0;16556.0;70654.0
875500;87791.0;16552.0;71239.0
875600;87856.0;16578.0;71278.0
875700;87931.0;16653.0;71278.0
875800;87924.0;16646.0;71278.0
875900;87924.0;16646.0;71278.0
876000;87938.0;16660.0;71278.0
876100;87910.0;16632.0;71278.0
876200;87924.0;16646.0;71278.0
876300;88055.0;16660.0;71395.0
876400;87910.0;16632.0;71278.0
876500;87807.0;16646.0;71161.0
876600;87456.0;16646.0;70810.0
876700;87885.0;16646.0;71239.0
876800;88016.0;16660.0;71356.0
876900;88112.0;16639.0;71473.0
877000;88002.0;16646.0;71356.0
877100;87974.0;16618.0;71356.0
877200;88016.0;16660.0;71356.0
877300;88016.0;16660.0;71356.0
877400;87948.0;16709.0;71239.0
877500;88055.0;16660.0;71395.0
877600;87982.0;16548.0;71434.0
877700;87994.5;16560.5;71434.0
877800;88155.5;16721.5;71434.0
877900;88121.0;16687.0;71434.0
878000;88190.0;16756.0;71434.0
878100;88144.0;16710.0;71434.0
878200;88387.5;16836.5;71551.0
878300;88144.0;16710.0;71434.0
878400;88305.0;16871.0;71434.0
878500;88160.0;16687.0;71473.0
878600;88589.0;16687.0;71902.0
878700;88222.0;16710.0;71512.0
878800;88199.0;16687.0;71512.0
878900;88105.0;16710.0;71395.0
879000;88199.0;16687.0;71512.0
879100;88199.0;16687.0;71512.0
879200;88210.5;16698.5;71512.0
879300;88199.0;16687.0;71512.0
879400;88072.0;16560.0;71512.0
879500;88273.0;16722.0;71551.0
879600;88684.0;16938.0;71746.0
879700;88312.0;16722.0;71590.0
879800;88501.0;16911.0;71590.0
879900;88222.0;16749.0;71473.0
880000;88271.5;16681.5;71590.0
880100;88450.0;16743.0;71707.0
880200;88333.0;16743.0;71590.0
880300;88201.0;16728.0;71473.0
880400;88303.0;16713.0;71590.0
880500;88372.0;16743.0;71629.0
880600;88411.0;16743.0;71668.0
880700;88573.0;16788.0;71785.0
880800;88411.0;16743.0;71668.0
880900;88366.0;16698.0;71668.0
881000;88366.0;16698.0;71668.0
881100;88651.0;16983.0;71668.0
881200;88381.0;16713.0;71668.0
881300;88409.0;16741.0;71668.0
881400;88409.0;16741.0;71668.0
881500;88448.0;16741.0;71707.0
881600;88398.0;16792.0;71606.0
881700;88456.0;16690.0;71766.0
881800;88507.0;16741.0;71766.0
881900;88507.0;16741.0;71766.0
882000;89035.0;16469.0;72566.0
882100;88507.0;16741.0;71766.0
882200;88713.5;16775.0;71938.5
882300;88409.5;16690.0;71719.5
882400;88605.0;16776.0;71829.0
882500;88612.5;16747.0;71865.5
882600;88692.5;16790.5;71902.0
882700;88649.0;16747.0;71902.0
882800;88649.0;16747.0;71902.0
882900;88539.5;16747.0;71792.5
883000;88795.0;16747.0;72048.0
883100;88649.0;16747.0;71902.0
883200;88678.0;16776.0;71902.0
883300;88721.5;16819.5;71902.0
883400;89027.0;16979.0;72048.0
883500;88510.5;16718.0;71792.5
883600;88693.0;16718.0;71975.0
883700;88693.0;16718.0;71975.0
883800;88866.5;16782.0;72084.5
883900;88842.5;16758.0;72084.5
884000;88733.0;16758.0;71975.0
884100;88733.0;16758.0;71975.0
884200;88997.0;17022.0;71975.0
884300;88733.0;16758.0;71975.0
884400;88925.0;16950.0;71975.0
884500;88829.5;16818.0;72011.5
884600;88916.0;16722.0;72194.0
884700;88843.5;16686.0;72157.5
884800;88671.0;16623.0;72048.0
884900;89327.0;16768.0;72559.0
885000;88787.0;16739.0;72048.0
885100;88787.0;16739.0;72048.0
885200;88677.5;16739.0;71938.5
885300;88787.0;16739.0;72048.0
885400;88801.0;16753.0;72048.0
885500;88660.5;16722.0;71938.5
885600;88937.0;16816.0;72121.0
885700;88584.5;16573.0;72011.5
885800;88350.0;16789.0;71561.0
885900;88804.5;16775.5;72029.0
886000;89205.0;17059.0;72146.0
886100;88818.0;16789.0;72029.0
886200;88935.0;16789.0;72146.0
886300;88777.5;16748.5;72029.0
886400;89091.0;16789.0;72302.0
886500;88947.0;16762.0;72185.0
886600;88857.0;16789.0;72068.0
886700;89599.5;16829.5;72770.0
886800;89040.0;16816.0;72224.0
886900;89053.5;16829.5;72224.0
887000;88885.5;16856.5;72029.0
887100;89013.0;16789.0;72224.0
887200;89013.0;16789.0;72224.0
887300;89013.0;16789.0;72224.0
887400;89256.0;17032.0;72224.0
887500;88923.0;16816.0;72107.0
887600;88821.0;16519.0;72302.0
887700;89118.0;16816.0;72302.0
887800;89091.0;16789.0;72302.0
887900;89091.0;16789.0;72302.0
888000;89118.0;16816.0;72302.0
888100;89064.0;16762.0;72302.0
888200;89064.0;16762.0;72302.0
888300;89221.5;16802.5;72419.0
888400;89037.0;16735.0;72302.0
888500;88974.0;16789.0;72185.0
888600;89115.0;16735.0;72380.0
888700;89142.0;16762.0;72380.0
888800;89052.0;16789.0;72263.0
888900;89025.0;16762.0;72263.0
889000;89142.0;16762.0;72380.0
889100;89142.0;16762.0;72380.0
889200;89142.0;16762.0;72380.0
889300;89142.0;16762.0;72380.0
889400;89101.5;16721.5;72380.0
889500;89221.5;16802.5;72419.0
889600;89793.0;16789.0;73004.0
889700;89206.5;16748.5;72458.0
889800;89766.0;16762.0;73004.0
889900;89247.0;16789.0;72458.0
890000;89247.0;16789.0;72458.0
890100;89346.0;17005.0;72341.0
890200;89130.0;16789.0;72341.0
890300;89220.0;16762.0;72458.0
890400;89152.5;16694.5;72458.0
890500;89321.0;16824.0;72497.0
890600;89509.0;16856.0;72653.0
890700;89275.0;16856.0;72419.0
890800;89360.0;16824.0;72536.0
890900;89259.0;16840.0;72419.0
891000;89648.0;17112.0;72536.0
891100;89360.0;16824.0;72536.0
891200;89392.0;16856.0;72536.0
891300;89392.0;16856.0;72536.0
891400;89120.0;17016.0;72104.0
891500;89488.0;16904.0;72584.0
891600;88952.0;16888.0;72064.0
891700;89480.0;16856.0;72624.0
891800;89384.0;16600.0;72784.0
891900;89579.0;16955.0;72624.0
892000;89358.0;16734.0;72624.0
892100;89566.0;16942.0;72624.0
892200;89475.0;16851.0;72624.0
892300;89774.0;17150.0;72624.0
892400;89566.0;16942.0;72624.0
892500;89606.0;16942.0;72664.0
892600;89438.0;16734.0;72704.0
892700;89740.0;16916.0;72824.0
892800;89710.0;17006.0;72704.0
892900;89694.0;16990.0;72704.0
893000;89774.0;17070.0;72704.0
893100;89574.0;16990.0;72584.0
893200;89950.0;17246.0;72704.0
893300;89558.0;16734.0;72824.0
893400;89462.0;16758.0;72704.0
893500;89650.0;17346.0;72304.0
893600;89977.0;17073.0;72904.0
893700;89794.0;17010.0;72784.0
893800;89773.0;16989.0;72784.0
893900;89836.0;17052.0;72784.0
894000;89899.0;17115.0;72784.0
894100;89878.0;17094.0;72784.0
894200;89810.5;17094.0;72716.5
894300;89920.0;17094.0;72826.0
894400;89920.0;17094.0;72826.0
894500;89956.5;17094.0;72862.5
894600;90014.0;17115.0;72899.0
894700;89820.5;17031.0;72789.5
894800;89909.0;17010.0;72899.0
894900;89909.0;17010.0;72899.0
895000;89951.0;17052.0;72899.0
895100;90425.5;17052.0;73373.5
895200;89440.0;17052.0;72388.0
895300;89951.0;17052.0;72899.0
895400;89841.5;17052.0;72789.5
895500;89987.5;17052.0;72935.5
895600;90024.0;17052.0;72972.0
895700;90175.5;17094.0;73081.5
895800;89562.0;16590.0;72972.0
895900;90133.5;17052.0;73081.5
896000;89961.0;16989.0;72972.0
896100;89940.0;16968.0;72972.0
896200;89872.5;17010.0;72862.5
896300;89898.0;16926.0;72972.0
896400;89893.5;17031.0;72862.5
896500;89983.0;16947.0;73036.0
896600;90043.0;16968.0;73075.0
896700;89917.0;16842.0;73075.0
896800;90010.0;17052.0;72958.0
896900;89581.0;17052.0;72529.0
897000;89905.0;16830.0;73075.0
897100;90089.0;17014.0;73075.0
897200;90227.0;17152.0;73075.0
897300;90181.0;17106.0;73075.0
897400;90993.0;17060.0;73933.0
897500;90105.0;16991.0;73114.0
897600;90167.0;17014.0;73153.0
897700;90259.0;17106.0;73153.0
897800;91131.0;17198.0;73933.0
897900;90993.0;17060.0;73933.0
898000;90236.0;17083.0;73153.0
898100;90096.0;17060.0;73036.0
898200;90259.0;17106.0;73153.0
898300;89873.0;17152.0;72721.0
898400;90267.0;17106.0;73161.0
898500;90261.0;17060.0;73201.0
898600;90081.5;16840.5;73241.0
898700;90311.0;17070.0;73241.0
898800;89802.0;17121.0;72681.0
898900;90063.5;16942.5;73121.0
899000;90362.0;17121.0;73241.0
899100;89852.0;16611.0;73241.0
899200;90413.0;17172.0;73241.0
899300;90362.0;17121.0;73241.0
899400;90242.0;17121.0;73121.0
899500;90402.0;17121.0;73281.0
899600;90442.0;17121.0;73321.0
899700;90296.5;17095.5;73201.0
899800;90365.5;17044.5;73321.0
899900;90442.0;17121.0;73321.0
900000;90365.5;17044.5;73321.0
900100;90442.0;17121.0;73321.0
900200;90657.5;17336.5;73321.0
900300;90446.0;17125.0;73321.0
900400;90822.0;17501.0;73321.0
900500;90486.0;17125.0;73361.0
900600;90599.0;17078.0;73521.0
900700;90526.0;17125.0;73401.0
900800;90643.5;17242.5;73401.0
900900;90596.5;17195.5;73401.0
901000;90406.0;17125.0;73281.0
901100;89919.0;17078.0;72841.0
901200;90406.0;17125.0;73281.0
901300;90526.0;17125.0;73401.0
901400;90382.5;17101.5;73281.0
901500;90359.0;17078.0;73281.0
901600;90488.5;17007.5;73481.0
901700;90606.0;17125.0;73481.0
901800;90533.0;17172.0;73361.0
901900;90653.0;17172.0;73481.0
902000;90653.0;17172.0;73481.0
902100;90820.0;17219.0;73601.0
902200;90700.0;17219.0;73481.0
902300;91260.0;17219.0;74041.0
902400;90700.0;17219.0;73481.0
902500;90740.0;17219.0;73521.0
902600;90620.0;17219.0;73401.0
902700;90780.0;17219.0;73561.0
902800;90780.0;17219.0;73561.0
902900;90756.5;17195.5;73561.0
903000;90827.0;17266.0;73561.0
903100;91313.0;17632.0;73681.0
903200;90758.0;17077.0;73681.0
903300;90897.0;17336.0;73561.0
903400;90897.0;17336.0;73561.0
903500;90937.0;17336.0;73601.0
903600;90977.0;17336.0;73641.0
903700;90681.0;17040.0;73641.0
903800;90949.0;17188.0;73761.0
903900;90940.0;17299.0;73641.0
904000;90857.0;17336.0;73521.0
904100;90977.0;17336.0;73641.0
904200;90977.0;17336.0;73641.0
904300;90977.0;17336.0;73641.0
904400;91155.5;17354.5;73801.0
904500;91072.5;17391.5;73681.0
904600;91230.0;17509.0;73721.0
904700;90585.0;17344.0;73241.0
904800;91329.0;17608.0;73721.0
904900;-238914.0;-312755.0;73841.0
905000;91065.0;17344.0;73721.0
905100;91065.0;17344.0;73721.0
905200;91065.0;17344.0;73721.0
905300;91185.0;17344.0;73841.0
905400;91065.0;17344.0;73721.0
905500;91265.0;17344.0;73921.0
905600;91194.5;17393.5;73801.0
905700;91128.5;17327.5;73801.0
905800;91145.0;17344.0;73801.0
905900;91008.5;17327.5;73681.0
906000;91260.5;17459.5;73801.0
906100;91298.0;17377.0;73921.0
906200;91178.0;17377.0;73801.0
906300;91507.0;17146.0;74361.0
906400;91145.0;17344.0;73801.0
906500;92090.0;17410.0;74680.0
906600;91451.5;17443.0;74008.5
906700;91300.0;17410.0;73890.0
906800;91366.0;17476.0;73890.0
906900;91069.0;17179.0;73890.0
907000;91935.5;17492.5;74443.0
907100;91886.0;17443.0;74443.0
907200;91333.0;17443.0;73890.0
907300;90747.0;17410.0;73337.0
907400;91477.0;17587.0;73890.0
907500;91373.5;17444.0;73929.5
907600;91452.0;17483.0;73969.0
907700;91452.0;17483.0;73969.0
907800;91478.0;17509.0;73969.0
907900;92031.0;17509.0;74522.0
908000;91348.0;17379.0;73969.0
908100;92031.0;17509.0;74522.0
908200;91452.0;17483.0;73969.0
908300;91478.0;17509.0;73969.0
908400;91574.0;17605.0;73969.0
908500;91543.5;17535.0;74008.5
908600;91623.0;17575.0;74048.0
908700;91573.0;17525.0;74048.0
908800;91108.0;17535.0;73573.0
908900;91568.0;17515.0;74053.0
909000;91568.0;17515.0;74053.0
909100;91108.0;17495.0;73613.0
909200;91568.0;17515.0;74053.0
909300;91478.0;17545.0;73933.0
909400;91588.0;17535.0;74053.0
909500;91468.0;17535.0;73933.0
909600;91648.0;17515.0;74133.0
909700;91688.0;17555.0;74133.0
909800;91648.0;17515.0;74133.0
909900;91648.0;17515.0;74133.0
910000;91648.0;17515.0;74133.0
910100;91648.0;17515.0;74133.0
910200;90848.0;17515.0;73333.0
910300;91648.0;17515.0;74133.0
910400;91358.0;17545.0;73813.0
910500;91688.0;17515.0;74173.0
910600;91728.0;17515.0;74213.0
910700;91728.0;17515.0;74213.0
910800;91848.0;17515.0;74333.0
910900;91748.0;17535.0;74213.0
911000;91728.0;17515.0;74213.0
911100;91868.0;17535.0;74333.0
911200;91748.0;17535.0;74213.0
911300;91588.0;17495.0;74093.0
911400;91868.0;17495.0;74373.0
911500;91748.0;17495.0;74253.0
911600;91888.0;17475.0;74413.0
911700;91808.0;17515.0;74293.0
911800;91818.0;17525.0;74293.0
911900;91828.0;17535.0;74293.0
912000;91848.0;17555.0;74293.0
912100;91828.0;17535.0;74293.0
912200;91668.0;17375.0;74293.0
912300;91758.0;17465.0;74293.0
912400;91543.0;17450.0;74093.0
912500;91798.0;17465.0;74333.0
912600;91838.0;17465.0;74373.0
912700;91718.0;17465.0;74253.0
912800;91253.0;17480.0;73773.0
912900;91848.0;17475.0;74373.0
913000;91728.0;17475.0;74253.0
913100;91833.0;17460.0;74373.0
913200;91848.0;17475.0;74373.0
913300;92488.0;17555.0;74933.0
913400;92306.5;17501.0;74805.5
913500;91921.5;17491.0;74430.5
913600;91809.0;17491.0;74318.0
913700;91961.0;17493.0;74468.0
913800;91504.0;17491.0;74013.0
913900;92104.0;17491.0;74613.0
914000;91984.0;17491.0;74493.0
914100;91983.0;17490.0;74493.0
914200;91974.0;17481.0;74493.0
914300;92104.0;17491.0;74613.0
914400;91544.0;17491.0;74053.0
914500;91859.0;17486.0;74373.0
914600;92064.0;17491.0;74573.0
914700;92053.0;17480.0;74573.0
914800;92070.0;17497.0;74573.0
914900;92187.0;17494.0;74693.0
915000;91626.0;17493.0;74133.0
915100;92064.0;17491.0;74573.0
915200;92064.0;17491.0;74573.0
915300;91947.0;17494.0;74453.0
915400;91504.0;17491.0;74013.0
915500;92094.0;17481.0;74613.0
915600;91968.0;17475.0;74493.0
915700;92011.0;17358.0;74653.0
915800;92011.0;17358.0;74653.0
915900;92811.0;17358.0;75453.0
916000;91998.0;17345.0;74653.0
916100;91972.0;17319.0;74653.0
916200;92030.5;17377.5;74653.0
916300;92455.0;17371.0;75084.0
916400;92035.0;17358.0;74677.0
916500;92085.0;17371.0;74714.0
916600;91954.5;17351.5;74603.0
916700;92011.0;17371.0;74640.0
916800;92122.0;17371.0;74751.0
916900;92246.0;17384.0;74862.0
917000;92505.0;17384.0;75121.0
917100;92135.0;17384.0;74751.0
917200;92043.0;17292.0;74751.0
917300;92042.0;17402.0;74640.0
917400;91745.0;17512.0;74233.0
917500;92190.0;17402.0;74788.0
917600;92013.0;17336.0;74677.0
917700;92249.0;17424.0;74825.0
917800;92227.0;17402.0;74825.0
917900;92227.0;17402.0;74825.0
918000;92216.0;17391.0;74825.0
918100;92249.0;17424.0;74825.0
918200;92425.0;17600.0;74825.0
918300;92271.0;17446.0;74825.0
918400;92249.0;17424.0;74825.0
918500;93041.0;17402.0;75639.0
918600;92153.0;17402.0;74751.0
918700;92390.0;17380.0;75010.0
918800;92301.0;17402.0;74899.0
918900;92279.0;17380.0;74899.0
919000;92103.0;17204.0;74899.0
919100;92146.0;17358.0;74788.0
919200;92146.0;17358.0;74788.0
919300;92449.0;17402.0;75047.0
919400;92301.0;17402.0;74899.0
919500;92338.0;17402.0;74936.0
919600;92375.0;17402.0;74973.0
919700;92375.0;17402.0;74973.0
919800;92893.0;17402.0;75491.0
919900;92231.0;17369.0;74862.0
920000;92386.0;17413.0;74973.0
920100;92331.0;17358.0;74973.0
920200;92529.0;17556.0;74973.0
920300;92187.0;17214.0;74973.0
920400;92241.0;17268.0;74973.0
920500;91901.0;17304.0;74597.0
920600;91865.0;17268.0;74597.0
920700;92345.0;17268.0;75077.0
920800;92345.0;17268.0;75077.0
920900;92345.0;17268.0;75077.0
921000;92399.0;17322.0;75077.0
921100;92381.0;17304.0;75077.0
921200;92381.0;17304.0;75077.0
921300;92345.0;17268.0;75077.0
921400;92541.0;17304.0;75237.0
921500;92565.0;17448.0;75117.0
921600;92497.0;17340.0;75157.0
921700;92497.0;17340.0;75157.0
921800;91937.0;17340.0;74597.0
921900;92461.0;17304.0;75157.0
922000;92057.0;17340.0;74717.0
922100;92551.0;17394.0;75157.0
922200;92671.0;17394.0;75277.0
922300;92494.0;17337.0;75157.0
922400;92614.0;17457.0;75157.0
922500;92579.0;17382.0;75197.0
922600;92489.0;17412.0;75077.0
922700;92754.0;17397.0;75357.0
922800;92649.0;17412.0;75237.0
922900;92529.0;17292.0;75237.0
923000;92589.0;17352.0;75237.0
923100;92619.0;17382.0;75237.0
923200;92619.0;17382.0;75237.0
923300;92739.0;17502.0;75237.0
923400;92649.0;17412.0;75237.0
923500;92932.0;17495.0;75437.0
923600;92717.0;17400.0;75317.0
923700;92875.0;17438.0;75437.0
923800;92755.0;17438.0;75317.0
923900;92293.0;17096.0;75197.0
924000;92755.0;17438.0;75317.0
924100;92875.0;17438.0;75437.0
924200;92755.0;17438.0;75317.0
924300;92369.0;17172.0;75197.0
924400;92953.0;17476.0;75477.0
924500;92833.0;17476.0;75357.0
924600;92873.0;17476.0;75397.0
924700;92993.0;17476.0;75517.0
924800;93050.0;17533.0;75517.0
924900;93042.0;17525.0;75517.0
925000;92922.0;17525.0;75397.0
925100;92922.0;17525.0;75397.0
925200;93356.0;17525.0;75831.0
925300;93266.0;17853.0;75413.0
925400;93266.0;17853.0;75413.0
925500;92976.0;17525.0;75451.0
925600;92862.0;17525.0;75337.0
925700;92482.0;17525.0;74957.0
925800;92941.0;17566.0;75375.0
925900;92952.5;17463.5;75489.0
926000;93014.0;17525.0;75489.0
926100;92900.0;17525.0;75375.0
926200;92961.5;17586.5;75375.0
926300;92961.5;17586.5;75375.0
926400;93207.0;17566.0;75641.0
926500;93204.0;17525.0;75679.0
926600;93110.5;17545.5;75565.0
926700;93090.0;17525.0;75565.0
926800;93131.0;17566.0;75565.0
926900;93151.5;17586.5;75565.0
927000;93017.0;17566.0;75451.0
927100;93245.0;17566.0;75679.0
927200;93192.5;17627.5;75565.0
927300;93131.0;17566.0;75565.0
927400;93171.0;17720.0;75451.0
927500;93547.0;17944.0;75603.0
927600;93085.0;17432.0;75653.0
927700;93341.0;17688.0;75653.0
927800;93341.0;17688.0;75653.0
927900;93458.0;17688.0;75770.0
928000;93389.0;17736.0;75653.0
928100;93453.0;17800.0;75653.0
928200;93458.0;17688.0;75770.0
928300;93442.0;17672.0;75770.0
928400;93497.0;17688.0;75809.0
928500;93348.0;17656.0;75692.0
928600;93387.0;17656.0;75731.0
928700;93499.0;17768.0;75731.0
928800;92861.0;17720.0;75141.0
928900;93411.0;17670.0;75741.0
929000;93428.0;17687.0;75741.0
929100;93445.0;17704.0;75741.0
929200;93615.0;17874.0;75741.0
929300;93565.0;17704.0;75861.0
929400;93445.0;17704.0;75741.0
929500;93645.0;17704.0;75941.0
929600;92727.0;17466.0;75261.0
929700;93559.0;17738.0;75821.0
929800;93559.0;17738.0;75821.0
929900;93593.0;17772.0;75821.0
930000;93559.0;17738.0;75821.0
930100;94085.0;17704.0;76381.0
930200;93580.0;17759.0;75821.0
930300;93391.5;17570.5;75821.0
930400;93864.0;18043.0;75821.0
930500;93659.0;17798.0;75861.0
930600;93714.0;17693.0;76021.0
930700;93751.5;17850.5;75901.0
930800;93629.0;17728.0;75901.0
930900;93509.0;17728.0;75781.0
931000;93629.0;17728.0;75901.0
931100;93629.0;17728.0;75901.0
931200;93629.0;17728.0;75901.0
931300;93629.0;17728.0;75901.0
931400;93629.0;17728.0;75901.0
931500;93634.0;17693.0;75941.0
931600;93674.0;17693.0;75981.0
931700;93709.0;17728.0;75981.0
931800;93709.0;17728.0;75981.0
931900;93761.5;17780.5;75981.0
932000;94269.0;17728.0;76541.0
932100;93726.5;17745.5;75981.0
932200;93951.5;17850.5;76101.0
932300;93709.0;17728.0;75981.0
932400;93866.0;17885.0;75981.0
932500;93921.0;17740.0;76181.0
932600;93801.0;17740.0;76061.0
932700;93602.0;17421.0;76181.0
932800;93681.0;17740.0;75941.0
932900;93801.0;17740.0;76061.0
933000;93872.0;17811.0;76061.0
933100;93762.0;17581.0;76181.0
933200;93867.0;17806.0;76061.0
933300;93792.0;17851.0;75941.0
933400;93732.0;17671.0;76061.0
933500;93907.0;17806.0;76101.0
933600;93319.5;17738.5;75581.0
933700;93947.0;17806.0;76141.0
933800;94067.0;17806.0;76261.0
933900;93902.0;17761.0;76141.0
934000;94067.0;17806.0;76261.0
934100;93947.0;17806.0;76141.0
934200;93827.0;17806.0;76021.0
934300;93961.0;17820.0;76141.0
934400;94008.0;17867.0;76141.0
934500;94001.0;17820.0;76181.0
934600;93947.0;17726.0;76221.0
934700;93994.0;17773.0;76221.0
934800;94041.0;17820.0;76221.0
934900;93991.5;17890.5;76101.0
935000;94041.0;17820.0;76221.0
935100;94201.0;17820.0;76381.0
935200;94041.0;17820.0;76221.0
935300;94081.0;17820.0;76261.0
935400;94850.5;17749.5;77101.0
935500;94104.5;17843.5;76261.0
935600;93956.5;17655.5;76301.0
935700;94074.0;17773.0;76301.0
935800;94168.0;17867.0;76301.0
935900;94476.0;18055.0;76421.0
936000;94074.0;17773.0;76301.0
936100;94121.0;17820.0;76301.0
936200;93728.0;17867.0;75861.0
936300;94332.5;18031.5;76301.0
936400;93490.5;17749.5;75741.0
936500;94137.5;17796.5;76341.0
936600;94248.0;17867.0;76381.0
936700;94248.0;17867.0;76381.0
936800;94368.0;17867.0;76501.0
936900;94248.0;17867.0;76381.0
937000;93782.0;17961.0;75821.0
937100;94462.0;17961.0;76501.0
937200;94295.0;17914.0;76381.0
937300;94455.0;17914.0;76541.0
937400;94730.5;17914.0;76816.5
937500;94191.5;17914.0;76277.5
937600;94389.0;18384.0;76005.0
937700;94472.0;17867.0;76605.0
937800;94728.0;18243.0;76485.0
937900;94422.5;17937.5;76485.0
938000;95152.0;17867.0;77285.0
938100;94023.0;17538.0;76485.0
938200;94959.0;17914.0;77045.0
938300;93912.0;17867.0;76045.0
938400;94352.0;17867.0;76485.0
938500;94321.5;17796.5;76525.0
938600;94272.0;17867.0;76405.0
938700;94411.0;17726.0;76685.0
938800;94359.0;17914.0;76445.0
938900;94432.0;17867.0;76565.0
939000;94432.0;17867.0;76565.0
939100;94432.0;17867.0;76565.0
939200;94432.0;17867.0;76565.0
939300;94502.5;17937.5;76565.0
939400;94907.0;17914.0;76993.0
939500;94077.0;17444.0;76633.0
939600;94959.0;18290.0;76669.0
939700;94362.0;17585.0;76777.0
939800;94630.0;17961.0;76669.0
939900;94653.5;17984.5;76669.0
940000;94738.0;17961.0;76777.0
940100;94183.5;17585.0;76598.5
940200;94722.0;18008.0;76714.0
940300;95449.0;18196.0;77253.0
940400;94628.0;17914.0;76714.0
940500;95008.5;18102.0;76906.5
940600;94869.5;18078.5;76791.0
940700;94705.0;17914.0;76791.0
940800;94613.0;17937.5;76675.5
940900;94658.0;17867.0;76791.0
941000;94589.5;17914.0;76675.5
941100;94705.0;17914.0;76791.0
941200;94705.0;17914.0;76791.0
941300;94997.0;17667.0;77330.0
941400;94704.0;17913.0;76791.0
941500;94742.5;17913.0;76829.5
941600;94742.5;17913.0;76829.5
941700;95234.5;17827.5;77407.0
941800;94952.0;18084.0;76868.0
941900;94953.5;17970.0;76983.5
942000;94896.5;17913.0;76983.5
942100;95237.0;18369.0;76868.0
942200;94896.5;17913.0;76983.5
942300;94866.5;17998.5;76868.0
942400;94781.0;17913.0;76868.0
942500;94876.5;17970.0;76906.5
942600;94829.5;17884.5;76945.0
942700;94915.0;17970.0;76945.0
942800;94957.0;18012.0;76945.0
942900;95135.5;18075.0;77060.5
943000;95020.0;18075.0;76945.0
943100;94481.0;18075.0;76406.0
943200;95135.5;18075.0;77060.5
943300;94831.0;17886.0;76945.0
943400;94957.0;18012.0;76945.0
943500;94841.5;18012.0;76829.5
943600;94880.0;18012.0;76868.0
943700;94971.0;17949.0;77022.0
943800;94971.0;17949.0;77022.0
943900;95160.0;18138.0;77022.0
944000;95286.0;18264.0;77022.0
944100;94908.0;17886.0;77022.0
944200;94908.0;17886.0;77022.0
944300;94908.0;17886.0;77022.0
944400;94908.0;17886.0;77022.0
944500;94988.5;17928.0;77060.5
944600;95177.0;17962.5;77214.5
944700;95786.0;18687.0;77099.0
944800;94970.0;17755.5;77214.5
944900;94958.0;17859.0;77099.0
945000;95211.5;17997.0;77214.5
945100;95027.0;17928.0;77099.0
945200;94842.5;17859.0;76983.5
945300;95181.0;17928.0;77253.0
945400;95027.0;17928.0;77099.0
945500;95065.5;17928.0;77137.5
945600;95104.0;17928.0;77176.0
945700;95173.0;17997.0;77176.0
945800;95104.0;17928.0;77176.0
945900;95173.0;17997.0;77176.0
946000;95173.0;17997.0;77176.0
946100;95712.0;17997.0;77715.0
946200;95057.5;17997.0;77060.5
946300;95173.0;17997.0;77176.0
946400;95173.0;17997.0;77176.0
946500;95211.5;17997.0;77214.5
946600;95181.0;17928.0;77253.0
946700;95545.5;18292.5;77253.0
946800;94684.5;17316.0;77368.5
946900;95178.0;18040.5;77137.5
947000;95083.5;17946.0;77137.5
947100;95199.0;17946.0;77253.0
947200;95251.5;17883.0;77368.5
947300;95703.0;18450.0;77253.0
947400;95199.0;17946.0;77253.0
947500;95209.5;18072.0;77137.5
947600;95216.5;18040.5;77176.0
947700;95122.0;17946.0;77176.0
947800;95339.0;18009.0;77330.0
947900;95276.0;17946.0;77330.0
948000;95423.0;17977.5;77445.5
948100;94646.0;17316.0;77330.0
948200;95129.0;17914.5;77214.5
948300;95602.5;18272.5;77330.0
948400;95300.0;17970.0;77330.0
948500;95311.0;17942.5;77368.5
948600;95432.0;18025.0;77407.0
948700;95547.5;18025.0;77522.5
948800;95146.0;17970.0;77176.0
948900;95432.0;18025.0;77407.0
949000;95261.5;17970.0;77291.5
949100;94821.5;17530.0;77291.5
949200;95377.0;17970.0;77407.0
949300;95476.0;17915.0;77561.0
949400;95322.0;17915.0;77407.0
949500;95965.5;18135.0;77830.5
949600;95454.0;17970.0;77484.0
949700;95371.5;17887.5;77484.0
949800;94860.0;17915.0;76945.0
949900;95938.0;17915.0;78023.0
950000;95350.5;17866.5;77484.0
950100;95911.0;18427.0;77484.0
950200;95734.0;18250.0;77484.0
950300;95911.0;18427.0;77484.0
950400;95439.0;17955.0;77484.0
950500;95477.5;17955.0;77522.5
950600;95273.5;17866.5;77407.0
950700;95427.5;17866.5;77561.0
950800;95516.0;17955.0;77561.0
950900;95516.0;17955.0;77561.0
951000;95457.0;17896.0;77561.0
951100;95516.0;17955.0;77561.0
951200;95398.0;17837.0;77561.0
951300;95457.0;17896.0;77561.0
951400;95457.0;17896.0;77561.0
951500;94687.0;17896.0;76791.0
951600;95246.0;18073.0;77173.0
951700;95669.0;17896.0;77773.0
951800;94839.0;17306.0;77533.0
951900;95549.0;17896.0;77653.0
952000;95490.0;17837.0;77653.0
952100;95490.0;17837.0;77653.0
952200;94660.5;17807.5;76853.0
952300;95579.0;18486.0;77093.0
952400;95549.0;17896.0;77653.0
952500;95559.5;17866.5;77693.0
952600;95528.0;17955.0;77573.0
952700;95629.0;17896.0;77733.0
952800;95629.0;17896.0;77733.0
952900;95572.0;17719.0;77853.0
953000;95749.0;17896.0;77853.0
953100;95629.0;17896.0;77733.0
953200;95570.0;17837.0;77733.0
953300;95570.0;17837.0;77733.0
953400;96130.0;17837.0;78293.0
953500;95669.0;17896.0;77773.0
953600;95709.0;17896.0;77813.0
953700;95709.0;17896.0;77813.0
953800;96269.0;17896.0;78373.0
953900;95709.0;17896.0;77813.0
954000;95768.0;17955.0;77813.0
954100;95650.0;17837.0;77813.0
954200;95770.0;17837.0;77933.0
954300;95650.0;17837.0;77813.0
954400;95709.0;17896.0;77813.0
954500;95749.0;17896.0;77853.0
954600;95966.0;18073.0;77893.0
954700;95789.0;17896.0;77893.0
954800;95669.0;17896.0;77773.0
954900;95789.0;17896.0;77893.0
955000;95877.5;17984.5;77893.0
955100;95941.0;18368.0;77573.0
955200;95907.0;18014.0;77893.0
955300;96141.0;18368.0;77773.0
955400;95077.5;17984.5;77093.0
955500;95829.0;17896.0;77933.0
955600;95797.5;17984.5;77813.0
955700;95869.0;17896.0;77973.0
955800;95930.0;17837.0;78093.0
955900;95338.0;17365.0;77973.0
956000;95839.5;17866.5;77973.0
956100;95810.0;17837.0;77973.0
956200;95751.0;17778.0;77973.0
956300;95987.0;18014.0;77973.0
956400;96631.0;17778.0;78853.0
956500;95542.5;17689.5;77853.0
956600;95831.0;17778.0;78053.0
956700;95671.0;17778.0;77893.0
956800;95890.0;17837.0;78053.0
956900;95534.0;17601.0;77933.0
957000;95711.0;17778.0;77933.0
957100;95801.5;17748.5;78053.0
957200;95742.5;17689.5;78053.0
957300;96096.5;18043.5;78053.0
957400;95772.0;17719.0;78053.0
957500;95812.0;17719.0;78093.0
957600;95852.0;17719.0;78133.0
957700;96060.5;17807.5;78253.0
957800;95852.0;17719.0;78133.0
957900;95820.5;17807.5;78013.0
958000;95911.0;17778.0;78133.0
958100;95704.5;17571.5;78133.0
958200;95911.0;17778.0;78133.0
958300;96012.0;17719.0;78293.0
958400;95704.5;17571.5;78133.0
958500;95862.5;17689.5;78173.0
958600;95831.0;17778.0;78053.0
958700;95873.0;17660.0;78213.0
958800;96345.0;18132.0;78213.0
958900;95321.0;17548.0;77773.0
959000;95688.0;17475.0;78213.0
959100;95104.0;16891.0;78213.0
959200;95568.0;17475.0;78093.0
959300;95801.0;17548.0;78253.0
959400;95531.5;17438.5;78093.0
959500;95961.0;17548.0;78413.0
959600;95841.0;17548.0;78293.0
959700;95841.0;17548.0;78293.0
959800;94698.5;17205.5;77493.0
959900;95426.0;17013.0;78413.0
960000;96003.5;17590.5;78413.0
960100;96042.0;17629.0;78413.0
960200;95922.0;17629.0;78293.0
960300;96082.0;17629.0;78453.0
960400;96037.5;17744.5;78293.0
960500;96160.5;17667.5;78493.0
960600;95445.0;17552.0;77893.0
960700;96083.5;17590.5;78493.0
960800;96045.0;17552.0;78493.0
960900;95925.0;17552.0;78373.0
961000;96541.0;18168.0;78373.0
961100;95901.0;17528.0;78373.0
961200;95781.0;17848.0;77933.0
961300;95901.0;17528.0;78373.0
961400;95901.0;17528.0;78373.0
961500;95861.0;17448.0;78413.0
961600;95901.0;17448.0;78453.0
961700;95901.0;17448.0;78453.0
961800;96741.0;17488.0;79253.0
961900;95941.0;17368.0;78573.0
962000;95781.0;17448.0;78333.0
962100;95901.0;17448.0;78453.0
962200;96061.0;17608.0;78453.0
962300;95781.0;17328.0;78453.0
962400;95901.0;17448.0;78453.0
962500;96021.0;17528.0;78493.0
962600;95901.0;17528.0;78373.0
962700;96061.0;17528.0;78533.0
962800;96061.0;17528.0;78533.0
962900;96061.0;17528.0;78533.0
963000;95941.0;17528.0;78413.0
963100;96061.0;17528.0;78533.0
963200;95501.0;17528.0;77973.0
963300;96061.0;17528.0;78533.0
963400;96141.0;17608.0;78533.0
963500;95741.0;17608.0;78133.0
963600;96221.0;17608.0;78613.0
963700;95941.0;17328.0;78613.0
963800;96421.0;17688.0;78733.0
963900;96421.0;17688.0;78733.0
964000;96421.0;17808.0;78613.0
964100;96301.0;17688.0;78613.0
964200;96301.0;17688.0;78613.0
964300;96461.0;17808.0;78653.0
964400;96061.0;17448.0;78613.0
964500;95701.0;17048.0;78653.0
964600;95941.0;17248.0;78693.0
964700;95741.0;17608.0;78133.0
964800;96301.0;17608.0;78693.0
964900;95741.0;17608.0;78133.0
965000;96301.0;17608.0;78693.0
965100;96301.0;17608.0;78693.0
965200;96381.0;17688.0;78693.0
965300;96741.0;18048.0;78693.0
965400;96181.0;17608.0;78573.0
965500;96261.0;17688.0;78573.0
965600;95741.0;16968.0;78773.0
965700;95661.0;17768.0;77893.0
965800;96461.0;17688.0;78773.0
965900;96261.0;17608.0;78653.0
966000;96261.0;17688.0;78573.0
966100;96461.0;17688.0;78773.0
966200;96461.0;17688.0;78773.0
966300;96581.0;17808.0;78773.0
966400;96461.0;17688.0;78773.0
966500;96341.0;17688.0;78653.0
966600;96621.0;17768.0;78853.0
966700;96621.0;17768.0;78853.0
966800;96021.0;17728.0;78293.0
966900;96741.0;17768.0;78973.0
967000;97181.0;18328.0;78853.0
967100;96821.0;17968.0;78853.0
967200;96541.0;17688.0;78853.0
967300;96701.0;17688.0;79013.0
967400;96541.0;17688.0;78853.0
967500;97301.0;18568.0;78733.0
967600;96661.0;17728.0;78933.0
967700;96741.0;17808.0;78933.0
967800;97421.0;17688.0;79733.0
967900;96621.0;17688.0;78933.0
968000;96621.0;17688.0;78933.0
968100;96581.0;17648.0;78933.0
968200;96061.0;17568.0;78493.0
968300;95981.0;17048.0;78933.0
968400;96781.0;17688.0;79093.0
968500;96661.0;17688.0;78973.0
968600;96821.0;17688.0;79133.0
968700;96581.0;17568.0;79013.0
968800;96821.0;17808.0;79013.0
968900;96621.0;17728.0;78893.0
969000;95941.0;17048.0;78893.0
969100;96141.0;17128.0;79013.0
969200;96701.0;17688.0;79013.0
969300;96701.0;17808.0;78893.0
969400;96381.0;17928.0;78453.0
969500;96981.0;17768.0;79213.0
969600;96781.0;17688.0;79093.0
969700;97021.0;17808.0;79213.0
969800;97245.0;17768.0;79477.0
969900;96777.0;17768.0;79009.0
970000;96777.0;17768.0;79009.0
970100;97045.0;17928.0;79117.0
970200;96885.0;17768.0;79117.0
970300;96965.0;17848.0;79117.0
970400;97417.0;18408.0;79009.0
970500;97801.0;18648.0;79153.0
970600;96997.0;17808.0;79189.0
970700;96917.0;17728.0;79189.0
970800;96317.0;17128.0;79189.0
970900;96957.0;17768.0;79189.0
971000;97757.0;17848.0;79909.0
971100;96985.0;17688.0;79297.0
971200;96877.0;17688.0;79189.0
971300;97273.0;17688.0;79585.0
971400;96453.0;17768.0;78685.0
971500;98109.0;18128.0;79981.0
971600;96510.0;17688.0;78822.0
971700;96946.0;17808.0;79138.0
971800;96984.0;17688.0;79296.0
971900;96431.0;17688.0;78743.0
972000;96984.0;17688.0;79296.0
972100;96391.0;17648.0;78743.0
972200;97064.0;17768.0;79296.0
972300;96344.0;17048.0;79296.0
972400;96862.0;17408.0;79454.0
972500;96670.0;17848.0;78822.0
972600;97048.5;17673.5;79375.0
972700;97282.5;17789.0;79493.5
972800;97472.0;18097.0;79375.0
972900;96611.0;17789.0;78822.0
973000;97282.5;17789.0;79493.5
973100;96374.0;17789.0;78585.0
973200;97661.5;18405.0;79256.5
973300;97140.0;17765.0;79375.0
973400;97220.0;17845.0;79375.0
973500;97021.5;17765.0;79256.5
973600;97297.5;17725.0;79572.5
973700;97299.0;17845.0;79454.0
973800;97337.5;17765.0;79572.5
973900;96460.5;17125.0;79335.5
974000;97219.0;17765.0;79454.0
974100;96697.5;17125.0;79572.5
974200;97772.0;17765.0;80007.0
974300;97258.5;17765.0;79493.5
974400;97537.0;17925.0;79612.0
974500;97338.5;17845.0;79493.5
974600;97498.0;17965.0;79533.0
974700;97378.0;17845.0;79533.0
974800;97218.0;17685.0;79533.0
974900;97339.5;17925.0;79414.5
975000;97458.0;17925.0;79533.0
975100;97458.0;17925.0;79533.0
975200;97616.0;17925.0;79691.0
975300;97458.0;17925.0;79533.0
975400;96905.0;17925.0;78980.0
975500;97497.5;17925.0;79572.5
975600;97617.0;18005.0;79612.0
975700;97535.5;17805.0;79730.5
975800;97655.5;17925.0;79730.5
975900;97537.0;17925.0;79612.0
976000;97537.0;17925.0;79612.0
976100;97498.5;18005.0;79493.5
976200;97537.0;17925.0;79612.0
976300;97695.0;17925.0;79770.0
976400;97815.0;18045.0;79770.0
976500;97576.5;17925.0;79651.5
976600;97141.0;17925.0;79216.0
976700;97701.0;17885.0;79816.0
976800;97581.0;17885.0;79696.0
976900;97261.0;17565.0;79696.0
977000;97541.0;17845.0;79696.0
977100;97501.0;17925.0;79576.0
977200;97621.0;17925.0;79696.0
977300;97541.0;17845.0;79696.0
977400;97621.0;17925.0;79696.0
977500;97661.0;17925.0;79736.0
977600;97541.0;17925.0;79616.0
977700;97581.0;17805.0;79776.0
977800;97621.0;17965.0;79656.0
977900;97541.0;17765.0;79776.0
978000;97741.0;17805.0;79936.0
978100;97701.0;17925.0;79776.0
978200;97661.0;17885.0;79776.0
978300;98133.5;17925.0;80208.5
978400;97641.0;17845.0;79796.0
978500;97838.5;18005.0;79833.5
978600;97646.0;17925.0;79721.0
978700;97756.0;17885.0;79871.0
978800;97854.0;17965.0;79889.0
978900;97734.0;17845.0;79889.0
979000;97734.0;17845.0;79889.0
979100;97734.0;17845.0;79889.0
979200;97734.0;17845.0;79889.0
979300;97294.0;17405.0;79889.0
979400;97614.0;17725.0;79889.0
979500;97133.0;17205.0;79928.0
979600;97812.0;17845.0;79967.0
979700;97736.0;17925.0;79811.0
979800;97972.0;18005.0;79967.0
979900;97812.0;17845.0;79967.0
980000;98049.0;17965.0;80084.0
980100;97892.0;17925.0;79967.0
980200;98037.0;17953.0;80084.0
980300;97488.0;17521.0;79967.0
980400;96776.0;17241.0;79535.0
980500;98016.0;18001.0;80015.0
980600;97896.0;17881.0;80015.0
980700;98176.0;18001.0;80175.0
980800;97936.0;17881.0;80055.0
980900;98496.0;17881.0;80615.0
981000;97896.0;17841.0;80055.0
981100;97936.0;17881.0;80055.0
981200;98016.0;17961.0;80055.0
981300;98136.0;18081.0;80055.0
981400;98016.0;17961.0;80055.0
981500;97896.0;17961.0;79935.0
981600;98566.0;18471.0;80095.0
981700;98188.0;18053.0;80135.0
981800;98144.0;18129.0;80015.0
981900;98384.0;18129.0;80255.0
982000;98188.0;18053.0;80135.0
982100;98188.0;18053.0;80135.0
982200;98188.0;18053.0;80135.0
982300;98272.0;17977.0;80295.0
982400;98372.0;18357.0;80015.0
982500;98068.0;18053.0;80015.0
982600;98070.0;18015.0;80055.0
982700;98192.0;17977.0;80215.0
982800;98192.0;17977.0;80215.0
982900;97958.0;17863.0;80095.0
983000;97632.0;17977.0;79655.0
983100;98572.0;18357.0;80215.0
983200;98192.0;17977.0;80215.0
983300;98116.0;17901.0;80215.0
983400;98230.0;18015.0;80215.0
983500;98232.0;17977.0;80255.0
983600;98756.0;17901.0;80855.0
983700;98196.0;17901.0;80295.0
983800;98234.0;17939.0;80295.0
983900;98082.0;17787.0;80295.0
984000;98082.0;17787.0;80295.0
984100;98120.0;17825.0;80295.0
984200;98082.0;17787.0;80295.0
984300;98196.0;17901.0;80295.0
984400;98082.0;17787.0;80295.0
984500;97992.0;17977.0;80015.0
984600;98472.0;17977.0;80495.0
984700;98162.0;17787.0;80375.0
984800;98276.0;17901.0;80375.0
984900;97836.0;17901.0;79935.0
985000;98276.0;17901.0;80375.0
985100;98510.0;18015.0;80495.0
985200;98352.0;17977.0;80375.0
985300;98588.0;18053.0;80535.0
985400;97996.0;17621.0;80375.0
985500;97556.0;17981.0;79575.0
985600;98436.0;17981.0;80455.0
985700;98156.0;17701.0;80455.0
985800;97596.0;17621.0;79975.0
985900;98476.0;18021.0;80455.0
986000;98916.0;17901.0;81015.0
986100;98316.0;17981.0;80335.0
986200;98396.0;17821.0;80575.0
986300;98436.0;17981.0;80455.0
986400;98556.0;18101.0;80455.0
986500;97676.0;17341.0;80335.0
986600;98676.0;18141.0;80535.0
986700;98596.0;18061.0;80535.0
986800;98476.0;17941.0;80535.0
986900;98980.0;18061.0;80919.0
987000;99180.0;18621.0;80559.0
987100;99180.0;17901.0;81279.0
987200;98660.0;18101.0;80559.0
987300;98340.0;17781.0;80559.0
987400;98540.0;17981.0;80559.0
987500;98656.0;18061.0;80595.0
987600;99332.0;18701.0;80631.0
987700;98692.0;18061.0;80631.0
987800;98812.0;18181.0;80631.0
987900;98692.0;18061.0;80631.0
988000;98704.0;18181.0;80523.0
988100;97944.0;17421.0;80523.0
988200;98692.0;18061.0;80631.0
988300;98188.0;18061.0;80127.0
988400;98452.0;17821.0;80631.0
988500;99153.0;18486.0;80667.0
988600;98856.0;18153.0;80703.0
988700;98745.0;18042.0;80703.0
988800;99448.0;18745.0;80703.0
988900;98930.0;18227.0;80703.0
989000;99374.0;18671.0;80703.0
989100;98816.0;18005.0;80811.0
989200;99178.0;18079.0;81099.0
989300;98782.0;18079.0;80703.0
989400;98892.0;18153.0;80739.0
989500;98818.0;18079.0;80739.0
989600;98854.0;18079.0;80775.0
989700;98818.0;18079.0;80739.0
989800;98854.0;18079.0;80775.0
989900;98341.0;17968.0;80373.0
990000;98870.0;18079.0;80791.0
990100;98944.0;18153.0;80791.0
990200;98734.0;17931.0;80803.0
990300;98808.0;18005.0;80803.0
990400;98586.0;17783.0;80803.0
990500;98773.0;17931.0;80842.0
990600;98923.0;18042.0;80881.0
990700;98923.0;18042.0;80881.0
990800;98812.0;17931.0;80881.0
990900;99404.0;18523.0;80881.0
991000;98553.0;17672.0;80881.0
991100;98849.0;17968.0;80881.0
991200;98621.0;17857.0;80764.0
991300;98738.0;17857.0;80881.0
991400;98627.0;17746.0;80881.0
991500;98777.0;17857.0;80920.0
991600;98968.0;17892.0;81076.0
991700;99047.0;17971.0;81076.0
991800;98969.5;18010.5;80959.0
991900;98384.0;17971.0;80413.0
992000;98734.0;17892.0;80842.0
992100;99285.5;18326.5;80959.0
992200;98851.0;17892.0;80959.0
992300;99009.0;18050.0;80959.0
992400;98140.0;17181.0;80959.0
992500;99087.5;18089.5;80998.0
992600;98455.0;17418.0;81037.0
992700;98686.0;17532.0;81154.0
992800;99449.0;18412.0;81037.0
992900;99009.0;17972.0;81037.0
993000;98929.0;17892.0;81037.0
993100;98649.0;17612.0;81037.0
993200;99009.0;17972.0;81037.0
993300;99009.0;17972.0;81037.0
993400;99071.5;18034.5;81037.0
993500;99228.0;17996.0;81232.0
993600;99305.0;18073.0;81232.0
993700;99188.0;18073.0;81115.0
993800;99302.0;18304.0;80998.0
993900;99111.0;17996.0;81115.0
994000;99305.0;18073.0;81232.0
994100;99188.0;18073.0;81115.0
994200;99265.0;18150.0;81115.0
994300;99265.0;18150.0;81115.0
994400;99190.0;17919.0;81271.0
994500;99304.0;18150.0;81154.0
994600;99266.0;18073.0;81193.0
994700;99343.0;18150.0;81193.0
994800;99266.0;18073.0;81193.0
994900;99266.0;18073.0;81193.0
995000;99381.5;18188.5;81193.0
995100;99383.0;18073.0;81310.0
995200;99150.5;17957.5;81193.0
995300;99266.0;18073.0;81193.0
995400;99110.5;18034.5;81076.0
995500;99420.5;18188.5;81232.0
995600;99305.0;18073.0;81232.0
995700;99344.0;18073.0;81271.0
995800;99344.0;18073.0;81271.0
995900;99228.5;17957.5;81271.0
996000;99461.0;18073.0;81388.0
996100;99767.5;18496.5;81271.0
996200;100162.5;18111.5;82051.0
996300;99421.0;18150.0;81271.0
996400;99421.0;18150.0;81271.0
996500;98613.0;17303.0;81310.0
996600;99499.0;18150.0;81349.0
996700;99499.0;18150.0;81349.0
996800;99576.0;18227.0;81349.0
996900;99383.5;18034.5;81349.0
997000;98988.0;17756.0;81232.0
997100;99268.0;18036.0;81232.0
997200;98959.0;18156.0;80803.0
997300;99505.0;18156.0;81349.0
997400;99425.0;18076.0;81349.0
997500;99620.0;18076.0;81544.0
997600;99427.0;18156.0;81271.0
997700;99347.0;18076.0;81271.0
997800;99666.0;18356.0;81310.0
997900;99620.0;18076.0;81544.0
998000;99471.0;18044.0;81427.0
998100;99625.0;18081.0;81544.0
998200;99736.0;18192.0;81544.0
998300;99619.0;18192.0;81427.0
998400;99433.5;18123.5;81310.0
998500;99072.0;17606.0;81466.0
998600;99663.0;18158.0;81505.0
998700;99663.0;18158.0;81505.0
998800;99663.0;18158.0;81505.0
998900;100098.0;18710.0;81388.0
999000;99615.0;18227.0;81388.0
999100;99732.0;18227.0;81505.0
999200;99918.0;18296.0;81622.0
999300;99874.5;18330.5;81544.0
999400;99732.0;18227.0;81505.0
999500;99477.0;18089.0;81388.0
999600;99741.0;18158.0;81583.0
999700;99585.0;18158.0;81427.0
999800;99597.0;17468.0;82129.0
999900;99810.0;18227.0;81583.0
