timestamp;total;ASH_COATED_OSMIUM;INTARIAN_PEPPER_ROOT
0;-25.5;42.0;-67.5
100;-85.0;42.0;-127.0
200;-88.0;-12.0;-76.0
300;-108.5;45.0;-153.5
400;-183.5;35.0;-218.5
500;53.0;44.0;9.0
600;-167.0;44.0;-211.0
700;-293.5;42.0;-335.5
800;19712.5;20048.0;-335.5
900;-367.0;48.0;-415.0
1000;-286.5;49.0;-335.5
1100;-233.5;49.0;-282.5
1200;-236.5;46.0;-282.5
1300;-236.5;46.0;-282.5
1400;-236.5;46.0;-282.5
1500;-234.5;48.0;-282.5
1600;-234.5;48.0;-282.5
1700;-155.0;48.0;-203.0
1800;-148.0;55.0;-203.0
1900;-234.5;48.0;-282.5
2000;-208.0;48.0;-256.0
2100;-183.5;46.0;-229.5
2200;-181.5;48.0;-229.5
2300;-104.0;46.0;-150.0
2400;-183.5;46.0;-229.5
2500;-183.5;46.0;-229.5
2600;-183.5;46.0;-229.5
2700;-498.0;43.0;-541.0
2800;-173.0;48.0;-221.0
2900;129.0;30.0;99.0
3000;-143.0;46.0;-189.0
3100;-113.0;44.0;-157.0
3200;-111.0;46.0;-157.0
3300;-18.0;43.0;-61.0
3400;-111.0;46.0;-157.0
3500;-111.0;46.0;-157.0
3600;-90.0;67.0;-157.0
3700;6.0;67.0;-61.0
3800;-105.0;52.0;-157.0
3900;326.0;67.0;259.0
4000;-60.5;64.5;-125.0
4100;-132.0;57.0;-189.0
4200;-15.0;78.0;-93.0
4300;98.5;95.5;3.0
4400;-104.0;85.0;-189.0
4500;2.5;95.5;-93.0
4600;-15.0;78.0;-93.0
4700;-104.0;85.0;-189.0
4800;-143.0;78.0;-221.0
4900;-8.0;85.0;-93.0
5000;164.5;92.0;72.5
5100;-567.0;85.0;-652.0
5200;88.5;85.0;3.5
5300;144.5;141.0;3.5
5400;192.0;85.0;107.0
5500;81.5;78.0;3.5
5600;95.5;92.0;3.5
5700;-264.0;85.0;-349.0
5800;-382.0;78.0;-460.0
5900;106.0;85.0;21.0
6000;32.0;85.0;-53.0
6100;190.5;95.5;95.0
6200;180.0;85.0;95.0
6300;180.0;85.0;95.0
6400;187.0;92.0;95.0
6500;76.0;92.0;-16.0
6600;243.0;148.0;95.0
6700;187.0;92.0;95.0
6800;-350.0;36.0;-386.0
6900;194.0;99.0;95.0
7000;109.5;88.5;21.0
7100;261.0;92.0;169.0
7200;229.5;60.5;169.0
7300;731.5;81.5;650.0
7400;-449.0;85.0;-534.0
7500;365.0;85.0;280.0
7600;292.5;123.5;169.0
7700;254.0;85.0;169.0
7800;264.5;95.5;169.0
7900;143.0;85.0;58.0
8000;-213.0;99.0;-312.0
8100;-146.0;92.0;-238.0
8200;224.0;92.0;132.0
8300;-156.5;81.5;-238.0
8400;335.0;92.0;243.0
8500;-146.0;92.0;-238.0
8600;328.0;85.0;243.0
8700;331.5;88.5;243.0
8800;331.5;88.5;243.0
8900;224.0;92.0;132.0
9000;372.0;92.0;280.0
9100;499.0;71.0;428.0
9200;520.0;92.0;428.0
9300;402.0;85.0;317.0
9400;444.0;127.0;317.0
9500;409.0;92.0;317.0
9600;333.0;127.0;206.0
9700;445.0;128.0;317.0
9800;443.0;126.0;317.0
9900;64.0;126.0;-62.0
10000;560.0;182.0;378.0
10100;600.0;182.0;418.0
10200;610.5;192.5;418.0
10300;1123.5;185.5;938.0
10400;713.0;175.0;538.0
10500;603.5;185.5;418.0
10600;600.0;182.0;418.0
10700;1130.5;192.5;938.0
10800;600.0;182.0;418.0
10900;607.0;189.0;418.0
11000;622.5;164.5;458.0
11100;1207.0;189.0;1018.0
11200;680.0;182.0;498.0
11300;680.0;182.0;498.0
11400;690.5;192.5;498.0
11500;680.0;182.0;498.0
11600;680.0;182.0;498.0
11700;810.5;192.5;618.0
11800;680.0;182.0;498.0
11900;800.0;182.0;618.0
12000;720.0;182.0;538.0
12100;795.0;217.0;578.0
12200;813.0;235.0;578.0
12300;1315.0;217.0;1098.0
12400;819.0;241.0;578.0
12500;819.0;241.0;578.0
12600;367.0;229.0;138.0
12700;687.0;229.0;458.0
12800;293.0;235.0;58.0
12900;807.0;229.0;578.0
13000;847.0;229.0;618.0
13100;887.0;229.0;658.0
13200;899.0;241.0;658.0
13300;791.0;133.0;658.0
13400;887.0;229.0;658.0
13500;767.0;229.0;538.0
13600;887.0;229.0;658.0
13700;887.0;229.0;658.0
13800;791.0;133.0;658.0
13900;1269.0;211.0;1058.0
14000;1068.0;250.0;818.0
14100;988.0;250.0;738.0
14200;979.0;241.0;738.0
14300;965.5;227.5;738.0
14400;779.0;241.0;538.0
14500;1072.0;214.0;858.0
14600;1499.0;241.0;1258.0
14700;832.0;214.0;618.0
14800;979.0;241.0;738.0
14900;850.0;232.0;618.0
15000;992.0;214.0;778.0
15100;1249.0;311.0;938.0
15200;1129.0;311.0;818.0
15300;1139.0;321.0;818.0
15400;1129.0;311.0;818.0
15500;1095.0;277.0;818.0
15600;1259.0;321.0;938.0
15700;1161.0;343.0;818.0
15800;1150.0;332.0;818.0
15900;1150.0;332.0;818.0
16000;1190.0;332.0;858.0
16100;1191.5;293.5;898.0
16200;1219.0;321.0;898.0
16300;1241.0;343.0;898.0
16400;1230.0;332.0;898.0
16500;1366.5;348.5;1018.0
16600;1241.0;343.0;898.0
16700;1209.0;431.0;778.0
16800;1241.0;343.0;898.0
16900;1361.0;343.0;1018.0
17000;710.0;332.0;378.0
17100;1310.0;332.0;978.0
17200;1190.0;332.0;858.0
17300;790.0;332.0;458.0
17400;1419.0;321.0;1098.0
17500;1310.0;332.0;978.0
17600;1310.0;332.0;978.0
17700;1430.0;332.0;1098.0
17800;1179.0;321.0;858.0
17900;1310.0;332.0;978.0
18000;1470.0;332.0;1138.0
18100;1493.5;315.5;1178.0
18200;1390.0;332.0;1058.0
18300;1401.0;343.0;1058.0
18400;1379.0;321.0;1058.0
18500;1421.0;363.0;1058.0
18600;1541.0;363.0;1178.0
18700;1600.5;422.5;1178.0
18800;1421.0;363.0;1058.0
18900;1360.5;422.5;938.0
19000;1444.0;346.0;1098.0
19100;1501.0;363.0;1138.0
19200;1518.0;380.0;1138.0
19300;1518.0;380.0;1138.0
19400;1518.0;380.0;1138.0
19500;1398.0;380.0;1018.0
19600;1398.0;380.0;1018.0
19700;1023.5;405.5;618.0
19800;1601.5;463.5;1138.0
19900;1370.0;392.0;978.0
20000;1450.0;392.0;1058.0
20100;1730.0;392.0;1338.0
20200;2117.0;379.0;1738.0
20300;1109.5;411.5;698.0
20400;1623.0;405.0;1218.0
20500;1623.0;405.0;1218.0
20600;1623.0;405.0;1218.0
20700;1636.0;418.0;1218.0
20800;1743.0;405.0;1338.0
20900;1623.0;405.0;1218.0
21000;1650.0;392.0;1258.0
21100;1183.0;405.0;778.0
21200;1742.0;444.0;1298.0
21300;1690.0;392.0;1298.0
21400;1599.0;301.0;1298.0
21500;1644.5;346.5;1298.0
21600;1690.0;392.0;1298.0
21700;1690.0;392.0;1298.0
21800;1810.0;392.0;1418.0
21900;1810.0;392.0;1418.0
22000;1626.0;288.0;1338.0
22100;1770.0;392.0;1378.0
22200;1776.5;398.5;1378.0
22300;2381.0;483.0;1898.0
22400;1770.0;392.0;1378.0
22500;1900.0;522.0;1378.0
22600;1757.0;379.0;1378.0
22700;1724.5;346.5;1378.0
22800;1783.0;405.0;1378.0
22900;1770.0;392.0;1378.0
23000;1810.0;392.0;1418.0
23100;1410.0;392.0;1018.0
23200;1915.0;457.0;1458.0
23300;1863.0;405.0;1458.0
23400;2389.5;411.5;1978.0
23500;2370.0;392.0;1978.0
23600;1869.5;411.5;1458.0
23700;1863.0;405.0;1458.0
23800;1863.0;405.0;1458.0
23900;2023.5;445.5;1578.0
24000;2050.0;432.0;1618.0
24100;1850.0;432.0;1418.0
24200;1965.5;427.5;1538.0
24300;1993.0;455.0;1538.0
24400;2001.0;463.0;1538.0
24500;2027.0;489.0;1538.0
24600;2042.0;504.0;1538.0
24700;2038.5;500.5;1538.0
24800;1929.0;511.0;1418.0
24900;2049.0;511.0;1538.0
25000;2096.0;518.0;1578.0
25100;2129.0;511.0;1618.0
25200;2305.0;567.0;1738.0
25300;2129.0;511.0;1618.0
25400;2129.0;511.0;1618.0
25500;1696.0;518.0;1178.0
25600;2193.0;455.0;1738.0
25700;2129.0;511.0;1618.0
25800;2012.5;514.5;1498.0
25900;2009.0;511.0;1498.0
26000;2056.0;518.0;1538.0
26100;2216.0;518.0;1698.0
26200;1689.0;511.0;1178.0
26300;2329.0;511.0;1818.0
26400;2085.5;507.5;1578.0
26500;2616.0;518.0;2098.0
26600;2392.0;574.0;1818.0
26700;2216.0;518.0;1698.0
26800;2277.5;459.5;1818.0
26900;1705.0;527.0;1178.0
27000;2385.0;527.0;1858.0
27100;2185.0;407.0;1778.0
27200;2305.0;527.0;1778.0
27300;2425.0;527.0;1898.0
27400;2305.0;527.0;1778.0
27500;2305.0;527.0;1778.0
27600;2305.0;527.0;1778.0
27700;2305.0;527.0;1778.0
27800;2170.0;392.0;1778.0
27900;2410.0;512.0;1898.0
28000;2273.0;575.0;1698.0
28100;2378.0;520.0;1858.0
28200;2389.0;531.0;1858.0
28300;2389.0;531.0;1858.0
28400;2252.5;514.5;1738.0
28500;2400.0;542.0;1858.0
28600;2372.5;514.5;1858.0
28700;2560.0;542.0;2018.0
28800;2389.0;531.0;1858.0
28900;2909.0;531.0;2378.0
29000;2445.5;547.5;1898.0
29100;2677.0;619.0;2058.0
29200;2989.0;531.0;2458.0
29300;2469.0;531.0;1938.0
29400;2469.0;531.0;1938.0
29500;2989.0;531.0;2458.0
29600;2480.0;542.0;1938.0
29700;2458.0;520.0;1938.0
29800;2557.0;619.0;1938.0
29900;2469.0;531.0;1938.0
30000;2292.5;514.5;1778.0
30100;2549.0;531.0;2018.0
30200;2549.0;531.0;2018.0
30300;2565.5;547.5;2018.0
30400;2635.0;617.0;2018.0
30500;2549.5;531.5;2018.0
30600;2563.0;545.0;2018.0
30700;2572.0;554.0;2018.0
30800;2563.0;545.0;2018.0
30900;2443.0;545.0;1898.0
31000;2603.0;545.0;2058.0
31100;2634.0;536.0;2098.0
31200;2509.5;531.5;1978.0
31300;2643.0;545.0;2098.0
31400;3163.0;545.0;2618.0
31500;2643.0;545.0;2098.0
31600;2643.0;545.0;2098.0
31700;2523.0;545.0;1978.0
31800;2763.0;545.0;2218.0
31900;2629.5;531.5;2098.0
32000;2549.5;531.5;2018.0
32100;2723.0;545.0;2178.0
32200;2732.0;554.0;2178.0
32300;2727.5;549.5;2178.0
32400;2727.5;549.5;2178.0
32500;3123.0;545.0;2578.0
32600;2651.0;473.0;2178.0
32700;2594.0;536.0;2058.0
32800;2650.0;472.0;2178.0
32900;2760.0;582.0;2178.0
33000;3042.0;824.0;2218.0
33100;2960.0;582.0;2378.0
33200;2840.0;582.0;2258.0
33300;3376.0;758.0;2618.0
33400;2862.0;604.0;2258.0
33500;2764.0;626.0;2138.0
33600;2526.0;428.0;2098.0
33700;2840.0;582.0;2258.0
33800;2851.0;593.0;2258.0
33900;2862.0;604.0;2258.0
34000;2973.0;675.0;2298.0
34100;3028.0;690.0;2338.0
34200;2998.0;660.0;2338.0
34300;2998.0;660.0;2338.0
34400;3014.5;660.0;2354.5
34500;3387.0;532.0;2855.0
34600;3571.0;716.0;2855.0
34700;3070.5;716.0;2354.5
34800;2955.0;716.0;2239.0
34900;3070.5;716.0;2354.5
35000;-923586.0;716.0;-924302.0
35100;3124.5;693.0;2431.5
35200;3032.0;716.0;2316.0
35300;3009.0;693.0;2316.0
35400;3136.0;704.5;2431.5
35500;3648.0;716.0;2932.0
35600;3147.5;716.0;2431.5
35700;3662.0;716.0;2946.0
35800;2962.0;716.0;2246.0
35900;3347.0;716.0;2631.0
36000;3270.0;716.0;2554.0
36100;3632.0;693.0;2939.0
36200;3308.5;716.0;2592.5
36300;3038.0;946.0;2092.0
36400;3469.5;877.0;2592.5
36500;3332.5;740.0;2592.5
36600;3312.5;720.0;2592.5
36700;3312.5;720.0;2592.5
36800;3312.5;720.0;2592.5
36900;3312.5;720.0;2592.5
37000;3351.0;720.0;2631.0
37100;3389.5;720.0;2669.5
37200;3359.5;690.0;2669.5
37300;3505.0;720.0;2785.0
37400;3369.5;700.0;2669.5
37500;3389.5;720.0;2669.5
37600;3254.0;700.0;2554.0
37700;3525.0;740.0;2785.0
37800;3485.5;816.0;2669.5
37900;3433.5;764.0;2669.5
38000;3504.0;796.0;2708.0
38100;3350.0;796.0;2554.0
38200;3542.5;796.0;2746.5
38300;3414.5;668.0;2746.5
38400;3117.5;797.5;2320.0
38500;3577.0;817.0;2760.0
38600;3557.5;797.5;2760.0
38700;3444.0;804.0;2640.0
38800;3450.5;810.5;2640.0
38900;3050.5;810.5;2240.0
39000;3063.5;823.5;2240.0
39100;3755.0;915.0;2840.0
39200;3706.0;866.0;2840.0
39300;3699.0;859.0;2840.0
39400;3179.0;859.0;2320.0
39500;3755.0;915.0;2840.0
39600;3699.0;859.0;2840.0
39700;3692.0;852.0;2840.0
39800;3713.0;873.0;2840.0
39900;3755.0;915.0;2840.0
40000;3795.0;915.0;2880.0
40100;3715.0;915.0;2800.0
40200;3835.0;915.0;2920.0
40300;3715.0;915.0;2800.0
40400;3955.0;915.0;3040.0
40500;3315.0;915.0;2400.0
40600;3835.0;915.0;2920.0
40700;3835.0;915.0;2920.0
40800;3835.0;915.0;2920.0
40900;3835.0;915.0;2920.0
41000;3875.0;915.0;2960.0
41100;3915.0;915.0;3000.0
41200;4035.0;915.0;3120.0
41300;3915.0;915.0;3000.0
41400;4035.0;915.0;3120.0
41500;4470.0;950.0;3520.0
41600;3955.0;955.0;3000.0
41700;4475.0;955.0;3520.0
41800;4035.0;915.0;3120.0
41900;3950.0;950.0;3000.0
42000;3790.0;950.0;2840.0
42100;4020.0;940.0;3080.0
42200;3930.0;970.0;2960.0
42300;4790.0;950.0;3840.0
42400;4045.0;965.0;3080.0
42500;3985.0;905.0;3080.0
42600;4040.0;960.0;3080.0
42700;4020.0;940.0;3080.0
42800;4037.5;930.0;3107.5
42900;4155.0;935.0;3220.0
43000;3715.0;990.0;2725.0
43100;4155.0;950.0;3205.0
43200;4140.0;935.0;3205.0
43300;4675.0;950.0;3725.0
43400;4075.0;870.0;3205.0
43500;4155.0;950.0;3205.0
43600;4145.0;940.0;3205.0
43700;4145.0;940.0;3205.0
43800;4025.0;940.0;3085.0
43900;4275.0;950.0;3325.0
44000;4195.0;950.0;3245.0
44100;4235.0;950.0;3285.0
44200;4355.0;950.0;3405.0
44300;4235.0;950.0;3285.0
44400;4995.0;950.0;4045.0
44500;4120.0;955.0;3165.0
44600;4235.0;950.0;3285.0
44700;3715.0;950.0;2765.0
44800;4235.0;950.0;3285.0
44900;4130.0;965.0;3165.0
45000;4325.0;880.0;3445.0
45100;3805.0;960.0;2845.0
45200;3837.0;992.0;2845.0
45300;4337.0;972.0;3365.0
45400;4851.0;966.0;3885.0
45500;4337.0;972.0;3365.0
45600;4343.0;978.0;3365.0
45700;4337.0;972.0;3365.0
45800;4341.0;976.0;3365.0
45900;4217.0;972.0;3245.0
46000;4375.0;970.0;3405.0
46100;4305.0;980.0;3325.0
46200;4417.0;972.0;3445.0
46300;4431.0;986.0;3445.0
46400;4537.0;972.0;3565.0
46500;4367.5;922.5;3445.0
46600;4439.0;994.0;3445.0
46700;4439.0;994.0;3445.0
46800;4439.0;994.0;3445.0
46900;4543.0;1098.0;3445.0
47000;4518.0;1033.0;3485.0
47100;4593.5;948.5;3645.0
47200;4519.0;994.0;3525.0
47300;4486.5;961.5;3525.0
47400;4399.0;994.0;3405.0
47500;4652.0;1007.0;3645.0
47600;4652.0;1007.0;3645.0
47700;4652.0;1007.0;3645.0
47800;4532.0;1007.0;3525.0
47900;4512.5;987.5;3525.0
48000;4572.0;1007.0;3565.0
48100;4972.0;1007.0;3965.0
48200;4625.0;1020.0;3605.0
48300;4612.0;1007.0;3605.0
48400;4605.5;1000.5;3605.0
48500;4612.0;1007.0;3605.0
48600;4612.0;1007.0;3605.0
48700;4472.5;987.5;3485.0
48800;5132.0;1007.0;4125.0
48900;4599.0;994.0;3605.0
49000;4639.0;994.0;3645.0
49100;4679.0;994.0;3685.0
49200;4549.0;864.0;3685.0
49300;4812.0;1007.0;3805.0
49400;4482.0;917.0;3565.0
49500;4679.0;994.0;3685.0
49600;4723.0;1038.0;3685.0
49700;4701.0;1016.0;3685.0
49800;4679.0;994.0;3685.0
49900;4126.0;961.0;3165.0
50000;4719.0;994.0;3725.0
50100;4879.0;994.0;3885.0
50200;4857.0;972.0;3885.0
50300;4628.0;983.0;3645.0
50400;4879.0;994.0;3885.0
50500;4781.0;1016.0;3765.0
50600;4781.0;1016.0;3765.0
50700;4781.0;1016.0;3765.0
50800;4781.0;1016.0;3765.0
50900;4790.5;1025.5;3765.0
51000;4881.5;1076.5;3805.0
51100;4896.0;1051.0;3845.0
51200;4759.0;1034.0;3725.0
51300;4759.0;1034.0;3725.0
51400;4308.0;983.0;3325.0
51500;4862.0;1017.0;3845.0
51600;4879.0;1034.0;3845.0
51700;5016.0;1051.0;3965.0
51800;4862.0;1017.0;3845.0
51900;4784.5;1059.5;3725.0
52000;5479.0;1034.0;4445.0
52100;4942.0;1017.0;3925.0
52200;4959.0;1034.0;3925.0
52300;5096.0;1051.0;4045.0
52400;4840.0;915.0;3925.0
52500;5112.0;1187.0;3925.0
52600;5376.0;1051.0;4325.0
52700;4840.0;915.0;3925.0
52800;4993.0;1068.0;3925.0
52900;4993.0;1068.0;3925.0
53000;4913.0;1068.0;3845.0
53100;5056.0;1051.0;4005.0
53200;5433.0;1068.0;4365.0
53300;4936.0;1051.0;3885.0
53400;5176.0;1051.0;4125.0
53500;5081.5;1076.5;4005.0
53600;4616.0;1051.0;3565.0
53700;5039.0;1034.0;4005.0
53800;5129.5;1124.5;4005.0
53900;5209.0;1084.0;4125.0
54000;5249.0;1084.0;4165.0
54100;5702.5;1097.5;4605.0
54200;5289.0;1084.0;4205.0
54300;5058.0;1093.0;3965.0
54400;5178.0;1093.0;4085.0
54500;5178.0;1093.0;4085.0
54600;5220.0;1135.0;4085.0
54700;5215.5;1130.5;4085.0
54800;5100.0;1135.0;3965.0
54900;5244.0;1159.0;4085.0
55000;5260.0;1135.0;4125.0
55100;5295.5;1130.5;4165.0
55200;5301.5;1136.5;4165.0
55300;5300.0;1135.0;4165.0
55400;5184.5;1139.5;4045.0
55500;5300.0;1135.0;4165.0
55600;5300.0;1135.0;4165.0
55700;5460.0;1135.0;4325.0
55800;5276.0;1111.0;4165.0
55900;5304.5;1139.5;4165.0
56000;5340.0;1135.0;4205.0
56100;5260.0;1135.0;4125.0
56200;5404.0;1159.0;4245.0
56300;5500.0;1135.0;4365.0
56400;5377.0;1132.0;4245.0
56500;5377.0;1132.0;4245.0
56600;5377.0;1132.0;4245.0
56700;5897.0;1132.0;4765.0
56800;5377.0;1132.0;4245.0
56900;5257.0;1132.0;4125.0
57000;5453.0;1132.0;4321.0
57100;4769.0;1132.0;3637.0
57200;5491.0;1132.0;4359.0
57300;5477.5;1118.5;4359.0
57400;5489.5;1130.5;4359.0
57500;5637.0;1126.0;4511.0
57600;4988.0;1123.0;3865.0
57700;5479.0;1120.0;4359.0
57800;5344.0;1099.0;4245.0
57900;5365.0;1120.0;4245.0
58000;5520.0;1123.0;4397.0
58100;5582.0;1147.0;4435.0
58200;5562.5;1127.5;4435.0
58300;5558.0;1123.0;4435.0
58400;5579.0;1144.0;4435.0
58500;5579.0;1144.0;4435.0
58600;5693.0;1144.0;4549.0
58700;5579.0;1144.0;4435.0
58800;5579.0;1144.0;4435.0
58900;5579.0;1144.0;4435.0
59000;6149.0;1144.0;5005.0
59100;5658.0;1147.0;4511.0
59200;5676.0;1165.0;4511.0
59300;5646.0;1135.0;4511.0
59400;5649.0;1138.0;4511.0
59500;5663.0;1152.0;4511.0
59600;5661.0;1150.0;4511.0
59700;5484.0;1125.0;4359.0
59800;5646.5;1135.5;4511.0
59900;5608.0;1097.0;4511.0
60000;5702.0;1153.0;4549.0
60100;5740.0;1153.0;4587.0
60200;5626.0;1153.0;4473.0
60300;5655.0;1068.0;4587.0
60400;5767.0;1180.0;4587.0
60500;5767.0;1180.0;4587.0
60600;5767.0;1180.0;4587.0
60700;5783.0;1196.0;4587.0
60800;5857.0;1156.0;4701.0
60900;5653.0;1180.0;4473.0
61000;5837.0;1212.0;4625.0
61100;5875.0;1212.0;4663.0
61200;5875.0;1212.0;4663.0
61300;5891.0;1228.0;4663.0
61400;6035.0;1372.0;4663.0
61500;6117.0;1340.0;4777.0
61600;5875.0;1212.0;4663.0
61700;5381.0;1212.0;4169.0
61800;5875.0;1212.0;4663.0
61900;6027.0;1212.0;4815.0
62000;5841.0;1254.0;4587.0
62100;5903.0;1164.0;4739.0
62200;5998.0;1259.0;4739.0
62300;6107.0;1254.0;4853.0
62400;5993.0;1254.0;4739.0
62500;5983.0;1244.0;4739.0
62600;6003.0;1264.0;4739.0
62700;5993.0;1254.0;4739.0
62800;5879.0;1254.0;4625.0
62900;5978.0;1239.0;4739.0
63000;6016.0;1239.0;4777.0
63100;6059.0;1244.0;4815.0
63200;6074.0;1259.0;4815.0
63300;5945.0;1244.0;4701.0
63400;6049.0;1234.0;4815.0
63500;5935.0;1234.0;4701.0
63600;6173.0;1244.0;4929.0
63700;6083.0;1268.0;4815.0
63800;6083.0;1268.0;4815.0
63900;6071.0;1256.0;4815.0
64000;6127.0;1274.0;4853.0
64100;6641.0;1256.0;5385.0
64200;6147.0;1256.0;4891.0
64300;5726.0;1256.0;4470.0
64400;6183.0;1160.0;5023.0
64500;6138.0;1352.0;4786.0
64600;6178.5;1274.0;4904.5
64700;6160.5;1256.0;4904.5
64800;6686.0;1268.0;5418.0
64900;6188.5;1284.0;4904.5
65000;6346.5;1284.0;5062.5
65100;6259.5;1276.0;4983.5
65200;6259.5;1276.0;4983.5
65300;6272.5;1289.0;4983.5
65400;6287.5;1304.0;4983.5
65500;6222.5;1239.0;4983.5
65600;6321.5;1338.0;4983.5
65700;6817.0;1320.0;5497.0
65800;6321.5;1338.0;4983.5
65900;6321.5;1338.0;4983.5
66000;6479.5;1338.0;5141.5
66100;6519.0;1338.0;5181.0
66200;6537.0;1356.0;5181.0
66300;6400.5;1338.0;5062.5
66400;6400.5;1338.0;5062.5
66500;6400.5;1338.0;5062.5
66600;6400.5;1338.0;5062.5
66700;6373.5;1311.0;5062.5
66800;-173545.5;-178608.0;5062.5
66900;6400.5;1338.0;5062.5
67000;6458.0;1356.0;5102.0
67100;6361.0;1338.0;5023.0
67200;6479.5;1338.0;5141.5
67300;6461.5;1320.0;5141.5
67400;6598.0;1338.0;5260.0
67500;6506.5;1365.0;5141.5
67600;6874.5;1338.0;5536.5
67700;6461.5;1320.0;5141.5
67800;6479.5;1338.0;5141.5
67900;6479.5;1338.0;5141.5
68000;5987.0;1359.0;4628.0
68100;6698.0;1359.0;5339.0
68200;6579.5;1359.0;5220.5
68300;6572.0;1351.5;5220.5
68400;6579.5;1359.0;5220.5
68500;6698.0;1359.0;5339.0
68600;6579.5;1359.0;5220.5
68700;6698.0;1359.0;5339.0
68800;6504.5;1284.0;5220.5
68900;6440.0;1338.0;5102.0
69000;6616.0;1356.0;5260.0
69100;6537.0;1356.0;5181.0
69200;6655.5;1356.0;5299.5
69300;6637.5;1338.0;5299.5
69400;6673.5;1374.0;5299.5
69500;6655.5;1356.0;5299.5
69600;6646.5;1347.0;5299.5
69700;6511.5;1212.0;5299.5
69800;6682.5;1383.0;5299.5
69900;6774.0;1356.0;5418.0
70000;6268.0;1365.0;4903.0
70100;6739.0;1356.0;5383.0
70200;6628.0;1365.0;5263.0
70300;7286.0;1383.0;5903.0
70400;7139.0;1356.0;5783.0
70500;6859.0;1356.0;5503.0
70600;6766.0;1383.0;5383.0
70700;6757.0;1374.0;5383.0
70800;6739.0;1356.0;5383.0
70900;6601.0;1338.0;5263.0
71000;7357.0;1374.0;5983.0
71100;7330.0;1347.0;5983.0
71200;6867.0;1284.0;5583.0
71300;6966.0;1383.0;5583.0
71400;6837.0;1374.0;5463.0
71500;6379.0;1356.0;5023.0
71600;6759.0;1176.0;5583.0
71700;7357.0;1374.0;5983.0
71800;6975.0;1392.0;5583.0
71900;6855.0;1392.0;5463.0
72000;6895.0;1392.0;5503.0
72100;7464.0;1401.0;6063.0
72200;6815.0;1392.0;5423.0
72300;6815.0;1272.0;5543.0
72400;6997.0;1454.0;5543.0
72500;6983.0;1440.0;5543.0
72600;7011.0;1468.0;5543.0
72700;7011.0;1468.0;5543.0
72800;6816.5;1273.5;5543.0
72900;6998.0;1455.0;5543.0
73000;6918.0;1455.0;5463.0
73100;7111.0;1488.0;5623.0
73200;6638.0;1455.0;5183.0
73300;7342.0;1719.0;5623.0
73400;-958686.5;1570.5;-960257.0
73500;7111.0;1488.0;5623.0
73600;7631.0;1488.0;6143.0
73700;7144.0;1521.0;5623.0
73800;7144.0;1521.0;5623.0
73900;7028.5;1405.5;5623.0
74000;6992.5;1329.5;5663.0
74100;7199.0;1496.0;5703.0
74200;7356.0;1533.0;5823.0
74300;7236.0;1533.0;5703.0
74400;7116.0;1533.0;5583.0
74500;7273.0;1570.0;5703.0
74600;7236.0;1533.0;5703.0
74700;7236.0;1533.0;5703.0
74800;6829.0;1126.0;5703.0
74900;7116.0;1533.0;5583.0
75000;7396.0;1533.0;5863.0
75100;7196.0;1533.0;5663.0
75200;7316.0;1533.0;5783.0
75300;7836.0;1533.0;6303.0
75400;7251.5;1588.5;5663.0
75500;7279.0;1496.0;5783.0
75600;7196.0;1533.0;5663.0
75700;7279.0;1496.0;5783.0
75800;7279.0;1496.0;5783.0
75900;7799.0;1496.0;6303.0
76000;7479.0;1496.0;5983.0
76100;7239.0;1496.0;5743.0
76200;7879.0;1496.0;6383.0
76300;7401.0;1538.0;5863.0
76400;7585.5;1602.5;5983.0
76500;7638.5;1775.5;5863.0
76600;7516.0;1653.0;5863.0
76700;7898.5;1635.5;6263.0
76800;7586.0;1723.0;5863.0
76900;7066.0;1723.0;5343.0
77000;7676.0;1653.0;6023.0
77100;7716.0;1653.0;6063.0
77200;7613.5;1670.5;5943.0
77300;7631.0;1688.0;5943.0
77400;7631.0;1688.0;5943.0
77500;7631.0;1688.0;5943.0
77600;7111.0;1688.0;5423.0
77700;7751.0;1688.0;6063.0
77800;7421.0;1478.0;5943.0
77900;7652.0;1709.0;5943.0
78000;7770.0;1667.0;6103.0
78100;7627.0;1604.0;6023.0
78200;7528.0;1625.0;5903.0
78300;7690.0;1667.0;6023.0
78400;7690.0;1667.0;6023.0
78500;7627.0;1604.0;6023.0
78600;7690.0;1667.0;6023.0
78700;7648.0;1625.0;6023.0
78800;7648.0;1625.0;6023.0
78900;7627.0;1604.0;6023.0
79000;7831.0;1768.0;6063.0
79100;7760.0;1657.0;6103.0
79200;8687.0;2064.0;6623.0
79300;7621.5;1638.5;5983.0
79400;7760.0;1657.0;6103.0
79500;7723.0;1620.0;6103.0
79600;7704.5;1601.5;6103.0
79700;7760.0;1657.0;6103.0
79800;7760.0;1657.0;6103.0
79900;7880.0;1657.0;6223.0
80000;7800.0;1657.0;6143.0
80100;7960.0;1657.0;6303.0
80200;7784.5;1601.5;6183.0
80300;7720.0;1657.0;6063.0
80400;7466.0;1403.0;6063.0
80500;7811.0;1628.0;6183.0
80600;7923.5;1740.5;6183.0
80700;7856.0;1673.0;6183.0
80800;7833.5;1650.5;6183.0
80900;7691.0;1628.0;6063.0
81000;7851.0;1628.0;6223.0
81100;7823.5;1560.5;6263.0
81200;7793.5;1650.5;6143.0
81300;7726.0;1583.0;6143.0
81400;7726.0;1583.0;6143.0
81500;7846.0;1583.0;6263.0
81600;7778.5;1515.5;6263.0
81700;7756.0;1493.0;6263.0
81800;7801.0;1538.0;6263.0
81900;7801.0;1538.0;6263.0
82000;7841.0;1538.0;6303.0
82100;8081.0;1538.0;6543.0
82200;7791.0;1448.0;6343.0
82300;7881.0;1538.0;6343.0
82400;7933.5;1470.5;6463.0
82500;7521.0;1178.0;6343.0
82600;7881.0;1538.0;6343.0
82700;7836.0;1493.0;6343.0
82800;7836.0;1493.0;6343.0
82900;7791.0;1448.0;6343.0
83000;7876.0;1493.0;6383.0
83100;7916.0;1493.0;6423.0
83200;7826.0;1403.0;6423.0
83300;8231.0;1808.0;6423.0
83400;7826.0;1403.0;6423.0
83500;7991.0;1448.0;6543.0
83600;8006.0;1583.0;6423.0
83700;8340.5;1397.5;6943.0
83800;7928.0;1505.0;6423.0
83900;7722.0;1419.0;6303.0
84000;7762.0;1419.0;6343.0
84100;8085.0;1462.0;6623.0
84200;7965.0;1462.0;6503.0
84300;7965.0;1462.0;6503.0
84400;8494.0;1591.0;6903.0
84500;7965.0;1462.0;6503.0
84600;7998.0;1462.0;6536.0
84700;8109.0;1462.0;6647.0
84800;8368.0;1462.0;6906.0
84900;7998.0;1462.0;6536.0
85000;8146.0;1462.0;6684.0
85100;8072.0;1462.0;6610.0
85200;8072.0;1462.0;6610.0
85300;8007.5;1397.5;6610.0
85400;7918.0;1419.0;6499.0
85500;8448.0;1468.0;6980.0
85600;8528.0;1918.0;6610.0
85700;7854.0;1244.0;6610.0
85800;8086.0;1476.0;6610.0
85900;7988.5;1489.5;6499.0
86000;8168.0;1521.0;6647.0
86100;8157.0;1584.0;6573.0
86200;7787.0;1584.0;6203.0
86300;8473.5;1678.5;6795.0
86400;8331.0;1647.0;6684.0
86500;8220.0;1647.0;6573.0
86600;9024.0;2340.0;6684.0
86700;8394.0;1710.0;6684.0
86800;8283.0;1710.0;6573.0
86900;7850.0;1647.0;6203.0
87000;8368.0;1647.0;6721.0
87100;8373.5;1615.5;6758.0
87200;8468.0;1710.0;6758.0
87300;8405.0;1647.0;6758.0
87400;8631.5;1741.5;6890.0
87500;8421.5;1647.0;6774.5
87600;8421.5;1647.0;6774.5
87700;9104.0;2214.0;6890.0
87800;8750.5;1976.0;6774.5
87900;8582.5;1808.0;6774.5
88000;8505.5;1808.0;6697.5
88100;8659.5;1808.0;6851.5
88200;8659.5;1808.0;6851.5
88300;8801.5;1950.0;6851.5
88400;8301.0;1950.0;6351.0
88500;8740.5;1889.0;6851.5
88600;8009.0;1889.0;6120.0
88700;8625.0;1889.0;6736.0
88800;8740.5;1889.0;6851.5
88900;8801.5;1950.0;6851.5
89000;8596.0;1706.0;6890.0
89100;8817.5;1889.0;6928.5
89200;8817.5;1889.0;6928.5
89300;8665.0;1736.5;6928.5
89400;8970.0;2041.5;6928.5
89500;8378.0;1950.0;6428.0
89600;8878.5;1950.0;6928.5
89700;9298.0;2254.0;7044.0
89800;8896.5;1968.0;6928.5
89900;8480.5;1552.0;6928.5
90000;8987.0;2020.0;6967.0
90100;8973.5;1968.0;7005.5
90200;9095.5;2090.0;7005.5
90300;8801.5;1796.0;7005.5
90400;9053.5;2048.0;7005.5
90500;9473.5;2468.0;7005.5
90600;8791.0;1670.0;7121.0
90700;9109.5;2104.0;7005.5
90800;9220.5;2215.0;7005.5
90900;9151.5;2146.0;7005.5
91000;9098.0;2054.0;7044.0
91100;9370.0;2287.5;7082.5
91200;9241.0;2158.5;7082.5
91300;9176.5;2094.0;7082.5
91400;8631.0;1664.0;6967.0
91500;8676.0;2094.0;6582.0
91600;9292.0;2094.0;7198.0
91700;8787.0;2094.0;6693.0
91800;8843.0;1750.0;7093.0
91900;9230.0;2137.0;7093.0
92000;8926.0;1793.0;7133.0
92100;9211.5;2158.5;7053.0
92200;9267.0;2094.0;7173.0
92300;9451.5;2158.5;7293.0
92400;9168.5;2115.5;7053.0
92500;9267.0;2094.0;7173.0
92600;9267.0;2094.0;7173.0
92700;9267.0;2094.0;7173.0
92800;9104.0;2051.0;7053.0
92900;9224.0;2051.0;7173.0
93000;9498.0;2285.0;7213.0
93100;9363.0;2110.0;7253.0
93200;9458.0;2205.0;7253.0
93300;9479.0;2106.0;7373.0
93400;9359.0;2106.0;7253.0
93500;8566.0;2073.0;6493.0
93600;9326.0;2073.0;7253.0
93700;9182.0;1809.0;7373.0
93800;9326.0;2073.0;7253.0
93900;9326.0;2073.0;7253.0
94000;9399.0;2106.0;7293.0
94100;9992.0;2139.0;7853.0
94200;9439.0;2106.0;7333.0
94300;9319.0;2106.0;7213.0
94400;9406.0;2073.0;7333.0
94500;9670.0;2337.0;7333.0
94600;9526.0;2073.0;7453.0
94700;9356.5;2023.5;7333.0
94800;9406.0;2073.0;7333.0
94900;9356.5;2023.5;7333.0
95000;9446.0;2073.0;7373.0
95100;9486.0;2073.0;7413.0
95200;9436.5;2023.5;7413.0
95300;8693.0;2040.0;6653.0
95400;9420.0;2007.0;7413.0
95500;9696.0;2403.0;7293.0
95600;9956.5;2023.5;7933.0
95700;9486.0;2073.0;7413.0
95800;9502.5;2089.5;7413.0
95900;9594.0;2061.0;7533.0
96000;8969.0;2076.0;6893.0
96100;9404.0;2031.0;7373.0
96200;9554.0;2061.0;7493.0
96300;9629.0;2136.0;7493.0
96400;9548.0;2055.0;7493.0
96500;9521.0;2028.0;7493.0
96600;9521.0;2028.0;7493.0
96700;9668.0;2055.0;7613.0
96800;9575.0;2082.0;7493.0
96900;9619.0;2126.0;7493.0
97000;9646.0;2113.0;7533.0
97100;9712.0;2139.0;7573.0
97200;10092.0;2152.0;7940.0
97300;9711.5;2100.0;7611.5
97400;9331.0;2126.0;7205.0
97500;9773.0;2139.0;7634.0
97600;9877.0;2243.0;7634.0
97700;9656.0;2139.0;7517.0
97800;9890.0;2139.0;7751.0
97900;9799.0;2165.0;7634.0
98000;9824.0;2151.0;7673.0
98100;9739.0;2144.0;7595.0
98200;9873.5;2161.5;7712.0
98300;9863.0;2151.0;7712.0
98400;9352.5;2147.5;7205.0
98500;9870.0;2158.0;7712.0
98600;9940.0;2228.0;7712.0
98700;9812.0;2100.0;7712.0
98800;9883.5;2171.5;7712.0
98900;9878.0;2166.0;7712.0
99000;9811.0;2177.0;7634.0
99100;9928.5;2138.5;7790.0
99200;10084.0;2177.0;7907.0
99300;9961.5;2171.5;7790.0
99400;9956.0;2166.0;7790.0
99500;9978.0;2188.0;7790.0
99600;9978.0;2188.0;7790.0
99700;9861.0;2188.0;7673.0
99800;9890.0;2100.0;7790.0
99900;9978.0;2188.0;7790.0
100000;9889.0;2177.0;7712.0
100100;10118.0;2133.0;7985.0
100200;10027.0;2276.0;7751.0
100300;10034.0;2166.0;7868.0
100400;10067.0;2199.0;7868.0
100500;10056.0;2188.0;7868.0
100600;10056.0;2188.0;7868.0
100700;10056.0;2188.0;7868.0
100800;10189.5;2204.5;7985.0
100900;10056.0;2188.0;7868.0
101000;10106.0;2199.0;7907.0
101100;10262.0;2199.0;8063.0
101200;10869.5;2182.5;8687.0
101300;10156.0;2210.0;7946.0
101400;10233.0;2287.0;7946.0
101500;10145.0;2199.0;7946.0
101600;10134.0;2188.0;7946.0
101700;10145.0;2199.0;7946.0
101800;10161.5;2215.5;7946.0
101900;10145.0;2199.0;7946.0
102000;10184.0;2199.0;7985.0
102100;10212.0;2188.0;8024.0
102200;10062.0;2155.0;7907.0
102300;10095.0;2188.0;7907.0
102400;10212.0;2188.0;8024.0
102500;10212.0;2188.0;8024.0
102600;10356.5;2215.5;8141.0
102700;9606.0;2089.0;7517.0
102800;10084.0;2177.0;7907.0
102900;10190.0;2166.0;8024.0
103000;10240.0;2177.0;8063.0
103100;10290.0;2188.0;8102.0
103200;10290.0;2188.0;8102.0
103300;10268.0;2166.0;8102.0
103400;10279.0;2177.0;8102.0
103500;9859.0;2188.0;7671.0
103600;10288.0;2177.0;8111.0
103700;9786.0;2195.0;7591.0
103800;10297.0;2186.0;8111.0
103900;10297.0;2186.0;8111.0
104000;10335.0;2184.0;8151.0
104100;10382.0;2191.0;8191.0
104200;10361.0;2170.0;8191.0
104300;10391.0;2200.0;8191.0
104400;10377.0;2186.0;8191.0
104500;10377.0;2186.0;8191.0
104600;10374.0;2183.0;8191.0
104700;10377.0;2186.0;8191.0
104800;10382.0;2191.0;8191.0
104900;10375.0;2184.0;8191.0
105000;10417.0;2186.0;8231.0
105100;10457.0;2186.0;8271.0
105200;10441.0;2170.0;8271.0
105300;10455.0;2184.0;8271.0
105400;10321.0;2170.0;8151.0
105500;10339.0;2188.0;8151.0
105600;10579.0;2188.0;8391.0
105700;10459.0;2188.0;8271.0
105800;10337.0;2186.0;8151.0
105900;10502.5;2231.5;8271.0
106000;10544.0;2233.0;8311.0
106100;10070.0;2239.0;7831.0
106200;10707.0;2236.0;8471.0
106300;10587.0;2236.0;8351.0
106400;10563.0;2212.0;8351.0
106500;10587.0;2236.0;8351.0
106600;10467.0;2236.0;8231.0
106700;10747.0;2236.0;8511.0
106800;10587.0;2236.0;8351.0
106900;10590.0;2239.0;8351.0
107000;10669.0;2236.0;8433.0
107100;10812.0;2233.0;8579.0
107200;10723.5;2254.0;8469.5
107300;10723.5;2254.0;8469.5
107400;10833.0;2254.0;8579.0
107500;10723.5;2254.0;8469.5
107600;10723.5;2254.0;8469.5
107700;10614.0;2254.0;8360.0
107800;10723.5;2254.0;8469.5
107900;10833.0;2254.0;8579.0
108000;11271.0;2254.0;9017.0
108100;10796.5;2254.0;8542.5
108200;10796.5;2254.0;8542.5
108300;10796.5;2254.0;8542.5
108400;10796.5;2254.0;8542.5
108500;10796.5;2254.0;8542.5
108600;10796.5;2254.0;8542.5
108700;10796.5;2254.0;8542.5
108800;11161.5;2254.0;8907.5
108900;10796.5;2254.0;8542.5
109000;10942.5;2254.0;8688.5
109100;10869.5;2254.0;8615.5
109200;10869.5;2254.0;8615.5
109300;10869.5;2254.0;8615.5
109400;10869.5;2254.0;8615.5
109500;10869.5;2254.0;8615.5
109600;10869.5;2254.0;8615.5
109700;10869.5;2254.0;8615.5
109800;11234.5;2254.0;8980.5
109900;10869.5;2254.0;8615.5
110000;10906.0;2254.0;8652.0
110100;10942.5;2254.0;8688.5
110200;10942.5;2254.0;8688.5
110300;10942.5;2254.0;8688.5
110400;10942.5;2254.0;8688.5
110500;11417.0;2254.0;9163.0
110600;10942.5;2254.0;8688.5
110700;10942.5;2254.0;8688.5
110800;10942.5;2254.0;8688.5
110900;10249.0;2254.0;7995.0
111000;10979.0;2254.0;8725.0
111100;11015.5;2254.0;8761.5
111200;11015.5;2254.0;8761.5
111300;11015.5;2254.0;8761.5
111400;10906.0;2254.0;8652.0
111500;10541.0;2254.0;8287.0
111600;10941.0;2289.0;8652.0
111700;11050.5;2289.0;8761.5
111800;10946.0;2294.0;8652.0
111900;11530.0;2294.0;9236.0
112000;11092.0;2294.0;8798.0
112100;10646.5;2286.5;8360.0
112200;11019.0;2294.0;8725.0
112300;11111.0;2276.5;8834.5
112400;11133.5;2299.0;8834.5
112500;11113.5;2279.0;8834.5
112600;11136.0;2301.5;8834.5
112700;11113.5;2279.0;8834.5
112800;11128.5;2294.0;8834.5
112900;11019.0;2294.0;8725.0
113000;11162.5;2291.5;8871.0
113100;11311.0;2294.0;9017.0
113200;11201.5;2294.0;8907.5
113300;11201.5;2294.0;8907.5
113400;11246.5;2339.0;8907.5
113500;11316.0;2299.0;9017.0
113600;11895.0;2294.0;9601.0
113700;11206.5;2299.0;8907.5
113800;11201.5;2294.0;8907.5
113900;11206.5;2299.0;8907.5
114000;11243.0;2299.0;8944.0
114100;11287.0;2306.5;8980.5
114200;11279.5;2299.0;8980.5
114300;11269.5;2289.0;8980.5
114400;11274.5;2294.0;8980.5
114500;11274.5;2294.0;8980.5
114600;11274.5;2294.0;8980.5
114700;11300.5;2320.0;8980.5
114800;11300.5;2320.0;8980.5
114900;11292.5;2312.0;8980.5
115000;11317.0;2300.0;9017.0
115100;11828.0;2300.0;9528.0
115200;11365.5;2312.0;9053.5
115300;11365.5;2312.0;9053.5
115400;11365.5;2312.0;9053.5
115500;11475.0;2312.0;9163.0
115600;11341.5;2288.0;9053.5
115700;11377.5;2324.0;9053.5
115800;11483.0;2320.0;9163.0
115900;10911.0;2332.0;8579.0
116000;11402.0;2312.0;9090.0
116100;11502.5;2376.0;9126.5
116200;11550.5;2424.0;9126.5
116300;11518.5;2392.0;9126.5
116400;11534.5;2408.0;9126.5
116500;11620.0;2384.0;9236.0
116600;11534.5;2408.0;9126.5
116700;11518.5;2392.0;9126.5
116800;11425.0;2408.0;9017.0
116900;11502.5;2376.0;9126.5
117000;11555.0;2392.0;9163.0
117100;11615.5;2416.0;9199.5
117200;11607.5;2408.0;9199.5
117300;11693.0;2384.0;9309.0
117400;11607.5;2408.0;9199.5
117500;11127.0;2408.0;8719.0
117600;11792.0;2441.0;9351.0
117700;11647.5;2415.0;9232.5
117800;11634.5;2402.0;9232.5
117900;11634.5;2402.0;9232.5
118000;11674.0;2402.0;9272.0
118100;12056.0;2389.0;9667.0
118200;11700.5;2389.0;9311.5
118300;11700.5;2389.0;9311.5
118400;11700.5;2389.0;9311.5
118500;11700.5;2389.0;9311.5
118600;11700.5;2389.0;9311.5
118700;11819.0;2389.0;9430.0
118800;11681.0;2369.5;9311.5
118900;11582.0;2389.0;9193.0
119000;11740.0;2389.0;9351.0
119100;11779.5;2389.0;9390.5
119200;11792.5;2402.0;9390.5
119300;11661.0;2389.0;9272.0
119400;11779.5;2389.0;9390.5
119500;11898.0;2389.0;9509.0
119600;11675.5;2285.0;9390.5
119700;11279.0;2402.0;8877.0
119800;11812.0;2421.5;9390.5
119900;11805.5;2415.0;9390.5
120000;11754.0;2324.0;9430.0
120100;11926.0;2434.5;9491.5
120200;11906.5;2415.0;9491.5
120300;11729.0;2350.0;9379.0
120400;12019.0;2415.0;9604.0
120500;11794.0;2415.0;9379.0
120600;11906.5;2415.0;9491.5
120700;11893.5;2402.0;9491.5
120800;11893.5;2402.0;9491.5
120900;11893.5;2402.0;9491.5
121000;11931.0;2402.0;9529.0
121100;11729.0;2350.0;9379.0
121200;11843.0;2389.0;9454.0
121300;11955.5;2389.0;9566.5
121400;11843.0;2389.0;9454.0
121500;12118.0;2439.0;9679.0
121600;11965.5;2399.0;9566.5
121700;11977.5;2411.0;9566.5
121800;11973.5;2407.0;9566.5
121900;11973.5;2407.0;9566.5
122000;11334.0;2480.0;8854.0
122100;12118.5;2477.0;9641.5
122200;12120.5;2479.0;9641.5
122300;12153.5;2512.0;9641.5
122400;12153.5;2512.0;9641.5
122500;12160.5;2519.0;9641.5
122600;12176.5;2535.0;9641.5
122700;12185.5;2544.0;9641.5
122800;12183.5;2542.0;9641.5
122900;12185.5;2544.0;9641.5
123000;12223.0;2544.0;9679.0
123100;12260.5;2544.0;9716.5
123200;12373.0;2544.0;9829.0
123300;12359.0;2530.0;9829.0
123400;12260.5;2544.0;9716.5
123500;12264.5;2548.0;9716.5
123600;12262.5;2546.0;9716.5
123700;12375.0;2546.0;9829.0
123800;12373.0;2544.0;9829.0
123900;12260.5;2544.0;9716.5
124000;12300.0;2546.0;9754.0
124100;12337.5;2546.0;9791.5
124200;12450.0;2546.0;9904.0
124300;12337.5;2546.0;9791.5
124400;12339.5;2548.0;9791.5
124500;12349.5;2558.0;9791.5
124600;12353.5;2562.0;9791.5
124700;12241.0;2562.0;9679.0
124800;12351.5;2560.0;9791.5
124900;12466.0;2562.0;9904.0
125000;12207.5;2566.0;9641.5
125100;12545.0;2566.0;9979.0
125200;12432.5;2566.0;9866.5
125300;12416.5;2550.0;9866.5
125400;12428.5;2562.0;9866.5
125500;12547.0;2568.0;9979.0
125600;12432.5;2566.0;9866.5
125700;12316.0;2562.0;9754.0
125800;12316.0;2562.0;9754.0
125900;12460.5;2594.0;9866.5
126000;12586.5;2570.0;10016.5
126100;12493.5;2552.0;9941.5
126200;12493.5;2552.0;9941.5
126300;12539.5;2598.0;9941.5
126400;12541.5;2600.0;9941.5
126500;12583.5;2642.0;9941.5
126600;12471.0;2642.0;9829.0
126700;12712.0;2658.0;10054.0
126800;12483.0;2541.5;9941.5
126900;12598.5;2657.0;9941.5
127000;12523.5;2657.0;9866.5
127100;12862.5;2846.0;10016.5
127200;13017.0;2888.0;10129.0
127300;12663.0;2646.5;10016.5
127400;12571.5;2667.5;9904.0
127500;12568.5;2552.0;10016.5
127600;12694.5;2678.0;10016.5
127700;12582.0;2678.0;9904.0
127800;12738.5;2705.5;10033.0
127900;12729.0;2696.0;10033.0
128000;12768.0;2696.0;10072.0
128100;12328.5;2724.5;9604.0
128200;12300.0;2696.0;9604.0
128300;12807.0;2696.0;10111.0
128400;12281.0;2677.0;9604.0
128500;12807.0;2696.0;10111.0
128600;12807.0;2696.0;10111.0
128700;12807.0;2696.0;10111.0
128800;12807.0;2696.0;10111.0
128900;12924.0;2696.0;10228.0
129000;13115.0;2848.0;10267.0
129100;12866.0;2677.0;10189.0
129200;12932.5;2743.5;10189.0
129300;12894.5;2705.5;10189.0
129400;12866.0;2677.0;10189.0
129500;12817.5;2724.5;10093.0
129600;12427.0;2639.0;9788.0
129700;12905.0;2677.0;10228.0
129800;12886.0;2658.0;10228.0
129900;12954.0;2726.0;10228.0
130000;12384.0;2676.0;9708.0
130100;13354.0;2686.0;10668.0
130200;13114.0;2686.0;10428.0
130300;12460.0;2712.0;9748.0
130400;12244.0;2696.0;9548.0
130500;13012.0;2704.0;10308.0
130600;13008.0;2700.0;10308.0
130700;12996.0;2688.0;10308.0
130800;12880.0;2692.0;10188.0
130900;13004.0;2696.0;10308.0
131000;12907.0;2759.0;10148.0
131100;13168.0;2758.0;10410.0
131200;13169.0;2759.0;10410.0
131300;13169.0;2759.0;10410.0
131400;13182.0;2772.0;10410.0
131500;13183.5;2773.5;10410.0
131600;13185.0;2775.0;10410.0
131700;13068.0;2772.0;10296.0
131800;13066.5;2770.5;10296.0
131900;13293.0;2769.0;10524.0
132000;13221.5;2773.5;10448.0
132100;13261.0;2775.0;10486.0
132200;13256.5;2770.5;10486.0
132300;13375.0;2775.0;10600.0
132400;13376.0;2776.0;10600.0
132500;13272.0;2786.0;10486.0
132600;13160.0;2788.0;10372.0
132700;13272.0;2786.0;10486.0
132800;13276.0;2790.0;10486.0
132900;13274.0;2788.0;10486.0
133000;13691.0;2787.0;10904.0
133100;13350.0;2788.0;10562.0
133200;13464.0;2788.0;10676.0
133300;13350.0;2788.0;10562.0
133400;13350.0;2788.0;10562.0
133500;13352.0;2790.0;10562.0
133600;12632.0;2792.0;9840.0
133700;13352.0;2790.0;10562.0
133800;13351.0;2789.0;10562.0
133900;13342.0;2780.0;10562.0
134000;13387.0;2787.0;10600.0
134100;13429.0;2791.0;10638.0
134200;13424.0;2786.0;10638.0
134300;13426.0;2788.0;10638.0
134400;12934.0;2790.0;10144.0
134500;13428.0;2790.0;10638.0
134600;13542.0;2790.0;10752.0
134700;13431.0;2793.0;10638.0
134800;13428.0;2790.0;10638.0
134900;13444.0;2806.0;10638.0
135000;13466.0;2790.0;10676.0
135100;13504.0;2790.0;10714.0
135200;13618.0;2790.0;10828.0
135300;13504.0;2790.0;10714.0
135400;13505.0;2791.0;10714.0
135500;13886.0;2792.0;11094.0
135600;13498.0;2784.0;10714.0
135700;13507.0;2793.0;10714.0
135800;13392.0;2792.0;10600.0
135900;13392.0;2792.0;10600.0
136000;13544.0;2792.0;10752.0
136100;13582.0;2792.0;10790.0
136200;13598.0;2808.0;10790.0
136300;13468.0;2792.0;10676.0
136400;13467.0;2791.0;10676.0
136500;13587.0;2797.0;10790.0
136600;13579.0;2789.0;10790.0
136700;13582.0;2792.0;10790.0
136800;13596.0;2806.0;10790.0
136900;13578.0;2788.0;10790.0
137000;13620.0;2792.0;10828.0
137100;13656.0;2790.0;10866.0
137200;13772.0;2792.0;10980.0
137300;13658.0;2792.0;10866.0
137400;13658.0;2792.0;10866.0
137500;13658.0;2792.0;10866.0
137600;13544.0;2792.0;10752.0
137700;13800.5;2820.5;10980.0
137800;13688.0;2822.0;10866.0
137900;13689.5;2823.5;10866.0
138000;13725.5;2821.5;10904.0
138100;13764.0;2822.0;10942.0
138200;13764.0;2822.0;10942.0
138300;13651.0;2823.0;10828.0
138400;13764.0;2822.0;10942.0
138500;13764.5;2822.5;10942.0
138600;13660.0;2832.0;10828.0
138700;14257.0;2821.0;11436.0
138800;13764.5;2822.5;10942.0
138900;13647.5;2819.5;10828.0
139000;13916.0;2822.0;11094.0
139100;13840.0;2822.0;11018.0
139200;13724.0;2820.0;10904.0
139300;13838.0;2820.0;11018.0
139400;13816.0;2912.0;10904.0
139500;14019.0;2887.0;11132.0
139600;13801.0;2897.0;10904.0
139700;13930.0;2912.0;11018.0
139800;14394.0;2882.0;11512.0
139900;14057.0;2887.0;11170.0
140000;14033.0;2977.0;11056.0
140100;13991.0;2897.0;11094.0
140200;13986.0;2892.0;11094.0
140300;13991.0;2897.0;11094.0
140400;13862.0;2882.0;10980.0
140500;14371.0;2897.0;11474.0
140600;14490.0;2902.0;11588.0
140700;13981.0;2887.0;11094.0
140800;13857.0;2877.0;10980.0
140900;13867.0;2887.0;10980.0
141000;14009.0;2877.0;11132.0
141100;14007.0;2837.0;11170.0
141200;14057.0;2887.0;11170.0
141300;14047.0;2877.0;11170.0
141400;13857.0;2877.0;10980.0
141500;14057.0;2887.0;11170.0
141600;14057.0;2887.0;11170.0
141700;14072.0;2902.0;11170.0
141800;13943.0;2887.0;11056.0
141900;14057.0;2887.0;11170.0
142000;14223.0;2901.0;11322.0
142100;14129.0;2883.0;11246.0
142200;14075.0;2943.0;11132.0
142300;14531.0;2943.0;11588.0
142400;14189.0;2943.0;11246.0
142500;14102.0;2970.0;11132.0
142600;14216.0;2970.0;11246.0
142700;14189.0;2943.0;11246.0
142800;14189.0;2943.0;11246.0
142900;14216.0;2970.0;11246.0
143000;14254.0;2970.0;11284.0
143100;14616.0;2952.0;11664.0
143200;14265.0;2943.0;11322.0
143300;14265.0;2943.0;11322.0
143400;14523.0;3087.0;11436.0
143500;14379.0;2943.0;11436.0
143600;14283.0;2961.0;11322.0
143700;14153.5;2831.5;11322.0
143800;14303.0;2981.0;11322.0
143900;13533.0;2705.0;10828.0
144000;14204.0;2958.0;11246.0
144100;14365.0;3119.0;11246.0
144200;14333.0;2935.0;11398.0
144300;14789.0;2935.0;11854.0
144400;14333.0;2935.0;11398.0
144500;14447.0;2935.0;11512.0
144600;14356.0;2958.0;11398.0
144700;-908660.5;2923.5;-911584.0
144800;14470.0;2958.0;11512.0
144900;14333.0;2935.0;11398.0
145000;14257.0;2935.0;11322.0
145100;14432.0;2958.0;11474.0
145200;14351.5;2877.5;11474.0
145300;14432.0;2958.0;11474.0
145400;14926.0;2958.0;11968.0
145500;14432.0;2958.0;11474.0
145600;14432.0;2958.0;11474.0
145700;13938.0;2958.0;10980.0
145800;14409.0;2935.0;11474.0
145900;14409.0;2935.0;11474.0
146000;14321.5;2923.5;11398.0
146100;14508.0;2958.0;11550.0
146200;14485.0;2935.0;11550.0
146300;14587.5;2923.5;11664.0
146400;14508.0;2958.0;11550.0
146500;14473.5;2923.5;11550.0
146600;14485.0;2935.0;11550.0
146700;14550.0;3000.0;11550.0
146800;15027.0;2983.0;12044.0
146900;14533.0;2983.0;11550.0
147000;14605.0;3017.0;11588.0
147100;14842.0;3102.0;11740.0
147200;14170.0;2966.0;11204.0
147300;14627.0;2983.0;11644.0
147400;14866.0;3102.0;11764.0
147500;14610.0;2966.0;11644.0
147600;14610.0;2966.0;11644.0
147700;14490.0;2966.0;11524.0
147800;14610.0;2966.0;11644.0
147900;14610.0;2966.0;11644.0
148000;14770.0;2966.0;11804.0
148100;14707.0;2983.0;11724.0
148200;14741.0;3017.0;11724.0
148300;14741.0;3017.0;11724.0
148400;14621.0;3017.0;11604.0
148500;14783.5;3059.5;11724.0
148600;14724.0;3000.0;11724.0
148700;14698.5;2974.5;11724.0
148800;14707.0;2983.0;11724.0
148900;14724.0;3000.0;11724.0
149000;15298.5;2974.5;12324.0
149100;14695.5;2891.5;11804.0
149200;14302.0;3018.0;11284.0
149300;14919.0;2995.0;11924.0
149400;14822.0;3018.0;11804.0
149500;14952.0;3148.0;11804.0
149600;14882.0;3078.0;11804.0
149700;14889.0;3085.0;11804.0
149800;14910.0;3106.0;11804.0
149900;14889.0;3085.0;11804.0
150000;15049.0;3085.0;11964.0
150100;14955.0;3071.0;11884.0
150200;15075.0;3071.0;12004.0
150300;14230.0;3106.0;11124.0
150400;14969.0;3085.0;11884.0
150500;14449.0;3085.0;11364.0
150600;15150.0;3106.0;12044.0
150700;14913.0;3029.0;11884.0
150800;14955.0;3071.0;11884.0
150900;14849.0;3085.0;11764.0
151000;14889.0;3085.0;11804.0
151100;15049.0;3085.0;11964.0
151200;15063.0;3099.0;11964.0
151300;15049.0;3085.0;11964.0
151400;-124965.0;-136929.0;11964.0
151500;14943.0;3099.0;11844.0
151600;15169.0;3085.0;12084.0
151700;14929.0;3085.0;11844.0
151800;15562.0;3078.0;12484.0
151900;15063.0;3099.0;11964.0
152000;14983.0;3099.0;11884.0
152100;15143.0;3099.0;12044.0
152200;15143.0;3099.0;12044.0
152300;15143.0;3099.0;12044.0
152400;15129.0;3085.0;12044.0
152500;15136.0;3092.0;12044.0
152600;15157.0;3113.0;12044.0
152700;15178.0;3134.0;12044.0
152800;15058.0;3134.0;11924.0
152900;15352.0;3148.0;12204.0
153000;15750.0;3106.0;12644.0
153100;15265.0;3141.0;12124.0
153200;15286.0;3162.0;12124.0
153300;15267.0;3143.0;12124.0
153400;15248.0;3124.0;12124.0
153500;15267.0;3143.0;12124.0
153600;15438.0;3314.0;12124.0
153700;15286.0;3162.0;12124.0
153800;15286.0;3162.0;12124.0
153900;15324.0;3200.0;12124.0
154000;15307.0;3143.0;12164.0
154100;14846.0;3162.0;11684.0
154200;15347.0;3143.0;12204.0
154300;15735.5;3171.5;12564.0
154400;15347.0;3143.0;12204.0
154500;15394.5;3190.5;12204.0
154600;14862.0;3178.0;11684.0
154700;15130.0;2926.0;12204.0
154800;15340.0;3136.0;12204.0
154900;15392.5;3188.5;12204.0
155000;15401.0;3157.0;12244.0
155100;15822.0;3178.0;12644.0
155200;15462.0;3178.0;12284.0
155300;15892.0;3248.0;12644.0
155400;15532.0;3248.0;12284.0
155500;15574.0;3290.0;12284.0
155600;15461.5;3297.5;12164.0
155700;16043.0;3359.0;12684.0
155800;15266.5;3382.5;11884.0
155900;15837.0;3393.0;12444.0
156000;15834.0;3390.0;12444.0
156100;15757.0;3393.0;12364.0
156200;15763.0;3399.0;12364.0
156300;15760.0;3396.0;12364.0
156400;15784.0;3420.0;12364.0
156500;15877.0;3393.0;12484.0
156600;15763.0;3399.0;12364.0
156700;15763.0;3399.0;12364.0
156800;15763.0;3399.0;12364.0
156900;15752.5;3388.5;12364.0
157000;15806.0;3402.0;12404.0
157100;15963.0;3399.0;12564.0
157200;15846.0;3402.0;12444.0
157300;15843.0;3399.0;12444.0
157400;15844.5;3400.5;12444.0
157500;15843.0;3399.0;12444.0
157600;15843.0;3399.0;12444.0
157700;15819.0;3375.0;12444.0
157800;15843.0;3399.0;12444.0
157900;15992.5;3388.5;12604.0
158000;15979.0;3375.0;12604.0
158100;15760.0;3396.0;12364.0
158200;15835.0;3431.0;12404.0
158300;15959.0;3435.0;12524.0
158400;15943.0;3419.0;12524.0
158500;15947.0;3423.0;12524.0
158600;15835.0;3431.0;12404.0
158700;15939.0;3415.0;12524.0
158800;15947.0;3423.0;12524.0
158900;16107.0;3423.0;12684.0
159000;15867.0;3423.0;12444.0
159100;16011.0;3407.0;12604.0
159200;16027.0;3423.0;12604.0
159300;16015.0;3411.0;12604.0
159400;16015.0;3411.0;12604.0
159500;16027.0;3423.0;12604.0
159600;16027.0;3423.0;12604.0
159700;16143.0;3419.0;12724.0
159800;16003.0;3399.0;12604.0
159900;16027.0;3423.0;12604.0
160000;16059.0;3415.0;12644.0
160100;16111.0;3427.0;12684.0
160200;16019.0;3335.0;12684.0
160300;16227.0;3423.0;12804.0
160400;15987.0;3423.0;12564.0
160500;16267.0;3423.0;12844.0
160600;16107.0;3423.0;12684.0
160700;16107.0;3423.0;12684.0
160800;16115.0;3431.0;12684.0
160900;16115.0;3431.0;12684.0
161000;16155.0;3431.0;12724.0
161100;16195.0;3431.0;12764.0
161200;16195.0;3431.0;12764.0
161300;16195.0;3431.0;12764.0
161400;16195.0;3431.0;12764.0
161500;16187.0;3423.0;12764.0
161600;16187.0;3423.0;12764.0
161700;16199.0;3435.0;12764.0
161800;16187.0;3423.0;12764.0
161900;16187.0;3423.0;12764.0
162000;16211.0;3407.0;12804.0
162100;16259.0;3415.0;12844.0
162200;16379.0;3415.0;12964.0
162300;16235.0;3391.0;12844.0
162400;15731.0;3407.0;12324.0
162500;16315.0;3471.0;12844.0
162600;16243.0;3399.0;12844.0
162700;16251.0;3407.0;12844.0
162800;16135.0;3411.0;12724.0
162900;16131.0;3407.0;12724.0
163000;16279.0;3395.0;12884.0
163100;16331.0;3407.0;12924.0
163200;16199.0;3395.0;12804.0
163300;16451.0;3407.0;13044.0
163400;16323.0;3399.0;12924.0
163500;16323.0;3399.0;12924.0
163600;16339.0;3415.0;12924.0
163700;16339.0;3415.0;12924.0
163800;16339.0;3415.0;12924.0
163900;16219.0;3415.0;12804.0
164000;16371.0;3407.0;12964.0
164100;16779.0;3415.0;13364.0
164200;15867.0;3423.0;12444.0
164300;16427.0;3423.0;13004.0
164400;16427.0;3423.0;13004.0
164500;16427.0;3423.0;13004.0
164600;16427.0;3423.0;13004.0
164700;16431.0;3427.0;13004.0
164800;16419.0;3415.0;13004.0
164900;16423.0;3419.0;13004.0
165000;16475.0;3431.0;13044.0
165100;16515.0;3431.0;13084.0
165200;16579.0;3495.0;13084.0
165300;16670.0;3466.0;13204.0
165400;16017.0;3453.0;12564.0
165500;16496.5;3532.5;12964.0
165600;16562.5;3478.5;13084.0
165700;16398.0;3474.0;12924.0
165800;16558.0;3474.0;13084.0
165900;16562.5;3478.5;13084.0
166000;16478.0;3474.0;13004.0
166100;16645.0;3481.0;13164.0
166200;16637.5;3473.5;13164.0
166300;17150.0;3466.0;13684.0
166400;16505.0;3461.0;13044.0
166500;16630.0;3466.0;13164.0
166600;16630.0;3466.0;13164.0
166700;16630.0;3466.0;13164.0
166800;16630.0;3466.0;13164.0
166900;16590.0;3426.0;13164.0
167000;16665.0;3461.0;13204.0
167100;16715.0;3471.0;13244.0
167200;16707.5;3463.5;13244.0
167300;16710.0;3466.0;13244.0
167400;16710.0;3466.0;13244.0
167500;16720.0;3476.0;13244.0
167600;16710.0;3466.0;13244.0
167700;16702.5;3458.5;13244.0
167800;16710.0;3466.0;13244.0
167900;16710.0;3466.0;13244.0
168000;16750.0;3466.0;13284.0
168100;16845.0;3521.0;13324.0
168200;17302.5;3458.5;13844.0
168300;16792.5;3468.5;13324.0
168400;16665.0;3461.0;13204.0
168500;16665.0;3461.0;13204.0
168600;16665.0;3461.0;13204.0
168700;16785.0;3461.0;13324.0
168800;16905.0;3461.0;13444.0
168900;16790.0;3466.0;13324.0
169000;16825.0;3461.0;13364.0
169100;16865.0;3461.0;13404.0
169200;16872.5;3468.5;13404.0
169300;16865.0;3461.0;13404.0
169400;16990.0;3466.0;13524.0
169500;16873.0;3469.0;13404.0
169600;16873.0;3469.0;13404.0
169700;16873.0;3469.0;13404.0
169800;16873.0;3469.0;13404.0
169900;16474.5;3470.5;13004.0
170000;16916.0;3472.0;13444.0
170100;16956.0;3472.0;13484.0
170200;17473.0;3469.0;14004.0
170300;16885.0;3472.0;13413.0
170400;16520.0;3472.0;13048.0
170500;17358.0;3470.5;13887.5
170600;16991.5;3469.0;13522.5
170700;16991.5;3469.0;13522.5
170800;16967.5;3445.0;13522.5
170900;16991.5;3469.0;13522.5
171000;17028.0;3469.0;13559.0
171100;16915.5;3466.0;13449.5
171200;17172.5;3467.5;13705.0
171300;17091.5;3496.0;13595.5
171400;17168.0;3463.0;13705.0
171500;16659.0;3472.0;13187.0
171600;17117.0;3490.0;13627.0
171700;17093.0;3466.0;13627.0
171800;17093.0;3466.0;13627.0
171900;17256.0;3469.0;13787.0
172000;17139.0;3472.0;13667.0
172100;17173.0;3466.0;13707.0
172200;16653.0;3466.0;13187.0
172300;17173.0;3466.0;13707.0
172400;17293.0;3466.0;13827.0
172500;17170.0;3463.0;13707.0
172600;17170.0;3463.0;13707.0
172700;17718.0;3491.0;14227.0
172800;17198.0;3491.0;13707.0
172900;17351.0;3484.0;13867.0
173000;17238.0;3491.0;13747.0
173100;17139.0;3512.0;13627.0
173200;17278.0;3491.0;13787.0
173300;17384.0;3477.0;13907.0
173400;17267.5;3480.5;13787.0
173500;17158.0;3491.0;13667.0
173600;17334.0;3547.0;13787.0
173700;16765.0;3498.0;13267.0
173800;17285.0;3498.0;13787.0
173900;17165.0;3498.0;13667.0
174000;17852.0;3505.0;14347.0
174100;17354.5;3487.5;13867.0
174200;17899.0;3512.0;14387.0
174300;16838.0;3491.0;13347.0
174400;17492.0;3505.0;13987.0
174500;16852.0;3505.0;13347.0
174600;17485.0;3498.0;13987.0
174700;17372.0;3505.0;13867.0
174800;17336.0;3469.0;13867.0
174900;17371.0;3504.0;13867.0
175000;17806.0;3499.0;14307.0
175100;17446.0;3499.0;13947.0
175200;17446.0;3499.0;13947.0
175300;17446.0;3499.0;13947.0
175400;17451.0;3504.0;13947.0
175500;17451.0;3504.0;13947.0
175600;17246.0;3419.0;13827.0
175700;17586.0;3519.0;14067.0
175800;17471.0;3524.0;13947.0
175900;17456.0;3509.0;13947.0
176000;18071.0;3524.0;14547.0
176100;17536.0;3509.0;14027.0
176200;17546.0;3519.0;14027.0
176300;17536.0;3509.0;14027.0
176400;17566.0;3539.0;14027.0
176500;17536.0;3509.0;14027.0
176600;17536.0;3509.0;14027.0
176700;17246.0;3499.0;13747.0
176800;17536.0;3509.0;14027.0
176900;17416.0;3509.0;13907.0
177000;17696.0;3509.0;14187.0
177100;17736.0;3509.0;14227.0
177200;17696.0;3589.0;14107.0
177300;17626.0;3519.0;14107.0
177400;17646.0;3419.0;14227.0
177500;17591.0;3484.0;14107.0
177600;17596.0;3489.0;14107.0
177700;17666.0;3559.0;14107.0
177800;17666.0;3559.0;14107.0
177900;17826.0;3559.0;14267.0
178000;17706.0;3559.0;14147.0
178100;17746.0;3559.0;14187.0
178200;17306.0;3559.0;13747.0
178300;17746.0;3559.0;14187.0
178400;17746.0;3559.0;14187.0
178500;17626.0;3559.0;14067.0
178600;17746.0;3559.0;14187.0
178700;17746.0;3559.0;14187.0
178800;17746.0;3559.0;14187.0
178900;17746.0;3559.0;14187.0
179000;17786.0;3559.0;14227.0
179100;18306.0;3559.0;14747.0
179200;17826.0;3559.0;14267.0
179300;17626.0;3559.0;14067.0
179400;17826.0;3559.0;14267.0
179500;17826.0;3559.0;14267.0
179600;17826.0;3559.0;14267.0
179700;17686.0;3539.0;14147.0
179800;17822.0;3555.0;14267.0
179900;17814.0;3547.0;14267.0
180000;17854.0;3547.0;14307.0
180100;17894.0;3547.0;14347.0
180200;17894.0;3547.0;14347.0
180300;18410.0;3543.0;14867.0
180400;17894.0;3547.0;14347.0
180500;17922.0;3575.0;14347.0
180600;18410.0;3543.0;14867.0
180700;17890.0;3543.0;14347.0
180800;17772.0;3545.0;14227.0
180900;17894.0;3547.0;14347.0
181000;17940.0;3553.0;14387.0
181100;17974.0;3547.0;14427.0
181200;18102.0;3555.0;14547.0
181300;17976.0;3549.0;14427.0
181400;17982.0;3555.0;14427.0
181500;17978.0;3551.0;14427.0
181600;17990.0;3563.0;14427.0
181700;17992.0;3565.0;14427.0
181800;17992.0;3565.0;14427.0
181900;18156.0;3569.0;14587.0
182000;17472.0;3565.0;13907.0
182100;18194.0;3567.0;14627.0
182200;17954.0;3567.0;14387.0
182300;18074.0;3567.0;14507.0
182400;18072.0;3565.0;14507.0
182500;17952.0;3565.0;14387.0
182600;18074.0;3567.0;14507.0
182700;18113.5;3606.5;14507.0
182800;18656.0;3629.0;15027.0
182900;17355.0;3608.0;13747.0
183000;18269.0;3602.0;14667.0
183100;18189.0;3602.0;14587.0
183200;18189.0;3602.0;14587.0
183300;18069.0;3602.0;14467.0
183400;17672.0;3605.0;14067.0
183500;18186.0;3599.0;14587.0
183600;18186.0;3599.0;14587.0
183700;18186.0;3599.0;14587.0
183800;18066.0;3599.0;14467.0
183900;18073.5;3606.5;14467.0
184000;18784.5;3597.5;15187.0
184100;18276.5;3609.5;14667.0
184200;18254.0;3587.0;14667.0
184300;18267.5;3600.5;14667.0
184400;18069.0;3602.0;14467.0
184500;18389.0;3602.0;14787.0
184600;18272.0;3605.0;14667.0
184700;18270.5;3603.5;14667.0
184800;18164.0;3617.0;14547.0
184900;18796.0;3609.0;15187.0
185000;18324.0;3617.0;14707.0
185100;18476.5;3609.5;14867.0
185200;18473.5;3606.5;14867.0
185300;18355.0;3608.0;14747.0
185400;18356.5;3609.5;14747.0
185500;18755.0;3608.0;15147.0
185600;18354.0;3607.0;14747.0
185700;18354.0;3607.0;14747.0
185800;18354.0;3607.0;14747.0
185900;18425.0;3678.0;14747.0
186000;18456.0;3669.0;14787.0
186100;18505.0;3678.0;14827.0
186200;18625.0;3678.0;14947.0
186300;19025.0;3678.0;15347.0
186400;17713.5;3646.5;14067.0
186500;18385.0;3678.0;14707.0
186600;18496.0;3669.0;14827.0
186700;18448.0;3741.0;14707.0
186800;18524.0;3697.0;14827.0
186900;18543.5;3716.5;14827.0
187000;18564.0;3697.0;14867.0
187100;18500.0;3593.0;14907.0
187200;18630.0;3723.0;14907.0
187300;18485.0;3698.0;14787.0
187400;18585.0;3678.0;14907.0
187500;18475.0;3688.0;14787.0
187600;18605.0;3698.0;14907.0
187700;18595.0;3688.0;14907.0
187800;18695.0;3668.0;15027.0
187900;19120.0;3693.0;15427.0
188000;18505.0;3678.0;14827.0
188100;19415.0;3668.0;15747.0
188200;18225.0;3678.0;14547.0
188300;18655.0;3668.0;14987.0
188400;18765.0;3778.0;14987.0
188500;18645.0;3658.0;14987.0
188600;18785.0;3678.0;15107.0
188700;18535.0;3668.0;14867.0
188800;18540.0;3673.0;14867.0
188900;18640.0;3653.0;14987.0
189000;18135.0;3668.0;14467.0
189100;18855.0;3668.0;15187.0
189200;18700.0;3633.0;15067.0
189300;18625.0;3558.0;15067.0
189400;19595.0;3768.0;15827.0
189500;18845.0;3658.0;15187.0
189600;18855.0;3668.0;15187.0
189700;19187.5;3600.5;15587.0
189800;18750.0;3683.0;15067.0
189900;18612.5;3705.5;14907.0
190000;18887.5;3660.5;15227.0
190100;18830.0;3683.0;15147.0
190200;18807.5;3660.5;15147.0
190300;18830.0;3683.0;15147.0
190400;18836.0;3689.0;15147.0
190500;18830.0;3683.0;15147.0
190600;18848.0;3701.0;15147.0
190700;18848.0;3701.0;15147.0
190800;18728.0;3701.0;15027.0
190900;18848.0;3701.0;15147.0
191000;18900.0;3713.0;15187.0
191100;18940.0;3713.0;15227.0
191200;18934.0;3707.0;15227.0
191300;18928.0;3701.0;15227.0
191400;18928.0;3701.0;15227.0
191500;18928.0;3701.0;15227.0
191600;18928.0;3701.0;15227.0
191700;-956380.0;3713.0;-960093.0
191800;18820.0;3713.0;15107.0
191900;18980.0;3713.0;15267.0
192000;18968.0;3701.0;15267.0
192100;18996.0;3689.0;15307.0
192200;18900.0;3713.0;15187.0
192300;19128.0;3701.0;15427.0
192400;19020.0;3713.0;15307.0
192500;19008.0;3701.0;15307.0
192600;19214.0;3787.0;15427.0
192700;18944.0;3757.0;15187.0
192800;19064.0;3757.0;15307.0
192900;19174.0;3827.0;15347.0
193000;19044.0;3817.0;15227.0
193100;19219.0;3832.0;15387.0
193200;19214.0;3827.0;15387.0
193300;19246.5;3859.5;15387.0
193400;19174.0;3787.0;15387.0
193500;19219.0;3832.0;15387.0
193600;19219.0;3832.0;15387.0
193700;19226.5;3839.5;15387.0
193800;19219.0;3832.0;15387.0
193900;19379.0;3832.0;15547.0
194000;19146.5;3839.5;15307.0
194100;19306.5;3839.5;15467.0
194200;19304.0;3837.0;15467.0
194300;19286.5;3819.5;15467.0
194400;19819.0;3832.0;15987.0
194500;-30726.0;-46193.0;15467.0
194600;19299.0;3832.0;15467.0
194700;19186.5;3839.5;15347.0
194800;19304.0;3837.0;15467.0
194900;18904.0;3837.0;15067.0
195000;19466.5;3839.5;15627.0
195100;19384.0;3837.0;15547.0
195200;19391.5;3844.5;15547.0
195300;19384.0;3837.0;15547.0
195400;19390.5;3843.5;15547.0
195500;19777.0;3830.0;15947.0
195600;19380.0;3833.0;15547.0
195700;19377.0;3830.0;15547.0
195800;19383.0;3836.0;15547.0
195900;19092.5;3825.5;15267.0
196000;19418.5;3831.5;15587.0
196100;19583.0;3836.0;15747.0
196200;19980.0;3833.0;16147.0
196300;19460.0;3833.0;15627.0
196400;19451.0;3824.0;15627.0
196500;19466.0;3839.0;15627.0
196600;19460.0;3833.0;15627.0
196700;19175.5;3828.5;15347.0
196800;19451.0;3824.0;15627.0
196900;19452.0;3825.0;15627.0
197000;19373.5;3826.5;15547.0
197100;19533.0;3826.0;15707.0
197200;19532.5;3825.5;15707.0
197300;19716.0;3889.0;15827.0
197400;19726.0;3899.0;15827.0
197500;19606.0;3899.0;15707.0
197600;19716.0;3889.0;15827.0
197700;19616.0;3909.0;15707.0
197800;19486.0;3899.0;15587.0
197900;19526.0;3819.0;15707.0
198000;19686.0;3819.0;15867.0
198100;19676.0;3889.0;15787.0
198200;19695.0;3908.0;15787.0
198300;19794.0;3887.0;15907.0
198400;19560.0;3893.0;15667.0
198500;19145.0;3878.0;15267.0
198600;19641.0;3854.0;15787.0
198700;19668.0;3881.0;15787.0
198800;19740.0;3833.0;15907.0
198900;19548.0;3881.0;15667.0
199000;19636.0;3929.0;15707.0
199100;19796.0;3929.0;15867.0
199200;19754.0;3887.0;15867.0
199300;19625.0;3878.0;15747.0
199400;19772.5;3878.0;15894.5
199500;19781.5;3887.0;15894.5
199600;19787.5;3893.0;15894.5
199700;19894.0;3887.0;16007.0
199800;19888.0;3881.0;16007.0
199900;19829.5;3935.0;15894.5
200000;19813.0;3881.0;15932.0
200100;19873.0;3941.0;15932.0
200200;19892.5;3923.0;15969.5
200300;20087.0;4005.0;16082.0
200400;19876.0;4019.0;15857.0
200500;19998.5;4029.0;15969.5
200600;19955.5;3986.0;15969.5
200700;20020.5;4051.0;15969.5
200800;20020.5;4051.0;15969.5
200900;20020.5;4051.0;15969.5
201000;20170.5;4051.0;16119.5
201100;19945.5;4051.0;15894.5
201200;20095.5;4051.0;16044.5
201300;20095.5;4051.0;16044.5
201400;19608.0;4051.0;15557.0
201500;-80057.0;-95989.0;15932.0
201600;20105.5;4061.0;16044.5
201700;20012.0;4080.0;15932.0
201800;20152.5;4108.0;16044.5
201900;20070.5;4101.0;15969.5
202000;20169.0;4087.0;16082.0
202100;20148.0;4066.0;16082.0
202200;20115.0;4108.0;16007.0
202300;20206.5;4087.0;16119.5
202400;19982.0;3975.0;16007.0
202500;20136.5;4017.0;16119.5
202600;20080.0;4073.0;16007.0
202700;20206.5;4087.0;16119.5
202800;20192.5;4073.0;16119.5
202900;20230.0;4073.0;16157.0
203000;19930.0;4073.0;15857.0
203100;20342.0;4185.0;16157.0
203200;20755.0;4073.0;16682.0
203300;20401.0;4094.0;16307.0
203400;19780.0;4073.0;15707.0
203500;20656.5;4087.0;16569.5
203600;19780.0;4073.0;15707.0
203700;20141.5;3947.0;16194.5
203800;20254.0;3947.0;16307.0
203900;20270.0;4038.0;16232.0
204000;20291.0;4059.0;16232.0
204100;20277.0;4045.0;16232.0
204200;21027.0;4045.0;16982.0
204300;20427.0;4045.0;16382.0
204400;20314.5;4045.0;16269.5
204500;20328.5;4059.0;16269.5
204600;20356.0;4059.0;16297.0
204700;20229.0;4052.0;16177.0
204800;20356.0;4059.0;16297.0
204900;20396.0;4059.0;16337.0
205000;20375.0;4038.0;16337.0
205100;20396.0;4059.0;16337.0
205200;20556.0;4059.0;16497.0
205300;20422.0;4045.0;16377.0
205400;20436.0;4059.0;16377.0
205500;20443.0;4066.0;16377.0
205600;20568.0;4071.0;16497.0
205700;20336.0;4079.0;16257.0
205800;20464.0;4087.0;16377.0
205900;20480.0;4063.0;16417.0
206000;21000.0;4063.0;16937.0
206100;20360.0;4063.0;16297.0
206200;20536.0;4079.0;16457.0
206300;20548.0;3971.0;16577.0
206400;20404.0;4067.0;16337.0
206500;20440.0;4103.0;16337.0
206600;20585.0;4128.0;16457.0
206700;20827.0;4250.0;16577.0
206800;20577.0;4120.0;16457.0
206900;20070.0;4133.0;15937.0
207000;20630.0;4133.0;16497.0
207100;20682.0;4185.0;16497.0
207200;20644.0;4107.0;16537.0
207300;21164.0;4107.0;17057.0
207400;20644.0;4107.0;16537.0
207500;20660.5;4107.0;16553.5
207600;20776.0;4107.0;16669.0
207700;20660.5;4107.0;16553.5
207800;20868.5;4315.0;16553.5
207900;20673.0;4081.0;16592.0
208000;20557.5;4081.0;16476.5
208100;20788.5;4081.0;16707.5
208200;20503.5;3873.0;16630.5
208300;21212.0;4081.0;17131.0
208400;20529.5;3899.0;16630.5
208500;20711.5;4081.0;16630.5
208600;20570.0;4055.0;16515.0
208700;20711.5;4081.0;16630.5
208800;20685.5;4055.0;16630.5
208900;20662.5;4109.0;16553.5
209000;20886.0;4217.0;16669.0
209100;20778.0;4109.0;16669.0
209200;20852.5;4145.0;16707.5
209300;20798.5;4091.0;16707.5
209400;20426.0;4145.0;16281.0
209500;20812.0;4091.0;16721.0
209600;20866.0;4145.0;16721.0
209700;20794.0;4073.0;16721.0
209800;20764.0;4163.0;16601.0
209900;20870.0;4109.0;16761.0
210000;21006.0;4125.0;16881.0
210100;21006.0;4245.0;16761.0
210200;21106.0;4185.0;16921.0
210300;20906.0;4225.0;16681.0
210400;21026.0;4225.0;16801.0
210500;20986.0;4185.0;16801.0
210600;20986.0;4185.0;16801.0
210700;20986.0;4185.0;16801.0
210800;21506.0;4185.0;17321.0
210900;21266.0;3865.0;17401.0
211000;21026.0;4185.0;16841.0
211100;21026.0;4185.0;16841.0
211200;21066.0;4185.0;16881.0
211300;21066.0;4185.0;16881.0
211400;21226.0;4225.0;17001.0
211500;21026.0;4145.0;16881.0
211600;21066.0;4185.0;16881.0
211700;20586.0;4225.0;16361.0
211800;20546.0;4185.0;16361.0
211900;21106.0;4185.0;16921.0
212000;21106.0;4185.0;16921.0
212100;21146.0;3825.0;17321.0
212200;21466.0;4145.0;17321.0
212300;21166.0;4205.0;16961.0
212400;21106.0;4145.0;16961.0
212500;21106.0;4145.0;16961.0
212600;21106.0;4145.0;16961.0
212700;20744.0;3903.0;16841.0
212800;21170.0;4209.0;16961.0
212900;21984.5;4183.5;17801.0
213000;20650.0;4209.0;16441.0
213100;21210.0;4209.0;17001.0
213200;21301.0;4260.0;17041.0
213300;21472.0;4311.0;17161.0
213400;21130.0;4209.0;16921.0
213500;21770.0;4209.0;17561.0
213600;21770.0;4209.0;17561.0
213700;21181.0;4260.0;16921.0
213800;21250.0;4209.0;17041.0
213900;20781.0;4260.0;16521.0
214000;20933.0;3852.0;17081.0
214100;21901.0;4260.0;17641.0
214200;21381.0;4260.0;17121.0
214300;21381.0;4260.0;17121.0
214400;21552.0;4311.0;17241.0
214500;21024.0;3903.0;17121.0
214600;21388.5;4387.5;17001.0
214700;20886.5;4285.5;16601.0
214800;22003.0;4362.0;17641.0
214900;21523.0;4362.0;17161.0
215000;21287.5;3954.0;17333.5
215100;21476.5;4362.0;17114.5
215200;21571.5;4311.0;17260.5
215300;21732.0;4362.0;17370.0
215400;21673.5;4413.0;17260.5
215500;21622.5;4362.0;17260.5
215600;21699.0;4438.5;17260.5
215700;21546.0;4285.5;17260.5
215800;21622.5;4362.0;17260.5
215900;21549.5;4362.0;17187.5
216000;21735.5;4438.5;17297.0
216100;21251.0;3954.0;17297.0
216200;21805.0;4362.0;17443.0
216300;21779.5;4336.5;17443.0
216400;22103.5;4770.0;17333.5
216500;22052.5;4719.0;17333.5
216600;21535.0;4311.0;17224.0
216700;21805.0;4362.0;17443.0
216800;21695.5;4362.0;17333.5
216900;21966.0;4596.0;17370.0
217000;21636.5;4376.0;17260.5
217100;21790.0;4420.0;17370.0
217200;21333.0;4332.0;17001.0
217300;21690.5;4266.0;17424.5
217400;21778.5;4354.0;17424.5
217500;21388.0;4464.0;16924.0
217600;21844.5;4420.0;17424.5
217700;21894.0;4354.0;17540.0
217800;22169.0;4244.0;17925.0
217900;21905.0;4442.0;17463.0
218000;21839.0;4376.0;17463.0
218100;21723.5;4376.0;17347.5
218200;21877.5;4376.0;17501.5
218300;21667.0;4165.5;17501.5
218400;21936.5;4435.0;17501.5
218500;22052.0;4435.0;17617.0
218600;21936.5;4435.0;17501.5
218700;21912.0;4410.5;17501.5
218800;21985.5;4484.0;17501.5
218900;22745.0;4435.0;18310.0
219000;22024.0;4484.0;17540.0
219100;21975.0;4435.0;17540.0
219200;22062.5;4484.0;17578.5
219300;22514.0;4435.0;18079.0
219400;22013.5;4435.0;17578.5
219500;22129.0;4435.0;17694.0
219600;22111.5;4533.0;17578.5
219700;22062.5;4484.0;17578.5
219800;22087.0;4508.5;17578.5
219900;22052.0;4435.0;17617.0
220000;22206.0;4435.0;17771.0
220100;21660.0;4043.0;17617.0
220200;22090.5;4435.0;17655.5
220300;22090.5;4435.0;17655.5
220400;21975.0;4435.0;17540.0
220500;22591.0;4435.0;18156.0
220600;21664.0;4435.0;17229.0
220700;22104.0;4435.0;17669.0
220800;22104.0;4435.0;17669.0
220900;22190.5;4361.5;17829.0
221000;22536.0;4827.0;17709.0
221100;22193.0;4484.0;17709.0
221200;22135.0;4386.0;17749.0
221300;22576.0;4827.0;17749.0
221400;22184.0;4435.0;17749.0
221500;22057.5;4508.5;17549.0
221600;22557.0;4288.0;18269.0
221700;22426.5;4557.5;17869.0
221800;22233.0;4484.0;17749.0
221900;22224.0;4435.0;17789.0
222000;22202.0;4533.0;17669.0
222100;22224.0;4435.0;17789.0
222200;22384.0;4435.0;17949.0
222300;22144.0;4435.0;17709.0
222400;22392.0;4043.0;18349.0
222500;22386.0;4557.0;17829.0
222600;22254.0;4425.0;17829.0
222700;22100.0;4271.0;17829.0
222800;21782.0;4073.0;17709.0
222900;22354.0;4485.0;17869.0
223000;22312.0;4443.0;17869.0
223100;22423.0;4554.0;17869.0
223200;22346.0;4437.0;17909.0
223300;22466.0;4437.0;18029.0
223400;22385.0;4476.0;17909.0
223500;21586.0;4437.0;17149.0
223600;22407.5;4378.5;18029.0
223700;22506.0;4437.0;18069.0
223800;22346.0;4437.0;17909.0
223900;22583.0;4634.0;17949.0
224000;22430.0;4481.0;17949.0
224100;22396.0;4447.0;17949.0
224200;22316.0;4447.0;17869.0
224300;22303.0;4413.0;17890.0
224400;22469.5;4464.0;18005.5
224500;22337.0;4447.0;17890.0
224600;22367.5;4362.0;18005.5
224700;22452.5;4447.0;18005.5
224800;22453.5;4448.0;18005.5
224900;22541.0;4497.0;18044.0
225000;22541.0;4497.0;18044.0
225100;22541.0;4497.0;18044.0
225200;22601.5;4519.0;18082.5
225300;22579.5;4497.0;18082.5
225400;22579.5;4497.0;18082.5
225500;23080.0;4497.0;18583.0
225600;22695.0;4497.0;18198.0
225700;22612.5;4530.0;18082.5
225800;22601.5;4519.0;18082.5
225900;22502.5;4497.0;18005.5
226000;22662.0;4541.0;18121.0
226100;22513.5;4508.0;18005.5
226200;22660.5;4501.0;18159.5
226300;22688.5;4529.0;18159.5
226400;23175.0;4515.0;18660.0
226500;22804.0;4529.0;18275.0
226600;22688.5;4529.0;18159.5
226700;22646.5;4487.0;18159.5
226800;22688.5;4529.0;18159.5
226900;22800.5;4487.0;18313.5
227000;22713.0;4515.0;18198.0
227100;22499.5;4417.0;18082.5
227200;22793.5;4557.0;18236.5
227300;22779.5;4543.0;18236.5
227400;22709.5;4473.0;18236.5
227500;22678.0;4557.0;18121.0
227600;22822.0;4585.5;18236.5
227700;22657.0;4536.0;18121.0
227800;22855.0;4503.0;18352.0
227900;22926.5;4536.0;18390.5
228000;22961.5;4571.0;18390.5
228100;22730.5;4571.0;18159.5
228200;22884.5;4571.0;18313.5
228300;23091.5;4778.0;18313.5
228400;22821.0;4623.0;18198.0
228500;22482.5;4669.5;17813.0
228600;22936.5;4623.0;18313.5
228700;22936.5;4623.0;18313.5
228800;22983.0;4669.5;18313.5
228900;22890.5;4654.0;18236.5
229000;23006.0;4654.0;18352.0
229100;23037.0;4685.0;18352.0
229200;22899.5;4509.0;18390.5
229300;23030.0;4639.5;18390.5
229400;22929.0;4654.0;18275.0
229500;22631.0;4741.0;17890.0
229600;23130.5;4740.0;18390.5
229700;23094.5;4704.0;18390.5
229800;23106.5;4716.0;18390.5
229900;23109.0;4680.0;18429.0
230000;23109.0;4680.0;18429.0
230100;23085.0;4656.0;18429.0
230200;23147.5;4680.0;18467.5
230300;23147.5;4680.0;18467.5
230400;23171.5;4704.0;18467.5
230500;23207.5;4740.0;18467.5
230600;23056.0;4704.0;18352.0
230700;23087.5;4620.0;18467.5
230800;23183.5;4716.0;18467.5
230900;23162.0;4656.0;18506.0
231000;23186.0;4680.0;18506.0
231100;23186.0;4680.0;18506.0
231200;23224.5;4680.0;18544.5
231300;23248.5;4704.0;18544.5
231400;23188.5;4644.0;18544.5
231500;23340.0;4680.0;18660.0
231600;22738.0;4620.0;18118.0
231700;23130.0;4572.0;18558.0
231800;23334.0;4656.0;18678.0
231900;23254.0;4656.0;18598.0
232000;23134.0;4656.0;18478.0
232100;23814.0;4656.0;19158.0
232200;23294.0;4656.0;18638.0
232300;23414.0;4656.0;18758.0
232400;23198.0;4680.0;18518.0
232500;23342.0;4704.0;18638.0
232600;23330.0;4692.0;18638.0
232700;23318.0;4680.0;18638.0
232800;23438.0;4680.0;18758.0
232900;23286.0;4728.0;18558.0
233000;23334.0;4656.0;18678.0
233100;23310.0;4632.0;18678.0
233200;23374.0;4656.0;18718.0
233300;23254.0;4656.0;18598.0
233400;23374.0;4656.0;18718.0
233500;23398.0;4560.0;18838.0
233600;23254.0;4656.0;18598.0
233700;23350.0;4632.0;18718.0
233800;23350.0;4632.0;18718.0
233900;23390.0;4632.0;18758.0
234000;23926.0;4608.0;19318.0
234100;23510.0;4632.0;18878.0
234200;23430.0;4632.0;18798.0
234300;23430.0;4632.0;18798.0
234400;23418.0;4620.0;18798.0
234500;23538.0;4740.0;18798.0
234600;23500.0;4680.0;18820.0
234700;23530.0;4824.0;18706.0
234800;23476.0;4656.0;18820.0
234900;23526.0;4668.0;18858.0
235000;23490.0;4632.0;18858.0
235100;22958.0;4632.0;18326.0
235200;23528.0;4632.0;18896.0
235300;23564.0;4668.0;18896.0
235400;23336.0;4440.0;18896.0
235500;23421.5;4525.5;18896.0
235600;23748.5;4738.5;19010.0
235700;23542.0;4646.0;18896.0
235800;24036.0;4646.0;19390.0
235900;23694.0;4646.0;19048.0
236000;23580.0;4646.0;18934.0
236100;23645.0;4711.0;18934.0
236200;23797.0;4711.0;19086.0
236300;23683.0;4711.0;18972.0
236400;23569.0;4711.0;18858.0
236500;23697.0;4725.0;18972.0
236600;23768.0;4796.0;18972.0
236700;23721.0;4749.0;18972.0
236800;23560.0;4702.0;18858.0
236900;23829.5;4819.5;19010.0
237000;23908.0;4784.0;19124.0
237100;23843.5;4833.5;19010.0
237200;24398.0;4856.0;19542.0
237300;23836.5;4788.5;19048.0
237400;24284.0;4856.0;19428.0
237500;23926.0;4856.0;19070.0
237600;23926.0;4856.0;19070.0
237700;24331.0;4901.0;19430.0
237800;23948.5;4878.5;19070.0
237900;23854.0;4856.0;18998.0
238000;23962.0;4856.0;19106.0
238100;23575.0;4361.0;19214.0
238200;23953.0;4811.0;19142.0
238300;23953.0;4811.0;19142.0
238400;23953.0;4811.0;19142.0
238500;23953.0;4811.0;19142.0
238600;24421.0;4811.0;19610.0
238700;24331.0;4721.0;19610.0
238800;23908.0;4766.0;19142.0
238900;23944.0;4766.0;19178.0
239000;24412.0;5126.0;19286.0
239100;23989.0;4811.0;19178.0
239200;24115.0;4901.0;19214.0
239300;24002.5;4788.5;19214.0
239400;24340.0;5126.0;19214.0
239500;23917.0;4811.0;19106.0
239600;24025.0;4811.0;19214.0
239700;23980.0;4766.0;19214.0
239800;23980.0;4766.0;19214.0
239900;24016.0;4766.0;19250.0
240000;24061.0;4811.0;19250.0
240100;24061.0;4811.0;19250.0
240200;23737.0;4451.0;19286.0
240300;24457.0;5171.0;19286.0
240400;24074.5;4788.5;19286.0
240500;24160.0;4766.0;19394.0
240600;24052.0;4766.0;19286.0
240700;23921.5;4743.5;19178.0
240800;24160.0;4766.0;19394.0
240900;24088.0;4766.0;19322.0
241000;24133.0;4811.0;19322.0
241100;24065.5;4743.5;19322.0
241200;24124.0;4766.0;19358.0
241300;24146.5;4788.5;19358.0
241400;24124.0;4766.0;19358.0
241500;24124.0;4766.0;19358.0
241600;24124.0;4766.0;19358.0
241700;24225.0;4867.0;19358.0
241800;24173.0;4815.0;19358.0
241900;24209.0;4815.0;19394.0
242000;24261.0;4867.0;19394.0
242100;24621.0;4867.0;19754.0
242200;23725.0;4763.0;18962.0
242300;24353.0;4815.0;19538.0
242400;24193.0;4763.0;19430.0
242500;24301.0;4763.0;19538.0
242600;24301.0;4763.0;19538.0
242700;24163.0;4841.0;19322.0
242800;24228.0;4798.0;19430.0
242900;24264.0;4798.0;19466.0
243000;24748.0;5174.0;19574.0
243100;24264.0;4798.0;19466.0
243200;24342.0;4840.0;19502.0
243300;24383.0;4881.0;19502.0
243400;24362.5;4860.5;19502.0
243500;25153.0;5291.0;19862.0
243600;24301.0;4799.0;19502.0
243700;24346.5;4952.5;19394.0
243800;24510.0;4900.0;19610.0
243900;24490.5;4952.5;19538.0
244000;24455.5;4917.5;19538.0
244100;24438.0;4900.0;19538.0
244200;24241.0;4775.0;19466.0
244300;24319.0;4853.0;19466.0
244400;24280.0;4814.0;19466.0
244500;24377.5;4911.5;19466.0
244600;24535.0;4853.0;19682.0
244700;24836.5;4794.5;20042.0
244800;24280.0;4814.0;19466.0
244900;24424.0;4814.0;19610.0
245000;24736.0;5126.0;19610.0
245100;24463.0;4853.0;19610.0
245200;24352.0;4814.0;19538.0
245300;24274.0;4628.0;19646.0
245400;24494.0;4848.0;19646.0
245500;24450.0;4804.0;19646.0
245600;24494.0;4848.0;19646.0
245700;24406.0;4760.0;19646.0
245800;24538.0;4892.0;19646.0
245900;24618.0;4936.0;19682.0
246000;24552.0;4870.0;19682.0
246100;24464.0;4782.0;19682.0
246200;24629.0;4911.0;19718.0
246300;24576.0;4858.0;19718.0
246400;24152.0;4434.0;19718.0
246500;24576.0;4858.0;19718.0
246600;24205.0;4487.0;19718.0
246700;24468.0;4858.0;19610.0
246800;24523.0;4805.0;19718.0
246900;25116.0;4858.0;20258.0
247000;24612.0;4858.0;19754.0
247100;24612.0;4858.0;19754.0
247200;24648.0;4858.0;19790.0
247300;24648.0;4858.0;19790.0
247400;25699.0;5441.0;20258.0
247500;24540.0;4858.0;19682.0
247600;24798.0;4900.0;19898.0
247700;24434.0;4644.0;19790.0
247800;24287.0;4497.0;19790.0
247900;24673.0;4847.0;19826.0
248000;25177.0;4847.0;20330.0
248100;24638.0;4812.0;19826.0
248200;24779.0;4917.0;19862.0
248300;24779.0;4917.0;19862.0
248400;24095.0;4917.0;19178.0
248500;24709.0;4847.0;19862.0
248600;24779.0;4917.0;19862.0
248700;25361.0;5477.0;19884.0
248800;24871.0;4987.0;19884.0
248900;24909.0;4987.0;19922.0
249000;24839.0;4917.0;19922.0
249100;24839.0;4917.0;19922.0
249200;25371.0;4917.0;20454.0
249300;24877.0;4917.0;19960.0
249400;24991.0;4917.0;20074.0
249500;24763.0;4917.0;19846.0
249600;24877.0;4917.0;19960.0
249700;24947.0;4987.0;19960.0
249800;24798.0;4952.0;19846.0
249900;24225.0;4987.0;19238.0
250000;24539.0;4427.0;20112.0
250100;24985.0;4987.0;19998.0
250200;25907.0;5757.0;20150.0
250300;24839.0;4917.0;19922.0
250400;25067.0;4917.0;20150.0
250500;24459.0;4917.0;19542.0
250600;24848.0;4812.0;20036.0
250700;24887.0;4357.0;20530.0
250800;24694.5;4658.5;20036.0
250900;24988.0;4914.0;20074.0
251000;24988.0;4914.0;20074.0
251100;24951.5;4877.5;20074.0
251200;24564.0;4452.0;20112.0
251300;25117.0;5005.0;20112.0
251400;25907.0;5795.0;20112.0
251500;25038.0;4926.0;20112.0
251600;25152.0;4926.0;20226.0
251700;25045.0;4933.0;20112.0
251800;24851.0;4853.0;19998.0
251900;25163.0;5013.0;20150.0
252000;25163.0;5013.0;20150.0
252100;24403.0;5013.0;19390.0
252200;25121.0;4933.0;20188.0
252300;25193.5;5005.5;20188.0
252400;25328.0;5140.0;20188.0
252500;25192.0;5004.0;20188.0
252600;25260.0;5072.0;20188.0
252700;25226.0;5038.0;20188.0
252800;25158.0;4970.0;20188.0
252900;24652.0;4426.0;20226.0
253000;25162.0;4936.0;20226.0
253100;25264.0;5038.0;20226.0
253200;25188.0;5038.0;20150.0
253300;25796.0;5038.0;20758.0
253400;25416.0;5038.0;20378.0
253500;25416.0;5038.0;20378.0
253600;25302.0;5038.0;20264.0
253700;25370.0;5106.0;20264.0
253800;25302.0;5038.0;20264.0
253900;25340.0;5038.0;20302.0
254000;25340.0;5038.0;20302.0
254100;25238.0;4936.0;20302.0
254200;24884.0;5038.0;19846.0
254300;25412.0;5072.0;20340.0
254400;25446.0;5106.0;20340.0
254500;24884.0;5038.0;19846.0
254600;25480.0;5140.0;20340.0
254700;25604.0;5378.0;20226.0
254800;24850.0;5004.0;19846.0
254900;25382.0;5004.0;20378.0
255000;25518.0;5140.0;20378.0
255100;26016.0;5106.0;20910.0
255200;25624.0;5208.0;20416.0
255300;25590.0;5174.0;20416.0
255400;25510.0;5208.0;20302.0
255500;25738.0;5208.0;20530.0
255600;25835.0;5419.0;20416.0
255700;25540.0;5124.0;20416.0
255800;25540.0;5124.0;20416.0
255900;25578.0;5124.0;20454.0
256000;25751.0;5183.0;20568.0
256100;25696.0;5242.0;20454.0
256200;25734.0;5242.0;20492.0
256300;26228.0;5242.0;20986.0
256400;25793.0;5301.0;20492.0
256500;26397.0;5183.0;21214.0
256600;25734.0;5242.0;20492.0
256700;25734.0;5242.0;20492.0
256800;25620.0;5242.0;20378.0
256900;25772.0;5242.0;20530.0
257000;25772.0;5242.0;20530.0
257100;25658.0;5242.0;20416.0
257200;25780.5;5212.5;20568.0
257300;25928.0;5360.0;20568.0
257400;25696.0;5242.0;20454.0
257500;25810.0;5242.0;20568.0
257600;26333.5;5271.5;21062.0
257700;25839.5;5271.5;20568.0
257800;25865.0;5183.0;20682.0
257900;25700.5;5094.5;20606.0
258000;25789.0;5183.0;20606.0
258100;25789.0;5183.0;20606.0
258200;25827.0;5183.0;20644.0
258300;25890.0;5246.0;20644.0
258400;25968.0;5324.0;20644.0
258500;25968.0;5324.0;20644.0
258600;25968.0;5324.0;20644.0
258700;25899.0;5255.0;20644.0
258800;25862.0;5370.0;20492.0
258900;25246.0;5324.0;19922.0
259000;26052.0;5370.0;20682.0
259100;26052.0;5370.0;20682.0
259200;25345.0;5347.0;19998.0
259300;26090.0;5370.0;20720.0
259400;26146.0;5426.0;20720.0
259500;25724.0;5426.0;20298.0
259600;26218.0;5480.0;20738.0
259700;26044.0;5426.0;20618.0
259800;26338.0;5480.0;20858.0
259900;-954542.0;5480.0;-960022.0
260000;26258.0;5480.0;20778.0
260100;25856.0;5048.0;20808.0
260200;26244.5;5399.0;20845.5
260300;26379.5;5534.0;20845.5
260400;26213.0;5480.0;20733.0
260500;26435.5;5590.0;20845.5
260600;26290.0;5557.0;20733.0
260700;25847.5;5489.5;20358.0
260800;26515.0;5557.0;20958.0
260900;26440.0;5557.0;20883.0
261000;26890.0;6007.0;20883.0
261100;26080.0;5197.0;20883.0
261200;26477.5;5557.0;20920.5
261300;26448.5;5528.0;20920.5
261400;26608.0;5575.0;21033.0
261500;26406.5;5598.5;20808.0
261600;26477.0;5669.0;20808.0
261700;26542.5;5622.0;20920.5
261800;27396.0;5763.0;21633.0
261900;27377.0;5669.0;21708.0
262000;26651.0;5805.5;20845.5
262100;27129.5;6059.0;21070.5
262200;26508.5;5513.0;20995.5
262300;26313.5;5318.0;20995.5
262400;26664.5;5669.0;20995.5
262500;27338.0;5630.0;21708.0
262600;26625.5;5630.0;20995.5
262700;26586.5;5591.0;20995.5
262800;26571.5;5688.5;20883.0
262900;26238.5;5318.0;20920.5
263000;26702.0;5669.0;21033.0
263100;26604.5;5571.5;21033.0
263200;26700.5;5630.0;21070.5
263300;26925.5;5630.0;21295.5
263400;26700.5;5630.0;21070.5
263500;26720.0;5649.5;21070.5
263600;26817.5;5747.0;21070.5
263700;27002.0;5669.0;21333.0
263800;26310.5;5240.0;21070.5
263900;26738.0;5630.0;21108.0
264000;26699.0;5591.0;21108.0
264100;25944.0;5591.0;20353.0
264200;26940.0;5747.0;21193.0
264300;26784.0;5591.0;21193.0
264400;26433.0;5240.0;21193.0
264500;26615.0;5942.0;20673.0
264600;26862.0;5669.0;21193.0
264700;26943.0;5630.0;21313.0
264800;26904.0;5591.0;21313.0
264900;26587.0;5474.0;21113.0
265000;26543.0;5310.0;21233.0
265100;26919.0;5686.0;21233.0
265200;26583.0;5310.0;21273.0
265300;27079.0;5686.0;21393.0
265400;27006.0;5733.0;21273.0
265500;26516.5;5803.5;20713.0
265600;26959.0;5686.0;21273.0
265700;27006.0;5733.0;21273.0
265800;27076.5;5803.5;21273.0
265900;27046.0;5733.0;21313.0
266000;27093.0;5780.0;21313.0
266100;27163.5;5850.5;21313.0
266200;27180.0;5827.0;21353.0
266300;26420.0;5827.0;20593.0
266400;27180.0;5827.0;21353.0
266500;27086.0;5733.0;21353.0
266600;27083.5;5850.5;21233.0
266700;27180.0;5827.0;21353.0
266800;27133.0;5780.0;21353.0
266900;27220.0;5827.0;21393.0
267000;27236.0;5843.0;21393.0
267100;27320.0;5927.0;21393.0
267200;27416.0;5983.0;21433.0
267300;27340.0;5787.0;21553.0
267400;26780.0;5787.0;20993.0
267500;27340.0;5787.0;21553.0
267600;27164.0;5731.0;21433.0
267700;27220.0;5787.0;21433.0
267800;27340.0;5787.0;21553.0
267900;26924.0;5451.0;21473.0
268000;27316.0;5843.0;21473.0
268100;27576.0;5983.0;21593.0
268200;27476.0;6403.0;21073.0
268300;26780.0;5787.0;20993.0
268400;27292.0;5899.0;21393.0
268500;27476.0;5843.0;21633.0
268600;26916.0;5843.0;21073.0
268700;27300.0;5787.0;21513.0
268800;27531.0;5978.0;21553.0
268900;27506.0;5953.0;21553.0
269000;27431.0;5878.0;21553.0
269100;27381.0;5828.0;21553.0
269200;27421.0;5828.0;21593.0
269300;27753.0;6160.0;21593.0
269400;27578.0;5985.0;21593.0
269500;27528.0;5935.0;21593.0
269600;27528.0;5935.0;21593.0
269700;27528.0;5935.0;21593.0
269800;27578.0;5985.0;21593.0
269900;27618.0;5985.0;21633.0
270000;27518.0;5885.0;21633.0
270100;26818.0;5985.0;20833.0
270200;27608.0;5935.0;21673.0
270300;27608.0;5935.0;21673.0
270400;27722.0;6049.0;21673.0
270500;27770.0;5977.0;21793.0
270600;27674.0;6001.0;21673.0
270700;27903.0;6049.0;21854.0
270800;27755.0;6049.0;21706.0
270900;27744.0;6001.0;21743.0
271000;27878.0;6135.0;21743.0
271100;27765.0;5859.0;21906.0
271200;27903.0;5997.0;21906.0
271300;27695.0;6020.0;21675.0
271400;27834.0;5928.0;21906.0
271500;27718.0;6043.0;21675.0
271600;27764.5;5974.0;21790.5
271700;27787.5;5997.0;21790.5
271800;27868.5;6078.0;21790.5
271900;27981.5;6037.0;21944.5
272000;28063.5;6119.0;21944.5
272100;27989.0;6160.0;21829.0
272200;27986.5;6119.0;21867.5
272300;27925.0;6057.5;21867.5
272400;27904.5;6037.0;21867.5
272500;27986.5;6119.0;21867.5
272600;27830.0;6078.0;21752.0
272700;27535.5;6057.5;21478.0
272800;28039.0;6161.0;21878.0
272900;28079.0;6161.0;21918.0
273000;27959.0;6161.0;21798.0
273100;27819.0;6021.0;21798.0
273200;28569.0;6091.0;22478.0
273300;28239.0;6161.0;22078.0
273400;28119.0;6161.0;21958.0
273500;28084.0;6126.0;21958.0
273600;28084.0;6126.0;21958.0
273700;28031.5;6073.5;21958.0
273800;-953918.5;6003.5;-959922.0
273900;28244.0;6126.0;22118.0
274000;28209.0;6211.0;21998.0
274100;27676.0;6118.0;21558.0
274200;27996.0;6118.0;21878.0
274300;28884.0;6366.0;22518.0
274400;28156.0;6118.0;22038.0
274500;28676.0;6118.0;22558.0
274600;27716.0;6118.0;21598.0
274700;27815.0;5777.0;22038.0
274800;28140.5;6102.5;22038.0
274900;28165.0;6087.0;22078.0
275000;28196.0;6118.0;22078.0
275100;28227.0;6149.0;22078.0
275200;28205.0;6087.0;22118.0
275300;28356.0;6118.0;22238.0
275400;28189.5;6071.5;22118.0
275500;28236.0;6118.0;22118.0
275600;28223.5;6105.5;22118.0
275700;28250.5;6132.5;22118.0
275800;28264.0;6146.0;22118.0
275900;28424.0;6146.0;22278.0
276000;28061.0;5903.0;22158.0
276100;28263.5;6105.5;22158.0
276200;28423.5;6105.5;22318.0
276300;28395.0;6197.0;22198.0
276400;28299.0;6101.0;22198.0
276500;28071.0;5873.0;22198.0
276600;28831.0;6113.0;22718.0
276700;28311.0;6113.0;22198.0
276800;28311.0;6113.0;22198.0
276900;28387.0;6149.0;22238.0
277000;28327.0;6089.0;22238.0
277100;28127.0;6089.0;22038.0
277200;28367.0;6089.0;22278.0
277300;28331.0;6053.0;22278.0
277400;28367.0;6089.0;22278.0
277500;28367.0;6089.0;22278.0
277600;28487.0;6089.0;22398.0
277700;28331.0;6053.0;22278.0
277800;28367.0;6089.0;22278.0
277900;28467.0;6149.0;22318.0
278000;28371.0;6053.0;22318.0
278100;28419.0;6101.0;22318.0
278200;28423.0;6065.0;22358.0
278300;28543.0;6065.0;22478.0
278400;28435.0;6077.0;22358.0
278500;28183.0;5825.0;22358.0
278600;28423.0;6065.0;22358.0
278700;28279.0;6041.0;22238.0
278800;29007.0;6089.0;22918.0
278900;28391.0;5993.0;22398.0
279000;28427.0;6029.0;22398.0
279100;28463.0;6065.0;22398.0
279200;28367.0;6089.0;22278.0
279300;28527.0;6089.0;22438.0
279400;28335.0;5897.0;22438.0
279500;28407.0;6089.0;22318.0
279600;28527.0;6089.0;22438.0
279700;28443.0;6125.0;22318.0
279800;28527.0;6089.0;22438.0
279900;28555.0;6077.0;22478.0
280000;28309.0;5951.0;22358.0
280100;28459.0;6101.0;22358.0
280200;28489.0;6131.0;22358.0
280300;28574.0;6056.0;22518.0
280400;28619.0;6101.0;22518.0
280500;28619.0;6101.0;22518.0
280600;28409.0;5891.0;22518.0
280700;28489.0;6131.0;22358.0
280800;28694.0;6176.0;22518.0
280900;28583.0;6145.0;22438.0
281000;28583.0;6145.0;22438.0
281100;28823.0;6145.0;22678.0
281200;28743.0;6145.0;22598.0
281300;28711.0;6113.0;22598.0
281400;28743.0;6145.0;22598.0
281500;28647.0;6049.0;22598.0
281600;28823.0;6225.0;22598.0
281700;28775.0;6177.0;22598.0
281800;28647.0;5889.0;22758.0
281900;28619.0;5981.0;22638.0
282000;28799.0;6161.0;22638.0
282100;29119.0;6481.0;22638.0
282200;28799.0;6121.0;22678.0
282300;28839.0;6161.0;22678.0
282400;29579.0;6141.0;23438.0
282500;28987.0;6189.0;22798.0
282600;29475.0;6277.0;23198.0
282700;29287.5;6089.5;23198.0
282800;28870.0;6192.0;22678.0
282900;28910.0;6192.0;22718.0
283000;28951.0;6233.0;22718.0
283100;28541.0;5823.0;22718.0
283200;29032.0;6274.0;22758.0
283300;29032.0;6274.0;22758.0
283400;29073.0;6315.0;22758.0
283500;28871.0;6233.0;22638.0
283600;29052.5;6294.5;22758.0
283700;28912.0;6274.0;22638.0
283800;28970.5;6212.5;22758.0
283900;29072.0;6274.0;22798.0
284000;29133.5;6335.5;22798.0
284100;29072.0;6274.0;22798.0
284200;29153.0;6315.0;22838.0
284300;28992.0;6274.0;22718.0
284400;29252.5;6294.5;22958.0
284500;28702.0;5864.0;22838.0
284600;29071.0;6233.0;22838.0
284700;28992.0;6274.0;22718.0
284800;29112.0;6274.0;22838.0
284900;29152.0;6274.0;22878.0
285000;29641.0;6643.0;22998.0
285100;29131.5;6253.5;22878.0
285200;29110.0;6192.0;22918.0
285300;29233.0;6315.0;22918.0
285400;29233.0;6315.0;22918.0
285500;28905.0;5987.0;22918.0
285600;29113.0;6315.0;22798.0
285700;29274.0;6356.0;22918.0
285800;29434.0;6356.0;23078.0
285900;29273.0;6315.0;22958.0
286000;29372.5;6294.5;23078.0
286100;28833.0;6315.0;22518.0
286200;29251.5;6253.5;22998.0
286300;29031.0;6233.0;22798.0
286400;29152.0;6274.0;22878.0
286500;29272.0;6274.0;22998.0
286600;29333.5;6335.5;22998.0
286700;29231.0;6233.0;22998.0
286800;29313.0;6315.0;22998.0
286900;29025.0;5987.0;23038.0
287000;29373.5;6335.5;23038.0
287100;29312.0;6274.0;23038.0
287200;29413.5;6335.5;23078.0
287300;29800.0;6602.0;23198.0
287400;29513.0;6315.0;23198.0
287500;29352.0;6274.0;23078.0
287600;29352.0;6274.0;23078.0
287700;29270.0;6192.0;23078.0
287800;28612.5;6294.5;22318.0
287900;29231.0;6233.0;22998.0
288000;29569.0;6331.0;23238.0
288100;29461.0;6223.0;23238.0
288200;29417.0;6259.0;23158.0
288300;29381.0;6223.0;23158.0
288400;29501.0;6223.0;23278.0
288500;29417.0;6259.0;23158.0
288600;29381.0;6223.0;23158.0
288700;29327.0;6169.0;23158.0
288800;29669.0;6511.0;23158.0
288900;29457.0;6259.0;23198.0
289000;29673.0;6475.0;23198.0
289100;29385.0;6187.0;23198.0
289200;29479.0;6241.0;23238.0
289300;29407.0;6169.0;23238.0
289400;29945.0;6187.0;23758.0
289500;29137.0;5899.0;23238.0
289600;29425.0;6187.0;23238.0
289700;29269.0;6151.0;23118.0
289800;29425.0;6187.0;23238.0
289900;29501.0;6223.0;23278.0
290000;29465.0;6187.0;23278.0
290100;29537.0;6259.0;23278.0
290200;29577.0;6259.0;23318.0
290300;29505.0;6187.0;23318.0
290400;29505.0;6187.0;23318.0
290500;29385.0;6187.0;23198.0
290600;29469.0;6151.0;23318.0
290700;29505.0;6187.0;23318.0
290800;29439.0;6241.0;23198.0
290900;29509.0;6151.0;23358.0
291000;29461.0;6223.0;23238.0
291100;30381.0;6223.0;24158.0
291200;29567.0;6169.0;23398.0
291300;29531.0;6133.0;23398.0
291400;29606.0;6208.0;23398.0
291500;29918.0;6520.0;23398.0
291600;29645.0;6247.0;23398.0
291700;29645.0;6247.0;23398.0
291800;29486.0;6208.0;23278.0
291900;29047.0;6169.0;22878.0
292000;29646.0;6208.0;23438.0
292100;29526.0;6208.0;23318.0
292200;29686.0;6208.0;23478.0
292300;29686.0;6208.0;23478.0
292400;29647.0;6169.0;23478.0
292500;29686.0;6208.0;23478.0
292600;29647.0;6169.0;23478.0
292700;29647.0;6169.0;23478.0
292800;29807.0;6169.0;23638.0
292900;29687.0;6169.0;23518.0
293000;29567.0;6169.0;23398.0
293100;30048.0;6130.0;23918.0
293200;29207.0;6169.0;23038.0
293300;29766.0;6208.0;23558.0
293400;30166.0;6208.0;23958.0
293500;29103.5;6305.5;22798.0
293600;29746.5;6188.5;23558.0
293700;29366.0;6208.0;23158.0
293800;29766.0;6208.0;23558.0
293900;29845.0;6247.0;23598.0
294000;29806.0;6208.0;23598.0
294100;29246.0;6208.0;23038.0
294200;29787.5;6149.5;23638.0
294300;30366.0;6208.0;24158.0
294400;29784.5;6266.5;23518.0
294500;29865.5;6227.5;23638.0
294600;29807.0;6169.0;23638.0
294700;29807.0;6169.0;23638.0
294800;29807.0;6169.0;23638.0
294900;29928.0;6130.0;23798.0
295000;29808.0;6130.0;23678.0
295100;29928.0;6130.0;23798.0
295200;29887.0;6169.0;23718.0
295300;29887.0;6169.0;23718.0
295400;30023.5;6305.5;23718.0
295500;29823.0;6225.0;23598.0
295600;29792.0;6194.0;23598.0
295700;29912.0;6194.0;23718.0
295800;29838.5;6240.5;23598.0
295900;29936.5;6178.5;23758.0
296000;29952.0;6194.0;23758.0
296100;29983.0;6225.0;23758.0
296200;29894.0;6256.0;23638.0
296300;30096.5;6178.5;23918.0
296400;30054.0;6256.0;23798.0
296500;30302.0;6504.0;23798.0
296600;30085.0;6287.0;23798.0
296700;30100.5;6302.5;23798.0
296800;30054.0;6256.0;23798.0
296900;29294.0;6256.0;23038.0
297000;29597.0;6319.0;23278.0
297100;30369.0;6411.0;23958.0
297200;30193.0;6315.0;23878.0
297300;30346.5;6348.5;23998.0
297400;30246.0;6368.0;23878.0
297500;30251.0;6373.0;23878.0
297600;30239.0;6361.0;23878.0
297700;30239.0;6361.0;23878.0
297800;30239.0;6361.0;23878.0
297900;30279.0;6361.0;23918.0
298000;30287.0;6369.0;23918.0
298100;30275.0;6357.0;23918.0
298200;30327.0;6369.0;23958.0
298300;30319.0;6361.0;23958.0
298400;30207.0;6369.0;23838.0
298500;30319.0;6361.0;23958.0
298600;30199.0;6361.0;23838.0
298700;30315.0;6357.0;23958.0
298800;30311.0;6353.0;23958.0
298900;30231.0;6353.0;23878.0
299000;30371.0;6373.0;23998.0
299100;30351.0;6353.0;23998.0
299200;30455.0;6297.0;24158.0
299300;30387.0;6349.0;24038.0
299400;30279.0;6361.0;23918.0
299500;30414.0;6376.0;24038.0
299600;30419.0;6381.0;24038.0
299700;30419.0;6381.0;24038.0
299800;30939.0;6381.0;24558.0
299900;30459.0;6381.0;24078.0
300000;30501.0;6381.0;24120.0
300100;30501.0;6381.0;24120.0
300200;30391.5;6381.0;24010.5
300300;30532.5;6376.0;24156.5
300400;30428.0;6381.0;24047.0
300500;30507.5;6351.0;24156.5
300600;30537.5;6381.0;24156.5
300700;30537.5;6381.0;24156.5
300800;30547.5;6391.0;24156.5
300900;31095.0;6391.0;24704.0
301000;30594.0;6401.0;24193.0
301100;30574.0;6381.0;24193.0
301200;30121.0;6366.0;23755.0
301300;30520.5;6291.0;24229.5
301400;30759.0;6371.0;24388.0
301500;30551.0;6361.0;24190.0
301600;30713.0;6424.0;24289.0
301700;30694.0;6405.0;24289.0
301800;30675.0;6386.0;24289.0
301900;30727.0;6405.0;24322.0
302000;30265.0;6405.0;23860.0
302100;30284.0;6424.0;23860.0
302200;30750.5;6395.5;24355.0
302300;30779.0;6424.0;24355.0
302400;30750.5;6395.5;24355.0
302500;31030.0;6576.0;24454.0
302600;31030.0;6576.0;24454.0
302700;30826.5;6471.5;24355.0
302800;30840.0;6485.0;24355.0
302900;30915.0;6527.0;24388.0
303000;30906.0;6419.0;24487.0
303100;30819.0;6431.0;24388.0
303200;30720.0;6431.0;24289.0
303300;30741.0;6419.0;24322.0
303400;30939.0;6419.0;24520.0
303500;30852.0;6431.0;24421.0
303600;30852.0;6431.0;24421.0
303700;30756.0;6335.0;24421.0
303800;30753.0;6431.0;24322.0
303900;30885.0;6431.0;24454.0
304000;30873.0;6419.0;24454.0
304100;30804.0;6449.0;24355.0
304200;30888.0;6401.0;24487.0
304300;31317.0;6401.0;24916.0
304400;30906.0;6419.0;24487.0
304500;30918.0;6431.0;24487.0
304600;30822.0;6335.0;24487.0
304700;31017.0;6431.0;24586.0
304800;30918.0;6431.0;24487.0
304900;30951.0;6431.0;24520.0
305000;30951.0;6431.0;24520.0
305100;30963.0;6443.0;24520.0
305200;30834.0;6413.0;24421.0
305300;30984.0;6431.0;24553.0
305400;30987.0;6335.0;24652.0
305500;30996.0;6443.0;24553.0
305600;30630.0;6443.0;24187.0
305700;30997.5;6431.0;24566.5
305800;30997.5;6431.0;24566.5
305900;31032.0;6431.0;24601.0
306000;31365.0;6419.0;24946.0
306100;31020.0;6419.0;24601.0
306200;31212.0;6473.0;24739.0
306300;31108.5;6473.0;24635.5
306400;31108.5;6473.0;24635.5
306500;31143.5;6508.0;24635.5
306600;31027.0;6495.0;24532.0
306700;31039.5;6404.0;24635.5
306800;31150.0;6514.5;24635.5
306900;31178.0;6508.0;24670.0
307000;31868.0;6508.0;25360.0
307100;30695.0;6508.0;24187.0
307200;31212.5;6508.0;24704.5
307300;31212.5;6508.0;24704.5
307400;31316.0;6508.0;24808.0
307500;31040.0;6508.0;24532.0
307600;31247.5;6543.0;24704.5
307700;31117.0;6516.0;24601.0
307800;31247.5;6543.0;24704.5
307900;31255.0;6516.0;24739.0
308000;31308.0;6569.0;24739.0
308100;31180.5;6545.0;24635.5
308200;31302.5;6529.0;24773.5
308300;31294.5;6521.0;24773.5
308400;30896.0;6505.0;24391.0
308500;31308.0;6521.0;24787.0
308600;31268.0;6481.0;24787.0
308700;31300.0;6513.0;24787.0
308800;31308.0;6521.0;24787.0
308900;31344.0;6521.0;24823.0
309000;31436.0;6505.0;24931.0
309100;31328.0;6505.0;24823.0
309200;31824.0;6497.0;25327.0
309300;32056.0;6513.0;25543.0
309400;31364.0;6505.0;24859.0
309500;31492.0;6633.0;24859.0
309600;31472.0;6505.0;24967.0
309700;31240.0;6489.0;24751.0
309800;31404.0;6545.0;24859.0
309900;31904.0;6505.0;25399.0
310000;31452.5;6557.5;24895.0
310100;31452.5;6557.5;24895.0
310200;31600.0;6561.0;25039.0
310300;31624.0;6585.0;25039.0
310400;31511.0;6580.0;24931.0
310500;31511.0;6580.0;24931.0
310600;31404.5;6581.5;24823.0
310700;31512.5;6581.5;24931.0
310800;31510.0;6579.0;24931.0
310900;31590.0;6623.0;24967.0
311000;31595.0;6628.0;24967.0
311100;31590.0;6623.0;24967.0
311200;31062.0;6623.0;24439.0
311300;31662.0;6623.0;25039.0
311400;31622.0;6583.0;25039.0
311500;31662.0;6623.0;25039.0
311600;31667.0;6628.0;25039.0
311700;31659.5;6620.5;25039.0
311800;31659.5;6620.5;25039.0
311900;31687.0;6608.0;25079.0
312000;31662.0;6583.0;25079.0
312100;32272.0;6633.0;25639.0
312200;31777.0;6658.0;25119.0
312300;31742.0;6623.0;25119.0
312400;31622.0;6623.0;24999.0
312500;31862.0;6623.0;25239.0
312600;31662.0;6543.0;25119.0
312700;31862.0;6623.0;25239.0
312800;31737.0;6618.0;25119.0
312900;31222.0;6623.0;24599.0
313000;31902.0;6623.0;25279.0
313100;31786.0;6627.0;25159.0
313200;31830.0;6631.0;25199.0
313300;31946.0;6627.0;25319.0
313400;31242.0;6563.0;24679.0
313500;31938.0;6619.0;25319.0
313600;31999.0;6640.0;25359.0
313700;31975.5;6656.5;25319.0
313800;31741.0;6662.0;25079.0
313900;32015.5;6656.5;25359.0
314000;31895.5;6656.5;25239.0
314100;31879.0;6640.0;25239.0
314200;32099.5;6700.5;25399.0
314300;31919.0;6640.0;25279.0
314400;31857.5;6656.5;25201.0
314500;32444.0;6651.0;25793.0
314600;31974.0;6662.0;25312.0
314700;32074.0;6651.0;25423.0
314800;31974.0;6662.0;25312.0
314900;31999.0;6761.0;25238.0
315000;32000.0;6651.0;25349.0
315100;32088.0;6739.0;25349.0
315200;32020.5;6634.5;25386.0
315300;32048.0;6662.0;25386.0
315400;31909.5;6634.5;25275.0
315500;31556.0;6651.0;24905.0
315600;32077.5;6691.5;25386.0
315700;32061.0;6675.0;25386.0
315800;32076.0;6690.0;25386.0
315900;32101.0;6678.0;25423.0
316000;32101.0;6678.0;25423.0
316100;32101.0;6678.0;25423.0
316200;31990.0;6678.0;25312.0
316300;32129.0;6669.0;25460.0
316400;32129.0;6669.0;25460.0
316500;32135.0;6675.0;25460.0
316600;32139.5;6679.5;25460.0
316700;32250.5;6679.5;25571.0
316800;32027.0;6678.0;25349.0
316900;32172.0;6675.0;25497.0
317000;31654.0;6675.0;24979.0
317100;32283.0;6675.0;25608.0
317200;32209.0;6675.0;25534.0
317300;32198.5;6664.5;25534.0
317400;32033.0;6684.0;25349.0
317500;32206.0;6672.0;25534.0
317600;32320.0;6675.0;25645.0
317700;32098.0;6675.0;25423.0
317800;32354.0;6672.0;25682.0
317900;32249.0;6678.0;25571.0
318000;32246.0;6675.0;25571.0
318100;32246.0;6675.0;25571.0
318200;32283.0;6675.0;25608.0
318300;32280.0;6672.0;25608.0
318400;32280.0;6672.0;25608.0
318500;32764.0;6675.0;26089.0
318600;32392.5;6673.5;25719.0
318700;32280.0;6672.0;25608.0
318800;32304.0;6696.0;25608.0
318900;32320.0;6675.0;25645.0
319000;32314.0;6669.0;25645.0
319100;32383.0;6627.0;25756.0
319200;32374.0;6692.0;25682.0
319300;32361.0;6679.0;25682.0
319400;32387.0;6705.0;25682.0
319500;31671.0;6692.0;24979.0
319600;32381.0;6588.0;25793.0
319700;31893.0;6692.0;25201.0
319800;32522.0;6692.0;25830.0
319900;32535.0;6705.0;25830.0
320000;32411.0;6692.0;25719.0
320100;32404.5;6685.5;25719.0
320200;31954.0;6679.0;25275.0
320300;32428.5;6672.5;25756.0
320400;32448.0;6692.0;25756.0
320500;32337.0;6692.0;25645.0
320600;32435.0;6679.0;25756.0
320700;32435.0;6679.0;25756.0
320800;32474.0;6718.0;25756.0
320900;32503.5;6710.5;25793.0
321000;32513.0;6720.0;25793.0
321100;32513.0;6720.0;25793.0
321200;32588.0;6758.0;25830.0
321300;32569.0;6739.0;25830.0
321400;32588.0;6758.0;25830.0
321500;32588.0;6758.0;25830.0
321600;32588.0;6758.0;25830.0
321700;32521.5;6691.5;25830.0
321800;32126.0;6777.0;25349.0
321900;32726.5;6748.5;25978.0
322000;32644.0;6777.0;25867.0
322100;32644.0;6777.0;25867.0
322200;32782.5;6767.5;26015.0
322300;32652.5;6748.5;25904.0
322400;32681.0;6777.0;25904.0
322500;32681.0;6777.0;25904.0
322600;32690.5;6786.5;25904.0
322700;32551.0;6758.0;25793.0
322800;32532.0;6739.0;25793.0
322900;32699.0;6758.0;25941.0
323000;32718.0;6777.0;25941.0
323100;32171.5;6748.5;25423.0
323200;32783.5;6805.5;25978.0
323300;32755.0;6777.0;25978.0
323400;32755.0;6777.0;25978.0
323500;33297.0;6838.0;26459.0
323600;32803.0;6825.0;25978.0
323700;32588.0;6721.0;25867.0
323800;32803.0;6825.0;25978.0
323900;32755.0;6851.0;25904.0
324000;32964.0;6838.0;26126.0
324100;32853.0;6838.0;26015.0
324200;32909.5;6857.5;26052.0
324300;32890.0;6838.0;26052.0
324400;32731.0;6864.0;25867.0
324500;32883.5;6831.5;26052.0
324600;32917.0;6865.0;26052.0
324700;32933.5;6881.5;26052.0
324800;32900.5;6848.5;26052.0
324900;32954.0;6865.0;26089.0
325000;32989.0;6900.0;26089.0
325100;33133.0;7044.0;26089.0
325200;32878.0;6900.0;25978.0
325300;33026.0;6900.0;26126.0
325400;33026.0;6900.0;26126.0
325500;32569.0;6924.0;25645.0
325600;33082.0;6956.0;26126.0
325700;33050.0;6924.0;26126.0
325800;33026.0;6900.0;26126.0
325900;33175.0;7012.0;26163.0
326000;33030.0;6756.0;26274.0
326100;33063.0;6900.0;26163.0
326200;33219.0;6908.0;26311.0
326300;33084.0;6884.0;26200.0
326400;33212.0;7012.0;26200.0
326500;33549.0;6868.0;26681.0
326600;33084.0;6884.0;26200.0
326700;32627.0;6908.0;25719.0
326800;33100.0;6900.0;26200.0
326900;33026.0;6900.0;26126.0
327000;33177.0;6940.0;26237.0
327100;33639.0;6884.0;26755.0
327200;33285.0;6900.0;26385.0
327300;33174.0;6900.0;26274.0
327400;33207.0;6900.0;26307.0
327500;33223.0;6916.0;26307.0
327600;33624.5;6916.0;26708.5
327700;33239.5;6916.0;26323.5
327800;33393.5;6916.0;26477.5
327900;33262.0;6900.0;26362.0
328000;33393.5;6916.0;26477.5
328100;33278.0;6916.0;26362.0
328200;33316.5;6916.0;26400.5
328300;33308.5;6908.0;26400.5
328400;-915978.0;6916.0;-922894.0
328500;33825.0;6924.0;26901.0
328600;33817.0;6916.0;26901.0
328700;33685.5;6900.0;26785.5
328800;33454.5;6900.0;26554.5
328900;33211.0;6772.0;26439.0
329000;33402.0;6963.0;26439.0
329100;33517.5;6963.0;26554.5
329200;33433.5;6956.0;26477.5
329300;33549.0;6956.0;26593.0
329400;33444.0;6966.5;26477.5
329500;33433.5;6956.0;26477.5
329600;33444.0;6966.5;26477.5
329700;33447.5;6970.0;26477.5
329800;33510.5;7033.0;26477.5
329900;33472.0;6956.0;26516.0
330000;33594.5;6963.0;26631.5
330100;33479.0;6963.0;26516.0
330200;33510.5;6956.0;26554.5
330300;33465.0;6910.5;26554.5
330400;32968.0;6960.0;26008.0
330500;33528.0;6960.0;26568.0
330600;33542.0;6974.0;26568.0
330700;33542.0;6974.0;26568.0
330800;33702.0;6974.0;26728.0
330900;33595.5;6987.5;26608.0
331000;33582.0;6974.0;26608.0
331100;33715.5;6987.5;26728.0
331200;33613.0;6965.0;26648.0
331300;33502.0;6974.0;26528.0
331400;33622.0;6974.0;26648.0
331500;33613.0;6965.0;26648.0
331600;33604.0;6956.0;26648.0
331700;33613.0;6965.0;26648.0
331800;33846.0;7038.0;26808.0
331900;33768.5;7080.5;26688.0
332000;33726.0;7038.0;26688.0
332100;33743.0;7055.0;26688.0
332200;33766.0;7038.0;26728.0
332300;33791.5;7063.5;26728.0
332400;33646.0;7038.0;26608.0
332500;33766.0;7038.0;26728.0
332600;34302.0;7174.0;27128.0
332700;33766.0;7038.0;26728.0
332800;33801.0;7073.0;26728.0
332900;33896.0;7128.0;26768.0
333000;33961.0;7073.0;26888.0
333100;33841.0;7073.0;26768.0
333200;33922.0;6945.0;26977.0
333300;33952.5;7085.0;26867.5
333400;34427.0;7085.0;27342.0
333500;33924.5;7057.0;26867.5
333600;34048.0;7071.0;26977.0
333700;34034.0;7057.0;26977.0
333800;34148.5;7281.0;26867.5
333900;34368.0;7099.0;27269.0
334000;33961.0;7057.0;26904.0
334100;33947.0;7043.0;26904.0
334200;34053.5;7113.0;26940.5
334300;34025.5;7085.0;26940.5
334400;34025.5;7085.0;26940.5
334500;33983.5;7043.0;26940.5
334600;34025.5;7085.0;26940.5
334700;34014.0;7057.0;26957.0
334800;34014.0;7057.0;26957.0
334900;33910.0;7029.0;26881.0
335000;34080.0;7085.0;26995.0
335100;34166.0;7057.0;27109.0
335200;34246.0;7099.0;27147.0
335300;33997.0;7057.0;26940.0
335400;34499.5;7085.0;27414.5
335500;33910.5;6861.0;27049.5
335600;33660.0;7085.0;26575.0
335700;34134.5;7085.0;27049.5
335800;34176.5;7127.0;27049.5
335900;34213.0;7127.0;27086.0
336000;34233.0;7147.0;27086.0
336100;34240.5;7045.0;27195.5
336200;34257.5;7135.0;27122.5
336300;34257.5;7135.0;27122.5
336400;34320.5;7198.0;27122.5
336500;34349.5;7227.0;27122.5
336600;34145.5;7169.0;26976.5
336700;34401.0;7169.0;27232.0
336800;34009.0;7259.0;26750.0
336900;34555.0;7259.0;27296.0
337000;34233.5;7171.5;27062.0
337100;34413.0;7234.0;27179.0
337200;34394.0;7332.0;27062.0
337300;34463.0;7362.0;27101.0
337400;34495.0;7380.0;27115.0
337500;34465.0;7350.0;27115.0
337600;34597.0;7362.0;27235.0
337700;34609.0;7374.0;27235.0
337800;34597.0;7362.0;27235.0
337900;34637.0;7362.0;27275.0
338000;34077.0;7362.0;26715.0
338100;34517.0;7362.0;27155.0
338200;34677.0;7362.0;27315.0
338300;34169.0;7374.0;26795.0
338400;34689.0;7374.0;27315.0
338500;34689.0;7374.0;27315.0
338600;34689.0;7374.0;27315.0
338700;34683.0;7368.0;27315.0
338800;34785.0;7470.0;27315.0
338900;34729.0;7374.0;27355.0
339000;35535.0;7380.0;28155.0
339100;34723.0;7368.0;27355.0
339200;34781.0;7386.0;27395.0
339300;34781.0;7386.0;27395.0
339400;34763.0;7368.0;27395.0
339500;34661.0;7386.0;27275.0
339600;34769.0;7374.0;27395.0
339700;34781.0;7386.0;27395.0
339800;34781.0;7386.0;27395.0
339900;34821.0;7386.0;27435.0
340000;34713.0;7398.0;27315.0
340100;34821.0;7386.0;27435.0
340200;34861.0;7386.0;27475.0
340300;34849.0;7374.0;27475.0
340400;34861.0;7386.0;27475.0
340500;34861.0;7386.0;27475.0
340600;34957.0;7482.0;27475.0
340700;34755.0;7400.0;27355.0
340800;34882.0;7407.0;27475.0
340900;34915.0;7400.0;27515.0
341000;34809.0;7414.0;27395.0
341100;34915.0;7400.0;27515.0
341200;34943.0;7388.0;27555.0
341300;34943.0;7388.0;27555.0
341400;34955.0;7400.0;27555.0
341500;35075.0;7400.0;27675.0
341600;34967.0;7412.0;27555.0
341700;34955.0;7400.0;27555.0
341800;154979.0;127424.0;27555.0
341900;34995.0;7400.0;27595.0
342000;34995.0;7400.0;27595.0
342100;35121.0;7406.0;27715.0
342200;35041.0;7406.0;27635.0
342300;34503.0;7388.0;27115.0
342400;34807.0;7292.0;27515.0
342500;35023.0;7388.0;27635.0
342600;34903.0;7388.0;27515.0
342700;35119.0;7484.0;27635.0
342800;35023.0;7388.0;27635.0
342900;35063.0;7388.0;27675.0
343000;35057.0;7382.0;27675.0
343100;35033.0;7358.0;27675.0
343200;35106.5;7431.5;27675.0
343300;35010.0;7415.0;27595.0
343400;35134.5;7419.5;27715.0
343500;35131.5;7416.5;27715.0
343600;35130.0;7415.0;27715.0
343700;35010.0;7415.0;27595.0
343800;35130.0;7415.0;27715.0
343900;35167.0;7412.0;27755.0
344000;34727.0;7412.0;27315.0
344100;35287.0;7412.0;27875.0
344200;35235.0;7440.0;27795.0
344300;35235.0;7440.0;27795.0
344400;35235.0;7440.0;27795.0
344500;35235.0;7440.0;27795.0
344600;34796.0;7441.0;27355.0
344700;35234.0;7439.0;27795.0
344800;35234.0;7439.0;27795.0
344900;34834.0;7439.0;27395.0
345000;35282.0;7447.0;27835.0
345100;35395.0;7440.0;27955.0
345200;35314.0;7439.0;27875.0
345300;35194.0;7439.0;27755.0
345400;35314.0;7439.0;27875.0
345500;35114.0;7439.0;27675.0
345600;35194.0;7439.0;27755.0
345700;35315.0;7440.0;27875.0
345800;35336.0;7461.0;27875.0
345900;35376.0;7461.0;27915.0
346000;35408.0;7493.0;27915.0
346100;35344.0;7429.0;27915.0
346200;35560.0;7485.0;28075.0
346300;35464.0;7509.0;27955.0
346400;35340.0;7505.0;27835.0
346500;35440.0;7485.0;27955.0
346600;35428.0;7473.0;27955.0
346700;35440.0;7485.0;27955.0
346800;35664.0;7549.0;28115.0
346900;35480.0;7485.0;27995.0
347000;35456.0;7461.0;27995.0
347100;35488.0;7493.0;27995.0
347200;35536.0;7501.0;28035.0
347300;35536.0;7501.0;28035.0
347400;35528.0;7493.0;28035.0
347500;35592.0;7557.0;28035.0
347600;35520.0;7485.0;28035.0
347700;35528.0;7493.0;28035.0
347800;35592.0;7557.0;28035.0
347900;36368.0;7493.0;28875.0
348000;35588.0;7513.0;28075.0
348100;35576.0;7501.0;28075.0
348200;35616.0;7501.0;28115.0
348300;35608.0;7493.0;28115.0
348400;35600.0;7485.0;28115.0
348500;35600.0;7485.0;28115.0
348600;35104.0;7509.0;27595.0
348700;35488.0;7493.0;27995.0
348800;35600.0;7485.0;28115.0
348900;35760.0;7485.0;28275.0
349000;35520.0;7485.0;28035.0
349100;35640.0;7485.0;28155.0
349200;35536.0;7501.0;28035.0
349300;35680.0;7485.0;28195.0
349400;35692.0;7497.0;28195.0
349500;35724.0;7529.0;28195.0
349600;35172.0;7497.0;27675.0
349700;35578.0;7503.0;28075.0
349800;35174.0;7499.0;27675.0
349900;35732.0;7497.0;28235.0
350000;35598.0;7483.0;28115.0
350100;35728.0;7493.0;28235.0
350200;35768.0;7493.0;28275.0
350300;35648.0;7493.0;28155.0
350400;35803.0;7528.0;28275.0
350500;35795.0;7520.0;28275.0
350600;36203.0;7528.0;28675.0
350700;35803.0;7528.0;28275.0
350800;35803.0;7528.0;28275.0
350900;35866.0;7527.0;28339.0
351000;35866.0;7527.0;28339.0
351100;35866.0;7527.0;28339.0
351200;35904.0;7527.0;28377.0
351300;35904.0;7527.0;28377.0
351400;36018.0;7527.0;28491.0
351500;36397.0;7526.0;28871.0
351600;35904.0;7527.0;28377.0
351700;35903.0;7526.0;28377.0
351800;35938.0;7561.0;28377.0
351900;36075.0;7546.0;28529.0
352000;35862.0;7561.0;28301.0
352100;35973.0;7558.0;28415.0
352200;35818.0;7555.0;28263.0
352300;36388.0;7555.0;28833.0
352400;36014.0;7561.0;28453.0
352500;36047.0;7561.0;28486.0
352600;36047.0;7561.0;28486.0
352700;36152.0;7561.0;28591.0
352800;35942.0;7561.0;28381.0
352900;36088.0;7567.0;28521.0
353000;36123.0;7602.0;28521.0
353100;36123.0;7602.0;28521.0
353200;36157.0;7601.0;28556.0
353300;36158.0;7602.0;28556.0
353400;36158.0;7602.0;28556.0
353500;36150.0;7594.0;28556.0
353600;35764.5;7600.5;28164.0
353700;36189.5;7602.0;28587.5
353800;35800.0;7602.0;28198.0
353900;36232.0;7594.0;28638.0
354000;36165.0;7602.0;28563.0
354100;36386.0;7601.0;28785.0
354200;36312.0;7601.0;28711.0
354300;35831.0;7601.0;28230.0
354400;36313.5;7602.5;28711.0
354500;36312.0;7601.0;28711.0
354600;36422.5;7600.5;28822.0
354700;36311.0;7600.0;28711.0
354800;36459.0;7600.0;28859.0
354900;36348.0;7600.0;28748.0
355000;35831.0;7601.0;28230.0
355100;36347.0;7599.0;28748.0
355200;36385.0;7600.0;28785.0
355300;36386.0;7601.0;28785.0
355400;35904.0;7600.0;28304.0
355500;36386.0;7601.0;28785.0
355600;36385.0;7600.0;28785.0
355700;36496.0;7600.0;28896.0
355800;36386.0;7601.0;28785.0
355900;36940.5;7600.5;29340.0
356000;36423.0;7601.0;28822.0
356100;36423.0;7601.0;28822.0
356200;36572.0;7602.0;28970.0
356300;36468.0;7609.0;28859.0
356400;36349.0;7601.0;28748.0
356500;36461.5;7602.5;28859.0
356600;36571.0;7601.0;28970.0
356700;36522.0;7663.0;28859.0
356800;36555.0;7663.0;28892.0
356900;36595.0;7663.0;28932.0
357000;36485.0;7553.0;28932.0
357100;36475.0;7663.0;28812.0
357200;36745.0;7653.0;29092.0
357300;36615.0;7643.0;28972.0
357400;36505.0;7653.0;28852.0
357500;36766.0;7674.0;29092.0
357600;36653.0;7681.0;28972.0
357700;36653.0;7681.0;28972.0
357800;36646.0;7674.0;28972.0
357900;36846.0;7674.0;29172.0
358000;36714.0;7702.0;29012.0
358100;36675.5;7663.5;29012.0
358200;36576.5;7684.5;28892.0
358300;36373.0;7681.0;28692.0
358400;36754.0;7702.0;29052.0
358500;36834.0;7782.0;29052.0
358600;36874.0;7702.0;29172.0
358700;36944.0;7732.0;29212.0
358800;36744.0;7692.0;29052.0
358900;36784.0;7692.0;29092.0
359000;36484.0;7712.0;28772.0
359100;36794.0;7702.0;29092.0
359200;36834.0;7702.0;29132.0
359300;36853.0;7721.0;29132.0
359400;36862.0;7730.0;29132.0
359500;36862.0;7730.0;29132.0
359600;36736.0;7724.0;29012.0
359700;36853.0;7721.0;29132.0
359800;36862.0;7730.0;29132.0
359900;36896.0;7724.0;29172.0
360000;37031.0;7739.0;29292.0
360100;37013.0;7721.0;29292.0
360200;36948.0;7736.0;29212.0
360300;36831.0;7739.0;29092.0
360400;37014.0;7682.0;29332.0
360500;36942.0;7730.0;29212.0
360600;36942.0;7730.0;29212.0
360700;37068.0;7736.0;29332.0
360800;36863.0;7736.0;29127.0
360900;37013.0;7736.0;29277.0
361000;37010.0;7733.0;29277.0
361100;37113.5;7724.0;29389.5
361200;37050.5;7736.0;29314.5
361300;37425.5;7736.0;29689.5
361400;37092.5;7778.0;29314.5
361500;37092.5;7778.0;29314.5
361600;36651.0;7754.0;28897.0
361700;37247.0;7790.0;29457.0
361800;37131.0;7794.0;29337.0
361900;37171.0;7794.0;29377.0
362000;37163.0;7786.0;29377.0
362100;37283.0;7786.0;29497.0
362200;37195.0;7778.0;29417.0
362300;37203.0;7786.0;29417.0
362400;37203.0;7786.0;29417.0
362500;36763.0;7786.0;28977.0
362600;37183.0;7766.0;29417.0
362700;37211.0;7794.0;29417.0
362800;37211.0;7794.0;29417.0
362900;37315.0;7858.0;29457.0
363000;37243.0;7786.0;29457.0
363100;37371.0;7794.0;29577.0
363200;37351.0;7734.0;29617.0
363300;37207.0;7710.0;29497.0
363400;37217.0;7840.0;29377.0
363500;297389.0;267892.0;29497.0
363600;37217.0;7840.0;29377.0
363700;37285.0;7788.0;29497.0
363800;37337.0;7840.0;29497.0
363900;37585.0;8048.0;29537.0
364000;37169.0;7632.0;29537.0
364100;37585.0;8048.0;29537.0
364200;37377.0;7840.0;29537.0
364300;37417.0;7840.0;29577.0
364400;37417.0;7840.0;29577.0
364500;37297.0;7840.0;29457.0
364600;37417.0;7840.0;29577.0
364700;37537.0;7840.0;29697.0
364800;37417.0;7840.0;29577.0
364900;36871.0;7814.0;29057.0
365000;37470.0;7853.0;29617.0
365100;37783.0;7606.0;30177.0
365200;37510.0;7853.0;29657.0
365300;37518.0;7861.0;29657.0
365400;37055.0;7838.0;29217.0
365500;37615.0;7838.0;29777.0
365600;37495.0;7838.0;29657.0
365700;37368.0;7711.0;29657.0
365800;37649.5;7832.5;29817.0
365900;37570.0;7873.0;29697.0
366000;37529.5;7832.5;29697.0
366100;37649.5;7832.5;29817.0
366200;37583.0;7846.0;29737.0
366300;37907.0;8170.0;29737.0
366400;37826.0;8089.0;29737.0
366500;37610.0;7873.0;29737.0
366600;37637.0;7900.0;29737.0
366700;37623.5;7886.5;29737.0
366800;37450.0;7873.0;29577.0
366900;37650.0;7873.0;29777.0
367000;37650.0;7873.0;29777.0
367100;37773.5;7996.5;29777.0
367200;37720.0;7903.0;29817.0
367300;37720.0;7903.0;29817.0
367400;38480.0;7903.0;30577.0
367500;37840.0;7903.0;29937.0
367600;37533.0;7716.0;29817.0
367700;37720.0;7903.0;29817.0
367800;37728.5;7911.5;29817.0
367900;37785.5;7928.5;29857.0
368000;37717.5;7860.5;29857.0
368100;37777.0;7920.0;29857.0
368200;37631.5;7894.5;29737.0
368300;37817.0;7920.0;29897.0
368400;37314.0;7937.0;29377.0
368500;38320.0;7903.0;30417.0
368600;37834.0;7937.0;29897.0
368700;37817.0;7920.0;29897.0
368800;37840.0;7903.0;29937.0
368900;38391.5;7894.5;30497.0
369000;37778.0;7961.0;29817.0
369100;37874.0;7937.0;29937.0
369200;38670.0;7933.0;30737.0
369300;38030.0;7933.0;30097.0
369400;37898.0;7921.0;29977.0
369500;37898.0;7921.0;29977.0
369600;37906.0;7929.0;29977.0
369700;38042.0;7945.0;30097.0
369800;37898.0;7921.0;29977.0
369900;37818.0;7921.0;29897.0
370000;37938.0;7921.0;30017.0
370100;38018.0;8001.0;30017.0
370200;37890.0;7833.0;30057.0
370300;37978.0;7921.0;30057.0
370400;37978.0;7921.0;30057.0
370500;37804.5;7867.5;29937.0
370600;37976.5;7919.5;30057.0
370700;37963.5;7906.5;30057.0
370800;38188.5;7971.5;30217.0
370900;38034.0;7913.0;30121.0
371000;38040.5;7919.5;30121.0
371100;38047.0;7926.0;30121.0
371200;38101.5;7926.0;30175.5
371300;38088.5;7913.0;30175.5
371400;38088.5;7913.0;30175.5
371500;38088.5;7913.0;30175.5
371600;38839.0;7913.0;30926.0
371700;38088.5;7913.0;30175.5
371800;37984.5;7809.0;30175.5
371900;38147.5;7932.5;30215.0
372000;38246.5;7913.0;30333.5
372100;38128.0;7913.0;30215.0
372200;38167.5;7913.0;30254.5
372300;37732.0;7913.0;29819.0
372400;38159.0;7900.0;30259.0
372500;38276.0;8017.0;30259.0
372600;38172.0;7913.0;30259.0
372700;38172.0;7913.0;30259.0
372800;38332.0;7913.0;30419.0
372900;38212.0;7913.0;30299.0
373000;38212.0;7913.0;30299.0
373100;38573.0;7874.0;30699.0
373200;37988.0;7809.0;30179.0
373300;38239.0;7900.0;30339.0
373400;38252.0;7913.0;30339.0
373500;38252.0;7913.0;30339.0
373600;38135.0;7796.0;30339.0
373700;38385.0;7926.0;30459.0
373800;38252.0;7913.0;30339.0
373900;38266.0;7887.0;30379.0
374000;38279.0;7900.0;30379.0
374100;38399.0;7900.0;30499.0
374200;38172.0;7913.0;30259.0
374300;38299.5;7880.5;30419.0
374400;38332.0;7913.0;30419.0
374500;38319.0;7900.0;30419.0
374600;38233.0;7913.0;30320.0
374700;38335.5;7900.0;30435.5
374800;38361.5;7926.0;30435.5
374900;38387.0;7913.0;30474.0
375000;38257.0;7783.0;30474.0
375100;38387.0;7913.0;30474.0
375200;38425.5;7913.0;30512.5
375300;38453.5;7941.0;30512.5
375400;38483.5;7971.0;30512.5
375500;38471.5;7959.0;30512.5
375600;38471.5;7959.0;30512.5
375700;38356.0;7959.0;30397.0
375800;38471.5;7959.0;30512.5
375900;38625.5;7959.0;30666.5
376000;37971.0;7959.0;30012.0
376100;38510.0;7959.0;30551.0
376200;38560.5;7971.0;30589.5
376300;38646.0;7941.0;30705.0
376400;38536.5;7947.0;30589.5
376500;38560.5;7971.0;30589.5
376600;38548.5;7959.0;30589.5
376700;38002.0;7959.0;30043.0
376800;38614.0;7971.0;30643.0
376900;38620.0;7977.0;30643.0
377000;38602.0;7959.0;30643.0
377100;38602.0;7959.0;30643.0
377200;38666.0;7983.0;30683.0
377300;39174.0;7971.0;31203.0
377400;38682.0;7999.0;30683.0
377500;39202.0;7999.0;31203.0
377600;38674.0;7991.0;30683.0
377700;38806.0;8003.0;30803.0
377800;38154.0;7991.0;30163.0
377900;38714.0;7991.0;30723.0
378000;38154.0;7991.0;30163.0
378100;38714.0;7991.0;30723.0
378200;38726.0;8003.0;30723.0
378300;38746.0;7983.0;30763.0
378400;38832.0;7949.0;30883.0
378500;39286.0;8003.0;31283.0
378600;38766.0;8003.0;30763.0
378700;38766.0;8003.0;30763.0
378800;38766.0;8003.0;30763.0
378900;38938.0;8015.0;30923.0
379000;39354.0;7991.0;31363.0
379100;38776.0;7973.0;30803.0
379200;38822.0;7979.0;30843.0
379300;38954.0;7991.0;30963.0
379400;38834.0;7991.0;30843.0
379500;38834.0;7991.0;30843.0
379600;38834.0;7991.0;30843.0
379700;38834.0;7991.0;30843.0
379800;38714.0;7991.0;30723.0
379900;38898.0;8015.0;30883.0
380000;38754.0;7991.0;30763.0
380100;38886.0;8003.0;30883.0
380200;39046.0;8003.0;31043.0
380300;38818.0;8015.0;30803.0
380400;39022.0;8099.0;30923.0
380500;38800.0;7997.0;30803.0
380600;39034.0;7991.0;31043.0
380700;38920.0;7997.0;30923.0
380800;38930.5;7991.0;30939.5
380900;39564.0;8047.0;31517.0
381000;39043.0;8065.0;30978.0
381100;39031.0;8053.0;30978.0
381200;39191.0;8059.0;31132.0
381300;39185.0;8053.0;31132.0
381400;39807.0;8059.0;31748.0
381500;39191.0;8059.0;31132.0
381600;39069.5;8053.0;31016.5
381700;38527.0;8011.0;30516.0
381800;39247.5;8077.0;31170.5
381900;39132.0;8077.0;31055.0
382000;39120.0;8065.0;31055.0
382100;39247.5;8077.0;31170.5
382200;39517.0;8077.0;31440.0
382300;39170.5;8077.0;31093.5
382400;39298.0;8089.0;31209.0
382500;39182.5;8089.0;31093.5
382600;39182.5;8089.0;31093.5
382700;39152.5;8059.0;31093.5
382800;39158.5;8065.0;31093.5
382900;39221.0;8089.0;31132.0
383000;39263.0;8131.0;31132.0
383100;39648.0;8131.0;31517.0
383200;39301.5;8131.0;31170.5
383300;39301.5;8131.0;31170.5
383400;39301.5;8131.0;31170.5
383500;39399.0;8113.0;31286.0
383600;39069.5;8014.5;31055.0
383700;39288.5;8118.0;31170.5
383800;39442.5;8118.0;31324.5
383900;39373.0;8164.0;31209.0
384000;39418.5;8209.5;31209.0
384100;39409.0;8200.0;31209.0
384200;39428.5;8181.0;31247.5
384300;39400.0;8152.5;31247.5
384400;39390.5;8143.0;31247.5
384500;39409.5;8162.0;31247.5
384600;38899.5;8152.5;30747.0
384700;39294.0;8162.0;31132.0
384800;39197.0;8065.0;31132.0
384900;39481.0;8195.0;31286.0
385000;39365.5;8195.0;31170.5
385100;39455.0;8169.0;31286.0
385200;39519.5;8195.0;31324.5
385300;39635.0;8195.0;31440.0
385400;39635.0;8195.0;31440.0
385500;39545.5;8221.0;31324.5
385600;39441.5;8117.0;31324.5
385700;39519.5;8195.0;31324.5
385800;39311.5;7987.0;31324.5
385900;39662.0;8299.0;31363.0
386000;39558.0;8195.0;31363.0
386100;39558.0;8195.0;31363.0
386200;39596.5;8195.0;31401.5
386300;39715.0;8429.0;31286.0
386400;38914.0;8013.0;30901.0
386500;39488.0;8086.5;31401.5
386600;39627.5;8226.0;31401.5
386700;39658.5;8257.0;31401.5
386800;39379.5;7978.0;31401.5
386900;39127.0;8226.0;30901.0
387000;39619.5;8179.5;31440.0
387100;39442.0;8117.5;31324.5
387200;39681.5;8241.5;31440.0
387300;39673.5;8195.0;31478.5
387400;39673.5;8195.0;31478.5
387500;39673.5;8195.0;31478.5
387600;39704.5;8226.0;31478.5
387700;39425.5;7947.0;31478.5
387800;39827.5;8195.0;31632.5
387900;39565.5;8164.0;31401.5
388000;39712.0;8195.0;31517.0
388100;39765.5;8133.0;31632.5
388200;39712.0;8195.0;31517.0
388300;39704.0;8148.5;31555.5
388400;39635.0;8195.0;31440.0
388500;39558.0;8195.0;31363.0
388600;39704.0;8148.5;31555.5
388700;39819.5;8148.5;31671.0
388800;39704.0;8148.5;31555.5
388900;39673.5;8195.0;31478.5
389000;40037.0;8443.0;31594.0
389100;39789.0;8195.0;31594.0
389200;39812.0;8179.5;31632.5
389300;40168.5;8536.0;31632.5
389400;39974.0;8226.0;31748.0
389500;39858.5;8226.0;31632.5
389600;39796.5;8164.0;31632.5
389700;39827.5;8195.0;31632.5
389800;39897.5;8265.0;31632.5
389900;40057.0;8386.0;31671.0
390000;39768.0;8097.0;31671.0
390100;40006.0;8335.0;31671.0
390200;39941.5;8386.0;31555.5
390300;40044.5;8335.0;31709.5
390400;40107.5;8398.0;31709.5
390500;40017.0;8423.0;31594.0
390600;40132.5;8423.0;31709.5
390700;40658.0;8448.0;32210.0
390800;39557.0;8348.0;31209.0
390900;40311.5;8448.0;31863.5
391000;40183.5;8435.5;31748.0
391100;40199.0;8451.0;31748.0
391200;40748.5;8461.5;32287.0
391300;40332.0;8430.0;31902.0
391400;39716.0;8430.0;31286.0
391500;40195.5;8409.0;31786.5
391600;39716.0;8430.0;31286.0
391700;40174.5;8388.0;31786.5
391800;40195.5;8409.0;31786.5
391900;40255.0;8430.0;31825.0
392000;40234.0;8409.0;31825.0
392100;40255.0;8430.0;31825.0
392200;40272.5;8409.0;31863.5
392300;40423.0;8444.0;31979.0
392400;40166.0;8418.0;31748.0
392500;40294.5;8431.0;31863.5
392600;40371.0;8392.0;31979.0
392700;40166.0;8418.0;31748.0
392800;40435.5;8418.0;32017.5
392900;40320.0;8418.0;31902.0
393000;40320.0;8418.0;31902.0
393100;40204.5;8418.0;31786.5
393200;40500.0;8444.0;32056.0
393300;40150.5;8210.0;31940.5
393400;39858.0;8418.0;31440.0
393500;40319.5;8379.0;31940.5
393600;40188.0;8132.0;32056.0
393700;40384.5;8444.0;31940.5
393800;40358.5;8418.0;31940.5
393900;40397.0;8418.0;31979.0
394000;40436.0;8457.0;31979.0
394100;40936.0;8418.0;32518.0
394200;40461.5;8444.0;32017.5
394300;40346.0;8444.0;31902.0
394400;40346.0;8444.0;31902.0
394500;40721.5;8704.0;32017.5
394600;40435.5;8418.0;32017.5
394700;40576.5;8559.0;32017.5
394800;40503.0;8485.5;32017.5
394900;40954.5;8359.5;32595.0
395000;40664.0;8454.0;32210.0
395100;41049.0;8454.0;32595.0
395200;40548.5;8454.0;32094.5
395300;40422.5;8443.5;31979.0
395400;40559.0;8464.5;32094.5
395500;40685.0;8475.0;32210.0
395600;40569.5;8475.0;32094.5
395700;40454.0;8475.0;31979.0
395800;40422.5;8443.5;31979.0
395900;40079.5;8485.5;31594.0
396000;40587.0;8454.0;32133.0
396100;40608.0;8475.0;32133.0
396200;40608.0;8475.0;32133.0
396300;40625.5;8454.0;32171.5
396400;40625.5;8454.0;32171.5
396500;40625.5;8454.0;32171.5
396600;40625.5;8454.0;32171.5
396700;40636.0;8464.5;32171.5
396800;40615.0;8443.5;32171.5
396900;40664.0;8454.0;32210.0
397000;40664.0;8454.0;32210.0
397100;40664.0;8454.0;32210.0
397200;41161.0;8412.0;32749.0
397300;40702.5;8454.0;32248.5
397400;40702.5;8454.0;32248.5
397500;40818.0;8454.0;32364.0
397600;40629.0;8380.5;32248.5
397700;40797.0;8433.0;32364.0
397800;40681.5;8433.0;32248.5
397900;40720.0;8433.0;32287.0
398000;40583.5;8412.0;32171.5
398100;40856.5;8454.0;32402.5
398200;40769.0;8443.5;32325.5
398300;40790.0;8464.5;32325.5
398400;40968.5;8643.0;32325.5
398500;40758.5;8433.0;32325.5
398600;40737.5;8412.0;32325.5
398700;40674.5;8349.0;32325.5
398800;40790.0;8580.0;32210.0
398900;40891.5;8412.0;32479.5
399000;40912.5;8433.0;32479.5
399100;40797.0;8433.0;32364.0
399200;40681.5;8433.0;32248.5
399300;40720.0;8433.0;32287.0
399400;40877.5;8475.0;32402.5
399500;40856.5;8454.0;32402.5
399600;40867.0;8464.5;32402.5
399700;40709.5;8422.5;32287.0
399800;40856.5;8454.0;32402.5
399900;40895.0;8454.0;32441.0
400000;41402.5;8422.5;32980.0
400100;40874.0;8433.0;32441.0
400200;40758.5;8433.0;32325.5
400300;40944.0;8464.5;32479.5
400400;40912.5;8433.0;32479.5
400500;40723.5;8359.5;32364.0
400600;40923.0;8443.5;32479.5
400700;40933.5;8454.0;32479.5
400800;41413.0;8433.0;32980.0
400900;40951.0;8433.0;32518.0
401000;40523.0;8433.0;32090.0
401100;40403.0;8433.0;31970.0
401200;40952.5;8422.5;32530.0
401300;40982.0;8412.0;32570.0
401400;40350.0;8300.0;32050.0
401500;41179.0;8209.0;32970.0
401600;40987.0;8417.0;32570.0
401700;41050.0;8480.0;32570.0
401800;41245.0;8515.0;32730.0
401900;40565.0;8515.0;32050.0
402000;41440.0;8830.0;32610.0
402100;41160.0;8550.0;32610.0
402200;41195.0;8585.0;32610.0
402300;41200.0;8550.0;32650.0
402400;41235.0;8585.0;32650.0
402500;41235.0;8585.0;32650.0
402600;41235.0;8585.0;32650.0
402700;41085.0;8555.0;32530.0
402800;41245.0;8555.0;32690.0
402900;41245.0;8555.0;32690.0
403000;41245.0;8555.0;32690.0
403100;41290.0;8600.0;32690.0
403200;41005.0;8315.0;32690.0
403300;41170.0;8600.0;32570.0
403400;41285.0;8555.0;32730.0
403500;41100.0;8570.0;32530.0
403600;41315.0;8585.0;32730.0
403700;41255.0;8525.0;32730.0
403800;41340.0;8570.0;32770.0
403900;41355.0;8585.0;32770.0
404000;41400.0;8630.0;32770.0
404100;41325.0;8555.0;32770.0
404200;41415.0;8525.0;32890.0
404300;41500.0;8570.0;32930.0
404400;41245.0;8555.0;32690.0
404500;41395.0;8585.0;32810.0
404600;41365.0;8555.0;32810.0
404700;40860.0;8570.0;32290.0
404800;41540.0;8570.0;32970.0
404900;41465.0;8615.0;32850.0
405000;41285.0;8555.0;32730.0
405100;41465.0;8615.0;32850.0
405200;41509.0;8659.0;32850.0
405300;41325.0;8435.0;32890.0
405400;41057.0;8687.0;32370.0
405500;41507.0;8617.0;32890.0
405600;41641.0;8631.0;33010.0
405700;41745.0;8855.0;32890.0
405800;41575.0;8645.0;32930.0
405900;41561.0;8631.0;32930.0
406000;41001.0;8631.0;32370.0
406100;41121.0;8631.0;32490.0
406200;41785.0;8855.0;32930.0
406300;41483.0;8673.0;32810.0
406400;41481.0;8631.0;32850.0
406500;41825.0;8855.0;32970.0
406600;41721.0;8631.0;33090.0
406700;41733.0;8603.0;33130.0
406800;41571.0;8561.0;33010.0
406900;41613.0;8603.0;33010.0
407000;40949.0;8379.0;32570.0
407100;42201.0;8631.0;33570.0
407200;41465.0;8575.0;32890.0
407300;41411.0;8561.0;32850.0
407400;41709.0;8659.0;33050.0
407500;41865.0;8695.0;33170.0
407600;41709.0;8659.0;33050.0
407700;41349.0;8299.0;33050.0
407800;41905.0;8695.0;33210.0
407900;41869.0;8659.0;33210.0
408000;41869.0;8659.0;33210.0
408100;41749.0;8659.0;33090.0
408200;41749.0;8659.0;33090.0
408300;41629.0;8659.0;32970.0
408400;41753.0;8623.0;33130.0
408500;41789.0;8659.0;33130.0
408600;41753.0;8623.0;33130.0
408700;41789.0;8659.0;33130.0
408800;41233.0;8623.0;32610.0
408900;42101.0;8371.0;33730.0
409000;41829.0;8659.0;33170.0
409100;41865.0;8695.0;33170.0
409200;42024.0;8854.0;33170.0
409300;42068.0;8738.0;33330.0
409400;41890.0;8680.0;33210.0
409500;42043.0;8833.0;33210.0
409600;41380.0;8690.0;32690.0
409700;41835.0;8745.0;33090.0
409800;41984.0;8734.0;33250.0
409900;41951.0;8701.0;33250.0
410000;41907.0;8657.0;33250.0
410100;41831.0;8701.0;33130.0
410200;41929.0;8679.0;33250.0
410300;41787.0;8657.0;33130.0
410400;42467.0;8657.0;33810.0
410500;41969.0;8679.0;33290.0
410600;41925.0;8635.0;33290.0
410700;42013.0;8723.0;33290.0
410800;41975.0;8525.0;33450.0
410900;41998.0;8668.0;33330.0
411000;42031.0;8701.0;33330.0
411100;41471.0;8701.0;32770.0
411200;42151.0;8701.0;33450.0
411300;42071.0;8701.0;33370.0
411400;42038.0;8668.0;33370.0
411500;41551.0;8701.0;32850.0
411600;42071.0;8701.0;33370.0
411700;41951.0;8701.0;33250.0
411800;41969.0;8679.0;33290.0
411900;41891.0;8481.0;33410.0
412000;42155.0;8745.0;33410.0
412100;42111.0;8701.0;33410.0
412200;42013.0;8723.0;33290.0
412300;42173.0;8723.0;33450.0
412400;42195.0;8745.0;33450.0
412500;42217.0;8767.0;33450.0
412600;42103.0;8773.0;33330.0
412700;42245.0;8755.0;33490.0
412800;42371.0;8881.0;33490.0
412900;42227.0;8737.0;33490.0
413000;42227.0;8737.0;33490.0
413100;42227.0;8737.0;33490.0
413200;42263.0;8773.0;33490.0
413300;42369.0;8719.0;33650.0
413400;42267.0;8737.0;33530.0
413500;42405.0;8755.0;33650.0
413600;42183.0;8773.0;33410.0
413700;42805.0;8755.0;34050.0
413800;42325.0;8755.0;33570.0
413900;42469.0;8899.0;33570.0
414000;42409.0;8719.0;33690.0
414100;42469.0;8779.0;33690.0
414200;42361.0;8791.0;33570.0
414300;42509.0;8779.0;33730.0
414400;41881.0;8791.0;33090.0
414500;42509.0;8779.0;33730.0
414600;42425.0;8815.0;33610.0
414700;42429.0;8779.0;33650.0
414800;42573.0;8803.0;33770.0
414900;42429.0;8779.0;33650.0
415000;42429.0;8779.0;33650.0
415100;42429.0;8779.0;33650.0
415200;42570.0;8755.0;33815.0
415300;42520.0;8779.0;33741.0
415400;42508.0;8767.0;33741.0
415500;42520.0;8779.0;33741.0
415600;41817.0;8779.0;33038.0
415700;42520.0;8779.0;33741.0
415800;42710.0;8821.0;33889.0
415900;43090.0;8794.0;34296.0
416000;42626.0;8848.0;33778.0
416100;42613.0;8835.0;33778.0
416200;42741.0;8963.0;33778.0
416300;42650.0;8835.0;33815.0
416400;42539.0;8835.0;33704.0
416500;42185.0;8851.0;33334.0
416600;42650.0;8835.0;33815.0
416700;42671.0;8819.0;33852.0
416800;42592.0;8851.0;33741.0
416900;43427.0;8835.0;34592.0
417000;42655.0;8803.0;33852.0
417100;42153.0;8819.0;33334.0
417200;42782.0;8819.0;33963.0
417300;42692.0;8803.0;33889.0
417400;42597.0;8819.0;33778.0
417500;42708.0;8819.0;33889.0
417600;42708.0;8819.0;33889.0
417700;42756.0;8867.0;33889.0
417800;42569.0;8643.0;33926.0
417900;42729.0;8803.0;33926.0
418000;42713.0;8787.0;33926.0
418100;42585.0;8659.0;33926.0
418200;42618.0;8803.0;33815.0
418300;42618.0;8803.0;33815.0
418400;42766.0;8803.0;33963.0
418500;42766.0;8803.0;33963.0
418600;42750.0;8787.0;33963.0
418700;42758.0;8795.0;33963.0
418800;42819.0;8819.0;34000.0
418900;42882.0;8771.0;34111.0
419000;42855.0;8819.0;34036.0
419100;42823.0;8787.0;34036.0
419200;42847.0;8787.0;34060.0
419300;42917.0;8819.0;34098.0
419400;42917.0;8819.0;34098.0
419500;42933.0;8835.0;34098.0
419600;42917.0;8819.0;34098.0
419700;42917.0;8819.0;34098.0
419800;42955.0;8819.0;34136.0
419900;42955.0;8819.0;34136.0
420000;42971.0;8835.0;34136.0
420100;42399.0;8795.0;33604.0
420200;42841.0;8819.0;34022.0
420300;42817.0;8643.0;34174.0
420400;42993.0;8819.0;34174.0
420500;43017.0;8843.0;34174.0
420600;42993.0;8819.0;34174.0
420700;42879.0;8819.0;34060.0
420800;42917.0;8819.0;34098.0
420900;43047.0;8835.0;34212.0
421000;43047.0;8835.0;34212.0
421100;43047.0;8835.0;34212.0
421200;42965.0;8867.0;34098.0
421300;43045.0;8795.0;34250.0
421400;43595.0;8851.0;34744.0
421500;43085.0;8835.0;34250.0
421600;42591.0;8835.0;33756.0
421700;43117.0;8867.0;34250.0
421800;43115.0;8827.0;34288.0
421900;43139.0;8851.0;34288.0
422000;43115.0;8827.0;34288.0
422100;43115.0;8827.0;34288.0
422200;43139.0;8851.0;34288.0
422300;43161.0;8835.0;34326.0
422400;43224.0;8898.0;34326.0
422500;43196.0;8870.0;34326.0
422600;43175.0;8849.0;34326.0
422700;43161.0;8835.0;34326.0
422800;43099.0;8849.0;34250.0
422900;43327.0;8849.0;34478.0
423000;43241.0;8877.0;34364.0
423100;43213.0;8849.0;34364.0
423200;43213.0;8849.0;34364.0
423300;43307.0;8905.0;34402.0
423400;43365.0;8849.0;34516.0
423500;43251.0;8849.0;34402.0
423600;43365.0;8849.0;34516.0
423700;43265.0;8863.0;34402.0
423800;43417.0;8863.0;34554.0
423900;43101.5;8775.5;34326.0
424000;43499.0;9059.0;34440.0
424100;43434.5;8880.5;34554.0
424200;43331.0;8891.0;34440.0
424300;43504.0;8912.0;34592.0
424400;43471.0;8993.0;34478.0
424500;43880.0;8908.0;34972.0
424600;43250.0;8772.0;34478.0
424700;43428.0;8950.0;34478.0
424800;43455.0;8939.0;34516.0
424900;43497.0;8939.0;34558.0
425000;43393.5;8939.0;34454.5
425100;43600.5;8939.0;34661.5
425200;43550.0;8992.0;34558.0
425300;44033.0;8992.0;35041.0
425400;43593.0;9000.5;34592.5
425500;43559.0;8966.5;34592.5
425600;43584.5;8992.0;34592.5
425700;43619.0;8992.0;34627.0
425800;43549.5;9026.0;34523.5
425900;43668.0;9041.0;34627.0
426000;43648.0;9021.0;34627.0
426100;43558.0;8931.0;34627.0
426200;43564.5;9041.0;34523.5
426300;43712.5;9051.0;34661.5
426400;43702.5;9041.0;34661.5
426500;43599.0;9041.0;34558.0
426600;43702.5;9041.0;34661.5
426700;43682.5;9021.0;34661.5
426800;43623.5;9031.0;34592.5
426900;43840.5;9041.0;34799.5
427000;43657.0;8961.0;34696.0
427100;43633.5;9041.0;34592.5
427200;43727.0;9031.0;34696.0
427300;43761.5;9031.0;34730.5
427400;44126.5;9051.0;35075.5
427500;44220.0;9041.0;35179.0
427600;43810.0;9041.0;34769.0
427700;43810.0;9041.0;34769.0
427800;43774.0;9081.0;34693.0
427900;43853.0;9046.0;34807.0
428000;43765.0;8958.0;34807.0
428100;43873.0;9066.0;34807.0
428200;43864.0;9057.0;34807.0
428300;43732.0;9039.0;34693.0
428400;43390.0;9039.0;34351.0
428500;43363.0;9012.0;34351.0
428600;44028.0;9183.0;34845.0
428700;44396.0;9057.0;35339.0
428800;43886.0;9003.0;34883.0
428900;43940.0;9057.0;34883.0
429000;43913.0;9030.0;34883.0
429100;43940.0;9057.0;34883.0
429200;43940.0;9057.0;34883.0
429300;44020.0;9099.0;34921.0
429400;43981.0;9060.0;34921.0
429500;43968.0;9047.0;34921.0
429600;43955.0;9034.0;34921.0
429700;43981.0;9060.0;34921.0
429800;43923.0;8964.0;34959.0
429900;43847.0;8888.0;34959.0
430000;44027.5;9068.5;34959.0
430100;44027.0;9068.0;34959.0
430200;44027.0;9068.0;34959.0
430300;44042.0;9045.0;34997.0
430400;43928.0;9045.0;34883.0
430500;44065.0;9068.0;34997.0
430600;44088.0;9091.0;34997.0
430700;44524.5;9033.5;35491.0
430800;44126.0;9091.0;35035.0
430900;44681.0;9114.0;35567.0
431000;44126.0;9091.0;35035.0
431100;44126.0;9091.0;35035.0
431200;44114.5;9079.5;35035.0
431300;44046.5;9125.5;34921.0
431400;44198.5;9125.5;35073.0
431500;44278.0;9091.0;35187.0
431600;44175.5;9102.5;35073.0
431700;44348.0;9275.0;35073.0
431800;44179.0;9068.0;35111.0
431900;44293.0;9068.0;35225.0
432000;44236.5;9125.5;35111.0
432100;44354.0;9091.0;35263.0
432200;44088.0;9091.0;34997.0
432300;44217.0;9068.0;35149.0
432400;44194.0;9045.0;35149.0
432500;44103.0;9068.0;35035.0
432600;44137.5;9102.5;35035.0
432700;44255.0;9068.0;35187.0
432800;44297.0;9110.0;35187.0
432900;44297.0;9110.0;35187.0
433000;43864.5;9101.5;34763.0
433100;43530.0;9127.0;34403.0
433200;44314.0;8991.0;35323.0
433300;44293.5;9050.5;35243.0
433400;44250.0;9127.0;35123.0
433500;44370.0;9127.0;35243.0
433600;43867.0;9144.0;34723.0
433700;44292.0;9169.0;35123.0
433800;44452.0;9169.0;35283.0
433900;44441.0;9158.0;35283.0
434000;44424.5;9141.5;35283.0
434100;44474.0;9191.0;35283.0
434200;44463.0;9180.0;35283.0
434300;44503.0;9180.0;35323.0
434400;44514.0;9191.0;35323.0
434500;44394.0;9191.0;35203.0
434600;44503.0;9180.0;35323.0
434700;44503.0;9180.0;35323.0
434800;44548.5;9185.5;35363.0
434900;44532.0;9169.0;35363.0
435000;44532.0;9169.0;35363.0
435100;44303.0;9180.0;35123.0
435200;44653.0;9290.0;35363.0
435300;44554.0;9191.0;35363.0
435400;44604.0;9201.0;35403.0
435500;44724.0;9201.0;35523.0
435600;44604.0;9201.0;35403.0
435700;44588.0;9185.0;35403.0
435800;44652.0;9209.0;35443.0
435900;44640.0;9197.0;35443.0
436000;44644.0;9201.0;35443.0
436100;45044.0;9201.0;35843.0
436200;44520.0;9197.0;35323.0
436300;44684.0;9201.0;35483.0
436400;45204.0;9201.0;36003.0
436500;44804.0;9201.0;35603.0
436600;44692.0;9209.0;35483.0
436700;44668.0;9185.0;35483.0
436800;44724.0;9201.0;35523.0
436900;44644.0;9241.0;35403.0
437000;44724.0;9201.0;35523.0
437100;45272.0;9189.0;36083.0
437200;44596.0;9193.0;35403.0
437300;44596.0;9193.0;35403.0
437400;44648.0;9205.0;35443.0
437500;44756.0;9193.0;35563.0
437600;44624.0;9181.0;35443.0
437700;44916.0;9193.0;35723.0
437800;44800.0;9197.0;35603.0
437900;44788.0;9185.0;35603.0
438000;44788.0;9185.0;35603.0
438100;44908.0;9185.0;35723.0
438200;44788.0;9185.0;35603.0
438300;44828.0;9185.0;35643.0
438400;44820.0;9177.0;35643.0
438500;45220.0;9177.0;36043.0
438600;44820.0;9177.0;35643.0
438700;44820.0;9177.0;35643.0
438800;44764.0;9201.0;35563.0
438900;45420.0;9177.0;36243.0
439000;44980.0;9177.0;35803.0
439100;44895.0;9212.0;35683.0
439200;44895.0;9212.0;35683.0
439300;44954.5;9231.5;35723.0
439400;44935.0;9212.0;35723.0
439500;45055.0;9212.0;35843.0
439600;44954.5;9231.5;35723.0
439700;44928.5;9205.5;35723.0
439800;45015.0;9252.0;35763.0
439900;45045.0;9282.0;35763.0
440000;45045.0;9282.0;35763.0
440100;45605.0;9282.0;36323.0
440200;45045.0;9282.0;35763.0
440300;45106.0;9303.0;35803.0
440400;45106.0;9303.0;35803.0
440500;45106.0;9303.0;35803.0
440600;45649.0;9326.0;36323.0
440700;45143.0;9340.0;35803.0
440800;44581.0;9298.0;35283.0
440900;44874.0;9151.0;35723.0
441000;45201.0;9358.0;35843.0
441100;45165.0;9322.0;35843.0
441200;45138.0;9295.0;35843.0
441300;45334.0;9331.0;36003.0
441400;45076.0;9313.0;35763.0
441500;45196.0;9313.0;35883.0
441600;45178.0;9295.0;35883.0
441700;45356.0;9313.0;36043.0
441800;45074.0;9151.0;35923.0
441900;45299.5;9376.5;35923.0
442000;45228.0;9305.0;35923.0
442100;45283.0;9360.0;35923.0
442200;45327.0;9404.0;35923.0
442300;45279.0;9316.0;35963.0
442400;45279.0;9316.0;35963.0
442500;45262.5;9299.5;35963.0
442600;45164.5;9321.5;35843.0
442700;45470.0;9347.0;36123.0
442800;45238.5;9355.5;35883.0
442900;45333.0;9330.0;36003.0
443000;45378.0;9375.0;36003.0
443100;45399.0;9396.0;36003.0
443200;45420.0;9417.0;36003.0
443300;45168.0;9165.0;36003.0
443400;45559.0;9396.0;36163.0
443500;45439.0;9396.0;36043.0
443600;45559.0;9396.0;36163.0
443700;45439.0;9396.0;36043.0
443800;45479.0;9396.0;36083.0
443900;45479.0;9396.0;36083.0
444000;45224.0;9261.0;35963.0
444100;45612.5;9369.5;36243.0
444200;45938.0;9455.0;36483.0
444300;45578.0;9455.0;36123.0
444400;45578.0;9455.0;36123.0
444500;45578.0;9455.0;36123.0
444600;45537.0;9414.0;36123.0
444700;45578.0;9455.0;36123.0
444800;45659.0;9496.0;36163.0
444900;45659.0;9496.0;36163.0
445000;45674.0;9511.0;36163.0
445100;45554.0;9511.0;36043.0
445200;45625.0;9462.0;36163.0
445300;45224.0;9021.0;36203.0
445400;45665.0;9462.0;36203.0
445500;45714.0;9511.0;36203.0
445600;45665.0;9462.0;36203.0
445700;45665.0;9462.0;36203.0
445800;45705.0;9462.0;36243.0
445900;46314.0;9511.0;36803.0
446000;46240.5;9437.5;36803.0
446100;45705.0;9462.0;36243.0
446200;45705.0;9462.0;36243.0
446300;45598.0;9315.0;36283.0
446400;45745.0;9462.0;36283.0
446500;45551.5;9388.5;36163.0
446600;45818.5;9535.5;36283.0
446700;45745.0;9462.0;36283.0
446800;45393.0;9070.0;36323.0
446900;45736.0;9413.0;36323.0
447000;45295.0;8972.0;36323.0
447100;45738.5;9535.5;36203.0
447200;46324.0;10001.0;36323.0
447300;536092.0;499609.0;36483.0
447400;45705.0;9462.0;36243.0
447500;45825.0;9462.0;36363.0
447600;46418.5;9535.5;36883.0
447700;45825.0;9462.0;36363.0
447800;45846.0;9413.0;36433.0
447900;45831.5;9511.0;36320.5
448000;46231.5;9686.0;36545.5
448100;45762.0;9329.0;36433.0
448200;46063.5;9518.0;36545.5
448300;46059.0;9476.0;36583.0
448400;45946.5;9476.0;36470.5
448500;45946.5;9476.0;36470.5
448600;46363.5;9518.0;36845.5
448700;45967.5;9497.0;36470.5
448800;45501.0;9518.0;35983.0
448900;46068.0;9560.0;36508.0
449000;45942.0;9434.0;36508.0
449100;46040.0;9532.0;36508.0
449200;46040.0;9532.0;36508.0
449300;46077.5;9532.0;36545.5
449400;45958.5;9413.0;36545.5
449500;46077.5;9532.0;36545.5
449600;45965.0;9532.0;36433.0
449700;46111.5;9566.0;36545.5
449800;46098.0;9515.0;36583.0
449900;46002.5;9532.0;36470.5
450000;46115.0;9532.0;36583.0
450100;46064.0;9481.0;36583.0
450200;45921.5;9226.0;36695.5
450300;46231.0;9498.0;36733.0
450400;45846.5;9226.0;36620.5
450500;46118.5;9498.0;36620.5
450600;46231.0;9498.0;36733.0
450700;45846.5;9226.0;36620.5
450800;46071.0;9413.0;36658.0
450900;46336.5;9566.0;36770.5
451000;46077.5;9532.0;36545.5
451100;46139.0;9481.0;36658.0
451200;46156.0;9498.0;36658.0
451300;46193.5;9498.0;36695.5
451400;46227.5;9532.0;36695.5
451500;46210.5;9515.0;36695.5
451600;46108.5;9413.0;36695.5
451700;46647.0;9464.0;37183.0
451800;46378.5;9533.0;36845.5
451900;46266.0;9533.0;36733.0
452000;46222.5;9489.5;36733.0
452100;46668.5;9823.0;36845.5
452200;46139.0;9518.5;36620.5
452300;46406.5;9636.0;36770.5
452400;46388.5;9618.0;36770.5
452500;46424.5;9654.0;36770.5
452600;46501.0;9618.0;36883.0
452700;46388.5;9618.0;36770.5
452800;46714.0;9906.0;36808.0
452900;46250.5;9330.0;36920.5
453000;46859.5;9564.0;37295.5
453100;46372.0;9564.0;36808.0
453200;46354.0;9546.0;36808.0
453300;46391.5;9546.0;36845.5
453400;46397.5;9552.0;36845.5
453500;46427.5;9582.0;36845.5
453600;46397.5;9552.0;36845.5
453700;45724.0;9366.0;36358.0
453800;45907.0;9564.0;36343.0
453900;46719.0;9816.0;36903.0
454000;46455.0;9672.0;36783.0
454100;46395.0;9492.0;36903.0
454200;46515.0;9492.0;37023.0
454300;45951.0;9528.0;36423.0
454400;46459.0;9636.0;36823.0
454500;46402.0;9579.0;36823.0
454600;46465.0;9522.0;36943.0
454700;46465.0;9522.0;36943.0
454800;46467.0;9484.0;36983.0
454900;46606.0;9503.0;37103.0
455000;46505.0;9522.0;36983.0
455100;46625.0;9522.0;37103.0
455200;46505.0;9522.0;36983.0
455300;46659.0;9636.0;37023.0
455400;46545.0;9522.0;37023.0
455500;46545.0;9522.0;37023.0
455600;46545.0;9522.0;37023.0
455700;46583.0;9560.0;37023.0
455800;46851.0;9788.0;37063.0
455900;46655.0;9712.0;36943.0
456000;46655.0;9592.0;37063.0
456100;46613.0;9550.0;37063.0
456200;46613.0;9550.0;37063.0
456300;46653.0;9550.0;37103.0
456400;46710.0;9487.0;37223.0
456500;46989.0;9886.0;37103.0
456600;46653.0;9550.0;37103.0
456700;46653.0;9550.0;37103.0
456800;46672.0;9529.0;37143.0
456900;46735.0;9592.0;37143.0
457000;46798.0;9655.0;37143.0
457100;46735.0;9592.0;37143.0
457200;46735.0;9592.0;37143.0
457300;45893.0;9550.0;36343.0
457400;46775.0;9592.0;37183.0
457500;46775.0;9592.0;37183.0
457600;47175.0;9592.0;37583.0
457700;46775.0;9592.0;37183.0
457800;46815.0;9592.0;37223.0
457900;46878.0;9655.0;37223.0
458000;46815.0;9592.0;37223.0
458100;46815.0;9592.0;37223.0
458200;46695.0;9592.0;37103.0
458300;46954.0;9571.0;37383.0
458400;46897.0;9634.0;37263.0
458500;46825.0;9562.0;37263.0
458600;46897.0;9634.0;37263.0
458700;47682.0;9586.0;38096.0
458800;46928.0;9562.0;37366.0
458900;47000.0;9634.0;37366.0
459000;46616.0;9250.0;37366.0
459100;47072.0;9706.0;37366.0
459200;46952.0;9586.0;37366.0
459300;47386.0;9874.0;37512.0
459400;47170.0;9658.0;37512.0
459500;47359.0;10066.0;37293.0
459600;47117.5;9682.0;37435.5
459700;47213.5;9778.0;37435.5
459800;47074.5;9599.5;37475.0
459900;47074.5;9599.5;37475.0
460000;47100.0;9625.0;37475.0
460100;47151.0;9676.0;37475.0
460200;47218.5;9625.0;37593.5
460300;47139.5;9625.0;37514.5
460400;47139.5;9625.0;37514.5
460500;47114.0;9599.5;37514.5
460600;47139.5;9625.0;37514.5
460700;46970.0;9574.0;37396.0
460800;47137.0;9701.5;37435.5
460900;47587.0;10033.0;37554.0
461000;47587.0;10033.0;37554.0
461100;47128.0;9574.0;37554.0
461200;47706.5;9599.5;38107.0
461300;47269.5;9676.0;37593.5
461400;47269.5;9676.0;37593.5
461500;46861.5;9268.0;37593.5
461600;47151.0;9676.0;37475.0
461700;47269.5;9676.0;37593.5
461800;47427.5;9676.0;37751.5
461900;47492.0;9829.0;37663.0
462000;47339.0;9676.0;37663.0
462100;47517.5;9854.5;37663.0
462200;47339.0;9676.0;37663.0
462300;47857.0;9676.0;38181.0
462400;47017.5;9317.5;37700.0
462500;47388.0;9688.0;37700.0
462600;47647.0;9688.0;37959.0
462700;47783.5;9602.5;38181.0
462800;47485.0;9859.0;37626.0
462900;47257.0;9631.0;37626.0
463000;47425.0;9688.0;37737.0
463100;47593.0;9745.0;37848.0
463200;47536.0;9688.0;37848.0
463300;47405.0;9631.0;37774.0
463400;47573.0;9688.0;37885.0
463500;46895.0;9232.0;37663.0
463600;47462.0;9688.0;37774.0
463700;47698.5;9924.5;37774.0
463800;46997.0;9704.0;37293.0
463900;47446.0;9746.0;37700.0
464000;47612.0;9801.0;37811.0
464100;47723.0;9801.0;37922.0
464200;47529.5;9718.5;37811.0
464300;47886.0;10186.0;37700.0
464400;47483.0;9746.0;37737.0
464500;48130.0;9801.0;38329.0
464600;47649.0;9801.0;37848.0
464700;47676.5;9828.5;37848.0
464800;47631.0;9746.0;37885.0
464900;47742.0;9746.0;37996.0
465000;47631.0;9746.0;37885.0
465100;48204.0;9801.0;38403.0
465200;47549.5;9553.5;37996.0
465300;47668.0;9746.0;37922.0
465400;47668.0;9746.0;37922.0
465500;47710.0;9788.0;37922.0
465600;47721.0;9910.0;37811.0
465700;47721.0;9910.0;37811.0
465800;47919.0;9849.0;38070.0
465900;47491.0;9532.0;37959.0
466000;47307.0;9759.5;37547.5
466100;47712.5;9857.0;37855.5
466200;47878.5;9792.0;38086.5
466300;47828.0;9857.0;37971.0
466400;47801.5;9792.0;38009.5
466500;47686.0;9792.0;37894.0
466600;47736.5;9727.0;38009.5
466700;48321.5;10312.0;38009.5
466800;47659.5;9727.0;37932.5
466900;47742.5;9694.5;38048.0
467000;47840.0;9792.0;38048.0
467100;47840.0;9792.0;38048.0
467200;47840.0;9792.0;38048.0
467300;47911.0;9824.5;38086.5
467400;47813.5;9727.0;38086.5
467500;47813.5;9727.0;38086.5
467600;47813.5;9727.0;38086.5
467700;47813.5;9727.0;38086.5
467800;47442.5;9433.0;38009.5
467900;47891.0;9766.0;38125.0
468000;47817.0;9692.0;38125.0
468100;48004.0;9879.0;38125.0
468200;47938.0;9813.0;38125.0
468300;48362.5;10199.0;38163.5
468400;48083.5;9920.0;38163.5
468500;48052.5;9889.0;38163.5
468600;48468.5;9920.0;38548.5
468700;48237.5;9920.0;38317.5
468800;47769.0;10106.0;37663.0
468900;48153.0;9951.0;38202.0
469000;48060.0;9858.0;38202.0
469100;48060.0;9858.0;38202.0
469200;48060.0;9858.0;38202.0
469300;47851.5;9765.0;38086.5
469400;47040.0;9300.0;37740.0
469500;48152.0;9796.0;38356.0
469600;48005.5;9765.0;38240.5
469700;48098.5;9858.0;38240.5
469800;48261.0;9982.0;38279.0
469900;47959.5;9796.0;38163.5
470000;48044.0;9765.0;38279.0
470100;47959.5;9796.0;38163.5
470200;48075.0;9796.0;38279.0
470300;48113.5;9796.0;38317.5
470400;48109.0;10292.0;37817.0
470500;48020.5;9703.0;38317.5
470600;48206.5;9889.0;38317.5
470700;47613.0;9796.0;37817.0
470800;48214.0;9858.0;38356.0
470900;48368.0;9858.0;38510.0
471000;48098.5;9858.0;38240.5
471100;48825.5;10354.0;38471.5
471200;48546.5;10075.0;38471.5
471300;48802.0;10292.0;38510.0
471400;48252.5;9858.0;38394.5
471500;48159.5;9765.0;38394.5
471600;48864.0;10354.0;38510.0
471700;48252.5;9858.0;38394.5
471800;48406.5;9858.0;38548.5
471900;48333.0;9900.0;38433.0
472000;48333.0;9900.0;38433.0
472100;48401.0;9968.0;38433.0
472200;48422.0;9989.0;38433.0
472300;48460.5;9989.0;38471.5
472400;48865.0;10509.0;38356.0
472500;48673.5;10086.5;38587.0
472600;48428.0;9956.5;38471.5
472700;48623.0;10151.5;38471.5
472800;48448.5;10054.0;38394.5
472900;48090.0;10119.0;37971.0
473000;48819.0;9924.0;38895.0
473100;48661.5;10151.5;38510.0
473200;48517.0;9891.5;38625.5
473300;49122.5;10574.0;38548.5
473400;48389.5;9956.5;38433.0
473500;48602.5;10054.0;38548.5
473600;48700.0;10151.5;38548.5
473700;48602.5;10054.0;38548.5
473800;49026.0;10054.0;38972.0
473900;48641.0;10054.0;38587.0
474000;49026.0;10054.0;38972.0
474100;48756.5;10054.0;38702.5
474200;48623.0;10151.5;38471.5
474300;48744.5;10119.0;38625.5
474400;48679.5;10054.0;38625.5
474500;48629.0;10119.0;38510.0
474600;48596.5;10086.5;38510.0
474700;48647.0;10021.5;38625.5
474800;48783.0;10119.0;38664.0
474900;48783.0;10119.0;38664.0
475000;48963.5;10184.0;38779.5
475100;48978.0;10314.0;38664.0
475200;48667.5;10119.0;38548.5
475300;48937.0;10119.0;38818.0
475400;48937.0;10119.0;38818.0
475500;48886.5;10184.0;38702.5
475600;48951.5;10249.0;38702.5
475700;48984.0;10281.5;38702.5
475800;48990.0;10249.0;38741.0
475900;48874.5;10249.0;38625.5
476000;48990.0;10249.0;38741.0
476100;48451.0;10249.0;38202.0
476200;49040.5;10184.0;38856.5
476300;48874.5;10249.0;38625.5
476400;49629.0;10349.0;39280.0
476500;49163.5;10384.0;38779.5
476600;49058.5;10279.0;38779.5
476700;49142.5;10209.0;38933.5
476800;49706.0;10349.0;39357.0
476900;49016.5;10314.0;38702.5
477000;49051.5;10349.0;38702.5
477100;49432.0;10614.0;38818.0
477200;49273.0;10455.0;38818.0
477300;48885.0;10455.0;38430.0
477400;49325.0;10455.0;38870.0
477500;49813.0;10943.0;38870.0
477600;49291.5;10394.0;38897.5
477700;49291.5;10394.0;38897.5
477800;49268.0;10333.0;38935.0
477900;49441.5;10394.0;39047.5
478000;49420.5;10485.5;38935.0
478100;49420.5;10485.5;38935.0
478200;49329.0;10394.0;38935.0
478300;49366.5;10394.0;38972.5
478400;49366.5;10394.0;38972.5
478500;49336.0;10476.0;38860.0
478600;49490.5;10518.0;38972.5
478700;49456.0;10596.0;38860.0
478800;49528.0;10518.0;39010.0
478900;49112.0;10102.0;39010.0
479000;49744.5;10622.0;39122.5
479100;49580.0;10570.0;39010.0
479200;49632.0;10622.0;39010.0
479300;49617.5;10570.0;39047.5
479400;49565.5;10518.0;39047.5
479500;49487.5;10440.0;39047.5
479600;49392.0;10457.0;38935.0
479700;49579.5;10532.0;39047.5
479800;49567.0;10482.0;39085.0
479900;49517.0;10432.0;39085.0
480000;49567.0;10482.0;39085.0
480100;49917.5;10720.0;39197.5
480200;49710.5;10513.0;39197.5
480300;49934.5;10812.0;39122.5
480400;49566.5;10444.0;39122.5
480500;49566.5;10444.0;39122.5
480600;49454.0;10444.0;39010.0
480700;49716.5;10444.0;39272.5
480800;49650.0;10490.0;39160.0
480900;49650.0;10490.0;39160.0
481000;49077.5;10030.0;39047.5
481100;49537.5;10490.0;39047.5
481200;49673.0;10513.0;39160.0
481300;49846.0;10536.0;39310.0
481400;49777.0;10467.0;39310.0
481500;49227.5;10030.0;39197.5
481600;49733.5;10536.0;39197.5
481700;49733.5;10536.0;39197.5
481800;49771.0;10536.0;39235.0
481900;49894.0;10659.0;39235.0
482000;49813.0;10465.5;39347.5
482100;49958.0;10573.0;39385.0
482200;49958.0;10573.0;39385.0
482300;50035.0;10730.0;39305.0
482400;50075.0;10650.0;39425.0
482500;49915.0;10610.0;39305.0
482600;49950.0;10645.0;39305.0
482700;49420.0;10635.0;38785.0
482800;49785.0;10440.0;39345.0
482900;49980.0;10635.0;39345.0
483000;49465.0;10680.0;38785.0
483100;50025.0;10680.0;39345.0
483200;50025.0;10680.0;39345.0
483300;50065.0;10680.0;39385.0
483400;50714.0;10809.0;39905.0
483500;50138.0;10753.0;39385.0
483600;50085.5;10700.5;39385.0
483700;50406.0;10501.0;39905.0
483800;50062.5;10637.5;39425.0
483900;50073.0;10648.0;39425.0
484000;49953.0;10648.0;39305.0
484100;50073.0;10648.0;39425.0
484200;50115.0;10690.0;39425.0
484300;50052.0;10627.0;39425.0
484400;49635.0;10690.0;38945.0
484500;50486.0;10501.0;39985.0
484600;50134.0;10669.0;39465.0
484700;50060.5;10595.5;39465.0
484800;50174.0;10669.0;39505.0
484900;50195.0;10690.0;39505.0
485000;50184.5;10679.5;39505.0
485100;50184.5;10679.5;39505.0
485200;50153.0;10648.0;39505.0
485300;50193.0;10648.0;39545.0
485400;50193.0;10648.0;39545.0
485500;50214.0;10669.0;39545.0
485600;50115.0;10690.0;39425.0
485700;50214.0;10669.0;39545.0
485800;50296.0;10711.0;39585.0
485900;50254.0;10669.0;39585.0
486000;49814.0;10669.0;39145.0
486100;50254.0;10669.0;39585.0
486200;50675.0;10690.0;39985.0
486300;50325.5;10700.5;39625.0
486400;50414.0;10669.0;39745.0
486500;50153.0;10648.0;39505.0
486600;50273.0;10648.0;39625.0
486700;50337.5;10712.5;39625.0
486800;50191.0;10646.0;39545.0
486900;50191.0;10646.0;39545.0
487000;50330.0;10665.0;39665.0
487100;50172.0;10627.0;39545.0
487200;50433.0;10648.0;39785.0
487300;50353.0;10648.0;39705.0
487400;50353.0;10648.0;39705.0
487500;50380.0;10675.0;39705.0
487600;50371.0;10666.0;39705.0
487700;50447.0;10742.0;39705.0
487800;50367.0;10742.0;39625.0
487900;50461.0;10716.0;39745.0
488000;50461.0;10716.0;39745.0
488100;50477.0;10612.0;39865.0
488200;50461.0;10716.0;39745.0
488300;50380.0;10755.0;39625.0
488400;50551.0;10766.0;39785.0
488500;50401.0;10736.0;39665.0
488600;50506.0;10721.0;39785.0
488700;50431.0;10646.0;39785.0
488800;50561.0;10736.0;39825.0
488900;49751.0;10726.0;39025.0
489000;50541.0;10716.0;39825.0
489100;50566.0;10741.0;39825.0
489200;50546.0;10721.0;39825.0
489300;50611.0;10746.0;39865.0
489400;50616.0;10751.0;39865.0
489500;50736.0;10751.0;39985.0
489600;50618.5;10753.5;39865.0
489700;50683.0;10818.0;39865.0
489800;50742.0;10837.0;39905.0
489900;50846.0;10821.0;40025.0
490000;50728.0;10823.0;39905.0
490100;50730.0;10825.0;39905.0
490200;50728.0;10823.0;39905.0
490300;50888.0;10823.0;40065.0
490400;50764.0;10819.0;39945.0
490500;50768.0;10823.0;39945.0
490600;50763.0;10818.0;39945.0
490700;50768.0;10823.0;39945.0
490800;50808.0;10823.0;39985.0
490900;50248.0;10823.0;39425.0
491000;50246.0;10821.0;39425.0
491100;51368.0;10823.0;40545.0
491200;50806.0;10821.0;39985.0
491300;50968.0;10823.0;40145.0
491400;50844.0;10819.0;40025.0
491500;50846.0;10821.0;40025.0
491600;50848.0;10823.0;40025.0
491700;50850.0;10825.0;40025.0
491800;50888.0;10823.0;40065.0
491900;51448.0;10823.0;40625.0
492000;50446.0;10821.0;39625.0
492100;50886.0;10821.0;40065.0
492200;50884.0;10819.0;40065.0
492300;50720.0;10815.0;39905.0
492400;50926.0;10821.0;40105.0
492500;51046.0;10821.0;40225.0
492600;50403.0;10818.0;39585.0
492700;50927.0;10822.0;40105.0
492800;51086.0;10821.0;40265.0
492900;50966.0;10821.0;40145.0
493000;50848.0;10823.0;40025.0
493100;50968.0;10823.0;40145.0
493200;50970.0;10825.0;40145.0
493300;51012.0;10827.0;40185.0
493400;50888.0;10823.0;40065.0
493500;50448.0;10823.0;39625.0
493600;51008.0;10823.0;40185.0
493700;51009.0;10824.0;40185.0
493800;51167.0;10822.0;40345.0
493900;50882.0;10777.0;40105.0
494000;51056.0;10831.0;40225.0
494100;51056.0;10831.0;40225.0
494200;51056.0;10831.0;40225.0
494300;51117.0;10852.0;40265.0
494400;51117.0;10852.0;40265.0
494500;51132.0;10867.0;40265.0
494600;50997.0;10852.0;40145.0
494700;51087.0;10822.0;40265.0
494800;51277.0;10852.0;40425.0
494900;51157.0;10852.0;40305.0
495000;51157.0;10852.0;40305.0
495100;51557.0;10852.0;40705.0
495200;51157.0;10852.0;40305.0
495300;51317.0;10852.0;40465.0
495400;51069.5;10844.5;40225.0
495500;51197.0;10852.0;40345.0
495600;51174.5;10829.5;40345.0
495700;51062.0;10837.0;40225.0
495800;51184.5;10799.5;40385.0
495900;51117.0;10852.0;40265.0
496000;51117.0;10852.0;40265.0
496100;51237.0;10852.0;40385.0
496200;51079.5;10814.5;40265.0
496300;51262.0;10837.0;40425.0
496400;51172.0;10747.0;40425.0
496500;51292.0;10867.0;40425.0
496600;51337.0;10912.0;40425.0
496700;51292.0;10867.0;40425.0
496800;51332.0;10867.0;40465.0
496900;51339.5;10874.5;40465.0
497000;51892.0;10867.0;41025.0
497100;51227.0;10882.0;40345.0
497200;51212.0;10867.0;40345.0
497300;51227.0;10882.0;40345.0
497400;51357.0;10852.0;40505.0
497500;51252.0;10867.0;40385.0
497600;51492.0;10867.0;40625.0
497700;51372.0;10867.0;40505.0
497800;51412.0;10867.0;40545.0
497900;51344.5;10799.5;40545.0
498000;51412.0;10867.0;40545.0
498100;51434.5;10889.5;40545.0
498200;51412.0;10867.0;40545.0
498300;51452.0;10867.0;40585.0
498400;51482.0;10897.0;40585.0
498500;51964.5;10859.5;41105.0
498600;51467.0;10882.0;40585.0
498700;51467.0;10882.0;40585.0
498800;51418.5;10793.5;40625.0
498900;51549.5;10924.5;40625.0
499000;51569.0;10944.0;40625.0
499100;51569.0;10944.0;40625.0
499200;51569.0;10944.0;40625.0
499300;51569.0;10944.0;40625.0
499400;51722.5;10937.5;40785.0
499500;51583.0;10918.0;40665.0
499600;51609.0;10944.0;40665.0
499700;51769.0;10944.0;40825.0
499800;51649.0;10944.0;40705.0
499900;51649.0;10944.0;40705.0
500000;52089.5;10984.5;41105.0
500100;51667.0;10962.0;40705.0
500200;51565.0;10980.0;40585.0
500300;51738.5;10993.5;40745.0
500400;51738.5;10993.5;40745.0
500500;51738.5;10993.5;40745.0
500600;51845.0;10980.0;40865.0
500700;51725.0;10980.0;40745.0
500800;51765.0;10980.0;40785.0
500900;51885.0;10980.0;40905.0
501000;51765.0;10980.0;40785.0
501100;51765.0;10980.0;40785.0
501200;51774.0;10989.0;40785.0
501300;52205.0;10980.0;41225.0
501400;51814.0;10989.0;40825.0
501500;51829.0;11004.0;40825.0
501600;51834.0;11009.0;40825.0
501700;51994.0;11009.0;40985.0
501800;51874.0;11009.0;40865.0
501900;51737.5;10992.5;40745.0
502000;51885.0;11020.0;40865.0
502100;51908.0;11043.0;40865.0
502200;51908.0;11043.0;40865.0
502300;51949.5;11044.5;40905.0
502400;51949.0;11044.0;40905.0
502500;51829.0;11044.0;40785.0
502600;52069.0;11044.0;41025.0
502700;51962.0;11057.0;40905.0
502800;52003.5;11058.5;40945.0
502900;51882.0;11057.0;40825.0
503000;52002.0;11057.0;40945.0
503100;52006.0;11061.0;40945.0
503200;52577.0;11072.0;41505.0
503300;52060.0;11075.0;40985.0
503400;52177.0;11072.0;41105.0
503500;52057.0;11072.0;40985.0
503600;52059.0;11074.0;40985.0
503700;52059.0;11074.0;40985.0
503800;51979.0;11074.0;40905.0
503900;51979.0;11074.0;40905.0
504000;52099.0;11074.0;41025.0
504100;52099.0;11074.0;41025.0
504200;51301.0;11076.0;40225.0
504300;52101.0;11076.0;41025.0
504400;52138.0;11073.0;41065.0
504500;52138.0;11073.0;41065.0
504600;52138.0;11073.0;41065.0
504700;52141.0;11076.0;41065.0
504800;52181.0;11076.0;41105.0
504900;52181.0;11076.0;41105.0
505000;52179.0;11074.0;41105.0
505100;51741.0;11076.0;40665.0
505200;52301.0;11076.0;41225.0
505300;52341.0;11076.0;41265.0
505400;52221.0;11076.0;41145.0
505500;52224.0;11079.0;41145.0
505600;52103.0;11078.0;41025.0
505700;52741.0;11076.0;41665.0
505800;52263.0;11078.0;41185.0
505900;52381.0;11076.0;41305.0
506000;52261.0;11076.0;41185.0
506100;52381.0;11076.0;41305.0
506200;52380.0;11075.0;41305.0
506300;52306.0;11081.0;41225.0
506400;52303.0;11078.0;41225.0
506500;52183.0;11078.0;41105.0
506600;52287.0;11062.0;41225.0
506700;52303.0;11078.0;41225.0
506800;-948199.0;11096.0;-959295.0
506900;52341.0;11076.0;41265.0
507000;52343.0;11078.0;41265.0
507100;52343.0;11078.0;41265.0
507200;52343.0;11078.0;41265.0
507300;52386.0;11081.0;41305.0
507400;52380.0;11075.0;41305.0
507500;52261.0;11076.0;41185.0
507600;52264.0;11079.0;41185.0
507700;52381.0;11076.0;41305.0
507800;52405.0;11060.0;41345.0
507900;52389.0;11044.0;41345.0
508000;52307.5;11082.5;41225.0
508100;52438.0;11093.0;41345.0
508200;52438.0;11093.0;41345.0
508300;52478.0;11093.0;41385.0
508400;52478.0;11093.0;41385.0
508500;51958.0;11093.0;40865.0
508600;51968.5;11103.5;40865.0
508700;52478.0;11093.0;41385.0
508800;52648.5;11103.5;41545.0
508900;52638.0;11093.0;41545.0
509000;52588.0;11163.0;41425.0
509100;52398.0;11093.0;41305.0
509200;51968.5;11103.5;40865.0
509300;52422.5;11117.5;41305.0
509400;52558.0;11093.0;41465.0
509500;52692.0;11107.0;41585.0
509600;52565.0;11100.0;41465.0
509700;52732.0;11107.0;41625.0
509800;52612.0;11107.0;41505.0
509900;52612.0;11107.0;41505.0
510000;52563.0;11058.0;41505.0
510100;53235.0;11170.0;42065.0
510200;52619.0;11114.0;41505.0
510300;52659.0;11114.0;41545.0
510400;52634.5;11089.5;41545.0
510500;52659.0;11114.0;41545.0
510600;53158.0;11093.0;42065.0
510700;52652.0;11107.0;41545.0
510800;52699.0;11114.0;41585.0
510900;51822.0;11037.0;40785.0
511000;52178.0;11153.0;41025.0
511100;52527.0;11142.0;41385.0
511200;52167.0;11142.0;41025.0
511300;52607.0;11142.0;41465.0
511400;52767.0;11142.0;41625.0
511500;52778.0;11153.0;41625.0
511600;52866.0;11241.0;41625.0
511700;53340.0;11195.0;42145.0
511800;52307.5;11202.5;41105.0
511900;52865.0;11200.0;41665.0
512000;52860.0;11195.0;41665.0
512100;52860.0;11195.0;41665.0
512200;52852.5;11187.5;41665.0
512300;52895.0;11190.0;41705.0
512400;52900.0;11195.0;41705.0
512500;52926.5;11221.5;41705.0
512600;52938.0;11233.0;41705.0
512700;52927.0;11222.0;41705.0
512800;52981.0;11206.0;41775.0
512900;53021.0;11246.0;41775.0
513000;52948.5;11286.0;41662.5
513100;53189.5;11302.0;41887.5
513200;53069.0;11294.0;41775.0
513300;53106.5;11294.0;41812.5
513400;53098.5;11286.0;41812.5
513500;53034.5;11222.0;41812.5
513600;52978.0;11278.0;41700.0
513700;53248.5;11286.0;41962.5
513800;53200.0;11350.0;41850.0
513900;53087.5;11350.0;41737.5
514000;53248.5;11286.0;41962.5
514100;53015.5;11278.0;41737.5
514200;53015.5;11278.0;41737.5
514300;52710.0;11310.0;41400.0
514400;53117.5;11342.5;41775.0
514500;53210.5;11323.0;41887.5
514600;53165.0;11277.5;41887.5
514700;53210.5;11323.0;41887.5
514800;53248.0;11323.0;41925.0
514900;53261.0;11336.0;41925.0
515000;53235.0;11310.0;41925.0
515100;53347.5;11310.0;42037.5
515200;53235.0;11310.0;41925.0
515300;53285.5;11323.0;41962.5
515400;53279.0;11316.5;41962.5
515500;53192.5;11342.5;41850.0
515600;53285.5;11323.0;41962.5
515700;53323.0;11323.0;42000.0
515800;53323.0;11323.0;42000.0
515900;53342.5;11342.5;42000.0
516000;53310.0;11310.0;42000.0
516100;53358.0;11358.0;42000.0
516200;53338.0;11338.0;42000.0
516300;53483.5;11446.0;42037.5
516400;53411.5;11374.0;42037.5
516500;53403.5;11366.0;42037.5
516600;53283.0;11358.0;41925.0
516700;53407.5;11370.0;42037.5
516800;53320.5;11358.0;41962.5
516900;53557.5;11370.0;42187.5
517000;52908.0;11358.0;41550.0
517100;53537.5;11350.0;42187.5
517200;53457.0;11382.0;42075.0
517300;53350.5;11388.0;41962.5
517400;53992.5;11392.5;42600.0
517500;53505.0;11392.5;42112.5
517600;54213.0;11388.0;42825.0
517700;53500.5;11388.0;42112.5
517800;53428.5;11391.0;42037.5
517900;54069.0;11394.0;42675.0
518000;53431.5;11394.0;42037.5
518100;53541.0;11391.0;42150.0
518200;53428.5;11391.0;42037.5
518300;53091.0;11391.0;41700.0
518400;53575.5;11388.0;42187.5
518500;53086.5;11386.5;41700.0
518600;53578.5;11391.0;42187.5
518700;54066.0;11391.0;42675.0
518800;53619.0;11394.0;42225.0
518900;53619.0;11394.0;42225.0
519000;53616.0;11391.0;42225.0
519100;53619.0;11394.0;42225.0
519200;53509.5;11397.0;42112.5
519300;53656.5;11394.0;42262.5
519400;53656.5;11394.0;42262.5
519500;53656.5;11394.0;42262.5
519600;53658.0;11395.5;42262.5
519700;53697.0;11397.0;42300.0
519800;53274.0;11394.0;41880.0
519900;53714.0;11394.0;42320.0
520000;53717.0;11397.0;42320.0
520100;53756.0;11436.0;42320.0
520200;53751.5;11431.5;42320.0
520300;53636.0;11436.0;42200.0
520400;53676.0;11436.0;42240.0
520500;53796.0;11436.0;42360.0
520600;53793.0;11433.0;42360.0
520700;53953.0;11433.0;42520.0
520800;53833.0;11433.0;42400.0
520900;53953.0;11433.0;42520.0
521000;53830.0;11430.0;42400.0
521100;53957.5;11437.5;42520.0
521200;53957.5;11437.5;42520.0
521300;53876.0;11436.0;42440.0
521400;54396.0;11436.0;42960.0
521500;53876.0;11436.0;42440.0
521600;53876.0;11436.0;42440.0
521700;53873.0;11433.0;42440.0
521800;54514.0;11474.0;43040.0
521900;54515.0;11475.0;43040.0
522000;53955.0;11475.0;42480.0
522100;53835.0;11475.0;42360.0
522200;54059.5;11459.5;42600.0
522300;54007.0;11487.0;42520.0
522400;54127.0;11487.0;42640.0
522500;53992.0;11472.0;42520.0
522600;54127.0;11487.0;42640.0
522700;54007.0;11487.0;42520.0
522800;53922.0;11482.0;42440.0
522900;54052.0;11492.0;42560.0
523000;54042.0;11482.0;42560.0
523100;54042.0;11482.0;42560.0
523200;54024.5;11464.5;42560.0
523300;54034.5;11474.5;42560.0
523400;53962.0;11482.0;42480.0
523500;53962.0;11482.0;42480.0
523600;53937.0;11457.0;42480.0
523700;54082.0;11482.0;42600.0
523800;54002.0;11482.0;42520.0
523900;54127.0;11487.0;42640.0
524000;54162.0;11522.0;42640.0
524100;54122.0;11482.0;42640.0
524200;53994.5;11474.5;42520.0
524300;54154.5;11474.5;42680.0
524400;54322.0;11522.0;42800.0
524500;54162.0;11482.0;42680.0
524600;54162.0;11482.0;42680.0
524700;54162.0;11482.0;42680.0
524800;54082.0;11482.0;42600.0
524900;54317.0;11477.0;42840.0
525000;54762.0;11482.0;43280.0
525100;54202.0;11482.0;42720.0
525200;54202.0;11482.0;42720.0
525300;54086.0;11486.0;42600.0
525400;54034.0;11474.0;42560.0
525500;54366.0;11486.0;42880.0
525600;54372.0;11492.0;42880.0
525700;54600.0;11520.0;43080.0
525800;54320.0;11520.0;42800.0
525900;55120.0;11520.0;43600.0
526000;54320.0;11520.0;42800.0
526100;54320.0;11520.0;42800.0
526200;54320.0;11520.0;42800.0
526300;54200.0;11520.0;42680.0
526400;54360.0;11520.0;42840.0
526500;54845.0;11485.0;43360.0
526600;54380.0;11540.0;42840.0
526700;54370.0;11530.0;42840.0
526800;54340.0;11460.0;42880.0
526900;54420.0;11540.0;42880.0
527000;54540.0;11540.0;43000.0
527100;54430.0;11550.0;42880.0
527200;54110.0;11550.0;42560.0
527300;54780.0;11460.0;43320.0
527400;55060.0;11620.0;43440.0
527500;54320.0;11520.0;42800.0
527600;54440.0;11520.0;42920.0
527700;54450.0;11530.0;42920.0
527800;54465.0;11505.0;42960.0
527900;54370.0;11530.0;42840.0
528000;54595.0;11515.0;43080.0
528100;54510.0;11430.0;43080.0
528200;54412.5;11452.5;42960.0
528300;54625.0;11505.0;43120.0
528400;54520.0;11520.0;43000.0
528500;54520.0;11520.0;43000.0
528600;54022.5;11542.5;42480.0
528700;54695.0;11535.0;43160.0
528800;54537.5;11497.5;43040.0
528900;54545.0;11505.0;43040.0
529000;54560.0;11520.0;43040.0
529100;54560.0;11520.0;43040.0
529200;54567.5;11527.5;43040.0
529300;54585.0;11505.0;43080.0
529400;54450.0;11490.0;42960.0
529500;54570.0;11490.0;43080.0
529600;54585.0;11505.0;43080.0
529700;54592.5;11512.5;43080.0
529800;54640.0;11520.0;43120.0
529900;54670.0;11670.0;43000.0
530000;54745.0;11505.0;43240.0
530100;54640.0;11520.0;43120.0
530200;54640.0;11520.0;43120.0
530300;54800.0;11640.0;43160.0
530400;54680.0;11520.0;43160.0
530500;54680.0;11520.0;43160.0
530600;54702.5;11542.5;43160.0
530700;54725.0;11565.0;43160.0
530800;54585.0;11505.0;43080.0
530900;54840.0;11640.0;43200.0
531000;54720.0;11520.0;43200.0
531100;54600.0;11520.0;43080.0
531200;54600.0;11520.0;43080.0
531300;54745.0;11505.0;43240.0
531400;55287.5;11527.5;43760.0
531500;54745.0;11505.0;43240.0
531600;54767.5;11527.5;43240.0
531700;54785.0;11505.0;43280.0
531800;54785.0;11505.0;43280.0
531900;54665.0;11505.0;43160.0
532000;54642.5;11482.5;43160.0
532100;54785.0;11505.0;43280.0
532200;54770.0;11490.0;43280.0
532300;54686.0;11526.0;43160.0
532400;54744.0;11544.0;43200.0
532500;54846.0;11526.0;43320.0
532600;54864.0;11544.0;43320.0
532700;54726.0;11526.0;43200.0
532800;54940.0;11580.0;43360.0
532900;54874.0;11514.0;43360.0
533000;54874.0;11514.0;43360.0
533100;54856.0;11496.0;43360.0
533200;54862.0;11502.0;43360.0
533300;55308.0;11508.0;43800.0
533400;54902.0;11502.0;43400.0
533500;54902.0;11502.0;43400.0
533600;54902.0;11502.0;43400.0
533700;54855.5;11455.5;43400.0
533800;55748.0;11508.0;44240.0
533900;54933.0;11493.0;43440.0
534000;54253.0;11613.0;42640.0
534100;54738.5;11418.5;43320.0
534200;54906.0;11466.0;43440.0
534300;54946.0;11466.0;43480.0
534400;54343.0;11383.0;42960.0
534500;54918.0;11438.0;43480.0
534600;54918.0;11438.0;43480.0
534700;54907.0;11427.0;43480.0
534800;54685.5;11285.5;43400.0
534900;54945.0;11425.0;43520.0
535000;54825.0;11425.0;43400.0
535100;54945.0;11425.0;43520.0
535200;54898.5;11378.5;43520.0
535300;55105.0;11425.0;43680.0
535400;54872.0;11312.0;43560.0
535500;55097.0;11417.0;43680.0
535600;55064.5;11504.5;43560.0
535700;54857.0;11297.0;43560.0
535800;55011.0;11411.0;43600.0
535900;54954.0;11354.0;43600.0
536000;55011.0;11411.0;43600.0
536100;55053.0;11453.0;43600.0
536200;55085.0;11485.0;43600.0
536300;55245.0;11485.0;43760.0
536400;55581.0;11421.0;44160.0
536500;55093.0;11453.0;43640.0
536600;55205.0;11565.0;43640.0
536700;55026.0;11485.0;43541.0
536800;55148.0;11453.0;43695.0
536900;55116.0;11421.0;43695.0
537000;55116.0;11421.0;43695.0
537100;54657.0;11501.0;43156.0
537200;55169.0;11474.0;43695.0
537300;55207.5;11474.0;43733.5
537400;55071.0;11491.5;43579.5
537500;55172.5;11439.0;43733.5
537600;-910215.0;11439.0;-921654.0
537700;55225.0;11491.5;43733.5
537800;54966.0;11194.0;43772.0
537900;55263.5;11491.5;43772.0
538000;55785.0;11474.0;44311.0
538100;55246.0;11474.0;43772.0
538200;55044.0;11272.0;43772.0
538300;55858.0;11932.0;43926.0
538400;55302.5;11492.0;43810.5
538500;55302.5;11492.0;43810.5
538600;55522.5;11712.0;43810.5
538700;55687.5;11492.0;44195.5
538800;55341.0;11492.0;43849.0
538900;55297.0;11448.0;43849.0
539000;55184.0;11335.0;43849.0
539100;55135.0;11825.0;43310.0
539200;55674.0;11825.0;43849.0
539300;55144.5;11257.0;43887.5
539400;55038.0;11150.5;43887.5
539500;55925.5;12038.0;43887.5
539600;55215.5;11328.0;43887.5
539700;55369.5;11328.0;44041.5
539800;55183.0;11257.0;43926.0
539900;55254.0;11328.0;43926.0
540000;55183.0;11257.0;43926.0
540100;55312.5;11271.0;44041.5
540200;55736.0;11271.0;44465.0
540300;55089.5;11125.0;43964.5
540400;55045.0;11234.5;43810.5
540500;55047.0;11198.0;43849.0
540600;55162.5;11198.0;43964.5
540700;55162.5;11198.0;43964.5
540800;54735.0;11271.0;43464.0
540900;55274.0;11271.0;44003.0
541000;55237.5;11234.5;44003.0
541100;55456.5;11453.5;44003.0
541200;55310.5;11307.5;44003.0
541300;54655.5;10614.0;44041.5
541400;55551.5;11125.0;44426.5
541500;55355.0;11198.0;44157.0
541600;55320.5;11125.0;44195.5
541700;55130.0;11088.5;44041.5
541800;55162.5;11198.0;43964.5
541900;54848.5;11307.5;43541.0
542000;55862.0;11782.0;44080.0
542100;55337.5;11142.0;44195.5
542200;55106.5;11142.0;43964.5
542300;54860.5;10742.0;44118.5
542400;856416.0;812182.0;44234.0
542500;55180.5;11062.0;44118.5
542600;55180.5;11062.0;44118.5
542700;55180.5;11062.0;44118.5
542800;55139.0;10982.0;44157.0
542900;55613.0;11302.0;44311.0
543000;55219.0;11062.0;44157.0
543100;55334.5;11062.0;44272.5
543200;55758.0;11062.0;44696.0
543300;55257.5;11062.0;44195.5
543400;55897.5;11702.0;44195.5
543500;55118.0;10422.0;44696.0
543600;55897.5;11702.0;44195.5
543700;55137.5;10942.0;44195.5
543800;55296.0;11062.0;44234.0
543900;55411.5;11062.0;44349.5
544000;55216.0;10982.0;44234.0
544100;55216.0;10982.0;44234.0
544200;55971.5;11622.0;44349.5
544300;55254.5;10982.0;44272.5
544400;55254.5;10982.0;44272.5
544500;56134.5;11862.0;44272.5
544600;54614.5;10342.0;44272.5
544700;55639.5;10982.0;44657.5
544800;55293.0;10982.0;44311.0
544900;54754.0;10982.0;43772.0
545000;55293.0;10982.0;44311.0
545100;55415.0;11062.0;44353.0
545200;55455.0;11102.0;44353.0
545300;55475.0;10982.0;44493.0
545400;56120.0;11382.0;44738.0
545500;55475.0;10982.0;44493.0
545600;55410.0;11022.0;44388.0
545700;55450.0;11062.0;44388.0
545800;55405.0;10982.0;44423.0
545900;55395.0;10622.0;44773.0
546000;55565.0;11142.0;44423.0
546100;55485.0;11062.0;44423.0
546200;55485.0;11062.0;44423.0
546300;55360.0;10902.0;44458.0
546400;56080.0;11622.0;44458.0
546500;55295.0;10942.0;44353.0
546600;55600.0;11142.0;44458.0
546700;55415.0;11062.0;44353.0
546800;55540.0;10942.0;44598.0
546900;55475.0;10982.0;44493.0
547000;55370.0;10982.0;44388.0
547100;55370.0;10982.0;44388.0
547200;55315.0;10822.0;44493.0
547300;55590.0;11062.0;44528.0
547400;55430.0;10902.0;44528.0
547500;55590.0;11062.0;44528.0
547600;55510.0;10982.0;44528.0
547700;54870.0;10342.0;44528.0
547800;55545.0;10982.0;44563.0
547900;55545.0;10982.0;44563.0
548000;55232.5;11062.0;44170.5
548100;55565.0;10982.0;44583.0
548200;55485.0;10902.0;44583.0
548300;55682.5;11062.0;44620.5
548400;55435.0;10702.0;44733.0
548500;55762.5;11142.0;44620.5
548600;55570.0;11062.0;44508.0
548700;55682.5;11062.0;44620.5
548800;55720.0;11062.0;44658.0
548900;55975.0;10942.0;45033.0
549000;55720.0;11062.0;44658.0
549100;55527.5;10982.0;44545.5
549200;55800.0;11142.0;44658.0
549300;55837.5;11142.0;44695.5
549400;55767.5;11222.0;44545.5
549500;55837.5;11142.0;44695.5
549600;56405.0;11222.0;45183.0
549700;55837.5;11142.0;44695.5
549800;55875.0;11142.0;44733.0
549900;55875.0;11142.0;44733.0
550000;55955.0;11222.0;44733.0
550100;55875.0;11142.0;44733.0
550200;55435.0;10702.0;44733.0
550300;55912.5;11142.0;44770.5
550400;55832.5;11062.0;44770.5
550500;55832.5;11062.0;44770.5
550600;55832.5;11062.0;44770.5
550700;55832.5;11062.0;44770.5
550800;55950.0;11142.0;44808.0
550900;55950.0;11142.0;44808.0
551000;56590.0;11782.0;44808.0
551100;56070.0;11262.0;44808.0
551200;56062.5;11142.0;44920.5
551300;55987.5;11142.0;44845.5
551400;55950.0;11142.0;44808.0
551500;55450.0;11142.0;44308.0
551600;55850.0;11142.0;44708.0
551700;56010.0;11142.0;44868.0
551800;55890.0;10862.0;45028.0
551900;56610.0;11142.0;45468.0
552000;56250.0;11222.0;45028.0
552100;55970.0;11062.0;44908.0
552200;56050.0;11142.0;44908.0
552300;56210.0;11142.0;45068.0
552400;56330.0;11262.0;45068.0
552500;56290.0;11222.0;45068.0
552600;56290.0;10822.0;45468.0
552700;56050.0;11222.0;44828.0
552800;56970.0;11862.0;45108.0
552900;56130.0;11142.0;44988.0
553000;56850.0;11862.0;44988.0
553100;54770.0;10582.0;44188.0
553200;55970.0;11102.0;44868.0
553300;56330.0;11302.0;45028.0
553400;56330.0;11302.0;45028.0
553500;56330.0;11302.0;45028.0
553600;56330.0;11302.0;45028.0
553700;56410.0;11382.0;45028.0
553800;57010.0;11942.0;45068.0
553900;56250.0;11302.0;44948.0
554000;56010.0;10942.0;45068.0
554100;56250.0;11182.0;45068.0
554200;56250.0;11302.0;44948.0
554300;56370.0;11142.0;45228.0
554400;56330.0;11222.0;45108.0
554500;56210.0;11222.0;44988.0
554600;55890.0;11222.0;44668.0
554700;56090.0;10982.0;45108.0
554800;56250.0;11222.0;45028.0
554900;56450.0;11302.0;45148.0
555000;56490.0;11222.0;45268.0
555100;56290.0;11142.0;45148.0
555200;56930.0;11782.0;45148.0
555300;56330.0;11142.0;45188.0
555400;55650.0;10982.0;44668.0
555500;56290.0;11102.0;45188.0
555600;56370.0;11182.0;45188.0
555700;55890.0;11142.0;44748.0
555800;56530.0;11182.0;45348.0
555900;56290.0;11062.0;45228.0
556000;56370.0;11142.0;45228.0
556100;56290.0;11062.0;45228.0
556200;56210.0;10982.0;45228.0
556300;56250.0;11142.0;45108.0
556400;56930.0;11142.0;45788.0
556500;56490.0;11222.0;45268.0
556600;56490.0;11222.0;45268.0
556700;55970.0;11142.0;44828.0
556800;56530.0;11222.0;45308.0
556900;56530.0;11222.0;45308.0
557000;56450.0;11142.0;45308.0
557100;57330.0;11222.0;46108.0
557200;56610.0;11302.0;45308.0
557300;56530.0;11222.0;45308.0
557400;56650.0;11302.0;45348.0
557500;57290.0;11422.0;45868.0
557600;56530.0;11302.0;45228.0
557700;56586.0;11358.0;45228.0
557800;57738.0;11790.0;45948.0
557900;56866.0;11358.0;45508.0
558000;56938.0;11430.0;45508.0
558100;57034.0;11646.0;45388.0
558200;56746.0;11358.0;45388.0
558300;56858.0;11430.0;45428.0
558400;56858.0;11430.0;45428.0
558500;56858.0;11430.0;45428.0
558600;56858.0;11430.0;45428.0
558700;57018.0;11430.0;45588.0
558800;57298.0;11430.0;45868.0
558900;57226.0;11358.0;45868.0
559000;57546.0;12078.0;45468.0
559100;56814.0;11466.0;45348.0
559200;56898.0;11430.0;45468.0
559300;56866.0;11358.0;45508.0
559400;56826.0;10798.0;46028.0
559500;56826.0;11438.0;45388.0
559600;56946.0;11438.0;45508.0
559700;57106.0;11438.0;45668.0
559800;56706.0;11278.0;45428.0
559900;56906.0;11358.0;45548.0
560000;57626.0;12078.0;45548.0
560100;56906.0;11358.0;45548.0
560200;56786.0;11358.0;45428.0
560300;56946.0;11358.0;45588.0
560400;56946.0;11358.0;45588.0
560500;56826.0;11358.0;45468.0
560600;56826.0;11398.0;45428.0
560700;56986.0;11518.0;45468.0
560800;56706.0;11078.0;45628.0
560900;57066.0;11438.0;45628.0
561000;56946.0;11318.0;45628.0
561100;56546.0;11358.0;45188.0
561200;57066.0;11438.0;45628.0
561300;56746.0;11518.0;45228.0
561400;57306.0;11518.0;45788.0
561500;57346.0;11678.0;45668.0
561600;57106.0;11438.0;45668.0
561700;57186.0;11518.0;45668.0
561800;57266.0;11438.0;45828.0
561900;57066.0;11238.0;45828.0
562000;57146.0;11438.0;45708.0
562100;57306.0;11598.0;45708.0
562200;57346.0;11518.0;45828.0
562300;56986.0;11398.0;45588.0
562400;57386.0;11518.0;45868.0
562500;57386.0;11518.0;45868.0
562600;57146.0;11398.0;45748.0
562700;57346.0;11598.0;45748.0
562800;57306.0;11518.0;45788.0
562900;56906.0;11678.0;45228.0
563000;57266.0;11478.0;45788.0
563100;57386.0;11598.0;45788.0
563200;57306.0;11518.0;45788.0
563300;57346.0;11518.0;45828.0
563400;57586.0;11638.0;45948.0
563500;57546.0;11838.0;45708.0
563600;57426.0;11598.0;45828.0
563700;57426.0;11598.0;45828.0
563800;57466.0;11598.0;45868.0
563900;57466.0;11598.0;45868.0
564000;57466.0;11598.0;45868.0
564100;57346.0;11598.0;45748.0
564200;57586.0;11598.0;45988.0
564300;57546.0;11638.0;45908.0
564400;57506.0;11598.0;45908.0
564500;58026.0;12238.0;45788.0
564600;57386.0;11598.0;45788.0
564700;57266.0;11358.0;45908.0
564800;57666.0;11598.0;46068.0
564900;57266.0;11878.0;45388.0
565000;57666.0;11718.0;45948.0
565100;57306.0;11478.0;45828.0
565200;57586.0;11518.0;46068.0
565300;57506.0;11518.0;45988.0
565400;56786.0;10798.0;45988.0
565500;57506.0;11518.0;45988.0
565600;56866.0;10878.0;45988.0
565700;57506.0;11518.0;45988.0
565800;57466.0;11438.0;46028.0
565900;57546.0;11398.0;46148.0
566000;57626.0;11598.0;46028.0
566100;57186.0;11598.0;45588.0
566200;57466.0;11438.0;46028.0
566300;57506.0;11438.0;46068.0
566400;57626.0;11558.0;46068.0
566500;57506.0;11438.0;46068.0
566600;57386.0;11438.0;45948.0
566700;57506.0;11438.0;46068.0
566800;57306.0;11198.0;46108.0
566900;57546.0;11438.0;46108.0
567000;58106.0;11998.0;46108.0
567100;57346.0;11358.0;45988.0
567200;57466.0;11358.0;46108.0
567300;57776.0;11508.0;46268.0
567400;57726.0;11578.0;46148.0
567500;57586.0;11438.0;46148.0
567600;57711.0;11403.0;46308.0
567700;57656.0;11508.0;46148.0
567800;56931.0;11543.0;45388.0
567900;57576.0;11508.0;46068.0
568000;57696.0;11508.0;46188.0
568100;57801.0;11613.0;46188.0
568200;57696.0;11508.0;46188.0
568300;57736.0;11508.0;46228.0
568400;57736.0;11508.0;46228.0
568500;57616.0;11508.0;46108.0
568600;57736.0;11508.0;46228.0
568700;57736.0;11508.0;46228.0
568800;57776.0;11508.0;46268.0
568900;57846.0;11578.0;46268.0
569000;57811.0;11543.0;46268.0
569100;57846.0;11578.0;46268.0
569200;57881.0;11613.0;46268.0
569300;57816.0;11508.0;46308.0
569400;57816.0;11508.0;46308.0
569500;57656.0;11348.0;46308.0
569600;57964.0;11496.0;46468.0
569700;57804.0;11496.0;46308.0
569800;57844.0;11496.0;46348.0
569900;57918.0;11570.0;46348.0
570000;57874.0;11496.0;46378.0
570100;57874.0;11496.0;46378.0
570200;57800.0;11422.0;46378.0
570300;58024.0;11496.0;46528.0
570400;57911.5;11496.0;46415.5
570500;57985.5;11570.0;46415.5
570600;57911.5;11496.0;46415.5
570700;57985.5;11570.0;46415.5
570800;58023.0;11570.0;46453.0
570900;57498.0;11570.0;45928.0
571000;57986.0;11533.0;46453.0
571100;58689.0;12236.0;46453.0
571200;58689.0;12236.0;46453.0
571300;58134.5;11644.0;46490.5
571400;58134.5;11644.0;46490.5
571500;58696.0;11718.0;46978.0
571600;58022.0;11644.0;46378.0
571700;58097.5;11607.0;46490.5
571800;57985.5;11570.0;46415.5
571900;58059.5;11644.0;46415.5
572000;57358.0;10830.0;46528.0
572100;58172.0;11644.0;46528.0
572200;58172.0;11644.0;46528.0
572300;58357.5;11792.0;46565.5
572400;58209.5;11644.0;46565.5
572500;58171.0;11718.0;46453.0
572600;58209.5;11644.0;46565.5
572700;58283.5;11718.0;46565.5
572800;58433.5;11718.0;46715.5
572900;58247.0;11644.0;46603.0
573000;58268.0;11665.0;46603.0
573100;58229.5;11626.5;46603.0
573200;58576.0;11973.0;46603.0
573300;58267.0;11626.5;46640.5
573400;58305.5;11665.0;46640.5
573500;57888.0;11665.0;46223.0
573600;58366.5;11703.5;46663.0
573700;58888.0;11665.0;47223.0
573800;58291.0;11588.0;46703.0
573900;58411.0;11588.0;46823.0
574000;58425.0;11602.0;46823.0
574100;58340.0;11637.0;46703.0
574200;58340.0;11637.0;46703.0
574300;58324.0;11581.0;46743.0
574400;58324.0;11581.0;46743.0
574500;58396.5;11773.5;46623.0
574600;58897.0;12274.0;46623.0
574700;58281.0;11658.0;46623.0
574800;58484.0;11581.0;46903.0
574900;58364.0;11581.0;46783.0
575000;58364.0;11581.0;46783.0
575100;58420.0;12197.0;46223.0
575200;58518.0;11735.0;46783.0
575300;58441.0;11658.0;46783.0
575400;58244.0;11581.0;46663.0
575500;58476.5;11773.5;46703.0
575600;58558.0;11735.0;46823.0
575700;58795.0;11812.0;46983.0
575800;58516.5;11773.5;46743.0
575900;59214.0;12351.0;46863.0
576000;58521.0;11658.0;46863.0
576100;58362.5;11619.5;46743.0
576200;58482.5;11619.5;46863.0
576300;58758.0;11735.0;47023.0
576400;-947482.0;11735.0;-959217.0
576500;58198.0;11735.0;46463.0
576600;-947482.0;11735.0;-959217.0
576700;58594.5;11531.5;47063.0
576800;58672.0;11729.0;46943.0
576900;58672.0;11729.0;46943.0
577000;58751.0;11808.0;46943.0
577100;59383.0;12440.0;46943.0
577200;58552.0;11729.0;46823.0
577300;58791.0;11808.0;46983.0
577400;58909.5;11926.5;46983.0
577500;58791.0;11808.0;46983.0
577600;58712.0;11729.0;46983.0
577700;58791.0;11808.0;46983.0
577800;58872.0;11729.0;47143.0
577900;58592.5;11689.5;46903.0
578000;59631.0;11808.0;47823.0
578100;58790.0;11887.0;46903.0
578200;58831.0;11808.0;47023.0
578300;58431.0;11808.0;46623.0
578400;59216.5;12153.5;47063.0
578500;58684.0;11741.0;46943.0
578600;58294.0;11351.0;46943.0
578700;58814.0;11751.0;47063.0
578800;58854.0;11751.0;47103.0
578900;59614.0;12391.0;47223.0
579000;59454.0;12231.0;47223.0
579100;58854.0;11751.0;47103.0
579200;58574.0;11591.0;46983.0
579300;58934.0;11791.0;47143.0
579400;58054.0;11751.0;46303.0
579500;59454.0;11791.0;47663.0
579600;59026.5;11671.0;47355.5
579700;58960.5;11751.0;47209.5
579800;58917.0;11671.0;47246.0
579900;59637.0;12391.0;47246.0
580000;58917.0;11671.0;47246.0
580100;58917.0;11671.0;47246.0
580200;58917.0;11671.0;47246.0
580300;58472.0;11671.0;46801.0
580400;58992.0;11671.0;47321.0
580500;58952.0;11751.0;47201.0
580600;59072.0;11751.0;47321.0
580700;59032.0;11671.0;47361.0
580800;59552.0;12191.0;47361.0
580900;58912.0;11551.0;47361.0
581000;58992.0;11631.0;47361.0
581100;58992.0;11631.0;47361.0
581200;59192.0;11831.0;47361.0
581300;59952.0;12551.0;47401.0
581400;59152.0;11751.0;47401.0
581500;59912.0;12391.0;47521.0
581600;59152.0;11751.0;47401.0
581700;59352.0;11951.0;47401.0
581800;59192.0;11751.0;47441.0
581900;59072.0;11751.0;47321.0
582000;58312.0;10871.0;47441.0
582100;59072.0;11831.0;47241.0
582200;59112.0;11671.0;47441.0
582300;60112.0;12631.0;47481.0
582400;59152.0;11831.0;47321.0
582500;59312.0;11831.0;47481.0
582600;59392.0;11751.0;47641.0
582700;59232.0;11751.0;47481.0
582800;59272.0;11751.0;47521.0
582900;59272.0;11751.0;47521.0
583000;59352.0;11831.0;47521.0
583100;59432.0;11911.0;47521.0
583200;59729.5;12328.5;47401.0
583300;59619.0;11938.0;47681.0
583400;59747.5;12186.5;47561.0
583500;59463.5;11902.5;47561.0
583600;59499.0;11938.0;47561.0
583700;59499.0;11938.0;47561.0
583800;59539.0;11938.0;47601.0
583900;59588.0;11987.0;47601.0
584000;59680.0;12079.0;47601.0
584100;59520.0;11919.0;47601.0
584200;59760.0;12159.0;47601.0
584300;59680.0;11519.0;48161.0
584400;59902.0;12239.0;47663.0
584500;59182.0;11519.0;47663.0
584600;59708.0;12159.0;47549.0
584700;59182.0;11519.0;47663.0
584800;59780.0;12079.0;47701.0
584900;59940.0;12239.0;47701.0
585000;59820.0;12119.0;47701.0
585100;60857.0;12624.0;48233.0
585200;59875.0;12174.0;47701.0
585300;59913.0;12174.0;47739.0
585400;59875.5;12136.5;47739.0
585500;59838.0;12099.0;47739.0
585600;59913.0;12174.0;47739.0
585700;59838.0;12099.0;47739.0
585800;59876.0;12099.0;47777.0
585900;59761.0;12174.0;47587.0
586000;59801.0;12024.0;47777.0
586100;59801.0;12024.0;47777.0
586200;59876.0;12099.0;47777.0
586300;60636.0;12099.0;48537.0
586400;59837.0;12174.0;47663.0
586500;59914.0;12099.0;47815.0
586600;59914.0;12099.0;47815.0
586700;59800.0;12099.0;47701.0
586800;59952.0;12099.0;47853.0
586900;59952.0;12099.0;47853.0
587000;59952.0;12099.0;47853.0
587100;59952.0;12099.0;47853.0
587200;60407.0;12174.0;48233.0
587300;59990.0;12099.0;47891.0
587400;59990.0;12099.0;47891.0
587500;60551.0;12774.0;47777.0
587600;59571.0;12174.0;47397.0
587700;59990.0;12099.0;47891.0
587800;60028.0;12099.0;47929.0
587900;59915.5;11986.5;47929.0
588000;60067.0;12024.0;48043.0
588100;59914.0;12099.0;47815.0
588200;59428.0;11499.0;47929.0
588300;59914.0;12099.0;47815.0
588400;60446.0;12099.0;48347.0
588500;59953.5;11986.5;47967.0
588600;59991.0;12024.0;47967.0
588700;60263.0;12144.0;48119.0
588800;60189.0;12184.0;48005.0
588900;60189.0;12184.0;48005.0
589000;60648.0;12529.0;48119.0
589100;60238.0;12233.0;48005.0
589200;60386.0;12381.0;48005.0
589300;60424.0;12381.0;48043.0
589400;60165.0;12122.0;48043.0
589500;60353.0;12196.0;48157.0
589600;60017.0;11974.0;48043.0
589700;60239.0;12196.0;48043.0
589800;60203.0;12122.0;48081.0
589900;59745.0;12196.0;47549.0
590000;60277.0;12196.0;48081.0
590100;60375.0;12294.0;48081.0
590200;60298.0;12217.0;48081.0
590300;60567.0;12448.0;48119.0
590400;60394.0;12140.0;48254.0
590500;60471.0;12217.0;48254.0
590600;60284.5;12140.0;48144.5
590700;60175.0;12140.0;48035.0
590800;60128.5;11947.5;48181.0
590900;60430.5;12140.0;48290.5
591000;60937.0;12756.0;48181.0
591100;60321.0;12140.0;48181.0
591200;60436.5;12255.5;48181.0
591300;60211.5;12140.0;48071.5
591400;60357.5;12140.0;48217.5
591500;59741.5;11524.0;48217.5
591600;60357.5;12140.0;48217.5
591700;60973.5;12756.0;48217.5
591800;61196.5;12833.0;48363.5
591900;60509.5;12255.5;48254.0
592000;60037.0;12294.0;47743.0
592100;60548.0;12294.0;48254.0
592200;60471.0;12217.0;48254.0
592300;61046.5;12756.0;48290.5
592400;59814.5;11524.0;48290.5
592500;60655.5;12255.5;48400.0
592600;60392.0;12101.5;48290.5
592700;60064.5;11774.0;48290.5
592800;60461.0;12134.0;48327.0
592900;60341.0;12014.0;48327.0
593000;59941.0;11614.0;48327.0
593100;60701.0;12374.0;48327.0
593200;60421.0;12094.0;48327.0
593300;60497.5;12134.0;48363.5
593400;60972.0;12134.0;48838.0
593500;60388.0;12134.0;48254.0
593600;60497.5;12134.0;48363.5
593700;860423.0;812534.0;47889.0
593800;60424.5;12134.0;48290.5
593900;60454.0;12054.0;48400.0
594000;60214.0;11814.0;48400.0
594100;60294.0;11894.0;48400.0
594200;60374.0;11974.0;48400.0
594300;59984.5;11694.0;48290.5
594400;60490.5;12054.0;48436.5
594500;59850.5;11414.0;48436.5
594600;60610.5;12174.0;48436.5
594700;60570.5;12134.0;48436.5
594800;61118.0;12134.0;48984.0
594900;61118.0;12134.0;48984.0
595000;60607.0;12134.0;48473.0
595100;61118.0;12134.0;48984.0
595200;61038.0;12054.0;48984.0
595300;60541.0;12214.0;48327.0
595400;60723.5;12214.0;48509.5
595500;60753.0;12134.0;48619.0
595600;60763.5;12254.0;48509.5
595700;60923.5;12414.0;48509.5
595800;60760.0;12214.0;48546.0
595900;60760.0;12214.0;48546.0
596000;60840.0;12294.0;48546.0
596100;60760.0;12214.0;48546.0
596200;60570.5;12134.0;48436.5
596300;60796.5;12214.0;48582.5
596400;60876.5;12294.0;48582.5
596500;60567.0;12094.0;48473.0
596600;60676.5;12094.0;48582.5
596700;60796.5;12214.0;48582.5
596800;60142.5;11414.0;48728.5
596900;61344.0;12214.0;49130.0
597000;60953.0;12334.0;48619.0
597100;60101.0;11774.0;48327.0
597200;60843.5;12334.0;48509.5
597300;60229.5;11574.0;48655.5
597400;60619.0;11854.0;48765.0
597500;60989.5;12334.0;48655.5
597600;61424.0;12294.0;49130.0
597700;60949.5;12294.0;48655.5
597800;60956.5;12374.0;48582.5
597900;61066.0;12374.0;48692.0
598000;61066.0;12374.0;48692.0
598100;61026.0;12334.0;48692.0
598200;61255.5;12454.0;48801.5
598300;61262.5;12534.0;48728.5
598400;61182.5;12454.0;48728.5
598500;61182.5;12454.0;48728.5
598600;61342.5;12614.0;48728.5
598700;61260.5;12386.0;48874.5
598800;61227.0;12462.0;48765.0
598900;61227.0;12462.0;48765.0
599000;61227.0;12462.0;48765.0
599100;61227.0;12462.0;48765.0
599200;61113.0;12348.0;48765.0
599300;61041.5;12386.0;48655.5
599400;60921.5;12120.0;48801.5
599500;61149.5;12348.0;48801.5
599600;61263.5;12462.0;48801.5
599700;61263.5;12462.0;48801.5
599800;61300.0;12462.0;48838.0
599900;60684.0;12576.0;48108.0
600000;61300.0;12462.0;48838.0
600100;61300.0;12462.0;48838.0
600200;60865.0;12538.0;48327.0
600300;61300.0;12462.0;48838.0
600400;60576.5;11702.0;48874.5
600500;61369.5;12462.0;48907.5
600600;61411.5;12504.0;48907.5
600700;60898.0;12504.0;48394.0
600800;61311.0;12364.0;48947.0
600900;61486.0;12539.0;48947.0
601000;61311.0;12364.0;48947.0
601100;61311.0;12364.0;48947.0
601200;61556.0;12609.0;48947.0
601300;61219.5;12154.0;49065.5
601400;61682.5;12854.0;48828.5
601500;61350.5;12364.0;48986.5
601600;61403.5;12259.0;49144.5
601700;61297.5;12469.0;48828.5
601800;62503.0;12924.0;49579.0
601900;61578.5;12434.0;49144.5
602000;61578.5;12434.0;49144.5
602100;61578.5;12434.0;49144.5
602200;61495.0;12469.0;49026.0
602300;61271.5;12364.0;48907.5
602400;61324.5;12259.0;49065.5
602500;61499.5;12434.0;49065.5
602600;61587.5;12364.0;49223.5
602700;61679.0;12574.0;49105.0
602800;61469.0;12364.0;49105.0
602900;61189.0;12084.0;49105.0
603000;60846.0;12294.0;48552.0
603100;61399.0;12294.0;49105.0
603200;61399.0;12294.0;49105.0
603300;61342.5;12119.0;49223.5
603400;61298.5;12154.0;49144.5
603500;61473.5;12329.0;49144.5
603600;61771.5;12469.0;49302.5
603700;61408.0;12224.0;49184.0
603800;61478.0;12294.0;49184.0
603900;61478.0;12294.0;49184.0
604000;61596.5;12294.0;49302.5
604100;61359.5;12294.0;49065.5
604200;61783.0;12599.0;49184.0
604300;61538.5;12236.0;49302.5
604400;61459.5;12236.0;49223.5
604500;61459.5;12236.0;49223.5
604600;61558.5;12335.0;49223.5
604700;61499.0;12236.0;49263.0
604800;61551.5;12170.0;49381.5
604900;61565.0;12302.0;49263.0
605000;61565.0;12302.0;49263.0
605100;61565.0;12302.0;49263.0
605200;61433.0;12170.0;49263.0
605300;61565.0;12302.0;49263.0
605400;61538.5;12236.0;49302.5
605500;61505.5;12203.0;49302.5
605600;61604.5;12302.0;49302.5
605700;61663.5;12203.0;49460.5
605800;61644.0;12302.0;49342.0
605900;61696.5;12236.0;49460.5
606000;61743.0;12401.0;49342.0
606100;61644.0;12302.0;49342.0
606200;62172.0;12830.0;49342.0
606300;61644.0;12302.0;49342.0
606400;61683.5;12302.0;49381.5
606500;61683.5;12302.0;49381.5
606600;61775.5;12236.0;49539.5
606700;61604.5;12302.0;49302.5
606800;60933.0;12302.0;48631.0
606900;61703.5;12401.0;49302.5
607000;61604.5;12302.0;49302.5
607100;61723.0;12302.0;49421.0
607200;61744.0;12323.0;49421.0
607300;61744.0;12323.0;49421.0
607400;61783.5;12323.0;49460.5
607500;61807.5;12228.5;49579.0
607600;61818.5;12358.0;49460.5
607700;61637.5;12256.0;49381.5
607800;62520.5;12902.0;49618.5
607900;61926.0;12426.0;49500.0
608000;61858.0;12358.0;49500.0
608100;61858.0;12358.0;49500.0
608200;62096.0;12596.0;49500.0
608300;61926.0;12426.0;49500.0
608400;62169.5;12630.0;49539.5
608500;61915.0;12494.0;49421.0
608600;61807.5;12426.0;49381.5
608700;62225.5;12528.0;49697.5
608800;62790.0;12816.0;49974.0
608900;62054.0;12475.0;49579.0
609000;62731.0;12599.0;50132.0
609100;61377.0;12351.0;49026.0
609200;62028.5;12568.0;49460.5
609300;62085.0;12506.0;49579.0
609400;62305.0;12568.0;49737.0
609500;62248.5;12630.0;49618.5
609600;62186.5;12568.0;49618.5
609700;62552.0;12894.0;49658.0
609800;62300.0;12642.0;49658.0
609900;62356.0;12698.0;49658.0
610000;62362.5;12586.0;49776.5
610100;62418.5;12642.0;49776.5
610200;62362.5;12586.0;49776.5
610300;62244.0;12586.0;49658.0
610400;62255.5;12558.0;49697.5
610500;62227.5;12530.0;49697.5
610600;62218.0;13034.0;49184.0
610700;62323.0;12586.0;49737.0
610800;62323.0;12586.0;49737.0
610900;62323.0;12586.0;49737.0
611000;62491.0;12754.0;49737.0
611100;62379.0;12642.0;49737.0
611200;62379.0;12642.0;49737.0
611300;62267.0;12530.0;49737.0
611400;62918.0;12628.0;50290.0
611500;62379.5;12603.0;49776.5
611600;62962.5;13028.0;49934.5
611700;62360.5;12663.0;49697.5
611800;62710.0;12775.5;49934.5
611900;62569.0;12753.0;49816.0
612000;62737.0;12921.0;49816.0
612100;62565.0;12749.0;49816.0
612200;62683.5;12749.0;49934.5
612300;62129.0;12749.0;49380.0
612400;62569.0;12749.0;49820.0
612500;62793.5;12813.5;49980.0
612600;62609.0;12749.0;49860.0
612700;62649.0;12749.0;49900.0
612800;62649.0;12749.0;49900.0
612900;62649.0;12749.0;49900.0
613000;62649.0;12749.0;49900.0
613100;62649.0;12749.0;49900.0
613200;62769.0;12749.0;50020.0
613300;62305.0;12405.0;49900.0
613400;63209.0;12749.0;50460.0
613500;62581.5;12641.5;49940.0
613600;62689.0;12749.0;49940.0
613700;62169.0;12749.0;49420.0
613800;62945.0;12405.0;50540.0
613900;62729.0;12749.0;49980.0
614000;62545.0;12405.0;50140.0
614100;62729.0;12749.0;49980.0
614200;62566.0;12706.0;49860.0
614300;62686.0;12706.0;49980.0
614400;62566.0;12706.0;49860.0
614500;62640.0;12620.0;50020.0
614600;62683.0;12663.0;50020.0
614700;62723.0;12663.0;50060.0
614800;62766.0;12706.0;50060.0
614900;62603.0;12663.0;49940.0
615000;62723.0;12663.0;50060.0
615100;62723.0;12663.0;50060.0
615200;63218.5;12598.5;50620.0
615300;62723.0;12663.0;50060.0
615400;62947.5;12727.5;50220.0
615500;62763.0;12663.0;50100.0
615600;62958.0;12698.0;50260.0
615700;62766.0;12746.0;50020.0
615800;62886.0;12746.0;50140.0
615900;63046.0;12746.0;50300.0
616000;62982.0;12842.0;50140.0
616100;63054.0;12794.0;50260.0
616200;62374.0;12794.0;49580.0
616300;63398.0;12698.0;50700.0
616400;62926.0;12746.0;50180.0
616500;63094.0;12794.0;50300.0
616600;62998.0;12818.0;50180.0
616700;63134.0;12794.0;50340.0
616800;62966.0;12746.0;50220.0
616900;63134.0;12794.0;50340.0
617000;62846.0;12746.0;50100.0
617100;63574.0;12794.0;50780.0
617200;63366.0;12746.0;50620.0
617300;62966.0;12746.0;50220.0
617400;63126.0;12746.0;50380.0
617500;63126.0;12746.0;50380.0
617600;63054.0;12794.0;50260.0
617700;63166.0;12746.0;50420.0
617800;63094.0;12794.0;50300.0
617900;63262.0;12842.0;50420.0
618000;62998.0;12698.0;50300.0
618100;63654.0;12794.0;50860.0
618200;62198.0;12698.0;49500.0
618300;63046.0;12746.0;50300.0
618400;63158.0;12698.0;50460.0
618500;62942.0;12722.0;50220.0
618600;62518.0;12698.0;49820.0
618700;63346.0;12966.0;50380.0
618800;63208.0;12708.0;50500.0
618900;63088.0;12708.0;50380.0
619000;62744.0;12364.0;50380.0
619100;63088.0;12708.0;50380.0
619200;63023.5;12643.5;50380.0
619300;63109.5;12729.5;50380.0
619400;62925.0;12665.0;50260.0
619500;63080.5;12622.0;50458.5
619600;63166.5;12708.0;50458.5
619700;63007.5;12622.0;50385.5
619800;63224.5;12729.5;50495.0
619900;63269.5;12665.0;50604.5
620000;63160.0;12665.0;50495.0
620100;63160.0;12665.0;50495.0
620200;63269.5;12665.0;50604.5
620300;63160.0;12665.0;50495.0
620400;63306.0;12665.0;50641.0
620500;62722.0;12665.0;50057.0
620600;63218.0;12686.5;50531.5
620700;62728.5;12270.0;50458.5
620800;63611.0;12678.0;50933.0
620900;63706.0;12627.0;51079.0
621000;63246.0;12678.0;50568.0
621100;63195.0;12627.0;50568.0
621200;63195.0;12627.0;50568.0
621300;63195.0;12627.0;50568.0
621400;63231.5;12627.0;50604.5
621500;63180.5;12576.0;50604.5
621600;63140.5;12499.5;50641.0
621700;63140.5;12499.5;50641.0
621800;62809.0;12168.0;50641.0
621900;63217.0;12576.0;50641.0
622000;63166.0;12525.0;50641.0
622100;63319.0;12678.0;50641.0
622200;63268.0;12627.0;50641.0
622300;63217.0;12576.0;50641.0
622400;63439.5;12652.5;50787.0
622500;63253.5;12576.0;50677.5
622600;63253.5;12576.0;50677.5
622700;63302.5;12588.5;50714.0
622800;62834.5;12011.0;50823.5
622900;63385.0;12671.0;50714.0
623000;63412.5;12698.5;50714.0
623100;63440.0;12726.0;50714.0
623200;63494.5;12671.0;50823.5
623300;63494.5;12671.0;50823.5
623400;62999.0;12231.0;50768.0
623500;63472.5;12671.0;50801.5
623600;63472.5;12671.0;50801.5
623700;63975.0;12671.0;51304.0
623800;63396.0;12561.0;50835.0
623900;63561.0;12726.0;50835.0
624000;63661.5;12726.0;50935.5
624100;63561.0;12726.0;50835.0
624200;63661.5;12726.0;50935.5
624300;63561.0;12726.0;50835.0
624400;63653.0;12918.5;50734.5
624500;63587.5;12719.0;50868.5
624600;63685.5;12817.0;50868.5
624700;63719.0;12817.0;50902.0
624800;63618.5;12817.0;50801.5
624900;63768.0;12866.0;50902.0
625000;63667.5;12866.0;50801.5
625100;63841.5;12939.5;50902.0
625200;63817.0;12915.0;50902.0
625300;63817.0;12915.0;50902.0
625400;63850.5;12915.0;50935.5
625500;64286.0;12915.0;51371.0
625600;63984.5;12915.0;51069.5
625700;63933.0;12964.0;50969.0
625800;63884.0;12915.0;50969.0
625900;63734.5;12866.0;50868.5
626000;64092.0;13123.0;50969.0
626100;63894.0;12925.0;50969.0
626200;63793.5;12925.0;50868.5
626300;64702.5;13365.0;51337.5
626400;64028.0;12925.0;51103.0
626500;63927.5;12925.0;51002.5
626600;63993.5;12991.0;51002.5
626700;63961.0;12925.0;51036.0
626800;63961.0;12925.0;51036.0
626900;63961.0;12925.0;51036.0
627000;63816.5;12881.0;50935.5
627100;64313.0;13277.0;51036.0
627200;63961.0;12925.0;51036.0
627300;63939.0;12903.0;51036.0
627400;64408.0;12903.0;51505.0
627500;63994.5;12925.0;51069.5
627600;63994.5;12925.0;51069.5
627700;64028.0;12925.0;51103.0
627800;64028.0;12925.0;51103.0
627900;64128.5;12925.0;51203.5
628000;63883.5;12881.0;51002.5
628100;63883.5;12881.0;51002.5
628200;64336.0;13233.0;51103.0
628300;63984.0;12881.0;51103.0
628400;64017.5;12881.0;51136.5
628500;64039.5;12903.0;51136.5
628600;63961.0;12925.0;51036.0
628700;63994.5;12925.0;51069.5
628800;64051.0;12881.0;51170.0
628900;64237.5;12967.0;51270.5
629000;64137.0;12967.0;51170.0
629100;64137.0;12967.0;51170.0
629200;63614.0;12917.0;50697.0
629300;64211.0;13017.0;51194.0
629400;64004.5;12917.0;51087.5
629500;64040.0;12917.0;51123.0
629600;64146.5;12917.0;51229.5
629700;64075.5;12917.0;51158.5
629800;64182.0;12917.0;51265.0
629900;64288.5;12917.0;51371.5
630000;64288.5;12917.0;51371.5
630100;64288.5;12917.0;51371.5
630200;64363.5;12992.0;51371.5
630300;64654.0;12892.0;51762.0
630400;64167.5;12867.0;51300.5
630500;64217.5;12917.0;51300.5
630600;64679.0;12917.0;51762.0
630700;64653.0;13317.0;51336.0
630800;64395.0;12917.0;51478.0
630900;64253.0;12917.0;51336.0
631000;64171.5;12942.0;51229.5
631100;64354.5;12867.0;51487.5
631200;64523.5;13267.0;51256.5
631300;64354.5;12867.0;51487.5
631400;64327.5;12917.0;51410.5
631500;64352.5;12942.0;51410.5
631600;64277.5;12867.0;51410.5
631700;64516.0;13067.0;51449.0
631800;64316.0;12867.0;51449.0
631900;64866.0;13417.0;51449.0
632000;64506.5;12942.0;51564.5
632100;64401.0;12952.0;51449.0
632200;64967.5;12979.5;51988.0
632300;64346.0;12897.0;51449.0
632400;64384.5;12897.0;51487.5
632500;64324.0;12952.0;51372.0
632600;64604.5;13117.0;51487.5
632700;64478.0;12952.0;51526.0
632800;64368.0;12842.0;51526.0
632900;63746.5;12759.5;50987.0
633000;64285.5;12952.0;51333.5
633100;64423.0;12897.0;51526.0
633200;64522.0;12457.0;52065.0
633300;64362.5;12952.0;51410.5
633400;64516.5;12952.0;51564.5
633500;64247.0;12952.0;51295.0
633600;64516.5;12952.0;51564.5
633700;64604.5;13117.0;51487.5
633800;64582.5;12979.5;51603.0
633900;64384.5;12897.0;51487.5
634000;63920.0;12856.0;51064.0
634100;64459.0;12856.0;51603.0
634200;64971.5;12829.5;52142.0
634300;64343.5;12856.0;51487.5
634400;64882.5;12856.0;52026.5
634500;65223.0;12856.0;52367.0
634600;63965.5;12273.0;51692.5
634700;64140.0;12909.0;51231.0
634800;64690.5;12856.0;51834.5
634900;64690.5;12856.0;51834.5
635000;64584.0;12856.0;51728.0
635100;64637.0;12909.0;51728.0
635200;64610.5;12882.5;51728.0
635300;64584.0;12856.0;51728.0
635400;64619.5;12856.0;51763.5
635500;64619.5;12856.0;51763.5
635600;64672.5;12909.0;51763.5
635700;64734.5;12935.5;51799.0
635800;65079.0;13280.0;51799.0
635900;64628.5;12829.5;51799.0
636000;64761.5;12856.0;51905.5
636100;64601.5;12909.0;51692.5
636200;64761.0;12962.0;51799.0
636300;64814.5;12909.0;51905.5
636400;64601.5;12909.0;51692.5
636500;64771.0;12909.0;51862.0
636600;64841.0;12485.0;52356.0
636700;64870.0;12856.0;52014.0
636800;64721.5;12935.5;51786.0
636900;64756.0;12856.0;51900.0
637000;64615.5;12829.5;51786.0
637100;64968.0;12909.0;52059.0
637200;64915.0;12856.0;52059.0
637300;64757.0;12803.0;51954.0
637400;64792.0;12803.0;51989.0
637500;64792.0;12803.0;51989.0
637600;64792.0;12803.0;51989.0
637700;64986.0;12962.0;52024.0
637800;64774.0;12750.0;52024.0
637900;64853.5;12829.5;52024.0
638000;64826.0;12697.0;52129.0
638100;64774.0;12750.0;52024.0
638200;64774.0;12750.0;52024.0
638300;64853.5;12829.5;52024.0
638400;65474.0;12750.0;52724.0
638500;65046.5;12882.5;52164.0
638600;65002.0;12803.0;52199.0
638700;65321.0;13227.0;52094.0
638800;64897.0;12803.0;52094.0
638900;64897.0;12803.0;52094.0
639000;64897.0;12803.0;52094.0
639100;64848.0;12859.0;51989.0
639200;65288.5;13194.5;52094.0
639300;64971.0;12859.0;52112.0
639400;65056.0;12798.0;52258.0
639500;64867.5;12828.5;52039.0
639600;65007.5;12859.0;52148.5
639700;64556.0;12371.0;52185.0
639800;64873.5;12798.0;52075.5
639900;64373.0;12188.0;52185.0
640000;65068.0;12859.0;52209.0
640100;64580.0;12371.0;52209.0
640200;65104.0;12859.0;52245.0
640300;65165.0;12920.0;52245.0
640400;65167.5;12887.0;52280.5
640500;64858.5;12578.0;52280.5
640600;64891.0;12610.5;52280.5
640700;65186.5;12870.5;52316.0
640800;65618.5;12805.5;52813.0
640900;65121.5;12805.5;52316.0
641000;64982.5;12773.0;52209.5
641100;65047.5;12838.0;52209.5
641200;65154.0;12838.0;52316.0
641300;65089.0;12773.0;52316.0
641400;65015.0;12805.5;52209.5
641500;65544.5;12838.0;52706.5
641600;65254.5;12903.0;52351.5
641700;65183.5;12903.0;52280.5
641800;65325.0;12938.0;52387.0
641900;65991.5;13498.0;52493.5
642000;65255.0;12868.0;52387.0
642100;65255.0;12868.0;52387.0
642200;65326.5;12833.0;52493.5
642300;65391.5;12868.0;52523.5
642400;64554.5;12098.0;52456.5
642500;65324.5;12868.0;52456.5
642600;65324.5;12868.0;52456.5
642700;65182.0;12960.0;52222.0
642800;65488.0;12998.0;52490.0
642900;65488.0;12998.0;52490.0
643000;65602.0;13112.0;52490.0
643100;65328.0;12808.0;52520.0
643200;65784.0;13264.0;52520.0
643300;65594.0;13074.0;52520.0
643400;65630.0;13074.0;52556.0
643500;65630.0;13074.0;52556.0
643600;65598.0;13150.0;52448.0
643700;65238.0;13150.0;52088.0
643800;65552.0;12960.0;52592.0
643900;65774.0;13074.0;52700.0
644000;65666.0;13074.0;52592.0
644100;65054.0;12462.0;52592.0
644200;65734.0;13142.0;52592.0
644300;65694.0;13102.0;52592.0
644400;65730.0;13102.0;52628.0
644500;65730.0;13102.0;52628.0
644600;65730.0;13102.0;52628.0
644700;65618.0;13062.0;52556.0
644800;65686.0;13022.0;52664.0
644900;65686.0;13022.0;52664.0
645000;65750.0;12942.0;52808.0
645100;65766.0;13102.0;52664.0
645200;65846.0;13182.0;52664.0
645300;65686.0;13022.0;52664.0
645400;66440.0;13740.0;52700.0
645500;65543.0;12843.0;52700.0
645600;65894.0;13194.0;52700.0
645700;65226.0;12490.0;52736.0
645800;65946.0;13210.0;52736.0
645900;65826.0;13090.0;52736.0
646000;65638.0;13010.0;52628.0
646100;65946.0;13210.0;52736.0
646200;65906.0;13170.0;52736.0
646300;65758.0;13130.0;52628.0
646400;65902.0;13130.0;52772.0
646500;65902.0;13130.0;52772.0
646600;66102.0;13330.0;52772.0
646700;65870.0;13170.0;52700.0
646800;65858.0;13050.0;52808.0
646900;66046.0;13130.0;52916.0
647000;65858.0;13050.0;52808.0
647100;65830.0;13130.0;52700.0
647200;65966.0;13050.0;52916.0
647300;65778.0;12970.0;52808.0
647400;65974.0;13130.0;52844.0
647500;65866.0;13130.0;52736.0
647600;65974.0;13130.0;52844.0
647700;65970.0;13090.0;52880.0
647800;65822.0;13050.0;52772.0
647900;65930.0;13050.0;52880.0
648000;65930.0;13050.0;52880.0
648100;66010.0;13130.0;52880.0
648200;66010.0;13130.0;52880.0
648300;66074.0;13050.0;53024.0
648400;66206.0;13290.0;52916.0
648500;65938.0;13130.0;52808.0
648600;66082.0;13130.0;52952.0
648700;66082.0;13130.0;52952.0
648800;66042.0;13090.0;52952.0
648900;66202.0;13250.0;52952.0
649000;66082.0;13130.0;52952.0
649100;66162.0;13210.0;52952.0
649200;66162.0;13210.0;52952.0
649300;66242.0;13290.0;52952.0
649400;65998.0;13010.0;52988.0
649500;66198.0;13210.0;52988.0
649600;66198.0;13210.0;52988.0
649700;66126.0;13210.0;52916.0
649800;66342.0;13210.0;53132.0
649900;66234.0;13210.0;53024.0
650000;66314.0;13290.0;53024.0
650100;66354.0;13330.0;53024.0
650200;66054.0;13210.0;52844.0
650300;66154.0;13130.0;53024.0
650400;66486.0;13318.0;53168.0
650500;66714.0;13546.0;53168.0
650600;66408.0;13204.0;53204.0
650700;66522.0;13318.0;53204.0
650800;66652.0;13052.0;53600.0
650900;66382.0;13394.0;52988.0
651000;66566.0;13470.0;53096.0
651100;66414.0;13318.0;53096.0
651200;66558.0;13318.0;53240.0
651300;66810.0;13318.0;53492.0
651400;66412.0;13280.0;53132.0
651500;66707.0;13575.0;53132.0
651600;65856.0;12724.0;53132.0
651700;66484.0;13316.0;53168.0
651800;66376.0;13316.0;53060.0
651900;66341.0;13353.0;52988.0
652000;66447.0;13279.0;53168.0
652100;65966.0;12798.0;53168.0
652200;66632.0;13464.0;53168.0
652300;67062.0;13390.0;53672.0
652400;66520.0;13316.0;53204.0
652500;65894.0;12798.0;53096.0
652600;66594.0;13390.0;53204.0
652700;66633.0;13501.0;53132.0
652800;66704.0;13464.0;53240.0
652900;66593.0;13353.0;53240.0
653000;66704.0;13464.0;53240.0
653100;66812.0;13464.0;53348.0
653200;66857.0;13464.0;53393.0
653300;66832.0;13538.0;53294.0
653400;66791.0;13464.0;53327.0
653500;66053.0;13353.0;52700.0
653600;66791.0;13464.0;53327.0
653700;66824.0;13464.0;53360.0
653800;66824.0;13464.0;53360.0
653900;66798.0;13438.0;53360.0
654000;66866.0;13506.0;53360.0
654100;67033.0;13574.0;53459.0
654200;66866.0;13506.0;53360.0
654300;66934.0;13574.0;53360.0
654400;67100.0;13608.0;53492.0
654500;66899.0;13506.0;53393.0
654600;66800.0;13506.0;53294.0
654700;66833.0;13506.0;53327.0
654800;66974.0;13548.0;53426.0
654900;66974.0;13548.0;53426.0
655000;66912.0;13486.0;53426.0
655100;66974.0;13548.0;53426.0
655200;66974.0;13548.0;53426.0
655300;67036.0;13610.0;53426.0
655400;67007.0;13548.0;53459.0
655500;67007.0;13548.0;53459.0
655600;67139.0;13548.0;53591.0
655700;66941.0;13548.0;53393.0
655800;67201.0;13610.0;53591.0
655900;67061.0;13569.0;53492.0
656000;67120.0;13628.0;53492.0
656100;67179.0;13687.0;53492.0
656200;67120.0;13628.0;53492.0
656300;67120.0;13628.0;53492.0
656400;67153.0;13628.0;53525.0
656500;67153.0;13628.0;53525.0
656600;67123.5;13598.5;53525.0
656700;67245.0;13687.0;53558.0
656800;67127.0;13569.0;53558.0
656900;67256.0;13698.0;53558.0
657000;66745.0;13649.0;53096.0
657100;67718.0;13698.0;54020.0
657200;67256.0;13698.0;53558.0
657300;67132.5;13673.5;53459.0
657400;67362.5;13771.5;53591.0
657500;67240.0;13649.0;53591.0
657600;66749.0;13257.0;53492.0
657700;67322.0;13698.0;53624.0
657800;67273.0;13649.0;53624.0
657900;67273.0;13649.0;53624.0
658000;67248.0;13624.0;53624.0
658100;67340.0;13716.0;53624.0
658200;67340.0;13716.0;53624.0
658300;66602.5;13346.0;53256.5
658400;67463.5;13793.0;53670.5
658500;67520.5;13850.0;53670.5
658600;67321.0;13650.5;53670.5
658700;67601.5;13793.0;53808.5
658800;67498.0;13793.0;53705.0
658900;67526.5;13821.5;53705.0
659000;67555.0;13850.0;53705.0
659100;67555.0;13850.0;53705.0
659200;67508.5;13907.0;53601.5
659300;67669.0;13964.0;53705.0
659400;67896.0;14053.0;53843.0
659500;67610.5;13871.0;53739.5
659600;67714.5;13975.0;53739.5
659700;67255.0;13481.0;53774.0
659800;67222.0;13949.0;53273.0
659900;67747.0;13949.0;53798.0
660000;67669.0;13871.0;53798.0
660100;67695.0;13897.0;53798.0
660200;67775.0;13977.0;53798.0
660300;67775.0;13977.0;53798.0
660400;67812.5;13977.0;53835.5
660500;67756.0;14033.0;53723.0
660600;67885.0;14033.0;53852.0
660700;67868.0;13977.0;53891.0
660800;67751.0;13977.0;53774.0
660900;67924.0;14033.0;53891.0
661000;67924.0;14033.0;53891.0
661100;67434.0;14089.0;53345.0
661200;68255.0;14481.0;53774.0
661300;68372.0;14481.0;53891.0
661400;67812.0;13921.0;53891.0
661500;67957.0;14027.0;53930.0
661600;67824.5;13894.5;53930.0
661700;68113.0;14027.0;54086.0
661800;67466.0;13497.0;53969.0
661900;68579.0;14610.0;53969.0
662000;68075.5;14106.5;53969.0
662100;68086.5;14000.5;54086.0
662200;67996.0;14027.0;53969.0
662300;68219.0;14133.0;54086.0
662400;68008.5;14000.5;54008.0
662500;68035.0;14027.0;54008.0
662600;68088.0;14080.0;54008.0
662700;68191.0;14027.0;54164.0
662800;68127.0;14080.0;54047.0
662900;68127.0;14080.0;54047.0
663000;68127.0;14080.0;54047.0
663100;68089.5;14159.5;53930.0
663200;68127.0;14080.0;54047.0
663300;68180.0;14133.0;54047.0
663400;68010.0;14080.0;53930.0
663500;68166.0;14080.0;54086.0
663600;68166.0;14080.0;54086.0
663700;68258.0;14133.0;54125.0
663800;68242.5;14000.5;54242.0
663900;68258.0;14133.0;54125.0
664000;68322.0;14080.0;54242.0
664100;68258.0;14133.0;54125.0
664200;67781.0;13656.0;54125.0
664300;68205.0;14080.0;54125.0
664400;68005.5;13841.5;54164.0
664500;68323.5;14159.5;54164.0
664600;68244.0;14080.0;54164.0
664700;68166.0;14080.0;54086.0
664800;68389.0;14186.0;54203.0
664900;68453.0;14133.0;54320.0
665000;68961.5;14212.5;54749.0
665100;68442.0;14239.0;54203.0
665200;68389.0;14186.0;54203.0
665300;68389.0;14186.0;54203.0
665400;68545.0;14186.0;54359.0
665500;68852.0;14610.0;54242.0
665600;67868.0;14133.0;53735.0
665700;68414.0;14133.0;54281.0
665800;68467.0;14186.0;54281.0
665900;68584.0;14186.0;54398.0
666000;68944.0;14663.0;54281.0
666100;68980.0;14663.0;54317.0
666200;68498.0;14292.0;54206.0
666300;68038.0;14239.0;53799.0
666400;68683.0;14218.0;54465.0
666500;68621.0;14267.0;54354.0
666600;68621.0;14267.0;54354.0
666700;68658.0;14267.0;54391.0
666800;68631.0;14351.0;54280.0
666900;69216.0;14307.0;54909.0
667000;68267.5;14394.5;53873.0
667100;68610.0;14219.0;54391.0
667200;68649.0;14258.0;54391.0
667300;68499.0;14219.0;54280.0
667400;68166.0;14219.0;53947.0
667500;68647.0;14219.0;54428.0
667600;68775.5;14199.5;54576.0
667700;68795.0;14219.0;54576.0
667800;69054.0;14219.0;54835.0
667900;68795.0;14219.0;54576.0
668000;68698.0;14233.0;54465.0
668100;68628.0;14274.0;54354.0
668200;68329.0;13864.0;54465.0
668300;68546.0;14192.0;54354.0
668400;68735.0;14233.0;54502.0
668500;68653.0;14151.0;54502.0
668600;68714.5;14212.5;54502.0
668700;68579.0;14151.0;54428.0
668800;68649.0;14110.0;54539.0
668900;68690.0;14151.0;54539.0
669000;68751.5;14212.5;54539.0
669100;69059.0;14520.0;54539.0
669200;68690.0;14151.0;54539.0
669300;68599.5;14171.5;54428.0
669400;68706.5;14130.5;54576.0
669500;68686.0;14110.0;54576.0
669600;68727.0;14151.0;54576.0
669700;68764.0;14151.0;54613.0
669800;68723.0;14110.0;54613.0
669900;68612.0;14110.0;54502.0
670000;68723.0;14110.0;54613.0
670100;68723.0;14110.0;54613.0
670200;68682.0;14069.0;54613.0
670300;68682.0;14069.0;54613.0
670400;68830.0;14069.0;54761.0
670500;68550.5;14048.5;54502.0
670600;68760.0;14110.0;54650.0
670700;68838.0;14151.0;54687.0
670800;68838.0;14151.0;54687.0
670900;68797.0;14110.0;54687.0
671000;68735.5;14048.5;54687.0
671100;68756.0;14069.0;54687.0
671200;68756.0;14069.0;54687.0
671300;68756.0;14069.0;54687.0
671400;68793.0;14069.0;54724.0
671500;68604.0;14028.0;54576.0
671600;68752.0;14028.0;54724.0
671700;68789.0;14028.0;54761.0
671800;68830.0;14069.0;54761.0
671900;68941.0;14069.0;54872.0
672000;68850.5;14089.5;54761.0
672100;68830.0;14069.0;54761.0
672200;68910.0;14149.0;54761.0
672300;68784.0;14023.0;54761.0
672400;68767.5;14095.0;54672.5
672500;68885.5;14059.0;54826.5
672600;69119.0;14023.0;55096.0
672700;68888.0;14023.0;54865.0
672800;68888.0;14023.0;54865.0
672900;68888.0;14023.0;54865.0
673000;68460.0;14023.0;54437.0
673100;68864.0;13987.0;54877.0
673200;68828.0;13951.0;54877.0
673300;68864.0;13987.0;54877.0
673400;68868.0;13951.0;54917.0
673500;68744.0;13987.0;54757.0
673600;69374.0;14057.0;55317.0
673700;69014.0;14057.0;54957.0
673800;69027.0;14070.0;54957.0
673900;69014.0;14057.0;54957.0
674000;69014.0;14057.0;54957.0
674100;69082.0;14125.0;54957.0
674200;68986.0;14029.0;54957.0
674300;68986.0;14029.0;54957.0
674400;68976.0;13979.0;54997.0
674500;69046.0;14049.0;54997.0
674600;69116.0;14119.0;54997.0
674700;69662.0;14065.0;55597.0
674800;69084.0;14047.0;55037.0
674900;69057.0;14020.0;55037.0
675000;69222.0;14065.0;55157.0
675100;69129.0;14092.0;55037.0
675200;69084.0;14047.0;55037.0
675300;69102.0;14065.0;55037.0
675400;69151.0;14074.0;55077.0
675500;69000.0;14083.0;54917.0
675600;69720.0;14083.0;55637.0
675700;69200.0;14083.0;55117.0
675800;69218.0;14101.0;55117.0
675900;69182.0;14065.0;55117.0
676000;69209.0;14092.0;55117.0
676100;69200.0;14083.0;55117.0
676200;69769.0;14092.0;55677.0
676300;69236.0;14119.0;55117.0
676400;69177.0;14020.0;55157.0
676500;68720.0;14083.0;54637.0
676600;69156.0;14119.0;55037.0
676700;69154.0;13957.0;55197.0
676800;69326.0;14129.0;55197.0
676900;69446.0;14129.0;55317.0
677000;69312.0;14115.0;55197.0
677100;69464.0;14267.0;55197.0
677200;69212.0;14135.0;55077.0
677300;69350.0;14153.0;55197.0
677400;69384.0;14147.0;55237.0
677500;69384.0;14147.0;55237.0
677600;69532.0;14135.0;55397.0
677700;69544.0;14147.0;55397.0
677800;69322.0;14165.0;55157.0
677900;69442.0;14165.0;55277.0
678000;69556.0;14159.0;55397.0
678100;69436.0;14159.0;55277.0
678200;69568.0;14171.0;55397.0
678300;69322.0;14165.0;55157.0
678400;69316.0;14159.0;55157.0
678500;69642.0;14165.0;55477.0
678600;69540.0;14063.0;55477.0
678700;69396.0;14159.0;55237.0
678800;69636.0;14159.0;55477.0
678900;69504.0;14147.0;55357.0
679000;69504.0;14147.0;55357.0
679100;69498.0;14141.0;55357.0
679200;69568.0;14211.0;55357.0
679300;69749.5;14272.5;55477.0
679400;70129.0;14212.0;55917.0
679500;70129.0;14212.0;55917.0
679600;69609.0;14212.0;55397.0
679700;69547.0;14230.0;55317.0
679800;69787.0;14230.0;55557.0
679900;69763.0;14206.0;55557.0
680000;69643.0;14206.0;55437.0
680100;68843.0;14206.0;54637.0
680200;69643.0;14206.0;55437.0
680300;69635.0;14198.0;55437.0
680400;69675.0;14198.0;55477.0
680500;69683.0;14206.0;55477.0
680600;69555.0;14198.0;55357.0
680700;69635.0;14118.0;55517.0
680800;69734.0;14217.0;55517.0
680900;69719.0;14202.0;55517.0
681000;69671.0;14154.0;55517.0
681100;69719.0;14202.0;55517.0
681200;69782.0;14265.0;55517.0
681300;69782.0;14265.0;55517.0
681400;69822.0;14265.0;55557.0
681500;69852.0;14295.0;55557.0
681600;69724.5;14287.5;55437.0
681700;69982.0;14385.0;55597.0
681800;69862.0;14265.0;55597.0
681900;69871.0;14232.0;55639.0
682000;69785.5;14256.0;55529.5
682100;69907.0;14268.0;55639.0
682200;69797.5;14268.0;55529.5
682300;69913.0;14274.0;55639.0
682400;69835.5;14160.0;55675.5
682500;69943.5;14268.0;55675.5
682600;69846.0;14280.0;55566.0
682700;69968.0;14256.0;55712.0
682800;70333.0;14256.0;56077.0
682900;70105.5;14284.0;55821.5
683000;69996.0;14284.0;55712.0
683100;69996.0;14284.0;55712.0
683200;70105.5;14284.0;55821.5
683300;69996.0;14284.0;55712.0
683400;69542.0;14268.0;55274.0
683500;70032.5;14284.0;55748.5
683600;69923.0;14284.0;55639.0
683700;70069.0;14284.0;55785.0
683800;70069.0;14284.0;55785.0
683900;70671.5;14412.0;56259.5
684000;69975.5;14300.0;55675.5
684100;70202.5;14308.0;55894.5
684200;70069.0;14284.0;55785.0
684300;70077.0;14292.0;55785.0
684400;70121.5;14300.0;55821.5
684500;70137.5;14316.0;55821.5
684600;70121.5;14300.0;55821.5
684700;70283.5;14316.0;55967.5
684800;70150.0;14292.0;55858.0
684900;70174.0;14316.0;55858.0
685000;70302.0;14444.0;55858.0
685100;69936.5;14188.0;55748.5
685200;70174.0;14316.0;55858.0
685300;70064.5;14316.0;55748.5
685400;70282.5;14388.0;55894.5
685500;70259.5;14365.0;55894.5
685600;70271.0;14376.5;55894.5
685700;70273.0;14342.0;55931.0
685800;69762.0;14342.0;55420.0
685900;70250.0;14319.0;55931.0
686000;70273.0;14342.0;55931.0
686100;70273.0;14342.0;55931.0
686200;70250.0;14319.0;55931.0
686300;70273.0;14342.0;55931.0
686400;69901.0;14342.0;55559.0
686500;70204.0;14365.0;55839.0
686600;70341.0;14342.0;55999.0
686700;70381.0;14342.0;56039.0
686800;70381.0;14342.0;56039.0
686900;69798.0;14319.0;55479.0
687000;70392.5;14353.5;56039.0
687100;70346.5;14307.5;56039.0
687200;70445.0;14526.0;55919.0
687300;70307.0;14388.0;55919.0
687400;70444.0;14365.0;56079.0
687500;70444.0;14365.0;56079.0
687600;70515.0;14396.0;56119.0
687700;70035.0;14316.0;55719.0
687800;70545.0;14306.0;56239.0
687900;70455.0;14336.0;56119.0
688000;70575.0;14336.0;56239.0
688100;70545.0;14306.0;56239.0
688200;70577.5;14316.0;56261.5
688300;70356.5;14326.0;56030.5
688400;70366.5;14336.0;56030.5
688500;70094.0;14336.0;55758.0
688600;70569.0;14371.0;56198.0
688700;70579.0;14341.0;56238.0
688800;70564.0;14326.0;56238.0
688900;70429.0;14311.0;56118.0
689000;71364.0;14326.0;57038.0
689100;70556.5;14318.5;56238.0
689200;70579.0;14341.0;56238.0
689300;70564.0;14326.0;56238.0
689400;70709.0;14311.0;56398.0
689500;70646.0;14368.0;56278.0
689600;70742.0;14464.0;56278.0
689700;70752.0;14434.0;56318.0
689800;70604.0;14406.0;56198.0
689900;70668.0;14470.0;56198.0
690000;70724.0;14406.0;56318.0
690100;70897.0;14414.0;56483.0
690200;70722.0;14350.0;56372.0
690300;70932.0;14449.0;56483.0
690400;70738.5;14455.0;56283.5
690500;70909.0;14455.0;56454.0
690600;71276.0;14452.0;56824.0
690700;71202.0;14452.0;56750.0
690800;70972.0;14481.0;56491.0
690900;70971.0;14480.0;56491.0
691000;71082.0;14480.0;56602.0
691100;70972.0;14481.0;56491.0
691200;70555.0;14480.0;56075.0
691300;70987.0;14472.0;56515.0
691400;71153.0;14478.0;56675.0
691500;71034.0;14479.0;56555.0
691600;71035.5;14480.5;56555.0
691700;70514.0;14479.0;56035.0
691800;71193.0;14478.0;56715.0
691900;71075.0;14480.0;56595.0
692000;71195.5;14480.5;56715.0
692100;71474.0;14479.0;56995.0
692200;70954.0;14479.0;56475.0
692300;71076.0;14481.0;56595.0
692400;70952.5;14477.5;56475.0
692500;70756.5;14481.5;56275.0
692600;71634.0;14479.0;57155.0
692700;71153.0;14478.0;56675.0
692800;71154.0;14479.0;56675.0
692900;71274.0;14479.0;56795.0
693000;71154.0;14479.0;56675.0
693100;70593.0;14478.0;56115.0
693200;71154.0;14479.0;56675.0
693300;71274.5;14479.5;56795.0
693400;71196.0;14481.0;56715.0
693500;71194.0;14479.0;56715.0
693600;71195.0;14480.0;56715.0
693700;71116.5;14481.5;56635.0
693800;71118.0;14483.0;56635.0
693900;71236.0;14481.0;56755.0
694000;71356.0;14481.0;56875.0
694100;71236.0;14481.0;56755.0
694200;71236.0;14481.0;56755.0
694300;71238.5;14483.5;56755.0
694400;71796.0;14481.0;57315.0
694500;71276.0;14481.0;56795.0
694600;70764.0;14489.0;56275.0
694700;71437.0;14482.0;56955.0
694800;71316.0;14481.0;56835.0
694900;71315.5;14480.5;56835.0
695000;71317.0;14482.0;56835.0
695100;71444.0;14489.0;56955.0
695200;71316.0;14481.0;56835.0
695300;71293.0;14458.0;56835.0
695400;71308.0;14473.0;56835.0
695500;71188.0;14473.0;56715.0
695600;71348.0;14473.0;56875.0
695700;71268.0;14473.0;56795.0
695800;71393.0;14478.0;56915.0
695900;71385.5;14470.5;56915.0
696000;71408.0;14493.0;56915.0
696100;71393.0;14478.0;56915.0
696200;71398.0;14483.0;56915.0
696300;70838.0;14483.0;56355.0
696400;71393.0;14438.0;56955.0
696500;71593.0;14478.0;57115.0
696600;71433.0;14478.0;56955.0
696700;71475.5;14480.5;56995.0
696800;71468.0;14473.0;56995.0
696900;71468.0;14473.0;56995.0
697000;72028.0;14473.0;57555.0
697100;71413.0;14418.0;56995.0
697200;71588.0;14473.0;57115.0
697300;71460.5;14465.5;56995.0
697400;71628.0;14473.0;57155.0
697500;71348.0;14473.0;56875.0
697600;71400.5;14485.5;56915.0
697700;70988.0;14473.0;56515.0
697800;71543.0;14468.0;57075.0
697900;71508.0;14433.0;57075.0
698000;71548.0;14473.0;57075.0
698100;71563.0;14488.0;57075.0
698200;71428.0;14473.0;56955.0
698300;71548.0;14473.0;57075.0
698400;71423.0;14468.0;56955.0
698500;71578.0;14463.0;57115.0
698600;71458.0;14463.0;56995.0
698700;71618.0;14463.0;57155.0
698800;71498.0;14463.0;57035.0
698900;72423.0;14468.0;57955.0
699000;71618.0;14463.0;57155.0
699100;71618.0;14463.0;57155.0
699200;71520.5;14485.5;57035.0
699300;71498.0;14463.0;57035.0
699400;71631.5;14436.5;57195.0
699500;71489.0;14454.0;57035.0
699600;71122.0;14447.0;56675.0
699700;71646.5;14411.5;57235.0
699800;71773.0;14538.0;57235.0
699900;71619.5;14504.5;57115.0
700000;72247.0;14452.0;57795.0
700100;71727.0;14492.0;57235.0
700200;71727.0;14492.0;57235.0
700300;71607.0;14492.0;57115.0
700400;71800.0;14525.0;57275.0
700500;71788.0;14513.0;57275.0
700600;72308.0;14513.0;57795.0
700700;71828.0;14513.0;57315.0
700800;71794.0;14479.0;57315.0
700900;71824.0;14509.0;57315.0
701000;71332.0;14457.0;56875.0
701100;71688.0;14493.0;57195.0
701200;71712.0;14517.0;57195.0
701300;71832.0;14517.0;57315.0
701400;71712.0;14517.0;57195.0
701500;71860.0;14505.0;57355.0
701600;71878.0;14523.0;57355.0
701700;71900.0;14505.0;57395.0
701800;71792.0;14517.0;57275.0
701900;71906.0;14511.0;57395.0
702000;71861.0;14466.0;57395.0
702100;72296.0;14494.0;57802.0
702200;71560.0;14529.0;57031.0
702300;71850.0;14515.0;57335.0
702400;71508.0;14515.0;56993.0
702500;71871.0;14536.0;57335.0
702600;72002.0;14515.0;57487.0
702700;72040.0;14515.0;57525.0
702800;72054.0;14529.0;57525.0
702900;72054.0;14529.0;57525.0
703000;72092.0;14543.0;57549.0
703100;72106.0;14557.0;57549.0
703200;72133.0;14584.0;57549.0
703300;72142.0;14593.0;57549.0
703400;72311.0;14602.0;57709.0
703500;72324.0;14575.0;57749.0
703600;72020.0;14431.0;57589.0
703700;72231.0;14602.0;57629.0
703800;72204.0;14575.0;57629.0
703900;72095.5;14466.5;57629.0
704000;72793.0;14604.0;58189.0
704100;72233.0;14604.0;57629.0
704200;72428.0;14679.0;57749.0
704300;72233.0;14604.0;57629.0
704400;72028.0;14519.0;57509.0
704500;71708.5;14559.5;57149.0
704600;72669.0;14600.0;58069.0
704700;72309.0;14600.0;57709.0
704800;72349.5;14640.5;57709.0
704900;72309.0;14600.0;57709.0
705000;73095.5;14586.5;58509.0
705100;72309.0;14600.0;57709.0
705200;72309.0;14600.0;57709.0
705300;72388.5;14559.5;57829.0
705400;72398.0;14649.0;57749.0
705500;72187.0;14598.0;57589.0
705600;72398.0;14649.0;57749.0
705700;71838.0;14649.0;57189.0
705800;72284.0;14615.0;57669.0
705900;72438.0;14649.0;57789.0
706000;72438.0;14649.0;57789.0
706100;72472.0;14683.0;57789.0
706200;72455.0;14666.0;57789.0
706300;71844.0;14615.0;57229.0
706400;72444.0;14615.0;57829.0
706500;72604.0;14615.0;57989.0
706600;72964.0;14615.0;58349.0
706700;72756.0;14887.0;57869.0
706800;72330.0;14581.0;57749.0
706900;72570.0;14581.0;57989.0
707000;72602.0;14853.0;57749.0
707100;72416.0;14547.0;57869.0
707200;72330.0;14581.0;57749.0
707300;72416.0;14547.0;57869.0
707400;72490.0;14581.0;57909.0
707500;72398.0;14649.0;57749.0
707600;72364.0;14615.0;57749.0
707700;72581.0;14632.0;57949.0
707800;72133.0;14304.0;57829.0
707900;72464.5;14635.5;57829.0
708000;73125.0;14616.0;58509.0
708100;72503.5;14674.5;57829.0
708200;72565.0;14616.0;57949.0
708300;72565.0;14616.0;57949.0
708400;72605.0;14616.0;57989.0
708500;72605.0;14616.0;57989.0
708600;72585.5;14596.5;57989.0
708700;72807.0;14658.0;58149.0
708800;73243.0;14658.0;58585.0
708900;72756.0;14703.0;58053.0
709000;72643.5;14590.5;58053.0
709100;72552.0;14613.0;57939.0
709200;72621.0;14568.0;58053.0
709300;72420.0;14253.0;58167.0
709400;72996.5;14905.5;58091.0
709500;72458.0;14253.0;58205.0
709600;72636.5;14545.5;58091.0
709700;72583.0;14568.0;58015.0
709800;72944.5;14815.5;58129.0
709900;72628.0;14613.0;58015.0
710000;72991.0;14748.0;58243.0
710100;73102.0;14973.0;58129.0
710200;72840.5;14711.5;58129.0
710300;72728.0;14599.0;58129.0
710400;72930.0;14763.0;58167.0
710500;73061.5;14742.5;58319.0
710600;72734.0;14681.0;58053.0
710700;73041.0;14722.0;58319.0
710800;72927.0;14722.0;58205.0
710900;73164.0;14845.0;58319.0
711000;72906.5;14701.5;58205.0
711100;72927.0;14722.0;58205.0
711200;72927.0;14722.0;58205.0
711300;72927.0;14722.0;58205.0
711400;73079.0;14722.0;58357.0
711500;73006.0;14763.0;58243.0
711600;72524.0;14395.0;58129.0
711700;73096.0;14701.0;58395.0
711800;72982.0;14701.0;58281.0
711900;73514.0;14701.0;58813.0
712000;72042.0;14293.0;57749.0
712100;72903.0;14736.0;58167.0
712200;72948.0;14667.0;58281.0
712300;73017.0;14736.0;58281.0
712400;73078.0;14759.0;58319.0
712500;73078.0;14759.0;58319.0
712600;73055.0;14736.0;58319.0
712700;73093.0;14736.0;58357.0
712800;73138.0;14667.0;58471.0
712900;72910.0;14667.0;58243.0
713000;73070.0;14713.0;58357.0
713100;73047.0;14690.0;58357.0
713200;73207.0;14736.0;58471.0
713300;73139.0;14782.0;58357.0
713400;73384.0;14989.0;58395.0
713500;73131.0;14736.0;58395.0
713600;73085.0;14690.0;58395.0
713700;72749.0;14430.0;58319.0
713800;73085.0;14766.0;58319.0
713900;73199.0;14766.0;58433.0
714000;73229.0;14682.0;58547.0
714100;73143.0;14710.0;58433.0
714200;73257.0;14710.0;58547.0
714300;73903.0;14710.0;59193.0
714400;73181.0;14710.0;58471.0
714500;72973.0;14654.0;58319.0
714600;73181.0;14710.0;58471.0
714700;73275.0;14766.0;58509.0
714800;73779.0;14738.0;59041.0
714900;72898.5;14389.5;58509.0
715000;72930.0;14725.0;58205.0
715100;73348.0;14725.0;58623.0
715200;73181.0;14786.0;58395.0
715300;73394.5;14999.5;58395.0
715400;73272.0;14725.0;58547.0
715500;73180.5;14633.5;58547.0
715600;73363.0;14664.0;58699.0
715700;73279.5;14694.5;58585.0
715800;73310.0;14725.0;58585.0
715900;73371.0;14786.0;58585.0
716000;73340.5;14755.5;58585.0
716100;73340.5;14755.5;58585.0
716200;73781.0;14664.0;59117.0
716300;73310.0;14725.0;58585.0
716400;73470.5;14999.5;58471.0
716500;73287.0;14664.0;58623.0
716600;73439.0;14664.0;58775.0
716700;73264.0;14603.0;58661.0
716800;73416.5;14755.5;58661.0
716900;73264.0;14603.0;58661.0
717000;73439.0;14664.0;58775.0
717100;73272.0;14725.0;58547.0
717200;72988.5;14441.5;58547.0
717300;73228.5;14567.5;58661.0
717400;73239.0;14662.0;58577.0
717500;73527.0;14662.0;58865.0
717600;73356.0;14599.0;58757.0
717700;73387.5;14630.5;58757.0
717800;73689.0;14428.0;59261.0
717900;73626.0;14725.0;58901.0
718000;73548.0;14791.0;58757.0
718100;73473.0;14824.0;58649.0
718200;73416.0;14659.0;58757.0
718300;73308.0;14659.0;58649.0
718400;73518.0;14725.0;58793.0
718500;73518.0;14725.0;58793.0
718600;73518.0;14725.0;58793.0
718700;73554.0;14725.0;58829.0
718800;73554.0;14725.0;58829.0
718900;73596.0;14659.0;58937.0
719000;73146.0;14317.0;58829.0
719100;73276.0;14555.0;58721.0
719200;73272.0;14443.0;58829.0
719300;73412.0;14583.0;58829.0
719400;72958.0;14093.0;58865.0
719500;73518.0;14653.0;58865.0
719600;73662.0;14653.0;59009.0
719700;73554.0;14653.0;58901.0
719800;73516.0;14723.0;58793.0
719900;73662.0;14653.0;59009.0
720000;73624.0;14723.0;58901.0
720100;73694.0;14793.0;58901.0
720200;73554.0;14653.0;58901.0
720300;73519.0;14618.0;58901.0
720400;73688.0;14751.0;58937.0
720500;73622.0;14685.0;58937.0
720600;73514.0;14685.0;58829.0
720700;73616.0;14751.0;58865.0
720800;73616.0;14751.0;58865.0
720900;73616.0;14751.0;58865.0
721000;73592.0;14619.0;58973.0
721100;73766.0;14685.0;59081.0
721200;73475.0;15015.0;58460.0
721300;73623.5;14751.0;58872.5
721400;73608.5;14586.0;59022.5
721500;73707.5;14685.0;59022.5
721600;73857.5;14685.0;59172.5
721700;73745.0;14685.0;59060.0
721800;73632.5;14685.0;58947.5
721900;73698.5;14751.0;58947.5
722000;73745.0;14685.0;59060.0
722100;74336.0;14751.0;59585.0
722200;73923.5;14751.0;59172.5
722300;74336.0;14751.0;59585.0
722400;74376.5;15279.0;59097.5
722500;73848.5;14751.0;59097.5
722600;73848.5;14751.0;59097.5
722700;73886.0;14751.0;59135.0
722800;74183.0;15048.0;59135.0
722900;73839.5;14817.0;59022.5
723000;73919.0;14784.0;59135.0
723100;73862.0;14727.0;59135.0
723200;73862.0;14727.0;59135.0
723300;73862.0;14727.0;59135.0
723400;73323.5;14151.0;59172.5
723500;73899.5;14727.0;59172.5
723600;73827.5;14655.0;59172.5
723700;73937.0;14727.0;59210.0
723800;73824.5;14727.0;59097.5
723900;74081.0;14871.0;59210.0
724000;73865.0;14655.0;59210.0
724100;73763.0;15303.0;58460.0
724200;73840.5;14743.0;59097.5
724300;74073.0;14863.0;59210.0
724400;73790.5;14543.0;59247.5
724500;73790.5;14543.0;59247.5
724600;73790.5;14543.0;59247.5
724700;73835.5;14663.0;59172.5
724800;73660.5;14263.0;59397.5
724900;73948.0;14663.0;59285.0
725000;73948.0;14663.0;59285.0
725100;74068.0;14783.0;59285.0
725200;74028.0;14743.0;59285.0
725300;74028.0;14743.0;59285.0
725400;74065.5;14743.0;59322.5
725500;74135.5;14663.0;59472.5
725600;74553.0;14743.0;59810.0
725700;74103.0;14743.0;59360.0
725800;74063.0;14703.0;59360.0
725900;74263.0;14903.0;59360.0
726000;74183.0;14823.0;59360.0
726100;73763.0;14823.0;58940.0
726200;74203.0;14823.0;59380.0
726300;74203.0;14823.0;59380.0
726400;74163.0;14903.0;59260.0
726500;74563.0;14983.0;59580.0
726600;74243.0;14823.0;59420.0
726700;74603.0;15143.0;59460.0
726800;74363.0;14903.0;59460.0
726900;74203.0;14863.0;59340.0
727000;74243.0;14903.0;59340.0
727100;75083.0;15623.0;59460.0
727200;75003.0;14983.0;60020.0
727300;74083.0;14743.0;59340.0
727400;74396.0;14863.0;59533.0
727500;74248.0;14863.0;59385.0
727600;74716.0;15183.0;59533.0
727700;74593.0;15023.0;59570.0
727800;74664.0;14983.0;59681.0
727900;74473.0;14903.0;59570.0
728000;74442.0;14983.0;59459.0
728100;74593.0;15023.0;59570.0
728200;74833.0;15263.0;59570.0
728300;74824.0;15143.0;59681.0
728400;74750.0;15143.0;59607.0
728500;75310.0;15703.0;59607.0
728600;74184.0;15063.0;59121.0
728700;74698.5;15143.0;59555.5
728800;74617.0;14943.0;59674.0
728900;74104.0;14983.0;59121.0
729000;74577.0;14903.0;59674.0
729100;74641.0;14967.0;59674.0
729200;74785.0;15111.0;59674.0
729300;74701.5;15146.0;59555.5
729400;-694524.5;-754238.0;59713.5
729500;74821.0;15107.5;59713.5
729600;74859.5;15146.0;59713.5
729700;75567.5;15261.5;60306.0
729800;74976.0;15223.0;59753.0
729900;74899.0;15146.0;59753.0
730000;74206.0;14453.0;59753.0
730100;74822.0;15069.0;59753.0
730200;74703.5;15069.0;59634.5
730300;74819.0;15184.5;59634.5
730400;74903.5;15111.0;59792.5
730500;74839.5;15047.0;59792.5
730600;74915.5;15123.0;59792.5
730700;75259.0;15427.0;59832.0
730800;74993.0;15161.0;59832.0
730900;75035.5;15085.0;59950.5
731000;75411.0;15579.0;59832.0
731100;75069.0;15237.0;59832.0
731200;75056.0;15224.0;59832.0
731300;75022.5;15190.5;59832.0
731400;75095.5;15224.0;59871.5
731500;74919.0;15047.5;59871.5
731600;75145.5;15392.5;59753.0
731700;75200.0;15289.0;59911.0
731800;74648.0;14737.0;59911.0
731900;75200.0;15289.0;59911.0
732000;74766.5;14737.0;60029.5
732100;75081.5;15289.0;59792.5
732200;74904.0;14993.0;59911.0
732300;75077.5;14890.0;60187.5
732400;75347.5;15397.0;59950.5
732500;75308.5;15358.0;59950.5
732600;75230.5;15280.0;59950.5
732700;75270.0;15280.0;59990.0
732800;75543.0;15553.0;59990.0
732900;75348.0;15358.0;59990.0
733000;-704106.0;-764096.0;59990.0
733100;75231.0;15241.0;59990.0
733200;75348.0;15358.0;59990.0
733300;75894.0;15904.0;59990.0
733400;74685.5;14656.0;60029.5
733500;75387.5;15358.0;60029.5
733600;75387.5;15358.0;60029.5
733700;75134.0;14924.0;60210.0
733800;75460.0;15364.0;60096.0
733900;75346.0;15364.0;59982.0
734000;75540.0;15444.0;60096.0
734100;75380.0;15284.0;60096.0
734200;75266.0;15284.0;59982.0
734300;76020.0;15924.0;60096.0
734400;75532.0;15284.0;60248.0
734500;75346.0;15364.0;59982.0
734600;74938.0;14804.0;60134.0
734700;75610.0;15324.0;60286.0
734800;75571.0;15399.0;60172.0
734900;75686.0;15514.0;60172.0
735000;75612.0;15554.0;60058.0
735100;75065.0;15434.0;59631.0
735200;75499.5;15434.0;60065.5
735300;75419.5;15354.0;60065.5
735400;76217.5;15994.0;60223.5
735500;75577.5;15354.0;60223.5
735600;75497.5;15274.0;60223.5
735700;75537.0;15274.0;60263.0
735800;75617.0;15354.0;60263.0
735900;75418.5;15274.0;60144.5
736000;75537.0;15274.0;60263.0
736100;75617.0;15354.0;60263.0
736200;75537.0;15274.0;60263.0
736300;75537.0;15274.0;60263.0
736400;75696.5;15394.0;60302.5
736500;75611.5;15309.0;60302.5
736600;75611.5;15309.0;60302.5
736700;75651.0;15309.0;60342.0
736800;75613.5;15271.5;60342.0
736900;76251.0;15909.0;60342.0
737000;75576.0;15234.0;60342.0
737100;75882.0;15421.5;60460.5
737200;75882.0;15421.5;60460.5
737300;75763.5;15421.5;60342.0
737400;75690.5;15309.0;60381.5
737500;76685.5;15909.0;60776.5
737600;75292.5;15346.5;59946.0
737700;75540.0;15234.0;60306.0
737800;75855.0;15309.0;60546.0
737900;75772.5;15346.5;60426.0
738000;75585.0;15159.0;60426.0
738100;75547.5;15121.5;60426.0
738200;75025.0;15159.0;59866.0
738300;75660.0;15234.0;60426.0
738400;75932.5;15346.5;60586.0
738500;75737.5;15271.5;60466.0
738600;75775.0;15309.0;60466.0
738700;75695.0;15309.0;60386.0
738800;75185.0;15159.0;60026.0
738900;76040.0;15534.0;60506.0
739000;75815.0;15309.0;60506.0
739100;75215.0;14709.0;60506.0
739200;75857.0;15351.0;60506.0
739300;75753.5;15247.5;60506.0
739400;75897.0;15351.0;60546.0
739500;75748.0;15362.0;60386.0
739600;76066.0;15520.0;60546.0
739700;76027.0;15441.0;60586.0
739800;76264.0;15678.0;60586.0
739900;76545.5;15559.5;60986.0
740000;76106.0;15520.0;60586.0
740100;76106.0;15520.0;60586.0
740200;76266.0;15520.0;60746.0
740300;76027.0;15441.0;60586.0
740400;76067.0;15441.0;60626.0
740500;76462.0;15836.0;60626.0
740600;76343.5;15717.5;60626.0
740700;75475.0;14809.0;60666.0
740800;76148.0;15362.0;60786.0
740900;76107.0;15441.0;60666.0
741000;76266.5;15480.5;60786.0
741100;75626.0;15520.0;60106.0
741200;76225.5;15559.5;60666.0
741300;76107.0;15441.0;60666.0
741400;76186.5;15480.5;60706.0
741500;76186.5;15480.5;60706.0
741600;76147.0;15441.0;60706.0
741700;76187.0;15441.0;60746.0
741800;76266.0;15520.0;60746.0
741900;76108.0;15362.0;60746.0
742000;75861.0;15555.0;60306.0
742100;75815.0;15629.0;60186.0
742200;76458.0;15592.0;60866.0
742300;76301.0;15555.0;60746.0
742400;76341.0;15555.0;60786.0
742500;76181.0;15555.0;60626.0
742600;76415.0;15629.0;60786.0
742700;76575.0;15629.0;60946.0
742800;76344.0;15518.0;60826.0
742900;76455.0;15629.0;60826.0
743000;76455.0;15629.0;60826.0
743100;76603.0;15777.0;60826.0
743200;76973.0;16147.0;60826.0
743300;76381.0;15555.0;60826.0
743400;76421.0;15555.0;60866.0
743500;76449.0;15583.0;60866.0
743600;77289.0;15583.0;61706.0
743700;76489.0;15583.0;60906.0
743800;76489.0;15583.0;60906.0
743900;76489.0;15583.0;60906.0
744000;77127.0;15661.0;61466.0
744100;76567.0;15661.0;60906.0
744200;76645.0;15739.0;60906.0
744300;76567.0;15661.0;60906.0
744400;77244.0;15778.0;61466.0
744500;76767.0;15661.0;61106.0
744600;76607.0;15661.0;60946.0
744700;76647.0;15661.0;60986.0
744800;76143.0;15037.0;61106.0
744900;76764.0;15778.0;60986.0
745000;76647.0;15661.0;60986.0
745100;76767.0;15661.0;61106.0
745200;76661.0;15675.0;60986.0
745300;77141.0;15595.0;61546.0
745400;76621.0;15595.0;61026.0
745500;76741.0;15715.0;61026.0
745600;76621.0;15595.0;61026.0
745700;76821.0;15755.0;61066.0
745800;76741.0;15555.0;61186.0
745900;76741.0;15675.0;61066.0
746000;76501.0;15435.0;61066.0
746100;76797.0;15731.0;61066.0
746200;77325.0;16379.0;60946.0
746300;76069.0;15803.0;60266.0
746400;77161.0;16055.0;61106.0
746500;76909.0;15803.0;61106.0
746600;77141.0;15875.0;61266.0
746700;76949.0;15803.0;61146.0
746800;77509.0;15803.0;61706.0
746900;77057.0;15911.0;61146.0
747000;76949.0;15803.0;61146.0
747100;76949.0;15803.0;61146.0
747200;76901.0;15875.0;61026.0
747300;77741.0;16595.0;61146.0
747400;77061.0;15875.0;61186.0
747500;76698.5;15672.5;61026.0
747600;77128.0;15942.0;61186.0
747700;77168.0;15942.0;61226.0
747800;77168.0;15942.0;61226.0
747900;77288.0;15942.0;61346.0
748000;77168.0;15942.0;61226.0
748100;77052.5;15826.5;61226.0
748200;76971.0;15865.0;61106.0
748300;76650.0;15624.0;61026.0
748400;77127.0;15861.0;61266.0
748500;76686.0;15940.0;60746.0
748600;77206.0;15940.0;61266.0
748700;77404.0;16098.0;61306.0
748800;77167.0;15861.0;61306.0
748900;76971.0;15545.0;61426.0
749000;77208.0;15782.0;61426.0
749100;77208.0;15782.0;61426.0
749200;77088.0;15782.0;61306.0
749300;77088.0;15782.0;61306.0
749400;77207.0;15861.0;61346.0
749500;77167.5;15821.5;61346.0
749600;77839.0;16493.0;61346.0
749700;77247.0;15861.0;61386.0
749800;77247.0;15861.0;61386.0
749900;77405.0;16019.0;61386.0
750000;77126.0;15940.0;61186.0
750100;77405.0;16019.0;61386.0
750200;77247.0;15861.0;61386.0
750300;77327.0;16061.0;61266.0
750400;77527.0;16101.0;61426.0
750500;77527.0;16101.0;61426.0
750600;77087.0;15661.0;61426.0
750700;77727.0;16101.0;61626.0
750800;77567.0;16101.0;61466.0
750900;77567.0;16101.0;61466.0
751000;77007.0;16101.0;60906.0
751100;77447.0;16101.0;61346.0
751200;77727.0;16261.0;61466.0
751300;77127.0;16101.0;61026.0
751400;77207.0;15701.0;61506.0
751500;77687.0;16021.0;61666.0
751600;77527.0;16021.0;61506.0
751700;77567.0;16021.0;61546.0
751800;77447.0;16021.0;61426.0
751900;77403.0;16657.0;60746.0
752000;77003.0;15577.0;61426.0
752100;77723.0;16057.0;61666.0
752200;77723.0;16177.0;61546.0
752300;77643.0;16097.0;61546.0
752400;77763.0;16177.0;61586.0
752500;77003.0;15417.0;61586.0
752600;77603.0;16017.0;61586.0
752700;77683.0;16057.0;61626.0
752800;77683.0;16057.0;61626.0
752900;77683.0;16057.0;61626.0
753000;76683.0;15177.0;61506.0
753100;78053.5;16385.5;61668.0
753200;77876.0;16208.0;61668.0
753300;77734.0;16066.0;61668.0
753400;77553.5;15995.0;61558.5
753500;77699.5;15995.0;61704.5
753600;77699.5;15995.0;61704.5
753700;77398.5;15767.0;61631.5
753800;78396.0;16655.0;61741.0
753900;77950.5;16100.0;61850.5
754000;77881.5;15994.5;61887.0
754100;77839.0;16098.0;61741.0
754200;78017.0;15546.0;62471.0
754300;77729.5;16098.0;61631.5
754400;77985.0;16098.0;61887.0
754500;77875.5;16098.0;61777.5
754600;78350.0;16098.0;62252.0
754700;77912.0;16098.0;61814.0
754800;77153.0;15339.0;61814.0
754900;77912.0;16098.0;61814.0
755000;77843.0;16029.0;61814.0
755100;77843.0;16029.0;61814.0
755200;77912.0;16098.0;61814.0
755300;77808.5;15994.5;61814.0
755400;77948.5;16098.0;61850.5
755500;77879.0;16028.5;61850.5
755600;78074.0;16223.5;61850.5
755700;78055.0;16126.0;61929.0
755800;78175.0;16126.0;62049.0
755900;78262.5;16191.0;62071.5
756000;77589.0;16061.0;61528.0
756100;78149.0;16061.0;62088.0
756200;77576.0;16168.0;61408.0
756300;77980.5;16132.5;61848.0
756400;78544.5;16416.5;62128.0
756500;78318.0;16310.0;62008.0
756600;78310.0;16302.0;62008.0
756700;78230.0;16302.0;61928.0
756800;78350.0;16302.0;62048.0
756900;78350.0;16302.0;62048.0
757000;78910.0;16302.0;62608.0
757100;78350.0;16302.0;62048.0
757200;78350.0;16302.0;62048.0
757300;78070.0;16022.0;62048.0
757400;78590.0;16502.0;62088.0
757500;78390.0;16302.0;62088.0
757600;78150.0;16062.0;62088.0
757700;78510.0;16382.0;62128.0
757800;78390.0;16382.0;62008.0
757900;78550.0;16302.0;62248.0
758000;78430.0;16302.0;62128.0
758100;78572.5;16644.5;61928.0
758200;78555.0;16307.0;62248.0
758300;78280.0;16272.0;62008.0
758400;78720.0;16432.0;62288.0
758500;78200.0;16032.0;62168.0
758600;79280.0;17232.0;62048.0
758700;78560.0;16352.0;62208.0
758800;78520.0;16312.0;62208.0
758900;78640.0;16432.0;62208.0
759000;78440.0;16352.0;62088.0
759100;78560.0;16352.0;62208.0
759200;78560.0;16352.0;62208.0
759300;79200.0;16992.0;62208.0
759400;78600.0;16352.0;62248.0
759500;78640.0;16392.0;62248.0
759600;78480.0;16352.0;62128.0
759700;78640.0;16352.0;62288.0
759800;78640.0;16352.0;62288.0
759900;78000.0;15712.0;62288.0
760000;78760.0;16352.0;62408.0
760100;79200.0;16352.0;62848.0
760200;78760.0;16352.0;62408.0
760300;78440.0;16272.0;62168.0
760400;78600.0;16272.0;62328.0
760500;79120.0;16272.0;62848.0
760600;78480.0;16272.0;62208.0
760700;78640.0;16272.0;62368.0
760800;79360.0;16432.0;62928.0
760900;78720.0;16352.0;62368.0
761000;78840.0;16352.0;62488.0
761100;78880.0;16512.0;62368.0
761200;78800.0;16432.0;62368.0
761300;78720.0;16352.0;62368.0
761400;78520.0;16112.0;62408.0
761500;78840.0;16432.0;62408.0
761600;78840.0;16432.0;62408.0
761700;78720.0;16272.0;62448.0
761800;78200.0;16352.0;61848.0
761900;78200.0;16552.0;61648.0
762000;79360.0;16352.0;63008.0
762100;78720.0;16272.0;62448.0
762200;79360.0;16352.0;63008.0
762300;78760.0;16432.0;62328.0
762400;78000.0;16352.0;61648.0
762500;78840.0;16352.0;62488.0
762600;78400.0;16352.0;62048.0
762700;78320.0;16352.0;61968.0
762800;78800.0;16272.0;62528.0
762900;78960.0;16432.0;62528.0
763000;79040.0;16512.0;62528.0
763100;79080.0;16552.0;62528.0
763200;78984.0;16432.0;62552.0
763300;78870.0;16432.0;62438.0
763400;78942.0;16352.0;62590.0
763500;79094.0;16352.0;62742.0
763600;79014.0;16272.0;62742.0
763700;78820.0;16192.0;62628.0
763800;78980.0;16352.0;62628.0
763900;79020.0;16392.0;62628.0
764000;78900.0;16272.0;62628.0
764100;78900.0;16272.0;62628.0
764200;78786.0;16272.0;62514.0
764300;78906.0;16392.0;62514.0
764400;78938.0;16272.0;62666.0
764500;78960.0;16272.0;62688.0
764600;78960.0;16272.0;62688.0
764700;79120.0;16392.0;62728.0
764800;79000.0;16272.0;62728.0
764900;78880.0;16152.0;62728.0
765000;79000.0;16272.0;62728.0
765100;78440.0;16272.0;62168.0
765200;78880.0;16272.0;62608.0
765300;79000.0;16272.0;62728.0
765400;78880.0;16272.0;62608.0
765500;79160.0;16392.0;62768.0
765600;79040.0;16272.0;62768.0
765700;79080.0;16272.0;62808.0
765800;79080.0;16272.0;62808.0
765900;79960.0;17152.0;62808.0
766000;79680.0;16352.0;63328.0
766100;79160.0;16352.0;62808.0
766200;79160.0;16352.0;62808.0
766300;79120.0;16432.0;62688.0
766400;79200.0;16352.0;62848.0
766500;80000.0;16992.0;63008.0
766600;79080.0;16352.0;62728.0
766700;79320.0;16432.0;62888.0
766800;79320.0;16432.0;62888.0
766900;79800.0;16352.0;63448.0
767000;79303.0;16415.0;62888.0
767100;79303.0;16415.0;62888.0
767200;78522.0;15634.0;62888.0
767300;79303.0;16415.0;62888.0
767400;-630555.0;-693443.0;62888.0
767500;79076.5;16308.5;62768.0
767600;79343.0;16415.0;62928.0
767700;80218.5;16450.5;63768.0
767800;79383.0;16415.0;62968.0
767900;79383.0;16415.0;62968.0
768000;79383.0;16415.0;62968.0
768100;79383.0;16415.0;62968.0
768200;79503.0;16415.0;63088.0
768300;79312.0;16344.0;62968.0
768400;79423.0;16415.0;63008.0
768500;78982.0;15974.0;63008.0
768600;79362.0;16354.0;63008.0
768700;79402.0;16354.0;63048.0
768800;79402.0;16354.0;63048.0
768900;79636.0;16468.0;63168.0
769000;79516.0;16468.0;63048.0
769100;79522.0;16354.0;63168.0
769200;79478.0;16430.0;63048.0
769300;79516.0;16468.0;63048.0
769400;79594.0;16506.0;63088.0
769500;79518.0;16430.0;63088.0
769600;79594.0;16506.0;63088.0
769700;79596.0;16468.0;63128.0
769800;79634.0;16506.0;63128.0
769900;79026.0;15898.0;63128.0
770000;79672.0;16544.0;63128.0
770100;80118.0;16430.0;63688.0
770200;79558.0;16430.0;63128.0
770300;79672.0;16544.0;63128.0
770400;79438.0;16430.0;63008.0
770500;79674.0;16506.0;63168.0
770600;79834.0;16506.0;63328.0
770700;79594.0;16506.0;63088.0
770800;79790.0;16582.0;63208.0
770900;79866.0;16658.0;63208.0
771000;79950.0;16582.0;63368.0
771100;79790.0;16582.0;63208.0
771200;79670.0;16582.0;63088.0
771300;79828.0;16620.0;63208.0
771400;80666.0;17418.0;63248.0
771500;79906.0;16658.0;63248.0
771600;79786.0;16658.0;63128.0
771700;80066.0;16658.0;63408.0
771800;80343.0;16935.0;63408.0
771900;79888.0;16600.0;63288.0
772000;79835.0;16667.0;63168.0
772100;79734.5;16566.5;63168.0
772200;79955.0;16667.0;63288.0
772300;79854.5;16566.5;63288.0
772400;79579.0;16131.0;63448.0
772500;79835.0;16667.0;63168.0
772600;79774.5;16566.5;63208.0
772700;79968.0;16600.0;63368.0
772800;80035.0;16667.0;63368.0
772900;80035.0;16667.0;63368.0
773000;79968.0;16600.0;63368.0
773100;79968.0;16600.0;63368.0
773200;80035.0;16667.0;63368.0
773300;79508.5;16700.5;62808.0
773400;80319.0;16911.0;63408.0
773500;80544.0;16616.0;63928.0
773600;80455.5;16527.5;63928.0
773700;-941856.0;16616.0;-958472.0
773800;79584.0;16616.0;62968.0
773900;80064.0;16616.0;63448.0
774000;80064.0;16616.0;63448.0
774100;80125.0;16557.0;63568.0
774200;80272.5;16704.5;63568.0
774300;80123.0;16675.0;63448.0
774400;80133.5;16645.5;63488.0
774500;80045.0;16557.0;63488.0
774600;80074.5;16586.5;63488.0
774700;80085.0;16557.0;63528.0
774800;79554.0;16026.0;63528.0
774900;80085.0;16557.0;63528.0
775000;80548.0;16220.0;64328.0
775100;80068.0;16540.0;63528.0
775200;80100.0;16572.0;63528.0
775300;80612.0;17084.0;63528.0
775400;80108.0;16700.0;63408.0
775500;80604.0;16636.0;63968.0
775600;80084.0;16636.0;63448.0
775700;80636.0;17148.0;63488.0
775800;80244.0;16636.0;63608.0
775900;80244.0;16636.0;63608.0
776000;80916.0;17148.0;63768.0
776100;80276.0;16668.0;63608.0
776200;80244.0;16636.0;63608.0
776300;80364.0;16636.0;63728.0
776400;80636.0;17148.0;63488.0
776500;80124.0;16636.0;63488.0
776600;80444.0;16796.0;63648.0
776700;80964.0;17276.0;63688.0
776800;80356.0;16668.0;63688.0
776900;80356.0;16668.0;63688.0
777000;80228.0;16540.0;63688.0
777100;80388.0;16700.0;63688.0
777200;80210.0;16642.0;63568.0
777300;80450.0;16642.0;63808.0
777400;80890.0;16642.0;64248.0
777500;80316.0;16588.0;63728.0
777600;80316.0;16588.0;63728.0
777700;80970.0;16642.0;64328.0
777800;80302.0;16534.0;63768.0
777900;80302.0;16534.0;63768.0
778000;80302.0;16534.0;63768.0
778100;80422.0;16534.0;63888.0
778200;79816.0;16048.0;63768.0
778300;80368.0;16480.0;63888.0
778400;80288.0;16480.0;63808.0
778500;80288.0;16480.0;63808.0
778600;80328.0;16480.0;63848.0
778700;80274.0;16426.0;63848.0
778800;80274.0;16426.0;63848.0
778900;80274.0;16426.0;63848.0
779000;80448.0;16480.0;63968.0
779100;80328.0;16480.0;63848.0
779200;80328.0;16480.0;63848.0
779300;80748.0;17020.0;63728.0
779400;80422.0;16534.0;63888.0
779500;80528.0;16480.0;64048.0
779600;80368.0;16480.0;63888.0
779700;80150.0;16222.0;63928.0
779800;80160.0;16552.0;63608.0
779900;80494.0;16566.0;63928.0
780000;80374.0;16566.0;63808.0
780100;80610.0;16682.0;63928.0
780200;80610.0;16682.0;63928.0
780300;80294.0;16566.0;63728.0
780400;79956.0;16508.0;63448.0
780500;80621.0;16653.0;63968.0
780600;80414.0;16566.0;63848.0
780700;80694.0;16566.0;64128.0
780800;80632.0;16624.0;64008.0
780900;80512.0;16624.0;63888.0
781000;80694.0;16566.0;64128.0
781100;81148.0;16740.0;64408.0
781200;80748.0;16740.0;64008.0
781300;80454.0;16566.0;63888.0
781400;80585.0;16537.0;64048.0
781500;80672.0;16624.0;64048.0
781600;80556.0;16508.0;64048.0
781700;80476.0;16508.0;63968.0
781800;80534.0;16566.0;63968.0
781900;80832.0;16624.0;64208.0
782000;80770.0;16682.0;64088.0
782100;80712.0;16624.0;64088.0
782200;80712.0;16624.0;64088.0
782300;80383.0;16295.0;64088.0
782400;80702.0;16574.0;64128.0
782500;80854.5;16726.5;64128.0
782600;80662.0;16534.0;64128.0
782700;80757.0;16589.0;64168.0
782800;80757.0;16589.0;64168.0
782900;80839.5;16671.5;64168.0
783000;80932.0;16644.0;64288.0
783100;80757.0;16589.0;64168.0
783200;80757.0;16589.0;64168.0
783300;81197.0;17029.0;64168.0
783400;80412.0;16644.0;63768.0
783500;81509.5;16781.5;64728.0
783600;80677.0;16589.0;64088.0
783700;80772.0;16644.0;64128.0
783800;80919.5;16671.5;64248.0
783900;81177.0;16369.0;64808.0
784000;80892.0;16644.0;64248.0
784100;80809.5;16561.5;64248.0
784200;81452.0;16644.0;64808.0
784300;80892.0;16644.0;64248.0
784400;81014.5;16726.5;64288.0
784500;80877.0;16589.0;64288.0
784600;80904.5;16616.5;64288.0
784700;81027.0;16699.0;64328.0
784800;80685.0;16357.0;64328.0
784900;80921.0;16593.0;64328.0
785000;80980.0;16652.0;64328.0
785100;80980.0;16652.0;64328.0
785200;81100.0;16652.0;64448.0
785300;81452.0;17124.0;64328.0
785400;81020.0;16652.0;64368.0
785500;80441.0;16593.0;63848.0
785600;81020.0;16652.0;64368.0
785700;81060.0;16652.0;64408.0
785800;81060.0;16652.0;64408.0
785900;80588.0;16180.0;64408.0
786000;81119.0;16711.0;64408.0
786100;80409.0;16121.0;64288.0
786200;80999.0;16711.0;64288.0
786300;80999.0;16711.0;64288.0
786400;81159.0;16711.0;64448.0
786500;80319.0;16711.0;63608.0
786600;81319.0;16711.0;64608.0
786700;81199.0;16711.0;64488.0
786800;81199.0;16711.0;64488.0
786900;81199.0;16711.0;64488.0
787000;81599.0;16711.0;64888.0
787100;81199.0;16711.0;64488.0
787200;81079.0;16711.0;64368.0
787300;81199.0;16711.0;64488.0
787400;80719.0;16711.0;64008.0
787500;80399.0;16711.0;63688.0
787600;81340.0;16652.0;64688.0
787700;81161.0;16593.0;64568.0
787800;81308.5;16740.5;64568.0
787900;81279.0;16711.0;64568.0
788000;81297.0;16729.0;64568.0
788100;81297.0;16729.0;64568.0
788200;81204.0;16756.0;64448.0
788300;81270.0;16702.0;64568.0
788400;81511.0;16783.0;64728.0
788500;81578.0;16810.0;64768.0
788600;81283.0;16675.0;64608.0
788700;81350.0;16702.0;64648.0
788800;81350.0;16702.0;64648.0
788900;80918.0;16270.0;64648.0
789000;81350.0;16702.0;64648.0
789100;81350.0;16702.0;64648.0
789200;81470.0;16702.0;64768.0
789300;81350.0;16702.0;64648.0
789400;81390.0;16702.0;64688.0
789500;81404.0;16716.0;64688.0
789600;81460.0;16772.0;64688.0
789700;82060.0;16772.0;65288.0
789800;81564.0;16716.0;64848.0
789900;81444.0;16716.0;64728.0
790000;81444.0;16716.0;64728.0
790100;80884.0;16716.0;64168.0
790200;82060.0;17332.0;64728.0
790300;81508.0;16660.0;64848.0
790400;81484.0;16716.0;64768.0
790500;81400.0;16632.0;64768.0
790600;81484.0;16716.0;64768.0
790700;81580.0;16772.0;64808.0
790800;81524.0;16716.0;64808.0
790900;81524.0;16716.0;64808.0
791000;81524.0;16716.0;64808.0
791100;81644.0;16716.0;64928.0
791200;81524.0;16716.0;64808.0
791300;81404.0;16716.0;64688.0
791400;81508.0;16660.0;64848.0
791500;81044.0;16716.0;64328.0
791600;81116.0;16268.0;64848.0
791700;81820.0;16812.0;65008.0
791800;81700.0;16812.0;64888.0
791900;81519.0;16751.0;64768.0
792000;81639.0;16751.0;64888.0
792100;81395.0;16507.0;64888.0
792200;81639.0;16751.0;64888.0
792300;81709.0;16821.0;64888.0
792400;81749.0;16821.0;64928.0
792500;81749.0;16821.0;64928.0
792600;81229.0;16821.0;64408.0
792700;81840.0;16872.0;64968.0
792800;81738.0;16770.0;64968.0
792900;81381.0;16413.0;64968.0
793000;82349.0;16821.0;65528.0
793100;81592.5;16744.5;64848.0
793200;81669.0;16821.0;64848.0
793300;81865.5;16897.5;64968.0
793400;81829.0;16821.0;65008.0
793500;81829.0;16821.0;65008.0
793600;81462.0;16974.0;64488.0
793700;82267.0;17219.0;65048.0
793800;-941540.0;16932.0;-958472.0
793900;81963.0;16891.0;65072.0
794000;81656.0;16584.0;65072.0
794100;81978.0;16906.0;65072.0
794200;81978.0;16906.0;65072.0
794300;81978.0;16906.0;65072.0
794400;82016.0;16906.0;65110.0
794500;81864.0;16906.0;64958.0
794600;82016.0;16906.0;65110.0
794700;82054.0;16906.0;65148.0
794800;82100.0;16952.0;65148.0
794900;82100.0;16952.0;65148.0
795000;81963.0;16929.0;65034.0
795100;82100.0;16952.0;65148.0
795200;82261.0;17113.0;65148.0
795300;82054.0;16906.0;65148.0
795400;81940.0;16906.0;65034.0
795500;82046.0;16860.0;65186.0
795600;82069.0;16883.0;65186.0
795700;82221.0;16883.0;65338.0
795800;82062.0;16952.0;65110.0
795900;82222.0;16998.0;65224.0
796000;82062.0;16952.0;65110.0
796100;82602.0;16998.0;65604.0
796200;82193.0;17159.0;65034.0
796300;82141.0;16917.0;65224.0
796400;82254.0;16992.0;65262.0
796500;81854.0;16592.0;65262.0
796600;82786.0;16992.0;65794.0
796700;82178.0;16992.0;65186.0
796800;82242.0;16942.0;65300.0
796900;82128.0;16942.0;65186.0
797000;82242.0;16942.0;65300.0
797100;81692.0;16392.0;65300.0
797200;82306.0;16892.0;65414.0
797300;82192.0;16892.0;65300.0
797400;82280.0;16942.0;65338.0
797500;82280.0;16942.0;65338.0
797600;82680.0;17342.0;65338.0
797700;82268.0;16892.0;65376.0
797800;82382.0;16892.0;65490.0
797900;82318.0;16942.0;65376.0
798000;82243.0;16867.0;65376.0
798100;82028.0;16842.0;65186.0
798200;82193.0;16817.0;65376.0
798300;82382.0;16892.0;65490.0
798400;82268.0;16892.0;65376.0
798500;82079.0;16817.0;65262.0
798600;82333.5;16892.0;65441.5
798700;82262.5;16892.0;65370.5
798800;82319.0;16842.0;65477.0
798900;82419.0;16942.0;65477.0
799000;82369.0;16892.0;65477.0
799100;82419.0;16942.0;65477.0
799200;82400.5;16817.0;65583.5
799300;82869.0;17392.0;65477.0
799400;82429.5;16917.0;65512.5
799500;82043.0;16992.0;65051.0
799600;81954.5;16442.0;65512.5
799700;82440.0;16892.0;65548.0
799800;82596.5;16942.0;65654.5
799900;82490.0;16942.0;65548.0
800000;81890.0;16342.0;65548.0
800100;82521.5;16867.0;65654.5
800200;82565.0;17017.0;65548.0
800300;81768.0;16717.0;65051.0
800400;82475.5;16892.0;65583.5
800500;82617.5;16892.0;65725.5
800600;82937.0;16892.0;66045.0
800700;82004.5;16492.0;65512.5
800800;82667.5;16942.0;65725.5
800900;82617.5;16892.0;65725.5
801000;82692.5;16967.0;65725.5
801100;82363.0;16602.0;65761.0
801200;82529.0;16910.0;65619.0
801300;82529.0;16910.0;65619.0
801400;82585.0;16966.0;65619.0
801500;82622.5;16826.0;65796.5
801600;82564.5;16910.0;65654.5
801700;82544.0;16854.0;65690.0
801800;82600.0;16910.0;65690.0
801900;82600.0;16910.0;65690.0
802000;82275.0;16691.5;65583.5
802100;82686.5;16996.5;65690.0
802200;82762.5;16966.0;65796.5
802300;82107.0;16417.0;65690.0
802400;82205.0;16515.0;65690.0
802500;83387.5;17520.0;65867.5
802600;82412.5;17084.5;65328.0
802700;82780.0;16984.0;65796.0
802800;82797.0;17118.0;65679.0
802900;82847.0;17051.0;65796.0
803000;82847.0;17051.0;65796.0
803100;83662.0;17086.0;66576.0
803200;82882.0;17086.0;65796.0
803300;82907.0;16838.0;66069.0
803400;82687.0;17086.0;65601.0
803500;82921.0;17086.0;65835.0
803600;82414.0;17086.0;65328.0
803700;82581.0;16590.0;65991.0
803800;82960.0;17086.0;65874.0
803900;82960.0;17086.0;65874.0
804000;82960.0;17086.0;65874.0
804100;82960.0;17086.0;65874.0
804200;83506.0;17086.0;66420.0
804300;82843.0;17086.0;65757.0
804400;82960.0;17086.0;65874.0
804500;83092.0;17179.0;65913.0
804600;82418.0;16466.0;65952.0
804700;83155.0;17086.0;66069.0
804800;82921.0;17086.0;65835.0
804900;83038.0;17086.0;65952.0
805000;83470.0;17128.0;66342.0
805100;83080.0;17128.0;65952.0
805200;82996.0;17044.0;65952.0
805300;83080.0;17128.0;65952.0
805400;82645.0;16810.0;65835.0
805500;83131.0;17140.0;65991.0
805600;83230.0;17200.0;66030.0
805700;83080.0;17050.0;66030.0
805800;83361.0;17214.0;66147.0
805900;83361.0;17214.0;66147.0
806000;83182.0;17152.0;66030.0
806100;83244.0;17214.0;66030.0
806200;83127.0;17214.0;65913.0
806300;83857.0;17710.0;66147.0
806400;83311.5;17214.0;66097.5
806500;83223.5;17276.0;65947.5
806600;83936.0;17276.0;66660.0
806700;83349.0;17214.0;66135.0
806800;83411.0;17276.0;66135.0
806900;83411.0;17276.0;66135.0
807000;83561.0;17276.0;66285.0
807100;83349.0;17214.0;66135.0
807200;83205.5;17183.0;66022.5
807300;83461.5;17214.0;66247.5
807400;83411.0;17276.0;66135.0
807500;83448.5;17276.0;66172.5
807600;83336.0;17276.0;66060.0
807700;83373.5;17276.0;66097.5
807800;83486.0;17276.0;66210.0
807900;83528.5;17431.0;66097.5
808000;83629.5;17307.0;66322.5
808100;83300.0;17090.0;66210.0
808200;84218.5;17896.0;66322.5
808300;83001.5;16904.0;66097.5
808400;83760.0;17400.0;66360.0
808500;83647.5;17400.0;66247.5
808600;83969.0;17834.0;66135.0
808700;83375.0;17090.0;66285.0
808800;83592.0;17307.0;66285.0
808900;83859.5;17462.0;66397.5
809000;83747.0;17462.0;66285.0
809100;83634.5;17462.0;66172.5
809200;83747.0;17462.0;66285.0
809300;83859.5;17462.0;66397.5
809400;83634.5;17462.0;66172.5
809500;83917.5;17595.0;66322.5
809600;83752.0;17392.0;66360.0
809700;83288.0;16928.0;66360.0
809800;83864.5;17392.0;66472.5
809900;84799.0;17914.0;66885.0
810000;83810.0;17450.0;66360.0
810100;83810.0;17450.0;66360.0
810200;83868.0;17508.0;66360.0
810300;83285.0;17450.0;65835.0
810400;83810.0;17450.0;66360.0
810500;83951.5;17554.0;66397.5
810600;83839.0;17554.0;66285.0
810700;83905.0;17470.0;66435.0
810800;83394.0;17414.0;65980.0
810900;83994.0;17414.0;66580.0
811000;83818.0;17358.0;66460.0
811100;83826.0;17246.0;66580.0
811200;83846.0;17386.0;66460.0
811300;83930.0;17470.0;66460.0
811400;83874.0;17414.0;66460.0
811500;83754.0;17414.0;66340.0
811600;83898.0;17358.0;66540.0
811700;82946.0;16966.0;65980.0
811800;83954.0;17414.0;66540.0
811900;83834.0;17414.0;66420.0
812000;83834.0;17414.0;66420.0
812100;83954.0;17414.0;66540.0
812200;83954.0;17414.0;66540.0
812300;83514.0;17414.0;66100.0
812400;84010.0;17470.0;66540.0
812500;84154.0;17414.0;66740.0
812600;84554.0;17414.0;67140.0
812700;84034.0;17414.0;66620.0
812800;84194.0;17414.0;66780.0
812900;83914.0;17414.0;66500.0
813000;83642.0;17022.0;66620.0
813100;84034.0;17414.0;66620.0
813200;83970.0;17470.0;66500.0
813300;83474.0;17414.0;66060.0
813400;83914.0;17414.0;66500.0
813500;83550.0;17330.0;66220.0
813600;84058.0;17358.0;66700.0
813700;84114.0;17414.0;66700.0
813800;83834.0;17134.0;66700.0
813900;84114.0;17414.0;66700.0
814000;84114.0;17414.0;66700.0
814100;84234.0;17414.0;66820.0
814200;84114.0;17414.0;66700.0
814300;84114.0;17414.0;66700.0
814400;83994.0;17414.0;66580.0
814500;84154.0;17414.0;66740.0
814600;84118.0;17498.0;66620.0
814700;84278.0;17498.0;66780.0
814800;84250.0;17470.0;66780.0
814900;84250.0;17470.0;66780.0
815000;84194.0;17414.0;66780.0
815100;84194.0;17414.0;66780.0
815200;84138.0;17358.0;66780.0
815300;84194.0;17414.0;66780.0
815400;84144.0;17364.0;66780.0
815500;83742.0;17442.0;66300.0
815600;84302.0;17442.0;66860.0
815700;84276.0;17416.0;66860.0
815800;84250.0;17390.0;66860.0
815900;84546.0;17286.0;67260.0
816000;84078.0;17338.0;66740.0
816100;84078.0;17338.0;66740.0
816200;84354.0;17494.0;66860.0
816300;84250.0;17390.0;66860.0
816400;84250.0;17390.0;66860.0
816500;84086.0;17026.0;67060.0
816600;84382.0;17442.0;66940.0
816700;83966.0;17026.0;66940.0
816800;84330.0;17390.0;66940.0
816900;84580.0;17520.0;67060.0
817000;84330.0;17390.0;66940.0
817100;84382.0;17442.0;66940.0
817200;84346.0;17286.0;67060.0
817300;84502.0;17442.0;67060.0
817400;84542.0;17442.0;67100.0
817500;84422.0;17442.0;66980.0
817600;84514.0;17494.0;67020.0
817700;84394.0;17494.0;66900.0
817800;84446.0;17546.0;66900.0
817900;84462.0;17442.0;67020.0
818000;84582.0;17442.0;67140.0
818100;84540.0;17520.0;67020.0
818200;84514.0;17494.0;67020.0
818300;84686.0;17546.0;67140.0
818400;84726.0;17546.0;67180.0
818500;84766.0;17546.0;67220.0
818600;84646.0;17546.0;67100.0
818700;84646.0;17546.0;67100.0
818800;84646.0;17546.0;67100.0
818900;84164.0;17624.0;66540.0
819000;84698.0;17598.0;67100.0
819100;84920.5;17700.5;67220.0
819200;-385552.0;-452652.0;67100.0
819300;84076.0;17536.0;66540.0
819400;84516.0;17536.0;66980.0
819500;84363.0;17583.0;66780.0
819600;84716.0;17536.0;67180.0
819700;84763.0;17583.0;67180.0
819800;84763.0;17583.0;67180.0
819900;84716.0;17536.0;67180.0
820000;84645.5;17465.5;67180.0
820100;84716.0;17536.0;67180.0
820200;84789.0;17489.0;67300.0
820300;84716.0;17536.0;67180.0
820400;85045.0;17865.0;67180.0
820500;84709.0;17489.0;67220.0
820600;84749.0;17489.0;67260.0
820700;84702.0;17442.0;67260.0
820800;84629.0;17489.0;67140.0
820900;84702.0;17442.0;67260.0
821000;84704.5;17324.5;67380.0
821100;84805.0;17545.0;67260.0
821200;84434.0;17974.0;66460.0
821300;84863.5;17603.5;67260.0
821400;84805.0;17545.0;67260.0
821500;84845.0;17545.0;67300.0
821600;84666.5;17486.5;67180.0
821700;84960.5;17620.5;67340.0
821800;84993.0;17533.0;67460.0
821900;84838.0;17498.0;67340.0
822000;84785.5;17445.5;67340.0
822100;84838.0;17498.0;67340.0
822200;84873.0;17533.0;67340.0
822300;84820.5;17480.5;67340.0
822400;84803.0;17463.0;67340.0
822500;85278.0;17498.0;67780.0
822600;84723.0;17463.0;67260.0
822700;84918.0;17498.0;67420.0
822800;84985.5;17445.5;67540.0
822900;84918.0;17498.0;67420.0
823000;84918.0;17498.0;67420.0
823100;84883.0;17463.0;67420.0
823200;84833.0;17413.0;67420.0
823300;84883.0;17583.0;67300.0
823400;84961.0;17541.0;67420.0
823500;85317.0;17457.0;67860.0
823600;85531.0;17471.0;68060.0
823700;84453.0;17513.0;66940.0
823800;85119.0;17499.0;67620.0
823900;85040.0;17540.0;67500.0
824000;84882.5;17502.5;67380.0
824100;84902.5;17402.5;67500.0
824200;85135.0;17515.0;67620.0
824300;84990.0;17490.0;67500.0
824400;84990.0;17490.0;67500.0
824500;85255.0;17715.0;67540.0
824600;85215.0;17515.0;67700.0
824700;85057.5;17477.5;67580.0
824800;84937.5;17477.5;67460.0
824900;84535.0;17515.0;67020.0
825000;85000.0;17540.0;67460.0
825100;85095.0;17515.0;67580.0
825200;85535.0;17515.0;68020.0
825300;85095.0;17515.0;67580.0
825400;85230.0;17490.0;67740.0
825500;85110.0;17490.0;67620.0
825600;85550.0;17490.0;68060.0
825700;85537.5;17477.5;68060.0
825800;85137.5;17477.5;67660.0
825900;85320.0;17540.0;67780.0
826000;85175.0;17515.0;67660.0
826100;85055.0;17515.0;67540.0
826200;85080.0;17540.0;67540.0
826300;85162.5;17502.5;67660.0
826400;85080.0;17540.0;67540.0
826500;86055.0;17515.0;68540.0
826600;85095.0;17515.0;67580.0
826700;85280.0;17540.0;67740.0
826800;85122.5;17502.5;67620.0
826900;85400.0;17540.0;67860.0
827000;85400.0;17540.0;67860.0
827100;85160.0;17540.0;67620.0
827200;85280.0;17540.0;67740.0
827300;85305.0;17565.0;67740.0
827400;85280.0;17540.0;67740.0
827500;85232.5;17452.5;67780.0
827600;85360.0;17540.0;67820.0
827700;85397.5;17577.5;67820.0
827800;85385.0;17565.0;67820.0
827900;84825.0;17565.0;67260.0
828000;85585.0;17765.0;67820.0
828100;85335.0;17515.0;67820.0
828200;85360.0;17540.0;67820.0
828300;85335.0;17515.0;67820.0
828400;85360.0;17540.0;67820.0
828500;85375.0;17515.0;67860.0
828600;85465.0;17565.0;67900.0
828700;85295.0;17515.0;67780.0
828800;85415.0;17515.0;67900.0
828900;85975.0;17515.0;68460.0
829000;85415.0;17515.0;67900.0
829100;85390.0;17490.0;67900.0
829200;85390.0;17490.0;67900.0
829300;85735.0;17715.0;68020.0
829400;85215.0;17315.0;67900.0
829500;85455.0;17515.0;67940.0
829600;85495.0;17515.0;67980.0
829700;85470.0;17490.0;67980.0
829800;85350.0;17490.0;67860.0
829900;85750.0;17490.0;68260.0
830000;85457.5;17477.5;67980.0
830100;85590.0;17490.0;68100.0
830200;84670.0;17490.0;67180.0
830300;85470.0;17490.0;67980.0
830400;85350.0;17490.0;67860.0
830500;85350.0;17490.0;67860.0
830600;85562.5;17502.5;68060.0
830700;86097.5;17477.5;68620.0
830800;85529.5;17589.5;67940.0
830900;85592.0;17532.0;68060.0
831000;85712.0;17532.0;68180.0
831100;85592.0;17532.0;68060.0
831200;85776.0;17716.0;68060.0
831300;85557.5;17497.5;68060.0
831400;85569.0;17509.0;68060.0
831500;85540.0;17440.0;68100.0
831600;85649.0;17509.0;68140.0
831700;85552.0;17532.0;68020.0
831800;85089.0;17509.0;67580.0
831900;85089.0;17509.0;67580.0
832000;85683.5;17543.5;68140.0
832100;85580.0;17440.0;68140.0
832200;85672.0;17532.0;68140.0
832300;85672.0;17532.0;68140.0
832400;85683.5;17543.5;68140.0
832500;85758.0;17578.0;68180.0
832600;85895.0;17555.0;68340.0
832700;85972.0;17632.0;68340.0
832800;85846.0;17506.0;68340.0
832900;85838.0;17618.0;68220.0
833000;85838.0;17618.0;68220.0
833100;85494.0;17394.0;68100.0
833200;86000.0;17660.0;68340.0
833300;85718.0;17618.0;68100.0
833400;85998.0;17898.0;68100.0
833500;85878.0;17618.0;68260.0
833600;86010.0;17590.0;68420.0
833700;86410.0;17590.0;68820.0
833800;86038.0;17618.0;68420.0
833900;86030.0;17730.0;68300.0
834000;86078.0;17658.0;68420.0
834100;85946.0;17646.0;68300.0
834200;85386.0;17646.0;67740.0
834300;85946.0;17646.0;68300.0
834400;85946.0;17646.0;68300.0
834500;85826.0;17646.0;68180.0
834600;86050.0;17670.0;68380.0
834700;86062.0;17682.0;68380.0
834800;86026.0;17646.0;68380.0
834900;86050.0;17670.0;68380.0
835000;85930.0;17670.0;68260.0
835100;85478.0;17658.0;67820.0
835200;85930.0;17550.0;68380.0
835300;86050.0;17670.0;68380.0
835400;86242.0;17862.0;68380.0
835500;86286.0;17706.0;68580.0
835600;86130.0;17670.0;68460.0
835700;86186.0;17726.0;68460.0
835800;86170.0;17710.0;68460.0
835900;86026.0;17686.0;68340.0
836000;86170.0;17710.0;68460.0
836100;86186.0;17726.0;68460.0
836200;86170.0;17710.0;68460.0
836300;86170.0;17710.0;68460.0
836400;86202.0;17702.0;68500.0
836500;85882.0;17742.0;68140.0
836600;86250.0;17710.0;68540.0
836700;86250.0;17710.0;68540.0
836800;86002.0;17582.0;68420.0
836900;86388.0;17728.0;68660.0
837000;86118.0;17698.0;68420.0
837100;86334.0;17794.0;68540.0
837200;86286.0;17626.0;68660.0
837300;86783.0;17686.0;69097.0
837400;86398.0;17686.0;68712.0
837500;86282.5;17686.0;68596.5
837600;86321.0;17686.0;68635.0
837700;86321.0;17686.0;68635.0
837800;86217.5;17698.0;68519.5
837900;86303.0;17668.0;68635.0
838000;86273.0;17638.0;68635.0
838100;86321.0;17686.0;68635.0
838200;86321.0;17686.0;68635.0
838300;86301.5;17782.0;68519.5
838400;86321.0;17686.0;68635.0
838500;86359.5;17686.0;68673.5
838600;86335.5;17662.0;68673.5
838700;86374.0;17662.0;68712.0
838800;86513.5;17686.0;68827.5
838900;86482.0;17770.0;68712.0
839000;86398.0;17686.0;68712.0
839100;86398.0;17686.0;68712.0
839200;86368.0;17656.0;68712.0
839300;86404.0;17692.0;68712.0
839400;86386.0;17674.0;68712.0
839500;86501.5;17718.0;68783.5
839600;86387.0;17710.0;68677.0
839700;86434.5;17722.0;68712.5
839800;86441.5;17729.0;68712.5
839900;86544.0;17725.0;68819.0
840000;86543.0;17724.0;68819.0
840100;86551.0;17732.0;68819.0
840200;86544.5;17725.5;68819.0
840300;86543.5;17724.5;68819.0
840400;86543.0;17724.0;68819.0
840500;86581.5;17727.0;68854.5
840600;86472.0;17724.0;68748.0
840700;86614.0;17724.0;68890.0
840800;86614.0;17724.0;68890.0
840900;86093.0;17724.0;68369.0
841000;86645.5;17723.5;68922.0
841100;86640.0;17718.0;68922.0
841200;86762.0;17721.5;69040.5
841300;86644.0;17722.0;68922.0
841400;86645.0;17723.0;68922.0
841500;87240.0;17765.0;69475.0
841600;86615.0;17772.0;68843.0
841700;86773.0;17772.0;69001.0
841800;86773.0;17772.0;69001.0
841900;86766.0;17765.0;69001.0
842000;86769.5;17768.5;69001.0
842100;86568.5;17765.0;68803.5
842200;86773.0;17772.0;69001.0
842300;86891.5;17772.0;69119.5
842400;86773.0;17772.0;69001.0
842500;86812.5;17772.0;69040.5
842600;86852.0;17772.0;69080.0
842700;86862.5;17782.5;69080.0
842800;86768.5;17807.0;68961.5
842900;86887.0;17807.0;69080.0
843000;87434.0;17801.0;69633.0
843100;87040.5;17842.0;69198.5
843200;86397.0;17870.0;68527.0
843300;87046.5;17848.0;69198.5
843400;86933.5;17853.5;69080.0
843500;86989.5;17870.0;69119.5
843600;87029.0;17870.0;69159.0
843700;87045.5;17886.5;69159.0
843800;87029.0;17870.0;69159.0
843900;87012.5;17853.5;69159.0
844000;87117.0;17958.0;69159.0
844100;87187.0;17870.0;69317.0
844200;87029.0;17870.0;69159.0
844300;87463.5;17870.0;69593.5
844400;87029.0;17870.0;69159.0
844500;87068.5;17870.0;69198.5
844600;87108.0;17870.0;69238.0
844700;87108.0;17870.0;69238.0
844800;86633.0;17870.0;68763.0
844900;87113.0;17870.0;69243.0
845000;86993.0;17870.0;69123.0
845100;87002.0;17879.0;69123.0
845200;87134.0;17891.0;69243.0
845300;87134.0;17891.0;69243.0
845400;86715.0;17912.0;68803.0
845500;87027.5;17904.5;69123.0
845600;87217.5;17894.5;69323.0
845700;87235.0;17912.0;69323.0
845800;87360.0;17917.0;69443.0
845900;87235.0;17912.0;69323.0
846000;86435.0;17912.0;68523.0
846100;87242.0;17919.0;69323.0
846200;87247.0;17924.0;69323.0
846300;87241.5;17918.5;69323.0
846400;87258.0;17935.0;69323.0
846500;88132.0;17929.0;70203.0
846600;87339.5;17936.5;69403.0
846700;87531.0;17963.0;69568.0
846800;87409.0;17952.0;69457.0
846900;87410.0;17953.0;69457.0
847000;87410.0;17953.0;69457.0
847100;87297.5;17951.5;69346.0
847200;87409.0;17952.0;69457.0
847300;87402.0;17945.0;69457.0
847400;87557.0;17952.0;69605.0
847500;87355.0;18009.0;69346.0
847600;87550.5;18019.5;69531.0
847700;87436.0;18016.0;69420.0
847800;87589.0;18058.0;69531.0
847900;87478.0;18058.0;69420.0
848000;87589.0;18058.0;69531.0
848100;87700.0;18058.0;69642.0
848200;87478.0;18058.0;69420.0
848300;88036.0;18098.0;69938.0
848400;87674.0;18143.0;69531.0
848500;86859.0;18068.0;68791.0
848600;87715.5;18110.5;69605.0
848700;87708.0;18103.0;69605.0
848800;87819.0;18103.0;69716.0
848900;87718.0;18113.0;69605.0
849000;87819.0;18103.0;69716.0
849100;87713.0;18108.0;69605.0
849200;87713.0;18108.0;69605.0
849300;87713.0;18108.0;69605.0
849400;87713.0;18108.0;69605.0
849500;87745.0;18103.0;69642.0
849600;87639.0;18108.0;69531.0
849700;87787.0;18108.0;69679.0
849800;87787.0;18108.0;69679.0
849900;87938.0;18148.0;69790.0
850000;88310.0;18113.0;70197.0
850100;87681.0;18113.0;69568.0
850200;87673.5;18105.5;69568.0
850300;87893.0;18103.0;69790.0
850400;87807.0;18128.0;69679.0
850500;87323.0;18088.0;69235.0
850600;87871.0;18118.0;69753.0
850700;87881.0;18128.0;69753.0
850800;87921.0;18168.0;69753.0
850900;88444.0;18173.0;70271.0
851000;87992.0;18128.0;69864.0
851100;87765.0;18123.0;69642.0
851200;88394.0;18123.0;70271.0
851300;87770.0;18128.0;69642.0
851400;87770.0;18128.0;69642.0
851500;87918.0;18128.0;69790.0
851600;88106.0;18168.0;69938.0
851700;87950.0;18123.0;69827.0
851800;87955.0;18128.0;69827.0
851900;87955.0;18128.0;69827.0
852000;87915.0;18088.0;69827.0
852100;88079.0;18141.0;69938.0
852200;87971.0;18144.0;69827.0
852300;87994.0;18167.0;69827.0
852400;87972.0;18145.0;69827.0
852500;87873.0;18157.0;69716.0
852600;88058.0;18157.0;69901.0
852700;88058.0;18157.0;69901.0
852800;88062.0;18161.0;69901.0
852900;88094.0;18193.0;69901.0
853000;88058.0;18157.0;69901.0
853100;88066.0;18165.0;69901.0
853200;88068.0;18167.0;69901.0
853300;88066.0;18165.0;69901.0
853400;88066.0;18165.0;69901.0
853500;87959.0;18169.0;69790.0
853600;88146.0;18171.0;69975.0
853700;88253.0;18167.0;70086.0
853800;88029.0;18165.0;69864.0
853900;88138.0;18163.0;69975.0
854000;88021.0;18157.0;69864.0
854100;88136.0;18161.0;69975.0
854200;88037.0;18173.0;69864.0
854300;88136.0;18161.0;69975.0
854400;88252.0;18129.0;70123.0
854500;88325.0;18165.0;70160.0
854600;88720.0;18153.0;70567.0
854700;88210.0;18161.0;70049.0
854800;88202.0;18153.0;70049.0
854900;88210.0;18161.0;70049.0
855000;88309.0;18149.0;70160.0
855100;88214.0;18165.0;70049.0
855200;88329.0;18169.0;70160.0
855300;88226.0;18177.0;70049.0
855400;88210.0;18161.0;70049.0
855500;88271.0;18185.0;70086.0
855600;88308.0;18185.0;70123.0
855700;88308.0;18185.0;70123.0
855800;88308.0;18185.0;70123.0
855900;88308.0;18185.0;70123.0
856000;88308.0;18185.0;70123.0
856100;88419.0;18185.0;70234.0
856200;88308.0;18185.0;70123.0
856300;88308.0;18185.0;70123.0
856400;88456.0;18185.0;70271.0
856500;88345.0;18185.0;70160.0
856600;88382.0;18185.0;70197.0
856700;88382.0;18185.0;70197.0
856800;88382.0;18185.0;70197.0
856900;88382.0;18185.0;70197.0
857000;88382.0;18185.0;70197.0
857100;88493.0;18185.0;70308.0
857200;88382.0;18185.0;70197.0
857300;88382.0;18185.0;70197.0
857400;88382.0;18185.0;70197.0
857500;88900.0;18185.0;70715.0
857600;88271.0;18185.0;70086.0
857700;88480.0;18185.0;70295.0
857800;88480.0;18185.0;70295.0
857900;88480.0;18185.0;70295.0
858000;88597.0;18185.0;70412.0
858100;88597.0;18185.0;70412.0
858200;88597.0;18185.0;70412.0
858300;88480.0;18185.0;70295.0
858400;88480.0;18185.0;70295.0
858500;88519.0;18185.0;70334.0
858600;88558.0;18185.0;70373.0
858700;88558.0;18185.0;70373.0
858800;88558.0;18185.0;70373.0
858900;88558.0;18185.0;70373.0
859000;88558.0;18185.0;70373.0
859100;88558.0;18185.0;70373.0
859200;88012.0;18185.0;69827.0
859300;88441.0;18185.0;70256.0
859400;88714.0;18185.0;70529.0
859500;88118.0;18213.0;69905.0
859600;89214.0;18217.0;70997.0
859700;88551.0;18217.0;70334.0
859800;88672.0;18221.0;70451.0
859900;88789.0;18221.0;70568.0
860000;88781.0;18213.0;70568.0
860100;88664.0;18213.0;70451.0
860200;88664.0;18213.0;70451.0
860300;88192.0;18173.0;70019.0
860400;88840.0;18221.0;70619.0
860500;88712.0;18213.0;70499.0
860600;88752.0;18213.0;70539.0
860700;88752.0;18213.0;70539.0
860800;88756.0;18217.0;70539.0
860900;88752.0;18213.0;70539.0
861000;88312.0;18213.0;70099.0
861100;88796.0;18257.0;70539.0
861200;88750.0;18211.0;70539.0
861300;88760.0;18221.0;70539.0
861400;88756.0;18217.0;70539.0
861500;88802.0;18223.0;70579.0
861600;88796.0;18177.0;70619.0
861700;88844.0;18225.0;70619.0
861800;88844.0;18225.0;70619.0
861900;88858.0;18239.0;70619.0
862000;88848.0;18229.0;70619.0
862100;88848.0;18229.0;70619.0
862200;88846.0;18227.0;70619.0
862300;88846.0;18227.0;70619.0
862400;88694.0;18195.0;70499.0
862500;88746.5;18247.5;70499.0
862600;88936.0;18237.0;70699.0
862700;88943.0;18244.0;70699.0
862800;89489.0;18230.0;71259.0
862900;88929.0;18230.0;70699.0
863000;88929.0;18230.0;70699.0
863100;88922.0;18223.0;70699.0
863200;89334.0;18195.0;71139.0
863300;88922.0;18223.0;70699.0
863400;88936.0;18237.0;70699.0
863500;88816.0;18237.0;70579.0
863600;88908.0;18169.0;70739.0
863700;88460.0;18241.0;70219.0
863800;89036.0;18257.0;70779.0
863900;89164.0;18385.0;70779.0
864000;88932.0;18273.0;70659.0
864100;88932.0;18273.0;70659.0
864200;88868.0;18209.0;70659.0
864300;88612.0;18273.0;70339.0
864400;88924.0;18145.0;70779.0
864500;88932.0;18273.0;70659.0
864600;89068.0;18209.0;70859.0
864700;89060.0;18201.0;70859.0
864800;89172.0;18313.0;70859.0
864900;89172.0;18313.0;70859.0
865000;89214.0;18355.0;70859.0
865100;89334.0;18355.0;70979.0
865200;89193.0;18334.0;70859.0
865300;89228.0;18369.0;70859.0
865400;89228.0;18369.0;70859.0
865500;89129.0;18390.0;70739.0
865600;89308.0;18369.0;70939.0
865700;89322.0;18383.0;70939.0
865800;89322.0;18383.0;70939.0
865900;89463.0;18404.0;71059.0
866000;89343.0;18404.0;70939.0
866100;89322.0;18383.0;70939.0
866200;89202.0;18383.0;70819.0
866300;89442.0;18383.0;71059.0
866400;89202.0;18383.0;70819.0
866500;89362.0;18383.0;70979.0
866600;89381.0;18362.0;71019.0
866700;89430.0;18411.0;71019.0
866800;89548.0;18369.0;71179.0
866900;89494.0;18355.0;71139.0
867000;89388.0;18369.0;71019.0
867100;89296.0;18277.0;71019.0
867200;89186.0;18367.0;70819.0
867300;88846.0;18387.0;70459.0
867400;89286.0;18387.0;70899.0
867500;89466.0;18407.0;71059.0
867600;89507.0;18408.0;71099.0
867700;89627.0;18408.0;71219.0
867800;89484.0;18385.0;71099.0
867900;89461.0;18362.0;71099.0
868000;89461.0;18362.0;71099.0
868100;89601.0;18502.0;71099.0
868200;89441.0;18342.0;71099.0
868300;89521.0;18422.0;71099.0
868400;89545.0;18446.0;71099.0
868500;89561.0;18422.0;71139.0
868600;89721.0;18422.0;71299.0
868700;89601.0;18422.0;71179.0
868800;89601.0;18422.0;71179.0
868900;89601.0;18422.0;71179.0
869000;89617.0;18438.0;71179.0
869100;89617.0;18438.0;71179.0
869200;89617.0;18438.0;71179.0
869300;89609.0;18550.0;71059.0
869400;89505.0;18446.0;71059.0
869500;89641.0;18422.0;71219.0
869600;89681.0;18422.0;71259.0
869700;89681.0;18422.0;71259.0
869800;89729.0;18470.0;71259.0
869900;89553.0;18294.0;71259.0
870000;89744.0;18422.0;71322.0
870100;89744.0;18422.0;71322.0
870200;89837.5;18406.0;71431.5
870300;89744.0;18422.0;71322.0
870400;89728.0;18406.0;71322.0
870500;89934.5;18430.0;71504.5
870600;89817.0;18422.0;71395.0
870700;89879.5;18484.5;71395.0
870800;89352.0;18468.0;70884.0
870900;89863.0;18468.0;71395.0
871000;90582.0;18457.0;72125.0
871100;89841.0;18446.0;71395.0
871200;89819.5;18534.0;71285.5
871300;89855.0;18460.0;71395.0
871400;89988.0;18447.0;71541.0
871500;89918.5;18487.0;71431.5
871600;89809.0;18487.0;71322.0
871700;89845.5;18487.0;71358.5
871800;89949.5;18481.5;71468.0
871900;90053.5;18476.0;71577.5
872000;89845.5;18487.0;71358.5
872100;90048.0;18470.5;71577.5
872200;89955.0;18487.0;71468.0
872300;89955.0;18487.0;71468.0
872400;89851.0;18492.5;71358.5
872500;89517.0;18487.0;71030.0
872600;90225.5;18575.0;71650.5
872700;90028.0;18487.0;71541.0
872800;90055.5;18514.5;71541.0
872900;90011.5;18470.5;71541.0
873000;90028.0;18487.0;71541.0
873100;90039.0;18498.0;71541.0
873200;90148.5;18498.0;71650.5
873300;89929.5;18498.0;71431.5
873400;90168.5;18481.5;71687.0
873500;90092.0;18514.5;71577.5
873600;90112.0;18498.0;71614.0
873700;90112.0;18498.0;71614.0
873800;90128.5;18514.5;71614.0
873900;90112.0;18498.0;71614.0
874000;90147.0;18533.0;71614.0
874100;90147.0;18533.0;71614.0
874200;90147.0;18533.0;71614.0
874300;90147.0;18533.0;71614.0
874400;90147.0;18533.0;71614.0
874500;90167.5;18517.0;71650.5
874600;90196.0;18509.0;71687.0
874700;90180.0;18493.0;71687.0
874800;89743.0;18501.0;71242.0
874900;89975.0;18373.0;71602.0
875000;90223.0;18501.0;71722.0
875100;90231.0;18509.0;71722.0
875200;90223.0;18501.0;71722.0
875300;90103.0;18501.0;71602.0
875400;90258.0;18536.0;71722.0
875500;90130.0;18368.0;71762.0
875600;90220.0;18578.0;71642.0
875700;90369.5;18567.5;71802.0
875800;90338.0;18536.0;71802.0
875900;90408.0;18606.0;71802.0
876000;90465.0;18543.0;71922.0
876100;90345.0;18543.0;71802.0
876200;90366.0;18564.0;71802.0
876300;90479.0;18557.0;71922.0
876400;90345.0;18543.0;71802.0
876500;90433.0;18431.0;72002.0
876600;90985.0;18543.0;72442.0
876700;90985.0;18543.0;72442.0
876800;90538.0;18536.0;72002.0
876900;90538.0;18536.0;72002.0
877000;90319.0;18557.0;71762.0
877100;90460.0;18578.0;71882.0
877200;90439.0;18557.0;71882.0
877300;90671.0;18669.0;72002.0
877400;90439.0;18557.0;71882.0
877500;91048.0;18606.0;72442.0
877600;90643.0;18561.0;72082.0
877700;90643.0;18561.0;72082.0
877800;90643.0;18561.0;72082.0
877900;90572.0;18610.0;71962.0
878000;90167.0;18645.0;71522.0
878100;90367.0;18525.0;71842.0
878200;90619.0;18657.0;71962.0
878300;90499.0;18657.0;71842.0
878400;90635.0;18633.0;72002.0
878500;90611.0;18609.0;72002.0
878600;90687.0;18645.0;72042.0
878700;90699.0;18657.0;72042.0
878800;90567.0;18645.0;71922.0
878900;90681.0;18639.0;72042.0
879000;90687.0;18645.0;72042.0
879100;90606.0;18564.0;72042.0
879200;90701.0;18659.0;72042.0
879300;90853.0;18811.0;72042.0
879400;90581.0;18659.0;71922.0
879500;90920.0;18678.0;72242.0
879600;90640.0;18678.0;71962.0
879700;90613.5;18611.5;72002.0
879800;90762.0;18640.0;72122.0
879900;90819.0;18697.0;72122.0
880000;90800.0;18678.0;72122.0
880100;91379.0;18697.0;72682.0
880200;90920.0;18678.0;72242.0
880300;90800.0;18678.0;72122.0
880400;90781.0;18659.0;72122.0
880500;90840.0;18678.0;72162.0
880600;90908.0;18706.0;72202.0
880700;91005.0;18683.0;72322.0
880800;90908.0;18706.0;72202.0
880900;90931.0;18729.0;72202.0
881000;90788.0;18706.0;72082.0
881100;90908.0;18706.0;72202.0
881200;91325.0;18683.0;72642.0
881300;91039.5;18717.5;72322.0
881400;90973.0;18771.0;72202.0
881500;90783.0;18701.0;72082.0
881600;90983.0;18701.0;72282.0
881700;90983.0;18701.0;72282.0
881800;90983.0;18701.0;72282.0
881900;91215.0;18813.0;72402.0
882000;90997.0;18715.0;72282.0
882100;90863.0;18701.0;72162.0
882200;90983.0;18701.0;72282.0
882300;90983.0;18701.0;72282.0
882400;90983.0;18701.0;72282.0
882500;91016.0;18694.0;72322.0
882600;91030.0;18708.0;72322.0
882700;90925.0;18563.0;72362.0
882800;91033.0;18671.0;72362.0
882900;91069.0;18707.0;72362.0
883000;90593.0;18671.0;71922.0
883100;91189.0;18707.0;72482.0
883200;90949.0;18707.0;72242.0
883300;90949.0;18707.0;72242.0
883400;90949.0;18707.0;72242.0
883500;91061.0;18659.0;72402.0
883600;91101.0;18659.0;72442.0
883700;91125.0;18683.0;72442.0
883800;91149.0;18707.0;72442.0
883900;91245.0;18683.0;72562.0
884000;91137.0;18695.0;72442.0
884100;91125.0;18683.0;72442.0
884200;91149.0;18707.0;72442.0
884300;91221.0;18659.0;72562.0
884400;91249.0;18647.0;72602.0
884500;91165.0;18683.0;72482.0
884600;91169.0;18647.0;72522.0
884700;91181.0;18659.0;72522.0
884800;91205.0;18683.0;72522.0
884900;91325.0;18683.0;72642.0
885000;91181.0;18659.0;72522.0
885100;91181.0;18659.0;72522.0
885200;91181.0;18659.0;72522.0
885300;91181.0;18659.0;72522.0
885400;91181.0;18659.0;72522.0
885500;91197.0;18635.0;72562.0
885600;91065.0;18623.0;72442.0
885700;91261.0;18659.0;72602.0
885800;90701.0;18659.0;72042.0
885900;91869.0;18707.0;73162.0
886000;91793.0;18671.0;73122.0
886100;91225.0;18623.0;72602.0
886200;91141.0;18659.0;72482.0
886300;91159.0;18557.0;72602.0
886400;91417.0;18655.0;72762.0
886500;91297.0;18655.0;72642.0
886600;91170.0;18488.0;72682.0
886700;91355.0;18673.0;72682.0
886800;91392.0;18710.0;72682.0
886900;91355.0;18673.0;72682.0
887000;91884.5;18802.5;73082.0
887100;91210.5;18728.5;72482.0
887200;91355.0;18673.0;72682.0
887300;91318.0;18636.0;72682.0
887400;91392.0;18710.0;72682.0
887500;91432.0;18710.0;72722.0
887600;91607.0;18845.0;72762.0
887700;91523.0;18761.0;72762.0
887800;91677.0;18915.0;72762.0
887900;90701.0;18739.0;71962.0
888000;91468.0;18706.0;72762.0
888100;91359.0;18717.0;72642.0
888200;91479.0;18717.0;72762.0
888300;91403.0;18641.0;72762.0
888400;-148525.0;-221167.0;72642.0
888500;91515.0;18713.0;72802.0
888600;91555.0;18713.0;72842.0
888700;91675.0;18713.0;72962.0
888800;91603.0;18761.0;72842.0
888900;91555.0;18713.0;72842.0
889000;91555.0;18713.0;72842.0
889100;91543.0;18701.0;72842.0
889200;91471.0;18749.0;72722.0
889300;91603.0;18737.0;72866.0
889400;91579.0;18713.0;72866.0
889500;91805.0;18749.0;73056.0
889600;91643.0;18701.0;72942.0
889700;91817.0;18761.0;73056.0
889800;91691.0;18749.0;72942.0
889900;91643.0;18701.0;72942.0
890000;91679.0;18737.0;72942.0
890100;91679.0;18737.0;72942.0
890200;91655.0;18713.0;72942.0
890300;91793.0;18737.0;73056.0
890400;91643.0;18701.0;72942.0
890500;91076.0;18590.0;72486.0
890600;91773.0;18755.0;73018.0
890700;91803.0;18785.0;73018.0
890800;91887.0;18755.0;73132.0
890900;91902.0;18770.0;73132.0
891000;91803.0;18785.0;73018.0
891100;91563.0;18545.0;73018.0
891200;91969.5;18785.0;73184.5
891300;91866.0;18785.0;73081.0
891400;92260.5;18800.0;73460.5
891500;91900.5;18785.0;73115.5
891600;91965.0;18815.0;73150.0
891700;91935.0;18785.0;73150.0
891800;91935.0;18785.0;73150.0
891900;91831.5;18785.0;73046.5
892000;91995.0;18845.0;73150.0
892100;92068.5;18815.0;73253.5
892200;92058.0;18770.0;73288.0
892300;91935.0;18785.0;73150.0
892400;91999.5;18815.0;73184.5
892500;91999.5;18815.0;73184.5
892600;91794.0;18575.0;73219.0
892700;92034.0;18815.0;73219.0
892800;92004.0;18785.0;73219.0
892900;92538.5;18871.0;73667.5
893000;92091.0;18872.0;73219.0
893100;92130.0;18911.0;73219.0
893200;92130.0;18911.0;73219.0
893300;92026.5;18911.0;73115.5
893400;92130.0;18911.0;73219.0
893500;92164.5;18911.0;73253.5
893600;92302.5;18911.0;73391.5
893700;92453.5;18924.0;73529.5
893800;92186.0;18898.0;73288.0
893900;92238.0;18950.0;73288.0
894000;92277.0;18989.0;73288.0
894100;92251.0;18963.0;73288.0
894200;92147.5;18963.0;73184.5
894300;92160.0;18872.0;73288.0
894400;92251.0;18963.0;73288.0
894500;92311.5;18989.0;73322.5
894600;92333.0;18976.0;73357.0
894700;92320.0;18963.0;73357.0
894800;92268.0;18911.0;73357.0
894900;92133.0;19052.0;73081.0
895000;92787.0;18947.0;73840.0
895100;92137.5;18884.0;73253.5
895200;92179.5;18926.0;73253.5
895300;92241.0;18884.0;73357.0
895400;92335.5;18978.5;73357.0
895500;92338.5;18947.0;73391.5
895600;92203.5;18915.5;73288.0
895700;92373.0;18947.0;73426.0
895800;92238.0;18915.5;73322.5
895900;92269.5;18947.0;73322.5
896000;92269.5;18947.0;73322.5
896100;92352.0;18926.0;73426.0
896200;92269.5;18947.0;73322.5
896300;92331.0;18905.0;73426.0
896400;92238.0;18915.5;73322.5
896500;92386.5;18926.0;73460.5
896600;92535.0;18936.5;73598.5
896700;92556.0;18957.5;73598.5
896800;92442.0;18947.0;73495.0
896900;92442.0;18947.0;73495.0
897000;92442.0;18947.0;73495.0
897100;92442.0;18947.0;73495.0
897200;92484.0;18989.0;73495.0
897300;92463.0;18968.0;73495.0
897400;92442.0;18947.0;73495.0
897500;92476.5;18947.0;73529.5
897600;92542.5;18978.5;73564.0
897700;92532.0;18968.0;73564.0
897800;92511.0;18947.0;73564.0
897900;92511.0;18947.0;73564.0
898000;92407.5;18947.0;73460.5
898100;92004.0;18947.0;73057.0
898200;92648.0;19052.0;73596.0
898300;92455.5;18975.0;73480.5
898400;92585.0;18989.0;73596.0
898500;92581.5;18947.0;73634.5
898600;92455.5;18975.0;73480.5
898700;92634.0;18961.0;73673.0
898800;92648.0;18975.0;73673.0
898900;92777.5;18989.0;73788.5
899000;92532.5;18975.0;73557.5
899100;92669.0;18996.0;73673.0
899200;92831.5;19043.0;73788.5
899300;92698.0;19025.0;73673.0
899400;92698.0;19025.0;73673.0
899500;92769.5;19025.0;73744.5
899600;92308.0;19025.0;73283.0
899700;92791.5;19011.5;73780.0
899800;92805.0;19025.0;73780.0
899900;92911.5;19025.0;73886.5
900000;92624.0;18950.5;73673.5
900100;92835.0;19055.0;73780.0
900200;92806.5;19026.5;73780.0
900300;92863.5;19083.5;73780.0
900400;92835.0;19055.0;73780.0
900500;92477.0;19055.0;73422.0
900600;93073.0;19207.0;73866.0
900700;92921.0;19055.0;73866.0
900800;92921.0;19055.0;73866.0
900900;92902.0;19036.0;73866.0
901000;92533.5;19083.5;73450.0
901100;92894.0;18884.0;74010.0
901200;92945.0;19055.0;73890.0
901300;93046.0;19036.0;74010.0
901400;92964.0;19074.0;73890.0
901500;93048.0;19118.0;73930.0
901600;92508.0;19098.0;73410.0
901700;93508.0;19138.0;74370.0
901800;92568.0;19078.0;73490.0
901900;92952.0;19102.0;73850.0
902000;93084.0;19114.0;73970.0
902100;93083.0;19113.0;73970.0
902200;93060.0;19090.0;73970.0
902300;93200.0;19110.0;74090.0
902400;93243.0;19113.0;74130.0
902500;93100.0;19090.0;74010.0
902600;93158.0;19108.0;74050.0
902700;93160.0;19110.0;74050.0
902800;93162.0;19112.0;74050.0
902900;93156.0;19106.0;74050.0
903000;93158.0;19108.0;74050.0
903100;93161.0;19111.0;74050.0
903200;93142.0;19092.0;74050.0
903300;93155.0;19105.0;74050.0
903400;93161.0;19111.0;74050.0
903500;93198.0;19108.0;74090.0
903600;93241.0;19111.0;74130.0
903700;93233.0;19103.0;74130.0
903800;93240.0;19110.0;74130.0
903900;93800.0;19110.0;74690.0
904000;93641.0;19111.0;74530.0
904100;93238.0;19108.0;74130.0
904200;93236.0;19106.0;74130.0
904300;93241.0;19111.0;74130.0
904400;93240.0;19110.0;74130.0
904500;93299.0;19129.0;74170.0
904600;93339.0;19129.0;74210.0
904700;93259.0;19169.0;74090.0
904800;93326.5;19116.5;74210.0
904900;93381.0;19171.0;74210.0
905000;93338.0;19248.0;74090.0
905100;93366.5;19239.0;74127.5
905200;93479.0;19239.0;74240.0
905300;93479.0;19239.0;74240.0
905400;93479.0;19239.0;74240.0
905500;93516.5;19239.0;74277.5
905600;93554.0;19239.0;74315.0
905700;93612.0;19297.0;74315.0
905800;93604.0;19289.0;74315.0
905900;93608.0;19293.0;74315.0
906000;93608.0;19293.0;74315.0
906100;93495.5;19293.0;74202.5
906200;93604.0;19289.0;74315.0
906300;93612.0;19297.0;74315.0
906400;93608.0;19293.0;74315.0
906500;94024.5;19297.0;74727.5
906600;93681.0;19291.0;74390.0
906700;93817.0;19277.0;74540.0
906800;93669.0;19279.0;74390.0
906900;93691.0;19301.0;74390.0
907000;93691.0;19301.0;74390.0
907100;93691.0;19301.0;74390.0
907200;93687.0;19297.0;74390.0
907300;93691.0;19301.0;74390.0
907400;93691.0;19301.0;74390.0
907500;93732.5;19305.0;74427.5
907600;93770.0;19305.0;74465.0
907700;93770.0;19305.0;74465.0
907800;93806.0;19341.0;74465.0
907900;93780.0;19315.0;74465.0
908000;93774.0;19309.0;74465.0
908100;93774.0;19309.0;74465.0
908200;93770.0;19305.0;74465.0
908300;93774.0;19309.0;74465.0
908400;93774.0;19309.0;74465.0
908500;94299.0;19309.0;74990.0
908600;93855.0;19315.0;74540.0
908700;93849.0;19309.0;74540.0
908800;93740.5;19313.0;74427.5
908900;93851.0;19311.0;74540.0
909000;93849.0;19309.0;74540.0
909100;93961.5;19309.0;74652.5
909200;93877.0;19337.0;74540.0
909300;93885.0;19345.0;74540.0
909400;93893.0;19353.0;74540.0
909500;93938.5;19361.0;74577.5
909600;93896.0;19281.0;74615.0
909700;93956.0;19341.0;74615.0
909800;93847.5;19345.0;74502.5
909900;94016.0;19401.0;74615.0
910000;93991.0;19376.0;74615.0
910100;93966.0;19351.0;74615.0
910200;94011.0;19396.0;74615.0
910300;94546.0;19406.0;75140.0
910400;93996.0;19381.0;74615.0
910500;93996.0;19343.5;74652.5
910600;94168.5;19366.0;74802.5
910700;93958.5;19381.0;74577.5
910800;94198.5;19396.0;74802.5
910900;93958.5;19381.0;74577.5
911000;93979.0;19259.0;74720.0
911100;94115.0;19395.0;74720.0
911200;94140.5;19420.5;74720.0
911300;94012.0;19412.0;74600.0
911400;94132.0;19412.0;74720.0
911500;94029.0;19429.0;74600.0
911600;94203.5;19403.5;74800.0
911700;94195.0;19395.0;74800.0
911800;94083.5;19403.5;74680.0
911900;94178.0;19378.0;74800.0
912000;94441.0;19361.0;75080.0
912100;94178.0;19378.0;74800.0
912200;94199.0;19399.0;74800.0
912300;94299.0;19379.0;74920.0
912400;94339.0;19379.0;74960.0
912500;94069.0;19389.0;74680.0
912600;94301.0;19379.0;74922.0
912700;94410.5;19379.0;75031.5
912800;94301.0;19379.0;74922.0
912900;94281.0;19359.0;74922.0
913000;94390.5;19359.0;75031.5
913100;94166.5;19244.5;74922.0
913200;94072.0;19150.0;74922.0
913300;94315.0;19393.0;74922.0
913400;94247.5;19325.5;74922.0
913500;94324.5;19366.0;74958.5
913600;94361.0;19366.0;74995.0
913700;94224.5;19339.0;74885.5
913800;94361.0;19366.0;74995.0
913900;94361.0;19366.0;74995.0
914000;94497.5;19393.0;75104.5
914100;94334.0;19339.0;74995.0
914200;94361.0;19366.0;74995.0
914300;94145.0;19150.0;74995.0
914400;94361.0;19366.0;74995.0
914500;94370.5;19339.0;75031.5
914600;94583.0;19150.0;75433.0
914700;94324.5;19366.0;74958.5
914800;94540.5;19582.0;74958.5
914900;94346.0;19278.0;75068.0
915000;94308.0;19240.0;75068.0
915100;94384.0;19316.0;75068.0
915200;94455.5;19278.0;75177.5
915300;94536.0;19468.0;75068.0
915400;93934.0;19278.0;74656.0
915500;94414.0;19278.0;75136.0
915600;94397.0;19221.0;75176.0
915700;94296.0;19240.0;75056.0
915800;94378.0;19202.0;75176.0
915900;94536.0;19240.0;75296.0
916000;94378.0;19202.0;75176.0
916100;94536.0;19240.0;75296.0
916200;94416.0;19240.0;75176.0
916300;94492.0;19316.0;75176.0
916400;94416.0;19240.0;75176.0
916500;94654.0;19278.0;75376.0
916600;94534.0;19278.0;75256.0
916700;94534.0;19278.0;75256.0
916800;93936.0;19240.0;74696.0
916900;94692.0;19316.0;75376.0
917000;94572.0;19316.0;75256.0
917100;94572.0;19316.0;75256.0
917200;94448.0;19192.0;75256.0
917300;94448.0;19312.0;75136.0
917400;94568.0;19312.0;75256.0
917500;94808.0;19512.0;75296.0
917600;94768.0;19312.0;75456.0
917700;94648.0;19312.0;75336.0
917800;94968.0;19632.0;75336.0
917900;94683.0;19347.0;75336.0
918000;94728.0;19392.0;75336.0
918100;94773.0;19437.0;75336.0
918200;94728.0;19392.0;75336.0
918300;94728.0;19392.0;75336.0
918400;94660.5;19324.5;75336.0
918500;93883.0;19347.0;74536.0
918600;94827.5;19369.5;75458.0
918700;94805.0;19347.0;75458.0
918800;95494.0;19671.0;75823.0
918900;94793.0;19335.0;75458.0
919000;94457.0;18999.0;75458.0
919100;94902.5;19335.0;75567.5
919200;94793.0;19335.0;75458.0
919300;94835.0;19377.0;75458.0
919400;94772.0;19314.0;75458.0
919500;94725.5;19377.0;75348.5
919600;94762.0;19231.0;75531.0
919700;94900.0;19369.0;75531.0
919800;95084.0;19553.0;75531.0
919900;95268.0;19737.0;75531.0
920000;94854.0;19323.0;75531.0
920100;94744.5;19323.0;75421.5
920200;94376.5;18955.0;75421.5
920300;94343.0;19323.0;75020.0
920400;94706.0;19175.0;75531.0
920500;94907.5;19340.0;75567.5
920600;94586.0;19493.0;75093.0
920700;94433.0;19340.0;75093.0
920800;94944.0;19340.0;75604.0
920900;95053.5;19340.0;75713.5
921000;94944.0;19340.0;75604.0
921100;94995.0;19391.0;75604.0
921200;95024.0;19420.0;75604.0
921300;95024.0;19420.0;75604.0
921400;94597.0;18993.0;75604.0
921500;95182.5;19542.0;75640.5
921600;94741.0;19210.0;75531.0
921700;95342.0;19665.0;75677.0
921800;95237.0;19560.0;75677.0
921900;95346.5;19560.0;75786.5
922000;95237.0;19560.0;75677.0
922100;95532.0;19490.0;76042.0
922200;95237.0;19560.0;75677.0
922300;95197.5;19630.0;75567.5
922400;95097.0;19420.0;75677.0
922500;94799.0;19560.0;75239.0
922600;95380.0;19630.0;75750.0
922700;95240.0;19490.0;75750.0
922800;95472.0;19560.0;75912.0
922900;95352.0;19560.0;75792.0
923000;95457.0;19665.0;75792.0
923100;95352.0;19560.0;75792.0
923200;95982.0;19630.0;76352.0
923300;95272.5;19480.5;75792.0
923400;95253.0;19581.0;75672.0
923500;95933.0;19581.0;76352.0
923600;95573.0;19581.0;75992.0
923700;95333.0;19581.0;75752.0
923800;95100.0;19228.0;75872.0
923900;94628.5;19556.5;75072.0
924000;95465.0;19593.0;75872.0
924100;94905.0;19593.0;75312.0
924200;95272.0;19520.0;75752.0
924300;96122.0;20250.0;75872.0
924400;95611.0;19739.0;75872.0
924500;95578.0;19666.0;75912.0
924600;95618.0;19666.0;75952.0
924700;95618.0;19666.0;75952.0
924800;95498.0;19666.0;75832.0
924900;95738.0;19666.0;76072.0
925000;95545.0;19593.0;75952.0
925100;95618.0;19666.0;75952.0
925200;95618.0;19666.0;75952.0
925300;95618.0;19666.0;75952.0
925400;95571.0;19739.0;75832.0
925500;95074.0;19082.0;75992.0
925600;95818.0;19666.0;76152.0
925700;95312.0;19280.0;76032.0
925800;95712.0;19680.0;76032.0
925900;95792.0;19760.0;76032.0
926000;95072.0;19040.0;76032.0
926100;96232.0;20080.0;76152.0
926200;95712.0;19680.0;76032.0
926300;95952.0;19800.0;76152.0
926400;95792.0;19760.0;76032.0
926500;95672.0;19600.0;76072.0
926600;95152.0;19040.0;76112.0
926700;95792.0;19680.0;76112.0
926800;95752.0;19760.0;75992.0
926900;95792.0;19680.0;76112.0
927000;95752.0;19760.0;75992.0
927100;95752.0;19760.0;75992.0
927200;96312.0;19760.0;76552.0
927300;95872.0;19760.0;76112.0
927400;96032.0;19920.0;76112.0
927500;96112.0;19960.0;76152.0
927600;96032.0;19840.0;76192.0
927700;96112.0;19920.0;76192.0
927800;96032.0;19840.0;76192.0
927900;96032.0;19840.0;76192.0
928000;95912.0;19840.0;76072.0
928100;96053.0;19861.0;76192.0
928200;96669.0;20477.0;76192.0
928300;96173.0;19861.0;76312.0
928400;96130.0;19938.0;76192.0
928500;96016.0;19784.0;76232.0
928600;96056.0;19784.0;76272.0
928700;96011.0;19739.0;76272.0
928800;96037.0;19885.0;76152.0
928900;95964.0;19812.0;76152.0
929000;96157.0;19885.0;76272.0
929100;95837.0;19885.0;75952.0
929200;96230.0;19958.0;76272.0
929300;96171.0;19899.0;76272.0
929400;96443.5;20011.5;76432.0
929500;95976.0;19824.0;76152.0
929600;96326.0;19974.0;76352.0
929700;95726.0;19374.0;76352.0
929800;96326.0;19974.0;76352.0
929900;96613.5;19861.5;76752.0
930000;96206.0;19974.0;76232.0
930100;96251.0;19899.0;76352.0
930200;95526.0;19374.0;76152.0
930300;96251.0;19899.0;76352.0
930400;96326.0;19974.0;76352.0
930500;96366.0;19974.0;76392.0
930600;96373.0;19941.0;76432.0
930700;96596.5;20044.5;76552.0
930800;96493.0;19941.0;76552.0
930900;96442.0;20010.0;76432.0
931000;96261.0;19709.0;76552.0
931100;96483.0;19931.0;76552.0
931200;96243.0;19931.0;76312.0
931300;-938043.0;20005.0;-958048.0
931400;96289.0;19857.0;76432.0
931500;96329.0;19857.0;76472.0
931600;96369.0;19857.0;76512.0
931700;95851.0;19339.0;76512.0
931800;96443.0;19931.0;76512.0
931900;96443.0;19931.0;76512.0
932000;96332.0;19820.0;76512.0
932100;96443.0;19931.0;76512.0
932200;96600.0;19968.0;76632.0
932300;96517.0;20005.0;76512.0
932400;95883.0;19931.0;75952.0
932500;96372.0;19820.0;76552.0
932600;96617.0;19905.0;76712.0
932700;96457.0;19865.0;76592.0
932800;96657.0;20065.0;76592.0
932900;96577.0;19985.0;76592.0
933000;96497.0;19905.0;76592.0
933100;96497.0;19905.0;76592.0
933200;96897.0;20305.0;76592.0
933300;96017.0;19985.0;76032.0
933400;96617.0;20145.0;76472.0
933500;96537.0;19905.0;76632.0
933600;96577.0;19905.0;76672.0
933700;96613.0;19905.0;76708.0
933800;96493.0;19785.0;76708.0
933900;96613.0;19905.0;76708.0
934000;97353.0;19905.0;77448.0
934100;96724.0;19905.0;76819.0
934200;97524.0;20705.0;76819.0
934300;96197.0;19905.0;76292.0
934400;96237.0;19505.0;76732.0
934500;96517.0;19905.0;76612.0
934600;96637.0;19825.0;76812.0
934700;96717.0;19905.0;76812.0
934800;96717.0;20025.0;76692.0
934900;96717.0;19905.0;76812.0
935000;96797.0;19985.0;76812.0
935100;96717.0;19905.0;76812.0
935200;97277.0;19905.0;77372.0
935300;96797.0;19985.0;76812.0
935400;96717.0;19905.0;76812.0
935500;96677.0;19825.0;76852.0
935600;96837.0;19825.0;77012.0
935700;96557.0;19825.0;76732.0
935800;96677.0;19905.0;76772.0
935900;96853.0;19961.0;76892.0
936000;96341.0;19889.0;76452.0
936100;96853.0;19961.0;76892.0
936200;97485.0;20033.0;77452.0
936300;96925.0;20033.0;76892.0
936400;96841.0;20069.0;76772.0
936500;97125.0;20033.0;77092.0
936600;96525.0;20033.0;76492.0
936700;96965.0;20033.0;76932.0
936800;97053.0;19961.0;77092.0
936900;97125.0;20033.0;77092.0
937000;97149.0;20177.0;76972.0
937100;97077.0;20105.0;76972.0
937200;96517.0;20105.0;76412.0
937300;96877.0;20105.0;76772.0
937400;96957.0;20105.0;76852.0
937500;96325.0;19313.0;77012.0
937600;96997.0;20105.0;76892.0
937700;97085.0;20033.0;77052.0
937800;97293.0;19681.0;77612.0
937900;97133.0;20081.0;77052.0
938000;97213.0;20161.0;77052.0
938100;97253.0;20201.0;77052.0
938200;97733.0;20121.0;77612.0
938300;97653.0;20041.0;77612.0
938400;96973.0;19921.0;77052.0
938500;96973.0;20041.0;76932.0
938600;97173.0;20041.0;77132.0
938700;96533.0;19401.0;77132.0
938800;97333.0;20081.0;77252.0
938900;98053.0;20921.0;77132.0
939000;97173.0;20041.0;77132.0
939100;97293.0;20041.0;77252.0
939200;97173.0;20041.0;77132.0
939300;97173.0;20041.0;77132.0
939400;97253.0;20121.0;77132.0
939500;97373.0;20041.0;77332.0
939600;97453.0;20121.0;77332.0
939700;97613.0;20281.0;77332.0
939800;97653.0;20441.0;77212.0
939900;97373.0;20041.0;77332.0
940000;97013.0;19801.0;77212.0
940100;97533.0;20201.0;77332.0
940200;97173.0;20081.0;77092.0
940300;97413.0;20201.0;77212.0
940400;97453.0;20241.0;77212.0
940500;97453.0;20201.0;77252.0
940600;97413.0;20121.0;77292.0
940700;96893.0;19481.0;77412.0
940800;97253.0;19961.0;77292.0
940900;97333.0;20041.0;77292.0
941000;97973.0;20121.0;77852.0
941100;97413.0;20121.0;77292.0
941200;97293.0;20001.0;77292.0
941300;96773.0;19481.0;77292.0
941400;97333.0;20041.0;77292.0
941500;97373.0;20041.0;77332.0
941600;97373.0;20161.0;77212.0
941700;97293.0;19921.0;77372.0
941800;96613.0;20041.0;76572.0
941900;97013.0;19641.0;77372.0
942000;97413.0;20041.0;77372.0
942100;98053.0;20681.0;77372.0
942200;97413.0;20041.0;77372.0
942300;97413.0;20041.0;77372.0
942400;97653.0;20121.0;77532.0
942500;97533.0;20121.0;77412.0
942600;97573.0;20121.0;77452.0
942700;97093.0;20121.0;76972.0
942800;97973.0;20121.0;77852.0
942900;97773.0;20201.0;77572.0
943000;97653.0;20201.0;77452.0
943100;97093.0;20201.0;76892.0
943200;97853.0;20241.0;77612.0
943300;97653.0;20201.0;77452.0
943400;97573.0;20121.0;77452.0
943500;97613.0;20121.0;77492.0
943600;97653.0;20121.0;77532.0
943700;97573.0;20041.0;77532.0
943800;97493.0;19961.0;77532.0
943900;97573.0;20041.0;77532.0
944000;97573.0;20041.0;77532.0
944100;97493.0;19961.0;77532.0
944200;98133.0;20601.0;77532.0
944300;96933.0;19961.0;76972.0
944400;97493.0;19961.0;77532.0
944500;96893.0;19321.0;77572.0
944600;97573.0;19961.0;77612.0
944700;97573.0;19961.0;77612.0
944800;97573.0;19961.0;77612.0
944900;97493.0;19881.0;77612.0
945000;97573.0;19961.0;77612.0
945100;97573.0;19561.0;78012.0
945200;97493.0;19881.0;77612.0
945300;97653.0;20041.0;77612.0
945400;98013.0;19961.0;78052.0
945500;97893.0;20081.0;77812.0
945600;98213.0;19961.0;78252.0
945700;98533.0;20281.0;78252.0
945800;97573.0;19881.0;77692.0
945900;97613.0;19921.0;77692.0
946000;98533.0;20041.0;78492.0
946100;97938.0;20246.0;77692.0
946200;97833.0;20141.0;77692.0
946300;97833.0;20141.0;77692.0
946400;97833.0;20141.0;77692.0
946500;97873.0;20141.0;77732.0
946600;97843.0;20071.0;77772.0
946700;97893.0;20001.0;77892.0
946800;97948.0;20176.0;77772.0
946900;97758.0;20106.0;77652.0
947000;98523.0;20631.0;77892.0
947100;97963.0;20071.0;77892.0
947200;97843.0;20071.0;77772.0
947300;98003.0;20071.0;77932.0
947400;97933.0;20001.0;77932.0
947500;98023.0;20211.0;77812.0
947600;97923.0;20071.0;77852.0
947700;98389.0;20537.0;77852.0
947800;97445.0;20153.0;77292.0
947900;97501.0;20089.0;77412.0
948000;97941.0;20089.0;77852.0
948100;98501.0;20089.0;78412.0
948200;98234.0;20217.0;78017.0
948300;97483.0;19577.0;77906.0
948400;98562.0;20138.0;78424.0
948500;98223.0;20280.0;77943.0
948600;98189.0;20209.0;77980.0
948700;98189.0;20209.0;77980.0
948800;98488.0;20138.0;78350.0
948900;98559.0;20209.0;78350.0
949000;98118.0;20138.0;77980.0
949100;98118.0;20138.0;77980.0
949200;98205.0;20225.0;77980.0
949300;98424.0;20444.0;77980.0
949400;98059.0;20079.0;77980.0
949500;98534.0;20517.0;78017.0
949600;98207.5;20042.5;78165.0
949700;97688.0;20152.0;77536.0
949800;98133.0;20079.0;78054.0
949900;98022.0;20079.0;77943.0
950000;98724.0;20152.0;78572.0
950100;98133.0;20079.0;78054.0
950200;98317.0;20152.0;78165.0
950300;98133.0;20079.0;78054.0
950400;97438.0;19495.0;77943.0
950500;98170.0;20079.0;78091.0
950600;-860167.0;20079.0;-880246.0
950700;98097.5;19969.5;78128.0
950800;98207.0;20079.0;78128.0
950900;98097.5;19969.5;78128.0
951000;98245.0;20006.0;78239.0
951100;98610.0;20371.0;78239.0
951200;98645.0;20517.0;78128.0
951300;98134.0;20006.0;78128.0
951400;98172.5;19896.5;78276.0
951500;98319.0;20006.0;78313.0
951600;98208.0;20006.0;78202.0
951700;98319.0;20006.0;78313.0
951800;98835.5;20115.5;78720.0
951900;98097.0;20006.0;78091.0
952000;98355.5;20042.5;78313.0
952100;98135.0;19933.0;78202.0
952200;98792.0;20590.0;78202.0
952300;98429.0;20079.0;78350.0
952400;98097.0;20006.0;78091.0
952500;98245.0;20006.0;78239.0
952600;98282.0;20006.0;78276.0
952700;98282.0;20006.0;78276.0
952800;98077.5;19801.5;78276.0
952900;98886.0;20610.0;78276.0
953000;98265.5;19878.5;78387.0
953100;98732.0;20456.0;78276.0
953200;98304.0;19917.0;78387.0
953300;98116.0;19840.0;78276.0
953400;98270.0;19994.0;78276.0
953500;98307.0;19994.0;78313.0
953600;98339.5;19878.5;78461.0
953700;98378.0;19917.0;78461.0
953800;98233.0;19994.0;78239.0
953900;97950.0;19600.0;78350.0
954000;98230.0;19880.0;78350.0
954100;97630.0;19280.0;78350.0
954200;98270.0;19920.0;78350.0
954300;97910.0;19560.0;78350.0
954400;98350.0;20000.0;78350.0
954500;97971.0;19880.0;78091.0
954600;-861126.0;19120.0;-880246.0
954700;97906.0;20000.0;77906.0
954800;98615.0;20080.0;78535.0
954900;97764.0;20080.0;77684.0
955000;98544.0;20120.0;78424.0
955100;98704.0;20280.0;78424.0
955200;98384.0;19960.0;78424.0
955300;98433.0;20120.0;78313.0
955400;98424.0;20000.0;78424.0
955500;98581.0;20120.0;78461.0
955600;98218.0;19720.0;78498.0
955700;99016.0;20000.0;79016.0
955800;98418.0;19920.0;78498.0
955900;98002.0;19920.0;78082.0
956000;98482.0;19960.0;78522.0
956100;98402.0;19880.0;78522.0
956200;98383.0;19861.0;78522.0
956300;98383.0;19861.0;78522.0
956400;98543.0;19861.0;78682.0
956500;98423.0;19861.0;78562.0
956600;98919.0;20477.0;78442.0
956700;98519.0;19957.0;78562.0
956800;98039.0;19437.0;78602.0
956900;97519.0;19717.0;77802.0
957000;98439.0;19837.0;78602.0
957100;99079.0;20477.0;78602.0
957200;98519.0;19917.0;78602.0
957300;98359.0;19757.0;78602.0
957400;97919.0;19757.0;78162.0
957500;98319.0;19677.0;78642.0
957600;98319.0;19797.0;78522.0
957700;98279.0;19757.0;78522.0
957800;98319.0;19757.0;78562.0
957900;98439.0;19757.0;78682.0
958000;98519.0;19837.0;78682.0
958100;97799.0;19117.0;78682.0
958200;98519.0;19837.0;78682.0
958300;98439.0;19757.0;78682.0
958400;98439.0;19757.0;78682.0
958500;98479.0;19637.0;78842.0
958600;98519.0;19757.0;78762.0
958700;98439.0;19677.0;78762.0
958800;98319.0;19677.0;78642.0
958900;98439.0;19557.0;78882.0
959000;98359.0;19597.0;78762.0
959100;98679.0;19517.0;79162.0
959200;98239.0;19597.0;78642.0
959300;98319.0;19557.0;78762.0
959400;98439.0;19677.0;78762.0
959500;98479.0;19677.0;78802.0
959600;98439.0;19477.0;78962.0
959700;98159.0;19477.0;78682.0
959800;98399.0;19677.0;78722.0
959900;98839.0;19997.0;78842.0
960000;98711.0;19869.0;78842.0
960100;98635.0;19793.0;78842.0
960200;98635.0;19793.0;78842.0
960300;98795.0;19793.0;79002.0
960400;98315.0;19793.0;78522.0
960500;98599.0;19717.0;78882.0
960600;98563.0;19641.0;78922.0
960700;98563.0;19641.0;78922.0
960800;98639.0;19717.0;78922.0
960900;98439.0;19717.0;78722.0
961000;98639.0;19717.0;78922.0
961100;98807.0;19325.0;79482.0
961200;98007.0;19085.0;78922.0
961300;98807.0;19725.0;79082.0
961400;98767.0;19965.0;78802.0
961500;98607.0;19645.0;78962.0
961600;98767.0;19765.0;79002.0
961700;98647.0;19525.0;79122.0
961800;99207.0;20205.0;79002.0
961900;98687.0;19685.0;79002.0
962000;98767.0;19765.0;79002.0
962100;98647.0;19645.0;79002.0
962200;98647.0;19645.0;79002.0
962300;98647.0;19645.0;79002.0
962400;98647.0;19645.0;79002.0
962500;99607.0;20045.0;79562.0
962600;98807.0;19725.0;79082.0
962700;98807.0;19725.0;79082.0
962800;98807.0;19725.0;79082.0
962900;98727.0;19645.0;79082.0
963000;98247.0;19725.0;78522.0
963100;98687.0;19725.0;78962.0
963200;98727.0;19645.0;79082.0
963300;98807.0;19725.0;79082.0
963400;98767.0;19685.0;79082.0
963500;98767.0;19805.0;78962.0
963600;98967.0;19805.0;79162.0
963700;99327.0;19765.0;79562.0
963800;99047.0;19885.0;79162.0
963900;99047.0;19885.0;79162.0
964000;99047.0;19885.0;79162.0
964100;99167.0;19885.0;79282.0
964200;99087.0;19805.0;79282.0
964300;98487.0;19885.0;78602.0
964400;99047.0;19885.0;79162.0
964500;99127.0;19765.0;79362.0
964600;99047.0;19805.0;79242.0
964700;99047.0;19805.0;79242.0
964800;99487.0;19685.0;79802.0
964900;99687.0;20445.0;79242.0
965000;98927.0;19805.0;79122.0
965100;99167.0;19925.0;79242.0
965200;99287.0;20045.0;79242.0
965300;99167.0;19925.0;79242.0
965400;99207.0;19805.0;79402.0
965500;99047.0;19765.0;79282.0
965600;99047.0;19605.0;79442.0
965700;99087.0;19765.0;79322.0
965800;99327.0;20005.0;79322.0
965900;99207.0;19885.0;79322.0
966000;99327.0;20005.0;79322.0
966100;99207.0;19885.0;79322.0
966200;99207.0;19885.0;79322.0
966300;99367.0;20165.0;79202.0
966400;99207.0;19885.0;79322.0
966500;99247.0;19885.0;79362.0
966600;99367.0;19965.0;79402.0
966700;99447.0;20045.0;79402.0
966800;99407.0;20005.0;79402.0
966900;99487.0;19965.0;79522.0
967000;99407.0;20005.0;79402.0
967100;99287.0;19885.0;79402.0
967200;99407.0;19885.0;79522.0
967300;99287.0;19885.0;79402.0
967400;99287.0;19885.0;79402.0
967500;99407.0;19965.0;79442.0
967600;99327.0;20005.0;79322.0
967700;-938073.0;19885.0;-957958.0
967800;99367.0;19885.0;79482.0
967900;99887.0;19885.0;80002.0
968000;99367.0;19885.0;79482.0
968100;99367.0;19885.0;79482.0
968200;100167.0;20685.0;79482.0
968300;99247.0;19885.0;79362.0
968400;98807.0;19885.0;78922.0
968500;99407.0;19885.0;79522.0
968600;99447.0;19885.0;79562.0
968700;98887.0;19885.0;79002.0
968800;99567.0;20005.0;79562.0
968900;98647.0;19885.0;78762.0
969000;99887.0;20325.0;79562.0
969100;99847.0;20285.0;79562.0
969200;99447.0;19885.0;79562.0
969300;99447.0;19885.0;79562.0
969400;98847.0;19245.0;79602.0
969500;99647.0;19885.0;79762.0
969600;99047.0;19965.0;79082.0
969700;98567.0;19085.0;79482.0
969800;100007.0;20365.0;79642.0
969900;99727.0;19965.0;79762.0
970000;99807.0;20605.0;79202.0
970100;99567.0;19925.0;79642.0
970200;99607.0;19965.0;79642.0
970300;99567.0;20045.0;79522.0
970400;99127.0;19325.0;79802.0
970500;99567.0;19885.0;79682.0
970600;99247.0;20085.0;79162.0
970700;100167.0;20045.0;80122.0
970800;99687.0;19965.0;79722.0
970900;99687.0;19965.0;79722.0
971000;99807.0;19965.0;79842.0
971100;99607.0;19885.0;79722.0
971200;99727.0;19885.0;79842.0
971300;99607.0;19885.0;79722.0
971400;100327.0;20605.0;79722.0
971500;99807.0;19885.0;79922.0
971600;100247.0;19885.0;80362.0
971700;99807.0;20005.0;79802.0
971800;99567.0;19765.0;79802.0
971900;99807.0;20005.0;79802.0
972000;99127.0;19885.0;79242.0
972100;99967.0;20045.0;79922.0
972200;99887.0;19965.0;79922.0
972300;99687.0;19885.0;79802.0
972400;99647.0;19965.0;79682.0
972500;99687.0;19845.0;79842.0
972600;99967.0;19965.0;80002.0
972700;100007.0;19725.0;80282.0
972800;100047.0;20045.0;80002.0
972900;99847.0;19965.0;79882.0
973000;99767.0;19885.0;79882.0
973100;99847.0;19965.0;79882.0
973200;99847.0;19965.0;79882.0
973300;99967.0;20085.0;79882.0
973400;100607.0;20845.0;79762.0
973500;100767.0;20845.0;79922.0
973600;100007.0;20045.0;79962.0
973700;99847.0;20045.0;79802.0
973800;99687.0;19605.0;80082.0
973900;100012.0;20005.0;80007.0
974000;99859.5;19965.0;79894.5
974100;100092.0;20085.0;80007.0
974200;99972.0;19965.0;80007.0
974300;99552.0;20085.0;79467.0
974400;100072.0;20045.0;80027.0
974500;99872.0;19965.0;79907.0
974600;100152.0;20045.0;80107.0
974700;100152.0;20045.0;80107.0
974800;100112.0;20125.0;79987.0
974900;100792.0;20125.0;80667.0
975000;100352.0;20125.0;80227.0
975100;100246.0;20139.0;80107.0
975200;100806.0;20139.0;80667.0
975300;100243.0;20256.0;79987.0
975400;100246.0;20139.0;80107.0
975500;100300.0;20153.0;80147.0
975600;100340.0;20153.0;80187.0
975700;100340.0;20153.0;80187.0
975800;100340.0;20153.0;80187.0
975900;100340.0;20153.0;80187.0
976000;100460.0;20273.0;80187.0
976100;100340.0;20153.0;80187.0
976200;100340.0;20153.0;80187.0
976300;100340.0;20153.0;80187.0
976400;100340.0;20153.0;80187.0
976500;100449.5;20195.0;80254.5
976600;100487.0;20195.0;80292.0
976700;100450.0;20158.0;80292.0
976800;100450.0;20158.0;80292.0
976900;100374.5;20195.0;80179.5
977000;100487.0;20195.0;80292.0
977100;100487.0;20195.0;80292.0
977200;100067.0;20195.0;79872.0
977300;100891.5;20579.5;80312.0
977400;100631.5;20319.5;80312.0
977500;100219.0;19867.0;80352.0
977600;100709.0;20317.0;80392.0
977700;100390.5;19878.5;80512.0
977800;100547.0;20155.0;80392.0
977900;100468.0;20076.0;80392.0
978000;100586.5;20194.5;80392.0
978100;100626.0;20234.0;80392.0
978200;99953.0;19681.0;80272.0
978300;100707.0;20155.0;80552.0
978400;101069.0;20234.0;80835.0
978500;100218.0;20234.0;79984.0
978600;100736.0;20234.0;80502.0
978700;100657.0;20155.0;80502.0
978800;100578.0;20076.0;80502.0
978900;100578.0;20076.0;80502.0
979000;100775.5;20273.5;80502.0
979100;100657.0;20155.0;80502.0
979200;100657.0;20155.0;80502.0
979300;100696.5;20194.5;80502.0
979400;100657.0;20155.0;80502.0
979500;100694.0;20155.0;80539.0
979600;100731.0;20155.0;80576.0
979700;100810.0;20234.0;80576.0
979800;100921.0;20234.0;80687.0
979900;100099.0;19523.0;80576.0
980000;100770.5;20194.5;80576.0
980100;100810.0;20234.0;80576.0
980200;100810.0;20234.0;80576.0
980300;100879.0;20155.0;80724.0
980400;100620.0;20155.0;80465.0
980500;100620.0;20155.0;80465.0
980600;100768.0;20155.0;80613.0
980700;100657.0;20155.0;80502.0
980800;100812.0;20162.0;80650.0
980900;100932.0;20282.0;80650.0
981000;100892.0;20242.0;80650.0
981100;100812.0;20162.0;80650.0
981200;100892.0;20242.0;80650.0
981300;100892.0;20242.0;80650.0
981400;101421.0;20882.0;80539.0
981500;100929.0;20242.0;80687.0
981600;101046.0;20322.0;80724.0
981700;101166.0;20442.0;80724.0
981800;101237.0;20402.0;80835.0
981900;101197.0;20362.0;80835.0
982000;101157.0;20322.0;80835.0
982100;101046.0;20322.0;80724.0
982200;101126.0;20402.0;80724.0
982300;100855.0;20242.0;80613.0
982400;101194.0;20322.0;80872.0
982500;101231.0;20322.0;80909.0
982600;101120.0;20322.0;80798.0
982700;101160.0;20362.0;80798.0
982800;101040.0;20242.0;80798.0
982900;101151.0;20242.0;80909.0
983000;101076.0;20242.0;80834.0
983100;101076.0;20242.0;80834.0
983200;101076.0;20242.0;80834.0
983300;100876.0;20042.0;80834.0
983400;100996.0;20162.0;80834.0
983500;100916.0;20042.0;80874.0
983600;100956.0;20042.0;80914.0
983700;101076.0;20162.0;80914.0
983800;101236.0;20202.0;81034.0
983900;100516.0;20162.0;80354.0
984000;101276.0;20242.0;81034.0
984100;101556.0;20082.0;81474.0
984200;100836.0;19922.0;80914.0
984300;100996.0;20282.0;80714.0
984400;100516.0;20162.0;80354.0
984500;101356.0;20562.0;80794.0
984600;101156.0;20162.0;80994.0
984700;101156.0;20162.0;80994.0
984800;-937644.0;20162.0;-957806.0
984900;101076.0;20082.0;80994.0
985000;100596.0;20162.0;80434.0
985100;101196.0;20082.0;81114.0
985200;101236.0;20242.0;80994.0
985300;101340.0;20346.0;80994.0
985400;101532.5;20538.5;80994.0
985500;101226.0;20192.0;81034.0
985600;101343.0;20269.0;81074.0
985700;100029.0;19835.0;80194.0
985800;101269.0;20195.0;81074.0
985900;101269.0;20195.0;81074.0
986000;101389.0;20195.0;81194.0
986100;100989.0;20355.0;80634.0
986200;101149.0;20195.0;80954.0
986300;101229.0;20155.0;81074.0
986400;101349.0;20275.0;81074.0
986500;101389.0;20275.0;81114.0
986600;101509.0;20355.0;81154.0
986700;101309.0;20315.0;80994.0
986800;102111.0;20397.0;81714.0
986900;101551.0;20397.0;81154.0
987000;101477.0;20323.0;81154.0
987100;101639.0;20365.0;81274.0
987200;101999.0;20285.0;81714.0
987300;101519.0;20365.0;81154.0
987400;101639.0;20485.0;81154.0
987500;101879.0;20525.0;81354.0
987600;101679.0;20445.0;81234.0
987700;101679.0;20445.0;81234.0
987800;101559.0;20445.0;81114.0
987900;101599.0;20365.0;81234.0
988000;101679.0;20445.0;81234.0
988100;101559.0;20325.0;81234.0
988200;102479.0;20445.0;82034.0
988300;102119.0;20445.0;81674.0
988400;101679.0;20445.0;81234.0
988500;101639.0;20365.0;81274.0
988600;101839.0;20525.0;81314.0
988700;102335.0;20901.0;81434.0
988800;101295.0;20541.0;80754.0
988900;101764.0;20450.0;81314.0
989000;102359.0;20485.0;81874.0
989100;101799.0;20485.0;81314.0
989200;101799.0;20485.0;81314.0
989300;101869.0;20555.0;81314.0
989400;101799.0;20485.0;81314.0
989500;101839.0;20485.0;81354.0
989600;101879.0;20485.0;81394.0
989700;101879.0;20485.0;81394.0
989800;101654.0;20380.0;81274.0
989900;102439.0;21045.0;81394.0
990000;101949.0;20555.0;81394.0
990100;102649.0;20695.0;81954.0
990200;101809.0;20415.0;81394.0
990300;101809.0;20415.0;81394.0
990400;101574.0;20180.0;81394.0
990500;101764.0;20330.0;81434.0
990600;101804.0;20330.0;81474.0
990700;101804.0;20330.0;81474.0
990800;101804.0;20330.0;81474.0
990900;101804.0;20330.0;81474.0
991000;101729.0;20255.0;81474.0
991100;101729.0;20255.0;81474.0
991200;101729.0;20255.0;81474.0
991300;101616.5;20142.5;81474.0
991400;101952.0;20318.0;81634.0
991500;101733.0;20219.0;81514.0
991600;101971.0;20417.0;81554.0
991700;101959.0;20285.0;81674.0
991800;101872.0;20318.0;81554.0
991900;102498.0;20384.0;82114.0
992000;101992.0;20318.0;81674.0
992100;101872.0;20318.0;81554.0
992200;101806.0;20252.0;81554.0
992300;101938.0;20384.0;81554.0
992400;102037.0;20483.0;81554.0
992500;101978.0;20384.0;81594.0
992600;102545.0;20351.0;82194.0
992700;102051.0;20417.0;81634.0
992800;101952.0;20318.0;81634.0
992900;102072.0;20318.0;81754.0
993000;101218.0;20384.0;80834.0
993100;101997.0;20483.0;81514.0
993200;101821.0;20747.0;81074.0
993300;102213.0;20419.0;81794.0
993400;102083.5;20449.5;81634.0
993500;101933.0;20419.0;81514.0
993600;102194.0;20480.0;81714.0
993700;102314.0;20480.0;81834.0
993800;102194.0;20480.0;81714.0
993900;102194.0;20480.0;81714.0
994000;102165.5;20571.5;81594.0
994100;101704.0;19870.0;81834.0
994200;102255.0;20541.0;81714.0
994300;102255.0;20541.0;81714.0
994400;102255.0;20541.0;81714.0
994500;102363.5;20449.5;81914.0
994600;102394.0;20480.0;81914.0
994700;102335.0;20541.0;81794.0
994800;102274.0;20480.0;81794.0
994900;102274.0;20480.0;81794.0
995000;102274.0;20480.0;81794.0
995100;102333.0;20419.0;81914.0
995200;102316.0;20522.0;81794.0
995300;102316.0;20522.0;81794.0
995400;102156.0;20522.0;81634.0
995500;102356.0;20522.0;81834.0
995600;102516.0;20522.0;81994.0
995700;102396.0;20522.0;81874.0
995800;102396.0;20522.0;81874.0
995900;102516.0;20522.0;81994.0
996000;101903.0;20589.0;81314.0
996100;102396.0;20522.0;81874.0
996200;102396.0;20522.0;81874.0
996300;101802.5;20488.5;81314.0
996400;101663.0;20589.0;81074.0
996500;102596.0;20522.0;82074.0
996600;102543.0;20589.0;81954.0
996700;102007.0;20053.0;81954.0
996800;101447.0;20053.0;81394.0
996900;102442.5;20488.5;81954.0
997000;102322.5;20488.5;81834.0
997100;102442.5;20488.5;81954.0
997200;102543.0;20589.0;81954.0
997300;102610.0;20656.0;81954.0
997400;102904.0;20790.0;82114.0
997500;102516.0;20522.0;81994.0
997600;103423.0;20589.0;82834.0
997700;102455.5;20421.5;82034.0
997800;101996.0;20522.0;81474.0
997900;102556.0;20522.0;82034.0
998000;102436.0;20522.0;81914.0
998100;102522.5;20488.5;82034.0
998200;102503.0;20589.0;81914.0
998300;102522.5;20488.5;82034.0
998400;102690.0;20656.0;82034.0
998500;102756.0;20522.0;82234.0
998600;102476.0;20522.0;81954.0
998700;102569.0;20455.0;82114.0
998800;102375.5;20261.5;82114.0
998900;102624.0;20510.0;82114.0
999000;102815.0;20581.0;82234.0
999100;102695.0;20581.0;82114.0
999200;102695.0;20581.0;82114.0
999300;102801.5;20687.5;82114.0
999400;102806.0;20652.0;82154.0
999500;102664.0;20510.0;82154.0
999600;102704.0;20510.0;82194.0
999700;103272.0;21078.0;82194.0
999800;102704.0;20510.0;82194.0
999900;102704.0;20510.0;82194.0
